health_region_code,band,person_years,deaths
11001,0,52847,0
11001,1,54873,0
11001,2,55354,2
11001,3,57304,9
11001,4,58631,8
11001,5,56189,7
11001,6,54554,4
11001,7,55825,7
11001,8,54499,2
11001,9,48649,5
11001,10,41703,5
11001,11,35707,4
11001,12,28683,3
11001,13,21127,4
11001,14,14645,5
11001,15,9304,0
11001,16,8806,2
11002,0,37771,0
11002,1,38861,0
11002,2,39600,0
11002,3,41647,2
11002,4,45687,6
11002,5,44593,3
11002,6,43559,6
11002,7,43741,11
11002,8,42389,9
11002,9,37778,3
11002,10,33499,0
11002,11,29523,4
11002,12,24677,1
11002,13,18389,5
11002,14,12613,1
11002,15,8331,2
11002,16,8771,0
11003,0,73727,0
11003,1,76631,0
11003,2,77245,0
11003,3,80154,7
11003,4,82495,17
11003,5,81768,14
11003,6,81207,14
11003,7,83630,13
11003,8,82754,12
11003,9,73855,6
11003,10,65926,6
11003,11,58641,7
11003,12,48584,7
11003,13,37000,0
11003,14,26290,2
11003,15,17244,0
11003,16,18410,0
11004,0,136591,0
11004,1,148280,0
11004,2,151013,2
11004,3,150573,14
11004,4,159295,24
11004,5,155339,19
11004,6,150742,20
11004,7,152696,14
11004,8,142718,20
11004,9,120575,8
11004,10,101798,4
11004,11,87842,4
11004,12,70244,5
11004,13,49807,4
11004,14,32258,1
11004,15,19485,1
11004,16,19065,1
11005,0,28999,0
11005,1,29706,0
11005,2,29979,1
11005,3,30910,4
11005,4,31692,4
11005,5,31790,5
11005,6,32182,7
11005,7,31868,6
11005,8,31152,4
11005,9,29051,1
11005,10,26508,1
11005,11,23278,7
11005,12,19173,3
11005,13,14518,3
11005,14,10224,2
11005,15,6760,0
11005,16,6954,0
11006,0,37121,0
11006,1,37507,0
11006,2,36859,0
11006,3,37879,4
11006,4,39683,7
11006,5,40063,4
11006,6,40897,4
11006,7,40889,5
11006,8,38539,10
11006,9,33982,6
11006,10,29875,3
11006,11,26031,1
11006,12,20976,0
11006,13,15297,1
11006,14,10612,0
11006,15,6948,0
11006,16,6992,4
11007,0,10396,0
11007,1,10850,0
11007,2,11000,0
11007,3,11196,2
11007,4,10669,1
11007,5,10329,2
11007,6,10269,1
11007,7,10068,2
11007,8,9555,1
11007,9,8811,3
11007,10,7558,1
11007,11,6715,1
11007,12,5349,1
11007,13,3753,0
11007,14,2485,0
11007,15,1605,1
11007,16,1617,0
12001,0,20141,0
12001,1,20273,0
12001,2,19696,2
12001,3,20614,2
12001,4,20281,3
12001,5,19255,2
12001,6,17404,3
12001,7,16036,1
12001,8,14976,2
12001,9,12960,2
12001,10,10890,0
12001,11,9095,2
12001,12,7211,0
12001,13,5410,0
12001,14,3820,0
12001,15,2501,0
12001,16,2658,0
12002,0,130829,0
12002,1,139787,0
12002,2,139890,2
12002,3,152326,21
12002,4,155307,20
12002,5,144808,34
12002,6,130944,29
12002,7,128533,30
12002,8,123207,26
12002,9,103441,18
12002,10,84148,5
12002,11,69304,11
12002,12,55250,7
12002,13,42310,5
12002,14,29822,3
12002,15,19156,2
12002,16,19637,0
12003,0,73430,0
12003,1,72860,0
12003,2,75691,1
12003,3,82154,11
12003,4,77279,13
12003,5,63861,16
12003,6,52751,12
12003,7,50154,8
12003,8,46909,2
12003,9,37290,6
12003,10,28175,5
12003,11,22025,2
12003,12,17569,1
12003,13,13170,1
12003,14,9751,2
12003,15,6959,0
12003,16,7831,0
13001,0,602303,0
13001,1,658610,0
13001,2,658104,12
13001,3,656489,70
13001,4,689122,90
13001,5,696185,71
13001,6,634462,71
13001,7,625763,54
13001,8,604199,43
13001,9,512805,28
13001,10,410209,19
13001,11,332568,17
13001,12,265987,14
13001,13,195895,6
13001,14,130732,7
13001,15,79887,1
13001,16,79637,4
13002,0,85793,0
13002,1,87867,0
13002,2,89468,1
13002,3,89963,7
13002,4,81308,13
13002,5,72212,7
13002,6,64090,4
13002,7,60082,0
13002,8,55226,4
13002,9,45601,6
13002,10,35021,1
13002,11,28628,1
13002,12,23358,0
13002,13,18062,0
13002,14,12279,0
13002,15,8093,0
13002,16,8933,0
13003,0,59962,0
13003,1,59482,0
13003,2,57606,0
13003,3,57925,4
13003,4,56361,4
13003,5,52946,8
13003,6,47989,5
13003,7,43011,3
13003,8,38199,4
13003,9,30751,0
13003,10,24511,1
13003,11,19848,1
13003,12,16357,0
13003,13,12684,1
13003,14,8826,2
13003,15,6006,0
13003,16,6603,0
13004,0,50424,0
13004,1,54392,0
13004,2,55862,3
13004,3,55620,2
13004,4,52301,3
13004,5,48117,2
13004,6,42952,4
13004,7,41506,3
13004,8,38999,6
13004,9,32769,0
13004,10,25558,2
13004,11,20700,0
13004,12,17657,0
13004,13,13645,1
13004,14,9090,0
13004,15,5935,1
13004,16,6039,0
13005,0,75793,0
13005,1,76469,1
13005,2,76262,4
13005,3,75893,17
13005,4,68846,24
13005,5,61186,13
13005,6,53400,5
13005,7,49639,4
13005,8,44781,5
13005,9,37084,7
13005,10,29155,4
13005,11,24459,1
13005,12,20775,1
13005,13,16641,2
13005,14,11702,0
13005,15,7784,1
13005,16,9943,0
13006,0,42321,0
13006,1,42265,0
13006,2,42747,0
13006,3,43807,4
13006,4,41936,3
13006,5,37821,4
13006,6,33365,4
13006,7,30821,2
13006,8,27954,0
13006,9,22363,4
13006,10,17734,1
13006,11,14790,0
13006,12,11747,0
13006,13,8775,0
13006,14,5949,0
13006,15,4003,0
13006,16,4413,0
13007,0,44074,0
13007,1,44954,0
13007,2,43845,4
13007,3,43704,8
13007,4,40117,9
13007,5,35521,11
13007,6,29930,5
13007,7,27257,7
13007,8,24227,4
13007,9,18756,2
13007,10,14131,1
13007,11,11637,1
13007,12,8973,2
13007,13,6621,0
13007,14,4582,0
13007,15,3286,0
13007,16,3749,0
13008,0,51188,0
13008,1,48010,0
13008,2,47030,2
13008,3,48231,6
13008,4,44488,7
13008,5,38404,9
13008,6,31917,2
13008,7,28819,7
13008,8,25322,4
13008,9,20147,1
13008,10,15232,1
13008,11,11817,0
13008,12,9278,0
13008,13,7027,0
13008,14,4842,0
13008,15,3354,0
13008,16,3855,0
13009,0,103563,0
13009,1,102562,0
13009,2,97896,17
13009,3,89744,42
13009,4,79659,36
13009,5,69211,20
13009,6,59092,16
13009,7,51896,7
13009,8,43684,8
13009,9,34886,5
13009,10,27489,3
13009,11,21871,2
13009,12,17192,2
13009,13,12703,0
13009,14,9077,0
13009,15,6542,1
13009,16,7982,1
14001,0,183266,0
14001,1,174245,0
14001,2,159643,11
14001,3,157105,26
14001,4,164294,30
14001,5,163377,24
14001,6,148827,14
14001,7,138125,19
14001,8,123711,12
14001,9,99651,2
14001,10,78867,11
14001,11,63931,5
14001,12,49583,5
14001,13,36044,4
14001,14,24421,3
14001,15,14613,2
14001,16,14120,2
14002,0,29278,0
14002,1,28256,0
14002,2,26837,1
14002,3,25671,1
14002,4,24365,3
14002,5,23433,1
14002,6,22256,2
14002,7,21995,7
14002,8,20063,1
14002,9,16338,2
14002,10,13569,0
14002,11,11850,0
14002,12,9665,0
14002,13,7279,1
14002,14,5113,0
14002,15,3034,0
14002,16,2642,0
15001,0,115854,0
15001,1,118892,0
15001,2,120334,5
15001,3,124881,15
15001,4,125240,26
15001,5,121886,21
15001,6,115056,15
15001,7,113895,14
15001,8,105673,18
15001,9,89516,7
15001,10,74262,3
15001,11,62986,4
15001,12,49227,7
15001,13,37322,5
15001,14,26040,2
15001,15,16473,2
15001,16,16170,3
15002,0,219883,0
15002,1,226319,0
15002,2,232949,5
15002,3,248977,29
15002,4,232588,34
15002,5,214166,23
15002,6,193924,17
15002,7,187569,24
15002,8,174248,15
15002,9,146313,15
15002,10,117564,11
15002,11,98130,8
15002,12,81014,9
15002,13,64208,5
15002,14,45775,6
15002,15,31419,5
15002,16,34505,5
15003,0,246483,0
15003,1,254182,0
15003,2,256389,4
15003,3,275062,22
15003,4,275027,38
15003,5,265417,22
15003,6,262167,24
15003,7,267227,26
15003,8,235182,18
15003,9,177434,11
15003,10,136152,7
15003,11,111965,9
15003,12,88982,5
15003,13,63291,6
15003,14,42722,5
15003,15,27094,6
15003,16,27435,5
15004,0,65633,0
15004,1,70670,0
15004,2,74636,3
15004,3,79907,3
15004,4,73822,12
15004,5,66493,1
15004,6,62732,5
15004,7,63219,6
15004,8,60058,6
15004,9,50242,2
15004,10,40892,8
15004,11,34824,3
15004,12,28766,2
15004,13,22562,2
15004,14,15703,3
15004,15,10100,1
15004,16,10302,0
15006,0,350137,0
15006,1,399321,0
15006,2,426914,4
15006,3,481249,31
15006,4,524690,36
15006,5,523170,30
15006,6,498245,28
15006,7,510843,34
15006,8,518682,30
15006,9,465984,13
15006,10,407629,19
15006,11,349070,12
15006,12,292467,14
15006,13,229288,7
15006,14,163883,8
15006,15,107522,1
15006,16,117050,9
15007,0,87884,0
15007,1,92544,0
15007,2,96753,1
15007,3,103493,7
15007,4,100541,8
15007,5,99066,13
15007,6,94280,4
15007,7,89740,3
15007,8,81952,4
15007,9,67844,2
15007,10,56101,0
15007,11,45278,3
15007,12,36187,2
15007,13,29196,2
15007,14,21579,1
15007,15,15016,0
15007,16,16513,0
15008,0,197290,0
15008,1,209727,0
15008,2,222511,2
15008,3,244736,14
15008,4,236763,14
15008,5,225609,19
15008,6,216779,19
15008,7,212987,19
15008,8,197536,10
15008,9,167051,9
15008,10,138172,12
15008,11,113817,6
15008,12,92095,7
15008,13,72298,5
15008,14,51963,8
15008,15,35343,2
15008,16,37889,2
15009,0,119699,0
15009,1,129121,0
15009,2,141363,4
15009,3,153621,7
15009,4,139733,12
15009,5,129953,6
15009,6,125454,14
15009,7,125586,8
15009,8,116635,8
15009,9,98800,3
15009,10,81188,8
15009,11,68619,4
15009,12,57345,0
15009,13,46170,0
15009,14,33278,1
15009,15,23073,0
15009,16,25383,0
15010,0,73416,0
15010,1,74325,0
15010,2,69977,3
15010,3,72707,13
15010,4,74368,14
15010,5,71163,12
15010,6,64423,7
15010,7,59969,8
15010,8,53000,4
15010,9,42701,5
15010,10,35568,2
15010,11,30306,3
15010,12,24754,3
15010,13,18650,1
15010,14,12467,1
15010,15,7624,0
15010,16,7035,0
15011,0,203529,0
15011,1,212169,1
15011,2,220976,7
15011,3,242185,12
15011,4,240997,22
15011,5,228293,25
15011,6,209354,13
15011,7,195929,8
15011,8,174328,8
15011,9,143058,8
15011,10,114023,7
15011,11,89459,3
15011,12,69934,5
15011,13,55012,3
15011,14,39212,3
15011,15,26579,1
15011,16,29856,1
15012,0,103448,0
15012,1,107477,0
15012,2,106316,3
15012,3,110605,10
15012,4,107330,14
15012,5,101768,12
15012,6,95732,6
15012,7,92745,5
15012,8,85236,4
15012,9,69780,4
15012,10,55819,6
15012,11,46042,3
15012,12,35699,2
15012,13,26269,1
15012,14,17915,0
15012,15,11526,2
15012,16,11930,2
15013,0,65076,0
15013,1,67313,0
15013,2,69494,0
15013,3,73467,4
15013,4,69519,5
15013,5,64339,4
15013,6,58432,1
15013,7,54272,1
15013,8,48057,6
15013,9,39949,2
15013,10,32660,1
15013,11,26262,0
15013,12,21524,1
15013,13,17071,1
15013,14,11788,1
15013,15,8020,1
15013,16,9092,1
15014,0,117911,0
15014,1,113095,0
15014,2,112306,3
15014,3,118139,16
15014,4,108197,13
15014,5,90719,9
15014,6,74038,7
15014,7,65443,3
15014,8,56218,1
15014,9,44782,4
15014,10,33960,5
15014,11,25557,1
15014,12,20931,0
15014,13,16440,0
15014,14,11953,0
15014,15,8282,0
15014,16,9454,0
16001,0,140908,0
16001,1,147855,0
16001,2,141773,7
16001,3,143001,23
16001,4,149541,27
16001,5,145573,26
16001,6,132726,17
16001,7,127128,16
16001,8,116583,16
16001,9,98129,4
16001,10,79767,4
16001,11,62120,5
16001,12,47273,4
16001,13,34644,5
16001,14,22747,1
16001,15,14469,1
16001,16,15273,1
16002,0,22310,0
16002,1,22161,0
16002,2,20998,1
16002,3,19790,1
16002,4,18230,5
16002,5,16341,5
16002,6,15046,4
16002,7,14009,2
16002,8,12426,0
16002,9,10577,0
16002,10,8775,1
16002,11,7286,2
16002,12,5465,0
16002,13,3750,1
16002,14,2476,0
16002,15,1458,1
16002,16,1299,0
16003,0,52833,0
16003,1,54938,0
16003,2,53027,3
16003,3,54835,4
16003,4,55245,6
16003,5,50303,5
16003,6,45060,5
16003,7,42065,4
16003,8,38641,0
16003,9,32899,6
16003,10,26579,2
16003,11,20935,1
16003,12,16350,0
16003,13,12255,1
16003,14,8128,1
16003,15,5444,0
16003,16,5974,1
17001,0,67531,0
17001,1,69763,0
17001,2,68820,1
17001,3,70781,6
17001,4,72652,13
17001,5,72230,12
17001,6,68418,5
17001,7,67566,12
17001,8,64393,7
17001,9,55173,5
17001,10,46480,9
17001,11,40399,5
17001,12,32355,6
17001,13,24851,1
17001,14,18931,2
17001,15,13141,0
17001,16,15142,3
17002,0,48240,0
17002,1,51239,0
17002,2,52415,0
17002,3,54151,7
17002,4,49346,5
17002,5,45365,3
17002,6,45011,9
17002,7,45749,5
17002,8,43550,2
17002,9,35892,4
17002,10,30336,0
17002,11,27568,1
17002,12,23724,0
17002,13,19216,1
17002,14,14745,1
17002,15,10341,2
17002,16,12128,0
17003,0,18995,0
17003,1,20475,0
17003,2,21369,0
17003,3,21433,1
17003,4,19621,3
17003,5,19489,2
17003,6,19035,2
17003,7,20297,8
17003,8,19917,3
17003,9,17753,8
17003,10,15624,3
17003,11,14000,3
17003,12,12027,1
17003,13,10046,2
17003,14,7359,1
17003,15,5303,0
17003,16,6564,2
17004,0,34183,0
17004,1,36033,0
17004,2,36225,4
17004,3,37219,5
17004,4,36193,7
17004,5,35490,7
17004,6,34375,11
17004,7,35229,1
17004,8,34784,5
17004,9,31426,4
17004,10,27465,3
17004,11,24062,0
17004,12,19616,2
17004,13,15338,2
17004,14,11936,3
17004,15,8205,1
17004,16,9310,4
17005,0,37232,0
17005,1,39360,0
17005,2,39209,0
17005,3,40335,5
17005,4,41299,7
17005,5,42187,8
17005,6,41343,5
17005,7,42462,7
17005,8,43009,12
17005,9,39232,5
17005,10,34024,4
17005,11,29837,2
17005,12,24718,2
17005,13,19524,2
17005,14,15165,2
17005,15,10377,2
17005,16,11426,3
17006,0,89781,0
17006,1,91724,0
17006,2,89119,0
17006,3,93422,14
17006,4,105815,18
17006,5,111129,15
17006,6,103069,17
17006,7,99620,17
17006,8,94000,7
17006,9,78183,12
17006,10,61858,7
17006,11,49526,7
17006,12,38471,2
17006,13,27897,3
17006,14,19458,4
17006,15,12787,1
17006,16,13780,2
17007,0,29604,0
17007,1,30796,0
17007,2,30069,1
17007,3,30302,6
17007,4,29675,6
17007,5,29614,12
17007,6,29287,3
17007,7,30052,3
17007,8,29612,5
17007,9,26334,2
17007,10,23275,2
17007,11,20643,2
17007,12,17038,4
17007,13,13006,0
17007,14,9726,1
17007,15,6504,1
17007,16,7364,0
17008,0,27839,0
17008,1,29553,0
17008,2,29539,1
17008,3,28399,6
17008,4,26027,1
17008,5,27300,8
17008,6,28386,2
17008,7,28807,2
17008,8,26984,2
17008,9,23436,4
17008,10,20489,6
17008,11,18260,5
17008,12,15127,1
17008,13,11878,2
17008,14,8915,0
17008,15,6208,2
17008,16,7649,2
21001,0,64536,0
21001,1,68092,0
21001,2,72100,2
21001,3,77757,3
21001,4,69553,15
21001,5,63199,3
21001,6,60936,9
21001,7,62962,7
21001,8,58718,3
21001,9,47129,2
21001,10,38346,5
21001,11,34081,5
21001,12,27874,2
21001,13,22008,5
21001,14,16816,3
21001,15,11518,2
21001,16,11315,1
21002,0,58437,0
21002,1,61761,0
21002,2,66808,0
21002,3,74566,9
21002,4,68826,10
21002,5,60687,9
21002,6,57390,6
21002,7,60332,9
21002,8,58254,6
21002,9,47579,4
21002,10,40068,0
21002,11,35619,4
21002,12,29702,2
21002,13,24029,2
21002,14,18853,1
21002,15,13054,1
21002,16,14308,2
21003,0,55881,0
21003,1,58435,0
21003,2,62010,1
21003,3,67490,4
21003,4,65656,16
21003,5,62680,5
21003,6,58537,13
21003,7,56137,6
21003,8,49688,5
21003,9,39873,5
21003,10,33048,4
21003,11,29278,3
21003,12,24055,1
21003,13,18843,1
21003,14,14421,1
21003,15,10304,1
21003,16,11053,0
21004,0,62907,0
21004,1,64652,0
21004,2,66979,0
21004,3,69207,8
21004,4,60959,9
21004,5,55229,9
21004,6,51160,5
21004,7,51145,3
21004,8,46072,3
21004,9,36816,3
21004,10,30442,3
21004,11,27127,1
21004,12,21974,0
21004,13,17222,0
21004,14,13865,0
21004,15,10522,2
21004,16,11575,1
21005,0,67169,0
21005,1,71228,0
21005,2,79770,1
21005,3,86649,11
21005,4,75794,13
21005,5,66718,4
21005,6,64399,5
21005,7,65449,9
21005,8,60959,5
21005,9,49722,11
21005,10,42429,3
21005,11,39736,7
21005,12,34227,6
21005,13,27835,4
21005,14,21763,3
21005,15,15217,2
21005,16,17429,0
21006,0,85419,0
21006,1,88612,0
21006,2,99304,1
21006,3,108631,2
21006,4,94501,3
21006,5,84434,8
21006,6,82259,3
21006,7,83257,4
21006,8,74262,6
21006,9,59801,3
21006,10,49687,1
21006,11,45092,1
21006,12,37463,0
21006,13,31063,2
21006,14,25255,3
21006,15,18140,0
21006,16,20984,1
21007,0,66590,0
21007,1,71906,0
21007,2,79963,2
21007,3,84502,1
21007,4,74091,5
21007,5,65922,6
21007,6,64462,6
21007,7,65315,6
21007,8,59726,4
21007,9,48559,6
21007,10,42226,2
21007,11,40357,2
21007,12,35345,2
21007,13,28114,5
21007,14,21845,2
21007,15,15479,0
21007,16,17289,1
21008,0,124049,0
21008,1,131240,0
21008,2,135763,4
21008,3,145230,12
21008,4,145252,18
21008,5,138390,11
21008,6,132635,14
21008,7,133399,8
21008,8,124149,2
21008,9,102380,16
21008,10,85629,4
21008,11,73993,14
21008,12,59569,7
21008,13,47248,7
21008,14,37021,4
21008,15,26175,2
21008,16,28185,4
21009,0,84817,0
21009,1,93078,1
21009,2,102339,1
21009,3,109568,5
21009,4,100246,6
21009,5,89838,9
21009,6,86761,4
21009,7,86398,8
21009,8,75622,7
21009,9,58789,0
21009,10,49379,2
21009,11,43721,1
21009,12,36873,1
21009,13,29500,3
21009,14,22676,1
21009,15,15457,1
21009,16,18104,0
21010,0,45565,0
21010,1,48076,0
21010,2,52376,0
21010,3,57600,0
21010,4,52216,2
21010,5,47835,2
21010,6,46695,6
21010,7,49198,3
21010,8,46791,8
21010,9,39002,1
21010,10,33276,2
21010,11,30703,3
21010,12,26368,2
21010,13,20827,0
21010,14,16611,1
21010,15,12414,1
21010,16,13607,0
21011,0,91546,0
21011,1,98594,1
21011,2,106629,1
21011,3,112332,0
21011,4,102381,3
21011,5,92979,6
21011,6,91096,5
21011,7,93732,4
21011,8,84963,4
21011,9,69399,3
21011,10,59039,3
21011,11,51638,1
21011,12,44491,3
21011,13,36094,4
21011,14,27453,1
21011,15,20050,1
21011,16,24075,4
21012,0,63288,0
21012,1,67457,0
21012,2,72850,0
21012,3,76159,0
21012,4,69277,5
21012,5,64879,11
21012,6,61855,9
21012,7,63296,4
21012,8,60431,4
21012,9,50371,7
21012,10,42723,3
21012,11,38952,3
21012,12,33266,4
21012,13,26891,5
21012,14,22142,1
21012,15,16169,1
21012,16,17366,2
21013,0,71419,0
21013,1,76023,0
21013,2,84160,2
21013,3,90937,0
21013,4,79227,5
21013,5,72207,3
21013,6,69130,4
21013,7,68232,5
21013,8,61477,3
21013,9,48128,4
21013,10,39283,4
21013,11,33377,1
21013,12,27785,3
21013,13,22201,1
21013,14,17069,0
21013,15,11780,0
21013,16,14178,0
21014,0,84653,0
21014,1,90464,0
21014,2,100378,0
21014,3,107292,4
21014,4,93570,6
21014,5,81950,8
21014,6,77173,4
21014,7,80714,3
21014,8,76235,5
21014,9,61010,2
21014,10,49771,3
21014,11,43372,4
21014,12,37146,4
21014,13,30958,4
21014,14,24421,3
21014,15,17064,1
21014,16,18929,1
21015,0,52873,0
21015,1,57223,0
21015,2,61582,0
21015,3,64871,4
21015,4,59575,6
21015,5,56448,10
21015,6,53398,11
21015,7,52813,5
21015,8,49236,5
21015,9,41477,6
21015,10,35443,3
21015,11,33789,6
21015,12,29244,2
21015,13,23390,6
21015,14,18536,2
21015,15,13377,2
21015,16,15475,2
21016,0,290748,0
21016,1,314305,0
21016,2,323621,7
21016,3,353230,14
21016,4,394939,30
21016,5,411069,26
21016,6,402011,28
21016,7,410170,23
21016,8,380163,26
21016,9,305858,19
21016,10,262598,15
21016,11,222909,19
21016,12,179595,13
21016,13,136695,8
21016,14,95454,7
21016,15,62776,2
21016,16,68348,4
21017,0,61100,0
21017,1,62177,0
21017,2,63876,0
21017,3,67489,6
21017,4,65875,4
21017,5,61614,6
21017,6,60648,10
21017,7,62243,7
21017,8,58043,9
21017,9,47111,6
21017,10,38722,3
21017,11,34543,4
21017,12,28170,5
21017,13,22663,5
21017,14,17453,1
21017,15,11886,2
21017,16,13325,1
21018,0,61548,0
21018,1,68093,0
21018,2,69297,2
21018,3,71595,0
21018,4,63727,3
21018,5,58994,4
21018,6,58320,2
21018,7,61531,6
21018,8,57808,4
21018,9,46967,6
21018,10,38997,3
21018,11,34102,2
21018,12,29473,2
21018,13,24070,1
21018,14,18580,0
21018,15,13277,1
21018,16,16239,1
21019,0,69072,0
21019,1,71922,0
21019,2,76197,4
21019,3,79699,8
21019,4,71327,13
21019,5,64393,5
21019,6,61941,2
21019,7,62199,7
21019,8,55671,6
21019,9,43089,3
21019,10,35700,5
21019,11,31987,2
21019,12,26812,2
21019,13,21307,0
21019,14,16604,0
21019,15,11987,1
21019,16,12567,1
22001,0,29153,0
22001,1,31714,0
22001,2,34522,0
22001,3,38538,5
22001,4,37231,10
22001,5,34136,6
22001,6,34132,2
22001,7,37083,8
22001,8,37030,12
22001,9,32895,3
22001,10,29520,4
22001,11,27506,5
22001,12,23856,2
22001,13,19735,3
22001,14,16152,1
22001,15,11696,4
22001,16,14733,3
22002,0,44590,0
22002,1,44755,0
22002,2,47326,1
22002,3,51751,5
22002,4,47207,5
22002,5,42623,13
22002,6,41356,5
22002,7,43098,1
22002,8,41252,5
22002,9,34535,4
22002,10,28449,8
22002,11,26641,3
22002,12,22593,3
22002,13,18438,3
22002,14,14342,3
22002,15,10380,2
22002,16,12303,3
22003,0,84047,0
22003,1,90244,0
22003,2,94711,1
22003,3,103307,12
22003,4,99797,15
22003,5,93623,14
22003,6,94827,20
22003,7,97845,19
22003,8,89286,9
22003,9,75362,7
22003,10,64646,10
22003,11,61066,15
22003,12,52357,4
22003,13,42756,1
22003,14,34281,7
22003,15,24693,0
22003,16,30611,3
22004,0,253120,0
22004,1,266717,0
22004,2,269557,3
22004,3,293849,12
22004,4,314610,30
22004,5,304060,47
22004,6,305025,43
22004,7,319928,30
22004,8,305190,29
22004,9,254883,29
22004,10,218079,37
22004,11,201367,26
22004,12,170194,17
22004,13,134161,13
22004,14,101096,10
22004,15,68732,14
22004,16,80716,12
22005,0,62023,0
22005,1,63108,0
22005,2,64921,0
22005,3,72868,3
22005,4,74702,6
22005,5,72473,10
22005,6,71542,11
22005,7,73096,9
22005,8,68892,4
22005,9,58380,1
22005,10,50290,8
22005,11,45868,6
22005,12,36135,4
22005,13,28561,5
22005,14,22836,2
22005,15,16171,3
22005,16,19033,3
22006,0,33708,0
22006,1,34746,0
22006,2,35947,0
22006,3,39343,3
22006,4,38946,10
22006,5,36895,2
22006,6,36127,5
22006,7,37173,8
22006,8,36343,3
22006,9,31430,6
22006,10,27076,5
22006,11,25071,2
22006,12,20740,3
22006,13,15527,4
22006,14,12631,4
22006,15,10003,2
22006,16,11772,3
22007,0,13320,0
22007,1,13552,0
22007,2,13414,0
22007,3,14401,0
22007,4,13767,0
22007,5,13411,3
22007,6,13023,2
22007,7,12848,1
22007,8,11205,1
22007,9,8756,0
22007,10,7478,1
22007,11,6996,2
22007,12,5696,0
22007,13,4570,2
22007,14,3378,2
22007,15,2468,0
22007,16,2766,0
22008,0,20475,0
22008,1,21661,0
22008,2,23616,2
22008,3,26460,2
22008,4,25246,3
22008,5,23210,3
22008,6,23144,4
22008,7,24733,6
22008,8,24561,5
22008,9,22373,4
22008,10,19631,2
22008,11,18396,7
22008,12,15613,1
22008,13,12356,2
22008,14,9966,3
22008,15,7578,3
22008,16,9006,2
22009,0,43288,0
22009,1,45395,0
22009,2,48663,2
22009,3,54546,2
22009,4,55998,14
22009,5,55025,15
22009,6,55409,6
22009,7,56011,18
22009,8,55353,10
22009,9,50390,16
22009,10,46103,8
22009,11,44209,5
22009,12,36168,6
22009,13,26931,7
22009,14,22239,2
22009,15,16823,8
22009,16,18892,3
22010,0,17635,0
22010,1,19658,0
22010,2,21784,1
22010,3,24197,3
22010,4,22316,3
22010,5,19962,6
22010,6,20045,5
22010,7,23237,3
22010,8,23930,5
22010,9,21884,7
22010,10,19666,2
22010,11,19026,1
22010,12,16662,1
22010,13,13375,5
22010,14,11383,1
22010,15,8429,2
22010,16,11053,1
22011,0,39722,0
22011,1,41980,0
22011,2,45529,1
22011,3,50146,1
22011,4,47905,6
22011,5,45182,10
22011,6,44800,8
22011,7,48434,7
22011,8,47436,7
22011,9,41958,7
22011,10,37159,6
22011,11,35162,7
22011,12,30286,8
22011,13,24621,6
22011,14,19637,0
22011,15,14891,2
22011,16,18693,6
22012,0,26005,0
22012,1,27216,0
22012,2,28930,0
22012,3,32162,3
22012,4,31290,10
22012,5,29030,5
22012,6,29100,13
22012,7,29186,4
22012,8,29056,4
22012,9,26097,5
22012,10,22343,2
22012,11,20403,4
22012,12,16860,6
22012,13,12941,2
22012,14,10777,3
22012,15,8657,2
22012,16,9826,1
23001,0,906208,0
23001,1,994496,0
23001,2,986761,10
23001,3,1035702,51
23001,4,1128883,73
23001,5,1224284,119
23001,6,1221778,93
23001,7,1201679,132
23001,8,1113566,108
23001,9,947529,91
23001,10,851022,78
23001,11,776378,65
23001,12,627846,44
23001,13,465893,41
23001,14,352059,41
23001,15,247290,13
23001,16,296889,17
23011,0,364071,0
23011,1,376151,0
23011,2,378506,4
23011,3,406201,35
23011,4,420215,53
23011,5,425716,68
23011,6,411008,38
23011,7,394846,70
23011,8,363343,50
23011,9,316025,43
23011,10,278075,34
23011,11,257418,41
23011,12,210287,32
23011,13,161978,12
23011,14,135357,14
23011,15,100663,17
23011,16,125535,12
23023,0,301860,0
23023,1,317042,0
23023,2,326248,9
23023,3,346126,22
23023,4,358593,39
23023,5,359451,49
23023,6,354348,48
23023,7,347698,49
23023,8,327143,52
23023,9,285427,42
23023,10,250249,46
23023,11,230772,37
23023,12,196065,27
23023,13,154945,30
23023,14,128986,22
23023,15,99863,22
23023,16,128361,13
23024,0,131583,0
23024,1,135103,0
23024,2,138238,5
23024,3,150426,15
23024,4,152952,17
23024,5,156195,28
23024,6,147425,9
23024,7,138125,25
23024,8,128895,24
23024,9,116368,23
23024,10,109113,16
23024,11,104565,22
23024,12,87714,8
23024,13,69145,10
23024,14,57877,7
23024,15,43384,10
23024,16,58147,6
23025,0,100832,0
23025,1,109149,0
23025,2,110668,1
23025,3,117019,5
23025,4,123023,6
23025,5,129768,22
23025,6,131949,15
23025,7,132116,15
23025,8,123312,22
23025,9,111174,9
23025,10,100827,15
23025,11,93887,20
23025,12,77875,12
23025,13,60411,10
23025,14,49782,7
23025,15,36651,4
23025,16,42750,7
24001,0,83511,0
24001,1,88745,0
24001,2,90286,2
24001,3,94511,5
24001,4,94407,9
24001,5,94581,4
24001,6,93660,9
24001,7,92999,8
24001,8,85141,6
24001,9,74557,5
24001,10,66176,5
24001,11,60162,1
24001,12,48166,3
24001,13,34796,4
24001,14,27902,1
24001,15,21762,4
24001,16,26947,0
24002,0,83898,0
24002,1,93688,0
24002,2,96572,1
24002,3,101781,13
24002,4,107005,13
24002,5,110235,12
24002,6,114115,17
24002,7,118088,19
24002,8,112924,9
24002,9,96488,12
24002,10,87886,9
24002,11,82290,7
24002,12,66425,7
24002,13,46644,7
24002,14,34464,4
24002,15,25000,4
24002,16,30222,2
24003,0,72748,0
24003,1,77947,0
24003,2,81741,1
24003,3,86829,4
24003,4,86247,7
24003,5,83416,8
24003,6,81731,4
24003,7,83007,8
24003,8,76809,7
24003,9,66311,4
24003,10,58087,4
24003,11,52738,6
24003,12,42861,1
24003,13,30864,2
24003,14,24788,2
24003,15,19232,2
24003,16,22856,1
24004,0,51505,0
24004,1,56621,0
24004,2,60432,2
24004,3,64102,5
24004,4,65814,7
24004,5,66774,9
24004,6,69077,6
24004,7,74458,12
24004,8,72002,7
24004,9,62405,17
24004,10,56965,7
24004,11,56499,16
24004,12,47059,8
24004,13,35597,12
24004,14,28999,6
24004,15,22070,5
24004,16,28501,3
24005,0,36856,0
24005,1,39868,0
24005,2,42136,1
24005,3,44712,0
24005,4,44834,7
24005,5,44954,7
24005,6,44658,2
24005,7,44348,4
24005,8,40754,1
24005,9,36033,0
24005,10,32497,2
24005,11,30748,4
24005,12,25973,3
24005,13,19400,4
24005,14,16120,2
24005,15,12998,1
24005,16,16948,1
24006,0,43177,0
24006,1,46729,0
24006,2,51705,1
24006,3,56534,4
24006,4,55733,8
24006,5,54741,13
24006,6,54964,6
24006,7,58351,3
24006,8,56560,4
24006,9,49414,8
24006,10,45126,8
24006,11,44150,3
24006,12,37290,6
24006,13,29196,6
24006,14,24119,4
24006,15,18146,3
24006,16,23274,2
24007,0,242283,0
24007,1,267007,0
24007,2,263959,6
24007,3,271999,16
24007,4,301563,26
24007,5,321175,22
24007,6,326476,25
24007,7,335192,30
24007,8,318716,39
24007,9,270377,22
24007,10,242068,21
24007,11,225868,19
24007,12,189225,9
24007,13,139904,4
24007,14,103972,4
24007,15,74215,4
24007,16,85249,7
24008,0,27685,0
24008,1,30833,0
24008,2,32657,0
24008,3,35545,4
24008,4,35254,1
24008,5,34115,5
24008,6,34941,2
24008,7,37572,1
24008,8,35559,0
24008,9,30338,3
24008,10,27709,3
24008,11,26459,2
24008,12,21156,2
24008,13,14583,2
24008,14,11166,1
24008,15,8607,1
24008,16,10705,0
25001,0,278252,0
25001,1,296065,0
25001,2,292085,3
25001,3,306103,11
25001,4,331266,25
25001,5,330974,33
25001,6,329834,32
25001,7,341569,25
25001,8,333373,21
25001,9,287017,30
25001,10,253746,16
25001,11,230095,28
25001,12,187723,16
25001,13,141092,10
25001,14,106476,11
25001,15,74082,8
25001,16,83642,3
25002,0,60683,0
25002,1,63988,0
25002,2,67190,1
25002,3,71820,4
25002,4,69579,4
25002,5,65221,2
25002,6,65365,3
25002,7,67705,3
25002,8,65161,4
25002,9,58819,5
25002,10,52680,5
25002,11,48346,6
25002,12,39494,0
25002,13,30755,3
25002,14,26288,3
25002,15,20460,3
25002,16,27841,1
25003,0,40937,0
25003,1,43308,0
25003,2,45281,1
25003,3,47397,5
25003,4,45421,6
25003,5,42117,6
25003,6,42003,9
25003,7,43781,5
25003,8,42542,6
25003,9,37185,3
25003,10,33280,7
25003,11,30739,3
25003,12,26016,4
25003,13,20235,1
25003,14,17186,2
25003,15,13577,1
25003,16,18058,2
25004,0,20254,0
25004,1,21372,0
25004,2,23216,0
25004,3,25473,2
25004,4,25204,3
25004,5,23688,4
25004,6,24201,1
25004,7,24547,7
25004,8,22923,2
25004,9,21215,4
25004,10,18578,1
25004,11,17848,1
25004,12,14779,6
25004,13,11891,3
25004,14,10032,3
25004,15,8108,0
25004,16,11472,1
25005,0,21607,0
25005,1,22672,0
25005,2,24149,0
25005,3,25977,1
25005,4,24906,3
25005,5,23556,4
25005,6,23990,3
25005,7,25240,0
25005,8,24398,4
25005,9,22938,3
25005,10,21084,5
25005,11,20607,1
25005,12,17269,1
25005,13,13633,2
25005,14,11342,1
25005,15,8799,1
25005,16,12026,1
25006,0,46699,0
25006,1,48698,0
25006,2,50912,1
25006,3,55922,1
25006,4,55078,5
25006,5,51482,11
25006,6,51642,4
25006,7,54897,11
25006,8,53224,5
25006,9,47141,8
25006,10,40851,5
25006,11,38004,3
25006,12,30861,6
25006,13,24705,2
25006,14,20210,5
25006,15,15029,1
25006,16,19350,2
25007,0,27742,0
25007,1,28976,1
25007,2,31746,1
25007,3,34275,1
25007,4,32544,5
25007,5,31214,5
25007,6,31776,13
25007,7,33354,8
25007,8,32696,5
25007,9,29189,7
25007,10,25215,4
25007,11,23871,3
25007,12,20409,3
25007,13,16345,3
25007,14,13513,4
25007,15,10385,3
25007,16,12243,3
25008,0,21294,0
25008,1,22508,0
25008,2,24056,0
25008,3,26615,4
25008,4,27512,4
25008,5,26532,4
25008,6,26898,4
25008,7,28043,5
25008,8,27261,6
25008,9,23940,3
25008,10,20371,5
25008,11,19947,6
25008,12,16924,4
25008,13,12926,4
25008,14,10148,2
25008,15,7552,0
25008,16,9574,1
25009,0,33141,0
25009,1,34797,0
25009,2,36357,0
25009,3,40533,0
25009,4,41644,9
25009,5,40192,9
25009,6,40484,4
25009,7,42638,12
25009,8,40687,9
25009,9,35087,6
25009,10,30540,5
25009,11,28770,6
25009,12,24004,0
25009,13,20028,3
25009,14,17162,1
25009,15,13180,2
25009,16,16477,1
25010,0,21351,0
25010,1,22570,0
25010,2,24410,0
25010,3,26610,3
25010,4,25779,0
25010,5,23979,3
25010,6,24497,3
25010,7,26715,6
25010,8,27440,5
25010,9,24810,2
25010,10,21202,6
25010,11,20104,3
25010,12,16802,0
25010,13,13555,1
25010,14,11414,0
25010,15,8577,2
25010,16,11455,2
25011,0,15684,0
25011,1,16870,0
25011,2,18917,1
25011,3,20278,0
25011,4,18765,4
25011,5,17326,3
25011,6,17647,3
25011,7,17853,1
25011,8,17346,2
25011,9,15487,3
25011,10,13751,3
25011,11,12697,1
25011,12,10107,1
25011,13,8127,3
25011,14,6807,2
25011,15,5590,2
25011,16,6627,1
25012,0,36903,0
25012,1,39240,0
25012,2,40038,0
25012,3,41680,1
25012,4,41411,2
25012,5,39575,1
25012,6,39563,2
25012,7,40457,3
25012,8,39569,1
25012,9,34892,1
25012,10,31544,2
25012,11,28543,2
25012,12,23320,0
25012,13,18233,1
25012,14,15007,1
25012,15,11649,0
25012,16,15095,0
25013,0,10463,0
25013,1,11719,0
25013,2,12266,0
25013,3,13424,2
25013,4,12999,0
25013,5,12470,2
25013,6,13046,0
25013,7,13890,2
25013,8,13783,1
25013,9,12371,0
25013,10,10888,2
25013,11,10666,2
25013,12,9070,2
25013,13,7220,0
25013,14,6191,1
25013,15,4610,0
25013,16,5883,1
25014,0,36896,0
25014,1,37310,0
25014,2,37407,0
25014,3,38864,2
25014,4,37986,6
25014,5,35753,3
25014,6,34828,2
25014,7,35154,4
25014,8,33489,5
25014,9,29396,3
25014,10,26440,4
25014,11,23871,3
25014,12,18915,1
25014,13,14887,0
25014,14,12413,1
25014,15,9041,0
25014,16,10789,0
25015,0,33224,0
25015,1,34604,0
25015,2,35805,0
25015,3,37288,1
25015,4,36689,6
25015,5,35697,1
25015,6,36207,2
25015,7,35135,6
25015,8,32043,4
25015,9,29175,5
25015,10,26606,1
25015,11,24958,4
25015,12,20794,2
25015,13,16012,1
25015,14,13741,0
25015,15,10620,0
25015,16,13299,1
25016,0,113649,0
25016,1,120004,0
25016,2,121402,2
25016,3,128869,8
25016,4,139478,16
25016,5,138295,17
25016,6,135444,19
25016,7,136928,19
25016,8,130552,15
25016,9,112661,15
25016,10,99520,16
25016,11,92128,12
25016,12,77030,11
25016,13,59283,7
25016,14,46822,4
25016,15,34663,3
25016,16,43777,4
26001,0,38167,0
26001,1,40754,0
26001,2,43727,0
26001,3,45752,1
26001,4,42734,3
26001,5,40964,6
26001,6,42244,4
26001,7,43347,2
26001,8,42101,3
26001,9,37509,3
26001,10,33032,1
26001,11,31443,2
26001,12,26234,1
26001,13,21544,0
26001,14,18017,2
26001,15,13737,1
26001,16,16662,2
26002,0,99613,0
26002,1,103174,0
26002,2,108410,0
26002,3,114727,8
26002,4,109646,12
26002,5,101034,6
26002,6,97481,10
26002,7,98209,4
26002,8,91780,5
26002,9,77410,9
26002,10,65659,4
26002,11,59956,2
26002,12,51156,4
26002,13,39811,4
26002,14,31516,1
26002,15,24162,2
26002,16,27798,0
26003,0,294999,0
26003,1,304494,0
26003,2,308606,1
26003,3,328889,22
26003,4,346905,38
26003,5,344762,24
26003,6,335550,22
26003,7,334909,31
26003,8,312565,26
26003,9,273534,18
26003,10,234794,17
26003,11,206575,25
26003,12,169527,11
26003,13,129521,14
26003,14,101731,9
26003,15,76685,10
26003,16,90605,5
26004,0,120883,0
26004,1,127902,0
26004,2,136284,1
26004,3,142504,10
26004,4,137454,12
26004,5,128065,14
26004,6,124790,9
26004,7,127482,12
26004,8,121791,4
26004,9,106840,7
26004,10,89906,9
26004,11,79926,5
26004,12,67397,5
26004,13,54952,8
26004,14,45363,6
26004,15,34191,1
26004,16,38642,6
26005,0,63613,0
26005,1,68971,0
26005,2,72232,2
26005,3,75536,4
26005,4,74736,8
26005,5,71764,10
26005,6,68840,5
26005,7,71720,3
26005,8,72030,8
26005,9,63892,3
26005,10,55130,3
26005,11,49429,3
26005,12,41379,3
26005,13,32898,1
26005,14,24890,2
26005,15,17394,2
26005,16,20787,3
26006,0,113336,0
26006,1,122707,0
26006,2,129519,0
26006,3,136183,7
26006,4,139078,7
26006,5,134114,9
26006,6,131642,13
26006,7,137743,17
26006,8,138055,13
26006,9,122708,16
26006,10,106134,12
26006,11,94575,10
26006,12,79400,8
26006,13,64145,9
26006,14,50226,6
26006,15,36199,6
26006,16,41213,1
26007,0,81929,0
26007,1,82375,0
26007,2,89140,1
26007,3,95679,8
26007,4,90560,15
26007,5,81444,13
26007,6,77958,9
26007,7,77104,16
26007,8,73019,11
26007,9,63377,7
26007,10,55062,16
26007,11,49729,9
26007,12,39951,3
26007,13,30769,1
26007,14,25517,2
26007,15,20751,1
26007,16,25811,4
26008,0,110784,0
26008,1,122607,0
26008,2,129949,2
26008,3,136083,8
26008,4,128395,6
26008,5,117530,5
26008,6,114776,6
26008,7,119666,11
26008,8,117309,3
26008,9,104627,7
26008,10,91024,4
26008,11,81224,2
26008,12,66661,6
26008,13,50405,2
26008,14,37391,2
26008,15,26402,1
26008,16,28283,0
26009,0,128827,0
26009,1,135143,0
26009,2,136431,0
26009,3,143442,10
26009,4,150386,14
26009,5,145119,26
26009,6,136051,11
26009,7,133279,12
26009,8,124882,16
26009,9,106554,8
26009,10,86259,10
26009,11,71274,8
26009,12,55193,7
26009,13,39860,5
26009,14,30202,4
26009,15,22452,5
26009,16,24755,3
26010,0,736373,0
26010,1,839850,0
26010,2,843107,9
26010,3,880835,32
26010,4,949166,62
26010,5,958566,61
26010,6,951032,61
26010,7,993533,65
26010,8,1002456,69
26010,9,908225,63
26010,10,815210,54
26010,11,728132,54
26010,12,619974,49
26010,13,482901,36
26010,14,354845,24
26010,15,240600,12
26010,16,263856,11
26011,0,32265,0
26011,1,33747,0
26011,2,36022,0
26011,3,37780,7
26011,4,36945,7
26011,5,33726,5
26011,6,32836,6
26011,7,33118,8
26011,8,31626,5
26011,9,27858,3
26011,10,23905,3
26011,11,20973,4
26011,12,17180,3
26011,13,13546,1
26011,14,10552,2
26011,15,8095,0
26011,16,10365,0
26012,0,53808,0
26012,1,55596,0
26012,2,59282,0
26012,3,62037,5
26012,4,60402,4
26012,5,57593,10
26012,6,55532,7
26012,7,55581,4
26012,8,52994,6
26012,9,47082,6
26012,10,40502,5
26012,11,36229,4
26012,12,29409,6
26012,13,23753,1
26012,14,19343,0
26012,15,15136,1
26012,16,18908,2
27001,0,264965,0
27001,1,274444,0
27001,2,273635,1
27001,3,284178,20
27001,4,314004,24
27001,5,325788,24
27001,6,304110,30
27001,7,305239,15
27001,8,301568,22
27001,9,267185,17
27001,10,236373,16
27001,11,205502,11
27001,12,167168,9
27001,13,126701,4
27001,14,91325,5
27001,15,58381,1
27001,16,59043,4
27002,0,39605,0
27002,1,40629,0
27002,2,41436,0
27002,3,42108,1
27002,4,42528,4
27002,5,39703,1
27002,6,35624,2
27002,7,35346,1
27002,8,35182,1
27002,9,31349,1
27002,10,25747,1
27002,11,21462,0
27002,12,17191,1
27002,13,13212,0
27002,14,9494,0
27002,15,6204,1
27002,16,6054,0
27003,0,47595,0
27003,1,49573,0
27003,2,52397,0
27003,3,51996,2
27003,4,49355,2
27003,5,45484,3
27003,6,41090,2
27003,7,42384,4
27003,8,42247,6
27003,9,37525,6
27003,10,33046,0
27003,11,29084,2
27003,12,24317,3
27003,13,19110,0
27003,14,14083,1
27003,15,9483,0
27003,16,10047,1
27004,0,28491,0
27004,1,29897,0
27004,2,31857,1
27004,3,33546,2
27004,4,31013,4
27004,5,27652,2
27004,6,25068,2
27004,7,26348,1
27004,8,27367,5
27004,9,24495,4
27004,10,21180,2
27004,11,18690,1
27004,12,16316,0
27004,13,13002,0
27004,14,9979,2
27004,15,6620,1
27004,16,6801,1
27005,0,42482,0
27005,1,44021,0
27005,2,46982,0
27005,3,50517,0
27005,4,48905,1
27005,5,44602,2
27005,6,40779,3
27005,7,43165,5
27005,8,43606,4
27005,9,37959,2
27005,10,32863,4
27005,11,29105,3
27005,12,24310,1
27005,13,19524,1
27005,14,14480,1
27005,15,9650,1
27005,16,9732,2
27006,0,43065,0
27006,1,45463,0
27006,2,47390,0
27006,3,47114,2
27006,4,45240,4
27006,5,43656,5
27006,6,42486,4
27006,7,43897,1
27006,8,42894,2
27006,9,37119,2
27006,10,31889,1
27006,11,28435,3
27006,12,24187,0
27006,13,18530,0
27006,14,13780,1
27006,15,9223,1
27006,16,10512,1
27007,0,118374,0
27007,1,120209,0
27007,2,123793,1
27007,3,126916,6
27007,4,129497,8
27007,5,128779,14
27007,6,122294,4
27007,7,121464,9
27007,8,115180,8
27007,9,98818,10
27007,10,84482,11
27007,11,75983,3
27007,12,61877,8
27007,13,48835,2
27007,14,39261,1
27007,15,27925,1
27007,16,28384,3
27008,0,31997,0
27008,1,32949,0
27008,2,35564,1
27008,3,36384,2
27008,4,35175,2
27008,5,33262,2
27008,6,32067,2
27008,7,34628,7
27008,8,34818,4
27008,9,30743,3
27008,10,26918,2
27008,11,24637,3
27008,12,20557,1
27008,13,16914,2
27008,14,14166,2
27008,15,10737,3
27008,16,11388,0
27009,0,54630,0
27009,1,55455,0
27009,2,59848,0
27009,3,60889,6
27009,4,58218,6
27009,5,54584,4
27009,6,50783,7
27009,7,49013,9
27009,8,45658,3
27009,9,40788,5
27009,10,35749,2
27009,11,32743,5
27009,12,25781,5
27009,13,20478,0
27009,14,16215,6
27009,15,12620,0
27009,16,13978,2
27010,0,35238,0
27010,1,36587,0
27010,2,40056,0
27010,3,40319,3
27010,4,36933,6
27010,5,35425,3
27010,6,34055,2
27010,7,33804,1
27010,8,31620,2
27010,9,27188,3
27010,10,23881,1
27010,11,21756,3
27010,12,17173,0
27010,13,13463,4
27010,14,11655,1
27010,15,9041,1
27010,16,9310,1
28001,0,154870,0
28001,1,171442,0
28001,2,173914,3
28001,3,181244,7
28001,4,197920,19
28001,5,207028,17
28001,6,205269,18
28001,7,213444,13
28001,8,209076,16
28001,9,178872,11
28001,10,156016,14
28001,11,137828,11
28001,12,113230,5
28001,13,86827,6
28001,14,64516,5
28001,15,42780,3
28001,16,47049,0
28002,0,50795,0
28002,1,53815,0
28002,2,57305,0
28002,3,60487,2
28002,4,57146,2
28002,5,54125,4
28002,6,52412,5
28002,7,54794,4
28002,8,53317,2
28002,9,46587,8
28002,10,41312,2
28002,11,36482,3
28002,12,29468,1
28002,13,22467,2
28002,14,16772,3
28002,15,11666,4
28002,16,13245,0
28003,0,49837,0
28003,1,53559,0
28003,2,56123,1
28003,3,59692,6
28003,4,62586,11
28003,5,65196,11
28003,6,62109,12
28003,7,60734,10
28003,8,59247,5
28003,9,52170,7
28003,10,46223,4
28003,11,39991,4
28003,12,32448,1
28003,13,25390,1
28003,14,20277,0
28003,15,14432,1
28003,16,16648,4
28004,0,50577,0
28004,1,53860,0
28004,2,55286,1
28004,3,60476,5
28004,4,64110,3
28004,5,63977,4
28004,6,61700,4
28004,7,61572,10
28004,8,59144,6
28004,9,53032,5
28004,10,47830,2
28004,11,43220,3
28004,12,34007,3
28004,13,26228,4
28004,14,20955,1
28004,15,15586,2
28004,16,18120,3
28005,0,40773,0
28005,1,42348,0
28005,2,42925,1
28005,3,45154,4
28005,4,43821,9
28005,5,42995,4
28005,6,41285,4
28005,7,40208,5
28005,8,37490,2
28005,9,33301,3
28005,10,28387,3
28005,11,24792,4
28005,12,19206,2
28005,13,14507,1
28005,14,11397,2
28005,15,8447,0
28005,16,8794,1
28006,0,76596,0
28006,1,83662,0
28006,2,83715,0
28006,3,85342,5
28006,4,84968,6
28006,5,85885,5
28006,6,83635,5
28006,7,84918,8
28006,8,80702,9
28006,9,68646,7
28006,10,60503,8
28006,11,53087,4
28006,12,40670,2
28006,13,28355,1
28006,14,19450,2
28006,15,12835,1
28006,16,13231,1
28007,0,32241,0
28007,1,35701,0
28007,2,37340,1
28007,3,37826,1
28007,4,35403,4
28007,5,33664,6
28007,6,33318,3
28007,7,33896,5
28007,8,32807,2
28007,9,29369,3
28007,10,26240,4
28007,11,24095,0
28007,12,19559,0
28007,13,14744,1
28007,14,11303,1
28007,15,7954,0
28007,16,9308,0
29001,0,97791,0
29001,1,108401,0
29001,2,113889,1
29001,3,119539,6
29001,4,120311,5
29001,5,120692,14
29001,6,115040,4
29001,7,125270,6
29001,8,126042,16
29001,9,108711,15
29001,10,93346,7
29001,11,82295,8
29001,12,67736,4
29001,13,53136,4
29001,14,40065,3
29001,15,29091,4
29001,16,34883,1
29002,0,114597,0
29002,1,117294,0
29002,2,115292,0
29002,3,120975,9
29002,4,128389,12
29002,5,131278,12
29002,6,128500,19
29002,7,132283,10
29002,8,119409,11
29002,9,94250,9
29002,10,75432,8
29002,11,65209,6
29002,12,52604,9
29002,13,39163,6
29002,14,29028,1
29002,15,20604,4
29002,16,23140,2
29003,0,71581,0
29003,1,76867,0
29003,2,79923,2
29003,3,87528,5
29003,4,92741,6
29003,5,92003,11
29003,6,92491,10
29003,7,100207,16
29003,8,98277,11
29003,9,80930,7
29003,10,72986,9
29003,11,67910,9
29003,12,58666,6
29003,13,46529,6
29003,14,37254,4
29003,15,30847,4
29003,16,38529,4
29004,0,120663,0
29004,1,134449,0
29004,2,135601,0
29004,3,137200,3
29004,4,141645,8
29004,5,142455,6
29004,6,146441,7
29004,7,166608,12
29004,8,166926,9
29004,9,134777,12
29004,10,108404,3
29004,11,90518,9
29004,12,73455,2
29004,13,55432,1
29004,14,37151,3
29004,15,22847,1
29004,16,21869,0
29005,0,43655,0
29005,1,48211,0
29005,2,51710,2
29005,3,57186,3
29005,4,58201,6
29005,5,55882,4
29005,6,54265,3
29005,7,61974,3
29005,8,63536,3
29005,9,55274,7
29005,10,47848,3
29005,11,41959,6
29005,12,35150,4
29005,13,27327,2
29005,14,20167,0
29005,15,14188,1
29005,16,17893,0
29006,0,217109,0
29006,1,241388,0
29006,2,249532,3
29006,3,262457,7
29006,4,282713,11
29006,5,285127,19
29006,6,278011,17
29006,7,297124,19
29006,8,296618,27
29006,9,252255,15
29006,10,214845,9
29006,11,187797,20
29006,12,153548,4
29006,13,120429,10
29006,14,92638,5
29006,15,68239,2
29006,16,82321,4
29007,0,84943,0
29007,1,91654,0
29007,2,95277,0
29007,3,103425,2
29007,4,108195,8
29007,5,107497,15
29007,6,108884,10
29007,7,114053,10
29007,8,110091,10
29007,9,92868,10
29007,10,84701,10
29007,11,78558,16
29007,12,67364,6
29007,13,53011,6
29007,14,43931,3
29007,15,34272,3
29007,16,43230,1
29008,0,42185,0
29008,1,45159,0
29008,2,46729,2
29008,3,49123,5
29008,4,45612,4
29008,5,43525,3
29008,6,42333,4
29008,7,44562,4
29008,8,42986,8
29008,9,35564,3
29008,10,30261,3
29008,11,28615,2
29008,12,24935,2
29008,13,19300,3
29008,14,15847,3
29008,15,12655,2
29008,16,14934,2
29009,0,61860,0
29009,1,69402,0
29009,2,70278,1
29009,3,74050,2
29009,4,74586,10
29009,5,72196,5
29009,6,71996,6
29009,7,79923,2
29009,8,81684,5
29009,9,69120,6
29009,10,59404,3
29009,11,54722,3
29009,12,49745,8
29009,13,39946,5
29009,14,28533,0
29009,15,18491,3
29009,16,21339,1
29010,0,84933,0
29010,1,90324,0
29010,2,94413,0
29010,3,102738,10
29010,4,99789,10
29010,5,94374,13
29010,6,89866,14
29010,7,96749,10
29010,8,97945,16
29010,9,83703,8
29010,10,72088,9
29010,11,65327,9
29010,12,54728,9
29010,13,42289,11
29010,14,33377,5
29010,15,25563,3
29010,16,28670,1
29011,0,47816,0
29011,1,51875,0
29011,2,56039,1
29011,3,60152,2
29011,4,58628,5
29011,5,54927,6
29011,6,53344,5
29011,7,57513,7
29011,8,57029,1
29011,9,48111,3
29011,10,41351,4
29011,11,38217,2
29011,12,33055,4
29011,13,25891,2
29011,14,20423,0
29011,15,16185,1
29011,16,19569,1
29012,0,84533,0
29012,1,95686,0
29012,2,99727,1
29012,3,106671,1
29012,4,105728,7
29012,5,101678,5
29012,6,100356,9
29012,7,112169,9
29012,8,114513,13
29012,9,97783,6
29012,10,84855,5
29012,11,79813,5
29012,12,73946,0
29012,13,60255,3
29012,14,44693,7
29012,15,31045,0
29012,16,37821,3
29013,0,41853,0
29013,1,45741,0
29013,2,49490,0
29013,3,53588,4
29013,4,51898,5
29013,5,48632,2
29013,6,48721,5
29013,7,55370,6
29013,8,56749,10
29013,9,49253,3
29013,10,42283,3
29013,11,39075,2
29013,12,33606,4
29013,13,26714,1
29013,14,21185,2
29013,15,16062,2
29013,16,19724,0
29014,0,76596,0
29014,1,81796,0
29014,2,86979,0
29014,3,90872,4
29014,4,89013,12
29014,5,85736,11
29014,6,85517,5
29014,7,91231,5
29014,8,89974,17
29014,9,78082,9
29014,10,67554,6
29014,11,61698,8
29014,12,52733,3
29014,13,41859,1
29014,14,34255,3
29014,15,26419,1
29014,16,30693,5
29015,0,94440,0
29015,1,103912,0
29015,2,108785,0
29015,3,115727,6
29015,4,113777,7
29015,5,109428,11
29015,6,109644,7
29015,7,121699,11
29015,8,123112,5
29015,9,103605,12
29015,10,88146,8
29015,11,82046,3
29015,12,74590,6
29015,13,62076,5
29015,14,46100,2
29015,15,33102,3
29015,16,43032,2
29016,0,133785,0
29016,1,137845,0
29016,2,137074,1
29016,3,143137,8
29016,4,145460,12
29016,5,139670,24
29016,6,131217,13
29016,7,134177,12
29016,8,130888,11
29016,9,113612,17
29016,10,94936,9
29016,11,82984,4
29016,12,66567,5
29016,13,50742,2
29016,14,39795,5
29016,15,30103,3
29016,16,34059,3
29017,0,52108,0
29017,1,55018,0
29017,2,57773,0
29017,3,60005,5
29017,4,59925,5
29017,5,58627,7
29017,6,57053,7
29017,7,57533,4
29017,8,57028,5
29017,9,51315,2
29017,10,43672,1
29017,11,38118,1
29017,12,30492,2
29017,13,23845,2
29017,14,19428,1
29017,15,14737,1
29017,16,17347,1
29018,0,91244,0
29018,1,95578,0
29018,2,96714,1
29018,3,99631,4
29018,4,101797,8
29018,5,99271,10
29018,6,96616,14
29018,7,103007,8
29018,8,101598,8
29018,9,84087,12
29018,10,67270,5
29018,11,57607,6
29018,12,47492,4
29018,13,37036,1
29018,14,26378,0
29018,15,16875,0
29018,16,18101,0
29019,0,65075,0
29019,1,69703,0
29019,2,75848,1
29019,3,83968,2
29019,4,87101,12
29019,5,84400,9
29019,6,82332,9
29019,7,84232,12
29019,8,82055,11
29019,9,74342,8
29019,10,66417,6
29019,11,61002,9
29019,12,50003,6
29019,13,39157,5
29019,14,32811,0
29019,15,25848,1
29019,16,31114,2
29020,0,476089,0
29020,1,551959,0
29020,2,560824,3
29020,3,591690,24
29020,4,681251,35
29020,5,711506,35
29020,6,703044,41
29020,7,806416,41
29020,8,851028,51
29020,9,729254,37
29020,10,627097,28
29020,11,561055,39
29020,12,480819,21
29020,13,379280,17
29020,14,268957,12
29020,15,174778,5
29020,16,196011,5
29021,0,63566,0
29021,1,67191,0
29021,2,69873,1
29021,3,73492,4
29021,4,70985,2
29021,5,68175,13
29021,6,67808,4
29021,7,72170,6
29021,8,69234,7
29021,9,58229,10
29021,10,50559,1
29021,11,47284,6
29021,12,40844,6
29021,13,31683,3
29021,14,24899,2
29021,15,19425,4
29021,16,22390,3
29022,0,86533,0
29022,1,94086,0
29022,2,99530,0
29022,3,106610,6
29022,4,110837,5
29022,5,111631,12
29022,6,110624,10
29022,7,120995,12
29022,8,120194,10
29022,9,102829,6
29022,10,87460,9
29022,11,77519,4
29022,12,64472,1
29022,13,50139,2
29022,14,37102,4
29022,15,26280,2
29022,16,34382,1
29023,0,37822,0
29023,1,40275,0
29023,2,41875,0
29023,3,45576,6
29023,4,46653,8
29023,5,45157,4
29023,6,44052,9
29023,7,45925,4
29023,8,44813,9
29023,9,37043,4
29023,10,31788,5
29023,11,29091,6
29023,12,24991,0
29023,13,20455,3
29023,14,16217,0
29023,15,13031,4
29023,16,16133,2
29024,0,61443,0
29024,1,64227,0
29024,2,66006,1
29024,3,71751,1
29024,4,73059,3
29024,5,69127,8
29024,6,66939,5
29024,7,70692,8
29024,8,71425,5
29024,9,62435,4
29024,10,54071,5
29024,11,47371,3
29024,12,38758,3
29024,13,31217,0
29024,14,25438,0
29024,15,19456,2
29024,16,22851,0
29025,0,113425,0
29025,1,122735,0
29025,2,129866,0
29025,3,140483,8
29025,4,142387,10
29025,5,134211,9
29025,6,131106,6
29025,7,141306,10
29025,8,140637,18
29025,9,122280,11
29025,10,103934,8
29025,11,92442,14
29025,12,75485,7
29025,13,59800,5
29025,14,50882,4
29025,15,41013,5
29025,16,48223,3
29026,0,93766,0
29026,1,99873,0
29026,2,101649,0
29026,3,103624,1
29026,4,103015,5
29026,5,102145,8
29026,6,99940,9
29026,7,105852,7
29026,8,104733,9
29026,9,90061,6
29026,10,76936,5
29026,11,70081,7
29026,12,60334,2
29026,13,49003,3
29026,14,35998,7
29026,15,25092,0
29026,16,28313,3
29027,0,59570,0
29027,1,62983,0
29027,2,63879,0
29027,3,68030,5
29027,4,67201,5
29027,5,64520,8
29027,6,64129,5
29027,7,69749,6
29027,8,68987,10
29027,9,57005,3
29027,10,48526,3
29027,11,43103,3
29027,12,37645,3
29027,13,29382,2
29027,14,20728,0
29027,15,13510,1
29027,16,15708,3
29028,0,133224,0
29028,1,142682,0
29028,2,148484,2
29028,3,164037,11
29028,4,172035,19
29028,5,166624,17
29028,6,160442,19
29028,7,171944,12
29028,8,171315,12
29028,9,145040,12
29028,10,125170,9
29028,11,113634,8
29028,12,97840,9
29028,13,77678,5
29028,14,60051,5
29028,15,46514,2
29028,16,57652,3
31001,0,49467,0
31001,1,53191,0
31001,2,54397,0
31001,3,59910,5
31001,4,64659,13
31001,5,64991,16
31001,6,64896,14
31001,7,67073,15
31001,8,67019,14
31001,9,61984,15
31001,10,58510,12
31001,11,56821,5
31001,12,52153,8
31001,13,43323,13
31001,14,32678,7
31001,15,22269,4
31001,16,24885,5
31002,0,23493,0
31002,1,25358,0
31002,2,25458,1
31002,3,27440,3
31002,4,30119,3
31002,5,31903,5
31002,6,32562,4
31002,7,33435,5
31002,8,32850,4
31002,9,29845,6
31002,10,28133,2
31002,11,27716,5
31002,12,26258,3
31002,13,21927,0
31002,14,16247,2
31002,15,10774,2
31002,16,11885,0
31003,0,34034,0
31003,1,37209,0
31003,2,37185,0
31003,3,39276,0
31003,4,43548,7
31003,5,45249,7
31003,6,44755,11
31003,7,45714,8
31003,8,45452,8
31003,9,42678,8
31003,10,40937,9
31003,11,41054,6
31003,12,37686,2
31003,13,30536,4
31003,14,22526,3
31003,15,15328,2
31003,16,16928,3
31004,0,31973,0
31004,1,34406,0
31004,2,32786,0
31004,3,37582,5
31004,4,44385,4
31004,5,45062,4
31004,6,43619,5
31004,7,44493,14
31004,8,43911,12
31004,9,38490,5
31004,10,35562,6
31004,11,34762,6
31004,12,32172,8
31004,13,27281,4
31004,14,19769,5
31004,15,13320,2
31004,16,15180,0
31006,0,37196,0
31006,1,40655,0
31006,2,41432,1
31006,3,44161,2
31006,4,51381,7
31006,5,54906,10
31006,6,53806,11
31006,7,56418,8
31006,8,57512,9
31006,9,51812,9
31006,10,47225,10
31006,11,44917,6
31006,12,41846,2
31006,13,36133,3
31006,14,27734,2
31006,15,18849,0
31006,16,20470,4
31007,0,102993,0
31007,1,108873,0
31007,2,107364,1
31007,3,116047,4
31007,4,131123,16
31007,5,137222,17
31007,6,137241,29
31007,7,141247,19
31007,8,138212,13
31007,9,124929,15
31007,10,113295,21
31007,11,107327,16
31007,12,96906,9
31007,13,79499,9
31007,14,59410,9
31007,15,39654,6
31007,16,42186,3
31008,0,41593,0
31008,1,44988,0
31008,2,46514,0
31008,3,50607,2
31008,4,53596,3
31008,5,54952,15
31008,6,55280,12
31008,7,58230,18
31008,8,59942,16
31008,9,55188,9
31008,10,52897,10
31008,11,52462,6
31008,12,49055,1
31008,13,41014,2
31008,14,30764,4
31008,15,20747,1
31008,16,23406,4
31009,0,22589,0
31009,1,23322,0
31009,2,23123,0
31009,3,24760,1
31009,4,27630,6
31009,5,28709,5
31009,6,28728,4
31009,7,28895,6
31009,8,28739,7
31009,9,26192,7
31009,10,24322,2
31009,11,23757,2
31009,12,22681,2
31009,13,19368,1
31009,14,14745,1
31009,15,10042,0
31009,16,11279,1
31010,0,21057,0
31010,1,22025,0
31010,2,21464,0
31010,3,23192,4
31010,4,25746,1
31010,5,26529,4
31010,6,25710,9
31010,7,26040,4
31010,8,25955,8
31010,9,23083,6
31010,10,20970,6
31010,11,20249,2
31010,12,18769,3
31010,13,15535,0
31010,14,11072,0
31010,15,7192,0
31010,16,7782,1
31011,0,22545,0
31011,1,23664,0
31011,2,23621,0
31011,3,25921,2
31011,4,29289,4
31011,5,29132,6
31011,6,27930,3
31011,7,28364,5
31011,8,28198,6
31011,9,25648,3
31011,10,23982,3
31011,11,22832,4
31011,12,21543,5
31011,13,18236,1
31011,14,13058,3
31011,15,8485,1
31011,16,9490,0
31012,0,40148,0
31012,1,41502,0
31012,2,40784,0
31012,3,43859,6
31012,4,48099,7
31012,5,50241,8
31012,6,50444,13
31012,7,52125,17
31012,8,52960,10
31012,9,46147,5
31012,10,41290,2
31012,11,39540,2
31012,12,36486,6
31012,13,30312,3
31012,14,21798,2
31012,15,13694,1
31012,16,14870,1
31013,0,34384,0
31013,1,37647,0
31013,2,39152,0
31013,3,44083,1
31013,4,47924,6
31013,5,49584,9
31013,6,49446,11
31013,7,50621,10
31013,8,51508,14
31013,9,49121,8
31013,10,47775,5
31013,11,46298,10
31013,12,41956,7
31013,13,34144,4
31013,14,25502,5
31013,15,17493,3
31013,16,19572,3
31015,0,37102,0
31015,1,40371,0
31015,2,41484,1
31015,3,46196,1
31015,4,52541,4
31015,5,53821,10
31015,6,52958,10
31015,7,53433,8
31015,8,55267,16
31015,9,52651,6
31015,10,49909,12
31015,11,49782,5
31015,12,45436,5
31015,13,36470,7
31015,14,26510,2
31015,15,17857,3
31015,16,19931,1
31016,0,519063,0
31016,1,582046,0
31016,2,578377,6
31016,3,628197,22
31016,4,743021,58
31016,5,786496,68
31016,6,774159,73
31016,7,806396,68
31016,8,827072,74
31016,9,728507,56
31016,10,645055,37
31016,11,604300,44
31016,12,548567,35
31016,13,449583,29
31016,14,338676,16
31016,15,235893,9
31016,16,289427,10
31017,0,145673,0
31017,1,157994,0
31017,2,155000,1
31017,3,159755,8
31017,4,174700,17
31017,5,183429,14
31017,6,186268,31
31017,7,188444,24
31017,8,184296,24
31017,9,160727,18
31017,10,139432,13
31017,11,124499,11
31017,12,106702,9
31017,13,82809,5
31017,14,56218,3
31017,15,34739,1
31017,16,37277,3
31018,0,149370,0
31018,1,165565,0
31018,2,163805,0
31018,3,174119,3
31018,4,200300,14
31018,5,210207,7
31018,6,206577,12
31018,7,213241,16
31018,8,219071,12
31018,9,192551,8
31018,10,167593,9
31018,11,148614,5
31018,12,125921,0
31018,13,97805,5
31018,14,68811,0
31018,15,44664,0
31018,16,47040,3
31019,0,30958,0
31019,1,33475,0
31019,2,34309,1
31019,3,38180,3
31019,4,39539,8
31019,5,39430,8
31019,6,39162,9
31019,7,41352,4
31019,8,41336,8
31019,9,37932,3
31019,10,35863,4
31019,11,35073,9
31019,12,31620,3
31019,13,25656,4
31019,14,18971,3
31019,15,13131,1
31019,16,16077,1
31020,0,15936,0
31020,1,17409,0
31020,2,17962,1
31020,3,19883,0
31020,4,20426,1
31020,5,19548,2
31020,6,19291,1
31020,7,19625,1
31020,8,19554,4
31020,9,18327,3
31020,10,16970,2
31020,11,16479,1
31020,12,15069,1
31020,13,12108,1
31020,14,9223,2
31020,15,6762,1
31020,16,9345,0
31021,0,39934,0
31021,1,45102,0
31021,2,45190,0
31021,3,46627,1
31021,4,50263,6
31021,5,51524,8
31021,6,52752,5
31021,7,55290,9
31021,8,55846,8
31021,9,49919,8
31021,10,45308,9
31021,11,43852,10
31021,12,38500,1
31021,13,30180,1
31021,14,21847,3
31021,15,14770,0
31021,16,18690,1
31022,0,34017,0
31022,1,37248,0
31022,2,36697,0
31022,3,39406,4
31022,4,45248,3
31022,5,47385,6
31022,6,47043,5
31022,7,47929,7
31022,8,47007,3
31022,9,41028,4
31022,10,36155,4
31022,11,33917,5
31022,12,30007,7
31022,13,23516,1
31022,14,17024,0
31022,15,11118,1
31022,16,13279,0
31023,0,23218,0
31023,1,25874,0
31023,2,26335,1
31023,3,28320,1
31023,4,30236,4
31023,5,30482,4
31023,6,30287,3
31023,7,31704,3
31023,8,32616,5
31023,9,29305,1
31023,10,27900,3
31023,11,28584,3
31023,12,26076,0
31023,13,20770,1
31023,14,15444,1
31023,15,11099,0
31023,16,13390,1
31024,0,73800,0
31024,1,79622,0
31024,2,79824,2
31024,3,88733,8
31024,4,97415,6
31024,5,101290,13
31024,6,102513,19
31024,7,105379,13
31024,8,103225,10
31024,9,93367,10
31024,10,87600,11
31024,11,85082,13
31024,12,75803,11
31024,13,60261,8
31024,14,43192,3
31024,15,29338,6
31024,16,33709,3
31025,0,65968,0
31025,1,72087,0
31025,2,69517,1
31025,3,71985,2
31025,4,79710,8
31025,5,84030,5
31025,6,87021,6
31025,7,89807,7
31025,8,90956,9
31025,9,77728,4
31025,10,65895,3
31025,11,58570,4
31025,12,51097,8
31025,13,39485,2
31025,14,27574,2
31025,15,17495,0
31025,16,19962,2
31026,0,25341,0
31026,1,27526,0
31026,2,28493,0
31026,3,31827,3
31026,4,33094,4
31026,5,32569,6
31026,6,32709,3
31026,7,33469,2
31026,8,32021,3
31026,9,28287,3
31026,10,25346,2
31026,11,24474,4
31026,12,21362,4
31026,13,16795,1
31026,14,12513,1
31026,15,9484,0
31026,16,11954,2
31027,0,21312,0
31027,1,22837,0
31027,2,24319,0
31027,3,27952,2
31027,4,28104,8
31027,5,26633,6
31027,6,27402,4
31027,7,28592,5
31027,8,26826,4
31027,9,22697,3
31027,10,19218,3
31027,11,18085,2
31027,12,15768,5
31027,13,12421,0
31027,14,9286,1
31027,15,6272,1
31027,16,7825,1
31028,0,18469,0
31028,1,19202,0
31028,2,19241,0
31028,3,21016,1
31028,4,23260,0
31028,5,24049,4
31028,6,24004,7
31028,7,24007,1
31028,8,24463,4
31028,9,22734,2
31028,10,22115,3
31028,11,21586,1
31028,12,19475,5
31028,13,16099,2
31028,14,12139,1
31028,15,8866,0
31028,16,10304,1
31030,0,18464,0
31030,1,19758,0
31030,2,20102,0
31030,3,22216,2
31030,4,24736,1
31030,5,26962,2
31030,6,27694,3
31030,7,28578,5
31030,8,28201,5
31030,9,26151,4
31030,10,25746,6
31030,11,26113,2
31030,12,23890,6
31030,13,19555,5
31030,14,14433,3
31030,15,9975,2
31030,16,11557,4
31031,0,22105,0
31031,1,23740,0
31031,2,23133,0
31031,3,25118,0
31031,4,29581,3
31031,5,31791,3
31031,6,31698,4
31031,7,32275,2
31031,8,32259,5
31031,9,29440,10
31031,10,27212,6
31031,11,25843,3
31031,12,23440,7
31031,13,18536,1
31031,14,13239,3
31031,15,8722,1
31031,16,9488,0
31032,0,54916,0
31032,1,54466,0
31032,2,51644,2
31032,3,57515,4
31032,4,68088,10
31032,5,71939,12
31032,6,69851,11
31032,7,67723,8
31032,8,62770,5
31032,9,52183,8
31032,10,44920,9
31032,11,39737,6
31032,12,33030,4
31032,13,25598,7
31032,14,17977,0
31032,15,11954,3
31032,16,13136,2
31034,0,36244,0
31034,1,37619,0
31034,2,38781,0
31034,3,42343,1
31034,4,43425,2
31034,5,41628,5
31034,6,41593,6
31034,7,44344,6
31034,8,45484,7
31034,9,43259,5
31034,10,39527,3
31034,11,37971,4
31034,12,33072,6
31034,13,27434,1
31034,14,20480,1
31034,15,14025,0
31034,16,17989,2
31035,0,38304,0
31035,1,41505,0
31035,2,42403,0
31035,3,45029,2
31035,4,47180,3
31035,5,47531,5
31035,6,47472,6
31035,7,50386,10
31035,8,51810,10
31035,9,46772,9
31035,10,44420,8
31035,11,44397,5
31035,12,39681,7
31035,13,31402,1
31035,14,22329,1
31035,15,14953,1
31035,16,18258,1
31036,0,71253,0
31036,1,77021,0
31036,2,78301,0
31036,3,85767,5
31036,4,92356,11
31036,5,89494,12
31036,6,87172,11
31036,7,90823,8
31036,8,92398,15
31036,9,85957,9
31036,10,80548,9
31036,11,77544,6
31036,12,68089,6
31036,13,55389,0
31036,14,42453,8
31036,15,29913,1
31036,16,37703,1
31037,0,70240,0
31037,1,72889,0
31037,2,72601,3
31037,3,77551,6
31037,4,84653,11
31037,5,86386,7
31037,6,86320,8
31037,7,90305,11
31037,8,93632,9
31037,9,84674,9
31037,10,75431,8
31037,11,69064,6
31037,12,62522,3
31037,13,53830,6
31037,14,38404,2
31037,15,23870,2
31037,16,29027,5
31038,0,11371,0
31038,1,12091,0
31038,2,12641,0
31038,3,13459,1
31038,4,12904,2
31038,5,12098,4
31038,6,12061,0
31038,7,13849,3
31038,8,14679,1
31038,9,14551,0
31038,10,13909,3
31038,11,13353,0
31038,12,11683,2
31038,13,9772,1
31038,14,7614,0
31038,15,5451,1
31038,16,6983,0
31040,0,15305,0
31040,1,16292,0
31040,2,16215,0
31040,3,16726,3
31040,4,16503,1
31040,5,16377,1
31040,6,16310,2
31040,7,17275,1
31040,8,18049,1
31040,9,17853,2
31040,10,16697,2
31040,11,16165,3
31040,12,14761,2
31040,13,12471,0
31040,14,9929,0
31040,15,6903,0
31040,16,8449,0
31041,0,8729,0
31041,1,9714,0
31041,2,9842,0
31041,3,10082,1
31041,4,10694,1
31041,5,11105,0
31041,6,10710,2
31041,7,10867,1
31041,8,11554,1
31041,9,10889,2
31041,10,10702,0
31041,11,10691,0
31041,12,10218,2
31041,13,8597,0
31041,14,6405,0
31041,15,4284,0
31041,16,5441,0
31042,0,24249,0
31042,1,25164,0
31042,2,25304,0
31042,3,27751,0
31042,4,29275,2
31042,5,29161,2
31042,6,28101,3
31042,7,28938,3
31042,8,29060,4
31042,9,26463,0
31042,10,23841,5
31042,11,22742,3
31042,12,20988,0
31042,13,17859,1
31042,14,13345,1
31042,15,8565,1
31042,16,10351,0
31044,0,26707,0
31044,1,29777,0
31044,2,30464,0
31044,3,32390,2
31044,4,34254,4
31044,5,35307,4
31044,6,36310,3
31044,7,38113,3
31044,8,39118,0
31044,9,36049,2
31044,10,35234,5
31044,11,35555,4
31044,12,33024,6
31044,13,27762,4
31044,14,21438,1
31044,15,14955,0
31044,16,18003,2
31045,0,28353,0
31045,1,30230,0
31045,2,30180,0
31045,3,33105,3
31045,4,35837,4
31045,5,36894,4
31045,6,37564,3
31045,7,39738,6
31045,8,39419,6
31045,9,35416,5
31045,10,33013,4
31045,11,32096,2
31045,12,29364,2
31045,13,25084,4
31045,14,19076,2
31045,15,12541,0
31045,16,15046,2
31046,0,7227,0
31046,1,7957,0
31046,2,8331,0
31046,3,9087,1
31046,4,9714,0
31046,5,10076,0
31046,6,9849,1
31046,7,9995,3
31046,8,10376,2
31046,9,9668,0
31046,10,9624,0
31046,11,10439,5
31046,12,9635,2
31046,13,7705,1
31046,14,5576,0
31046,15,3837,1
31046,16,4425,0
31047,0,12390,0
31047,1,13289,0
31047,2,13057,0
31047,3,14003,2
31047,4,14839,0
31047,5,15568,2
31047,6,15409,2
31047,7,15765,2
31047,8,15727,0
31047,9,14531,1
31047,10,14036,3
31047,11,14512,3
31047,12,13980,3
31047,13,11429,1
31047,14,8781,1
31047,15,5951,1
31047,16,7275,1
31048,0,51788,0
31048,1,54818,0
31048,2,56025,0
31048,3,60034,5
31048,4,65725,9
31048,5,68266,8
31048,6,69031,8
31048,7,71663,16
31048,8,69984,5
31048,9,63752,8
31048,10,59867,7
31048,11,58918,9
31048,12,52720,6
31048,13,41898,7
31048,14,31481,1
31048,15,21757,1
31048,16,26640,1
31050,0,8114,0
31050,1,9031,0
31050,2,9538,0
31050,3,9772,0
31050,4,8649,2
31050,5,8591,6
31050,6,9236,0
31050,7,10334,2
31050,8,10319,3
31050,9,9231,0
31050,10,8506,0
31050,11,8380,1
31050,12,7432,1
31050,13,6074,0
31050,14,4760,2
31050,15,3302,1
31050,16,4062,0
31051,0,12737,0
31051,1,13241,0
31051,2,14919,0
31051,3,16329,1
31051,4,15563,0
31051,5,14898,0
31051,6,14852,4
31051,7,15619,2
31051,8,14848,2
31051,9,13138,2
31051,10,11936,2
31051,11,11305,2
31051,12,9770,1
31051,13,7688,1
31051,14,6036,0
31051,15,4246,0
31051,16,4714,0
31052,0,54655,0
31052,1,57038,0
31052,2,57788,0
31052,3,61000,1
31052,4,61048,13
31052,5,60827,11
31052,6,61145,8
31052,7,65850,3
31052,8,64227,11
31052,9,53227,3
31052,10,47376,13
31052,11,44643,5
31052,12,39282,5
31052,13,30508,1
31052,14,24439,2
31052,15,17697,4
31052,16,20428,2
31053,0,24142,0
31053,1,25239,0
31053,2,26319,0
31053,3,28082,1
31053,4,26693,5
31053,5,24863,6
31053,6,23924,10
31053,7,25467,4
31053,8,23377,5
31053,9,20038,2
31053,10,18428,1
31053,11,17551,0
31053,12,15901,0
31053,13,13108,1
31053,14,10101,2
31053,15,7405,0
31053,16,9220,0
31055,0,26888,0
31055,1,28633,0
31055,2,28565,0
31055,3,30735,2
31055,4,30016,6
31055,5,29828,6
31055,6,30821,4
31055,7,33098,7
31055,8,32931,6
31055,9,27848,5
31055,10,24745,2
31055,11,23194,3
31055,12,20416,2
31055,13,16639,1
31055,14,11870,1
31055,15,7572,0
31055,16,8733,0
31057,0,47743,0
31057,1,50262,0
31057,2,49937,1
31057,3,55753,11
31057,4,62877,14
31057,5,65657,16
31057,6,63974,14
31057,7,63291,15
31057,8,62613,11
31057,9,59220,9
31057,10,56349,10
31057,11,51857,6
31057,12,44569,8
31057,13,35350,4
31057,14,25897,3
31057,15,17635,3
31057,16,19459,2
31058,0,57391,0
31058,1,58997,0
31058,2,57516,2
31058,3,62964,2
31058,4,67077,14
31058,5,67306,13
31058,6,65944,11
31058,7,66258,9
31058,8,64518,2
31058,9,57268,11
31058,10,50637,11
31058,11,45669,4
31058,12,39184,7
31058,13,30326,1
31058,14,21442,6
31058,15,13792,1
31058,16,15678,1
31059,0,72660,0
31059,1,72842,0
31059,2,72016,0
31059,3,78736,4
31059,4,82472,9
31059,5,79629,6
31059,6,78278,11
31059,7,82466,9
31059,8,81001,8
31059,9,72061,8
31059,10,64493,9
31059,11,60102,3
31059,12,52732,3
31059,13,43583,1
31059,14,32746,3
31059,15,22060,2
31059,16,27345,1
31060,0,33447,0
31060,1,35811,0
31060,2,37428,0
31060,3,41861,2
31060,4,43396,6
31060,5,43631,5
31060,6,43614,5
31060,7,46160,6
31060,8,47808,5
31060,9,44482,9
31060,10,42046,3
31060,11,41899,6
31060,12,38547,6
31060,13,32119,2
31060,14,24545,1
31060,15,17291,1
31060,16,22590,2
31061,0,22024,0
31061,1,22844,0
31061,2,23191,0
31061,3,26878,0
31061,4,31257,4
31061,5,32188,6
31061,6,31073,6
31061,7,31951,6
31061,8,31962,8
31061,9,28415,7
31061,10,25911,3
31061,11,25596,5
31061,12,24081,4
31061,13,20348,0
31061,14,14541,1
31061,15,9709,0
31061,16,12755,0
31062,0,11333,0
31062,1,12099,0
31062,2,12273,0
31062,3,13088,1
31062,4,12015,2
31062,5,11071,1
31062,6,11194,0
31062,7,12224,0
31062,8,12405,0
31062,9,11320,1
31062,10,9947,1
31062,11,9706,0
31062,12,8367,0
31062,13,6905,0
31062,14,5842,0
31062,15,4718,0
31062,16,6110,0
31064,0,12541,0
31064,1,13887,0
31064,2,15738,0
31064,3,17985,0
31064,4,17856,1
31064,5,16327,0
31064,6,16394,1
31064,7,17627,1
31064,8,17826,1
31064,9,16623,1
31064,10,15212,1
31064,11,14581,0
31064,12,12883,1
31064,13,10000,1
31064,14,8025,1
31064,15,6053,0
31064,16,8480,0
31065,0,13469,0
31065,1,14564,0
31065,2,16230,0
31065,3,18487,0
31065,4,17429,2
31065,5,15382,0
31065,6,14920,1
31065,7,16018,2
31065,8,16482,0
31065,9,15193,0
31065,10,13919,2
31065,11,13224,1
31065,12,11512,0
31065,13,9702,1
31065,14,8240,0
31065,15,6470,0
31065,16,8495,0
31066,0,10916,0
31066,1,11720,0
31066,2,12546,0
31066,3,13069,1
31066,4,12208,0
31066,5,11872,1
31066,6,12270,0
31066,7,13811,0
31066,8,14269,1
31066,9,12988,0
31066,10,11792,0
31066,11,11560,0
31066,12,10257,0
31066,13,8425,0
31066,14,6736,0
31066,15,5117,0
31066,16,6522,0
31067,0,11346,0
31067,1,12067,0
31067,2,13096,0
31067,3,14313,1
31067,4,12700,0
31067,5,11009,2
31067,6,10930,0
31067,7,11977,1
31067,8,11928,5
31067,9,10861,0
31067,10,9581,1
31067,11,8639,1
31067,12,7512,0
31067,13,6384,0
31067,14,5049,0
31067,15,3802,0
31067,16,5217,0
31068,0,12052,0
31068,1,12816,0
31068,2,13642,0
31068,3,15532,2
31068,4,16525,2
31068,5,15492,2
31068,6,14892,1
31068,7,15047,2
31068,8,14434,2
31068,9,12667,1
31068,10,11560,0
31068,11,10474,2
31068,12,8861,1
31068,13,7303,1
31068,14,5943,0
31068,15,4353,1
31068,16,5600,0
31070,0,38164,0
31070,1,40143,0
31070,2,38682,1
31070,3,40821,0
31070,4,43697,4
31070,5,45812,9
31070,6,46428,7
31070,7,48455,8
31070,8,46241,14
31070,9,39926,4
31070,10,35825,5
31070,11,33439,5
31070,12,29475,6
31070,13,24031,2
31070,14,16956,3
31070,15,11036,0
31070,16,11404,0
31071,0,31859,0
31071,1,34408,0
31071,2,34664,0
31071,3,36063,7
31071,4,38485,2
31071,5,40091,7
31071,6,40614,6
31071,7,42383,4
31071,8,41954,5
31071,9,37651,5
31071,10,34259,5
31071,11,31845,9
31071,12,27515,3
31071,13,21656,3
31071,14,15786,2
31071,15,10948,2
31071,16,11667,2
31072,0,78083,0
31072,1,84965,0
31072,2,84195,1
31072,3,89072,4
31072,4,99812,14
31072,5,105169,14
31072,6,104883,9
31072,7,106934,11
31072,8,103958,15
31072,9,90066,13
31072,10,78456,9
31072,11,74180,7
31072,12,67304,3
31072,13,54043,4
31072,14,39936,2
31072,15,26840,2
31072,16,30238,1
31073,0,32211,0
31073,1,35864,0
31073,2,35711,1
31073,3,37232,5
31073,4,38114,6
31073,5,39763,5
31073,6,40549,7
31073,7,42363,4
31073,8,42846,6
31073,9,41496,8
31073,10,39972,7
31073,11,38558,6
31073,12,33757,2
31073,13,27006,2
31073,14,21387,3
31073,15,15433,2
31073,16,18190,5
31074,0,35583,0
31074,1,37739,0
31074,2,36863,0
31074,3,39685,1
31074,4,44380,6
31074,5,45810,7
31074,6,45432,9
31074,7,45805,7
31074,8,45791,11
31074,9,42671,7
31074,10,40005,3
31074,11,37189,7
31074,12,32363,6
31074,13,25311,6
31074,14,18625,6
31074,15,12510,2
31074,16,13405,4
31075,0,170713,0
31075,1,186399,0
31075,2,183944,5
31075,3,198424,20
31075,4,227509,18
31075,5,242218,38
31075,6,239705,34
31075,7,238776,29
31075,8,231301,34
31075,9,203859,26
31075,10,180198,16
31075,11,166627,16
31075,12,144260,22
31075,13,113507,7
31075,14,83468,9
31075,15,55312,6
31075,16,62740,4
31076,0,12447,0
31076,1,12791,0
31076,2,13767,0
31076,3,15121,2
31076,4,13997,5
31076,5,12403,4
31076,6,11758,4
31076,7,12355,2
31076,8,11929,2
31076,9,10111,1
31076,10,9045,0
31076,11,8655,1
31076,12,7509,2
31076,13,6079,0
31076,14,4793,0
31076,15,3692,0
31076,16,4242,1
31077,0,14575,0
31077,1,14860,0
31077,2,14512,0
31077,3,16323,3
31077,4,17279,6
31077,5,16999,6
31077,6,16831,0
31077,7,17309,3
31077,8,16544,1
31077,9,15208,1
31077,10,13746,2
31077,11,12544,0
31077,12,10369,2
31077,13,7935,4
31077,14,5728,1
31077,15,3864,1
31077,16,4021,2
31078,0,22707,0
31078,1,24655,0
31078,2,24790,0
31078,3,25258,0
31078,4,27262,4
31078,5,29109,4
31078,6,30325,5
31078,7,31406,3
31078,8,30787,1
31078,9,26011,3
31078,10,23615,6
31078,11,23102,5
31078,12,21347,2
31078,13,16921,3
31078,14,11826,0
31078,15,7407,1
31078,16,8027,0
31079,0,31940,0
31079,1,33765,0
31079,2,34503,0
31079,3,37471,3
31079,4,41000,1
31079,5,43213,5
31079,6,44415,6
31079,7,45586,11
31079,8,45243,4
31079,9,40135,8
31079,10,36717,4
31079,11,35876,3
31079,12,32889,2
31079,13,26856,2
31079,14,19680,0
31079,15,13261,3
31079,16,15580,1
31082,0,19444,0
31082,1,19931,0
31082,2,19613,1
31082,3,21774,3
31082,4,25689,3
31082,5,25733,9
31082,6,24395,5
31082,7,24357,7
31082,8,23894,10
31082,9,21236,5
31082,10,19518,5
31082,11,17997,2
31082,12,15774,6
31082,13,12902,2
31082,14,9515,3
31082,15,6751,2
31082,16,7857,1
31083,0,14071,0
31083,1,15312,0
31083,2,15829,0
31083,3,17105,0
31083,4,17020,2
31083,5,16090,5
31083,6,16636,0
31083,7,17491,1
31083,8,16967,5
31083,9,15299,2
31083,10,13897,3
31083,11,13183,1
31083,12,11547,1
31083,13,8893,0
31083,14,6655,1
31083,15,4541,0
31083,16,5102,0
31084,0,91208,1
31084,1,92632,0
31084,2,89066,0
31084,3,100043,4
31084,4,116463,11
31084,5,117657,16
31084,6,113239,14
31084,7,113216,14
31084,8,110428,13
31084,9,95329,11
31084,10,81292,11
31084,11,72280,7
31084,12,60979,2
31084,13,47924,3
31084,14,36387,2
31084,15,25184,1
31084,16,27338,3
31085,0,25823,0
31085,1,26606,0
31085,2,27469,0
31085,3,31201,0
31085,4,31957,4
31085,5,31063,1
31085,6,30134,2
31085,7,31554,1
31085,8,30836,1
31085,9,27022,5
31085,10,23820,2
31085,11,21595,0
31085,12,19383,2
31085,13,15532,2
31085,14,12530,1
31085,15,9095,0
31085,16,11321,1
31086,0,61747,0
31086,1,63603,0
31086,2,62582,0
31086,3,68562,3
31086,4,78813,5
31086,5,83686,8
31086,6,84081,14
31086,7,84860,18
31086,8,85929,17
31086,9,77377,7
31086,10,70449,8
31086,11,67512,10
31086,12,60108,7
31086,13,47497,6
31086,14,35128,4
31086,15,23866,2
31086,16,26859,5
31087,0,23499,0
31087,1,24271,0
31087,2,23823,0
31087,3,26092,3
31087,4,29423,5
31087,5,31174,4
31087,6,31164,4
31087,7,31316,5
31087,8,31724,5
31087,9,28209,8
31087,10,25713,2
31087,11,24472,3
31087,12,21511,1
31087,13,17299,4
31087,14,12270,3
31087,15,8114,2
31087,16,9269,2
31088,0,15916,0
31088,1,16957,0
31088,2,17610,0
31088,3,19975,2
31088,4,22227,4
31088,5,22434,3
31088,6,22177,4
31088,7,22992,5
31088,8,23497,3
31088,9,22289,3
31088,10,20590,5
31088,11,19980,1
31088,12,18347,3
31088,13,15208,1
31088,14,11227,1
31088,15,7837,1
31088,16,9555,0
31089,0,15219,0
31089,1,16303,0
31089,2,16905,0
31089,3,18353,2
31089,4,20092,6
31089,5,20236,3
31089,6,20296,3
31089,7,22131,5
31089,8,22978,1
31089,9,21198,5
31089,10,19122,5
31089,11,18222,2
31089,12,17519,2
31089,13,15645,3
31089,14,11775,3
31089,15,7973,0
31089,16,9077,3
31090,0,10675,0
31090,1,12043,0
31090,2,12562,1
31090,3,13681,0
31090,4,14372,1
31090,5,14148,2
31090,6,13990,3
31090,7,14691,1
31090,8,15714,2
31090,9,15909,1
31090,10,15759,7
31090,11,15936,3
31090,12,14499,5
31090,13,12052,3
31090,14,9086,0
31090,15,6271,0
31090,16,7220,1
31091,0,9066,0
31091,1,9566,0
31091,2,9412,0
31091,3,10100,1
31091,4,10439,1
31091,5,10267,4
31091,6,10023,2
31091,7,10311,0
31091,8,10605,1
31091,9,9783,2
31091,10,9167,2
31091,11,8756,2
31091,12,8250,2
31091,13,7298,1
31091,14,5558,0
31091,15,3679,0
31091,16,3865,0
31092,0,36886,0
31092,1,39198,0
31092,2,38853,1
31092,3,41361,6
31092,4,46139,10
31092,5,47366,11
31092,6,46819,9
31092,7,46644,12
31092,8,46992,12
31092,9,43631,11
31092,10,41618,4
31092,11,40301,5
31092,12,36190,5
31092,13,30009,3
31092,14,22345,2
31092,15,14961,0
31092,16,15479,1
31093,0,13545,0
31093,1,14083,0
31093,2,13967,0
31093,3,15890,1
31093,4,17730,1
31093,5,18423,6
31093,6,18137,0
31093,7,19088,5
31093,8,18932,1
31093,9,17554,2
31093,10,16213,2
31093,11,15407,5
31093,12,14376,4
31093,13,11797,2
31093,14,8554,4
31093,15,5753,0
31093,16,6389,1
31094,0,30557,0
31094,1,32540,0
31094,2,34535,1
31094,3,38287,1
31094,4,35742,3
31094,5,33341,4
31094,6,33620,2
31094,7,36175,2
31094,8,35685,1
31094,9,33370,2
31094,10,30700,3
31094,11,29699,2
31094,12,25847,4
31094,13,20809,2
31094,14,17334,2
31094,15,13209,1
31094,16,18227,0
31095,0,11122,0
31095,1,11610,0
31095,2,11864,0
31095,3,13672,2
31095,4,14701,1
31095,5,14260,1
31095,6,14637,2
31095,7,14140,2
31095,8,12504,3
31095,9,10833,1
31095,10,9725,2
31095,11,8941,1
31095,12,7922,1
31095,13,6500,0
31095,14,4580,1
31095,15,3267,0
31095,16,4766,1
31096,0,7510,0
31096,1,8197,0
31096,2,8665,0
31096,3,9163,0
31096,4,8929,1
31096,5,8295,1
31096,6,7800,1
31096,7,8313,1
31096,8,8578,0
31096,9,8103,0
31096,10,7633,1
31096,11,7623,0
31096,12,6775,0
31096,13,5457,0
31096,14,4123,0
31096,15,3215,0
31096,16,4833,0
31097,0,92525,0
31097,1,102467,0
31097,2,102928,1
31097,3,114181,12
31097,4,135858,14
31097,5,144141,16
31097,6,142897,19
31097,7,140652,20
31097,8,139693,12
31097,9,124768,19
31097,10,117614,8
31097,11,118628,8
31097,12,110520,12
31097,13,91661,6
31097,14,69990,3
31097,15,47002,8
31097,16,55035,7
31098,0,11210,0
31098,1,12123,0
31098,2,13344,0
31098,3,15175,0
31098,4,14356,3
31098,5,13377,3
31098,6,13540,1
31098,7,14822,2
31098,8,15146,1
31098,9,13213,3
31098,10,11682,3
31098,11,10983,3
31098,12,9968,0
31098,13,8657,0
31098,14,7186,2
31098,15,5389,1
31098,16,7017,0
31099,0,49310,0
31099,1,52447,0
31099,2,55947,0
31099,3,62400,5
31099,4,62129,10
31099,5,58090,9
31099,6,56605,8
31099,7,59378,6
31099,8,59742,8
31099,9,54979,3
31099,10,49195,8
31099,11,45769,4
31099,12,40364,2
31099,13,33597,4
31099,14,25985,2
31099,15,19193,2
31099,16,25699,0
31100,0,21428,0
31100,1,23203,0
31100,2,23608,0
31100,3,26077,0
31100,4,26168,5
31100,5,23682,3
31100,6,22704,3
31100,7,23280,2
31100,8,21659,2
31100,9,18042,1
31100,10,15624,0
31100,11,13963,0
31100,12,12685,0
31100,13,10507,1
31100,14,8279,1
31100,15,5703,0
31100,16,6665,1
31101,0,24219,0
31101,1,25335,0
31101,2,27282,1
31101,3,29821,2
31101,4,28213,5
31101,5,26906,0
31101,6,26926,5
31101,7,29585,6
31101,8,28412,3
31101,9,24220,4
31101,10,22052,2
31101,11,20627,3
31101,12,18061,3
31101,13,15098,3
31101,14,12418,0
31101,15,8892,1
31101,16,10937,2
31102,0,17211,0
31102,1,18189,0
31102,2,19873,0
31102,3,22420,1
31102,4,21803,2
31102,5,20401,2
31102,6,20499,0
31102,7,21126,0
31102,8,20765,1
31102,9,19234,3
31102,10,18147,0
31102,11,17445,1
31102,12,15157,0
31102,13,12575,1
31102,14,10125,1
31102,15,7431,0
31102,16,10080,0
32001,0,108259,0
32001,1,110956,0
32001,2,107014,0
32001,3,111700,7
32001,4,118891,14
32001,5,119661,14
32001,6,120175,8
32001,7,126423,19
32001,8,126409,14
32001,9,109845,13
32001,10,97891,12
32001,11,89611,10
32001,12,77966,10
32001,13,62406,3
32001,14,44261,3
32001,15,29561,0
32001,16,35469,3
32002,0,465521,0
32002,1,496269,0
32002,2,484196,1
32002,3,497034,28
32002,4,539139,36
32002,5,545256,56
32002,6,555037,52
32002,7,597615,55
32002,8,592601,63
32002,9,507663,63
32002,10,439212,31
32002,11,405767,35
32002,12,363541,25
32002,13,294241,16
32002,14,207102,16
32002,15,130351,6
32002,16,149137,6
32003,0,90267,0
32003,1,91893,0
32003,2,90495,2
32003,3,94618,4
32003,4,94929,5
32003,5,92212,6
32003,6,90352,13
32003,7,97069,8
32003,8,98242,13
32003,9,89064,14
32003,10,79134,4
32003,11,72796,6
32003,12,63280,5
32003,13,50226,6
32003,14,35649,3
32003,15,23230,1
32003,16,27512,3
32004,0,134749,0
32004,1,140267,1
32004,2,135933,1
32004,3,140794,11
32004,4,146565,7
32004,5,146671,19
32004,6,150294,25
32004,7,160073,14
32004,8,160825,24
32004,9,142127,13
32004,10,129381,19
32004,11,125246,11
32004,12,113590,11
32004,13,93042,10
32004,14,67011,7
32004,15,43022,3
32004,16,52372,3
33001,0,51948,0
33001,1,57083,0
33001,2,54526,1
33001,3,55282,3
33001,4,58523,4
33001,5,61219,4
33001,6,59590,6
33001,7,63185,4
33001,8,65326,3
33001,9,58630,5
33001,10,51134,5
33001,11,47860,3
33001,12,42411,2
33001,13,33355,1
33001,14,22740,1
33001,15,13653,1
33001,16,12702,0
33002,0,161119,0
33002,1,182291,0
33002,2,177648,0
33002,3,175975,8
33002,4,182340,9
33002,5,188813,16
33002,6,184087,18
33002,7,197530,7
33002,8,207835,10
33002,9,191274,11
33002,10,173173,9
33002,11,164278,12
33002,12,150859,7
33002,13,124630,7
33002,14,89494,5
33002,15,57030,3
33002,16,56375,5
33003,0,58292,0
33003,1,64366,0
33003,2,63131,0
33003,3,64128,6
33003,4,70513,3
33003,5,73573,5
33003,6,70326,4
33003,7,71112,8
33003,8,73457,9
33003,9,69126,4
33003,10,66648,1
33003,11,66218,3
33003,12,60510,4
33003,13,48916,3
33003,14,36044,1
33003,15,24841,1
33003,16,27264,0
33004,0,151602,0
33004,1,171053,0
33004,2,169796,1
33004,3,174222,9
33004,4,194086,11
33004,5,203999,15
33004,6,193794,23
33004,7,202359,23
33004,8,210413,19
33004,9,192773,16
33004,10,178312,10
33004,11,178199,7
33004,12,166241,8
33004,13,135901,4
33004,14,98328,6
33004,15,64509,1
33004,16,68964,3
33005,0,1728370,0
33005,1,2005329,0
33005,2,1942486,16
33005,3,1991503,66
33005,4,2285743,102
33005,5,2464863,126
33005,6,2359893,125
33005,7,2388738,128
33005,8,2439427,140
33005,9,2229200,111
33005,10,2008816,76
33005,11,1882668,92
33005,12,1704792,71
33005,13,1416092,57
33005,14,1058822,43
33005,15,708106,32
33005,16,814193,36
33006,0,321540,0
33006,1,372526,0
33006,2,353812,4
33006,3,361029,12
33006,4,415526,26
33006,5,454121,34
33006,6,443538,21
33006,7,461681,29
33006,8,487587,27
33006,9,457144,36
33006,10,417713,26
33006,11,397473,24
33006,12,362991,15
33006,13,299448,17
33006,14,221891,11
33006,15,149414,8
33006,16,162372,7
33007,0,61048,0
33007,1,64711,0
33007,2,63023,1
33007,3,65878,3
33007,4,72338,7
33007,5,74737,8
33007,6,72699,5
33007,7,75365,4
33007,8,79147,5
33007,9,74074,8
33007,10,70605,7
33007,11,70181,6
33007,12,62707,6
33007,13,52070,1
33007,14,39228,1
33007,15,28275,3
33007,16,32646,3
33008,0,186483,0
33008,1,207733,0
33008,2,195631,1
33008,3,195533,10
33008,4,211627,25
33008,5,223662,14
33008,6,219257,23
33008,7,226523,23
33008,8,225185,25
33008,9,198024,27
33008,10,173949,12
33008,11,165194,22
33008,12,148293,3
33008,13,115142,13
33008,14,83292,10
33008,15,55334,4
33008,16,59867,5
33009,0,159063,1
33009,1,176791,0
33009,2,174029,1
33009,3,180402,8
33009,4,200435,18
33009,5,209913,20
33009,6,203264,29
33009,7,209327,26
33009,8,218659,20
33009,9,207035,23
33009,10,194179,19
33009,11,186840,16
33009,12,167948,24
33009,13,139459,7
33009,14,107053,7
33009,15,73961,6
33009,16,81652,2
35011,0,593250,0
35011,1,666742,0
35011,2,658439,3
35011,3,667776,31
35011,4,700640,71
35011,5,692204,46
35011,6,685140,39
35011,7,724552,58
35011,8,721818,43
35011,9,640973,40
35011,10,570901,36
35011,11,499157,26
35011,12,417538,11
35011,13,322741,12
35011,14,223852,4
35011,15,138331,3
35011,16,133279,6
35012,0,126281,0
35012,1,136905,0
35012,2,134528,1
35012,3,136478,4
35012,4,143058,14
35012,5,143458,18
35012,6,142674,18
35012,7,148729,14
35012,8,147332,14
35012,9,128646,8
35012,10,110948,6
35012,11,95414,9
35012,12,80789,4
35012,13,63321,4
35012,14,43248,3
35012,15,24787,2
35012,16,21950,1
35013,0,222841,0
35013,1,258562,0
35013,2,258088,2
35013,3,256243,6
35013,4,264002,10
35013,5,260223,13
35013,6,258507,19
35013,7,284773,19
35013,8,290761,15
35013,9,253529,11
35013,10,216192,6
35013,11,183332,2
35013,12,152457,7
35013,13,118954,1
35013,14,82896,1
35013,15,50351,0
35013,16,46874,1
35014,0,384846,1
35014,1,447685,0
35014,2,435770,0
35014,3,437671,18
35014,4,459209,45
35014,5,462933,52
35014,6,468085,55
35014,7,505174,48
35014,8,506837,37
35014,9,439811,30
35014,10,376491,23
35014,11,325050,20
35014,12,269906,11
35014,13,208846,11
35014,14,146013,5
35014,15,89882,4
35014,16,86544,0
35015,0,456527,0
35015,1,527188,0
35015,2,533830,4
35015,3,546738,25
35015,4,589051,47
35015,5,602895,49
35015,6,625440,46
35015,7,684580,62
35015,8,698324,50
35015,9,621868,30
35015,10,557346,43
35015,11,508949,37
35015,12,437549,17
35015,13,351447,20
35015,14,258693,10
35015,15,172266,5
35015,16,187872,6
35016,0,1986728,0
35016,1,2251533,0
35016,2,2235281,5
35016,3,2337635,27
35016,4,2618428,58
35016,5,2755140,75
35016,6,2744298,74
35016,7,2869705,75
35016,8,2884546,66
35016,9,2576930,63
35016,10,2302120,57
35016,11,2088901,43
35016,12,1830790,27
35016,13,1493823,16
35016,14,1121922,15
35016,15,767275,10
35016,16,911845,17
35021,0,51100,0
35021,1,58228,0
35021,2,58075,0
35021,3,55756,5
35021,4,59686,5
35021,5,63842,7
35021,6,66920,8
35021,7,72208,7
35021,8,73207,10
35021,9,66629,10
35021,10,61796,4
35021,11,59319,12
35021,12,52420,1
35021,13,42394,4
35021,14,31649,3
35021,15,22385,0
35021,16,25165,1
35022,0,31089,0
35022,1,35607,0
35022,2,36756,0
35022,3,36565,2
35022,4,38839,7
35022,5,43231,7
35022,6,45580,6
35022,7,47099,5
35022,8,47032,6
35022,9,44124,5
35022,10,42034,5
35022,11,39883,4
35022,12,35245,2
35022,13,28503,5
35022,14,21791,2
35022,15,16138,1
35022,16,17284,3
35023,0,46634,0
35023,1,52647,0
35023,2,53236,0
35023,3,51958,1
35023,4,53593,4
35023,5,55124,11
35023,6,56834,13
35023,7,60333,6
35023,8,61985,5
35023,9,58122,5
35023,10,55177,11
35023,11,52051,8
35023,12,46100,6
35023,13,37668,1
35023,14,28041,2
35023,15,19733,0
35023,16,21461,0
35031,0,55482,0
35031,1,62643,0
35031,2,62001,1
35031,3,62118,2
35031,4,66934,7
35031,5,71507,12
35031,6,74175,14
35031,7,78182,16
35031,8,79703,13
35031,9,69720,9
35031,10,62313,11
35031,11,58418,7
35031,12,52331,4
35031,13,42119,1
35031,14,30966,1
35031,15,21084,1
35031,16,23844,4
35032,0,69440,0
35032,1,76981,0
35032,2,75031,1
35032,3,79935,5
35032,4,89493,7
35032,5,90232,14
35032,6,90014,15
35032,7,94665,14
35032,8,95382,14
35032,9,85781,9
35032,10,76901,1
35032,11,71625,6
35032,12,64297,3
35032,13,52049,5
35032,14,38534,2
35032,15,26350,0
35032,16,30548,1
35033,0,51143,0
35033,1,55950,0
35033,2,56029,1
35033,3,57339,6
35033,4,59597,10
35033,5,61859,11
35033,6,64168,13
35033,7,69332,8
35033,8,70222,14
35033,9,62919,6
35033,10,58016,9
35033,11,55155,5
35033,12,48960,3
35033,13,39857,6
35033,14,29143,2
35033,15,19925,0
35033,16,22135,2
35041,0,318024,0
35041,1,369554,0
35041,2,376167,4
35041,3,379904,25
35041,4,387401,40
35041,5,380460,51
35041,6,383937,36
35041,7,414731,64
35041,8,434506,49
35041,9,394508,50
35041,10,357682,29
35041,11,337178,17
35041,12,309647,20
35041,13,261815,21
35041,14,195776,7
35041,15,127886,7
35041,16,140429,7
35051,0,52104,0
35051,1,57843,0
35051,2,56789,0
35051,3,57508,2
35051,4,60158,5
35051,5,62432,7
35051,6,66150,10
35051,7,70887,5
35051,8,69863,15
35051,9,61232,8
35051,10,55836,8
35051,11,53139,3
35051,12,47029,7
35051,13,37687,3
35051,14,28692,1
35051,15,20050,0
35051,16,21182,3
35052,0,25986,0
35052,1,27431,0
35052,2,27209,0
35052,3,28105,1
35052,4,29444,3
35052,5,31000,5
35052,6,32140,5
35052,7,34583,3
35052,8,34248,5
35052,9,30680,4
35052,10,28395,2
35052,11,26600,2
35052,12,23850,1
35052,13,19655,0
35052,14,15298,0
35052,15,10713,1
35052,16,12278,1
35061,0,58695,0
35061,1,63486,0
35061,2,63397,1
35061,3,63864,9
35061,4,65213,10
35061,5,66291,18
35061,6,68185,18
35061,7,71811,7
35061,8,71255,9
35061,9,64801,9
35061,10,57750,5
35061,11,54624,10
35061,12,49660,4
35061,13,41067,1
35061,14,30287,5
35061,15,20013,3
35061,16,21139,1
35062,0,116907,0
35062,1,128117,0
35062,2,126954,1
35062,3,129749,6
35062,4,143301,16
35062,5,151588,15
35062,6,149824,23
35062,7,156570,18
35062,8,157450,16
35062,9,140095,19
35062,10,124141,14
35062,11,116369,10
35062,12,104294,12
35062,13,84965,2
35062,14,62381,5
35062,15,43075,5
35062,16,48742,2
35063,0,55232,0
35063,1,61700,0
35063,2,62286,1
35063,3,64329,3
35063,4,67530,8
35063,5,67483,12
35063,6,68218,13
35063,7,71364,15
35063,8,71234,11
35063,9,64680,7
35063,10,58149,10
35063,11,54121,9
35063,12,49282,6
35063,13,41135,5
35063,14,30608,1
35063,15,20623,2
35063,16,23409,1
35064,0,57794,0
35064,1,62867,0
35064,2,63550,1
35064,3,65671,8
35064,4,66759,12
35064,5,67209,7
35064,6,70153,5
35064,7,77592,8
35064,8,78919,9
35064,9,72282,12
35064,10,66225,5
35064,11,63152,2
35064,12,57206,6
35064,13,46578,4
35064,14,33930,2
35064,15,22848,2
35064,16,26205,1
35065,0,28241,0
35065,1,31104,0
35065,2,31636,0
35065,3,31722,4
35065,4,32712,7
35065,5,33583,7
35065,6,34158,7
35065,7,36290,3
35065,8,37458,8
35065,9,33865,2
35065,10,31432,1
35065,11,30389,6
35065,12,27633,6
35065,13,22744,1
35065,14,16986,1
35065,15,11574,0
35065,16,13496,1
35071,0,88850,0
35071,1,98935,0
35071,2,97552,0
35071,3,97274,6
35071,4,103163,13
35071,5,105527,11
35071,6,111760,14
35071,7,120771,23
35071,8,123912,19
35071,9,110586,10
35071,10,98810,16
35071,11,90685,14
35071,12,81936,6
35071,13,67994,5
35071,14,51584,9
35071,15,34972,5
35071,16,38333,1
35072,0,569602,0
35072,1,635298,0
35072,2,626939,3
35072,3,632024,39
35072,4,687782,53
35072,5,733522,63
35072,6,761183,79
35072,7,809086,88
35072,8,814362,73
35072,9,712132,56
35072,10,630724,62
35072,11,573713,44
35072,12,503090,34
35072,13,404325,29
35072,14,292566,23
35072,15,192232,20
35072,16,211108,18
35073,0,160998,0
35073,1,176983,0
35073,2,172158,1
35073,3,170254,7
35073,4,181847,17
35073,5,192174,16
35073,6,203453,12
35073,7,220441,14
35073,8,220166,21
35073,9,187325,19
35073,10,162297,12
35073,11,144593,11
35073,12,125438,5
35073,13,101295,5
35073,14,73984,3
35073,15,48991,3
35073,16,54391,8
35074,0,21076,0
35074,1,23984,0
35074,2,23534,0
35074,3,24247,3
35074,4,26198,5
35074,5,26251,5
35074,6,28349,4
35074,7,31209,1
35074,8,32615,3
35074,9,29436,5
35074,10,27235,4
35074,11,25549,5
35074,12,24005,5
35074,13,20677,0
35074,14,15732,3
35074,15,10687,0
35074,16,13125,1
35081,0,81585,0
35081,1,89257,0
35081,2,86031,0
35081,3,90149,7
35081,4,96964,12
35081,5,97291,7
35081,6,98266,21
35081,7,100411,19
35081,8,99159,17
35081,9,89161,10
35081,10,83038,10
35081,11,77323,5
35081,12,67658,4
35081,13,54509,4
35081,14,39833,2
35081,15,26641,2
35081,16,29032,3
35082,0,26558,0
35082,1,29571,0
35082,2,30006,0
35082,3,31441,5
35082,4,31782,4
35082,5,32429,4
35082,6,33215,3
35082,7,35907,6
35082,8,36198,2
35082,9,32191,5
35082,10,29758,2
35082,11,27853,1
35082,12,24482,3
35082,13,19348,1
35082,14,14537,1
35082,15,9830,2
35082,16,10467,3
35083,0,20558,0
35083,1,21801,0
35083,2,22297,0
35083,3,23712,1
35083,4,23920,2
35083,5,23473,3
35083,6,23446,2
35083,7,25691,5
35083,8,26613,2
35083,9,24098,1
35083,10,21948,4
35083,11,20940,5
35083,12,19154,2
35083,13,15803,1
35083,14,11862,0
35083,15,8341,2
35083,16,9185,0
35091,0,19894,0
35091,1,21627,0
35091,2,21820,0
35091,3,22767,5
35091,4,27291,4
35091,5,31149,4
35091,6,31442,5
35091,7,31095,5
35091,8,30607,5
35091,9,28050,0
35091,10,26638,5
35091,11,26370,3
35091,12,24216,0
35091,13,19691,2
35091,14,14929,2
35091,15,10957,1
35091,16,12962,1
35092,0,40741,0
35092,1,46800,0
35092,2,47091,0
35092,3,46350,6
35092,4,48246,6
35092,5,50327,5
35092,6,52051,9
35092,7,54545,13
35092,8,55046,8
35092,9,51047,10
35092,10,47593,6
35092,11,46128,7
35092,12,41121,5
35092,13,33445,3
35092,14,24868,1
35092,15,17339,2
35092,16,19008,0
35093,0,71399,0
35093,1,77073,0
35093,2,75245,0
35093,3,74765,4
35093,4,80575,10
35093,5,83513,14
35093,6,83450,24
35093,7,88063,19
35093,8,91340,10
35093,9,84627,11
35093,10,76177,10
35093,11,71361,12
35093,12,64881,11
35093,13,54500,2
35093,14,41164,5
35093,15,28401,1
35093,16,32332,1
35094,0,43106,0
35094,1,47237,0
35094,2,47992,0
35094,3,48315,1
35094,4,49014,6
35094,5,49296,9
35094,6,49142,8
35094,7,52013,1
35094,8,52689,4
35094,9,48802,5
35094,10,45732,4
35094,11,43963,11
35094,12,38721,3
35094,13,32276,2
35094,14,25058,2
35094,15,17422,1
35094,16,18644,0
35095,0,21705,0
35095,1,23873,0
35095,2,23701,0
35095,3,24858,1
35095,4,25319,3
35095,5,25335,3
35095,6,25498,9
35095,7,27837,3
35095,8,28835,5
35095,9,26851,4
35095,10,25834,2
35095,11,25461,1
35095,12,23173,2
35095,13,19006,4
35095,14,14774,2
35095,15,10821,1
35095,16,12887,0
35101,0,61682,0
35101,1,67039,0
35101,2,66906,0
35101,3,68010,1
35101,4,71692,8
35101,5,75007,7
35101,6,78054,14
35101,7,82416,5
35101,8,82120,13
35101,9,72237,7
35101,10,65530,1
35101,11,62254,9
35101,12,55031,9
35101,13,44327,3
35101,14,33164,2
35101,15,22798,0
35101,16,25228,3
35102,0,64128,0
35102,1,69631,0
35102,2,69012,2
35102,3,72774,4
35102,4,80066,12
35102,5,81756,10
35102,6,84405,11
35102,7,89422,6
35102,8,89025,11
35102,9,78475,13
35102,10,71408,6
35102,11,66523,5
35102,12,59069,5
35102,13,47639,6
35102,14,33666,2
35102,15,21972,1
35102,16,23583,0
35103,0,109555,0
35103,1,122057,0
35103,2,119791,1
35103,3,122469,6
35103,4,131283,20
35103,5,137828,16
35103,6,142435,11
35103,7,152979,17
35103,8,151419,18
35103,9,132101,17
35103,10,115923,11
35103,11,107395,13
35103,12,96289,7
35103,13,78494,10
35103,14,59041,6
35103,15,39980,1
35103,16,43659,2
35104,0,45951,0
35104,1,50706,0
35104,2,50720,0
35104,3,51374,1
35104,4,57834,8
35104,5,60924,7
35104,6,60934,2
35104,7,63888,7
35104,8,63975,6
35104,9,56222,10
35104,10,49894,5
35104,11,46315,4
35104,12,41201,3
35104,13,32696,2
35104,14,24336,2
35104,15,17104,1
35104,16,19470,1
35111,0,22501,0
35111,1,24921,0
35111,2,24873,1
35111,3,24665,2
35111,4,25587,0
35111,5,28113,6
35111,6,29646,2
35111,7,30791,1
35111,8,30984,1
35111,9,28398,3
35111,10,26812,2
35111,11,26038,1
35111,12,23875,2
35111,13,20122,0
35111,14,15152,0
35111,15,10833,0
35111,16,12534,4
35112,0,72735,0
35112,1,78588,0
35112,2,77514,1
35112,3,79377,5
35112,4,85874,10
35112,5,89686,10
35112,6,89737,13
35112,7,92074,24
35112,8,93434,10
35112,9,86975,6
35112,10,84448,9
35112,11,82174,1
35112,12,72024,6
35112,13,57287,4
35112,14,43031,5
35112,15,31064,5
35112,16,35335,1
35113,0,10503,0
35113,1,11955,0
35113,2,11787,0
35113,3,11551,0
35113,4,11447,6
35113,5,11543,1
35113,6,11706,1
35113,7,12453,2
35113,8,12736,3
35113,9,12042,4
35113,10,11830,3
35113,11,11596,1
35113,12,10013,1
35113,13,7922,0
35113,14,5555,0
35113,15,3950,1
35113,16,4554,0
35114,0,14092,0
35114,1,16094,0
35114,2,16701,0
35114,3,17244,2
35114,4,17945,3
35114,5,18102,3
35114,6,18188,3
35114,7,19279,4
35114,8,20526,4
35114,9,19787,0
35114,10,19197,2
35114,11,19150,3
35114,12,16899,4
35114,13,13423,2
35114,14,9981,2
35114,15,6914,1
35114,16,7789,1
35115,0,11820,0
35115,1,13338,0
35115,2,13766,1
35115,3,13571,1
35115,4,12350,5
35115,5,11679,2
35115,6,12283,2
35115,7,13195,2
35115,8,14103,1
35115,9,14095,3
35115,10,13998,2
35115,11,13442,2
35115,12,11343,1
35115,13,8870,0
35115,14,6548,0
35115,15,4661,0
35115,16,4714,0
35121,0,55231,0
35121,1,62537,0
35121,2,63579,1
35121,3,62607,5
35121,4,57717,6
35121,5,54181,9
35121,6,54198,11
35121,7,59469,7
35121,8,63303,11
35121,9,59243,6
35121,10,54275,2
35121,11,50941,3
35121,12,46121,4
35121,13,39025,4
35121,14,28964,2
35121,15,19597,1
35121,16,21400,0
35131,0,78234,0
35131,1,84855,0
35131,2,85375,1
35131,3,88221,2
35131,4,92886,11
35131,5,94268,11
35131,6,97111,10
35131,7,105028,19
35131,8,103943,11
35131,9,89925,22
35131,10,79750,6
35131,11,73689,11
35131,12,63803,5
35131,13,50263,6
35131,14,36566,2
35131,15,24392,2
35131,16,26309,8
35132,0,162874,0
35132,1,177800,0
35132,2,176557,0
35132,3,183217,15
35132,4,206938,16
35132,5,224178,20
35132,6,227940,28
35132,7,237204,32
35132,8,232405,36
35132,9,196945,31
35132,10,171986,19
35132,11,159642,25
35132,12,142888,13
35132,13,117041,12
35132,14,86779,5
35132,15,59168,5
35132,16,68536,1
35133,0,25254,0
35133,1,27182,0
35133,2,27354,0
35133,3,27653,2
35133,4,28714,3
35133,5,30141,3
35133,6,30607,5
35133,7,31744,2
35133,8,31714,6
35133,9,27650,6
35133,10,25715,3
35133,11,25036,2
35133,12,22939,0
35133,13,19284,3
35133,14,14578,0
35133,15,9934,0
35133,16,11618,1
35141,0,58607,0
35141,1,64321,0
35141,2,63453,1
35141,3,64104,2
35141,4,68511,4
35141,5,72958,7
35141,6,76165,7
35141,7,82019,3
35141,8,81791,13
35141,9,72634,13
35141,10,66856,15
35141,11,63049,7
35141,12,56370,7
35141,13,46646,3
35141,14,34197,2
35141,15,22697,3
35141,16,23666,1
35142,0,47151,0
35142,1,51567,0
35142,2,51488,0
35142,3,53302,3
35142,4,56280,7
35142,5,57514,5
35142,6,58272,11
35142,7,62717,15
35142,8,63812,12
35142,9,58351,18
35142,10,55174,7
35142,11,53112,10
35142,12,47671,5
35142,13,39353,6
35142,14,29207,1
35142,15,19625,2
35142,16,22458,2
35143,0,35463,0
35143,1,38836,0
35143,2,39081,0
35143,3,40124,3
35143,4,41865,5
35143,5,43092,8
35143,6,44677,13
35143,7,47908,5
35143,8,48823,7
35143,9,43400,4
35143,10,40744,6
35143,11,40684,1
35143,12,38346,3
35143,13,32477,4
35143,14,24423,1
35143,15,16412,0
35143,16,17809,1
35151,0,50352,0
35151,1,56449,0
35151,2,57442,1
35151,3,58006,0
35151,4,58946,6
35151,5,61982,2
35151,6,65158,11
35151,7,70736,14
35151,8,72471,7
35151,9,65453,5
35151,10,61040,10
35151,11,58392,12
35151,12,52259,6
35151,13,43584,3
35151,14,33379,3
35151,15,23268,1
35151,16,27161,3
35152,0,9570,0
35152,1,9914,0
35152,2,9780,0
35152,3,9681,0
35152,4,10414,4
35152,5,10509,0
35152,6,10628,0
35152,7,11580,6
35152,8,12248,0
35152,9,11339,1
35152,10,10830,5
35152,11,10549,1
35152,12,9788,1
35152,13,8546,3
35152,14,6553,1
35152,15,4800,0
35152,16,5148,0
35153,0,16518,0
35153,1,18141,0
35153,2,18593,0
35153,3,18930,1
35153,4,18998,5
35153,5,19285,1
35153,6,20043,3
35153,7,21953,3
35153,8,23677,5
35153,9,22802,4
35153,10,22117,1
35153,11,21996,3
35153,12,20434,5
35153,13,16867,1
35153,14,12898,1
35153,15,9388,2
35153,16,10694,2
35154,0,20159,0
35154,1,22632,0
35154,2,22543,0
35154,3,23034,1
35154,4,24287,5
35154,5,24735,3
35154,6,25447,1
35154,7,27228,2
35154,8,28487,5
35154,9,26204,3
35154,10,24854,1
35154,11,24209,7
35154,12,22642,4
35154,13,19117,2
35154,14,14623,1
35154,15,10283,1
35154,16,11776,1
35155,0,139241,0
35155,1,149212,0
35155,2,146132,0
35155,3,146188,8
35155,4,161058,18
35155,5,174012,20
35155,6,180806,22
35155,7,189422,26
35155,8,190107,17
35155,9,167256,14
35155,10,150471,16
35155,11,141782,4
35155,12,126704,6
35155,13,103293,8
35155,14,77666,12
35155,15,54556,5
35155,16,62316,4
35156,0,19167,0
35156,1,20451,0
35156,2,20415,0
35156,3,20762,1
35156,4,21336,2
35156,5,21461,4
35156,6,22556,2
35156,7,24225,2
35156,8,23820,1
35156,9,21258,3
35156,10,19626,2
35156,11,18957,1
35156,12,16678,1
35156,13,13769,0
35156,14,10382,2
35156,15,7400,0
35156,16,8036,0
35157,0,33694,0
35157,1,36753,0
35157,2,36628,2
35157,3,36755,2
35157,4,39712,5
35157,5,41712,7
35157,6,43779,7
35157,7,46309,8
35157,8,46451,10
35157,9,41950,8
35157,10,39388,4
35157,11,38805,4
35157,12,36114,5
35157,13,30424,7
35157,14,23247,1
35157,15,16846,0
35157,16,18642,2
35161,0,96644,0
35161,1,105439,0
35161,2,105409,1
35161,3,108438,6
35161,4,113773,15
35161,5,114540,12
35161,6,114412,14
35161,7,119268,24
35161,8,119647,13
35161,9,105551,15
35161,10,93742,13
35161,11,85925,9
35161,12,76915,5
35161,13,61952,10
35161,14,45939,4
35161,15,30948,3
35161,16,31819,3
35162,0,57390,0
35162,1,61478,0
35162,2,60536,1
35162,3,62938,11
35162,4,62862,13
35162,5,61274,14
35162,6,60277,9
35162,7,62300,12
35162,8,62475,8
35162,9,56961,10
35162,10,51912,3
35162,11,48107,6
35162,12,41725,10
35162,13,32463,2
35162,14,24247,6
35162,15,16162,1
35162,16,15916,5
35163,0,344899,0
35163,1,375577,0
35163,2,367449,3
35163,3,370025,30
35163,4,395523,52
35163,5,411832,49
35163,6,422911,64
35163,7,447505,78
35163,8,445240,70
35163,9,390164,51
35163,10,343713,27
35163,11,315024,31
35163,12,278337,20
35163,13,221014,18
35163,14,157765,12
35163,15,103490,11
35163,16,107285,3
35171,0,203372,0
35171,1,228867,0
35171,2,227108,1
35171,3,224869,7
35171,4,234729,23
35171,5,239280,29
35171,6,249273,31
35171,7,269724,25
35171,8,275950,27
35171,9,243368,23
35171,10,213945,14
35171,11,197426,19
35171,12,174599,7
35171,13,142912,4
35171,14,105501,6
35171,15,68889,4
35171,16,68187,5
35172,0,83763,0
35172,1,91552,0
35172,2,91894,0
35172,3,93860,2
35172,4,96524,7
35172,5,97466,14
35172,6,99135,10
35172,7,104524,11
35172,8,108002,11
35172,9,98121,12
35172,10,91178,11
35172,11,88660,9
35172,12,79350,6
35172,13,64267,4
35172,14,47126,1
35172,15,31855,2
35172,16,33289,2
35173,0,69974,0
35173,1,77211,0
35173,2,76499,1
35173,3,75622,5
35173,4,76034,13
35173,5,77158,15
35173,6,78896,11
35173,7,84039,9
35173,8,87127,9
35173,9,77644,8
35173,10,66869,6
35173,11,58384,7
35173,12,50361,2
35173,13,40602,2
35173,14,28961,0
35173,15,18200,3
35173,16,17999,0
35174,0,114931,0
35174,1,128471,0
35174,2,126554,1
35174,3,126518,2
35174,4,133591,7
35174,5,137920,18
35174,6,141861,8
35174,7,151397,6
35174,8,155378,9
35174,9,136595,9
35174,10,122399,12
35174,11,113856,8
35174,12,101163,7
35174,13,82651,3
35174,14,59998,2
35174,15,39272,0
35174,16,40651,1
41001,0,61195,0
41001,1,67027,0
41001,2,66926,2
41001,3,68410,7
41001,4,65526,6
41001,5,65118,8
41001,6,64838,12
41001,7,65427,11
41001,8,66626,12
41001,9,62510,9
41001,10,60623,9
41001,11,58316,4
41001,12,51582,2
41001,13,41511,4
41001,14,29584,3
41001,15,17987,2
41001,16,16669,0
41002,0,635627,0
41002,1,731430,0
41002,2,729637,9
41002,3,760211,47
41002,4,844789,93
41002,5,884553,117
41002,6,874238,118
41002,7,875564,119
41002,8,881841,99
41002,9,782014,85
41002,10,707280,64
41002,11,636824,56
41002,12,540561,53
41002,13,426227,19
41002,14,311750,24
41002,15,203191,15
41002,16,208478,15
41003,0,132385,0
41003,1,144755,0
41003,2,142611,0
41003,3,149346,18
41003,4,156543,22
41003,5,156672,27
41003,6,149876,26
41003,7,144356,21
41003,8,143566,25
41003,9,130384,27
41003,10,117638,12
41003,11,106429,9
41003,12,91710,13
41003,13,71522,6
41003,14,51814,4
41003,15,34189,4
41003,16,33316,3
41004,0,32676,0
41004,1,35179,0
41004,2,34474,0
41004,3,36809,2
41004,4,37673,2
41004,5,37831,7
41004,6,36837,6
41004,7,36461,7
41004,8,36269,8
41004,9,34110,6
41004,10,32600,2
41004,11,30958,5
41004,12,26520,2
41004,13,20491,4
41004,14,14818,0
41004,15,9961,2
41004,16,9264,0
41005,0,98394,0
41005,1,103400,0
41005,2,99226,3
41005,3,104548,11
41005,4,107963,21
41005,5,106401,23
41005,6,99622,29
41005,7,96722,18
41005,8,97923,19
41005,9,91461,15
41005,10,86929,16
41005,11,80703,24
41005,12,69070,13
41005,13,54474,2
41005,14,39137,6
41005,15,25676,5
41005,16,23965,2
41006,0,32246,0
41006,1,34387,0
41006,2,33683,0
41006,3,36623,6
41006,4,38555,8
41006,5,36717,6
41006,6,34622,5
41006,7,35073,5
41006,8,35798,8
41006,9,33926,8
41006,10,32527,8
41006,11,30522,3
41006,12,26259,2
41006,13,20302,1
41006,14,14894,3
41006,15,9999,2
41006,16,10169,2
41007,0,60423,0
41007,1,63642,1
41007,2,59491,3
41007,3,61670,2
41007,4,65832,11
41007,5,67893,19
41007,6,65474,16
41007,7,62900,14
41007,8,59815,12
41007,9,53893,12
41007,10,52005,10
41007,11,49594,5
41007,12,43293,6
41007,13,34366,9
41007,14,25574,6
41007,15,16287,4
41007,16,16624,3
41008,0,77971,0
41008,1,79902,0
41008,2,76117,2
41008,3,79668,10
41008,4,86793,16
41008,5,91119,13
41008,6,88339,18
41008,7,85200,13
41008,8,81616,12
41008,9,75126,13
41008,10,74553,16
41008,11,74134,20
41008,12,64601,8
41008,13,51283,10
41008,14,37804,14
41008,15,25481,8
41008,16,25366,3
41009,0,90866,0
41009,1,97186,0
41009,2,93834,1
41009,3,98480,6
41009,4,109339,8
41009,5,113247,18
41009,6,108549,18
41009,7,103976,24
41009,8,100425,14
41009,9,91685,10
41009,10,85790,11
41009,11,78662,4
41009,12,65091,11
41009,13,50027,9
41009,14,35393,5
41009,15,22934,7
41009,16,21897,4
41010,0,120117,0
41010,1,124683,0
41010,2,116342,1
41010,3,121443,8
41010,4,133899,21
41010,5,143908,21
41010,6,139189,20
41010,7,133839,20
41010,8,128173,28
41010,9,118566,21
41010,10,113019,20
41010,11,104821,20
41010,12,87998,10
41010,13,68718,4
41010,14,50888,12
41010,15,34518,3
41010,16,34313,3
41011,0,64362,0
41011,1,69480,0
41011,2,67424,0
41011,3,69674,4
41011,4,71792,12
41011,5,73933,9
41011,6,73151,9
41011,7,72878,8
41011,8,73287,10
41011,9,70776,8
41011,10,71935,9
41011,11,70832,9
41011,12,60559,6
41011,13,47821,10
41011,14,35715,3
41011,15,24333,4
41011,16,26746,1
41012,0,56523,0
41012,1,59302,0
41012,2,56749,2
41012,3,58004,4
41012,4,60267,11
41012,5,62725,9
41012,6,63043,6
41012,7,63330,12
41012,8,62976,6
41012,9,60240,9
41012,10,60273,4
41012,11,57847,5
41012,12,50453,2
41012,13,40289,4
41012,14,30590,3
41012,15,21808,3
41012,16,24952,1
41013,0,29255,0
41013,1,31498,0
41013,2,30892,0
41013,3,31329,1
41013,4,32188,1
41013,5,33706,8
41013,6,34110,2
41013,7,34290,5
41013,8,33870,4
41013,9,32552,4
41013,10,32606,3
41013,11,31136,3
41013,12,25796,4
41013,13,20302,1
41013,14,15189,3
41013,15,10513,3
41013,16,12346,2
41014,0,52769,0
41014,1,57190,0
41014,2,56479,2
41014,3,56580,4
41014,4,56192,8
41014,5,58454,12
41014,6,58922,7
41014,7,58615,17
41014,8,58466,9
41014,9,56066,13
41014,10,56536,14
41014,11,55357,1
41014,12,47221,3
41014,13,36425,6
41014,14,27264,4
41014,15,19425,0
41014,16,22426,2
41015,0,162400,0
41015,1,172302,0
41015,2,164257,0
41015,3,171082,10
41015,4,194640,16
41015,5,210451,23
41015,6,209143,28
41015,7,203485,23
41015,8,197238,23
41015,9,179164,21
41015,10,173974,15
41015,11,166855,17
41015,12,141686,10
41015,13,114245,13
41015,14,86465,12
41015,15,59310,5
41015,16,63414,2
41016,0,70827,0
41016,1,78526,0
41016,2,76345,1
41016,3,78031,5
41016,4,80971,9
41016,5,83689,15
41016,6,84536,13
41016,7,84533,12
41016,8,85439,8
41016,9,78630,11
41016,10,76545,8
41016,11,73124,14
41016,12,62339,1
41016,13,50296,1
41016,14,38007,6
41016,15,26696,0
41016,16,28782,3
41017,0,168151,0
41017,1,186412,0
41017,2,182563,2
41017,3,193825,16
41017,4,215084,17
41017,5,222295,29
41017,6,216146,24
41017,7,213284,24
41017,8,216775,29
41017,9,195482,20
41017,10,188025,9
41017,11,181797,15
41017,12,157104,14
41017,13,129612,17
41017,14,99665,5
41017,15,69176,7
41017,16,75977,7
41018,0,36396,0
41018,1,40720,0
41018,2,41000,0
41018,3,42899,5
41018,4,42818,10
41018,5,42536,7
41018,6,41882,2
41018,7,43945,8
41018,8,45582,7
41018,9,44036,3
41018,10,45013,4
41018,11,45267,4
41018,12,40924,5
41018,13,34031,2
41018,14,26598,1
41018,15,18252,1
41018,16,20140,2
41019,0,57817,0
41019,1,60748,0
41019,2,58836,1
41019,3,61031,2
41019,4,62206,12
41019,5,62937,14
41019,6,62265,11
41019,7,63062,10
41019,8,63511,15
41019,9,59203,10
41019,10,58132,8
41019,11,57290,9
41019,12,51868,7
41019,13,41813,8
41019,14,31707,3
41019,15,21425,4
41019,16,21774,1
41020,0,84492,0
41020,1,89294,0
41020,2,84996,0
41020,3,85893,9
41020,4,93210,20
41020,5,98501,13
41020,6,98158,14
41020,7,96449,10
41020,8,94116,16
41020,9,86687,13
41020,10,84003,18
41020,11,80006,12
41020,12,66824,14
41020,13,52066,4
41020,14,39707,4
41020,15,27958,6
41020,16,29428,6
41021,0,39527,0
41021,1,42243,0
41021,2,40613,0
41021,3,42044,4
41021,4,42196,4
41021,5,41195,7
41021,6,40294,10
41021,7,40530,3
41021,8,41560,5
41021,9,37323,10
41021,10,33931,6
41021,11,30880,1
41021,12,26542,5
41021,13,20689,2
41021,14,15234,1
41021,15,10147,0
41021,16,9964,2
41022,0,23804,0
41022,1,26593,0
41022,2,27356,0
41022,3,27811,2
41022,4,26174,4
41022,5,26620,7
41022,6,26794,1
41022,7,27523,6
41022,8,28572,4
41022,9,27913,4
41022,10,28447,3
41022,11,27968,4
41022,12,25336,2
41022,13,20767,4
41022,14,15690,2
41022,15,11006,2
41022,16,11934,3
42001,0,47131,0
42001,1,47219,0
42001,2,44474,1
42001,3,44120,9
42001,4,47910,7
42001,5,53507,7
42001,6,56245,10
42001,7,56996,11
42001,8,52589,11
42001,9,48589,12
42001,10,47693,18
42001,11,48904,24
42001,12,45308,17
42001,13,36391,14
42001,14,27041,11
42001,15,18710,10
42001,16,19972,10
42002,0,90829,0
42002,1,88396,0
42002,2,79142,2
42002,3,79110,4
42002,4,96668,13
42002,5,113174,16
42002,6,112679,19
42002,7,106965,21
42002,8,95138,26
42002,9,82152,14
42002,10,75664,22
42002,11,71663,17
42002,12,61473,17
42002,13,47215,9
42002,14,34471,6
42002,15,23173,3
42002,16,23401,7
42003,0,45938,0
42003,1,45163,0
42003,2,41572,0
42003,3,41422,3
42003,4,45930,6
42003,5,49864,9
42003,6,48640,10
42003,7,48379,0
42003,8,45390,11
42003,9,41112,8
42003,10,39302,6
42003,11,38499,9
42003,12,34257,7
42003,13,26721,6
42003,14,19624,8
42003,15,13383,3
42003,16,13500,2
42004,0,62766,0
42004,1,64315,0
42004,2,61535,0
42004,3,62748,6
42004,4,69018,8
42004,5,75213,18
42004,6,76747,11
42004,7,76972,12
42004,8,71074,12
42004,9,63864,11
42004,10,59377,17
42004,11,57783,14
42004,12,50131,20
42004,13,38826,11
42004,14,29066,9
42004,15,19846,7
42004,16,19364,6
42005,0,168652,0
42005,1,175286,0
42005,2,165202,2
42005,3,162876,7
42005,4,188849,21
42005,5,223574,28
42005,6,230649,18
42005,7,229650,28
42005,8,212982,31
42005,9,174726,28
42005,10,147979,18
42005,11,133800,12
42005,12,116012,19
42005,13,91522,11
42005,14,64134,8
42005,15,39051,4
42005,16,38182,2
42006,0,155692,0
42006,1,160537,0
42006,2,152830,1
42006,3,156407,9
42006,4,186691,21
42006,5,217971,22
42006,6,224515,26
42006,7,221077,30
42006,8,204703,27
42006,9,175666,29
42006,10,158219,30
42006,11,147798,29
42006,12,125221,29
42006,13,94846,20
42006,14,68381,17
42006,15,44611,11
42006,16,46224,10
42007,0,247034,0
42007,1,263897,1
42007,2,252909,1
42007,3,255525,18
42007,4,308324,39
42007,5,368149,48
42007,6,382246,47
42007,7,384263,47
42007,8,360963,38
42007,9,301396,37
42007,10,260530,32
42007,11,240454,33
42007,12,210498,24
42007,13,164877,19
42007,14,120757,13
42007,15,77859,8
42007,16,81371,7
42008,0,38683,0
42008,1,39003,0
42008,2,36675,1
42008,3,37421,1
42008,4,42131,5
42008,5,46166,15
42008,6,46036,7
42008,7,45578,9
42008,8,44132,8
42008,9,40213,3
42008,10,38343,8
42008,11,37317,5
42008,12,32782,5
42008,13,25557,8
42008,14,19054,6
42008,15,13189,2
42008,16,14134,2
42009,0,61742,0
42009,1,64134,0
42009,2,60111,1
42009,3,60459,9
42009,4,67816,13
42009,5,71857,15
42009,6,68788,18
42009,7,66662,17
42009,8,63672,9
42009,9,58448,6
42009,10,55635,12
42009,11,52148,8
42009,12,43862,10
42009,13,33058,4
42009,14,24202,4
42009,15,16551,4
42009,16,16303,4
42010,0,31237,0
42010,1,30788,0
42010,2,28617,1
42010,3,28059,1
42010,4,32285,2
42010,5,35421,5
42010,6,35939,8
42010,7,36978,7
42010,8,35301,12
42010,9,32088,7
42010,10,30508,16
42010,11,30218,11
42010,12,27207,10
42010,13,22431,8
42010,14,17258,5
42010,15,12013,6
42010,16,12343,1
42011,0,155832,0
42011,1,166625,0
42011,2,161272,3
42011,3,159998,7
42011,4,181302,20
42011,5,204573,18
42011,6,205803,26
42011,7,203786,21
42011,8,194901,27
42011,9,169583,15
42011,10,151013,12
42011,11,139411,17
42011,12,118741,14
42011,13,92114,12
42011,14,65482,4
42011,15,39986,5
42011,16,39214,5
42012,0,74239,0
42012,1,77197,0
42012,2,76185,0
42012,3,78927,7
42012,4,82595,13
42012,5,85425,7
42012,6,85029,17
42012,7,87683,9
42012,8,88487,13
42012,9,82341,13
42012,10,74347,13
42012,11,69447,17
42012,12,60028,10
42012,13,45771,4
42012,14,32688,9
42012,15,21445,3
42012,16,20939,4
42013,0,58260,0
42013,1,61863,0
42013,2,60099,0
42013,3,61343,3
42013,4,66101,10
42013,5,69623,5
42013,6,68295,13
42013,7,67680,11
42013,8,65037,10
42013,9,60476,9
42013,10,58668,13
42013,11,57184,10
42013,12,49715,7
42013,13,38887,10
42013,14,29026,8
42013,15,19270,6
42013,16,19721,4
42014,0,45172,0
42014,1,46983,0
42014,2,45223,0
42014,3,45368,6
42014,4,46194,6
42014,5,49552,8
42014,6,51792,7
42014,7,52676,10
42014,8,50305,15
42014,9,44659,6
42014,10,43750,11
42014,11,44820,8
42014,12,40551,8
42014,13,31701,4
42014,14,23072,5
42014,15,14995,2
42014,16,14755,1
42015,0,87273,0
42015,1,91399,0
42015,2,87013,1
42015,3,87251,3
42015,4,99640,7
42015,5,110839,9
42015,6,115391,23
42015,7,116795,20
42015,8,107433,18
42015,9,90058,19
42015,10,85084,12
42015,11,86639,15
42015,12,77370,15
42015,13,57803,7
42015,14,40201,7
42015,15,25852,5
42015,16,24872,2
42016,0,70765,0
42016,1,75415,0
42016,2,73036,3
42016,3,72275,3
42016,4,78594,5
42016,5,88228,13
42016,6,92466,9
42016,7,94725,16
42016,8,91026,22
42016,9,77204,16
42016,10,74236,19
42016,11,77537,23
42016,12,69909,8
42016,13,54496,8
42016,14,41096,5
42016,15,27327,3
42016,16,26002,5
42017,0,69690,0
42017,1,72432,0
42017,2,68900,0
42017,3,67601,3
42017,4,75085,10
42017,5,85475,8
42017,6,89133,15
42017,7,91079,8
42017,8,86759,13
42017,9,74395,7
42017,10,65056,10
42017,11,57879,11
42017,12,47839,3
42017,13,35841,8
42017,14,25022,7
42017,15,16289,1
42017,16,15947,2
43001,0,72291,0
43001,1,78328,0
43001,2,76857,1
43001,3,86446,9
43001,4,101829,8
43001,5,100797,24
43001,6,95163,19
43001,7,97535,22
43001,8,95530,18
43001,9,85436,19
43001,10,83975,25
43001,11,87910,18
43001,12,84010,16
43001,13,69846,9
43001,14,54221,13
43001,15,38089,4
43001,16,44249,9
43002,0,17831,0
43002,1,20214,0
43002,2,20450,1
43002,3,21669,2
43002,4,23097,3
43002,5,23535,2
43002,6,23739,2
43002,7,25079,4
43002,8,24859,7
43002,9,23450,3
43002,10,24294,8
43002,11,26201,8
43002,12,25014,4
43002,13,20695,5
43002,14,16398,0
43002,15,11763,6
43002,16,13622,9
43003,0,84725,0
43003,1,92982,0
43003,2,90662,1
43003,3,95498,13
43003,4,100857,12
43003,5,99327,13
43003,6,93683,8
43003,7,94630,15
43003,8,93619,11
43003,9,87977,13
43003,10,86926,13
43003,11,90030,11
43003,12,82919,13
43003,13,66197,11
43003,14,49953,6
43003,15,34953,3
43003,16,39062,12
43004,0,33569,0
43004,1,35748,0
43004,2,34249,0
43004,3,34949,2
43004,4,36117,6
43004,5,36496,5
43004,6,37094,7
43004,7,38501,8
43004,8,38127,11
43004,9,33424,7
43004,10,32594,5
43004,11,34896,4
43004,12,33553,10
43004,13,27969,3
43004,14,20915,4
43004,15,13350,3
43004,16,12771,4
43005,0,43039,0
43005,1,48947,0
43005,2,46764,0
43005,3,48014,4
43005,4,49795,5
43005,5,48707,4
43005,6,47945,6
43005,7,50909,9
43005,8,51027,10
43005,9,46108,8
43005,10,46080,3
43005,11,50422,10
43005,12,50442,10
43005,13,44208,4
43005,14,33196,7
43005,15,21812,2
43005,16,21219,2
43006,0,41210,0
43006,1,43970,0
43006,2,42601,1
43006,3,44796,3
43006,4,47291,3
43006,5,49132,12
43006,6,48458,4
43006,7,50196,14
43006,8,49782,14
43006,9,45460,13
43006,10,44148,6
43006,11,43766,7
43006,12,37854,8
43006,13,28910,9
43006,14,21403,5
43006,15,14017,7
43006,16,13742,0
43007,0,140810,0
43007,1,155140,0
43007,2,147339,2
43007,3,155729,11
43007,4,173560,24
43007,5,180122,26
43007,6,180507,23
43007,7,188045,25
43007,8,186236,32
43007,9,165050,28
43007,10,155954,26
43007,11,156181,22
43007,12,137940,20
43007,13,105496,15
43007,14,75239,13
43007,15,47716,10
43007,16,48488,11
43008,0,135489,0
43008,1,153656,0
43008,2,147392,1
43008,3,155962,8
43008,4,171952,15
43008,5,177472,27
43008,6,178163,26
43008,7,185723,30
43008,8,183808,37
43008,9,155684,18
43008,10,141336,36
43008,11,139862,26
43008,12,129518,18
43008,13,104668,14
43008,14,77744,12
43008,15,50773,3
43008,16,50871,6
43009,0,66477,0
43009,1,75638,0
43009,2,74630,2
43009,3,81092,6
43009,4,85235,10
43009,5,84795,15
43009,6,83492,13
43009,7,87684,8
43009,8,86855,12
43009,9,79488,12
43009,10,75879,22
43009,11,76809,8
43009,12,71494,15
43009,13,58912,22
43009,14,43897,8
43009,15,29090,6
43009,16,29303,6
43010,0,354605,0
43010,1,420187,0
43010,2,408700,2
43010,3,427176,31
43010,4,489616,59
43010,5,511954,64
43010,6,497411,72
43010,7,514152,71
43010,8,522389,81
43010,9,456950,48
43010,10,408572,55
43010,11,405204,42
43010,12,388620,47
43010,13,330390,29
43010,14,252419,20
43010,15,172477,21
43010,16,196274,19
43011,0,49003,0
43011,1,52059,0
43011,2,49642,0
43011,3,53767,6
43011,4,57847,16
43011,5,59448,16
43011,6,58157,9
43011,7,58713,8
43011,8,58187,7
43011,9,56859,16
43011,10,56565,29
43011,11,58376,15
43011,12,55259,8
43011,13,46455,13
43011,14,35657,13
43011,15,24961,14
43011,16,27485,8
43012,0,22246,0
43012,1,24449,0
43012,2,23519,1
43012,3,23677,5
43012,4,25553,4
43012,5,26824,5
43012,6,27003,7
43012,7,27887,3
43012,8,27193,6
43012,9,24456,8
43012,10,24175,11
43012,11,25515,4
43012,12,23980,5
43012,13,19991,10
43012,14,15143,3
43012,15,10497,3
43012,16,11577,6
43013,0,40441,0
43013,1,43719,0
43013,2,40905,1
43013,3,42636,2
43013,4,46060,7
43013,5,48968,8
43013,6,49062,13
43013,7,50829,16
43013,8,50597,10
43013,9,46843,9
43013,10,45164,15
43013,11,46618,15
43013,12,43166,13
43013,13,37063,8
43013,14,29201,4
43013,15,20226,9
43013,16,21774,9
43014,0,39539,0
43014,1,41569,0
43014,2,38345,0
43014,3,39392,2
43014,4,43337,8
43014,5,47908,11
43014,6,49661,6
43014,7,50099,9
43014,8,48760,9
43014,9,47228,7
43014,10,47460,12
43014,11,50030,8
43014,12,47643,12
43014,13,40593,8
43014,14,31986,11
43014,15,22252,8
43014,16,22744,9
43015,0,36242,0
43015,1,36894,0
43015,2,34037,0
43015,3,36024,5
43015,4,38788,9
43015,5,39694,8
43015,6,39756,14
43015,7,41276,7
43015,8,39631,15
43015,9,36946,16
43015,10,36717,9
43015,11,38836,19
43015,12,37319,11
43015,13,32061,6
43015,14,24803,11
43015,15,16548,7
43015,16,17349,6
43016,0,39009,0
43016,1,41475,0
43016,2,39002,0
43016,3,40895,4
43016,4,45866,8
43016,5,49734,8
43016,6,50802,11
43016,7,52514,11
43016,8,51025,7
43016,9,47185,7
43016,10,46697,9
43016,11,49475,7
43016,12,46242,9
43016,13,39065,6
43016,14,30786,8
43016,15,21816,0
43016,16,25688,7
43017,0,77504,0
43017,1,82554,0
43017,2,77433,0
43017,3,80217,3
43017,4,94044,13
43017,5,100224,17
43017,6,99345,17
43017,7,101355,19
43017,8,96272,22
43017,9,82218,16
43017,10,77034,16
43017,11,77967,20
43017,12,71797,14
43017,13,59818,12
43017,14,46059,10
43017,15,30975,8
43017,16,32442,10
43018,0,23359,0
43018,1,24403,0
43018,2,22232,0
43018,3,23718,3
43018,4,26503,6
43018,5,28578,5
43018,6,28442,10
43018,7,28194,4
43018,8,26517,8
43018,9,24806,9
43018,10,26274,10
43018,11,28159,7
43018,12,26158,3
43018,13,22067,4
43018,14,17785,5
43018,15,12587,3
43018,16,13095,3
43019,0,19698,0
43019,1,20819,0
43019,2,20325,0
43019,3,22335,3
43019,4,23332,5
43019,5,23551,5
43019,6,22954,7
43019,7,24225,10
43019,8,24339,8
43019,9,22416,8
43019,10,22323,5
43019,11,22790,5
43019,12,21161,7
43019,13,18067,1
43019,14,13935,5
43019,15,9520,3
43019,16,9903,2
43020,0,31095,0
43020,1,32176,0
43020,2,30206,0
43020,3,31630,6
43020,4,33236,8
43020,5,33271,6
43020,6,33198,4
43020,7,34123,4
43020,8,32979,5
43020,9,30418,5
43020,10,30709,8
43020,11,32883,10
43020,12,30641,7
43020,13,25435,4
43020,14,19745,6
43020,15,13561,8
43020,16,14888,5
43021,0,137484,0
43021,1,154426,0
43021,2,152124,2
43021,3,164540,7
43021,4,183583,20
43021,5,183675,21
43021,6,175945,24
43021,7,183817,43
43021,8,183669,32
43021,9,165669,35
43021,10,158137,36
43021,11,161227,35
43021,12,153209,31
43021,13,130250,29
43021,14,101984,32
43021,15,69646,14
43021,16,75187,23
43022,0,33706,0
43022,1,36609,0
43022,2,36027,0
43022,3,39018,5
43022,4,41778,9
43022,5,41380,8
43022,6,39237,8
43022,7,39933,4
43022,8,39438,6
43022,9,35903,6
43022,10,35095,7
43022,11,36432,3
43022,12,34294,4
43022,13,26954,4
43022,14,20069,2
43022,15,14013,7
43022,16,16380,6
43023,0,100901,0
43023,1,110972,0
43023,2,106652,3
43023,3,112500,7
43023,4,127166,19
43023,5,136471,26
43023,6,141511,13
43023,7,149166,19
43023,8,146707,23
43023,9,125255,21
43023,10,112440,21
43023,11,108846,21
43023,12,99861,22
43023,13,80161,21
43023,14,58965,6
43023,15,38711,10
43023,16,40627,5
43024,0,19768,0
43024,1,21227,0
43024,2,20120,0
43024,3,21007,1
43024,4,22158,6
43024,5,22315,4
43024,6,21069,1
43024,7,20956,3
43024,8,20496,3
43024,9,18745,1
43024,10,18506,6
43024,11,18589,6
43024,12,16678,1
43024,13,13646,2
43024,14,10551,0
43024,15,7200,3
43024,16,7797,1
43025,0,52845,0
43025,1,56605,0
43025,2,50321,1
43025,3,52918,4
43025,4,63746,10
43025,5,72275,8
43025,6,76810,15
43025,7,80025,14
43025,8,76838,15
43025,9,64782,11
43025,10,60089,2
43025,11,62348,17
43025,12,58656,10
43025,13,47934,6
43025,14,37047,6
43025,15,25398,5
43025,16,28144,4
43026,0,31005,0
43026,1,32699,0
43026,2,30597,0
43026,3,32628,3
43026,4,37933,3
43026,5,41287,8
43026,6,42751,10
43026,7,44744,5
43026,8,43113,5
43026,9,37924,6
43026,10,37647,5
43026,11,39823,17
43026,12,36447,5
43026,13,27950,11
43026,14,20794,3
43026,15,14220,4
43026,16,15093,5
43027,0,31731,0
43027,1,34073,0
43027,2,33891,2
43027,3,37171,0
43027,4,38372,10
43027,5,38141,5
43027,6,38537,6
43027,7,40698,8
43027,8,40485,4
43027,9,37407,0
43027,10,37677,7
43027,11,40680,11
43027,12,38900,11
43027,13,33310,10
43027,14,25736,3
43027,15,17727,8
43027,16,19117,13
43028,0,57125,0
43028,1,62195,0
43028,2,58163,1
43028,3,63489,5
43028,4,72827,11
43028,5,76280,8
43028,6,76812,11
43028,7,79834,20
43028,8,78613,15
43028,9,71788,18
43028,10,69158,19
43028,11,69545,26
43028,12,63794,21
43028,13,53261,21
43028,14,41216,12
43028,15,27639,10
43028,16,29434,10
43029,0,40738,0
43029,1,42528,0
43029,2,38171,1
43029,3,40107,1
43029,4,46054,3
43029,5,51879,9
43029,6,53709,8
43029,7,55752,10
43029,8,53547,6
43029,9,46753,14
43029,10,43916,13
43029,11,45254,25
43029,12,42786,16
43029,13,36454,14
43029,14,28715,9
43029,15,19668,7
43029,16,21887,8
43030,0,22480,0
43030,1,24940,0
43030,2,23560,1
43030,3,23956,3
43030,4,25272,4
43030,5,26373,2
43030,6,27238,9
43030,7,29132,6
43030,8,28741,6
43030,9,25482,5
43030,10,24695,9
43030,11,24963,6
43030,12,23576,7
43030,13,19590,5
43030,14,15099,5
43030,15,10109,5
43030,16,10982,8
50009,0,57769,0
50009,1,60545,0
50009,2,59096,1
50009,3,58547,8
50009,4,57002,15
50009,5,56053,14
50009,6,55745,9
50009,7,57212,7
50009,8,56304,8
50009,9,48953,3
50009,10,43736,3
50009,11,39338,10
50009,12,34469,1
50009,13,27648,5
50009,14,20134,1
50009,15,13711,0
50009,16,14714,3
50010,0,36710,0
50010,1,38180,0
50010,2,36763,0
50010,3,36406,6
50010,4,36134,10
50010,5,33760,5
50010,6,31707,4
50010,7,32462,3
50010,8,31270,2
50010,9,27623,4
50010,10,24489,1
50010,11,22422,2
50010,12,18476,0
50010,13,14415,2
50010,14,10534,1
50010,15,7144,1
50010,16,7181,0
50011,0,219980,0
50011,1,237537,0
50011,2,230823,5
50011,3,230859,35
50011,4,243494,45
50011,5,251705,56
50011,6,251239,44
50011,7,251767,41
50011,8,246118,42
50011,9,217254,26
50011,10,194198,24
50011,11,177512,13
50011,12,153319,16
50011,13,119923,13
50011,14,86712,12
50011,15,56756,5
50011,16,62125,5
50012,0,100578,0
50012,1,103767,0
50012,2,99321,6
50012,3,101084,17
50012,4,108626,23
50012,5,107623,23
50012,6,104268,15
50012,7,102392,16
50012,8,96987,13
50012,9,83881,11
50012,10,75961,11
50012,11,69865,5
50012,12,58663,3
50012,13,44500,6
50012,14,31654,5
50012,15,20660,1
50012,16,23221,1
50013,0,44848,0
50013,1,47933,0
50013,2,46932,4
50013,3,46339,4
50013,4,48124,4
50013,5,49618,11
50013,6,50461,11
50013,7,51157,10
50013,8,48717,8
50013,9,41657,6
50013,10,36210,4
50013,11,31480,5
50013,12,26443,5
50013,13,20249,2
50013,14,13583,1
50013,15,8792,0
50013,16,9235,1
50014,0,37115,0
50014,1,38004,0
50014,2,35427,0
50014,3,35707,1
50014,4,39083,4
50014,5,40432,8
50014,6,39487,7
50014,7,39389,7
50014,8,38326,5
50014,9,33335,7
50014,10,29372,2
50014,11,26125,8
50014,12,22091,1
50014,13,17600,1
50014,14,13041,1
50014,15,8507,0
50014,16,8997,3
50015,0,26164,0
50015,1,28188,0
50015,2,26706,1
50015,3,26428,2
50015,4,25856,8
50015,5,25947,8
50015,6,26814,5
50015,7,27585,2
50015,8,27178,5
50015,9,24244,6
50015,10,22507,3
50015,11,20655,4
50015,12,16959,2
50015,13,12870,0
50015,14,9272,0
50015,15,6028,3
50015,16,6587,2
50016,0,24366,0
50016,1,26489,0
50016,2,25890,0
50016,3,25766,3
50016,4,25289,2
50016,5,25442,4
50016,6,26414,5
50016,7,27136,5
50016,8,26283,6
50016,9,24314,3
50016,10,22663,2
50016,11,20895,3
50016,12,17274,1
50016,13,13105,3
50016,14,9414,0
50016,15,6501,1
50016,16,6923,0
50017,0,83617,1
50017,1,87364,0
50017,2,85332,4
50017,3,85244,20
50017,4,83638,28
50017,5,80850,22
50017,6,77950,12
50017,7,73890,10
50017,8,70249,13
50017,9,61833,9
50017,10,55750,6
50017,11,50209,4
50017,12,41731,4
50017,13,31872,3
50017,14,22773,3
50017,15,15530,1
50017,16,17457,1
51001,0,26063,0
51001,1,25190,0
51001,2,23901,0
51001,3,24893,2
51001,4,25346,5
51001,5,27358,7
51001,6,26575,5
51001,7,26356,7
51001,8,25254,1
51001,9,23381,5
51001,10,22143,2
51001,11,20424,2
51001,12,16127,0
51001,13,11659,0
51001,14,7875,0
51001,15,4821,3
51001,16,5001,1
51002,0,230512,0
51002,1,242743,0
51002,2,233927,4
51002,3,237846,15
51002,4,245944,29
51002,5,257735,37
51002,6,264067,27
51002,7,270143,26
51002,8,266411,20
51002,9,229010,11
51002,10,197513,8
51002,11,171385,17
51002,12,144399,4
51002,13,110829,7
51002,14,77543,9
51002,15,49200,6
51002,16,48965,2
51003,0,23775,0
51003,1,23124,0
51003,2,21299,0
51003,3,21695,2
51003,4,21595,4
51003,5,22550,5
51003,6,21588,2
51003,7,20956,5
51003,8,20379,3
51003,9,17923,3
51003,10,14839,0
51003,11,12357,0
51003,12,9653,2
51003,13,7174,1
51003,14,4889,1
51003,15,3176,1
51003,16,2737,0
51004,0,20113,0
51004,1,20329,0
51004,2,19581,0
51004,3,19414,2
51004,4,18185,3
51004,5,18913,1
51004,6,18994,1
51004,7,19768,3
51004,8,19714,2
51004,9,18122,1
51004,10,16669,0
51004,11,15178,1
51004,12,12676,1
51004,13,9844,0
51004,14,6996,0
51004,15,4485,1
51004,16,4765,0
51005,0,33908,0
51005,1,34048,0
51005,2,31137,1
51005,3,31987,1
51005,4,33654,5
51005,5,33675,4
51005,6,31723,1
51005,7,31960,6
51005,8,32765,4
51005,9,30322,4
51005,10,27282,1
51005,11,23449,3
51005,12,19362,4
51005,13,14996,0
51005,14,11105,3
51005,15,7300,1
51005,16,7837,1
51006,0,33351,0
51006,1,31462,0
51006,2,28917,0
51006,3,29009,3
51006,4,29999,6
51006,5,32599,1
51006,6,31769,3
51006,7,31199,4
51006,8,28495,2
51006,9,23215,3
51006,10,18954,3
51006,11,15830,3
51006,12,12553,1
51006,13,9166,1
51006,14,6022,1
51006,15,3802,2
51006,16,3693,1
51007,0,63298,0
51007,1,61888,0
51007,2,58644,0
51007,3,60680,2
51007,4,66929,7
51007,5,70144,4
51007,6,66706,3
51007,7,64472,8
51007,8,59989,5
51007,9,51747,5
51007,10,44123,5
51007,11,37057,4
51007,12,28724,2
51007,13,20345,1
51007,14,13666,2
51007,15,8835,0
51007,16,9004,1
51008,0,35735,0
51008,1,34989,0
51008,2,33700,2
51008,3,34532,3
51008,4,34040,6
51008,5,34752,5
51008,6,34105,5
51008,7,34011,5
51008,8,33500,2
51008,9,29589,1
51008,10,25883,4
51008,11,22132,3
51008,12,17107,1
51008,13,12186,1
51008,14,8503,4
51008,15,5328,3
51008,16,4638,1
51009,0,6345,0
51009,1,6416,0
51009,2,6160,0
51009,3,6151,0
51009,4,5974,2
51009,5,6186,0
51009,6,5986,1
51009,7,6136,1
51009,8,6000,0
51009,9,5416,1
51009,10,4588,2
51009,11,3914,0
51009,12,3248,0
51009,13,2452,1
51009,14,1739,0
51009,15,1074,0
51009,16,1169,0
51010,0,15520,0
51010,1,15892,0
51010,2,14775,0
51010,3,14756,5
51010,4,14489,2
51010,5,16040,2
51010,6,15774,0
51010,7,15809,1
51010,8,15284,0
51010,9,14386,0
51010,10,13561,1
51010,11,12318,2
51010,12,9939,2
51010,13,7354,0
51010,14,5370,1
51010,15,3570,0
51010,16,3651,0
51011,0,40000,0
51011,1,40676,0
51011,2,40454,2
51011,3,42246,3
51011,4,41259,6
51011,5,39539,4
51011,6,39083,11
51011,7,41739,1
51011,8,43162,5
51011,9,39602,3
51011,10,36138,10
51011,11,32512,3
51011,12,27359,1
51011,13,21401,5
51011,14,15345,1
51011,15,10189,3
51011,16,10981,1
51012,0,31631,0
51012,1,30925,0
51012,2,29503,0
51012,3,30033,7
51012,4,29213,1
51012,5,29763,1
51012,6,29906,4
51012,7,30533,4
51012,8,29546,1
51012,9,25684,2
51012,10,22353,5
51012,11,18986,3
51012,12,15062,0
51012,13,10955,2
51012,14,7772,1
51012,15,4923,0
51012,16,5086,0
51013,0,135830,0
51013,1,137441,0
51013,2,130482,0
51013,3,130727,11
51013,4,137337,22
51013,5,145041,18
51013,6,143153,21
51013,7,142535,12
51013,8,137499,24
51013,9,121733,24
51013,10,105916,17
51013,11,90527,10
51013,12,71867,9
51013,13,53758,11
51013,14,37926,3
51013,15,24811,2
51013,16,25455,1
51014,0,149477,0
51014,1,140520,0
51014,2,123839,4
51014,3,128641,8
51014,4,150834,16
51014,5,164627,11
51014,6,157829,15
51014,7,145522,11
51014,8,127920,13
51014,9,102119,14
51014,10,82181,8
51014,11,67899,8
51014,12,51810,9
51014,13,35554,5
51014,14,22667,3
51014,15,13470,1
51014,16,12381,0
51015,0,25630,0
51015,1,25365,0
51015,2,23127,1
51015,3,23636,3
51015,4,24064,3
51015,5,24560,6
51015,6,24194,1
51015,7,23827,2
51015,8,22216,6
51015,9,18999,6
51015,10,18131,1
51015,11,17052,1
51015,12,14015,0
51015,13,9894,3
51015,14,6595,2
51015,15,4258,0
51015,16,3942,0
51016,0,12901,0
51016,1,13188,0
51016,2,12237,0
51016,3,11834,1
51016,4,11466,3
51016,5,12678,2
51016,6,13317,1
51016,7,13050,3
51016,8,12273,1
51016,9,11040,1
51016,10,10290,3
51016,11,9179,0
51016,12,7457,0
51016,13,5326,0
51016,14,3595,0
51016,15,2220,1
51016,16,2350,0
52001,0,346769,0
52001,1,378033,0
52001,2,368264,4
52001,3,394600,23
52001,4,452592,59
52001,5,483080,59
52001,6,480547,66
52001,7,486521,71
52001,8,478977,73
52001,9,424562,51
52001,10,369940,34
52001,11,326862,41
52001,12,277981,32
52001,13,218490,19
52001,14,158962,11
52001,15,106183,7
52001,16,113598,14
52002,0,194513,0
52002,1,212862,0
52002,2,205194,4
52002,3,215830,16
52002,4,238108,37
52002,5,247513,44
52002,6,248782,35
52002,7,250847,26
52002,8,241528,31
52002,9,211216,26
52002,10,180598,19
52002,11,152970,17
52002,12,124445,13
52002,13,92442,7
52002,14,63863,7
52002,15,41373,2
52002,16,41467,5
52003,0,61588,0
52003,1,66136,0
52003,2,63582,3
52003,3,68575,6
52003,4,73094,13
52003,5,71545,10
52003,6,68361,14
52003,7,70118,10
52003,8,68243,14
52003,9,58274,8
52003,10,48675,4
52003,11,41044,5
52003,12,33150,3
52003,13,23996,3
52003,14,16336,0
52003,15,10393,0
52003,16,10229,3
52004,0,233573,0
52004,1,248356,0
52004,2,235649,5
52004,3,247565,14
52004,4,262145,35
52004,5,260804,40
52004,6,252418,40
52004,7,252574,30
52004,8,243847,18
52004,9,206540,17
52004,10,167560,10
52004,11,129892,12
52004,12,95491,9
52004,13,67064,6
52004,14,43902,2
52004,15,26572,7
52004,16,26155,4
52005,0,60645,0
52005,1,66198,0
52005,2,66581,1
52005,3,71205,2
52005,4,77770,14
52005,5,78890,10
52005,6,78349,10
52005,7,80271,9
52005,8,80402,16
52005,9,72656,8
52005,10,64409,9
52005,11,57779,6
52005,12,49147,6
52005,13,38055,6
52005,14,28192,3
52005,15,18773,2
52005,16,19656,4
52006,0,8919,0
52006,1,9877,0
52006,2,10095,0
52006,3,10428,1
52006,4,9160,1
52006,5,8429,0
52006,6,8559,0
52006,7,9525,0
52006,8,9758,2
52006,9,8714,0
52006,10,7316,1
52006,11,6665,0
52006,12,5751,2
52006,13,4653,1
52006,14,3180,1
52006,15,2229,0
52006,16,2624,0
52007,0,20030,0
52007,1,21353,0
52007,2,21989,0
52007,3,23510,0
52007,4,21875,1
52007,5,20241,3
52007,6,20881,3
52007,7,22896,2
52007,8,23066,2
52007,9,20046,0
52007,10,17154,1
52007,11,15233,2
52007,12,13161,0
52007,13,10095,2
52007,14,6909,0
52007,15,4728,3
52007,16,5068,0
52008,0,23260,0
52008,1,25829,0
52008,2,26751,2
52008,3,28243,1
52008,4,27406,7
52008,5,26475,4
52008,6,26440,5
52008,7,28958,9
52008,8,30913,5
52008,9,31047,5
52008,10,28828,4
52008,11,26415,5
52008,12,22212,1
52008,13,17496,1
52008,14,12898,2
52008,15,8687,1
52008,16,9317,0
52009,0,19139,0
52009,1,21069,0
52009,2,21064,0
52009,3,21874,3
52009,4,22369,4
52009,5,23209,4
52009,6,23254,4
52009,7,24069,2
52009,8,25923,8
52009,9,26730,6
52009,10,26915,4
52009,11,25784,2
52009,12,21926,2
52009,13,17498,2
52009,14,13255,2
52009,15,9387,2
52009,16,10303,4
52010,0,21483,0
52010,1,22753,0
52010,2,21475,0
52010,3,22824,4
52010,4,25488,1
52010,5,26435,4
52010,6,25639,5
52010,7,25825,2
52010,8,26855,2
52010,9,25999,3
52010,10,24837,1
52010,11,23078,6
52010,12,19923,2
52010,13,16035,1
52010,14,12313,4
52010,15,8756,2
52010,16,9253,1
52011,0,107288,0
52011,1,116070,0
52011,2,112524,1
52011,3,119701,7
52011,4,133227,11
52011,5,133763,22
52011,6,129222,18
52011,7,128161,15
52011,8,128179,19
52011,9,116883,11
52011,10,104536,11
52011,11,93512,11
52011,12,79416,9
52011,13,61056,12
52011,14,42995,6
52011,15,28646,2
52011,16,30744,2
52012,0,35971,0
52012,1,39327,0
52012,2,38930,2
52012,3,40850,3
52012,4,42845,4
52012,5,43186,10
52012,6,43385,3
52012,7,45944,9
52012,8,48222,9
52012,9,46707,10
52012,10,44415,7
52012,11,41351,6
52012,12,34759,7
52012,13,27385,3
52012,14,19779,1
52012,15,13197,2
52012,16,13817,2
52013,0,28977,0
52013,1,31819,0
52013,2,31699,1
52013,3,33288,6
52013,4,34669,7
52013,5,35470,8
52013,6,34988,3
52013,7,36326,7
52013,8,37974,3
52013,9,38784,6
52013,10,37344,5
52013,11,35288,2
52013,12,29753,5
52013,13,23480,3
52013,14,17259,2
52013,15,12067,4
52013,16,12907,0
52014,0,22055,0
52014,1,24098,0
52014,2,24762,0
52014,3,25602,3
52014,4,25655,6
52014,5,25393,8
52014,6,25930,6
52014,7,27597,6
52014,8,28625,6
52014,9,27552,3
52014,10,25292,0
52014,11,23382,2
52014,12,19955,5
52014,13,15264,0
52014,14,10934,1
52014,15,7819,3
52014,16,8528,2
52015,0,88022,0
52015,1,95093,0
52015,2,90444,0
52015,3,95859,8
52015,4,106848,23
52015,5,112127,16
52015,6,113108,12
52015,7,114237,18
52015,8,107148,15
52015,9,94033,9
52015,10,82095,11
52015,11,71541,9
52015,12,58382,12
52015,13,44480,4
52015,14,32523,4
52015,15,22069,1
52015,16,22954,3
52016,0,49390,0
52016,1,52695,0
52016,2,50434,1
52016,3,52749,5
52016,4,58572,12
52016,5,60755,13
52016,6,60308,7
52016,7,59238,7
52016,8,56328,7
52016,9,50040,9
52016,10,43294,6
52016,11,37656,5
52016,12,30731,1
52016,13,23904,0
52016,14,17671,1
52016,15,12286,1
52016,16,13730,0
52017,0,48289,0
52017,1,52454,0
52017,2,51353,0
52017,3,53995,3
52017,4,58342,10
52017,5,60556,11
52017,6,60537,11
52017,7,61058,8
52017,8,61534,11
52017,9,58864,8
52017,10,53932,5
52017,11,49064,14
52017,12,41111,8
52017,13,32181,7
52017,14,24315,0
52017,15,16832,2
52017,16,18684,3
52018,0,36215,0
52018,1,38405,0
52018,2,38133,0
52018,3,41586,3
52018,4,43795,10
52018,5,42118,4
52018,6,41083,6
52018,7,42123,6
52018,8,42757,3
52018,9,39864,6
52018,10,36186,3
52018,11,32316,0
52018,12,26707,3
52018,13,20590,0
52018,14,14215,1
52018,15,9538,0
52018,16,10229,0
53001,0,566097,0
53001,1,612456,0
53001,2,592513,13
53001,3,640136,54
53001,4,702076,107
53001,5,713576,97
53001,6,699574,95
53001,7,746224,105
53001,8,769832,83
53001,9,676702,92
53001,10,563054,49
53001,11,472848,37
53001,12,373441,28
53001,13,280721,31
53001,14,207654,15
53001,15,137076,14
53001,16,148807,8
