origin_region,destination_region,admissions
11005,11005,61.0
11005,11004,17.0
11001,11001,11.0
11001,11004,167.0
11001,11001,
11001,12002,
11001,51002,
11006,11004,
11006,11006,9.0
11002,11002,102.0
11002,11005,
11002,11004,113.0
11002,24007,
11002,35016,
11002,51002,6.0
11006,11006,
11006,11004,14.0
11006,11006,5.0
11006,11006,5.0
11006,11004,9.0
11006,11006,7.0
11006,11004,
11006,11006,
11007,11003,
11007,11004,
11007,11005,
11002,11002,
11002,11004,31.0
11004,11004,
11004,11004,58.0
11003,11003,32.0
11003,11003,11.0
11003,11003,
11003,11004,103.0
11003,41003,
11003,11003,294.0
11003,11004,43.0
11003,11005,
11003,41010,
11001,11001,
11001,11001,12.0
11001,11004,37.0
11005,11003,
11005,11005,17.0
11005,11004,15.0
11003,11003,
11003,11003,85.0
11003,11004,25.0
11003,31040,
11002,11002,
11002,11002,93.0
11002,11004,6.0
11002,11006,
11002,31016,
11002,50017,
11002,50015,
11004,11004,2073.0
11004,11005,
11004,11006,
11004,12002,19.0
11004,15001,
11004,17005,
11004,31075,
11004,35012,
11004,35016,
11003,11003,6.0
11003,11004,9.0
11003,11003,29.0
11001,11003,
11001,11004,5.0
11001,11001,
11005,11002,
11005,11005,
11005,11002,
11005,11004,72.0
11005,11005,131.0
11005,11004,35.0
11005,11005,
11006,11004,13.0
11006,11006,583.0
11003,11002,
11003,11003,
11003,11005,
11003,11004,27.0
11003,11005,
11003,11003,15.0
11004,11004,
11004,11004,39.0
11004,11001,
11004,51013,
11003,11002,
11003,11003,
11003,11004,7.0
11005,11002,
11005,11004,11.0
11005,11005,
11005,11005,5.0
11001,11004,17.0
11001,11006,
11001,11001,
11001,11004,46.0
11001,11001,36.0
11005,11004,41.0
11005,11005,
11005,31016,
11001,11004,7.0
11001,11004,
11001,11001,
11004,11003,
11004,11004,73.0
11004,35012,
11004,50015,
11004,52001,
11005,11004,
11006,11004,
11006,11006,12.0
11001,11004,19.0
11001,11001,13.0
11003,11003,
11003,11004,
11004,11004,17.0
11004,11004,
11002,11004,10.0
11003,11003,
11003,11003,
11003,11004,21.0
11001,11004,24.0
11001,11001,
11001,11001,
11001,52001,
11003,11002,
11003,11003,
11003,11004,6.0
11005,11005,
11005,11005,14.0
11006,11006,
11002,11002,
11002,11002,
11002,11004,
11002,11002,
11002,11004,
11002,11002,
11007,11002,
11007,11004,8.0
11007,11007,19.0
11007,11003,
11007,11004,19.0
11007,11007,
11003,11004,
11003,11003,
11003,11004,18.0
11003,11003,
11003,11004,
11003,11003,5.0
11003,11003,
11003,11004,7.0
11003,11003,
11003,11004,
12002,12002,
12002,12002,14.0
12002,15006,
12002,25001,
12001,12001,
12001,12002,9.0
12001,12001,5.0
12001,12003,
12001,12002,29.0
12002,12002,38.0
12002,12002,27.0
12003,12003,238.0
12003,12002,13.0
12001,12002,19.0
12003,12003,8.0
12003,12003,7.0
12003,12002,25.0
12002,12003,
12002,12002,
12003,12003,7.0
12003,12002,
12002,12002,24.0
12003,12003,14.0
12003,12003,8.0
12002,12003,
12002,12002,
12002,12002,22.0
12003,12003,9.0
12003,12003,
12002,11004,
12002,12003,
12002,12002,2608.0
12002,24007,
12002,33002,
12002,35016,
12002,51014,
12002,52001,
12002,53001,
12003,12003,9.0
12003,12002,
12003,12003,
12002,12002,58.0
12002,12002,71.0
12002,12002,18.0
12003,12003,9.0
12003,12002,36.0
12003,12003,42.0
12001,12002,24.0
12001,12001,14.0
12002,12002,31.0
12002,51008,
13008,13001,
13008,13008,
13002,13002,
13002,13001,
13002,13002,
13002,13001,
13003,11003,
13003,11004,
13009,12003,
13001,13001,11.0
13001,13001,14.0
13005,13005,21.0
13005,13005,17.0
13002,13002,
13002,13001,5.0
13005,13005,
13006,12002,27.0
13006,33005,
13002,13002,
13006,13001,
13007,13007,28.0
13007,13001,
13001,13001,
13001,13001,
13002,13002,90.0
13002,13002,
13007,13007,
13007,12002,10.0
13007,13007,
13007,12003,7.0
13003,11004,25.0
13003,13003,12.0
13003,13001,
13003,43013,
13007,12003,7.0
13007,12002,13.0
13007,13007,
13001,13001,
13001,13002,
13001,13001,12.0
13004,13004,
13004,13001,21.0
13004,14001,
13004,12002,
13004,13004,
13004,13001,
13009,13009,
13009,13001,
13006,11004,6.0
13006,13001,
13002,13002,160.0
13002,13001,12.0
13001,13001,
13001,13001,
13001,12003,
13001,13002,
13001,13001,1254.0
13001,15002,
13001,15006,
13001,31016,
13001,33005,
13001,35011,
13001,35072,
13001,35011,
13001,35016,5.0
13001,41002,
13001,51010,
13001,51013,
13001,52001,5.0
13001,53001,
13003,11004,
13003,13003,
13003,13001,
13003,13003,
13005,13001,
13005,13005,25.0
13005,13005,5.0
13001,13001,
13002,13001,
13005,13002,
13005,13001,
13005,13005,352.0
13006,12002,7.0
13001,13001,11.0
13001,13001,
13001,13001,12.0
13009,13009,5.0
13001,13001,
13001,13001,9.0
13009,13009,7.0
13004,13001,
13004,13004,
13009,13002,
13009,13001,
13006,13006,
13008,13001,
13008,13008,12.0
13008,13001,
13008,13008,
13004,13001,
13004,13005,
13004,43008,
14001,14001,
14001,14001,
14001,43017,
14001,13001,
14001,14001,491.0
14001,21016,
14001,29020,
14001,31016,
14001,35016,
14001,14001,16.0
14001,14001,8.0
14002,14001,6.0
14002,14001,
14002,14001,
14001,14001,
14001,14001,
14001,14001,
14001,14001,
14001,31016,
14002,13002,
14002,14001,12.0
14002,14002,9.0
14002,14001,5.0
14002,14002,
14001,14001,
15011,15011,
15011,15006,187.0
15007,15006,46.0
15013,16001,
15001,15001,32.0
15001,15006,
15001,15003,
15002,13001,
15002,15002,22.0
15002,15006,
15012,15012,
15012,15006,
15012,15010,
15014,15006,23.0
15006,15006,
15006,15006,1335.0
15006,15009,
15006,21016,
15006,42011,
15006,43010,
15012,15012,
15012,15006,
15012,31027,
15012,52002,
15009,15006,
15009,15009,150.0
15008,15008,
15008,15006,19.0
15014,15014,
15011,15006,20.0
15001,15001,14.0
15011,15006,219.0
15011,15003,
15006,13001,
15006,15006,3831.0
15006,15009,
15006,15003,
15006,17005,
15006,17007,
15006,23001,
15006,24007,
15006,29020,
15006,31016,
15006,33005,7.0
15006,35011,
15006,41002,
15006,42007,
15006,43012,
15006,51013,
15002,15002,
15006,15006,160.0
15006,15007,
15003,15006,
15003,15003,
15009,15009,31.0
15009,15006,12.0
15009,15009,738.0
15009,42007,
15012,15006,
15004,15006,31.0
15004,15003,
15004,21016,
15014,15006,29.0
15014,15014,14.0
15007,15006,26.0
15007,15009,
15009,15009,47.0
15013,15006,9.0
15011,15006,78.0
15011,15003,
15003,15003,72.0
15003,15003,
15003,15003,8.0
15003,15001,
15003,33001,
15009,15006,
15009,15009,220.0
15009,52002,
15008,15006,71.0
15008,15009,
15008,15008,
15008,15006,269.0
15008,15009,5.0
15008,15008,
15008,29002,
15008,31016,
15013,15006,
15007,15006,
15001,15006,5.0
15001,15003,
15001,15003,
15001,17006,
15007,15006,49.0
15001,15006,
15003,15006,
15003,15003,21.0
15003,15003,
15003,15003,
15014,15006,13.0
15008,15006,39.0
15003,15006,16.0
15003,15003,6.0
15003,21016,
15003,15006,
15003,15003,9.0
15003,15003,
15003,15003,5.0
15002,13005,
15001,15001,
15001,15001,
15001,17001,
15001,52002,
15008,15006,53.0
15004,15006,
15004,15003,
15014,15006,
15014,16001,
15008,15006,42.0
15008,15009,
15011,15006,73.0
15011,15009,
15011,15011,9.0
15008,15006,10.0
15008,15006,31.0
15008,15008,
15008,33005,
15008,15006,26.0
15008,15009,
15010,15010,
15010,15010,
15010,15010,
15010,35011,
15010,51002,
15010,51015,
15010,51013,
15003,15006,7.0
15003,15003,
15003,15003,12.0
15004,15006,8.0
15004,15004,
15004,15003,
15002,12002,
15002,13001,
15011,15006,
15008,15006,29.0
15008,15008,6.0
15008,15006,7.0
15003,15006,
15003,15003,
15003,15003,298.0
15003,15003,
15003,52014,
15008,15006,28.0
15008,15009,
15008,15006,13.0
15008,15008,
15006,13001,
15006,15006,233.0
15006,15006,
15006,52001,
15012,15006,
15012,15012,
15014,15006,
15011,15006,25.0
15011,15006,81.0
15002,13001,
15002,13005,
15002,15006,40.0
15002,15002,39.0
15013,15006,11.0
15013,15013,
15008,15006,47.0
15008,15009,
15003,15006,
15003,15003,
15003,15003,
15009,15006,
15009,15009,43.0
15010,15010,30.0
15010,51015,
15004,15006,27.0
15004,15003,
15004,15004,
15004,15003,
15004,31072,
15004,52014,
15002,15006,7.0
15002,15002,
15011,15006,8.0
15002,15006,
15002,15002,
15009,15006,
15009,15009,27.0
15009,15009,
15001,15006,18.0
15001,15003,
15001,15001,
15001,15003,
15001,53001,
15012,15006,23.0
15012,15012,90.0
15003,15006,
15003,15003,7.0
15008,11002,
15008,15006,132.0
15008,15008,
15008,33005,
15008,52001,
15003,15006,
15003,15003,6.0
15003,15003,1073.0
15003,15001,
15003,17001,
15003,21016,
15003,22004,
15003,33005,
15001,15001,
15001,15001,
15009,15009,13.0
15003,17001,
15002,15002,
15002,15012,
15013,15006,9.0
15014,15006,5.0
15014,15014,26.0
15014,16001,
15014,42006,
15012,15006,
15012,15012,
15009,15009,22.0
15009,15006,
15009,15009,34.0
15001,15006,
15001,15003,
15001,15003,
15001,15001,85.0
15001,15001,
15001,17005,
15001,17006,
15001,52011,
15001,52001,5.0
15001,15001,22.0
15001,35132,
15001,52002,
15001,52013,
15001,52001,
15003,15003,9.0
15003,15003,
15010,15006,
15010,15010,11.0
15010,17006,
15009,15009,75.0
15009,15009,
15013,15006,10.0
15006,15006,40.0
15006,15006,
15006,15007,
15013,15006,5.0
15013,15013,
15007,15006,163.0
15007,15007,16.0
15007,16001,
15009,15006,
15009,15009,56.0
15001,15001,
15001,17006,
15008,15006,23.0
15008,15008,
15008,15008,8.0
15001,15006,
15001,15003,
15001,15001,61.0
15002,15002,
15002,15006,25.0
15002,15002,25.0
15002,16001,5.0
15002,33005,
15009,15009,10.0
15007,15006,24.0
15007,15006,25.0
15003,15003,5.0
15003,15001,
15008,15006,22.0
15001,15006,6.0
15001,15003,
15001,15001,
15001,17005,
15008,15006,18.0
15003,15003,6.0
15003,17001,
15003,22004,
15008,15006,
15009,15009,38.0
15009,15009,
15003,15003,
15008,15006,50.0
15008,15008,7.0
15008,17001,
15013,15006,6.0
15001,15006,
15001,15001,17.0
15001,15001,
15001,32002,
15001,35011,
15013,15006,13.0
15011,13001,
15011,15006,61.0
15011,22004,5.0
15008,15006,23.0
15002,15002,
15007,15006,47.0
15007,15009,
15007,15003,
15009,15009,75.0
15010,15010,6.0
15001,15006,
15001,15003,
15001,15001,
15001,53001,
15004,15006,13.0
15004,15004,
15004,31072,
15008,15006,54.0
15008,15009,
15008,15008,37.0
15012,15006,
15012,15012,8.0
15012,51015,
15007,15006,67.0
15009,15009,93.0
15012,15006,
15012,15012,9.0
15001,15006,15.0
15001,15001,506.0
15001,17006,
16002,16002,18.0
16002,16001,
16001,16001,
16003,16001,6.0
16001,15006,
16001,16001,185.0
16001,35016,
16001,42011,
16001,43001,
16003,16001,
16002,16001,
16002,16002,44.0
16001,16001,5.0
16003,16001,26.0
16003,26010,
16002,16001,
16003,16001,
17007,17007,
17002,17002,
17002,22004,
17005,17005,8.0
17003,17008,
17003,17006,
17005,17005,
17002,17001,13.0
17002,17001,6.0
17006,17007,
17006,17006,9.0
17001,17001,
17007,17007,8.0
17007,17006,
17005,17005,
17005,17005,5.0
17005,42006,
17005,52001,5.0
17001,15003,8.0
17001,17001,550.0
17001,17004,
17001,17006,7.0
17001,29006,
17001,52018,
17001,52001,7.0
17001,17001,
17001,17005,
17002,15003,5.0
17002,17001,15.0
17004,17001,
17004,17004,
17003,17008,5.0
17003,17006,5.0
17003,52001,
17002,17001,
17002,17006,
17002,17001,
17001,17001,16.0
17004,17001,9.0
17004,17004,
17001,17001,
17007,17007,
17004,17004,
17008,17008,
17008,17006,
17002,17001,5.0
17002,17001,
17002,17006,
17001,17001,
17001,17006,
17005,17005,
17001,17001,8.0
17002,17001,
17007,17001,
17007,17007,
17007,17006,
17007,17007,5.0
17007,17006,
17008,17008,
17004,17001,17.0
17004,17004,
17004,17004,
17004,17006,
17003,17006,
17003,52001,
17003,17008,
17003,17006,6.0
17004,17001,
17007,17007,6.0
17007,17006,
17005,17005,
17005,17006,
17001,17001,6.0
17003,17003,
17003,17008,18.0
17003,17006,6.0
17003,52001,
17007,17007,6.0
17007,17007,
17007,17006,
17005,17005,
17005,17006,
17002,17001,
17008,17008,
17008,17006,
17008,52001,
17005,17001,
17005,17005,5.0
17001,17001,10.0
17001,17006,
17001,52001,
17005,17005,6.0
17005,17005,12.0
17005,51009,
17006,17001,
17006,17006,
17004,17001,6.0
17004,17004,
17004,17006,
17001,17001,
17004,17001,12.0
17004,17004,19.0
17004,17007,
17004,17006,7.0
17004,52001,6.0
17005,17001,
17005,17005,336.0
17005,17007,
17005,17008,
17005,17006,14.0
17005,52001,5.0
17008,17008,
17008,23001,
17004,17001,6.0
17004,17004,
17004,17006,
17004,17001,
17004,17004,
17004,17006,
17005,17005,5.0
17004,17001,
17004,17004,
17007,17005,
17007,17007,7.0
17007,17008,
17007,17006,
17007,51009,7.0
17006,17006,8.0
17006,17006,9.0
17003,17008,
17006,17006,
17007,17007,15.0
17007,17006,
17008,17008,
17006,17005,
17006,17006,31.0
17006,17006,7.0
17008,17008,
17008,17006,
17008,52001,
17007,17007,
17002,17001,
17002,17002,
17001,17001,
17008,17008,8.0
17008,17006,5.0
17008,52001,
17002,17002,
17001,17001,13.0
17007,17007,
17006,17006,7.0
17003,17008,
17003,17006,
17003,17008,
17003,17006,
17008,17007,
17008,17008,
17004,17001,6.0
17005,17005,6.0
17005,52001,
17007,17005,
17007,17007,101.0
17007,17006,20.0
17003,17008,
17003,52001,
17001,17001,5.0
17001,52001,
17004,17004,
17004,17006,7.0
17005,17005,
17004,17001,
17004,17004,
17004,17006,
17004,17001,
17004,17004,
17004,17006,
17008,17008,
17008,17006,
17008,53001,
17001,17001,6.0
17007,17007,6.0
17007,17007,34.0
17003,17008,
17003,17006,
17008,17008,8.0
17008,17006,
17003,17008,
17008,17001,
17008,17004,
17008,17005,
17008,17007,
17008,17008,103.0
17008,17006,71.0
17008,52002,
17008,52001,
17004,17006,
17007,17007,
17007,17006,
17007,52001,
17004,17005,
17004,17006,
17002,17001,16.0
17003,17008,
17003,17006,
17006,17006,
17006,17006,11.0
17002,17001,
17005,17005,
17001,17001,13.0
17001,17006,
17004,17006,
17008,17008,11.0
17006,17006,13.0
17002,17001,
17006,17006,
17002,17001,
17005,17005,
17002,52001,
17005,17005,13.0
17008,17008,9.0
17008,17008,
17008,17006,
17002,17001,
17005,17005,
17003,17003,
17003,17006,
17003,17008,
17005,17006,
17006,15001,
17006,17001,5.0
17006,17005,5.0
17006,17007,
17006,17008,
17006,17006,1038.0
17006,25001,
17006,29006,
17006,31072,
17006,35132,
17006,52002,
17006,52001,5.0
17006,52002,
17006,52014,
17006,17006,
17006,17006,8.0
17002,17001,15.0
17002,17002,43.0
17002,31007,
17004,17006,
17004,17001,5.0
17004,17006,
17001,17001,25.0
17001,17006,
17001,17001,9.0
17001,17001,
21001,11006,
21001,21001,18.0
21001,21016,90.0
21006,21016,5.0
21006,22005,
21016,21016,57.0
21005,21016,11.0
21002,21002,
21002,21016,22.0
21007,21007,
21007,21016,97.0
21014,21014,123.0
21014,21016,67.0
21003,21016,19.0
21019,21019,
21019,21016,
21008,21008,45.0
21008,21016,12.0
21009,21009,5.0
21009,21016,40.0
21006,21006,
21006,21016,
21006,22004,
21011,21011,8.0
21011,21016,16.0
21019,21016,
21006,21006,
21006,21016,54.0
21006,22005,9.0
21006,35012,
21004,21016,41.0
21009,21016,62.0
21009,51013,
21013,21016,29.0
21002,21002,70.0
21002,21016,131.0
21002,22004,14.0
21013,21016,56.0
21011,21011,10.0
21011,21016,62.0
21018,21016,18.0
21003,21003,12.0
21003,21016,15.0
21015,21016,
21015,22004,29.0
21004,21008,
21004,21016,95.0
21004,22004,
21013,21013,
21013,21016,115.0
21009,21016,7.0
21014,21014,
21014,21014,
21014,21016,8.0
21011,21016,52.0
21010,21010,16.0
21010,21016,15.0
21019,21016,52.0
21014,21014,
21014,21016,62.0
21001,21001,
21001,21016,23.0
21002,21002,
21002,21016,9.0
21006,16001,
21006,21006,
21006,21016,74.0
21006,22004,
21002,15010,
21002,21016,7.0
21005,21005,
21005,21016,10.0
21015,21015,
21015,21016,44.0
21001,21001,5.0
21001,21016,142.0
21001,51007,
21008,21016,
21008,31007,
21013,21016,52.0
21018,21016,7.0
21018,21018,
21018,21016,43.0
21008,21008,19.0
21019,21016,45.0
21009,21016,48.0
21012,21016,23.0
21008,21016,23.0
21019,15006,
21019,21016,42.0
21005,15003,
21005,21016,91.0
21005,22004,8.0
21011,21016,7.0
21011,21016,28.0
21019,21019,
21019,21016,24.0
21019,31075,
21019,21019,
21019,21016,58.0
21006,21016,150.0
21006,52001,
21007,15006,
21007,21007,238.0
21007,21016,112.0
21007,22004,
21007,31072,
21005,21005,7.0
21005,21016,88.0
21005,22004,26.0
21005,51014,
21015,21016,23.0
21002,21016,70.0
21007,21007,
21007,21016,68.0
21007,52015,
21011,21016,52.0
21008,21016,
21012,21016,22.0
21005,17006,
21005,21016,
21010,15006,
21010,21010,8.0
21010,21016,37.0
21008,21016,10.0
21003,21003,
21003,21016,
21004,21004,6.0
21004,21016,
21003,21003,
21003,21016,12.0
21003,21016,19.0
21012,21012,6.0
21012,21016,30.0
21019,21016,36.0
21012,21012,13.0
21012,21016,24.0
21012,21012,
21012,21016,28.0
21008,21016,
21008,31007,
21012,21016,32.0
21012,21016,14.0
21014,21008,
21014,21014,
21014,21016,26.0
21019,21019,36.0
21019,21019,
21019,21016,34.0
21004,21004,15.0
21004,21016,44.0
21004,52001,
21011,21016,22.0
21011,33005,
21013,21013,
21013,21016,50.0
21013,21016,15.0
21014,21016,28.0
21010,21010,7.0
21010,21016,5.0
21008,15003,
21008,15003,
21008,21008,14.0
21008,21016,16.0
21004,21004,11.0
21004,21016,18.0
21009,21009,
21009,21016,242.0
21001,21001,
21001,21016,9.0
21015,21016,11.0
21015,22004,
21004,21004,
21004,21016,11.0
21008,51013,
21012,21012,
21012,21016,13.0
21019,21016,21.0
21010,21010,5.0
21010,21016,74.0
21010,21016,9.0
21002,21002,
21002,21016,32.0
21015,21016,10.0
21010,21016,25.0
21010,17005,
21010,21010,
21010,21016,21.0
21008,21008,
21008,21016,36.0
21010,21010,
21010,21016,25.0
21003,21003,
21003,21016,
21019,21016,17.0
21006,21016,
21006,22005,
21019,21019,
21019,21016,87.0
21002,21016,
21019,21019,
21019,21016,55.0
21006,21006,
21006,21016,9.0
21018,21016,60.0
21017,15006,
21017,21016,
21017,22004,5.0
21009,21016,21.0
21006,21006,
21015,21003,
21015,21016,15.0
21009,21016,50.0
21011,21016,43.0
21014,21014,9.0
21014,21016,139.0
21008,21016,6.0
21013,21013,
21013,21016,44.0
21009,21009,
21009,21016,34.0
21015,21016,21.0
21019,15006,
21019,21016,38.0
21002,21016,27.0
21018,21016,14.0
21016,21016,833.0
21018,21018,
21018,21018,
21018,21016,30.0
21015,21015,9.0
21015,21016,71.0
21017,21017,
21017,21016,
21017,22004,16.0
21015,21016,11.0
21015,21016,37.0
21006,21016,6.0
21002,21016,14.0
21010,21010,16.0
21010,21016,122.0
21011,21016,54.0
21018,21016,40.0
21011,21011,
21011,21016,15.0
21007,21016,57.0
21007,51014,
21014,21014,
21014,21016,77.0
21011,21011,
21011,21011,
21011,21016,66.0
21011,41017,
21014,21014,19.0
21014,21016,108.0
21009,21016,77.0
21009,51013,
21010,21010,
21010,21016,18.0
21010,31088,
21010,52001,
21008,17005,
21008,21008,96.0
21008,21016,
21011,21011,
21011,21016,15.0
21012,21016,79.0
21012,22004,
21013,21016,9.0
21013,31019,
21019,21019,7.0
21019,21016,8.0
21019,22004,
21011,21011,
21011,21016,16.0
21009,21009,
21009,21016,20.0
21009,42015,
21013,21016,11.0
21016,21016,
21016,21016,180.0
21016,50015,
21003,21003,
21003,21016,9.0
21003,52001,
21008,21008,
21008,21008,5.0
21008,31007,
21013,21016,266.0
21013,42009,
21012,21016,5.0
21011,21011,38.0
21011,21016,75.0
21011,52014,
21014,21014,13.0
21014,21016,161.0
21014,22004,
21014,25001,
21014,15003,
21014,21014,5.0
21014,21016,142.0
21019,21019,
21019,21016,29.0
21006,21016,30.0
21006,22004,
21013,21016,89.0
21006,21016,
21013,21013,
21013,21016,15.0
21012,21016,32.0
21009,21009,
21009,21016,36.0
21009,51007,
21018,21018,13.0
21018,21016,71.0
21018,31072,
21018,51014,
21006,21016,37.0
21015,21016,7.0
21012,21016,33.0
21003,21003,
21003,21016,33.0
21001,21001,
21017,21016,
21017,22004,
21018,21016,47.0
21018,21018,
21008,21008,20.0
21008,21016,
21005,21016,20.0
21015,21016,17.0
21015,22004,
21016,21016,1802.0
21012,21016,82.0
21016,15003,
21016,15003,
21016,21016,11462.0
21016,21007,
21016,22004,
21016,25001,
21016,26010,
21016,29020,
21016,31016,11.0
21016,35011,
21016,41009,
21016,42005,
21016,52011,
21002,15006,
21002,21016,83.0
21002,21002,
21007,21016,78.0
21007,21007,61.0
21007,22004,
21007,52001,
21001,15003,
21003,21016,10.0
21003,21003,
21010,21016,8.0
21010,21010,
21018,21016,28.0
21018,21018,26.0
21014,21016,
21012,21016,6.0
21012,51014,
21012,53001,
21008,15003,
21008,21016,
21011,21016,27.0
21011,21011,
21008,21008,
21008,21008,
21015,21016,
21015,21015,
21015,21016,5.0
21003,21016,
21007,21016,69.0
21007,21007,19.0
21017,21016,69.0
21017,21017,
21017,22004,382.0
21010,21010,
21010,21010,
21010,21016,32.0
21010,21010,
21012,21016,76.0
21012,21012,57.0
21012,26010,
21011,21016,53.0
21011,21011,
21011,21016,35.0
21006,21016,89.0
21006,21006,
21006,22005,
21009,21016,52.0
21009,21016,120.0
21009,21009,
21018,21011,
21018,21016,112.0
21018,21018,
21001,21016,
21001,21001,
21009,21016,87.0
21002,21016,69.0
21002,21002,
21002,22004,
21019,15003,
21019,21019,
21019,21016,126.0
21019,21019,5.0
22012,22012,10.0
22012,22004,46.0
22004,22004,15.0
22004,22004,
22004,22004,34.0
22009,22004,
22009,22004,
22004,22004,10.0
22004,22004,
22004,22004,163.0
22002,22004,
22004,22004,11.0
22004,22004,7.0
22007,22004,5.0
22010,22004,
22009,22004,
22001,22004,
22007,22004,5.0
22010,22004,
22003,22004,73.0
22002,22004,
22004,22004,47.0
22004,52001,
22003,22004,11.0
22012,22004,7.0
22004,22004,8.0
22011,22004,19.0
22012,22012,13.0
22001,22004,39.0
22002,22004,9.0
22002,52011,
22005,22005,10.0
22001,22004,
22003,22003,
22003,22004,5.0
22005,22005,12.0
22005,22004,6.0
22001,22004,
22001,22004,18.0
22005,22005,
22012,26007,
22008,22004,6.0
22006,22004,
22009,22004,5.0
22003,22004,7.0
22001,22004,54.0
22011,22011,
22011,22004,15.0
22003,22004,19.0
22006,22004,
22006,22006,
22005,22005,6.0
22012,22012,
22001,22004,19.0
22001,31016,
22005,22005,10.0
22005,22004,5.0
22005,22005,24.0
22005,22005,12.0
22005,22004,10.0
22001,22004,8.0
22005,22005,7.0
22005,22004,
22004,22004,
22011,22004,
22008,22004,
22008,22012,
22008,22004,18.0
22002,22004,12.0
22002,22004,
22002,22004,
22004,22004,
22012,22012,
22012,22004,7.0
22004,22004,8.0
22006,22006,
22006,22004,
22009,22004,10.0
22003,22004,
22006,22006,
22010,22004,51.0
22011,22004,
22003,22004,38.0
22006,22004,8.0
22011,22004,5.0
22008,22004,
22011,22011,
22011,22004,10.0
22010,22004,6.0
22011,22004,5.0
22009,22004,7.0
22009,22004,10.0
22009,29002,
22009,22004,42.0
22002,22004,
22011,22004,
22006,22004,
22004,22004,8.0
22005,22005,51.0
22010,22004,18.0
22009,22009,
22009,22004,8.0
22008,22008,
22008,22004,17.0
22009,22004,
22011,22004,20.0
22012,22012,
22012,22012,
22012,22004,10.0
22004,22004,
22001,22004,
22011,22004,16.0
22003,22005,
22003,22004,31.0
22003,22004,5.0
22004,22004,103.0
22001,22004,9.0
22002,22004,
22004,22004,
22004,22004,14.0
22006,22012,6.0
22006,22004,
22003,22003,
22003,22003,
22003,22004,
22004,22004,7.0
22011,22004,25.0
22005,22005,5.0
22005,22005,56.0
22005,22004,47.0
22003,22003,
22003,22005,
22003,22004,6.0
22003,22003,
22003,22004,7.0
22011,22004,20.0
22011,53001,
22012,22004,5.0
22012,26007,
22011,22004,12.0
22012,22004,6.0
22003,22004,6.0
22004,22004,49.0
22004,26011,
22004,33003,
22003,22004,
22004,22004,15.0
22009,22004,9.0
22002,22004,6.0
22005,22005,
22011,22004,9.0
22004,22004,23.0
22001,22004,
22003,22004,
22010,22004,
22008,22008,
22008,22004,72.0
22012,22004,
22011,22004,10.0
22002,22004,
22004,22004,18.0
22009,22004,43.0
22002,22004,16.0
22005,21016,9.0
22005,22005,1922.0
22005,22004,159.0
22012,22012,7.0
22012,22004,7.0
22004,22004,
22012,22012,71.0
22012,22004,
22011,22004,
22003,22003,16.0
22003,22004,52.0
22006,22004,
22006,43008,
22009,22004,148.0
22009,33006,
22010,22004,
22009,22004,
22003,22005,
22003,22004,35.0
22003,35011,
22003,22003,
22003,22004,57.0
22003,43029,
22003,51014,
22003,22004,
22011,22004,
22012,22012,21.0
22004,22004,42.0
22007,22004,12.0
22011,22004,22.0
22009,22004,8.0
22010,22004,15.0
22002,22004,
22008,22008,
22009,22004,7.0
22004,22004,
22008,22004,6.0
22010,22004,10.0
22008,22012,
22008,22004,
22011,22004,38.0
22004,22004,19.0
22009,22004,
22003,22004,7.0
22001,22004,13.0
22008,22004,
22003,22004,15.0
22006,22006,
22006,22006,
22006,22004,21.0
22011,22004,
22009,22004,11.0
22009,22004,
22006,22004,
22006,26010,5.0
22009,22004,
22010,22004,
22011,22004,8.0
22001,22004,41.0
22004,22004,10.0
22006,22006,26.0
22006,22004,48.0
22007,22004,
22001,22004,7.0
22012,22004,9.0
22008,21016,36.0
22008,22004,10.0
22011,22004,
22009,22004,14.0
22004,15003,
22004,21016,
22004,22004,3030.0
22004,33005,
22004,35011,
22004,35041,
22004,35016,5.0
22004,22004,90.0
22004,22004,
22007,22004,51.0
22010,22004,25.0
22010,22004,
22009,22004,7.0
22009,22004,
23023,23023,20.0
23023,23001,6.0
23001,23001,33.0
23001,23001,26.0
23011,23011,50.0
23011,23011,
23011,23011,
23011,23001,67.0
23011,23011,18.0
23023,23023,70.0
23023,23001,35.0
23023,23023,
23023,23023,
23023,23025,
23023,35011,
23024,23024,5.0
23024,23001,17.0
23024,23024,11.0
23011,23011,30.0
23023,23023,
23023,23001,17.0
23025,23001,28.0
23025,23025,12.0
23001,23001,53.0
23023,23001,5.0
23001,23001,
23001,23001,13.0
23001,23025,
23001,23001,
23001,23001,282.0
23001,31016,
23025,23025,5.0
23025,23001,
23025,23001,134.0
23025,23025,
23025,23025,
23001,23001,
23001,23001,58.0
23001,23025,
23001,26010,
23011,23011,
23011,23011,5.0
23011,23001,9.0
23011,23011,
23023,23001,5.0
23023,23023,
23023,50015,
23001,23001,7.0
23001,23025,
23024,23001,27.0
23024,23024,11.0
23023,23023,
23023,23001,6.0
23023,23025,
23023,23023,9.0
23023,23023,9.0
23023,23001,9.0
23023,23023,
23023,33006,
23023,23001,5.0
23023,23023,10.0
23023,23011,
23024,23024,
23024,23001,23.0
23024,23025,
23023,23023,
23023,23001,47.0
23023,23025,
23023,26011,
23001,23001,42.0
23001,23001,
23023,23023,
23023,23023,
23023,23023,18.0
23023,23001,10.0
23023,23023,
23011,23011,
23011,23001,5.0
23011,23011,8.0
23001,23001,
23001,23001,135.0
23001,23024,
23001,23001,6.0
23001,23001,103.0
23001,23025,
23011,23011,7.0
23011,23011,
23011,23001,14.0
23011,23011,11.0
23024,23024,31.0
23024,23001,127.0
23024,23025,
23024,23024,
23024,35011,
23023,23023,427.0
23023,23001,40.0
23023,26011,
23023,52011,
23011,23011,55.0
23011,23011,
23011,23001,13.0
23011,23011,26.0
23023,23023,11.0
23023,23001,30.0
23023,23023,
23023,35014,
23024,22004,
23024,23023,
23024,23024,424.0
23024,23001,68.0
23024,31016,
23001,15006,
23001,23001,
23001,23001,96.0
23024,22004,
23024,23024,14.0
23024,23001,11.0
23024,23025,
23024,23024,
23011,23011,8.0
23011,23011,
23011,23001,10.0
23011,23011,32.0
23023,23023,
23023,23001,31.0
23023,23023,
23023,23023,
23023,23023,
23023,35011,
23023,23023,17.0
23023,23001,5.0
23023,23023,
23023,23025,
23011,23011,28.0
23011,23011,
23011,23001,6.0
23011,23011,29.0
23001,23001,
23001,23001,187.0
23023,23001,7.0
23011,23011,
23011,23011,15.0
23001,21008,
23001,22004,5.0
23001,23001,45.0
23001,23001,1357.0
23001,23025,
23001,23001,
23023,23023,20.0
23023,23001,28.0
23023,23023,20.0
23023,23023,
23023,23025,
23011,22005,
23011,23011,
23011,23011,
23011,23001,
23011,23011,5.0
23024,23024,
23024,23001,13.0
23024,23025,
23001,23001,
23001,23001,56.0
23001,23024,
23011,23011,7.0
23011,23011,
23011,23001,
23011,23011,30.0
23011,23024,
23011,23011,257.0
23011,23001,17.0
23011,23011,
23011,33005,
23023,23023,12.0
23023,23001,34.0
23023,43010,
23011,23011,5.0
23011,23001,31.0
23011,23011,27.0
23011,23011,
23011,23011,
23011,23011,76.0
23011,23001,
23011,23011,18.0
23023,23023,5.0
23025,23001,6.0
23001,23001,5.0
23001,23001,232.0
23023,23023,19.0
23023,23001,6.0
23011,23001,6.0
23011,23011,50.0
23001,12002,
23001,17006,
23001,21016,
23001,23023,
23001,23024,
23001,23001,
23001,23001,
23001,23001,16646.0
23001,23001,9.0
23001,23011,
23001,23024,
23001,25001,5.0
23001,31016,
23001,31099,
23001,33006,9.0
23001,33005,38.0
23001,35073,
23001,35016,7.0
23025,23001,37.0
23025,23025,
23025,23025,10.0
23025,35011,
23011,22004,
23011,23011,
23011,23001,
23011,23011,9.0
23011,23011,15.0
23001,23001,33.0
23011,23001,16.0
23011,23011,9.0
23011,22005,
23011,23001,5.0
23011,23011,
23011,23011,39.0
23023,23001,7.0
23023,23023,
23011,23001,
23011,23011,
23011,23011,13.0
23001,23001,67.0
23001,23001,
23001,23001,5.0
23011,23001,8.0
23011,23011,
23011,23011,29.0
23011,33005,
23001,23001,
23001,23001,13.0
23011,23001,6.0
23011,23011,9.0
23011,33005,
23001,23001,143.0
23024,23001,11.0
23011,23001,5.0
23011,23011,67.0
23011,23011,15.0
23024,23001,47.0
23024,23025,5.0
23024,31061,
23025,23001,33.0
23025,23025,
23023,23023,
23023,23023,
23023,23001,99.0
23023,23023,232.0
23023,23025,
23023,15003,
23023,23001,134.0
23023,23023,
23023,23023,55.0
23023,23023,
23011,23011,13.0
23011,23001,10.0
23011,23025,
23011,23011,
23011,23011,
23011,23001,
23011,23011,
23011,23011,
23023,23001,22.0
23023,23023,11.0
23023,23023,
23011,23001,
23011,23011,59.0
23011,23011,
23011,23011,27.0
23011,23001,31.0
23011,23011,5.0
23011,23011,7.0
23025,23001,30.0
23025,23025,8.0
23025,23025,13.0
23025,23024,
23011,23011,
23011,23001,6.0
23011,23011,7.0
23011,23011,28.0
23025,23001,12.0
23025,23025,6.0
23001,22004,
23001,23001,
23001,23001,158.0
23001,23001,149.0
23001,23011,
23001,23001,7.0
23001,23001,
23001,23011,
23001,23001,209.0
23001,23001,20.0
23001,23023,
23001,23011,
23001,29006,
23001,35016,
23001,23001,39.0
23011,23011,
23011,23001,104.0
23011,23011,5.0
23011,23011,6.0
23024,23024,21.0
23024,23001,84.0
23024,23025,
23024,23001,
23024,23024,
23024,33006,
23025,23001,21.0
23025,23025,33.0
23025,23025,8.0
23025,32002,
23025,23001,24.0
23025,23025,
23025,23001,43.0
23025,23023,
23025,23025,
23025,23025,23.0
23025,23024,
23025,23001,
23025,23001,61.0
23025,23025,9.0
23023,23001,5.0
23023,23023,23.0
23023,23001,
23011,23011,
23011,23011,
23011,23001,25.0
23011,23011,
23011,23011,20.0
23023,23023,
23023,23001,86.0
23023,23023,
23023,23023,
23023,24007,
23023,26010,
23023,35173,
23023,35016,5.0
23023,23001,32.0
23023,23023,
23023,23023,
23023,23025,
23023,23023,
23023,23001,8.0
23023,23023,11.0
23023,23023,
23023,23023,
23025,23001,117.0
23025,23025,329.0
23025,23024,
23024,23024,7.0
23024,23001,34.0
23024,23024,11.0
23024,23024,
23001,23001,1043.0
23001,23001,237.0
23001,23001,
23001,23001,382.0
23001,23001,6.0
23001,23001,
23011,23001,9.0
23011,23011,22.0
23011,23011,19.0
23011,23011,
23011,23001,5.0
23011,23011,
23011,23011,24.0
23011,23001,12.0
23011,23011,12.0
23011,23011,71.0
23023,23023,7.0
23023,23001,20.0
23023,23023,82.0
23023,23023,
23011,23011,
23011,23011,19.0
23023,23023,6.0
23023,23001,8.0
23023,23023,709.0
23024,23001,10.0
23024,23025,
23024,23024,
23001,23001,20.0
23001,23001,
23023,23023,
23023,23001,28.0
23023,23023,12.0
23023,23023,
23023,23001,30.0
23023,23023,
23023,23023,
23023,23025,
23023,23024,
23023,23024,
23011,23011,7.0
23011,23001,18.0
23011,23011,5.0
23025,23001,122.0
23025,23025,18.0
23025,23025,5.0
23025,23024,
23011,23001,7.0
23011,23011,8.0
23011,23001,14.0
23011,23011,18.0
23011,23001,
23011,23011,
23011,23011,13.0
23001,23001,18.0
23001,23001,
23023,23001,6.0
23023,50011,
23011,23011,28.0
23011,23001,25.0
23011,23011,39.0
23011,23011,6.0
23011,23011,15.0
23011,23001,15.0
23011,23011,24.0
23011,23011,
23001,23001,67.0
23001,23001,
23023,23023,
23023,23001,23.0
23023,23023,25.0
23023,23023,
23001,23001,236.0
23001,23025,
23001,23023,
23001,23001,5.0
23001,23001,352.0
23001,23001,50.0
23001,24007,
23001,51002,6.0
23001,23001,17.0
23001,23001,
23011,23001,
23011,23011,5.0
23011,23011,5.0
23025,23001,18.0
23025,23025,
23025,23025,
23001,23001,52.0
23001,23001,
23001,23001,
23001,23023,
23001,23001,
23001,23001,85.0
23001,23001,
23001,23001,
23001,23001,44.0
23024,23001,61.0
23024,23025,
23024,23024,
23024,23024,16.0
23024,31037,
23024,31007,
23024,23024,6.0
23024,23001,30.0
23024,23025,
23024,23024,
23024,23001,29.0
23024,23024,5.0
23024,23024,
23023,23023,10.0
23023,23001,
23001,23001,62.0
23025,23001,27.0
23025,23023,
23025,23025,6.0
23025,23025,7.0
23001,23001,84.0
23023,23001,25.0
23023,23023,
23023,23025,
23023,23023,5.0
23011,23001,
23011,23011,7.0
23011,23011,10.0
23011,23001,9.0
23011,23011,
23011,23011,
23023,23023,36.0
23023,23001,14.0
23023,23023,
23023,23001,17.0
23023,23023,
23023,23023,
23023,23011,
23025,23001,35.0
23025,23025,5.0
23011,23011,11.0
23011,23001,
23011,23011,6.0
23011,23024,
23024,23001,124.0
23024,23025,10.0
23024,23024,56.0
23024,23024,5.0
23023,23001,13.0
23023,23023,
23024,23024,
23024,23001,82.0
23024,23025,18.0
23024,23024,216.0
23025,23001,16.0
23025,23025,15.0
23025,23025,14.0
23001,23001,116.0
23001,23025,
23001,23001,7.0
23001,23001,
23011,23011,
23011,23001,7.0
23011,23011,
23011,23011,
23011,23011,40.0
23025,23001,135.0
23025,23025,33.0
23025,23024,
23025,23025,6.0
23023,23001,8.0
23023,23023,
23023,23001,9.0
23023,23023,
23023,23023,
23023,23023,
23011,23001,8.0
23011,23011,
23011,23011,37.0
23023,23023,
23023,23001,10.0
23023,23023,
23023,23023,9.0
23011,23001,16.0
23011,23011,59.0
23011,23011,49.0
23011,23011,5.0
23011,23001,25.0
23011,23011,
23011,23011,14.0
23001,23001,170.0
23001,23001,65.0
23001,29020,
23025,23001,10.0
23025,23025,10.0
23001,23001,40.0
23024,23001,60.0
23024,23025,5.0
23024,23024,
23024,23024,47.0
23011,23001,
23011,23011,11.0
23011,23001,12.0
23011,23011,707.0
23024,23001,46.0
23024,23025,
23024,23024,
23024,23024,8.0
23025,23001,25.0
23025,23025,15.0
23025,23011,
23025,23025,24.0
23011,23011,22.0
23011,23001,7.0
23011,23025,
23011,23011,
23011,23011,
23023,23001,
23024,23001,60.0
23024,23025,
23024,23024,
23024,23024,552.0
23001,23001,69.0
23011,23011,6.0
23011,23001,61.0
23011,23011,47.0
23011,23011,10.0
23001,23001,87.0
23001,23001,9.0
23001,23001,43.0
23001,23001,
23011,23011,
23011,23001,13.0
23011,23011,40.0
23011,23011,42.0
23023,12002,
23023,23001,8.0
23023,23023,
23023,23023,
23023,42009,
23001,23001,17.0
23001,23001,42.0
23011,23001,
23011,23011,21.0
23011,23001,
23011,23011,
23011,23011,16.0
23011,23011,7.0
23023,23001,16.0
23023,23023,
23023,23023,60.0
23023,31007,
23011,22005,
23011,23001,65.0
23011,23011,35.0
24004,24004,10.0
24004,24007,16.0
24008,24008,
24008,24002,68.0
24008,24007,12.0
24003,24003,
24003,24004,
24003,24002,
24003,24007,13.0
24006,24002,
24006,24002,5.0
24006,24007,12.0
24006,24002,
24006,24007,
24006,33005,
24008,24002,11.0
24008,24007,7.0
24008,24002,7.0
24008,24007,
24006,24002,8.0
24006,24007,
24006,24006,
24002,24002,6.0
24002,24002,25.0
24002,24002,20.0
24002,24002,44.0
24002,24007,7.0
24001,24007,14.0
24002,24002,11.0
24002,24007,9.0
24001,24007,7.0
24002,24002,46.0
24002,24007,5.0
24005,24007,6.0
24003,24007,53.0
24004,24007,15.0
24005,24004,
24005,24007,40.0
24001,24007,34.0
24003,24002,
24003,24007,10.0
24003,24007,23.0
24004,24004,21.0
24004,24004,
24004,24002,
24004,24007,33.0
24005,24004,
24005,24007,10.0
24001,24007,74.0
24002,24002,28.0
24002,24007,6.0
24004,24004,
24004,24007,14.0
24008,24008,
24008,24002,
24003,24003,68.0
24003,24007,266.0
24004,24004,
24004,24007,32.0
24005,24002,
24005,24007,
24006,24002,
24006,24006,
24004,24004,6.0
24004,24007,24.0
24004,24004,83.0
24004,24007,72.0
24006,24002,
24006,35011,
24007,24007,765.0
24007,33005,
24006,24002,
24006,24006,
24004,24004,
24004,24004,
24004,24007,6.0
24001,24007,53.0
24007,24007,311.0
24002,24002,
24002,24002,7.0
24008,24002,5.0
24008,24007,
24004,24004,11.0
24004,24007,11.0
24006,24002,
24006,24006,
24006,24002,14.0
24003,24007,8.0
24001,24007,76.0
24002,24002,27.0
24002,24002,6.0
24003,24003,10.0
24003,24007,76.0
24003,24007,31.0
24008,24002,11.0
24008,24007,7.0
24008,24002,
24008,24007,11.0
24006,24002,6.0
24006,24007,
24005,24004,
24005,24007,30.0
24003,24007,9.0
24002,24002,
24002,24002,7.0
24005,24007,28.0
24005,24007,11.0
24003,24007,5.0
24004,24004,
24004,24007,
24004,25001,
24004,24004,
24004,24004,
24004,24007,8.0
24003,24003,
24003,24007,87.0
24006,24002,6.0
24006,24002,
24006,24006,
24004,24004,
24004,24007,
24001,24007,47.0
24001,24001,
24001,24007,11.0
24001,24007,5.0
24001,24001,
24005,24007,10.0
24005,24005,
24004,24004,17.0
24004,24004,
24004,24007,31.0
24001,24007,60.0
24001,24001,
24003,24007,10.0
24005,24004,
24005,24007,21.0
24006,24002,13.0
24006,24007,
24006,24006,
24007,24007,231.0
24007,24007,
24003,24003,
24003,24007,85.0
24006,24002,
24006,24006,
24006,24002,5.0
24006,24002,
24006,24006,
24003,24007,23.0
24002,24002,
24001,24007,20.0
24001,24001,
24001,24007,98.0
24001,24007,5.0
24002,13001,
24002,23001,
24002,24002,1224.0
24002,24007,5.0
24002,25001,
24002,25010,
24002,29021,
24007,23025,
24007,24003,
24007,24007,4400.0
24007,24007,13.0
24007,25001,
24007,26010,
24007,35073,
24007,41009,
24007,43017,
24007,52014,
24007,53001,
24001,24007,108.0
24001,24007,156.0
24001,24001,14.0
24001,33005,
24006,24002,25.0
24006,24007,37.0
24006,24006,
24008,24002,11.0
24003,24007,5.0
24004,24004,
24004,24007,13.0
24004,24004,
24004,29011,
24003,24007,53.0
24001,24007,5.0
24001,24007,7.0
24006,24002,45.0
24006,24006,
24006,24006,
24005,21016,15.0
24005,24007,14.0
24006,23001,
24006,24002,17.0
24006,24006,5.0
24003,24007,10.0
24003,24007,
24003,24007,9.0
24001,24007,45.0
24008,24002,6.0
24008,24007,
24008,24008,
24003,24002,
24003,24007,52.0
24006,24002,19.0
24006,24006,
24008,24002,
24005,24007,13.0
24005,29020,
24003,24003,
24003,24007,19.0
24003,24003,
24006,24002,
24006,24002,
24006,24006,
24006,24002,
24003,24007,13.0
24006,24002,5.0
24002,24002,21.0
24005,24007,9.0
24005,24004,
24005,24007,
24005,24007,71.0
24004,24004,
24004,24007,5.0
24004,24004,
24004,24007,
24001,24007,51.0
24001,24001,7.0
24003,24007,
24005,24004,
24006,24002,9.0
24007,24007,347.0
24007,24007,203.0
24004,24004,
24004,24007,5.0
24001,24007,210.0
24005,24004,
24005,24007,33.0
24004,24007,
24006,24002,53.0
24006,24007,11.0
24006,24006,
24003,24007,21.0
24003,24003,
24005,24007,25.0
24005,24005,
24005,24004,
24005,24007,9.0
24005,24005,
24008,24002,6.0
24008,24007,6.0
24005,24004,
24005,24007,38.0
24004,24004,21.0
24004,24007,34.0
24005,24004,
24005,24007,9.0
24001,24007,5.0
24001,24007,8.0
24002,24002,55.0
24002,24007,
24004,24004,
24004,24004,
24004,24002,
24004,24007,
24001,24007,14.0
24006,24007,
24006,24006,
24006,24002,
24005,24004,
24005,24007,8.0
24006,24002,
24003,24007,45.0
24005,24004,
24005,24007,46.0
24005,24005,5.0
24005,51014,
24006,24002,14.0
24004,24004,
24004,24007,7.0
24001,24007,21.0
24001,25001,
24003,24007,120.0
24003,24003,62.0
24008,24002,5.0
24006,24002,31.0
24002,24002,28.0
24001,24007,8.0
24006,23001,7.0
24001,24007,52.0
24001,24001,
24006,24007,
24001,24007,42.0
25011,25011,
25011,25016,40.0
25011,25001,5.0
25007,25016,
25007,25007,10.0
25003,25016,57.0
25003,25001,47.0
25003,25016,216.0
25003,25001,
25003,31044,
25002,25016,
25002,25001,47.0
25015,25016,28.0
25003,25016,19.0
25001,25001,46.0
25001,25001,
25009,25009,
25009,25001,12.0
25009,25010,
25005,25016,17.0
25010,25016,
25010,25001,
25010,25010,6.0
25002,25001,42.0
25003,25016,114.0
25002,25016,
25002,25001,25.0
25002,35011,
25003,25016,61.0
25006,25016,5.0
25006,25001,
25003,25016,33.0
25003,25016,
25015,25016,108.0
25015,25001,
25016,25016,23.0
25014,25001,38.0
25002,25001,22.0
25002,33005,
25004,25016,28.0
25015,25016,50.0
25015,25001,
25004,25016,20.0
25015,25016,27.0
25001,24007,
25001,25001,
25001,25001,235.0
25001,25001,
25002,25016,7.0
25002,25001,31.0
25008,25016,
25008,25001,11.0
25008,25007,
25009,25009,
25007,25016,
25007,25001,
25007,25007,15.0
25016,25016,17.0
25009,25001,5.0
25008,25001,6.0
25009,25001,9.0
25009,25007,
25015,25016,64.0
25015,25001,
25007,25016,
25007,25001,
25007,25007,13.0
25002,25001,14.0
25008,25016,9.0
25008,25001,14.0
25008,25007,
25008,25016,
25008,25001,
25001,25001,
25001,25001,39.0
25015,25016,24.0
25001,25001,
25001,25001,107.0
25001,25001,
25001,31084,
25001,35016,
25009,23023,
25006,25001,
25002,25016,7.0
25002,25001,32.0
25006,25016,30.0
25002,25001,20.0
25009,25009,12.0
25009,25016,7.0
25009,25001,29.0
25009,25007,
25009,25010,
25009,52001,
25013,25016,
25012,25001,14.0
25005,25016,9.0
25005,25005,
25005,35011,
25016,24007,
25016,25016,3949.0
25016,25001,19.0
25016,26010,
25014,25001,7.0
25014,25014,
25005,25016,5.0
25002,25016,17.0
25002,25001,
25006,25001,
25006,25007,
25008,25016,
25008,25008,
25008,25001,28.0
25008,25007,
25008,25010,
25015,25016,21.0
25007,25001,20.0
25007,25007,12.0
25007,31072,
25006,25016,45.0
25006,25001,
25006,26010,
25001,25001,177.0
25005,25016,
25007,25016,47.0
25007,25001,
25007,25007,8.0
25001,25001,49.0
25001,25001,
25004,25016,31.0
25004,25016,62.0
25004,25004,
25004,25001,
25002,25001,16.0
25002,31097,
25002,31084,
25014,25001,37.0
25014,25014,
25014,25001,17.0
25007,25007,
25004,25016,13.0
25006,25016,19.0
25006,25001,6.0
25006,35011,
25006,25016,
25006,25001,
25007,25001,5.0
25007,25007,
25002,25016,
25002,25001,17.0
25002,25001,25.0
25006,25001,
25006,25007,
25003,25016,150.0
25003,25001,
25003,42006,
25016,25016,55.0
25016,33005,
25004,25016,6.0
25015,25016,77.0
25002,24007,
25002,25016,
25002,25002,
25002,25001,75.0
25012,25001,44.0
25005,25016,
25007,25007,
25007,25001,
25007,25007,
25011,25016,19.0
25011,25001,
25011,25007,
25012,25016,57.0
25012,25001,6.0
25012,25016,
25012,25001,59.0
25007,25016,13.0
25007,25001,6.0
25007,25007,20.0
25014,25001,38.0
25014,25014,
25012,25016,41.0
25012,25001,
25012,33006,
25014,25001,35.0
25014,25014,
25008,25001,8.0
25001,23001,
25001,24007,
25001,25016,11.0
25001,25001,2029.0
25001,25001,
25001,26010,
25001,29020,
25001,33005,
25001,35011,
25001,35016,6.0
25001,42003,
25001,43001,
25012,25016,18.0
25016,25016,11.0
25016,25001,36.0
25006,25016,24.0
25012,25016,
25012,25001,32.0
25011,25016,
25011,25001,
25011,25007,
25013,25016,
25002,25001,30.0
25003,25016,272.0
25003,25001,
25010,25001,
25010,25010,5.0
25016,25016,30.0
25016,25001,
25002,25001,10.0
25001,25001,13.0
25006,25016,5.0
25006,25001,11.0
25006,25016,20.0
25006,25001,5.0
25006,33001,
25014,25001,118.0
25014,25014,10.0
25011,25001,5.0
25011,25007,
25014,25001,28.0
25014,25014,
25001,25001,31.0
25010,25010,
25010,35073,
25016,25016,66.0
25014,24007,
25014,25001,33.0
25003,25016,9.0
25006,25016,18.0
25006,25001,
25012,25016,7.0
25012,25001,21.0
25003,25016,62.0
25009,25001,10.0
25005,25016,110.0
25005,25001,15.0
25005,25005,12.0
25002,25001,13.0
25015,25016,22.0
25015,25001,
25010,25010,
25004,25016,59.0
25004,25001,13.0
25004,52001,
25007,25001,
25007,25007,19.0
25004,25016,9.0
25004,25001,5.0
25007,25016,
25007,25001,11.0
25007,25007,11.0
25016,25016,6.0
25005,25016,25.0
25005,25005,
25005,25016,
25006,25016,114.0
25006,25001,86.0
25006,25006,
25006,25007,7.0
25006,29020,
25013,25016,11.0
25013,25001,10.0
25013,25007,
25007,25016,
25007,25001,
25007,25007,8.0
25004,25016,29.0
25004,25001,
25012,25001,77.0
25012,25012,15.0
25007,25016,7.0
25007,25001,11.0
25007,25007,61.0
25004,25016,37.0
25004,25001,10.0
25012,25001,26.0
25002,25016,
25002,25001,
25002,25016,
25002,25002,
25002,25001,10.0
25002,33005,
25002,25001,15.0
25001,25001,43.0
25016,25016,66.0
25016,25001,6.0
25013,25016,43.0
25013,25001,8.0
25013,25007,
25013,25013,
25005,25016,5.0
25005,31075,
25011,25016,
25011,25001,28.0
25011,25007,
25011,25011,
25011,25001,
25011,35011,
25016,25016,83.0
25015,25016,229.0
25015,25001,
25003,25016,99.0
25003,25001,
25014,25001,16.0
25014,25014,
25002,25016,
25002,25001,7.0
25012,25016,12.0
25012,25001,
25001,25001,13.0
25015,25016,13.0
25008,25001,6.0
25008,25010,
25014,25016,
25014,25001,45.0
25014,25014,
25014,25001,
25014,35011,
25006,25016,
25006,25001,
25012,25016,
25012,25001,48.0
25015,25016,29.0
25010,25016,
25010,25010,
25010,26010,
25009,25009,
25009,25007,
25007,25016,8.0
25007,25001,
25007,25007,
25006,24007,5.0
25006,25016,9.0
25006,25001,8.0
25006,25007,
25007,25016,
25007,25001,
25007,25007,
25007,25007,19.0
25009,25010,
25001,24007,
25001,25016,
25001,25001,306.0
25001,25001,5.0
25006,25016,
25006,25001,
25016,25016,29.0
25008,25016,27.0
25008,25001,
25008,25006,
25013,25016,
25015,25016,
25013,25001,
25010,25001,
25010,25010,
25005,25016,65.0
25005,25016,7.0
25010,25001,6.0
25010,25010,7.0
25007,25007,
25006,25016,11.0
25006,25007,
25012,25001,44.0
25009,25009,
25009,25016,
25009,25001,11.0
25009,25007,
25009,25009,
25006,25016,7.0
25006,25016,
25006,25001,5.0
25006,25007,
25005,25016,17.0
25006,25016,28.0
25006,25001,11.0
25006,25007,
25012,25001,27.0
25003,25016,59.0
25003,33005,
25005,25016,7.0
25001,25001,95.0
25004,25016,20.0
25005,25016,
25002,25001,8.0
25007,25007,
25016,25016,92.0
25016,25001,10.0
25002,25001,
25002,25001,12.0
25001,25001,11.0
25002,25016,162.0
25002,25001,21.0
25016,25016,18.0
25016,25001,19.0
25016,25016,
25016,43017,
25004,25016,
25004,25001,
25010,24007,
25010,25001,11.0
25010,25010,69.0
25010,29006,
25005,25016,17.0
25005,25005,
25002,25001,13.0
25016,25016,48.0
25016,25016,
25016,33005,
25011,25001,23.0
25011,25007,
25011,25011,17.0
25006,25016,6.0
25006,25001,12.0
25006,25007,
25016,25016,14.0
25009,25016,5.0
25009,25001,18.0
25015,25016,22.0
25015,26010,
25006,25016,12.0
25006,25001,
25010,25001,
25010,25010,
25005,25016,
26010,26005,
26010,26010,
26010,26010,192.0
26010,26010,19.0
26010,33001,
26001,26001,124.0
26001,26010,10.0
26001,26012,60.0
26001,26010,12.0
26009,26009,
26009,26010,7.0
26009,29016,69.0
26003,26003,
26003,26003,
26003,26003,
26003,26010,9.0
26003,26010,
26008,26008,
26008,26010,17.0
26004,26004,
26004,26003,
26004,26004,
26004,26010,8.0
26003,26010,5.0
26005,26005,9.0
26005,26010,70.0
26005,35011,
26003,26003,
26003,26010,16.0
26008,26010,30.0
26004,17005,
26004,26003,
26004,26004,
26004,26010,
26010,26010,12.0
26010,26010,
26007,26007,299.0
26007,26010,
26007,26011,
26007,26012,47.0
26007,29016,28.0
26002,24007,
26002,25016,
26002,26002,245.0
26002,26003,
26002,26010,19.0
26002,26012,40.0
26003,26003,
26003,26010,
26008,26008,
26008,26010,44.0
26008,26010,
26011,26012,
26011,26011,21.0
26011,26012,28.0
26011,29017,
26011,29016,12.0
26003,26002,
26003,26003,
26003,26010,48.0
26003,26010,7.0
26012,26012,6.0
26012,26003,
26012,26012,33.0
26003,26002,
26003,26003,47.0
26003,26003,
26003,26010,44.0
26003,26010,
26007,26007,33.0
26007,26010,
26007,26011,
26007,26012,15.0
26007,29016,34.0
26004,26004,
26004,26004,
26004,26004,
26004,26010,11.0
26004,26010,
26006,26006,
26006,26010,38.0
26006,31098,
26003,26003,
26003,26010,36.0
26003,26010,
26004,26003,
26004,26004,9.0
26004,26004,
26004,26010,
26001,25016,
26001,26001,11.0
26001,26001,
26001,26010,5.0
26001,26010,
26003,25016,
26003,26003,
26003,26004,
26003,26010,18.0
26006,26010,
26006,26010,27.0
26002,26002,31.0
26002,26002,
26002,26010,63.0
26002,26010,13.0
26010,17006,
26010,26002,
26010,26003,
26010,26010,
26010,26010,8.0
26010,26010,319.0
26010,26010,13.0
26010,35011,
26010,35073,
26009,26009,
26009,26011,
26009,26012,30.0
26009,29016,76.0
26003,26003,
26003,26010,11.0
26004,26003,
26004,26004,
26004,26010,8.0
26004,26003,
26004,26004,
26004,26004,
26004,26010,
26004,26010,
26012,26012,45.0
26010,26010,
26010,26005,
26010,26010,8.0
26010,26010,332.0
26010,26010,
26010,31016,
26003,26003,
26003,26010,
26005,26010,15.0
26004,26004,7.0
26004,26004,
26004,26010,6.0
26004,26002,
26004,26004,
26004,26003,
26004,26004,
26004,26010,19.0
26001,26001,22.0
26001,26010,7.0
26001,26012,34.0
26001,26010,
26012,26012,8.0
26012,26011,
26012,26012,25.0
26006,26006,
26006,26010,74.0
26006,26010,
26003,26002,
26003,26003,30.0
26003,26003,25.0
26003,26010,24.0
26003,26010,6.0
26003,35015,
26003,35016,
26003,53001,
26006,26003,
26006,26010,25.0
26006,26010,
26008,26003,
26008,26010,26.0
26008,29006,
26011,23023,
26011,26011,
26011,26011,28.0
26011,26012,25.0
26010,26003,
26010,26010,
26010,26010,
26010,26003,
26010,26010,7.0
26010,26010,
26005,26005,9.0
26005,26010,27.0
26005,26010,
26004,26003,
26004,26004,
26004,26010,9.0
26004,26010,
26008,26010,
26006,26010,6.0
26003,26003,
26003,26010,69.0
26002,26002,
26002,26002,196.0
26002,26010,
26002,26012,35.0
26002,26010,
26002,33008,
26009,26007,
26009,26009,11.0
26009,29016,7.0
26009,29017,
26008,26010,107.0
26008,31072,
26007,26007,
26007,26007,
26007,26011,
26007,26012,34.0
26006,26010,47.0
26006,26010,
26006,33005,
26010,26010,23.0
26010,26010,
26005,26010,5.0
26012,26001,
26012,26012,
26012,26010,18.0
26012,26012,86.0
26012,26010,
26012,26012,63.0
26012,26002,
26012,26010,
26012,26012,75.0
26012,26010,
26003,26010,
26003,26010,
26008,26010,43.0
26008,26010,
26004,26003,
26004,26003,
26004,26004,57.0
26004,26010,10.0
26004,26010,6.0
26010,26010,24.0
26010,26010,
26005,25001,
26005,26005,133.0
26005,26010,
26005,26010,60.0
26005,26010,
26007,26012,7.0
26007,31072,
26003,26003,
26003,26003,
26003,26010,
26003,26010,55.0
26003,26010,
26004,26004,
26004,26010,7.0
26002,26002,5.0
26002,26003,
26002,26002,13.0
26002,26010,5.0
26002,26012,22.0
26002,26010,
26003,26010,
26003,35016,
26010,26005,
26010,26010,151.0
26010,26010,
26010,26010,198.0
26010,26010,19.0
26010,29006,
26001,26001,30.0
26001,26010,
26001,26012,42.0
26002,26002,
26002,26010,
26001,25016,
26001,26001,6.0
26001,26001,
26001,26012,
26010,26010,
26010,26010,110.0
26010,26010,
26007,26007,93.0
26007,26010,
26007,26011,
26007,26012,5.0
26007,29016,27.0
26007,29017,
26012,26012,
26012,26012,
26012,26012,
26004,26002,
26004,26004,6.0
26004,26010,16.0
26004,26012,16.0
26004,26010,
26010,26010,61.0
26010,26010,
26005,25001,
26005,26005,13.0
26005,26010,29.0
26005,26010,
26001,26001,13.0
26001,26001,
26001,26010,6.0
26001,26012,13.0
26001,26010,
26010,25001,
26010,26010,32.0
26005,26005,5.0
26005,26010,17.0
26010,24007,
26010,25016,
26010,26010,389.0
26010,26010,1287.0
26010,26010,52.0
26010,29006,
26010,29020,
26010,33005,
26010,33006,
26010,35015,
26010,53001,
26008,26003,
26008,26003,
26008,26008,
26008,26010,17.0
26003,26003,
26003,26010,16.0
26003,26010,
26002,26002,7.0
26002,26010,13.0
26002,26012,21.0
26006,26003,
26006,26006,
26006,26010,9.0
26006,26010,
26008,26008,
26008,26010,
26004,26004,
26004,26010,
26004,26010,
26004,26004,
26004,26004,
26004,26010,
26004,26010,
26003,26003,
26003,26010,17.0
26006,26010,54.0
26006,26010,25.0
26006,26010,
26004,26004,
26004,26004,7.0
26004,26010,
26008,26003,
26008,26003,
26008,26010,8.0
26009,26009,7.0
26009,26011,
26009,26012,
26009,29016,36.0
26009,29017,
26009,35011,
26004,26003,
26004,26004,
26004,26004,9.0
26004,26010,35.0
26004,26010,
26006,26006,
26006,26010,26.0
26006,26010,
26005,26005,
26005,26010,18.0
26005,26010,7.0
26006,26010,
26006,26010,
26002,26002,
26002,26002,
26002,35041,
26008,26010,5.0
26011,26011,30.0
26011,26012,153.0
26010,26003,
26010,26010,7.0
26010,26010,85.0
26010,26010,
26006,26006,
26006,26005,
26006,26010,34.0
26006,26010,
26010,24007,
26010,26003,
26010,26010,16.0
26010,26010,38.0
26010,26010,
26010,26010,660.0
26010,26010,59.0
26006,26010,42.0
26006,26010,8.0
26009,26011,
26009,26012,7.0
26009,29016,5.0
26007,23023,
26007,26001,
26007,26007,50.0
26007,26010,
26007,26011,6.0
26007,26012,73.0
26007,29016,23.0
26008,26008,
26008,26010,42.0
26008,26010,
26008,31051,
26008,31023,
26004,26010,9.0
26003,26003,
26003,26003,
26003,26010,15.0
26004,26010,7.0
26004,26010,
26007,26007,
26007,26010,
26007,26011,7.0
26007,26012,44.0
26007,29016,20.0
26006,26006,
26006,26010,23.0
26006,26006,
26006,26010,45.0
26006,26010,9.0
26010,26010,
26010,26010,
26010,26010,
26010,26010,692.0
26010,26010,16.0
26010,31072,
26010,33005,
26010,35171,
26002,26002,16.0
26002,26004,
26002,26002,5.0
26002,26010,8.0
26002,26012,10.0
26003,26002,5.0
26003,26003,
26003,26003,
26003,26003,
26003,26010,47.0
26003,26010,12.0
26003,29015,
26002,26002,67.0
26002,26010,
26002,26012,22.0
26009,22012,
26009,26004,
26009,26009,95.0
26009,26010,
26009,26011,10.0
26009,26012,34.0
26009,29016,289.0
26009,29017,
26009,31016,
26009,35015,
26009,35041,
26003,26002,
26003,26003,
26003,26010,47.0
26010,26003,
26010,26010,30.0
26010,31021,
26008,26003,
26008,26010,9.0
26008,26010,
26008,26010,6.0
26001,26001,10.0
26001,26010,
26001,26012,20.0
26001,26010,
26010,15006,
26010,21016,10.0
26010,24002,
26010,25016,
26010,26010,38.0
26010,26010,
26010,26010,4036.0
26010,26012,
26010,26010,43.0
26010,27005,
26010,28001,
26010,29006,
26010,29028,
26010,33006,5.0
26010,33005,
26010,35012,
26010,35016,
26010,51014,
26003,26003,
26003,26003,
26003,26010,
26008,26010,42.0
26008,25016,
26008,26010,29.0
26008,35041,
26003,26003,
26003,26010,13.0
26003,26010,
26006,26010,9.0
26011,26011,348.0
26011,26012,62.0
26011,29016,7.0
26011,31099,
26011,50011,
26004,26004,
26004,26004,
26004,26010,12.0
26004,26010,
26003,26010,26.0
26003,26010,
26007,26007,14.0
26007,26012,7.0
26007,29016,
26012,26012,
26012,26010,
26012,26012,120.0
26012,26010,
26003,25016,9.0
26003,26003,
26003,26010,
26003,26010,44.0
26003,26012,
26003,26010,
26007,26007,12.0
26007,29016,8.0
26009,26007,
26009,26012,
26009,26009,
26009,26010,6.0
26009,26011,6.0
26009,26009,15.0
26009,26012,6.0
26009,29016,133.0
26003,25016,
26003,26003,
26003,26010,20.0
26003,26006,
26001,25016,5.0
26001,26001,9.0
26001,26010,5.0
26001,26012,
26001,26010,
26008,26010,9.0
26003,26004,
26003,26010,18.0
26003,26010,
26003,26003,
26003,26003,
26003,26010,13.0
26004,26010,17.0
26004,26010,
26003,26003,
26003,26010,8.0
26008,26010,18.0
26012,26012,
26012,26010,7.0
26012,26011,7.0
26012,26012,
26012,26012,191.0
26001,25016,
26001,26001,16.0
26001,26002,
26001,26010,
26001,26012,22.0
26001,27001,
26010,26010,
26010,26010,227.0
26010,26010,
26005,26005,5.0
26005,26010,9.0
26005,26005,
26005,33005,
26012,26010,6.0
26012,26012,848.0
26012,31036,
26011,26011,45.0
26011,26012,67.0
26002,26001,
26002,26002,16.0
26002,26010,24.0
26002,26012,25.0
26002,26002,9.0
26002,26010,
26008,26010,63.0
26008,26008,
26007,26007,5.0
26007,26011,
26007,26012,26.0
26007,26007,
26001,26001,17.0
26001,26010,7.0
26001,26012,27.0
26006,25016,
26006,26003,
26006,26010,44.0
26006,26006,
26006,26010,5.0
26001,26001,15.0
26001,26003,
26001,26010,10.0
26001,26012,129.0
26001,26001,
26001,26010,
26003,26003,
26003,26004,
26003,26010,7.0
26002,26002,
26002,26010,
26002,26012,20.0
26002,26010,
26008,26010,32.0
26008,26008,
26008,51013,
26003,25016,
26003,26003,
26003,26010,8.0
26011,26011,20.0
26011,26012,9.0
26005,26005,
26005,26010,39.0
26005,26010,
26003,26003,
26003,26003,
26003,26010,
26003,26003,
26006,26010,12.0
26006,26010,9.0
26007,17006,
26007,26007,49.0
26007,26011,
26007,26012,24.0
26007,29016,6.0
26007,29017,
26012,26010,9.0
26012,26012,138.0
26012,26010,
26002,26002,12.0
26002,26010,38.0
26002,26012,37.0
26002,26002,
26001,26001,5.0
26001,26012,
26002,26002,5.0
26002,26010,
26002,26002,
26002,26010,
26011,26010,
26011,26011,16.0
26006,26010,9.0
26003,26010,5.0
26003,26010,
26006,26010,34.0
26006,26010,11.0
26010,24007,
26010,26003,
26010,26010,5.0
26010,26010,150.0
26010,26010,45.0
26010,29028,
26010,32002,
26008,26010,10.0
26008,26010,
27010,27007,23.0
27010,27001,7.0
27005,27007,
27005,27001,12.0
27005,27005,
27005,27005,
27007,26010,
27007,27007,1066.0
27007,27001,98.0
27007,27001,
27007,31061,
27004,27004,37.0
27004,27001,89.0
27004,29006,
27004,41015,
27001,27001,104.0
27001,27001,
27001,27001,20.0
27001,27006,
27001,27005,
27007,27007,
27007,27001,7.0
27008,27007,25.0
27008,27001,5.0
27007,27007,
27005,27007,8.0
27005,27001,97.0
27005,27006,
27005,27005,
27005,27005,
27003,27001,48.0
27003,27003,30.0
27008,27007,35.0
27008,27001,37.0
27004,27004,14.0
27004,27001,42.0
27003,27001,8.0
27003,27003,
27005,27007,94.0
27005,27001,91.0
27005,27005,
27005,27005,37.0
27007,27007,23.0
27007,27001,7.0
27009,26002,
27009,27007,6.0
27009,27001,13.0
27009,27009,
27004,27004,104.0
27004,27001,
27009,27001,13.0
27004,27004,25.0
27004,27001,72.0
27007,27007,59.0
27007,27001,
27003,27001,66.0
27001,27001,74.0
27006,27007,11.0
27006,27001,305.0
27006,27006,
27007,27007,70.0
27007,27001,14.0
27010,27007,16.0
27010,27004,
27010,27001,46.0
27010,28001,
27010,29017,
27010,35016,
27009,27007,8.0
27009,27001,11.0
27008,22004,5.0
27008,27007,55.0
27008,27001,11.0
27007,27007,53.0
27007,27001,22.0
27006,27001,31.0
27001,27001,31.0
27007,27007,63.0
27007,27001,6.0
27003,27001,37.0
27003,27003,
27008,27007,74.0
27008,27001,24.0
27008,31083,
27006,27007,32.0
27006,27001,
27010,27007,10.0
27010,27001,
27007,27007,5.0
27007,27001,15.0
27002,27001,15.0
27002,27001,18.0
27007,27007,
27007,27001,
27006,27001,7.0
27006,27005,
27006,42006,
27003,27004,
27003,27001,87.0
27003,27003,
27003,27001,6.0
27003,27001,
27003,27003,
27003,27002,
27005,27007,35.0
27005,27005,
27005,27001,7.0
27005,27005,19.0
27005,35011,
27007,27007,79.0
27007,27001,
27007,29006,
27007,27007,249.0
27007,27001,
27001,26004,
27001,26010,
27001,27004,
27001,27001,8207.0
27001,27006,
27001,27001,8.0
27001,27005,
27001,29006,
27001,31072,
27001,35041,
27007,27007,28.0
27007,27001,31.0
27002,26010,
27002,27001,31.0
27002,27002,
27009,27007,28.0
27009,27001,
27001,27001,312.0
27001,27001,
27008,27007,27.0
27008,27001,61.0
27004,27004,
27004,27001,5.0
27010,27007,
27010,27001,16.0
27010,27001,
27010,35011,
27002,27001,96.0
27002,27002,
27001,27001,89.0
27001,51013,
27008,27007,5.0
27008,27001,
27009,27007,
27009,27001,22.0
27009,27009,
27003,27001,71.0
27003,27003,68.0
27003,27001,62.0
27009,27007,16.0
27009,27001,16.0
27010,27010,
27010,27001,15.0
27007,27007,38.0
27007,27001,5.0
27009,27007,15.0
27009,27001,6.0
27009,27009,
27009,27001,38.0
27009,27007,6.0
27008,27007,215.0
27008,27001,145.0
27008,27008,
27008,28001,
27009,27007,29.0
27009,27001,
27009,27009,
27010,27007,6.0
27010,27001,11.0
27001,27001,75.0
27001,35011,
27001,35016,
27002,27001,42.0
27002,27002,
27004,27004,
27004,27001,60.0
27006,27007,17.0
27006,27001,68.0
27006,27006,20.0
27006,27007,8.0
27006,27006,
27006,27001,19.0
27006,27006,
27001,27004,
27001,27001,228.0
27004,27004,7.0
27004,27001,28.0
27010,27007,40.0
27010,27001,16.0
27010,27001,
27009,27001,19.0
27002,27001,45.0
27002,27002,
27002,27001,11.0
27006,27001,31.0
27004,27004,
27004,27001,57.0
27001,27001,650.0
27001,27001,37.0
27005,27001,30.0
27005,27005,
27005,27005,5.0
27001,27004,
27001,27001,29.0
27009,27007,10.0
27009,27004,
27009,27001,58.0
27003,27001,17.0
27003,27003,12.0
27003,27003,
27006,27007,
27006,28001,
27003,27001,49.0
27003,27003,8.0
27003,27003,
27003,35073,
27009,27007,70.0
27009,27001,19.0
27009,27009,
27002,27001,164.0
27002,27002,
27002,27002,
27005,27007,5.0
27005,27001,146.0
27005,27006,
27005,27001,
27005,27005,126.0
27005,27005,30.0
27002,27001,76.0
27002,27002,
27007,27007,113.0
27007,27001,12.0
27007,27006,
27001,27001,119.0
27009,27007,14.0
27009,27001,56.0
27008,27007,
27008,27001,21.0
27007,27007,72.0
27007,27001,13.0
27007,27006,
27007,29020,
27007,35011,
27005,27007,18.0
27005,27001,41.0
27005,27005,
27005,27005,539.0
27007,27007,37.0
27007,27001,11.0
27003,27001,276.0
27003,27003,74.0
27003,27003,5.0
27004,27004,29.0
27004,27001,87.0
27004,51013,
28007,28005,
28007,28007,
28007,28001,81.0
28007,28003,
28001,28001,1273.0
28001,28003,
28001,29006,
28001,29020,
28001,31016,
28001,33006,
28001,35063,
28001,50015,
28002,28001,56.0
28003,28001,14.0
28003,28003,
28001,28001,98.0
28001,28003,
28002,28001,34.0
28002,28002,
28002,28003,
28007,28001,20.0
28003,28001,8.0
28007,28001,
28005,28001,41.0
28005,28005,
28006,28001,66.0
28006,28006,6.0
28006,28003,
28003,28001,20.0
28003,28003,
28006,28001,50.0
28007,28001,24.0
28002,28001,55.0
28002,29006,
28006,28001,
28001,28001,9.0
28001,28001,7.0
28002,28001,79.0
28002,28002,9.0
28002,28003,
28002,31007,
28002,42013,
28002,43010,
28005,28001,
28003,28001,14.0
28003,28003,
28005,28001,49.0
28006,28001,17.0
28005,28001,8.0
28005,43010,
28007,28001,7.0
28007,28003,
28002,28001,10.0
28002,28002,
28003,28001,142.0
28003,28003,23.0
28002,28001,61.0
28002,28002,
28005,28001,12.0
28001,28001,84.0
28001,28003,
28001,33005,
28006,28001,56.0
28007,28001,44.0
28004,28001,200.0
28004,28003,
28004,28004,7.0
28004,31075,
28004,35016,
28001,28001,28.0
28001,28003,
28001,28001,
28003,28001,5.0
28007,28001,
28007,28003,
28003,28001,11.0
28003,28003,
28003,28001,
28006,28001,75.0
28003,28001,17.0
28003,28003,
28005,28001,32.0
28005,28003,
28007,26010,
28007,28001,9.0
28007,28001,34.0
28003,28001,17.0
28005,28001,53.0
28005,28003,
28005,28005,
28006,28001,70.0
28007,28001,5.0
28006,28001,424.0
28006,29020,
28007,28001,23.0
28003,28001,
28002,28001,
28003,28001,
28006,28001,29.0
28005,28001,34.0
28005,28005,
28004,28001,19.0
28004,28003,
28004,28004,
28004,28004,
28005,28001,30.0
28007,28001,64.0
28004,28001,54.0
28004,28004,
28001,28001,5.0
28001,28001,18.0
28003,28001,8.0
28003,28003,
28003,29020,
28006,28001,20.0
28004,28001,31.0
28004,28004,
28002,28001,83.0
28002,28002,7.0
28007,28001,
28001,28001,6.0
28001,28001,
28006,28001,28.0
28001,28001,313.0
28001,28003,
28001,28001,
28003,28001,
28003,28003,
28007,28001,
28003,28001,5.0
28004,28001,74.0
28004,28003,
28004,28004,
28006,28001,8.0
28004,28001,43.0
28002,28001,10.0
28002,28002,
28002,28003,
28002,28001,53.0
28002,28002,
29017,26011,
29017,29017,
29017,29016,51.0
29017,29017,
29001,29006,
29001,29020,6.0
29019,29019,
29019,29020,
29025,29006,6.0
29025,29025,
29003,29003,
29003,29003,
29003,29028,
29015,29015,
29001,28001,
29001,29006,
29001,29020,59.0
29026,29020,
29026,29028,
29022,29022,21.0
29022,29020,
29022,31099,
29006,29006,12.0
29006,29020,
29010,29010,
29010,29020,11.0
29010,29028,
29010,52001,
29028,29028,10.0
29011,29006,14.0
29011,29011,
29011,29011,
29011,29020,14.0
29011,29023,
29024,29016,40.0
29002,29002,5.0
29002,29002,
29002,52001,
29006,29006,12.0
29019,29019,11.0
29019,29020,
29006,29006,21.0
29006,29020,5.0
29024,29016,14.0
29001,29006,
29001,29020,10.0
29015,29015,14.0
29003,29003,9.0
29003,29003,
29003,29028,9.0
29001,29006,
29001,29020,
29001,29020,
29025,29006,9.0
29025,29020,5.0
29009,29009,5.0
29022,29022,115.0
29022,29020,5.0
29012,29028,
29012,31016,
29002,29028,
29006,29006,
29006,29006,
29006,29011,
29006,29020,
29019,29019,
29019,29006,5.0
29008,29002,
29008,29006,
29008,29028,
29003,29006,
29003,29028,5.0
29028,29028,5.0
29028,29020,
29028,29028,13.0
29010,29006,
29010,29023,
29015,29015,
29015,29015,
29002,29002,201.0
29002,29020,
29002,29028,
29002,52001,10.0
29002,52007,
29010,29006,
29010,29020,8.0
29025,29022,
29025,29020,8.0
29025,29025,8.0
29012,29009,
29018,29006,
29028,29028,74.0
29028,29006,
29028,29028,19.0
29025,29006,
29025,29022,
29025,29025,7.0
29015,29015,
29015,29028,
29015,29028,6.0
29011,29006,8.0
29011,29011,19.0
29021,29021,43.0
29021,29006,
29021,29020,
29028,29028,
29028,29028,
29028,31084,
29023,29023,
29023,29020,
29023,29023,
29011,29006,
29003,29028,
29015,29006,
29015,29028,
29002,29002,
29008,29023,
29008,29028,
29003,29003,37.0
29003,29020,6.0
29003,35011,
29003,35016,
29012,29009,
29012,29012,
29008,21016,
29013,29028,
29005,29006,
29005,29022,
29005,29020,14.0
29005,28001,
29005,29005,
29005,29006,5.0
29005,29020,
29005,33006,
29007,29007,
29007,29006,
29007,29007,
29007,29020,
29007,29028,12.0
29010,29006,
29010,29020,7.0
29027,29006,7.0
29027,29020,10.0
29027,29027,
29012,29009,
29004,29004,5.0
29004,29006,5.0
29004,29020,
29004,29020,179.0
29004,42014,
29027,29006,8.0
29027,29012,
29027,29020,
29027,29028,
29016,26011,
29016,29016,
29016,29016,40.0
29016,35011,
29024,26011,
29024,29016,65.0
29024,29020,
29010,31007,
29009,29006,
29009,29009,
29009,29020,11.0
29009,29028,
29006,29006,18.0
29020,29020,10.0
29020,29020,62.0
29020,31037,
29020,31097,
29007,29007,
29007,29020,5.0
29028,29028,10.0
29025,29006,21.0
29025,29022,
29025,29020,6.0
29016,29016,28.0
29016,29020,
29006,29006,
29006,33005,
29014,29020,8.0
29028,29028,5.0
29026,29026,
29026,29026,
29001,29006,
29001,29020,
29001,31016,
29007,29020,
29007,29028,
29007,33001,
29016,26009,
29016,29016,
29016,29016,158.0
29022,29006,5.0
29022,29020,10.0
29002,29023,
29001,29001,58.0
29001,29006,6.0
29001,29020,19.0
29003,29028,
29010,29006,
29010,29020,5.0
29017,29006,
29017,29016,62.0
29017,29017,
29019,29019,
29019,29006,6.0
29019,29020,9.0
29019,29020,
29012,29012,7.0
29012,29009,
29012,29028,
29021,29028,
29005,29006,13.0
29005,29020,
29022,29006,
29025,29025,9.0
29025,29006,9.0
29025,29020,
29006,29006,
29006,29006,14.0
29006,29020,
29004,28001,6.0
29004,29020,19.0
29028,29028,13.0
29028,29028,
29003,29028,
29003,29028,
29006,29006,21.0
29006,29020,10.0
29028,29028,
29021,29021,
29021,52016,
29019,28001,
29019,29019,
29021,29021,
29021,29021,9.0
29021,29006,
29021,29020,
29015,29015,
29001,29006,6.0
29001,29020,16.0
29002,29006,
29002,29028,
29005,29006,7.0
29005,29022,
29005,29020,
29016,26011,
29016,29016,
29016,29016,96.0
29015,29015,
29015,29028,
29004,29004,
29004,29004,6.0
29004,29006,
29004,29020,
29004,29020,56.0
29003,29003,
29003,29028,6.0
29022,29006,
29022,29022,
29022,29020,
29028,29028,
29001,29006,21.0
29001,29022,
29001,29020,19.0
29001,28001,24.0
29001,29001,
29001,29006,
29001,29020,14.0
29025,29006,9.0
29025,29016,5.0
29025,29017,
29025,29020,8.0
29025,35016,7.0
29018,29018,15.0
29018,29020,
29018,29028,
29018,31098,
29018,35171,
29019,29006,
29006,26010,
29006,29002,
29006,29006,1390.0
29006,29022,7.0
29006,29020,11.0
29006,29025,
29006,29028,
29006,31016,
29006,31089,
29006,35072,5.0
29006,35011,
29024,26011,
29024,29016,35.0
29024,52002,
29013,29028,
29012,29012,
29002,29002,
29027,29006,6.0
29027,29015,
29027,29020,
29017,29017,
29017,29020,
29005,29006,10.0
29005,29022,
29003,29028,
29007,29007,
29007,29020,
29007,29028,15.0
29007,35171,
29018,31016,
29011,29006,10.0
29011,29011,
29011,29011,
29011,29022,
29011,29020,
29007,29007,7.0
29007,29028,
29003,29028,
29013,29028,8.0
29013,31007,
29013,35171,
29010,29006,
29010,29020,
29003,29003,7.0
29003,29003,
29003,29028,
29011,29011,
29011,29020,
29012,29006,
29012,29009,
29012,29020,
29012,29028,
29026,29026,
29026,29020,
29026,29026,
29015,29015,
29023,29006,
29023,29023,18.0
29023,29020,
29023,29023,
29008,29006,
29008,29020,
29006,29006,
29007,29028,
29027,29015,
29027,29020,
29013,29013,9.0
29013,29015,9.0
29013,29028,8.0
29009,29006,
29009,29009,364.0
29009,29015,5.0
29009,29020,39.0
29009,51013,
29001,29006,7.0
29001,29020,
29006,29006,22.0
29006,29011,
29015,29015,14.0
29015,29015,11.0
29015,29020,
29015,29028,5.0
29015,31016,
29015,52001,
29006,29006,40.0
29006,29006,
29006,29022,
29006,29011,
29006,29020,
29015,29015,
29015,29028,
29023,29006,
29023,29020,
29023,29023,
29006,29006,21.0
29010,29002,
29010,29006,
29010,29020,10.0
29018,29018,
29018,29018,16.0
29011,13001,
29011,21015,
29011,29006,11.0
29011,29011,
29011,29011,16.0
29011,29020,
29011,29028,
29012,29009,11.0
29012,29012,72.0
29012,29020,5.0
29012,29028,
29012,31016,
29012,35011,
29009,29009,
29009,29012,
29009,29020,
29011,29006,
29011,29011,
29011,29020,
29015,29015,10.0
29015,29020,
29015,31098,
29012,29009,
29012,29012,
29012,29028,
29026,29026,8.0
29026,29028,8.0
29026,33005,
29015,29006,
29015,29015,7.0
29013,29013,10.0
29013,29020,
29013,29028,8.0
29001,29020,
29026,29026,
29026,29028,5.0
29020,29020,7.0
29020,29020,54.0
29020,35011,
29012,29012,
29018,29009,
29013,29006,
29013,29012,
29013,29013,
29013,29020,6.0
29001,25001,
29001,29020,
29012,29020,
29015,29015,
29013,29028,
29022,29006,
29022,29022,
29022,50014,
29015,29015,
29015,29028,
29015,35011,
29024,26011,
29024,29006,10.0
29024,29015,
29024,29016,100.0
29013,29012,
29013,29028,
29003,29028,12.0
29027,29006,10.0
29027,29015,
29027,29020,
29027,29027,
29021,29021,7.0
29007,29028,
29014,29006,
29014,29014,23.0
29014,29014,
29014,29020,6.0
29014,31016,
29015,29006,
29015,29015,24.0
29015,29015,8.0
29015,29028,
29024,29006,
29024,29016,33.0
29024,29017,
29022,29022,110.0
29022,29020,
29015,29015,473.0
29015,29020,
29015,29028,
29017,29019,
29017,29016,67.0
29017,29017,
29022,29028,
29022,35011,
29015,29015,7.0
29015,29015,
29010,29006,
29016,26009,5.0
29016,26010,6.0
29016,26011,5.0
29016,29016,967.0
29016,29017,
29016,29020,
29026,29026,
29026,29028,
29010,29006,7.0
29012,29009,
29003,29003,
29003,29020,
29003,51014,
29015,29015,5.0
29007,29006,
29007,29028,7.0
29022,29022,
29022,29020,
29011,29011,10.0
29011,29020,5.0
29025,29025,6.0
29010,29020,6.0
29020,24004,
29020,28001,
29020,29006,
29020,29016,7.0
29020,29020,7.0
29020,29004,
29020,29020,404.0
29020,33005,
29023,29006,
29023,29020,
29023,29023,
29007,29007,6.0
29007,29028,
29003,29006,
29003,29003,
29003,29020,
29003,29028,10.0
29003,35011,
29002,29002,
29002,29020,
29002,51003,
29011,29011,
29013,29028,5.0
29003,29003,
29003,29028,
29017,29016,17.0
29020,29020,
29020,29020,6.0
29028,29028,
29013,29028,
29014,29006,
29014,29014,
29014,29020,5.0
29007,29007,
29007,29028,
29003,29020,
29003,29028,6.0
29015,29015,21.0
29015,29006,
29015,29015,
29015,29020,
29015,35011,
29005,29006,
29005,29022,19.0
29005,29020,14.0
29005,42007,
29012,29009,
29012,43017,
29011,29011,
29011,29020,
29009,29018,
29009,35011,
29004,29020,
29004,29004,77.0
29004,29020,48.0
29007,29028,
29026,29006,
29026,29020,
29026,29028,
29014,29014,105.0
29014,29020,8.0
29014,35016,
29022,29006,7.0
29022,29020,
29014,29014,
29014,35015,
29025,29006,
29025,29020,
29025,29025,
29025,29020,10.0
29008,29006,
29008,29020,
29008,29028,
29014,29006,
29014,29016,6.0
29014,29014,
29014,29020,5.0
29007,29007,5.0
29007,29028,
29023,29006,
29023,29020,
29026,29006,
29026,29020,5.0
29026,29028,
29026,32002,
29010,29006,
29006,28001,
29006,29006,
29006,29014,
29006,29006,
29006,29011,12.0
29006,29020,8.0
29022,29022,47.0
29022,29020,
29005,29006,10.0
29005,29020,5.0
29022,29020,6.0
29022,29022,425.0
29022,29020,
29027,29006,
29027,29027,
29025,29006,
29025,29025,
29025,29020,
29013,29009,
29013,29028,
29013,29028,6.0
29006,29006,
29027,29006,
29027,29015,
29027,29027,
29015,29006,
29015,29015,14.0
29015,29020,
29011,29021,
29011,29006,
29011,29011,
29011,35041,
29019,29019,
29019,29006,
29019,29020,8.0
29019,35011,
29026,29026,
29026,31066,
29023,29006,
29023,29023,10.0
29023,29023,6.0
29019,29019,
29019,29006,12.0
29019,29020,9.0
29008,29002,
29008,29008,14.0
29008,29028,
29001,29006,
29001,29020,
29014,29014,9.0
29014,29014,
29007,29007,5.0
29007,29020,
29007,29028,
29023,29020,
29023,29023,5.0
29003,29021,
29003,29003,
29003,29028,
29008,29020,
29019,28001,5.0
29019,28004,
29012,29012,
29017,25001,
29017,26002,
29017,26011,
29017,27001,
29017,29016,138.0
29017,29017,141.0
29017,29020,
29017,29025,
29001,29006,
29001,29020,
29017,29017,
29017,29019,
29017,29016,33.0
29023,29028,5.0
29016,29016,63.0
29016,29017,
29016,29020,
29007,29028,
29024,26009,
29024,29016,36.0
29024,29017,
29024,35011,
29006,29020,
29027,29006,
29028,29028,
29028,29028,7.0
29014,29006,9.0
29014,29014,
29014,29014,9.0
29014,29020,
29015,29015,5.0
29028,29009,
29028,29028,
29028,29028,
29028,29028,
29028,29015,
29028,29028,304.0
29028,29028,7.0
29028,31016,
29028,35173,
29004,29006,
29004,29020,
29004,29004,7.0
29004,29020,10.0
29024,29016,67.0
29024,29024,
29024,29020,
29024,53001,
29018,29012,
29018,29026,
29018,29018,20.0
29018,29020,6.0
29018,29028,5.0
29018,31016,
29018,33005,
29018,35171,
29018,41005,
29013,29015,
29013,35011,
29026,29026,
29026,29028,
29026,31016,
29028,29028,
29022,29020,12.0
29025,29025,
29025,29006,17.0
29025,29020,
29025,29020,
29014,29006,
29014,29020,
29006,29006,16.0
29006,29006,
29016,26011,
29016,29016,45.0
29025,29006,6.0
29002,29006,
29002,29020,
29002,29028,
29002,52001,
29006,29006,
29006,29020,7.0
29007,29021,
29007,29020,8.0
29007,29028,5.0
29019,29006,13.0
29019,29019,
29019,29020,7.0
29028,29013,
29028,29028,
29003,29003,
29003,29020,
29007,29020,
29007,29028,5.0
29003,29003,
29003,29028,
29001,29006,
29001,29001,
29001,29020,5.0
29017,26012,
29017,29016,56.0
29017,29017,
29011,29020,
29011,29011,1137.0
29011,29020,
29022,29022,5.0
29022,29022,
29022,29020,
29020,13005,
29020,15006,
29020,15003,
29020,28001,
29020,29001,
29020,29006,19.0
29020,29020,
29020,29015,
29020,29020,30.0
29020,29014,
29020,29011,
29020,29022,
29020,29020,7341.0
29020,29025,
29020,29028,
29020,31016,31.0
29020,31084,
29020,31003,
29020,31099,
29020,31072,
29020,33008,
29020,35015,
29020,35011,
29020,35011,
29020,35016,
29020,41002,
29020,41017,
29020,43008,
29006,29006,8.0
29006,29020,
29006,29006,
29006,31021,
29017,29006,
29017,29016,
29017,29017,
29018,29009,
29018,29028,
29018,33005,
29018,35011,
29012,29028,
29015,29015,
29015,29020,
29015,29015,
29025,29006,
29025,29020,
29021,29002,
29021,29021,19.0
29021,29028,
29021,53001,
29021,29021,12.0
29002,29002,7.0
29022,29022,
29022,29020,
29020,29006,55.0
29020,29020,
29020,31097,
29020,33006,5.0
29020,42007,
29022,29006,
29022,29022,
29022,29020,25.0
29006,29006,29.0
29006,42011,
29002,29020,
29002,53001,
29025,29020,
29005,29020,10.0
29021,29021,11.0
29022,29006,
29022,29022,
29022,29020,
29020,28001,
29020,29020,14.0
29020,29020,
29020,31065,
29010,29006,
29010,29020,
29006,29006,13.0
29006,29020,
29006,29006,
29012,29009,
29012,29012,
29014,29020,
29022,29022,
29022,29006,
29020,29006,
29020,29020,23.0
29020,29020,
29005,29006,10.0
29005,29020,12.0
29001,29020,
29001,29001,
29020,29006,
29020,29020,5.0
29014,29006,
29014,29020,9.0
29014,29014,
29023,29006,10.0
29023,29023,78.0
29007,29006,
29007,29020,
29007,29007,
29007,29028,
29024,26011,
29024,29006,5.0
29024,29016,145.0
29024,29017,
29024,29020,6.0
29021,29021,
29021,29028,
29016,29016,64.0
29016,29017,
29016,29016,6.0
29016,35011,
29021,29006,5.0
29006,29006,19.0
29006,29011,
29025,29006,13.0
29025,29020,
29025,29025,212.0
29025,31016,
29014,29020,
29004,29001,
29004,29006,
29004,29028,
29004,29020,257.0
29004,33006,
29021,29006,
29021,29028,
29019,29019,
29019,29006,
29016,26011,
29016,29016,89.0
29016,29017,
29023,29006,9.0
29023,29020,
29002,29002,8.0
29003,29003,10.0
29003,29028,6.0
29007,29020,
29007,29028,
29006,29006,7.0
29006,29011,
29006,29020,
29027,29006,
29027,29015,
29027,29020,
29027,29027,
29027,29028,
29014,29006,7.0
29026,29006,5.0
29026,29020,6.0
29026,29026,
29026,29028,
29026,31016,
29026,31007,
29026,35015,
29006,29020,5.0
29025,29025,21.0
29022,29006,8.0
29022,29012,
29006,23001,
29006,29006,
29006,29020,9.0
29028,29028,6.0
29028,29028,5.0
29019,13002,
29019,13001,
29019,29006,
29019,29020,
29019,43017,
29016,29006,
29016,29016,113.0
29016,29017,
29016,29016,
29022,29006,7.0
29022,29022,
29012,29006,
29012,29012,
29012,29015,
29012,29028,
29012,33005,
29012,29009,
29012,29015,8.0
29012,29028,
29014,29014,
29014,29016,32.0
29009,29009,
29009,29020,
29007,29007,
29007,29028,
29009,29009,
29009,29028,
29011,29006,
29011,29011,
29011,29020,
29027,29006,6.0
29027,29015,
29027,29022,
29027,29011,
29027,29020,31.0
29027,29027,19.0
29027,32002,
29027,53001,
29025,29006,8.0
29025,29020,
29014,29006,
29014,29020,6.0
29014,29014,
29014,29020,
29022,29020,
29020,29020,6.0
29020,29022,
29020,29020,34.0
29026,29028,
29028,29021,
29028,29006,19.0
29028,29028,
29028,29020,
29028,29028,471.0
29028,31016,
29028,31034,
29028,31007,
29028,31072,
29028,32002,
29011,29006,5.0
29027,29006,14.0
29027,29020,15.0
29010,29006,9.0
29010,29020,
29010,29020,
29010,29010,7.0
31074,31075,
31074,31074,
31074,31074,11.0
31024,31024,244.0
31024,31016,5.0
31024,31024,
31059,31016,
31059,31042,
31059,31059,
31059,31059,
31059,31059,
31060,31060,
31060,31061,
31060,35013,
31037,31037,19.0
31102,31016,
31102,31027,5.0
31102,31084,
31072,31072,
31062,31062,71.0
31062,31016,9.0
31068,31016,
31068,31068,
31068,31098,
31040,31040,154.0
31040,31016,11.0
31040,31059,
31040,32001,
31040,32002,
31008,31008,34.0
31008,31009,15.0
31008,31008,
31008,31008,
31008,31009,
31006,31009,
31041,31041,111.0
31041,33009,5.0
31041,33009,34.0
31001,31001,15.0
31001,31001,5.0
31001,31007,
31001,31016,
31001,31009,35.0
31001,31012,
31001,35016,
31013,31013,16.0
31094,31094,68.0
31094,31016,6.0
31094,31094,
31094,31065,
31094,31009,
31036,31036,7.0
31092,31092,59.0
31092,31092,
31092,31009,37.0
31001,31001,14.0
31001,31009,39.0
31059,31016,
31059,31042,
31059,31042,
31059,31059,19.0
31013,31013,49.0
31013,31016,
31036,31040,
31036,31036,
31060,31016,
31095,31016,7.0
31095,31026,6.0
31095,31095,13.0
31060,31016,
31060,31060,
31006,31006,14.0
31006,31006,
31006,31006,
31006,31007,
31006,31009,8.0
31006,35072,
31068,31068,12.0
31068,31016,
31068,31068,20.0
31090,31090,10.0
31090,31008,
31090,31013,
31090,31097,6.0
31099,31027,
31099,31099,11.0
31013,31013,5.0
31013,31013,90.0
31013,31016,
31013,31013,
31035,31016,8.0
31035,31037,7.0
31045,31045,9.0
31045,31045,
31024,31024,9.0
31046,31097,
31064,31064,160.0
31064,31016,
31064,31027,
31064,31026,
31064,31084,
31064,31098,
31075,31075,426.0
31075,31073,
31075,31075,5.0
31075,33005,
31075,35016,
31090,31008,
31090,31090,
31090,31097,
31061,31016,
31061,31061,30.0
31075,31075,7.0
31075,31075,19.0
31075,31074,
31075,52017,
31082,31072,
31086,31016,
31086,31028,
31070,31070,199.0
31070,31072,66.0
31070,53001,
31002,31001,
31002,31009,47.0
31087,31087,
31087,31030,
31087,31016,5.0
31087,31028,
31087,31030,
31087,31028,
31001,31001,
31001,31009,18.0
31044,31044,33.0
31027,31027,19.0
31027,31026,
31058,31052,
31058,31100,
31058,31072,
31058,31058,
31058,53001,
31044,31044,40.0
31044,41017,
31099,31099,
31019,31019,
31019,31024,
31008,31008,
31008,31008,20.0
31008,31013,16.0
31008,31008,
31008,31009,31.0
31024,31016,
31024,31025,
31024,31024,10.0
31030,31030,111.0
31030,31016,
31030,31028,
31030,31027,
31030,31028,
31030,31088,
31030,31072,
31094,31094,
31094,31094,
31001,31001,18.0
31001,31009,10.0
31021,31021,
31021,31016,13.0
31021,31021,
31021,31021,92.0
31021,31099,
31045,31045,23.0
31045,31045,26.0
31013,31013,1700.0
31013,31016,21.0
31013,31013,
31013,31037,
31013,31097,
31013,31007,
31013,33005,
31060,31013,
31060,31016,
31015,31013,31.0
31015,31015,102.0
31015,31016,
31015,31013,
31023,31016,
31023,31023,7.0
31097,31097,
31016,13001,
31016,29015,
31016,29020,
31016,31013,62.0
31016,31016,1130.0
31016,31017,14.0
31016,31028,
31016,31017,
31016,31027,
31016,31018,7.0
31016,31050,
31016,31026,
31016,31078,
31016,31018,
31016,31037,
31016,31096,
31016,31097,
31016,31025,
31016,31084,
31016,31045,
31016,31022,
31016,31088,
31016,31007,5.0
31016,31016,13.0
31016,31016,
31016,31072,
31016,31061,
31016,31064,
31016,32002,
31016,33002,
31016,33005,
31016,33005,
31016,33006,6.0
31016,33005,13.0
31016,35141,
31016,35073,
31016,35132,
31016,35032,
31016,35016,5.0
31016,42007,
31016,43011,
31016,52017,
31016,53001,5.0
31037,31037,6.0
31037,31037,53.0
31016,31016,6.0
31016,31016,54.0
31064,31064,34.0
31064,31027,
31064,31064,
31085,31085,9.0
31017,31016,70.0
31017,31017,98.0
31017,31028,
31017,31023,
31017,31025,
31017,31024,
31017,31036,
31017,33005,11.0
31017,35014,
31017,35015,
31090,31097,
31047,31047,
31047,31097,
31024,31024,
31011,31016,7.0
31011,31007,
31011,31009,
31011,31011,30.0
31090,31008,
31083,31016,
31083,31083,169.0
31083,31024,
31083,31084,7.0
31028,31030,
31028,31016,
31028,31028,293.0
31028,31086,
31028,31088,
31090,31008,
31090,33004,
31021,31016,
31021,31021,5.0
31034,31034,39.0
31034,31037,11.0
31007,31007,7.0
31015,31013,25.0
31015,31015,7.0
31017,31016,21.0
31058,31016,
31053,31084,
31007,31007,38.0
31007,31009,18.0
31001,31001,
31001,31001,
31001,31006,
31001,31009,31.0
31001,35141,
31051,31016,
31051,31051,6.0
31051,31051,25.0
31051,31084,7.0
31077,31016,
31077,31072,5.0
31077,52014,
31101,31101,126.0
31101,31084,5.0
31048,31048,21.0
31037,31037,22.0
31003,31003,
31003,31003,
31017,31016,16.0
31017,31017,139.0
31007,31007,96.0
31007,31007,
31019,31016,
31019,31019,5.0
31037,31034,
31037,31037,22.0
31058,31030,
31058,31072,5.0
31058,31058,
31058,52003,
31058,53001,6.0
31055,31016,5.0
31055,31055,
31055,31084,
31055,31055,8.0
31058,31074,
31058,31072,
31058,31058,
31058,53001,
31002,31002,
31002,31001,8.0
31002,31001,
31002,31009,17.0
31024,31024,
31007,31007,5.0
31007,31007,19.0
31073,31075,
31073,31073,
31073,31073,12.0
31024,31016,
31024,31024,88.0
31024,31024,
31016,31016,44.0
31016,31016,166.0
31016,31097,
31042,31042,13.0
31042,31042,20.0
31042,31045,
31061,31061,9.0
31006,31001,
31006,31006,
31006,31007,
31006,31009,14.0
31089,31089,5.0
31089,31086,7.0
31007,31016,
31007,31007,
31007,42011,
31007,31007,7.0
31007,31007,
31007,31007,
31007,35141,8.0
31010,31012,
31010,31009,21.0
31096,31016,
31096,31096,6.0
31012,31012,50.0
31012,31007,
31012,31009,34.0
31001,31001,207.0
31001,31009,25.0
31073,31073,16.0
31101,31101,6.0
31089,31016,8.0
31089,31028,
31089,31089,20.0
31089,31089,6.0
31089,31086,
31089,31088,
31089,31093,
31001,31001,
31001,31009,
31072,31072,16.0
31070,22004,
31070,31016,
31070,31072,11.0
31070,33005,
31001,31001,
31001,31001,8.0
31001,31009,23.0
31061,31061,12.0
31073,31075,
31073,31073,5.0
31073,31073,
31073,31073,15.0
31073,31074,
31073,52014,
31089,31028,
31089,31089,
31089,31089,
31089,31004,6.0
31089,31030,
31089,31089,91.0
31089,35011,
31102,31016,
31102,31102,
31042,31042,20.0
31042,31042,22.0
31042,31059,
31013,31013,
31027,31013,6.0
31027,31016,18.0
31027,31027,378.0
31027,31026,
31027,31027,
31027,31027,
31091,31091,10.0
31091,31009,23.0
31024,31024,7.0
31073,31073,24.0
31073,31073,43.0
31073,31075,
31073,52015,
31036,31036,
31051,31051,30.0
31051,31052,
31051,31084,
31093,31093,64.0
31093,31093,
31093,31009,7.0
31059,31016,
31059,31059,
31067,31016,
31067,31067,46.0
31067,31067,
31067,31099,
31013,31013,49.0
31013,31016,
31013,31013,
31013,31045,
31042,31042,315.0
31042,31042,
31042,31097,
31034,31016,13.0
31034,31034,443.0
31034,31037,
31034,31016,
31026,31016,14.0
31026,31026,
31026,31026,
31007,31007,
31007,31007,7.0
31066,31016,
31066,31066,5.0
31066,31099,
31020,31016,
31020,31020,
31010,31016,
31010,31009,
31010,35072,
31088,31086,
31088,31088,
31008,31008,89.0
31008,31007,
31008,31008,
31008,31009,19.0
31086,31030,11.0
31086,31016,
31086,31028,
31086,31086,
31086,31028,
31082,31082,57.0
31082,31057,
31082,31057,
31082,31074,
31082,31072,22.0
31092,31092,6.0
31092,31092,
31092,31001,
31092,31009,79.0
31088,31030,
31088,31016,10.0
31088,31028,6.0
31088,31089,
31088,31086,
31088,31088,17.0
31071,31072,16.0
31071,50014,
31004,31004,
31001,31001,
31008,31008,14.0
31008,31009,8.0
31075,31075,
31091,31091,89.0
31091,31009,66.0
31015,31013,
31015,31016,
31044,31016,
31044,31044,301.0
31044,31044,5.0
31044,31048,
31044,33006,8.0
31044,33005,
31021,31016,
31021,31021,41.0
31079,31013,
31067,31067,
31067,31099,
31052,31016,
31052,31052,5.0
31008,31008,6.0
31008,31008,
31008,31008,
31008,31007,
31008,31009,17.0
31024,31024,22.0
31038,31036,
31073,31073,22.0
31073,31075,
31097,31097,5.0
31059,31016,
31059,31034,
31059,31059,
31059,31059,
31059,32004,
31027,31016,
31027,31027,
31027,31026,
31027,31027,74.0
31027,31027,7.0
31058,31016,
31058,31100,
31058,31072,
31058,31058,
31058,53001,
31097,31097,
31013,31013,10.0
31091,31091,8.0
31091,31009,7.0
31091,31072,
31084,31050,
31084,31084,45.0
31086,31030,
31086,31016,
31086,31028,
31086,31086,274.0
31086,31086,
31048,31016,
31048,31048,12.0
31048,31048,7.0
31026,31016,
31026,31026,
31026,31026,13.0
31071,31072,
31065,31016,
31065,31065,34.0
31001,31009,21.0
31003,31003,
31072,31072,143.0
31072,31072,62.0
31072,51014,
31059,31059,
31095,31016,9.0
31095,31026,
31095,31095,
31032,31030,
31032,31016,
31032,31028,
31032,31028,
31032,31032,
31008,31008,
31008,31009,28.0
31007,31007,
31007,31007,9.0
31053,31016,
31025,31016,7.0
31025,31025,
31025,31025,
31007,31007,25.0
31078,31013,62.0
31078,31016,8.0
31078,31078,
31026,31026,5.0
31072,31072,
31072,31072,11.0
31079,31013,45.0
31079,31015,
31079,31016,
31079,31079,17.0
31079,31097,
31079,31078,
31079,35016,
31040,31016,12.0
31040,31040,171.0
31040,31040,
31003,31003,
31018,29015,
31018,29028,
31018,31016,103.0
31018,31017,18.0
31018,31027,
31018,31040,
31018,31018,85.0
31018,31018,
31018,31059,
31018,31037,
31018,31025,
31018,31024,
31018,31007,
31018,33005,
31018,35072,
31018,35011,
31018,35016,
31018,41002,
31011,31011,21.0
31050,31050,137.0
31050,31084,
31050,31084,6.0
31024,31016,
31024,31024,
31024,31024,
31012,31011,8.0
31019,31016,5.0
31019,31019,21.0
31036,31036,5.0
31074,31074,6.0
31074,31074,19.0
31074,31072,
31074,31075,
31035,31016,
31035,31034,
31035,31035,186.0
31035,31037,21.0
31035,31023,
31035,32002,
31035,35016,
31064,31064,12.0
31064,31098,
31097,31097,
31015,31013,
31030,31052,6.0
31030,31028,9.0
31030,31088,
31007,31007,
31030,31016,
31030,31030,
31035,31035,
31035,31037,
31026,31026,9.0
31062,31062,13.0
31089,31016,
31089,31089,
31089,31089,
31089,31089,
31089,31032,
31051,31051,
31051,31051,12.0
31051,31084,
31079,31013,
31008,31008,9.0
31008,31009,20.0
31017,31016,6.0
31057,31057,6.0
31057,31072,
31057,35016,
31008,31008,8.0
31008,31008,23.0
31008,31009,43.0
31040,31040,
31040,31036,
31040,31040,5.0
31085,31098,9.0
31085,31085,10.0
31019,24007,
31019,31016,17.0
31019,31019,176.0
31019,31024,
31026,31016,
31026,31026,23.0
31003,24007,
31003,31003,
31003,31003,
31003,31009,
31091,31091,12.0
31091,31091,
31091,31009,26.0
31072,31072,22.0
31047,31097,
31078,31013,
31078,31016,
31078,31078,19.0
31013,31013,
31026,31016,20.0
31026,31026,274.0
31060,31060,
31035,31037,
31048,31048,14.0
31042,31042,72.0
31042,31097,
31042,31045,
31038,31036,
31036,31036,
31036,31020,15.0
31086,31075,
31086,31030,
31086,31013,
31086,31016,11.0
31086,31028,
31086,31086,
31086,31086,
31086,31086,11.0
31086,31097,
31086,33002,
31086,33005,
31068,29028,
31068,31068,
31001,31009,18.0
31068,31094,
31068,31028,
31068,31068,
31058,31016,
31058,31058,
31037,31037,14.0
31037,31036,10.0
31020,31016,
31020,31021,
31060,31023,
31008,31008,7.0
31008,31008,
31044,31044,10.0
31044,31044,
31044,35103,
31015,31013,23.0
31015,31015,
31015,31016,
31020,31016,5.0
31020,31020,
31020,31020,6.0
31028,31030,5.0
31028,31016,
31028,31028,20.0
31028,31028,8.0
31028,31028,
31028,31032,
31028,31088,
31028,31075,
31048,31048,23.0
31093,31093,
31093,31093,
31074,31074,
31074,31074,
31059,31059,12.0
31012,31009,17.0
31012,31011,41.0
31036,31034,
31036,31036,8.0
31036,31037,
31036,31036,
31083,31016,
31083,31083,32.0
31034,31034,20.0
31078,31013,
31078,31016,
31078,31078,66.0
31048,31016,
31048,31048,174.0
31017,31016,82.0
31017,31017,
31017,31018,
31017,31072,
31017,52001,
31042,31042,44.0
31042,31042,136.0
31042,31045,
31042,33005,
31052,31052,
31052,31052,
31052,31084,
31007,31007,15.0
31007,31007,6.0
31007,31007,9.0
31041,31041,
31028,31028,
31028,31028,
31028,31028,
31074,31075,5.0
31074,31074,
31074,31074,5.0
31074,31075,
31045,31045,111.0
31045,31045,11.0
31097,31041,
31097,31097,
31007,31007,
31007,31007,
31007,31009,5.0
31007,35072,
31007,35041,
31007,35173,
31001,31001,
31042,31042,27.0
31026,31016,
31026,31026,17.0
31026,31016,
31026,31026,9.0
31094,31016,6.0
31094,31094,
31019,31016,
31019,31019,9.0
31036,31036,
31036,31036,7.0
31021,31016,18.0
31021,31018,
31021,31035,
31021,31021,
31021,31021,
31042,31016,
31042,31042,29.0
31042,31045,
31017,31016,11.0
31030,31030,
31030,31016,
31030,31017,5.0
31030,31028,
31030,31089,
31030,31030,38.0
31030,31086,
31030,31088,
31030,35132,5.0
31030,52018,
31058,31072,
31058,31058,
31058,52001,
31058,53001,
31092,31009,28.0
31024,31016,
31024,31024,
31064,31064,15.0
31064,31016,
31083,31083,8.0
31051,31027,
31051,31050,
31051,31051,182.0
31051,31052,
31051,31084,
31099,31099,5.0
31099,33004,
31096,31016,
31096,31096,6.0
31096,31099,
31036,31016,
31036,31036,
31036,31040,
31102,31102,
31071,31071,
31071,31072,47.0
31062,31062,
31098,31098,28.0
31071,31016,
31071,31071,21.0
31071,31072,23.0
31024,31016,
31024,31024,5.0
31036,31036,8.0
31052,31052,6.0
31084,31084,17.0
31040,31040,
31097,31097,10.0
31003,31003,8.0
31003,31003,
31003,31007,
31003,31009,16.0
31036,31036,6.0
31036,31020,
31026,31016,7.0
31026,31026,7.0
31036,31016,14.0
31036,31037,
31036,31036,572.0
31036,31037,
31036,33009,
31036,35016,
31051,31016,
31051,31051,
31051,31051,81.0
31051,31084,6.0
31051,31098,6.0
31074,31074,
31020,31016,5.0
31020,31079,
31020,31026,
31020,31020,19.0
31020,31020,20.0
31093,31093,
31093,31093,
31093,31093,
31093,31009,10.0
31060,31016,
31060,31034,
31060,31060,
31083,31083,12.0
31083,31084,
31083,31061,
31002,31001,6.0
31002,31002,
31002,31009,33.0
31048,31016,
31048,31048,15.0
31047,31047,
31047,31097,
31057,31074,
31057,31072,8.0
31057,31057,
31002,31001,7.0
31002,31002,43.0
31002,31009,83.0
31002,35072,
31048,31007,
31048,31048,20.0
31057,31074,
31057,31057,
31048,31048,
31048,31048,
31073,31073,6.0
31007,31007,16.0
31037,31016,
31037,31037,37.0
31037,31036,
31013,31013,8.0
31013,31013,15.0
31070,31070,8.0
31070,31070,
31070,31072,20.0
31055,31050,
31055,31055,
31101,31101,8.0
31101,31084,
31091,31091,10.0
31091,31009,13.0
31091,31072,
31091,35081,
31018,31016,94.0
31018,31017,
31018,31028,
31018,31018,
31018,31018,206.0
31006,31006,
31006,31009,
31015,31015,
31100,31100,6.0
31017,31016,42.0
31017,31017,
31032,31030,
31032,31016,
31032,31028,
31032,31027,
31032,31086,
31032,31032,
31030,31087,
31030,31030,
31030,31028,
31030,31030,5.0
31030,31030,12.0
31030,31028,
31004,31016,
31004,31004,
31011,31009,7.0
31011,31011,40.0
31011,52016,
31034,31016,
31034,31034,30.0
31007,31007,19.0
31007,31007,
31007,31007,
31007,31009,18.0
31085,31085,18.0
31075,31075,7.0
31075,31075,
31034,31016,
31034,31034,90.0
31034,31035,
31034,31034,
31034,31037,
31024,31016,
31024,31026,
31024,31024,8.0
31019,31019,15.0
31037,31016,
31037,31037,92.0
31059,31016,10.0
31059,31034,
31059,31059,38.0
31037,31016,18.0
31037,31083,
31037,31034,
31037,31034,
31037,31035,
31037,31037,1712.0
31037,32001,
31037,32002,
31037,33005,
31037,33004,
31037,51002,
31073,31073,
31073,31073,27.0
31073,31075,
31007,31007,12.0
31007,31009,15.0
31074,31075,
31074,31074,9.0
31074,31075,
31021,31013,
31021,31016,34.0
31021,31027,
31021,31021,505.0
31021,31007,
31038,31036,
31038,31024,
31022,31016,10.0
31022,31022,145.0
31084,31084,30.0
31053,31016,
31053,31053,9.0
31031,31016,
31031,31028,
31031,31031,
31031,31088,6.0
31067,31016,
31067,31067,
31067,31067,
31003,31003,45.0
31003,31003,22.0
31003,31003,22.0
31003,31007,
31003,31009,24.0
31003,33004,
31003,35012,
31003,35016,
31026,31016,9.0
31026,31027,
31026,31026,
31026,31026,222.0
31026,31084,
31044,31044,6.0
31096,31027,
31096,31096,56.0
31096,31099,
31021,31021,7.0
31009,31009,14.0
31008,31008,
31008,31016,
31008,31007,
31008,31008,17.0
31008,31009,9.0
31008,35016,
31008,31008,
31008,31007,
31008,31008,9.0
31036,31016,
31036,31036,
31036,31036,
31065,31016,
31065,31065,
31071,31072,17.0
31086,31016,7.0
31086,31028,13.0
31086,31089,
31086,31086,
31086,31086,154.0
31086,31032,
31007,31007,
31031,31016,
31031,31086,
31031,31031,
31031,31028,
31092,31092,
31092,31009,49.0
31092,35081,
31092,35011,
31031,31087,
31031,31016,14.0
31031,31028,14.0
31031,31089,
31031,31086,
31031,31086,
31031,31031,13.0
31031,31028,
31031,31032,7.0
31031,31088,7.0
31079,31013,
31079,31079,
31079,31078,
31065,31064,
31065,31065,
31040,31040,
31040,31016,
31040,31040,13.0
31040,32001,
31073,24007,
31073,31073,
31073,31073,960.0
31073,52001,
31004,31009,
31071,31071,45.0
31071,31072,52.0
31016,31016,9.0
31016,31016,23.0
31016,31025,5.0
31016,31016,6.0
31094,31094,
31094,31094,
31094,31094,
31009,31002,
31009,31009,
31007,31007,
31007,31006,
31007,31007,
31007,31009,30.0
31007,35141,
31035,31035,
31035,31037,13.0
31052,31016,
31052,31053,
31052,31052,38.0
31052,31052,11.0
31052,31076,
31052,31084,
31052,35073,
31036,31036,8.0
31052,31051,
31052,31052,568.0
31052,31084,
31053,31027,
31053,31084,
31053,31075,
31087,31028,
31101,31016,
31101,31101,14.0
31101,31084,
31078,31013,17.0
31078,31016,
31078,31078,9.0
31064,31064,25.0
31064,31016,9.0
31060,31016,
31060,31034,
31060,31060,
31050,31050,6.0
31050,31055,
31024,31016,
31024,31024,8.0
31094,31016,
31094,31094,97.0
31008,31008,
31008,31008,
31008,31009,
31008,35011,
31094,31016,20.0
31094,31094,
31094,31094,89.0
31037,31037,11.0
31023,31016,25.0
31023,31017,7.0
31023,31037,
31023,31021,
31023,31023,90.0
31023,31021,
31023,35012,
31077,31016,
31077,31021,
31077,31072,6.0
31077,31057,
31083,31016,
31083,31083,16.0
31083,31019,
31083,31084,
31027,31016,
31027,31027,
31027,31027,
31027,31027,23.0
31102,31016,6.0
31051,31051,5.0
31051,31098,18.0
31051,31064,
31016,31016,
31016,31016,13.0
31017,31016,22.0
31017,31027,
31017,31018,
31097,21016,36.0
31097,25016,
31097,31013,5.0
31097,31016,14.0
31097,31097,2336.0
31097,31044,
31097,31045,
31097,31061,
31097,33001,
31097,33006,5.0
31097,33009,36.0
31097,33005,5.0
31097,35011,
31084,31016,
31084,31084,14.0
31002,31001,6.0
31002,31002,
31002,31001,
31002,31009,6.0
31002,35143,
31076,31052,
31076,31052,
31076,31076,12.0
31099,31099,
31099,31099,
31099,31099,9.0
31099,31099,
31057,31082,
31057,31072,6.0
31057,31057,5.0
31087,31030,
31087,31016,
31087,31028,12.0
31087,31087,
31087,31028,12.0
31087,31032,
31087,31088,
31050,31050,10.0
31050,32004,
31015,31013,12.0
31015,31016,
31015,31078,9.0
31015,31015,
31057,31057,22.0
31057,31057,
31057,31072,9.0
31077,31074,
31077,31072,
31025,31016,53.0
31025,31025,278.0
31059,31016,
31059,31059,5.0
31059,31059,
31059,32002,
31008,31016,
31008,31007,
31008,31008,
31008,31008,16.0
31008,31009,9.0
31008,33005,
31008,35011,
31079,31013,
31079,31016,
31044,31044,
31044,31045,
31055,31016,
31055,31084,
31055,31055,
31004,31016,
31004,31089,
31004,31004,6.0
31004,31009,88.0
31004,33001,
31032,31028,
31032,31086,
31032,31032,
31027,31027,28.0
31044,31016,
31044,31097,
31044,31044,188.0
31044,31045,
31044,31048,
31090,31090,
31090,31097,
31090,31097,17.0
31090,31048,
31090,33005,
31101,31101,7.0
31101,31084,9.0
31101,31084,
31059,31016,
31059,31042,
31059,31059,
31059,31059,
31101,31101,26.0
31004,31004,
31028,31016,
31028,31028,5.0
31028,31028,153.0
31062,31066,
31001,26010,
31001,31001,
31001,31001,21.0
31001,31007,
31001,31009,32.0
31015,31013,23.0
31015,31015,6.0
31099,31027,
31099,31099,35.0
31099,31032,
31099,31099,
31052,31052,25.0
31052,31084,
31076,31016,
31076,31052,
31076,31076,143.0
31059,31016,14.0
31059,31042,
31059,31035,
31059,31059,7.0
31059,31059,
31059,31059,48.0
31059,31045,
31059,31013,
31059,31016,
31059,31059,174.0
31038,31040,
31038,31036,
31038,31038,67.0
31038,32002,
31024,31016,
31024,31028,
31024,31024,
31024,31024,
31047,31097,9.0
31047,33009,36.0
31003,31003,
31003,31003,
31022,31016,7.0
31022,31022,48.0
31022,31022,
31022,31024,
31036,31036,
31017,31016,10.0
31017,31017,
31017,31017,7.0
31017,43010,
31047,31097,
31035,31035,
31035,31037,
31003,31003,
31028,31016,7.0
31028,31028,18.0
31028,31027,
31028,31088,
31059,31042,
31059,31059,23.0
31059,31093,
31094,29028,
31094,31094,
31020,31020,
31020,31020,
31017,31016,24.0
31017,31017,
31017,31037,
31017,52011,
31097,31097,57.0
31052,31052,
31052,31052,
31052,31084,
31059,31016,
31059,31042,
31059,31059,
31059,31059,5.0
31059,31059,11.0
31052,31052,
31052,31052,
31052,31084,
31025,31016,42.0
31025,31076,
31025,31025,
31025,31025,
31025,31024,
31082,31074,
31082,31082,
31030,31030,
31030,31030,
31065,31016,
31065,31065,38.0
31038,31016,6.0
31038,31036,
31038,31038,
31048,31048,24.0
31048,31048,
31037,31037,20.0
31027,31016,12.0
31027,31027,10.0
31027,31026,
31027,31027,377.0
31027,31084,
31027,31027,9.0
31008,31008,
31008,31009,6.0
31084,31084,40.0
31084,31084,
31045,31045,58.0
31045,31045,38.0
31045,31045,8.0
31076,31076,13.0
31076,31084,
31016,31016,16.0
31016,31016,10.0
31028,31016,
31028,31028,13.0
31028,31086,
31028,31028,
31028,31028,7.0
31028,31032,
31019,31019,
31012,31012,
31012,31007,
31012,31011,15.0
31076,31052,
31076,31076,12.0
31075,31075,16.0
31075,31073,13.0
31075,31075,
31052,31016,
31052,31052,
31052,31027,
31052,31052,73.0
31052,31084,
31002,31001,34.0
31002,31002,
31002,31009,20.0
31074,31075,
31074,31073,
31074,31074,151.0
31074,31074,58.0
31074,31072,
31074,31075,
31065,31094,
31009,31009,67.0
31009,31009,46.0
31009,41017,
31084,25001,
31084,31016,23.0
31084,31083,
31084,31050,
31084,31019,
31084,31051,
31084,31052,
31084,31084,
31084,31084,2926.0
31084,31098,
31084,31072,
31084,33005,
31084,35011,
31084,35011,
31084,51013,
31084,53001,
31007,31007,5.0
31007,31007,
31007,31009,41.0
31007,35011,
31007,35141,
31085,31085,6.0
31024,31024,
31024,31016,
31024,31024,100.0
31019,31019,
31021,31016,
31021,31021,5.0
31007,31007,5.0
31007,35011,
31045,31042,
31045,31045,
31045,31045,1014.0
31045,33005,
31045,33004,
31059,31016,
31059,31059,12.0
31059,31059,11.0
31059,41017,
31002,31001,12.0
31002,31002,
31002,31009,32.0
31002,35016,6.0
31036,31036,
31066,31016,25.0
31066,31066,100.0
31066,32003,
31037,31037,24.0
31058,31016,
31058,53001,
31007,31007,
31007,31007,14.0
31015,31013,
31015,31015,6.0
31015,31097,
31004,31016,
31004,31004,
31004,31004,
31004,31009,25.0
31085,31085,17.0
31085,31085,
31038,31038,
31023,31013,
31023,31016,14.0
31023,31023,
31023,31023,
31016,31016,51.0
31016,31016,7.0
31096,31016,
31096,31096,
31075,31075,11.0
31075,31016,
31075,31073,
31075,31075,7.0
31075,31072,
31075,31075,
31075,35011,
31052,31052,55.0
31052,31072,
31092,31001,12.0
31092,31009,18.0
31032,15003,
31032,29015,
31032,31030,
31032,31016,5.0
31032,31028,35.0
31032,31089,
31032,31027,
31032,31086,
31032,31023,
31032,31028,
31032,31032,64.0
31032,31088,
31032,31088,8.0
31032,31007,
31032,31027,
31099,31016,9.0
31099,31099,124.0
31099,31007,
31099,31099,
31099,33006,
31099,35015,
31099,31026,
31099,31099,9.0
31098,31098,38.0
31098,31085,
31090,31097,
31083,31016,
31083,31083,17.0
31083,31084,
31008,31008,
31008,31008,
31088,31030,
31088,31016,6.0
31088,31089,
31088,31088,5.0
31088,31088,
31088,35141,5.0
31088,35062,9.0
31060,31034,
31060,31060,5.0
31042,31042,44.0
31078,31013,21.0
31078,31016,
31078,31078,133.0
31007,31007,19.0
31007,31007,7.0
31007,31007,10.0
31007,31009,69.0
31022,26010,
31022,31013,
31022,31016,13.0
31022,31034,
31022,31022,
31022,31022,
31022,31022,150.0
31099,31016,
31099,31099,8.0
31098,31098,24.0
31067,31016,
31067,31067,
31067,31067,25.0
31024,31024,
31024,31024,
31030,31087,
31030,31030,
31052,31052,
31013,31013,8.0
31044,31044,13.0
31044,31045,
31094,31094,
31094,31094,
31024,31016,
31024,31024,16.0
31024,31024,
31058,31058,19.0
31058,31074,
31058,31007,
31058,31072,29.0
31058,31075,
31032,17005,
31032,31030,5.0
31032,31016,8.0
31032,31028,39.0
31032,31089,
31032,31086,
31032,31086,
31032,31028,
31032,31032,12.0
31032,31088,
31032,31088,19.0
31032,31088,
31032,35016,
31001,31001,
31001,31001,10.0
31001,31009,31.0
31003,31003,
31003,31003,37.0
31003,31009,29.0
31024,31016,14.0
31024,31024,54.0
31021,31021,6.0
31008,31008,
31008,31008,12.0
31008,35172,
31088,31016,7.0
31088,31028,
31088,31088,45.0
31092,31092,7.0
31092,31093,
31092,31092,9.0
31092,31009,139.0
31092,35016,
31101,31101,
31101,31084,
31057,31084,
31057,31088,
31057,31057,11.0
31057,31074,13.0
31057,31072,65.0
31057,50012,
31057,50016,
31074,31016,
31074,31074,366.0
31074,31072,
31074,31075,
31045,31016,
31045,31045,23.0
31045,31045,11.0
31061,31016,
31061,31048,
31061,31061,33.0
31102,31016,
31062,31062,
31102,31016,6.0
31102,31102,27.0
31102,31020,
31068,31016,5.0
31068,31068,30.0
31042,31042,36.0
31061,31016,
31061,31061,7.0
31042,31042,18.0
31003,31003,
31003,31003,15.0
31003,31009,
31053,31101,
31053,31051,
31070,31072,17.0
31025,31016,37.0
31025,31025,45.0
31047,31047,
31047,31097,
31024,31024,
31086,31030,
31086,31016,5.0
31086,31028,
31086,31027,
31086,31086,
31086,31032,8.0
31070,31074,
31070,31072,8.0
31004,31004,
31004,31004,
31037,31036,
31037,31037,13.0
31096,31096,
31097,31097,45.0
31034,31034,38.0
31015,31013,
31015,31015,5.0
31017,31016,
31017,31078,
31093,31016,
31093,31093,
31093,31093,
31035,31016,
31035,31035,
31035,31037,11.0
31100,31101,
31100,31100,6.0
31031,31016,
31031,31031,
31031,31088,
31071,31072,14.0
31071,52001,
31079,31013,32.0
31079,31028,
31003,31003,
31003,31003,9.0
31003,31003,
31003,31003,
31003,31007,
31041,31041,13.0
31055,31016,8.0
31055,31055,80.0
31055,31075,
31048,31048,37.0
31048,31048,
31032,31030,
31032,31016,
31032,31028,5.0
31032,31027,
31032,31028,
31032,31032,
31032,31088,
31032,31032,
31093,31016,
31093,31093,22.0
31093,31093,55.0
31093,31009,16.0
31071,31072,23.0
31071,35051,
31071,50011,
31001,31001,47.0
31001,31009,
31001,35072,
31006,31006,178.0
31006,31009,87.0
31006,35072,
31006,35011,
31006,35016,
31006,35173,
31006,51013,
31059,31034,
31059,31059,
31059,31094,
31059,31040,
31059,32001,
31024,31016,11.0
31024,31024,278.0
31024,31024,
31060,31016,15.0
31060,31022,
31060,31060,48.0
31060,31061,
31055,31016,
31065,31065,
31065,31099,
31052,31016,5.0
31052,31052,9.0
31061,31016,
31061,31061,42.0
31099,31016,
31099,31026,
31099,31099,109.0
31099,31099,
31007,12003,
31007,29020,
31007,31016,13.0
31007,31001,
31007,31007,
31007,31007,660.0
31007,31009,87.0
31007,35014,
31007,35141,
31008,31008,54.0
31008,31009,22.0
31015,31013,34.0
31015,31015,
31075,31075,7.0
31075,31073,7.0
31075,31074,
31075,31072,9.0
31075,31075,
31009,31091,
31009,31009,57.0
31009,35081,
31070,31070,10.0
31070,31072,7.0
31048,31048,10.0
31048,31061,
31019,31019,
31026,31016,8.0
31026,31026,5.0
31026,31095,
31057,31074,
31057,31072,
31059,31016,
31059,31042,6.0
31059,31059,32.0
31059,33005,
31024,31016,7.0
31024,31024,8.0
31024,31024,36.0
31024,31028,
31079,31016,
31016,31016,27.0
31060,31016,7.0
31060,31034,6.0
31044,31044,13.0
31059,31016,
31059,31042,
31059,31059,
31059,31059,
31059,31059,6.0
31015,31013,10.0
31015,31078,
31015,31015,
31040,31016,
31040,31036,
31040,31040,64.0
31013,31013,12.0
31013,31016,
31058,31016,
31058,31072,7.0
31058,53001,
31052,31052,11.0
31052,31084,
31016,31016,335.0
31016,31017,
31016,31027,
31016,31018,
31016,31016,39.0
31016,31016,
31016,33006,
31016,35011,
31016,35171,
31016,52001,
31004,31016,
31004,31004,
31004,31009,
31004,35171,
31004,41015,
31016,31016,38.0
31060,31016,7.0
31060,31060,
31060,31016,
31094,31094,
31079,31013,5.0
31017,31016,
31097,31097,22.0
31082,31082,
31082,31074,
31082,31072,13.0
31085,31085,26.0
31085,31098,
31085,31085,8.0
31085,31072,
31023,31016,18.0
31023,31023,
31048,31016,
31048,31097,
31048,31048,153.0
31048,31048,5.0
31048,35011,
31090,31097,
31090,33004,
31020,31013,
31020,31016,
31020,31026,
31020,31020,
31015,31013,7.0
31015,31016,5.0
31048,31048,7.0
31074,31074,
31074,31074,14.0
31045,31045,30.0
31098,31098,24.0
31094,31094,
31094,31016,
31094,31094,10.0
31016,31016,218.0
31016,31017,
31016,31016,
31016,31016,323.0
31016,31016,
31020,31016,
31020,31020,10.0
31072,31072,80.0
31072,31072,42.0
31072,35081,21.0
31098,31098,311.0
31098,31085,
31094,29018,
31094,31094,
31094,31016,7.0
31094,31099,
31094,52001,
31021,31016,7.0
31021,31034,
31021,31022,
31021,31021,168.0
31034,31034,29.0
31090,31097,
31013,31013,5.0
31015,31013,8.0
31098,31098,14.0
31060,31016,
31036,31034,
31036,31036,5.0
31036,31020,
31055,31055,
31062,31016,
31070,31070,
31070,31072,25.0
31016,31016,62.0
31016,31034,
31016,31021,
31016,31016,
31016,31016,241.0
31016,31099,
31059,31016,6.0
31059,31042,9.0
31059,31034,
31059,31059,
31059,31059,5.0
31021,31021,12.0
31094,31016,
31102,31016,
31102,31020,
31011,31011,25.0
31044,31044,9.0
31044,31022,
31024,31016,15.0
31024,31024,
31097,31097,11.0
31013,31013,
31013,31013,
31089,31089,
31059,31016,
31059,31059,
31059,31059,5.0
31037,31016,
31037,31034,
31037,31037,185.0
31025,31016,
31025,31025,
31079,31013,
31079,31079,
31006,31006,5.0
31006,31007,
31006,31009,8.0
31034,31034,39.0
31013,31013,22.0
31013,31013,18.0
31040,31040,
31040,31040,
31040,35016,
31007,31007,5.0
31007,31007,199.0
31007,31009,
31082,31028,
31082,31082,
31073,31073,
31073,31073,31.0
31088,31016,
31088,31089,
31088,31089,5.0
31088,31088,12.0
31088,31088,5.0
31041,31041,8.0
31095,31052,
31095,31095,8.0
31094,29018,
31094,31094,
31094,31016,
31094,31094,
31094,31094,6.0
31087,31030,
31087,31028,25.0
31087,31030,6.0
31087,31088,
31087,53001,
31085,31016,
31085,31085,
31021,31021,6.0
31019,31019,12.0
31046,31097,12.0
31010,31010,
31010,31011,
31078,31013,
31078,31016,
31078,31078,11.0
31034,31016,
31034,31034,32.0
31034,31037,
31023,31016,15.0
31023,31037,
31023,31023,28.0
31038,31016,
31038,31038,
31100,31101,
31100,31084,
31100,31100,145.0
31088,31016,
31071,31072,
31045,31045,13.0
31048,31048,
31048,31048,12.0
31036,31036,
31036,31036,
31057,31072,
31086,31028,
31021,31016,8.0
31021,31021,
31012,31007,
31012,31009,37.0
31012,31011,10.0
31082,31016,
31082,31028,
31082,31057,
31082,31074,
31082,31082,38.0
31082,31072,
31082,31075,
31092,31092,
31092,31009,11.0
31050,31050,23.0
31050,31084,
31007,31001,
31007,31007,
31101,31101,
31101,31084,
31101,31101,14.0
31076,31101,
31076,31053,
31076,31052,
31076,31076,64.0
31076,31084,
31015,31013,164.0
31015,31016,5.0
31015,31098,
31015,31015,
31059,31042,16.0
31059,31059,
31059,31059,
31059,31059,
31038,31038,
31038,31038,
31037,31016,
31037,31034,10.0
31037,31037,30.0
31050,31050,14.0
31085,31016,
31085,31085,50.0
31085,31085,
31102,31016,
31102,31036,
31047,31097,14.0
31047,31047,
31017,31016,17.0
31017,31017,
31017,35012,
31017,35012,
31017,41017,
31092,31009,17.0
31025,31016,19.0
31025,31025,5.0
31032,31016,
31003,31003,
31003,31003,
31096,31016,
31096,31096,
31102,31016,
31102,31102,
31059,31034,
31059,31059,
31059,31059,
31008,26010,5.0
31008,31008,
31008,31013,31.0
31008,31008,50.0
31008,31008,48.0
31008,31009,79.0
31008,33001,
31008,33004,
31008,33005,
31008,35041,
31008,35171,
31061,31048,
31061,31061,13.0
31002,22004,8.0
31002,31001,
31002,31002,
31002,31002,
31002,31009,6.0
31002,35141,
31060,31034,5.0
31060,31060,
31102,31016,
31102,31102,
31100,31101,
31100,31084,
31100,31100,
31100,31100,15.0
31093,31009,
31007,31007,
31007,31007,9.0
31007,31009,
31045,31045,
31045,31045,7.0
31034,31034,13.0
31102,31016,
31102,31027,
31086,31030,
31009,31016,
31009,31009,141.0
31009,52002,
31021,31021,5.0
31008,31008,5.0
31015,31013,
31009,31009,12.0
31010,31009,13.0
31015,31013,
31015,31008,
31015,31015,23.0
31003,35174,
31036,31016,
31036,31036,10.0
31036,31020,
31018,31016,33.0
31018,31018,
31099,31016,
31099,31028,
31099,31027,
31099,31036,
31099,31099,
31099,31099,20.0
31007,31007,
31007,31007,
31007,31007,
31048,31048,
31048,31048,41.0
31007,31007,7.0
31007,31009,
31026,31016,
31026,31026,9.0
31079,31013,
31079,35011,
31020,31020,
31020,31020,
31013,31013,9.0
31013,31097,
31060,31060,
31060,31061,
31008,31008,10.0
31095,31016,
31095,31026,
31095,31095,18.0
31028,31016,6.0
31028,31028,
31066,31016,
31066,31066,19.0
31057,31074,
31057,31057,33.0
31057,31072,
31001,31001,
31001,31001,
31052,31052,
31008,31008,
31008,35016,5.0
31095,31016,15.0
31095,31026,5.0
31095,31095,98.0
31024,31016,45.0
31024,31024,
31024,31024,350.0
31048,31048,15.0
31007,31007,20.0
31007,31009,
31097,31097,7.0
31059,31016,
31059,31059,11.0
31059,31059,
31036,31036,
31036,31036,
31008,31008,
31008,31008,
31008,31008,
31008,31009,14.0
31008,35033,
31048,31097,
31048,31048,32.0
31085,31016,
31085,31098,
31085,31085,160.0
31059,31016,
31059,31034,
31059,31059,6.0
31070,31070,
31070,31072,5.0
31030,31030,
31016,31016,
31016,31016,
31016,31024,
31016,33005,
31036,31016,
31036,31036,158.0
31061,31061,33.0
31061,33006,
31061,33005,
31099,31016,
31099,31027,
31099,31036,
31099,31037,
31099,31066,
31099,31099,316.0
31035,31016,8.0
31035,31034,10.0
31035,31035,15.0
31035,31037,27.0
31035,31097,7.0
31035,31035,13.0
31082,31074,
31082,31082,
31082,31072,
31048,31097,
31048,31048,
31048,31048,34.0
31048,33001,
31007,31007,8.0
31007,31007,
31007,35141,
31042,31042,7.0
31042,31097,
31042,31059,
31010,31016,
31010,31007,
31010,31009,20.0
31010,31010,
31010,33006,
31010,33005,
31010,35141,
31019,31016,12.0
31019,31024,
31019,31026,
31019,31019,16.0
31011,31016,
31011,31007,
31011,31009,
31011,31011,284.0
31036,31036,12.0
31075,31075,24.0
31075,31073,
31075,31074,
31075,31075,86.0
31075,31072,
31075,31075,6.0
31027,31016,6.0
31027,31026,
31027,31027,156.0
31007,31007,
31007,31001,
31007,31007,15.0
31007,31009,
31007,31011,
31048,31016,
31048,31097,
31048,31045,
31048,31048,
31048,31048,265.0
31048,31048,
31101,31101,20.0
31101,31100,
31034,31016,
31034,31034,66.0
31034,31037,
31072,31013,6.0
31072,31016,
31072,31072,2079.0
31072,35016,
31072,53001,
31075,22004,
31075,26010,
31075,29006,
31075,29020,
31075,31075,13.0
31075,31013,10.0
31075,31016,6.0
31075,31051,
31075,31073,20.0
31075,31028,
31075,31072,7.0
31075,31075,2301.0
31075,33005,
31075,35173,
31075,52002,
31075,52001,
31075,52017,
31075,52002,
31062,31062,
31058,31016,
31058,31082,
31058,31074,6.0
31058,31011,
31058,31072,30.0
31058,31058,130.0
31058,53001,8.0
31071,31072,
31058,31072,
31058,31058,
31058,31064,
31060,31016,
31060,31060,10.0
31100,22004,
31100,31100,
31100,31100,
31034,31034,46.0
31034,31037,
31093,31093,
31085,31085,8.0
31012,31013,6.0
31012,31016,
31012,31007,
31012,31009,21.0
31012,31011,83.0
31012,31012,
31012,35016,
31057,31057,
31057,31072,7.0
31055,31016,
31055,31055,
31101,31101,
31101,31084,5.0
31057,31074,
31057,31072,11.0
31057,31057,37.0
31052,31016,
31052,31052,43.0
31052,31084,
31027,31027,
31027,31027,51.0
31072,31072,10.0
31034,31034,13.0
31025,31016,179.0
31025,31025,
31025,31025,27.0
31025,35011,
31061,31016,8.0
31061,31061,349.0
31061,33005,
31061,35016,
31045,31045,27.0
31036,31036,
31064,31064,
31064,31016,
31064,31026,
31064,31098,
31064,31064,49.0
31008,31008,5.0
31008,31008,
31020,31016,12.0
31020,31020,48.0
31036,31016,
31036,31036,5.0
31048,31041,
31048,31016,
31048,31097,
31048,31048,
31048,31048,104.0
31041,31041,11.0
31041,31044,
31003,31003,
31003,31003,
31003,31003,
32002,32002,
32002,32004,5.0
32002,32002,11.0
32002,32001,
32002,32004,
32002,32002,
32002,32002,6.0
32002,32002,
32001,32003,
32001,32002,
32001,32003,
32001,32002,
32003,32002,5.0
32003,32003,
32003,32002,5.0
32004,32004,
32004,32004,90.0
32004,32002,
32004,32001,
32004,32002,
32004,32002,
32004,32004,22.0
32004,32001,
32004,32002,
32001,31016,
32001,32002,
32001,32001,
32004,32004,71.0
32004,32001,
32004,32004,
32004,32004,
32004,32002,6.0
32004,43021,
32004,32004,
32002,31016,
32002,32002,19.0
32002,32002,79.0
32002,32001,23.0
32002,32004,
32002,32003,
32002,32002,
32002,32002,5.0
32002,32002,20.0
32004,32004,64.0
32004,32001,5.0
32004,32002,
32001,31040,13.0
32001,32001,26.0
32001,32002,
32001,32001,
32001,32004,
32001,32002,
32001,32002,
32003,32003,
32003,32002,33.0
32003,32001,9.0
32003,32003,8.0
32003,32002,
32003,32002,
32003,31011,
32003,32003,
32003,32002,
32003,32003,15.0
32003,32003,
32004,32004,12.0
32004,32004,
32004,33007,
32002,32004,
32002,32002,5.0
32002,32004,
32002,32002,
32004,31016,
32004,31097,
32004,32004,798.0
32004,32004,
32004,32001,
32004,32004,
32004,32004,
32004,32002,33.0
32004,33008,9.0
32004,33006,
32004,35132,
32002,31016,
32002,32002,486.0
32002,32001,
32002,32004,18.0
32002,32002,
32002,32002,
32002,32002,166.0
32002,32002,
32002,53001,
32004,32004,111.0
32004,32004,7.0
32004,32001,
32004,32004,
32004,32002,
32004,32002,
32001,32002,80.0
32001,32001,267.0
32001,32004,5.0
32001,32003,
32001,32003,
32001,32002,14.0
32001,32002,21.0
32003,32002,5.0
32003,32001,
32003,32003,19.0
32003,32003,6.0
32002,32004,
32002,32002,14.0
32002,32004,
32002,32002,
32002,32002,
32002,32002,6.0
32004,32004,7.0
32004,32002,
32002,32004,
32002,32002,17.0
32002,32002,10.0
32002,32002,
32002,32002,8.0
32002,32002,9.0
32004,31042,
32004,31042,
32004,32004,19.0
32004,32002,
32003,32002,
32003,32001,
32003,32003,23.0
32003,32002,
32003,32002,
32002,26010,
32002,32002,7.0
32002,32001,7.0
32002,32002,
32001,32002,6.0
32001,32001,
32001,32003,
32001,32002,
32004,32004,44.0
32004,32004,
32004,32002,
32004,33007,
32002,32004,13.0
32002,32002,118.0
32002,32001,
32002,32002,6.0
32002,32004,
32002,32003,
32002,32002,35.0
32002,33008,
32002,35012,
32002,31016,6.0
32002,32004,
32002,32002,19.0
32002,32001,
32002,32002,
32002,32004,
32002,32002,
32002,32002,5.0
32002,32002,
32002,32002,9.0
32002,32002,
32002,32002,
32002,32002,
32002,33005,
32004,31016,
32004,31042,
32004,32004,12.0
32004,32004,20.0
32004,32002,5.0
32004,32004,20.0
32004,32002,
32004,32001,5.0
32004,32002,
32002,31040,
32002,32002,7.0
32002,32001,
32002,32002,
32004,32004,105.0
32004,32001,
32004,32004,
32004,32004,
32004,32002,7.0
32004,33005,
32002,32002,
32002,32002,
32002,32002,
32004,32004,30.0
32004,32002,
32004,32002,
32004,33005,
32003,32001,
32003,32003,
32003,32003,22.0
32003,32003,23.0
32003,32002,
32003,32002,
32003,32002,
32004,32004,29.0
32004,32002,
32002,32004,
32002,32002,17.0
32002,32001,9.0
32002,32003,
32002,32002,5.0
32002,32002,
32002,32001,
32002,32002,
32002,32002,
32002,32002,
32001,11001,
32001,29028,
32001,31022,
32001,32002,33.0
32001,32004,
32001,32001,32.0
32001,32001,65.0
32001,32004,
32001,32002,
32001,32002,27.0
32001,29028,
32001,32002,12.0
32001,32002,
32004,32004,141.0
32004,32002,
32004,32001,
32004,32002,
32004,32002,7.0
32002,32004,
32002,32002,12.0
32002,32001,
32002,32002,5.0
32002,32002,
32002,32002,14.0
32002,33002,
32001,32002,
32001,32001,15.0
32001,32004,
32001,32002,
32001,32002,
32004,32004,57.0
32004,32004,54.0
32004,32004,
32004,32002,
32003,32002,19.0
32003,32001,11.0
32003,32004,
32003,32003,
32003,32003,52.0
32003,32003,5.0
32003,32002,9.0
32003,32003,
32003,32003,5.0
32004,31016,
32004,32004,50.0
32004,32004,
32004,32002,13.0
32004,32004,76.0
32004,32004,
32004,32002,12.0
32003,32002,20.0
32003,32001,9.0
32003,32004,
32003,32003,192.0
32003,32003,5.0
32003,32002,
32001,32002,12.0
32001,32001,10.0
32001,32001,
32001,32002,5.0
32003,32002,13.0
32003,32003,17.0
32003,32003,
32003,32002,
32003,32002,
32003,32002,
32003,32001,6.0
32003,32003,9.0
32003,32003,6.0
32003,32002,
32004,32004,94.0
32004,32002,
32004,32004,
32004,32002,
32003,32002,
32003,32001,
32003,32004,
32003,32003,5.0
32003,32003,
32003,32002,
32004,32004,52.0
32004,32004,
32004,32004,
32004,32002,
32001,32001,5.0
32001,32004,
32004,32004,36.0
32004,32001,
32004,32004,6.0
32004,32002,6.0
32002,32002,7.0
32002,32002,
32002,32002,
32002,32002,12.0
32002,32001,5.0
32002,32002,102.0
32002,32002,
32002,32002,
32002,32002,8.0
32002,32002,
32002,32001,
32002,32002,
32002,32002,7.0
32001,31027,
32001,32002,
32001,32001,5.0
32001,32003,5.0
32001,32002,
32001,31016,
32001,32004,
32001,32002,11.0
32001,32001,16.0
32001,32003,15.0
32001,32001,
32001,32003,
32001,32002,
32004,32004,14.0
32004,32004,
32003,32002,24.0
32003,32001,18.0
32003,32004,6.0
32003,32003,87.0
32003,32003,249.0
32003,32002,7.0
32003,32002,5.0
32003,33005,
32001,31040,
32001,32002,
32001,32001,6.0
32001,32002,
32001,32002,
32002,21016,
32002,29009,
32002,31016,13.0
32002,31027,
32002,31034,
32002,31037,
32002,32004,6.0
32002,32002,549.0
32002,32001,33.0
32002,32001,
32002,32004,
32002,32002,5.0
32002,32002,228.0
32002,32002,
32002,33006,
32002,33001,
32002,33004,
32002,35016,
32001,32002,12.0
32001,32001,8.0
32001,32001,
32001,32004,
32001,32002,
32001,32002,7.0
32004,32004,55.0
32004,32004,
32004,32002,
32004,32002,
32002,32004,10.0
32002,32002,6.0
32002,32004,
32002,32002,21.0
32002,32002,
32002,32002,93.0
32002,32001,
32002,32002,
32002,32002,40.0
32002,32002,
32003,32001,
32003,32003,25.0
32003,32002,
32001,32001,
32001,32003,12.0
32001,35016,
32002,29015,
32002,31016,
32002,31097,
32002,32002,456.0
32002,32001,21.0
32002,32001,
32002,32004,
32002,32003,
32002,32002,
32002,32002,5.0
32002,32002,238.0
32002,32002,7.0
32002,33005,7.0
32002,33008,
32002,35011,
32002,22004,
32002,31040,
32002,31037,
32002,31040,
32002,32001,
32002,32004,
32002,32002,306.0
32002,32004,14.0
32002,32003,
32002,32002,
32002,32002,
32002,32002,122.0
32002,32002,
32002,33005,5.0
32002,33008,
32002,50011,
32002,52001,
33001,31007,
33001,32004,
33001,33001,544.0
33001,33001,
33001,33005,5.0
33001,33003,
33001,33004,
33007,33007,14.0
33007,33009,9.0
33002,33006,8.0
33002,33005,5.0
33003,33003,
33003,33009,16.0
33003,33003,
33002,31016,
33002,33002,273.0
33002,33002,
33002,33006,
33002,33005,9.0
33002,33002,85.0
33002,33002,
33002,33004,
33002,33005,5.0
33004,33004,256.0
33004,33003,
33004,33004,
33004,33005,
33004,33004,
33004,33004,6.0
33004,31016,
33004,33001,
33004,33004,
33004,33004,667.0
33004,33006,
33004,33004,
33004,33004,
33004,33005,8.0
33004,33004,9.0
33004,35174,
33005,31016,
33005,33004,
33005,33005,9.0
33005,33005,68.0
33005,33005,
33005,33005,
33005,33006,
33005,33003,
33005,33009,61.0
33005,33005,240.0
33005,33005,
33005,35041,
33009,33009,7.0
33009,33009,62.0
33007,32004,
33007,33007,14.0
33007,33005,
33002,31016,
33002,31013,
33002,33002,
33002,33002,
33002,33002,548.0
33002,33005,
33002,33005,
33002,33006,
33002,33002,
33002,33005,14.0
33002,33002,
33002,43021,
33009,33009,341.0
33009,33003,
33009,33009,
33009,33006,
33009,33006,
33009,33009,99.0
33009,33005,
33009,33005,
33007,33007,
33008,33008,25.0
33003,33003,
33003,33005,
33003,33003,
33008,32004,
33008,33008,351.0
33008,33005,
33008,33007,37.0
33008,33008,
33008,33001,
33008,33008,
33008,33005,7.0
33008,33008,9.0
33008,35016,
33009,33009,104.0
33009,33009,36.0
33009,33005,
33009,33009,206.0
33002,33002,158.0
33002,33006,
33002,33002,
33002,33005,
33002,33006,
33008,33008,9.0
33008,33008,
33008,33005,
33009,33009,
33009,33009,13.0
33009,33009,49.0
33009,33005,
33009,33007,
33009,33009,92.0
33009,33005,13.0
33005,33002,
33005,33005,1458.0
33005,33005,22.0
33005,33006,
33005,33006,8.0
33005,33003,
33005,33009,74.0
33005,33005,399.0
33005,33005,
33005,35143,
33005,35012,
33005,35171,
33005,35016,
33003,33003,46.0
33003,33003,
33003,33005,
33003,33003,
33009,33005,
33009,33009,159.0
33009,33005,11.0
33009,33006,
33009,33006,
33009,33005,
33002,33005,
33006,33009,
33006,33006,655.0
33006,33005,
33006,33006,
33006,33006,26.0
33006,33006,
33006,33005,8.0
33006,33006,6.0
33005,33002,
33005,33005,310.0
33005,33001,
33005,33006,
33005,33005,46.0
33007,25001,
33007,33007,
33007,33007,128.0
33007,31045,
33007,33007,1480.0
33007,33006,
33004,33004,33.0
33004,33006,
33004,33004,5.0
33004,33005,
33004,33004,
33005,33005,
33005,33005,62.0
33005,33006,
33005,33009,9.0
33005,33003,
33005,33005,
33005,33005,33.0
33005,33008,
33007,33007,22.0
33007,33007,
33008,29020,
33008,33008,122.0
33008,33008,21.0
33008,33006,
33008,33008,
33008,33005,6.0
33008,35016,
33009,33009,14.0
33005,33004,
33005,33005,18.0
33005,33009,
33005,33005,936.0
33005,33009,18.0
33005,33002,
33005,33005,30.0
33001,33001,
33001,33005,
33001,33001,69.0
33001,33005,
33006,33009,
33006,33005,
33006,33006,457.0
33006,33006,19.0
33006,33005,40.0
33006,33006,
33006,33002,
33006,42007,
33003,33004,
33003,33003,50.0
33003,33005,
33003,33003,
33005,33004,
33005,33005,
33005,33005,
33005,33006,
33005,33005,44.0
33005,33005,
33003,31097,
33003,33003,191.0
33003,33009,8.0
33003,33005,
33003,33003,
33007,33007,
33007,31045,
33007,33009,
33007,33007,117.0
33005,33001,
33005,33002,
33005,33005,
33005,33006,
33005,33005,
33005,33009,
33005,33005,88.0
33006,33002,
33006,33004,
33006,33009,
33006,33005,
33006,33006,
33006,33006,
33006,33006,5353.0
33006,33009,17.0
33006,33005,54.0
33006,33006,11.0
33006,33003,
33006,50011,
33009,33002,
33009,33006,
33009,33009,1184.0
33009,33005,13.0
33009,35011,
33005,22004,
33005,29020,
33005,33001,
33005,33004,9.0
33005,33005,13.0
33005,33005,
33005,33005,
33005,33001,
33005,33006,
33005,33003,
33005,33006,9.0
33005,33005,23.0
33005,33009,8.0
33005,33005,216.0
33005,33005,
33003,33004,
33003,33003,172.0
33003,33005,
33003,33004,
33003,33005,
33003,33003,
33003,33003,48.0
33003,33003,
33001,33005,
33001,33001,265.0
33003,33003,152.0
33003,33005,
33003,33003,
33009,33005,6.0
33009,33005,
33009,33006,
33009,33006,
33009,33009,3888.0
33009,33004,
33009,33005,10.0
33004,33004,48.0
33004,33004,
33004,35141,
33004,33004,
33004,33004,102.0
33004,33004,
33004,35015,
33007,31042,
33007,33008,6.0
33007,33007,
33004,33001,
33004,33004,
33004,33004,72.0
33004,33004,
33004,33004,
33004,33004,91.0
33004,33004,5.0
33005,33002,
33005,33004,
33005,33005,9.0
33005,33005,
33005,33005,
33005,33006,
33005,33005,
33005,33004,
33005,33005,81.0
33005,33004,
33005,35011,
33005,42010,
33008,31016,
33008,33006,5.0
33008,33008,76.0
33008,33005,
33004,31007,
33004,33004,
33004,33004,
33004,33004,589.0
33004,33005,
33004,33004,
33006,33002,
33006,33006,
33006,33006,164.0
33006,33005,
33006,33006,
33004,33001,
33004,33004,
33004,33004,83.0
33004,33004,66.0
33004,33004,
33002,33002,
33002,33008,
33002,33006,
33002,33009,
33002,33004,
33002,33002,303.0
33002,33005,10.0
33002,33003,
33005,13001,
33005,15006,7.0
33005,24007,15.0
33005,28001,6.0
33005,29028,
33005,31013,7.0
33005,31016,6.0
33005,31097,
33005,31044,
33005,31084,
33005,31045,
33005,31088,
33005,31007,
33005,31040,
33005,31099,
33005,31019,
33005,31072,
33005,32002,
33005,33001,
33005,33002,
33005,33004,53.0
33005,33009,
33005,33002,
33005,33005,66.0
33005,33003,
33005,33009,
33005,33006,
33005,33005,7.0
33005,33007,36.0
33005,33005,
33005,33005,19.0
33005,33001,6.0
33005,33006,
33005,33003,
33005,33006,139.0
33005,33009,6.0
33005,33003,
33005,33009,78.0
33005,33004,
33005,33004,
33005,33008,
33005,33006,
33005,33005,16673.0
33005,33006,
33005,33005,
33005,33002,
33005,33004,
33005,33003,
33005,33004,
33005,35072,
33005,35013,
33005,35171,
33005,35073,
33005,35015,
33005,35171,
33005,35016,17.0
33005,42007,6.0
33005,43010,
33005,52002,
33005,52017,
33009,33009,68.0
33009,33009,
33007,33005,
33007,33007,318.0
33008,33008,95.0
33008,33008,116.0
33008,33008,103.0
33008,33008,144.0
33006,25016,
33006,33009,
33006,33005,
33006,33006,8.0
33006,33005,5.0
33006,33006,
33006,33006,277.0
33006,33009,62.0
33006,33004,
33006,33006,
33006,33005,88.0
33006,33006,3018.0
33006,52015,
33008,33008,72.0
33008,33005,
33008,33008,269.0
33005,31048,
33005,33001,
33005,33004,15.0
33005,33004,
33005,33009,
33005,33005,22.0
33005,33005,
33005,33005,
33005,33006,
33005,33006,6.0
33005,33005,
33005,33005,156.0
33005,33005,63.0
33007,33005,
33009,33009,
33009,33009,19.0
33009,33009,12.0
33009,33005,
33009,33009,20.0
33002,26010,6.0
33002,31097,
33002,33002,
33002,33002,
33002,33009,
33002,33005,
33002,33006,
33002,33005,8.0
33002,33006,
33002,33002,52.0
33002,42011,
33009,33009,22.0
33009,33002,
33003,31041,
33003,33003,
33003,33009,
33003,33009,
33003,33003,5.0
33002,33002,
33002,33006,
33002,33005,6.0
33002,33002,94.0
33005,33005,
33005,33009,
33005,33005,
33005,33003,
33005,33004,
33005,33005,57.0
33005,33005,
33006,33002,
33006,33006,
33006,33005,
33006,33006,95.0
33009,33009,
33009,33009,19.0
33009,33005,
33009,33009,
33006,33006,13.0
33006,33006,
33006,33005,
33006,33006,21.0
33009,31097,
33009,33005,
33009,33009,9.0
33009,33005,
33009,33009,511.0
33009,33009,115.0
33009,33005,10.0
33009,33009,
33009,33009,
33009,33009,25.0
33009,35016,7.0
33009,33009,41.0
33009,33009,
33003,33005,
33003,33003,14.0
33003,33005,
33003,33003,10.0
33004,22004,12.0
33004,33004,7.0
33004,33004,262.0
33004,33003,
33004,35011,
33007,33007,
33007,33007,9.0
33003,33003,
33003,33003,
33003,33006,
33003,33005,
33003,33003,126.0
33004,31016,
33004,31007,
33004,33001,
33004,33004,
33004,33004,6.0
33004,33005,
33004,33001,
33004,33006,
33004,33004,
33004,33006,
33004,33003,
33004,33004,794.0
33004,35141,
33004,42007,
35091,35091,1093.0
35091,35092,
35091,35151,
35091,35093,7.0
35091,35093,7.0
35091,35112,
35091,35163,
35156,35155,24.0
35142,35072,5.0
35142,35142,131.0
35142,35141,175.0
35142,35132,
35142,35016,
35142,35143,
35142,35142,52.0
35142,35011,
35142,35141,26.0
35142,35142,
35074,35074,29.0
35074,35072,
35074,35074,72.0
35074,35072,
35074,35072,48.0
35074,35141,19.0
35061,35063,6.0
35061,35064,9.0
35061,35065,
35103,35103,
35103,35104,12.0
35062,35091,
35062,35062,
35062,35063,26.0
35062,35064,129.0
35062,35173,
35161,35161,
35161,35163,
35112,35112,53.0
35051,35051,
35133,35133,163.0
35133,35051,
35133,35133,
35133,35132,55.0
35133,35132,9.0
35133,35132,15.0
35023,35023,
35023,35023,7.0
35163,35016,
35163,35163,
35163,35163,9.0
35157,35151,13.0
35157,35157,
35112,35112,72.0
35112,35112,314.0
35112,41015,
35093,35093,16.0
35093,35093,36.0
35093,35016,
35093,35091,5.0
35093,35093,
35093,35093,28.0
35072,31072,
35072,35072,1050.0
35072,35074,37.0
35072,35072,11.0
35072,35011,
35072,35072,89.0
35072,35141,12.0
35072,35072,
35072,35032,
35072,35016,
35072,52017,
35031,35031,22.0
35031,35031,44.0
35031,35033,
35031,35033,9.0
35031,35032,12.0
35157,35151,8.0
35157,35155,
35157,35155,
35074,33004,
35074,35074,345.0
35074,35072,
35074,35072,7.0
35074,35141,26.0
35074,35073,
35104,35104,
35022,35022,11.0
35022,35012,
35022,35023,126.0
35022,35112,
35022,35016,
35161,35161,29.0
35161,35063,
35161,35161,
35161,35121,
35161,35163,19.0
35063,35063,10.0
35063,35064,
35112,35112,
35112,35112,63.0
35112,35112,
35172,33001,
35172,33005,6.0
35172,35172,5.0
35172,35141,28.0
35172,35016,5.0
35172,35174,
35153,35151,
35153,35155,
35162,35162,39.0
35162,35163,33.0
35163,35014,6.0
35163,35163,
35163,35163,9.0
35021,33006,
35021,35021,249.0
35021,35065,32.0
35021,35015,
35021,35023,298.0
35021,35016,
35163,35163,15.0
35083,35081,19.0
35083,35083,
35083,35083,16.0
35083,41015,
35061,35063,9.0
35061,35064,10.0
35172,33004,9.0
35031,35031,18.0
35031,35031,541.0
35031,35051,
35031,35033,
35031,35033,54.0
35031,35112,
35031,35132,
35031,35032,46.0
35101,31016,
35101,35101,277.0
35101,35072,
35101,35142,30.0
35101,35104,131.0
35101,35032,
35101,35016,
35095,35091,7.0
35095,35093,34.0
35095,35095,
35062,35062,16.0
35062,35063,17.0
35062,35064,6.0
35062,35065,
35172,35172,
35172,35141,28.0
35063,35063,22.0
35063,35064,9.0
35063,35063,16.0
35151,35151,33.0
35151,35155,
35151,35155,
35072,31084,
35072,35072,5.0
35072,35074,90.0
35072,35072,14.0
35072,35072,31.0
35072,35141,35.0
35072,35072,
35072,35072,
35011,35011,27.0
35011,35011,
35011,35011,42.0
35011,35014,
35011,35011,11.0
35011,35011,163.0
35011,35016,44.0
35153,35151,8.0
35153,35153,
35153,35155,
35092,12002,
35092,35091,130.0
35092,35072,
35092,35092,163.0
35092,35093,103.0
35092,35064,
35092,35093,79.0
35092,35016,
35092,41017,
35092,42007,
35092,50011,
35071,31007,
35071,35072,8.0
35071,35074,90.0
35071,35071,24.0
35071,35071,
35071,35072,
35071,35012,
35071,35011,
35071,35072,12.0
35071,35141,6.0
35071,35073,
35071,35016,54.0
35021,35151,
35021,35023,10.0
35062,35062,
35062,35063,
35062,35062,
35062,35064,6.0
35062,35065,
35062,35093,
35023,35065,12.0
35023,35023,51.0
35061,31007,
35061,35063,96.0
35061,35064,81.0
35061,35065,18.0
35061,35062,
35061,35016,5.0
35155,35155,54.0
35062,35063,
35062,35173,
35062,35064,
35062,35065,
35062,35062,
35062,35016,16.0
35155,35155,41.0
35172,33004,
35172,35141,19.0
35172,35174,
35061,35063,5.0
35061,35061,20.0
35061,35064,
35023,35023,7.0
35064,35064,
35064,35063,23.0
35064,35064,40.0
35064,35065,
35064,35064,
35064,35063,25.0
35064,35064,170.0
35064,35065,
35162,35162,5.0
35162,35163,6.0
35121,35121,
35121,35121,7.0
35121,35163,
35051,35051,627.0
35051,35171,
35131,35091,
35131,35132,100.0
35131,35132,13.0
35014,22004,
35014,35014,1261.0
35014,35014,87.0
35014,35013,35.0
35014,35012,
35014,35014,44.0
35014,35141,6.0
35014,35073,
35014,35011,
35014,35014,7.0
35014,35015,
35014,35016,98.0
35014,35013,17.0
35095,35091,31.0
35095,35093,46.0
35095,35093,
35095,35095,36.0
35133,31072,
35133,31075,
35133,35133,128.0
35133,35132,54.0
35133,35132,17.0
35133,53001,
35062,33006,
35062,33004,
35062,33005,
35062,35062,22.0
35062,35063,291.0
35062,35015,
35062,35062,
35062,35011,
35062,35062,
35062,35064,1002.0
35062,35073,
35062,35065,106.0
35062,35093,
35062,35132,13.0
35062,35016,11.0
35052,35051,108.0
35052,35052,17.0
35052,35081,
35052,35011,
35052,35132,15.0
35021,35023,
35021,35021,
35094,35091,16.0
35094,35092,
35094,35094,
35094,35093,12.0
35094,35093,
35041,35041,166.0
35041,35141,
35041,35011,
35041,35041,42.0
35021,35021,7.0
35021,35065,
35021,35023,5.0
35021,35155,
35023,35021,83.0
35023,35023,322.0
35011,35011,
35011,35011,
35011,35011,60.0
35011,35016,14.0
35031,35031,
35031,35031,
35031,35151,
35031,35033,
35064,35063,
35064,35064,180.0
35063,35063,36.0
35063,35064,6.0
35163,35163,53.0
35163,35013,
35163,35163,
35163,35016,7.0
35163,35163,53.0
35071,35072,
35071,35074,23.0
35071,35071,
35071,35071,
35071,35072,
35071,35141,10.0
35071,35016,
35162,35163,
35064,35063,7.0
35064,35064,5.0
35033,33005,
35033,35031,
35033,35031,
35033,35033,21.0
35033,35063,
35033,35011,
35033,35033,7.0
35033,35033,
35062,35063,15.0
35062,35064,12.0
35063,35063,702.0
35063,35064,100.0
35063,35163,
35063,35016,
35071,31007,
35071,35072,23.0
35071,35074,361.0
35071,35071,402.0
35071,35072,8.0
35071,35012,7.0
35071,35072,54.0
35071,35141,31.0
35071,35016,10.0
35023,35023,17.0
35133,35133,
35133,35143,
35133,35132,59.0
35133,35132,19.0
35064,35063,14.0
35064,35064,34.0
35064,35065,5.0
35064,35016,5.0
35162,35163,34.0
35023,35072,
35023,35023,12.0
35023,52002,
35083,35083,
35083,35083,10.0
35062,35091,
35062,35063,14.0
35062,35062,16.0
35062,35064,5.0
35062,35093,
35073,31098,
35073,35072,8.0
35073,35074,41.0
35073,35073,
35073,35072,5.0
35073,35072,35.0
35073,35141,10.0
35073,35072,
35073,35073,19.0
35073,35016,
35073,35163,
35073,35073,
35171,35171,25.0
35171,35141,151.0
35171,35171,5.0
35171,35016,
35171,35174,11.0
35171,35173,
35172,35172,
35172,35172,6.0
35172,35012,10.0
35172,35141,61.0
35172,35174,6.0
35143,35143,591.0
35143,35142,77.0
35143,35141,44.0
35065,35063,
35065,35064,30.0
35065,35065,48.0
35065,35093,
35112,35112,23.0
35112,35112,21.0
35012,29028,
35012,31007,
35012,35014,
35012,35012,
35012,35012,
35012,35012,306.0
35012,35011,
35012,35016,32.0
35114,35015,
35114,35114,
35114,35112,10.0
35114,35114,28.0
35012,35143,
35012,35012,346.0
35012,35014,
35012,35015,
35012,35012,193.0
35012,35011,
35012,35014,
35012,35073,
35012,35016,26.0
35012,35013,
35121,35121,
35121,35121,23.0
35121,35163,20.0
35051,35051,13.0
35051,35151,
35133,35133,332.0
35133,35132,120.0
35133,35132,27.0
35161,35161,
35161,35163,
35072,24007,5.0
35072,29015,
35072,31016,
35072,31007,
35072,33005,
35072,35072,
35072,35074,50.0
35072,35072,2433.0
35072,35072,
35072,35015,
35072,35142,
35072,35012,
35072,35011,
35072,35072,
35072,35072,28.0
35072,35141,16.0
35072,35011,
35072,35072,
35072,35073,
35072,35065,36.0
35072,35093,
35072,35033,
35072,35072,12.0
35072,35023,
35072,35132,
35072,35032,
35072,35016,55.0
35072,35072,
35072,41002,
35072,52001,
35073,35072,
35073,35074,9.0
35073,35012,
35073,35012,
35073,35011,
35073,35072,40.0
35073,35073,22.0
35073,35016,
35073,35073,7.0
35174,35174,
35174,35141,42.0
35174,35016,
35174,35174,11.0
35174,35173,
35093,35091,6.0
35093,35093,8.0
35093,35065,
35093,35093,17.0
35121,35121,
35121,35121,14.0
35121,35016,
35121,35163,14.0
35172,35141,
35172,35172,
35092,35091,21.0
35092,35092,15.0
35092,35092,32.0
35092,35093,57.0
35092,35093,5.0
35092,35033,
35092,35112,
35033,35031,
35033,35033,6.0
35094,35091,11.0
35094,35093,
35161,35063,
35161,35161,10.0
35161,35161,5.0
35161,35016,
35161,35163,18.0
35163,35161,
35163,35014,
35163,35016,
35163,35163,48.0
35163,35161,
35103,31016,
35103,35103,18.0
35103,35104,79.0
35103,35163,
35173,35173,435.0
35173,35011,
35173,35141,90.0
35173,35171,
35173,35163,
35173,35015,
35173,35041,
35173,35171,36.0
35173,35016,
35173,35174,9.0
35173,35173,
35014,35014,81.0
35014,35014,159.0
35014,35013,11.0
35014,35012,6.0
35014,35011,
35014,35022,
35014,35014,28.0
35014,35014,12.0
35014,35016,101.0
35014,35013,25.0
35157,35151,65.0
35157,35155,
35157,35155,14.0
35143,35143,2477.0
35143,35142,59.0
35143,35141,78.0
35143,35132,
35143,35016,
35133,35133,
35133,35132,8.0
35133,35132,
35022,35023,43.0
35022,50013,
35151,35151,895.0
35151,35151,11.0
35151,35112,
35151,35155,
35151,35155,10.0
35151,35151,75.0
35151,35155,
35155,35151,
35155,35155,33.0
35061,35063,24.0
35061,35011,
35061,35064,61.0
35061,35016,
35161,31016,
35161,35161,
35161,35161,
35161,35064,
35161,35163,21.0
35161,35063,
35161,35161,
35161,35163,11.0
35103,35104,73.0
35023,35023,
35023,35023,7.0
35051,35051,39.0
35051,35051,
35051,35051,6.0
35101,31027,
35101,35101,24.0
35101,35072,
35101,35101,31.0
35101,35141,
35101,35104,60.0
35063,35063,38.0
35063,35063,23.0
35063,35064,22.0
35063,35065,
35063,35016,
35102,35103,
35102,35104,65.0
35102,35032,
35023,35021,36.0
35023,35023,41.0
35061,35063,10.0
35061,35064,5.0
35061,35061,16.0
35072,35072,14.0
35072,35074,255.0
35072,35072,14.0
35072,35072,21.0
35072,35011,
35072,35072,6.0
35072,35141,6.0
35072,35072,
35157,35151,16.0
35157,35155,
35157,35157,
35013,35014,10.0
35013,35014,32.0
35013,35013,133.0
35013,35013,9.0
35013,35011,
35013,35014,19.0
35013,35141,5.0
35013,35011,
35013,35014,
35013,35016,160.0
35013,35041,
35013,35013,41.0
35013,35073,
35132,35132,
35132,35132,146.0
35132,35032,
35132,35132,39.0
35081,35081,38.0
35081,35081,
35172,31007,
35172,35072,
35172,35173,
35172,35172,191.0
35172,35141,160.0
35172,35015,
35172,35174,
35041,31007,
35041,35041,295.0
35041,35041,143.0
35041,35016,7.0
35041,35041,
35172,35172,8.0
35172,35141,13.0
35172,35171,
35172,35174,
35032,35031,
35032,35031,30.0
35032,35032,62.0
35032,35033,
35032,35033,5.0
35032,35032,10.0
35015,31016,
35015,35015,1201.0
35015,35011,
35015,35011,
35015,35171,
35015,35015,
35015,35011,
35015,35015,48.0
35015,35015,38.0
35015,35016,85.0
35015,35013,
35015,52001,
35153,35151,21.0
35143,31020,
35143,35143,106.0
35143,35142,7.0
35143,35141,23.0
35143,35141,
35143,35143,
35033,35031,
35033,35033,
35033,35033,30.0
35064,35063,18.0
35064,35064,8.0
35064,35064,93.0
35064,35065,
35064,35093,
35153,35151,17.0
35032,35031,
35032,35033,
35032,35132,
35032,35032,6.0
35111,33005,
35111,35111,7.0
35111,35111,39.0
35111,35112,258.0
35111,35016,
35062,35062,
35062,35063,10.0
35062,35062,53.0
35062,35064,42.0
35062,35062,
35131,35132,60.0
35131,35132,7.0
35093,35091,10.0
35093,35093,17.0
35093,35093,28.0
35093,35095,
35121,35121,
35121,35121,17.0
35121,35163,
35103,35103,
35103,35072,8.0
35103,35104,12.0
35103,35016,
35151,35151,19.0
35151,35151,
35151,35151,
35013,15003,
35013,35014,29.0
35013,35013,15.0
35013,35015,
35013,35013,253.0
35013,35081,
35013,35011,
35013,35013,
35013,35014,22.0
35013,35141,6.0
35013,35011,
35013,35014,
35013,35015,
35013,35041,
35013,35016,202.0
35013,35013,206.0
35013,35073,
35013,35014,
35013,35013,
35013,35013,167.0
35013,35013,
35013,35014,
35013,35016,39.0
35013,35013,14.0
35112,35112,9.0
35102,35104,43.0
35142,35142,2367.0
35142,35141,34.0
35094,35091,9.0
35094,35092,
35094,35093,
35094,35065,13.0
35094,35093,
35154,35151,45.0
35154,35155,
35154,35155,
35112,35112,44.0
35115,35112,74.0
35115,35115,55.0
35061,13002,
35061,35063,26.0
35061,35061,12.0
35061,35064,10.0
35061,35065,7.0
35154,35151,104.0
35154,35015,
35154,35154,7.0
35154,35155,
35154,35132,
35154,35155,8.0
35151,35151,11.0
35151,35032,
35151,35155,
35093,35093,
35093,35093,21.0
35011,35011,323.0
35011,35011,12.0
35011,35141,
35011,35011,52.0
35011,35011,10.0
35011,35016,84.0
35011,41005,
35111,35111,
35111,35112,8.0
35157,35151,9.0
35091,35091,99.0
35091,35092,
35091,35091,25.0
35091,35093,7.0
35091,35093,
35091,35112,
35091,35016,
35092,35091,7.0
35092,35092,8.0
35092,35093,11.0
35092,35093,7.0
35092,35016,
35081,35031,
35081,35081,2736.0
35081,35073,
35081,35112,
35081,35132,5.0
35081,35016,6.0
35012,31016,
35012,35012,
35012,35012,
35012,35012,105.0
35012,35012,591.0
35012,35011,10.0
35012,35171,
35012,35073,15.0
35012,35014,
35012,35015,
35012,35016,64.0
35012,35013,
35012,35073,
35012,31016,
35012,35051,
35012,35012,
35012,35015,
35012,35012,
35012,35012,898.0
35012,35011,
35012,35171,
35012,35073,
35012,35015,
35012,35016,83.0
35012,35073,
35023,35112,
35093,35091,7.0
35093,35093,
35093,35093,16.0
35093,35093,23.0
35093,35016,
35093,35091,18.0
35093,35092,
35093,35093,1218.0
35093,35093,48.0
35157,35032,
35157,35155,
35157,35155,
35031,35031,
35031,35033,
35157,35151,
35157,35157,
35157,35023,5.0
35157,35155,
35157,35155,
35157,35157,
35065,35063,11.0
35065,35065,12.0
35065,35064,13.0
35065,35065,91.0
35065,35016,
35023,35023,10.0
35065,35063,
35065,35064,6.0
35065,35065,17.0
35065,35093,
35065,35065,
35093,35091,
35093,35093,
35093,35064,
35093,35093,38.0
35051,35051,127.0
35051,35081,
35051,35051,6.0
35155,35155,87.0
35162,35162,5.0
35162,35163,22.0
35083,35081,61.0
35083,35083,27.0
35083,35083,14.0
35083,35083,
35083,35132,
35022,35022,
35022,35023,11.0
35051,35051,27.0
35051,35051,
35154,35151,14.0
35154,35155,
35093,35091,
35093,35093,9.0
35093,35093,34.0
35021,35021,8.0
35021,35023,62.0
35011,35011,
35011,35011,7.0
35011,35011,21.0
35011,35011,
35011,35171,
35011,35011,63.0
35011,35016,5.0
35172,35172,
35172,35172,7.0
35172,35141,165.0
35172,35174,11.0
35161,35016,
35161,35163,6.0
35131,35131,31.0
35131,35131,
35131,35132,69.0
35131,35132,
35131,35132,15.0
35041,35014,
35041,35041,
35041,35011,
35041,35141,54.0
35041,35011,
35041,35041,217.0
35041,35016,12.0
35041,35041,
35011,12002,
35011,26010,
35011,31016,
35011,31027,
35011,35011,
35011,35041,
35011,35071,
35011,35172,
35011,35015,
35011,35013,
35011,35011,
35011,35012,11.0
35011,35011,2113.0
35011,35072,
35011,35141,19.0
35011,35011,27.0
35011,35171,
35011,35073,
35011,35012,
35011,35011,9.0
35011,35015,
35011,35041,5.0
35011,35015,
35011,35016,399.0
35011,35163,
35011,35173,
35011,42002,
35011,42017,
35011,53001,
35132,35132,36.0
35132,35132,
35021,35023,19.0
35095,35091,45.0
35095,35093,23.0
35095,35093,12.0
35072,35072,
35072,35074,19.0
35072,35072,11.0
35072,35072,15.0
35072,35141,18.0
35072,35064,
35072,35074,15.0
35072,35133,
35072,35072,99.0
35072,35015,
35072,35011,
35072,35072,13.0
35072,35072,52.0
35072,35141,7.0
35072,35072,
35072,35016,41.0
35072,35072,
35072,35013,
35062,35062,
35062,35063,8.0
35062,35062,32.0
35062,35064,21.0
35062,35065,
35095,35091,19.0
35095,35093,12.0
35095,35093,
35095,52011,41.0
35061,35063,
35061,35064,6.0
35061,35065,
35061,35015,
35061,35016,
35032,35031,
35032,35031,25.0
35032,35032,
35032,35033,
35032,35033,5.0
35032,35032,22.0
35155,35151,
35155,35155,
35155,35155,69.0
35094,35091,
35094,35092,
35094,35094,
35033,31098,
35033,35031,
35033,35031,8.0
35033,35033,246.0
35033,35033,
35163,35013,
35163,35163,
35163,35016,
35163,35163,16.0
35155,35155,31.0
35113,35113,17.0
35113,35112,44.0
35113,35113,
35064,35064,
35064,35062,
35064,35063,35.0
35064,35064,34.0
35083,35081,14.0
35083,35083,75.0
35083,35083,
35171,35072,
35171,35011,
35171,35141,6.0
35171,35171,16.0
35121,35011,
35121,35121,
35121,35121,18.0
35121,35163,12.0
35173,35173,211.0
35121,35121,
35121,35121,31.0
35121,35016,
35121,35163,9.0
35022,31016,
35022,35022,94.0
35022,35023,67.0
35022,50014,
35072,31016,
35072,35072,
35072,35074,9.0
35072,35072,18.0
35072,35015,
35072,35072,1743.0
35072,35163,
35072,35016,9.0
35072,35163,
35072,42011,
35112,35112,31.0
35112,35112,49.0
35112,35114,
35154,35151,8.0
35154,35154,
35091,35091,40.0
35091,35092,
35091,35093,6.0
35094,35091,27.0
35094,35092,
35094,35093,20.0
35094,35064,
35094,35093,9.0
35094,35094,
35163,35163,
35163,35016,11.0
35163,35163,16.0
35163,35161,
35104,35104,8.0
35155,35152,17.0
35155,35155,5.0
35121,35121,
35082,35081,18.0
35082,35083,10.0
35082,35082,97.0
35082,35132,12.0
35102,35102,
35102,35104,18.0
35151,35151,60.0
35151,35155,
35111,35111,8.0
35111,35112,38.0
35162,35163,9.0
35061,35063,48.0
35061,35061,
35061,35064,27.0
35061,35065,
35151,35151,42.0
35151,35151,18.0
35151,35155,
35151,35155,
35064,35063,
35041,35041,6.0
35041,35141,5.0
35041,35041,
35041,35041,163.0
35041,35015,
35041,35016,10.0
35041,35041,
35162,35162,
35162,35064,
35162,35163,
35013,35014,31.0
35013,35013,21.0
35013,35013,
35013,35013,14.0
35013,35014,17.0
35013,35014,
35013,35015,
35013,35015,
35013,35016,280.0
35013,35013,112.0
35161,35063,
35161,35161,84.0
35161,35161,44.0
35161,35016,15.0
35161,35163,36.0
35161,35161,
35162,31001,
35162,35162,
35162,35161,
35162,35163,79.0
35162,41015,
35014,35014,43.0
35014,35014,47.0
35014,35013,72.0
35014,35011,6.0
35014,35014,109.0
35014,35064,
35014,35073,
35014,35065,10.0
35014,35014,8.0
35014,35015,
35014,35016,131.0
35014,35013,9.0
35141,35072,
35141,35142,162.0
35141,35141,1334.0
35141,35016,
35162,35162,
35033,35031,22.0
35033,35151,
35033,35033,41.0
35033,35033,12.0
35033,35033,
35033,35032,
35061,15006,
35061,35063,28.0
35061,35061,103.0
35061,35064,26.0
35061,35065,
35064,35031,
35064,35063,17.0
35064,35064,22.0
35064,35064,13.0
35064,35065,
35022,35022,12.0
35022,35023,12.0
35011,24007,
35011,29028,
35011,31072,
35011,35051,
35011,35041,
35011,35014,
35011,35011,25.0
35011,35012,
35011,35011,73.0
35011,35141,19.0
35011,35011,1500.0
35011,35073,
35011,35011,13.0
35011,35015,
35011,35015,
35011,35016,96.0
35162,35013,
35162,35162,10.0
35162,35064,
35162,35163,54.0
35121,35041,
35121,35121,
35121,35041,
35121,35121,9.0
35121,35163,
35072,11005,
35072,35072,10.0
35072,35074,44.0
35072,35072,6.0
35072,35012,
35072,35072,16.0
35072,35141,6.0
35072,35072,32.0
35072,35083,
35072,35073,
35072,35011,
35072,35016,5.0
35072,35072,
35072,42007,
35063,35063,25.0
35063,35063,25.0
35063,35064,21.0
35063,35065,
35104,35063,
35104,35104,
35104,35104,9.0
35104,35032,
35104,35016,11.0
35081,35081,7.0
35081,35081,
35143,35142,16.0
35143,35141,16.0
35163,29020,
35163,35101,18.0
35163,35011,
35163,35072,
35163,35163,2553.0
35163,35064,
35163,35163,
35163,35015,
35163,35015,
35163,35161,16.0
35163,35016,8.0
35163,35163,97.0
35073,31007,
35073,33005,
35073,35072,5.0
35073,35074,7.0
35073,35072,
35073,35011,
35073,35072,30.0
35073,35141,9.0
35073,35073,145.0
35073,35073,6.0
35083,35051,
35083,35081,91.0
35083,35083,35.0
35083,35083,214.0
35083,35065,12.0
35083,35033,
35051,31072,
35051,35031,
35051,35051,19.0
35131,35131,
35131,35131,
35131,35132,202.0
35131,35132,29.0
35171,15006,
35171,33005,
35171,35015,
35171,35141,5.0
35171,35171,1728.0
35171,35011,
35171,35015,
35171,35015,
35171,35171,35.0
35171,35016,19.0
35156,35156,144.0
35156,35155,13.0
35121,35121,
35121,35121,20.0
35121,35016,
35121,35163,15.0
35121,41005,
35072,35074,73.0
35072,35072,12.0
35072,35072,53.0
35072,35141,51.0
35072,35072,83.0
35153,35151,165.0
35153,35153,
35153,35112,
35153,35155,
35153,35155,16.0
35171,35171,
35171,35171,17.0
35014,31016,
35014,35014,58.0
35014,35014,16.0
35014,35013,
35014,35014,12.0
35014,35014,
35014,35016,28.0
35014,35013,14.0
35014,42007,
35132,35132,130.0
35132,35132,6.0
35132,35132,29.0
35073,35074,20.0
35073,35072,
35073,35011,
35073,35072,
35073,35073,52.0
35073,35073,8.0
35073,35016,
35073,35163,
35064,35062,
35064,35063,84.0
35064,35064,1851.0
35064,35065,31.0
35064,35093,5.0
35064,35132,
35064,35016,8.0
35081,35081,
35081,35083,
35081,35081,
35071,35074,6.0
35071,35071,
35071,35072,
35071,35072,9.0
35071,35141,9.0
35071,35071,
35113,35065,36.0
35113,35112,31.0
35113,35113,16.0
35156,35151,
35156,35093,
35156,35064,
35156,35155,81.0
35093,31037,
35093,35091,
35093,35051,
35093,35093,22.0
35093,35093,17.0
35163,35072,
35163,35163,
35073,31007,
35073,35072,8.0
35073,35074,75.0
35073,35014,
35073,35012,
35073,35072,
35073,35012,
35073,35011,8.0
35073,35072,51.0
35073,35141,16.0
35073,35073,
35073,35073,
35073,35073,2066.0
35073,35072,
35073,35016,23.0
35073,35073,15.0
35111,35111,79.0
35111,35112,68.0
35111,35016,
35111,35095,37.0
35121,35121,20.0
35121,35016,
35121,35163,26.0
35013,35014,
35013,35013,5.0
35013,35013,
35013,35014,
35013,35014,
35013,35016,14.0
35013,35013,17.0
35174,35141,
35174,35174,
35063,35063,45.0
35063,35064,22.0
35063,35063,31.0
35063,35016,13.0
35022,35022,
35022,35023,
35022,35016,12.0
35172,35172,18.0
35172,35141,8.0
35172,35172,
35172,35174,
35101,35101,
35101,35011,
35101,35141,10.0
35101,35171,
35101,35101,67.0
35101,35104,291.0
35101,35016,
35062,35062,
35062,35063,79.0
35062,35064,119.0
35062,35065,
35102,35072,
35102,35074,
35102,35101,89.0
35102,35012,
35102,35072,
35102,35102,731.0
35102,35072,
35102,35132,10.0
35102,35104,56.0
35074,35074,11.0
35074,35072,
35074,35074,19.0
35074,35072,
35074,35072,7.0
35065,35062,
35065,35063,41.0
35065,35064,100.0
35065,35065,405.0
35065,35093,8.0
35065,35132,
35065,35163,
35172,33004,
35172,33005,5.0
35172,33004,
35172,35141,80.0
35172,35172,23.0
35172,35174,10.0
35172,35173,
35023,35023,
35073,35074,50.0
35073,35072,
35073,35072,20.0
35073,35141,17.0
35073,35073,7.0
35073,35073,
35073,35016,
35091,35091,231.0
35091,35093,56.0
35091,35091,10.0
35091,35093,
35062,35063,
35062,35062,10.0
35062,35064,
35132,35132,32.0
35132,35132,10.0
35023,35023,
35023,52011,
35093,35091,
35093,35093,12.0
35093,35093,28.0
35092,35092,
35092,35093,
35092,35093,10.0
35062,35062,
35062,35063,16.0
35062,35064,59.0
35062,35065,
35062,35062,19.0
35157,35151,6.0
35157,35155,
35157,35157,
35154,35151,
35154,35154,
35154,35155,
35157,35151,19.0
35157,35155,
35157,35155,
35163,35016,
35163,35163,6.0
35163,35163,33.0
35012,35015,
35012,35012,315.0
35012,35011,
35012,35073,
35012,35012,246.0
35012,35016,44.0
35012,35173,
35061,35063,7.0
35061,35064,39.0
35061,35065,
35114,35112,8.0
35114,35114,38.0
35114,35016,
35092,35091,35.0
35092,35092,16.0
35092,35093,32.0
35092,35092,
35092,35093,
35092,35132,
35151,35151,15.0
35151,35151,10.0
35091,35091,73.0
35093,33005,
35093,35091,111.0
35093,35092,
35093,35093,397.0
35093,35065,6.0
35093,35093,2770.0
35093,35132,
35093,35015,
35093,35016,13.0
35093,35095,18.0
35093,41009,
35093,52017,
35153,35151,
35153,35155,
35112,35112,96.0
35112,35112,98.0
35033,17007,
35033,35031,
35033,35031,29.0
35033,35033,
35033,35033,230.0
35033,35032,11.0
35015,29006,
35015,31007,
35015,35015,11.0
35015,35012,
35015,35011,
35015,35015,849.0
35015,35132,5.0
35015,35015,21.0
35015,35015,5.0
35015,35015,
35015,35016,52.0
35015,35073,
35015,43008,
35015,43023,
35156,35155,23.0
35154,35151,
35154,35155,
35154,35157,
35153,35151,6.0
35153,35155,
35083,35081,29.0
35083,35083,22.0
35083,35083,
35083,35083,14.0
35083,35132,
35064,35063,30.0
35064,35011,
35064,35064,196.0
35064,35065,
35121,35011,
35121,35141,10.0
35121,35121,
35121,35121,11.0
35121,35016,6.0
35121,35163,6.0
35154,35151,5.0
35022,35022,28.0
35022,35023,21.0
35022,35016,8.0
35115,35065,36.0
35115,35112,107.0
35115,35115,
35115,41015,
35155,35155,
35155,35155,301.0
35155,35155,68.0
35143,23001,
35143,33005,
35143,35142,31.0
35143,35012,
35143,35141,158.0
35143,35143,320.0
35143,35132,9.0
35011,33001,
35011,35072,
35011,35015,11.0
35011,35011,10.0
35011,35012,
35011,35011,126.0
35011,35072,
35011,35011,19.0
35011,35171,
35011,35011,1314.0
35011,35015,
35011,35015,
35011,35016,140.0
35011,35041,
35141,31007,
35141,35072,7.0
35141,35142,501.0
35141,35141,856.0
35141,35141,
35141,35104,
35141,35016,
35141,31007,
35141,35072,
35141,35142,154.0
35141,35141,457.0
35141,35141,113.0
35141,35016,
35103,35103,
35103,35104,14.0
35157,35151,
35041,33004,
35041,35041,
35041,35041,14.0
35041,35041,
35041,35132,
35041,35041,84.0
35041,35016,
35041,35041,
35041,51015,
35074,35074,50.0
35074,35072,
35074,35072,14.0
35131,35051,
35131,35033,
35131,35131,45.0
35131,35132,74.0
35131,35132,13.0
35156,35155,55.0
35156,35155,38.0
35052,35051,14.0
35052,35052,
35052,35052,
35111,35111,
35111,35093,
35111,35112,23.0
35171,35171,
35072,31016,
35072,35072,10.0
35072,35074,22.0
35072,35072,42.0
35072,35151,
35072,35072,69.0
35072,35141,41.0
35072,35072,37.0
35072,35015,
35072,35073,
35082,35081,32.0
35082,35083,6.0
35082,35141,
35082,35082,106.0
35082,35132,5.0
35072,33005,
35072,35074,34.0
35072,35072,
35072,35072,7.0
35072,35141,
35031,35031,
35031,35031,12.0
35031,35033,
35031,35032,5.0
35022,35022,
35022,35023,
35022,35112,
35113,35113,6.0
35113,35112,20.0
35112,35112,109.0
35174,35141,14.0
35174,35174,5.0
35071,35072,
35071,35074,20.0
35071,35072,18.0
35071,35141,9.0
35071,35071,
35155,35155,44.0
35157,35151,33.0
35157,35157,397.0
35157,35112,
35157,35155,
35157,35157,
35156,35155,5.0
35155,35155,29.0
35152,35151,
35152,35152,
35021,35023,
35033,35031,6.0
35033,35033,20.0
35033,35033,
35033,35033,
35155,35151,
35155,35155,118.0
35155,41004,
35111,35111,
35111,35112,34.0
35022,35022,
35022,35023,
35151,35151,27.0
35151,35155,
35021,35151,
35072,29006,
35072,35072,15.0
35072,35074,104.0
35072,35072,10.0
35072,35011,
35072,35072,39.0
35072,35141,22.0
35072,35072,83.0
35072,35072,
35072,35072,
35151,35151,145.0
35151,35151,
35151,35155,
35151,35155,
35082,35081,16.0
35082,35083,6.0
35082,35082,
35082,35082,
35082,35082,
35093,35091,
35093,35093,40.0
35094,35091,9.0
35094,35093,19.0
35051,35051,122.0
35051,35093,
35051,35051,
35051,35132,
35051,42007,
35155,35155,16.0
35093,35091,5.0
35093,35093,6.0
35093,35093,28.0
35155,35155,11.0
35082,35081,118.0
35082,35083,35.0
35082,35082,57.0
35082,35132,16.0
35014,26010,
35014,29006,
35014,31016,
35014,35014,53.0
35014,35012,
35014,35072,
35014,35014,88.0
35014,35013,11.0
35014,35012,
35014,35011,
35014,35161,
35014,35014,35.0
35014,35141,8.0
35014,35012,
35014,35014,376.0
35014,35163,
35014,35015,
35014,35015,
35014,35016,264.0
35014,35013,13.0
35014,35173,
35093,35093,
35093,35093,9.0
35091,35091,270.0
35091,35092,
35091,35063,
35091,35093,65.0
35091,35065,
35091,35093,32.0
35091,35091,10.0
35091,35016,
35094,35091,83.0
35094,35092,12.0
35094,35093,76.0
35094,35093,27.0
35094,35094,23.0
35094,41009,
35094,41017,
35154,35151,24.0
35154,35154,
35154,35155,
35154,35155,
35111,35111,
35111,35111,10.0
35111,35112,54.0
35091,35091,78.0
35091,35092,
35091,35093,18.0
35091,35093,7.0
35091,35112,
35091,35016,14.0
35155,35155,90.0
35151,35151,21.0
35151,35155,
35153,35151,29.0
35153,35153,
35153,35155,13.0
35092,35091,30.0
35092,35092,15.0
35092,35093,35.0
35092,35093,13.0
35092,35112,
35111,35111,12.0
35111,35111,
35111,35112,112.0
35111,35114,
35092,35091,73.0
35092,35092,11.0
35092,35093,136.0
35092,35093,9.0
35092,35092,15.0
35171,35171,21.0
35151,35151,12.0
35151,35155,
35061,35063,22.0
35061,35064,20.0
35061,35061,
35061,42006,
35153,35151,15.0
35095,35091,95.0
35095,35092,5.0
35095,35093,28.0
35095,35093,
35095,35095,5.0
35063,35063,25.0
35063,35064,
35063,35032,
35063,35016,
35121,35121,18.0
35121,35121,25.0
35121,35163,
35157,35151,5.0
35157,35155,
35157,35155,
35157,35157,
35081,35081,62.0
35081,35081,
35111,35111,
35111,35112,70.0
35072,35072,
35072,35074,45.0
35072,35072,16.0
35072,35072,9.0
35072,35141,27.0
35072,35072,290.0
35072,35016,8.0
35155,35155,
35155,35155,35.0
35062,35063,38.0
35062,35064,126.0
35062,35062,
35071,35072,
35071,35074,20.0
35071,35071,11.0
35071,35072,
35154,35151,
35154,35155,
35081,35081,27.0
35081,35081,
35072,31034,
35072,35072,12.0
35072,35074,249.0
35072,35072,8.0
35072,35072,60.0
35072,35141,59.0
35072,35072,
35092,35092,
35092,35093,
35121,24007,
35121,35121,5.0
35023,35093,
35023,35023,272.0
35023,35016,
35022,35022,
35022,35023,15.0
35063,35063,24.0
35063,35063,
35063,35064,12.0
35041,35041,
35041,35141,
35041,35041,
35041,35041,128.0
35041,35016,
35023,35023,
35163,35142,
35163,35011,
35163,35065,
35163,35163,78.0
35163,35016,
35163,35163,17.0
35163,42011,
35163,35163,21.0
35163,35161,
35163,35163,8.0
35174,15003,
35174,31013,
35174,33005,
35174,35011,
35174,35141,327.0
35174,35011,
35174,35065,7.0
35174,35174,
35174,35016,7.0
35174,35174,27.0
35151,24007,
35151,35151,81.0
35071,35074,33.0
35071,35071,13.0
35071,35072,9.0
35071,35141,14.0
35071,42003,
35114,35112,6.0
35114,35114,30.0
35172,35172,
35172,35141,14.0
35172,35174,
35071,35074,21.0
35071,35071,
35071,35141,21.0
35071,35071,31.0
35103,33005,
35103,35072,6.0
35103,35101,24.0
35103,35072,8.0
35103,35011,
35103,35141,13.0
35103,35064,
35103,35073,
35103,35015,
35103,35103,37.0
35103,35104,691.0
35103,35032,
35103,35016,26.0
35103,35103,
35103,35161,
35103,41017,
35061,35063,22.0
35061,35064,49.0
35061,35065,
35061,35061,
35061,35016,
35062,35062,
35062,35063,18.0
35062,35093,
35062,35064,32.0
35062,35065,
35062,35062,94.0
35062,35016,5.0
35151,35151,48.0
35151,35151,
35151,35155,
35151,35155,
35014,35014,
35014,35014,
35014,35014,
35014,35141,
35014,35014,
35014,35016,5.0
35112,35112,213.0
35101,17006,
35101,35011,
35101,35141,6.0
35101,35101,48.0
35101,35104,82.0
35062,35062,
35062,35063,
35062,35064,15.0
35062,35065,
35062,35062,
35062,35016,
35131,31064,
35131,35031,
35131,35131,133.0
35131,35132,75.0
35131,35132,12.0
35156,35155,21.0
35092,35091,17.0
35092,35092,5.0
35092,35093,23.0
35092,35093,
35011,35015,
35011,35011,128.0
35011,35011,8.0
35011,35011,79.0
35011,35073,
35011,35011,11.0
35011,35016,33.0
35156,35155,24.0
35093,35091,5.0
35093,35093,21.0
35093,35093,33.0
35093,35093,
35093,35016,
35093,35132,
35093,35095,
35065,35063,
35065,35064,
35065,35065,
35065,35062,21.0
35131,31016,5.0
35131,35132,115.0
35131,35132,22.0
35153,35151,7.0
35153,35153,
35153,35155,5.0
35153,35155,
35157,35151,
35154,35151,
35154,35154,
35154,35155,
35063,35063,19.0
35063,35063,
35063,35064,
35163,35163,39.0
35163,35161,
35163,35016,
35163,35163,22.0
35032,35031,51.0
35032,35033,5.0
35032,35033,7.0
35032,35032,
35032,35132,15.0
35032,35032,6.0
35032,35016,
35172,35172,
35172,35141,44.0
35172,35011,
35172,35016,
35155,35155,
35155,35155,138.0
35091,35091,40.0
35091,35093,
35091,35016,7.0
35131,35132,52.0
35131,35132,14.0
35041,33005,
35041,35072,
35041,35041,
35041,35041,
35041,35141,38.0
35041,35012,
35041,35041,1316.0
35041,35132,
35041,35041,38.0
35041,35015,
35041,35016,19.0
35041,35041,
35041,42009,
35063,35063,7.0
35063,35064,14.0
35063,35063,18.0
35062,35063,
35062,35093,
35062,35064,
35062,35062,6.0
35112,35112,97.0
35112,35016,
35114,35081,
35114,35014,
35114,35114,52.0
35114,35112,139.0
35114,35114,24.0
35114,35016,
35112,35072,
35112,35112,2077.0
35112,35114,
35112,35132,6.0
35112,35155,
35112,35016,
35112,35095,17.0
35112,41015,
35112,42007,
35114,31003,
35114,35015,
35114,35114,
35114,35112,122.0
35114,35114,383.0
35114,35016,
35065,35062,
35065,35063,26.0
35065,35064,23.0
35065,35065,44.0
35065,35065,16.0
35161,35161,
35113,35091,
35113,35112,19.0
35113,35113,41.0
35095,35091,9.0
35095,35093,
35095,35095,
35172,33004,
35172,35172,
35172,35141,21.0
35172,35172,11.0
35172,35163,
35172,35174,
35093,35091,24.0
35093,35093,
35093,35093,28.0
35103,35103,
35103,35104,7.0
35113,35092,
35113,35112,119.0
35113,35113,155.0
35113,35016,
35174,35141,8.0
35112,35065,
35112,35112,131.0
35112,35114,
35112,35112,5.0
35062,35063,
35062,35011,
35062,35064,
35062,35062,
35062,35016,6.0
35121,35143,13.0
35121,35011,
35121,35121,
35121,35121,34.0
35121,35016,
35121,35163,36.0
35081,35081,7.0
35162,35162,
35162,35163,
35032,35031,12.0
35032,35033,
35032,35032,
35032,35032,
35162,35163,8.0
35081,35081,
35081,35081,
35094,35091,6.0
35094,35092,
35094,35093,5.0
35094,35093,
35112,35112,14.0
35161,35161,
35161,35163,
35015,35015,
35015,35011,21.0
35015,35011,
35015,35015,149.0
35015,35015,15.0
35015,35015,
35015,35016,14.0
35132,26010,6.0
35132,31016,
35132,31007,
35132,31072,
35132,35051,
35132,35133,
35132,35072,
35132,35081,5.0
35132,35012,
35132,35011,
35132,35141,5.0
35132,35171,
35132,35065,69.0
35132,35093,
35132,35041,
35132,35132,2606.0
35132,35132,66.0
35132,35016,25.0
35132,35132,91.0
35132,35095,36.0
35132,43010,
35132,51014,
35132,52017,
35162,35163,8.0
35081,35081,
35081,35081,
35031,35031,
35031,35031,19.0
35031,35033,
35031,35032,
35031,35132,
35095,35091,13.0
35095,35093,
35095,35093,5.0
35095,35095,
35095,35016,
35104,35072,
35104,35141,
35104,35104,304.0
35104,53001,
35103,35103,
35103,35104,98.0
35103,35103,26.0
35015,35015,
35015,35073,
35015,35015,71.0
35015,35015,12.0
35015,35015,
35015,35016,
35157,35151,16.0
35157,35157,5.0
35157,35155,
35115,35112,133.0
35115,35114,
35115,35115,137.0
35115,35155,
35172,33005,
35172,35141,18.0
35021,35021,
35021,35023,5.0
35152,35151,
35152,35155,
35152,35155,
35065,35063,
35065,35064,
35065,35065,83.0
35091,35091,7.0
35151,35151,38.0
35151,35151,
35151,35155,
35082,35031,
35082,35081,17.0
35082,35083,9.0
35082,35132,
35082,35082,32.0
35011,35011,
35011,35141,20.0
35011,35011,31.0
35011,35011,5.0
35011,35016,5.0
35091,35091,21.0
35091,35092,
35091,35093,13.0
35091,35093,6.0
35091,35091,
35103,35101,16.0
35103,35104,21.0
35163,33005,
35163,35171,
35163,35072,6.0
35163,35072,9.0
35163,35073,
35163,35163,361.0
35163,35016,
35163,35163,
35163,35163,11.0
35163,41015,
35163,35065,18.0
35163,35132,16.0
35163,35163,147.0
35163,35163,9.0
35094,35091,5.0
35094,35092,
35094,35093,39.0
35094,35093,6.0
35094,35094,
35094,35094,20.0
35112,35112,35.0
35112,35115,
35112,51014,
35151,35151,59.0
35151,35155,
35151,35155,
35153,35151,8.0
35153,35155,
35072,35072,33.0
35072,35074,203.0
35072,35072,13.0
35072,35173,
35072,35072,170.0
35072,35141,40.0
35072,42012,
35171,35141,
35171,35171,12.0
35171,35174,
35152,35151,6.0
35101,35101,
35101,35104,10.0
35133,35133,5.0
35133,35132,
35133,35132,
35142,35142,64.0
35142,35141,42.0
35142,35142,6.0
35094,35091,54.0
35094,35092,5.0
35094,35093,75.0
35094,35065,
35094,35093,26.0
35094,35011,
35094,35094,9.0
35033,35031,5.0
35033,35033,
35033,35132,5.0
35033,35033,
35152,35151,100.0
35152,35065,36.0
35152,35132,
35152,35152,
35152,35155,
35152,35155,5.0
35104,35011,
35104,35104,38.0
35011,35011,
35011,35141,15.0
35011,35011,
35011,35011,70.0
35011,35016,9.0
35011,52011,7.0
35031,35031,8.0
35031,35033,
35031,35032,
35103,35101,24.0
35103,35103,
35103,35104,22.0
35111,35111,
35111,35112,15.0
35153,35151,9.0
35014,29028,
35014,35014,23.0
35014,35012,12.0
35014,35014,29.0
35014,35013,
35014,35015,
35014,35012,9.0
35014,35011,
35014,35014,12.0
35014,35014,
35014,35041,
35014,35014,49.0
35014,35016,32.0
35014,35013,10.0
35152,35151,
35132,35132,22.0
35132,35132,586.0
35132,35132,8.0
35132,35133,
35132,35132,44.0
35132,35132,79.0
35132,35132,5.0
35153,35151,6.0
35153,35155,
35112,35112,193.0
35112,35114,
35112,35112,20.0
35112,50011,
35015,15003,
35015,26002,
35015,29009,
35015,31016,5.0
35015,31066,
35015,33005,
35015,35015,
35015,35012,
35015,35011,7.0
35015,35073,
35015,35015,11.0
35015,35094,
35015,35041,
35015,35015,2265.0
35015,35041,
35015,35015,22.0
35015,35015,
35015,35016,140.0
35015,42011,
35133,35132,31.0
35133,35133,10.0
35133,35132,9.0
35072,35072,
35072,35074,36.0
35072,35012,
35072,35072,10.0
35072,35072,19.0
35072,35141,61.0
35072,35072,
35142,35142,139.0
35142,35141,37.0
35174,35141,54.0
35174,35171,
35174,35174,
35112,35112,66.0
35023,35023,
35041,31072,
35041,33005,13.0
35041,35041,
35041,35041,
35041,35012,
35041,35011,
35041,35141,50.0
35041,35093,
35041,35041,6.0
35041,35041,797.0
35041,35016,10.0
35041,35041,6.0
35041,43029,
35174,31003,
35174,35141,40.0
35174,35174,
35015,29011,
35015,31086,
35015,35072,
35015,35015,14.0
35015,35011,
35015,35073,
35015,35015,
35015,35011,5.0
35015,35041,
35015,35015,92.0
35015,35015,1636.0
35015,35016,112.0
35015,43008,
35015,43021,
35015,35063,
35015,35015,7.0
35015,35014,
35015,35015,
35015,35011,
35015,35015,142.0
35015,35015,
35015,35015,375.0
35015,35016,77.0
35032,35031,
35032,35031,131.0
35032,35072,7.0
35032,35033,5.0
35032,35073,
35032,35065,28.0
35032,35012,
35032,35033,37.0
35032,35132,
35032,35104,9.0
35032,35032,350.0
35032,35016,7.0
35153,35151,6.0
35142,35143,
35142,35072,
35142,35142,494.0
35142,35141,385.0
35142,35142,13.0
35142,35016,13.0
35154,35151,12.0
35154,35041,5.0
35154,35155,
35154,35151,
35111,35112,8.0
35082,35081,123.0
35082,35083,29.0
35082,35132,13.0
35082,35082,7.0
35081,35081,10.0
35172,33004,
35172,35141,8.0
35172,35174,
35143,35143,
35143,35072,
35143,35142,158.0
35143,35141,94.0
35143,35141,
35143,35143,
35155,31072,
35155,33005,
35155,35051,
35155,35143,
35155,35072,
35155,35151,34.0
35155,35015,
35155,35011,
35155,35062,36.0
35155,35041,
35155,35152,18.0
35155,35032,
35155,35155,3911.0
35155,35016,
35155,35013,
35155,50011,
35155,50012,
35155,50015,
35171,24007,
35171,31016,
35171,33004,
35171,35072,
35171,35173,
35171,35141,5.0
35171,35171,41.0
35171,35011,
35171,35171,3635.0
35171,35016,33.0
35171,35041,
35171,35174,
35171,52001,
35013,35014,
35013,35013,
35013,35014,
35013,35016,8.0
35013,35013,5.0
35174,35141,23.0
35174,35174,
35174,35174,8.0
35174,35173,
35063,35063,79.0
35063,35064,48.0
35063,35065,
35063,35063,78.0
35161,35161,111.0
35161,35163,
35016,15001,
35016,17001,
35016,21016,
35016,24007,
35016,25001,
35016,26010,
35016,29006,
35016,29020,
35016,29028,
35016,31016,6.0
35016,31027,
35016,31091,
35016,31050,
35016,31026,
35016,31097,
35016,31032,
35016,31007,9.0
35016,31098,
35016,31099,
35016,31072,
35016,33001,
35016,33005,
35016,33006,
35016,33001,
35016,33004,
35016,33005,19.0
35016,33004,
35016,35031,
35016,35101,
35016,35051,
35016,35014,7.0
35016,35041,
35016,35063,11.0
35016,35171,
35016,35143,
35016,35012,13.0
35016,35072,
35016,35014,5.0
35016,35013,9.0
35016,35172,
35016,35041,
35016,35015,94.0
35016,35013,6.0
35016,35011,66.0
35016,35012,
35016,35012,105.0
35016,35011,126.0
35016,35173,
35016,35072,
35016,35013,
35016,35014,
35016,35141,246.0
35016,35011,174.0
35016,35171,5.0
35016,35073,8.0
35016,35065,61.0
35016,35012,
35016,35093,
35016,35015,28.0
35016,35011,67.0
35016,35014,8.0
35016,35072,
35016,35041,8.0
35016,35132,
35016,35104,
35016,35103,
35016,35163,
35016,35163,
35016,35132,
35016,35015,112.0
35016,35041,
35016,35015,25.0
35016,35015,19.0
35016,35032,
35016,35155,
35016,35171,5.0
35016,35016,33231.0
35016,35041,
35016,35163,
35016,35013,48.0
35016,35155,
35016,35173,
35016,41009,
35016,41017,8.0
35016,42006,
35016,42007,5.0
35016,43008,
35016,43017,
35016,43011,
35016,51013,
35016,52001,
35016,52007,
35016,53001,
35103,35103,
35103,35104,105.0
35103,35103,25.0
35103,35161,
35094,35091,6.0
35094,35092,
35094,35093,9.0
35094,35093,
35094,35094,
35163,35073,
35163,35016,
35163,35163,90.0
35163,35163,17.0
35163,43029,
35173,35173,5.0
35173,35173,
35173,35141,
35173,35011,
35143,35142,7.0
35143,35141,27.0
35143,35143,13.0
35132,35132,26.0
35132,35132,10.0
35041,35041,
35041,35141,117.0
35041,35093,
35041,35011,
35041,35041,22.0
35041,35015,
35041,35041,166.0
35041,35016,8.0
35041,35041,999.0
35161,35161,
35161,35163,
35061,35064,
35157,35151,
35157,35155,
35157,35157,
35132,35132,49.0
35132,35016,7.0
35132,35132,11.0
35132,35143,
35132,35132,113.0
35132,35132,97.0
35074,35074,78.0
35074,35072,5.0
35074,35141,20.0
35074,35074,20.0
35131,35151,
35131,35132,442.0
35131,35132,49.0
35131,52018,
35121,35121,
35121,35121,25.0
35121,35163,13.0
35051,35051,14.0
35051,35155,
35172,35172,
35172,35141,18.0
35172,35172,8.0
35172,35174,
35071,35072,
35071,35074,84.0
35071,35031,
35071,35071,
35071,35072,9.0
35071,35072,
35071,35141,23.0
35071,35073,
35071,35016,
35071,35071,
35163,31016,
35163,35014,
35163,35161,
35163,35061,
35163,35023,
35163,35163,
35163,35016,61.0
35163,35163,705.0
35163,35163,
35163,42007,
35022,35022,
35022,35023,12.0
35072,35072,46.0
35072,35074,327.0
35072,35072,137.0
35072,35012,5.0
35072,35072,98.0
35072,35141,55.0
35072,35073,
35072,35072,16.0
35072,35041,
35072,35016,
35072,35072,
35072,35095,14.0
35072,52016,
35011,23024,
35011,35015,
35011,35011,193.0
35011,35011,25.0
35011,35011,172.0
35011,35015,9.0
35011,35011,51.0
35011,35015,
35011,35015,
35011,35016,69.0
35011,35011,
35011,41009,
35022,35022,10.0
35022,35023,9.0
35151,35151,45.0
35151,35155,
35033,35031,
35033,35031,10.0
35033,35033,24.0
35033,35033,
35033,35032,
35013,35014,35.0
35013,35013,13.0
35013,35013,8.0
35013,35011,
35013,35013,
35013,35014,19.0
35013,35064,
35013,35014,
35013,35041,
35013,35016,205.0
35013,35163,
35013,35013,589.0
35013,35173,
35013,53001,
35112,35112,56.0
35112,35112,
35061,35063,10.0
35061,35064,17.0
35061,35065,
35061,35061,49.0
35052,35051,
35052,35052,
35052,35151,
35052,35051,21.0
35052,35052,
35052,35016,5.0
35142,35142,44.0
35142,35141,6.0
35142,35016,
35142,35142,
35155,35155,118.0
35155,35155,19.0
35163,35163,19.0
35163,35163,
35143,35142,46.0
35143,35141,73.0
35033,35031,30.0
35033,35051,
35033,35033,
35033,35033,21.0
35033,35032,7.0
35033,35033,50.0
35061,35063,20.0
35061,35064,25.0
35061,35016,8.0
35061,35061,64.0
35162,35163,
35112,35112,138.0
35092,35091,60.0
35092,35092,11.0
35092,35093,104.0
35092,35093,17.0
35161,35014,
35161,35083,
35161,35016,
35161,35163,43.0
35161,35161,471.0
35174,35172,
35174,35142,36.0
35174,35141,555.0
35174,35171,
35174,35041,
35174,35171,
35174,35016,
35174,35174,212.0
35174,35173,
35061,35063,10.0
35061,35064,6.0
35061,35061,
35115,35112,135.0
35115,35114,
35115,35115,
35115,35115,81.0
35052,35051,17.0
35052,35052,
35052,35052,
35163,35063,
35163,35163,
35163,35163,9.0
35094,35091,20.0
35094,35092,
35094,35094,
35094,35093,39.0
35094,35093,21.0
35094,35094,
35063,35063,11.0
35063,35161,
35064,35063,
35064,35064,5.0
35064,35103,
35064,35064,
35174,35141,77.0
35174,35171,
35174,35016,7.0
35174,35174,14.0
35174,35173,
35152,35151,17.0
35152,35152,
35071,35074,13.0
35071,35071,
35095,35091,456.0
35095,35092,7.0
35095,35093,245.0
35095,35065,257.0
35095,35093,26.0
35095,35095,145.0
35111,33005,
35111,35111,13.0
35111,35112,47.0
35111,35016,10.0
35154,35151,5.0
35156,35155,14.0
35156,35155,
35173,35172,
35173,35072,
35173,35173,
35173,35141,217.0
35173,35174,9.0
35173,35173,673.0
35093,35093,
35093,35093,15.0
35155,35155,37.0
35156,35155,
35153,35151,63.0
35153,35153,
35153,35155,7.0
35065,35065,
35151,35151,61.0
35151,35155,
35151,35155,
35157,35151,45.0
35157,35157,
35072,35072,7.0
35072,35074,79.0
35072,35072,15.0
35072,35013,
35072,35011,
35072,35072,70.0
35072,35141,22.0
35072,35015,
35021,35023,29.0
35021,35016,8.0
35021,35021,
35071,35074,6.0
35071,35071,6.0
35071,35072,
35142,35072,
35142,35143,
35142,35142,86.0
35142,35141,84.0
35142,35142,
35013,31016,
35013,35014,
35013,35014,
35013,35013,16.0
35013,35011,
35013,35012,
35013,35011,
35013,35011,
35013,35073,15.0
35013,35014,
35013,35016,13.0
35013,35163,
35013,35163,
35013,35013,14.0
35073,35072,
35073,35074,14.0
35073,35072,
35073,35173,
35073,35012,
35073,35072,
35073,35141,18.0
35073,35073,58.0
35073,35033,
35073,35015,
35073,35032,
35073,35016,
35073,35073,349.0
35093,35091,
35093,35093,10.0
35093,35093,52.0
35093,35095,36.0
35072,35072,
35072,35074,49.0
35072,35072,10.0
35072,35072,23.0
35072,35141,8.0
35072,35072,
35072,35016,
35072,35072,72.0
35052,35051,19.0
35052,35052,
35052,35132,
35052,35052,30.0
35052,35051,
35153,35151,16.0
35153,35153,
35153,35155,
35163,11004,
35163,33003,
35163,35163,
35163,35016,
35163,35163,
35163,35163,30.0
35163,35163,189.0
35157,31016,
35157,35151,265.0
35157,35155,
35157,35155,11.0
35157,35157,28.0
35156,35155,
35094,35091,18.0
35094,35092,
35094,35093,
35094,35093,
35094,35094,
35141,35142,37.0
35141,35141,49.0
35141,35141,
41018,41017,15.0
41018,41017,5.0
41018,41018,8.0
41002,41017,
41002,41002,
41002,41002,20.0
41002,41003,
41002,41017,10.0
41002,41002,
41002,41002,
41002,41002,10.0
41002,41002,38.0
41002,41003,
41002,41002,
41002,41002,
41002,41002,49.0
41002,41017,
41002,41002,80.0
41002,41002,300.0
41002,41003,65.0
41002,41002,
41002,41006,
41002,43011,
41002,43010,
41011,41011,
41011,41016,27.0
41011,41014,
41011,41017,8.0
41011,41002,
41011,41003,
41011,41017,
41012,41016,7.0
41012,41014,15.0
41012,41017,33.0
41012,41002,
41012,41002,7.0
41012,41017,8.0
41012,41012,101.0
41014,41015,
41014,41016,19.0
41014,41014,26.0
41014,41017,32.0
41014,41002,
41014,41003,
41014,41017,14.0
41014,41012,
41012,41016,
41012,41014,
41012,41017,6.0
41012,41015,
41012,41002,
41012,41002,
41012,41017,
41012,41012,116.0
41017,41017,
41017,41017,6.0
41017,41016,6.0
41017,41017,13.0
41017,41002,
41017,41017,6.0
41017,41012,5.0
41014,41014,
41014,41014,19.0
41014,41017,10.0
41014,41015,
41014,41002,
41014,41003,
41014,41017,
41008,41008,
41008,41008,
41008,41016,76.0
41008,41014,
41008,41017,
41008,41008,
41008,41017,
41008,41012,
41010,41016,62.0
41010,41002,
41018,41018,
41018,41016,
41018,41014,12.0
41018,41017,71.0
41018,41003,
41018,41017,24.0
41018,41006,7.0
41018,41018,10.0
41015,41015,23.0
41015,41015,
41015,41016,5.0
41001,41001,
41001,41001,
41001,41002,72.0
41001,41003,12.0
41001,41017,7.0
41006,41017,
41006,41002,
41006,41002,9.0
41006,41003,
41006,41006,
41006,41006,8.0
41016,15009,
41016,35151,
41016,41016,35.0
41016,41020,
41016,41016,1018.0
41016,41014,11.0
41016,41017,61.0
41016,41002,8.0
41016,41017,15.0
41016,41012,14.0
41016,42007,
41016,52001,
41016,31061,
41016,41016,14.0
41016,41016,707.0
41016,41014,11.0
41016,41017,58.0
41016,41015,
41016,41002,
41016,41002,
41016,41003,
41016,41017,40.0
41003,41003,10.0
41003,41016,
41003,41014,6.0
41003,41017,24.0
41003,41002,
41003,41002,30.0
41003,41003,38.0
41003,41017,
41003,41012,7.0
41003,50015,
41022,41016,16.0
41022,41014,
41022,41017,
41011,35103,
41011,41011,7.0
41011,41016,45.0
41011,41017,11.0
41011,41002,
41011,41017,19.0
41011,41006,
41002,41002,41.0
41002,41002,18.0
41002,41002,
41002,41017,8.0
41002,41002,63.0
41002,41002,191.0
41002,41003,71.0
41002,41017,15.0
41002,42012,
41022,41016,41.0
41022,41017,6.0
41022,41003,
41017,41017,21.0
41017,41017,
41017,41014,5.0
41017,41017,8.0
41017,41002,
41017,41002,
41017,41003,
41017,41017,11.0
41017,41006,
41017,41018,
41020,28001,
41020,41020,
41020,41009,
41020,41014,7.0
41020,41017,74.0
41020,41002,6.0
41020,41002,36.0
41020,41003,20.0
41020,41017,25.0
41020,41012,20.0
41020,41006,6.0
41015,41015,236.0
41015,41002,
41015,41016,43.0
41015,41017,11.0
41015,41015,
41015,41017,
41015,41015,5.0
41015,41015,
41015,41016,7.0
41015,41017,9.0
41002,41002,
41002,41017,
41002,41002,
41002,41002,9.0
41002,41003,7.0
41002,41006,
41002,42011,
41018,35072,
41018,41018,10.0
41018,41016,52.0
41018,41014,
41018,41017,121.0
41018,41003,
41018,41017,69.0
41018,41012,5.0
41018,41018,30.0
41011,41004,
41011,41016,99.0
41011,41014,
41011,41017,
41011,41015,
41011,41002,
41011,41017,
41011,41012,
41008,41008,
41008,41014,
41008,41002,
41008,41003,
41008,41012,
41008,42001,
41019,41016,12.0
41019,41014,
41008,41017,
41017,35092,
41017,41017,40.0
41017,41017,
41017,41014,11.0
41017,41017,39.0
41017,41002,
41017,41017,9.0
41006,41006,14.0
41006,41017,11.0
41006,41015,
41006,41002,5.0
41006,41003,11.0
41006,41017,
41006,41006,12.0
41006,42009,
41011,41011,7.0
41011,41016,
41011,41014,
41011,41015,
41011,41006,
41008,41008,7.0
41005,41004,
41005,41016,37.0
41005,41002,
41005,41005,
41005,41005,
41010,41017,20.0
41010,41002,
41010,41003,
41010,41017,
41010,41012,
41002,41002,
41002,41002,
41002,41003,
41008,41014,
41016,41016,
41016,41016,165.0
41016,41017,
41016,41015,
41016,41017,
41007,41003,
41007,41017,5.0
41016,41016,
41016,41016,97.0
41016,41014,
41016,41017,
41016,41003,
41010,41016,8.0
41010,41017,7.0
41010,41002,
41010,41012,
41012,41017,
41012,41012,79.0
41017,41016,8.0
41017,41017,5.0
41017,41017,7.0
41010,41016,
41010,41014,
41010,41017,29.0
41010,41002,
41010,41002,
41010,41003,
41010,41017,11.0
41010,41012,9.0
41010,50014,
41012,41014,
41012,41017,
41012,41017,
41012,41012,49.0
41016,41016,
41016,41016,197.0
41016,41017,
41016,41015,
41016,41018,
41019,31007,
41019,35015,
41019,41014,7.0
41019,41017,65.0
41019,41002,
41019,41017,31.0
41019,41012,6.0
41017,31027,
41017,35141,
41017,35016,
41017,41017,448.0
41017,41017,
41017,41004,
41017,41016,10.0
41017,41014,10.0
41017,41017,391.0
41017,41015,
41017,41002,
41017,41002,8.0
41017,41003,5.0
41017,41017,95.0
41017,41012,18.0
41017,41006,5.0
41016,41016,
41016,41016,78.0
41016,41017,
41011,41011,
41011,41016,58.0
41011,41014,
41011,41017,11.0
41011,41015,
41011,41017,
41005,41016,11.0
41005,41014,
41005,41017,
41002,41002,19.0
41002,41002,11.0
41002,41002,42.0
41002,41002,199.0
41002,41003,38.0
41002,41017,6.0
41010,41016,13.0
41010,41017,5.0
41002,41002,
41002,41017,
41002,41002,6.0
41002,41002,28.0
41002,41003,
41002,41002,8.0
41002,41015,6.0
41002,41002,13.0
41002,41004,
41002,41002,
41002,41014,
41002,41017,6.0
41002,41002,41.0
41002,41002,110.0
41002,41003,54.0
41002,41002,
41002,41014,
41002,41017,19.0
41002,41002,21.0
41002,41002,131.0
41002,41003,27.0
41002,41012,
41011,35011,
41011,41011,15.0
41011,41016,13.0
41011,41014,21.0
41011,41017,107.0
41011,41015,
41011,41002,5.0
41011,41002,35.0
41011,41003,5.0
41011,41017,27.0
41011,41012,26.0
41011,42006,
41022,41016,84.0
41022,41017,7.0
41022,41003,
41022,41017,
41005,41007,
41005,41014,
41005,41017,15.0
41005,41002,6.0
41005,41003,5.0
41005,41017,
41005,41016,20.0
41005,41017,14.0
41005,41003,
41005,41002,8.0
41005,41003,8.0
41005,41012,
41008,41008,
41008,41016,
41008,41014,12.0
41008,41017,18.0
41008,41002,5.0
41008,41003,
41008,41017,21.0
41008,41012,
41010,41014,
41010,41017,30.0
41010,41002,12.0
41010,41003,
41010,41017,5.0
41010,41012,
41010,42007,
41010,52001,
41003,41017,10.0
41003,41002,
41003,41002,5.0
41003,41003,35.0
41003,41017,
41003,41012,
41003,41006,
41019,41019,
41019,41017,39.0
41019,41002,
41019,41003,
41019,41017,29.0
41010,31016,
41010,33005,
41010,35016,
41010,41002,
41010,41010,9.0
41010,41002,
41010,41009,5.0
41010,41014,64.0
41010,41017,163.0
41010,41015,7.0
41010,41002,8.0
41010,41002,75.0
41010,41003,13.0
41010,41017,73.0
41010,41012,98.0
41010,41006,
41010,43007,
41010,43026,
41010,43029,
41010,50015,
41010,50015,
41010,52001,
41003,35016,
41003,41002,
41003,41003,10.0
41003,41002,8.0
41003,41004,
41003,41014,7.0
41003,41017,17.0
41003,41002,
41003,41002,58.0
41003,41003,97.0
41003,41017,12.0
41003,42007,
41010,41007,
41010,41016,
41010,41014,
41010,41017,22.0
41010,41002,6.0
41010,41003,5.0
41010,41012,
41017,41015,
41017,41017,
41017,41016,
41017,41014,
41017,41017,106.0
41017,41002,10.0
41017,41003,
41017,41017,38.0
41017,41012,7.0
41002,41002,
41002,41002,5.0
41002,41002,5.0
41002,41002,44.0
41002,41003,
41010,41014,
41010,41017,10.0
41010,41002,
41010,41003,
41010,41017,
41007,41007,26.0
41007,41014,
41007,41017,6.0
41007,41002,
41007,51013,
41013,41011,
41013,41013,15.0
41013,41016,40.0
41013,41014,41.0
41013,41017,69.0
41013,41015,11.0
41013,41002,5.0
41013,41002,12.0
41013,41003,8.0
41013,41017,26.0
41013,41012,46.0
41013,43010,
41013,41017,17.0
41013,41015,
41013,41002,
41013,41017,6.0
41013,41012,22.0
41007,41007,
41007,41007,
41007,41014,
41007,41017,27.0
41007,41015,
41007,41007,
41007,41002,
41007,41002,14.0
41007,41003,5.0
41007,41017,8.0
41007,41012,18.0
41002,15006,
41002,33004,
41002,35011,
41002,41002,
41002,41002,
41002,41002,
41002,41002,68.0
41002,41004,
41002,41002,
41002,41014,5.0
41002,41017,
41002,41002,124.0
41002,41003,
41002,41002,425.0
41002,41003,95.0
41002,41002,
41002,41012,10.0
41002,41006,
41015,41015,293.0
41015,41016,13.0
41015,41014,6.0
41015,41017,8.0
41015,41002,
41015,41017,
41018,41014,
41018,41017,28.0
41018,41017,8.0
41018,41018,6.0
41019,41016,49.0
41019,41014,
41019,41017,14.0
41019,41015,
41019,41017,
41019,41012,
41002,41002,
41002,41002,
41002,41002,9.0
41002,41002,52.0
41002,41003,11.0
41010,41010,
41010,41014,
41010,41017,31.0
41010,41002,
41010,41003,
41010,41017,7.0
41018,41018,15.0
41018,41016,
41018,41014,
41018,41017,39.0
41018,41002,
41018,41002,9.0
41018,41003,
41018,41017,32.0
41018,41018,
41018,41012,
41018,41018,26.0
41018,51014,
41007,41007,
41007,41014,
41007,41007,7.0
41007,41017,
41007,41007,24.0
41007,41014,
41007,41017,24.0
41007,41015,
41007,41002,12.0
41007,41003,
41007,41017,11.0
41007,41012,
41011,41016,27.0
41011,41002,
41008,41008,6.0
41008,41017,
41008,41015,
41008,41017,
41012,41012,16.0
41012,41014,12.0
41012,41017,50.0
41012,41002,18.0
41012,41003,
41012,41017,23.0
41012,41012,67.0
41012,41006,7.0
41014,41015,
41014,41014,
41014,41014,13.0
41014,41017,12.0
41014,41017,
41014,41012,
41006,41006,
41006,41017,
41006,41002,
41006,41002,5.0
41006,41003,
41006,41006,
41022,41003,
41002,13001,5.0
41002,24007,
41002,25001,
41002,26002,
41002,33001,
41002,33004,
41002,33005,
41002,35011,
41002,35171,
41002,35016,11.0
41002,35041,
41002,41002,
41002,41015,
41002,41002,6812.0
41002,41009,
41002,41002,
41002,41017,14.0
41002,41001,
41002,41002,41.0
41002,41002,378.0
41002,41003,20.0
41002,41005,
41002,41002,
41002,41012,
41002,42006,
41002,42007,
41002,42012,
41002,42011,
41002,42012,
41002,42004,
41002,42007,
41002,42006,
41002,42012,
41002,53001,
41021,41016,79.0
41021,41017,18.0
41021,41002,
41021,41003,
41021,41017,12.0
41021,41012,5.0
41021,41018,
41014,41014,
41014,41014,30.0
41014,41017,10.0
41014,41014,
41014,41017,
41014,41012,6.0
41010,41016,44.0
41010,41003,
41020,41014,
41020,41002,7.0
41008,41008,92.0
41008,41017,24.0
41008,41015,
41008,41002,9.0
41008,41003,
41008,41017,
41008,43008,
41012,41014,
41012,41017,6.0
41012,41017,9.0
41012,41012,92.0
41015,41015,
41015,41017,5.0
41015,41015,
41015,41017,7.0
41015,41012,
41008,41008,
41008,41008,
41008,41014,
41008,41017,
41008,41008,
41011,41016,5.0
41011,41014,
41011,41017,25.0
41011,41015,
41011,41002,9.0
41011,41002,9.0
41011,41003,
41011,41017,9.0
41011,41012,13.0
41011,41006,
41012,41017,
41012,41012,16.0
41020,41017,
41010,41017,16.0
41010,41003,
41010,41017,
41011,41011,
41016,35012,
41016,41016,
41016,41016,145.0
41016,41014,5.0
41016,41017,25.0
41016,41002,
41016,41003,
41016,41017,12.0
41002,31037,
41002,35011,
41002,35016,
41002,41002,
41002,41002,
41002,41002,49.0
41002,41004,
41002,41002,82.0
41002,41002,239.0
41002,41003,69.0
41002,41017,
41011,41011,
41011,41016,7.0
41011,41014,
41011,41002,
41011,41012,
41004,41004,26.0
41019,41019,5.0
41019,41016,5.0
41019,41014,
41019,41017,22.0
41019,41002,10.0
41019,41003,9.0
41019,41017,10.0
41019,41012,5.0
41015,41015,25.0
41015,41017,12.0
41015,41015,
41015,41017,
41008,41008,
41008,41008,
41008,41014,
41008,41003,
41008,41012,
41008,42001,
41015,41015,15.0
41015,41015,10.0
41015,41016,37.0
41015,41014,
41015,41015,7.0
41015,41015,
41015,41017,
41017,35112,
41017,35112,
41017,41017,
41017,41017,
41017,41016,57.0
41017,41014,
41017,41017,28.0
41017,41015,
41017,41002,
41017,41003,
41017,41017,5.0
41017,41012,
41015,41015,29.0
41015,41015,
41015,41016,6.0
41010,41016,
41010,41017,
41010,41012,5.0
41010,52002,
41009,21016,
41009,31016,
41009,31007,
41009,35016,
41009,41017,
41009,41010,
41009,41009,1813.0
41009,41014,12.0
41009,41017,56.0
41009,41015,5.0
41009,41002,10.0
41009,41002,57.0
41009,41003,
41009,41017,13.0
41009,41012,35.0
41009,41006,5.0
41009,42011,
41012,41016,19.0
41012,41014,
41012,41017,
41012,41002,
41012,41017,7.0
41012,41012,91.0
41008,41008,42.0
41008,41008,10.0
41008,41016,
41008,41014,13.0
41008,41017,28.0
41008,41015,
41008,41002,36.0
41008,41003,8.0
41008,41008,
41008,41017,23.0
41008,41012,7.0
41008,41006,
41008,42001,
41008,42007,
41005,41010,
41005,41014,
41005,41017,14.0
41005,41003,5.0
41005,41017,9.0
41005,41012,10.0
41006,41002,
41006,41002,
41006,41002,12.0
41006,41003,5.0
41006,41017,5.0
41006,41006,6.0
41006,42009,
41022,41016,87.0
41022,41017,12.0
41011,41011,
41011,41009,
41011,41011,94.0
41011,41016,19.0
41011,41014,
41011,41017,32.0
41011,41015,
41011,41002,
41011,41003,
41011,41017,10.0
41011,41012,9.0
41005,41004,
41005,41017,12.0
41005,41002,
41005,41003,6.0
41005,41017,9.0
41016,41016,
41016,41016,66.0
41016,41014,
41016,41017,
41016,41003,
41020,41002,
41020,41020,88.0
41020,41014,9.0
41020,41017,28.0
41020,41015,
41020,41017,11.0
41020,41012,35.0
41020,41006,11.0
41014,41016,
41014,41014,10.0
41014,41017,6.0
41014,41017,7.0
41004,41004,32.0
41004,41017,
41004,41003,
41004,41005,6.0
41019,41016,5.0
41019,41014,
41019,41017,14.0
41019,41015,
41019,41002,10.0
41019,41017,6.0
41013,41017,
41013,41017,
41013,41012,
41017,41017,27.0
41017,41015,
41017,41002,
41017,41017,36.0
41017,41012,
41010,41010,
41010,41016,91.0
41010,41014,
41010,41017,9.0
41010,41003,
41010,41017,
41005,41002,
41005,41005,9.0
41005,41004,
41005,41014,19.0
41005,41017,128.0
41005,41015,
41005,41002,12.0
41005,41002,119.0
41005,41003,149.0
41005,41017,69.0
41005,41012,28.0
41005,41006,8.0
41005,42007,
41001,41001,
41001,41002,
41001,41001,
41001,41014,
41001,41017,
41001,41015,
41001,41001,
41001,41002,20.0
41001,41002,106.0
41001,41003,10.0
41001,41002,
41001,41012,
41001,41006,
41001,42011,
41007,41007,
41019,41016,18.0
41019,41014,
41019,41017,65.0
41019,41002,
41019,41002,24.0
41019,41003,
41019,41017,26.0
41019,41012,6.0
41010,41016,5.0
41010,41014,
41010,41017,23.0
41010,41002,
41010,41002,
41010,41003,
41010,41017,
41010,41012,5.0
41017,41017,
41017,41017,339.0
41017,41014,5.0
41017,41017,162.0
41017,41015,
41017,41002,
41017,41002,14.0
41017,41003,
41017,41017,29.0
41017,41012,6.0
41017,41006,22.0
41012,41017,24.0
41012,41017,7.0
41012,41012,45.0
41015,41015,29.0
41015,41016,
41015,41017,
41010,41017,7.0
41010,41003,
41010,41017,
41021,41016,45.0
41021,41017,11.0
41021,41002,14.0
41021,41003,11.0
41021,41017,
41004,41004,13.0
41004,41016,7.0
41004,41014,6.0
41004,41017,35.0
41004,41002,49.0
41004,41003,38.0
41004,41017,12.0
41004,41004,16.0
41004,41014,
41004,41017,23.0
41004,41015,
41004,41002,8.0
41004,41002,18.0
41004,41003,17.0
41004,41017,13.0
41014,26010,
41014,41014,
41014,41014,5.0
41014,41017,8.0
41014,41015,
41014,41003,
41014,41017,5.0
41013,41014,
41013,41017,10.0
41013,41015,
41013,41002,
41013,41003,
41013,41017,
41013,41012,5.0
41003,41016,30.0
41003,41002,
41003,41003,9.0
41003,41017,
41012,41012,
41012,41016,42.0
41012,41014,6.0
41012,41017,10.0
41012,41003,
41012,41017,
41012,41012,135.0
41010,41016,9.0
41010,41017,
41010,41012,
41004,41004,256.0
41004,41016,
41004,41017,
41004,41002,6.0
41004,41002,
41004,41003,5.0
41004,41006,8.0
41011,41016,26.0
41011,41014,
41011,41017,7.0
41011,41015,
41011,41003,
41011,41017,
41011,41012,6.0
41015,41015,
41015,41015,27.0
41015,41016,5.0
41015,41017,
41009,41009,
41009,41014,
41009,41017,12.0
41009,41017,
41018,41018,
41018,41017,11.0
41018,41017,5.0
41018,41018,10.0
41015,41016,9.0
41015,41015,
41007,41002,
41007,41007,
41007,41017,15.0
41007,41002,
41007,41003,
41007,41017,14.0
41007,41012,
41002,41002,17.0
41002,41002,10.0
41002,41002,25.0
41002,41003,9.0
41002,41002,
41002,41017,
41014,41014,
41014,41014,
41014,41017,8.0
41014,41015,
41014,41002,6.0
41014,41012,14.0
41003,41004,
41003,41003,5.0
41003,41016,30.0
41003,41002,5.0
41003,41003,
41022,41016,50.0
41022,41014,
41022,41017,60.0
41022,41015,
41022,41002,
41022,41002,11.0
41022,41003,
41022,41017,16.0
41022,41012,11.0
41012,41014,
41012,41017,
41012,41002,
41012,41012,42.0
41012,41006,
41015,41015,5.0
41015,41016,
41015,41015,
41019,41016,5.0
41019,41017,5.0
41019,41002,
41019,41002,
41019,41003,
41019,41017,5.0
41019,41019,14.0
41019,41016,19.0
41019,41014,11.0
41019,41017,95.0
41019,41002,
41019,41002,6.0
41019,41003,
41019,41017,66.0
41019,41012,
41019,41018,
41017,41014,
41017,41017,80.0
41017,41015,
41017,41003,
41017,41017,17.0
41003,41003,
41003,41014,7.0
41003,41017,14.0
41003,41002,
41003,41002,10.0
41003,41003,28.0
41003,41017,
41003,41006,
41016,41016,
41016,41016,574.0
41016,41012,
41011,41011,15.0
41011,41016,18.0
41011,41012,
41019,41017,7.0
41019,41002,
41019,41002,6.0
41019,41017,6.0
41019,41019,
41013,41014,6.0
41013,41017,8.0
41013,41002,
41013,41012,15.0
41022,41004,
41022,41016,166.0
41022,41017,17.0
41022,41001,
41022,41003,
41022,41017,7.0
41022,41006,
41014,41015,
41017,41017,62.0
41017,41016,
41017,41017,73.0
41017,41015,
41017,41002,9.0
41017,41003,
41017,41017,8.0
41017,41012,
41017,41018,
41010,41016,96.0
41010,41017,
41010,41002,
41010,41003,
41010,41012,36.0
41019,41016,5.0
41019,41017,28.0
41019,41002,6.0
41019,41003,5.0
41019,41017,12.0
41019,41014,
41019,41017,6.0
41019,41003,
41019,41017,
41011,41011,18.0
41011,41016,20.0
41011,41017,6.0
41011,41002,5.0
41011,41003,
41011,41006,
41013,41013,
41013,41016,
41013,41013,
41013,41017,
41013,41002,
41016,41016,68.0
41016,41017,6.0
41016,41017,
41002,41002,
41002,41002,
41002,41002,
41002,41002,7.0
41002,41017,
41002,41002,24.0
41002,41002,94.0
41002,41003,54.0
41002,41017,
41002,41006,
41005,41016,10.0
41005,41003,
41005,41004,
41005,41016,
41005,41005,
41005,41014,
41005,41017,17.0
41005,41002,6.0
41005,41002,10.0
41005,41003,10.0
41005,41017,10.0
41018,41016,
41018,41014,
41018,41017,9.0
41018,41002,
41018,41003,
41018,41017,5.0
41018,41012,
41018,41018,
41022,41016,45.0
41022,41017,
41010,41010,
41010,41017,6.0
41010,41002,
41010,41017,
41010,41012,7.0
41014,41016,
41014,41014,164.0
41014,41017,19.0
41014,41014,
41014,41017,10.0
41014,41012,19.0
41015,41015,52.0
41015,41016,10.0
41017,12002,
41017,33006,
41017,35073,
41017,35041,
41017,35016,
41017,35161,
41017,41017,
41017,41017,17.0
41017,41017,7.0
41017,41016,37.0
41017,41014,52.0
41017,41017,3583.0
41017,41015,
41017,41002,
41017,41002,8.0
41017,41003,14.0
41017,41017,298.0
41017,41017,5.0
41017,41012,22.0
41017,41006,8.0
41017,41018,
41017,42006,
41017,52013,
41011,41011,
41011,41017,
41011,41002,
41011,41002,6.0
41011,41012,
41022,41004,
41022,41016,35.0
41022,41017,
41022,41012,
41017,41017,15.0
41017,41017,5.0
41017,41003,
41017,41017,8.0
41017,41012,
41004,41004,
41004,41017,
41004,41004,6.0
41004,41002,
41004,41003,
41011,41011,
41011,41016,83.0
41011,41014,
41011,41017,9.0
41011,41012,
41015,41016,
41015,41015,59.0
41015,41015,5.0
41015,41016,151.0
41015,41014,
41015,41017,14.0
41015,41015,7.0
41015,41015,7.0
41015,41017,8.0
41015,41012,12.0
41002,41002,9.0
41002,41014,
41002,41017,
41002,41002,26.0
41002,41002,22.0
41002,41002,50.0
41002,41003,14.0
41002,42011,
41008,41008,
41007,41016,
41007,41014,7.0
41007,41017,23.0
41007,41007,7.0
41007,41015,
41007,41002,5.0
41007,41002,25.0
41007,41003,
41007,41017,12.0
41007,41012,
41022,41016,
41022,41017,22.0
41022,41002,13.0
41022,41003,
41022,41017,22.0
41022,41012,7.0
41020,15006,
41020,41014,20.0
41020,41017,64.0
41020,41020,6.0
41020,41002,9.0
41020,41002,39.0
41020,41003,16.0
41020,41017,38.0
41020,41012,50.0
41020,42011,
41012,41012,96.0
41015,41015,9.0
41015,41016,114.0
41015,41014,
41015,41017,9.0
41015,41015,11.0
41015,41017,
41015,41015,
41016,41016,
41016,41016,80.0
41016,41014,
41016,41017,
41016,41015,
41016,41003,
41016,41017,5.0
41014,41016,
41014,41014,69.0
41014,41017,5.0
41014,41002,
41014,41017,15.0
41014,41012,18.0
41012,41014,
41012,41017,
41012,41002,
41012,41017,5.0
41012,41012,70.0
41015,24007,9.0
41015,29006,
41015,35093,
41015,35115,
41015,35016,
41015,41004,
41015,41016,32.0
41015,41017,63.0
41015,41015,1714.0
41015,41015,
41015,41003,
41015,41017,14.0
41015,41015,
41015,41012,
41015,42006,
41015,43001,
41015,51015,
41015,52001,
41007,41017,
41020,41017,5.0
41008,41008,
41008,41008,
41008,41017,6.0
41008,41015,
41008,41003,
41005,41002,
41005,41016,27.0
41005,41017,
41005,41003,
41016,41016,118.0
41009,29021,
41009,33005,
41009,41009,
41009,41014,8.0
41009,41017,29.0
41009,41009,64.0
41009,41002,8.0
41009,41003,
41009,41017,9.0
41009,41012,6.0
41001,41002,
41001,41002,
41001,41014,
41001,41017,
41001,41001,
41001,41002,39.0
41001,41002,118.0
41001,41003,21.0
41001,41006,5.0
41022,41016,33.0
41016,41016,
41016,41016,56.0
41016,41017,
41016,41017,5.0
41009,41009,
41009,41014,6.0
41009,41017,70.0
41009,41015,
41009,41002,
41009,41002,8.0
41009,41003,7.0
41009,41017,32.0
41009,41012,12.0
41009,41006,
41009,52001,
41020,41016,
41020,41017,12.0
41020,41012,
41020,41006,5.0
41014,41004,
41014,41002,6.0
41014,41017,
41014,41012,
41017,41014,
41017,41017,10.0
41009,41014,
41009,41009,
41009,41003,
41011,41011,
41011,41011,17.0
41011,41016,20.0
41011,41017,7.0
41011,41012,77.0
41001,41001,
41001,41001,
41001,41001,
41001,41002,13.0
41001,41002,27.0
41001,41003,7.0
41015,41015,23.0
41015,41016,8.0
41015,41015,43.0
41015,41015,
41014,41017,
41014,41015,
41014,41017,
41018,41018,
41018,41016,
41018,41017,
41018,41002,
41018,41018,6.0
41010,41016,79.0
41010,41014,6.0
41010,41017,11.0
41010,41015,
41010,41003,
41010,41017,15.0
41011,41016,5.0
41011,41017,18.0
41011,41002,
41015,41015,26.0
41015,41016,
41015,41014,8.0
41015,41017,42.0
41015,41015,7.0
41015,41015,65.0
41015,41002,6.0
41015,41017,9.0
41015,41012,
41008,41008,
41008,41008,8.0
41008,41003,
41008,41008,
41018,41018,
41018,41016,39.0
41018,41014,
41018,41017,11.0
41018,41018,14.0
41005,41016,14.0
41005,41014,
41005,41017,
41014,41016,
41014,41014,49.0
41014,41017,21.0
41014,41017,11.0
41014,41012,18.0
41012,41014,
41012,41017,8.0
41012,41017,6.0
41012,41012,42.0
41018,41002,
41018,41017,
41018,41017,21.0
41018,41018,
41020,41014,
41020,41017,14.0
41020,41002,
41020,41003,
41020,41017,5.0
41020,41012,
41020,42013,
41020,51003,
41008,41008,
41008,41017,13.0
41008,41002,
41008,41017,
41008,41012,
41022,41016,35.0
41022,41017,9.0
41022,41002,
41022,41003,
41022,41017,
41016,41016,26.0
41021,41016,285.0
41021,41014,
41021,41017,15.0
41021,41002,5.0
41021,41003,5.0
41021,41005,
41021,43007,
41015,41015,
41015,41015,7.0
41015,41015,
41015,41017,11.0
41015,41012,
41020,41014,
41020,41017,15.0
41020,41002,
41020,41003,
41015,41017,11.0
41015,41015,8.0
41015,41015,85.0
41015,41002,
41015,41002,6.0
41015,41017,9.0
41015,41015,
41015,41012,
41007,17006,
41007,41017,11.0
41007,41007,5.0
41007,41002,11.0
41007,41002,48.0
41007,41003,13.0
41007,41017,19.0
41007,41012,
41007,41006,9.0
41007,42002,
41003,41002,
41003,41017,
41003,41003,70.0
41003,41002,9.0
41003,41003,18.0
41003,41017,
41005,41016,29.0
41005,41017,5.0
41005,41002,
41005,41002,
41005,41003,11.0
41005,41017,6.0
41005,41012,6.0
41005,41006,
41020,41020,
41020,41014,
41020,41017,16.0
41020,41002,
41020,41002,5.0
41020,41003,
41020,41017,
41020,41012,20.0
41014,41014,17.0
41014,41017,38.0
41014,41015,
41014,41015,
41014,41014,
41014,41002,
41014,41003,
41014,41017,8.0
41014,41012,5.0
41015,41015,77.0
41015,41014,
41015,41017,13.0
41015,41015,8.0
41015,41003,
41015,41017,11.0
41001,41002,7.0
41001,41009,
41001,41017,
41001,41001,46.0
41001,41002,48.0
41001,41002,242.0
41001,41003,27.0
41001,42007,
41014,41015,6.0
41014,41016,
41014,41014,
41014,41017,
41014,41015,
41014,41002,
41014,41016,58.0
41014,41014,65.0
41014,41017,57.0
41014,41015,
41014,41014,9.0
41014,41002,12.0
41014,41003,
41014,41017,29.0
41014,41012,14.0
41020,41002,
41020,41002,
41007,32002,
41007,41007,
41007,41016,6.0
41007,41014,19.0
41007,41017,51.0
41007,41015,
41007,41007,11.0
41007,41002,
41007,41002,22.0
41007,41003,9.0
41007,41017,11.0
41007,41012,15.0
41007,41006,
41007,42003,
41007,50011,
41007,51014,
41007,52001,
41006,41002,
41006,41002,
41006,41006,25.0
41006,41017,13.0
41006,41002,6.0
41006,41003,12.0
41006,41017,
41006,41012,
41006,41006,
41011,41016,124.0
41011,41017,6.0
41011,41003,
41011,41017,17.0
41012,15003,
41012,41017,6.0
41012,41017,7.0
41012,41012,61.0
41012,41014,5.0
41012,41017,21.0
41012,41002,5.0
41012,41003,
41012,41017,
41012,41012,101.0
41008,41008,
41002,41002,
41002,41017,7.0
41002,41002,76.0
41002,41002,8.0
41002,41002,20.0
41002,41003,5.0
41002,41002,
41002,41002,
41002,41002,28.0
41002,41014,
41002,41017,27.0
41002,41002,523.0
41002,41002,228.0
41002,41003,75.0
41002,41017,11.0
41002,41012,
41019,41014,6.0
41019,41017,34.0
41019,41017,8.0
41008,41008,
41008,41017,
41008,41008,
41005,41005,
41005,41016,11.0
41005,41014,
41005,41017,25.0
41005,41002,5.0
41005,41002,14.0
41005,41003,25.0
41005,41017,12.0
41005,41006,22.0
41003,41017,17.0
41003,41003,8.0
41003,41002,6.0
41003,41003,23.0
41003,41017,5.0
41003,41012,
41002,35015,
41002,41002,
41002,41002,32.0
41002,41004,
41002,41014,6.0
41002,41017,10.0
41002,41001,
41002,41002,113.0
41002,41002,485.0
41002,41003,63.0
41002,41017,
41002,41012,
41005,41002,
41005,41016,69.0
41005,41014,6.0
41005,41017,34.0
41005,41002,
41005,41002,8.0
41005,41005,8.0
41005,41003,10.0
41005,41017,14.0
41005,41006,
41017,41015,
41017,41016,
41017,41017,
41017,41017,16.0
41014,41014,5.0
41014,41017,10.0
41014,41014,
41014,41003,
41014,41017,
41008,41008,8.0
41008,41017,
41008,41017,
41008,43015,
41003,33006,
41003,41002,
41003,41003,
41003,41002,6.0
41003,41004,5.0
41003,41014,
41003,41017,89.0
41003,41015,
41003,41002,41.0
41003,41002,203.0
41003,41003,615.0
41003,41005,
41003,41017,84.0
41003,41012,19.0
41003,41006,11.0
41003,42016,
41003,42011,
41003,43010,
41003,50012,
41001,41002,
41001,41016,
41001,41014,
41001,41017,6.0
41001,41001,
41001,41002,36.0
41001,41002,100.0
41001,41003,9.0
41001,41017,
41001,50015,
41017,41016,7.0
41017,41014,
41017,41017,45.0
41017,41002,15.0
41017,41003,6.0
41017,41017,
41017,41017,15.0
41003,41002,
41003,41017,
41003,41002,
41003,41003,8.0
41003,41017,5.0
41005,41017,
41014,41014,
41014,41015,
41014,41002,
41006,41014,
41006,41006,8.0
41017,41017,
41017,41016,
41017,41017,18.0
41017,41003,
41017,41017,22.0
41008,41008,
41008,41017,7.0
41015,41015,39.0
41015,41016,9.0
41015,41014,
41015,41017,
41017,41017,
41017,41016,
41017,41014,
41017,41017,40.0
41017,41002,
41017,41017,
41017,41017,
41017,41012,
41005,41004,
41005,41002,
41005,41003,7.0
41005,41005,425.0
41005,42006,
41011,41011,14.0
41011,41016,17.0
41011,41017,
41011,41012,
41019,41016,10.0
41019,41017,12.0
41019,41002,
41019,41003,
41019,41017,
41002,35011,
41002,41002,
41002,41002,5.0
41002,41014,
41002,41017,12.0
41002,41002,23.0
41002,41002,49.0
41002,41003,16.0
41002,41017,
41002,41006,6.0
41010,41007,
41010,41017,
41010,41016,
41010,41014,13.0
41010,41017,57.0
41010,41015,6.0
41010,41002,5.0
41010,41002,19.0
41010,41003,6.0
41010,41010,
41010,41017,19.0
41010,41012,5.0
41014,41016,
41014,41014,26.0
41014,41017,27.0
41014,41015,
41014,41002,
41014,41003,
41014,41017,9.0
41014,41012,
41011,41011,
41011,41016,27.0
41011,41017,5.0
41011,41002,
41011,52017,
41002,41002,
41002,41017,8.0
41002,41002,
41002,41002,12.0
41002,41002,53.0
41002,41003,17.0
41002,41002,
41009,41009,
41009,41017,
41009,41009,21.0
41009,41017,
41009,41012,
41018,41018,
41018,41017,6.0
41018,41003,
41018,41018,12.0
41011,41011,15.0
41011,41016,11.0
41011,41017,5.0
41011,41017,
41011,41012,
41008,41008,6.0
41008,41008,
41008,41016,
41008,41017,14.0
41008,41002,
41008,41003,
41008,41017,18.0
41008,41012,8.0
41004,41004,18.0
41004,41016,8.0
41004,41017,
41004,41002,6.0
41004,41003,12.0
41004,41004,7.0
41004,41017,6.0
41008,41008,
41008,41016,
41008,41017,10.0
41008,41003,
41008,41012,
41021,41002,
41021,41004,
41021,41016,230.0
41021,41014,
41021,41017,6.0
41021,41002,
41021,41003,
41021,41017,
41005,41017,24.0
41005,41002,
41005,41003,5.0
41005,41012,
41019,41014,
41019,41017,12.0
41019,41017,
41019,41012,
41018,41014,6.0
41018,41017,27.0
41018,41003,
41018,41017,9.0
41018,41018,16.0
41004,41004,7.0
41004,41016,
41004,41014,
41004,41017,6.0
41004,41002,24.0
41004,41003,15.0
41004,41002,
41004,41012,
41016,41016,
41016,41016,70.0
41016,41017,5.0
41005,35016,
41005,41016,6.0
41005,41017,5.0
41005,41002,
41005,41003,6.0
41005,41017,
41005,41012,
41022,41016,6.0
41022,41017,
41002,41002,
41002,41002,14.0
41002,41002,39.0
41002,41003,8.0
41002,41002,110.0
41002,41002,
41002,41002,
41002,41017,
41002,41002,
41002,41002,
41002,41002,24.0
41002,41003,5.0
41002,41002,7.0
41002,41012,
41002,42011,
41002,42012,
41002,42012,
41002,43030,
41017,35112,
41017,41017,
41017,41004,
41017,41016,18.0
41017,41014,6.0
41017,41017,123.0
41017,41002,
41017,41002,
41017,41003,
41017,41017,453.0
41017,41012,
41011,41016,12.0
41011,41014,
41011,41017,24.0
41011,41015,
41011,41002,7.0
41011,41003,
41011,41017,7.0
41011,41012,5.0
41011,42007,
41013,41014,
41013,41017,12.0
41013,41002,
41013,41017,
41013,41012,6.0
41022,41016,79.0
41022,41014,5.0
41022,41017,
41022,41002,7.0
41016,41016,
41016,41015,
41016,41016,61.0
41016,41014,
41016,41017,7.0
41016,41002,5.0
41016,41017,7.0
41016,41012,
41008,41008,
41019,41014,
41019,41017,
41019,41003,
41008,41008,9.0
41008,41004,
41008,41017,14.0
41008,41002,
41008,41003,
41008,41008,
41008,41012,
41018,41018,
41018,41017,7.0
41018,41002,6.0
41018,41017,6.0
41018,41012,5.0
41018,41018,
41018,41016,6.0
41018,41017,12.0
41018,41018,12.0
41014,41014,16.0
41014,41017,13.0
41014,41003,
41014,41017,11.0
41014,41012,6.0
41015,41015,10.0
41015,41015,65.0
41015,41016,15.0
41015,41014,
41015,41017,11.0
41015,41015,8.0
41015,41003,
41020,41014,
41020,41017,16.0
41020,41002,
41020,41003,
41020,41017,9.0
41020,41012,7.0
41020,42012,
41015,41015,23.0
41015,41014,
41015,41015,
41015,41003,
41015,41017,
41014,41014,36.0
41014,41017,5.0
41014,41015,
41014,41017,7.0
41014,41012,
41008,11005,
41008,41008,
41008,41008,
41008,41016,
41008,41017,
41008,41002,
41008,41008,
41008,41017,
41008,41008,26.0
41008,41012,
41010,41016,9.0
41010,41014,
41010,41012,
41022,41016,98.0
41022,41017,17.0
41022,41003,
41022,41017,11.0
41018,41014,
41018,41017,72.0
41018,41015,6.0
41018,41002,
41018,41003,
41018,41017,22.0
41018,41018,9.0
41014,41014,12.0
41014,41017,
41014,41017,
41019,41017,
41019,41017,
41019,41006,5.0
41010,41014,
41010,41017,18.0
41010,41002,
41010,41017,18.0
41010,41012,
41009,41009,26.0
41009,41020,
41009,41014,8.0
41009,41017,76.0
41009,41015,
41009,41002,18.0
41009,41003,9.0
41009,41017,12.0
41009,41012,13.0
41019,41002,
41019,41014,10.0
41019,41017,64.0
41019,41002,13.0
41019,41003,
41019,41017,32.0
41019,41019,
41019,41012,
41014,41016,
41014,41017,
41018,41018,5.0
41008,41008,
41008,41017,
41008,41002,
41008,41002,
41008,41008,
41008,41017,
41008,41012,
41008,43010,
41015,41015,102.0
41015,41016,
41015,41017,6.0
41014,35011,
41014,41016,23.0
41014,41014,
41014,41017,5.0
41014,41014,
41014,41003,
41014,41017,8.0
41014,41014,
41018,41014,
41018,41017,39.0
41018,41003,
41018,41017,5.0
41018,41012,
41018,41018,6.0
41007,41007,
41007,41002,12.0
41007,41003,
41007,41012,
41014,41016,11.0
41014,41014,16.0
41014,41017,13.0
41014,41015,
41014,41014,
41014,41012,9.0
41022,41016,143.0
41022,41017,7.0
41022,41022,5.0
41003,41014,
41003,41003,
41003,41002,
41003,41003,11.0
41003,41017,
41008,41008,9.0
41008,41017,15.0
41008,41002,6.0
41008,41003,
41008,41008,
41008,41012,
41008,41006,5.0
41015,41016,9.0
41015,41015,
41015,41015,
41015,41012,
41012,41016,
41012,41014,
41012,41017,9.0
41012,41002,
41012,41017,
41012,41012,8.0
41012,41012,19.0
41019,41014,
41019,41017,14.0
41019,41002,
41019,41003,
41019,41019,
41019,41006,6.0
41020,41014,
41020,41017,8.0
41020,41002,11.0
41020,41003,
41020,41017,
41020,41012,6.0
41002,33006,
41002,35073,
41002,35016,
41002,35095,
41002,41002,5.0
41002,41002,
41002,41002,55.0
41002,41004,
41002,41014,
41002,41017,11.0
41002,41002,117.0
41002,41002,678.0
41002,41003,33.0
41002,41017,6.0
41002,41002,
41002,41012,6.0
41002,41006,16.0
41002,42011,
41002,42012,
41002,50009,
41013,41013,
41013,41017,7.0
41006,41002,
41006,41017,11.0
41006,41002,5.0
41006,41002,74.0
41006,41003,23.0
41006,41017,
41006,41006,19.0
41006,41006,21.0
41009,41009,
41009,41014,18.0
41009,41017,55.0
41009,41002,
41009,41003,7.0
41009,41017,19.0
41009,41009,22.0
41009,41012,6.0
41020,41014,
41020,41017,14.0
41020,41002,6.0
41020,41003,
41016,41016,204.0
41016,41017,11.0
41016,41003,
41016,41017,
41016,41016,
41014,41016,25.0
41014,41014,9.0
41014,41017,
41018,41018,
41018,41014,10.0
41018,41017,35.0
41018,41015,5.0
41018,41002,
41018,41003,
41018,41017,17.0
41018,41012,5.0
41018,41018,11.0
41013,41013,
41013,41017,
41013,41015,
41013,41002,
41013,41003,
41013,41017,10.0
41018,41014,
41018,41017,15.0
41018,41015,
41018,41002,
41018,41003,
41018,41017,5.0
41018,41018,
41018,41012,
41018,41018,7.0
41015,41015,16.0
41015,41016,112.0
41015,41014,22.0
41015,41017,71.0
41015,41015,48.0
41015,41015,
41015,41002,33.0
41015,41003,10.0
41015,41017,64.0
41015,41012,48.0
41015,41006,19.0
41015,43017,
41015,50015,
41007,41007,7.0
41007,41012,
41003,41017,
41003,41003,10.0
41003,41017,
41003,41006,13.0
41009,41002,
41009,41017,
41009,41009,
41009,41002,
41018,41014,5.0
41018,41017,20.0
41018,41002,
41018,41017,14.0
41018,41012,
41018,41018,11.0
41017,41017,
41017,41017,18.0
41017,41014,
41017,41017,62.0
41017,41015,
41017,41002,
41017,41003,
41017,41017,15.0
41017,41017,26.0
41017,41018,
41019,41017,68.0
41019,41015,
41019,41002,27.0
41019,41003,7.0
41019,41017,34.0
41019,41012,12.0
41019,41006,
41007,41007,
41017,41017,54.0
41017,41002,
41017,41002,6.0
41017,41017,26.0
41017,41017,35.0
41014,41016,
41014,41014,7.0
41014,41017,
41014,41015,
41014,41002,
41014,41017,
41014,41012,5.0
41013,41013,
41013,41016,30.0
41013,41014,7.0
41013,41017,8.0
41013,41003,
41013,41017,6.0
41013,41012,33.0
41013,43017,
41012,41014,
41012,41017,
41012,41017,
41012,41012,23.0
41004,41004,35.0
41004,41015,
41004,41002,
41004,41003,
41004,41004,
41021,41002,
41021,41004,
41021,41016,134.0
41021,41014,11.0
41021,41017,53.0
41021,41002,13.0
41021,41002,58.0
41021,41003,17.0
41021,41017,19.0
41021,41018,
41021,41021,
41021,41012,
41021,43010,
41011,41016,28.0
41011,41014,6.0
41011,41017,6.0
41011,41015,16.0
41011,41017,10.0
41011,41011,36.0
41011,41012,
41014,41016,16.0
41014,41014,21.0
41014,41017,28.0
41014,41015,
41014,41014,
41014,41003,
41014,41017,15.0
41014,41014,
41014,41012,15.0
41020,41016,
41020,41014,6.0
41020,41017,12.0
41020,41003,
41020,41017,8.0
41020,41012,56.0
41021,41014,
41021,41017,17.0
41021,41002,5.0
41021,41002,16.0
41021,41003,13.0
41021,41017,22.0
41021,41021,
41021,41012,11.0
41002,41002,
41002,41017,
41002,41002,11.0
41002,41002,46.0
41002,41003,20.0
41002,41017,
41002,41002,20.0
41002,42006,
41020,35011,
41020,41002,
41020,41014,35.0
41020,41017,177.0
41020,41015,5.0
41020,41002,14.0
41020,41002,89.0
41020,41003,31.0
41020,41017,50.0
41020,41012,54.0
41020,41006,9.0
41020,42005,
41020,51014,
41019,41017,
41019,41002,
41019,41003,5.0
41019,41017,
41019,41019,6.0
41010,41010,
41010,41014,6.0
41010,41017,13.0
41010,41002,
41010,41002,5.0
41010,41003,
41010,41017,5.0
41010,41012,
41002,41002,
41002,41017,
41002,41002,
41002,41002,8.0
41002,41003,5.0
41002,41017,9.0
41013,41016,
41013,41014,10.0
41013,41017,7.0
41013,41003,
41013,41017,
41013,41013,
41013,41012,23.0
41013,41006,
41020,41017,5.0
41020,41002,
41020,41003,
41020,41017,
41020,41020,
41020,41012,
41005,41016,48.0
41005,41014,
41005,41017,15.0
41005,41015,
41005,41002,21.0
41005,41003,6.0
41005,41017,6.0
41005,41005,28.0
41005,42014,
41011,41011,
41011,41004,
41011,41016,5.0
41011,41014,5.0
41011,41017,17.0
41011,41002,
41011,41002,17.0
41011,41003,10.0
41011,41017,8.0
41011,41011,19.0
41011,41012,13.0
41012,41016,114.0
41012,41014,31.0
41012,41017,68.0
41012,41002,
41012,41002,31.0
41012,41003,8.0
41012,41017,58.0
41012,41012,1155.0
41012,41006,5.0
41006,41002,
41006,41017,10.0
41006,41002,7.0
41006,41002,23.0
41006,41003,16.0
41006,41006,168.0
41006,42012,
41015,41015,6.0
41015,41017,
41015,41015,
41015,41015,
41015,41017,
41018,41017,19.0
41018,41015,9.0
41018,41017,
41018,41012,
41018,41018,60.0
41019,41016,
41019,41014,
41019,41017,28.0
41019,41015,
41019,41002,
41019,41002,5.0
41019,41003,8.0
41019,41017,8.0
41019,41012,
41019,41019,
41021,41016,
41021,41017,15.0
41021,41002,
41021,41003,6.0
41021,41017,5.0
41021,41018,
41010,41016,17.0
41010,41017,
41010,41002,
41010,41012,9.0
41010,41010,
41008,41008,5.0
41008,41017,7.0
41008,41017,
41012,41014,8.0
41012,41012,27.0
41002,41017,
41002,41002,12.0
41002,41003,5.0
41002,41017,
41005,41016,
41005,41014,
41005,41017,14.0
41005,41002,12.0
41005,41003,
41005,41017,
41007,41017,6.0
41007,41007,
41007,41002,
41007,41002,
41007,41003,
41007,42003,
41012,41014,
41012,41017,12.0
41012,41002,
41012,41017,5.0
41012,41012,80.0
42008,42013,
42008,42013,
42008,42008,11.0
42008,42009,
42008,42013,
42008,42010,
42008,42008,
42003,41007,
42003,42003,52.0
42003,42002,
42003,42001,
42003,42013,
42003,42001,5.0
42003,42002,11.0
42003,42003,15.0
42003,42002,5.0
42003,42001,
42004,42004,21.0
42004,42004,
42004,42011,
42004,42004,56.0
42004,42004,28.0
42004,42005,
42004,42004,
42004,42004,47.0
42004,42007,
42004,42004,
42008,42009,
42008,42010,
42008,42008,
42008,42010,
42008,42008,9.0
42008,42009,16.0
42002,42002,
42002,42013,
42002,42001,6.0
42002,42002,7.0
42002,42003,
42002,42002,
42002,42001,
42002,42002,
42007,42007,
42007,42007,
42007,42007,20.0
42007,42013,
42007,42007,
42007,42007,17.0
42007,42007,
42010,42010,8.0
42010,42009,
42001,42001,
42001,42002,
42001,42003,
42001,42001,
42007,42004,
42007,42007,57.0
42013,42013,19.0
42013,42013,
42013,42009,
42013,42010,
42013,42011,
42013,42013,
42013,42010,
42013,42008,
42013,42009,
42007,42007,
42007,42007,20.0
42007,42007,8.0
42007,42007,28.0
42006,42004,64.0
42006,42006,
42006,42005,
42006,42013,
42006,42006,
42006,42004,27.0
42006,42007,
42006,42006,
42010,42010,8.0
42010,42010,
42010,42010,
42010,42010,
42010,42008,
42010,42009,
42011,42005,
42011,42011,122.0
42011,42006,
42011,42004,
42011,42007,
42011,42007,35.0
42011,42012,6.0
42011,52017,
42014,42014,187.0
42014,42016,7.0
42014,42016,
42014,42005,8.0
42014,42017,
42014,42011,5.0
42014,42013,5.0
42014,42016,18.0
42014,42015,
42014,42014,
42014,42015,38.0
42014,42014,43.0
42014,42007,8.0
42014,42014,
42014,42015,37.0
42014,43028,
42014,43004,
42016,42016,38.0
42016,42011,
42016,42016,7.0
42016,42015,
42016,42015,
42016,42014,
42016,42016,
42016,42015,6.0
42009,42009,6.0
42009,42009,
42009,42010,
42009,42008,
42009,42009,
42002,42003,
42002,42002,
42002,42010,
42006,42004,35.0
42006,42006,
42006,42011,
42006,42006,
42006,42004,22.0
42006,42006,6.0
42004,42004,
42004,42004,8.0
42004,42004,7.0
42004,42004,11.0
42004,42011,
42004,42004,12.0
42004,42007,
42004,42004,5.0
42014,42014,47.0
42014,42016,
42014,42005,
42014,42013,
42014,42016,
42014,42015,
42014,42015,
42014,42014,11.0
42014,42007,
42014,42015,8.0
42005,15003,
42005,41017,
42005,42005,36.0
42005,42006,
42005,42009,
42005,42007,
42005,42005,24.0
42005,42011,11.0
42005,42013,
42005,42007,228.0
42005,42012,
42005,52001,
42011,42011,32.0
42011,42007,
42014,42014,6.0
42014,42016,
42014,42016,
42014,42015,
42014,42015,7.0
42014,42014,38.0
42014,42014,87.0
42014,42015,11.0
42014,43010,
42014,43007,
42001,42001,
42001,42001,
42001,42002,
42001,42003,5.0
42001,42001,8.0
42001,42001,
42001,42001,5.0
42001,42001,
42017,33005,
42017,42006,
42017,42017,
42017,42017,
42017,42011,71.0
42017,42007,25.0
42017,42007,25.0
42012,42011,5.0
42012,42012,
42012,42012,8.0
42001,42002,
42001,42001,23.0
42001,42013,
42001,42001,
42006,42005,
42006,42004,
42006,42011,
42006,42006,
42006,42006,15.0
42006,42004,10.0
42006,42006,54.0
42007,42007,54.0
42007,42011,15.0
42007,42013,
42007,42007,444.0
42007,42007,12.0
42006,31016,
42006,42006,3400.0
42006,42009,
42006,42006,
42006,42005,14.0
42006,42017,
42006,42011,10.0
42006,42013,
42006,42015,
42006,42006,10.0
42006,42004,
42006,42006,
42006,42004,6.0
42006,42009,
42006,42007,
42006,42007,
42006,42006,
42006,42016,
42006,51013,
42013,42013,
42013,42013,
42013,42013,
42013,42009,
42013,42013,
42013,42013,
42013,42013,
42013,42013,
42005,42005,8.0
42005,42007,58.0
42013,42013,
42013,42013,
42013,42010,
42013,42008,
42013,42015,
42013,42013,13.0
42003,42002,
42003,42002,
42003,42003,
42003,42002,
42003,42003,
42013,42013,9.0
42013,42013,43.0
42013,42009,
42013,42007,
42013,42011,
42013,42013,
42013,42009,
42006,42006,35.0
42006,42005,
42006,42013,
42016,42016,10.0
42016,42016,114.0
42016,42005,
42016,42011,
42016,42013,
42016,42016,36.0
42016,42015,5.0
42016,42015,10.0
42016,42015,
42016,42014,11.0
42016,42007,
42016,42016,
42016,42015,25.0
42004,42011,
42004,42004,
42004,42004,7.0
42004,42004,27.0
42008,42009,40.0
42008,42009,
42006,15006,
42006,33005,
42006,42006,9.0
42006,42006,1025.0
42006,42007,
42006,42004,
42006,42005,18.0
42006,42011,7.0
42006,42013,
42006,42006,14.0
42006,42004,11.0
42006,42007,94.0
42006,42007,16.0
42006,43010,
42009,42009,201.0
42009,42009,14.0
42009,42007,
42009,42010,5.0
42009,42010,23.0
42009,42008,27.0
42009,42013,
42009,42003,
42009,42009,47.0
42009,42007,
42002,42002,15.0
42002,42002,
42002,42002,5.0
42002,42001,
42002,42005,
42002,42001,10.0
42002,42002,6.0
42002,42003,6.0
42002,42002,
42009,42009,8.0
42009,42009,
42009,42010,
42005,31016,
42005,42005,14.0
42005,42007,
42005,42005,16.0
42005,42011,
42005,42013,
42005,42007,179.0
42005,42007,27.0
42005,42007,
42005,43008,
42013,42013,
42013,42013,
42013,42013,12.0
42013,42009,5.0
42013,42010,
42013,42008,5.0
42013,42013,
42013,42009,
42013,42007,
42012,41002,
42012,42012,
42012,42005,
42012,42011,16.0
42012,42007,36.0
42012,42012,
42013,42013,
42013,42013,9.0
42013,42010,
42013,42011,
42013,42013,
42013,42010,6.0
42013,42008,
42013,42004,
42013,42009,
42013,42007,
42003,42003,5.0
42003,42001,
42003,42010,
42003,42013,
42003,42001,6.0
42003,42002,10.0
42003,42003,16.0
42003,42002,
42003,42007,48.0
42003,42007,15.0
42003,42001,8.0
42008,42008,185.0
42008,42009,13.0
42008,42010,
42008,42010,18.0
42008,42008,28.0
42008,42009,19.0
42008,42007,
42008,42007,5.0
42008,42009,
42007,42006,
42007,42007,
42007,42007,5.0
42007,42011,
42007,42007,55.0
42007,42007,
42012,42012,
42012,42006,
42012,42005,
42012,42011,37.0
42012,42013,
42012,42012,
42012,42007,37.0
42012,42007,14.0
42012,42012,52.0
42008,42008,32.0
42008,42010,
42008,42009,14.0
42008,42008,
42008,42011,
42008,42013,
42008,42010,16.0
42008,42008,19.0
42008,42009,14.0
42016,42016,
42016,42005,
42016,42011,5.0
42016,42016,48.0
42016,42015,
42016,42015,10.0
42016,42014,12.0
42016,42007,
42016,42016,110.0
42016,42015,16.0
42008,41015,
42008,42009,7.0
42008,42010,
42008,42008,7.0
42008,42011,5.0
42008,42010,13.0
42008,42008,17.0
42008,42009,
42008,42007,
42002,42001,
42002,42013,
42002,42002,
42002,42003,7.0
42002,42002,
42002,42001,
42008,42013,
42008,42008,
42008,42009,
42008,42013,
42008,42008,
42008,42009,
42013,42013,
42013,42010,
42004,42004,29.0
42004,42011,
42004,42006,
42004,42004,17.0
42004,42004,
42002,42003,
42002,42006,
42002,42002,219.0
42002,42002,54.0
42002,42001,40.0
42002,42007,
42002,42005,
42002,42008,
42002,42011,
42002,42013,10.0
42002,42001,81.0
42002,42013,
42002,42002,97.0
42002,42003,48.0
42002,42002,50.0
42002,42007,9.0
42002,42001,70.0
42002,43029,
42002,43001,
42015,42015,
42015,42005,
42015,42011,
42015,42013,
42015,42016,
42015,42015,
42015,42015,21.0
42015,42014,7.0
42015,42007,
42015,42015,47.0
42010,42010,251.0
42010,42002,
42010,42009,10.0
42010,42010,
42010,42005,
42010,42011,
42010,42010,34.0
42010,42008,18.0
42010,42009,13.0
42010,42010,
42010,43016,
42002,42006,
42002,42002,
42002,42002,
42002,42001,
42002,42013,
42002,42002,
42002,42003,
42002,42002,
42002,42001,
42002,42002,
42002,42002,10.0
42002,42002,
42002,42001,
42002,42001,
42002,42002,8.0
42002,42003,10.0
42002,42002,
42002,42001,
42003,42005,
42003,42002,
42003,42003,12.0
42003,42001,
42017,42017,8.0
42017,42011,5.0
42017,42012,
42013,42013,
42013,42013,
42013,42013,
42013,42009,18.0
42013,42010,
42013,42005,
42013,42011,
42013,42013,8.0
42013,42010,12.0
42013,42008,16.0
42013,42013,
42013,42009,21.0
42013,42007,5.0
42015,42016,6.0
42015,42013,
42015,42015,8.0
42015,42007,
42015,42015,27.0
42015,42005,9.0
42015,42011,13.0
42015,42013,
42015,42016,29.0
42015,42015,7.0
42015,42015,75.0
42015,42015,17.0
42015,42015,
42015,42004,
42015,42014,20.0
42015,42007,65.0
42015,42016,
42015,42014,
42015,42016,
42015,42015,70.0
42015,43013,
42015,43029,
42015,43010,
42002,42002,46.0
42002,42001,7.0
42002,42005,
42002,42001,6.0
42002,42002,17.0
42002,42003,11.0
42002,42002,
42002,42001,
42002,43017,
42002,42001,
42002,42002,
42002,42001,
42009,42013,
42009,42009,308.0
42009,42005,
42009,42005,
42009,42008,
42009,42013,
42009,42007,46.0
42001,42001,36.0
42001,42001,7.0
42001,42002,6.0
42001,42003,
42001,42002,
42001,42001,9.0
42001,42002,
42001,42001,
42001,42001,
42001,42001,5.0
42001,42005,
42001,42001,
42001,42002,
42001,42003,
42001,42001,
42004,42004,12.0
42004,42011,
42004,42004,12.0
42004,42004,14.0
42006,42005,
42006,42006,7.0
42006,42004,
42006,42007,
42006,42006,20.0
42003,42002,
42003,42001,
42003,42002,
42003,42003,
42003,42002,
42003,42001,
42003,42003,7.0
42014,42014,
42014,42014,
42014,42014,
42014,42014,
42014,42015,
42008,42008,
42008,42009,5.0
42008,42010,
42008,42008,
42008,42010,9.0
42008,42008,7.0
42008,42009,6.0
42008,42007,
42003,42002,
42003,42001,
42003,42003,
42003,42001,
42003,42002,
42003,42003,11.0
42003,42002,5.0
42003,42004,
42003,42001,
42001,42002,7.0
42001,42001,
42001,42002,
42001,42003,
42001,42002,
42007,22004,
42007,31028,
42007,33005,
42007,35011,
42007,35016,
42007,42013,
42007,42006,
42007,42009,
42007,42007,336.0
42007,42016,
42007,42011,10.0
42007,42016,
42007,42010,
42007,42004,
42007,42007,2450.0
42007,42007,25.0
42007,42014,
42007,42013,
42007,43010,
42002,42002,
42002,42001,
42002,42005,
42002,42001,
42002,42002,
42002,42003,
42002,42002,21.0
42002,42001,
42015,42014,
42015,42016,
42015,42015,
42015,42015,
42015,42005,
42015,42011,
42015,42013,
42015,42016,
42015,42014,
42015,42015,6.0
42015,42015,8.0
42015,42014,9.0
42015,42007,
42015,42014,
42015,42013,
42015,42015,13.0
42015,52001,
42009,42009,
42009,42009,21.0
42009,42009,91.0
42009,42010,
42009,42005,
42009,42008,
42009,42011,
42009,42010,25.0
42009,42008,36.0
42009,42009,24.0
42009,42007,
42009,42004,
42009,42009,
42009,42009,8.0
42003,42001,
42003,42002,
42003,42003,
42003,42002,
42003,42003,17.0
42007,42016,
42007,42007,
42007,42016,
42007,42011,
42007,42016,
42007,42007,83.0
42007,42014,
42007,43010,
42011,42005,
42011,42011,52.0
42011,42012,
42006,42006,37.0
42006,42006,5.0
42006,42006,21.0
42006,42005,6.0
42006,42011,8.0
42006,42013,
42006,42015,
42006,42006,7.0
42006,42004,19.0
42006,42007,
42006,42006,
42007,42014,
42007,42007,7.0
42007,42007,100.0
42007,42007,
42016,42016,
42016,42016,11.0
42016,42005,
42016,42011,
42016,42016,9.0
42016,42015,
42016,42014,
42016,42016,
42016,42015,5.0
42016,42016,23.0
42016,42016,9.0
42016,42005,
42016,42011,
42016,42016,10.0
42016,42015,
42016,42014,
42016,42007,
42016,42007,26.0
42016,42016,16.0
42016,42015,18.0
42006,42006,157.0
42006,42005,
42006,42005,
42006,42011,
42006,42006,
42006,42004,
42006,42007,
42001,42002,5.0
42001,42001,
42001,42001,
42001,42001,9.0
42001,42002,9.0
42001,42003,
42001,42001,16.0
42017,42017,83.0
42017,42005,
42017,42017,13.0
42017,42011,46.0
42017,42012,
42017,42012,
42017,42007,
42017,42012,10.0
42001,42002,5.0
42001,42001,
42001,42001,54.0
42001,42013,
42001,42002,
42001,42002,
42001,42001,
42001,42001,
42002,42002,5.0
42002,42002,
42002,42001,
42002,42001,
42002,42002,
42002,42003,
42002,42002,
42002,42001,
42008,42009,12.0
42008,42007,
42008,42010,7.0
42008,42008,22.0
42008,42011,
42008,42010,28.0
42008,42008,63.0
42008,42009,30.0
42009,42008,
42009,42010,
42008,42008,
42008,42009,
42008,42008,6.0
42008,42010,9.0
42008,42008,8.0
42008,42009,6.0
42004,35171,
42004,42013,
42004,42009,
42004,42004,142.0
42004,42005,
42004,42011,5.0
42004,42013,
42004,42004,
42004,42004,77.0
42004,42004,36.0
42015,33005,
42015,42014,
42015,42016,
42015,42015,
42015,42015,206.0
42015,42005,
42015,42011,
42015,42013,
42015,42016,9.0
42015,42015,5.0
42015,42015,51.0
42015,42015,
42015,42014,26.0
42015,42007,10.0
42015,42015,37.0
42015,43010,
42005,42006,
42005,42006,
42005,42005,
42005,42011,
42005,42004,
42005,42007,21.0
42016,42016,
42016,42007,
42016,42016,
42016,42011,
42016,42016,12.0
42016,42015,
42016,42014,6.0
42016,42007,60.0
42016,42016,
42016,42016,5.0
42016,42015,9.0
42016,33005,
42016,42007,
42016,42016,42.0
42016,42005,6.0
42016,42011,
42016,42013,
42016,42016,44.0
42016,42015,
42016,42015,6.0
42016,42014,5.0
42016,42007,122.0
42016,42016,
42016,42015,11.0
42004,42004,10.0
42004,42011,
42004,42006,
42004,42004,27.0
42004,42007,
42006,33005,
42006,35014,
42006,42006,
42006,42004,
42006,42006,500.0
42006,42005,
42006,42011,
42006,42006,26.0
42006,42004,7.0
42006,42007,
42006,42007,14.0
42006,42006,6.0
42009,42010,
42010,42010,5.0
42010,42010,
42010,42008,
42001,42002,
42001,42001,7.0
42001,42001,44.0
42001,42013,
42001,42001,6.0
42001,42002,5.0
42001,42003,
42001,42002,
42001,42001,14.0
42003,42002,7.0
42003,42011,
42003,42013,
42003,42001,6.0
42003,42002,7.0
42003,42003,10.0
42003,42002,10.0
42003,42001,
42010,42009,
42010,42010,9.0
42010,42009,
42010,42010,17.0
42010,42010,
42010,42010,6.0
42010,42008,7.0
42010,42009,
42001,42001,
42001,42001,
42001,42002,
42010,42010,10.0
42010,42010,
42010,42010,
42010,42008,
42010,42009,
42002,42002,
42002,42002,
42002,42002,6.0
42002,42001,
42012,42012,14.0
42012,42011,
42012,42012,
42012,42012,
42010,42010,7.0
42010,42009,
42010,42010,45.0
42010,42005,
42010,42013,
42010,42010,9.0
42010,42008,5.0
42010,42009,7.0
42012,42011,17.0
42012,42012,
42012,42012,
42012,42007,36.0
42012,42012,7.0
42005,33005,
42005,42006,
42005,42006,12.0
42005,42002,
42005,42007,
42005,42005,89.0
42005,42011,10.0
42005,42015,
42005,42007,274.0
42005,42007,16.0
42005,35041,
42005,41002,
42005,42005,
42005,42007,
42005,42004,
42005,42005,5.0
42005,42005,39.0
42005,42011,
42005,42007,101.0
42005,42007,6.0
42005,42012,
42005,50015,
42001,42002,
42001,42001,6.0
42001,42001,47.0
42001,42001,9.0
42001,42002,7.0
42001,42003,
42001,42002,
42001,42007,
42001,42001,19.0
42011,42005,
42011,42011,39.0
42011,42012,
42011,42012,16.0
42004,42005,
42004,42004,175.0
42004,42011,5.0
42004,42004,96.0
42004,42007,16.0
42004,42004,
42008,42010,
42008,42009,
42008,42008,
42008,42010,
42008,42008,
42014,42014,
42014,42005,
42014,42014,
42014,42011,
42014,42016,
42014,42015,
42014,42015,9.0
42014,42014,13.0
42014,42007,14.0
42014,42014,
42014,42015,15.0
42016,42007,
42016,42015,
42016,42005,
42016,42016,18.0
42016,42011,
42016,42016,13.0
42016,42015,
42016,42015,7.0
42016,42014,6.0
42016,42007,
42016,42016,
42016,42015,14.0
42017,15003,
42017,33004,
42017,42006,
42017,42017,
42017,42004,
42017,42005,14.0
42017,42017,449.0
42017,42011,168.0
42017,42012,15.0
42017,42004,
42017,42007,
42017,42006,
42017,42012,36.0
42002,42002,
42002,42001,
42002,42003,
42002,42002,
42002,42001,
42008,42013,
42008,42009,9.0
42008,42010,6.0
42008,42017,
42008,42008,33.0
42008,42011,
42008,42010,26.0
42008,42008,56.0
42008,42009,22.0
42008,42007,
42008,43020,
42011,12002,
42011,33006,
42011,35041,
42011,35016,
42011,41002,
42011,41002,
42011,42006,
42011,42005,
42011,42011,3212.0
42011,42016,
42011,42004,
42011,42007,118.0
42011,42012,14.0
42011,43011,
42011,52001,
42004,42004,22.0
42004,42011,
42004,42006,
42004,42004,12.0
42004,42004,
42003,42001,
42003,42007,
42003,42002,
42003,42003,15.0
42003,42001,
42008,42008,
42008,42010,
42013,24007,
42013,35016,
42013,42013,215.0
42013,42006,
42013,42013,34.0
42013,42013,61.0
42013,42009,43.0
42013,42010,19.0
42013,42005,
42013,42011,15.0
42013,42013,107.0
42013,42010,43.0
42013,42008,83.0
42013,42013,110.0
42013,42009,112.0
42013,42013,24.0
42013,42007,66.0
42013,42007,16.0
42013,42013,32.0
42013,43004,
42013,52014,
42016,42014,
42016,42016,5.0
42016,42007,
42016,42015,
42016,42016,
42016,42005,
42016,42011,
42016,42016,650.0
42016,42015,
42016,42015,6.0
42016,42014,5.0
42016,42007,74.0
42016,42007,19.0
42016,42016,8.0
42016,42015,15.0
42003,42002,
42003,42003,
42003,42002,
42003,42003,
42004,42005,
42004,42011,
42004,42004,
42004,42004,77.0
42004,42007,8.0
42004,42004,10.0
42015,42013,
42015,42016,
42015,42011,
42015,42016,
42015,42015,69.0
42015,42015,
42015,42015,
42015,42014,7.0
42015,42009,
42015,42007,
42015,42015,7.0
42015,52001,
42009,42009,
42009,42009,7.0
42009,42010,6.0
42009,42008,11.0
42009,42009,6.0
42009,42004,
42007,42007,
42007,42004,
42007,42011,
42007,42007,7.0
42010,42010,6.0
42010,42009,
42010,42011,
42010,42010,55.0
42010,42008,
42004,42004,84.0
42004,42005,
42004,42004,43.0
42004,42007,
42004,42004,6.0
42005,42006,
42005,42011,
42005,42007,16.0
42008,42009,
42008,42010,
42008,42005,
42008,42008,5.0
42008,42010,10.0
42008,42008,25.0
42008,42009,
42009,42009,
42009,42009,
42012,42005,
42012,42011,49.0
42012,42012,
42012,42007,37.0
42012,42012,19.0
42007,42007,11.0
42012,42017,
42012,42011,7.0
42012,42012,
42012,42012,
42012,42012,
42014,42014,19.0
42014,42015,
42014,42014,18.0
42014,42007,36.0
42014,42015,5.0
42001,42002,11.0
42001,42001,
42001,42001,16.0
42001,42001,15.0
42001,42002,7.0
42001,42003,10.0
42001,42002,5.0
42001,42007,
42001,42007,15.0
42001,42001,10.0
42003,42003,
42017,42005,
42017,42017,6.0
42017,42011,27.0
42017,42017,12.0
42017,42007,
42017,42012,
42017,43010,
42009,42009,
42009,42009,
42014,42014,
42014,42016,
42014,42014,9.0
42014,42015,6.0
42014,42014,
42014,42016,
42014,42015,
42004,42004,16.0
42004,42004,9.0
42001,31084,
42001,42001,
42001,42013,
42001,42001,
42001,42002,
42001,42003,
42001,42002,
42001,42001,
42001,42010,
42001,42002,10.0
42001,42001,8.0
42001,42007,
42001,42001,
42001,42005,
42001,42013,
42001,42001,63.0
42001,42002,
42001,42003,
42001,42002,
42001,42001,9.0
42008,42009,28.0
42008,42010,
42008,42013,
42008,42016,
42008,42010,5.0
42008,42008,8.0
42008,42009,7.0
42012,42011,7.0
42012,42013,
42012,42008,
42012,42012,5.0
42012,42007,
42012,42012,
42015,42015,
42015,42015,
42015,42005,5.0
42015,42011,
42015,42013,
42015,42016,5.0
42015,42015,
42015,42015,29.0
42015,42014,6.0
42015,42007,
42015,42015,6.0
42015,52001,
42014,42015,
42014,42014,
42014,42014,
42005,42007,
42005,42005,13.0
42005,42011,13.0
42005,42005,
42005,42013,
42005,42006,
42005,42007,145.0
42005,42006,
42005,42012,
42002,42002,
42002,42001,
42002,42001,
42002,42003,
42002,42002,
42002,42001,
42002,42013,
42002,42001,
42002,42002,
42002,42002,
42002,42001,
42007,42006,
42007,42006,
42007,42007,42.0
42007,42007,
42015,42015,
42015,42005,
42015,42011,
42015,42016,
42015,42015,
42015,42015,20.0
42015,42014,
42015,42015,7.0
42003,42003,
42003,42003,9.0
42015,42016,
42015,42016,
42015,42005,
42015,42011,
42015,42016,13.0
42015,42015,6.0
42015,42015,15.0
42015,42015,220.0
42015,42014,16.0
42015,42007,
42015,42015,25.0
42013,42013,33.0
42013,42013,
42013,42009,8.0
42013,42010,
42013,42011,
42013,42013,12.0
42013,42010,
42013,42008,
42013,42013,83.0
42013,42004,
42013,42009,6.0
42013,42007,6.0
42013,42004,5.0
42008,42008,12.0
42008,42009,
42008,42010,
42008,42010,
42008,42008,6.0
42008,42009,
42003,42003,
42003,42005,
42003,42001,
42003,42003,
42003,42001,
42002,42002,
42002,42010,
42002,42002,
42013,42013,5.0
42013,42013,
42013,42013,
42013,42009,
42013,42010,
42013,42011,
42013,42010,6.0
42013,42013,
42013,42013,
42007,26010,
42007,42016,
42007,42007,147.0
42007,42005,
42007,42011,18.0
42007,42013,
42007,42010,
42007,42015,
42007,42012,
42007,42007,1382.0
42007,42007,
42007,43017,6.0
42001,42002,
42001,42001,5.0
42001,42005,
42001,42001,11.0
42001,42001,
42001,42002,6.0
42001,42003,12.0
42001,42002,
42001,42001,
42013,42013,6.0
42013,42009,
42013,42013,
42013,42010,
42013,42013,9.0
42013,42009,
42013,42007,
42002,42002,
42002,42002,11.0
42002,42001,8.0
42002,42011,
42002,42001,12.0
42002,42002,37.0
42002,42003,10.0
42002,42002,
42002,42007,10.0
42002,42001,10.0
42012,42005,
42012,42011,7.0
42012,42012,106.0
42012,42009,
42012,42007,6.0
42012,42012,9.0
42001,42002,
42001,42001,5.0
42001,42001,
42001,42011,
42001,42001,6.0
42001,42002,
42001,42003,
42001,42002,
42001,42001,5.0
42014,42014,
42014,42005,
42014,42016,
42014,42015,
42014,42014,13.0
42014,42014,17.0
42014,42015,
42014,43004,5.0
42003,42003,11.0
42007,42007,5.0
42007,42007,31.0
42016,42016,
42016,42015,
42016,42015,
42016,42016,10.0
42016,42015,
42005,42005,
42005,42007,
42005,42005,
42005,42011,6.0
42005,42007,68.0
42010,42010,5.0
42010,42010,
42010,42010,
42010,42008,
42010,42010,
42016,42016,
42016,42011,
42016,42016,55.0
42016,42015,
42016,42014,
42016,42007,
42016,42016,21.0
42016,42015,8.0
42004,42005,
42004,42004,14.0
42004,42004,16.0
42005,42006,
42005,42005,6.0
42005,42011,
42005,42008,
42005,42007,71.0
42002,42002,
42002,42002,6.0
42002,42001,
42002,42005,
42002,42011,
42002,42001,
42002,42002,14.0
42002,42002,12.0
42002,42003,
42002,42002,
42002,42001,14.0
42009,42010,
42009,42009,
42009,42005,
42009,42010,5.0
42009,42008,
42009,42009,
42009,42009,
42010,42010,5.0
42010,42009,
42010,42010,
42010,42011,
42010,42010,10.0
42010,42008,6.0
42010,42009,
42002,42001,
42002,42002,
42002,42003,
42002,42001,
42006,42006,
42006,42008,
42006,42006,214.0
42006,42006,
42006,42004,
42013,42013,6.0
42013,42013,
42013,42009,
42013,42010,
42013,42010,
42013,42008,
42013,42013,
42013,42009,
42013,42013,
42009,42009,44.0
42009,42010,
42009,42009,
42003,42002,
42003,42001,
42003,42011,
42003,42001,
42003,42002,
42003,42003,61.0
42003,42002,
42003,42001,5.0
42005,42005,
42005,42007,
42005,42005,8.0
42005,42005,
42005,42013,
42005,42007,86.0
42012,41006,5.0
42012,42005,
42012,42011,
42012,42003,
42012,42012,
42004,42013,
42004,42009,
42004,42004,
42004,42011,
42004,42013,
42004,42004,110.0
42004,42006,
42004,42004,49.0
42004,42009,
42004,42007,
42004,42004,
42004,42004,5.0
42014,42011,
42014,42015,
42014,42014,131.0
42014,42015,
42010,42010,7.0
42004,42004,11.0
42004,42005,
42004,42004,
42004,42011,
42004,42004,166.0
42004,42004,78.0
42004,42007,
42004,42004,12.0
42004,42004,9.0
42001,42001,
42001,42001,
42001,42003,
42001,42001,
42002,42002,
42002,42002,
42002,42001,
42002,42002,5.0
42002,42003,15.0
42002,42002,41.0
42002,42001,5.0
42007,42007,
42007,42007,12.0
42009,42009,
42009,42009,
42009,42010,
42009,42005,
42009,42010,5.0
42009,42008,13.0
42009,42009,11.0
42009,42009,
42004,42005,
42004,42004,44.0
42004,42004,20.0
42004,42007,
42004,42004,
42004,42006,
42004,42004,56.0
42004,42004,
42004,42004,47.0
42004,42004,
42006,42006,
42006,42011,
42006,42013,
42006,42006,87.0
42006,42004,
42006,42006,11.0
42004,42004,
42004,42006,
42004,42005,8.0
42004,42011,11.0
42004,42013,8.0
42004,42004,565.0
42004,42009,19.0
42004,42007,
42004,42004,62.0
42016,42016,
42016,42016,
42016,42016,
42016,42007,
42016,42015,
42012,41002,
42012,42017,
42012,42011,28.0
42012,42012,
42012,42004,
42012,42012,31.0
42012,42012,
42012,42012,10.0
42013,42009,
42013,42009,
42013,42007,13.0
42013,42013,
42002,42002,
42002,42002,
42002,42001,
42002,42001,10.0
42002,42002,32.0
42002,42003,
42002,42002,
42002,42001,
42006,42006,
42006,42011,
42006,42012,
42006,42006,22.0
42006,42004,12.0
42006,42007,46.0
42006,42006,58.0
42006,42004,
42001,42002,
42001,42005,
42001,42002,
42001,42003,
42001,42007,
42001,42001,
42001,42001,
42004,42011,
42004,42004,31.0
42004,42004,58.0
42001,42002,
42001,42001,
42009,42009,
42009,42008,
42009,42013,
42009,42010,6.0
42009,42008,5.0
42009,42009,36.0
42009,42009,
42016,42016,
42016,42015,
42016,42005,
42016,42016,
42016,42011,
42016,42016,17.0
42016,42015,
42016,42015,11.0
42016,42014,8.0
42016,42007,
42016,42016,
42016,42015,11.0
42009,42013,
42009,42009,9.0
42009,42010,
42009,42005,
42009,42011,
42009,42013,
42009,42010,15.0
42009,42008,19.0
42009,42009,51.0
42001,42001,
42001,42001,18.0
42016,42016,
42016,42007,
42016,42015,
42014,42014,
42014,42005,
42014,42011,
42014,42016,
42014,42015,
42014,42014,35.0
42014,42014,38.0
42014,42015,7.0
42004,42011,
42004,42012,19.0
42004,42004,25.0
42004,42004,11.0
42004,42007,
42004,42004,
42001,42001,
42001,42001,
42001,42003,
42001,42001,
42002,42003,
42002,42002,7.0
42007,42007,11.0
42007,42011,
42007,42007,228.0
42003,42003,
42003,42002,
42003,42001,
42003,42001,
42003,42002,
42003,42003,
42003,42001,
42012,41009,
42012,42005,
42012,42011,46.0
42012,42013,
42012,42012,10.0
42012,42012,18.0
42012,42007,
42012,42012,8.0
42007,42007,9.0
42002,42002,
42002,42001,
42002,42005,
42002,42013,
42002,42001,
42002,42002,
42002,42003,
42002,42002,
42002,42001,8.0
42002,43023,
42009,42009,37.0
42009,42009,
42003,42002,
42003,42002,
42003,42003,8.0
42003,42002,
42003,42001,
42011,41002,
42011,42005,6.0
42011,42017,
42011,42011,78.0
42011,42012,
42011,42011,6.0
42011,42007,75.0
42011,42012,6.0
42001,42002,
42001,42001,5.0
42001,42001,11.0
42001,42002,
42001,42001,24.0
42001,42001,10.0
42007,42007,14.0
42007,42011,5.0
42007,42007,29.0
42007,42007,76.0
42007,42007,
42007,43007,
42007,51003,
42017,42011,5.0
42014,42014,
42014,42011,
42014,42016,
42014,42015,
42014,42014,85.0
42014,42014,5.0
42014,42015,
42014,43004,
42013,42013,19.0
42013,42009,5.0
42013,42010,7.0
42013,42013,7.0
42013,42010,8.0
42013,42008,10.0
42013,42009,15.0
42013,42013,196.0
42013,42007,
42013,42016,
42007,42013,
42007,42013,
42007,42007,159.0
42007,42010,
42007,42005,
42007,42011,18.0
42007,42007,2718.0
42007,42007,177.0
42007,42016,
42001,42002,5.0
42001,42001,
42001,42013,
42001,42001,5.0
42001,42002,8.0
42001,42003,
42001,42002,
42001,42001,18.0
42001,42001,
42001,42001,5.0
42013,42013,
42013,42013,
42013,42013,
42013,42009,
42013,42010,
42013,42013,
42013,42010,
42013,42008,
42013,42013,
42013,42009,
42013,42013,
42003,42002,
42003,42001,
42003,42011,
42003,42001,7.0
42003,42002,11.0
42003,42003,
42003,42002,10.0
42003,42003,170.0
42003,42001,8.0
42016,42016,
42016,42016,34.0
42016,42011,5.0
42016,42016,21.0
42016,42015,
42016,42015,6.0
42016,42015,
42016,42014,10.0
42016,42016,
42016,42015,13.0
42016,42015,
42016,42014,
42016,42016,
42016,42015,
42001,42001,
42001,42013,
42001,42001,
42001,42001,
42001,42002,10.0
42001,42001,
42001,42003,
42001,42002,22.0
42001,42001,28.0
42001,42005,
42001,42011,
42001,42013,
42001,42001,
42001,42001,23.0
42001,42002,26.0
42001,42003,13.0
42001,42002,
42001,42001,
42001,42001,44.0
42007,42007,
42007,42007,25.0
42007,42007,314.0
42001,42002,5.0
42001,42001,
42001,42001,6.0
42001,42002,5.0
42001,42003,8.0
42001,42002,
42001,42001,5.0
42017,42017,
42017,42005,
42017,42017,35.0
42017,42011,16.0
42017,42012,
42017,42012,
42010,42002,
42010,42010,7.0
42010,42009,
42010,42010,
42010,42013,
42010,42010,25.0
42010,42008,7.0
42010,42009,5.0
42010,42007,23.0
42010,42010,28.0
42002,42002,
42002,42001,
42002,42002,
42015,42014,
42015,42016,
42015,42015,19.0
42015,42015,
42015,42014,7.0
42015,42007,
42015,42015,11.0
42014,42014,14.0
42014,42016,
42014,42005,
42014,42011,
42014,42016,5.0
42014,42015,
42014,42015,5.0
42014,42014,76.0
42014,42007,5.0
42014,42014,152.0
42014,42015,21.0
42002,42001,
42004,42006,
42004,42011,
42004,42004,57.0
42004,42004,
42004,42007,
42004,42004,130.0
42004,42004,16.0
42009,42009,5.0
42009,42005,
42009,42010,
42009,42008,12.0
42009,42009,10.0
42009,42009,48.0
42001,42002,
42001,42001,
42001,42001,
42001,42002,
42001,42003,
42001,42001,
42007,42007,13.0
42007,42015,
42007,42007,140.0
42007,42007,36.0
42014,42014,
42014,42016,
42014,42015,
42014,42014,
42014,42015,
42014,42014,10.0
42014,42007,
42014,42014,16.0
42014,42015,
42006,41002,
42006,42006,
42006,42006,
42006,42011,7.0
42006,42013,
42006,42006,112.0
42006,42004,18.0
42006,42007,7.0
42006,42006,321.0
42006,42004,
42006,43010,
42009,42009,
42009,42009,5.0
42009,42010,
42009,42004,17.0
42012,42005,
42012,42011,20.0
42012,42012,
42012,42007,
42012,42012,32.0
42015,42011,
42015,42016,
42015,42015,
42015,42015,
42015,42015,
42015,42007,
42016,42005,
42016,42016,
42016,42014,
42016,42016,
42016,42016,
42016,42015,6.0
42008,42009,
42008,42005,
42008,42008,8.0
42008,42010,9.0
42008,42008,10.0
42008,42009,
42004,42009,
42004,42011,
42004,42004,39.0
42004,42004,105.0
42016,42016,15.0
42016,42016,
42016,42013,
42016,42007,
42016,42015,
42016,42005,6.0
42016,42011,14.0
42016,42016,210.0
42016,42015,10.0
42016,42015,159.0
42016,42014,43.0
42016,42007,108.0
42016,42007,16.0
42016,42016,491.0
42016,42013,
42016,42015,92.0
42001,42001,
42001,42002,
42001,42003,
42001,42001,44.0
42014,42014,
42014,42016,
42014,42005,
42014,42011,6.0
42014,42016,7.0
42014,42015,
42014,42014,
42014,42015,
42014,42014,14.0
42014,42014,
42014,42015,8.0
42002,42001,
42002,42001,
42002,42002,
42002,42002,
42002,42003,
42002,42001,
42013,42013,5.0
42013,42013,
42013,42009,
42013,42007,
42013,42013,
42013,42010,
42013,42008,
42013,42009,
42013,42013,
42013,42007,11.0
42013,42013,30.0
42013,42013,
42013,42013,
42013,42009,
42013,42010,
42013,42013,
42013,42010,
42013,42013,
42013,42009,
42013,42013,
42015,42015,
42015,42007,
42015,42005,
42015,42011,5.0
42015,42013,
42015,42016,
42015,42015,
42015,42015,10.0
42015,42014,9.0
42015,42007,
42015,42015,108.0
42003,42002,
42003,42003,
42008,42008,11.0
42008,42009,
42008,42008,
42008,42013,
42008,42010,5.0
42008,42008,5.0
42008,42009,
42008,42010,
42008,42008,5.0
42008,42010,
42008,42008,7.0
42008,42009,5.0
42004,42006,
42004,42004,
42004,42013,
42004,42006,
42004,42004,7.0
42004,42004,
42009,42009,17.0
42009,42007,
42009,42010,8.0
42009,42005,
42009,42011,
42009,42013,
42009,42010,53.0
42009,42008,57.0
42009,42009,
42009,42009,41.0
42009,42007,9.0
42009,42009,
42009,42009,8.0
42004,42004,6.0
42004,42011,
42004,42004,5.0
42004,42004,16.0
42004,42004,5.0
42004,42005,
42004,42004,7.0
42004,42004,
42004,42004,10.0
42003,42010,
42003,42002,6.0
42003,42001,14.0
42003,42013,
42003,42001,11.0
42003,42002,22.0
42003,42003,64.0
42003,42002,22.0
42003,42007,36.0
42003,42001,13.0
42003,42003,47.0
42003,42003,
42010,42010,
42010,42009,
42010,42010,
42010,42009,
42003,42002,8.0
42003,42001,8.0
42003,42001,10.0
42003,42002,12.0
42003,42003,6.0
42003,42002,5.0
42003,42001,6.0
42003,42003,38.0
42003,50015,
42008,42008,7.0
42008,42010,
42008,42013,
42008,42010,6.0
42008,42008,
42015,42015,
42015,42015,85.0
42015,42005,6.0
42015,42011,6.0
42015,42013,
42015,42016,15.0
42015,42015,
42015,42015,12.0
42015,42014,7.0
42015,42007,34.0
42015,42014,
42015,42015,8.0
43022,43022,11.0
43018,43017,
43018,43018,
43018,43017,
43018,43017,
43018,43018,
43018,43018,10.0
43001,43001,
43001,43002,
43001,43027,
43001,43028,
43001,43001,17.0
43001,43001,15.0
43001,43002,5.0
43001,43027,
43001,43001,5.0
43013,43013,25.0
43013,43013,
43013,43013,
43013,43013,18.0
43013,43015,
43013,43011,
43013,43013,
43013,43015,
43014,43014,132.0
43014,43014,16.0
43014,43014,5.0
43014,43007,
43014,43014,
43014,43014,19.0
43014,43007,
43003,43003,523.0
43003,43013,
43003,43008,
43003,43010,5.0
43003,43001,10.0
43003,43002,
43003,43011,
43003,43003,
43003,43003,
43014,43014,11.0
43014,43014,7.0
43014,43013,
43014,43014,15.0
43014,43013,7.0
43014,43014,
43017,43017,10.0
43017,43013,
43017,43017,
43017,43014,
43015,43015,31.0
43015,43025,
43015,43015,
43015,43015,7.0
43015,43015,
43015,43015,31.0
43015,43020,
43019,43019,5.0
43019,43017,
43026,43023,6.0
43026,43026,6.0
43026,43026,11.0
43010,26010,
43010,42014,
43010,42005,
43010,42016,
43010,43010,43.0
43010,43009,8.0
43010,43008,6.0
43010,43023,14.0
43010,43009,
43010,43007,7.0
43010,43008,
43010,43023,
43010,43010,
43010,43009,
43010,43006,
43010,43008,32.0
43010,43007,
43010,43006,
43010,43007,
43010,43010,352.0
43010,43021,
43010,43006,
43010,43007,
43010,43021,
43010,43008,54.0
43010,43008,30.0
43010,43006,
43010,43006,5.0
43010,43010,119.0
43021,43009,
43021,43021,
43021,43021,11.0
43021,43010,
43021,43021,
43021,43021,16.0
43015,43025,
43015,43015,6.0
43015,43015,17.0
43015,43015,14.0
43015,43015,6.0
43015,43015,7.0
43015,43015,5.0
43018,43017,
43018,43023,7.0
43018,43025,7.0
43029,43029,
43029,43029,15.0
43029,43029,
43029,43030,6.0
43029,43029,6.0
43029,43029,
43029,43030,
43029,43030,
43026,43026,86.0
43026,43023,20.0
43026,43026,
43026,43026,
43026,43025,
43026,43010,
43009,43009,9.0
43009,43021,9.0
43007,43023,
43007,43007,
43007,43006,
43007,43007,
43007,43007,
43007,43006,
43007,43007,
43007,43010,5.0
43007,43008,
43007,43007,19.0
43007,43006,
43007,43006,9.0
43016,43016,
43016,43016,
43016,43015,
43016,43016,5.0
43016,43016,
43016,43018,
43016,43017,
43016,43020,
43029,43029,189.0
43029,43029,
43029,43023,8.0
43029,43029,
43029,43030,
43029,43029,9.0
43029,43017,
43029,43021,14.0
43029,43010,
43029,43028,
43029,43029,
43029,43030,
43004,43023,7.0
43004,43005,5.0
43004,43010,7.0
43004,43005,
43004,43006,
43004,43021,
43004,43006,
43004,43004,16.0
43021,43021,5.0
43021,43021,7.0
43009,43009,17.0
43009,43008,
43009,43010,23.0
43009,43028,
43009,43009,24.0
43009,43021,
43009,43008,
43009,43006,
43009,43030,
43009,43006,
43009,43010,
43027,43027,82.0
43027,43027,
43027,43027,
43027,43028,
43027,43029,
43027,43001,
43027,43021,
43027,43010,
43027,43028,
43027,43027,
43027,43001,
43021,43021,193.0
43021,43021,20.0
43021,43021,
43021,43021,
43019,43029,18.0
43019,43019,
43019,43017,
43019,43017,
43019,43023,
43019,43029,
43019,43018,
43019,43017,
43019,43017,7.0
43019,43018,
43019,43019,
43013,43013,103.0
43013,43013,
43013,43013,
43013,43013,16.0
43013,43011,
43016,43015,
43016,43016,11.0
43016,43018,
43016,43018,
43022,43022,277.0
43022,43027,
43022,43027,
43022,43008,
43022,43013,
43022,43021,
43022,43021,112.0
43022,43021,
43022,43010,23.0
43022,43021,5.0
43022,43001,
43022,43003,
43022,43003,
43022,43021,
43005,43008,
43005,43023,
43005,43008,
43005,43005,23.0
43005,43010,11.0
43005,43001,
43005,43005,9.0
43005,43021,
43005,43008,
43005,43006,
43005,43004,6.0
43005,43005,
43008,43026,
43008,43008,11.0
43016,43016,6.0
43016,43015,
43016,43016,18.0
43016,43016,
43016,43020,
43009,43009,
43009,43009,
43009,43008,
43009,43010,
43009,43028,
43009,43009,9.0
43009,43021,
43009,43030,
43018,43018,9.0
43018,43017,7.0
43018,43018,5.0
43018,43018,
43018,43017,
43018,43019,
43018,43018,
43015,43015,
43015,43015,5.0
43015,43015,
43015,43015,
43015,43015,6.0
43003,43003,
43003,43021,15.0
43003,43003,
43003,43003,6.0
43009,43009,9.0
43009,43009,
43009,43007,
43009,43009,
43009,43008,
43009,43021,
43009,43010,11.0
43009,43021,
43009,43008,
43009,43008,
43016,43016,
43016,43016,
43020,43020,
43020,43020,
43020,43020,7.0
43019,43027,
43019,43029,
43019,43017,
43019,43019,
43019,43018,
43019,43017,27.0
43019,43010,
43019,43029,7.0
43019,43018,
43019,43017,9.0
43019,43019,11.0
43016,43016,
43016,43017,
43016,43021,
43016,43020,
43025,43025,375.0
43025,43023,37.0
43025,43026,
43025,43026,6.0
43025,43006,
43025,43023,
43025,43010,
43025,43001,
43025,43028,
43020,43015,
43020,43020,5.0
43020,43020,
43020,43020,5.0
43014,43014,11.0
43014,43014,13.0
43014,43014,
43014,43014,
43014,43014,20.0
43014,43011,
43012,43012,
43012,43013,
43012,43013,
43012,43013,
43012,43017,
43012,43012,
43012,43013,
43025,43025,12.0
43024,43025,
43024,43024,11.0
43024,43023,79.0
43024,43026,
43024,43026,
43024,43025,
43024,43017,
43024,43010,
43024,43006,
43026,43026,9.0
43026,43023,9.0
43026,43026,
43026,43026,13.0
43026,43008,
43026,43025,
43026,43010,
43026,43008,30.0
43026,43025,
43015,43015,
43015,43015,
43015,43015,
43015,43015,14.0
43030,43029,8.0
43030,43030,
43030,43029,
43030,43023,
43030,43029,8.0
43030,43030,8.0
43030,43029,29.0
43030,43021,
43030,43010,6.0
43030,43029,
43030,43008,
43030,43030,
43030,43030,14.0
43030,43005,
43030,43028,
43029,43029,93.0
43029,43029,
43029,43028,
43029,43030,
43011,43011,
43011,43011,
43011,43011,8.0
43013,43013,
43013,43013,12.0
43013,43021,
43020,43013,
43020,43013,
43020,43020,
43020,43015,
43020,43017,
43020,43020,
43020,43013,7.0
43008,43008,28.0
43008,43010,
43009,43009,
43009,43009,
43009,43008,
43009,43009,9.0
43009,43007,
43009,43008,7.0
43009,43010,33.0
43009,43028,
43009,43006,
43009,43009,
43009,43007,
43009,43021,
43009,43008,11.0
43009,43008,
43009,43006,
43009,43030,
43027,43027,
43027,43027,132.0
43027,43027,10.0
43027,43007,
43027,43021,5.0
43027,43010,
43027,43028,
43027,43001,
43027,43003,
43002,43002,50.0
43002,43002,
43002,43001,15.0
43002,43002,
43002,43002,
43027,43029,
43027,43027,16.0
43027,43027,9.0
43027,43027,329.0
43027,43028,5.0
43027,43029,5.0
43027,43017,
43027,43021,11.0
43027,43010,22.0
43027,43028,7.0
43027,43001,
43027,43002,
43027,43021,
43027,43030,
43027,43028,
43010,43010,
43010,43009,6.0
43010,43008,13.0
43010,43023,48.0
43010,43009,
43010,43007,5.0
43010,43008,
43010,43010,
43010,43007,
43010,43008,20.0
43010,43006,
43010,43007,
43010,43010,134.0
43010,43006,5.0
43010,43021,15.0
43010,43011,
43010,43008,12.0
43010,43007,
43010,43008,9.0
43010,43006,14.0
43010,43004,
43010,43006,12.0
43010,43028,
43010,43010,13.0
43018,43023,
43018,43018,10.0
43018,43018,
43018,43018,7.0
43018,43018,
43011,43011,
43011,43011,
43011,43011,
43011,43011,9.0
43015,43015,47.0
43015,43023,
43015,43015,7.0
43015,43015,10.0
43015,43015,5.0
43015,43015,
43015,43015,
43009,24007,
43009,43009,323.0
43009,43021,
43009,43009,
43009,43009,
43009,43021,53.0
43009,43010,24.0
43009,43021,
43009,43006,
43009,43021,55.0
43009,43008,8.0
43009,43007,
43009,43010,
43017,43017,17.0
43017,43017,
43017,43019,
43006,42014,
43006,43006,41.0
43006,43023,12.0
43006,43006,
43006,43010,
43006,43006,8.0
43006,43008,
43006,43006,
43006,43006,5.0
43024,43023,9.0
43024,43026,
43014,43014,58.0
43014,43014,
43014,43011,12.0
43014,43014,
43014,43014,
43014,43014,18.0
43016,43016,
43016,43017,
43016,43020,
43007,43007,65.0
43007,43008,7.0
43007,43023,
43007,43007,15.0
43007,43026,
43007,43006,9.0
43007,43007,15.0
43007,43008,6.0
43007,43007,12.0
43007,43007,
43007,43010,41.0
43007,43005,5.0
43007,43006,11.0
43007,43007,
43007,43008,21.0
43007,43007,25.0
43007,43008,10.0
43007,43006,19.0
43007,43006,39.0
43007,52001,
43013,43013,
43013,43013,14.0
43013,43013,
43013,43013,
43013,43013,
43013,43013,12.0
43013,43015,
43019,43019,
43019,43017,
43019,43001,
43019,43019,
43019,43019,
43028,43027,
43028,43027,
43028,43028,207.0
43028,43017,
43028,43028,9.0
43028,43028,
43014,43014,16.0
43014,43014,84.0
43014,43014,
43014,43014,11.0
43022,43022,
43022,43022,9.0
43022,43010,
43022,43007,
43023,33005,
43023,42013,
43023,43023,273.0
43023,43023,78.0
43023,43026,
43023,43026,5.0
43023,43026,
43023,43006,5.0
43023,43029,
43023,43025,
43023,43023,
43023,43006,
43023,43021,
43023,43010,9.0
43023,43006,
43023,43008,
43023,43006,10.0
43021,43021,225.0
43021,43021,
43021,43021,33.0
43021,43021,
43021,43021,
43021,43021,10.0
43008,25001,
43008,26010,
43008,33005,
43008,35016,
43008,42016,
43008,43022,
43008,43008,1212.0
43008,43009,13.0
43008,43008,
43008,43006,
43008,43007,
43008,43008,
43008,43007,
43008,43021,
43008,43010,58.0
43008,43001,
43008,43005,
43008,43007,
43008,43007,
43008,43008,12.0
43008,43006,
43008,43004,
43029,43029,
43029,43029,
43029,43029,
43029,43030,
43029,43029,8.0
43029,43029,7.0
43029,43008,
43029,43021,9.0
43029,43029,5.0
43029,43029,
43029,43030,
43029,43030,
43029,43028,
43018,43018,
43018,43017,
43018,43025,
43004,43008,
43004,43004,6.0
43004,43023,10.0
43004,43006,
43004,43008,
43004,43005,50.0
43004,43010,42.0
43004,43005,45.0
43004,43006,6.0
43004,43007,
43004,43006,6.0
43004,43004,17.0
43004,43006,
43004,43010,
43004,50016,
43004,52001,
43002,43013,
43002,43002,5.0
43002,43002,
43002,43021,
43021,43021,
43021,43021,49.0
43021,43021,114.0
43021,43021,8.0
43021,43010,
43021,43021,
43021,43005,
43021,43021,19.0
43005,43010,
43005,43005,
43008,43008,
43008,43008,59.0
43008,43007,
43008,43010,
43008,43008,
43029,43029,24.0
43029,43029,
43029,43029,
43017,43017,303.0
43017,43019,6.0
43017,43026,
43017,43018,
43017,43017,
43017,43018,
43017,43017,65.0
43017,43018,
43017,43012,
43017,43001,
43017,43020,
43017,43017,8.0
43017,43019,
43005,43005,
43005,43005,75.0
43025,24007,
43025,43025,34.0
43025,43025,130.0
43025,43023,60.0
43025,43026,8.0
43025,43026,7.0
43025,43026,
43025,43023,
43025,43010,
43025,43008,
43016,43016,5.0
43016,43016,
43016,43018,
43017,43017,
43017,43017,42.0
43017,43017,
43017,43017,
43018,43018,5.0
43018,43017,
43018,43018,
43018,43017,10.0
43018,43017,
43018,43018,
43013,43013,
43013,43014,
43013,43013,16.0
43013,43013,
43013,43013,
43013,43013,48.0
43013,43010,
43013,43013,
43013,43011,
43013,43015,
43023,13001,
43023,35041,
43023,35041,
43023,42010,
43023,42002,
43023,42007,
43023,43025,
43023,43023,3939.0
43023,43026,
43023,43026,
43023,43026,
43023,43008,
43023,43018,
43023,43017,
43023,43010,11.0
43023,43011,
43023,43006,
43023,43004,
43016,43016,
43016,43016,7.0
43021,43021,
43021,43021,40.0
43021,43021,
43021,43010,
43027,43027,
43027,43027,17.0
43027,43028,
43027,43001,
43020,43009,
43020,43015,
43020,43015,
43020,43020,9.0
43020,43020,5.0
43020,43017,5.0
43020,43015,
43020,43020,
43020,43021,
43020,43015,
43020,43010,
43009,43009,30.0
43009,43009,
43009,43008,
43009,43021,9.0
43009,43010,12.0
43009,43021,28.0
43009,43008,
43011,43014,
43011,43013,
43011,43011,
43011,43011,
43011,43014,
43011,43011,6.0
43011,43011,9.0
43011,43011,5.0
43020,42002,
43020,43017,
43020,43006,
43020,43020,5.0
43020,43020,
43020,43020,16.0
43020,43020,9.0
43009,43009,5.0
43009,43028,
43009,43009,395.0
43009,43008,6.0
43009,43021,
43009,43010,46.0
43009,43028,
43009,43005,
43009,43009,5.0
43009,43021,6.0
43009,43008,6.0
43009,43006,
43009,43030,
43009,43028,
43016,43018,
43016,43017,
43016,43018,
43013,43013,
43013,43013,5.0
43013,43013,
43013,43013,
43013,43014,
43013,43013,
43013,43014,
43013,43013,7.0
43013,43015,
43021,43021,
43021,43021,14.0
43009,43009,15.0
43009,43009,
43009,43021,
43009,43010,
43009,43021,19.0
43005,43008,
43005,43006,
43005,43008,
43005,43005,19.0
43005,43010,27.0
43005,43005,18.0
43005,43008,
43005,43006,
43005,43004,8.0
43005,43006,
43017,43017,
43017,43018,
43017,43017,
43017,43017,
43017,43020,7.0
43030,43029,
43030,43030,18.0
43012,41015,
43012,43019,5.0
43012,43017,
43012,43012,
43012,43012,
43013,43013,
43013,43013,31.0
43013,43013,
43013,43013,12.0
43013,43015,
43013,43017,
43013,43012,
43013,43011,
43013,43013,
43020,43013,
43020,43015,
43020,43015,
43020,43020,13.0
43020,43017,
43020,43017,
43020,43020,31.0
43020,43020,9.0
43029,43029,
43029,43029,
43029,43030,
43029,43029,
43029,43029,
43017,43017,5.0
43017,43017,
43013,43013,
43013,43013,
43013,43013,17.0
43013,43010,
43013,43011,
43013,43013,
43020,43013,
43020,43013,
43020,43015,
43020,43015,
43020,43017,
43020,43020,
43020,43011,
43020,43013,5.0
43020,43020,5.0
43025,43025,11.0
43025,43025,
43025,43023,14.0
43025,43026,
43025,43026,
43025,43025,
43025,43010,
43025,43025,15.0
43017,43017,
43017,43017,
43017,43017,5.0
43017,43018,
43017,43017,13.0
43017,43018,
43013,43014,
43013,43013,
43013,43013,
43013,43013,54.0
43013,43014,
43013,43013,6.0
43013,43006,
43013,43010,7.0
43013,43014,
43013,43013,6.0
43013,43006,
43013,43015,6.0
43009,43009,11.0
43009,43021,
43009,43021,
43009,43021,
43009,43021,
43009,43010,
43009,43021,40.0
43015,43015,
43015,43015,6.0
43015,43015,
43015,43020,
43015,43015,
43015,43015,
43015,43015,10.0
43015,43015,
43012,43013,5.0
43012,43017,
43012,43013,5.0
43012,43012,
43012,43013,24.0
43012,43020,
43012,43001,
43012,43017,16.0
43012,43010,15.0
43012,43020,
43012,43012,26.0
43012,43014,23.0
43012,43011,
43012,43011,
43012,43020,
43012,43015,
43012,43001,6.0
43016,43016,
43016,43015,
43016,43016,
43016,43017,
43016,43020,
43029,43029,15.0
43029,43029,68.0
43029,43029,9.0
43029,43030,13.0
43029,43029,30.0
43029,43028,
43029,43030,
43029,43030,6.0
43029,43028,
43017,43023,7.0
43017,43017,
43017,43018,
43017,43017,
43017,43025,
43017,43025,
43017,43017,
43017,43020,
43015,43015,
43015,43015,
43015,43015,5.0
43011,43013,
43011,43011,
43011,43011,
43011,43011,5.0
43001,43001,
43001,43001,16.0
43001,43002,
43001,43001,13.0
43007,43008,
43007,43007,160.0
43007,43007,
43007,43007,
43007,43007,
43007,43010,
43007,43006,
43007,43021,
43007,43007,
43007,43006,
43020,43015,
43020,43015,
43020,43020,
43020,43020,
43029,43029,
43009,43009,16.0
43009,43021,
43009,43008,
43009,43021,8.0
43009,43010,7.0
43009,43021,10.0
43009,43008,
43009,43010,
43004,43010,
43004,43006,
43004,43004,19.0
43022,43022,5.0
43022,43022,309.0
43022,43021,48.0
43022,43010,
43022,43003,
43022,43021,
43001,43027,
43001,43001,10.0
43001,43001,
43001,43001,9.0
43001,43002,
43001,43001,
43001,43001,
43014,43014,20.0
43014,43013,
43014,43014,6.0
43014,43014,
43014,43014,6.0
43014,43011,
43014,43015,
43029,43029,
43029,43029,11.0
43029,43030,
43009,43009,14.0
43009,43008,5.0
43009,43023,6.0
43009,43009,12.0
43009,43009,
43009,43006,
43009,43008,14.0
43009,43017,
43009,43021,28.0
43009,43010,96.0
43009,43028,
43009,43005,
43009,43006,
43009,43021,15.0
43009,43008,11.0
43009,43008,
43009,43006,6.0
43009,43030,
43009,43006,6.0
43009,43010,6.0
43029,43029,14.0
43029,43029,
43029,43028,
43029,43023,7.0
43029,43029,190.0
43029,43030,13.0
43029,43029,6.0
43029,43010,6.0
43029,43029,7.0
43029,43030,
43029,43030,
43027,43027,
43027,43027,
43027,43027,10.0
43027,43028,
43027,43009,
43027,43021,9.0
43027,43010,
43027,43028,6.0
43027,43001,
43027,43021,
43027,43010,
43020,43020,
43011,43013,
43011,43011,
43011,43013,
43011,43011,72.0
43011,43011,
43011,43011,
43016,43016,
43016,43015,
43016,43016,13.0
43016,43016,8.0
43016,43017,
43016,43010,
43016,43020,9.0
43016,43011,
43016,43020,
43016,43017,
43016,43023,10.0
43016,43016,9.0
43016,43016,
43016,43016,
43016,43017,
43016,43017,
43016,33005,
43016,42002,
43016,42010,
43016,42009,
43016,43029,
43016,43017,
43016,43017,
43016,43023,7.0
43016,43016,43.0
43016,43016,19.0
43016,43015,6.0
43016,43020,
43016,43029,
43016,43016,40.0
43016,43016,39.0
43016,43018,
43016,43017,35.0
43016,43015,
43016,43010,
43016,43020,43.0
43016,43018,
43016,43020,
43016,43018,
43017,42015,
43017,43017,
43017,43017,
43017,43019,
43017,43017,
43017,43018,
43017,43017,17.0
43017,43018,
43017,43019,
43021,43021,
43021,43021,
43021,43021,
43021,43021,
43021,43021,9.0
43021,43021,
43021,43021,
43021,43021,6.0
43016,43016,
43016,43015,
43016,43016,8.0
43016,43016,7.0
43016,43015,
43016,43010,
43016,43020,
43016,43017,
43015,43015,8.0
43015,43013,
43015,43015,14.0
43015,43015,12.0
43015,43015,10.0
43015,43015,
43015,43015,
43024,43023,14.0
43024,43018,
43015,43015,
43015,43015,
43015,43015,
43015,43017,
43015,43015,33.0
43019,43019,46.0
43019,43013,
43019,43018,
43019,43017,9.0
43019,43014,
43019,43019,
43019,43019,
43019,43001,
43016,43016,5.0
43016,43016,
43016,43016,
43016,43018,
43016,43017,
43007,43007,
43007,43008,
43007,43023,
43007,43007,
43007,43007,390.0
43007,43026,
43007,43007,
43007,43008,
43007,43007,
43007,43010,16.0
43007,43014,
43007,43005,
43007,43006,
43007,43021,
43007,43008,6.0
43007,43007,
43007,43006,
43007,43006,10.0
43008,42006,
43008,42007,
43008,42007,
43008,43008,9.0
43008,43008,572.0
43008,43006,
43008,43008,6.0
43008,43010,43.0
43008,43011,
43008,43021,
43008,43008,
43008,43008,29.0
43030,43029,22.0
43030,43029,
43030,43023,31.0
43030,43029,
43030,43030,254.0
43030,43029,28.0
43030,43017,
43030,43010,
43030,43028,
43030,43030,
43030,43030,
43030,43028,
43027,43027,25.0
43027,43027,
43027,43029,
43027,43001,
43027,43017,
43027,43010,
43027,43021,
43027,43027,
43011,43011,
43011,43011,17.0
43011,43011,
43025,43023,14.0
43025,43026,
43025,43025,
43025,43025,11.0
43026,43025,
43026,43023,71.0
43026,43026,304.0
43026,43026,7.0
43026,43025,
43026,43023,
43026,43010,
43026,43008,
43001,43027,
43001,43028,
43001,43001,29.0
43001,43001,
43001,43001,11.0
43001,43001,26.0
43001,43002,
43001,43001,
43016,43015,
43016,43016,6.0
43016,43015,
43030,43029,6.0
43030,43023,
43030,43029,
43030,43030,37.0
43030,43029,
43030,43021,
43030,43030,7.0
43030,43028,
43026,43014,
43026,43023,
43026,43026,
43026,43026,79.0
43026,43007,
43026,43023,64.0
43026,43026,
43026,43026,5.0
43026,43026,195.0
43016,43016,5.0
43016,43016,
43019,43029,
43019,43029,
43019,43017,
43019,43017,
43019,43029,
43019,43019,
43019,43018,
43019,43029,
43019,43017,
43019,43018,
43019,43017,7.0
43019,43010,
43019,43017,
43019,43019,5.0
43001,43027,
43001,43002,
43001,43028,
43001,43023,7.0
43001,43001,7.0
43001,43010,
43001,43001,19.0
43001,43002,
43001,43021,
43001,43001,
43029,43029,
43029,43030,12.0
43029,43029,
43012,43027,
43012,43013,
43012,43019,
43012,43013,
43012,43017,
43012,43012,10.0
43012,43017,
43012,43019,
43015,42006,
43015,43015,22.0
43015,43023,
43015,43015,180.0
43015,43015,30.0
43015,43020,
43015,43016,
43015,43015,21.0
43015,43017,18.0
43015,43015,
43015,43010,
43015,43020,
43015,43001,
43015,43014,
43015,43015,
43015,43015,6.0
43025,35011,
43025,42015,
43025,43025,
43025,43025,
43025,43023,47.0
43025,43026,
43025,43026,6.0
43025,43025,278.0
43025,43025,
43025,43023,
43025,43010,
43011,43011,5.0
43011,43011,12.0
43016,43016,
43016,43016,17.0
43016,43016,
43016,43018,
43016,43017,
43016,43020,
43016,43018,
43009,43009,
43009,43028,
43009,43009,
43009,43030,
43009,43009,
43009,43008,8.0
43009,43010,5.0
43009,43028,
43009,43009,17.0
43009,43021,
43009,43008,
43009,43028,
43009,43030,
43009,43028,
43017,43017,
43017,43017,9.0
43017,43017,
43017,43018,
43016,42007,
43016,43023,5.0
43016,43016,33.0
43016,43016,6.0
43016,43018,
43016,43017,12.0
43016,43018,
43016,43017,5.0
43014,43014,
43014,43014,93.0
43014,43014,51.0
43014,43014,29.0
43014,43013,
43014,43014,
43014,43011,
43014,43014,48.0
43014,43011,6.0
43014,43011,
43010,43010,
43010,43010,
43010,43005,
43010,43007,
43010,43006,
43023,43023,68.0
43023,43026,5.0
43023,43026,6.0
43023,43006,
43023,43025,
43023,43025,
43023,43010,12.0
43023,43006,
43023,43008,
43023,43006,
43023,43006,9.0
43020,43015,
43020,43016,
43020,43020,12.0
43020,43020,
43028,43029,
43028,43028,8.0
43028,43029,
43028,43017,
43028,43029,
43028,43028,5.0
43028,43028,6.0
43028,43028,5.0
43010,12002,
43010,35012,
43010,42009,
43010,43010,
43010,43009,6.0
43010,43006,
43010,43008,
43010,43023,6.0
43010,43009,
43010,43007,
43010,43008,
43010,43010,183.0
43010,43006,8.0
43010,43007,
43010,43008,15.0
43010,43021,
43010,43007,
43010,43010,161.0
43010,43001,
43010,43005,8.0
43010,43006,
43010,43007,
43010,43021,
43010,43008,22.0
43010,43007,
43010,43008,15.0
43010,43006,18.0
43010,43006,13.0
43010,43010,13.0
43025,43023,
43025,43025,
43025,43025,
43009,43009,6.0
43009,43008,
43009,43009,37.0
43009,43008,
43009,43009,290.0
43009,43007,
43009,43008,15.0
43009,43021,51.0
43009,43010,104.0
43009,43006,
43009,43021,24.0
43009,43008,26.0
43009,43007,
43009,43008,
43009,43006,8.0
43009,43006,
43009,43010,9.0
43025,43023,48.0
43025,43026,
43025,43026,7.0
43025,43025,260.0
43025,43008,
43025,43025,
43025,43017,6.0
43025,43010,7.0
43025,43008,
43025,43025,
43011,43013,
43011,43014,
43011,43011,16.0
43011,43011,
43011,43011,
43011,43011,
43008,43008,
43008,43010,
43008,43008,30.0
43028,43028,
43028,43021,
43028,43010,
43028,43028,
43028,43028,19.0
43014,43014,
43014,43014,70.0
43014,43013,
43014,43014,60.0
43014,43013,
43014,43014,20.0
43014,43014,25.0
43014,43015,
43022,43022,6.0
43022,43022,8.0
43022,43022,
43022,43021,
43013,43013,
43013,43013,
43013,43013,5.0
43013,43007,
43013,43013,31.0
43013,43013,6.0
43013,43020,
43013,43013,8.0
43013,43015,
43027,43027,9.0
43027,43027,
43027,43027,
43027,43028,
43027,43001,
43027,43028,
43027,43027,
43018,43017,
43018,43018,
43018,43017,
43018,43018,5.0
43018,43017,
43018,43018,9.0
43018,43025,
43018,43017,10.0
43018,43018,
43018,43017,
43019,43017,
43019,43017,
43019,43019,
43019,43017,
43019,43017,
43019,43019,
43012,43013,
43012,43017,
43012,43013,8.0
43012,43019,
43012,43013,10.0
43012,43020,
43012,43029,
43012,43008,
43012,43007,
43012,43017,19.0
43012,43020,
43012,43012,12.0
43012,43001,
43012,43014,
43012,43020,
43012,43019,
43012,43019,
43012,43001,
43006,43023,
43006,43006,640.0
43006,43007,
43006,43006,
43006,43017,
43006,43010,8.0
43006,43006,9.0
43006,43021,
43006,43008,
43006,43007,
43006,43006,
43006,43006,28.0
43013,43013,
43013,43013,30.0
43013,43009,
43013,43013,9.0
43013,43013,16.0
43013,43013,888.0
43013,43013,
43013,43017,
43013,43021,
43013,43010,6.0
43013,43012,
43013,43014,
43013,43011,5.0
43013,43013,18.0
43013,43018,
43013,43011,
43013,43015,
43029,43029,
43029,43023,
43029,43029,7.0
43029,43029,
43029,43030,
43005,43023,
43005,43006,
43005,43007,
43005,43005,32.0
43005,43006,
43005,43007,
43005,43010,32.0
43005,43005,35.0
43005,43006,7.0
43005,43021,
43005,43008,
43005,43006,
43005,43004,15.0
43005,43006,
43030,43030,15.0
43030,43029,
43014,43014,7.0
43014,43014,20.0
43014,43014,19.0
43014,43013,
43014,43014,
43014,43014,15.0
43014,43013,
43014,43014,8.0
43014,43015,
43013,43013,
43013,43013,14.0
43026,43026,40.0
43026,43023,12.0
43026,43026,
43026,43026,
43026,43025,
43026,43010,
43016,43016,
43015,43015,
43015,43013,
43015,43015,15.0
43015,43015,71.0
43015,43017,
43015,43015,6.0
43015,43010,
43015,43015,7.0
43001,43002,
43001,43010,
43001,43001,31.0
43001,43002,
43001,43002,
43001,43001,
43002,43002,
43002,43008,
43002,43001,
43002,43002,
43002,43002,
43019,43019,
43003,43003,141.0
43003,43021,12.0
43003,43003,
43003,43011,6.0
43003,43003,5.0
43003,43003,
43004,43004,
43004,43023,
43004,43005,
43004,43010,
43004,43005,
43016,43016,
43016,43015,
43016,43016,15.0
43016,43016,
43001,43001,12.0
43001,43001,
43001,43001,5.0
43001,43001,
43007,43023,
43007,43007,98.0
43007,43010,7.0
43007,43008,5.0
43007,43007,
43007,43008,
43007,43006,
43020,43015,
43020,43020,30.0
43020,43020,
43020,43020,
43012,43027,
43012,43013,
43012,43012,
43016,43016,
43016,43016,
43016,43016,
43021,43022,
43021,43021,250.0
43021,43021,10.0
43021,43021,
43002,43002,
43002,43002,78.0
43002,43010,
43002,43001,16.0
43002,43002,5.0
43002,43002,
43002,43001,
43024,43023,28.0
43024,43026,
43024,43026,
43024,43025,
43024,43006,
43002,43002,
43002,43001,5.0
43002,43002,
43002,43011,
43002,43002,
43002,43001,5.0
43013,43013,15.0
43013,43013,
43013,43013,
43013,43013,25.0
43013,43020,
43013,43014,5.0
43013,43013,
43013,43001,
43001,43002,
43001,43013,
43001,43013,
43001,43001,148.0
43001,43001,17.0
43001,43017,
43001,43010,
43001,43001,57.0
43001,43002,5.0
43001,43002,
43001,43001,11.0
43027,43027,
43027,43027,
43027,43028,
43019,43027,
43019,43029,
43019,43017,
43019,43019,5.0
43019,43017,12.0
43019,43010,
43019,43017,
43019,43019,
43017,43019,
43017,43017,
43018,42007,
43018,43017,6.0
43018,43023,31.0
43018,43018,115.0
43018,43017,
43018,43018,9.0
43018,43017,44.0
43018,43010,5.0
43018,43020,
43018,43018,15.0
43018,43017,
43018,43018,
43029,42013,
43029,43029,61.0
43029,43028,5.0
43029,43023,46.0
43029,43007,
43029,43029,50.0
43029,43030,48.0
43029,43029,579.0
43029,43008,
43029,43017,
43029,43021,20.0
43029,43010,
43029,43029,19.0
43029,43001,
43029,43006,
43029,43030,26.0
43029,43030,38.0
43029,43028,
43020,43015,
43020,43020,
43020,43020,5.0
43020,43017,
43020,43020,7.0
43020,43020,
43022,43022,5.0
43022,43022,14.0
43022,43003,
43022,43021,
43015,43015,
43015,43015,5.0
43015,43015,
43015,43020,
43015,43015,
43015,43020,5.0
43007,43023,6.0
43007,43007,52.0
43007,43007,
43007,43010,
43007,43008,
43023,43023,
43023,43026,
43023,43025,
43023,43023,6.0
43018,43018,6.0
43018,43017,
43018,43018,30.0
43003,43003,
43003,43011,19.0
43004,42015,
43004,42014,35.0
43004,43005,
43004,43010,
43004,43005,
43004,43006,
43004,43004,
43003,31016,
43003,43003,
43003,43002,
43003,43011,
43003,43002,
43004,43006,
43004,43005,5.0
43004,43010,
43004,43005,
43004,43006,
43004,43006,
43004,43004,
43008,43008,25.0
43008,43001,
43008,43008,
43017,43017,
43017,43017,
43017,43017,188.0
43017,43018,
43017,43017,34.0
43017,43010,
43017,43020,
43017,43018,
43017,43014,
43017,43017,
43017,43019,
43017,43004,
43017,43001,
43016,43016,
43016,43016,20.0
43016,43018,
43016,43007,
43009,23025,
43009,43009,
43009,43008,
43009,43008,
43009,43021,
43009,43010,10.0
43009,43009,
43009,43008,
43016,43016,
43016,43016,
43016,43015,
43016,43016,
43016,43016,
43016,43018,
43029,43029,5.0
43029,43029,
43029,43029,
43029,43030,
43029,43029,
43029,43029,28.0
43029,43021,
43029,43029,
43029,43029,
43029,43030,6.0
43002,43010,
43002,43001,16.0
43002,43002,
43002,43001,
43017,43017,
43017,43017,
43017,43017,12.0
43017,43019,
43028,43028,
43028,43030,
43028,43029,
43028,43028,9.0
43028,43028,29.0
43011,43011,
43011,43011,
43018,43017,
43018,43016,
43018,43018,
43018,43018,15.0
43018,43017,9.0
43018,43018,
43018,43018,
43009,43009,
43009,43008,
43009,43009,
43009,43008,5.0
43009,43010,9.0
43009,43028,13.0
43009,43006,
43009,43009,12.0
43009,43021,
43009,43008,
43009,43006,
43020,42009,
43020,43015,5.0
43020,43015,
43020,43020,5.0
43020,43015,6.0
43020,43020,10.0
43020,43020,
43020,43015,
43017,43017,12.0
43024,43023,34.0
43024,43026,
43024,43018,
43024,43025,
43025,43023,
43025,43026,
43008,43027,
43008,43008,
43008,43009,
43008,43007,
43008,43008,501.0
43008,43010,33.0
43008,43007,
43008,43021,
43008,43008,5.0
43008,43007,
43019,43018,
43019,43017,6.0
43019,43019,
43004,42014,20.0
43004,43029,
43004,43004,
43021,43021,5.0
43021,43021,
43021,43021,
43021,43021,
43021,43021,
43021,43021,12.0
43007,43007,9.0
43007,43007,
43007,43009,
43007,43007,16.0
43007,43008,
43007,43008,
43007,43007,
43005,43005,10.0
43005,43010,
43005,43021,
43005,43005,
43005,43021,13.0
43005,43021,
43005,43010,
43029,43029,
43029,43029,
43029,43023,16.0
43029,43029,7.0
43029,43030,
43029,43029,
43029,43008,
43029,43029,7.0
43029,43029,
43029,43021,
43029,43030,
43024,43024,
43024,43023,9.0
43024,43018,
43024,43008,
43017,43017,
43017,43017,
43017,43025,
43017,43018,
43017,43012,
43017,43018,
43017,43017,17.0
43017,43017,
43017,43019,
43017,43020,
43017,43017,
43017,43016,
43017,43017,
43017,43018,
43017,43017,23.0
43017,43018,
43017,43020,
43017,43017,
43017,43019,
43017,43017,
43017,43017,5.0
43017,43017,14.0
43017,43017,
43016,43017,
43016,43015,
43016,43016,
43016,43015,5.0
43016,43020,
43016,43016,14.0
43016,43016,31.0
43016,43015,
43016,43017,
43016,43015,8.0
43016,43020,5.0
43016,43020,
43016,43017,
43017,43023,
43017,43017,
43017,43025,
43017,43017,
43017,43010,
43017,43017,
43017,43019,
43025,43023,17.0
43025,43026,
43025,43025,
43025,43025,7.0
43025,43025,
43025,43023,23.0
43025,43025,
43025,43025,23.0
43025,43025,
43025,43010,
43020,43020,
43020,43017,
43020,43020,5.0
43020,43020,5.0
43029,43029,6.0
43029,43029,
43029,43029,
43029,43029,
43029,43006,
43029,43030,
43014,43014,5.0
43014,43014,
43014,43013,
43014,43014,
43014,43014,
43014,43014,6.0
43014,43014,
43002,43002,
43002,43002,8.0
43002,43001,
43002,43001,9.0
43002,43014,
43002,43002,19.0
43002,43011,
43002,43002,
43002,43001,
43007,43008,
43007,43023,8.0
43007,43009,
43007,43007,
43007,43008,
43007,43006,
43007,43008,
43007,43006,8.0
43007,43010,13.0
43007,43005,
43007,43006,7.0
43007,43008,5.0
43007,43007,58.0
43007,43006,
43007,43006,9.0
43026,43026,6.0
43001,43002,
43001,43001,66.0
43001,43010,
43001,43001,8.0
43001,43002,
43001,43001,
43001,43001,
43023,43023,56.0
43023,43007,
43023,43026,
43023,43026,10.0
43023,43007,
43023,43025,
43023,43023,68.0
43023,43010,
43025,43025,
43025,43023,98.0
43025,43026,
43025,43026,8.0
43025,43025,
43025,43029,
43025,43025,20.0
43025,43023,
43025,43025,107.0
43025,43018,
43025,43017,
43025,43010,10.0
43025,43011,
43025,43025,7.0
43013,43013,
43013,43013,8.0
43026,43023,
43026,43026,
43008,43008,33.0
43008,43008,
43008,43026,
43008,43029,
43008,43008,
43008,43023,
43008,43010,5.0
43008,43006,
43008,43007,
43008,43008,7.0
43008,43008,18.0
43008,43006,
43027,43027,
43027,43027,
43027,43027,19.0
43027,43028,5.0
43027,43029,
43027,43010,
43027,43028,
43027,43028,
43007,33006,
43007,35015,
43007,42007,
43007,43025,
43007,43006,
43007,43007,
43007,43008,10.0
43007,43025,
43007,43023,40.0
43007,43007,15.0
43007,43007,10.0
43007,43026,
43007,43006,
43007,43007,16.0
43007,43008,19.0
43007,43007,1310.0
43007,43017,
43007,43007,
43007,43010,63.0
43007,43029,
43007,43005,
43007,43006,12.0
43007,43007,7.0
43007,43021,5.0
43007,43008,53.0
43007,43007,6.0
43007,43008,9.0
43007,43006,14.0
43007,43004,
43007,43006,13.0
43007,43010,
43007,52001,
43014,43014,
43014,43014,
43014,43013,
43014,43014,
43014,43014,14.0
43014,43015,
43014,43014,10.0
43015,43015,
43015,43015,
43015,43015,5.0
43015,43020,
43015,43015,
43015,43015,
43015,43015,10.0
43015,43020,
43015,43015,
43020,43020,
43020,43020,
43020,43017,
43020,43020,5.0
43020,43020,
43020,43015,
43020,43015,
43020,43020,7.0
43020,43016,
43020,43020,
43020,43017,
43020,43020,19.0
43020,43020,9.0
43005,43023,7.0
43005,43008,
43005,43005,231.0
43005,43010,33.0
43005,43028,
43005,43005,48.0
43005,43006,
43005,43008,7.0
43005,43006,8.0
43005,43004,16.0
43005,43006,
43018,43017,
43018,43018,
43018,43018,24.0
43018,43017,6.0
43018,43018,
43018,43018,
43018,43017,
43018,43018,7.0
43005,43023,
43005,43005,16.0
43005,43010,7.0
43005,43005,
43005,43006,
43005,43021,
43005,43006,
43020,43013,
43020,43015,
43020,43013,
43020,43015,
43020,43013,
43020,43015,5.0
43020,43020,38.0
43020,43020,90.0
43020,43017,
43020,43010,
43020,43020,44.0
43020,43012,
43020,43007,
43020,43020,26.0
43020,43015,
43015,43015,7.0
43015,43015,
43015,43015,7.0
43015,43015,57.0
43015,43017,13.0
43015,43015,
43015,43010,
43015,43020,
43015,43015,
43013,43013,23.0
43013,43023,
43013,43013,52.0
43013,43013,11.0
43013,43013,25.0
43013,43020,
43013,43013,124.0
43013,43017,
43013,43010,
43013,43020,
43013,43012,9.0
43013,43014,
43013,43011,
43013,43013,17.0
43013,43011,
43028,43027,
43028,43027,
43028,43028,5.0
43028,43008,
43028,43021,
43028,43010,
43028,43028,47.0
43028,43030,
43028,43028,
43025,43023,
43025,43026,
43025,43023,
43025,43007,
43025,43025,36.0
43025,43010,
43001,43027,
43001,43028,
43001,43002,
43001,43001,
43001,43001,14.0
43008,43008,11.0
43008,43008,
43006,43009,
43006,43008,
43006,43023,5.0
43006,43009,
43006,43007,14.0
43006,43007,
43006,43008,
43006,43026,
43006,43006,79.0
43006,43007,5.0
43006,43001,
43006,43008,8.0
43006,43007,
43006,43005,
43006,43006,527.0
43006,43010,31.0
43006,43005,
43006,43006,23.0
43006,43021,
43006,43008,23.0
43006,43007,26.0
43006,43006,22.0
43006,43006,91.0
43006,43010,
43027,43027,28.0
43027,43027,
43027,43028,
43027,43010,
43028,43028,
43028,43017,
43028,43028,5.0
43028,43008,
43028,43028,18.0
43017,43017,32.0
43017,43017,5.0
43017,43019,
43017,43026,
43017,43017,
43017,43025,
43017,43018,13.0
43017,43017,991.0
43017,43010,12.0
43017,43020,
43017,43018,10.0
43017,43014,9.0
43017,43017,9.0
43017,43019,14.0
43017,43025,
43016,43016,
43016,43017,
43016,43020,
43030,43029,9.0
43030,43029,
43030,43023,
43030,43029,5.0
43030,43030,
43030,43029,
43030,43008,
43030,43017,
43030,43010,
43030,43030,
43030,43030,26.0
43021,43022,
43021,43021,
43021,43021,7.0
43021,43021,
43021,43021,
43021,43021,
43021,43021,
43021,43021,102.0
43021,43021,9.0
43021,43021,
43021,43010,
43021,43021,
43021,43021,
43013,43013,
43013,43013,
43013,43013,
43013,43013,9.0
43013,43013,
43021,42006,
43021,42007,
43021,43025,
43021,43021,
43021,43021,
43021,43021,3917.0
43021,43010,5.0
43021,43021,
43021,43021,79.0
43023,43008,
43023,43023,
43023,43026,
43023,43007,
43023,43023,11.0
43023,43010,
43015,11002,
43015,43015,
43015,43015,5.0
43015,43015,7.0
43015,43020,
43015,43015,
43015,43017,
43015,43015,7.0
43015,43015,
43024,43023,16.0
43024,43018,
43024,43018,
43024,43018,
43001,43027,
43001,43001,6.0
43001,43001,
43015,43015,10.0
43015,43015,5.0
43015,43015,6.0
43015,43015,39.0
43015,43015,
43021,32003,
43021,43021,5.0
43021,43021,18.0
43021,43021,11.0
43025,43025,
43025,43023,
43011,43011,9.0
43021,43021,
43021,43021,
43021,43021,41.0
43021,43021,309.0
43021,43010,
43021,43021,
43015,43015,
43015,43015,
43015,43015,5.0
43015,43007,
43015,43017,
43015,43015,69.0
43015,43015,
43030,43029,
43030,43030,
43030,43029,
43030,43029,
43030,43030,9.0
43017,43017,
43017,43017,
43017,43017,13.0
43017,43010,
43017,43020,19.0
43017,43020,
43017,43017,
43017,43018,5.0
43007,43009,
43007,43008,
43007,43023,
43007,43007,5.0
43007,43007,
43007,43026,
43007,43006,
43007,43007,9.0
43007,43008,13.0
43007,43007,
43007,43007,347.0
43007,43010,16.0
43007,43011,
43007,43007,
43007,43021,
43007,43008,26.0
43007,43007,
43007,43008,
43007,43006,
43007,43006,
43007,43028,
43010,23001,
43010,24007,38.0
43010,31016,
43010,33006,
43010,33005,
43010,35011,
43010,41015,
43010,42014,
43010,42006,
43010,42007,
43010,42011,
43010,42016,
43010,42002,
43010,42001,
43010,42007,9.0
43010,42016,
43010,43008,7.0
43010,43009,7.0
43010,43007,
43010,43008,
43010,43009,
43010,43029,
43010,43008,9.0
43010,43023,
43010,43007,5.0
43010,43017,
43010,43021,
43010,43007,
43010,43010,10478.0
43010,43029,
43010,43005,5.0
43010,43011,
43010,43006,
43010,43007,
43010,43021,7.0
43010,43008,
43010,43007,
43010,43008,7.0
43010,43004,
43010,43028,
43010,43010,9.0
43014,43014,
43014,43014,8.0
43014,43014,
43014,43014,22.0
43014,43014,27.0
43014,43011,
43014,43011,
43014,43014,5.0
43014,43014,
43014,43014,
43014,43015,
43014,43014,
43014,43014,7.0
43014,43014,
43014,43011,
43011,43014,
43011,43011,22.0
43011,43011,12.0
43011,43011,
43029,43029,
43029,43029,
43029,43029,
43029,43030,
43029,43029,6.0
43029,43029,24.0
43029,43029,
43029,43030,
43029,43028,
43007,43007,16.0
43007,43008,
43029,43029,11.0
43029,43029,
43029,43023,7.0
43029,43029,
43029,43030,6.0
43029,43029,5.0
43029,43029,165.0
43029,43029,
43029,43030,
43029,43028,
43025,43023,5.0
43025,43026,
43025,43025,5.0
43025,43025,13.0
43025,43025,
43025,43010,
43029,43029,12.0
43029,43029,
43029,43030,
43029,43029,6.0
43029,43017,
43029,43010,
43029,43029,
43003,43003,
43003,43003,
43003,43021,
43003,43003,223.0
43003,43003,
43003,43002,
43003,43011,
43003,43003,
43003,43003,8.0
43016,43016,
43016,43016,9.0
43016,43016,
43016,43017,
43016,43020,
43001,43003,
43001,43002,
43001,43001,
43001,43001,
43001,43001,8.0
43001,43001,
43012,43013,
43012,43013,
43012,43017,
43020,43015,
43020,43015,
43020,43013,
43020,43015,
43020,43020,
43020,43015,
43020,43020,14.0
43020,43014,
43020,43011,
43020,43013,7.0
43020,43020,
43020,43015,7.0
43029,43029,8.0
43029,43029,
43029,43029,12.0
43029,43030,
43029,43029,
43029,43010,
43001,43002,
43001,43028,
43001,43001,17.0
43001,43021,
43001,43010,
43001,43001,
43001,43001,29.0
43001,43002,
43001,43002,
43001,43021,
43001,43001,7.0
43001,43028,
43016,43016,
43016,43016,
43016,43016,8.0
43021,33001,
43021,35016,11.0
43021,43021,5.0
43021,43021,38.0
43021,43021,
43021,43010,
43021,43021,1306.0
43021,43021,
43021,43021,6.0
43028,42007,
43028,43027,
43028,43028,
43028,43010,
43028,43028,164.0
43028,43028,
43006,43023,9.0
43006,43010,
43006,43005,
43006,43006,
43006,43006,
43006,43006,
43029,43029,10.0
43029,43023,
43029,43029,11.0
43029,43030,
43029,43029,5.0
43029,43029,71.0
43015,43015,14.0
43015,43015,20.0
43015,43015,9.0
43015,43020,13.0
43015,43015,9.0
43015,43015,
43015,43010,
43015,43015,29.0
43015,43020,
43015,43015,
43011,43014,
43011,43011,7.0
43006,42015,
43006,43006,
43006,43008,
43006,43007,
43006,43008,
43006,43025,
43006,43006,
43006,43007,
43006,43008,
43006,43005,
43006,43007,
43006,43010,19.0
43006,43006,7.0
43006,43005,
43006,43006,11.0
43006,43021,
43006,43008,
43006,43006,10.0
43006,43006,20.0
43020,43020,
43020,43017,10.0
43020,43010,
43020,43020,95.0
43020,43020,
43020,43015,
43020,43020,
43020,43017,
43020,43020,15.0
43020,43020,7.0
43011,43014,
43011,43011,
43011,43011,
43011,43014,
43011,43011,
43011,43011,30.0
43003,43003,
43003,43002,
43003,43021,83.0
43003,43010,
43003,43003,275.0
43003,43003,
43003,43011,
43003,43003,11.0
43003,43003,
43020,43020,6.0
43020,43020,
43020,43010,
43020,43020,
43020,43020,
43012,43017,
43012,43012,5.0
43012,43012,
43012,43020,
43012,43001,
43012,43027,10.0
43012,43013,
43012,43013,
43012,43013,5.0
43012,43017,16.0
43012,43010,6.0
43012,43012,11.0
43012,43001,
43012,43014,
43012,43002,
43012,43001,5.0
43011,43014,6.0
43011,43011,
43011,43011,
43008,43026,
43008,43026,
43008,43008,39.0
43008,43010,
43008,43030,
43018,43023,
43018,43018,
43018,43005,
43018,43018,
43018,43017,11.0
43018,43018,134.0
43018,43018,5.0
43012,43017,
43012,43013,
43012,43013,
43012,43017,
43012,43010,
43012,43021,
43012,43012,64.0
43012,43001,
43018,43018,
43018,43018,
43029,43029,
43029,43029,
43029,43023,
43029,43029,6.0
43029,43030,
43029,43029,22.0
43029,43008,
43029,43021,
43029,43030,
43029,43030,
43028,43027,
43028,43029,
43028,43027,
43028,43028,34.0
43028,43023,
43028,43029,
43028,43021,
43028,43010,15.0
43028,43021,
43028,43028,59.0
43028,43028,411.0
43028,43030,
43028,43006,
43028,43028,7.0
43001,43002,42.0
43001,43028,7.0
43001,43001,
43001,43010,
43001,43006,
43001,43013,
43001,43002,7.0
43001,43001,120.0
43001,43017,
43001,43021,19.0
43001,43010,25.0
43001,43021,
43001,43001,1401.0
43001,43003,
43001,43014,12.0
43001,43002,53.0
43001,43011,
43001,43002,64.0
43001,43003,9.0
43001,43001,64.0
43001,43021,6.0
43001,43001,75.0
43001,43028,
43007,43023,
43007,43007,11.0
43007,43008,
43007,43008,
43007,43007,
43007,43004,
43007,43006,
43003,43003,9.0
43021,43027,
43021,43021,8.0
43021,43021,5.0
43021,43021,7.0
43021,43021,
43021,43010,
43021,43021,
43021,43001,
43021,43003,
43021,43021,
43021,43021,8.0
43003,43003,
43003,43022,9.0
43003,43002,
43003,43023,
43003,43003,
43003,43021,88.0
43003,43010,5.0
43003,43003,
43003,43021,
43003,43028,
43003,43003,509.0
43003,43014,
43003,43002,
43003,43011,5.0
43003,43002,
43003,43003,23.0
43003,43021,8.0
43003,43003,
43003,52002,
43014,42016,
43014,43014,36.0
43014,43014,123.0
43014,43014,
43014,43023,
43014,43013,
43014,43014,6.0
43014,43011,
43014,43014,38.0
43014,43013,
43014,43017,
43014,43010,
43014,43014,32.0
43014,43014,429.0
43014,43011,
43014,43011,
43014,43002,
43014,43011,
43014,43015,
43025,43025,
43021,43021,33.0
43021,43010,
43021,43021,
43021,43021,87.0
43021,43021,
43002,43002,7.0
43002,43027,
43002,43029,
43002,43003,
43002,43001,
43002,43010,
43002,43001,19.0
43002,43002,346.0
43002,43011,
43002,43002,15.0
43002,43011,
43002,43001,
43011,43027,
43011,43013,
43011,43007,
43011,43017,
43011,43010,
43011,43011,
43011,43001,
43011,43014,
43011,43011,546.0
43011,43011,
43011,43011,
43017,43017,11.0
43005,43008,
43005,43010,
43005,43005,6.0
43005,43010,15.0
43005,43005,387.0
43005,43006,
43005,43021,
43011,43010,
43011,43011,
43011,43011,
43011,43011,6.0
43011,43011,33.0
43017,43017,12.0
43017,43017,5.0
43017,43014,
43017,43020,
43013,43013,
43013,43013,
43013,43013,7.0
43013,43013,
43013,43017,
43013,43010,
43013,43013,114.0
43013,43015,
43014,43014,29.0
43014,43014,15.0
43014,43013,
43014,43026,
43014,43014,10.0
43014,43014,9.0
43014,43014,21.0
43014,43011,
43018,43018,
43018,43017,
43018,43018,5.0
43018,43018,
43011,43010,
43011,43011,
43011,43001,
43011,43014,
43011,43002,
43011,43011,
43011,43011,418.0
43011,43011,
43011,50011,
43017,42001,
43017,43017,18.0
43017,43017,
43017,43025,
43017,43025,
43017,43017,
43017,43020,
43002,43002,6.0
43002,43001,14.0
43002,43001,21.0
43002,43014,
43002,43002,8.0
43002,43011,
43002,43002,59.0
43002,43001,
43006,43023,
43006,43023,6.0
43006,43007,
43006,43006,
43006,43008,
43006,43010,
43006,43006,157.0
43006,43021,
43006,43007,
43006,43006,
43006,43006,7.0
43003,43003,
43003,43003,
43003,43021,12.0
43003,43010,
43003,43002,
43003,43003,358.0
43003,43003,
43009,43009,
43009,43008,
43009,43023,5.0
43009,43009,18.0
43009,43007,
43009,43030,
43009,43009,
43009,43008,24.0
43009,43021,
43009,43021,
43009,43010,29.0
43009,43028,9.0
43009,43006,
43009,43009,63.0
43009,43007,
43009,43021,
43009,43008,42.0
43009,43008,
43009,43006,
43009,43030,5.0
43009,43006,
43009,43028,
43009,43010,
43018,43018,27.0
43018,43017,
43018,43018,14.0
43018,43018,
43001,43002,
43001,43001,
43001,43001,
43001,43002,
43001,43001,8.0
43025,43023,7.0
43025,43026,
43025,43025,
43025,43025,
43025,43025,
43025,43018,
43025,43025,
43025,43017,
43020,43013,
43020,43015,
43020,43020,
43020,43020,
43020,43017,
43020,43020,5.0
43020,43020,
43029,43029,8.0
43029,43023,
43029,43029,
43029,43029,
43029,43017,
43029,43010,
43029,43029,5.0
43007,43007,16.0
43007,43008,15.0
43014,43014,
43014,43014,
43014,43014,
43021,43005,
43021,43021,
43021,43021,10.0
43021,43021,436.0
43021,43021,
43018,43017,
43018,43018,5.0
43018,43018,6.0
43018,43017,10.0
43018,43010,
43018,43018,6.0
43018,43018,39.0
43018,43017,
43018,43018,6.0
43008,43008,11.0
43024,43023,37.0
43024,43026,
43024,43010,
43024,43005,
43024,43006,
43007,35016,
43007,42015,
43007,43009,
43007,43008,5.0
43007,43023,28.0
43007,43007,5.0
43007,43007,
43007,43008,8.0
43007,43009,
43007,43007,9.0
43007,43029,
43007,43008,23.0
43007,43007,9.0
43007,43021,
43007,43007,
43007,43010,68.0
43007,43005,
43007,43006,
43007,43007,516.0
43007,43021,
43007,43008,42.0
43007,43007,
43007,43008,47.0
43007,43006,5.0
43007,43006,
43007,43010,
43021,43010,
43021,43021,
43021,43021,633.0
43011,43014,6.0
43011,43010,
43011,43011,
43011,43011,
43011,43011,
43011,43011,169.0
43026,43024,
43026,43023,58.0
43026,43026,
43026,43026,
43026,43026,
43026,43025,
43026,43023,
43026,43010,
43026,43006,
43026,43026,9.0
43026,43003,
43026,43025,
43013,43013,6.0
43013,43013,
43013,43013,8.0
43013,43013,
43013,43013,22.0
43013,43013,20.0
43001,43001,
43001,43010,
43001,43001,24.0
43001,43002,
43001,43002,
43001,43003,
43001,43021,7.0
43001,43001,
43011,43015,
43011,43011,
43011,43011,5.0
43011,43011,
43011,43011,
43011,43011,
43011,43011,
43011,43011,
43011,43011,24.0
43014,43014,18.0
43014,43014,
43014,43014,10.0
43014,43014,12.0
43014,43014,9.0
43008,43008,20.0
43008,43010,
43008,43008,
43008,43006,
43020,43020,6.0
43020,43020,
43020,43020,14.0
43020,43020,
43011,43014,5.0
43011,43011,
43011,43011,
43011,43011,
43011,43011,
43011,43014,
43001,43002,
43001,43001,6.0
43001,43010,
43001,43001,46.0
43001,43002,9.0
43001,43011,
43001,43002,14.0
43001,43001,
43001,43001,58.0
43001,43007,
43001,43001,
43008,43023,
43008,43007,
43008,43007,
43008,43026,
43008,43029,
43008,43008,
43008,43006,
43008,43007,
43008,43010,7.0
43008,43008,233.0
43008,43006,
43008,43006,
43001,43022,
43001,43002,
43001,43001,
43001,43010,
43001,43001,52.0
43001,43002,
43001,43002,
43001,43001,58.0
43001,43001,
43001,43028,
43016,43025,
43016,43016,
43016,43015,
43016,43020,
43029,43029,
43029,43023,
43029,43029,
43029,43030,
43029,43029,
43013,43014,
43013,43013,
43013,43013,7.0
43013,43013,
43026,43026,
43026,43023,11.0
43026,43026,
43026,43026,
43026,43008,
43002,43002,
43002,43002,
43002,43001,27.0
43002,43002,5.0
43002,43002,
43002,43002,
43002,43007,
43002,43001,
43007,42009,
43007,42008,
43007,43007,
43007,43008,
43007,43023,17.0
43007,43007,7.0
43007,43008,
43007,43026,
43007,43006,5.0
43007,43007,8.0
43007,43008,9.0
43007,43023,
43007,43007,
43007,43006,
43007,43010,47.0
43007,43006,8.0
43007,43021,
43007,43008,21.0
43007,43007,341.0
43007,43008,
43007,43006,11.0
43007,43004,
43007,43006,22.0
43008,43008,
43008,43023,
43008,43009,
43008,43007,
43008,43008,15.0
43008,43030,
43008,43007,
43008,43008,
43008,43007,
43008,43021,
43008,43010,19.0
43008,43011,
43008,43007,5.0
43008,43008,7.0
43008,43008,1244.0
43008,43006,
43008,43006,
43020,43029,
43020,43013,
43020,43015,
43020,43015,
43020,43020,12.0
43020,43017,
43020,43010,
43020,43020,39.0
43020,43014,
43020,43020,63.0
43015,43015,24.0
43015,43015,11.0
43015,43015,19.0
43015,43020,
43015,43015,12.0
43015,43017,7.0
43015,43015,11.0
43015,43010,
43015,43020,
43015,43020,
43015,43015,34.0
43015,43019,
43015,43015,9.0
43013,43013,
43013,43013,
43013,43015,13.0
43027,43027,
43027,43027,
43027,43028,
43027,43001,
43027,43010,
43027,43027,48.0
43012,43013,
43012,43017,
43012,43012,
43012,43020,
43012,43012,6.0
43012,43001,
43014,43014,
43014,43014,
43014,43014,
43014,43014,
43014,43014,
43009,43009,19.0
43009,43009,
43009,43010,6.0
43009,43028,
43009,43021,6.0
43009,43010,
43017,43017,
43017,43023,17.0
43017,43025,
43017,43017,
43017,43025,
43017,43018,
43017,43025,
43017,43017,10.0
43017,43010,
43017,43020,
43017,43018,
43017,43017,
43017,43017,
43017,43019,
43017,43019,
43017,43025,
43029,43029,
43029,43029,
43029,43029,
43029,43030,
43029,43029,15.0
43029,43030,
43017,43018,
43017,43017,
43017,43017,101.0
43009,43009,9.0
43009,43009,
43009,43010,
43009,43021,5.0
43009,43006,
43011,43011,
43011,43011,
43011,43011,
43016,42013,
43016,43016,
43016,43016,
43016,43016,
43016,43020,
43016,43018,
43001,43027,
43001,43001,
43001,43001,
43001,43001,
43028,43027,
43028,43028,
43028,43029,
43028,43030,
43028,43028,
43028,43028,23.0
43028,43028,
43027,43027,11.0
43027,43027,
43027,43027,16.0
43027,43028,8.0
43027,43010,5.0
43027,43028,
43027,43001,
43027,43027,9.0
43019,43029,
43019,43028,
43019,43017,11.0
43019,43017,
43019,43029,
43019,43019,15.0
43019,43029,
43019,43017,
43019,43018,
43019,43017,82.0
43019,43010,
43019,43018,5.0
43019,43014,
43019,43017,8.0
43019,43019,60.0
43019,43019,
43008,43008,8.0
43018,43017,
43018,43016,
43018,43018,7.0
43018,43018,7.0
43018,43017,32.0
43018,43010,
43018,43018,13.0
43018,43017,10.0
43018,43019,
43018,43018,43.0
43019,43017,
43019,43019,
43019,43017,18.0
43019,43010,
43019,43014,5.0
43019,43020,
43019,43017,
43019,43019,
43019,43019,56.0
43009,43009,34.0
43009,43021,
43009,43023,
43009,43009,
43009,43008,
43009,43021,39.0
43009,43010,25.0
43009,43021,59.0
43009,43008,
43006,43009,
43006,43008,
43006,43023,
43006,43007,
43006,43026,
43006,43010,
43006,43006,44.0
43006,43007,
43006,43029,
43006,43008,6.0
43006,43007,
43006,43006,9.0
43006,43021,
43006,43007,
43006,43010,33.0
43006,43005,
43006,43006,18.0
43006,43021,
43006,43008,7.0
43006,43007,6.0
43006,43008,
43006,43006,241.0
43006,43006,32.0
43006,43028,
43030,43029,
43030,43029,
43030,43023,17.0
43030,43029,
43030,43030,
43030,43029,18.0
43030,43008,
43030,43010,6.0
43030,43030,288.0
43030,43028,
43015,43015,
43015,43015,
43015,43015,5.0
43015,43015,6.0
43015,43017,
43015,43010,
43015,43015,
43005,43005,
43005,43021,
43005,43021,
43005,43010,
43005,43005,
43005,43021,25.0
43015,43015,8.0
43015,43015,
43015,43015,18.0
43015,43015,9.0
43015,43021,
43015,43015,
43015,43015,10.0
43004,43023,
43004,43005,15.0
43004,43010,8.0
43004,43005,23.0
43004,43006,
43004,43006,
43004,43004,
43030,43029,15.0
43030,43028,
43030,43023,29.0
43030,43029,
43030,43030,18.0
43030,43029,13.0
43030,43017,
43030,43021,
43030,43010,
43030,43029,7.0
43030,43030,
43030,43030,191.0
43019,43017,17.0
43019,43018,
43019,43020,
43015,43015,
43015,43015,
43015,43015,8.0
43015,43015,
43015,43015,
43015,43010,
43015,43015,29.0
43001,43029,
43001,43001,
43001,43001,6.0
43001,43002,
43001,43002,
43001,43001,15.0
43001,43001,
43004,42014,
43004,42007,
43004,43006,
43004,43023,24.0
43004,43009,
43004,43009,
43004,43006,
43004,43008,
43004,43005,21.0
43004,43017,
43004,43010,15.0
43004,43005,36.0
43004,43006,13.0
43004,43006,6.0
43004,43004,296.0
43004,43006,
43005,43006,
43005,43008,
43005,43023,
43005,43026,
43005,43009,
43005,43029,
43005,43008,
43005,43007,
43005,43005,59.0
43005,43010,46.0
43005,43005,48.0
43005,43006,5.0
43005,43021,
43005,43006,6.0
43005,43004,14.0
43005,43006,
43029,43029,
43029,43029,
43029,43030,
43029,43029,14.0
43029,43010,
43029,43030,
43016,43016,
43016,43016,
43004,42014,
43004,43008,
43004,43005,8.0
43004,43010,10.0
43004,43005,8.0
43004,43006,
43004,43004,43.0
43006,43023,5.0
43006,43007,
43006,43008,
43006,43006,13.0
43006,43007,
43006,43010,
43006,43002,
43006,43006,
43006,43008,
43006,43007,
43006,43006,
43006,43006,251.0
43014,43014,71.0
43014,43013,
43014,43014,
43014,43014,14.0
43014,43013,
43014,43020,
43014,43014,10.0
43014,43014,32.0
43014,43014,16.0
43004,43030,
43004,43005,
43004,43004,
43020,43015,
43020,43013,
43020,43015,
43020,43020,
43020,43016,
43020,43015,
43020,43020,29.0
43020,43020,5.0
43020,43020,10.0
43015,43015,11.0
43015,43013,9.0
43015,43015,6.0
43015,43014,
43015,43013,
43015,43015,15.0
43015,43015,9.0
43015,43017,11.0
43015,43010,
43015,43014,
43015,43015,235.0
43020,43020,7.0
43020,43016,
43020,43017,
43020,43015,
43020,43020,24.0
43020,43020,14.0
43020,43020,20.0
43008,43009,
43008,43008,
43008,43009,
43008,43029,
43008,43008,81.0
43008,43007,
43008,43010,13.0
43008,43005,
43008,43021,
43008,43008,10.0
43008,43006,5.0
43008,43030,
43014,43014,
43014,43014,38.0
43014,43013,
43014,43014,
43014,43014,
43014,43014,9.0
43014,43014,22.0
43019,43027,
43019,43017,
43019,43019,
43019,43017,15.0
43019,43017,
43018,43017,
43018,43018,
43018,43018,5.0
43001,43013,
43001,43002,
43001,43013,
43001,43013,
43001,43029,
43001,43001,
43001,43010,
43001,43012,
43001,43001,6.0
43001,43002,7.0
43001,43002,
43001,43019,
43001,43001,77.0
43008,43026,
43008,43026,
43008,43008,16.0
43008,43007,
43008,43008,16.0
43014,43014,5.0
43014,43014,33.0
43014,43014,
43014,43013,
43014,43017,
43014,43014,14.0
43014,43014,14.0
43014,43011,
43014,43014,
43021,43021,
43021,43021,7.0
43021,43021,
43021,43021,22.0
43011,43014,
43011,43011,
43025,43025,
43002,43001,
43002,43002,
43002,43011,
43002,43002,
43003,43003,8.0
43003,43003,15.0
43003,43006,
43003,43021,34.0
43003,43010,13.0
43003,43003,
43003,43001,
43003,43003,
43003,43005,
43003,43011,10.0
43003,43003,
43003,43021,
43003,43003,292.0
43024,42016,
43024,42008,
43024,42007,
43024,43026,
43024,43025,
43024,43024,
43024,43023,214.0
43024,43026,
43024,43026,
43024,43018,7.0
43024,43008,
43024,43025,
43024,43023,
43024,43018,
43024,43025,
43024,43017,
43024,43010,5.0
43024,43018,
43024,43006,
43024,43007,
43024,43025,
43024,53001,
43028,43028,
43028,43028,
43028,43028,10.0
43028,43028,
43028,43028,
43028,43028,39.0
43028,43028,
43026,43023,14.0
43026,43026,
43026,43026,14.0
43026,43023,
43026,43008,
43017,43017,
43017,43017,
43017,43017,
43017,43018,
43028,43029,
43028,43027,
43028,43027,
43028,43028,44.0
43028,43023,11.0
43028,43009,
43028,43029,
43028,43029,
43028,43008,
43028,43017,6.0
43028,43021,
43028,43010,5.0
43028,43028,40.0
43028,43028,
43028,43007,
43028,43030,
43028,43028,374.0
43028,33009,36.0
43028,43029,
43028,43027,5.0
43028,43027,
43028,43028,31.0
43028,43023,
43028,43029,
43028,43001,
43028,43017,
43028,43021,11.0
43028,43010,10.0
43028,43028,34.0
43028,43028,
43028,43001,
43028,43028,5.0
43028,43028,23.0
43025,43025,
43025,43023,50.0
43025,43026,
43025,43026,
43025,43025,
43025,43025,
43025,43010,
43025,43025,80.0
43029,43029,
43029,43029,8.0
43029,43025,
43029,43029,
43029,43029,
43029,43010,
43029,43030,
43029,43030,
43016,43016,8.0
43016,43016,
43016,43018,
43010,43010,
43010,43009,
43010,43008,5.0
43010,43023,8.0
43010,43009,
43010,43006,
43010,43008,15.0
43010,43005,
43010,43021,
43010,43010,153.0
43010,43001,
43010,43006,
43010,43021,
43010,43008,11.0
43010,43008,9.0
43010,43006,11.0
43010,43006,
43010,43015,
43010,43010,782.0
43015,42001,
43015,43015,9.0
43015,43015,6.0
43015,43015,21.0
43015,43016,
43015,43015,
43015,43015,
43015,43015,
43017,43017,
43017,43017,
43025,43025,
43025,43023,
43025,43026,
43025,43010,
43025,43025,9.0
43018,43017,
43018,43018,
43017,43017,
43017,43018,
43017,43017,7.0
43017,43017,
43001,43025,
43001,43001,8.0
43001,43001,
43015,43015,
43015,43015,
43015,43015,
43015,43015,6.0
43015,43017,
43015,43010,
43025,43023,
43025,43025,11.0
43015,43015,
43011,43011,
43011,43011,10.0
43011,43011,
43011,43011,5.0
43030,43029,7.0
43030,43030,
43030,43029,
43030,43010,
43030,43030,14.0
43004,43007,
43004,43005,11.0
43004,43010,10.0
43004,43005,13.0
43004,43004,
50013,50011,
50013,50014,15.0
50013,50013,
50015,50011,6.0
50015,50014,
50017,50017,14.0
50017,50011,20.0
50017,50012,
50017,50014,
50017,50017,
50009,50009,
50009,50009,51.0
50009,50011,32.0
50009,50014,7.0
50016,50016,
50016,50012,
50016,50014,
50016,50012,5.0
50016,50014,
50017,31007,
50017,50011,5.0
50017,50014,5.0
50017,50017,
50014,31072,
50014,50014,21.0
50014,50011,10.0
50014,50014,
50014,50014,16.0
50009,50009,342.0
50009,50011,30.0
50009,50014,28.0
50009,50015,
50017,50011,21.0
50017,50014,
50017,50017,
50011,50011,7.0
50011,50015,
50013,50011,7.0
50013,50016,
50013,50014,10.0
50016,50011,8.0
50016,50012,7.0
50016,50016,13.0
50016,50014,
50009,50011,23.0
50009,50014,8.0
50009,50009,
50009,50011,25.0
50009,50014,9.0
50009,50011,10.0
50013,35112,
50013,50013,
50013,50011,27.0
50013,50014,8.0
50013,50013,
50012,15003,
50012,50011,5.0
50012,50012,12.0
50012,50014,
50011,50011,8.0
50011,50014,11.0
50011,50015,
50011,11003,
50011,11005,
50011,25001,
50011,31016,
50011,33006,
50011,33005,
50011,35101,24.0
50011,35073,
50011,35011,
50011,35132,
50011,35016,
50011,35021,
50011,50009,
50011,50011,1688.0
50011,50010,
50011,50015,
50011,50012,
50011,50017,
50011,50015,9.0
50011,51003,
50011,51016,
50011,51013,
50011,52002,
50011,52001,
50011,53001,20.0
50009,50011,
50009,50009,
50014,41017,
50014,50011,17.0
50014,50014,
50014,50014,35.0
50014,52001,
50014,50011,20.0
50014,50014,63.0
50014,50014,
50014,50014,10.0
50011,50011,13.0
50011,50014,5.0
50017,50012,
50017,50017,
50010,50011,14.0
50010,50010,82.0
50010,50014,5.0
50014,50011,10.0
50014,50014,311.0
50014,50015,
50014,50014,9.0
50015,50011,62.0
50015,50015,153.0
50015,50014,6.0
50015,50015,
50015,51015,
50012,50011,
50012,50012,5.0
50012,50014,
50009,50011,11.0
50009,50011,
50012,50012,9.0
50012,17006,
50012,23001,
50012,31016,
50012,35072,
50012,35016,8.0
50012,50011,12.0
50012,50012,348.0
50012,50014,11.0
50012,51013,
50017,50012,7.0
50017,50014,
50012,50011,
50012,50012,38.0
50012,50014,6.0
50015,50011,18.0
50015,50014,
50015,50014,5.0
50012,50011,
50012,50012,6.0
50009,50011,11.0
50009,50014,
50017,50012,8.0
50014,50011,
50014,50014,
50012,31084,
50012,50012,16.0
50012,50014,
50017,50012,
50016,35112,
50016,35115,
50016,50012,19.0
50016,50016,69.0
50016,50014,24.0
50017,50012,
50017,50014,
50011,50011,14.0
50011,50014,
50011,50015,
50009,33004,
50009,50011,27.0
50009,50009,
50009,50014,
50012,50011,
50012,50012,
50012,50014,
50017,50012,
50017,50017,9.0
50010,50011,
50010,50010,11.0
50012,50012,
50009,50011,20.0
50009,50009,13.0
50009,50014,
50009,50011,
50010,50009,6.0
50010,50011,6.0
50017,35051,
50017,50011,
50017,50012,10.0
50017,50017,
50017,50014,11.0
50017,42016,
50017,50011,15.0
50017,50012,20.0
50017,50017,18.0
50017,50014,19.0
50009,50009,
50009,50011,5.0
50009,50014,
50012,50011,9.0
50012,50012,
50016,50011,
50016,50012,22.0
50016,50016,98.0
50016,50014,8.0
50016,50011,
50016,50012,
50016,50014,5.0
50014,50014,6.0
50014,50011,5.0
50014,50014,470.0
50017,50011,8.0
50017,50014,
50017,50017,
50015,50011,19.0
50015,50014,
50015,50015,
50017,35014,
50017,50011,26.0
50017,50012,
50017,50014,11.0
50017,50017,180.0
50009,50011,11.0
50009,50014,6.0
50011,50011,18.0
50011,50014,11.0
50012,24007,
50012,50011,8.0
50012,50012,10.0
50012,50014,
50012,50012,103.0
50015,50011,12.0
50015,50017,
50015,50015,
50015,50015,
50015,50011,15.0
50015,50015,
50015,50014,5.0
50015,50015,24.0
50015,50015,
50011,50011,11.0
50013,35112,
50013,50011,7.0
50013,50014,
50015,31071,
50015,41017,
50015,50011,9.0
50015,50014,
50015,50015,553.0
50015,51013,
50017,50011,
50017,50014,
50013,35022,
50013,50011,7.0
50013,50014,15.0
50013,50013,
50011,50011,29.0
50011,50012,
50011,50015,
50011,50011,94.0
50015,50011,10.0
50015,50015,
50015,50014,
50015,50015,26.0
50017,50011,8.0
50017,50012,
50017,50014,6.0
50016,50014,
50011,50011,14.0
50013,26007,
50013,33005,
50013,35171,
50013,35033,
50013,50014,
50013,50011,98.0
50013,50014,32.0
50013,50013,31.0
50013,51014,
50012,50012,9.0
50012,50012,
51006,15001,
51006,51002,
51006,51005,
51006,51013,37.0
51006,52001,
51001,31072,
51001,51001,153.0
51001,51002,92.0
51001,51014,
51013,51013,
51013,51002,7.0
51013,51013,63.0
51013,52011,
51009,51005,
51009,51009,
51013,29020,
51013,51002,
51013,51014,
51013,51013,49.0
51004,51002,
51004,51013,28.0
51013,51013,
51013,51013,34.0
51001,51001,
51001,51002,15.0
51005,51002,
51013,51013,
51011,51002,41.0
51007,51007,
51007,51002,11.0
51007,51013,31.0
51008,11003,
51008,51002,22.0
51008,51008,
51008,51007,
51002,51002,10.0
51007,51002,14.0
51007,51007,
51005,35051,
51005,51005,19.0
51005,51002,30.0
51005,52001,
51005,52007,
51008,11006,
51008,51008,9.0
51008,51002,12.0
51008,51008,
51011,51011,
51011,51002,51.0
51011,51014,
51011,51013,
51005,51002,18.0
51007,31016,
51007,50015,
51007,51007,40.0
51007,51014,
51007,51013,33.0
51007,51014,
51007,51002,
51013,35015,
51013,51013,22.0
51013,51002,
51013,51013,79.0
51012,51012,
51006,11001,
51006,51006,
51006,51002,9.0
51006,51005,
51006,51013,12.0
51001,51001,6.0
51001,51002,11.0
51008,51002,6.0
51002,51002,17.0
51014,51014,18.0
51014,51002,12.0
51014,51013,
51006,51006,14.0
51010,51010,5.0
51010,51002,25.0
51008,11004,6.0
51008,11006,
51008,51002,18.0
51008,51008,
51008,51013,
51012,51002,36.0
51003,51003,45.0
51003,51002,13.0
51008,12003,
51008,51002,
51008,51008,
51002,15006,
51002,26010,
51002,35062,
51002,51001,
51002,51002,1187.0
51002,51014,
51002,51013,8.0
51002,52011,
51011,51002,20.0
51007,51013,22.0
51004,51002,7.0
51004,51013,34.0
51013,51013,60.0
51014,51002,8.0
51012,51011,
51006,51002,12.0
51006,51005,
51006,51013,
51005,51002,
51011,51013,
51015,51002,
51015,51015,15.0
51015,51013,
51013,51002,
51013,51013,
51013,51013,
51013,51013,120.0
51011,51002,
51014,51014,
51014,51002,
51010,51002,9.0
51013,51002,
51013,51013,7.0
51013,51013,42.0
51013,51007,
51013,51013,44.0
51013,51013,114.0
51002,51002,6.0
51012,51002,
51016,51002,41.0
51016,51016,82.0
51008,51002,7.0
51008,51008,74.0
51008,51002,13.0
51008,51008,8.0
51013,51013,24.0
51013,51013,67.0
51011,51002,17.0
51014,41008,
51014,51002,74.0
51014,51008,
51014,51014,216.0
51014,51014,
51014,51013,
51009,51009,
51012,52015,
51010,51002,
51015,51015,29.0
51015,51015,
51011,51002,7.0
51011,51011,5.0
51011,51013,52.0
51011,52001,
51004,51004,
51004,51013,33.0
51004,51013,29.0
51002,51002,
51002,51002,
51001,51001,5.0
51001,51002,
51001,51016,
51012,51002,8.0
51010,51002,6.0
51002,29006,
51002,35016,
51002,51002,
51010,51001,
51010,51016,
51014,50015,
51014,51002,27.0
51014,51014,55.0
51014,51013,
51007,51002,
51007,51013,69.0
51014,51013,
51014,51013,6.0
51014,51014,
51005,51002,
51005,51005,33.0
51005,51013,11.0
51016,51002,32.0
51016,51016,
51016,51016,6.0
51005,51005,
51005,51013,
51001,51001,5.0
51001,51002,6.0
51001,51001,23.0
51013,51002,14.0
51013,51013,14.0
51013,51013,
51013,51013,74.0
51009,51006,
51013,51013,9.0
51013,51013,146.0
51015,51002,15.0
51015,51015,
51015,51016,
51015,51014,
51015,51015,16.0
51002,51002,
51002,51002,10.0
51002,51002,
51005,52001,
51005,51005,
51012,12002,
51012,31075,
51012,51002,47.0
51012,51014,
51012,51012,5.0
51003,17006,
51003,51003,
51003,51013,
51016,51002,
51016,51016,8.0
51011,51013,
51013,13001,
51013,51013,110.0
51013,51013,136.0
51013,31016,
51013,35072,
51013,41017,
51013,50015,
51013,51013,
51013,51013,289.0
51006,51002,8.0
51006,51014,
51006,51006,
51006,51013,8.0
51006,52015,
51011,51011,
51011,51002,
51011,51013,64.0
51011,51011,
51006,51002,9.0
51006,51006,
51005,51013,11.0
51011,51002,16.0
51011,51013,10.0
51014,51013,9.0
51007,51007,
51007,51002,8.0
51007,51013,
51007,51007,
51013,51013,45.0
51004,51002,15.0
51004,51004,11.0
51003,51002,12.0
51013,51013,
51013,51013,39.0
51012,51002,
51013,17006,
51013,42007,
51013,51002,14.0
51013,51014,
51013,51013,
51013,51013,2039.0
51013,52016,
51013,52015,
51013,53001,
51004,51002,
51004,51004,
51003,51003,
51003,51002,
51011,51002,10.0
51014,51002,
51003,51002,23.0
51003,52001,
51013,35115,
51013,51013,
51002,51002,9.0
51002,51013,
51009,51002,
51009,51009,
51007,51002,12.0
51007,51014,
51007,51013,5.0
51007,51007,7.0
51009,52001,
51014,11006,
51014,23023,
51014,29006,
51014,35011,
51014,35016,
51014,51002,37.0
51014,51015,
51014,51013,
51014,51016,
51014,51015,
51014,51013,
51014,15003,
51014,51002,85.0
51014,51014,
51014,51013,
51014,51013,108.0
51014,51014,17.0
51016,35011,
51016,51002,
51007,11005,
51007,11006,
51007,35011,
51007,51002,51.0
51007,51016,
51007,51014,
51007,51007,112.0
51007,52002,
51014,51002,7.0
51014,51014,
51014,51014,10.0
51015,51002,
51015,51015,
51015,51013,
51015,51015,
51013,51013,9.0
51005,51013,
51005,51005,
51005,52001,
51012,51011,
51002,12002,
51002,35171,
51002,35016,
51002,50015,
51002,51002,299.0
51002,51015,
51002,51007,
51002,51002,25.0
51002,52011,12.0
51014,51002,37.0
51014,51015,
51014,51013,
51014,51014,
51003,17006,
51003,51003,
51003,51002,
51003,51003,40.0
51010,51002,7.0
51007,51002,
51007,51013,5.0
51001,51001,
51001,51002,
51001,51013,7.0
52001,17006,
52001,31037,
52001,52011,
52001,52002,28.0
52001,52001,66.0
52001,53001,6.0
52011,52011,72.0
52011,52002,
52011,52001,
52011,52011,
52011,53001,
52015,52011,
52015,52002,
52015,52001,6.0
52015,52016,
52015,52014,
52010,52002,6.0
52010,52001,
52003,52014,
52004,31072,
52004,52004,44.0
52004,52011,11.0
52004,52002,18.0
52004,52003,
52004,52001,8.0
52004,52014,9.0
52004,53001,269.0
52011,52011,101.0
52011,52002,6.0
52011,52001,12.0
52011,52014,
52011,53001,
52014,52011,
52014,52002,5.0
52014,52001,
52014,52014,6.0
52003,41017,
52003,52003,
52007,52007,40.0
52007,52002,12.0
52007,52001,21.0
52007,52007,
52007,52014,
52012,52011,
52012,52002,
52012,52001,15.0
52012,52014,
52009,52002,9.0
52009,52016,
52009,52014,
52011,15006,
52011,15003,
52011,29002,
52011,31016,
52011,35072,
52011,51013,
52011,52011,4077.0
52011,52002,24.0
52011,52003,
52011,52001,57.0
52011,52011,
52011,52015,
52011,52014,
52011,53001,
52001,52011,5.0
52001,52001,
52001,52002,9.0
52001,52003,
52001,52001,40.0
52002,26010,
52002,29002,
52002,29009,
52002,31072,
52002,33006,
52002,33005,
52002,43030,
52002,52011,
52002,52002,4040.0
52002,52001,853.0
52002,52002,5.0
52002,52018,
52002,52016,
52002,52014,
52002,53001,
52015,52001,
52016,52002,11.0
52016,52001,5.0
52001,52011,
52001,52002,6.0
52001,52001,12.0
52001,52001,7.0
52001,52016,
52001,52001,
52009,52002,7.0
52009,52009,
52009,52001,
52002,52002,24.0
52002,52001,42.0
52012,52001,11.0
52012,52001,
52009,52001,
52012,52002,8.0
52012,52012,
52012,52001,11.0
52010,52002,
52010,52001,15.0
52010,52010,
52001,52011,
52001,52001,13.0
52009,52002,
52018,52011,
52018,52002,8.0
52018,52018,
52018,52001,
52018,52014,
52002,52002,20.0
52002,52002,40.0
52002,52001,23.0
52002,52016,
52002,52014,
52009,52011,5.0
52009,52002,
52009,52001,12.0
52009,52016,
52009,52014,
52017,52011,
52017,52002,12.0
52017,52017,33.0
52017,52001,12.0
52017,52017,
52002,52011,
52002,52002,13.0
52002,52001,16.0
52008,50014,
52008,52002,7.0
52008,52001,
52008,52008,
52001,52002,
52001,52001,10.0
52012,52011,
52012,52002,12.0
52012,52012,
52012,52001,
52012,52016,
52012,52014,
52017,52002,
52017,52017,
52017,52001,10.0
52017,52017,
52010,52001,
52007,52002,12.0
52003,52011,
52003,52003,
52003,52001,
52003,53001,
52015,52014,
52010,52001,
52017,52017,
52017,52001,5.0
52017,52017,20.0
52017,52014,
52015,52002,5.0
52015,52015,17.0
52015,52001,
52016,52002,
52016,52016,30.0
52016,52001,7.0
52016,52014,8.0
52005,31016,
52005,31072,
52005,52002,13.0
52005,52001,25.0
52005,52017,
52005,52005,
52005,52014,
52002,52002,8.0
52002,52001,5.0
52002,52014,
52001,52002,6.0
52001,52001,11.0
52001,52001,
52008,52008,9.0
52008,52001,
52008,52014,5.0
52014,52011,5.0
52014,52002,5.0
52014,52014,
52014,52001,
52014,52014,13.0
52005,50015,
52005,52005,
52005,52001,5.0
52011,52011,33.0
52011,52002,
52011,52001,
52011,52014,
52006,52011,14.0
52006,52002,7.0
52006,52006,
52006,52003,
52006,52001,33.0
52006,52014,5.0
52006,53001,
52013,52011,
52013,52002,
52013,52013,
52013,52001,10.0
52013,52014,5.0
52013,52011,5.0
52013,52013,
52013,52013,7.0
52013,52001,11.0
52013,52014,
52005,31072,
52005,31075,
52005,33005,
52005,35132,
52005,43030,
52005,52011,10.0
52005,52002,21.0
52005,52005,18.0
52005,52001,31.0
52005,52002,
52005,52017,
52005,52016,
52005,52014,
52005,53001,
52001,52011,5.0
52001,52002,
52001,52001,
52001,52001,17.0
52006,52002,6.0
52006,52006,8.0
52006,52001,8.0
52006,52014,
52013,52011,23.0
52013,52002,
52013,52013,118.0
52013,52018,
52013,52001,20.0
52013,52014,5.0
52002,52002,
52002,52002,15.0
52002,52001,10.0
52016,52002,12.0
52016,52016,
52016,52001,
52004,33005,
52004,52011,8.0
52004,52002,6.0
52004,52001,12.0
52004,53001,94.0
52011,52011,35.0
52011,52013,
52011,52011,41.0
52011,52001,5.0
52011,52011,
52011,52014,
52011,53001,5.0
52014,52011,
52014,52001,5.0
52014,52014,
52010,52001,12.0
52011,31072,
52011,52011,27.0
52011,52011,9.0
52011,52001,33.0
52011,52011,
52011,52014,
52005,52002,6.0
52005,52002,
52004,52002,
52004,52004,5.0
52004,52003,
52004,52001,8.0
52004,52014,
52004,53001,17.0
52002,27005,
52002,52002,
52002,52002,
52002,52001,
52002,52016,
52002,52014,8.0
52013,35171,
52013,52011,10.0
52013,52002,8.0
52013,52013,
52013,52013,29.0
52013,52001,9.0
52013,52014,11.0
52002,52002,10.0
52002,52002,
52002,52001,5.0
52007,52001,5.0
52001,52002,
52001,52001,
52001,52001,10.0
52005,53001,
52009,52001,
52009,52016,
52016,52002,
52016,52001,
52002,52014,
52002,52011,
52002,52002,18.0
52002,52002,8.0
52002,52001,10.0
52008,52014,
52012,52011,
52012,52002,11.0
52012,52001,10.0
52012,52014,7.0
52009,52002,
52009,52009,
52009,52001,
52009,52014,
52010,52002,9.0
52010,52010,6.0
52010,52001,20.0
52010,52016,
52010,52010,
52010,52014,
52003,52011,
52003,52002,
52003,52003,
52003,52001,11.0
52003,52014,
52003,23023,
52003,33006,
52003,52011,23.0
52003,52002,38.0
52003,52003,313.0
52003,52001,23.0
52003,52016,7.0
52003,52014,62.0
52003,53001,30.0
52008,52008,
52008,52001,
52008,52014,
52011,52011,16.0
52011,52002,
52011,52001,
52011,52011,56.0
52011,52002,8.0
52011,52011,
52011,52001,8.0
52005,52001,
52018,52011,9.0
52018,52002,13.0
52018,52018,256.0
52018,52001,13.0
52018,52011,
52018,52014,19.0
52001,11005,
52001,12002,
52001,15003,
52001,17001,
52001,17006,
52001,22004,
52001,24007,
52001,26010,
52001,31098,
52001,31072,
52001,33004,
52001,35011,
52001,52011,47.0
52001,52002,1618.0
52001,52018,
52001,52001,6601.0
52001,52002,
52001,52017,
52001,52018,
52001,52016,
52001,52002,
52001,52015,6.0
52001,52010,
52001,52015,
52001,52001,14.0
52001,52014,8.0
52001,53001,
52001,15003,
52001,33006,
52001,52002,24.0
52001,52001,195.0
52012,31075,
52012,51013,
52012,52002,25.0
52012,52001,34.0
52012,52012,
52012,53001,9.0
52017,52002,5.0
52017,52001,30.0
52017,52017,10.0
52017,52017,9.0
52017,52017,
52017,52002,
52017,52011,
52017,52001,6.0
52017,52015,
52001,52002,5.0
52001,52001,39.0
52012,52001,9.0
52007,52011,
52007,52002,
52007,52007,5.0
52013,52013,
52013,52014,
52012,52014,
52002,52002,65.0
52002,52001,70.0
52002,52002,35.0
52014,52001,12.0
52014,52016,
52014,52014,7.0
52007,52011,5.0
52007,52002,22.0
52007,52001,
52007,52007,16.0
52007,52014,
52017,52001,
52017,52017,
52017,52017,
52017,52002,
52002,52002,
52002,52002,
52002,52001,11.0
52002,52002,5.0
52002,52017,
52002,52010,
52002,52014,
52001,52011,
52001,52002,34.0
52001,52001,155.0
52001,52001,
52001,52002,
52001,52014,
52005,52011,
52005,52002,22.0
52005,52001,37.0
52005,52005,42.0
52005,52014,
52013,52013,7.0
52013,52001,
52013,52013,
52009,52002,16.0
52009,52001,24.0
52009,52009,15.0
52009,52014,
52009,52002,
52009,52001,10.0
52012,52011,8.0
52012,52002,17.0
52012,52001,53.0
52012,52012,
52012,52016,
52012,52014,5.0
52001,52002,
52001,52001,5.0
52001,52014,
52018,52001,
52015,52001,9.0
52015,52015,5.0
52013,52011,38.0
52013,52002,
52013,52001,5.0
52013,52013,13.0
52013,52013,
52013,52014,
52012,52002,
52012,52001,34.0
52012,52012,10.0
52012,52011,
52012,52002,
52012,52001,20.0
52012,52016,
52012,52014,6.0
52015,52001,14.0
52015,52015,7.0
52015,52015,
52001,52011,
52001,52002,13.0
52001,52001,10.0
52001,52014,
52017,31075,
52017,52011,
52017,52002,20.0
52017,52001,28.0
52017,52017,504.0
52017,52016,
52017,52015,
52017,52014,
52009,52001,
52009,52009,
52002,52001,16.0
52002,52002,
52002,52016,
52002,52014,
52018,42011,
52018,52011,56.0
52018,52002,
52018,52018,
52018,52001,21.0
52018,52018,108.0
52018,52011,
52018,52014,22.0
52016,23001,
52016,31075,
52016,35064,
52016,42008,
52016,52002,37.0
52016,52003,
52016,52001,39.0
52016,52002,
52016,52016,258.0
52016,52015,
52009,52002,
52009,52001,7.0
52001,52002,
52001,52001,
52017,52002,
52017,52001,
52017,52017,
52012,52011,
52012,52002,5.0
52012,52001,31.0
52012,52016,
52012,52014,
52002,52002,
52002,52001,5.0
52004,52011,131.0
52004,52002,152.0
52004,52003,
52004,52001,33.0
52004,52004,30.0
52004,52014,6.0
52004,53001,150.0
52002,52002,
52002,52001,
52007,52011,
52007,52002,5.0
52007,52003,
52007,52001,5.0
52007,52016,
52007,52007,6.0
52007,52014,
52007,53001,
52014,52011,
52014,52001,
52014,52014,5.0
52005,52005,
52012,52002,
52012,52001,5.0
52015,52002,
52015,52015,
52008,52001,15.0
52008,52008,
52008,52014,
52016,51013,
52016,52002,64.0
52016,52001,23.0
52016,52016,
52016,52016,124.0
52016,52016,
52016,52014,5.0
52009,52011,
52009,52001,
52006,52011,5.0
52006,52002,7.0
52006,52001,
52006,52016,
52006,52006,
52006,52014,
52006,53001,
52009,52002,
52009,52009,
52009,52014,
52015,52001,
52015,52015,16.0
52015,52015,10.0
52015,52014,
52008,52015,
52008,52014,
52017,32002,
52017,52011,5.0
52017,52002,11.0
52017,52001,26.0
52017,52017,
52017,52017,78.0
52017,52002,
52013,52011,
52013,52013,
52013,52014,
52012,52011,
52012,52002,
52012,52011,
52012,52002,11.0
52012,52001,27.0
52012,52014,5.0
52008,52002,
52008,52001,8.0
52008,52008,
52008,52008,
52008,52014,
52008,52001,
52001,52002,
52001,52001,17.0
52001,52010,
52001,52011,
52001,52002,33.0
52001,52001,31.0
52001,52001,
52014,52011,13.0
52014,52002,8.0
52014,52018,
52014,52001,21.0
52014,52016,
52014,52014,48.0
52014,52014,26.0
52013,52013,7.0
52012,52002,
52012,52001,
52012,52014,
52013,52013,19.0
52013,52014,
52014,52011,
52014,52001,
52014,52014,
52007,52002,
52007,52003,
52007,52001,
52007,52014,
52001,52011,
52001,52002,
52001,52001,11.0
52001,52014,
52001,53001,
52009,52002,6.0
52009,52001,
52004,31084,
52004,52011,11.0
52004,52002,
52004,52001,14.0
52004,52014,7.0
52004,53001,242.0
52008,52014,
52002,52002,
52002,52001,15.0
52002,52002,7.0
52002,52014,
52001,52011,
52001,52002,10.0
52001,52001,38.0
52001,53001,
52005,52011,
52005,52002,21.0
52005,52001,22.0
52005,52005,
52005,52014,
52018,52011,27.0
52018,52018,
52018,52001,
52018,52018,
52018,52014,14.0
52018,53001,21.0
52009,52001,11.0
52009,52009,
52010,52011,
52010,52002,11.0
52010,52018,
52010,52001,21.0
52010,52002,
52010,52014,
52005,52001,8.0
52005,52017,
52005,52005,13.0
52005,52014,
52010,52002,
52010,52010,
52010,52014,
52015,51013,
52015,52015,19.0
52010,52002,6.0
52010,52001,6.0
52010,52010,
52016,52001,6.0
52016,52016,
52016,52014,
52001,52011,37.0
52001,52002,7.0
52001,52001,11.0
52013,52011,
52013,52013,
52013,52001,
52013,52018,
52002,52002,11.0
52002,52001,25.0
52002,52002,
52002,52009,
52002,52002,159.0
52002,52002,
52009,52002,10.0
52009,52001,6.0
52009,52009,
52011,52011,72.0
52011,52002,11.0
52011,52001,19.0
52011,52011,172.0
52011,52014,
52011,53001,
52005,52011,
52005,52002,13.0
52005,52005,
52005,52001,28.0
52005,52005,
52005,52005,91.0
52005,53001,
52003,31016,
52003,52011,
52003,52002,14.0
52003,52003,
52003,52001,6.0
52003,52003,97.0
52003,52014,5.0
52003,53001,70.0
52002,52002,
52002,52001,24.0
52002,52002,18.0
52008,52011,
52008,52002,
52008,52001,53.0
52008,52008,20.0
52008,52014,12.0
52015,52015,
52016,52002,5.0
52016,52001,
52016,52016,
52016,52016,
52016,52014,
52007,52002,17.0
52007,52003,
52007,52001,14.0
52007,52007,
52007,52007,77.0
52007,52014,
52007,53001,
52002,52002,8.0
52002,52001,5.0
52002,52002,
52015,52011,6.0
52015,52002,
52015,52001,26.0
52015,52017,
52015,52016,
52015,52015,169.0
52015,52015,
52015,52014,
52013,52011,15.0
52013,52002,
52013,52013,49.0
52013,52001,
52013,52014,8.0
52013,52011,
52013,52002,
52013,52013,5.0
52013,52001,
52013,52014,
52005,52005,5.0
52015,24007,
52015,31072,
52015,52011,
52015,52002,9.0
52015,52016,
52015,52001,23.0
52015,52016,
52015,52016,
52015,52015,561.0
52015,52001,
52013,52011,
52013,52002,
52013,52013,6.0
52013,52001,
52013,52013,10.0
52013,52014,6.0
52010,52002,11.0
52010,52001,22.0
52010,52001,
52010,52014,
52001,52002,
52001,52001,41.0
52001,52001,
52001,52014,5.0
52012,52001,5.0
52012,52012,
52015,52011,
52015,52002,5.0
52015,52001,48.0
52015,52017,
52015,52016,
52015,52015,15.0
52015,52014,
52013,52011,
52013,52002,8.0
52013,52013,7.0
52013,52018,
52013,52001,9.0
52013,52014,
52016,51013,
52016,52011,
52016,52002,7.0
52016,52001,5.0
52016,52014,
52018,52018,
52018,52014,
52001,52011,
52001,52003,
52001,52016,
52001,52001,
52008,52001,
52008,52014,
52013,52011,
52013,52002,12.0
52013,52013,
52013,52013,8.0
52013,52014,10.0
52015,52016,
52015,52015,
52001,52002,
52001,52001,26.0
52001,52001,
52004,52011,26.0
52004,52001,
52004,52004,8.0
52004,53001,65.0
52007,52001,
52007,52007,
52001,52011,17.0
52001,52001,8.0
52001,52018,
52001,52001,
52003,51009,
52003,52001,
52003,52003,
52003,52014,
52010,52001,
52010,52014,
52010,52002,38.0
52010,52001,54.0
52010,52016,
52010,52010,16.0
52010,52014,
52013,52013,
52013,52001,5.0
52013,52014,
52008,33005,
52008,52002,
52008,52001,6.0
52008,52008,64.0
52008,52014,8.0
52013,52013,
52013,52001,
52015,31016,
52015,52001,
52015,52015,37.0
52002,15003,
52002,24007,
52002,52002,274.0
52002,52001,334.0
52002,52002,
52016,52001,
52016,52016,5.0
52016,52016,
52002,52011,13.0
52002,52002,13.0
52002,52001,11.0
52002,52002,
52007,52007,
52007,52002,
52007,52001,
52007,52007,8.0
52007,52014,
52007,52011,
52007,52001,
52001,52001,
52001,52001,
52006,52001,
52011,52011,46.0
52011,52002,5.0
52011,52001,10.0
52005,52002,
52005,52005,
52001,31021,
52001,52011,
52001,52002,130.0
52001,52002,
52001,52003,
52001,52001,380.0
52001,52017,
52001,52015,
52001,52010,
52001,52001,963.0
52001,52014,19.0
52008,52001,
52010,52010,6.0
52015,52015,
52013,52001,6.0
52013,52014,
52014,52011,52.0
52014,52001,9.0
52014,52008,
52014,52014,209.0
52013,52011,22.0
52013,52002,20.0
52013,52013,14.0
52013,52001,8.0
52013,52014,
52005,52001,
52005,52005,
52004,33007,
52004,52011,62.0
52004,52002,18.0
52004,52001,26.0
52004,52003,
52004,52014,10.0
52004,53001,301.0
52002,52002,
52002,52001,14.0
52002,53001,
52002,52002,17.0
52002,52001,27.0
52002,52016,
52002,52002,
52002,52002,23.0
52002,52011,
52002,52002,16.0
52002,52001,
52002,52014,
52003,52001,
52003,53001,
52018,52011,
52018,52018,10.0
53001,12002,
53001,13001,
53001,15003,
53001,15001,
53001,17006,
53001,21016,
53001,22004,5.0
53001,24007,
53001,25016,
53001,25001,
53001,29002,
53001,29006,
53001,29021,
53001,31016,
53001,31075,
53001,33005,
53001,35072,
53001,35083,
53001,35015,
53001,35016,5.0
53001,35173,
53001,42007,
53001,43010,
53001,51005,
53001,52004,
53001,52011,20.0
53001,52002,13.0
53001,52013,
53001,52001,21.0
53001,52017,
53001,52018,
53001,52011,
53001,52015,
53001,52014,
53001,53001,11910.0
