health_region_code,name,uf,capacity,legacy_suicide_asmr,corrected_suicide_asmr,delta_suicide_asmr,legacy_suicide_percentile,corrected_suicide_percentile,delta_suicide_percentile,legacy_need,corrected_need,delta_need,legacy_mismatch,corrected_mismatch,delta_mismatch,legacy_lisa,corrected_lisa,legacy_radar_families,corrected_radar_families,flags
11001,Vale do Jamari,RO,0.2450532724505326,9.02224156642051,9.272870113829764,0.25062854740925467,0.5525114155251142,0.5593607305936074,0.006849315068493178,0.4406392694063927,0.4440639269406393,0.003424657534246589,0.19558599695586,0.1990106544901067,0.0034246575342467,not_significant,not_significant,CAPACITY_LOW;CAPACITY_COMPONENT_LOW,CAPACITY_LOW;CAPACITY_COMPONENT_LOW,ZERO_REGISTERED_BEDS
11002,Café,RO,0.4923896499238965,8.850876480100617,8.85397320301563,0.0030967229150142828,0.5251141552511416,0.5114155251141552,-0.013698630136986356,0.4646118721461187,0.4577625570776256,-0.0068493150684931225,-0.0277777777777777,-0.03462709284627091,-0.006849315068493213,not_significant,not_significant,,,ZERO_REGISTERED_BEDS
11003,Central,RO,0.4330289193302892,9.390454985270456,9.393740494587037,0.0032855093165817806,0.591324200913242,0.5776255707762558,-0.013698630136986245,0.5125570776255708,0.5057077625570776,-0.006849315068493178,0.0795281582952815,0.07267884322678841,-0.006849315068493081,high-high,high-high,CAPACITY_COMPONENT_LOW;SPATIAL_HH_MISMATCH,CAPACITY_COMPONENT_LOW;SPATIAL_HH_MISMATCH,
11004,Madeira-Mamoré,RO,0.4512937595129376,7.209200587540715,7.2450183787840405,0.035817791243325736,0.319634703196347,0.3127853881278539,-0.0068493150684931225,0.4977168949771689,0.4942922374429224,-0.0034246575342465335,0.0464231354642313,0.04299847792998479,-0.0034246575342465058,not_significant,not_significant,CAPACITY_COMPONENT_LOW,CAPACITY_COMPONENT_LOW,ZERO_REGISTERED_BEDS
11005,Zona da Mata,RO,0.2427701674277017,10.912446677263304,10.916264697293334,0.003818020030029956,0.7511415525114156,0.7420091324200914,-0.0091324200913242,0.6769406392694064,0.6723744292237444,-0.004566210045662045,0.4341704718417046,0.42960426179604266,-0.004566210045661934,not_significant,not_significant,CAPACITY_LOW;MISMATCH_MARKED_POSITIVE;CAPACITY_COMPONENT_LOW,CAPACITY_LOW;MISMATCH_MARKED_POSITIVE;CAPACITY_COMPONENT_LOW,ZERO_REGISTERED_BEDS
11006,Cone Sul,RO,0.6164383561643836,8.692954266258216,9.319347356720087,0.6263930904618711,0.4977168949771689,0.5707762557077626,0.07305936073059366,0.6015981735159818,0.6381278538812786,0.0365296803652968,-0.0148401826484018,0.02168949771689499,0.03652968036529679,not_significant,not_significant,,,
11007,Vale do Guaporé,RO,0.1073059360730593,11.74896422840798,11.753074927143366,0.00411069873538672,0.8356164383561644,0.8310502283105022,-0.004566210045662156,0.519406392694064,0.5171232876712328,-0.0022831050228311334,0.4121004566210046,0.40981735159817356,-0.0022831050228310223,not_significant,not_significant,CAPACITY_LOW;MISMATCH_MARKED_POSITIVE;CAPACITY_COMPONENT_LOW,CAPACITY_LOW;MISMATCH_MARKED_POSITIVE;CAPACITY_COMPONENT_LOW,ZERO_REGISTERED_BEDS
12001,Alto Acre,AC,0.3470319634703196,8.299196972859919,8.302100675504494,0.00290370264457529,0.454337899543379,0.4383561643835616,-0.01598173515981738,0.3401826484018265,0.33219178082191775,-0.007990867579908745,-0.0068493150684931,-0.014840182648401867,-0.007990867579908767,low-high,low-high,CAPACITY_COMPONENT_LOW,CAPACITY_COMPONENT_LOW,ZERO_REGISTERED_BEDS
12002,Baixo Acre e Purus,AC,0.3515981735159817,12.241839071107254,12.246122215681538,0.004283144574284137,0.8744292237442922,0.863013698630137,-0.011415525114155223,0.8333333333333333,0.8276255707762556,-0.005707762557077611,0.4817351598173515,0.47602739726027393,-0.005707762557077556,not_significant,not_significant,NEED_HIGH;MISMATCH_MARKED_POSITIVE;CAPACITY_COMPONENT_LOW,NEED_HIGH;MISMATCH_MARKED_POSITIVE;CAPACITY_COMPONENT_LOW,
12003,Juruá e Tarauacá/Envira,AC,0.3006088280060883,10.98998065058332,10.993825798009423,0.0038451474261034235,0.7579908675799086,0.7488584474885844,-0.0091324200913242,0.5410958904109588,0.5365296803652968,-0.004566210045662045,0.2404870624048705,0.2359208523592085,-0.004566210045661989,high-high,high-high,CAPACITY_COMPONENT_LOW;SPATIAL_HH_MISMATCH,CAPACITY_COMPONENT_LOW;SPATIAL_HH_MISMATCH,ZERO_REGISTERED_BEDS
13001,"Manaus, Entorno e Alto Rio Negro",AM,0.1491628614916286,6.144743788306698,6.190200110551096,0.045456322244397995,0.2100456621004566,0.20776255707762556,-0.00228310502283105,0.1381278538812785,0.13698630136986298,-0.0011415525114155112,-0.0110350076103501,-0.012176560121765628,-0.0011415525114155285,not_significant,not_significant,CAPACITY_LOW;CAPACITY_COMPONENT_LOW,CAPACITY_LOW;CAPACITY_COMPONENT_LOW,ZERO_REGISTERED_BEDS
13002,Rio Negro e Solimões,AM,0.2100456621004566,4.8939771054228025,4.895689398107261,0.001712292684458383,0.093607305936073,0.08904109589041095,-0.004566210045662045,0.1198630136986301,0.11757990867579908,-0.0022831050228310223,-0.0901826484018264,-0.09246575342465753,-0.0022831050228311334,not_significant,not_significant,CAPACITY_LOW;CAPACITY_COMPONENT_LOW,CAPACITY_LOW;CAPACITY_COMPONENT_LOW,ZERO_REGISTERED_BEDS
13003,Rio Madeira,AM,0.4041095890410959,5.526765212178121,5.528698903210521,0.0019336910324003753,0.1461187214611872,0.1415525114155251,-0.0045662100456621,0.0867579908675799,0.08447488584474885,-0.00228310502283105,-0.317351598173516,-0.319634703196347,-0.0022831050228310223,low-high,low-high,CAPACITY_COMPONENT_LOW,CAPACITY_COMPONENT_LOW,ZERO_REGISTERED_BEDS
13004,Médio Amazonas,AM,0.1308980213089802,4.696866825770347,4.698510153994489,0.0016433282241417047,0.0753424657534246,0.0730593607305936,-0.0022831050228309946,0.045662100456621,0.04452054794520545,-0.0011415525114155528,-0.0852359208523592,-0.08637747336377476,-0.0011415525114155528,not_significant,not_significant,CAPACITY_LOW;CAPACITY_COMPONENT_LOW,CAPACITY_LOW;CAPACITY_COMPONENT_LOW,ZERO_REGISTERED_BEDS
13005,Baixo Amazonas,AM,0.1796042617960426,11.82159036690738,11.82572647589765,0.00413610899027006,0.8447488584474886,0.8378995433789954,-0.006849315068493178,0.5833333333333334,0.5799086757990868,-0.003424657534246589,0.4037290715372907,0.4003044140030442,-0.0034246575342465335,not_significant,not_significant,CAPACITY_LOW;MISMATCH_MARKED_POSITIVE;CAPACITY_COMPONENT_LOW,CAPACITY_LOW;MISMATCH_MARKED_POSITIVE;CAPACITY_COMPONENT_LOW,ZERO_REGISTERED_BEDS
13006,Regional Purus,AM,0.1803652968036529,4.956116282020049,4.9578503158069305,0.0017340337868816391,0.1073059360730593,0.10273972602739725,-0.004566210045662045,0.0764840182648401,0.07420091324200913,-0.002283105022830967,-0.1038812785388128,-0.10616438356164377,-0.0022831050228309807,not_significant,not_significant,CAPACITY_LOW;CAPACITY_COMPONENT_LOW,CAPACITY_LOW;CAPACITY_COMPONENT_LOW,ZERO_REGISTERED_BEDS
13007,Regional Juruá,AM,0.2115677321156773,13.065494803969385,13.070066127187646,0.0045713232182613694,0.91324200913242,0.9041095890410958,-0.0091324200913242,0.4920091324200913,0.48744292237442916,-0.004566210045662156,0.280441400304414,0.27587519025875185,-0.004566210045662156,not_significant,not_significant,CAPACITY_LOW;MISMATCH_MARKED_POSITIVE;CAPACITY_COMPONENT_LOW,CAPACITY_LOW;MISMATCH_MARKED_POSITIVE;CAPACITY_COMPONENT_LOW,ZERO_REGISTERED_BEDS
13008,Triângulo,AM,0.1210045662100456,8.472154448175683,8.47511866475674,0.0029642165810574994,0.4726027397260274,0.4657534246575342,-0.006849315068493178,0.2374429223744292,0.23401826484018262,-0.003424657534246589,0.1164383561643835,0.11301369863013702,-0.003424657534246478,not_significant,not_significant,CAPACITY_LOW;CAPACITY_COMPONENT_LOW,CAPACITY_LOW;CAPACITY_COMPONENT_LOW,ZERO_REGISTERED_BEDS
13009,Alto Solimões,AM,0.1126331811263318,18.32962056941261,18.41555985435428,0.08593928494167002,0.9931506849315068,0.9931506849315068,0.0,0.4965753424657534,0.4965753424657534,0.0,0.3839421613394216,0.3839421613394216,0.0,not_significant,not_significant,CAPACITY_LOW;MISMATCH_MARKED_POSITIVE;CAPACITY_COMPONENT_LOW,CAPACITY_LOW;MISMATCH_MARKED_POSITIVE;CAPACITY_COMPONENT_LOW,ZERO_REGISTERED_BEDS
14001,Centro Norte,RR,0.5380517503805176,9.465833615246916,9.623482414776609,0.15764879952969224,0.5981735159817352,0.6050228310502284,0.006849315068493178,0.3675799086757991,0.3710045662100457,0.003424657534246589,-0.1704718417047184,-0.16704718417047187,0.0034246575342465335,not_significant,not_significant,,,
14002,Sul,RR,0.302130898021309,6.430288251454649,6.432538064907949,0.00224981345330022,0.2351598173515981,0.2328767123287671,-0.0022831050228309946,0.1449771689497717,0.14383561643835616,-0.001141552511415539,-0.1571537290715373,-0.15829528158295283,-0.001141552511415539,not_significant,not_significant,CAPACITY_COMPONENT_LOW,CAPACITY_COMPONENT_LOW,ZERO_REGISTERED_BEDS
15001,Araguaia,PA,0.3378995433789954,9.74846111612001,9.982156157468195,0.23369504134818442,0.6301369863013698,0.636986301369863,0.006849315068493178,0.4817351598173516,0.4851598173515982,0.003424657534246589,0.1438356164383561,0.14726027397260277,0.0034246575342466723,not_significant,not_significant,CAPACITY_COMPONENT_LOW,CAPACITY_COMPONENT_LOW,ZERO_REGISTERED_BEDS
15002,Baixo Amazonas,PA,0.1681887366818873,8.115038330103738,8.262588579681378,0.1475502495776393,0.4292237442922374,0.4337899543378995,0.0045662100456621,0.2237442922374429,0.22602739726027396,0.00228310502283105,0.0555555555555555,0.05783866057838666,0.002283105022831161,not_significant,not_significant,CAPACITY_LOW;CAPACITY_COMPONENT_LOW,CAPACITY_LOW;CAPACITY_COMPONENT_LOW,ZERO_REGISTERED_BEDS
15003,Carajás,PA,0.2945205479452055,6.664205516280738,6.881697878277665,0.21749236199692668,0.2625570776255708,0.2808219178082192,0.0182648401826484,0.2762557077625571,0.2853881278538813,0.0091324200913242,-0.0182648401826484,-0.0091324200913242,0.0091324200913242,not_significant,not_significant,CAPACITY_COMPONENT_LOW,CAPACITY_COMPONENT_LOW,
15004,Lago de Tucuruí,PA,0.271689497716895,6.834555126844768,6.83694638419909,0.002391257354321219,0.2762557077625571,0.2671232876712329,-0.0091324200913242,0.1621004566210045,0.15753424657534243,-0.0045662100456620724,-0.1095890410958904,-0.11415525114155256,-0.004566210045662156,not_significant,not_significant,CAPACITY_COMPONENT_LOW,CAPACITY_COMPONENT_LOW,ZERO_REGISTERED_BEDS
15006,Metropolitana I,PA,0.1765601217656012,3.915856264296424,4.012664951452481,0.09680868715605717,0.0365296803652968,0.03881278538812785,0.00228310502283105,0.2796803652968037,0.2808219178082192,0.0011415525114155112,0.1031202435312024,0.10426179604261798,0.0011415525114155806,not_significant,not_significant,CAPACITY_LOW;CAPACITY_COMPONENT_LOW,CAPACITY_LOW;CAPACITY_COMPONENT_LOW,ZERO_REGISTERED_BEDS
15007,Metropolitana II,PA,0.3028919330289193,4.2273475217740035,4.228826575737736,0.0014790539637328237,0.0433789954337899,0.04337899543378995,4.85722573273506e-17,0.1221461187214611,0.12214611872146118,8.326672684688674e-17,-0.1807458143074581,-0.18074581430745812,-2.7755575615628914e-17,not_significant,not_significant,CAPACITY_COMPONENT_LOW,CAPACITY_COMPONENT_LOW,ZERO_REGISTERED_BEDS
15008,Metropolitana III,PA,0.2602739726027397,5.319802566639529,5.379180203527733,0.059377636888203966,0.1255707762557077,0.1278538812785388,0.0022831050228311056,0.1621004566210045,0.16324200913242004,0.001141552511415539,-0.0981735159817351,-0.09703196347031967,0.001141552511415428,not_significant,not_significant,CAPACITY_COMPONENT_LOW,CAPACITY_COMPONENT_LOW,ZERO_REGISTERED_BEDS
15009,Rio Caetés,PA,0.515220700152207,4.4990904163865375,4.500664547086528,0.0015741306999901283,0.0639269406392694,0.06164383561643835,-0.00228310502283105,0.3321917808219178,0.3310502283105023,-0.0011415525114155112,-0.1830289193302892,-0.1841704718417047,-0.0011415525114155112,not_significant,not_significant,CAPACITY_COMPONENT_LOW,CAPACITY_COMPONENT_LOW,
15010,Tapajós,PA,0.1613394216133942,9.285765347127237,9.289014227890464,0.0032488807632269356,0.5799086757990868,0.5662100456621004,-0.013698630136986356,0.3002283105022831,0.2933789954337899,-0.006849315068493178,0.1388888888888889,0.13203957382039572,-0.006849315068493178,not_significant,not_significant,CAPACITY_LOW;CAPACITY_COMPONENT_LOW,CAPACITY_LOW;CAPACITY_COMPONENT_LOW,ZERO_REGISTERED_BEDS
15011,Tocantins,PA,0.1933028919330288,4.889009294756901,4.942450135998588,0.05344084124168713,0.091324200913242,0.0958904109589041,0.0045662100456621,0.117579908675799,0.1198630136986301,0.0022831050228311056,-0.0757229832572298,-0.0734398782343987,0.0022831050228311056,not_significant,not_significant,CAPACITY_LOW;CAPACITY_COMPONENT_LOW,CAPACITY_LOW;CAPACITY_COMPONENT_LOW,ZERO_REGISTERED_BEDS
15012,Xingu,PA,0.3226788432267884,6.064213853419446,6.2490042584997925,0.1847904050803466,0.1986301369863013,0.2146118721461187,0.015981735159817406,0.1255707762557077,0.13356164383561642,0.007990867579908717,-0.1971080669710806,-0.189117199391172,0.007990867579908606,not_significant,not_significant,CAPACITY_COMPONENT_LOW,CAPACITY_COMPONENT_LOW,ZERO_REGISTERED_BEDS
15013,Marajó I,PA,0.1103500761035007,3.8174952905933246,3.9887011003586,0.17120580976527533,0.0319634703196347,0.0365296803652968,0.0045662100456621,0.0308219178082191,0.0331050228310502,0.0022831050228310987,-0.0795281582952816,-0.0772450532724505,0.0022831050228311056,not_significant,not_significant,CAPACITY_LOW;CAPACITY_COMPONENT_LOW,CAPACITY_LOW;CAPACITY_COMPONENT_LOW,ZERO_REGISTERED_BEDS
15014,Marajó II,PA,0.2039573820395738,5.8197925903552346,5.821828805086702,0.002036214731467645,0.1803652968036529,0.1735159817351598,-0.006849315068493095,0.1118721461187214,0.10844748858447485,-0.0034246575342465474,-0.0920852359208523,-0.09550989345509896,-0.0034246575342466584,not_significant,not_significant,CAPACITY_LOW;CAPACITY_COMPONENT_LOW,CAPACITY_LOW;CAPACITY_COMPONENT_LOW,ZERO_REGISTERED_BEDS
16001,Área Central,AP,0.2009132420091324,9.345347124670475,9.390178943539913,0.04483181886943832,0.58675799086758,0.5753424657534246,-0.011415525114155334,0.3184931506849315,0.31278538812785384,-0.005707762557077667,0.1175799086757991,0.11187214611872143,-0.005707762557077667,not_significant,not_significant,CAPACITY_LOW;CAPACITY_COMPONENT_LOW,CAPACITY_LOW;CAPACITY_COMPONENT_LOW,ZERO_REGISTERED_BEDS
16002,Área Norte,AP,0.1971080669710806,12.246616930538554,12.250901746778556,0.004284816240001987,0.8767123287671232,0.865296803652968,-0.011415525114155223,0.5228310502283104,0.5171232876712328,-0.005707762557077611,0.3257229832572298,0.3200152207001522,-0.005707762557077611,not_significant,not_significant,CAPACITY_LOW;MISMATCH_MARKED_POSITIVE;CAPACITY_COMPONENT_LOW,CAPACITY_LOW;MISMATCH_MARKED_POSITIVE;CAPACITY_COMPONENT_LOW,ZERO_REGISTERED_BEDS
16003,Área Sudoeste,AP,0.3181126331811263,6.541527431705893,6.802346369333991,0.26081893762809827,0.2511415525114155,0.2648401826484018,0.0136986301369863,0.1289954337899543,0.13584474885844747,0.006849315068493178,-0.189117199391172,-0.18226788432267885,0.00684931506849315,not_significant,not_significant,CAPACITY_COMPONENT_LOW,CAPACITY_COMPONENT_LOW,ZERO_REGISTERED_BEDS
17001,Médio Norte Araguaia,TO,0.6522070015220701,9.540005887849563,9.669108711978925,0.1291028241293617,0.6095890410958904,0.6095890410958904,0.0,0.5445205479452054,0.5445205479452054,0.0,-0.1076864535768646,-0.10768645357686468,-8.326672684688674e-17,not_significant,not_significant,CAPACITY_COMPONENT_LOW,CAPACITY_COMPONENT_LOW,
17002,Bico do Papagaio,TO,0.5098934550989346,6.489444557023251,6.491715067939388,0.0022705109161362813,0.2488584474885844,0.23972602739726026,-0.009132420091324145,0.1769406392694064,0.1723744292237443,-0.0045662100456621,-0.3329528158295282,-0.3375190258751903,-0.0045662100456621,not_significant,not_significant,,,ZERO_REGISTERED_BEDS
17003,Sudeste,TO,0.3158295281582953,13.132391297275335,13.468984390936667,0.3365930936613317,0.9155251141552512,0.9200913242009132,0.004566210045662045,0.5353881278538812,0.5376712328767124,0.0022831050228311334,0.2195585996955859,0.22184170471841708,0.002283105022831189,not_significant,not_significant,CAPACITY_COMPONENT_LOW,CAPACITY_COMPONENT_LOW,ZERO_REGISTERED_BEDS
17004,Cerrado Tocantins Araguaia,TO,0.4246575342465753,11.77764723858133,12.347627924023156,0.5699806854418252,0.8424657534246576,0.8698630136986302,0.0273972602739726,0.4954337899543379,0.5091324200913242,0.0136986301369863,0.0707762557077625,0.08447488584474888,0.013698630136986384,not_significant,not_significant,,,ZERO_REGISTERED_BEDS
17005,Ilha do Bananal,TO,0.5395738203957382,10.851490748347995,11.181184229833192,0.3296934814851973,0.7465753424657534,0.7625570776255708,0.01598173515981738,0.615296803652968,0.6232876712328768,0.007990867579908745,0.0757229832572298,0.08371385083713856,0.007990867579908759,high-high,high-high,SPATIAL_HH_MISMATCH,SPATIAL_HH_MISMATCH,ZERO_REGISTERED_BEDS
17006,Capim Dourado,TO,0.571537290715373,10.025763999257247,10.187416728477523,0.1616527292202754,0.6529680365296804,0.6575342465753424,0.004566210045662045,0.6164383561643836,0.6187214611872146,0.0022831050228310223,0.0449010654490106,0.04718417047184165,0.002283105022831043,high-high,high-high,CAPACITY_COMPONENT_LOW;SPATIAL_HH_MISMATCH,CAPACITY_COMPONENT_LOW;SPATIAL_HH_MISMATCH,
17007,Cantão,TO,0.1643835616438356,12.131257763286948,12.135502217944968,0.004244454658019592,0.8698630136986302,0.8584474885844748,-0.011415525114155334,0.6210045662100456,0.615296803652968,-0.005707762557077611,0.45662100456621,0.4509132420091324,-0.005707762557077611,not_significant,not_significant,CAPACITY_LOW;MISMATCH_MARKED_POSITIVE;CAPACITY_COMPONENT_LOW,CAPACITY_LOW;MISMATCH_MARKED_POSITIVE;CAPACITY_COMPONENT_LOW,ZERO_REGISTERED_BEDS
17008,Amor Perfeito,TO,0.1613394216133942,11.435610400108477,11.724516322437232,0.28890592232875534,0.8127853881278538,0.8287671232876712,0.01598173515981738,0.6267123287671232,0.634703196347032,0.007990867579908745,0.465372907153729,0.4733637747336378,0.0079908675799088,not_significant,not_significant,CAPACITY_LOW;MISMATCH_MARKED_POSITIVE;CAPACITY_COMPONENT_LOW,CAPACITY_LOW;MISMATCH_MARKED_POSITIVE;CAPACITY_COMPONENT_LOW,ZERO_REGISTERED_BEDS
21001,Açailândia,MA,0.4010654490106545,8.266394275513452,8.325387060467316,0.05899278495386362,0.4474885844748858,0.4452054794520548,-0.0022831050228310223,0.3105022831050228,0.3093607305936073,-0.0011415525114155112,-0.0905631659056316,-0.09170471841704719,-0.0011415525114155944,not_significant,not_significant,,,ZERO_REGISTERED_BEDS
21002,Bacabal,MA,0.3340943683409437,7.741076740055629,7.896094175601135,0.1550174355455063,0.3789954337899543,0.3881278538812785,0.0091324200913242,0.3938356164383562,0.39840182648401823,0.004566210045662045,0.0597412480974124,0.06430745814307454,0.004566210045662135,not_significant,not_significant,CAPACITY_COMPONENT_LOW,CAPACITY_COMPONENT_LOW,ZERO_REGISTERED_BEDS
21003,Balsas,MA,0.2054794520547945,8.873690461900367,8.876795166915274,0.0031047050149073385,0.5273972602739726,0.5182648401826484,-0.0091324200913242,0.3013698630136986,0.2968036529680365,-0.0045662100456621,0.095890410958904,0.091324200913242,-0.004566210045661989,not_significant,not_significant,CAPACITY_LOW;CAPACITY_COMPONENT_LOW,CAPACITY_LOW;CAPACITY_COMPONENT_LOW,ZERO_REGISTERED_BEDS
21004,Barra do Corda,MA,0.3066971080669711,6.629207760242127,6.68636758824951,0.05715982800738306,0.2579908675799087,0.2557077625570776,-0.002283105022831078,0.2146118721461187,0.21347031963470314,-0.0011415525114155667,-0.0920852359208523,-0.09322678843226795,-0.00114155251141565,not_significant,not_significant,CAPACITY_COMPONENT_LOW,CAPACITY_COMPONENT_LOW,ZERO_REGISTERED_BEDS
21005,Caxias,MA,0.439117199391172,9.275831092807929,9.279076497798663,0.003245404990734002,0.5776255707762558,0.5616438356164384,-0.01598173515981738,0.3595890410958904,0.35159817351598177,-0.007990867579908634,-0.0795281582952815,-0.08751902587519023,-0.00799086757990873,not_significant,not_significant,CAPACITY_COMPONENT_LOW,CAPACITY_COMPONENT_LOW,ZERO_REGISTERED_BEDS
21006,Chapadinha,MA,0.1438356164383561,3.4144064369823033,3.4458516247729323,0.03144518779062899,0.0182648401826484,0.01598173515981735,-0.00228310502283105,0.1244292237442922,0.12328767123287668,-0.001141552511415525,-0.0194063926940639,-0.020547945205479423,-0.0011415525114155216,not_significant,not_significant,CAPACITY_LOW;CAPACITY_COMPONENT_LOW,CAPACITY_LOW;CAPACITY_COMPONENT_LOW,ZERO_REGISTERED_BEDS
21007,Codó,MA,0.3409436834094368,5.612416212380562,5.651095576006701,0.03867936362613911,0.1575342465753424,0.15753424657534246,5.551115123125783e-17,0.3493150684931507,0.3493150684931507,0.0,0.0083713850837138,0.008371385083713878,7.806255641895632e-17,not_significant,not_significant,,,ZERO_REGISTERED_BEDS
21008,Imperatriz,MA,0.3310502283105023,7.318425633867847,7.443348894557427,0.12492326068958004,0.3310502283105023,0.3333333333333333,0.0022831050228310223,0.2020547945205479,0.20319634703196346,0.0011415525114155667,-0.1289954337899543,-0.12785388127853883,0.0011415525114154557,not_significant,not_significant,,,ZERO_REGISTERED_BEDS
21009,Itapecuru Mirim,MA,0.2716894977168949,4.389442256742361,4.390978024013675,0.0015357672713136594,0.0525114155251141,0.0502283105022831,-0.0022831050228309946,0.2671232876712329,0.2659817351598174,-0.0011415525114155112,-0.004566210045662,-0.0057077625570775,-0.0011415525114155008,not_significant,not_significant,CAPACITY_COMPONENT_LOW,CAPACITY_COMPONENT_LOW,ZERO_REGISTERED_BEDS
21010,Pedreiras,MA,0.4094368340943683,4.643540479368413,4.645165149901506,0.0016246705330926758,0.0707762557077625,0.0684931506849315,-0.0022831050228309946,0.2420091324200913,0.2408675799086758,-0.0011415525114155112,-0.167427701674277,-0.16856925418569252,-0.0011415525114155112,not_significant,not_significant,CAPACITY_COMPONENT_LOW,CAPACITY_COMPONENT_LOW,ZERO_REGISTERED_BEDS
21011,Pinheiro,MA,0.3972602739726027,3.3849470282048832,3.5671687089716064,0.18222168076672318,0.0159817351598173,0.02054794520547945,0.004566210045662152,0.1712328767123287,0.1735159817351598,0.0022831050228311056,-0.2260273972602739,-0.2237442922374429,0.0022831050228309946,not_significant,not_significant,CAPACITY_COMPONENT_LOW,CAPACITY_COMPONENT_LOW,ZERO_REGISTERED_BEDS
21012,Presidente Dutra,MA,0.4421613394216133,6.791508379880064,6.866990395303638,0.07548201542357447,0.271689497716895,0.273972602739726,0.0022831050228310223,0.3333333333333333,0.3344748858447488,0.0011415525114155112,-0.1088280060882799,-0.10768645357686446,0.0011415525114154418,not_significant,not_significant,CAPACITY_COMPONENT_LOW,CAPACITY_COMPONENT_LOW,ZERO_REGISTERED_BEDS
21013,Rosário,MA,0.3698630136986301,4.055727214847116,4.057146222719557,0.0014190078724407584,0.0410958904109589,0.0410958904109589,0.0,0.2728310502283105,0.27283105022831056,5.551115123125783e-17,-0.0970319634703195,-0.09703196347031956,-5.551115123125783e-17,not_significant,not_significant,,,ZERO_REGISTERED_BEDS
21014,Santa Inês,MA,0.1605783866057838,4.790958052668136,4.874226537508344,0.08326848484020744,0.0867579908675799,0.08447488584474885,-0.00228310502283105,0.3184931506849315,0.317351598173516,-0.0011415525114155112,0.1579147640791477,0.1567732115677322,-0.0011415525114155112,not_significant,not_significant,CAPACITY_LOW;CAPACITY_COMPONENT_LOW,CAPACITY_LOW;CAPACITY_COMPONENT_LOW,ZERO_REGISTERED_BEDS
21015,São João dos Patos,MA,0.4649923896499239,9.33668284237024,9.4807726247393,0.14408978236905945,0.5844748858447488,0.591324200913242,0.006849315068493178,0.3984018264840182,0.4018264840182648,0.0034246575342466445,-0.0665905631659056,-0.06316590563165908,0.0034246575342465196,not_significant,not_significant,CAPACITY_COMPONENT_LOW,CAPACITY_COMPONENT_LOW,ZERO_REGISTERED_BEDS
21016,São Luís,MA,0.3211567732115677,4.762115744905808,4.840860326580365,0.07874458167455689,0.0821917808219178,0.07990867579908675,-0.00228310502283105,0.5205479452054794,0.5194063926940639,-0.0011415525114155667,0.1993911719939117,0.19824961948249614,-0.0011415525114155667,not_significant,not_significant,CAPACITY_COMPONENT_LOW,CAPACITY_COMPONENT_LOW,ZERO_REGISTERED_BEDS
21017,Timon,MA,0.3158295281582953,8.575254436726002,8.625892836579057,0.05063839985305485,0.4885844748858447,0.4817351598173516,-0.0068493150684931225,0.4235159817351598,0.4200913242009132,-0.003424657534246589,0.1076864535768645,0.10426179604261793,-0.003424657534246575,not_significant,not_significant,CAPACITY_COMPONENT_LOW,CAPACITY_COMPONENT_LOW,ZERO_REGISTERED_BEDS
21018,Viana,MA,0.4041095890410959,4.525313532891802,4.6220048770942,0.096691344202398,0.0662100456621004,0.0639269406392694,-0.0022831050228309946,0.2203196347031963,0.2191780821917808,-0.0011415525114154834,-0.1837899543378995,-0.18493150684931509,-0.0011415525114155944,not_significant,not_significant,CAPACITY_COMPONENT_LOW,CAPACITY_COMPONENT_LOW,ZERO_REGISTERED_BEDS
21019,Zé Doca,MA,0.2191780821917808,7.032703114730093,7.158061721354719,0.1253586066246264,0.3036529680365297,0.3105022831050228,0.0068493150684931225,0.4200913242009132,0.4235159817351598,0.003424657534246589,0.2009132420091324,0.204337899543379,0.003424657534246589,not_significant,not_significant,CAPACITY_LOW;CAPACITY_COMPONENT_LOW,CAPACITY_LOW;CAPACITY_COMPONENT_LOW,ZERO_REGISTERED_BEDS
22001,Carnaubais,PI,0.3820395738203957,12.525159783383168,12.658798383706014,0.13363860032284514,0.8904109589041096,0.8881278538812786,-0.0022831050228310223,0.5536529680365296,0.5525114155251142,-0.0011415525114154557,0.1716133942161339,0.17047184170471846,-0.001141552511415428,not_significant,not_significant,CAPACITY_COMPONENT_LOW,CAPACITY_COMPONENT_LOW,ZERO_REGISTERED_BEDS
22002,Chapada das Mangabeiras,PI,0.589041095890411,10.841100022075754,10.999679187233513,0.15857916515775905,0.7442922374429224,0.7511415525114156,0.006849315068493178,0.3892694063926941,0.3926940639269406,0.0034246575342465335,-0.1997716894977169,-0.19634703196347036,0.0034246575342465335,not_significant,not_significant,CAPACITY_COMPONENT_LOW,CAPACITY_COMPONENT_LOW,
22003,Cocais,PI,0.3432267884322679,10.549560974553335,10.61546278604999,0.06590181149665497,0.7146118721461188,0.7031963470319634,-0.011415525114155334,0.4360730593607306,0.43036529680365293,-0.005707762557077667,0.0928462709284627,0.08713850837138504,-0.005707762557077667,not_significant,not_significant,CAPACITY_COMPONENT_LOW,CAPACITY_COMPONENT_LOW,ZERO_REGISTERED_BEDS
22004,Entre Rios,PI,0.5273972602739726,8.232406011149777,8.41981960774409,0.1874135965943129,0.4429223744292237,0.45662100456621,0.0136986301369863,0.5057077625570776,0.5125570776255708,0.006849315068493178,-0.0216894977168949,-0.014840182648401812,0.006849315068493088,not_significant,not_significant,CAPACITY_COMPONENT_LOW,CAPACITY_COMPONENT_LOW,
22005,Planície Litorânea,PI,0.4345509893455099,7.584919719886571,7.735422779745847,0.15050305985927626,0.365296803652968,0.3675799086757991,0.002283105022831078,0.6472602739726028,0.6484018264840182,0.0011415525114154557,0.2127092846270928,0.21385083713850833,0.001141552511415539,not_significant,not_significant,,,ZERO_REGISTERED_BEDS
22006,Serra da Capivara,PI,0.4490106544901065,11.281081036963696,11.524071110221314,0.24299007325761757,0.7922374429223744,0.8082191780821918,0.01598173515981738,0.4589041095890411,0.46689497716894973,0.007990867579908634,0.0098934550989345,0.017884322678843212,0.007990867579908712,not_significant,not_significant,CAPACITY_COMPONENT_LOW,CAPACITY_COMPONENT_LOW,
22007,Tabuleiros do Alto Parnaíba,PI,0.3105022831050228,8.703883981134762,8.706929274675419,0.003045293540656857,0.502283105022831,0.4908675799086758,-0.011415525114155223,0.3721461187214612,0.3664383561643836,-0.005707762557077611,0.0616438356164383,0.05593607305936077,-0.005707762557077528,not_significant,not_significant,CAPACITY_COMPONENT_LOW,CAPACITY_COMPONENT_LOW,ZERO_REGISTERED_BEDS
22008,Vale do Canindé,PI,0.4337899543378996,13.196149470836811,13.442742663857388,0.24659319302057625,0.9223744292237442,0.9178082191780822,-0.004566210045662045,0.6095890410958904,0.6073059360730594,-0.0022831050228310223,0.1757990867579908,0.1735159817351598,-0.0022831050228309946,not_significant,not_significant,,,ZERO_REGISTERED_BEDS
22009,Vale do Rio Guaribas,PI,0.2595129375951294,14.951393594965037,15.105577488146812,0.1541838931817754,0.9680365296803652,0.9680365296803652,0.0,0.6061643835616438,0.6061643835616438,0.0,0.3466514459665144,0.3466514459665144,0.0,not_significant,not_significant,MISMATCH_MARKED_POSITIVE;CAPACITY_COMPONENT_LOW,MISMATCH_MARKED_POSITIVE;CAPACITY_COMPONENT_LOW,ZERO_REGISTERED_BEDS
22010,Vale do Sambito,PI,0.6773211567732117,13.80629059383614,13.868551470174111,0.06226087633797128,0.9452054794520548,0.9452054794520548,0.0,0.5776255707762556,0.5776255707762556,0.0,-0.099695585996956,-0.09969558599695605,-5.551115123125783e-17,not_significant,not_significant,,,ZERO_REGISTERED_BEDS
22011,Vale dos Rios Piauí e Itaueiras,PI,0.3949771689497716,11.334014910928197,11.687721604103718,0.3537066931755213,0.7990867579908676,0.8242009132420092,0.02511415525114158,0.497716894977169,0.5102739726027398,0.01255707762557079,0.1027397260273973,0.11529680365296818,0.012557077625570887,not_significant,not_significant,CAPACITY_COMPONENT_LOW,CAPACITY_COMPONENT_LOW,ZERO_REGISTERED_BEDS
22012,Chapada Vale do Rio Itaim,PI,0.5920852359208523,15.42913002247082,15.499130183625514,0.07000016115469343,0.9726027397260274,0.9703196347031964,-0.0022831050228310223,0.6552511415525114,0.654109589041096,-0.0011415525114154557,0.0631659056316591,0.06202435312024368,-0.001141552511415414,not_significant,not_significant,CAPACITY_COMPONENT_LOW,CAPACITY_COMPONENT_LOW,
23001,1ª RS Fortaleza,CE,0.4969558599695586,6.154516409119872,6.208337636084081,0.053821226964208435,0.2146118721461187,0.2100456621004566,-0.0045662100456621,0.4897260273972602,0.4874429223744292,-0.002283105022830967,-0.0072298325722984,-0.00951293759512939,-0.0022831050228309894,not_significant,not_significant,CAPACITY_COMPONENT_LOW,CAPACITY_COMPONENT_LOW,
23011,5ª  RS Sobral,CE,0.6400304414003045,9.51274469263322,9.6202305826824,0.10748589004917974,0.6027397260273972,0.6027397260273972,0.0,0.5,0.5,0.0,-0.1400304414003045,-0.14003044140030452,-2.7755575615628914e-17,not_significant,not_significant,,,
23023,2ª RS Cariri,CE,0.6887366818873669,10.281568263827513,10.391975265570775,0.1104070017432619,0.678082191780822,0.678082191780822,0.0,0.5342465753424658,0.5342465753424658,0.0,-0.1544901065449011,-0.15449010654490114,-2.7755575615628914e-17,not_significant,not_significant,,,
23024,3ª RS Sertão Central,CE,0.6659056316590564,10.83949564041604,10.955722342939403,0.1162267025233632,0.7420091324200914,0.7465753424657534,0.004566210045662045,0.7180365296803652,0.7203196347031964,0.0022831050228311334,0.0521308980213088,0.054414003044140014,0.0022831050228312166,not_significant,not_significant,,,
23025,4ª RS Litoral Leste/Jaguaribe,CE,0.4718417047184171,8.955931377514819,9.084284187908047,0.12835281039322766,0.545662100456621,0.545662100456621,0.0,0.5513698630136986,0.5513698630136986,0.0,0.0795281582952815,0.07952815829528154,4.163336342344337e-17,not_significant,not_significant,,,ZERO_REGISTERED_BEDS
24001,1ª Região de Saúde - São José de Mipibu,RN,0.4216133942161339,5.381549518989007,5.38343240231149,0.0018828833224828756,0.1347031963470319,0.13013698630136986,-0.004566210045662045,0.3721461187214612,0.3698630136986301,-0.002283105022831078,-0.0494672754946727,-0.0517503805175038,-0.0022831050228311056,not_significant,not_significant,,,ZERO_REGISTERED_BEDS
24002,2ª Região de Saúde - Mossoró,RN,0.5068493150684932,8.890059695583135,8.965277773479349,0.07521807789621349,0.5319634703196348,0.5319634703196348,0.0,0.591324200913242,0.591324200913242,0.0,0.0844748858447488,0.08447488584474883,2.7755575615628914e-17,not_significant,not_significant,,,ZERO_REGISTERED_BEDS
24003,3ª Região de Saúde - João Câmara,RN,0.5098934550989346,5.487945783838891,5.517638811435533,0.029693027596641386,0.1415525114155251,0.13926940639269406,-0.00228310502283105,0.3984018264840182,0.3972602739726027,-0.0011415525114154557,-0.1114916286149163,-0.11263318112633186,-0.0011415525114155667,not_significant,not_significant,,,ZERO_REGISTERED_BEDS
24004,4ª Região de Saúde - Caicó,RN,0.5304414003044141,11.455795931753268,11.526620431762796,0.07082450000952711,0.815068493150685,0.8105022831050228,-0.004566210045662156,0.5730593607305936,0.5707762557077626,-0.0022831050228310223,0.0426179604261794,0.04033485540334847,-0.002283105022830932,not_significant,not_significant,,,ZERO_REGISTERED_BEDS
24005,5ª Região de Saúde - Santa Cruz,RN,0.4703196347031963,6.272557747189603,6.312206813021327,0.039649065831724783,0.2214611872146118,0.22146118721461186,5.551115123125783e-17,0.3584474885844749,0.3584474885844749,0.0,-0.1118721461187214,-0.11187214611872143,-2.7755575615628914e-17,not_significant,not_significant,,,ZERO_REGISTERED_BEDS
24006,6ª Região de Saúde - Pau dos Ferros,RN,0.4307458143074581,9.6282985476278,9.686215509532031,0.057916961904231457,0.6118721461187214,0.6118721461187214,0.0,0.4623287671232876,0.46232876712328763,5.551115123125783e-17,0.0315829528158295,0.03158295281582951,1.3877787807814457e-17,not_significant,not_significant,,,ZERO_REGISTERED_BEDS
24007,7ª Região de Saúde - Metropolitana,RN,0.5776255707762558,5.771245460069051,5.868071329093918,0.09682586902486712,0.1735159817351598,0.1780821917808219,0.0045662100456621,0.4611872146118721,0.4634703196347032,0.002283105022831078,-0.1164383561643836,-0.11415525114155256,0.0022831050228310362,not_significant,not_significant,CAPACITY_COMPONENT_LOW,CAPACITY_COMPONENT_LOW,
24008,8ª Região de Saúde - Açu,RN,0.2047184170471841,5.625270133490531,5.627238289182761,0.001968155692229523,0.1621004566210045,0.1552511415525114,-0.006849315068493095,0.1837899543378995,0.18036529680365296,-0.0034246575342465335,-0.0209284627092846,-0.024353120243531146,-0.003424657534246544,not_significant,not_significant,CAPACITY_LOW;CAPACITY_COMPONENT_LOW,CAPACITY_LOW;CAPACITY_COMPONENT_LOW,ZERO_REGISTERED_BEDS
25001,1ª Região Mata Atlântica,PB,0.4604261796042617,5.919251147933821,5.976717516395642,0.05746636846182085,0.1872146118721461,0.18493150684931506,-0.00228310502283105,0.319634703196347,0.3184931506849315,-0.0011415525114155112,-0.1407914764079147,-0.14193302891933018,-0.0011415525114154834,low-low,low-low,CAPACITY_COMPONENT_LOW,CAPACITY_COMPONENT_LOW,ZERO_REGISTERED_BEDS
25002,2ª Região,PB,0.6035007610350075,4.767043931375004,4.791511921744271,0.024467990369267056,0.0844748858447488,0.0776255707762557,-0.006849315068493095,0.2762557077625571,0.2728310502283105,-0.003424657534246589,-0.3272450532724504,-0.330669710806697,-0.003424657534246589,not_significant,not_significant,,,ZERO_REGISTERED_BEDS
25003,3ª Região,PB,0.4832572298325723,9.917672351134732,9.991446655533048,0.07377430439831656,0.6461187214611872,0.639269406392694,-0.006849315068493178,0.7557077625570776,0.752283105022831,-0.003424657534246589,0.2724505327245053,0.2690258751902587,-0.003424657534246589,not_significant,not_significant,NEED_HIGH;MISMATCH_MARKED_POSITIVE,NEED_HIGH;MISMATCH_MARKED_POSITIVE,ZERO_REGISTERED_BEDS
25004,4ª Região,PB,0.576103500761035,10.504237987799424,10.64254179697951,0.13830380918008522,0.7100456621004566,0.7146118721461188,0.004566210045662156,0.6655251141552512,0.6678082191780822,0.0022831050228310223,0.0894216133942161,0.09170471841704719,0.0022831050228310917,not_significant,not_significant,,,ZERO_REGISTERED_BEDS
25005,5ª Região,PB,0.6788432267884322,8.066329853027637,8.121935868137081,0.05560601510944352,0.4223744292237443,0.4178082191780822,-0.0045662100456621,0.4931506849315068,0.4908675799086758,-0.0022831050228310223,-0.1856925418569254,-0.18797564687975643,-0.0022831050228310223,low-low,low-low,,,ZERO_REGISTERED_BEDS
25006,6ª Região,PB,0.6834094368340944,9.142054523557285,9.210863234527089,0.06880871096980457,0.5616438356164384,0.5547945205479452,-0.006849315068493178,0.5114155251141552,0.5079908675799086,-0.003424657534246589,-0.1719939117199391,-0.17541856925418575,-0.0034246575342466445,not_significant,not_significant,,,ZERO_REGISTERED_BEDS
25007,7ª Região,PB,0.7610350076103499,14.307037008044386,14.616191759768835,0.3091547517244493,0.958904109589041,0.9611872146118722,0.0022831050228311334,0.730593607305936,0.7317351598173516,0.0011415525114155667,-0.0304414003044138,-0.029299847792998324,0.0011415525114154765,low-low,low-low,,,ZERO_REGISTERED_BEDS
25008,8ª Região,PB,0.669710806697108,13.280636742925116,13.351585598486194,0.07094885556107755,0.9246575342465754,0.9155251141552512,-0.0091324200913242,0.5513698630136986,0.5468036529680366,-0.004566210045662045,-0.1183409436834094,-0.12290715372907146,-0.004566210045662059,not_significant,not_significant,,,ZERO_REGISTERED_BEDS
25009,9ª Região,PB,0.6636225266362253,11.4850529225904,11.527596369821019,0.04254344723061898,0.821917808219178,0.8127853881278538,-0.0091324200913242,0.4668949771689497,0.46232876712328763,-0.004566210045662045,-0.1967275494672756,-0.2012937595129377,-0.0045662100456621,not_significant,not_significant,,,ZERO_REGISTERED_BEDS
25010,10ª Região,PB,0.6415525114155252,9.017087269031297,9.210485468542595,0.19339819951129833,0.5502283105022832,0.5525114155251142,0.0022831050228310223,0.3675799086757991,0.3687214611872146,0.0011415525114155112,-0.273972602739726,-0.27283105022831056,0.0011415525114154557,not_significant,not_significant,,,ZERO_REGISTERED_BEDS
25011,11ª Região,PB,0.6308980213089802,11.51697121560189,11.616787349652576,0.09981613405068579,0.8264840182648402,0.819634703196347,-0.006849315068493178,0.6061643835616438,0.6027397260273972,-0.003424657534246589,-0.0247336377473363,-0.02815829528158298,-0.0034246575342466792,not_significant,not_significant,,,ZERO_REGISTERED_BEDS
25012,12ª Região,PB,0.5266362252663622,3.0219217813099624,3.0229790838775217,0.001057302567559315,0.0068493150684931,0.00684931506849315,5.0306980803327406e-17,0.2979452054794521,0.2979452054794521,0.0,-0.2286910197869101,-0.22869101978691014,-5.551115123125783e-17,not_significant,not_significant,,,ZERO_REGISTERED_BEDS
25013,13ª Região,PB,0.5487062404870624,7.207893553166527,7.318315794931568,0.11042224176504067,0.317351598173516,0.3242009132420091,0.0068493150684931225,0.2773972602739726,0.2808219178082192,0.003424657534246589,-0.2713089802130898,-0.2678843226788432,0.003424657534246589,not_significant,not_significant,,,ZERO_REGISTERED_BEDS
25014,14ª Região,PB,0.5220700152207002,7.004568464559441,7.007019205762615,0.0024507412031740117,0.2968036529680365,0.2922374429223744,-0.0045662100456621,0.4246575342465754,0.4223744292237443,-0.002283105022831078,-0.0974124809741248,-0.09969558599695588,-0.002283105022831078,not_significant,not_significant,,,ZERO_REGISTERED_BEDS
25015,15ª Região,PB,0.5700152207001522,6.761696216496247,6.880195483860656,0.11849926736440874,0.2671232876712329,0.2785388127853881,0.011415525114155223,0.5011415525114156,0.5068493150684932,0.005707762557077611,-0.0688736681887366,-0.06316590563165903,0.00570776255707757,low-low,low-low,,,ZERO_REGISTERED_BEDS
25016,16ª Região,PB,0.7351598173515982,8.898660439913971,9.001334713168106,0.10267427325413436,0.5388127853881278,0.5365296803652968,-0.0022831050228310223,0.7363013698630136,0.7351598173515982,-0.0011415525114154557,0.0011415525114154,0.0,-0.0011415525114154,not_significant,not_significant,,,
26001,Afogados da Ingazeira,PE,0.8340943683409437,4.927757754459869,5.060272723692291,0.1325149692324219,0.1027397260273972,0.1095890410958904,0.006849315068493206,0.3926940639269406,0.3961187214611872,0.003424657534246589,-0.4414003044140031,-0.43797564687975654,0.0034246575342465335,not_significant,not_significant,,,
26002,Arcoverde,PE,0.5974124809741248,5.353694523145491,5.355567660630472,0.001873137484980525,0.1324200913242009,0.12100456621004566,-0.01141552511415525,0.3105022831050228,0.3047945205479452,-0.005707762557077611,-0.286910197869102,-0.2926179604261796,-0.005707762557077611,low-low,low-low,CAPACITY_COMPONENT_LOW,CAPACITY_COMPONENT_LOW,
26003,Caruaru,PE,0.5091324200913242,6.073685963000774,6.130921128649169,0.057235165648395814,0.2009132420091324,0.1963470319634703,-0.0045662100456621,0.1438356164383561,0.1415525114155251,-0.0022831050228309946,-0.365296803652968,-0.3675799086757991,-0.002283105022831078,low-low,low-low,,,
26004,Garanhuns,PE,0.6818873668188736,6.008350234240381,6.179639103963393,0.17128886972301238,0.1917808219178082,0.20319634703196346,0.01141552511415525,0.1438356164383561,0.1495433789954338,0.005707762557077695,-0.5380517503805174,-0.5323439878234398,0.005707762557077611,low-low,low-low,,,
26005,Goiana,PE,0.6248097412480974,5.902715386566614,6.040154409990688,0.13743902342407388,0.184931506849315,0.18949771689497716,0.004566210045662156,0.2328767123287671,0.2351598173515982,0.002283105022831078,-0.3919330289193303,-0.3896499238964992,0.002283105022831078,low-low,low-low,,,
26006,Limoeiro,PE,0.4634703196347032,6.8349328970949665,6.852726655480992,0.01779375838602526,0.2785388127853881,0.2694063926940639,-0.0091324200913242,0.2271689497716895,0.22260273972602734,-0.004566210045662156,-0.2363013698630137,-0.24086757990867586,-0.004566210045662156,low-low,low-low,,,ZERO_REGISTERED_BEDS
26007,Ouricuri,PE,0.4726027397260273,10.558393613813976,10.695704934346892,0.13731132053291617,0.7168949771689498,0.7214611872146118,0.004566210045662045,0.6461187214611872,0.6484018264840182,0.0022831050228310223,0.1735159817351598,0.17579908675799094,0.0022831050228311334,not_significant,not_significant,,,
26008,Palmares,PE,0.5121765601217656,3.9527840387806217,3.954167029147566,0.0013829903669444477,0.0388127853881278,0.03424657534246575,-0.004566210045662052,0.1107305936073059,0.10844748858447488,-0.0022831050228310223,-0.4014459665144597,-0.4037290715372907,-0.0022831050228310223,low-low,low-low,,,ZERO_REGISTERED_BEDS
26009,Petrolina,PE,0.3759512937595129,8.045512788035554,8.125254958428357,0.0797421703928034,0.4200913242009132,0.4200913242009132,0.0,0.3561643835616438,0.3561643835616438,0.0,-0.0197869101978691,-0.0197869101978691,0.0,not_significant,not_significant,,,ZERO_REGISTERED_BEDS
26010,Recife,PE,0.5996955859969559,4.716595417962404,4.76539502485417,0.04879960689176599,0.0776255707762557,0.07534246575342465,-0.00228310502283105,0.2614155251141552,0.2602739726027397,-0.0011415525114155112,-0.3382800608828007,-0.3394216133942162,-0.0011415525114155112,low-low,low-low,CAPACITY_COMPONENT_LOW,CAPACITY_COMPONENT_LOW,
26011,Salgueiro,PE,0.5722983257229832,11.93279237104349,11.936967387117727,0.004175016074237092,0.8538812785388128,0.8447488584474886,-0.0091324200913242,0.8527397260273972,0.8481735159817352,-0.004566210045662045,0.280441400304414,0.27587519025875196,-0.004566210045662045,not_significant,not_significant,NEED_HIGH;MISMATCH_MARKED_POSITIVE;CAPACITY_COMPONENT_LOW,NEED_HIGH;MISMATCH_MARKED_POSITIVE;CAPACITY_COMPONENT_LOW,
26012,Serra Talhada,PE,0.769406392694064,7.833639807963095,7.903524458845182,0.06988465088208695,0.3881278538812785,0.3904109589041096,0.002283105022831078,0.6461187214611872,0.6472602739726028,0.0011415525114155667,-0.1232876712328767,-0.1221461187214612,0.0011415525114155112,not_significant,not_significant,,,
27001,1ª Região de Saúde,AL,0.578386605783866,4.89773650372693,4.957861657943655,0.06012515421672582,0.0958904109589041,0.1050228310502283,0.0091324200913242,0.5091324200913242,0.5136986301369862,0.004566210045662045,-0.0692541856925418,-0.06468797564687978,0.004566210045662017,low-low,low-low,CAPACITY_COMPONENT_LOW,CAPACITY_COMPONENT_LOW,
27002,2ª Região de Saúde,AL,0.5182648401826485,2.8514949564637826,2.8524926305126277,0.0009976740488450986,0.0045662100456621,0.0045662100456621,0.0,0.2990867579908676,0.2990867579908676,0.0,-0.2191780821917809,-0.21917808219178092,-2.7755575615628914e-17,low-low,low-low,,,ZERO_REGISTERED_BEDS
27003,3ª Região de Saúde,AL,0.8310502283105023,5.144527205610282,5.209507993009736,0.06498078739945434,0.1118721461187214,0.11187214611872145,5.551115123125783e-17,0.4280821917808219,0.4280821917808219,0.0,-0.4029680365296804,-0.40296803652968044,-5.551115123125783e-17,low-low,low-low,,,
27004,4ª Região de Saúde,AL,0.863013698630137,7.0294856607037906,7.125281074551622,0.09579541384783141,0.2990867579908676,0.3036529680365297,0.0045662100456621,0.5445205479452055,0.5468036529680366,0.0022831050228310223,-0.3184931506849314,-0.3162100456621004,0.002283105022830967,low-low,low-low,,,
27005,5ª Região de Saúde,AL,0.8729071537290715,4.662102433075611,4.887658512421076,0.2255560793454654,0.0730593607305936,0.0867579908675799,0.0136986301369863,0.4908675799086758,0.497716894977169,0.006849315068493178,-0.3820395738203956,-0.3751902587519025,0.0068493150684931225,not_significant,not_significant,,,
27006,6ª Região de Saúde,AL,0.5350076103500762,4.4771300559151275,4.625619965810983,0.1484899098958552,0.0616438356164383,0.06621004566210045,0.004566210045662156,0.319634703196347,0.3219178082191781,0.002283105022831078,-0.2153729071537291,-0.21308980213089806,0.0022831050228310223,not_significant,not_significant,,,ZERO_REGISTERED_BEDS
27007,7ª Região de Saúde,AL,0.5159817351598174,5.339569939678955,5.44057902785973,0.10100908818077503,0.1301369863013698,0.136986301369863,0.006849315068493206,0.4246575342465753,0.4280821917808219,0.003424657534246589,-0.091324200913242,-0.08789954337899547,0.0034246575342465335,not_significant,not_significant,,,ZERO_REGISTERED_BEDS
27008,8ª Região de Saúde,AL,0.5053272450532725,7.133801226543026,7.136297183387421,0.00249595684439452,0.3127853881278539,0.3082191780821918,-0.0045662100456621,0.5365296803652968,0.5342465753424658,-0.0022831050228310223,0.0312024353120242,0.028919330289193246,-0.002283105022830953,high-low,high-low,,,ZERO_REGISTERED_BEDS
27009,9ª Região de Saúde,AL,0.5205479452054794,8.45696323924668,8.550747413015602,0.09378417376892223,0.4703196347031963,0.4680365296803653,-0.0022831050228310223,0.4383561643835616,0.4372146118721461,-0.0011415525114155112,-0.0821917808219178,-0.08333333333333331,-0.0011415525114155112,not_significant,not_significant,,,ZERO_REGISTERED_BEDS
27010,10ª Região de Saúde,AL,0.5258751902587518,6.463849477750917,6.632003561901297,0.16815408415038036,0.2374429223744292,0.24885844748858446,0.01141552511415525,0.2431506849315068,0.24885844748858443,0.005707762557077639,-0.282724505327245,-0.2770167427701674,0.005707762557077611,not_significant,not_significant,,,ZERO_REGISTERED_BEDS
28001,Aracaju,SE,0.6103500761035008,5.382220784786515,5.384103902969825,0.0018831181833096622,0.136986301369863,0.1324200913242009,-0.0045662100456621,0.2808219178082192,0.2785388127853881,-0.002283105022831078,-0.3295281582952816,-0.33181126331811267,-0.002283105022831078,not_significant,not_significant,CAPACITY_COMPONENT_LOW,CAPACITY_COMPONENT_LOW,
28002,Estância,SE,0.6719939117199392,5.622533601825199,5.624500800066453,0.001967198241254131,0.1598173515981735,0.15296803652968036,-0.00684931506849315,0.276255707762557,0.2728310502283105,-0.003424657534246478,-0.3957382039573821,-0.39916286149162866,-0.003424657534246589,low-low,low-low,,,
28003,Itabaiana,SE,0.4444444444444444,9.215346497490255,9.425730334373414,0.21038383688315854,0.5684931506849316,0.5821917808219178,0.013698630136986245,0.3789954337899544,0.38584474885844744,0.006849315068493067,-0.06544901065449,-0.05859969558599698,0.006849315068493025,not_significant,not_significant,,,ZERO_REGISTERED_BEDS
28004,Lagarto,SE,0.5601217656012176,6.345365101464831,6.502884048501883,0.15751894703705194,0.228310502283105,0.24429223744292236,0.01598173515981735,0.2659817351598174,0.273972602739726,0.007990867579908634,-0.2941400304414002,-0.2861491628614916,0.007990867579908578,low-low,low-low,,,ZERO_REGISTERED_BEDS
28005,Nossa Senhora da Glória,SE,0.286910197869102,8.277337314771188,8.352416428998552,0.07507911422736413,0.4497716894977169,0.4497716894977169,0.0,0.3618721461187214,0.3618721461187214,0.0,0.0749619482496194,0.07496194824961944,4.163336342344337e-17,not_significant,not_significant,CAPACITY_COMPONENT_LOW,CAPACITY_COMPONENT_LOW,ZERO_REGISTERED_BEDS
28006,Nossa Senhora do Socorro,SE,0.3356164383561643,5.768362983523591,5.818357761348801,0.04999477782520945,0.1689497716894977,0.17123287671232876,0.00228310502283105,0.319634703196347,0.3207762557077625,0.0011415525114155112,-0.0159817351598173,-0.014840182648401756,0.0011415525114155424,not_significant,not_significant,CAPACITY_COMPONENT_LOW,CAPACITY_COMPONENT_LOW,ZERO_REGISTERED_BEDS
28007,Propriá,SE,0.576103500761035,6.765127648977389,6.767494615216346,0.002366966238957602,0.2694063926940639,0.2625570776255708,-0.0068493150684931225,0.343607305936073,0.3401826484018265,-0.0034246575342465335,-0.2324961948249619,-0.2359208523592085,-0.003424657534246617,not_significant,not_significant,,,ZERO_REGISTERED_BEDS
29001,Alagoinhas,BA,0.3873668188736682,5.697134725113988,5.743403443561904,0.04626871844791669,0.1643835616438356,0.1643835616438356,0.0,0.1244292237442922,0.1244292237442922,0.0,-0.262937595129376,-0.262937595129376,0.0,low-low,low-low,,,ZERO_REGISTERED_BEDS
29002,Barreiras,BA,0.3325722983257229,7.45629754872807,7.55308253974816,0.09678499102008953,0.3424657534246575,0.3515981735159817,0.0091324200913242,0.2054794520547945,0.2100456621004566,0.0045662100456621,-0.1270928462709284,-0.12252663622526627,0.004566210045662128,not_significant,not_significant,CAPACITY_COMPONENT_LOW,CAPACITY_COMPONENT_LOW,ZERO_REGISTERED_BEDS
29003,Brumado,BA,0.4421613394216134,7.859664633558988,8.022757094568426,0.16309246100943842,0.3926940639269406,0.4041095890410959,0.011415525114155278,0.2271689497716895,0.2328767123287671,0.005707762557077611,-0.2149923896499239,-0.2092846270928463,0.005707762557077611,not_significant,not_significant,,,ZERO_REGISTERED_BEDS
29004,Camaçari,BA,0.2777777777777777,3.753348686820817,3.754661899236858,0.0013132124160408765,0.0251141552511415,0.02511415525114155,5.204170427930421e-17,0.1027397260273972,0.10273972602739723,2.7755575615628914e-17,-0.1750380517503804,-0.17503805175038045,-5.551115123125783e-17,not_significant,not_significant,CAPACITY_COMPONENT_LOW,CAPACITY_COMPONENT_LOW,ZERO_REGISTERED_BEDS
29005,Cruz das Almas,BA,0.4954337899543379,5.765288930321667,5.767306075446484,0.002017145124817432,0.1666666666666666,0.16666666666666666,5.551115123125783e-17,0.1232876712328767,0.12328767123287668,-2.7755575615628914e-17,-0.3721461187214612,-0.3721461187214612,0.0,low-low,low-low,,,ZERO_REGISTERED_BEDS
29006,Feira de Santana,BA,0.5487062404870624,4.29428652286025,4.348733865948785,0.05444734308853505,0.047945205479452,0.04794520547945205,5.551115123125783e-17,0.1563926940639269,0.15639269406392692,2.7755575615628914e-17,-0.3923135464231355,-0.3923135464231355,0.0,low-low,low-low,,,
29007,Guanambi,BA,0.350076103500761,6.980109431146197,6.997235348843403,0.017125917697206283,0.2899543378995434,0.2899543378995434,0.0,0.160958904109589,0.16095890410958905,5.551115123125783e-17,-0.189117199391172,-0.18911719939117197,2.7755575615628914e-17,not_significant,not_significant,CAPACITY_COMPONENT_LOW,CAPACITY_COMPONENT_LOW,ZERO_REGISTERED_BEDS
29008,Ibotirama,BA,0.3683409436834094,7.97820438844606,8.066006875502332,0.0878024870562717,0.410958904109589,0.408675799086758,-0.0022831050228310223,0.2100456621004566,0.2089041095890411,-0.0011415525114155112,-0.1582952815829528,-0.15943683409436832,-0.0011415525114155112,not_significant,not_significant,CAPACITY_COMPONENT_LOW,CAPACITY_COMPONENT_LOW,ZERO_REGISTERED_BEDS
29009,Ilhéus,BA,0.3706240487062405,5.518008371278334,5.549686307536056,0.031677936257721306,0.1438356164383561,0.14383561643835616,5.551115123125783e-17,0.182648401826484,0.18264840182648398,-2.7755575615628914e-17,-0.1879756468797564,-0.1879756468797565,-1.1102230246251565e-16,low-low,low-low,,,ZERO_REGISTERED_BEDS
29010,Irecê,BA,0.5555555555555555,9.532378448665186,9.55785445189465,0.025476003229464084,0.6073059360730594,0.5981735159817352,-0.0091324200913242,0.3150684931506849,0.3105022831050228,-0.0045662100456621,-0.2404870624048705,-0.24505327245053266,-0.004566210045662156,not_significant,not_significant,,,ZERO_REGISTERED_BEDS
29011,Itaberaba,BA,0.532724505327245,5.604442521618738,5.685327169603315,0.08088464798457728,0.1552511415525114,0.1598173515981735,0.0045662100456621,0.4703196347031963,0.4726027397260274,0.002283105022831078,-0.0624048706240487,-0.060121765601217625,0.002283105022831078,low-low,low-low,,,ZERO_REGISTERED_BEDS
29012,Itabuna,BA,0.4794520547945205,4.614588726576952,4.690606776034998,0.07601804945804602,0.0684931506849315,0.07077625570776255,0.00228310502283105,0.0525114155251141,0.05365296803652968,0.0011415525114155806,-0.4269406392694064,-0.42579908675799083,0.0011415525114155667,low-low,low-low,,,ZERO_REGISTERED_BEDS
29013,Itapetinga,BA,0.604261796042618,6.396105921498467,6.398343775322153,0.002237853823685576,0.230593607305936,0.228310502283105,-0.0022831050228309946,0.1438356164383561,0.14269406392694062,-0.0011415525114154834,-0.4604261796042618,-0.46156773211567736,-0.0011415525114155667,low-low,low-low,,,ZERO_REGISTERED_BEDS
29014,Jacobina,BA,0.4505327245053272,6.9905934801192045,7.1260850018193755,0.1354915217001711,0.2922374429223744,0.3059360730593607,0.0136986301369863,0.2009132420091324,0.20776255707762556,0.00684931506849315,-0.2496194824961948,-0.24277016742770166,0.00684931506849315,low-low,low-low,CAPACITY_COMPONENT_LOW,CAPACITY_COMPONENT_LOW,ZERO_REGISTERED_BEDS
29015,Jequié,BA,0.3432267884322679,5.26268973980424,5.336312940421455,0.07362320061721483,0.1210045662100456,0.1187214611872146,-0.0022831050228309946,0.1700913242009132,0.1689497716894977,-0.0011415525114154834,-0.1731354642313546,-0.17427701674277019,-0.0011415525114155944,low-low,low-low,CAPACITY_COMPONENT_LOW,CAPACITY_COMPONENT_LOW,ZERO_REGISTERED_BEDS
29016,Juazeiro,BA,0.363013698630137,7.030057582651483,7.115139018686075,0.08508143603459217,0.3013698630136986,0.2990867579908676,-0.0022831050228310223,0.4372146118721461,0.4360730593607306,-0.0011415525114155112,0.074200913242009,0.0730593607305936,-0.0011415525114154002,not_significant,not_significant,,,ZERO_REGISTERED_BEDS
29017,Paulo Afonso,BA,0.2519025875190259,5.582502300095791,5.621048437908754,0.03854613781296301,0.1506849315068493,0.1506849315068493,0.0,0.3082191780821918,0.3082191780821918,0.0,0.0563165905631659,0.0563165905631659,0.0,not_significant,not_significant,CAPACITY_COMPONENT_LOW,CAPACITY_COMPONENT_LOW,ZERO_REGISTERED_BEDS
29018,Porto Seguro,BA,0.4330289193302892,6.174636416267524,6.1767967828849,0.002160366617376397,0.2168949771689497,0.2009132420091324,-0.015981735159817295,0.1141552511415525,0.1061643835616438,-0.007990867579908703,-0.3188736681887367,-0.3268645357686454,-0.00799086757990869,low-low,low-low,,,ZERO_REGISTERED_BEDS
29019,Ribeira do Pombal,BA,0.3896499238964992,7.740493998839986,7.813242632260788,0.07274863342080273,0.3767123287671233,0.3789954337899543,0.0022831050228310223,0.2077625570776256,0.20890410958904107,0.0011415525114154834,-0.1818873668188736,-0.18074581430745815,0.0011415525114154557,not_significant,not_significant,CAPACITY_COMPONENT_LOW,CAPACITY_COMPONENT_LOW,ZERO_REGISTERED_BEDS
29020,Salvador,BA,0.4155251141552512,3.719903850491744,3.7420387367346484,0.022134886242904273,0.0228310502283105,0.0228310502283105,0.0,0.2694063926940639,0.26940639269406397,5.551115123125783e-17,-0.1461187214611872,-0.1461187214611872,0.0,low-low,low-low,CAPACITY_COMPONENT_LOW,CAPACITY_COMPONENT_LOW,ZERO_REGISTERED_BEDS
29021,Santa Maria da Vitória,BA,0.5471841704718416,7.1112404726003176,7.280039241890535,0.1687987692902171,0.3105022831050228,0.3219178082191781,0.011415525114155278,0.1872146118721461,0.19292237442922375,0.005707762557077639,-0.3599695585996955,-0.35426179604261787,0.005707762557077611,not_significant,not_significant,,,ZERO_REGISTERED_BEDS
29022,Santo Antônio de Jesus,BA,0.4733637747336377,5.311072507137449,5.357851313812547,0.04677880667509804,0.1232876712328767,0.1232876712328767,0.0,0.2340182648401826,0.23401826484018265,5.551115123125783e-17,-0.239345509893455,-0.23934550989345507,-8.326672684688674e-17,low-low,low-low,,,ZERO_REGISTERED_BEDS
29023,Seabra,BA,0.4786910197869101,10.113400262472286,10.25201819510506,0.13861793263277455,0.6621004566210046,0.6598173515981736,-0.0022831050228310223,0.3984018264840183,0.3972602739726027,-0.0011415525114155667,-0.0802891933028918,-0.08143074581430737,-0.0011415525114155667,not_significant,not_significant,CAPACITY_COMPONENT_LOW,CAPACITY_COMPONENT_LOW,ZERO_REGISTERED_BEDS
29024,Senhor do Bonfim,BA,0.4360730593607306,4.954904665560765,4.956638275430256,0.0017336098694915592,0.1050228310502283,0.09817351598173515,-0.00684931506849315,0.2340182648401826,0.2305936073059361,-0.0034246575342465058,-0.202054794520548,-0.2054794520547945,-0.0034246575342465058,not_significant,not_significant,CAPACITY_COMPONENT_LOW,CAPACITY_COMPONENT_LOW,ZERO_REGISTERED_BEDS
29025,Serrinha,BA,0.4193302891933029,5.919984037123505,5.980409517129,0.0604254800054953,0.1894977168949771,0.1872146118721461,-0.0022831050228309946,0.1484018264840182,0.14726027397260272,-0.0011415525114154834,-0.2709284627092846,-0.2720700152207002,-0.0011415525114155667,low-low,low-low,CAPACITY_COMPONENT_LOW,CAPACITY_COMPONENT_LOW,ZERO_REGISTERED_BEDS
29026,Teixeira de Freitas,BA,0.4794520547945205,4.795141627094429,4.928338313298258,0.13319668620382874,0.0890410958904109,0.09360730593607305,0.004566210045662156,0.0468036529680365,0.04908675799086758,0.002283105022831078,-0.432648401826484,-0.43036529680365293,0.002283105022831078,low-low,low-low,,,ZERO_REGISTERED_BEDS
29027,Valença,BA,0.3089802130898021,6.011736889427098,6.250897601758804,0.23916071233170566,0.1940639269406392,0.21689497716894976,0.022831050228310557,0.1358447488584475,0.14726027397260272,0.011415525114155223,-0.1731354642313546,-0.1617199391171994,0.011415525114155195,low-low,low-low,CAPACITY_COMPONENT_LOW,CAPACITY_COMPONENT_LOW,ZERO_REGISTERED_BEDS
29028,Vitória da Conquista,BA,0.3866057838660579,6.277956390342397,6.328963270114377,0.05100687977197982,0.2237442922374429,0.22602739726027396,0.00228310502283105,0.2317351598173516,0.23287671232876708,0.0011415525114154834,-0.1548706240487062,-0.1537290715372908,0.0011415525114154002,low-low,low-low,,,ZERO_REGISTERED_BEDS
31001,Alfenas/Machado,MG,0.7610350076103499,14.19760359058421,14.403224111964036,0.20562052137982612,0.95662100456621,0.95662100456621,0.0,0.6963470319634704,0.6963470319634704,0.0,-0.0646879756468795,-0.06468797564687956,-5.551115123125783e-17,not_significant,not_significant,,,
31002,Guaxupé,MG,0.3203957382039573,9.521336679101502,9.524667980983528,0.0033313018820262386,0.6050228310502284,0.593607305936073,-0.011415525114155334,0.5696347031963471,0.5639269406392694,-0.005707762557077722,0.2492389649923898,0.24353120243531212,-0.005707762557077667,not_significant,not_significant,CAPACITY_COMPONENT_LOW,CAPACITY_COMPONENT_LOW,ZERO_REGISTERED_BEDS
31003,Itajubá,MG,0.3447488584474885,10.931329481278272,11.155126739484514,0.22379725820624152,0.7534246575342466,0.7602739726027398,0.006849315068493178,0.4885844748858448,0.49200913242009137,0.003424657534246589,0.1438356164383562,0.14726027397260288,0.0034246575342466723,not_significant,not_significant,CAPACITY_COMPONENT_LOW,CAPACITY_COMPONENT_LOW,ZERO_REGISTERED_BEDS
31004,Lavras,MG,0.487062404870624,12.108333944051964,12.112570378180434,0.004236434128470634,0.867579908675799,0.8561643835616438,-0.011415525114155223,0.4920091324200913,0.48630136986301364,-0.005707762557077667,0.0049467275494672,-0.0007610350076103778,-0.0057077625570775775,not_significant,not_significant,,,ZERO_REGISTERED_BEDS
31006,Poços de Caldas,MG,0.5365296803652968,10.259403599777508,10.431473492417698,0.1720698926401898,0.6712328767123288,0.682648401826484,0.011415525114155223,0.4531963470319635,0.45890410958904104,0.005707762557077556,-0.0833333333333333,-0.07762557077625576,0.005707762557077542,not_significant,not_significant,,,
31007,Pouso Alegre,MG,0.4748858447488584,9.22811573691184,9.298049399125633,0.06993366221379205,0.5707762557077626,0.5684931506849316,-0.0022831050228310223,0.5593607305936072,0.5582191780821918,-0.0011415525114154557,0.0844748858447488,0.08333333333333337,-0.001141552511415428,not_significant,not_significant,,,
31008,São Lourenço,MG,0.7579908675799086,11.751522277527698,11.941845720105487,0.19032344257778888,0.8378995433789954,0.8470319634703196,0.0091324200913242,0.7340182648401826,0.7385844748858448,0.004566210045662156,-0.023972602739726,-0.019406392694063856,0.004566210045662142,not_significant,not_significant,,,
31009,São Sebastião do Paraíso,MG,0.7732115677321157,10.719704210610304,10.860387096817526,0.14068288620722136,0.7328767123287672,0.7374429223744292,0.004566210045662045,0.6312785388127854,0.6335616438356164,0.0022831050228310223,-0.1419330289193303,-0.13964992389649933,0.002283105022830967,not_significant,not_significant,,,
31010,Três Corações,MG,0.6453576864535768,12.910688426065134,13.113671203998033,0.20298277793289898,0.908675799086758,0.908675799086758,0.0,0.4988584474885845,0.49885844748858443,-5.551115123125783e-17,-0.1464992389649923,-0.1464992389649924,-8.326672684688674e-17,not_significant,not_significant,,,ZERO_REGISTERED_BEDS
31011,Três Pontas,MG,0.78234398782344,10.769823504521728,10.773591623906524,0.0037681193847962646,0.7374429223744292,0.730593607305936,-0.006849315068493178,0.6860730593607306,0.682648401826484,-0.003424657534246589,-0.0962709284627093,-0.09969558599695594,-0.0034246575342466445,not_significant,not_significant,,,
31012,Varginha,MG,0.601978691019787,11.510218585184262,11.61810987048569,0.10789128530142733,0.8242009132420092,0.821917808219178,-0.0022831050228311334,0.545662100456621,0.5445205479452054,-0.0011415525114155667,-0.0563165905631659,-0.057458143074581525,-0.0011415525114156222,not_significant,not_significant,,,
31013,Barbacena,MG,0.880517503805175,11.8782646068603,11.979719414876037,0.10145480801573648,0.8515981735159818,0.8493150684931506,-0.0022831050228311334,0.9006849315068493,0.8995433789954337,-0.0011415525114155667,0.0201674277016742,0.019025875190258668,-0.001141552511415532,not_significant,not_significant,NEED_HIGH,NEED_HIGH,
31015,São João Del Rei,MG,0.4604261796042617,10.779331370482089,10.814951586098951,0.035620215616862794,0.7397260273972602,0.7351598173515982,-0.004566210045662045,0.5833333333333333,0.5810502283105023,-0.0022831050228309113,0.1229071537290715,0.12062404870624066,-0.002283105022830842,not_significant,not_significant,CAPACITY_COMPONENT_LOW,CAPACITY_COMPONENT_LOW,
31016,Belo Horizonte/Nova Lima/Santa Luzia,MG,0.4961948249619483,5.3295311793456746,5.369043305099727,0.03951212575405272,0.1278538812785388,0.12557077625570776,-0.00228310502283105,0.1335616438356164,0.13242009132420088,-0.0011415525114155112,-0.3626331811263318,-0.36377473363774737,-0.0011415525114155667,low-low,low-low,CAPACITY_COMPONENT_LOW,CAPACITY_COMPONENT_LOW,
31017,Betim,MG,0.6171993911719938,7.221551707911204,7.275164384418051,0.0536126765068472,0.3242009132420091,0.319634703196347,-0.0045662100456621,0.2226027397260274,0.22031963470319632,-0.002283105022831078,-0.3945966514459664,-0.39687975646879753,-0.0022831050228311334,low-low,low-low,,,
31018,Contagem,MG,0.4984779299847792,3.2042435763637367,3.2651864186954778,0.060942842331741076,0.0114155251141552,0.01141552511415525,5.0306980803327406e-17,0.0513698630136986,0.05136986301369863,2.7755575615628914e-17,-0.4471080669710806,-0.4471080669710806,0.0,low-low,low-low,CAPACITY_COMPONENT_LOW,CAPACITY_COMPONENT_LOW,
31019,Curvelo,MG,0.6293759512937597,11.420086673706525,11.520148700992966,0.10006202728644098,0.8105022831050228,0.8059360730593608,-0.004566210045662045,0.5582191780821918,0.5559360730593608,-0.0022831050228310223,-0.0711567732115678,-0.0734398782343989,-0.0022831050228311056,not_significant,not_significant,,,
31020,Guanhães,MG,0.619482496194825,6.887658012555612,6.890067849417104,0.0024098368614922094,0.2853881278538813,0.2831050228310502,-0.002283105022831078,0.2922374429223744,0.2910958904109589,-0.0011415525114155112,-0.3272450532724505,-0.3283866057838661,-0.0011415525114155667,not_significant,not_significant,,,
31021,Itabira,MG,0.6971080669710806,8.83627910546285,8.873334221767026,0.037055116304175684,0.5205479452054794,0.5159817351598174,-0.004566210045662045,0.615296803652968,0.613013698630137,-0.0022831050228310223,-0.0818112633181126,-0.08409436834094364,-0.0022831050228310362,low-low,low-low,,,
31022,Ouro Preto,MG,0.9307458143074582,7.661293834501459,7.663974349163402,0.0026805146619430786,0.3698630136986301,0.365296803652968,-0.0045662100456621,0.3698630136986301,0.36757990867579904,-0.002283105022831078,-0.560882800608828,-0.5631659056316591,-0.0022831050228311334,low-low,low-low,,,
31023,João Monlevade,MG,0.6453576864535768,6.804179532616556,6.8539670201684,0.04978748755184448,0.273972602739726,0.271689497716895,-0.0022831050228310223,0.271689497716895,0.2705479452054794,-0.0011415525114155667,-0.3736681887366818,-0.3748097412480974,-0.0011415525114156222,not_significant,not_significant,,,
31024,Sete Lagoas,MG,0.452054794520548,8.895431239717317,8.982023188670958,0.0865919489536413,0.5365296803652968,0.5342465753424658,-0.0022831050228310223,0.567351598173516,0.5662100456621004,-0.0011415525114155667,0.115296803652968,0.11415525114155245,-0.0011415525114155528,not_significant,not_significant,CAPACITY_COMPONENT_LOW,CAPACITY_COMPONENT_LOW,
31025,Vespasiano/Lagoa Santa,MG,0.502283105022831,5.236166626540666,5.301597263808286,0.0654306372676201,0.1164383561643835,0.1141552511415525,-0.0022831050228309946,0.25,0.24885844748858446,-0.001141552511415539,-0.252283105022831,-0.2534246575342466,-0.0011415525114155667,not_significant,not_significant,,,ZERO_REGISTERED_BEDS
31026,Diamantina/Itamarandiba,MG,0.6331811263318112,7.923412875992232,8.108487029863696,0.1850741538714633,0.4041095890410959,0.4155251141552511,0.011415525114155223,0.5776255707762558,0.5833333333333334,0.005707762557077611,-0.0555555555555554,-0.04984779299847786,0.005707762557077542,not_significant,not_significant,CAPACITY_COMPONENT_LOW,CAPACITY_COMPONENT_LOW,
31027,Turmalina/Minas Novas/Capelinha,MG,0.758751902587519,11.983919695277908,12.069234366780638,0.08531467150272931,0.8561643835616438,0.8538812785388128,-0.0022831050228310223,0.9155251141552512,0.9143835616438356,-0.0011415525114155667,0.1567732115677321,0.1556316590563166,-0.0011415525114155112,high-low,high-low,NEED_HIGH,NEED_HIGH,
31028,Bom Despacho,MG,0.525875190258752,8.286254059338267,8.43904254247627,0.15278848313800353,0.4520547945205479,0.4611872146118721,0.0091324200913242,0.6164383561643836,0.6210045662100456,0.004566210045662045,0.0905631659056316,0.09512937595129367,0.0045662100456620724,not_significant,not_significant,,,ZERO_REGISTERED_BEDS
31030,Formiga,MG,0.3455098934550989,10.13496571201399,10.436927640598723,0.30196192858473303,0.6643835616438356,0.684931506849315,0.020547945205479423,0.5159817351598174,0.526255707762557,0.010273972602739656,0.1704718417047184,0.18074581430745812,0.010273972602739712,not_significant,not_significant,,,ZERO_REGISTERED_BEDS
31031,Itaúna,MG,0.5007610350076103,9.709504446650008,9.71290158420819,0.0033971375581813845,0.6210045662100456,0.6187214611872146,-0.0022831050228310223,0.3515981735159817,0.3504566210045662,-0.0011415525114155112,-0.1491628614916285,-0.15030441400304406,-0.0011415525114155667,low-low,low-low,,,ZERO_REGISTERED_BEDS
31032,Pará de Minas/Nova Serrana,MG,0.560882800608828,10.412407563945903,10.58194871822461,0.16954115427870597,0.7054794520547946,0.6986301369863014,-0.006849315068493178,0.4292237442922375,0.42579908675799083,-0.0034246575342466445,-0.1316590563165905,-0.13508371385083717,-0.0034246575342466723,not_significant,not_significant,,,ZERO_REGISTERED_BEDS
31034,Caratinga,MG,0.6202435312024352,7.1823660027805944,7.255452949655231,0.07308694687463646,0.3150684931506849,0.3150684931506849,0.0,0.5273972602739726,0.5273972602739726,0.0,-0.0928462709284626,-0.09284627092846265,-5.551115123125783e-17,not_significant,not_significant,,,ZERO_REGISTERED_BEDS
31035,Coronel Fabriciano/Timóteo,MG,0.4703196347031964,9.022338372501178,9.060262192433004,0.037923819931826586,0.5547945205479452,0.541095890410959,-0.013698630136986245,0.4166666666666666,0.40981735159817356,-0.0068493150684930115,-0.0536529680365297,-0.060502283105022814,-0.006849315068493116,not_significant,not_significant,,,ZERO_REGISTERED_BEDS
31036,Governador Valadares,MG,0.5015220700152206,7.570302921346838,7.613915434487999,0.0436125131411611,0.363013698630137,0.3607305936073059,-0.002283105022831078,0.3926940639269406,0.3915525114155251,-0.0011415525114155112,-0.10882800608828,-0.10996955859969554,-0.001141552511415539,low-low,low-low,,,
31037,Ipatinga,MG,0.6887366818873669,7.346276732934191,7.552207142258523,0.20593040932433215,0.3356164383561644,0.3493150684931507,0.0136986301369863,0.591324200913242,0.5981735159817352,0.006849315068493178,-0.0974124809741249,-0.09056316590563174,0.006849315068493164,not_significant,not_significant,,,
31038,Mantena,MG,0.7656012176560122,8.893646390960486,8.89675807810682,0.0031116871463350293,0.5342465753424658,0.5228310502283106,-0.011415525114155223,0.3904109589041096,0.384703196347032,-0.005707762557077611,-0.3751902587519026,-0.3808980213089802,-0.005707762557077611,not_significant,not_significant,,,ZERO_REGISTERED_BEDS
31040,Resplendor,MG,0.7336377473363774,6.877178646147486,6.87958481651401,0.0024061703665232415,0.2831050228310502,0.2762557077625571,-0.0068493150684931225,0.5468036529680365,0.54337899543379,-0.003424657534246478,-0.1868340943683409,-0.19025875190258745,-0.0034246575342465613,low-low,low-low,,,
31041,Além Paraíba,MG,0.8698630136986302,6.091427973123688,6.093559226975432,0.002131253851744397,0.2031963470319634,0.19406392694063926,-0.009132420091324145,0.434931506849315,0.43036529680365293,-0.004566210045662045,-0.4349315068493151,-0.43949771689497724,-0.004566210045662156,low-low,low-low,,,
31042,Carangola,MG,0.8378995433789954,5.79738201687923,5.799410390654316,0.00202837377508569,0.1757990867579908,0.1689497716894977,-0.006849315068493095,0.5228310502283106,0.519406392694064,-0.003424657534246589,-0.3150684931506848,-0.31849315068493145,-0.0034246575342466445,low-low,low-low,,,
31044,Leopoldina/Cataguases,MG,0.8036529680365296,6.483875069155777,6.556662747998232,0.07278767884245418,0.2465753424657534,0.2465753424657534,0.0,0.4623287671232877,0.4623287671232877,0.0,-0.3413242009132419,-0.34132420091324195,-5.551115123125783e-17,low-low,low-low,,,
31045,Muriaé,MG,0.9071537290715374,8.034055960220156,8.181705209614005,0.14764924939384905,0.4178082191780822,0.4246575342465753,0.0068493150684931225,0.678082191780822,0.6815068493150684,0.003424657534246478,-0.2290715372907154,-0.2256468797564689,0.003424657534246478,low-low,low-low,,,
31046,Santos Dumont,MG,0.3805175038051749,8.846708643506954,8.849803908189541,0.003095264682587029,0.5228310502283106,0.5091324200913242,-0.013698630136986356,0.273972602739726,0.26712328767123283,-0.006849315068493178,-0.1065449010654489,-0.11339421613394207,-0.006849315068493178,not_significant,not_significant,,,ZERO_REGISTERED_BEDS
31047,São João Nepomuceno/Bicas,MG,0.2998477929984779,8.185973494645488,8.401134413067783,0.21516091842229557,0.4360730593607306,0.454337899543379,0.0182648401826484,0.297945205479452,0.3070776255707762,0.0091324200913242,-0.0019025875190258,0.0072298325722983114,0.009132420091324112,low-low,high-low,CAPACITY_COMPONENT_LOW,CAPACITY_COMPONENT_LOW,ZERO_REGISTERED_BEDS
31048,Ubá,MG,0.8348554033485539,8.87621903248972,8.903152618732241,0.026933586242520846,0.5296803652968036,0.5273972602739726,-0.0022831050228310223,0.5947488584474886,0.5936073059360731,-0.0011415525114154557,-0.2401065449010653,-0.24124809741248077,-0.0011415525114154557,not_significant,not_significant,,,
31050,Coração de Jesus,MG,0.9604261796042618,13.161999628784002,13.166604716873245,0.004605088089242315,0.9200913242009132,0.910958904109589,-0.0091324200913242,0.8230593607305936,0.8184931506849316,-0.004566210045662045,-0.1373668188736682,-0.14193302891933024,-0.004566210045662045,not_significant,not_significant,NEED_HIGH,NEED_HIGH,
31051,Francisco Sá,MG,0.8340943683409437,7.7560443957231,7.758758061478588,0.0027136657554880372,0.3835616438356164,0.3767123287671233,-0.0068493150684931225,0.6141552511415524,0.610730593607306,-0.003424657534246478,-0.2199391171993913,-0.22336377473363778,-0.003424657534246478,not_significant,not_significant,,,
31052,Janaúba/Monte Azul,MG,0.728310502283105,9.274506690019676,9.339899451071629,0.06539276105195313,0.5730593607305936,0.5730593607305936,0.0,0.5947488584474886,0.5947488584474886,0.0,-0.1335616438356164,-0.13356164383561642,-2.7755575615628914e-17,not_significant,not_significant,,,
31053,Januária,MG,0.3980213089802131,11.01840924532926,11.02226433928224,0.0038550939529802264,0.7602739726027398,0.7534246575342466,-0.006849315068493178,0.386986301369863,0.3835616438356164,-0.003424657534246589,-0.0110350076103501,-0.014459665144596678,-0.0034246575342465786,not_significant,not_significant,CAPACITY_COMPONENT_LOW,CAPACITY_COMPONENT_LOW,ZERO_REGISTERED_BEDS
31055,Pirapora,MG,0.5547945205479452,10.318215065560755,10.321825177294597,0.0036101117338418476,0.6872146118721462,0.6735159817351598,-0.013698630136986356,0.4098173515981735,0.4029680365296804,-0.0068493150684931225,-0.1449771689497716,-0.15182648401826482,-0.006849315068493206,not_significant,not_significant,,,ZERO_REGISTERED_BEDS
31057,Patos de Minas,MG,0.4315068493150685,14.028515865777807,14.192163985491808,0.16364811971400073,0.952054794520548,0.954337899543379,0.0022831050228310223,0.5513698630136986,0.5525114155251142,0.0011415525114155667,0.1198630136986301,0.12100456621004568,0.0011415525114155806,not_significant,not_significant,,,ZERO_REGISTERED_BEDS
31058,Unaí/Paracatu,MG,0.4680365296803653,10.526965246828777,10.571136839737127,0.04417159290835038,0.7123287671232876,0.6963470319634704,-0.015981735159817267,0.4394977168949771,0.4315068493150685,-0.007990867579908578,-0.0285388127853881,-0.0365296803652968,-0.007990867579908703,not_significant,not_significant,,,ZERO_REGISTERED_BEDS
31059,Manhuaçu,MG,0.8066971080669711,6.6876081870252975,6.746428537041427,0.05882035001612973,0.2648401826484018,0.2602739726027397,-0.0045662100456621,0.2865296803652968,0.2842465753424658,-0.0022831050228310223,-0.5201674277016743,-0.5224505327245054,-0.0022831050228310223,not_significant,not_significant,,,
31060,Ponte Nova,MG,0.3949771689497717,8.213854584241068,8.27292832371646,0.05907373947539263,0.4383561643835616,0.4360730593607306,-0.0022831050228310223,0.2694063926940639,0.2682648401826484,-0.0011415525114155112,-0.1255707762557077,-0.1267123287671233,-0.0011415525114155944,low-low,low-low,CAPACITY_COMPONENT_LOW,CAPACITY_COMPONENT_LOW,ZERO_REGISTERED_BEDS
31061,Viçosa,MG,0.8378995433789953,10.75257034031927,10.756332423209368,0.003762082890098384,0.7351598173515982,0.726027397260274,-0.0091324200913242,0.7191780821917808,0.7146118721461188,-0.004566210045662045,-0.1187214611872145,-0.12328767123287654,-0.004566210045662045,low-low,low-low,,,
31062,Águas Formosas,MG,0.8264840182648401,3.802501549583974,3.803831959482863,0.0013304098988893287,0.0296803652968036,0.02968036529680365,5.204170427930421e-17,0.182648401826484,0.182648401826484,0.0,-0.6438356164383561,-0.6438356164383561,0.0,low-low,low-low,,,SMALL_SUICIDE_COUNT
31064,Araçuaí,MG,0.8515981735159817,3.2740690827472,3.2752146059930256,0.0011455232458255082,0.0136986301369863,0.0136986301369863,0.0,0.3641552511415525,0.36415525114155256,5.551115123125783e-17,-0.4874429223744291,-0.4874429223744291,0.0,low-low,low-low,,,SMALL_SUICIDE_COUNT
31065,Itaobim,MG,0.858447488584475,3.764190115780084,3.7655071213686506,0.0013170055885667331,0.0273972602739726,0.0273972602739726,0.0,0.1073059360730593,0.10730593607305935,5.551115123125783e-17,-0.7511415525114156,-0.7511415525114156,0.0,low-low,low-low,,,SMALL_SUICIDE_COUNT
31066,Nanuque,MG,0.6613394216133942,1.7766534706377453,1.7772750817885656,0.0006216111508203781,0.002283105022831,0.00228310502283105,5.0306980803327406e-17,0.2442922374429224,0.2442922374429224,0.0,-0.4170471841704718,-0.4170471841704718,0.0,low-low,low-low,,,SMALL_SUICIDE_COUNT;ZERO_REGISTERED_BEDS
31067,Padre Paraíso,MG,0.7656012176560122,6.474428037984285,6.47669329495764,0.002265256973355001,0.2420091324200913,0.23515981735159816,-0.00684931506849315,0.2682648401826484,0.2648401826484018,-0.003424657534246589,-0.4973363774733638,-0.5007610350076104,-0.003424657534246589,low-low,low-low,,,
31068,Pedra azul,MG,0.7229832572298326,7.998115438627125,8.000913799604302,0.0027983609771764506,0.4155251141552511,0.3995433789954338,-0.015981735159817323,0.3047945205479452,0.2968036529680365,-0.00799086757990869,-0.4181887366818874,-0.4261796042617961,-0.00799086757990869,low-low,low-low,,,ZERO_REGISTERED_BEDS
31070,Araxá,MG,0.469558599695586,10.278069721012088,10.28166578679142,0.003596065779332136,0.6757990867579908,0.6621004566210046,-0.013698630136986245,0.5285388127853881,0.521689497716895,-0.006849315068493067,0.058980213089802,0.05213089802130899,-0.0068493150684930115,not_significant,not_significant,,,ZERO_REGISTERED_BEDS
31071,Frutal/Iturama,MG,0.4649923896499239,10.356092548503732,10.546502341702253,0.19040979319852092,0.6917808219178082,0.6917808219178082,0.0,0.4874429223744292,0.4874429223744292,0.0,0.0224505327245053,0.022450532724505312,1.0408340855860843e-17,not_significant,not_significant,,,ZERO_REGISTERED_BEDS
31072,Uberaba,MG,0.5273972602739726,7.551225484126454,7.60494426059114,0.05371877646468626,0.3584474885844749,0.3538812785388128,-0.0045662100456621,0.589041095890411,0.58675799086758,-0.0022831050228310223,0.0616438356164383,0.05936073059360736,-0.002283105022830939,not_significant,not_significant,CAPACITY_COMPONENT_LOW,CAPACITY_COMPONENT_LOW,
31073,Ituiutaba,MG,0.2914764079147641,10.38336445004401,10.761522676840066,0.3781582267960566,0.6940639269406392,0.728310502283105,0.03424657534246578,0.776255707762557,0.79337899543379,0.017123287671232945,0.4847792998477929,0.5019025875190259,0.017123287671233056,not_significant,not_significant,NEED_HIGH;MISMATCH_MARKED_POSITIVE,NEED_HIGH;MISMATCH_MARKED_POSITIVE,ZERO_REGISTERED_BEDS
31074,Patrocínio/Monte Carmelo,MG,0.6704718417047184,11.375945834938484,11.772925362366552,0.3969795274280674,0.8082191780821918,0.8333333333333334,0.02511415525114158,0.726027397260274,0.7385844748858448,0.01255707762557079,0.0555555555555555,0.06811263318112637,0.012557077625570873,not_significant,not_significant,,,
31075,Uberlândia/Araguari,MG,0.6133942161339422,8.787365502027713,8.830910378615439,0.04354487658772577,0.5136986301369864,0.5045662100456622,-0.0091324200913242,0.5525114155251142,0.547945205479452,-0.004566210045662156,-0.060882800608828,-0.06544901065449016,-0.004566210045662156,not_significant,not_significant,CAPACITY_COMPONENT_LOW,CAPACITY_COMPONENT_LOW,
31076,Manga,MG,0.5707762557077626,13.569647003354888,13.938482280386964,0.3688352770320762,0.9360730593607306,0.9474885844748858,0.011415525114155223,0.8333333333333333,0.8390410958904109,0.005707762557077611,0.2625570776255707,0.2682648401826483,0.005707762557077611,not_significant,not_significant,NEED_HIGH;MISMATCH_MARKED_POSITIVE,NEED_HIGH;MISMATCH_MARKED_POSITIVE,ZERO_REGISTERED_BEDS
31077,João Pinheiro,MG,0.3515981735159817,13.458116872346478,13.778556889636196,0.3204400172897177,0.9337899543378996,0.9360730593607306,0.0022831050228310223,0.4874429223744292,0.4885844748858448,0.0011415525114155667,0.1358447488584475,0.13698630136986306,0.0011415525114155667,not_significant,not_significant,CAPACITY_COMPONENT_LOW,CAPACITY_COMPONENT_LOW,ZERO_REGISTERED_BEDS
31078,Congonhas,MG,0.8272450532724505,8.56586614369646,8.568863147895286,0.002997004198824982,0.4863013698630137,0.4726027397260274,-0.0136986301369863,0.5159817351598174,0.5091324200913242,-0.006849315068493178,-0.3112633181126331,-0.31811263318112626,-0.006849315068493178,low-low,low-low,,,
31079,Conselheiro Lafaiete,MG,0.5882800608828006,8.144784950330699,8.188377748841859,0.043592798511159714,0.4337899543378995,0.4269406392694064,-0.0068493150684931225,0.2636986301369863,0.2602739726027397,-0.003424657534246589,-0.3245814307458143,-0.3280060882800609,-0.003424657534246589,low-low,low-low,,,
31082,São Gotardo,MG,0.4109589041095891,18.138967417247976,18.22610520888332,0.08713779163534596,0.9908675799086758,0.9908675799086758,0.0,0.639269406392694,0.639269406392694,0.0,0.2283105022831049,0.22831050228310495,5.551115123125783e-17,not_significant,not_significant,,,ZERO_REGISTERED_BEDS
31083,Bocaiúva,MG,0.621765601217656,8.723087833907263,8.726139846444742,0.0030520125374788876,0.5068493150684932,0.4931506849315068,-0.013698630136986356,0.5901826484018264,0.5833333333333333,-0.006849315068493178,-0.0315829528158295,-0.038432267884322746,-0.0068493150684932474,not_significant,not_significant,CAPACITY_COMPONENT_LOW,CAPACITY_COMPONENT_LOW,
31084,Montes Claros,MG,0.6385083713850838,7.272928264224756,7.411682449528704,0.13875418530394779,0.3264840182648402,0.3310502283105023,0.0045662100456621,0.610730593607306,0.613013698630137,0.0022831050228310223,-0.0277777777777777,-0.025494672754946768,0.002283105022830932,not_significant,not_significant,CAPACITY_COMPONENT_LOW,CAPACITY_COMPONENT_LOW,
31085,Taiobeiras,MG,0.5357686453576864,4.736095470635149,4.874176818683787,0.1380813480486376,0.0799086757990867,0.0821917808219178,0.0022831050228311056,0.2785388127853881,0.2796803652968036,0.0011415525114155112,-0.2572298325722983,-0.2560882800608828,0.0011415525114155112,not_significant,not_significant,,,ZERO_REGISTERED_BEDS
31086,Divinópolis,MG,0.4056316590563165,8.815581303311433,9.03844057477979,0.22285927146835682,0.5159817351598174,0.5388127853881278,0.022831050228310446,0.3892694063926941,0.4006849315068493,0.011415525114155223,-0.0163622526636224,-0.004946727549467178,0.011415525114155223,not_significant,not_significant,CAPACITY_COMPONENT_LOW,CAPACITY_COMPONENT_LOW,
31087,Lagoa da Prata/Santo Antônio do Monte,MG,0.3904109589041096,11.194529978854307,11.335414614040591,0.1408846351862838,0.7808219178082192,0.7785388127853882,-0.0022831050228310223,0.4394977168949772,0.4383561643835616,-0.0011415525114155667,0.0490867579908675,0.047945205479452024,-0.0011415525114154765,not_significant,not_significant,,,ZERO_REGISTERED_BEDS
31088,Oliveira/Santo Antônio do Amparo,MG,0.7130898021308981,10.687593337930362,10.691332686826522,0.0037393488961594556,0.726027397260274,0.7191780821917808,-0.006849315068493178,0.4931506849315068,0.48972602739726023,-0.003424657534246589,-0.2199391171993913,-0.2233637747336379,-0.003424657534246589,not_significant,not_significant,,,ZERO_REGISTERED_BEDS
31089,Campo Belo,MG,0.6248097412480974,12.655556520526702,12.970000400421341,0.3144438798946396,0.8972602739726028,0.8972602739726028,0.0,0.6084474885844748,0.6084474885844748,0.0,-0.0163622526636225,-0.016362252663622567,-6.591949208711867e-17,not_significant,not_significant,,,ZERO_REGISTERED_BEDS
31090,Lima Duarte,MG,0.7168949771689498,11.094312461646265,11.186113479155866,0.09180101750960112,0.7671232876712328,0.7671232876712328,0.0,0.4406392694063926,0.44063926940639264,5.551115123125783e-17,-0.2762557077625571,-0.27625570776255715,-5.551115123125783e-17,not_significant,not_significant,,,ZERO_REGISTERED_BEDS
31091,Cássia,MG,0.8569254185692543,11.600432729466933,11.604491460366429,0.004058730899496155,0.8310502283105022,0.817351598173516,-0.013698630136986245,0.8230593607305936,0.8162100456621004,-0.006849315068493178,-0.0338660578386607,-0.04071537290715388,-0.006849315068493178,not_significant,not_significant,NEED_HIGH,NEED_HIGH,
31092,Passos,MG,0.5852359208523592,13.71865660361924,13.764465422264,0.04580881864476005,0.9429223744292238,0.9337899543378996,-0.0091324200913242,0.6952054794520548,0.6906392694063928,-0.004566210045662045,0.1099695585996956,0.10540334855403355,-0.004566210045662045,not_significant,not_significant,,,ZERO_REGISTERED_BEDS
31093,Piumhi,MG,0.7267884322678843,11.332304668574263,11.43562438913953,0.10331972056526695,0.7968036529680366,0.7899543378995434,-0.006849315068493178,0.6278538812785388,0.6244292237442922,-0.003424657534246589,-0.0989345509893454,-0.10235920852359204,-0.0034246575342466445,not_significant,not_significant,,,ZERO_REGISTERED_BEDS
31094,Almenara/Jacinto,MG,0.7199391171993912,5.5637726598465065,5.5657192989537645,0.001946639107258008,0.1484018264840182,0.1461187214611872,-0.0022831050228309946,0.2751141552511415,0.273972602739726,-0.0011415525114155112,-0.4448249619482496,-0.4459665144596652,-0.0011415525114155667,low-low,low-low,,,
31095,Serro,MG,0.7016742770167427,9.29387396712118,9.43031448636885,0.13644051924767098,0.5821917808219178,0.5844748858447488,0.0022831050228310223,0.5981735159817352,0.5993150684931507,0.0011415525114155667,-0.1035007610350075,-0.10235920852359193,0.0011415525114155667,not_significant,not_significant,,,ZERO_REGISTERED_BEDS
31096,Itambacuri,MG,0.6506849315068494,4.412768300185393,4.414312228715471,0.0015439285300784533,0.0547945205479452,0.0547945205479452,0.0,0.2420091324200913,0.2420091324200913,0.0,-0.408675799086758,-0.40867579908675805,-5.551115123125783e-17,low-low,low-low,,,SMALL_SUICIDE_COUNT
31097,Juiz de Fora,MG,0.5974124809741248,7.88275379138275,8.032366904656609,0.14961311327385918,0.3972602739726027,0.4063926940639269,0.0091324200913242,0.5570776255707762,0.5616438356164384,0.004566210045662156,-0.0403348554033485,-0.035768645357686424,0.004566210045662079,low-low,low-low,CAPACITY_COMPONENT_LOW,CAPACITY_COMPONENT_LOW,
31098,Salinas,MG,0.6986301369863014,10.34124643510508,10.344864604997904,0.00361816989282282,0.6894977168949772,0.6757990867579908,-0.013698630136986356,0.79337899543379,0.7865296803652968,-0.006849315068493178,0.0947488584474886,0.08789954337899542,-0.006849315068493178,high-low,high-low,NEED_HIGH,NEED_HIGH,
31099,Teófilo Otoni/Malacacheta,MG,0.7610350076103501,8.370678491820847,8.373607204243635,0.002928712422788138,0.4634703196347032,0.4520547945205479,-0.011415525114155278,0.4874429223744292,0.4817351598173516,-0.005707762557077611,-0.2735920852359209,-0.27929984779299855,-0.005707762557077667,low-low,low-low,,,
31100,São Francisco,MG,0.2808219178082192,5.819407264107264,5.916683828306844,0.0972765641995803,0.1780821917808219,0.18036529680365296,0.00228310502283105,0.2659817351598174,0.2671232876712329,0.0011415525114155112,-0.0148401826484018,-0.0136986301369863,0.001141552511415499,not_significant,not_significant,CAPACITY_COMPONENT_LOW,CAPACITY_COMPONENT_LOW,ZERO_REGISTERED_BEDS
31101,Brasília de Minas,MG,0.5357686453576865,9.498947100319535,9.701524227451186,0.20257712713165077,0.6004566210045662,0.6141552511415526,0.013698630136986356,0.4942922374429224,0.5011415525114156,0.006849315068493178,-0.0414764079147641,-0.03462709284627097,0.0068493150684931295,not_significant,not_significant,,,ZERO_REGISTERED_BEDS
31102,Peçanha/São João Evangelista/Santa Maria do,MG,0.6864535768645358,3.880430607735943,3.8817882832622157,0.0013576755262727502,0.0342465753424657,0.0319634703196347,-0.0022831050228310015,0.0684931506849315,0.06735159817351595,-0.0011415525114155528,-0.6179604261796043,-0.6191019786910198,-0.0011415525114154557,not_significant,not_significant,,,ZERO_REGISTERED_BEDS
32001,Central,ES,0.2838660578386605,7.408092320472608,7.51566878721499,0.10757646674238153,0.3378995433789954,0.3424657534246575,0.0045662100456621,0.3116438356164384,0.3139269406392694,0.0022831050228310223,0.0277777777777778,0.030060882800608923,0.002283105022831123,not_significant,not_significant,CAPACITY_COMPONENT_LOW,CAPACITY_COMPONENT_LOW,ZERO_REGISTERED_BEDS
32002,Metropolitana,ES,0.3637747336377473,6.13454239443193,6.1683264123530295,0.033784017921099085,0.2077625570776255,0.19863013698630136,-0.009132420091324145,0.2397260273972603,0.2351598173515982,-0.0045662100456621,-0.124048706240487,-0.12861491628614913,-0.004566210045662128,not_significant,not_significant,CAPACITY_COMPONENT_LOW,CAPACITY_COMPONENT_LOW,
32003,Norte,ES,0.4452054794520548,6.543572947124215,6.714275391317541,0.17070244419332603,0.2534246575342466,0.2579908675799087,0.0045662100456621,0.363013698630137,0.365296803652968,0.0022831050228310223,-0.0821917808219178,-0.07990867579908678,0.0022831050228310223,low-low,low-low,CAPACITY_COMPONENT_LOW,CAPACITY_COMPONENT_LOW,
32004,Sul,ES,0.4216133942161339,7.883958661581097,7.923078753614006,0.03912009203290889,0.3995433789954338,0.3972602739726027,-0.002283105022831078,0.5182648401826484,0.5171232876712328,-0.0011415525114155667,0.0966514459665144,0.09550989345509892,-0.0011415525114154834,high-low,high-low,,,ZERO_REGISTERED_BEDS
33001,Baia da Ilha Grande,RJ,0.6742770167427702,5.013415405620423,5.015169487083877,0.001754081463454682,0.1095890410958904,0.10730593607305935,-0.00228310502283105,0.3710045662100457,0.36986301369863017,-0.0011415525114155112,-0.3032724505327245,-0.30441400304414,-0.0011415525114155112,not_significant,not_significant,,,
33002,Baixada Litorânea,RJ,0.6362252663622527,4.339957035025272,4.413911333322372,0.07395429829710043,0.0502283105022831,0.05251141552511415,0.00228310502283105,0.2009132420091324,0.20205479452054792,0.0011415525114155112,-0.4353120243531203,-0.4341704718417048,0.0011415525114154557,not_significant,not_significant,,,
33003,Centro-Sul,RJ,0.9535768645357686,4.90846745040559,4.910184812936346,0.0017173625307558282,0.0981735159817351,0.091324200913242,-0.006849315068493095,0.3082191780821918,0.3047945205479452,-0.003424657534246589,-0.6453576864535768,-0.6487823439878234,-0.003424657534246589,low-low,low-low,,,
33004,Médio Paraíba,RJ,0.8219178082191781,5.250156237813488,5.319178613262843,0.06902237544935552,0.1187214611872146,0.11643835616438356,-0.00228310502283105,0.3904109589041096,0.3892694063926941,-0.0011415525114155112,-0.4315068493150685,-0.43264840182648406,-0.0011415525114155667,low-low,low-low,,,
33005,Metropolitana I,RJ,0.4406392694063927,3.466849465841083,3.5140059772861165,0.04715651144503363,0.0205479452054794,0.0182648401826484,-0.002283105022830998,0.2100456621004566,0.2089041095890411,-0.0011415525114155112,-0.2305936073059361,-0.2317351598173516,-0.0011415525114155112,low-low,low-low,CAPACITY_COMPONENT_LOW,CAPACITY_COMPONENT_LOW,
33006,Metropolitana II,RJ,0.5144596651445966,4.277920794228564,4.32359073524326,0.04566994101469657,0.045662100456621,0.045662100456621,0.0,0.410958904109589,0.410958904109589,0.0,-0.1035007610350076,-0.1035007610350076,0.0,not_significant,not_significant,CAPACITY_COMPONENT_LOW,CAPACITY_COMPONENT_LOW,
33007,Noroeste,RJ,0.7397260273972602,5.76933572162903,5.829687110034651,0.060351388405620376,0.1712328767123287,0.17579908675799086,0.004566210045662156,0.5125570776255708,0.5148401826484018,0.0022831050228310223,-0.2271689497716894,-0.22488584474885842,0.002283105022830967,low-low,low-low,,,
33008,Norte,RJ,0.5464231354642314,6.841058957566082,6.911663203382305,0.07060424581622282,0.2808219178082192,0.2853881278538813,0.0045662100456621,0.2785388127853881,0.2808219178082192,0.002283105022831078,-0.2678843226788432,-0.2656012176560122,0.0022831050228310223,not_significant,not_significant,,,
33009,Serrana,RJ,0.7001522070015221,7.102429703226574,7.12046305569548,0.01803335246890647,0.3082191780821918,0.3013698630136986,-0.006849315068493178,0.613013698630137,0.6095890410958904,-0.003424657534246589,-0.0871385083713851,-0.09056316590563174,-0.0034246575342466307,low-low,low-low,,,
35011,Alto do Tietê,SP,0.4193302891933029,4.440901365927939,4.491507965119675,0.05060659919173638,0.0570776255707762,0.0593607305936073,0.0022831050228311056,0.2853881278538813,0.2865296803652968,0.0011415525114155112,-0.1339421613394216,-0.1328006088280061,0.0011415525114155112,not_significant,not_significant,CAPACITY_COMPONENT_LOW,CAPACITY_COMPONENT_LOW,
35012,Franco da Rocha,SP,0.576103500761035,6.15038783485341,6.181458980660407,0.031071145806997436,0.2123287671232876,0.2054794520547945,-0.006849315068493095,0.5102739726027398,0.5068493150684932,-0.003424657534246589,-0.0658295281582952,-0.06925418569254183,-0.0034246575342466307,not_significant,not_significant,,,ZERO_REGISTERED_BEDS
35013,Mananciais,SP,0.3569254185692541,3.029793133351347,3.063802360880052,0.034009227528704944,0.0091324200913242,0.0091324200913242,0.0,0.2511415525114155,0.2511415525114155,0.0,-0.1057838660578386,-0.10578386605783857,2.7755575615628914e-17,not_significant,not_significant,CAPACITY_COMPONENT_LOW,CAPACITY_COMPONENT_LOW,ZERO_REGISTERED_BEDS
35014,Rota dos Bandeirantes,SP,0.3211567732115677,5.5891940599773315,5.591149593461604,0.0019555334842724648,0.1529680365296803,0.14840182648401826,-0.004566210045662045,0.2465753424657534,0.2442922374429224,-0.0022831050228310223,-0.0745814307458143,-0.07686453576864533,-0.0022831050228310223,not_significant,not_significant,CAPACITY_COMPONENT_LOW,CAPACITY_COMPONENT_LOW,ZERO_REGISTERED_BEDS
35015,Grande ABC,SP,0.5753424657534246,4.926124110363221,4.957804377426993,0.031680267063771694,0.1004566210045662,0.1004566210045662,0.0,0.3162100456621005,0.3162100456621005,0.0,-0.2591324200913241,-0.25913242009132414,-5.551115123125783e-17,not_significant,not_significant,CAPACITY_COMPONENT_LOW,CAPACITY_COMPONENT_LOW,
35016,São Paulo,SP,0.5570776255707762,1.57495744434168,1.5963216265073463,0.021364182165666268,0.0,0.0,0.0,0.2831050228310502,0.2831050228310502,0.0,-0.273972602739726,-0.273972602739726,0.0,not_significant,not_significant,CAPACITY_COMPONENT_LOW,CAPACITY_COMPONENT_LOW,
35021,Central do DRS II,SP,0.3744292237442922,7.549725254255281,7.613740047273955,0.06401479301867408,0.3561643835616438,0.3584474885844749,0.002283105022831078,0.4155251141552511,0.41666666666666663,0.0011415525114155112,0.0410958904109588,0.04223744292237441,0.0011415525114156153,not_significant,not_significant,,,ZERO_REGISTERED_BEDS
35022,Lagos do DRS II,SP,0.589041095890411,8.683786628397906,8.90226672706262,0.21848009866471507,0.4931506849315068,0.5251141552511416,0.03196347031963476,0.5,0.5159817351598174,0.01598173515981738,-0.0890410958904109,-0.0730593607305936,0.015981735159817295,not_significant,not_significant,,,ZERO_REGISTERED_BEDS
35023,Consórcios do DRS II,SP,0.2503805175038052,8.346274536104247,8.349194710130973,0.0029201740267268406,0.4589041095890411,0.4474885844748858,-0.011415525114155278,0.541095890410959,0.5353881278538812,-0.005707762557077722,0.2907153729071537,0.28500761035007605,-0.005707762557077667,not_significant,not_significant,MISMATCH_MARKED_POSITIVE;CAPACITY_COMPONENT_LOW,MISMATCH_MARKED_POSITIVE;CAPACITY_COMPONENT_LOW,ZERO_REGISTERED_BEDS
35031,Central do DRS III,SP,0.2884322678843227,9.455109585197416,9.603057579927203,0.1479479947297868,0.5958904109589042,0.6004566210045662,0.004566210045662045,0.547945205479452,0.5502283105022832,0.0022831050228311334,0.2595129375951293,0.26179604261796047,0.002283105022831189,not_significant,not_significant,MISMATCH_MARKED_POSITIVE;CAPACITY_COMPONENT_LOW,MISMATCH_MARKED_POSITIVE;CAPACITY_COMPONENT_LOW,ZERO_REGISTERED_BEDS
35032,Coração do DRS III,SP,0.4490106544901065,7.492435466151659,7.515836586402395,0.023401120250736263,0.3493150684931507,0.3447488584474886,-0.0045662100456621,0.3824200913242009,0.38013698630136983,-0.002283105022831078,-0.0665905631659056,-0.06887366818873669,-0.0022831050228310917,not_significant,not_significant,CAPACITY_COMPONENT_LOW,CAPACITY_COMPONENT_LOW,
35033,Noroeste do DRS III,SP,0.6742770167427702,10.190466265846212,10.292483782655383,0.10201751680917148,0.6689497716894978,0.6643835616438356,-0.004566210045662156,0.6267123287671232,0.6244292237442922,-0.0022831050228310223,-0.0475646879756469,-0.04984779299847797,-0.002283105022831071,not_significant,not_significant,,,
35041,Baixada Santista,SP,0.6179604261796042,7.21173295457241,7.265331736649459,0.05359878207704938,0.3219178082191781,0.317351598173516,-0.0045662100456621,0.4246575342465754,0.4223744292237443,-0.002283105022831078,-0.1933028919330288,-0.19558599695585993,-0.0022831050228311334,not_significant,not_significant,,,
35051,Norte - Barretos,SP,0.6796042617960426,7.655899726166873,7.834373684783287,0.17847395861641413,0.3675799086757991,0.3812785388127854,0.0136986301369863,0.5182648401826484,0.5251141552511416,0.006849315068493178,-0.1613394216133942,-0.15449010654490103,0.006849315068493178,not_significant,not_significant,CAPACITY_COMPONENT_LOW,CAPACITY_COMPONENT_LOW,
35052,Sul - Barretos,SP,0.4756468797564688,7.059012230745219,7.113182446382255,0.05417021563703539,0.3059360730593607,0.2968036529680365,-0.0091324200913242,0.3276255707762557,0.3230593607305936,-0.0045662100456621,-0.1480213089802131,-0.1525875190258752,-0.0045662100456621,not_significant,not_significant,CAPACITY_COMPONENT_LOW,CAPACITY_COMPONENT_LOW,ZERO_REGISTERED_BEDS
35061,Vale do Jurumirim,SP,0.3774733637747336,11.374504804728904,11.45154657467461,0.07704176994570666,0.8059360730593608,0.7990867579908676,-0.006849315068493178,0.7351598173515982,0.7317351598173516,-0.003424657534246589,0.3576864535768645,0.354261796042618,-0.0034246575342465335,not_significant,not_significant,MISMATCH_MARKED_POSITIVE,MISMATCH_MARKED_POSITIVE,ZERO_REGISTERED_BEDS
35062,Bauru,SP,0.4216133942161339,7.520911205746212,7.549589045259524,0.028677839513312264,0.3538812785388128,0.3470319634703196,-0.006849315068493178,0.5273972602739726,0.523972602739726,-0.003424657534246589,0.1057838660578386,0.1023592085235921,-0.0034246575342465058,not_significant,not_significant,,,ZERO_REGISTERED_BEDS
35063,Polo Cuesta,SP,0.5867579908675798,10.285477707239398,10.31619319295409,0.030715485714692292,0.680365296803653,0.6689497716894978,-0.011415525114155223,0.7214611872146119,0.7157534246575343,-0.005707762557077611,0.1347031963470321,0.12899543378995448,-0.005707762557077611,not_significant,not_significant,,,ZERO_REGISTERED_BEDS
35064,Jaú,SP,0.563165905631659,7.990818851678754,8.017838198296214,0.027019346617460194,0.4132420091324201,0.4018264840182648,-0.011415525114155278,0.6792237442922374,0.6735159817351598,-0.005707762557077611,0.1160578386605784,0.11035007610350078,-0.005707762557077611,not_significant,not_significant,,,ZERO_REGISTERED_BEDS
35065,Lins,SP,0.6308980213089802,10.59186928706133,10.64260966024876,0.05074037318743052,0.723744292237443,0.7168949771689498,-0.006849315068493178,0.7990867579908676,0.795662100456621,-0.003424657534246589,0.1681887366818873,0.1647640791476408,-0.0034246575342465058,high-high,high-high,NEED_HIGH;SPATIAL_HH_MISMATCH,NEED_HIGH;SPATIAL_HH_MISMATCH,ZERO_REGISTERED_BEDS
35071,Bragança,SP,0.3394216133942161,8.915222337428533,8.958632170106918,0.043409832678385385,0.541095890410959,0.5296803652968036,-0.011415525114155334,0.5639269406392695,0.5582191780821918,-0.005707762557077722,0.2245053272450534,0.21879756468797568,-0.005707762557077722,not_significant,not_significant,CAPACITY_COMPONENT_LOW,CAPACITY_COMPONENT_LOW,ZERO_REGISTERED_BEDS
35072,Região Metropolitana de Campinas,SP,0.5616438356164384,6.235584933808861,6.313435993024896,0.07785105921603552,0.2191780821917808,0.2237442922374429,0.0045662100456621,0.4006849315068493,0.4029680365296804,0.002283105022831078,-0.160958904109589,-0.158675799086758,0.0022831050228309946,not_significant,not_significant,,,
35073,Jundiaí,SP,0.4901065449010655,5.221099457805099,5.416640462795491,0.19554100499039162,0.1141552511415525,0.13470319634703196,0.02054794520547945,0.4029680365296804,0.4132420091324201,0.010273972602739712,-0.087138508371385,-0.07686453576864538,0.010273972602739614,not_significant,not_significant,CAPACITY_COMPONENT_LOW,CAPACITY_COMPONENT_LOW,
35074,Circuito das Águas,SP,0.6933028919330289,9.999925425499734,10.051788199808604,0.05186277430886932,0.6506849315068494,0.6461187214611872,-0.004566210045662156,0.7408675799086758,0.7385844748858448,-0.0022831050228310223,0.0475646879756469,0.045281582952815924,-0.0022831050228309738,not_significant,not_significant,,,ZERO_REGISTERED_BEDS
35081,Três Colinas,SP,0.3523592085235921,8.69172944225946,8.791698531378373,0.09996908911891289,0.4954337899543379,0.4977168949771689,0.0022831050228310223,0.6940639269406392,0.6952054794520548,0.0011415525114155667,0.3417047184170471,0.3428462709284627,0.0011415525114156222,not_significant,not_significant,MISMATCH_MARKED_POSITIVE;CAPACITY_COMPONENT_LOW,MISMATCH_MARKED_POSITIVE;CAPACITY_COMPONENT_LOW,ZERO_REGISTERED_BEDS
35082,Alta Anhanguera,SP,0.619482496194825,8.13269597606072,8.578206783217214,0.44551080715649327,0.4315068493150685,0.4748858447488584,0.043378995433789924,0.6027397260273972,0.6244292237442922,0.02168949771689499,-0.0167427701674277,0.004946727549467234,0.021689497716894934,not_significant,not_significant,,,ZERO_REGISTERED_BEDS
35083,Alta Mogiana,SP,0.9162861491628614,7.8444027225998045,7.847147302949592,0.0027445803497876398,0.3904109589041096,0.3835616438356164,-0.006849315068493178,0.613013698630137,0.6095890410958904,-0.003424657534246589,-0.3032724505327244,-0.30669710806697104,-0.0034246575342466445,not_significant,not_significant,,,
35091,Adamantina,SP,0.7130898021308981,9.77387852257229,9.896451048410537,0.12257252583824751,0.632420091324201,0.632420091324201,0.0,0.815068493150685,0.815068493150685,0.0,0.1019786910197868,0.10197869101978685,5.551115123125783e-17,not_significant,not_significant,NEED_HIGH,NEED_HIGH,ZERO_REGISTERED_BEDS
35092,Assis,SP,0.5844748858447488,10.409642910460937,10.413285010744495,0.0036421002835584915,0.7031963470319634,0.680365296803653,-0.022831050228310446,0.7579908675799086,0.7465753424657534,-0.011415525114155223,0.1735159817351598,0.16210045662100458,-0.011415525114155223,high-high,high-high,NEED_HIGH;SPATIAL_HH_MISMATCH,SPATIAL_HH_MISMATCH,ZERO_REGISTERED_BEDS
35093,Marília,SP,0.512937595129376,10.56446910140458,10.615934128520298,0.05146502711571799,0.7214611872146118,0.7054794520547946,-0.015981735159817267,0.8573059360730593,0.8493150684931507,-0.007990867579908523,0.3443683409436833,0.33637747336377477,-0.007990867579908523,not_significant,not_significant,NEED_HIGH;MISMATCH_MARKED_POSITIVE,NEED_HIGH;MISMATCH_MARKED_POSITIVE,ZERO_REGISTERED_BEDS
35094,Ourinhos,SP,0.5829528158295282,7.462978275921383,7.465589404422979,0.0026111285015959496,0.3447488584474886,0.3356164383561644,-0.0091324200913242,0.4863013698630137,0.4817351598173516,-0.0045662100456621,-0.0966514459665144,-0.10121765601217658,-0.0045662100456621835,low-high,low-high,,,ZERO_REGISTERED_BEDS
35095,Tupã,SP,0.5296803652968036,9.724158936667193,9.72756120150233,0.0034022648351363927,0.6255707762557078,0.6232876712328768,-0.0022831050228310223,0.8082191780821918,0.8070776255707763,-0.0011415525114154557,0.2785388127853881,0.2773972602739727,-0.0011415525114154002,high-high,high-high,NEED_HIGH;MISMATCH_MARKED_POSITIVE;SPATIAL_HH_MISMATCH,NEED_HIGH;MISMATCH_MARKED_POSITIVE;SPATIAL_HH_MISMATCH,ZERO_REGISTERED_BEDS
35101,Araras,SP,0.5601217656012177,6.994158659387481,7.072090675322803,0.07793201593532206,0.2945205479452055,0.2945205479452055,0.0,0.4452054794520548,0.4452054794520548,0.0,-0.1149162861491629,-0.11491628614916294,-4.163336342344337e-17,not_significant,not_significant,,,ZERO_REGISTERED_BEDS
35102,Limeira,SP,0.5365296803652968,7.878918743382604,7.881675400112932,0.0027566567303276557,0.3949771689497717,0.3858447488584475,-0.0091324200913242,0.4691780821917808,0.46461187214611877,-0.004566210045662045,-0.0673515981735159,-0.07191780821917804,-0.004566210045662142,not_significant,not_significant,,,
35103,Piracicaba,SP,0.2541856925418569,7.567690439640297,7.641089226780171,0.07339878713987336,0.3607305936073059,0.363013698630137,0.002283105022831078,0.4018264840182648,0.4029680365296804,0.0011415525114155667,0.1476407914764079,0.14878234398782347,0.0011415525114155667,not_significant,not_significant,CAPACITY_COMPONENT_LOW,CAPACITY_COMPONENT_LOW,ZERO_REGISTERED_BEDS
35104,Rio Claro,SP,0.4718417047184171,6.634216983000938,6.669141013911158,0.03492403091022034,0.2602739726027397,0.2534246575342466,-0.0068493150684931225,0.2557077625570776,0.252283105022831,-0.003424657534246589,-0.2161339421613394,-0.21955859969558605,-0.0034246575342466445,not_significant,not_significant,,,ZERO_REGISTERED_BEDS
35111,Alta Paulista,SP,0.8127853881278538,5.422327125033162,5.699379287689332,0.2770521626561706,0.139269406392694,0.16210045662100456,0.022831050228310557,0.5273972602739726,0.5388127853881278,0.011415525114155223,-0.2853881278538812,-0.273972602739726,0.011415525114155167,not_significant,not_significant,,,
35112,Alta Sorocabana,SP,0.680365296803653,8.213982739854254,8.260565682408185,0.046582942553930806,0.4406392694063927,0.4315068493150685,-0.0091324200913242,0.7031963470319634,0.6986301369863014,-0.004566210045662045,0.0228310502283104,0.0182648401826484,-0.004566210045662,high-high,high-high,SPATIAL_HH_MISMATCH,SPATIAL_HH_MISMATCH,ZERO_REGISTERED_BEDS
35113,Alto Capivari,SP,0.6902587519025877,12.8540625545034,12.858559902325739,0.004497347822338682,0.9041095890410958,0.8949771689497716,-0.0091324200913242,0.9235159817351598,0.9189497716894977,-0.004566210045662156,0.2332572298325721,0.22869101978690998,-0.004566210045662128,high-high,high-high,NEED_HIGH;SPATIAL_HH_MISMATCH,NEED_HIGH;SPATIAL_HH_MISMATCH,ZERO_REGISTERED_BEDS
35114,Extremo Oeste Paulista,SP,0.6133942161339422,11.05930736557199,11.144673472897855,0.08536610732586603,0.7648401826484018,0.7579908675799086,-0.006849315068493178,0.863013698630137,0.8595890410958904,-0.003424657534246589,0.2496194824961948,0.24619482496194822,-0.003424657534246589,not_significant,not_significant,NEED_HIGH,NEED_HIGH,
35115,Pontal do Paranapanema,SP,0.669710806697108,11.77442282231312,11.778542428438783,0.004119606125662756,0.8401826484018264,0.8356164383561644,-0.004566210045662045,0.91324200913242,0.910958904109589,-0.0022831050228310223,0.243531202435312,0.241248097412481,-0.0022831050228310223,high-high,high-high,NEED_HIGH;SPATIAL_HH_MISMATCH,NEED_HIGH;SPATIAL_HH_MISMATCH,ZERO_REGISTERED_BEDS
35121,Vale do Ribeira,SP,0.634703196347032,8.442573958736029,8.445527825768124,0.0029538670320956584,0.4680365296803653,0.4634703196347032,-0.0045662100456621,0.4052511415525114,0.4029680365296804,-0.0022831050228310223,-0.2294520547945205,-0.2317351598173516,-0.0022831050228311056,not_significant,not_significant,,,
35131,Horizonte Verde,SP,0.4840182648401827,8.515119615294756,8.88400523407825,0.36888561878349435,0.4794520547945205,0.5205479452054794,0.0410958904109589,0.5799086757990868,0.6004566210045662,0.020547945205479423,0.0958904109589041,0.11643835616438353,0.020547945205479423,not_significant,not_significant,,,ZERO_REGISTERED_BEDS
35132,Aquífero Guarani,SP,0.4589041095890411,8.105187865188274,8.13055869831303,0.02537083312475552,0.4269406392694064,0.4223744292237443,-0.0045662100456621,0.5844748858447488,0.5821917808219178,-0.0022831050228310223,0.1255707762557077,0.1232876712328767,-0.0022831050228309946,not_significant,not_significant,CAPACITY_COMPONENT_LOW,CAPACITY_COMPONENT_LOW,ZERO_REGISTERED_BEDS
35133,Vale das Cachoeiras,SP,0.4003044140030441,7.956667076208074,8.092387709236297,0.1357206330282228,0.4063926940639269,0.410958904109589,0.0045662100456621,0.66324200913242,0.6655251141552512,0.0022831050228311334,0.2629375951293759,0.26522070015220706,0.0022831050228311334,not_significant,not_significant,MISMATCH_MARKED_POSITIVE;CAPACITY_COMPONENT_LOW,MISMATCH_MARKED_POSITIVE;CAPACITY_COMPONENT_LOW,ZERO_REGISTERED_BEDS
35141,Baixa Mogiana,SP,0.6073059360730594,7.417228131287987,7.4850839407141345,0.06785580942614722,0.3401826484018265,0.3378995433789954,-0.002283105022831078,0.6598173515981736,0.658675799086758,-0.0011415525114155667,0.0525114155251141,0.05136986301369861,-0.0011415525114154834,not_significant,not_significant,,,ZERO_REGISTERED_BEDS
35142,Mantiqueira,SP,0.6156773211567732,11.039873950592382,11.181278583167872,0.1414046325754903,0.7625570776255708,0.7648401826484018,0.0022831050228310223,0.8789954337899544,0.8801369863013698,0.0011415525114154557,0.2633181126331811,0.2644596651445966,0.0011415525114155112,not_significant,not_significant,NEED_HIGH;MISMATCH_MARKED_POSITIVE,NEED_HIGH;MISMATCH_MARKED_POSITIVE,ZERO_REGISTERED_BEDS
35143,Rio Pardo,SP,0.6818873668188736,9.191579991180731,9.281519453849059,0.08993946266832786,0.5639269406392694,0.5639269406392694,0.0,0.7819634703196348,0.7819634703196348,0.0,0.1000761035007611,0.10007610350076113,2.7755575615628914e-17,not_significant,not_significant,NEED_HIGH,NEED_HIGH,ZERO_REGISTERED_BEDS
35151,Catanduva,SP,0.5639269406392694,7.811221703540272,7.917559663172791,0.10633795963251913,0.3858447488584475,0.3949771689497717,0.0091324200913242,0.6095890410958904,0.6141552511415526,0.004566210045662156,0.045662100456621,0.05022831050228316,0.004566210045662156,not_significant,not_significant,,,ZERO_REGISTERED_BEDS
35152,Santa Fé do Sul,SP,0.54337899543379,12.053123950674731,12.057341068066378,0.004217117391647207,0.863013698630137,0.8515981735159818,-0.011415525114155223,0.7602739726027397,0.754566210045662,-0.005707762557077611,0.2168949771689496,0.21118721461187207,-0.005707762557077528,not_significant,not_significant,NEED_HIGH,NEED_HIGH,ZERO_REGISTERED_BEDS
35153,Jales,SP,0.2922374429223744,10.111648085794029,10.318967228565752,0.20731914277172336,0.6598173515981736,0.6712328767123288,0.011415525114155223,0.6906392694063928,0.6963470319634704,0.005707762557077611,0.3984018264840183,0.40410958904109595,0.005707762557077667,not_significant,not_significant,MISMATCH_MARKED_POSITIVE;CAPACITY_COMPONENT_LOW,MISMATCH_MARKED_POSITIVE;CAPACITY_COMPONENT_LOW,ZERO_REGISTERED_BEDS
35154,Fernandópolis,SP,0.4284627092846271,8.485743231671766,8.619865347975187,0.13412211630342163,0.4771689497716895,0.4794520547945205,0.0022831050228310223,0.454337899543379,0.4554794520547945,0.0011415525114155112,0.0258751902587519,0.027016742770167412,0.0011415525114155112,not_significant,not_significant,,,ZERO_REGISTERED_BEDS
35155,São José do Rio Preto,SP,0.5342465753424658,6.905785830594973,6.978143510292449,0.07235767969747631,0.2876712328767123,0.2876712328767123,0.0,0.5947488584474886,0.5947488584474886,0.0,0.0605022831050228,0.060502283105022814,1.3877787807814457e-17,not_significant,not_significant,,,ZERO_REGISTERED_BEDS
35156,José Bonifácio,SP,0.4117199391171994,6.482120841682066,6.484388790194675,0.0022679485126086973,0.2442922374429223,0.2374429223744292,-0.006849315068493095,0.4840182648401827,0.4805936073059361,-0.003424657534246589,0.0722983257229832,0.06887366818873669,-0.0034246575342465058,not_significant,not_significant,CAPACITY_COMPONENT_LOW,CAPACITY_COMPONENT_LOW,ZERO_REGISTERED_BEDS
35157,Votuporanga,SP,0.5296803652968036,10.714368222238203,10.786218840981231,0.0718506187430279,0.730593607305936,0.7328767123287672,0.0022831050228311334,0.75,0.7511415525114156,0.0011415525114155667,0.2203196347031963,0.22146118721461194,0.00114155251141565,not_significant,not_significant,NEED_HIGH,NEED_HIGH,ZERO_REGISTERED_BEDS
35161,Itapetininga,SP,0.606544901065449,8.740878153597084,8.832374590848138,0.09149643725105427,0.5091324200913242,0.5068493150684932,-0.0022831050228310223,0.4372146118721461,0.4360730593607306,-0.0011415525114155112,-0.1693302891933029,-0.1704718417047184,-0.0011415525114155112,not_significant,not_significant,,,
35162,Itapeva,SP,0.4337899543378996,12.250304883842553,12.62547148633753,0.3751666024949767,0.8789954337899544,0.8835616438356164,0.004566210045662045,0.5353881278538812,0.5376712328767124,0.0022831050228311334,0.1015981735159816,0.1038812785388128,0.002283105022831189,high-high,high-high,SPATIAL_HH_MISMATCH,SPATIAL_HH_MISMATCH,ZERO_REGISTERED_BEDS
35163,Sorocaba,SP,0.6491628614916286,8.723068789168847,8.752350138331593,0.02928134916274594,0.5045662100456622,0.4954337899543379,-0.009132420091324256,0.5148401826484019,0.5102739726027398,-0.004566210045662156,-0.1343226788432266,-0.13888888888888884,-0.004566210045662239,not_significant,not_significant,,,
35171,Alto Vale do Paraíba,SP,0.3226788432267884,6.123714817519983,6.239109119554773,0.11539430203479029,0.2054794520547945,0.21232876712328766,0.00684931506849315,0.4942922374429224,0.4977168949771689,0.0034246575342465335,0.1716133942161339,0.1750380517503805,0.003424657534246617,not_significant,not_significant,CAPACITY_COMPONENT_LOW,CAPACITY_COMPONENT_LOW,ZERO_REGISTERED_BEDS
35172,Circuito da Fé e Vale Histórico,SP,0.4383561643835616,6.585938059739386,6.653706516940401,0.06776845720101488,0.2557077625570776,0.2511415525114155,-0.0045662100456621,0.3527397260273972,0.3504566210045662,-0.0022831050228310223,-0.0856164383561643,-0.08789954337899542,-0.0022831050228311195,not_significant,not_significant,,,ZERO_REGISTERED_BEDS
35173,Litoral Norte,SP,0.560882800608828,8.31493041212548,8.317839619547128,0.002909207421646798,0.45662100456621,0.4429223744292237,-0.0136986301369863,0.6061643835616438,0.5993150684931506,-0.006849315068493178,0.0452815829528158,0.038432267884322635,-0.006849315068493164,not_significant,not_significant,,,ZERO_REGISTERED_BEDS
35174,Vale do Paraíba/Região Serrana,SP,0.4946727549467276,4.441290377830522,4.480837433099319,0.039547055268797315,0.0593607305936073,0.05707762557077625,-0.00228310502283105,0.2568493150684932,0.2557077625570776,-0.0011415525114155667,-0.2378234398782344,-0.23896499238964997,-0.0011415525114155667,not_significant,not_significant,CAPACITY_COMPONENT_LOW,CAPACITY_COMPONENT_LOW,
41001,1ª RS Paranaguá,PR,0.2907153729071537,9.442962846163123,9.446266726801056,0.0033038806379330765,0.593607305936073,0.58675799086758,-0.006849315068493067,0.6198630136986301,0.6164383561643836,-0.003424657534246478,0.3291476407914763,0.32572298325722987,-0.0034246575342464225,not_significant,not_significant,MISMATCH_MARKED_POSITIVE;CAPACITY_COMPONENT_LOW,MISMATCH_MARKED_POSITIVE;CAPACITY_COMPONENT_LOW,ZERO_REGISTERED_BEDS
41002,2ª RS Metropolitana,PR,0.4018264840182649,7.673424103177348,7.752325243035852,0.07890113985850356,0.3721461187214612,0.3721461187214612,0.0,0.5308219178082192,0.5308219178082192,0.0,0.1289954337899543,0.12899543378995432,2.7755575615628914e-17,high-high,high-high,CAPACITY_COMPONENT_LOW;SPATIAL_HH_MISMATCH,CAPACITY_COMPONENT_LOW;SPATIAL_HH_MISMATCH,
41003,3ª RS Ponta Grossa,PR,0.2191780821917808,10.432551741048725,10.493361584174394,0.060809843125669616,0.7077625570776256,0.6894977168949772,-0.0182648401826484,0.634703196347032,0.6255707762557078,-0.0091324200913242,0.4155251141552512,0.406392694063927,-0.0091324200913242,high-high,high-high,CAPACITY_LOW;MISMATCH_MARKED_POSITIVE;CAPACITY_COMPONENT_LOW;SPATIAL_HH_MISMATCH,CAPACITY_LOW;MISMATCH_MARKED_POSITIVE;CAPACITY_COMPONENT_LOW;SPATIAL_HH_MISMATCH,ZERO_REGISTERED_BEDS
41004,4ª RS Irati,PR,0.4703196347031963,9.713220767832958,9.716619205648461,0.003398437815503641,0.6232876712328768,0.6210045662100456,-0.0022831050228311334,0.6883561643835616,0.687214611872146,-0.0011415525114155667,0.2180365296803653,0.21689497716894973,-0.0011415525114155667,high-high,high-high,CAPACITY_COMPONENT_LOW;SPATIAL_HH_MISMATCH,CAPACITY_COMPONENT_LOW;SPATIAL_HH_MISMATCH,
41005,5ª RS Guarapuava,PR,0.4406392694063927,14.13057017572912,14.188489553018275,0.05791937728915464,0.954337899543379,0.952054794520548,-0.0022831050228310223,0.8333333333333333,0.8321917808219178,-0.0011415525114154557,0.3926940639269405,0.3915525114155251,-0.0011415525114154002,high-high,high-high,NEED_HIGH;MISMATCH_MARKED_POSITIVE;CAPACITY_COMPONENT_LOW;SPATIAL_HH_MISMATCH,NEED_HIGH;MISMATCH_MARKED_POSITIVE;CAPACITY_COMPONENT_LOW;SPATIAL_HH_MISMATCH,
41006,6ª RS União da Vitória,PR,0.2138508371385084,12.52090852171109,12.650134980086124,0.1292264583750331,0.8881278538812786,0.8858447488584474,-0.0022831050228311334,0.7796803652968036,0.7785388127853881,-0.0011415525114155667,0.5658295281582952,0.5646879756468797,-0.0011415525114155667,high-high,high-high,NEED_HIGH;CAPACITY_LOW;MISMATCH_MARKED_POSITIVE;CAPACITY_COMPONENT_LOW;SPATIAL_HH_MISMATCH,NEED_HIGH;CAPACITY_LOW;MISMATCH_MARKED_POSITIVE;CAPACITY_COMPONENT_LOW;SPATIAL_HH_MISMATCH,ZERO_REGISTERED_BEDS
41007,7ª RS Pato Branco,PR,0.563165905631659,14.328991970610954,14.503279610870559,0.17428764025960497,0.9611872146118722,0.958904109589041,-0.0022831050228311334,0.7123287671232876,0.7111872146118721,-0.0011415525114155667,0.1491628614916286,0.14802130898021304,-0.0011415525114155667,high-high,high-high,SPATIAL_HH_MISMATCH,SPATIAL_HH_MISMATCH,
41008,8ª RS Francisco Beltrão,PR,0.4132420091324201,13.295704516377356,13.483017360818835,0.1873128444414789,0.9269406392694064,0.9223744292237442,-0.004566210045662156,0.6735159817351598,0.6712328767123288,-0.0022831050228310223,0.2602739726027397,0.2579908675799087,-0.0022831050228310223,high-high,high-high,MISMATCH_MARKED_POSITIVE;SPATIAL_HH_MISMATCH,MISMATCH_MARKED_POSITIVE;SPATIAL_HH_MISMATCH,ZERO_REGISTERED_BEDS
41009,9ª RS Foz do Iguaçu,PR,0.3120243531202435,9.851223587529471,10.09525834182725,0.244034754297779,0.6415525114155252,0.6484018264840182,0.006849315068493067,0.7351598173515982,0.7385844748858448,0.003424657534246589,0.4231354642313546,0.42656012176560126,0.0034246575342466445,high-high,high-high,MISMATCH_MARKED_POSITIVE;SPATIAL_HH_MISMATCH,MISMATCH_MARKED_POSITIVE;SPATIAL_HH_MISMATCH,ZERO_REGISTERED_BEDS
41010,10ª RS Cascavel,PR,0.2579908675799087,10.86173331817691,10.947543768574038,0.08581045039712798,0.7488584474885844,0.7442922374429224,-0.004566210045662045,0.6518264840182648,0.6495433789954338,-0.0022831050228310223,0.3938356164383561,0.3915525114155251,-0.002283105022830967,high-high,high-high,MISMATCH_MARKED_POSITIVE;CAPACITY_COMPONENT_LOW;SPATIAL_HH_MISMATCH,MISMATCH_MARKED_POSITIVE;CAPACITY_COMPONENT_LOW;SPATIAL_HH_MISMATCH,ZERO_REGISTERED_BEDS
41011,11ª RS Campo Mourão,PR,0.4246575342465753,8.829516989440716,8.856339800346074,0.026822810905358097,0.5182648401826484,0.5136986301369864,-0.004566210045662045,0.6529680365296804,0.6506849315068494,-0.0022831050228310223,0.228310502283105,0.22602739726027404,-0.002283105022830967,high-high,high-high,SPATIAL_HH_MISMATCH,SPATIAL_HH_MISMATCH,ZERO_REGISTERED_BEDS
41012,12ª RS Umuarama,PR,0.3789954337899544,8.781814308948547,8.810326826390257,0.028512517441710017,0.5114155251141552,0.502283105022831,-0.0091324200913242,0.7477168949771689,0.7431506849315068,-0.004566210045662045,0.3687214611872145,0.36415525114155245,-0.004566210045662045,high-high,high-high,MISMATCH_MARKED_POSITIVE;CAPACITY_COMPONENT_LOW;SPATIAL_HH_MISMATCH,MISMATCH_MARKED_POSITIVE;CAPACITY_COMPONENT_LOW;SPATIAL_HH_MISMATCH,ZERO_REGISTERED_BEDS
41013,13ª RS Cianorte,PR,0.2625570776255708,8.084255282717185,8.189915116573824,0.10565983385663813,0.4246575342465753,0.4292237442922374,0.0045662100456621,0.5559360730593608,0.5582191780821918,0.0022831050228310223,0.29337899543379,0.295662100456621,0.0022831050228310223,high-high,high-high,MISMATCH_MARKED_POSITIVE;CAPACITY_COMPONENT_LOW;SPATIAL_HH_MISMATCH,MISMATCH_MARKED_POSITIVE;CAPACITY_COMPONENT_LOW;SPATIAL_HH_MISMATCH,ZERO_REGISTERED_BEDS
41014,14ª RS Paranavaí,PR,0.2648401826484018,11.586844987598177,11.688073550510818,0.1012285629126417,0.8287671232876712,0.8264840182648402,-0.0022831050228310223,0.8276255707762556,0.8264840182648402,-0.0011415525114154557,0.5627853881278537,0.5616438356164384,-0.0011415525114153446,high-high,high-high,NEED_HIGH;MISMATCH_MARKED_POSITIVE;CAPACITY_COMPONENT_LOW;SPATIAL_HH_MISMATCH,NEED_HIGH;MISMATCH_MARKED_POSITIVE;CAPACITY_COMPONENT_LOW;SPATIAL_HH_MISMATCH,ZERO_REGISTERED_BEDS
41015,15ª RS Maringá,PR,0.5007610350076104,7.325240458838629,7.347823512278675,0.022583053440045298,0.3333333333333333,0.3264840182648402,-0.0068493150684931225,0.5559360730593608,0.5525114155251142,-0.003424657534246589,0.0551750380517503,0.0517503805175038,-0.003424657534246499,high-high,high-high,SPATIAL_HH_MISMATCH,SPATIAL_HH_MISMATCH,
41016,16ª RS Apucarana,PR,0.6491628614916286,8.594638814163952,8.695415848956769,0.10077703479281652,0.4908675799086758,0.4885844748858447,-0.002283105022831078,0.7363013698630136,0.7351598173515982,-0.0011415525114154557,0.087138508371385,0.08599695585996958,-0.001141552511415414,high-high,high-high,SPATIAL_HH_MISMATCH,SPATIAL_HH_MISMATCH,ZERO_REGISTERED_BEDS
41017,17ª RS Londrina,PR,0.3378995433789954,7.274454464280142,7.383376183859362,0.10892171957921981,0.3287671232876712,0.3287671232876712,0.0,0.6278538812785388,0.6278538812785388,0.0,0.2899543378995433,0.2899543378995434,1.1102230246251565e-16,not_significant,not_significant,MISMATCH_MARKED_POSITIVE;CAPACITY_COMPONENT_LOW,MISMATCH_MARKED_POSITIVE;CAPACITY_COMPONENT_LOW,ZERO_REGISTERED_BEDS
41018,18ª RS Cornélio Procópio,PR,0.5768645357686454,8.96830499665741,9.124815142729991,0.15651014607258062,0.547945205479452,0.547945205479452,0.0,0.7123287671232876,0.7123287671232876,0.0,0.1354642313546422,0.13546423135464225,5.551115123125783e-17,high-high,high-high,CAPACITY_COMPONENT_LOW;SPATIAL_HH_MISMATCH,CAPACITY_COMPONENT_LOW;SPATIAL_HH_MISMATCH,
41019,19ª RS Jacarezinho,PR,0.1567732115677321,11.876808723681313,11.910117170969654,0.03330844728834137,0.8493150684931506,0.8424657534246576,-0.006849315068493067,0.7888127853881278,0.7853881278538812,-0.003424657534246589,0.6320395738203957,0.6286149162861492,-0.003424657534246478,high-high,high-high,NEED_HIGH;CAPACITY_LOW;MISMATCH_MARKED_POSITIVE;CAPACITY_COMPONENT_LOW;SPATIAL_HH_MISMATCH,NEED_HIGH;CAPACITY_LOW;MISMATCH_MARKED_POSITIVE;CAPACITY_COMPONENT_LOW;SPATIAL_HH_MISMATCH,ZERO_REGISTERED_BEDS
41020,20ª RS Toledo,PR,0.3729071537290715,10.962641476832646,11.250460850649983,0.2878193738173369,0.7557077625570776,0.771689497716895,0.01598173515981738,0.6974885844748858,0.7054794520547945,0.007990867579908634,0.3245814307458143,0.33257229832572294,0.007990867579908634,high-high,high-high,MISMATCH_MARKED_POSITIVE;SPATIAL_HH_MISMATCH,MISMATCH_MARKED_POSITIVE;SPATIAL_HH_MISMATCH,ZERO_REGISTERED_BEDS
41021,21ª RS Telêmaco Borba,PR,0.2328767123287671,10.074711785170251,10.296947787182114,0.22223600201186322,0.6575342465753424,0.6666666666666666,0.0091324200913242,0.769406392694064,0.773972602739726,0.004566210045662045,0.5365296803652968,0.5410958904109588,0.004566210045662045,high-high,high-high,NEED_HIGH;CAPACITY_LOW;MISMATCH_MARKED_POSITIVE;CAPACITY_COMPONENT_LOW;SPATIAL_HH_MISMATCH,NEED_HIGH;CAPACITY_LOW;MISMATCH_MARKED_POSITIVE;CAPACITY_COMPONENT_LOW;SPATIAL_HH_MISMATCH,ZERO_REGISTERED_BEDS
41022,22ª RS Ivaiporã,PR,0.4901065449010655,10.2892573621371,10.604881534122347,0.31562417198524706,0.682648401826484,0.7009132420091324,0.0182648401826484,0.817351598173516,0.8264840182648402,0.0091324200913242,0.3272450532724505,0.3363774733637747,0.0091324200913242,high-high,high-high,NEED_HIGH;MISMATCH_MARKED_POSITIVE;SPATIAL_HH_MISMATCH,NEED_HIGH;MISMATCH_MARKED_POSITIVE;SPATIAL_HH_MISMATCH,ZERO_REGISTERED_BEDS
42001,Extremo Oeste,SC,0.3340943683409437,18.48311439703885,19.03515434279437,0.5520399457555207,0.9954337899543378,0.9954337899543378,0.0,0.8767123287671232,0.8767123287671232,0.0,0.5426179604261796,0.5426179604261796,0.0,high-high,high-high,NEED_HIGH;MISMATCH_MARKED_POSITIVE;SPATIAL_HH_MISMATCH,NEED_HIGH;MISMATCH_MARKED_POSITIVE;SPATIAL_HH_MISMATCH,ZERO_REGISTERED_BEDS
42002,Oeste,SC,0.30441400304414,13.428422482159336,13.661877095427357,0.2334546132680213,0.9315068493150684,0.9292237442922374,-0.0022831050228310223,0.7716894977168949,0.7705479452054794,-0.0011415525114154557,0.4672754946727548,0.4661339421613394,-0.0011415525114154002,high-high,high-high,NEED_HIGH;MISMATCH_MARKED_POSITIVE;SPATIAL_HH_MISMATCH,NEED_HIGH;MISMATCH_MARKED_POSITIVE;SPATIAL_HH_MISMATCH,ZERO_REGISTERED_BEDS
42003,Xanxerê,SC,0.4010654490106545,12.064355647426249,12.230001677273881,0.16564602984763255,0.865296803652968,0.860730593607306,-0.004566210045662045,0.8184931506849316,0.8162100456621004,-0.0022831050228311334,0.417427701674277,0.41514459665144593,-0.002283105022831078,high-high,high-high,NEED_HIGH;MISMATCH_MARKED_POSITIVE;SPATIAL_HH_MISMATCH,NEED_HIGH;MISMATCH_MARKED_POSITIVE;SPATIAL_HH_MISMATCH,ZERO_REGISTERED_BEDS
42004,Alto Vale do Itajaí,SC,0.5068493150684932,14.47376510003828,14.675517173013368,0.20175207297508813,0.9634703196347032,0.9634703196347032,0.0,0.9680365296803652,0.9680365296803652,0.0,0.461187214611872,0.46118721461187207,5.551115123125783e-17,high-high,high-high,NEED_HIGH;MISMATCH_MARKED_POSITIVE;SPATIAL_HH_MISMATCH,NEED_HIGH;MISMATCH_MARKED_POSITIVE;SPATIAL_HH_MISMATCH,
42005,Foz do Rio Itajaí,SC,0.2846270928462709,8.243802402028688,8.30376171332489,0.059959311296202245,0.4452054794520548,0.4406392694063927,-0.0045662100456621,0.4121004566210046,0.4098173515981735,-0.002283105022831078,0.1274733637747336,0.1251902587519026,-0.0022831050228309946,not_significant,not_significant,CAPACITY_COMPONENT_LOW,CAPACITY_COMPONENT_LOW,ZERO_REGISTERED_BEDS
42006,Médio Vale do Itajaí,SC,0.5114155251141552,10.398562624114817,10.637926581792755,0.23936395767793783,0.7009132420091324,0.7123287671232876,0.011415525114155223,0.8184931506849316,0.8242009132420092,0.005707762557077611,0.3070776255707763,0.31278538812785395,0.005707762557077667,high-high,high-high,NEED_HIGH;MISMATCH_MARKED_POSITIVE;SPATIAL_HH_MISMATCH,NEED_HIGH;MISMATCH_MARKED_POSITIVE;SPATIAL_HH_MISMATCH,
42007,Grande Florianópolis,SC,0.4360730593607305,8.442557824989327,8.556016078008765,0.1134582530194379,0.4657534246575342,0.4703196347031963,0.0045662100456621,0.678082191780822,0.680365296803653,0.0022831050228310223,0.2420091324200914,0.2442922374429225,0.0022831050228311056,high-high,high-high,CAPACITY_COMPONENT_LOW;SPATIAL_HH_MISMATCH,CAPACITY_COMPONENT_LOW;SPATIAL_HH_MISMATCH,ZERO_REGISTERED_BEDS
42008,Meio Oeste,SC,0.541095890410959,12.497564600650376,12.59176003201754,0.09419543136716335,0.8858447488584474,0.8812785388127854,-0.004566210045662045,0.8618721461187214,0.8595890410958904,-0.0022831050228310223,0.3207762557077624,0.31849315068493145,-0.002283105022830967,high-high,high-high,NEED_HIGH;MISMATCH_MARKED_POSITIVE;SPATIAL_HH_MISMATCH,NEED_HIGH;MISMATCH_MARKED_POSITIVE;SPATIAL_HH_MISMATCH,ZERO_REGISTERED_BEDS
42009,Alto Vale do Rio do Peixe,SC,0.4299847792998478,13.95411724696286,14.170542932722093,0.2164256857592335,0.9497716894977168,0.9497716894977168,0.0,0.8744292237442922,0.8744292237442922,0.0,0.4444444444444443,0.4444444444444444,1.1102230246251565e-16,high-high,high-high,NEED_HIGH;MISMATCH_MARKED_POSITIVE;SPATIAL_HH_MISMATCH,NEED_HIGH;MISMATCH_MARKED_POSITIVE;SPATIAL_HH_MISMATCH,ZERO_REGISTERED_BEDS
42010,Alto Uruguai Catarinense,SC,0.5464231354642314,17.193006826300977,17.2504504372439,0.05744361094292216,0.9840182648401826,0.9794520547945206,-0.004566210045662045,0.860730593607306,0.8584474885844748,-0.0022831050228311334,0.3143074581430746,0.31202435312024346,-0.0022831050228311334,high-high,high-high,NEED_HIGH;MISMATCH_MARKED_POSITIVE;SPATIAL_HH_MISMATCH,NEED_HIGH;MISMATCH_MARKED_POSITIVE;SPATIAL_HH_MISMATCH,
42011,Nordeste,SC,0.215372907153729,7.498853077213123,7.605612289460973,0.10675921224784979,0.3515981735159817,0.3561643835616438,0.0045662100456621,0.5490867579908676,0.5513698630136986,0.0022831050228310223,0.3337138508371385,0.3359969558599696,0.002283105022831078,not_significant,not_significant,CAPACITY_LOW;MISMATCH_MARKED_POSITIVE;CAPACITY_COMPONENT_LOW,CAPACITY_LOW;MISMATCH_MARKED_POSITIVE;CAPACITY_COMPONENT_LOW,ZERO_REGISTERED_BEDS
42012,Planalto Norte,SC,0.5045662100456622,10.70363597963784,10.915531977069454,0.2118959974316148,0.728310502283105,0.7397260273972602,0.011415525114155223,0.569634703196347,0.5753424657534246,0.005707762557077611,0.0650684931506848,0.07077625570776247,0.005707762557077667,high-high,high-high,CAPACITY_COMPONENT_LOW;SPATIAL_HH_MISMATCH,CAPACITY_COMPONENT_LOW;SPATIAL_HH_MISMATCH,
42013,Serra Catarinense,SC,0.6057838660578386,11.233578640813931,11.412388228825272,0.17880958801134028,0.7853881278538812,0.7853881278538812,0.0,0.8264840182648401,0.8264840182648401,0.0,0.2207001522070014,0.22070015220700145,5.551115123125783e-17,high-high,high-high,NEED_HIGH;CAPACITY_COMPONENT_LOW;SPATIAL_HH_MISMATCH,NEED_HIGH;CAPACITY_COMPONENT_LOW;SPATIAL_HH_MISMATCH,
42014,Extremo Sul Catarinense,SC,0.5,12.634691564548136,12.682133360862306,0.04744179631416934,0.8949771689497716,0.8904109589041096,-0.004566210045662045,0.8915525114155252,0.889269406392694,-0.0022831050228311334,0.3915525114155251,0.38926940639269403,-0.002283105022831078,not_significant,not_significant,NEED_HIGH;MISMATCH_MARKED_POSITIVE;CAPACITY_COMPONENT_LOW,NEED_HIGH;MISMATCH_MARKED_POSITIVE;CAPACITY_COMPONENT_LOW,
42015,Carbonífera,SC,0.6423135464231354,10.064209685435774,10.155349021717674,0.09113933628190019,0.6552511415525114,0.6529680365296804,-0.0022831050228310223,0.6700913242009132,0.6689497716894977,-0.0011415525114155667,0.0277777777777777,0.026636225266362223,-0.0011415525114154765,high-high,high-high,SPATIAL_HH_MISMATCH,SPATIAL_HH_MISMATCH,ZERO_REGISTERED_BEDS
42016,Laguna,SC,0.654490106544901,11.341209760207304,11.502226127640949,0.16101636743364445,0.8013698630136986,0.8036529680365296,0.0022831050228310223,0.8710045662100456,0.8721461187214612,0.0011415525114155667,0.2165144596651446,0.21765601217656017,0.0011415525114155667,not_significant,not_significant,NEED_HIGH,NEED_HIGH,
42017,Vale do Itapocú,SC,0.3706240487062405,9.0237829224104,9.163595140275133,0.1398122178647334,0.5570776255707762,0.5502283105022832,-0.006849315068493067,0.5821917808219178,0.5787671232876712,-0.003424657534246589,0.2115677321156773,0.20814307458143072,-0.003424657534246589,not_significant,not_significant,,,ZERO_REGISTERED_BEDS
43001,Região 01 - Verdes Campos,RS,0.7640791476407914,13.647728292759904,13.863846563436155,0.216118270676251,0.9383561643835616,0.9406392694063926,0.0022831050228310223,0.9223744292237444,0.9235159817351598,0.0011415525114154557,0.1582952815829529,0.15943683409436837,0.0011415525114154834,not_significant,not_significant,NEED_HIGH,NEED_HIGH,
43002,Região 02 - Entre Rios,RS,0.8386605783866058,12.92166921081592,13.612706649011654,0.6910374381957336,0.910958904109589,0.9269406392694064,0.01598173515981738,0.910958904109589,0.9189497716894977,0.007990867579908634,0.0722983257229832,0.08028919330289186,0.007990867579908661,not_significant,not_significant,NEED_HIGH,NEED_HIGH,
43003,Região 03 - Fronteira Oeste,RS,0.5943683409436834,9.746658946612664,10.014939770487032,0.2682808238743686,0.6278538812785388,0.6415525114155252,0.013698630136986356,0.745433789954338,0.7522831050228311,0.006849315068493178,0.1510654490106545,0.15791476407914773,0.006849315068493234,not_significant,not_significant,CAPACITY_COMPONENT_LOW,NEED_HIGH;CAPACITY_COMPONENT_LOW,
43004,Região 04 - Belas Praias,RS,0.641552511415525,12.836462755707108,13.039772465138153,0.20330970943104454,0.9018264840182648,0.8995433789954338,-0.0022831050228310223,0.8493150684931507,0.8481735159817352,-0.0011415525114155667,0.2077625570776257,0.20662100456621013,-0.0011415525114155667,not_significant,not_significant,NEED_HIGH,NEED_HIGH,
43005,Região 05 - Bons Ventos,RS,0.817351598173516,9.636893342221,9.74296724109554,0.10607389887453955,0.6141552511415526,0.6255707762557078,0.011415525114155223,0.7180365296803652,0.7237442922374429,0.005707762557077611,-0.0993150684931507,-0.09360730593607314,0.005707762557077556,not_significant,not_significant,,,
43006,Região 06 - Vale do Paranhana e Costa Serra,RS,0.9208523592085236,13.861124479966076,13.8659741761404,0.0048496961743236255,0.9474885844748858,0.9429223744292238,-0.004566210045662045,0.9680365296803652,0.9657534246575343,-0.0022831050228309113,0.0471841704718417,0.044901065449010735,-0.002283105022830967,not_significant,not_significant,NEED_HIGH,NEED_HIGH,
43007,Região 07 - Vale dos Sinos,RS,0.6902587519025875,10.394489337223348,10.617175849997087,0.2226865127737394,0.6963470319634704,0.7077625570776256,0.011415525114155223,0.7728310502283104,0.7785388127853881,0.005707762557077611,0.0825722983257229,0.0882800608828006,0.0057077625570777085,not_significant,not_significant,NEED_HIGH,NEED_HIGH,
43008,Região 08 - Vale do Caí e Metropolitana,RS,0.7085235920852359,10.29275717274884,10.442755999014206,0.1499988262653673,0.684931506849315,0.6872146118721462,0.0022831050228311334,0.7636986301369864,0.7648401826484019,0.0011415525114155667,0.0551750380517505,0.05631659056316607,0.0011415525114155667,not_significant,not_significant,NEED_HIGH,NEED_HIGH,
43009,Região 09 - Carbonífera/Costa Doce,RS,0.8280060882800608,11.601950511495934,11.829117025280178,0.22716651378424402,0.8333333333333334,0.8401826484018264,0.006849315068493067,0.8732876712328768,0.8767123287671232,0.003424657534246478,0.0452815829528159,0.0487062404870624,0.003424657534246499,not_significant,not_significant,NEED_HIGH,NEED_HIGH,
43010,Região 10 - Capital e Vale do Gravataí,RS,0.7519025875190258,8.702376645130828,8.794678614973424,0.09230196984259642,0.5,0.5,0.0,0.6700913242009132,0.6700913242009132,0.0,-0.0818112633181126,-0.08181126331811261,-1.3877787807814457e-17,not_significant,not_significant,,,
43011,Região 11 - Sete Povos das Missões,RS,0.7929984779299848,17.131480139994935,17.38843224991006,0.25695210991512596,0.9817351598173516,0.9817351598173516,0.0,0.9029680365296804,0.9029680365296804,0.0,0.1099695585996956,0.1099695585996956,0.0,not_significant,not_significant,NEED_HIGH,NEED_HIGH,
43012,Região 12 - Portal das Missões,RS,0.7770167427701674,17.599752349856963,18.170625647470825,0.5708732976138613,0.9885844748858448,0.9885844748858448,0.0,0.8070776255707763,0.8070776255707763,0.0,0.0300608828006089,0.030060882800608923,2.42861286636753e-17,high-high,high-high,NEED_HIGH;SPATIAL_HH_MISMATCH,NEED_HIGH;SPATIAL_HH_MISMATCH,
43013,Região 13 - Diversidade,RS,0.837138508371385,16.06594336084125,16.501055008007903,0.4351116471666536,0.9771689497716894,0.9771689497716894,0.0,0.9657534246575342,0.9657534246575342,0.0,0.1286149162861491,0.12861491628614918,8.326672684688674e-17,high-high,high-high,NEED_HIGH;SPATIAL_HH_MISMATCH,NEED_HIGH;SPATIAL_HH_MISMATCH,
43014,Região 14 - Fronteira Noroeste,RS,0.619482496194825,13.146702374962318,13.602472024138818,0.4557696491764993,0.9178082191780822,0.9246575342465754,0.006849315068493178,0.9406392694063928,0.9440639269406392,0.003424657534246478,0.3211567732115677,0.32458143074581425,0.0034246575342465335,not_significant,not_significant,NEED_HIGH;MISMATCH_MARKED_POSITIVE;CAPACITY_COMPONENT_LOW,NEED_HIGH;MISMATCH_MARKED_POSITIVE;CAPACITY_COMPONENT_LOW,
43015,Região 15 - Caminho das Águas,RS,0.6248097412480974,20.74709678890865,21.026322334148848,0.27922554524019816,1.0,1.0,0.0,0.978310502283105,0.978310502283105,0.0,0.3535007610350076,0.3535007610350076,0.0,high-high,high-high,NEED_HIGH;MISMATCH_MARKED_POSITIVE;SPATIAL_HH_MISMATCH,NEED_HIGH;MISMATCH_MARKED_POSITIVE;SPATIAL_HH_MISMATCH,
43016,Região 16 - Alto Uruguai Gaúcho,RS,0.6019786910197868,12.012897678103084,12.331729000580118,0.3188313224770347,0.8584474885844748,0.867579908675799,0.0091324200913242,0.75,0.754566210045662,0.004566210045662045,0.1480213089802131,0.1525875190258752,0.0045662100456621,high-high,high-high,NEED_HIGH;SPATIAL_HH_MISMATCH,NEED_HIGH;SPATIAL_HH_MISMATCH,
43017,Região 17 - Planalto,RS,0.6780821917808219,12.671416668258514,13.067797266004332,0.3963805977458179,0.8995433789954338,0.9018264840182648,0.0022831050228310223,0.8527397260273972,0.8538812785388128,0.0011415525114155667,0.1746575342465753,0.17579908675799094,0.00114155251141565,high-high,high-high,NEED_HIGH;SPATIAL_HH_MISMATCH,NEED_HIGH;SPATIAL_HH_MISMATCH,
43018,Região 18 - Araucárias,RS,0.4421613394216133,17.507193902647575,17.6587437503463,0.1515498476987247,0.9863013698630136,0.9863013698630136,0.0,0.9429223744292236,0.9429223744292237,1.1102230246251565e-16,0.5007610350076104,0.5007610350076104,0.0,high-high,high-high,NEED_HIGH;MISMATCH_MARKED_POSITIVE;SPATIAL_HH_MISMATCH,NEED_HIGH;MISMATCH_MARKED_POSITIVE;SPATIAL_HH_MISMATCH,
43019,Região 19 - Botucaraí,RS,0.3698630136986301,19.030762552640414,19.349338476548777,0.3185759239083623,0.997716894977169,0.997716894977169,0.0,0.9006849315068493,0.9006849315068493,0.0,0.5308219178082192,0.5308219178082192,0.0,not_significant,not_significant,NEED_HIGH;MISMATCH_MARKED_POSITIVE;CAPACITY_COMPONENT_LOW,NEED_HIGH;MISMATCH_MARKED_POSITIVE;CAPACITY_COMPONENT_LOW,
43020,Região 20 - Rota da Produção,RS,0.6643835616438355,14.60174861433193,14.942245157339267,0.3404965430073368,0.9657534246575342,0.9657534246575342,0.0,0.9257990867579908,0.9257990867579908,0.0,0.2614155251141553,0.26141552511415533,5.551115123125783e-17,not_significant,not_significant,NEED_HIGH;MISMATCH_MARKED_POSITIVE;CAPACITY_COMPONENT_LOW,NEED_HIGH;MISMATCH_MARKED_POSITIVE;CAPACITY_COMPONENT_LOW,
43021,Região 21 - Sul,RS,0.7869101978691019,12.204348206054954,12.499590647930303,0.29524244187534876,0.8721461187214612,0.8767123287671232,0.004566210045662045,0.9212328767123288,0.9235159817351598,0.0022831050228310223,0.1343226788432269,0.13660578386605793,0.0022831050228310223,not_significant,not_significant,NEED_HIGH,NEED_HIGH,
43022,Região 22 - Pampa,RS,0.5418569254185692,12.01466760905122,12.529071211831926,0.5144036027807068,0.860730593607306,0.8789954337899544,0.0182648401826484,0.7968036529680366,0.8059360730593608,0.0091324200913242,0.2549467275494673,0.26407914764079155,0.009132420091324256,not_significant,not_significant,NEED_HIGH;MISMATCH_MARKED_POSITIVE;CAPACITY_COMPONENT_LOW,NEED_HIGH;MISMATCH_MARKED_POSITIVE;CAPACITY_COMPONENT_LOW,
43023,Região 23 - Caxias e Hortênsias,RS,0.5471841704718416,11.31608303259036,11.442947052584174,0.12686401999381403,0.7945205479452054,0.7922374429223744,-0.0022831050228310223,0.8595890410958904,0.8584474885844748,-0.0011415525114155667,0.3124048706240487,0.3112633181126332,-0.0011415525114155112,not_significant,not_significant,NEED_HIGH;MISMATCH_MARKED_POSITIVE;CAPACITY_COMPONENT_LOW,NEED_HIGH;MISMATCH_MARKED_POSITIVE;CAPACITY_COMPONENT_LOW,
43024,Região 24 - Campos de Cima da Serra,RS,0.550228310502283,11.214088041742192,11.41609540580085,0.20200736405865705,0.7831050228310502,0.7876712328767124,0.004566210045662156,0.7888127853881278,0.7910958904109588,0.0022831050228310223,0.2385844748858447,0.2408675799086758,0.0022831050228311056,high-high,high-high,NEED_HIGH;SPATIAL_HH_MISMATCH,NEED_HIGH;SPATIAL_HH_MISMATCH,
43025,Região 25 - Vinhedos e Basalto,RS,0.7602739726027398,11.13321803407237,11.324299061160684,0.19108102708831431,0.771689497716895,0.776255707762557,0.004566210045662045,0.8253424657534247,0.8276255707762556,0.0022831050228309113,0.0650684931506849,0.06735159817351588,0.0022831050228309807,high-high,high-high,NEED_HIGH;SPATIAL_HH_MISMATCH,NEED_HIGH;SPATIAL_HH_MISMATCH,
43026,Região 26 - Uva Vale,RS,0.8226788432267883,12.57395984658816,12.848919767217517,0.2749599206293567,0.8926940639269406,0.8926940639269406,0.0,0.8767123287671232,0.8767123287671232,0.0,0.0540334855403349,0.054033485540334936,3.469446951953614e-17,high-high,high-high,NEED_HIGH;SPATIAL_HH_MISMATCH,NEED_HIGH;SPATIAL_HH_MISMATCH,
43027,Região 27 - Jacuí Centro,RS,0.6659056316590563,12.367379720853044,13.088880060689023,0.7215003398359787,0.8812785388127854,0.906392694063927,0.02511415525114158,0.8242009132420092,0.83675799086758,0.01255707762557079,0.1582952815829529,0.1708523592085237,0.012557077625570817,high-high,high-high,NEED_HIGH;SPATIAL_HH_MISMATCH,NEED_HIGH;SPATIAL_HH_MISMATCH,
43028,Região 28 - Vinte e Oito,RS,0.8249619482496194,15.477132032971376,15.821831795287373,0.3446997623159973,0.9748858447488584,0.9748858447488584,0.0,0.8881278538812785,0.8881278538812785,0.0,0.063165905631659,0.06316590563165903,2.7755575615628914e-17,high-high,high-high,NEED_HIGH;SPATIAL_HH_MISMATCH,NEED_HIGH;SPATIAL_HH_MISMATCH,
43029,Região 29 - Vales e Montanhas,RS,0.8120243531202435,15.206380543398271,15.734659469862907,0.528278926464635,0.9703196347031964,0.9726027397260274,0.0022831050228310223,0.9737442922374429,0.9748858447488584,0.0011415525114155667,0.1617199391171994,0.16286149162861496,0.0011415525114155667,not_significant,not_significant,NEED_HIGH,NEED_HIGH,
43030,Região 30 - Vale da Luz,RS,0.7343987823439878,16.75591724869355,17.38986079543532,0.6339435467417722,0.9794520547945206,0.9840182648401826,0.004566210045662045,0.9737442922374429,0.976027397260274,0.0022831050228311334,0.239345509893455,0.24162861491628618,0.002283105022831189,not_significant,not_significant,NEED_HIGH,NEED_HIGH,
50009,Baixo Pantanal,MS,0.334855403348554,11.188528839745082,11.445515135174535,0.25698629542945284,0.7785388127853882,0.7968036529680366,0.0182648401826484,0.658675799086758,0.6678082191780822,0.0091324200913242,0.323820395738204,0.3329528158295282,0.0091324200913242,high-high,high-high,MISMATCH_MARKED_POSITIVE;SPATIAL_HH_MISMATCH,MISMATCH_MARKED_POSITIVE;SPATIAL_HH_MISMATCH,ZERO_REGISTERED_BEDS
50010,Pantanal,MS,0.2968036529680365,9.214122778426862,9.217346593064189,0.003223814637326683,0.5662100456621004,0.5570776255707762,-0.0091324200913242,0.3447488584474886,0.34018264840182644,-0.004566210045662156,0.047945205479452,0.043378995433789924,-0.0045662100456620724,high-high,high-high,CAPACITY_COMPONENT_LOW;SPATIAL_HH_MISMATCH,CAPACITY_COMPONENT_LOW;SPATIAL_HH_MISMATCH,ZERO_REGISTERED_BEDS
50011,Centro,MS,0.3972602739726027,11.250847830457143,11.364444057653094,0.1135962271959503,0.7876712328767124,0.7808219178082192,-0.006849315068493178,0.571917808219178,0.5684931506849316,-0.003424657534246478,0.1746575342465753,0.17123287671232884,-0.0034246575342464503,high-high,high-high,CAPACITY_COMPONENT_LOW;SPATIAL_HH_MISMATCH,CAPACITY_COMPONENT_LOW;SPATIAL_HH_MISMATCH,ZERO_REGISTERED_BEDS
50012,Centro Sul,MS,0.365296803652968,11.373905945922528,11.44439674352408,0.0704907976015523,0.8036529680365296,0.7945205479452054,-0.0091324200913242,0.5296803652968036,0.5251141552511416,-0.004566210045662045,0.1643835616438356,0.15981735159817356,-0.004566210045662045,high-high,high-high,CAPACITY_COMPONENT_LOW;SPATIAL_HH_MISMATCH,CAPACITY_COMPONENT_LOW;SPATIAL_HH_MISMATCH,
50013,Leste,MS,0.4490106544901065,11.478922216308453,11.55167452737247,0.0727523110640167,0.819634703196347,0.815068493150685,-0.004566210045662045,0.5171232876712328,0.5148401826484018,-0.0022831050228310223,0.0681126331811263,0.06582952815829529,-0.0022831050228310085,not_significant,not_significant,,,ZERO_REGISTERED_BEDS
50014,Nordeste,MS,0.8074581430745814,9.956788521177469,10.17193534152134,0.21514682034387178,0.6484018264840182,0.6552511415525114,0.006849315068493178,0.752283105022831,0.7557077625570776,0.003424657534246589,-0.0551750380517503,-0.0517503805175038,0.003424657534246499,not_significant,not_significant,NEED_HIGH,NEED_HIGH,
50015,Norte,MS,0.4292237442922375,13.37865544675434,13.852278022742182,0.4736225759878412,0.9292237442922374,0.9383561643835616,0.0091324200913242,0.9303652968036528,0.934931506849315,0.004566210045662267,0.5011415525114153,0.5057077625570776,0.004566210045662267,not_significant,not_significant,NEED_HIGH;MISMATCH_MARKED_POSITIVE;CAPACITY_COMPONENT_LOW,NEED_HIGH;MISMATCH_MARKED_POSITIVE;CAPACITY_COMPONENT_LOW,ZERO_REGISTERED_BEDS
50016,Sudeste,MS,0.154490106544901,10.137468867256953,10.141015739955046,0.003546872698093395,0.6666666666666666,0.6506849315068494,-0.015981735159817267,0.5821917808219178,0.5742009132420092,-0.007990867579908634,0.4277016742770168,0.41971080669710814,-0.007990867579908634,high-high,high-high,CAPACITY_LOW;MISMATCH_MARKED_POSITIVE;CAPACITY_COMPONENT_LOW;SPATIAL_HH_MISMATCH,CAPACITY_LOW;MISMATCH_MARKED_POSITIVE;CAPACITY_COMPONENT_LOW;SPATIAL_HH_MISMATCH,ZERO_REGISTERED_BEDS
50017,Sul Fronteira,MS,0.273972602739726,13.651033384446668,13.692171940722394,0.041138556275726046,0.9406392694063926,0.9315068493150684,-0.0091324200913242,0.5844748858447488,0.5799086757990868,-0.004566210045662045,0.3105022831050228,0.30593607305936077,-0.004566210045662045,high-high,high-high,MISMATCH_MARKED_POSITIVE;CAPACITY_COMPONENT_LOW;SPATIAL_HH_MISMATCH,MISMATCH_MARKED_POSITIVE;CAPACITY_COMPONENT_LOW;SPATIAL_HH_MISMATCH,ZERO_REGISTERED_BEDS
51001,Alto Tapajós,MT,0.1385083713850837,11.265007117437529,11.395878669964228,0.13087155252669902,0.7899543378995434,0.7831050228310502,-0.006849315068493178,0.680365296803653,0.6769406392694064,-0.003424657534246589,0.5418569254185692,0.5384322678843227,-0.003424657534246478,not_significant,not_significant,CAPACITY_LOW;MISMATCH_MARKED_POSITIVE;CAPACITY_COMPONENT_LOW,CAPACITY_LOW;MISMATCH_MARKED_POSITIVE;CAPACITY_COMPONENT_LOW,ZERO_REGISTERED_BEDS
51002,Baixada Cuiabana,MT,0.2914764079147641,6.473317655900661,6.501510343339204,0.028192687438543196,0.2397260273972602,0.2420091324200913,0.0022831050228311056,0.2488584474885845,0.25,0.0011415525114155112,-0.0426179604261796,-0.04147640791476409,0.0011415525114155112,not_significant,not_significant,CAPACITY_COMPONENT_LOW,CAPACITY_COMPONENT_LOW,ZERO_REGISTERED_BEDS
51003,Araguaia Xingu,MT,0.3006088280060883,10.560377246775762,10.564072085618537,0.0036948388427759937,0.7191780821917808,0.6940639269406392,-0.02511415525114158,0.5171232876712328,0.504566210045662,-0.01255707762557079,0.2165144596651445,0.20395738203957375,-0.012557077625570734,not_significant,not_significant,CAPACITY_COMPONENT_LOW,CAPACITY_COMPONENT_LOW,ZERO_REGISTERED_BEDS
51004,Centro Norte,MT,0.3987823439878235,6.063421042328859,6.065542497184474,0.0021214548556152124,0.1963470319634703,0.1917808219178082,-0.0045662100456621,0.2785388127853881,0.27625570776255703,-0.002283105022831078,-0.1202435312024353,-0.12252663622526644,-0.0022831050228311334,not_significant,not_significant,,,ZERO_REGISTERED_BEDS
51005,Garças Araguaia,MT,0.363013698630137,8.350661621934442,8.434580884529128,0.0839192625946854,0.4611872146118721,0.4589041095890411,-0.0022831050228310223,0.3116438356164383,0.3105022831050228,-0.0011415525114155112,-0.0513698630136987,-0.05251141552511418,-0.0011415525114154834,not_significant,low-high,CAPACITY_COMPONENT_LOW,CAPACITY_COMPONENT_LOW,ZERO_REGISTERED_BEDS
51006,Médio Araguaia,MT,0.3188736681887367,9.133326038597552,9.554734267507628,0.42140822891007623,0.5593607305936074,0.5958904109589042,0.0365296803652968,0.3618721461187215,0.3801369863013699,0.0182648401826484,0.0429984779299847,0.06126331811263319,0.01826484018264849,not_significant,not_significant,CAPACITY_COMPONENT_LOW,CAPACITY_COMPONENT_LOW,ZERO_REGISTERED_BEDS
51007,Médio Norte Matogrossense,MT,0.3592085235920852,5.877980622190056,5.95053673223088,0.07255611004082407,0.182648401826484,0.182648401826484,0.0,0.2420091324200913,0.2420091324200913,0.0,-0.1171993911719939,-0.1171993911719939,0.0,not_significant,not_significant,CAPACITY_COMPONENT_LOW,CAPACITY_COMPONENT_LOW,ZERO_REGISTERED_BEDS
51008,Noroeste Matogrossense,MT,0.1735159817351598,10.395626513993951,10.73226488300123,0.3366383690072787,0.6986301369863014,0.723744292237443,0.02511415525114158,0.4531963470319635,0.4657534246575342,0.012557077625570734,0.2796803652968037,0.2922374429223744,0.012557077625570734,not_significant,not_significant,CAPACITY_LOW;MISMATCH_MARKED_POSITIVE;CAPACITY_COMPONENT_LOW,CAPACITY_LOW;MISMATCH_MARKED_POSITIVE;CAPACITY_COMPONENT_LOW,ZERO_REGISTERED_BEDS
51009,Norte Araguaia Karajá,MT,0.4010654490106545,9.844868807400228,9.848313305908338,0.0034444985081094615,0.639269406392694,0.6278538812785388,-0.011415525114155223,0.3493150684931506,0.343607305936073,-0.005707762557077556,-0.0517503805175038,-0.05745814307458147,-0.005707762557077667,not_significant,not_significant,CAPACITY_COMPONENT_LOW,CAPACITY_COMPONENT_LOW,SMALL_SUICIDE_COUNT;ZERO_REGISTERED_BEDS
51010,Norte Matogrossense,MT,0.3036529680365297,7.735166975808561,7.737873337023667,0.0027063612151065897,0.3744292237442922,0.3698630136986301,-0.0045662100456621,0.2465753424657534,0.24429223744292236,-0.00228310502283105,-0.0570776255707762,-0.05936073059360733,-0.0022831050228311334,low-high,low-high,,,ZERO_REGISTERED_BEDS
51011,Oeste Matogrossense,MT,0.3158295281582953,9.876373626789576,10.020477489734377,0.14410386294480126,0.6438356164383562,0.6438356164383562,0.0,0.4771689497716895,0.4771689497716895,0.0,0.1613394216133942,0.1613394216133942,0.0,not_significant,not_significant,CAPACITY_COMPONENT_LOW,CAPACITY_COMPONENT_LOW,ZERO_REGISTERED_BEDS
51012,Sudoeste Matogrossense,MT,0.1308980213089802,7.909244675137564,7.912011942230379,0.00276726709281494,0.4018264840182648,0.3926940639269406,-0.0091324200913242,0.2648401826484018,0.2602739726027397,-0.0045662100456621,0.1339421613394216,0.1293759512937595,-0.0045662100456621,not_significant,not_significant,CAPACITY_LOW;CAPACITY_COMPONENT_LOW,CAPACITY_LOW;CAPACITY_COMPONENT_LOW,ZERO_REGISTERED_BEDS
51013,Sul Matogrossense,MT,0.2617960426179604,9.835249141701608,9.863627529572891,0.02837838787128355,0.636986301369863,0.6301369863013698,-0.006849315068493178,0.754566210045662,0.7511415525114156,-0.003424657534246478,0.4927701674277016,0.48934550989345516,-0.0034246575342464225,not_significant,not_significant,NEED_HIGH;MISMATCH_MARKED_POSITIVE;CAPACITY_COMPONENT_LOW,NEED_HIGH;MISMATCH_MARKED_POSITIVE;CAPACITY_COMPONENT_LOW,ZERO_REGISTERED_BEDS
51014,Teles Pires,MT,0.2199391171993912,7.489232897892071,7.4918532122962915,0.002620314404220281,0.3470319634703196,0.3401826484018265,-0.0068493150684931225,0.2899543378995434,0.2865296803652968,-0.003424657534246589,0.0700152207001522,0.06659056316590561,-0.003424657534246589,not_significant,not_significant,CAPACITY_LOW;CAPACITY_COMPONENT_LOW,CAPACITY_LOW;CAPACITY_COMPONENT_LOW,ZERO_REGISTERED_BEDS
51015,Vale do Peixoto,MT,0.2838660578386605,11.13387918894014,11.137774683233264,0.003895494293123747,0.773972602739726,0.7557077625570776,-0.0182648401826484,0.4520547945205479,0.4429223744292237,-0.0091324200913242,0.1681887366818873,0.15905631659056324,-0.009132420091324062,not_significant,not_significant,CAPACITY_COMPONENT_LOW,CAPACITY_COMPONENT_LOW,ZERO_REGISTERED_BEDS
51016,Vale dos Arinos,MT,0.3006088280060883,9.660127651340249,9.66350751306661,0.0033798617263620656,0.6164383561643836,0.6073059360730594,-0.0091324200913242,0.610730593607306,0.6061643835616439,-0.004566210045662045,0.3101217656012177,0.30555555555555564,-0.004566210045662045,not_significant,not_significant,MISMATCH_MARKED_POSITIVE;CAPACITY_COMPONENT_LOW,MISMATCH_MARKED_POSITIVE;CAPACITY_COMPONENT_LOW,ZERO_REGISTERED_BEDS
52001,Central,GO,0.3637747336377473,8.48285983725354,8.636129953422817,0.153270116169276,0.4748858447488584,0.4863013698630137,0.011415525114155278,0.6461187214611872,0.6518264840182648,0.005707762557077611,0.2823439878234399,0.2880517503805175,0.005707762557077611,not_significant,not_significant,MISMATCH_MARKED_POSITIVE;CAPACITY_COMPONENT_LOW,MISMATCH_MARKED_POSITIVE;CAPACITY_COMPONENT_LOW,ZERO_REGISTERED_BEDS
52002,Centro Sul,GO,0.6050228310502282,8.920322189246209,9.065795778519925,0.1454735892737169,0.54337899543379,0.54337899543379,0.0,0.7134703196347032,0.7134703196347032,0.0,0.1084474885844749,0.10844748858447495,5.551115123125783e-17,not_significant,not_significant,,,
52003,Entorno Norte,GO,0.4505327245053272,10.260599517109608,10.628222778322096,0.3676232612124881,0.6735159817351598,0.7100456621004566,0.0365296803652968,0.591324200913242,0.6095890410958904,0.0182648401826484,0.1407914764079147,0.15905631659056318,0.018264840182648484,not_significant,not_significant,,,ZERO_REGISTERED_BEDS
52004,Entorno Sul,GO,0.1659056316590563,7.970132542317971,8.104780907106047,0.13464836478807563,0.408675799086758,0.4132420091324201,0.0045662100456621,0.3778538812785388,0.38013698630136983,0.0022831050228310223,0.2119482496194824,0.21423135464231352,0.0022831050228311334,not_significant,not_significant,CAPACITY_LOW;CAPACITY_COMPONENT_LOW,CAPACITY_LOW;CAPACITY_COMPONENT_LOW,ZERO_REGISTERED_BEDS
52005,Estrada de Ferro,GO,0.6080669710806698,9.274628226648373,9.453330726171787,0.1787024995234141,0.5753424657534246,0.589041095890411,0.013698630136986356,0.4143835616438356,0.4212328767123288,0.006849315068493178,-0.1936834094368341,-0.18683409436834097,0.0068493150684931225,not_significant,not_significant,,,ZERO_REGISTERED_BEDS
52006,Nordeste I,GO,0.319634703196347,6.414625561222236,6.4168698946519624,0.0022443334297266304,0.2328767123287671,0.23059360730593606,-0.00228310502283105,0.3767123287671232,0.37557077625570773,-0.0011415525114154557,0.0570776255707761,0.055936073059360714,-0.0011415525114153863,not_significant,not_significant,CAPACITY_COMPONENT_LOW,CAPACITY_COMPONENT_LOW,SMALL_SUICIDE_COUNT;ZERO_REGISTERED_BEDS
52007,Nordeste II,GO,0.1149162861491628,6.297335663846498,6.299538960175129,0.0022032963286306995,0.2260273972602739,0.2191780821917808,-0.006849315068493095,0.4372146118721461,0.4337899543378995,-0.003424657534246589,0.3222983257229832,0.31887366818873675,-0.003424657534246478,not_significant,not_significant,CAPACITY_LOW;MISMATCH_MARKED_POSITIVE;CAPACITY_COMPONENT_LOW,CAPACITY_LOW;MISMATCH_MARKED_POSITIVE;CAPACITY_COMPONENT_LOW,ZERO_REGISTERED_BEDS
52008,Norte,GO,0.5738203957382039,12.392429016737209,12.39676484935165,0.0043358326144407044,0.8835616438356164,0.8744292237442922,-0.0091324200913242,0.6301369863013698,0.6255707762557078,-0.004566210045662045,0.0563165905631659,0.05175038051750391,-0.004566210045661989,not_significant,not_significant,,,
52009,Oeste I,GO,0.2952815829528158,11.856881025400156,12.372352023325961,0.5154709979258048,0.8470319634703196,0.8721461187214612,0.02511415525114158,0.5821917808219178,0.5947488584474886,0.01255707762557079,0.2869101978691019,0.2994672754946728,0.0125570776255709,not_significant,not_significant,MISMATCH_MARKED_POSITIVE;CAPACITY_COMPONENT_LOW,MISMATCH_MARKED_POSITIVE;CAPACITY_COMPONENT_LOW,ZERO_REGISTERED_BEDS
52010,Oeste II,GO,0.3888888888888889,9.346482650820374,9.418355155812028,0.07187250499165465,0.589041095890411,0.5799086757990868,-0.0091324200913242,0.5399543378995434,0.5353881278538812,-0.004566210045662156,0.1510654490106545,0.14649923896499234,-0.004566210045662156,not_significant,not_significant,,,ZERO_REGISTERED_BEDS
52011,Pirineus,GO,0.3789954337899544,8.538612631474564,8.612483435792706,0.07387080431814219,0.4817351598173516,0.4771689497716895,-0.0045662100456621,0.7146118721461188,0.7123287671232876,-0.0022831050228311334,0.3356164383561644,0.33333333333333326,-0.0022831050228311334,not_significant,not_significant,MISMATCH_MARKED_POSITIVE;CAPACITY_COMPONENT_LOW,MISMATCH_MARKED_POSITIVE;CAPACITY_COMPONENT_LOW,ZERO_REGISTERED_BEDS
52012,Rio Vermelho,GO,0.3904109589041096,11.163411050130906,11.25920047365303,0.09578942352212394,0.776255707762557,0.773972602739726,-0.0022831050228310223,0.6073059360730593,0.6061643835616438,-0.0011415525114154557,0.2168949771689496,0.21575342465753422,-0.0011415525114153724,not_significant,not_significant,,,ZERO_REGISTERED_BEDS
52013,São Patrício I,GO,0.7214611872146118,11.46370111861561,11.467712010195072,0.004010891579461884,0.817351598173516,0.8013698630136986,-0.01598173515981738,0.7579908675799087,0.75,-0.007990867579908745,0.0365296803652969,0.028538812785388168,-0.00799086757990873,not_significant,not_significant,NEED_HIGH,NEED_HIGH,
52014,Serra da Mesa,GO,0.439117199391172,12.865242648592323,13.231952969803716,0.3667103212113929,0.906392694063927,0.91324200913242,0.006849315068493067,0.8013698630136987,0.8047945205479452,0.003424657534246478,0.3622526636225267,0.3656773211567732,0.003424657534246478,not_significant,not_significant,NEED_HIGH;MISMATCH_MARKED_POSITIVE,NEED_HIGH;MISMATCH_MARKED_POSITIVE,ZERO_REGISTERED_BEDS
52015,Sudoeste I,GO,0.7298325722983257,9.778365112676315,9.904380012753556,0.1260149000772408,0.634703196347032,0.634703196347032,0.0,0.545662100456621,0.545662100456621,0.0,-0.1841704718417046,-0.18417047184170465,-5.551115123125783e-17,not_significant,not_significant,,,
52016,Sudoeste II,GO,0.6354642313546424,9.699165121346695,9.702558641407146,0.0033935200604506832,0.6187214611872146,0.6164383561643836,-0.0022831050228310223,0.589041095890411,0.5878995433789955,-0.0011415525114154557,-0.0464231354642313,-0.047564687975646835,-0.001141552511415539,not_significant,not_significant,CAPACITY_COMPONENT_LOW,CAPACITY_COMPONENT_LOW,
52017,Sul,GO,0.4665144596651445,11.12138865284403,11.22720299916281,0.10581434631877862,0.769406392694064,0.769406392694064,0.0,0.6940639269406392,0.6940639269406392,0.0,0.2275494672754947,0.22754946727549474,5.551115123125783e-17,not_significant,not_significant,,,ZERO_REGISTERED_BEDS
52018,São Patrício II,GO,0.5296803652968037,7.755506136052879,7.758219613483395,0.00271347743051642,0.3812785388127854,0.3744292237442922,-0.006849315068493178,0.5171232876712328,0.5136986301369864,-0.003424657534246478,-0.0125570776255709,-0.01598173515981738,-0.003424657534246478,low-high,low-high,,,ZERO_REGISTERED_BEDS
53001,Distrito Federal,DF,0.4984779299847793,8.561460685928902,8.629148204098886,0.06768751816998453,0.4840182648401826,0.4840182648401826,0.0,0.595890410958904,0.595890410958904,0.0,0.0974124809741247,0.09741248097412475,5.551115123125783e-17,not_significant,not_significant,CAPACITY_COMPONENT_LOW,CAPACITY_COMPONENT_LOW,
