release_id,method_version,geography_version,health_region_code,health_region_name,uf,municipality_count,population,area_km2,population_density,suicide_asmr,suicide_percentile,psychiatric_admission_rate,psychiatric_admission_percentile,caps_count,caps_rate,caps_percentile,mental_health_beds_sus_count,mental_health_beds_sus_rate,beds_percentile,psychiatrist_fte,psychiatrist_fte_rate,psychiatrist_fte_percentile,need_score,capacity_score,mismatch_score,lisa_local_i,lisa_p,lisa_q,lisa_significant,lisa_cluster,data_quality_flags
MDB_ANALYTICAL_2024_2,MDB_METHOD_1.1,BR_HEALTH_REGIONS_END2024_V1,11001,Vale do Jamari,RO,9,236275,32147.43959812211,7.3497299615053011,9.2728701138297644,0.55936073059360736,58.840129815154512,0.32876712328767121,4,1.6929425457623533,0.38127853881278539,0,0,0.31278538812785389,1.5,0.6348534546608825,0.041095890410958902,0.44406392694063929,0.2450532724505326,0.19901065449010669,0.075472334754154338,0.4325,0.46196472019464724,False,not_significant,ZERO_REGISTERED_BEDS
MDB_ANALYTICAL_2024_2,MDB_METHOD_1.1,BR_HEALTH_REGIONS_END2024_V1,11002,Café,RO,6,184948,16616.938586879991,11.13008867626356,8.8539732030156308,0.51141552511415522,70.543986623844603,0.4041095890410959,3,1.6220775569349222,0.34474885844748859,0,0,0.31278538812785389,8.625,4.6634729761879017,0.81963470319634701,0.45776255707762559,0.4923896499238965,-0.034627092846270913,-0.11252677800244401,0.040500000000000001,0.1177450331125828,False,not_significant,ZERO_REGISTERED_BEDS
MDB_ANALYTICAL_2024_2,MDB_METHOD_1.1,BR_HEALTH_REGIONS_END2024_V1,11003,Central,RO,14,354543,38447.705279818889,9.221434606296226,9.3937404945870373,0.57762557077625576,74.139350070056992,0.43378995433789952,6,1.6923194083651349,0.37671232876712329,6,1.6923194083651349,0.73287671232876717,6.4499999999999993,1.8192433639925201,0.1894977168949771,0.50570776255707761,0.4330289193302892,0.072678843226788414,0.26198004269094433,0.0094999999999999998,0.045829670329670329,True,high-high,
MDB_ANALYTICAL_2024_2,MDB_METHOD_1.1,BR_HEALTH_REGIONS_END2024_V1,11004,Madeira-Mamoré,RO,5,620294,81205.548161154613,7.63856674877694,7.2450183787840405,0.31278538812785389,124.38315638896056,0.67579908675799083,7,1.128497132005146,0.14611872146118721,0,0,0.31278538812785389,34.025000000000006,5.4853021309250138,0.89497716894977164,0.49429223744292239,0.4512937595129376,0.042998477929984791,0.090108255146826355,0.1081,0.21709452054794517,False,not_significant,ZERO_REGISTERED_BEDS
MDB_ANALYTICAL_2024_2,MDB_METHOD_1.1,BR_HEALTH_REGIONS_END2024_V1,11005,Zona da Mata,RO,8,137958,19852.935701481863,6.9489974719306895,10.916264697293334,0.74200913242009137,105.60731439152828,0.60273972602739723,2,1.4497165804085299,0.26255707762557079,0,0,0.31278538812785389,2.3500000000000001,1.7034169819800231,0.1529680365296803,0.67237442922374435,0.24277016742770169,0.42960426179604266,0.86657710957012946,0.16600000000000001,0.27396240601503763,False,not_significant,ZERO_REGISTERED_BEDS
MDB_ANALYTICAL_2024_2,MDB_METHOD_1.1,BR_HEALTH_REGIONS_END2024_V1,11006,Cone Sul,RO,7,168222,31663.372357556811,5.3128263818636476,9.3193473567200869,0.57077625570776258,134.35969209237228,0.70547945205479456,3,1.7833577058886472,0.40182648401826482,6,3.5667154117772943,0.85616438356164382,5.625,3.3437956985412129,0.591324200913242,0.63812785388127857,0.61643835616438358,0.02168949771689499,0.076085637665636432,0.046300000000000001,0.12739079754601229,False,not_significant,
MDB_ANALYTICAL_2024_2,MDB_METHOD_1.1,BR_HEALTH_REGIONS_END2024_V1,11007,Vale do Guaporé,RO,3,43987,20642.425169237358,2.1309027228812334,11.753074927143366,0.83105022831050224,41.595764794857253,0.2031963470319634,0,0,0.0022831050228309998,0,0,0.31278538812785389,0,0,0.0068493150684931,0.51712328767123283,0.1073059360730593,0.40981735159817356,1.279966908329611,0.095200000000000007,0.20287766990291262,False,not_significant,ZERO_REGISTERED_BEDS
MDB_ANALYTICAL_2024_2,MDB_METHOD_1.1,BR_HEALTH_REGIONS_END2024_V1,12001,Alto Acre,AC,4,75243,16451.771156851511,4.5735501231224136,8.3021006755044944,0.43835616438356162,45.694625505664789,0.2260273972602739,2,2.6580545698603193,0.72146118721461183,0,0,0.31278538812785389,0,0,0.0068493150684931,0.33219178082191775,0.34703196347031962,-0.014840182648401867,-0.12138919167668114,0.023699999999999999,0.083905645161290315,True,low-high,ZERO_REGISTERED_BEDS
MDB_ANALYTICAL_2024_2,MDB_METHOD_1.1,BR_HEALTH_REGIONS_END2024_V1,12002,Baixo Acre e Purus,AC,11,557753,70550.765740655959,7.9056973251048115,12.246122215681538,0.86301369863013699,176.1252328910127,0.79223744292237441,5,0.89645416519498777,0.082191780821917804,18,3.2272349947019556,0.82420091324200917,9.3750000000000018,1.6808515597406024,0.1484018264840182,0.82762557077625565,0.35159817351598172,0.47602739726027393,0.32292637529373402,0.37119999999999997,0.42326441558441558,False,not_significant,
MDB_ANALYTICAL_2024_2,MDB_METHOD_1.1,BR_HEALTH_REGIONS_END2024_V1,12003,Juruá e Tarauacá/Envira,AC,7,247635,83900.131604308714,2.9515448338972883,10.993825798009423,0.74885844748858443,58.412244073732246,0.32420091324200911,5,2.0191006925515373,0.4954337899543379,0,0,0.31278538812785389,3,1.2114604155309223,0.093607305936072999,0.5365296803652968,0.30060882800608829,0.23592085235920851,1.043560406340573,0.015699999999999999,0.064414018691588776,True,high-high,ZERO_REGISTERED_BEDS
MDB_ANALYTICAL_2024_2,MDB_METHOD_1.1,BR_HEALTH_REGIONS_END2024_V1,13001,"Manaus, Entorno e Alto Rio Negro",AM,12,2637590,371916.38863051299,7.0918896844321671,6.1902001105510962,0.20776255707762556,17.413602551373639,0.066210045662100397,17,0.6445277696685231,0.020547945205479399,0,0,0.31278538812785389,36.399999999999999,1.3800476950549554,0.11415525114155251,0.13698630136986298,0.14916286149162861,-0.012176560121765628,0.005002627670128784,0.40820000000000001,0.44912230576441103,False,not_significant,ZERO_REGISTERED_BEDS
MDB_ANALYTICAL_2024_2,MDB_METHOD_1.1,BR_HEALTH_REGIONS_END2024_V1,13002,Rio Negro e Solimões,AM,8,290125,159074.26624703797,1.8238336523233989,4.8956893981072609,0.089041095890410954,31.871258591382752,0.14611872146118721,4,1.3787160706591983,0.2351598173515981,0,0,0.31278538812785389,3.0499999999999998,1.0512710038776387,0.082191780821917804,0.11757990867579908,0.21004566210045661,-0.092465753424657529,0.15356706816430113,0.1835,0.29484836363636369,False,not_significant,ZERO_REGISTERED_BEDS
MDB_ANALYTICAL_2024_2,MDB_METHOD_1.1,BR_HEALTH_REGIONS_END2024_V1,13003,Rio Madeira,AM,5,201671,222565.76953983225,0.90611867412031322,5.5286989032105209,0.14155251141552511,9.3478692700482604,0.027397260273972601,5,2.479285569070417,0.65981735159817356,0,0,0.31278538812785389,4.125,2.0454105944830938,0.23972602739726021,0.084474885844748854,0.4041095890410959,-0.31963470319634701,-0.85084479100439525,0.026700000000000002,0.091203100775193793,True,low-high,ZERO_REGISTERED_BEDS
MDB_ANALYTICAL_2024_2,MDB_METHOD_1.1,BR_HEALTH_REGIONS_END2024_V1,13004,Médio Amazonas,AM,6,193073,58596.361194065263,3.2949656952342421,4.6985101539944889,0.073059360730593603,7.3482327500236195,0.015981735159817299,1,0.5179388107089028,0.013698630136986301,0,0,0.31278538812785389,1.75,0.90639291874058003,0.066210045662100397,0.044520547945205449,0.13089802130898021,-0.086377473363774757,-0.11371025772480373,0.29509999999999997,0.38215014749262527,False,not_significant,ZERO_REGISTERED_BEDS
MDB_ANALYTICAL_2024_2,MDB_METHOD_1.1,BR_HEALTH_REGIONS_END2024_V1,13005,Baixo Amazonas,AM,5,247981,68548.598040649871,3.6175940440524439,11.82572647589765,0.83789954337899542,57.582196558044473,0.32191780821917809,3,1.2097701033546926,0.1575342465753424,0,0,0.31278538812785389,2.25,0.90732757751601945,0.068493150684931503,0.57990867579908678,0.17960426179604261,0.40030441400304417,-0.44321688809010945,0.2555,0.35161285266457681,False,not_significant,ZERO_REGISTERED_BEDS
MDB_ANALYTICAL_2024_2,MDB_METHOD_1.1,BR_HEALTH_REGIONS_END2024_V1,13006,Regional Purus,AM,5,145791,255854.59753131983,0.56981973904984584,4.9578503158069305,0.10273972602739725,11.783434339700239,0.045662100456621002,2,1.3718267931490971,0.2214611872146118,0,0,0.31278538812785389,0,0,0.0068493150684931,0.074200913242009128,0.1803652968036529,-0.10616438356164377,-0.19069686361035035,0.12740000000000001,0.23401087866108788,False,not_significant,ZERO_REGISTERED_BEDS
MDB_ANALYTICAL_2024_2,MDB_METHOD_1.1,BR_HEALTH_REGIONS_END2024_V1,13007,Regional Juruá,AM,6,135866,96512.578237450376,1.4077543308990068,13.070066127187646,0.90410958904109584,18.501889659663902,0.070776255707762498,2,1.4720386262935541,0.27397260273972601,0,0,0.31278538812785389,1,0.73601931314677693,0.047945205479451997,0.48744292237442916,0.21156773211567731,0.27587519025875185,0.74272786412578939,0.099400000000000002,0.20764075829383885,False,not_significant,ZERO_REGISTERED_BEDS
MDB_ANALYTICAL_2024_2,MDB_METHOD_1.1,BR_HEALTH_REGIONS_END2024_V1,13008,Triângulo,AM,6,147618,135316.57936959065,1.0909084510391771,8.4751186647567405,0.46575342465753422,4.7840240932565763,0.0022831050228309998,1,0.67742416236502323,0.027397260273972601,0,0,0.31278538812785389,0.5,0.33871208118251162,0.022831050228310501,0.23401826484018262,0.1210045662100456,0.11301369863013702,0.17439199866777158,0.2077,0.31770139372822298,False,not_significant,ZERO_REGISTERED_BEDS
MDB_ANALYTICAL_2024_2,MDB_METHOD_1.1,BR_HEALTH_REGIONS_END2024_V1,13009,Alto Solimões,AM,9,281494,221419.05941389943,1.2713178384242083,18.415559854354282,0.99315068493150682,2.155562128689454,0,1,0.35524735873588781,0.0091324200913242004,0,0,0.31278538812785389,0.5,0.1776236793679439,0.015981735159817299,0.49657534246575341,0.11263318112633181,0.38394216133942161,1.3740456674503665,0.066600000000000006,0.16612159090909093,False,not_significant,ZERO_REGISTERED_BEDS
MDB_ANALYTICAL_2024_2,MDB_METHOD_1.1,BR_HEALTH_REGIONS_END2024_V1,14001,Centro Norte,RR,9,617613,111813.14262259264,5.5236172198884868,9.6234824147766087,0.60502283105022836,30.047557646434459,0.13698630136986301,9,1.4572232125942943,0.26712328767123289,11,1.7810505931708045,0.73972602739726023,20.899999999999999,3.383996127024528,0.60730593607305938,0.37100456621004568,0.53805175038051756,-0.16704718417047187,0.45437659596962759,0.24560000000000001,0.3455717948717949,False,not_significant,
MDB_ANALYTICAL_2024_2,MDB_METHOD_1.1,BR_HEALTH_REGIONS_END2024_V1,14002,Sul,RR,6,99180,113749.22596039952,0.8719180210907842,6.4325380649079493,0.23287671232876711,13.029584013386184,0.054794520547945202,2,2.0165355918531964,0.49315068493150682,0,0,0.31278538812785389,1.25,1.2603347449082476,0.1004566210045662,0.14383561643835616,0.30213089802130899,-0.15829528158295283,-0.045368657835995432,0.43180000000000002,0.46196472019464724,False,not_significant,ZERO_REGISTERED_BEDS
MDB_ANALYTICAL_2024_2,MDB_METHOD_1.1,BR_HEALTH_REGIONS_END2024_V1,15001,Araguaia,PA,15,476448,174379.9222392088,2.7322411541531935,9.9821561574681947,0.63698630136986301,59.705365182704696,0.33333333333333331,11,2.3087514272281551,0.60273972602739723,0,0,0.31278538812785389,5.9499999999999993,1.2488246356370474,0.098173515981735099,0.48515981735159819,0.33789954337899542,0.14726027397260277,0.15129144067783315,0.24679999999999999,0.34615079872204468,False,not_significant,ZERO_REGISTERED_BEDS
MDB_ANALYTICAL_2024_2,MDB_METHOD_1.1,BR_HEALTH_REGIONS_END2024_V1,15002,Baixo Amazonas,PA,14,858787,323268.79868575867,2.6565724978450671,8.2625885796813776,0.43378995433789952,7.413069987617428,0.018264840182648401,10,1.1644330899280031,0.1529680365296803,0,0,0.31278538812785389,5.4000000000000004,0.62879386856112174,0.038812785388127803,0.22602739726027396,0.1681887366818873,0.057838660578386658,-0.015379430954056392,0.44280000000000003,0.46616115107913675,False,not_significant,ZERO_REGISTERED_BEDS
MDB_ANALYTICAL_2024_2,MDB_METHOD_1.1,BR_HEALTH_REGIONS_END2024_V1,15003,Carajás,PA,17,1023333,68534.957954938422,14.931547790148777,6.8816978782776648,0.28082191780821919,53.449110968653926,0.28995433789954339,11,1.0749189169116993,0.12328767123287671,6,0.58631940922456327,0.66894977168949776,12.349999999999996,1.2068407839872255,0.091324200913242004,0.28538812785388129,0.29452054794520549,-0.0091324200913242004,0.015714487581830257,0.15029999999999999,0.25628108108108111,False,not_significant,
MDB_ANALYTICAL_2024_2,MDB_METHOD_1.1,BR_HEALTH_REGIONS_END2024_V1,15004,Lago de Tucuruí,PA,5,272793,30542.412861042612,8.9316126149271042,6.8369463841990896,0.26712328767123289,11.799253757400118,0.047945205479451997,5,1.8328916064561771,0.4223744292237443,0,0,0.31278538812785389,2.7999999999999998,1.0264192996154593,0.079908675799086698,0.15753424657534243,0.27168949771689499,-0.11415525114155256,0.086882505756414222,0.33829999999999999,0.40688684931506847,False,not_significant,ZERO_REGISTERED_BEDS
MDB_ANALYTICAL_2024_2,MDB_METHOD_1.1,BR_HEALTH_REGIONS_END2024_V1,15006,Metropolitana I,PA,5,2115846,1828.0133078337924,1157.4565627792344,4.0126649514524813,0.038812785388127852,88.609368559680703,0.52283105022831056,15,0.70893628364257133,0.036529680365296802,0,0,0.31278538812785389,38.174999999999983,1.8042428418703431,0.1803652968036529,0.28082191780821919,0.17656012176560121,0.10426179604261798,-0.19792723872462076,0.21179999999999999,0.32062137931034479,False,not_significant,ZERO_REGISTERED_BEDS
MDB_ANALYTICAL_2024_2,MDB_METHOD_1.1,BR_HEALTH_REGIONS_END2024_V1,15007,Metropolitana II,PA,9,380457,13759.219771492615,27.651059167487052,4.2288265757377363,0.043378995433789952,41.44741425455944,0.20091324200913241,8,2.1027343431715018,0.52511415525114158,0,0,0.31278538812785389,3.5,0.91994627513753202,0.070776255707762498,0.12214611872146118,0.30289193302891931,-0.18074581430745812,0.1113866317177109,0.37740000000000001,0.42636041131105401,False,not_significant,ZERO_REGISTERED_BEDS
MDB_ANALYTICAL_2024_2,MDB_METHOD_1.1,BR_HEALTH_REGIONS_END2024_V1,15008,Metropolitana III,PA,22,892465,49966.305772575171,17.861336478668473,5.3791802035277332,0.12785388127853881,41.233780568936375,0.1986301369863013,16,1.792787392222664,0.408675799086758,0,0,0.31278538812785389,7.5500000000000007,0.8459715507050698,0.059360730593607303,0.16324200913242004,0.26027397260273971,-0.097031963470319671,0.1069503599333376,0.23880000000000001,0.34147622149837137,False,not_significant,ZERO_REGISTERED_BEDS
MDB_ANALYTICAL_2024_2,MDB_METHOD_1.1,BR_HEALTH_REGIONS_END2024_V1,15009,Rio Caetés,PA,16,539914,17366.215430032302,31.089905695071511,4.5006645470865276,0.061643835616438353,105.57138266313564,0.6004566210045662,11,2.0373615057212815,0.50456621004566216,23,4.2599376937808611,0.8904109589041096,9.1750000000000007,1.6993447104538872,0.15068493150684931,0.33105022831050229,0.515220700152207,-0.18417047184170471,-0.16979409286485472,0.37240000000000001,0.42353264248704664,False,not_significant,
MDB_ANALYTICAL_2024_2,MDB_METHOD_1.1,BR_HEALTH_REGIONS_END2024_V1,15010,Tapajós,PA,6,268410,189783.49365043579,1.4142958106482495,9.2890142278904637,0.56621004566210043,7.5714269489799397,0.020547945205479399,3,1.1176930814798256,0.1347031963470319,0,0,0.31278538812785389,1.625,0.60541708580157216,0.036529680365296802,0.29337899543378992,0.16133942161339421,0.13203957382039572,0.24461621871758649,0.14069999999999999,0.24608486055776893,False,not_significant,ZERO_REGISTERED_BEDS
MDB_ANALYTICAL_2024_2,MDB_METHOD_1.1,BR_HEALTH_REGIONS_END2024_V1,15011,Tocantins,PA,10,840368,31606.992342248512,26.588040737957051,4.9424501359985884,0.095890410958904104,31.063456428792737,0.1438356164383561,12,1.4279458522932811,0.24657534246575341,0,0,0.31278538812785389,2.7000000000000002,0.32128781676598828,0.020547945205479399,0.1198630136986301,0.1933028919330288,-0.073439878234398695,0.11709838162312379,0.1552,0.26204923076923076,False,not_significant,ZERO_REGISTERED_BEDS
MDB_ANALYTICAL_2024_2,MDB_METHOD_1.1,BR_HEALTH_REGIONS_END2024_V1,15012,Xingu,PA,9,401229,243691.14287137333,1.6464652562763815,6.2490042584997925,0.21461187214611871,12.988798426499846,0.052511415525114097,9,2.2431080505147936,0.5821917808219178,0,0,0.31278538812785389,3.75,0.93462835438116398,0.073059360730593603,0.13356164383561642,0.32267884322678841,-0.189117199391172,-0.098924640002148609,0.37009999999999998,0.42310911458333328,False,not_significant,ZERO_REGISTERED_BEDS
MDB_ANALYTICAL_2024_2,MDB_METHOD_1.1,BR_HEALTH_REGIONS_END2024_V1,15013,Marajó I,PA,9,247452,37695.352131815896,6.5645228391736872,3.9887011003585999,0.036529680365296802,9.3707347878343423,0.029680365296803599,1,0.4041187785914036,0.0114155251141552,0,0,0.31278538812785389,0,0,0.0068493150684931,0.033105022831050199,0.1103500761035007,-0.077245053272450501,0.069868429719827332,0.29730000000000001,0.38274105571847511,False,not_significant,ZERO_REGISTERED_BEDS
MDB_ANALYTICAL_2024_2,MDB_METHOD_1.1,BR_HEALTH_REGIONS_END2024_V1,15014,Marajó II,PA,7,346804,65329.973097478782,5.3084975174034454,5.8218288050867022,0.17351598173515981,11.582353943110204,0.043378995433789903,5,1.4417365428311093,0.25570776255707761,0,0,0.31278538812785389,2.375,0.68482485784477687,0.043378995433789903,0.10844748858447485,0.20395738203957381,-0.095509893455098957,0.15237778300532162,0.19389999999999999,0.30185141843971625,False,not_significant,ZERO_REGISTERED_BEDS
MDB_ANALYTICAL_2024_2,MDB_METHOD_1.1,BR_HEALTH_REGIONS_END2024_V1,16001,Área Central,AP,7,542885,37137.531866111858,14.618230472536723,9.3901789435399134,0.57534246575342463,12.225920185735189,0.050228310502283102,5,0.92100536946130396,0.086757990867579904,0,0,0.31278538812785389,10.300000000000001,1.8972710610902861,0.2031963470319634,0.31278538812785384,0.20091324200913241,0.11187214611872143,0.038768705747320872,0.44280000000000003,0.46616115107913675,False,not_significant,ZERO_REGISTERED_BEDS
MDB_ANALYTICAL_2024_2,MDB_METHOD_1.1,BR_HEALTH_REGIONS_END2024_V1,16002,Área Norte,AP,5,68133,57300.716768437676,1.1890427178308691,12.250901746778556,0.86529680365296802,35.57364980706236,0.16894977168949771,1,1.4677175524342096,0.27168949771689499,0,0,0.31278538812785389,0,0,0.0068493150684931,0.51712328767123283,0.1971080669710806,0.3200152207001522,-0.19355118353539114,0.42370000000000002,0.45589289215686274,False,not_significant,ZERO_REGISTERED_BEDS
MDB_ANALYTICAL_2024_2,MDB_METHOD_1.1,BR_HEALTH_REGIONS_END2024_V1,16003,Área Sudoeste,AP,4,191819,48144.448199949962,3.9842392460985638,6.8023463693339909,0.26484018264840181,6.2553104979748424,0.0068493150684931,4,2.0852991622310615,0.52054794520547942,0,0,0.31278538812785389,2.75,1.4336431740338549,0.1210045662100456,0.13584474885844747,0.31811263318112631,-0.18226788432267885,-0.19854941566065043,0.28620000000000001,0.37643592814371257,False,not_significant,ZERO_REGISTERED_BEDS
MDB_ANALYTICAL_2024_2,MDB_METHOD_1.1,BR_HEALTH_REGIONS_END2024_V1,17001,Médio Norte Araguaia,TO,17,290868,32430.381960768387,8.9689970457908341,9.6691087119789252,0.6095890410958904,82.429031597027958,0.47945205479452052,4,1.3751942461872739,0.230593607305936,10,3.4379856154681847,0.84474885844748859,15.124999999999998,5.1999532433956297,0.88127853881278539,0.54452054794520544,0.65220700152207012,-0.10768645357686468,0.046706396302825366,0.39860000000000001,0.44300101265822783,False,not_significant,
MDB_ANALYTICAL_2024_2,MDB_METHOD_1.1,BR_HEALTH_REGIONS_END2024_V1,17002,Bico do Papagaio,TO,24,203285,14205.256702834007,14.310547443992604,6.4917150679393876,0.23972602739726026,25.122492676711285,0.1050228310502283,6,2.9515212632511005,0.77168949771689499,0,0,0.31278538812785389,5.625,2.7670511842979071,0.4452054794520548,0.1723744292237443,0.50989345509893458,-0.33751902587519028,0.48772385326210244,0.2374,0.34058366013071895,False,not_significant,ZERO_REGISTERED_BEDS
MDB_ANALYTICAL_2024_2,MDB_METHOD_1.1,BR_HEALTH_REGIONS_END2024_V1,17003,Sudeste,TO,15,89401,36428.834342583941,2.4541273859947141,13.468984390936667,0.92009132420091322,33.047785612702235,0.15525114155251141,2,2.2371114417064688,0.57762557077625576,0,0,0.31278538812785389,0.75,0.83891679063992575,0.057077625570776197,0.53767123287671237,0.31582952815829529,0.22184170471841708,0.41340099495867721,0.16089999999999999,0.2685745247148289,False,not_significant,ZERO_REGISTERED_BEDS
MDB_ANALYTICAL_2024_2,MDB_METHOD_1.1,BR_HEALTH_REGIONS_END2024_V1,17004,Cerrado Tocantins Araguaia,TO,23,156129,33211.635719970713,4.7010331353874575,12.347627924023156,0.86986301369863017,31.899702198082164,0.1484018264840182,3,1.9214880003074384,0.4497716894977169,0,0,0.31278538812785389,4.75,3.0423560004867767,0.51141552511415522,0.5091324200913242,0.42465753424657532,0.084474885844748882,0.18260553039752742,0.1265,0.2333340336134454,False,not_significant,ZERO_REGISTERED_BEDS
MDB_ANALYTICAL_2024_2,MDB_METHOD_1.1,BR_HEALTH_REGIONS_END2024_V1,17005,Ilha do Bananal,TO,18,184058,53977.550203448176,3.4098991026132577,11.181184229833192,0.76255707762557079,82.979414931573757,0.48401826484018262,3,1.6299210031620468,0.35159817351598172,0,0,0.31278538812785389,11.85,6.4381879624900851,0.954337899543379,0.62328767123287676,0.5395738203957382,0.083713850837138559,0.28809893900022132,0.021000000000000001,0.075565573770491806,True,high-high,ZERO_REGISTERED_BEDS
MDB_ANALYTICAL_2024_2,MDB_METHOD_1.1,BR_HEALTH_REGIONS_END2024_V1,17006,Capim Dourado,TO,14,398580,29774.04811649365,13.386825951261978,10.187416728477523,0.65753424657534243,100.36968937107029,0.57990867579908678,4,1.0035626473982635,0.1073059360730593,11,2.7597972803452255,0.79908675799086759,18.375,4.6101159114857744,0.80821917808219179,0.61872146118721461,0.57153729071537296,0.047184170471841647,0.22298101513160323,0.010999999999999999,0.050236082474226812,True,high-high,
MDB_ANALYTICAL_2024_2,MDB_METHOD_1.1,BR_HEALTH_REGIONS_END2024_V1,17007,Cantão,TO,15,132080,41729.453975320161,3.1651504493232863,12.135502217944968,0.85844748858447484,65.156362544254151,0.37214611872146119,1,0.75711689884918232,0.041095890410958902,0,0,0.31278538812785389,2.0750000000000002,1.5710175651120537,0.139269406392694,0.61529680365296802,0.16438356164383561,0.45091324200913241,1.0875134854677129,0.0608,0.15339770114942528,False,not_significant,ZERO_REGISTERED_BEDS
MDB_ANALYTICAL_2024_2,MDB_METHOD_1.1,BR_HEALTH_REGIONS_END2024_V1,17008,Amor Perfeito,TO,13,122941,37037.359943044605,3.3193780601278409,11.724516322437232,0.82876712328767121,74.836346889768521,0.4406392694063927,1,0.81339829674396658,0.052511415525114097,0,0,0.31278538812785389,1.75,1.4234470193019415,0.11872146118721461,0.63470319634703198,0.16133942161339421,0.47336377473363778,0.66943176837556284,0.1832,0.29484836363636369,False,not_significant,ZERO_REGISTERED_BEDS
MDB_ANALYTICAL_2024_2,MDB_METHOD_1.1,BR_HEALTH_REGIONS_END2024_V1,21001,Açailândia,MA,8,267609,18869.973790002041,14.181736709236365,8.3253870604673157,0.4452054794520548,36.929635412794013,0.17351598173515981,6,2.2420770601885587,0.57990867579908678,0,0,0.31278538812785389,6.0499999999999998,2.26076103569013,0.31050228310502281,0.3093607305936073,0.4010654490106545,-0.091704718417047193,0.055264853902608782,0.35639999999999999,0.4138646437994723,False,not_significant,ZERO_REGISTERED_BEDS
MDB_ANALYTICAL_2024_2,MDB_METHOD_1.1,BR_HEALTH_REGIONS_END2024_V1,21002,Bacabal,MA,11,262638,10461.584226484754,25.104993117113221,7.8960941756011351,0.38812785388127852,71.114665438399143,0.408675799086758,5,1.903761070370624,0.44292237442922372,0,0,0.31278538812785389,5.4750000000000005,2.084618372055834,0.24657534246575341,0.39840182648401823,0.33409436834094369,0.064307458143074536,-0.022621796072121062,0.42099999999999999,0.45420859950859949,False,not_significant,ZERO_REGISTERED_BEDS
MDB_ANALYTICAL_2024_2,MDB_METHOD_1.1,BR_HEALTH_REGIONS_END2024_V1,21003,Balsas,MA,13,240911,56085.648159430282,4.2954126038658078,8.876795166915274,0.5182648401826484,20.212186136113043,0.075342465753424598,3,1.2452731506655983,0.17351598173515981,0,0,0.31278538812785389,3.5499999999999998,1.4735732282876248,0.1301369863013698,0.29680365296803651,0.20547945205479451,0.091324200913242004,0.012672438793031725,0.46510000000000001,0.48258938679245289,False,not_significant,ZERO_REGISTERED_BEDS
MDB_ANALYTICAL_2024_2,MDB_METHOD_1.1,BR_HEALTH_REGIONS_END2024_V1,21004,Barra do Corda,MA,6,233267,25587.90230543747,9.1163002428077249,6.6863675882495102,0.25570776255707761,36.110756849938312,0.1712328767123287,4,1.71477319980966,0.38812785388127852,0,0,0.31278538812785389,4.5499999999999998,1.9505545147834884,0.21917808219178081,0.21347031963470314,0.30669710806697109,-0.093226788432267949,0.035442190564150086,0.40100000000000002,0.44454292929292932,False,not_significant,ZERO_REGISTERED_BEDS
MDB_ANALYTICAL_2024_2,MDB_METHOD_1.1,BR_HEALTH_REGIONS_END2024_V1,21005,Caxias,MA,7,294925,11928.08812545398,24.725253275975039,9.2790764977986626,0.56164383561643838,30.56989733703481,0.14155251141552511,9,3.0516232940578112,0.79908675799086759,0,0,0.31278538812785389,5.6499999999999995,1.9157412901585145,0.20547945205479451,0.35159817351598177,0.439117199391172,-0.087519025875190226,-0.01421087949729055,0.46289999999999998,0.48154763033175357,False,not_significant,ZERO_REGISTERED_BEDS
MDB_ANALYTICAL_2024_2,MDB_METHOD_1.1,BR_HEALTH_REGIONS_END2024_V1,21006,Chapadinha,MA,13,362662,14977.565893387362,24.21368081979972,3.4458516247729323,0.015981735159817351,45.765160398616388,0.230593607305936,1,0.27573884222774919,0.0068493150684931,0,0,0.31278538812785389,4.9749999999999996,1.3718007400830523,0.1118721461187214,0.12328767123287668,0.1438356164383561,-0.020547945205479423,-0.00700882069632929,0.42099999999999999,0.45420859950859949,False,not_significant,ZERO_REGISTERED_BEDS
MDB_ANALYTICAL_2024_2,MDB_METHOD_1.1,BR_HEALTH_REGIONS_END2024_V1,21007,Codó,MA,6,292603,10282.803984214022,28.455565276669567,5.6510955760067008,0.15753424657534246,92.776267422487024,0.54109589041095896,5,1.7087999781273602,0.38584474885844749,0,0,0.31278538812785389,6.6999999999999993,2.2897919706906622,0.32420091324200911,0.34931506849315069,0.34094368340943682,0.0083713850837138781,-0.0078091416017792795,0.28870000000000001,0.37720029761904761,False,not_significant,ZERO_REGISTERED_BEDS
MDB_ANALYTICAL_2024_2,MDB_METHOD_1.1,BR_HEALTH_REGIONS_END2024_V1,21008,Imperatriz,MA,16,558378,32166.719882140758,17.358872836456548,7.4433488945574267,0.33333333333333331,19.637108627336172,0.073059360730593603,9,1.6118113535991749,0.33789954337899542,0,0,0.31278538812785389,13.074999999999999,2.3416037164788008,0.34246575342465752,0.20319634703196346,0.33105022831050229,-0.12785388127853883,0.13988780079177074,0.25469999999999998,0.35161285266457681,False,not_significant,ZERO_REGISTERED_BEDS
MDB_ANALYTICAL_2024_2,MDB_METHOD_1.1,BR_HEALTH_REGIONS_END2024_V1,21009,Itapecuru Mirim,MA,14,367731,13230.345041384588,27.794513208063396,4.3909780240136751,0.050228310502283102,82.943092879947358,0.4817351598173516,5,1.359689555680647,0.21004566210045661,0,0,0.31278538812785389,8,2.1755032890890353,0.29223744292237441,0.26598173515981738,0.27168949771689488,-0.0057077625570775004,0.0011942612475108224,0.4491,0.47166244019138753,False,not_significant,ZERO_REGISTERED_BEDS
MDB_ANALYTICAL_2024_2,MDB_METHOD_1.1,BR_HEALTH_REGIONS_END2024_V1,21010,Pedreiras,MA,13,212107,6167.4703418424333,34.391247666160062,4.6451651499015059,0.068493150684931503,71.813004568496154,0.4132420091324201,6,2.8287609555554507,0.74200913242009137,0,0,0.31278538812785389,3.7749999999999999,1.7797621012036378,0.17351598173515981,0.2408675799086758,0.40943683409436832,-0.16856925418569252,0.092860654115698965,0.38869999999999999,0.43753666666666663,False,not_significant,ZERO_REGISTERED_BEDS
MDB_ANALYTICAL_2024_2,MDB_METHOD_1.1,BR_HEALTH_REGIONS_END2024_V1,21011,Pinheiro,MA,17,403256,17336.532144237219,23.26047658464643,3.5671687089716064,0.020547945205479451,58.682576165093643,0.32648401826484019,12,2.9757771738052252,0.78310502283105021,0,0,0.31278538812785389,4.9750000000000005,1.2337076199734165,0.095890410958904104,0.17351598173515981,0.39726027397260272,-0.22374429223744291,-0.2789396187102835,0.30719999999999997,0.38753103448275855,False,not_significant,ZERO_REGISTERED_BEDS
MDB_ANALYTICAL_2024_2,MDB_METHOD_1.1,BR_HEALTH_REGIONS_END2024_V1,21012,Presidente Dutra,MA,16,281722,12780.446734478215,22.043204424145021,6.8669903953036382,0.27397260273972601,68.918963572079321,0.3949771689497717,9,3.1946386863645722,0.82648401826484019,0,0,0.31278538812785389,5.0999999999999996,1.8102952556065903,0.18721461187214611,0.33447488584474883,0.44216133942161329,-0.10768645357686446,0.092473970569412825,0.30120000000000002,0.38438023255813952,False,not_significant,ZERO_REGISTERED_BEDS
MDB_ANALYTICAL_2024_2,MDB_METHOD_1.1,BR_HEALTH_REGIONS_END2024_V1,21013,Rosário,MA,12,296395,13917.581992032236,21.296443604189651,4.0571462227195569,0.041095890410958902,85.832262779814869,0.50456621004566216,6,2.0243256465190034,0.49771689497716892,0,0,0.31278538812785389,6.5,2.1930194503955871,0.29908675799086759,0.27283105022831056,0.36986301369863012,-0.09703196347031956,0.0053928359457911749,0.48320000000000002,0.49318747099767984,False,not_significant,ZERO_REGISTERED_BEDS
MDB_ANALYTICAL_2024_2,MDB_METHOD_1.1,BR_HEALTH_REGIONS_END2024_V1,21014,Santa Inês,MA,13,355484,19612.641499439345,18.125248453155177,4.8742265375083438,0.084474885844748854,93.479676309180562,0.55022831050228316,3,0.84391983886757216,0.066210045662100397,0,0,0.31278538812785389,4.5500000000000007,1.2799450889491513,0.1027397260273972,0.31735159817351599,0.1605783866057838,0.15677321156773219,-0.090352972072097554,0.35060000000000002,0.4125895721925133,False,not_significant,ZERO_REGISTERED_BEDS
MDB_ANALYTICAL_2024_2,MDB_METHOD_1.1,BR_HEALTH_REGIONS_END2024_V1,21015,São João dos Patos,MA,15,239209,27456.674062678299,8.7122351182787803,9.4807726247393003,0.591324200913242,44.660869565217389,0.2123287671232876,8,3.3443557725670856,0.84703196347031962,0,0,0.31278538812785389,4.75,1.9857112399617072,0.2351598173515981,0.40182648401826482,0.4649923896499239,-0.063165905631659081,-0.023423870456386907,0.4047,0.4475146095717884,False,not_significant,ZERO_REGISTERED_BEDS
MDB_ANALYTICAL_2024_2,MDB_METHOD_1.1,BR_HEALTH_REGIONS_END2024_V1,21016,São Luís,MA,5,1548605,2168.0023324003505,714.30043079586017,4.8408603265803647,0.079908675799086754,311.21539134669081,0.95890410958904104,9,0.58116821268173613,0.015981735159817299,0,0,0.31278538812785389,54.95000000000001,3.5483548096512671,0.63470319634703198,0.51940639269406386,0.32115677321156771,0.19824961948249614,-0.57424808064426269,0.1132,0.22185178571428571,False,not_significant,ZERO_REGISTERED_BEDS
MDB_ANALYTICAL_2024_2,MDB_METHOD_1.1,BR_HEALTH_REGIONS_END2024_V1,21017,Timon,MA,4,260150,9566.6041506707716,27.1935574946685,8.625892836579057,0.4817351598173516,62.553253927597829,0.35844748858447489,5,1.9219680953296177,0.45205479452054792,0,0,0.31278538812785389,4.6999999999999993,1.8066500096098403,0.18264840182648401,0.42009132420091322,0.31582952815829529,0.10426179604261793,-0.12236948111734583,0.28270000000000001,0.37381114457831327,False,not_significant,ZERO_REGISTERED_BEDS
MDB_ANALYTICAL_2024_2,MDB_METHOD_1.1,BR_HEALTH_REGIONS_END2024_V1,21018,Viana,MA,11,263951,6310.0435552917197,41.830297633785079,4.6220048770942004,0.063926940639269403,65.605373584753323,0.37442922374429222,8,3.0308655773230639,0.79452054794520544,0,0,0.31278538812785389,3.3999999999999999,1.288117870362302,0.1050228310502283,0.21917808219178081,0.4041095890410959,-0.18493150684931509,-0.12333733033668288,0.3503,0.4125895721925133,False,not_significant,ZERO_REGISTERED_BEDS
MDB_ANALYTICAL_2024_2,MDB_METHOD_1.1,BR_HEALTH_REGIONS_END2024_V1,21019,Zé Doca,MA,17,269357,24640.520131664001,10.931465673643229,7.1580617213547191,0.31050228310502281,91.325999355056283,0.5365296803652968,3,1.1137635183047034,0.13242009132420091,0,0,0.31278538812785389,5.2000000000000002,1.9305234317281528,0.2123287671232876,0.42351598173515981,0.21917808219178081,0.204337899543379,-0.36564049723530562,0.1399,0.2456644,False,not_significant,ZERO_REGISTERED_BEDS
MDB_ANALYTICAL_2024_2,MDB_METHOD_1.1,BR_HEALTH_REGIONS_END2024_V1,22001,Carnaubais,PI,15,163128,19561.24637171211,8.3393459138627541,12.658798383706014,0.88812785388127857,45.340173844846746,0.2168949771689497,4,2.4520621842969939,0.64840182648401823,0,0,0.31278538812785389,2.9500000000000002,1.8083958609190331,0.184931506849315,0.55251141552511418,0.38203957382039572,0.17047184170471846,-0.12261082141111401,0.36199999999999999,0.41710761154855647,False,not_significant,ZERO_REGISTERED_BEDS
MDB_ANALYTICAL_2024_2,MDB_METHOD_1.1,BR_HEALTH_REGIONS_END2024_V1,22002,Chapada das Mangabeiras,PI,21,191296,51546.553909290589,3.7111307253756376,10.999679187233513,0.75114155251141557,10.671070378333178,0.034246575342465703,6,3.1365005018400804,0.82191780821917804,8,4.1820006691201073,0.88356164383561642,1.7,0.88867514218802268,0.061643835616438297,0.39269406392694062,0.58904109589041098,-0.19634703196347036,-0.22980572055227508,0.21790000000000001,0.32465236486486493,False,not_significant,
MDB_ANALYTICAL_2024_2,MDB_METHOD_1.1,BR_HEALTH_REGIONS_END2024_V1,22003,Cocais,PI,23,412198,18500.972404171134,22.279801893389553,10.61546278604999,0.70319634703196343,33.726293293899509,0.1575342465753424,9,2.1834167075046458,0.5547945205479452,0,0,0.31278538812785389,7.0999999999999996,1.7224731803647759,0.1621004566210045,0.43036529680365293,0.34322678843226789,0.087138508371385037,0.030292353608303752,0.42059999999999997,0.45420859950859949,False,not_significant,ZERO_REGISTERED_BEDS
MDB_ANALYTICAL_2024_2,MDB_METHOD_1.1,BR_HEALTH_REGIONS_END2024_V1,22004,Entre Rios,PI,31,1291212,19653.018926020253,65.700440469756927,8.4198196077440901,0.45662100456621002,97.610017807547962,0.56849315068493156,17,1.3165924728084932,0.19178082191780821,10,0.77446616047558414,0.68036529680365299,51,3.9497774184254792,0.71004566210045661,0.51255707762557079,0.5273972602739726,-0.014840182648401812,-0.008261728701530394,0.35909999999999997,0.41485499999999992,False,not_significant,
MDB_ANALYTICAL_2024_2,MDB_METHOD_1.1,BR_HEALTH_REGIONS_END2024_V1,22005,Planície Litorânea,PI,11,302242,6326.5749972682934,47.77340032015789,7.7354227797458472,0.36757990867579909,261.84955250255581,0.92922374429223742,5,1.6543035051382668,0.36529680365296802,0,0,0.31278538812785389,10.625,3.5153949484188165,0.62557077625570778,0.64840182648401823,0.4345509893455099,0.21385083713850833,-0.089956069772577668,0.42820000000000003,0.45960831295843524,False,not_significant,ZERO_REGISTERED_BEDS
MDB_ANALYTICAL_2024_2,MDB_METHOD_1.1,BR_HEALTH_REGIONS_END2024_V1,22006,Serra da Capivara,PI,20,161950,27092.679129584281,5.9776295738562126,11.524071110221314,0.80821917808219179,28.336346224647244,0.1255707762557077,2,1.2349490583513429,0.16894977168949771,9,5.5572707625810436,0.93378995433789957,3.3500000000000001,2.0685396727384995,0.24429223744292231,0.46689497716894973,0.44901065449010652,0.017884322678843212,0.01398579442605828,0.33929999999999999,0.40697459016393439,False,not_significant,
MDB_ANALYTICAL_2024_2,MDB_METHOD_1.1,BR_HEALTH_REGIONS_END2024_V1,22007,Tabuleiros do Alto Parnaíba,PI,5,54354,24307.624623210264,2.2360885048430359,8.706929274675419,0.4908675799086758,47.811535619594032,0.24200913242009131,1,1.8397909997424291,0.42465753424657532,0,0,0.31278538812785389,1,1.8397909997424291,0.1940639269406392,0.36643835616438358,0.31050228310502281,0.055936073059360769,-0.01270955211999435,0.45269999999999999,0.47247244655581949,False,not_significant,ZERO_REGISTERED_BEDS
MDB_ANALYTICAL_2024_2,MDB_METHOD_1.1,BR_HEALTH_REGIONS_END2024_V1,22008,Vale do Canindé,PI,14,109515,11969.592432059017,9.1494343371857951,13.442742663857388,0.9178082191780822,55.178721134059906,0.29680365296803651,3,2.7393507738665939,0.73287671232876717,0,0,0.31278538812785389,2.2999999999999998,2.100168926631055,0.25570776255707761,0.60730593607305938,0.43378995433789957,0.17351598173515981,0.26366899822544498,0.20999999999999999,0.3197560553633218,False,not_significant,ZERO_REGISTERED_BEDS
MDB_ANALYTICAL_2024_2,MDB_METHOD_1.1,BR_HEALTH_REGIONS_END2024_V1,22009,Vale do Rio Guaribas,PI,26,244113,12088.325908680146,20.194111396741228,15.105577488146812,0.96803652968036524,48.124050677906553,0.24429223744292231,4,1.6385854092162235,0.35844748858447489,0,0,0.31278538812785389,3.1499999999999999,1.2903860097577762,0.1073059360730593,0.60616438356164382,0.25951293759512939,0.34665144596651443,0.042612236528893066,0.47539999999999999,0.48876018735362997,False,not_significant,ZERO_REGISTERED_BEDS
MDB_ANALYTICAL_2024_2,MDB_METHOD_1.1,BR_HEALTH_REGIONS_END2024_V1,22010,Vale do Sambito,PI,14,104555,13736.222432756917,7.6116268873650874,13.868551470174111,0.9452054794520548,44.233425194595249,0.21004566210045661,5,4.7821720625508108,0.94977168949771684,0,0,0.31278538812785389,4.5999999999999996,4.3995982975467456,0.76940639269406397,0.57762557077625565,0.6773211567732117,-0.099695585996956049,-0.17265178942139897,0.13689999999999999,0.24322016129032256,False,not_significant,ZERO_REGISTERED_BEDS
MDB_ANALYTICAL_2024_2,MDB_METHOD_1.1,BR_HEALTH_REGIONS_END2024_V1,22011,Vale dos Rios Piauí e Itaueiras,PI,28,211101,39107.814471399492,5.3979237360447065,11.687721604103718,0.82420091324200917,40.723489087525508,0.19634703196347031,5,2.3685344929678211,0.63013698630136983,0,0,0.31278538812785389,4.3499999999999996,2.060625008882004,0.24200913242009131,0.51027397260273977,0.39497716894977158,0.11529680365296818,-0.035863025479939734,0.42109999999999997,0.45420859950859949,False,not_significant,ZERO_REGISTERED_BEDS
MDB_ANALYTICAL_2024_2,MDB_METHOD_1.1,BR_HEALTH_REGIONS_END2024_V1,22012,Chapada Vale do Rio Itaim,PI,16,129982,12561.278242096716,10.347832242453658,15.499130183625514,0.97031963470319638,60.01862116195025,0.33789954337899542,6,4.6160237571356033,0.93835616438356162,4,3.0773491714237351,0.81278538812785384,0.5,0.38466864642796689,0.025114155251141499,0.65410958904109595,0.59208523592085227,0.06202435312024368,0.093276779519128689,0.17069999999999999,0.2796167910447761,False,not_significant,
MDB_ANALYTICAL_2024_2,MDB_METHOD_1.1,BR_HEALTH_REGIONS_END2024_V1,23001,1ª RS Fortaleza,CE,44,4811949,20899.190691993885,230.24571003332551,6.2083376360840807,0.21004566210045661,165.61805831483261,0.76484018264840181,68,1.4131488093493925,0.24200913242009131,49,1.0182984067370622,0.69178082191780821,155.09999999999991,3.2232261813248626,0.55707762557077622,0.48744292237442921,0.4969558599695586,-0.0095129375951293893,0.00033173923541969145,0.49390000000000001,0.49945080459770114,False,not_significant,
MDB_ANALYTICAL_2024_2,MDB_METHOD_1.1,BR_HEALTH_REGIONS_END2024_V1,23011,5ª  RS Sobral,CE,55,1717810,47978.981944508523,35.803385782274056,9.6202305826823995,0.60273972602739723,69.789743034439297,0.39726027397260272,53,3.0853237552465056,0.81050228310502281,20,1.1642731151873609,0.70547945205479456,44.749999999999993,2.605061095231719,0.4041095890410959,0.5,0.64003044140030452,-0.14003044140030452,-0.1670970528808928,0.24790000000000001,0.34658630573248411,False,not_significant,
MDB_ANALYTICAL_2024_2,MDB_METHOD_1.1,BR_HEALTH_REGIONS_END2024_V1,23023,2ª RS Cariri,CE,45,1509109,33184.833387375191,45.475864904421194,10.391975265570775,0.67808219178082196,67.424787461249579,0.3904109589041096,41,2.7168349005936618,0.72831050228310501,8,0.53011412694510474,0.66438356164383561,56.75,3.760497088016836,0.67351598173515981,0.53424657534246578,0.68873668188736692,-0.15449010654490114,-0.17869482242078269,0.19270000000000001,0.30183202846975093,False,not_significant,
MDB_ANALYTICAL_2024_2,MDB_METHOD_1.1,BR_HEALTH_REGIONS_END2024_V1,23024,3ª RS Sertão Central,CE,20,642839,32833.043666712307,19.579025524573609,10.955722342939403,0.74657534246575341,129.64516388738116,0.69406392694063923,20,3.111198916058298,0.81735159817351599,13,2.0222792954378934,0.76027397260273977,17.324999999999999,2.6950760610355,0.42009132420091322,0.72031963470319638,0.66590563165905636,0.054414003044140014,0.0034986049115447232,0.48420000000000002,0.49318747099767984,False,not_significant,
MDB_ANALYTICAL_2024_2,MDB_METHOD_1.1,BR_HEALTH_REGIONS_END2024_V1,23025,4ª RS Litoral Leste/Jaguaribe,CE,20,551949,18699.177310394651,29.517287891226001,9.0842841879080467,0.545662100456621,95.627827879599778,0.55707762557077622,15,2.7176423908730696,0.73059360730593603,0,0,0.31278538812785389,13.65,2.4730545756944933,0.37214611872146119,0.55136986301369861,0.47184170471841708,0.079528158295281537,0.0017680042551691314,0.49990000000000001,0.49989999999999996,False,not_significant,ZERO_REGISTERED_BEDS
MDB_ANALYTICAL_2024_2,MDB_METHOD_1.1,BR_HEALTH_REGIONS_END2024_V1,24001,1ª Região de Saúde - São José de Mipibu,RN,27,395062,3986.404641942439,99.10233292511414,5.3834324023114899,0.13013698630136986,107.27237082972292,0.6095890410958904,6,1.5187489558600928,0.28995433789954339,0,0,0.31278538812785389,14.675000000000001,3.7146068212078101,0.66210045662100458,0.36986301369863012,0.42161339421613392,-0.051750380517503802,0.14592379618023177,0.083299999999999999,0.18469040404040404,False,not_significant,ZERO_REGISTERED_BEDS
MDB_ANALYTICAL_2024_2,MDB_METHOD_1.1,BR_HEALTH_REGIONS_END2024_V1,24002,2ª Região de Saúde - Mossoró,RN,14,470108,10924.438043605503,43.032694050123013,8.9652777734793485,0.53196347031963476,113.72959917597539,0.65068493150684936,9,1.9144537000008508,0.4452054794520548,0,0,0.31278538812785389,20.5,4.3607000944463827,0.76255707762557079,0.591324200913242,0.50684931506849318,0.084474885844748826,0.0012151608193422727,0.49840000000000001,0.49953789954337902,False,not_significant,ZERO_REGISTERED_BEDS
MDB_ANALYTICAL_2024_2,MDB_METHOD_1.1,BR_HEALTH_REGIONS_END2024_V1,24003,3ª Região de Saúde - João Câmara,RN,26,350450,11198.958940339378,31.293087318827137,5.5176388114355328,0.13926940639269406,114.76686013897952,0.65525114155251141,7,1.9974318733057497,0.4863013698630137,0,0,0.31278538812785389,14.574999999999999,4.1589385076330432,0.73059360730593603,0.39726027397260272,0.50989345509893458,-0.11263318112633186,0.10163163216317322,0.32979999999999998,0.40105872576177282,False,not_significant,ZERO_REGISTERED_BEDS
MDB_ANALYTICAL_2024_2,MDB_METHOD_1.1,BR_HEALTH_REGIONS_END2024_V1,24004,4ª Região de Saúde - Caicó,RN,25,306280,11279.429170828857,27.153856401892135,11.526620431762796,0.81050228310502281,59.202507400313429,0.33105022831050229,7,2.2854904009403163,0.59817351598173518,0,0,0.31278538812785389,11.6,3.7873840929868101,0.68036529680365299,0.57077625570776258,0.53044140030441411,0.040334855403348469,-0.049200798903818337,0.18290000000000001,0.29484836363636369,False,not_significant,ZERO_REGISTERED_BEDS
MDB_ANALYTICAL_2024_2,MDB_METHOD_1.1,BR_HEALTH_REGIONS_END2024_V1,24005,5ª Região de Saúde - Santa Cruz,RN,21,191229,5303.3734230606879,36.057992667172535,6.3122068130213274,0.22146118721461186,84.693040009619452,0.4954337899543379,5,2.6146661855680886,0.70319634703196343,0,0,0.31278538812785389,4.8500000000000005,2.536226200001046,0.3949771689497717,0.35844748858447489,0.47031963470319632,-0.11187214611872143,0.15288036794698237,0.20549999999999999,0.31543531468531472,False,not_significant,ZERO_REGISTERED_BEDS
MDB_ANALYTICAL_2024_2,MDB_METHOD_1.1,BR_HEALTH_REGIONS_END2024_V1,24006,6ª Região de Saúde - Pau dos Ferros,RN,37,249873,5468.4749364762065,45.693361111208453,9.6862155095320315,0.61187214611872143,56.593020105204296,0.31278538812785389,6,2.4012198196683916,0.64155251141552516,0,0,0.31278538812785389,5.8000000000000007,2.3211791590127788,0.33789954337899542,0.46232876712328763,0.43074581430745812,0.031582952815829513,-0.053141308121878526,0.15659999999999999,0.26340000000000002,False,not_significant,ZERO_REGISTERED_BEDS
MDB_ANALYTICAL_2024_2,MDB_METHOD_1.1,BR_HEALTH_REGIONS_END2024_V1,24007,7ª Região de Saúde - Metropolitana,RN,5,1331299,1254.8552191560077,1060.9184069022774,5.8680713290939179,0.17808219178082191,158.04493713385042,0.74885844748858443,15,1.1267190916540912,0.1438356164383561,11,0.82626066721300029,0.68721461187214616,74.174999999999969,5.5716259082294792,0.90182648401826482,0.4634703196347032,0.57762557077625576,-0.11415525114155256,0.18063201368601584,0.25109999999999999,0.3499457142857143,False,not_significant,
MDB_ANALYTICAL_2024_2,MDB_METHOD_1.1,BR_HEALTH_REGIONS_END2024_V1,24008,8ª Região de Saúde - Açu,RN,12,151770,5804.7594831915076,26.145786132822771,5.6272382891827606,0.15525114155251141,42.428399328180369,0.20547945205479451,1,0.65889174408644657,0.022831050228310501,0,0,0.31278538812785389,3.25,2.1413981682809515,0.27853881278538811,0.18036529680365296,0.2047184170471841,-0.024353120243531146,-0.0016985048853487346,0.48880000000000001,0.49668845265588918,False,not_significant,ZERO_REGISTERED_BEDS
MDB_ANALYTICAL_2024_2,MDB_METHOD_1.1,BR_HEALTH_REGIONS_END2024_V1,25001,1ª Região Mata Atlântica,PB,14,1413337,2621.1147180918647,539.21218718305079,5.9767175163956416,0.18493150684931506,77.461213486054362,0.45205479452054792,18,1.2735816015571657,0.18264840182648401,0,0,0.31278538812785389,74.550000000000011,5.2747504664492624,0.88584474885844744,0.3184931506849315,0.46042617960426169,-0.14193302891933018,0.63941991213863569,0.0132,0.056260194174757285,True,low-low,ZERO_REGISTERED_BEDS
MDB_ANALYTICAL_2024_2,MDB_METHOD_1.1,BR_HEALTH_REGIONS_END2024_V1,25002,2ª Região,PB,25,300389,3218.9455487375544,93.319068450166938,4.791511921744271,0.077625570776255703,81.096522612173345,0.4680365296803653,15,4.9935250625022887,0.95890410958904104,0,0,0.31278538812785389,9.4499999999999993,3.1459207893764423,0.53881278538812782,0.2728310502283105,0.60350076103500749,-0.33066971080669699,0.22177075931381346,0.32840000000000003,0.40083138888888886,False,not_significant,ZERO_REGISTERED_BEDS
MDB_ANALYTICAL_2024_2,MDB_METHOD_1.1,BR_HEALTH_REGIONS_END2024_V1,25003,3ª Região,PB,12,196705,1715.3367619481232,114.67427525811338,9.9914466555330481,0.63926940639269403,205.58072735853381,0.86529680365296802,6,3.050252916804352,0.79680365296803657,0,0,0.31278538812785389,4.5999999999999996,2.3385272362166698,0.34018264840182649,0.75228310502283102,0.4832572298325723,0.26902587519025872,-0.54046728163849878,0.16289999999999999,0.27088295454545452,False,not_significant,ZERO_REGISTERED_BEDS
MDB_ANALYTICAL_2024_2,MDB_METHOD_1.1,BR_HEALTH_REGIONS_END2024_V1,25004,4ª Região,PB,12,108291,4116.6724046670506,26.305469407094684,10.64254179697951,0.71461187214611877,110.2213355254448,0.62100456621004563,5,4.6171888707279463,0.94063926940639264,0,0,0.31278538812785389,3.1000000000000005,2.8626570998513268,0.47488584474885842,0.6678082191780822,0.576103500761035,0.091704718417047193,-0.041973306761475024,0.39839999999999998,0.44300101265822783,False,not_significant,ZERO_REGISTERED_BEDS
MDB_ANALYTICAL_2024_2,MDB_METHOD_1.1,BR_HEALTH_REGIONS_END2024_V1,25005,5ª Região,PB,17,115220,7759.5007908814778,14.848893389559285,8.121935868137081,0.4178082191780822,96.748045428001163,0.5639269406392694,7,6.0753341433778862,0.98401826484018262,0,0,0.31278538812785389,4.8499999999999996,4.2093386564832489,0.73972602739726023,0.4908675799086758,0.67884322678843223,-0.18797564687975643,0.75023889655713982,0.0149,0.062296190476190477,True,low-low,ZERO_REGISTERED_BEDS
MDB_ANALYTICAL_2024_2,MDB_METHOD_1.1,BR_HEALTH_REGIONS_END2024_V1,25006,6ª Região,PB,24,235383,6353.7464482964979,37.046331942173822,9.2108632345270891,0.5547945205479452,79.607779141626636,0.46118721461187212,7,2.9738766181075098,0.78082191780821919,0,0,0.31278538812785389,15.199999999999996,6.4575606564620198,0.95662100456621002,0.50799086757990863,0.68340943683409439,-0.17541856925418575,0.36321299538012236,0.1056,0.21403778801843321,False,not_significant,ZERO_REGISTERED_BEDS
MDB_ANALYTICAL_2024_2,MDB_METHOD_1.1,BR_HEALTH_REGIONS_END2024_V1,25007,7ª Região,PB,18,144970,5767.6994156533674,25.134804980744256,14.616191759768835,0.96118721461187218,85.420431556879208,0.50228310502283102,12,8.2775746706215081,0.99543378995433784,0,0,0.31278538812785389,10.425000000000001,7.1911429951024335,0.97488584474885842,0.7317351598173516,0.76103500761034992,-0.029299847792998324,0.087907579993860605,0.0293,0.097444696969696973,True,low-low,ZERO_REGISTERED_BEDS
MDB_ANALYTICAL_2024_2,MDB_METHOD_1.1,BR_HEALTH_REGIONS_END2024_V1,25008,8ª Região,PB,10,117595,2976.1670394684916,39.512231148491274,13.351585598486194,0.91552511415525117,37.773252561054925,0.17808219178082191,7,5.9526340405629492,0.97945205479452058,0,0,0.31278538812785389,4.75,4.0392873846677153,0.71689497716894979,0.54680365296803657,0.66971080669710803,-0.12290715372907146,0.16233493615644334,0.2359,0.33954131147540983,False,not_significant,ZERO_REGISTERED_BEDS
MDB_ANALYTICAL_2024_2,MDB_METHOD_1.1,BR_HEALTH_REGIONS_END2024_V1,25009,9ª Região,PB,15,179110,3543.5442373895617,50.545439255457339,11.527596369821019,0.81278538812785384,26.506334453941513,0.1118721461187214,8,4.4665289486907485,0.93150684931506844,0,0,0.31278538812785389,7.6500000000000004,4.271118307185529,0.74657534246575341,0.46232876712328763,0.66362252663622534,-0.20129375951293771,0.36754198506532709,0.1847,0.29484836363636369,False,not_significant,ZERO_REGISTERED_BEDS
MDB_ANALYTICAL_2024_2,MDB_METHOD_1.1,BR_HEALTH_REGIONS_END2024_V1,25010,10ª Região,PB,9,117220,2262.2381643510193,51.815941330663357,9.2104854685425952,0.55251141552511418,38.71665670282119,0.184931506849315,5,4.2654837058522439,0.91552511415525117,0,0,0.31278538812785389,4.5500000000000007,3.8815901723255424,0.69634703196347036,0.36872146118721461,0.64155251141552516,-0.27283105022831056,0.55301759892549218,0.1338,0.24073032786885246,False,not_significant,ZERO_REGISTERED_BEDS
MDB_ANALYTICAL_2024_2,MDB_METHOD_1.1,BR_HEALTH_REGIONS_END2024_V1,25011,11ª Região,PB,7,79744,2153.7891628275952,37.024979685248461,11.616787349652576,0.81963470319634701,66.700294731927343,0.38584474885844749,7,8.7780898876404496,0.99771689497716898,0,0,0.31278538812785389,2.6499999999999999,3.3231340288924556,0.5821917808219178,0.60273972602739723,0.63089802130898021,-0.028158295281582979,0.092517926018106128,0.052999999999999999,0.13849404761904763,False,not_significant,ZERO_REGISTERED_BEDS
MDB_ANALYTICAL_2024_2,MDB_METHOD_1.1,BR_HEALTH_REGIONS_END2024_V1,25012,12ª Região,PB,14,179368,2564.010661694263,69.956027359681912,3.0229790838775217,0.0068493150684931503,104.15133431087774,0.58904109589041098,4,2.2300521832210873,0.5730593607305936,0,0,0.31278538812785389,6.9499999999999993,3.8747156683466386,0.69406392694063923,0.29794520547945208,0.52663622526636222,-0.22869101978691014,0.42990294855058447,0.12809999999999999,0.23431624999999998,False,not_significant,ZERO_REGISTERED_BEDS
MDB_ANALYTICAL_2024_2,MDB_METHOD_1.1,BR_HEALTH_REGIONS_END2024_V1,25013,13ª Região,PB,6,60343,2392.3162059385177,25.223672293072621,7.3183157949315678,0.32420091324200911,46.971966025453277,0.23744292237442921,3,4.9715791392539321,0.95662100456621002,0,0,0.31278538812785389,1.5,2.4857895696269661,0.37671232876712329,0.28082191780821919,0.5487062404870624,-0.26788432267884321,0.51566608319188412,0.1479,0.25462000000000001,False,not_significant,ZERO_REGISTERED_BEDS
MDB_ANALYTICAL_2024_2,MDB_METHOD_1.1,BR_HEALTH_REGIONS_END2024_V1,25014,14ª Região,PB,11,158867,2066.9001868767991,76.862444064150409,7.0070192057626146,0.29223744292237441,93.993101540008325,0.55251141552511418,7,4.4062014137611962,0.9269406392694064,0,0,0.31278538812785389,3.6500000000000008,2.2975193086040528,0.32648401826484019,0.4223744292237443,0.52207001522070018,-0.099695585996955882,0.29942451649744889,0.10489999999999999,0.21403778801843321,False,not_significant,ZERO_REGISTERED_BEDS
MDB_ANALYTICAL_2024_2,MDB_METHOD_1.1,BR_HEALTH_REGIONS_END2024_V1,25015,15ª Região,PB,14,158115,4361.1970057055596,36.254954727600058,6.880195483860656,0.27853881278538811,154.48286384528825,0.73515981735159819,8,5.0596085127913231,0.96118721461187218,0,0,0.31278538812785389,4.3500000000000005,2.7511621288302823,0.4360730593607306,0.50684931506849318,0.5700152207001522,-0.063165905631659025,0.25593184403775165,0.0092999999999999992,0.045829670329670329,True,low-low,ZERO_REGISTERED_BEDS
MDB_ANALYTICAL_2024_2,MDB_METHOD_1.1,BR_HEALTH_REGIONS_END2024_V1,25016,16ª Região,PB,15,580383,5115.6607579179117,113.45220636487582,9.0013347131681058,0.5365296803652968,266.51179857902753,0.93378995433789957,15,2.5845002351895214,0.68949771689497719,20,3.4460003135860284,0.84703196347031962,21.724999999999991,3.7432178406328229,0.66894977168949776,0.73515981735159819,0.73515981735159819,0,1.2453243407193033e-17,0.1512,0.25628108108108111,False,not_significant,
MDB_ANALYTICAL_2024_2,MDB_METHOD_1.1,BR_HEALTH_REGIONS_END2024_V1,26001,Afogados da Ingazeira,PE,12,192994,4486.5172804792328,43.016439686906793,5.0602727236922913,0.1095890410958904,126.30457049525234,0.68264840182648401,8,4.1452065867332664,0.91095890410958902,4,2.0726032933666332,0.76255707762557079,9.0999999999999996,4.7151724924090903,0.82876712328767121,0.39611872146118721,0.83409436834094375,-0.43797564687975654,1.0113771390903772,0.081799999999999998,0.18321530612244896,False,not_significant,
MDB_ANALYTICAL_2024_2,MDB_METHOD_1.1,BR_HEALTH_REGIONS_END2024_V1,26002,Arcoverde,PE,13,436601,14274.269255597799,30.586574498640797,5.3555676606304718,0.12100456621004566,83.439489467109013,0.48858447488584472,13,2.9775470051603179,0.78538812785388123,16,3.6646732371203914,0.86073059360730597,7.2999999999999998,1.6720071644361785,0.14611872146118721,0.3047945205479452,0.5974124809741248,-0.2926179604261796,1.2269074983314767,0.0025000000000000001,0.019954545454545454,True,low-low,
MDB_ANALYTICAL_2024_2,MDB_METHOD_1.1,BR_HEALTH_REGIONS_END2024_V1,26003,Caruaru,PE,32,1407562,11874.899111406041,118.53254388056342,6.1309211286491694,0.19634703196347031,21.360537503596845,0.086757990867579904,26,1.8471655245026508,0.42922374429223742,7,0.49731379505840589,0.65981735159817356,38.724999999999994,2.7512109590909666,0.43835616438356162,0.14155251141552511,0.5091324200913242,-0.36757990867579909,1.858897488281823,0.00059999999999999995,0.0087799999999999996,True,low-low,
MDB_ANALYTICAL_2024_2,MDB_METHOD_1.1,BR_HEALTH_REGIONS_END2024_V1,26004,Garanhuns,PE,21,563506,7529.861140935197,74.836174194045427,6.1796391039633933,0.20319634703196346,22.797814259557864,0.095890410958904104,19,3.3717475945242823,0.84931506849315064,6,1.0647623982708261,0.69406392694063923,17.049999999999997,3.0256998150862628,0.50228310502283102,0.1495433789954338,0.68188736681887363,-0.53234398782343983,2.4178325894876243,0.0011999999999999999,0.011972727272727272,True,low-low,
MDB_ANALYTICAL_2024_2,MDB_METHOD_1.1,BR_HEALTH_REGIONS_END2024_V1,26005,Goiana,PE,10,314791,2016.7056266701311,156.09169520678378,6.0401544099906879,0.18949771689497716,52.15601100671681,0.28082191780821919,7,2.2236976279499734,0.56621004566210043,8,2.5413687176571123,0.78995433789954339,9.5999999999999979,3.049642461188534,0.5182648401826484,0.23515981735159819,0.62480974124809741,-0.38964992389649922,1.3579546558363349,0.0298,0.097628358208955227,True,low-low,
MDB_ANALYTICAL_2024_2,MDB_METHOD_1.1,BR_HEALTH_REGIONS_END2024_V1,26006,Limoeiro,PE,20,592324,3386.317570432208,174.91684925593069,6.8527266554809918,0.26940639269406391,37.591932816237914,0.1757990867579908,14,2.3635712886865972,0.62785388127853881,0,0,0.31278538812785389,16.574999999999999,2.7982995792843104,0.4497716894977169,0.22260273972602734,0.4634703196347032,-0.24086757990867586,1.2000981993580577,0.0074000000000000003,0.037340229885057474,True,low-low,ZERO_REGISTERED_BEDS
MDB_ANALYTICAL_2024_2,MDB_METHOD_1.1,BR_HEALTH_REGIONS_END2024_V1,26007,Ouricuri,PE,11,354492,14566.437129500027,24.336218723113895,10.695704934346892,0.72146118721461183,98.474308486806393,0.57534246575342463,6,1.6925628787109439,0.37899543378995432,6,1.6925628787109439,0.73515981735159819,7.8499999999999996,2.2144364329801518,0.30365296803652969,0.64840182648401823,0.47260273972602729,0.17579908675799094,0.12356871845338815,0.36599999999999999,0.41951436031331596,False,not_significant,
MDB_ANALYTICAL_2024_2,MDB_METHOD_1.1,BR_HEALTH_REGIONS_END2024_V1,26008,Palmares,PE,22,522560,4993.8660617913029,104.64037151460114,3.9541670291475661,0.034246575342465752,38.21577193332643,0.18264840182648401,13,2.4877526025719532,0.66438356164383561,0,0,0.31278538812785389,16.850000000000001,3.2245101041028783,0.55936073059360736,0.10844748858447488,0.5121765601217656,-0.40372907153729071,2.5827949625896984,0.00069999999999999999,0.0093121212121212125,True,low-low,ZERO_REGISTERED_BEDS
MDB_ANALYTICAL_2024_2,MDB_METHOD_1.1,BR_HEALTH_REGIONS_END2024_V1,26009,Petrolina,PE,7,564661,15070.422704059716,37.468159393292261,8.1252549584283571,0.42009132420091322,53.469563962591664,0.29223744292237441,9,1.593876679990295,0.31963470319634701,0,0,0.31278538812785389,16.975000000000005,3.006228515870585,0.4954337899543379,0.35616438356164382,0.37595129375951292,-0.019786910197869101,-0.043729866013022242,0.1195,0.22612284482758618,False,not_significant,ZERO_REGISTERED_BEDS
MDB_ANALYTICAL_2024_2,MDB_METHOD_1.1,BR_HEALTH_REGIONS_END2024_V1,26010,Recife,PE,20,4193340,3925.5872367617408,1068.2070597567797,4.7653950248541701,0.075342465753424653,75.855335743401781,0.4452054794520548,47,1.1208249271463795,0.14155251141552511,60,1.4308403325272931,0.71461187214611877,263.87499999999972,6.2927165457606522,0.94292237442922378,0.26027397260273971,0.59969558599695594,-0.33942161339421623,2.0440079816460042,0.002,0.017559999999999999,True,low-low,
MDB_ANALYTICAL_2024_2,MDB_METHOD_1.1,BR_HEALTH_REGIONS_END2024_V1,26011,Salgueiro,PE,7,147246,7037.0563721093931,20.924374086811852,11.936967387117727,0.84474885844748859,199.30131044016537,0.85159817351598177,2,1.3582711924262798,0.2077625570776255,10,6.7913559621313997,0.95662100456621002,4.7000000000000002,3.1919373022017576,0.55251141552511418,0.84817351598173518,0.57229832572298323,0.27587519025875196,-0.060969524729694538,0.4531,0.47247244655581949,False,not_significant,
MDB_ANALYTICAL_2024_2,MDB_METHOD_1.1,BR_HEALTH_REGIONS_END2024_V1,26012,Serra Talhada,PE,10,248952,12720.994637459253,19.570167828458644,7.9035244588451823,0.3904109589041096,231.16658391495008,0.90410958904109584,6,2.4101031524149232,0.64383561643835618,8,3.2134708698865646,0.82191780821917804,11.975,4.8101642083614511,0.84246575342465757,0.64726027397260277,0.76940639269406397,-0.12214611872146119,0.18300774052481417,0.16830000000000001,0.27671797752808991,False,not_significant,
MDB_ANALYTICAL_2024_2,MDB_METHOD_1.1,BR_HEALTH_REGIONS_END2024_V1,27001,1ª Região de Saúde,AL,12,1293007,2371.4294620341652,545.24371089278964,4.9578616579436554,0.1050228310502283,259.22314928792008,0.92237442922374424,13,1.0054083233888138,0.1118721461187214,6,0.46403461079483721,0.65525114155251141,91.399999999999977,7.0687939044413515,0.96803652968036524,0.51369863013698625,0.57838660578386603,-0.064687975646879781,0.3650209742131596,0.0033,0.023321874999999999,True,low-low,
MDB_ANALYTICAL_2024_2,MDB_METHOD_1.1,BR_HEALTH_REGIONS_END2024_V1,27002,2ª Região de Saúde,AL,9,161020,2274.0126896677652,70.808751741629521,2.8524926305126277,0.0045662100456621002,104.78924108566623,0.59360730593607303,6,3.7262451869333009,0.87899543378995437,0,0,0.31278538812785389,3.9250000000000007,2.4375853931188676,0.36301369863013699,0.29908675799086759,0.51826484018264851,-0.21917808219178092,1.0939433027199377,0.016899999999999998,0.066241964285714286,True,low-low,ZERO_REGISTERED_BEDS
MDB_ANALYTICAL_2024_2,MDB_METHOD_1.1,BR_HEALTH_REGIONS_END2024_V1,27003,3ª Região de Saúde,AL,11,197962,2765.0317181591436,71.59483874991345,5.2095079930097361,0.11187214611872145,156.976433495431,0.74429223744292239,7,3.5360321677897781,0.86529680365296802,9,4.5463270728725718,0.90410958904109584,8.0500000000000007,4.0664369929582449,0.72374429223744297,0.42808219178082191,0.83105022831050235,-0.40296803652968044,2.1273689095488213,0.0023999999999999998,0.019879245283018866,True,low-low,
MDB_ANALYTICAL_2024_2,MDB_METHOD_1.1,BR_HEALTH_REGIONS_END2024_V1,27004,4ª Região de Saúde,AL,9,124636,2161.3711183780288,57.665247277631515,7.125281074551622,0.30365296803652969,175.77619065240719,0.78995433789954339,5,4.011682018036522,0.90182648401826482,8,6.4186912288584352,0.95205479452054798,5.1999999999999993,4.1721492987579829,0.73515981735159819,0.54680365296803657,0.86301369863013699,-0.31621004566210043,1.4630088416913327,0.0063,0.032669767441860467,True,low-low,
MDB_ANALYTICAL_2024_2,MDB_METHOD_1.1,BR_HEALTH_REGIONS_END2024_V1,27005,5ª Região de Saúde,AL,7,191964,1783.1035103371396,107.65723856586682,4.8876585124210763,0.086757990867579904,234.77643036853721,0.908675799086758,7,3.6465170552811981,0.87442922374429222,8,4.1674480631785125,0.88127853881278539,9.5999999999999979,5.0009376758142139,0.86301369863013699,0.49771689497716898,0.87290715372907146,-0.37519025875190248,0.84194223688267278,0.10829999999999999,0.21709452054794517,False,not_significant,
MDB_ANALYTICAL_2024_2,MDB_METHOD_1.1,BR_HEALTH_REGIONS_END2024_V1,27006,6ª Região de Saúde,AL,8,190785,3220.0407379261533,59.249250406339229,4.6256199658109827,0.066210045662100453,98.977177845811298,0.57762557077625576,5,2.6207511072673428,0.70547945205479456,0,0,0.31278538812785389,6.3500000000000005,3.3283539062295255,0.58675799086757996,0.32191780821917809,0.53500761035007616,-0.21308980213089806,0.85316696565233319,0.045499999999999999,0.12739079754601229,False,not_significant,ZERO_REGISTERED_BEDS
MDB_ANALYTICAL_2024_2,MDB_METHOD_1.1,BR_HEALTH_REGIONS_END2024_V1,27007,7ª Região de Saúde,AL,17,525382,4777.6541715763351,109.96651936962108,5.4405790278597301,0.13698630136986301,141.66026852476764,0.71917808219178081,12,2.2840523657072378,0.59360730593607303,0,0,0.31278538812785389,18.949999999999996,3.6068993608460129,0.64155251141552516,0.42808219178082191,0.51598173515981738,-0.087899543378995471,0.20230785532833773,0.085000000000000006,0.18751256281407039,False,not_significant,ZERO_REGISTERED_BEDS
MDB_ANALYTICAL_2024_2,MDB_METHOD_1.1,BR_HEALTH_REGIONS_END2024_V1,27008,8ª Região de Saúde,AL,8,154085,1950.4246277959892,79.000745685886102,7.1362971833874207,0.30821917808219179,163.7488550541797,0.76027397260273977,4,2.5959697569523312,0.69406392694063923,0,0,0.31278538812785389,4.6749999999999998,3.0340396534380374,0.5091324200913242,0.53424657534246578,0.50532724505327253,0.028919330289193246,-0.13864178822353398,0.0054000000000000003,0.03073,True,high-low,ZERO_REGISTERED_BEDS
MDB_ANALYTICAL_2024_2,MDB_METHOD_1.1,BR_HEALTH_REGIONS_END2024_V1,27009,9ª Região de Saúde,AL,14,228962,4277.7417536134653,53.524035153967105,8.5507474130156016,0.4680365296803653,70.989046157426941,0.40639269406392692,7,3.0572758798403226,0.80136986301369861,0,0,0.31278538812785389,6.3750000000000009,2.7843048191402944,0.44748858447488582,0.43721461187214611,0.52054794520547942,-0.083333333333333315,0.25918205919677612,0.033000000000000002,0.10347857142857143,False,not_significant,ZERO_REGISTERED_BEDS
MDB_ANALYTICAL_2024_2,MDB_METHOD_1.1,BR_HEALTH_REGIONS_END2024_V1,27010,10ª Região de Saúde,AL,7,152301,3504.7027249802018,43.45618215047336,6.6320035619012971,0.24885844748858446,48.524165908931941,0.24885844748858441,5,3.2829725346517753,0.83789954337899542,0,0,0.31278538812785389,4.1500000000000012,2.724867203760974,0.4269406392694064,0.24885844748858443,0.52587519025875185,-0.27701674277016741,0.73973337844986953,0.071900000000000006,0.17248142076502734,False,not_significant,ZERO_REGISTERED_BEDS
MDB_ANALYTICAL_2024_2,MDB_METHOD_1.1,BR_HEALTH_REGIONS_END2024_V1,28001,Aracaju,SE,8,850972,1927.8426328110552,441.41154755933979,5.3841039029698248,0.13242009132420091,73.6230116179552,0.42465753424657532,11,1.2926394757994388,0.184931506849315,14,1.6451775146538312,0.72831050228310501,49.45000000000001,5.8110020071165689,0.9178082191780822,0.27853881278538811,0.61035007610350078,-0.33181126331811267,1.0815329379228869,0.054800000000000001,0.14151294117647059,False,not_significant,
MDB_ANALYTICAL_2024_2,MDB_METHOD_1.1,BR_HEALTH_REGIONS_END2024_V1,28002,Estância,SE,10,237165,2993.370781538797,79.230077831547817,5.6245008000664534,0.15296803652968036,67.958915746389678,0.39269406392694062,5,2.1082368814960049,0.53196347031963476,15,6.3247106444880146,0.94977168949771684,7.3499999999999996,3.0991082157991268,0.53424657534246578,0.2728310502283105,0.67199391171993916,-0.39916286149162866,2.0140179254159767,0.0161,0.064843119266055044,True,low-low,
MDB_ANALYTICAL_2024_2,MDB_METHOD_1.1,BR_HEALTH_REGIONS_END2024_V1,28003,Itabaiana,SE,14,260329,3266.3343524146553,79.700658876991696,9.425730334373414,0.5821917808219178,39.528134503812467,0.1894977168949771,5,1.9206465664601331,0.44748858447488582,0,0,0.31278538812785389,8.5,3.2650991629822261,0.5730593607305936,0.38584474885844744,0.44444444444444442,-0.05859969558599698,0.11450062645319116,0.122,0.22986266094420602,False,not_significant,ZERO_REGISTERED_BEDS
MDB_ANALYTICAL_2024_2,MDB_METHOD_1.1,BR_HEALTH_REGIONS_END2024_V1,28004,Lagarto,SE,6,264021,3918.8463462064601,67.372123496390415,6.5028840485018833,0.24429223744292236,55.972039307061088,0.30365296803652969,7,2.6513042523132628,0.71232876712328763,0,0,0.31278538812785389,9.7499999999999982,3.6928880657220442,0.65525114155251141,0.27397260273972601,0.56012176560121762,-0.28614916286149161,1.2127882203305664,0.0111,0.050236082474226812,True,low-low,ZERO_REGISTERED_BEDS
MDB_ANALYTICAL_2024_2,MDB_METHOD_1.1,BR_HEALTH_REGIONS_END2024_V1,28005,Nossa Senhora da Glória,SE,9,176255,5668.2493737939822,31.095138618085464,8.3524164289985521,0.4497716894977169,51.157218112317665,0.27397260273972601,3,1.7020793736347906,0.38356164383561642,0,0,0.31278538812785389,3.1000000000000001,1.7588153527559502,0.16438356164383561,0.36187214611872143,0.28691019786910199,0.074961948249619437,-0.12904810279613416,0.13539999999999999,0.242614693877551,False,not_significant,ZERO_REGISTERED_BEDS
MDB_ANALYTICAL_2024_2,MDB_METHOD_1.1,BR_HEALTH_REGIONS_END2024_V1,28006,Nossa Senhora do Socorro,SE,12,351163,2556.3751561327663,137.36755309859623,5.8183577613488007,0.17123287671232876,81.437583636016058,0.47031963470319632,7,1.993376295338632,0.48401826484018262,0,0,0.31278538812785389,6.7500000000000036,1.9221842847908248,0.21004566210045661,0.32077625570776253,0.33561643835616428,-0.014840182648401756,0.035150467374002743,0.12559999999999999,0.23265147679324893,False,not_significant,ZERO_REGISTERED_BEDS
MDB_ANALYTICAL_2024_2,MDB_METHOD_1.1,BR_HEALTH_REGIONS_END2024_V1,28007,Propriá,SE,16,151172,2498.1366210401629,60.513904134296581,6.7674946152163464,0.26255707762557079,72.124687752876198,0.4178082191780822,6,3.9689889662106741,0.8995433789954338,0,0,0.31278538812785389,4.6000000000000005,3.0428915407615178,0.51598173515981738,0.34018264840182649,0.576103500761035,-0.23592085235920851,0.24411446312401439,0.31019999999999998,0.38797094017094014,False,not_significant,ZERO_REGISTERED_BEDS
MDB_ANALYTICAL_2024_2,MDB_METHOD_1.1,BR_HEALTH_REGIONS_END2024_V1,29001,Alagoinhas,BA,18,518611,12312.040539729667,42.12226221368396,5.7434034435619044,0.16438356164383561,20.562407549487933,0.084474885844748798,10,1.9282275154209996,0.45662100456621002,0,0,0.31278538812785389,13.15,2.5356191827786141,0.39269406392694062,0.1244292237442922,0.38736681887366819,-0.26293759512937598,1.1951164238684406,0.0016999999999999999,0.015547916666666666,True,low-low,ZERO_REGISTERED_BEDS
MDB_ANALYTICAL_2024_2,MDB_METHOD_1.1,BR_HEALTH_REGIONS_END2024_V1,29002,Barreiras,BA,15,510181,76387.629063837943,6.67884324009633,7.5530825397481598,0.35159817351598172,18.24276409054514,0.068493150684931503,7,1.3720620720881411,0.22374429223744291,0,0,0.31278538812785389,14.374999999999996,2.8176274694667178,0.46118721461187212,0.21004566210045661,0.33257229832572288,-0.12252663622526627,-0.10826973426392093,0.28799999999999998,0.37720029761904761,False,not_significant,ZERO_REGISTERED_BEDS
MDB_ANALYTICAL_2024_2,MDB_METHOD_1.1,BR_HEALTH_REGIONS_END2024_V1,29003,Brumado,BA,20,409223,23932.559031866494,17.099007233414302,8.0227570945684263,0.4041095890410959,14.609036872719376,0.061643835616438297,12,2.9323864983150996,0.76255707762557079,0,0,0.31278538812785389,8.5749999999999993,2.0954345185876648,0.25114155251141551,0.23287671232876711,0.4421613394216134,-0.20928462709284629,0.60230220147902014,0.033700000000000001,0.1049241134751773,False,not_significant,ZERO_REGISTERED_BEDS
MDB_ANALYTICAL_2024_2,MDB_METHOD_1.1,BR_HEALTH_REGIONS_END2024_V1,29004,Camaçari,BA,6,617722,3134.3233670956665,197.08304716893167,3.7546618992368579,0.025114155251141551,37.899393446345407,0.1803652968036529,8,1.2950809587484338,0.18721461187214611,0,0,0.31278538812785389,14.299999999999995,2.3149572137628249,0.33333333333333331,0.10273972602739723,0.27777777777777768,-0.17503805175038045,0.61516894468136896,0.114,0.22242666666666666,False,not_significant,ZERO_REGISTERED_BEDS
MDB_ANALYTICAL_2024_2,MDB_METHOD_1.1,BR_HEALTH_REGIONS_END2024_V1,29005,Cruz das Almas,BA,9,250783,1844.5432525550136,135.95940331169891,5.7673060754464842,0.16666666666666666,20.280319077020145,0.079908675799086698,9,3.5887600036685106,0.86757990867579904,0,0,0.31278538812785389,5.6500000000000004,2.2529437800807872,0.30593607305936071,0.12328767123287668,0.4954337899543379,-0.37214611872146119,1.657893368148684,0.029600000000000001,0.097628358208955227,True,low-low,ZERO_REGISTERED_BEDS
MDB_ANALYTICAL_2024_2,MDB_METHOD_1.1,BR_HEALTH_REGIONS_END2024_V1,29006,Feira de Santana,BA,28,1200744,17097.363307696647,70.229776275472034,4.3487338659487849,0.047945205479452052,50.556216083576601,0.26484018264840181,20,1.6656339736030328,0.36986301369863012,2,0.16656339736030321,0.63698630136986301,42.725000000000009,3.5582105761094796,0.63926940639269403,0.15639269406392692,0.5487062404870624,-0.39231354642313548,1.536539009091723,0.0063,0.032669767441860467,True,low-low,
MDB_ANALYTICAL_2024_2,MDB_METHOD_1.1,BR_HEALTH_REGIONS_END2024_V1,29007,Guanambi,BA,23,474477,29804.909644974938,15.91942420399171,6.9972353488434029,0.28995433789954339,10.478538686905484,0.031963470319634701,10,2.1075837184942579,0.52968036529680362,0,0,0.31278538812785389,9.0999999999999961,1.9179011838297737,0.2077625570776255,0.16095890410958905,0.35007610350076102,-0.18911719939117197,0.45422897200986556,0.075800000000000006,0.17537253886010362,False,not_significant,ZERO_REGISTERED_BEDS
MDB_ANALYTICAL_2024_2,MDB_METHOD_1.1,BR_HEALTH_REGIONS_END2024_V1,29008,Ibotirama,BA,9,194930,33236.888126458442,5.8648691555700943,8.0660068755023318,0.408675799086758,6.6743678603516878,0.0091324200913242004,5,2.5650233417124095,0.68264840182648401,0,0,0.31278538812785389,2.5750000000000002,1.320987020981891,0.1095890410958904,0.2089041095890411,0.36834094368340942,-0.15943683409436832,0.44454775481563391,0.037699999999999997,0.11225436241610738,False,not_significant,ZERO_REGISTERED_BEDS
MDB_ANALYTICAL_2024_2,MDB_METHOD_1.1,BR_HEALTH_REGIONS_END2024_V1,29009,Ilhéus,BA,8,332022,7516.6271938820246,44.171673203407138,5.5496863075360556,0.14383561643835616,45.423779799954879,0.2214611872146118,7,2.1082940287089409,0.53424657534246578,0,0,0.31278538812785389,7.0499999999999998,2.1233532717711476,0.26484018264840181,0.18264840182648398,0.37062404870624049,-0.18797564687975651,1.3073461767768859,0.0016000000000000001,0.014944680851063831,True,low-low,ZERO_REGISTERED_BEDS
MDB_ANALYTICAL_2024_2,MDB_METHOD_1.1,BR_HEALTH_REGIONS_END2024_V1,29010,Irecê,BA,19,419821,25948.511868007368,16.179001020771786,9.5578544518946504,0.59817351598173518,7.9562343461089231,0.022831050228310501,16,3.8111480845407928,0.88812785388127857,0,0,0.31278538812785389,11.874999999999996,2.8285864689951188,0.46575342465753422,0.31050228310502281,0.55555555555555547,-0.24505327245053266,0.39640914545086314,0.19020000000000001,0.30035179856115107,False,not_significant,ZERO_REGISTERED_BEDS
MDB_ANALYTICAL_2024_2,MDB_METHOD_1.1,BR_HEALTH_REGIONS_END2024_V1,29011,Itaberaba,BA,14,246205,18951.132161405538,12.99157210783442,5.6853271696033154,0.15981735159817351,174.15977030906942,0.78538812785388123,8,3.2493247497004529,0.83105022831050224,0,0,0.31278538812785389,6.9000000000000004,2.8025425966166404,0.454337899543379,0.4726027397260274,0.53272450532724502,-0.060121765601217625,0.23384488270010614,0.0064000000000000003,0.032669767441860467,True,low-low,ZERO_REGISTERED_BEDS
MDB_ANALYTICAL_2024_2,MDB_METHOD_1.1,BR_HEALTH_REGIONS_END2024_V1,29012,Itabuna,BA,22,473055,8800.4088464866581,53.753752609897816,4.6906067760349979,0.070776255707762553,11.31860331229843,0.036529680365296802,12,2.5367029203792373,0.67351598173515981,0,0,0.31278538812785389,13.249999999999998,2.8009428079187404,0.45205479452054792,0.053652968036529677,0.47945205479452052,-0.42579908675799083,1.8027186927856327,0.019099999999999999,0.071802542372881348,True,low-low,ZERO_REGISTERED_BEDS
MDB_ANALYTICAL_2024_2,MDB_METHOD_1.1,BR_HEALTH_REGIONS_END2024_V1,29013,Itapetinga,BA,12,232016,11890.195003432693,19.513220761561701,6.3983437753221528,0.22831050228310501,13.572514372578375,0.057077625570776197,9,3.8790428246327839,0.8904109589041096,0,0,0.31278538812785389,7.9000000000000004,3.4049375905109991,0.6095890410958904,0.14269406392694062,0.60426179604261798,-0.46156773211567736,2.2665162683671354,0.0023,0.019417307692307692,True,low-low,ZERO_REGISTERED_BEDS
MDB_ANALYTICAL_2024_2,MDB_METHOD_1.1,BR_HEALTH_REGIONS_END2024_V1,29014,Jacobina,BA,19,390462,22706.765839481828,17.195843862584635,7.1260850018193755,0.30593607305936071,25.362786046539433,0.1095890410958904,12,3.0732824192879207,0.80821917808219179,0,0,0.31278538812785389,7.7000000000000002,1.9720228857097488,0.230593607305936,0.20776255707762556,0.45053272450532722,-0.24277016742770166,0.76617166855587626,0.030200000000000001,0.098205925925925933,True,low-low,ZERO_REGISTERED_BEDS
MDB_ANALYTICAL_2024_2,MDB_METHOD_1.1,BR_HEALTH_REGIONS_END2024_V1,29015,Jequié,BA,26,510425,19166.525702349325,26.631065427649983,5.3363129404214549,0.11872146118721461,45.394629997893325,0.21917808219178081,7,1.3714061811235736,0.21917808219178081,0,0,0.31278538812785389,15.4,3.0170935984718614,0.49771689497716892,0.16894977168949771,0.34322678843226789,-0.17427701674277019,0.73222574042176747,0.0037000000000000002,0.024610606060606062,True,low-low,ZERO_REGISTERED_BEDS
MDB_ANALYTICAL_2024_2,MDB_METHOD_1.1,BR_HEALTH_REGIONS_END2024_V1,29016,Juazeiro,BA,10,587921,62841.519553848935,9.3556139981021644,7.115139018686075,0.29908675799086759,98.221644155869456,0.5730593607305936,12,2.0410905546833673,0.50684931506849318,0,0,0.31278538812785389,12.525,2.1303882664507645,0.26940639269406391,0.4360730593607306,0.36301369863013699,0.073059360730593603,-0.15812018917043627,0.042099999999999999,0.12079673202614379,False,not_significant,ZERO_REGISTERED_BEDS
MDB_ANALYTICAL_2024_2,MDB_METHOD_1.1,BR_HEALTH_REGIONS_END2024_V1,29017,Paulo Afonso,BA,9,251835,19214.800151277443,13.106303371219679,5.6210484379087537,0.15068493150684931,80.899281720475742,0.46575342465753422,4,1.5883415728552424,0.31735159817351599,0,0,0.31278538812785389,3.6499999999999999,1.4493616852304088,0.1255707762557077,0.30821917808219179,0.25190258751902589,0.056316590563165903,-0.056666590396938339,0.23169999999999999,0.33792790697674413,False,not_significant,ZERO_REGISTERED_BEDS
MDB_ANALYTICAL_2024_2,MDB_METHOD_1.1,BR_HEALTH_REGIONS_END2024_V1,29018,Porto Seguro,BA,8,418017,12478.130535916982,33.499970111450764,6.1767967828849004,0.20091324200913241,6.7725441061934921,0.0114155251141552,10,2.3922472052572026,0.63698630136986301,0,0,0.31278538812785389,9.8000000000000007,2.3444022611520583,0.34931506849315069,0.1061643835616438,0.4330289193302892,-0.32686453576864538,2.1425730992517669,0.00089999999999999998,0.010975,True,low-low,ZERO_REGISTERED_BEDS
MDB_ANALYTICAL_2024_2,MDB_METHOD_1.1,BR_HEALTH_REGIONS_END2024_V1,29019,Ribeira do Pombal,BA,16,364231,11317.829641368598,32.182053586376099,7.8132426322607884,0.37899543378995432,11.319983056541489,0.038812785388127803,9,2.4709593637005085,0.65525114155251141,0,0,0.31278538812785389,6.9000000000000012,1.8944021788370571,0.20091324200913241,0.20890410958904107,0.38964992389649922,-0.18074581430745815,0.38842517727201792,0.0998,0.20764075829383885,False,not_significant,ZERO_REGISTERED_BEDS
MDB_ANALYTICAL_2024_2,MDB_METHOD_1.1,BR_HEALTH_REGIONS_END2024_V1,29020,Salvador,BA,10,3100614,3022.6793512196509,1025.7833000873554,3.7420387367346484,0.022831050228310501,87.530202464790605,0.51598173515981738,29,0.9352986214988388,0.089041095890410898,0,0,0.31278538812785389,149.22500000000002,4.8127564411435939,0.84474885844748859,0.26940639269406397,0.41552511415525117,-0.14611872146118721,0.7240089386909766,0.0043,0.026967142857142856,True,low-low,ZERO_REGISTERED_BEDS
MDB_ANALYTICAL_2024_2,MDB_METHOD_1.1,BR_HEALTH_REGIONS_END2024_V1,29021,Santa Maria da Vitória,BA,12,306729,50664.547126833691,6.054115104041772,7.2800392418905346,0.32191780821917809,15.144796237117388,0.063926940639269403,9,2.9341862034564716,0.76484018264840181,0,0,0.31278538812785389,9.9000000000000004,3.2276048238021184,0.5639269406392694,0.19292237442922375,0.54718417047184165,-0.35426179604261787,0.1097379913861863,0.40639999999999998,0.44826532663316576,False,not_significant,ZERO_REGISTERED_BEDS
MDB_ANALYTICAL_2024_2,MDB_METHOD_1.1,BR_HEALTH_REGIONS_END2024_V1,29022,Santo Antônio de Jesus,BA,23,482059,8510.1684545959542,56.645059680300669,5.3578513138125468,0.12328767123287671,60.226626968900717,0.34474885844748859,12,2.4893218464959683,0.66666666666666663,0,0,0.31278538812785389,13.300000000000001,2.7589983798663651,0.4406392694063927,0.23401826484018265,0.47336377473363772,-0.23934550989345507,0.89569013019651622,0.0132,0.056260194174757285,True,low-low,ZERO_REGISTERED_BEDS
MDB_ANALYTICAL_2024_2,MDB_METHOD_1.1,BR_HEALTH_REGIONS_END2024_V1,29023,Seabra,BA,11,194644,14945.62449122524,13.02347721329931,10.252018195105061,0.65981735159817356,29.265084860138717,0.1347031963470319,10,5.1375845132652431,0.96575342465753422,0,0,0.31278538812785389,3.3500000000000005,1.7210908119438568,0.1575342465753424,0.39726027397260272,0.47869101978691009,-0.08143074581430737,0.23573846210371141,0.077100000000000002,0.17537253886010362,False,not_significant,ZERO_REGISTERED_BEDS
MDB_ANALYTICAL_2024_2,MDB_METHOD_1.1,BR_HEALTH_REGIONS_END2024_V1,29024,Senhor do Bonfim,BA,9,306390,15806.202419436717,19.384162740016254,4.9566382754302563,0.098173515981735154,63.518672525227387,0.36301369863013699,10,3.2638140931492545,0.83561643835616439,0,0,0.31278538812785389,5.2750000000000004,1.7216619341362316,0.15981735159817351,0.23059360730593609,0.4360730593607306,-0.20547945205479451,0.51995149063503565,0.1444,0.25055968379446641,False,not_significant,ZERO_REGISTERED_BEDS
MDB_ANALYTICAL_2024_2,MDB_METHOD_1.1,BR_HEALTH_REGIONS_END2024_V1,29025,Serrinha,BA,18,598565,18534.772036140021,32.294165735240128,5.9804095171289999,0.18721461187214611,25.248364023315631,0.1073059360730593,18,3.0071922013482246,0.78995433789954339,0,0,0.31278538812785389,10.224999999999998,1.7082522365991994,0.15525114155251141,0.14726027397260272,0.4193302891933029,-0.27207001522070018,0.9437338502921272,0.019699999999999999,0.072674789915966376,True,low-low,ZERO_REGISTERED_BEDS
MDB_ANALYTICAL_2024_2,MDB_METHOD_1.1,BR_HEALTH_REGIONS_END2024_V1,29026,Teixeira de Freitas,BA,13,451460,19037.240933097277,23.714570907967669,4.9283383132982577,0.093607305936073054,5.7760021919187805,0.0045662100456621002,12,2.6580427944889911,0.71917808219178081,0,0,0.31278538812785389,11.9,2.6358924378682498,0.40639269406392692,0.049086757990867577,0.47945205479452052,-0.43036529680365293,2.8302991372212309,0.00040000000000000002,0.0070239999999999999,True,low-low,ZERO_REGISTERED_BEDS
MDB_ANALYTICAL_2024_2,MDB_METHOD_1.1,BR_HEALTH_REGIONS_END2024_V1,29027,Valença,BA,11,284603,5718.02541212084,49.772951235353034,6.2508976017588038,0.21689497716894976,20.242085987913253,0.077625570776255703,5,1.7568332027420652,0.39726027397260272,0,0,0.31278538812785389,5.5499999999999998,1.950084855043692,0.2168949771689497,0.14726027397260272,0.30898021308980211,-0.1617199391171994,0.77755530041930254,0.0207,0.075101652892561974,True,low-low,ZERO_REGISTERED_BEDS
MDB_ANALYTICAL_2024_2,MDB_METHOD_1.1,BR_HEALTH_REGIONS_END2024_V1,29028,Vitória da Conquista,BA,19,722768,22783.751688760694,31.722958091952165,6.328963270114377,0.22602739726027396,47.48496773528732,0.23972602739726021,14,1.936997764151152,0.4634703196347032,0,0,0.31278538812785389,18.125000000000004,2.5077203196599744,0.38356164383561642,0.23287671232876708,0.38660578386605787,-0.15372907153729079,0.81605434955954692,0.00059999999999999995,0.0087799999999999996,True,low-low,ZERO_REGISTERED_BEDS
MDB_ANALYTICAL_2024_2,MDB_METHOD_1.1,BR_HEALTH_REGIONS_END2024_V1,31001,Alfenas/Machado,MG,16,299795,5980.2634062286133,50.130734991999688,14.403224111964036,0.95662100456621002,74.257480856710899,0.4360730593607306,6,2.0013676011941492,0.48858447488584472,16,5.3369802698510647,0.92922374429223742,14.999999999999996,5.0034190029853711,0.86529680365296802,0.69634703196347036,0.76103500761034992,-0.064687975646879559,-0.047251514953598701,0.3201,0.39252486033519551,False,not_significant,
MDB_ANALYTICAL_2024_2,MDB_METHOD_1.1,BR_HEALTH_REGIONS_END2024_V1,31002,Guaxupé,MG,8,145365,2442.5589116119941,59.513405923980251,9.5246679809835282,0.59360730593607303,90.950223126620642,0.53424657534246578,2,1.3758470058129535,0.23287671232876711,0,0,0.31278538812785389,3.8999999999999999,2.6829016613352592,0.41552511415525112,0.5639269406392694,0.32039573820395728,0.24353120243531212,0.0011942612475111347,0.49490000000000001,0.49945080459770114,False,not_significant,ZERO_REGISTERED_BEDS
MDB_ANALYTICAL_2024_2,MDB_METHOD_1.1,BR_HEALTH_REGIONS_END2024_V1,31003,Itajubá,MG,15,207172,3143.5824382150645,65.903154783379208,11.155126739484514,0.76027397260273977,45.476902732645812,0.22374429223744291,2,0.96538142219991119,0.098173515981735099,0,0,0.31278538812785389,7.25,3.499507655474678,0.62328767123287676,0.49200913242009137,0.34474885844748848,0.14726027397260288,-0.044484738643219744,0.43819999999999998,0.4657864406779661,False,not_significant,ZERO_REGISTERED_BEDS
MDB_ANALYTICAL_2024_2,MDB_METHOD_1.1,BR_HEALTH_REGIONS_END2024_V1,31004,Lavras,MG,10,192850,3753.6110121836759,51.377193687368489,12.112570378180434,0.85616438356164382,26.794118516997735,0.1164383561643835,4,2.0741508944775733,0.5182648401826484,0,0,0.31278538812785389,6.7999999999999998,3.5260565206118741,0.63013698630136983,0.48630136986301364,0.48706240487062402,-0.00076103500761037779,0.00083847091752328132,0.25369999999999998,0.35147697160883284,False,not_significant,ZERO_REGISTERED_BEDS
MDB_ANALYTICAL_2024_2,MDB_METHOD_1.1,BR_HEALTH_REGIONS_END2024_V1,31006,Poços de Caldas,MG,6,243453,2374.8820574372271,102.51161704540139,10.431473492417698,0.68264840182648401,46.38978708877243,0.2351598173515981,4,1.6430276069713663,0.36073059360730592,8,3.2860552139427326,0.83561643835616439,6.4999999999999991,2.6699198613284696,0.4132420091324201,0.45890410958904104,0.5365296803652968,-0.077625570776255759,-0.12777848935086397,0.22209999999999999,0.32718758389261743,False,not_significant,
MDB_ANALYTICAL_2024_2,MDB_METHOD_1.1,BR_HEALTH_REGIONS_END2024_V1,31007,Pouso Alegre,MG,32,601775,8018.2285978324571,75.050865993353696,9.2980493991256328,0.56849315068493156,93.466432823033898,0.54794520547945202,9,1.4955755888828881,0.28310502283105021,15,2.49262598147148,0.78538812785388123,14.35,2.3846121889410496,0.35616438356164382,0.55821917808219179,0.47488584474885842,0.08333333333333337,0.097806264104740068,0.1847,0.29484836363636369,False,not_significant,
MDB_ANALYTICAL_2024_2,MDB_METHOD_1.1,BR_HEALTH_REGIONS_END2024_V1,31008,São Lourenço,MG,24,264336,6410.1871079927969,41.236861818027457,11.941845720105487,0.84703196347031962,111.21853810814738,0.63013698630136983,11,4.1613703770958175,0.91324200913242004,5,1.8915319895890079,0.74885844748858443,9.0250000000000004,3.4142152412081592,0.61187214611872143,0.73858447488584478,0.75799086757990863,-0.019406392694063856,0.024095050016619823,0.18210000000000001,0.29484836363636369,False,not_significant,
MDB_ANALYTICAL_2024_2,MDB_METHOD_1.1,BR_HEALTH_REGIONS_END2024_V1,31009,São Sebastião do Paraíso,MG,6,130172,2572.8927539906053,50.593636208932828,10.860387096817526,0.73744292237442921,90.258973824897595,0.52968036529680362,4,3.0728574501428878,0.80593607305936077,1,0.76821436253572195,0.67808219178082196,6.2249999999999996,4.782134406784869,0.83561643835616439,0.63356164383561642,0.77321156773211575,-0.13964992389649933,-0.40648713461848685,0.042500000000000003,0.12115259740259741,False,not_significant,
MDB_ANALYTICAL_2024_2,MDB_METHOD_1.1,BR_HEALTH_REGIONS_END2024_V1,31010,Três Corações,MG,5,114339,2051.9001125624623,55.723472746054242,13.113671203998033,0.908675799086758,21.614043286502906,0.089041095890410898,4,3.4983688855071327,0.85844748858447484,0,0,0.31278538812785389,5,4.3729611068839151,0.76484018264840181,0.49885844748858443,0.64535768645357683,-0.1464992389649924,0.11159500542495913,0.35730000000000001,0.4138646437994723,False,not_significant,ZERO_REGISTERED_BEDS
MDB_ANALYTICAL_2024_2,MDB_METHOD_1.1,BR_HEALTH_REGIONS_END2024_V1,31011,Três Pontas,MG,5,127567,2418.0367990312734,52.756434497236171,10.773591623906524,0.73059360730593603,111.5364273782656,0.63470319634703198,3,2.3517053783502004,0.61872146118721461,12,9.4068215134008017,0.97945205479452058,5.4500000000000002,4.2722647706695307,0.74885844748858443,0.68264840182648401,0.78234398782343995,-0.099695585996955938,0.069191089288079419,0.32869999999999999,0.40083138888888886,False,not_significant,
MDB_ANALYTICAL_2024_2,MDB_METHOD_1.1,BR_HEALTH_REGIONS_END2024_V1,31012,Varginha,MG,6,222756,2163.6277933374031,102.95486159215866,11.618109870485689,0.82191780821917804,50.730168192335071,0.26712328767123289,5,2.2446084505018944,0.58447488584474883,1,0.44892169010037891,0.65296803652968038,7.2249999999999996,3.2434592109752378,0.56849315068493156,0.54452054794520544,0.60197869101978696,-0.057458143074581525,0.048765169997839877,0.31719999999999998,0.39005826330532212,False,not_significant,
MDB_ANALYTICAL_2024_2,MDB_METHOD_1.1,BR_HEALTH_REGIONS_END2024_V1,31013,Barbacena,MG,15,228489,4441.0205102224782,51.449661057420691,11.979719414876037,0.84931506849315064,301.21974322729193,0.94977168949771684,6,2.6259469821304307,0.70776255707762559,14,6.1272096249710062,0.94748858447488582,18.225000000000001,7.9763139582211826,0.98630136986301364,0.89954337899543368,0.88051750380517502,0.019025875190258668,-0.054811615172216319,0.060100000000000001,0.15326936416184972,False,not_significant,
MDB_ANALYTICAL_2024_2,MDB_METHOD_1.1,BR_HEALTH_REGIONS_END2024_V1,31015,São João Del Rei,MG,18,244660,6989.119501600152,35.005840141091497,10.814951586098951,0.73515981735159819,73.798821678813866,0.4269406392694064,5,2.0436524155971552,0.5091324200913242,1,0.408730483119431,0.64611872146118721,4.7999999999999998,1.9619063189732688,0.2260273972602739,0.58105022831050235,0.46042617960426169,0.12062404870624066,-0.33959600529740208,0.037499999999999999,0.11225436241610738,False,not_significant,
MDB_ANALYTICAL_2024_2,MDB_METHOD_1.1,BR_HEALTH_REGIONS_END2024_V1,31016,Belo Horizonte/Nova Lima/Santa Luzia,MG,13,3357191,4496.5514453071391,746.61460918094429,5.3690433050997273,0.12557077625570776,30.134355197680481,0.139269406392694,28,0.83403059283788139,0.059360730593607303,4,0.1191472275482687,0.62785388127853881,153.90000000000009,4.5841895799196442,0.80136986301369861,0.13242009132420088,0.49619482496194828,-0.36377473363774737,1.74009408546694,0.0011000000000000001,0.011778048780487806,True,low-low,
MDB_ANALYTICAL_2024_2,MDB_METHOD_1.1,BR_HEALTH_REGIONS_END2024_V1,31017,Betim,MG,13,768661,3710.8120245105506,207.14091549851145,7.2751643844180514,0.31963470319634701,27.12951313498645,0.1210045662100456,12,1.5611563485073394,0.30593607305936071,4,0.52038544950244647,0.66210045662100458,40.049999999999997,5.210359313143246,0.88356164383561642,0.22031963470319632,0.61719939117199385,-0.39687975646879753,1.8045191038173616,0.0011000000000000001,0.011778048780487806,True,low-low,
MDB_ANALYTICAL_2024_2,MDB_METHOD_1.1,BR_HEALTH_REGIONS_END2024_V1,31018,Contagem,MG,3,868015,333.65425769491725,2601.5403070135108,3.2651864186954778,0.011415525114155251,21.847572530472931,0.091324200913242004,9,1.0368484415591896,0.1164383561643835,10,1.1520538239546552,0.70319634703196343,32.725000000000016,3.7700961388916112,0.67579908675799083,0.051369863013698627,0.49847792998477919,-0.44710806697108058,2.9219902861298612,0.0124,0.054435999999999998,True,low-low,
MDB_ANALYTICAL_2024_2,MDB_METHOD_1.1,BR_HEALTH_REGIONS_END2024_V1,31019,Curvelo,MG,11,184320,15822.059478173078,11.649558027150258,11.520148700992966,0.80593607305936077,56.152909807558551,0.30593607305936071,4,2.1701388888888888,0.55022831050228316,5,2.7126736111111112,0.79680365296803657,5.8000000000000007,3.1467013888888893,0.54109589041095896,0.55593607305936077,0.62937595129375967,-0.073439878234398903,0.0012485006125019884,0.49840000000000001,0.49953789954337902,False,not_significant,
MDB_ANALYTICAL_2024_2,MDB_METHOD_1.1,BR_HEALTH_REGIONS_END2024_V1,31020,Guanhães,MG,9,91074,5208.5342123448763,17.485533604472302,6.8900678494171039,0.28310502283105021,55.856336043400013,0.29908675799086759,2,2.1960164262028679,0.55936073059360736,1,1.0980082131014339,0.69634703196347036,3.0749999999999993,3.3763752552869088,0.60273972602739723,0.2910958904109589,0.61948249619482498,-0.32838660578386608,0.99307176807991882,0.035700000000000003,0.1095965034965035,False,not_significant,
MDB_ANALYTICAL_2024_2,MDB_METHOD_1.1,BR_HEALTH_REGIONS_END2024_V1,31021,Itabira,MG,13,235843,6044.8434915435491,39.015567620556801,8.8733342217670259,0.51598173515981738,136.33902782620035,0.71004566210045661,6,2.5440653315977153,0.67808219178082196,6,2.5440653315977153,0.79223744292237441,8.1999999999999993,3.4768892865168772,0.62100456621004563,0.61301369863013699,0.69710806697108063,-0.084094368340943637,0.36345599437006676,0.00089999999999999998,0.010975,True,low-low,
MDB_ANALYTICAL_2024_2,MDB_METHOD_1.1,BR_HEALTH_REGIONS_END2024_V1,31022,Ouro Preto,MG,3,197536,3028.1223456170178,65.233823952297925,7.6639743491634018,0.36529680365296802,65.133395915812955,0.36986301369863012,9,4.556131540579945,0.93378995433789957,10,5.0623683784221614,0.92237442922374424,11.974999999999994,6.0621861331605356,0.9360730593607306,0.36757990867579904,0.93074581430745817,-0.56316590563165914,2.6089134560727607,0.0033999999999999998,0.023321874999999999,True,low-low,
MDB_ANALYTICAL_2024_2,MDB_METHOD_1.1,BR_HEALTH_REGIONS_END2024_V1,31023,João Monlevade,MG,5,144351,1714.6410356491831,84.187300431280661,6.8539670201684002,0.27168949771689499,50.968399592252808,0.26940639269406391,4,2.7710234082202412,0.73515981735159819,1,0.69275585205506029,0.67579908675799083,4.4249999999999998,3.0654446453436415,0.52511415525114158,0.27054794520547942,0.64535768645357683,-0.37480974124809741,0.58245530932854572,0.25750000000000001,0.35215732087227414,False,not_significant,
MDB_ANALYTICAL_2024_2,MDB_METHOD_1.1,BR_HEALTH_REGIONS_END2024_V1,31024,Sete Lagoas,MG,24,448347,15091.507531943626,29.708562849072617,8.9820231886709578,0.53424657534246578,104.9880125627447,0.59817351598173518,7,1.5612906967148212,0.30821917808219179,14,3.1225813934296425,0.81963470319634701,8.8000000000000007,1.9627654472986329,0.22831050228310501,0.56621004566210043,0.45205479452054798,0.11415525114155245,-0.18249804688525137,0.1099,0.21830814479638008,False,not_significant,
MDB_ANALYTICAL_2024_2,MDB_METHOD_1.1,BR_HEALTH_REGIONS_END2024_V1,31025,Vespasiano/Lagoa Santa,MG,7,361973,1635.877812925055,221.27141595787583,5.3015972638082864,0.11415525114155251,66.330678546937136,0.38356164383561642,9,2.486373293035669,0.66210045662100458,0,0,0.31278538812785389,11.200000000000005,3.0941534313332775,0.53196347031963476,0.24885844748858446,0.50228310502283102,-0.25342465753424659,0.64072115928956963,0.068000000000000005,0.16750670391061451,False,not_significant,ZERO_REGISTERED_BEDS
MDB_ANALYTICAL_2024_2,MDB_METHOD_1.1,BR_HEALTH_REGIONS_END2024_V1,31026,Diamantina/Itamarandiba,MG,12,142349,12507.841096189744,11.380780976132138,8.1084870298636957,0.41552511415525112,159.15218693828641,0.75114155251141557,2,1.4049975763791809,0.23972602739726021,7,4.9174915173271323,0.9178082191780822,6,4.2149927291375429,0.74200913242009137,0.58333333333333337,0.63318112633181123,-0.049847792998477858,0.12263259179843798,0.046100000000000002,0.12739079754601229,False,not_significant,
MDB_ANALYTICAL_2024_2,MDB_METHOD_1.1,BR_HEALTH_REGIONS_END2024_V1,31027,Turmalina/Minas Novas/Capelinha,MG,8,114858,6412.7293339576509,17.910938388087988,12.069234366780638,0.85388127853881279,344.95831271397111,0.97488584474885842,5,4.3532013442685749,0.92237442922374424,7,6.0944818819760052,0.94292237442922378,3.0499999999999998,2.6554528200038305,0.41095890410958902,0.91438356164383561,0.75875190258751901,0.1556316590563166,-0.756593112807177,0.0025999999999999999,0.020382142857142856,True,high-low,
MDB_ANALYTICAL_2024_2,MDB_METHOD_1.1,BR_HEALTH_REGIONS_END2024_V1,31028,Bom Despacho,MG,7,110928,5785.6145690975973,19.17307118806254,8.4390425424762707,0.46118721461187212,171.58617522936055,0.78082191780821919,2,1.8029712966969569,0.4132420091324201,0,0,0.31278538812785389,5.4249999999999998,4.8905596422904951,0.85159817351598177,0.62100456621004563,0.52587519025875196,0.095129375951293671,0.11745642304078026,0.23350000000000001,0.33830528052805281,False,not_significant,ZERO_REGISTERED_BEDS
MDB_ANALYTICAL_2024_2,MDB_METHOD_1.1,BR_HEALTH_REGIONS_END2024_V1,31030,Formiga,MG,8,125033,6175.1070200125305,20.247908189248889,10.436927640598723,0.68493150684931503,64.683225928885875,0.36757990867579909,2,1.5995777114841685,0.32420091324200911,0,0,0.31278538812785389,3.1749999999999998,2.5393296169811168,0.3995433789954338,0.52625570776255703,0.34550989345509892,0.18074581430745812,0.133039281233128,0.31609999999999999,0.39005826330532212,False,not_significant,ZERO_REGISTERED_BEDS
MDB_ANALYTICAL_2024_2,MDB_METHOD_1.1,BR_HEALTH_REGIONS_END2024_V1,31031,Itaúna,MG,4,137312,1499.6869684489816,91.560440871211895,9.7129015842081898,0.61872146118721461,20.362101957705708,0.082191780821917804,4,2.9130738755534842,0.75799086757990863,0,0,0.31278538812785389,3.75,2.7310067583313913,0.4315068493150685,0.3504566210045662,0.50076103500761027,-0.15030441400304406,0.5570382784587784,0.022800000000000001,0.081375609756097561,True,low-low,ZERO_REGISTERED_BEDS
MDB_ANALYTICAL_2024_2,MDB_METHOD_1.1,BR_HEALTH_REGIONS_END2024_V1,31032,Pará de Minas/Nova Serrana,MG,8,270470,2707.204851867029,99.907474609270835,10.581948718224609,0.69863013698630139,32.854848033787825,0.1529680365296803,7,2.5880874034088808,0.69178082191780821,0,0,0.31278538812785389,10.200000000000005,3.771213073538656,0.67808219178082196,0.42579908675799083,0.560882800608828,-0.13508371385083717,0.15916267971774267,0.25869999999999999,0.35269968944099378,False,not_significant,ZERO_REGISTERED_BEDS
MDB_ANALYTICAL_2024_2,MDB_METHOD_1.1,BR_HEALTH_REGIONS_END2024_V1,31034,Caratinga,MG,13,201971,3911.9494228478502,51.629246232168214,7.2554529496552309,0.31506849315068491,154.9854763077106,0.73972602739726023,7,3.4658441063320971,0.85616438356164382,0,0,0.31278538812785389,7.7999999999999998,3.8619405756271941,0.69178082191780821,0.5273972602739726,0.62024353120243525,-0.092846270928462649,0.29042841191133789,0.046100000000000002,0.12739079754601229,False,not_significant,ZERO_REGISTERED_BEDS
MDB_ANALYTICAL_2024_2,MDB_METHOD_1.1,BR_HEALTH_REGIONS_END2024_V1,31035,Coronel Fabriciano/Timóteo,MG,8,224506,2516.504202473493,89.213441320436189,9.0602621924330045,0.54109589041095896,51.793325339253705,0.27853881278538811,5,2.2271119702814182,0.56849315068493156,0,0,0.31278538812785389,6.9249999999999989,3.0845500788397633,0.52968036529680362,0.40981735159817356,0.47031963470319638,-0.060502283105022814,0.15990113125578678,0.076399999999999996,0.17537253886010362,False,not_significant,ZERO_REGISTERED_BEDS
MDB_ANALYTICAL_2024_2,MDB_METHOD_1.1,BR_HEALTH_REGIONS_END2024_V1,31036,Governador Valadares,MG,25,412871,9919.2856324670083,41.62305787915048,7.6139154344879989,0.36073059360730592,72.614216446717506,0.4223744292237443,6,1.453238420717367,0.26484018264840181,10,2.4220640345289448,0.78082191780821919,11.625,2.8156494401398984,0.4589041095890411,0.39155251141552511,0.50152207001522064,-0.10996955859969554,0.62197374574791497,0.00020000000000000001,0.005164705882352941,True,low-low,
MDB_ANALYTICAL_2024_2,MDB_METHOD_1.1,BR_HEALTH_REGIONS_END2024_V1,31037,Ipatinga,MG,14,390444,3695.343357370798,105.65838197990814,7.5522071422585233,0.34931506849315069,198.22451615546879,0.84703196347031962,7,1.7928307260452203,0.41095890410958902,11,2.8173054266424891,0.80136986301369861,19.100000000000001,4.8918666953519585,0.85388127853881279,0.59817351598173518,0.68873668188736692,-0.090563165905631737,0.21033329091161068,0.1026,0.21146197183098589,False,not_significant,
MDB_ANALYTICAL_2024_2,MDB_METHOD_1.1,BR_HEALTH_REGIONS_END2024_V1,31038,Mantena,MG,8,65874,2242.5838515930236,29.374152477378395,8.8967580781068207,0.52283105022831056,48.370274450921805,0.24657534246575341,5,7.5902480493062514,0.99315068493150682,0,0,0.31278538812785389,5.5750000000000002,8.4631265749764708,0.9908675799086758,0.38470319634703198,0.76560121765601219,-0.38089802130898021,1.1323620235738896,0.038100000000000002,0.11225436241610738,False,not_significant,ZERO_REGISTERED_BEDS
MDB_ANALYTICAL_2024_2,MDB_METHOD_1.1,BR_HEALTH_REGIONS_END2024_V1,31040,Resplendor,MG,7,83944,5306.2217445243414,15.81991934027719,6.8795848165140097,0.27625570776255709,182.73347074678929,0.81050228310502281,4,4.7650814828933576,0.94748858447488582,5,5.9563518536166962,0.93835616438356162,1.8999999999999999,2.2634137043743445,0.31506849315068491,0.54337899543378998,0.73363774733637743,-0.19025875190258745,0.7270065344222284,0.019199999999999998,0.071802542372881348,True,low-low,
MDB_ANALYTICAL_2024_2,MDB_METHOD_1.1,BR_HEALTH_REGIONS_END2024_V1,31041,Além Paraíba,MG,5,53299,1261.0259166663227,42.266379537148985,6.0935592269754322,0.19406392694063926,116.4934838404226,0.66666666666666663,2,3.7524156175538006,0.88584474885844744,1,1.8762078087769003,0.74657534246575341,3.8999999999999999,7.3172104542299108,0.97716894977168944,0.43036529680365293,0.86986301369863017,-0.43949771689497724,1.6791935151068937,0.011599999999999999,0.051963265306122441,True,low-low,
MDB_ANALYTICAL_2024_2,MDB_METHOD_1.1,BR_HEALTH_REGIONS_END2024_V1,31042,Carangola,MG,11,130694,2465.4827775910871,53.009496228440611,5.799410390654316,0.16894977168949771,209.37884276645951,0.86986301369863017,7,5.3560224646885084,0.97488584474885842,9,6.8863145974566553,0.9634703196347032,4.2750000000000004,3.270999433791911,0.57534246575342463,0.51940639269406397,0.83789954337899542,-0.31849315068493145,1.0284044846963802,0.026800000000000001,0.091203100775193793,True,low-low,
MDB_ANALYTICAL_2024_2,MDB_METHOD_1.1,BR_HEALTH_REGIONS_END2024_V1,31044,Leopoldina/Cataguases,MG,10,174503,2883.8317740417806,60.510811195976451,6.5566627479982316,0.24657534246575341,124.89036342142396,0.67808219178082196,5,2.865280253061552,0.74657534246575341,8,4.5844484048984828,0.908675799086758,7.5750000000000002,4.3408995833882518,0.75570776255707761,0.46232876712328769,0.80365296803652964,-0.34132420091324195,1.318533087273708,0.017999999999999999,0.069315789473684206,True,low-low,
MDB_ANALYTICAL_2024_2,MDB_METHOD_1.1,BR_HEALTH_REGIONS_END2024_V1,31045,Muriaé,MG,11,171229,2673.1492477751212,64.055158963726015,8.1817052096140053,0.42465753424657532,276.82686234296898,0.93835616438356162,6,3.5040793323560844,0.86073059360730597,8,4.6721057764747798,0.91324200913242004,10.975,6.4095451121013394,0.94748858447488582,0.68150684931506844,0.90715372907153735,-0.22564687975646891,0.96875436984075913,0.0097000000000000003,0.046285869565217394,True,low-low,
MDB_ANALYTICAL_2024_2,MDB_METHOD_1.1,BR_HEALTH_REGIONS_END2024_V1,31046,Santos Dumont,MG,3,47549,867.60162911064992,54.80510686539504,8.849803908189541,0.5091324200913242,9.0579079019794992,0.025114155251141499,1,2.1030936507602687,0.5273972602739726,0,0,0.31278538812785389,1.05,2.2082483332982816,0.30136986301369861,0.26712328767123283,0.38051750380517491,-0.11339421613394207,0.2602444540982074,0.1295,0.23510082644628097,False,not_significant,ZERO_REGISTERED_BEDS
MDB_ANALYTICAL_2024_2,MDB_METHOD_1.1,BR_HEALTH_REGIONS_END2024_V1,31047,São João Nepomuceno/Bicas,MG,9,73780,1591.8537193220459,46.348479828549905,8.4011344130677834,0.454337899543379,34.00712789400658,0.15981735159817351,1,1.3553808620222283,0.20547945205479451,0,0,0.31278538812785389,1.8500000000000001,2.5074545947411222,0.38127853881278539,0.30707762557077622,0.29984779299847791,0.0072298325722983114,-0.032854624527876436,0.0135,0.056985576923076924,True,high-low,ZERO_REGISTERED_BEDS
MDB_ANALYTICAL_2024_2,MDB_METHOD_1.1,BR_HEALTH_REGIONS_END2024_V1,31048,Ubá,MG,20,308774,4421.8939270943965,69.828450227636694,8.903152618732241,0.5273972602739726,115.7548895622626,0.65981735159817356,10,3.2386146501972313,0.82876712328767121,13,4.2101990452564007,0.88584474885844744,13.999999999999998,4.5340605102761238,0.78995433789954339,0.59360730593607314,0.8348554033485539,-0.24124809741248077,0.59133534664966381,0.047,0.12739079754601229,False,not_significant,
MDB_ANALYTICAL_2024_2,MDB_METHOD_1.1,BR_HEALTH_REGIONS_END2024_V1,31050,Coração de Jesus,MG,5,44898,5578.9293882559423,8.0477806538497507,13.166604716873245,0.91095890410958902,150.00258625148712,0.72602739726027399,2,4.4545414049623586,0.92922374429223742,3,6.6818121074435384,0.954337899543379,4.5250000000000004,10.078399928727338,0.99771689497716898,0.81849315068493156,0.9604261796042618,-0.14193302891933024,0.15266266407373835,0.30249999999999999,0.38492028985507243,False,not_significant,
MDB_ANALYTICAL_2024_2,MDB_METHOD_1.1,BR_HEALTH_REGIONS_END2024_V1,31051,Francisco Sá,MG,6,66924,10730.408008491171,6.2368551081228034,7.7587580614785878,0.37671232876712329,198.17775553782965,0.84474885844748859,4,5.97692905385213,0.9817351598173516,6,8.9653935807781959,0.97488584474885842,2.125,3.1752435598589441,0.545662100456621,0.61073059360730597,0.83409436834094375,-0.22336377473363778,0.35124591713640169,0.13739999999999999,0.24322016129032256,False,not_significant,
MDB_ANALYTICAL_2024_2,MDB_METHOD_1.1,BR_HEALTH_REGIONS_END2024_V1,31052,Janaúba/Monte Azul,MG,15,273833,18856.53700251472,14.521913539240076,9.3398994510716289,0.5730593607305936,108.74621580217688,0.61643835616438358,12,4.3822329668082372,0.92465753424657537,8,2.9214886445388251,0.80365296803652964,7.7000000000000002,2.8119328203686189,0.45662100456621002,0.59474885844748859,0.72831050228310501,-0.13356164383561642,0.11851976576859898,0.28089999999999998,0.37255317220543804,False,not_significant,
MDB_ANALYTICAL_2024_2,MDB_METHOD_1.1,BR_HEALTH_REGIONS_END2024_V1,31053,Januária,MG,5,113138,15143.461860215371,7.4710790071875239,11.022264339282239,0.75342465753424659,7.0617728580760195,0.013698630136986301,3,2.6516289840725484,0.71461187214611877,0,0,0.31278538812785389,2,1.7677526560483658,0.1666666666666666,0.38356164383561642,0.3980213089802131,-0.014459665144596678,0.012606090945947871,0.30109999999999998,0.38438023255813952,False,not_significant,ZERO_REGISTERED_BEDS
MDB_ANALYTICAL_2024_2,MDB_METHOD_1.1,BR_HEALTH_REGIONS_END2024_V1,31055,Pirapora,MG,7,137220,17783.777551657848,7.7160209410743565,10.321825177294597,0.67351598173515981,29.088652516653251,0.13242009132420091,7,5.1012971869989796,0.9634703196347032,0,0,0.31278538812785389,3.4500000000000002,2.5142107564494975,0.38812785388127852,0.40296803652968038,0.5547945205479452,-0.15182648401826482,0.026307336042824973,0.45079999999999998,0.47231789976133648,False,not_significant,ZERO_REGISTERED_BEDS
MDB_ANALYTICAL_2024_2,MDB_METHOD_1.1,BR_HEALTH_REGIONS_END2024_V1,31057,Patos de Minas,MG,11,279735,18329.442014480835,15.261512040519319,14.192163985491808,0.954337899543379,32.554781528585139,0.15068493150684931,7,2.5023683128675351,0.66894977168949776,0,0,0.31278538812785389,6.3250000000000011,2.2610685112695945,0.31278538812785389,0.55251141552511418,0.4315068493150685,0.12100456621004568,0.034900626262327365,0.41880000000000001,0.45420859950859949,False,not_significant,ZERO_REGISTERED_BEDS
MDB_ANALYTICAL_2024_2,MDB_METHOD_1.1,BR_HEALTH_REGIONS_END2024_V1,31058,Unaí/Paracatu,MG,12,282380,40938.472161105768,6.897668259058273,10.571136839737127,0.69634703196347036,35.155772138337966,0.1666666666666666,6,2.1247963736808555,0.54109589041095896,0,0,0.31278538812785389,8.9749999999999996,3.1783412422976132,0.55022831050228316,0.4315068493150685,0.4680365296803653,-0.036529680365296802,-0.018630475461169225,0.34189999999999998,0.40786440217391301,False,not_significant,ZERO_REGISTERED_BEDS
MDB_ANALYTICAL_2024_2,MDB_METHOD_1.1,BR_HEALTH_REGIONS_END2024_V1,31059,Manhuaçu,MG,23,360552,7545.9055293757083,47.781144171020301,6.7464285370414272,0.26027397260273971,56.174445835371671,0.30821917808219179,14,3.8829350551376778,0.89269406392694062,12,3.3282300472608664,0.83789954337899542,13.800000000000002,3.8274645543499974,0.68949771689497719,0.28424657534246578,0.80669710806697115,-0.52245053272450537,1.1175477341030304,0.081000000000000003,0.18235384615384617,False,not_significant,
MDB_ANALYTICAL_2024_2,MDB_METHOD_1.1,BR_HEALTH_REGIONS_END2024_V1,31060,Ponte Nova,MG,21,211880,5942.8195084850277,35.653110396080912,8.2729283237164601,0.4360730593607306,23.559901048415597,0.1004566210045662,5,2.3598263167830846,0.62328767123287676,0,0,0.31278538812785389,4.4249999999999998,2.0884462903530299,0.24885844748858441,0.2682648401826484,0.3949771689497717,-0.12671232876712329,0.59699378132081349,0.00040000000000000002,0.0070239999999999999,True,low-low,ZERO_REGISTERED_BEDS
MDB_ANALYTICAL_2024_2,MDB_METHOD_1.1,BR_HEALTH_REGIONS_END2024_V1,31061,Viçosa,MG,9,138503,1938.2771961638739,71.456755656062569,10.756332423209368,0.72602739726027399,132.85944387110465,0.70319634703196343,6,4.3320361291813176,0.92009132420091322,10,7.2200602153021949,0.96575342465753422,4.8749999999999991,3.51977935495982,0.62785388127853881,0.71461187214611877,0.8378995433789953,-0.12328767123287654,0.52543314976110955,0.010500000000000001,0.048521052631578951,True,low-low,
MDB_ANALYTICAL_2024_2,MDB_METHOD_1.1,BR_HEALTH_REGIONS_END2024_V1,31062,Águas Formosas,MG,8,56636,4250.9290583155798,13.323205168340747,3.8038319594828631,0.029680365296803651,59.78302279374271,0.33561643835616439,3,5.2969842503001621,0.9726027397260274,2,3.5313228335334417,0.84931506849315064,2.1000000000000001,3.7078889752101136,0.65753424657534243,0.18264840182648401,0.82648401826484008,-0.64383561643835607,4.3497457798168071,0.0011000000000000001,0.011778048780487806,True,low-low,SMALL_SUICIDE_COUNT
MDB_ANALYTICAL_2024_2,MDB_METHOD_1.1,BR_HEALTH_REGIONS_END2024_V1,31064,Araçuaí,MG,6,78501,5356.7668396804456,14.654548601686558,3.2752146059930256,0.013698630136986301,136.95292348280526,0.71461187214611877,5,6.3693456134316762,0.98630136986301364,4,5.0954764907453409,0.92465753424657537,2.8500000000000001,3.6305269996560554,0.64383561643835618,0.36415525114155256,0.85159817351598166,-0.4874429223744291,2.109385076792293,0.0051000000000000004,0.029852,True,low-low,SMALL_SUICIDE_COUNT
MDB_ANALYTICAL_2024_2,MDB_METHOD_1.1,BR_HEALTH_REGIONS_END2024_V1,31065,Itaobim,MG,6,75981,6147.6073065202445,12.359442659815535,3.7655071213686506,0.027397260273972601,39.17540133022252,0.18721461187214611,5,6.5805925165501904,0.98858447488584478,2,2.632237006620076,0.79452054794520544,3.4500000000000002,4.540608836419632,0.79223744292237441,0.10730593607305935,0.85844748858447495,-0.75114155251141557,4.4137109098423419,0.00020000000000000001,0.005164705882352941,True,low-low,SMALL_SUICIDE_COUNT
MDB_ANALYTICAL_2024_2,MDB_METHOD_1.1,BR_HEALTH_REGIONS_END2024_V1,31066,Nanuque,MG,3,61342,5055.8952215891859,12.132767257134489,1.7772750817885656,0.0022831050228310501,83.298401745504563,0.4863013698630137,2,3.2604088552704513,0.83333333333333337,0,0,0.31278538812785389,2.9499999999999997,4.8091030615239152,0.83789954337899542,0.24429223744292239,0.66133942161339421,-0.41704718417047182,2.568054793142295,0.0018,0.016126530612244897,True,low-low,SMALL_SUICIDE_COUNT|ZERO_REGISTERED_BEDS
MDB_ANALYTICAL_2024_2,MDB_METHOD_1.1,BR_HEALTH_REGIONS_END2024_V1,31067,Padre Paraíso,MG,4,54966,2744.8900075612196,20.024846113537425,6.4766932949576397,0.23515981735159816,54.082963265649504,0.29452054794520549,3,5.4579194411090493,0.97716894977168944,1,1.819306480369683,0.74200913242009137,1.8,3.2747516646654296,0.57762557077625576,0.26484018264840181,0.76560121765601219,-0.50076103500761038,4.3536826951931502,0.00029999999999999997,0.0065849999999999988,True,low-low,
MDB_ANALYTICAL_2024_2,MDB_METHOD_1.1,BR_HEALTH_REGIONS_END2024_V1,31068,Pedra azul,MG,5,65916,4334.5386172437802,15.207154860213072,8.0009137996043016,0.3995433789954338,40.569391408417133,0.1940639269406392,6,9.1024940833788435,1,0,0,0.31278538812785389,3.2250000000000001,4.8925905698161296,0.85616438356164382,0.29680365296803651,0.72298325722983259,-0.42617960426179607,2.2248290866962095,0.0030000000000000001,0.021950000000000001,True,low-low,ZERO_REGISTERED_BEDS
MDB_ANALYTICAL_2024_2,MDB_METHOD_1.1,BR_HEALTH_REGIONS_END2024_V1,31070,Araxá,MG,8,199096,9981.9144432430567,19.945672859856231,10.28166578679142,0.66210045662100458,65.872471572387752,0.38127853881278539,4,2.0090810463294089,0.4908675799086758,0,0,0.31278538812785389,6.7249999999999996,3.3777675091413184,0.60502283105022836,0.52168949771689499,0.469558599695586,0.052130898021308991,0.062669925267817006,0.21890000000000001,0.32465236486486493,False,not_significant,ZERO_REGISTERED_BEDS
MDB_ANALYTICAL_2024_2,MDB_METHOD_1.1,BR_HEALTH_REGIONS_END2024_V1,31071,Frutal/Iturama,MG,11,178347,13219.537091588369,13.491168318857603,10.546502341702253,0.69178082191780821,52.45859719318301,0.28310502283105021,3,1.6821140809769719,0.37442922374429222,0,0,0.31278538812785389,7.0249999999999995,3.9389504729544087,0.70776255707762559,0.48744292237442921,0.4649923896499239,0.022450532724505312,0.036111474471609228,0.099199999999999997,0.20764075829383885,False,not_significant,ZERO_REGISTERED_BEDS
MDB_ANALYTICAL_2024_2,MDB_METHOD_1.1,BR_HEALTH_REGIONS_END2024_V1,31072,Uberaba,MG,8,444332,12509.526657930915,35.519489437939519,7.6049442605911404,0.35388127853881279,189.88964703133368,0.81963470319634701,6,1.3503416364340175,0.2031963470319634,6,1.3503416364340175,0.71232876712328763,16.549999999999997,3.724692347163832,0.66666666666666663,0.58675799086757996,0.5273972602739726,0.059360730593607358,-0.032166680288425044,0.35149999999999998,0.4125895721925133,False,not_significant,
MDB_ANALYTICAL_2024_2,MDB_METHOD_1.1,BR_HEALTH_REGIONS_END2024_V1,31073,Ituiutaba,MG,9,193858,13584.872420724316,14.2701376940619,10.761522676840066,0.72831050228310501,204.15124764838441,0.85844748858447484,3,1.5475244766788061,0.30365296803652969,0,0,0.31278538812785389,4.0750000000000002,2.1020540808220449,0.25799086757990869,0.79337899543378998,0.29147640791476409,0.50190258751902594,0.0008204325965973007,0.4899,0.49668845265588918,False,not_significant,ZERO_REGISTERED_BEDS
MDB_ANALYTICAL_2024_2,MDB_METHOD_1.1,BR_HEALTH_REGIONS_END2024_V1,31074,Patrocínio/Monte Carmelo,MG,9,200668,10568.756257448867,18.986907741255649,11.772925362366552,0.83333333333333337,112.15570951003644,0.64383561643835618,4,1.9933422369286584,0.4817351598173516,15,7.4750333884824682,0.96803652968036524,6.4749999999999996,3.226722746028265,0.56164383561643838,0.73858447488584478,0.67047184170471841,0.06811263318112637,-0.023158716024647912,0.44080000000000003,0.46616115107913675,False,not_significant,
MDB_ANALYTICAL_2024_2,MDB_METHOD_1.1,BR_HEALTH_REGIONS_END2024_V1,31075,Uberlândia/Araguari,MG,9,987668,18790.679668235683,52.561589971095245,8.8309103786154388,0.50456621004566216,104.57636840380204,0.591324200913242,12,1.2149831724830611,0.1621004566210045,35,3.5437009197422613,0.85159817351598177,46.374999999999929,4.6954037186584889,0.82648401826484019,0.54794520547945202,0.61339421613394218,-0.065449010654490158,-0.11964080742772078,0.1237,0.23206965811965813,False,not_significant,
MDB_ANALYTICAL_2024_2,MDB_METHOD_1.1,BR_HEALTH_REGIONS_END2024_V1,31076,Manga,MG,5,56755,5878.2368925666678,9.6551059505222767,13.938482280386964,0.94748858447488582,152.31935510328424,0.73059360730593603,4,7.0478371949607963,0.9908675799086758,0,0,0.31278538812785389,1.5,2.6429389481102987,0.408675799086758,0.83904109589041087,0.57077625570776258,0.26826484018264829,-0.79678684590764737,0.073700000000000002,0.17394784946236561,False,not_significant,ZERO_REGISTERED_BEDS
MDB_ANALYTICAL_2024_2,MDB_METHOD_1.1,BR_HEALTH_REGIONS_END2024_V1,31077,João Pinheiro,MG,3,73174,14603.075514786286,5.0108622615768823,13.778556889636196,0.9360730593607306,11.433955188042829,0.041095890410958902,1,1.3666056249487524,0.21461187214611871,0,0,0.31278538812785389,2.25,3.0748626561346923,0.5273972602739726,0.48858447488584478,0.35159817351598172,0.13698630136986306,-0.052846060202355036,0.435,0.46350728155339804,False,not_significant,ZERO_REGISTERED_BEDS
MDB_ANALYTICAL_2024_2,MDB_METHOD_1.1,BR_HEALTH_REGIONS_END2024_V1,31078,Congonhas,MG,6,128978,1766.3475745758312,73.019603761152524,8.5688631478952857,0.4726027397260274,93.354656681098916,0.545662100456621,4,3.1013040983733662,0.81506849315068497,1,0.77532602459334155,0.68264840182648401,9.9000000000000004,7.6757276434740804,0.98401826484018262,0.5091324200913242,0.82724505327245046,-0.31811263318112626,1.4875007229204933,0.0012999999999999999,0.012406521739130434,True,low-low,
MDB_ANALYTICAL_2024_2,MDB_METHOD_1.1,BR_HEALTH_REGIONS_END2024_V1,31079,Conselheiro Lafaiete,MG,12,193784,2824.0459029193753,68.619281223323796,8.1883777488418588,0.4269406392694064,21.967377579437152,0.093607305936072999,4,2.0641539033150309,0.51369863013698636,6,3.0962308549725468,0.81735159817351599,5.3000000000000007,2.7350039218924165,0.43378995433789952,0.26027397260273971,0.5882800608828006,-0.32800608828006089,0.99268700980598079,0.0246,0.086395200000000005,True,low-low,
MDB_ANALYTICAL_2024_2,MDB_METHOD_1.1,BR_HEALTH_REGIONS_END2024_V1,31082,São Gotardo,MG,7,106580,6392.1600859035889,16.673549874796976,18.226105208883322,0.9908675799086758,53.100701687843738,0.28767123287671231,2,1.8765246762994936,0.43835616438356162,0,0,0.31278538812785389,3.0750000000000006,2.8851566898104712,0.4817351598173516,0.63926940639269403,0.41095890410958907,0.22831050228310495,0.44187666157901334,0.14760000000000001,0.25462000000000001,False,not_significant,ZERO_REGISTERED_BEDS
MDB_ANALYTICAL_2024_2,MDB_METHOD_1.1,BR_HEALTH_REGIONS_END2024_V1,31083,Bocaiúva,MG,6,75257,8789.6379848013075,8.5620136039881753,8.7261398464447417,0.49315068493150682,123.2061975376488,0.67351598173515981,2,2.6575600940776272,0.71689497716894979,4,5.3151201881552543,0.9269406392694064,1.4750000000000001,1.9599505693822503,0.2214611872146118,0.58333333333333326,0.62176560121765601,-0.038432267884322746,0.048140457626225319,0.21049999999999999,0.3197560553633218,False,not_significant,
MDB_ANALYTICAL_2024_2,MDB_METHOD_1.1,BR_HEALTH_REGIONS_END2024_V1,31084,Montes Claros,MG,6,466680,7507.5592854080905,62.161347284603231,7.4116824495287039,0.33105022831050229,224.4969133472116,0.89497716894977164,5,1.0713979600582839,0.1210045662100456,16,3.4284734721865084,0.84246575342465757,30.000000000000007,6.4283877603497057,0.95205479452054798,0.61301369863013699,0.63850837138508376,-0.025494672754946768,0.048009302149936206,0.1789,0.29195947955390333,False,not_significant,
MDB_ANALYTICAL_2024_2,MDB_METHOD_1.1,BR_HEALTH_REGIONS_END2024_V1,31085,Taiobeiras,MG,10,135769,12088.256525872341,11.231479056505409,4.8741768186837868,0.082191780821917804,82.321515895424639,0.4771689497716895,5,3.6827258063328152,0.87671232876712324,0,0,0.31278538812785389,3.649999999999999,2.6883898386229546,0.4178082191780822,0.27968036529680362,0.53576864535768642,-0.2560882800608828,0.76131832354168638,0.038100000000000002,0.11225436241610738,False,not_significant,ZERO_REGISTERED_BEDS
MDB_ANALYTICAL_2024_2,MDB_METHOD_1.1,BR_HEALTH_REGIONS_END2024_V1,31086,Divinópolis,MG,8,363859,4048.003221476758,89.886045067735907,9.0384405747797896,0.53881278538812782,49.877200485101966,0.26255707762557079,5,1.3741586713534639,0.22831050228310501,1,0.2748317342706928,0.64155251141552516,8.5249999999999986,2.3429405346576555,0.34703196347031962,0.40068493150684931,0.40563165905631648,-0.0049467275494671781,0.0024443257735511812,0.37780000000000002,0.42636041131105401,False,not_significant,
MDB_ANALYTICAL_2024_2,MDB_METHOD_1.1,BR_HEALTH_REGIONS_END2024_V1,31087,Lagoa da Prata/Santo Antônio do Monte,MG,5,134193,2621.725151938359,51.184999274536885,11.335414614040591,0.77853881278538817,23.288250952188971,0.098173515981735099,3,2.2355860588853371,0.57534246575342463,0,0,0.31278538812785389,2.875,2.1424366397651147,0.28310502283105021,0.43835616438356162,0.3904109589041096,0.047945205479452024,0.074402475719925767,0.26440000000000002,0.35824567901234566,False,not_significant,ZERO_REGISTERED_BEDS
MDB_ANALYTICAL_2024_2,MDB_METHOD_1.1,BR_HEALTH_REGIONS_END2024_V1,31088,Oliveira/Santo Antônio do Amparo,MG,6,102969,2922.3609778315235,35.234866870007956,10.691332686826522,0.71917808219178081,49.867559533446887,0.26027397260273971,5,4.8558303955559436,0.954337899543379,0,0,0.31278538812785389,5.2500000000000009,5.0986219153337418,0.87214611872146119,0.48972602739726023,0.71308980213089812,-0.22336377473363789,0.23659808139749286,0.26569999999999999,0.35860644171779138,False,not_significant,ZERO_REGISTERED_BEDS
MDB_ANALYTICAL_2024_2,MDB_METHOD_1.1,BR_HEALTH_REGIONS_END2024_V1,31089,Campo Belo,MG,7,97733,2677.8575223546563,36.496713952900222,12.970000400421341,0.89726027397260277,56.98802910143187,0.31963470319634701,3,3.0695875497528982,0.80365296803652964,0,0,0.31278538812785389,4.25,4.3485823621499389,0.75799086757990863,0.60844748858447484,0.62480974124809741,-0.016362252663622567,0.011732787408705578,0.33539999999999998,0.40674198895027625,False,not_significant,ZERO_REGISTERED_BEDS
MDB_ANALYTICAL_2024_2,MDB_METHOD_1.1,BR_HEALTH_REGIONS_END2024_V1,31090,Lima Duarte,MG,13,72927,5336.8923970150654,13.66469371591382,11.186113479155866,0.76712328767123283,26.531508453487518,0.11415525114155251,3,4.1137027438397302,0.908675799086758,0,0,0.31278538812785389,4.375,5.9991498347662731,0.92922374429223742,0.44063926940639264,0.71689497716894979,-0.27625570776255715,0.36517772100189511,0.2155,0.32453037542662111,False,not_significant,ZERO_REGISTERED_BEDS
MDB_ANALYTICAL_2024_2,MDB_METHOD_1.1,BR_HEALTH_REGIONS_END2024_V1,31091,Cássia,MG,5,48741,3152.9860964357385,15.458679013871572,11.604491460366429,0.81735159817351599,184.74802422251872,0.81506849315068497,2,4.1033216388666629,0.90639269406392697,2,4.1033216388666629,0.87899543378995437,2.2000000000000002,4.5136538027533293,0.78538812785388123,0.81621004566210043,0.8569254185692543,-0.040715372907153879,-0.037164414804831486,0.31559999999999999,0.39005826330532212,False,not_significant,
MDB_ANALYTICAL_2024_2,MDB_METHOD_1.1,BR_HEALTH_REGIONS_END2024_V1,31092,Passos,MG,9,212298,4727.4491865510199,44.90751600333649,13.764465422263999,0.93378995433789957,76.560511159560932,0.44748858447488582,6,2.826215979425148,0.73972602739726023,0,0,0.31278538812785389,8.3249999999999993,3.921374671452392,0.70319634703196343,0.69063926940639275,0.5852359208523592,0.10540334855403355,-0.061452619991274396,0.36430000000000001,0.41865890052356025,False,not_significant,ZERO_REGISTERED_BEDS
MDB_ANALYTICAL_2024_2,MDB_METHOD_1.1,BR_HEALTH_REGIONS_END2024_V1,31093,Piumhi,MG,7,82515,5479.6107097296381,15.058551486784587,11.43562438913953,0.78995433789954339,79.320528152685924,0.4589041095890411,3,3.6357025995273582,0.87214611872146119,0,0,0.31278538812785389,7.5,9.0892564988183953,0.99543378995433784,0.62442922374429222,0.72678843226788425,-0.10235920852359204,-0.060522387631667986,0.35299999999999998,0.41319707446808512,False,not_significant,ZERO_REGISTERED_BEDS
MDB_ANALYTICAL_2024_2,MDB_METHOD_1.1,BR_HEALTH_REGIONS_END2024_V1,31094,Almenara/Jacinto,MG,14,166054,14844.203032872139,11.18645437766361,5.5657192989537645,0.14611872146118721,70.245378514520382,0.40182648401826482,8,4.8177099015982749,0.95205479452054798,7,4.2154961638984911,0.88812785388127857,3.7749999999999999,2.273356859816686,0.31963470319634701,0.27397260273972601,0.71993911719939119,-0.44596651445966518,3.3267776718408668,0.0001,0.005164705882352941,True,low-low,
MDB_ANALYTICAL_2024_2,MDB_METHOD_1.1,BR_HEALTH_REGIONS_END2024_V1,31095,Serro,MG,5,58934,3895.1566015189233,15.130072043064605,9.4303144863688502,0.58447488584474883,108.54413747400652,0.61415525114155256,2,3.3936267689279531,0.85159817351598177,0,0,0.31278538812785389,3.7000000000000002,6.2782095225167147,0.94063926940639264,0.59931506849315075,0.70167427701674268,-0.10235920852359193,0.21162757153860012,0.12959999999999999,0.23510082644628097,False,not_significant,ZERO_REGISTERED_BEDS
MDB_ANALYTICAL_2024_2,MDB_METHOD_1.1,BR_HEALTH_REGIONS_END2024_V1,31096,Itambacuri,MG,6,40773,3584.2034893934642,11.375749206387781,4.4143122287154712,0.054794520547945202,73.856442554296663,0.42922374429223742,1,2.4526034385500206,0.65068493150684936,2,4.9052068771000412,0.91552511415525117,1.0249999999999999,2.5139185245137714,0.38584474885844749,0.24200913242009131,0.65068493150684936,-0.40867579908675805,2.439013621326616,0.0025000000000000001,0.019954545454545454,True,low-low,SMALL_SUICIDE_COUNT
MDB_ANALYTICAL_2024_2,MDB_METHOD_1.1,BR_HEALTH_REGIONS_END2024_V1,31097,Juiz de Fora,MG,12,618994,3551.2080128127109,174.30519354728813,8.0323669046566089,0.40639269406392692,141.30857686321977,0.71689497716894979,7,1.130867181265085,0.1484018264840182,24,3.8772589071945771,0.87214611872146119,27.250000000000007,4.4023043842105105,0.77168949771689499,0.56164383561643838,0.5974124809741248,-0.035768645357686424,0.18830372046169241,0.00040000000000000002,0.0070239999999999999,True,low-low,
MDB_ANALYTICAL_2024_2,MDB_METHOD_1.1,BR_HEALTH_REGIONS_END2024_V1,31098,Salinas,MG,6,65479,5141.4301540021315,12.735561514733524,10.344864604997904,0.67579908675799083,225.16583159218612,0.89726027397260277,3,4.5816215886009255,0.9360730593607306,3,4.5816215886009255,0.90639269406392697,1.375,2.0999098947754238,0.25342465753424659,0.7865296803652968,0.69863013698630139,0.087899543378995415,-0.57339716950541153,0.00020000000000000001,0.005164705882352941,True,high-low,
MDB_ANALYTICAL_2024_2,MDB_METHOD_1.1,BR_HEALTH_REGIONS_END2024_V1,31099,Teófilo Otoni/Malacacheta,MG,11,269205,11611.825564773722,23.183693080670725,8.3736072042436351,0.45205479452054792,86.701388332188415,0.51141552511415522,7,2.6002488809643212,0.69634703196347036,10,3.7146412585204582,0.86529680365296802,10.925000000000001,4.0582455749336006,0.72146118721461183,0.4817351598173516,0.76103500761035014,-0.27929984779299855,1.9978895931379606,0.0001,0.005164705882352941,True,low-low,
MDB_ANALYTICAL_2024_2,MDB_METHOD_1.1,BR_HEALTH_REGIONS_END2024_V1,31100,São Francisco,MG,5,101226,9779.4905685513604,10.350845914767794,5.9166838283068444,0.18036529680365296,61.989534320110003,0.35388127853881279,2,1.9757769742951417,0.47488584474885842,0,0,0.31278538812785389,0.80000000000000004,0.79031078971805668,0.054794520547945202,0.26712328767123289,0.28082191780821919,-0.013698630136986301,0.013972856595876933,0.31519999999999998,0.39005826330532212,False,not_significant,ZERO_REGISTERED_BEDS
MDB_ANALYTICAL_2024_2,MDB_METHOD_1.1,BR_HEALTH_REGIONS_END2024_V1,31101,Brasília de Minas,MG,10,126106,7332.2860973735469,17.198728790079763,9.7015242274511859,0.61415525114155256,67.281611803569348,0.38812785388127852,5,3.9649184019792871,0.89726027397260277,0,0,0.31278538812785389,3.2000000000000002,2.5375477772667439,0.39726027397260272,0.50114155251141557,0.53576864535768653,-0.034627092846270968,0.059869809164278295,0.13289999999999999,0.24009506172839504,False,not_significant,ZERO_REGISTERED_BEDS
MDB_ANALYTICAL_2024_2,MDB_METHOD_1.1,BR_HEALTH_REGIONS_END2024_V1,31102,Peçanha/São João Evangelista/Santa Maria do,MG,11,96906,5397.923695538072,17.952458290602102,3.8817882832622157,0.031963470319634701,23.591276014510346,0.1027397260273972,5,5.1596392380244769,0.96803652968036524,0,0,0.31278538812785389,4.3250000000000002,4.4630879408911728,0.77853881278538817,0.06735159817351595,0.68645357686453579,-0.61910197869101979,1.8094774650332648,0.037199999999999997,0.11225436241610738,False,not_significant,ZERO_REGISTERED_BEDS
MDB_ANALYTICAL_2024_2,MDB_METHOD_1.1,BR_HEALTH_REGIONS_END2024_V1,32001,Central,ES,15,535457,11385.93527861525,47.027932874840822,7.5156687872149899,0.34246575342465752,52.489887240698074,0.28538812785388129,6,1.1205381571255957,0.13698630136986301,0,0,0.31278538812785389,13.824999999999998,2.5819066703768927,0.40182648401826482,0.3139269406392694,0.28386605783866048,0.030060882800608923,-0.10068555333116093,0.050200000000000002,0.13356242424242426,False,not_significant,ZERO_REGISTERED_BEDS
MDB_ANALYTICAL_2024_2,MDB_METHOD_1.1,BR_HEALTH_REGIONS_END2024_V1,32002,Metropolitana,ES,23,2441683,11531.10298512692,211.74756683288132,6.1683264123530295,0.19863013698630136,51.116403716146046,0.27168949771689499,21,0.86006250606651236,0.073059360730593603,10,0.40955357431738681,0.64840182648401823,59.899999999999963,2.4532259101611453,0.36986301369863012,0.23515981735159819,0.36377473363774732,-0.12861491628614913,0.32439991951006381,0.1119,0.22127972972972973,False,not_significant,
MDB_ANALYTICAL_2024_2,MDB_METHOD_1.1,BR_HEALTH_REGIONS_END2024_V1,32003,Norte,ES,14,428465,13947.919355313539,30.718918649093979,6.7142753913175408,0.25799086757990869,81.500864970865791,0.4726027397260274,6,1.4003477530253343,0.23744292237442921,8,1.8671303373671129,0.74429223744292239,10.199999999999999,2.3805911801430688,0.35388127853881279,0.36529680365296802,0.4452054794520548,-0.079908675799086781,0.40576518710740461,0.0038999999999999998,0.025553731343283582,True,low-low,
MDB_ANALYTICAL_2024_2,MDB_METHOD_1.1,BR_HEALTH_REGIONS_END2024_V1,32004,Sul,ES,26,696524,10325.160645039092,67.45890199148208,7.9230787536140062,0.39726027397260272,111.62547635355496,0.63698630136986301,11,1.579270778896348,0.31506849315068491,0,0,0.31278538812785389,24.774999999999999,3.556948504287003,0.63698630136986301,0.51712328767123283,0.42161339421613392,0.095509893455098915,-0.47924061753394992,0.0041999999999999997,0.026967142857142856,True,high-low,ZERO_REGISTERED_BEDS
MDB_ANALYTICAL_2024_2,MDB_METHOD_1.1,BR_HEALTH_REGIONS_END2024_V1,33001,Baia da Ilha Grande,RJ,3,270358,2130.2204032299305,126.9155058275058,5.0151694870838774,0.10730593607305935,111.2254948607642,0.63242009132420096,5,1.8493996848622936,0.4315068493150685,8,2.95903949577967,0.80821917808219179,12.199999999999999,4.5125352310639961,0.78310502283105021,0.36986301369863017,0.67427701674277019,-0.30441400304414001,0.93351420847097921,0.0683,0.16750670391061451,False,not_significant,
MDB_ANALYTICAL_2024_2,MDB_METHOD_1.1,BR_HEALTH_REGIONS_END2024_V1,33002,Baixada Litorânea,RJ,9,903171,2750.4391478191769,328.37338019862182,4.4139113333223721,0.052511415525114152,61.656792698454751,0.35159817351598172,16,1.7715360657062726,0.3995433789954338,2,0.221442008213284,0.63926940639269403,45.525000000000034,5.0405737119548828,0.86986301369863017,0.20205479452054792,0.63622526636225274,-0.43417047184170482,1.1431136921938421,0.13669999999999999,0.24322016129032256,False,not_significant,
MDB_ANALYTICAL_2024_2,MDB_METHOD_1.1,BR_HEALTH_REGIONS_END2024_V1,33003,Centro-Sul,RJ,11,336061,3266.1972347398705,102.89060208170952,4.9101848129363459,0.091324200913242004,87.856296450546125,0.5182648401826484,16,4.7610404063547991,0.9452054794520548,31,9.2245157873124217,0.97716894977168944,20.824999999999999,6.1967916538961685,0.93835616438356162,0.3047945205479452,0.95357686453576862,-0.64878234398782342,2.7429518647959941,0.0094999999999999998,0.045829670329670329,True,low-low,
MDB_ANALYTICAL_2024_2,MDB_METHOD_1.1,BR_HEALTH_REGIONS_END2024_V1,33004,Médio Paraíba,RJ,12,918430,6268.6826315220051,146.51084669395837,5.3191786132628431,0.11643835616438356,115.91725838439731,0.66210045662100458,24,2.613155058088259,0.70091324200913241,33,3.5930882048713566,0.85844748858447484,51.675000000000011,5.6264494844462849,0.90639269406392697,0.38926940639269408,0.82191780821917815,-0.43264840182648406,1.7038098696363155,0.0050000000000000001,0.029662162162162161,True,low-low,
MDB_ANALYTICAL_2024_2,MDB_METHOD_1.1,BR_HEALTH_REGIONS_END2024_V1,33005,Metropolitana I,RJ,12,10462484,3509.3027943005827,2981.3568715107731,3.5140059772861165,0.018264840182648401,69.811229684036505,0.3995433789954338,73,0.69773105507258115,0.034246575342465703,67,0.64038329712141018,0.67351598173515981,357.60000000000076,3.4179263738898022,0.61415525114155256,0.2089041095890411,0.4406392694063927,-0.2317351598173516,1.4697623890460072,0.0011999999999999999,0.011972727272727272,True,low-low,
MDB_ANALYTICAL_2024_2,MDB_METHOD_1.1,BR_HEALTH_REGIONS_END2024_V1,33006,Metropolitana II,RJ,7,2043395,2759.0847802619128,740.60609322995356,4.3235907352432603,0.045662100456621002,170.18453026040237,0.77625570776255703,20,0.97876328365294041,0.1027397260273972,32,1.5660212538447047,0.72146118721461183,82.700000000000145,4.0471861779049156,0.71917808219178081,0.41095890410958902,0.51445966514459662,-0.1035007610350076,0.46661777375661362,0.062799999999999995,0.15753828571428571,False,not_significant,
MDB_ANALYTICAL_2024_2,MDB_METHOD_1.1,BR_HEALTH_REGIONS_END2024_V1,33007,Noroeste,RJ,14,353408,6008.706182881343,58.815989539786578,5.8296871100346506,0.17579908675799086,202.31748922295728,0.85388127853881279,11,3.1125498007968129,0.81963470319634701,4,1.1318362911988411,0.70091324200913241,13.75,3.8906872509960162,0.69863013698630139,0.51484018264840181,0.73972602739726023,-0.22488584474885842,0.87532844983964986,0.0055999999999999999,0.03073,True,low-low,
MDB_ANALYTICAL_2024_2,MDB_METHOD_1.1,BR_HEALTH_REGIONS_END2024_V1,33008,Norte,RJ,8,969642,9407.6327186941617,103.06971254024386,6.9116632033823047,0.28538812785388129,51.647871523065639,0.27625570776255709,15,1.5469626934476848,0.30136986301369861,4,0.41252338491938251,0.65068493150684936,37.100000000000001,3.8261543951272743,0.68721461187214616,0.28082191780821919,0.54642313546423138,-0.26560121765601219,0.74632744216711544,0.086599999999999996,0.18914129353233827,False,not_significant,
MDB_ANALYTICAL_2024_2,MDB_METHOD_1.1,BR_HEALTH_REGIONS_END2024_V1,33009,Serrana,RJ,16,962730,8394.8652089178777,114.68081690904226,7.1204630556954802,0.30136986301369861,250.65657212258785,0.9178082191780822,21,2.181296936835873,0.55251141552511418,12,1.2464553924776416,0.70776255707762559,46.300000000000011,4.8092403893095685,0.84018264840182644,0.6095890410958904,0.70015220700152214,-0.090563165905631737,0.52202651955258594,0.00020000000000000001,0.005164705882352941,True,low-low,
MDB_ANALYTICAL_2024_2,MDB_METHOD_1.1,BR_HEALTH_REGIONS_END2024_V1,35011,Alto do Tietê,SP,11,3029710,2862.078165702681,1058.5699706968569,4.4915079651196752,0.059360730593607303,87.17798053797955,0.51369863013698636,23,0.7591485653742438,0.043378995433789903,17,0.56110980918965836,0.66666666666666663,96.274999999999835,3.1776968752784867,0.54794520547945202,0.2865296803652968,0.4193302891933029,-0.13280060882800609,0.11920895403018329,0.28639999999999999,0.37643592814371257,False,not_significant,
MDB_ANALYTICAL_2024_2,MDB_METHOD_1.1,BR_HEALTH_REGIONS_END2024_V1,35012,Franco da Rocha,SP,5,613912,736.55784058100164,833.48783513829983,6.1814589806604072,0.20547945205479451,182.22128401473083,0.80821917808219179,13,2.1175673386413685,0.5365296803652968,0,0,0.31278538812785389,31.625000000000011,5.1513897757333318,0.87899543378995437,0.50684931506849318,0.576103500761035,-0.069254185692541825,0.081327200520076193,0.26629999999999998,0.35860644171779138,False,not_significant,ZERO_REGISTERED_BEDS
MDB_ANALYTICAL_2024_2,MDB_METHOD_1.1,BR_HEALTH_REGIONS_END2024_V1,35013,Mananciais,SP,8,1159902,1481.6580418838555,782.84055241602266,3.063802360880052,0.0091324200913242004,84.196282583773424,0.49315068493150682,13,1.1207843421254553,0.139269406392694,0,0,0.31278538812785389,40.150000000000006,3.461499333564388,0.61872146118721461,0.25114155251141551,0.35692541856925408,-0.10578386605783857,0.3333879794197156,0.044400000000000002,0.12575225806451615,False,not_significant,ZERO_REGISTERED_BEDS
MDB_ANALYTICAL_2024_2,MDB_METHOD_1.1,BR_HEALTH_REGIONS_END2024_V1,35014,Rota dos Bandeirantes,SP,7,2030842,557.32990209072864,3643.877696821291,5.591149593461604,0.14840182648401826,60.058640635306055,0.34018264840182649,16,0.78785055656717751,0.050228310502283102,0,0,0.31278538812785389,68.449999999999974,3.3705231623139551,0.6004566210045662,0.24429223744292239,0.32115677321156771,-0.076864535768645326,0.17560317861628869,0.10580000000000001,0.21403778801843321,False,not_significant,ZERO_REGISTERED_BEDS
MDB_ANALYTICAL_2024_2,MDB_METHOD_1.1,BR_HEALTH_REGIONS_END2024_V1,35015,Grande ABC,SP,7,2789011,834.61096885300412,3341.6898460283892,4.9578043774269931,0.1004566210045662,90.771399007459181,0.53196347031963476,29,1.0397951101662919,0.11872146118721461,31,1.1115051177639672,0.69863013698630139,157.17500000000038,5.6355102220823214,0.908675799086758,0.31621004566210048,0.57534246575342463,-0.25913242009132414,0.8940563144620739,0.076499999999999999,0.17537253886010362,False,not_significant,
MDB_ANALYTICAL_2024_2,MDB_METHOD_1.1,BR_HEALTH_REGIONS_END2024_V1,35016,São Paulo,SP,1,11895578,1531.7690325974097,7765.9084018879503,1.5963216265073463,0,96.85579242472096,0.56621004566210043,106,0.89108742761385784,0.079908675799086698,17,0.142910247824864,0.63013698630136983,806.02499999999668,6.7758372060609142,0.96118721461187218,0.28310502283105021,0.55707762557077622,-0.27397260273972601,0.65863507800223253,0.072800000000000004,0.17275243243243243,False,not_significant,
MDB_ANALYTICAL_2024_2,MDB_METHOD_1.1,BR_HEALTH_REGIONS_END2024_V1,35021,Central do DRS II,SP,11,307837,5938.1140654441488,51.840870115885011,7.6137400472739554,0.35844748858447489,81.561373576069826,0.47488584474885842,5,1.6242362029255744,0.34703196347031962,0,0,0.31278538812785389,8.6750000000000007,2.8180498120758717,0.4634703196347032,0.41666666666666663,0.37442922374429222,0.042237442922374413,0.13637418467982304,0.041599999999999998,0.12014736842105263,False,not_significant,ZERO_REGISTERED_BEDS
MDB_ANALYTICAL_2024_2,MDB_METHOD_1.1,BR_HEALTH_REGIONS_END2024_V1,35022,Lagos do DRS II,SP,12,202154,7431.4804708799029,27.202385956894609,8.9022667270626208,0.52511415525114158,86.189848384970347,0.50684931506849318,5,2.4733618924186511,0.65753424657534243,0,0,0.31278538812785389,9.25,4.5757195009745049,0.79680365296803657,0.51598173515981738,0.58904109589041098,-0.073059360730593603,-0.089603715313242432,0.2198,0.32488956228956228,False,not_significant,ZERO_REGISTERED_BEDS
MDB_ANALYTICAL_2024_2,MDB_METHOD_1.1,BR_HEALTH_REGIONS_END2024_V1,35023,Consórcios do DRS II,SP,17,270636,4360.6497332047265,62.063228316461071,8.3491947101309734,0.44748858447488582,111.01558288731796,0.62328767123287676,3,1.1084999778300004,0.1301369863013698,0,0,0.31278538812785389,6.0999999999999996,2.2539499549210009,0.30821917808219179,0.53538812785388123,0.25038051750380519,0.28500761035007605,0.71560133950849991,0.068000000000000005,0.16750670391061451,False,not_significant,ZERO_REGISTERED_BEDS
MDB_ANALYTICAL_2024_2,MDB_METHOD_1.1,BR_HEALTH_REGIONS_END2024_V1,35031,Central do DRS III,SP,8,326131,2836.0798493257353,114.99358880094159,9.6030575799272029,0.6004566210045662,85.050434496784931,0.5,3,0.91987575544796396,0.084474885844748798,0,0,0.31278538812785389,9.2249999999999996,2.8286179480024898,0.4680365296803653,0.55022831050228316,0.28843226788432269,0.26179604261796047,0.2081517736994907,0.3372,0.40688684931506847,False,not_significant,ZERO_REGISTERED_BEDS
MDB_ANALYTICAL_2024_2,MDB_METHOD_1.1,BR_HEALTH_REGIONS_END2024_V1,35032,Coração do DRS III,SP,6,404231,3119.2879077211437,129.59079506556955,7.5158365864023953,0.34474885844748859,72.064132107635658,0.41552511415525112,5,1.236916515556699,0.1712328767123287,8,1.9790664248907184,0.75114155251141557,10.974999999999996,2.7150317516469533,0.42465753424657532,0.38013698630136983,0.44901065449010652,-0.068873668188736692,-0.083912610251319478,0.23469999999999999,0.33892532894736843,False,not_significant,
MDB_ANALYTICAL_2024_2,MDB_METHOD_1.1,BR_HEALTH_REGIONS_END2024_V1,35033,Noroeste do DRS III,SP,10,293725,4257.2844185249833,68.993511150417007,10.292483782655383,0.66438356164383561,101.38939766305378,0.58447488584474883,7,2.3831815473657332,0.63470319634703198,13,4.4259085879649334,0.8995433789954338,8.5500000000000007,2.9108860328538602,0.48858447488584472,0.62442922374429222,0.67427701674277019,-0.049847792998477969,-0.10983969019554474,0.1191,0.22612284482758618,False,not_significant,
MDB_ANALYTICAL_2024_2,MDB_METHOD_1.1,BR_HEALTH_REGIONS_END2024_V1,35041,Baixada Santista,SP,9,1862976,2446.1408052435945,761.59802248770336,7.2653317366494594,0.31735159817351599,90.185928804645926,0.5273972602739726,30,1.6103267030815214,0.33561643835616439,9,0.48309801092445631,0.65753424657534243,92.75,4.978593390360369,0.86073059360730597,0.4223744292237443,0.61796042617960423,-0.19558599695585993,0.54052927540811802,0.0487,0.13036158536585365,False,not_significant,
MDB_ANALYTICAL_2024_2,MDB_METHOD_1.1,BR_HEALTH_REGIONS_END2024_V1,35051,Norte - Barretos,SP,10,293618,6347.4584259389885,46.257569612449203,7.8343736847832872,0.38127853881278539,116.55157577958094,0.66894977168949776,3,1.0217357246490335,0.11415525114155251,20,6.8115714976602248,0.96118721461187218,19.950000000000003,6.7945425689160759,0.9634703196347032,0.52511415525114158,0.67960426179604261,-0.15449010654490103,0.099282918376401824,0.34339999999999998,0.40854363143631439,False,not_significant,
MDB_ANALYTICAL_2024_2,MDB_METHOD_1.1,BR_HEALTH_REGIONS_END2024_V1,35052,Sul - Barretos,SP,8,145702,1781.9633277123548,81.764870092500175,7.1131824463822548,0.29680365296803651,61.012533848245603,0.34931506849315069,2,1.3726647540871093,0.2260273972602739,0,0,0.31278538812785389,7.8000000000000007,5.3533925409397272,0.88812785388127857,0.3230593607305936,0.4756468797564688,-0.1525875190258752,-0.011224189693402711,0.4829,0.49318747099767984,False,not_significant,ZERO_REGISTERED_BEDS
MDB_ANALYTICAL_2024_2,MDB_METHOD_1.1,BR_HEALTH_REGIONS_END2024_V1,35061,Vale do Jurumirim,SP,17,311907,8112.1464037991846,38.449380037559941,11.451546574674611,0.79908675799086759,116.15199809347553,0.66438356164383561,5,1.6030419323708671,0.32876712328767121,0,0,0.31278538812785389,9.1750000000000007,2.9415819459005412,0.4908675799086758,0.7317351598173516,0.37747336377473362,0.35426179604261798,0.70224593256454804,0.1191,0.22612284482758618,False,not_significant,ZERO_REGISTERED_BEDS
MDB_ANALYTICAL_2024_2,MDB_METHOD_1.1,BR_HEALTH_REGIONS_END2024_V1,35062,Bauru,SP,18,663941,8329.1786628232294,79.712661581322465,7.5495890452595242,0.34703196347031962,132.072106028555,0.70091324200913241,12,1.8073895120198935,0.41552511415525112,0,0,0.31278538812785389,20.875000000000007,3.1441046719512737,0.5365296803652968,0.52397260273972601,0.42161339421613392,0.10235920852359209,0.21852119578543028,0.071900000000000006,0.17248142076502734,False,not_significant,ZERO_REGISTERED_BEDS
MDB_ANALYTICAL_2024_2,MDB_METHOD_1.1,BR_HEALTH_REGIONS_END2024_V1,35063,Polo Cuesta,SP,13,311569,6411.2520892523271,48.597215592615207,10.31619319295409,0.66894977168949776,163.84237204243581,0.76255707762557079,6,1.9257371561355592,0.454337899543379,0,0,0.31278538812785389,27.400000000000009,8.7941996796857236,0.99315068493150682,0.71575342465753433,0.58675799086757985,0.12899543378995448,0.15013356707770764,0.24199999999999999,0.34160128617363344,False,not_significant,ZERO_REGISTERED_BEDS
MDB_ANALYTICAL_2024_2,MDB_METHOD_1.1,BR_HEALTH_REGIONS_END2024_V1,35064,Jaú,SP,12,332404,4517.0998461456311,73.587923960466583,8.0178381982962144,0.40182648401826482,299.61759465032935,0.9452054794520548,9,2.7075486456239997,0.72374429223744297,0,0,0.31278538812785389,12.250000000000002,3.6852745454326672,0.65296803652968038,0.67351598173515981,0.56316590563165903,0.11035007610350078,0.082254743422309665,0.317,0.39005826330532212,False,not_significant,ZERO_REGISTERED_BEDS
MDB_ANALYTICAL_2024_2,MDB_METHOD_1.1,BR_HEALTH_REGIONS_END2024_V1,35065,Lins,SP,8,161486,3868.4289081293055,41.744595502490803,10.642609660248761,0.71689497716894979,212.36106328978212,0.87442922374429222,5,3.0962436372193256,0.81278538812785384,0,0,0.31278538812785389,7.0999999999999996,4.3966659648514419,0.76712328767123283,0.795662100456621,0.63089802130898021,0.1647640791476408,0.52860656728713484,0.027300000000000001,0.091821374045801527,True,high-high,ZERO_REGISTERED_BEDS
MDB_ANALYTICAL_2024_2,MDB_METHOD_1.1,BR_HEALTH_REGIONS_END2024_V1,35071,Bragança,SP,11,513137,3240.8323625791231,158.33494071616673,8.9586321701069185,0.52968036529680362,102.78174018352288,0.58675799086757996,7,1.3641581098225231,0.2123287671232876,0,0,0.31278538812785389,15.249999999999998,2.9719158821133531,0.49315068493150682,0.55821917808219179,0.33942161339421612,0.21879756468797568,-0.071940022766724857,0.42030000000000001,0.45420859950859949,False,not_significant,ZERO_REGISTERED_BEDS
MDB_ANALYTICAL_2024_2,MDB_METHOD_1.1,BR_HEALTH_REGIONS_END2024_V1,35072,Região Metropolitana de Campinas,SP,19,3284963,3704.0052143252419,886.86781198239248,6.3134359930248962,0.22374429223744291,100.81015860771048,0.5821917808219178,48,1.4612036726136639,0.26940639269406391,20,0.60883486358902672,0.67123287671232879,139.10000000000016,4.2344464762616862,0.74429223744292239,0.40296803652968038,0.56164383561643838,-0.158675799086758,-0.068772386981660494,0.39340000000000003,0.44169462915601027,False,not_significant,
MDB_ANALYTICAL_2024_2,MDB_METHOD_1.1,BR_HEALTH_REGIONS_END2024_V1,35073,Jundiaí,SP,7,875786,1278.3426604688548,685.09487094703547,5.4166404627954909,0.13470319634703196,128.92850706334133,0.69178082191780821,11,1.2560145971732819,0.17808219178082191,14,1.5985640327659956,0.72602739726027399,28.349999999999991,3.2370921663511396,0.56621004566210043,0.4132420091324201,0.49010654490106548,-0.076864535768645381,0.059405540104308353,0.33779999999999999,0.40688684931506847,False,not_significant,
MDB_ANALYTICAL_2024_2,MDB_METHOD_1.1,BR_HEALTH_REGIONS_END2024_V1,35074,Circuito das Águas,SP,5,134902,874.2266667109501,154.31009500949406,10.051788199808604,0.64611872146118721,194.10312718954023,0.83105022831050224,4,2.9651154171176111,0.77853881278538817,0,0,0.31278538812785389,11.275,8.3579190820002651,0.98858447488584478,0.73858447488584478,0.69330289193302885,0.045281582952815924,0.037897890254344313,0.34889999999999999,0.4125895721925133,False,not_significant,ZERO_REGISTERED_BEDS
MDB_ANALYTICAL_2024_2,MDB_METHOD_1.1,BR_HEALTH_REGIONS_END2024_V1,35081,Três Colinas,SP,10,437336,3463.0572300966037,126.28610240662996,8.7916985313783726,0.49771689497716892,223.60729628847105,0.89269406392694062,3,0.68597142700349389,0.029680365296803599,0,0,0.31278538812785389,17.350000000000001,3.9672014195035401,0.71461187214611877,0.6952054794520548,0.35235920852359209,0.3428462709284627,-0.1546792239510458,0.39560000000000001,0.44300101265822783,False,not_significant,ZERO_REGISTERED_BEDS
MDB_ANALYTICAL_2024_2,MDB_METHOD_1.1,BR_HEALTH_REGIONS_END2024_V1,35082,Alta Anhanguera,SP,6,151464,3226.6922216381654,46.940950545045467,8.5782067832172135,0.47488584474885842,169.67642946355471,0.77397260273972601,5,3.3011144562404269,0.84018264840182644,0,0,0.31278538812785389,5.9499999999999993,3.9283262029261072,0.70547945205479456,0.62442922374429222,0.61948249619482498,0.0049467275494672336,0.0028417019862646219,0.35680000000000001,0.4138646437994723,False,not_significant,ZERO_REGISTERED_BEDS
MDB_ANALYTICAL_2024_2,MDB_METHOD_1.1,BR_HEALTH_REGIONS_END2024_V1,35083,Alta Mogiana,SP,6,113624,2839.674255271595,40.013040153837174,7.8471473029495922,0.38356164383561642,194.25857975393913,0.83561643835616439,4,3.5203830176723225,0.86301369863013699,10,8.8009575441808074,0.9726027397260274,6.5250000000000004,5.7426247975779772,0.91324200913242004,0.6095890410958904,0.91628614916286144,-0.30669710806697104,-0.33289037056658627,0.30880000000000002,0.38795057142857142,False,not_significant,
MDB_ANALYTICAL_2024_2,MDB_METHOD_1.1,BR_HEALTH_REGIONS_END2024_V1,35091,Adamantina,SP,10,133712,2498.7697251861518,53.51113335985324,9.8964510484105368,0.63242009132420096,566.86716230183936,0.99771689497716898,5,3.7393801603446217,0.88127853881278539,0,0,0.31278538812785389,8.4249999999999989,6.300855570180687,0.9452054794520548,0.81506849315068497,0.71308980213089812,0.10197869101978685,0.080571166802554745,0.31630000000000003,0.39005826330532212,False,not_significant,ZERO_REGISTERED_BEDS
MDB_ANALYTICAL_2024_2,MDB_METHOD_1.1,BR_HEALTH_REGIONS_END2024_V1,35092,Assis,SP,12,240384,4899.7251820853662,49.060710767800749,10.413285010744495,0.68036529680365299,184.55246028381177,0.81278538812785384,7,2.9120074547390842,0.75570776255707761,0,0,0.31278538812785389,9.1750000000000007,3.816809771033014,0.68493150684931503,0.74657534246575341,0.58447488584474883,0.16210045662100458,0.68406388561485731,0.0103,0.0481031914893617,True,high-high,ZERO_REGISTERED_BEDS
MDB_ANALYTICAL_2024_2,MDB_METHOD_1.1,BR_HEALTH_REGIONS_END2024_V1,35093,Marília,SP,19,393825,6773.6929606903159,58.140367785413289,10.615934128520298,0.70547945205479456,456.2859561646531,0.99315068493150682,6,1.5235193296514948,0.29452054794520549,0,0,0.31278538812785389,23.824999999999989,6.0496413381578087,0.93150684931506844,0.84931506849315075,0.51293759512937598,0.33637747336377477,0.80352550646413201,0.077799999999999994,0.17605257731958759,False,not_significant,ZERO_REGISTERED_BEDS
MDB_ANALYTICAL_2024_2,MDB_METHOD_1.1,BR_HEALTH_REGIONS_END2024_V1,35094,Ourinhos,SP,13,236295,4060.7864761919222,58.189466839829997,7.4655894044229791,0.33561643835616439,111.07634102128212,0.62785388127853881,7,2.9623986965445734,0.77625570776255703,0,0,0.31278538812785389,8.7750000000000004,3.7135783660255193,0.65981735159817356,0.4817351598173516,0.58295281582952818,-0.10121765601217658,-0.55089878042886675,0.001,0.011778048780487806,True,low-high,ZERO_REGISTERED_BEDS
MDB_ANALYTICAL_2024_2,MDB_METHOD_1.1,BR_HEALTH_REGIONS_END2024_V1,35095,Tupã,SP,8,128347,2714.2939025318105,47.285594194601344,9.7275612015023292,0.62328767123287676,420.4599655751644,0.9908675799086758,3,2.3374134183112969,0.61187214611872143,0,0,0.31278538812785389,4.7750000000000004,3.7203830241454812,0.66438356164383561,0.80707762557077634,0.52968036529680362,0.27739726027397271,0.90175307939785521,0.025399999999999999,0.088145669291338574,True,high-high,ZERO_REGISTERED_BEDS
MDB_ANALYTICAL_2024_2,MDB_METHOD_1.1,BR_HEALTH_REGIONS_END2024_V1,35101,Araras,SP,5,345521,2120.0058187690688,162.98115643881516,7.0720906753228032,0.29452054794520549,104.98357515033941,0.59589041095890416,10,2.8941800932504829,0.75114155251141557,0,0,0.31278538812785389,11.925000000000001,3.4513097612012005,0.61643835616438358,0.4452054794520548,0.56012176560121774,-0.11491628614916294,0.017582511216478507,0.46789999999999998,0.48259084507042249,False,not_significant,ZERO_REGISTERED_BEDS
MDB_ANALYTICAL_2024_2,MDB_METHOD_1.1,BR_HEALTH_REGIONS_END2024_V1,35102,Limeira,SP,4,368432,948.76807572649159,388.32672538848226,7.8816754001129317,0.38584474885844749,93.056666612247554,0.54337899543378998,6,1.6285230381725799,0.34931506849315069,12,3.2570460763451599,0.83105022831050224,10.049999999999995,2.7277760889390703,0.42922374429223742,0.46461187214611877,0.5365296803652968,-0.071917808219178037,0.07241701639593906,0.29599999999999999,0.38218823529411761,False,not_significant,
MDB_ANALYTICAL_2024_2,MDB_METHOD_1.1,BR_HEALTH_REGIONS_END2024_V1,35103,Piracicaba,SP,11,625500,3546.3502931110202,176.37851545998376,7.6410892267801707,0.36301369863013699,74.891367253306768,0.44292237442922372,9,1.4388489208633093,0.25114155251141551,0,0,0.31278538812785389,11.65,1.8625099920063948,0.1986301369863013,0.40296803652968038,0.25418569254185691,0.14878234398782347,-0.14900440965514769,0.27779999999999999,0.36955818181818184,False,not_significant,ZERO_REGISTERED_BEDS
MDB_ANALYTICAL_2024_2,MDB_METHOD_1.1,BR_HEALTH_REGIONS_END2024_V1,35104,Rio Claro,SP,6,265365,1966.1327614032152,134.96799667312948,6.6691410139111582,0.25342465753424659,48.642545340901073,0.25114155251141551,4,1.5073577902134794,0.28538812785388129,0,0,0.31278538812785389,12.375,4.6633881634729519,0.81735159817351599,0.25228310502283102,0.47184170471841708,-0.21955859969558605,-0.0025840827743015887,0.49719999999999998,0.49953789954337902,False,not_significant,ZERO_REGISTERED_BEDS
MDB_ANALYTICAL_2024_2,MDB_METHOD_1.1,BR_HEALTH_REGIONS_END2024_V1,35111,Alta Paulista,SP,12,135489,3305.7647903152783,40.98567460000023,5.6993792876893323,0.16210045662100456,238.5147038894159,0.91552511415525117,4,2.9522691879045531,0.77397260273972601,4,2.9522691879045531,0.80593607305936077,6.7250000000000005,4.9635025721645301,0.85844748858447484,0.53881278538812782,0.81278538812785384,-0.27397260273972601,-0.33821478529507204,0.25640000000000002,0.35174875,False,not_significant,
MDB_ANALYTICAL_2024_2,MDB_METHOD_1.1,BR_HEALTH_REGIONS_END2024_V1,35112,Alta Sorocabana,SP,19,418239,7436.6544476284616,56.240208946830357,8.2605656824081848,0.4315068493150685,325.88621792182403,0.96575342465753422,12,2.8691728891853701,0.74885844748858443,0,0,0.31278538812785389,30.650000000000009,7.3283457544609671,0.97945205479452058,0.69863013698630139,0.68036529680365299,0.018264840182648401,0.060150958166296321,0.0082000000000000007,0.040906818181818183,True,high-high,ZERO_REGISTERED_BEDS
MDB_ANALYTICAL_2024_2,MDB_METHOD_1.1,BR_HEALTH_REGIONS_END2024_V1,35113,Alto Capivari,SP,5,57598,3540.3655585937568,16.268941454418083,12.858559902325739,0.89497716894977164,295.70932697250248,0.94292237442922378,3,5.2085141845202951,0.97031963470319638,0,0,0.31278538812785389,2.6000000000000001,4.5140456265842559,0.78767123287671237,0.91894977168949765,0.69025875190258767,0.22869101978690998,0.79874721745195509,0.019900000000000001,0.072800833333333342,True,high-high,ZERO_REGISTERED_BEDS
MDB_ANALYTICAL_2024_2,MDB_METHOD_1.1,BR_HEALTH_REGIONS_END2024_V1,35114,Extremo Oeste Paulista,SP,5,89793,3971.0353910086246,22.611986839329827,11.144673472897855,0.75799086757990863,314.76792315829437,0.96118721461187218,2,2.2273451159889968,0.57077625570776258,4,4.4546902319779935,0.90182648401826482,2.2000000000000002,2.4500796275878964,0.36757990867579909,0.8595890410958904,0.61339421613394218,0.24619482496194822,0.39857772483280174,0.18890000000000001,0.29937581227436827,False,not_significant,
MDB_ANALYTICAL_2024_2,MDB_METHOD_1.1,BR_HEALTH_REGIONS_END2024_V1,35115,Pontal do Paranapanema,SP,4,64089,4114.1154760101999,15.57783206954425,11.778542428438783,0.83561643835616439,394.78573197919246,0.98630136986301364,3,4.6809904975892902,0.94292237442922378,0,0,0.31278538812785389,2.7749999999999995,4.3299162102700928,0.75342465753424659,0.91095890410958902,0.66971080669710803,0.24124809741248099,1.2911183227282432,0.0051999999999999998,0.030036842105263157,True,high-high,ZERO_REGISTERED_BEDS
MDB_ANALYTICAL_2024_2,MDB_METHOD_1.1,BR_HEALTH_REGIONS_END2024_V1,35121,Vale do Ribeira,SP,15,283466,13351.215619404064,21.231474951840575,8.4455278257681243,0.4634703196347032,60.066542466576252,0.34246575342465752,7,2.4694319600939796,0.65296803652968038,5,1.7638799714956996,0.73744292237442921,8.625,3.042692950830082,0.51369863013698636,0.40296803652968038,0.63470319634703198,-0.2317351598173516,0.02965499960225362,0.46829999999999999,0.48259084507042249,False,not_significant,
MDB_ANALYTICAL_2024_2,MDB_METHOD_1.1,BR_HEALTH_REGIONS_END2024_V1,35131,Horizonte Verde,SP,9,425402,2951.8652776812182,144.11294553868206,8.8840052340782503,0.52054794520547942,125.13553080216975,0.68036529680365299,7,1.6455023718741331,0.36301369863013699,0,0,0.31278538812785389,18.824999999999992,4.4252260215043631,0.77625570776255703,0.6004566210045662,0.48401826484018268,0.11643835616438353,0.079306410967517199,0.3412,0.40786440217391301,False,not_significant,ZERO_REGISTERED_BEDS
MDB_ANALYTICAL_2024_2,MDB_METHOD_1.1,BR_HEALTH_REGIONS_END2024_V1,35132,Aquífero Guarani,SP,10,950354,4569.2559884983284,207.98878469322329,8.1305586983130294,0.4223744292237443,156.20928371828941,0.74200913242009137,9,0.94701553315922282,0.091324200913242004,0,0,0.31278538812785389,67.524999999999991,7.10524709739739,0.9726027397260274,0.5821917808219178,0.4589041095890411,0.12328767123287671,0.29799803778514428,0.076600000000000001,0.17537253886010362,False,not_significant,ZERO_REGISTERED_BEDS
MDB_ANALYTICAL_2024_2,MDB_METHOD_1.1,BR_HEALTH_REGIONS_END2024_V1,35133,Vale das Cachoeiras,SP,7,139347,3386.6018247550023,41.146555518105757,8.0923877092362968,0.41095890410958902,257.96119553986051,0.92009132420091322,1,0.71763295944656147,0.038812785388127803,0,0,0.31278538812785389,6.7249999999999996,4.8260816522781251,0.84931506849315064,0.66552511415525117,0.40030441400304412,0.26522070015220706,0.52863186240383564,0.11749999999999999,0.22612284482758618,False,not_significant,ZERO_REGISTERED_BEDS
MDB_ANALYTICAL_2024_2,MDB_METHOD_1.1,BR_HEALTH_REGIONS_END2024_V1,35141,Baixa Mogiana,SP,4,340754,1915.4346740532219,177.89904537905002,7.4850839407141345,0.33789954337899542,362.06686547929166,0.97945205479452058,8,2.3477347294529189,0.61643835616438358,0,0,0.31278538812785389,18.600000000000001,5.4584832459780372,0.89269406392694062,0.658675799086758,0.60730593607305938,0.051369863013698613,0.0069976244971338766,0.46610000000000001,0.48258938679245289,False,not_significant,ZERO_REGISTERED_BEDS
MDB_ANALYTICAL_2024_2,MDB_METHOD_1.1,BR_HEALTH_REGIONS_END2024_V1,35142,Mantiqueira,SP,8,275471,2775.0558466542534,99.266831091749623,11.181278583167872,0.76484018264840181,511.09117421595198,0.99543378995433784,8,2.904116948789528,0.75342465753424659,0,0,0.31278538812785389,12.424999999999995,4.5104566360887333,0.78082191780821919,0.88013698630136983,0.61567732115677321,0.26445966514459662,0.20555755214480659,0.2994,0.38431754385964911,False,not_significant,ZERO_REGISTERED_BEDS
MDB_ANALYTICAL_2024_2,MDB_METHOD_1.1,BR_HEALTH_REGIONS_END2024_V1,35143,Rio Pardo,SP,8,210736,3467.2795290684994,60.778485908984443,9.2815194538490591,0.5639269406392694,701.55354135523305,1,9,4.2707463366486982,0.9178082191780822,0,0,0.31278538812785389,9.8249999999999993,4.6622314175081616,0.81506849315068497,0.78196347031963476,0.68188736681887363,0.10007610350076113,0.14079552227468792,0.20399999999999999,0.31543531468531472,False,not_significant,ZERO_REGISTERED_BEDS
MDB_ANALYTICAL_2024_2,MDB_METHOD_1.1,BR_HEALTH_REGIONS_END2024_V1,35151,Catanduva,SP,19,305269,4801.1272033333398,63.582776933728603,7.9175596631727911,0.3949771689497717,194.19743733612205,0.83333333333333337,6,1.965479626165775,0.4680365296803653,0,0,0.31278538812785389,17.299999999999997,5.6671329221113176,0.91095890410958902,0.61415525114155256,0.5639269406392694,0.050228310502283158,0.016831619457106015,0.41010000000000002,0.45008475000000003,False,not_significant,ZERO_REGISTERED_BEDS
MDB_ANALYTICAL_2024_2,MDB_METHOD_1.1,BR_HEALTH_REGIONS_END2024_V1,35152,Santa Fé do Sul,SP,6,54601,1120.173686199631,48.743333888910257,12.057341068066378,0.85159817351598177,114.90205526418208,0.65753424657534243,1,1.8314682881265909,0.42009132420091322,0,0,0.31278538812785389,3.0250000000000004,5.5401915715829393,0.89726027397260277,0.75456621004566204,0.54337899543378998,0.21118721461187207,0.27375640049387323,0.27150000000000002,0.36294224924012164,False,not_significant,ZERO_REGISTERED_BEDS
MDB_ANALYTICAL_2024_2,MDB_METHOD_1.1,BR_HEALTH_REGIONS_END2024_V1,35153,Jales,SP,16,104419,2498.2809856662284,41.796339402612908,10.318967228565752,0.67123287671232879,142.02097442345868,0.72146118721461183,1,0.95768011568775802,0.093607305936072999,0,0,0.31278538812785389,2.9750000000000001,2.8490983441710802,0.47031963470319632,0.69634703196347036,0.29223744292237441,0.40410958904109595,0.52229522833327535,0.21820000000000001,0.32465236486486493,False,not_significant,ZERO_REGISTERED_BEDS
MDB_ANALYTICAL_2024_2,MDB_METHOD_1.1,BR_HEALTH_REGIONS_END2024_V1,35154,Fernandópolis,SP,13,124796,3310.4277471924811,37.697847387195637,8.6198653479751872,0.47945205479452052,73.873099446623328,0.4315068493150685,2,1.6026154684445011,0.32648401826484019,0,0,0.31278538812785389,4.5499999999999989,3.6459501907112402,0.64611872146118721,0.45547945205479451,0.4284627092846271,0.027016742770167412,0.10027896543074932,0.060400000000000002,0.15326936416184972,False,not_significant,ZERO_REGISTERED_BEDS
MDB_ANALYTICAL_2024_2,MDB_METHOD_1.1,BR_HEALTH_REGIONS_END2024_V1,35155,São José do Rio Preto,SP,20,795354,6650.1141277832194,119.60005267836314,6.9781435102924494,0.28767123287671231,228.28361060951048,0.90182648401826482,13,1.6344923141142185,0.35616438356164382,0,0,0.31278538812785389,48.14999999999997,6.0539080711230433,0.93378995433789957,0.59474885844748859,0.53424657534246578,0.060502283105022814,0.043357654590881346,0.35389999999999999,0.41319707446808512,False,not_significant,ZERO_REGISTERED_BEDS
MDB_ANALYTICAL_2024_2,MDB_METHOD_1.1,BR_HEALTH_REGIONS_END2024_V1,35156,José Bonifácio,SP,11,104089,3084.9096137973193,33.741345138431249,6.4843887901946751,0.23744292237442921,147.27730350403965,0.72374429223744297,0,0,0.0022831050228309998,0,0,0.31278538812785389,6.0999999999999988,5.8603694914928557,0.92009132420091322,0.48059360730593609,0.4117199391171994,0.068873668188736692,0.18508810096579065,0.074700000000000003,0.17536524064171125,False,not_significant,ZERO_REGISTERED_BEDS
MDB_ANALYTICAL_2024_2,MDB_METHOD_1.1,BR_HEALTH_REGIONS_END2024_V1,35157,Votuporanga,SP,17,203295,5360.3560394836368,37.925652419831309,10.786218840981231,0.73287671232876717,168.14638781704488,0.76940639269406397,4,1.9675840527312527,0.4726027397260274,0,0,0.31278538812785389,9.3249999999999993,4.5869303229297325,0.80365296803652964,0.75114155251141557,0.52968036529680362,0.22146118721461194,0.49481655659367318,0.076999999999999999,0.17537253886010362,False,not_significant,ZERO_REGISTERED_BEDS
MDB_ANALYTICAL_2024_2,MDB_METHOD_1.1,BR_HEALTH_REGIONS_END2024_V1,35161,Itapetininga,SP,13,512307,8067.9885593285271,63.498726632135643,8.8323745908481381,0.50684931506849318,63.64511379994655,0.36529680365296802,12,2.3423455076741093,0.61415525114155256,4,0.78078183589136985,0.68493150684931503,15.625000000000002,3.0499290464506639,0.52054794520547942,0.4360730593607306,0.606544901065449,-0.17047184170471841,-0.12684646796895233,0.3478,0.4125895721925133,False,not_significant,
MDB_ANALYTICAL_2024_2,MDB_METHOD_1.1,BR_HEALTH_REGIONS_END2024_V1,35162,Itapeva,SP,15,278972,9706.1927938149965,28.741650400532659,12.625471486337529,0.88356164383561642,39.808205496154457,0.19178082191780821,7,2.5092123940753912,0.67123287671232879,0,0,0.31278538812785389,6.3250000000000002,2.2672526275038356,0.31735159817351599,0.53767123287671237,0.43378995433789957,0.10388127853881279,0.33203323931707068,0.027400000000000001,0.091821374045801527,True,high-high,ZERO_REGISTERED_BEDS
MDB_ANALYTICAL_2024_2,MDB_METHOD_1.1,BR_HEALTH_REGIONS_END2024_V1,35163,Sorocaba,SP,20,1850145,7579.1425622960469,244.11006717354999,8.7523501383315931,0.4954337899543379,89.945837872308928,0.52511415525114158,33,1.7836439846606615,0.4041095890410959,28,1.5133948960757129,0.71917808219178081,86.699999999999989,4.6861191960630109,0.82420091324200917,0.51027397260273977,0.64916286149162861,-0.13888888888888884,0.16187526997836482,0.21609999999999999,0.32453037542662111,False,not_significant,
MDB_ANALYTICAL_2024_2,MDB_METHOD_1.1,BR_HEALTH_REGIONS_END2024_V1,35171,Alto Vale do Paraíba,SP,8,1128248,3857.4949597917657,292.48204126257752,6.2391091195547732,0.21232876712328766,172.47629824118118,0.78310502283105021,11,0.97496295140784639,0.1004566210045662,0,0,0.31278538812785389,36.049999999999997,3.1952194907502607,0.5547945205479452,0.49771689497716892,0.32267884322678841,0.17503805175038051,0.058178768411726374,0.4204,0.45420859950859949,False,not_significant,ZERO_REGISTERED_BEDS
MDB_ANALYTICAL_2024_2,MDB_METHOD_1.1,BR_HEALTH_REGIONS_END2024_V1,35172,Circuito da Fé e Vale Histórico,SP,17,466009,6239.7204299179029,74.684275559142534,6.6537065169404013,0.25114155251141551,77.397280813613918,0.4497716894977169,9,1.9312931724494593,0.4589041095890411,0,0,0.31278538812785389,14.699999999999996,3.154445515000782,0.54337899543378998,0.3504566210045662,0.43835616438356162,-0.087899543378995415,0.20384049059597648,0.082699999999999996,0.18429086294416241,False,not_significant,ZERO_REGISTERED_BEDS
MDB_ANALYTICAL_2024_2,MDB_METHOD_1.1,BR_HEALTH_REGIONS_END2024_V1,35173,Litoral Norte,SP,4,358030,1960.6915968584456,182.60393453700732,8.3178396195471276,0.44292237442922372,160.42125887827578,0.75570776255707761,7,1.955143423735441,0.46575342465753422,0,0,0.31278538812785389,20.024999999999999,5.5931067229003153,0.90410958904109584,0.59931506849315064,0.560882800608828,0.038432267884322635,-0.086360845808716613,0.090200000000000002,0.19602871287128712,False,not_significant,ZERO_REGISTERED_BEDS
MDB_ANALYTICAL_2024_2,MDB_METHOD_1.1,BR_HEALTH_REGIONS_END2024_V1,35174,Vale do Paraíba/Região Serrana,SP,10,641057,4278.8546520176287,149.81976536588346,4.4808374330993193,0.057077625570776253,78.820576561018527,0.454337899543379,7,1.0919465819732099,0.1255707762557077,16,2.495877901653051,0.78767123287671237,20.800000000000004,3.244641272148967,0.57077625570776258,0.25570776255707761,0.49467275494672758,-0.23896499238964997,-0.28007665493968481,0.2923,0.38077062314540061,False,not_significant,
MDB_ANALYTICAL_2024_2,MDB_METHOD_1.1,BR_HEALTH_REGIONS_END2024_V1,41001,1ª RS Paranaguá,PR,7,312589,6077.5005957191534,51.433808204014042,9.4462667268010563,0.58675799086757996,112.38069633015191,0.64611872146118721,5,1.5995444497407141,0.32191780821917809,0,0,0.31278538812785389,6.2499999999999982,1.9994305621758917,0.23744292237442921,0.61643835616438358,0.29071537290715371,0.32572298325722987,0.42542073680602038,0.26939999999999997,0.3616715596330275,False,not_significant,ZERO_REGISTERED_BEDS
MDB_ANALYTICAL_2024_2,MDB_METHOD_1.1,BR_HEALTH_REGIONS_END2024_V1,41002,2ª RS Metropolitana,PR,29,3697928,16623.060375896672,222.4577133439262,7.7523252430358518,0.37214611872146119,128.40967844110341,0.68949771689497719,42,1.1357711669886488,0.15068493150684931,6,0.16225302385552121,0.63242009132420096,100.27500000000001,2.711653661185399,0.4223744292237443,0.53082191780821919,0.40182648401826487,0.12899543378995432,0.45799172428761303,0.017100000000000001,0.066432743362831864,True,high-high,
MDB_ANALYTICAL_2024_2,MDB_METHOD_1.1,BR_HEALTH_REGIONS_END2024_V1,41003,3ª RS Ponta Grossa,PR,12,656536,14749.655790959248,44.511953994371957,10.493361584174394,0.68949771689497719,96.162100073986565,0.56164383561643838,9,1.3708311501577981,0.2168949771689497,0,0,0.31278538812785389,9.5999999999999996,1.462219893501651,0.12785388127853881,0.62557077625570778,0.21917808219178081,0.40639269406392697,2.5419738691276446,0.0001,0.005164705882352941,True,high-high,ZERO_REGISTERED_BEDS
MDB_ANALYTICAL_2024_2,MDB_METHOD_1.1,BR_HEALTH_REGIONS_END2024_V1,41004,4ª RS Irati,PR,9,167738,6095.4661711123354,27.518485919082742,9.7166192056484615,0.62100456621004563,159.26638047764007,0.75342465753424659,3,1.7885034995051807,0.40639269406392692,10,5.9616783316839355,0.94063926940639264,1.5,0.89425174975259036,0.063926940639269403,0.68721461187214605,0.47031963470319632,0.21689497716894973,1.6928404379039699,0.00050000000000000001,0.0084423076923076917,True,high-high,
MDB_ANALYTICAL_2024_2,MDB_METHOD_1.1,BR_HEALTH_REGIONS_END2024_V1,41005,5ª RS Guarapuava,PR,20,462362,20042.617036677049,23.068943499439182,14.188489553018275,0.95205479452054798,136.83464514648381,0.71232876712328763,10,2.1628074971559084,0.54794520547945202,4,0.86512299886236321,0.68949771689497719,5.1499999999999986,1.1138458610352924,0.084474885844748798,0.8321917808219178,0.4406392694063927,0.39155251141552511,2.2010384074280864,0.00020000000000000001,0.005164705882352941,True,high-high,
MDB_ANALYTICAL_2024_2,MDB_METHOD_1.1,BR_HEALTH_REGIONS_END2024_V1,41006,6ª RS União da Vitória,PR,9,165037,7321.7481891773741,22.540655009680485,12.650134980086124,0.88584474885844744,120.2896623426865,0.67123287671232879,2,1.2118494640595745,0.15981735159817351,0,0,0.31278538812785389,2.9249999999999998,1.7723298411871276,0.16894977168949771,0.77853881278538806,0.21385083713850839,0.56468797564687967,2.5781189321968392,0.00069999999999999999,0.0093121212121212125,True,high-high,ZERO_REGISTERED_BEDS
MDB_ANALYTICAL_2024_2,MDB_METHOD_1.1,BR_HEALTH_REGIONS_END2024_V1,41007,7ª RS Pato Branco,PR,15,288860,9261.525124951304,31.189247570228751,14.503279610870559,0.95890410958904104,80.230467549162995,0.4634703196347032,7,2.4233192550024234,0.64611872146118721,7,2.4233192550024234,0.78310502283105021,6.0750000000000002,2.1030949248771034,0.26027397260273971,0.71118721461187207,0.56316590563165903,0.14802130898021304,0.99172283341389289,0.0001,0.005164705882352941,True,high-high,
MDB_ANALYTICAL_2024_2,MDB_METHOD_1.1,BR_HEALTH_REGIONS_END2024_V1,41008,8ª RS Francisco Beltrão,PR,27,395503,7768.8279523413485,50.908966246421301,13.483017360818835,0.92237442922374424,72.421032565636352,0.42009132420091322,9,2.2755832446277271,0.591324200913242,0,0,0.31278538812785389,9.1750000000000007,2.3198306966065996,0.33561643835616439,0.67123287671232879,0.4132420091324201,0.25799086757990869,1.7057872250446944,0.00020000000000000001,0.005164705882352941,True,high-high,ZERO_REGISTERED_BEDS
MDB_ANALYTICAL_2024_2,MDB_METHOD_1.1,BR_HEALTH_REGIONS_END2024_V1,41009,9ª RS Foz do Iguaçu,PR,9,459611,4072.718506584667,112.85115807952664,10.09525834182725,0.64840182648401823,193.80114247601799,0.82876712328767121,7,1.5230270815972635,0.29223744292237441,0,0,0.31278538812785389,10.625,2.3117375345672753,0.33105022831050229,0.73858447488584478,0.31202435312024351,0.42656012176560126,2.3995536539474887,0.0099000000000000008,0.046732258064516134,True,high-high,ZERO_REGISTERED_BEDS
MDB_ANALYTICAL_2024_2,MDB_METHOD_1.1,BR_HEALTH_REGIONS_END2024_V1,41010,10ª RS Cascavel,PR,25,597311,11776.476900756412,50.72068709799229,10.947543768574038,0.74429223744292239,95.128925617971703,0.5547945205479452,6,1.0045018424237959,0.1095890410958904,0,0,0.31278538812785389,14.050000000000001,2.3522084810090562,0.35159817351598172,0.6495433789954338,0.25799086757990869,0.39155251141552511,2.0635192247772123,0.00059999999999999995,0.0087799999999999996,True,high-high,ZERO_REGISTERED_BEDS
MDB_ANALYTICAL_2024_2,MDB_METHOD_1.1,BR_HEALTH_REGIONS_END2024_V1,41011,11ª RS Campo Mourão,PR,25,348796,11938.647317958028,29.215705155754417,8.856339800346074,0.51369863013698636,174.21302615684152,0.78767123287671237,8,2.2936042844528033,0.6004566210045662,0,0,0.31278538812785389,8.4999999999999982,2.4369545522311031,0.36073059360730592,0.65068493150684936,0.42465753424657532,0.22602739726027404,1.0636645148767958,0.0011999999999999999,0.011972727272727272,True,high-high,ZERO_REGISTERED_BEDS
MDB_ANALYTICAL_2024_2,MDB_METHOD_1.1,BR_HEALTH_REGIONS_END2024_V1,41012,12ª RS Umuarama,PR,21,298416,10232.915610494158,29.162363040887932,8.8103268263902574,0.50228310502283102,378.01997141800217,0.98401826484018262,2,0.67020535091952183,0.025114155251141499,0,0,0.31278538812785389,13.675000000000001,4.5825290869122295,0.79908675799086759,0.74315068493150682,0.37899543378995437,0.36415525114155245,2.2040663572993795,0.0001,0.005164705882352941,True,high-high,ZERO_REGISTERED_BEDS
MDB_ANALYTICAL_2024_2,MDB_METHOD_1.1,BR_HEALTH_REGIONS_END2024_V1,41013,13ª RS Cianorte,PR,11,157993,4074.7874475505337,38.773310763724353,8.1899151165738235,0.42922374429223742,127.86856045023303,0.68721461187214616,2,1.2658788680511162,0.1803652968036529,0,0,0.31278538812785389,3.4499999999999993,2.1836410473881753,0.29452054794520549,0.55821917808219179,0.26255707762557079,0.295662100456621,1.5286861193782721,0.0061000000000000004,0.032669767441860467,True,high-high,ZERO_REGISTERED_BEDS
MDB_ANALYTICAL_2024_2,MDB_METHOD_1.1,BR_HEALTH_REGIONS_END2024_V1,41014,14ª RS Paranavaí,PR,28,279118,9835.65987608244,28.378167150608423,11.688073550510818,0.82648401826484019,192.1170871550012,0.82648401826484019,4,1.4330856483637744,0.24885844748858441,0,0,0.31278538812785389,5.5250000000000004,1.9794495518024635,0.23287671232876711,0.82648401826484019,0.26484018264840181,0.56164383561643838,2.3392890750930611,0.0033999999999999998,0.023321874999999999,True,high-high,ZERO_REGISTERED_BEDS
MDB_ANALYTICAL_2024_2,MDB_METHOD_1.1,BR_HEALTH_REGIONS_END2024_V1,41015,15ª RS Maringá,PR,30,900809,6976.8306425986129,129.11435666789839,7.3478235122786746,0.32648401826484019,171.04157842127162,0.77853881278538817,13,1.4431472154474478,0.25799086757990869,20,2.2202264853037659,0.77168949771689499,25.675000000000008,2.8502157505087102,0.4726027397260274,0.55251141552511418,0.50076103500761038,0.051750380517503802,0.21898438669288492,0.0043,0.026967142857142856,True,high-high,
MDB_ANALYTICAL_2024_2,MDB_METHOD_1.1,BR_HEALTH_REGIONS_END2024_V1,41016,16ª RS Apucarana,PR,17,387746,4871.3888273567445,79.596602476586568,8.6954158489567686,0.48858447488584472,362.64944060222098,0.9817351598173516,10,2.5790079072382435,0.68493150684931503,0,0,0.31278538812785389,24.875000000000004,6.4152821692551312,0.94977168949771684,0.73515981735159819,0.64916286149162861,0.085996955859969582,0.42712156386601735,0.0030000000000000001,0.021950000000000001,True,high-high,ZERO_REGISTERED_BEDS
MDB_ANALYTICAL_2024_2,MDB_METHOD_1.1,BR_HEALTH_REGIONS_END2024_V1,41017,17ª RS Londrina,PR,21,975343,7841.3377786637157,124.38477049846122,7.3833761838593617,0.32876712328767121,261.83522344955452,0.9269406392694064,13,1.3328644384590855,0.20091324200913241,0,0,0.31278538812785389,29.450000000000021,3.0194505932784694,0.5,0.62785388127853881,0.33789954337899542,0.28995433789954339,0.88127274302517666,0.0349,0.10789507042253521,False,not_significant,ZERO_REGISTERED_BEDS
MDB_ANALYTICAL_2024_2,MDB_METHOD_1.1,BR_HEALTH_REGIONS_END2024_V1,41018,18ª RS Cornélio Procópio,PR,21,216262,6863.4648157213733,31.509158392512301,9.1248151427299913,0.54794520547945202,212.87070251932781,0.87671232876712324,5,2.3120104317910681,0.60502283105022836,10,4.6240208635821363,0.91095890410958902,4.2000000000000002,1.9420887627044976,0.21461187214611871,0.71232876712328763,0.57686453576864538,0.13546423135464225,0.86147437958571194,0.00020000000000000001,0.005164705882352941,True,high-high,
MDB_ANALYTICAL_2024_2,MDB_METHOD_1.1,BR_HEALTH_REGIONS_END2024_V1,41019,19ª RS Jacarezinho,PR,22,299367,7713.7857576100278,38.80934853611403,11.910117170969654,0.84246575342465757,152.0725750174459,0.72831050228310501,3,1.002114461513794,0.1050228310502283,0,0,0.31278538812785389,2.3500000000000001,0.78498966151913885,0.052511415525114097,0.78538812785388123,0.15677321156773211,0.62861491628614918,2.4720212605768292,0.0047000000000000002,0.028656944444444443,True,high-high,ZERO_REGISTERED_BEDS
MDB_ANALYTICAL_2024_2,MDB_METHOD_1.1,BR_HEALTH_REGIONS_END2024_V1,41020,20ª RS Toledo,PR,18,435676,8144.2948273645679,53.494625284947041,11.250460850649983,0.77168949771689499,111.78304799239504,0.63926940639269403,9,2.0657552860382489,0.51598173515981738,0,0,0.31278538812785389,9.4749999999999979,2.1747812594680438,0.28995433789954339,0.70547945205479445,0.37290715372907152,0.33257229832572294,2.1261669353640862,0.00040000000000000002,0.0070239999999999999,True,high-high,ZERO_REGISTERED_BEDS
MDB_ANALYTICAL_2024_2,MDB_METHOD_1.1,BR_HEALTH_REGIONS_END2024_V1,41021,21ª RS Telêmaco Borba,PR,7,185360,10166.674110459197,18.232117798416173,10.296947787182114,0.66666666666666663,217.8723833688945,0.88127853881278539,3,1.6184721622788087,0.34018264840182649,0,0,0.31278538812785389,1.3500000000000001,0.72831247302546409,0.045662100456621002,0.77397260273972601,0.23287671232876711,0.54109589041095885,2.917669797262564,0.00040000000000000002,0.0070239999999999999,True,high-high,ZERO_REGISTERED_BEDS
MDB_ANALYTICAL_2024_2,MDB_METHOD_1.1,BR_HEALTH_REGIONS_END2024_V1,41022,22ª RS Ivaiporã,PR,16,136304,7048.6298035158179,19.337659062760299,10.604881534122347,0.70091324200913241,303.91803230743733,0.95205479452054798,4,2.9346167390538795,0.76712328767123283,0,0,0.31278538812785389,3.4500000000000006,2.5311069374339716,0.3904109589041096,0.82648401826484019,0.49010654490106548,0.33637747336377471,1.908666335336425,0.00059999999999999995,0.0087799999999999996,True,high-high,ZERO_REGISTERED_BEDS
MDB_ANALYTICAL_2024_2,MDB_METHOD_1.1,BR_HEALTH_REGIONS_END2024_V1,42001,Extremo Oeste,SC,30,249400,5226.9641632515431,47.714120895149868,19.035154342794371,0.99543378995433784,160.47409864579785,0.75799086757990863,4,1.6038492381716121,0.33105022831050229,0,0,0.31278538812785389,6.0499999999999989,2.4258219727345627,0.35844748858447489,0.87671232876712324,0.33409436834094369,0.5426179604261796,3.4796530636993181,0.00069999999999999999,0.0093121212121212125,True,high-high,ZERO_REGISTERED_BEDS
MDB_ANALYTICAL_2024_2,MDB_METHOD_1.1,BR_HEALTH_REGIONS_END2024_V1,42002,Oeste,SC,27,435361,4124.7122917672468,105.54942240916108,13.661877095427357,0.92922374429223742,108.32638082966456,0.61187214611872143,7,1.6078610624286511,0.33333333333333331,0,0,0.31278538812785389,9.25,2.1246735467807176,0.26712328767123289,0.77054794520547942,0.30441400304414001,0.46613394216133941,2.8448671340054501,0.00029999999999999997,0.0065849999999999988,True,high-high,ZERO_REGISTERED_BEDS
MDB_ANALYTICAL_2024_2,MDB_METHOD_1.1,BR_HEALTH_REGIONS_END2024_V1,42003,Xanxerê,SC,21,214722,5941.7560819854889,36.137801188272405,12.230001677273881,0.86073059360730597,168.3116850583063,0.77168949771689499,5,2.328592319371094,0.6095890410958904,0,0,0.31278538812785389,4.6000000000000005,2.1423049338214062,0.28082191780821919,0.81621004566210043,0.4010654490106545,0.41514459665144593,2.4317004298817877,0.0001,0.005164705882352941,True,high-high,ZERO_REGISTERED_BEDS
MDB_ANALYTICAL_2024_2,MDB_METHOD_1.1,BR_HEALTH_REGIONS_END2024_V1,42004,Alto Vale do Itajaí,SC,28,323332,7531.0684656986723,42.933084657596957,14.675517173013368,0.9634703196347032,329.94487010311428,0.9726027397260274,5,1.5463981294768223,0.29908675799086759,22,6.8041517696980192,0.95890410958904104,6.8249999999999993,2.1108334467358625,0.26255707762557079,0.96803652968036524,0.50684931506849318,0.46118721461187207,2.0493403581161398,0.0054999999999999997,0.03073,True,high-high,
MDB_ANALYTICAL_2024_2,MDB_METHOD_1.1,BR_HEALTH_REGIONS_END2024_V1,42005,Foz do Rio Itajaí,SC,11,881015,1518.7015822677688,580.11067499149055,8.3037617133248904,0.4406392694063927,65.857082328375583,0.37899543378995432,11,1.2485598996611864,0.1757990867579908,0,0,0.31278538812785389,21.574999999999996,2.4488799850172804,0.36529680365296802,0.40981735159817351,0.28462709284627091,0.12519025875190259,0.54871245299783311,0.032599999999999997,0.10295971223021581,False,not_significant,ZERO_REGISTERED_BEDS
MDB_ANALYTICAL_2024_2,MDB_METHOD_1.1,BR_HEALTH_REGIONS_END2024_V1,42006,Médio Vale do Itajaí,SC,14,860457,4497.4908196928018,191.31934549646795,10.637926581792755,0.71232876712328763,266.74389477565222,0.9360730593607306,13,1.5108250615661212,0.28767123287671231,18,2.0919116237069373,0.76712328767123283,24.774999999999995,2.8792839154077421,0.47945205479452052,0.82420091324200917,0.51141552511415522,0.31278538812785395,1.1927445357265094,0.019300000000000001,0.071802542372881348,True,high-high,
MDB_ANALYTICAL_2024_2,MDB_METHOD_1.1,BR_HEALTH_REGIONS_END2024_V1,42007,Grande Florianópolis,SC,22,1461218,7497.7399313155674,194.88779464021923,8.5560160780087653,0.47031963470319632,221.51097440535639,0.8904109589041096,16,1.0949769302048018,0.12785388127853881,0,0,0.31278538812785389,73.475000000000009,5.0283393716748632,0.86757990867579904,0.68036529680365299,0.43607305936073049,0.2442922374429225,1.1229190662376691,0.0047999999999999996,0.028865753424657532,True,high-high,ZERO_REGISTERED_BEDS
MDB_ANALYTICAL_2024_2,MDB_METHOD_1.1,BR_HEALTH_REGIONS_END2024_V1,42008,Meio Oeste,SC,20,200134,6891.6088199421256,29.040243755692547,12.59176003201754,0.88127853881278539,194.66343848400609,0.83789954337899542,6,2.9979913457983152,0.78767123287671237,0,0,0.31278538812785389,6.125,3.0604494988357795,0.52283105022831056,0.8595890410958904,0.54109589041095896,0.31849315068493145,1.9473913137057763,0.00020000000000000001,0.005164705882352941,True,high-high,ZERO_REGISTERED_BEDS
MDB_ANALYTICAL_2024_2,MDB_METHOD_1.1,BR_HEALTH_REGIONS_END2024_V1,42009,Alto Vale do Rio do Peixe,SC,20,296312,9019.9347635441482,32.850791914549497,14.170542932722093,0.94977168949771684,179.45717873889828,0.79908675799086759,6,2.0248926806879233,0.5,0,0,0.31278538812785389,8.5000000000000018,2.868597964307892,0.4771689497716895,0.87442922374429222,0.4299847792998478,0.44444444444444442,2.4986094968172448,0.00080000000000000004,0.010329411764705882,True,high-high,ZERO_REGISTERED_BEDS
MDB_ANALYTICAL_2024_2,MDB_METHOD_1.1,BR_HEALTH_REGIONS_END2024_V1,42010,Alto Uruguai Catarinense,SC,13,161118,2955.9843525254428,54.505701243766389,17.250450437243899,0.97945205479452058,154.79714471339548,0.73744292237442921,3,1.8619893494209212,0.43378995433789952,8,4.9653049317891238,0.92009132420091322,3.4750000000000005,2.156804329745901,0.28538812785388129,0.85844748858447484,0.54642313546423138,0.31202435312024346,1.9871511940874245,0.00029999999999999997,0.0065849999999999988,True,high-high,
MDB_ANALYTICAL_2024_2,MDB_METHOD_1.1,BR_HEALTH_REGIONS_END2024_V1,42011,Nordeste,SC,6,831310,2875.2840403357941,289.12273999299015,7.6056122894609732,0.35616438356164382,157.37031950869434,0.74657534246575341,7,0.84204448400716936,0.061643835616438297,0,0,0.31278538812785389,17.75,2.1351842273038937,0.27168949771689499,0.55136986301369861,0.215372907153729,0.33599695585996958,1.1636475215182314,0.072800000000000004,0.17275243243243243,False,not_significant,ZERO_REGISTERED_BEDS
MDB_ANALYTICAL_2024_2,MDB_METHOD_1.1,BR_HEALTH_REGIONS_END2024_V1,42012,Planalto Norte,SC,13,381805,10027.658036557445,38.075191496166738,10.915531977069454,0.73972602739726023,71.667776540047754,0.41095890410958902,9,2.3572242375034378,0.62100456621004563,8,2.095310433336389,0.76940639269406397,5.5249999999999995,1.4470737680229435,0.12328767123287671,0.57534246575342463,0.50456621004566216,0.07077625570776247,0.42291963030797775,0.00020000000000000001,0.005164705882352941,True,high-high,
MDB_ANALYTICAL_2024_2,MDB_METHOD_1.1,BR_HEALTH_REGIONS_END2024_V1,42013,Serra Catarinense,SC,18,304468,16126.92338152688,18.879484499117979,11.412388228825272,0.78538812785388123,209.1636963812266,0.86757990867579904,4,1.3137669640159229,0.1894977168949771,10,3.2844174100398074,0.83333333333333337,13.849999999999998,4.5489181129051319,0.79452054794520544,0.82648401826484008,0.60578386605783863,0.22070015220700145,1.0583855958148811,0.0011000000000000001,0.011778048780487806,True,high-high,
MDB_ANALYTICAL_2024_2,MDB_METHOD_1.1,BR_HEALTH_REGIONS_END2024_V1,42014,Extremo Sul Catarinense,SC,15,234389,2973.7075654172436,78.820460601381512,12.682133360862306,0.8904109589041096,221.38097772019529,0.88812785388127857,2,0.85328236393346113,0.070776255707762498,8,3.4131294557338445,0.84018264840182644,7.8250000000000011,3.3384672488896667,0.58904109589041098,0.88926940639269403,0.5,0.38926940639269403,0.8679368257613056,0.1414,0.24632777777777776,False,not_significant,
MDB_ANALYTICAL_2024_2,MDB_METHOD_1.1,BR_HEALTH_REGIONS_END2024_V1,42015,Carbonífera,SC,12,468509,2662.7545444103662,175.94900024994433,10.155349021717674,0.65296803652968038,127.03885864895936,0.68493150684931503,13,2.7747599299052954,0.73744292237442921,0,0,0.31278538812785389,24.050000000000004,5.1333058703247971,0.87671232876712324,0.66894977168949765,0.64231354642313543,0.026636225266362223,0.12226249521392288,0.0132,0.056260194174757285,True,high-high,ZERO_REGISTERED_BEDS
MDB_ANALYTICAL_2024_2,MDB_METHOD_1.1,BR_HEALTH_REGIONS_END2024_V1,42016,Laguna,SC,18,398784,3982.3691574216832,100.13737658067488,11.502226127640949,0.80365296803652964,281.33884190057387,0.94063926940639264,7,1.7553362221152302,0.3949771689497717,15,3.7614347616754937,0.86757990867579904,15.574999999999998,3.9056230942063865,0.70091324200913241,0.87214611872146119,0.65449010654490103,0.21765601217656017,0.61290814179198394,0.1187,0.22612284482758618,False,not_significant,
MDB_ANALYTICAL_2024_2,MDB_METHOD_1.1,BR_HEALTH_REGIONS_END2024_V1,42017,Vale do Itapocú,SC,7,356107,2040.7719861129792,174.49622124530944,9.1635951402751328,0.55022831050228316,107.1406002554523,0.60730593607305938,7,1.965701320108844,0.47031963470319632,0,0,0.31278538812785389,8.1999999999999993,2.3026786892703592,0.32876712328767121,0.57876712328767121,0.37062404870624049,0.20814307458143072,0.75533291838662631,0.040099999999999997,0.11735933333333333,False,not_significant,ZERO_REGISTERED_BEDS
MDB_ANALYTICAL_2024_2,MDB_METHOD_1.1,BR_HEALTH_REGIONS_END2024_V1,43001,Região 01 - Verdes Campos,RS,22,450145,15550.845688782896,28.946657243515553,13.863846563436155,0.94063926940639264,231.34730043060617,0.90639269406392697,10,2.2215064034922078,0.5639269406392694,9,1.9993557631429872,0.75799086757990863,31.824999999999999,7.069944129113952,0.97031963470319638,0.92351598173515981,0.76407914764079143,0.15943683409436837,0.36859487208331465,0.071300000000000002,0.17248142076502734,False,not_significant,
MDB_ANALYTICAL_2024_2,MDB_METHOD_1.1,BR_HEALTH_REGIONS_END2024_V1,43002,Região 02 - Entre Rios,RS,11,120096,13237.330833258358,9.0725238730350952,13.612706649011654,0.9269406392694064,235.97026885137183,0.91095890410958902,4,3.3306687982946976,0.84474885844748859,27,22.482014388489208,1,4.5000000000000009,3.747002398081535,0.67123287671232879,0.91894977168949765,0.83866057838660579,0.080289193302891859,0.19651651762599839,0.15110000000000001,0.25628108108108111,False,not_significant,
MDB_ANALYTICAL_2024_2,MDB_METHOD_1.1,BR_HEALTH_REGIONS_END2024_V1,43003,Região 03 - Fronteira Oeste,RS,11,459529,41494.196295708825,11.074536706896591,10.014939770487032,0.64155251141552516,205.56358381502889,0.86301369863013699,13,2.8289835897190385,0.74429223744292239,20,4.3522824457215972,0.89497716894977164,7.5999999999999996,1.6538673293742072,0.1438356164383561,0.75228310502283113,0.5943683409436834,0.15791476407914773,0.41637109780079395,0.1024,0.21146197183098589,False,not_significant,
MDB_ANALYTICAL_2024_2,MDB_METHOD_1.1,BR_HEALTH_REGIONS_END2024_V1,43004,Região 04 - Belas Praias,RS,12,181405,2274.9409091851016,79.740532717828017,13.039772465138153,0.8995433789954338,179.10548321049853,0.79680365296803657,4,2.2050108872412557,0.56164383561643838,3,1.6537581654309419,0.73059360730593603,6.3999999999999995,3.5280174195860088,0.63242009132420096,0.84817351598173518,0.64155251141552505,0.20662100456621013,0.40305073081358295,0.20469999999999999,0.31543531468531472,False,not_significant,
MDB_ANALYTICAL_2024_2,MDB_METHOD_1.1,BR_HEALTH_REGIONS_END2024_V1,43005,Região 05 - Bons Ventos,RS,11,252925,6494.8786481400412,38.942221048645912,9.7429672410955401,0.62557077625570778,191.5488743498158,0.82191780821917804,6,2.3722447365819908,0.63242009132420096,9,3.5583671048729864,0.85388127853881279,17.825000000000003,7.0475437382623314,0.96575342465753422,0.72374429223744285,0.81735159817351599,-0.093607305936073137,-0.12317685148154871,0.27200000000000002,0.36294224924012164,False,not_significant,
MDB_ANALYTICAL_2024_2,MDB_METHOD_1.1,BR_HEALTH_REGIONS_END2024_V1,43006,Região 06 - Vale do Paranhana e Costa Serra,RS,8,222268,5908.1363468571644,37.620661906056988,13.8659741761404,0.94292237442922378,398.05860190540182,0.98858447488584478,8,3.599258552738136,0.86986301369863017,27,12.14749761549121,0.99315068493150682,12.375,5.5676030737668043,0.8995433789954338,0.96575342465753433,0.9208523592085236,0.044901065449010735,0.1169323935271159,0.047300000000000002,0.12739079754601229,False,not_significant,
MDB_ANALYTICAL_2024_2,MDB_METHOD_1.1,BR_HEALTH_REGIONS_END2024_V1,43007,Região 07 - Vale dos Sinos,RS,15,800226,1338.4246520410536,597.88647704574305,10.617175849997087,0.70776255707762559,199.1621769396954,0.84931506849315064,15,1.8744704620944583,0.4360730593607306,26,3.2490821342970606,0.82876712328767121,36.725000000000016,4.5893285146946008,0.80593607305936077,0.77853881278538806,0.69025875190258745,0.088280060882800604,0.11671515171923529,0.23999999999999999,0.34160128617363344,False,not_significant,
MDB_ANALYTICAL_2024_2,MDB_METHOD_1.1,BR_HEALTH_REGIONS_END2024_V1,43008,Região 08 - Vale do Caí e Metropolitana,RS,18,782413,2738.2390745428606,285.73582463051406,10.442755999014206,0.68721461187214616,197.55793943180404,0.84246575342465757,16,2.0449557970023502,0.51141552511415522,32,4.0899115940047004,0.87671232876712324,32.774999999999999,4.1889641404220015,0.73744292237442921,0.76484018264840192,0.70852359208523585,0.056316590563166069,0.067447562649352408,0.24099999999999999,0.34160128617363344,False,not_significant,
MDB_ANALYTICAL_2024_2,MDB_METHOD_1.1,BR_HEALTH_REGIONS_END2024_V1,43009,Região 09 - Carbonífera/Costa Doce,RS,20,395961,11782.111896444614,33.6069631217376,11.829117025280178,0.84018264840182644,237.91328300175516,0.91324200913242004,12,3.030601498632441,0.79223744292237441,5,1.2627506244301838,0.71004566210045661,29.874999999999989,7.5449349809703454,0.9817351598173516,0.87671232876712324,0.82800608828006084,0.048706240487062402,0.081846704162743464,0.1593,0.2669187022900763,False,not_significant,
MDB_ANALYTICAL_2024_2,MDB_METHOD_1.1,BR_HEALTH_REGIONS_END2024_V1,43010,Região 10 - Capital e Vale do Gravataí,RS,6,2239990,2902.8450175221828,771.65332164788322,8.7946786149734244,0.5,195.0986044892658,0.84018264840182644,35,1.5625069754775689,0.31050228310502281,137,6.1160987325836276,0.9452054794520548,313.37499999999977,13.990017812579511,1,0.67009132420091322,0.75190258751902583,-0.081811263318112615,-0.040654643300681817,0.39810000000000001,0.44300101265822783,False,not_significant,
MDB_ANALYTICAL_2024_2,MDB_METHOD_1.1,BR_HEALTH_REGIONS_END2024_V1,43011,Região 11 - Sete Povos das Missões,RS,24,285494,15399.848229350278,18.538754132386995,17.388432249910061,0.9817351598173516,191.74316201481756,0.82420091324200917,9,3.1524305239339534,0.82420091324200917,24,8.4064813971572079,0.97031963470319638,9.5,3.3275655530413948,0.58447488584474883,0.90296803652968038,0.79299847792998479,0.10996955859969559,0.32155683132770835,0.054800000000000001,0.14151294117647059,False,not_significant,
MDB_ANALYTICAL_2024_2,MDB_METHOD_1.1,BR_HEALTH_REGIONS_END2024_V1,43012,Região 12 - Portal das Missões,RS,12,127601,6554.2436730102791,19.46845530407241,18.170625647470825,0.98858447488584478,111.02857813049768,0.62557077625570778,5,3.9184645888355103,0.89497716894977164,2,1.5673858355342041,0.72374429223744297,5.0500000000000016,3.957649234723867,0.71232876712328763,0.80707762557077634,0.77701674277016741,0.030060882800608923,0.12284718561635059,0.0064000000000000003,0.032669767441860467,True,high-high,
MDB_ANALYTICAL_2024_2,MDB_METHOD_1.1,BR_HEALTH_REGIONS_END2024_V1,43013,Região 13 - Diversidade,RS,20,234900,7265.1220902564773,32.332560565641842,16.501055008007903,0.97716894977168944,306.70921066102443,0.954337899543379,6,2.554278416347382,0.68036529680365299,48,20.434227330779056,0.99771689497716898,11.15,4.7467007237122179,0.83333333333333337,0.96575342465753422,0.83713850837138504,0.12861491628614918,0.45636039659743705,0.0161,0.064843119266055044,True,high-high,
MDB_ANALYTICAL_2024_2,MDB_METHOD_1.1,BR_HEALTH_REGIONS_END2024_V1,43014,Região 14 - Fronteira Noroeste,RS,22,236504,5774.6408075369991,40.955620943785377,13.602472024138818,0.92465753424657537,323.90275296169904,0.9634703196347032,6,2.5369549775056659,0.67579908675799083,26,10.993471569191218,0.98630136986301364,4.375,1.8498630044312148,0.19634703196347031,0.94406392694063923,0.61948249619482498,0.32458143074581425,0.66534160132028575,0.24199999999999999,0.34160128617363344,False,not_significant,
MDB_ANALYTICAL_2024_2,MDB_METHOD_1.1,BR_HEALTH_REGIONS_END2024_V1,43015,Região 15 - Caminho das Águas,RS,26,194699,4703.9723040840909,41.390337232844274,21.026322334148848,1,307.58884994707688,0.95662100456621002,3,1.5408399632252865,0.29680365296803651,19,9.7586531004268124,0.9817351598173516,6.5499999999999989,3.3641672530418743,0.59589041095890416,0.97831050228310501,0.62480974124809741,0.3535007610350076,1.8847099523202104,0.0012999999999999999,0.012406521739130434,True,high-high,
MDB_ANALYTICAL_2024_2,MDB_METHOD_1.1,BR_HEALTH_REGIONS_END2024_V1,43016,Região 16 - Alto Uruguai Gaúcho,RS,33,239574,6629.7643757079113,36.136125874672402,12.331729000580118,0.86757990867579904,111.81191061739136,0.64155251141552516,4,1.6696302603788391,0.37214611872146119,28,11.687411822651873,0.9908675799086758,6.625,2.765325118752453,0.44292237442922372,0.75456621004566204,0.60197869101978685,0.1525875190258752,0.90442026285062915,0.0001,0.005164705882352941,True,high-high,
MDB_ANALYTICAL_2024_2,MDB_METHOD_1.1,BR_HEALTH_REGIONS_END2024_V1,43017,Região 17 - Planalto,RS,28,432110,7584.7396675203827,56.970973156850114,13.067797266004332,0.90182648401826482,182.17016324621792,0.80593607305936077,7,1.6199578810950916,0.34246575342465752,9,2.0828029899794034,0.76484018264840181,25.825000000000006,5.9764874684686786,0.9269406392694064,0.85388127853881279,0.67808219178082185,0.17579908675799094,0.77685450128447864,0.0037000000000000002,0.024610606060606062,True,high-high,
MDB_ANALYTICAL_2024_2,MDB_METHOD_1.1,BR_HEALTH_REGIONS_END2024_V1,43018,Região 18 - Araucárias,RS,20,134594,6598.6634659769279,20.397160833246623,17.6587437503463,0.98630136986301364,225.62717653278796,0.8995433789954338,2,1.4859503395396525,0.27853881278538811,3,2.2289255093094789,0.77397260273972601,2.8750000000000004,2.1360536130882508,0.27397260273972601,0.94292237442922366,0.44216133942161329,0.50076103500761038,1.6240360617817515,0.016299999999999999,0.064861261261261266,True,high-high,
MDB_ANALYTICAL_2024_2,MDB_METHOD_1.1,BR_HEALTH_REGIONS_END2024_V1,43019,Região 19 - Botucaraí,RS,14,113569,5378.6902608690416,21.114619822270733,19.349338476548777,0.99771689497716898,181.74209012183451,0.80365296803652964,1,0.88052197342584682,0.077625570776255703,5,4.4026098671292342,0.89726027397260277,1.7500000000000002,1.5409134534952322,0.1347031963470319,0.90068493150684925,0.36986301369863012,0.53082191780821919,1.0186861837947609,0.1245,0.23257659574468084,False,not_significant,
MDB_ANALYTICAL_2024_2,MDB_METHOD_1.1,BR_HEALTH_REGIONS_END2024_V1,43020,Região 20 - Rota da Produção,RS,26,163425,6347.6115856877077,25.745904234040236,14.942245157339267,0.96575342465753422,221.13693762061553,0.88584474885844744,2,1.2238029677221969,0.1666666666666666,26,15.909438580388557,0.99543378995433784,7.75,4.7422364999235125,0.83105022831050224,0.92579908675799083,0.6643835616438355,0.26141552511415533,0.75516273615885654,0.058200000000000002,0.1494140350877193,False,not_significant,
MDB_ANALYTICAL_2024_2,MDB_METHOD_1.1,BR_HEALTH_REGIONS_END2024_V1,43021,Região 21 - Sul,RS,21,842663,34209.109379035581,24.632707933531016,12.499590647930303,0.87671232876712324,327.7476433891008,0.97031963470319638,22,2.6107708538288734,0.69863013698630139,26,3.0854564636159414,0.81506849315068497,40.574999999999989,4.8150921542775684,0.84703196347031962,0.92351598173515981,0.78691019786910188,0.13660578386605793,0.22888452216291902,0.21659999999999999,0.32453037542662111,False,not_significant,
MDB_ANALYTICAL_2024_2,MDB_METHOD_1.1,BR_HEALTH_REGIONS_END2024_V1,43022,Região 22 - Pampa,RS,6,188635,15193.348579746676,12.415630366794703,12.529071211831926,0.87899543378995437,152.40187473731424,0.73287671232876717,4,2.1204972566066744,0.53881278538812782,7,3.7108701990616799,0.86301369863013699,3.7000000000000002,1.9614599623611739,0.22374429223744291,0.80593607305936077,0.54185692541856922,0.26407914764079155,0.70881146670754824,0.099000000000000005,0.20764075829383885,False,not_significant,
MDB_ANALYTICAL_2024_2,MDB_METHOD_1.1,BR_HEALTH_REGIONS_END2024_V1,43023,Região 23 - Caxias e Hortênsias,RS,6,602569,2585.3249600609838,233.07282810041269,11.442947052584174,0.79223744292237441,259.55639452571967,0.92465753424657537,8,1.327648783790736,0.1940639269406392,1,0.165956097973842,0.63470319634703198,28.000000000000007,4.6467707432675773,0.81278538812785384,0.85844748858447484,0.54718417047184165,0.31126331811263319,0.57240568386555113,0.19320000000000001,0.30183202846975093,False,not_significant,
MDB_ANALYTICAL_2024_2,MDB_METHOD_1.1,BR_HEALTH_REGIONS_END2024_V1,43024,Região 24 - Campos de Cima da Serra,RS,9,100644,10392.489327399104,9.6843015017257521,11.416095405800849,0.78767123287671237,176.84524046963713,0.79452054794520544,2,1.9872024164381383,0.47945205479452052,4,3.9744048328762771,0.87442922374429222,2.2000000000000002,2.1859226580819526,0.29680365296803651,0.79109589041095885,0.55022831050228305,0.2408675799086758,0.96543332835497231,0.0030999999999999999,0.022309836065573772,True,high-high,
MDB_ANALYTICAL_2024_2,MDB_METHOD_1.1,BR_HEALTH_REGIONS_END2024_V1,43025,Região 25 - Vinhedos e Basalto,RS,22,325366,3487.316166505881,93.299828425364922,11.324299061160684,0.77625570776255703,215.0435310582231,0.87899543378995437,6,1.844077131599491,0.4269406392694064,18,5.5322313947984734,0.93150684931506844,19.275000000000009,5.9240977852633669,0.92237442922374424,0.82762557077625565,0.76027397260273977,0.067351598173515881,0.28473960532840298,0.0027000000000000001,0.020794736842105265,True,high-high,
MDB_ANALYTICAL_2024_2,MDB_METHOD_1.1,BR_HEALTH_REGIONS_END2024_V1,43026,Região 26 - Uva Vale,RS,12,190035,2433.5099177850875,78.090908367024255,12.848919767217517,0.89269406392694062,205.41599385869711,0.86073059360730597,5,2.6310942721077697,0.71004566210045661,19,9.9981582340095247,0.98401826484018262,8.375,4.4070829057805145,0.77397260273972601,0.87671232876712324,0.8226788432267883,0.054033485540334936,0.19572946628996563,0.016400000000000001,0.064861261261261266,True,high-high,
MDB_ANALYTICAL_2024_2,MDB_METHOD_1.1,BR_HEALTH_REGIONS_END2024_V1,43027,Região 27 - Jacuí Centro,RS,12,193690,12064.759553833885,16.054194792340482,13.088880060689023,0.90639269406392697,168.07932110346383,0.76712328767123283,5,2.581444576384945,0.68721461187214616,11,5.6791780680468786,0.9360730593607306,4.7999999999999998,2.4781867933295469,0.37442922374429222,0.83675799086757996,0.66590563165905625,0.17085235920852371,0.51707246798478623,0.025499999999999998,0.088145669291338574,True,high-high,
MDB_ANALYTICAL_2024_2,MDB_METHOD_1.1,BR_HEALTH_REGIONS_END2024_V1,43028,Região 28 - Vinte e Oito,RS,13,351534,7471.7449827408163,47.048447292033892,15.821831795287373,0.97488584474885842,180.36992959294045,0.80136986301369861,12,3.4136100633224662,0.85388127853881279,15,4.2670125791530831,0.89269406392694062,14.5,4.1247788265146479,0.72831050228310501,0.88812785388127846,0.82496194824961944,0.063165905631659025,0.25070031629518341,0.015599999999999999,0.064414018691588776,True,high-high,
MDB_ANALYTICAL_2024_2,MDB_METHOD_1.1,BR_HEALTH_REGIONS_END2024_V1,43029,Região 29 - Vales e Montanhas,RS,27,237991,3587.7893844656733,66.333603926263862,15.734659469862907,0.9726027397260274,349.61676352345893,0.97716894977168944,5,2.1009197826808577,0.52283105022831056,27,11.344966826476631,0.98858447488584478,14.150000000000006,5.9456029849868299,0.92465753424657537,0.97488584474885842,0.81202435312024346,0.16286149162861496,0.63174180753484777,0.031600000000000003,0.10125839416058395,False,not_significant,
MDB_ANALYTICAL_2024_2,MDB_METHOD_1.1,BR_HEALTH_REGIONS_END2024_V1,43030,Região 30 - Vale da Luz,RS,10,129360,1336.4617702187477,96.792892159441834,17.389860795435322,0.98401826484018262,326.7838462096181,0.96803652968036524,3,2.3191094619666046,0.60730593607305938,5,3.8651824366110081,0.86986301369863017,5.3250000000000002,4.1164192949907239,0.72602739726027399,0.97602739726027399,0.73439878234398781,0.24162861491628618,0.33083275795889572,0.2334,0.33830528052805281,False,not_significant,
MDB_ANALYTICAL_2024_2,MDB_METHOD_1.1,BR_HEALTH_REGIONS_END2024_V1,50009,Baixo Pantanal,MS,12,253940,68460.564830114192,3.70928870701192,11.445515135174535,0.79680365296803657,91.592901747229874,0.53881278538812782,4,1.5751752382452548,0.31278538812785389,0,0,0.31278538812785389,6.3500000000000005,2.5005906907143425,0.37899543378995432,0.6678082191780822,0.33485540334855401,0.33295281582952818,1.3571659458041245,0.0123,0.054435999999999998,True,high-high,ZERO_REGISTERED_BEDS
MDB_ANALYTICAL_2024_2,MDB_METHOD_1.1,BR_HEALTH_REGIONS_END2024_V1,50010,Pantanal,MS,3,147884,70333.256784165293,2.1026184021851573,9.2173465930641889,0.55707762557077622,28.047280984392248,0.12328767123287671,3,2.0286170241540669,0.50228310502283102,0,0,0.31278538812785389,1.425,0.96359308647318165,0.075342465753424598,0.34018264840182644,0.29680365296803651,0.043378995433789924,0.21584779222199166,0.0030000000000000001,0.021950000000000001,True,high-high,ZERO_REGISTERED_BEDS
MDB_ANALYTICAL_2024_2,MDB_METHOD_1.1,BR_HEALTH_REGIONS_END2024_V1,50011,Centro,MS,9,1085967,49970.421072132151,21.732196301336145,11.364444057653094,0.78082191780821919,62.451238982447123,0.35616438356164382,9,0.82875446491467974,0.057077625570776197,0,0,0.31278538812785389,50.700000000000017,4.6686501523526971,0.82191780821917804,0.56849315068493156,0.39726027397260272,0.17123287671232884,0.70237489619231763,0.0061999999999999998,0.032669767441860467,True,high-high,ZERO_REGISTERED_BEDS
MDB_ANALYTICAL_2024_2,MDB_METHOD_1.1,BR_HEALTH_REGIONS_END2024_V1,50012,Centro Sul,MS,12,450343,21419.974645270413,21.024441319749037,11.444396743524081,0.79452054794520544,49.060388537272765,0.25570776255707761,6,1.3323178110906575,0.1986301369863013,9,1.9984767166359865,0.75570776255707761,7.0999999999999996,1.576576076457278,0.14155251141552511,0.52511415525114158,0.36529680365296802,0.15981735159817356,0.84434270199016981,0.0055999999999999999,0.03073,True,high-high,
MDB_ANALYTICAL_2024_2,MDB_METHOD_1.1,BR_HEALTH_REGIONS_END2024_V1,50013,Leste,MS,6,210693,35603.473234950099,5.9177653429939392,11.551674527372469,0.81506849315068497,45.032149738331043,0.21461187214611871,4,1.8984968651070515,0.4406392694063927,0,0,0.31278538812785389,7.0500000000000016,3.3461007247511794,0.59360730593607303,0.51484018264840181,0.44901065449010652,0.065829528158295292,0.082642878327750705,0.2301,0.33671299999999998,False,not_significant,ZERO_REGISTERED_BEDS
MDB_ANALYTICAL_2024_2,MDB_METHOD_1.1,BR_HEALTH_REGIONS_END2024_V1,50014,Nordeste,MS,7,169981,30063.807486477621,5.6540077326019214,10.17193534152134,0.65525114155251141,202.97268334269521,0.85616438356164382,5,2.941505227054789,0.76940639269406397,4,2.3532041816438305,0.77853881278538817,8.7249999999999996,5.1329266212106059,0.87442922374429222,0.75570776255707761,0.80745814307458141,-0.051750380517503802,-0.11470879282341698,0.050799999999999998,0.134344578313253,False,not_significant,
MDB_ANALYTICAL_2024_2,MDB_METHOD_1.1,BR_HEALTH_REGIONS_END2024_V1,50015,Norte,MS,8,120563,37263.170698258058,3.2354466284222014,13.852278022742182,0.93835616438356162,264.45325955309619,0.93150684931506844,4,3.3177674742665664,0.84246575342465757,0,0,0.31278538812785389,1.8,1.4929953634199546,0.13242009132420091,0.93493150684931503,0.42922374429223747,0.50570776255707761,1.712163087279843,0.032199999999999999,0.10243333333333333,False,not_significant,ZERO_REGISTERED_BEDS
MDB_ANALYTICAL_2024_2,MDB_METHOD_1.1,BR_HEALTH_REGIONS_END2024_V1,50016,Sudeste,MS,7,118655,15202.522449530001,7.8049547628636011,10.141015739955046,0.65068493150684936,84.706520143210483,0.49771689497716892,1,0.84277948674729253,0.063926940639269403,0,0,0.31278538812785389,1.3500000000000001,1.1377523071088449,0.086757990867579904,0.57420091324200917,0.154490106544901,0.41971080669710814,1.8049737494775473,0.0022000000000000001,0.018937254901960788,True,high-high,ZERO_REGISTERED_BEDS
MDB_ANALYTICAL_2024_2,MDB_METHOD_1.1,BR_HEALTH_REGIONS_END2024_V1,50017,Sul Fronteira,MS,15,343869,28995.796029753841,11.85927089731012,13.692171940722394,0.93150684931506844,45.743200209892038,0.22831050228310501,6,1.7448505099325615,0.39269406392694062,0,0,0.31278538812785389,4.8499999999999996,1.4104208288621538,0.1164383561643835,0.57990867579908678,0.27397260273972601,0.30593607305936077,1.9020351997596208,0.0001,0.005164705882352941,True,high-high,ZERO_REGISTERED_BEDS
MDB_ANALYTICAL_2024_2,MDB_METHOD_1.1,BR_HEALTH_REGIONS_END2024_V1,51001,Alto Tapajós,MT,6,114907,51467.504566982891,2.2326126158001922,11.395878669964228,0.78310502283105021,98.140299736832105,0.57077625570776258,1,0.87026900014794584,0.075342465753424598,0,0,0.31278538812785389,0.52500000000000002,0.45689122507767149,0.027397260273972601,0.6769406392694064,0.13850837138508371,0.53843226788432275,0.78626345534906916,0.192,0.30183202846975093,False,not_significant,ZERO_REGISTERED_BEDS
MDB_ANALYTICAL_2024_2,MDB_METHOD_1.1,BR_HEALTH_REGIONS_END2024_V1,51002,Baixada Cuiabana,MT,11,1103436,62923.490832666073,17.536153595394023,6.5015103433392039,0.24200913242009131,49.14324202634883,0.25799086757990869,9,0.8156340739290725,0.054794520547945202,0,0,0.31278538812785389,33.425000000000004,3.029174324564361,0.50684931506849318,0.25,0.29147640791476409,-0.041476407914764091,-0.064761801799394517,0.20499999999999999,0.31543531468531472,False,not_significant,ZERO_REGISTERED_BEDS
MDB_ANALYTICAL_2024_2,MDB_METHOD_1.1,BR_HEALTH_REGIONS_END2024_V1,51003,Araguaia Xingu,MT,7,91094,40246.435997809604,2.2634053858820633,10.564072085618537,0.69406392694063923,56.727806636041073,0.31506849315068491,2,2.1955342832678331,0.55707762557077622,0,0,0.31278538812785389,0.5,0.54888357081695827,0.031963470319634701,0.50456621004566204,0.30060882800608829,0.20395738203957375,0.44888697510190229,0.1193,0.22612284482758618,False,not_significant,ZERO_REGISTERED_BEDS
MDB_ANALYTICAL_2024_2,MDB_METHOD_1.1,BR_HEALTH_REGIONS_END2024_V1,51004,Centro Norte,MT,7,87557,38816.346335714807,2.2556734021985747,6.0655424971844738,0.19178082191780821,62.560190486301217,0.36073059360730592,2,2.2842262754548464,0.59589041095890416,0,0,0.31278538812785389,1.9000000000000004,2.1700149616821047,0.28767123287671231,0.27625570776255703,0.39878234398782347,-0.12252663622526644,-0.34916798550054162,0.047199999999999999,0.12739079754601229,False,not_significant,ZERO_REGISTERED_BEDS
MDB_ANALYTICAL_2024_2,MDB_METHOD_1.1,BR_HEALTH_REGIONS_END2024_V1,51005,Garças Araguaia,MT,10,147555,42434.59583274115,3.4772335426876242,8.4345808845291277,0.4589041095890411,34.821653570364937,0.1621004566210045,4,2.7108535800210092,0.72602739726027399,0,0,0.31278538812785389,1.1000000000000001,0.74548473450577757,0.050228310502283102,0.31050228310502281,0.36301369863013699,-0.05251141552511418,-0.18376097815449427,0.030800000000000001,0.099420588235294122,True,low-high,ZERO_REGISTERED_BEDS
MDB_ANALYTICAL_2024_2,MDB_METHOD_1.1,BR_HEALTH_REGIONS_END2024_V1,51006,Médio Araguaia,MT,8,127029,89379.43848964473,1.4212329160550417,9.5547342675076283,0.59589041095890416,34.861567149053464,0.16438356164383561,3,2.3616654464728528,0.62557077625570778,0,0,0.31278538812785389,0.25,0.19680545387273771,0.018264840182648401,0.38013698630136988,0.31887366818873669,0.061263318112633192,0.1198864129402296,0.1095,0.21830814479638008,False,not_significant,ZERO_REGISTERED_BEDS
MDB_ANALYTICAL_2024_2,MDB_METHOD_1.1,BR_HEALTH_REGIONS_END2024_V1,51007,Médio Norte Matogrossense,MT,10,266850,48910.109213827018,5.4559272978388851,5.95053673223088,0.18264840182648401,55.961773021592343,0.30136986301369861,6,2.2484541877459248,0.58675799086757996,0,0,0.31278538812785389,4.7750000000000004,1.7893947910811321,0.17808219178082191,0.24200913242009131,0.35920852359208522,-0.11719939117199391,-0.16874314296704521,0.22539999999999999,0.33093846153846151,False,not_significant,ZERO_REGISTERED_BEDS
MDB_ANALYTICAL_2024_2,MDB_METHOD_1.1,BR_HEALTH_REGIONS_END2024_V1,51008,Noroeste Matogrossense,MT,7,145402,111891.81371823148,1.2994873813213419,10.73226488300123,0.72374429223744297,43.935316173256965,0.2077625570776255,1,0.6877484491272472,0.031963470319634701,0,0,0.31278538812785389,2.6000000000000001,1.7881459677308429,0.1757990867579908,0.46575342465753422,0.17351598173515981,0.29223744292237441,0.3378326216958687,0.18820000000000001,0.29934710144927534,False,not_significant,ZERO_REGISTERED_BEDS
MDB_ANALYTICAL_2024_2,MDB_METHOD_1.1,BR_HEALTH_REGIONS_END2024_V1,51009,Norte Araguaia Karajá,MT,5,26739,29126.174739485745,0.9180402246145456,9.8483133059083379,0.62785388127853881,13.932163031638677,0.059360730593607303,1,3.7398556415722353,0.88356164383561642,0,0,0.31278538812785389,0,0,0.0068493150684931,0.34360730593607303,0.4010654490106545,-0.057458143074581469,-0.1328080708338705,0.085599999999999996,0.18789199999999998,False,not_significant,SMALL_SUICIDE_COUNT|ZERO_REGISTERED_BEDS
MDB_ANALYTICAL_2024_2,MDB_METHOD_1.1,BR_HEALTH_REGIONS_END2024_V1,51010,Norte Matogrossense,MT,6,69366,29387.390408606629,2.3604001252076099,7.7378733370236672,0.36986301369863012,26.860059092130005,0.11872146118721461,1,1.4416284635123835,0.25342465753424659,0,0,0.31278538812785389,1.625,2.3426462532076235,0.34474885844748859,0.24429223744292236,0.30365296803652969,-0.05936073059360733,-0.20674652629825305,0.018700000000000001,0.071385217391304351,True,low-high,ZERO_REGISTERED_BEDS
MDB_ANALYTICAL_2024_2,MDB_METHOD_1.1,BR_HEALTH_REGIONS_END2024_V1,51011,Oeste Matogrossense,MT,12,187002,41660.820439531482,4.4886778039194812,10.020477489734377,0.64383561643835618,56.259291239751818,0.31050228310502281,4,2.1390145559940534,0.545662100456621,0,0,0.31278538812785389,2.25,1.203195687746655,0.089041095890410898,0.4771689497716895,0.31582952815829529,0.16133942161339421,0.0097581096098698361,0.48330000000000001,0.49318747099767984,False,not_significant,ZERO_REGISTERED_BEDS
MDB_ANALYTICAL_2024_2,MDB_METHOD_1.1,BR_HEALTH_REGIONS_END2024_V1,51012,Sudoeste Matogrossense,MT,10,128709,74946.214140770491,1.7173515897447145,7.9120119422303787,0.39269406392694062,28.543446267617071,0.12785388127853881,1,0.77694644508154054,0.045662100456621002,0,0,0.31278538812785389,0.75,0.58270983381115538,0.034246575342465703,0.26027397260273971,0.13089802130898021,0.12937595129375951,0.14676973123055187,0.25380000000000003,0.35147697160883284,False,not_significant,ZERO_REGISTERED_BEDS
MDB_ANALYTICAL_2024_2,MDB_METHOD_1.1,BR_HEALTH_REGIONS_END2024_V1,51013,Sul Matogrossense,MT,19,601765,90495.250697435418,6.6496859819965524,9.8636275295728915,0.63013698630136983,209.81491367566608,0.87214611872146119,8,1.3294226151404618,0.19634703196347031,0,0,0.31278538812785389,12.875,2.139539521241681,0.27625570776255709,0.75114155251141557,0.26179604261796041,0.48934550989345516,0.33738267271289429,0.3054,0.38637060518731992,False,not_significant,ZERO_REGISTERED_BEDS
MDB_ANALYTICAL_2024_2,MDB_METHOD_1.1,BR_HEALTH_REGIONS_END2024_V1,51014,Teles Pires,MT,14,580757,81522.81130796748,7.1238588400255622,7.4918532122962915,0.34018264840182649,46.14586624853186,0.23287671232876711,7,1.2053233968768349,0.15525114155251141,0,0,0.31278538812785389,10.65,1.8338134538197559,0.19178082191780821,0.2865296803652968,0.21993911719939119,0.066590563165905614,0.1176326595095971,0.1492,0.25585468750000001,False,not_significant,ZERO_REGISTERED_BEDS
MDB_ANALYTICAL_2024_2,MDB_METHOD_1.1,BR_HEALTH_REGIONS_END2024_V1,51015,Vale do Peixoto,MT,5,103427,32591.411458037583,3.1734434126354225,11.137774683233264,0.75570776255707761,29.078690166556271,0.1301369863013698,2,1.9337310373500149,0.46118721461187212,0,0,0.31278538812785389,1,0.96686551867500758,0.077625570776255703,0.44292237442922372,0.28386605783866048,0.15905631659056324,0.35221418102978258,0.093899999999999997,0.20108341463414633,False,not_significant,ZERO_REGISTERED_BEDS
MDB_ANALYTICAL_2024_2,MDB_METHOD_1.1,BR_HEALTH_REGIONS_END2024_V1,51016,Vale dos Arinos,MT,4,54804,38899.801470420505,1.4088503778527786,9.6635075130666106,0.60730593607305938,107.0553098825433,0.60502283105022836,1,1.8246843296109776,0.4178082191780822,0,0,0.31278538812785389,0.97499999999999998,1.7790672213707028,0.1712328767123287,0.60616438356164393,0.30060882800608829,0.30555555555555564,0.7512102290384487,0.092799999999999994,0.19970196078431371,False,not_significant,ZERO_REGISTERED_BEDS
MDB_ANALYTICAL_2024_2,MDB_METHOD_1.1,BR_HEALTH_REGIONS_END2024_V1,52001,Central,GO,26,1968968,7988.9204866160526,246.46233534288376,8.6361299534228166,0.4863013698630137,186.61903821044839,0.81735159817351599,19,0.96497251351977276,0.095890410958904104,0,0,0.31278538812785389,74.725000000000037,3.7951353196192139,0.68264840182648401,0.65182648401826482,0.36377473363774732,0.2880517503805175,0.7801247866672455,0.070699999999999999,0.17242944444444444,False,not_significant,ZERO_REGISTERED_BEDS
MDB_ANALYTICAL_2024_2,MDB_METHOD_1.1,BR_HEALTH_REGIONS_END2024_V1,52002,Centro Sul,GO,25,1003470,20475.314409537616,49.008771241753102,9.0657957785199255,0.54337899543378998,218.9940378957541,0.88356164383561642,15,1.4948129988938383,0.28082191780821919,4,0.39861679970502351,0.64383561643835618,54.525000000000013,5.4336452509791036,0.8904109589041096,0.7134703196347032,0.60502283105022825,0.10844748858447495,0.22326287500341196,0.0969,0.20550289855072462,False,not_significant,
MDB_ANALYTICAL_2024_2,MDB_METHOD_1.1,BR_HEALTH_REGIONS_END2024_V1,52003,Entorno Norte,GO,8,287800,22331.776497037295,12.887465537646849,10.628222778322096,0.71004566210045661,86.249427249897167,0.5091324200913242,5,1.7373175816539264,0.3904109589041096,0,0,0.31278538812785389,10.5,3.6483669214732455,0.64840182648401823,0.6095890410958904,0.45053272450532722,0.15905631659056318,0.35776086104599969,0.091300000000000006,0.19744187192118226,False,not_significant,ZERO_REGISTERED_BEDS
MDB_ANALYTICAL_2024_2,MDB_METHOD_1.1,BR_HEALTH_REGIONS_END2024_V1,52004,Entorno Sul,GO,7,1019365,11960.727346926771,85.226004274892119,8.104780907106047,0.4132420091324201,60.66450296606088,0.34703196347031962,8,0.78480230339476043,0.047945205479451997,0,0,0.31278538812785389,15.725,1.542627027610326,0.13698630136986301,0.38013698630136983,0.16590563165905631,0.21423135464231352,0.18396765169816048,0.30930000000000002,0.38795057142857142,False,not_significant,ZERO_REGISTERED_BEDS
MDB_ANALYTICAL_2024_2,MDB_METHOD_1.1,BR_HEALTH_REGIONS_END2024_V1,52005,Estrada de Ferro,GO,18,341609,20250.159473276279,16.869447396244674,9.4533307261717869,0.58904109589041098,48.762212853005714,0.25342465753424659,10,2.9273233433545371,0.76027397260273977,0,0,0.31278538812785389,14.625,4.2812103896560103,0.75114155251141557,0.42123287671232879,0.60806697108066976,-0.18683409436834097,-0.29231854359646114,0.16420000000000001,0.27201433962264154,False,not_significant,ZERO_REGISTERED_BEDS
MDB_ANALYTICAL_2024_2,MDB_METHOD_1.1,BR_HEALTH_REGIONS_END2024_V1,52006,Nordeste I,GO,5,41717,12498.090581090084,3.337869871348095,6.4168698946519624,0.23059360730593606,88.177817320983138,0.52054794520547942,1,2.3971042980080064,0.63926940639269403,0,0,0.31278538812785389,0,0,0.0068493150684931,0.37557077625570773,0.31963470319634701,0.055936073059360714,0.1593418189048692,0.047199999999999999,0.12739079754601229,False,not_significant,SMALL_SUICIDE_COUNT|ZERO_REGISTERED_BEDS
MDB_ANALYTICAL_2024_2,MDB_METHOD_1.1,BR_HEALTH_REGIONS_END2024_V1,52007,Nordeste II,GO,11,95936,15188.237012239772,6.31646713984565,6.2995389601751288,0.21917808219178081,113.10215622669004,0.64840182648401823,0,0,0.0022831050228309998,0,0,0.31278538812785389,0.5,0.52118078719146088,0.029680365296803599,0.43378995433789952,0.1149162861491628,0.31887366818873675,-0.32692503563526942,0.29349999999999998,0.38120266272189346,False,not_significant,ZERO_REGISTERED_BEDS
MDB_ANALYTICAL_2024_2,MDB_METHOD_1.1,BR_HEALTH_REGIONS_END2024_V1,52008,Norte,GO,13,132996,25949.512883099971,5.125182911877153,12.39676484935165,0.87442922374429222,65.806692839783139,0.37671232876712329,3,2.255706938554543,0.58904109589041098,4,3.0076092514060573,0.81050228310502281,3.0249999999999999,2.274504496375831,0.32191780821917809,0.62557077625570778,0.57382039573820387,0.051750380517503913,0.13119244151822765,0.052600000000000001,0.13827185628742514,False,not_significant,
MDB_ANALYTICAL_2024_2,MDB_METHOD_1.1,BR_HEALTH_REGIONS_END2024_V1,52009,Oeste I,GO,16,118022,18567.812215613551,6.3562685053846071,12.372352023325961,0.87214611872146119,56.816896949413177,0.31735159817351599,1,0.84729965599633972,0.068493150684931503,0,0,0.31278538812785389,3.5750000000000002,3.0290962701869142,0.50456621004566216,0.59474885844748859,0.29528158295281581,0.29946727549467278,0.080281724319651096,0.43930000000000002,0.46582777777777779,False,not_significant,ZERO_REGISTERED_BEDS
MDB_ANALYTICAL_2024_2,MDB_METHOD_1.1,BR_HEALTH_REGIONS_END2024_V1,52010,Oeste II,GO,13,120408,10031.969595394508,12.00242872100381,9.4183551558120282,0.57990867579908678,83.572210568541749,0.4908675799086758,2,1.6610192013819678,0.36757990867579909,0,0,0.31278538812785389,3.5,2.9067836024184439,0.4863013698630137,0.53538812785388123,0.3888888888888889,0.14649923896499234,0.28529366909070336,0.12509999999999999,0.23265147679324893,False,not_significant,ZERO_REGISTERED_BEDS
MDB_ANALYTICAL_2024_2,MDB_METHOD_1.1,BR_HEALTH_REGIONS_END2024_V1,52011,Pirineus,GO,10,561392,8930.5176727469097,62.86220133836018,8.612483435792706,0.4771689497716895,300.97429473030866,0.94748858447488582,8,1.4250292130988684,0.24429223744292231,0,0,0.31278538812785389,18.424999999999994,3.2820204064183303,0.57990867579908678,0.71232876712328763,0.37899543378995437,0.33333333333333326,0.85165008799837627,0.11310000000000001,0.22185178571428571,False,not_significant,ZERO_REGISTERED_BEDS
MDB_ANALYTICAL_2024_2,MDB_METHOD_1.1,BR_HEALTH_REGIONS_END2024_V1,52012,Rio Vermelho,GO,17,207179,33312.331049470959,6.2192885779240674,11.25920047365303,0.77397260273972601,74.668988985114581,0.43835616438356162,3,1.4480232069852641,0.26027397260273971,0,0,0.31278538812785389,6.9749999999999996,3.3666539562407385,0.59817351598173518,0.60616438356164382,0.3904109589041096,0.21575342465753422,0.37401743127220782,0.1174,0.22612284482758618,False,not_significant,ZERO_REGISTERED_BEDS
MDB_ANALYTICAL_2024_2,MDB_METHOD_1.1,BR_HEALTH_REGIONS_END2024_V1,52013,São Patrício I,GO,20,170930,15016.676207938652,11.382678672237528,11.467712010195072,0.80136986301369861,131.03114284152068,0.69863013698630139,7,4.0952436669981864,0.90410958904109584,4,2.340139238284678,0.77625570776255703,4.9499999999999993,2.8959223073772886,0.48401826484018262,0.75,0.72146118721461183,0.028538812785388168,0.075667646229007721,0.10489999999999999,0.21403778801843321,False,not_significant,
MDB_ANALYTICAL_2024_2,MDB_METHOD_1.1,BR_HEALTH_REGIONS_END2024_V1,52014,Serra da Mesa,GO,9,122705,19588.4454864092,6.2641520015018459,13.231952969803716,0.91324200913242004,130.54936584492037,0.69634703196347036,2,1.6299254309115361,0.35388127853881279,0,0,0.31278538812785389,4.5,3.6673322195509561,0.65068493150684936,0.8047945205479452,0.439117199391172,0.36567732115677321,0.3510003471673821,0.30430000000000001,0.38609161849710988,False,not_significant,ZERO_REGISTERED_BEDS
MDB_ANALYTICAL_2024_2,MDB_METHOD_1.1,BR_HEALTH_REGIONS_END2024_V1,52015,Sudoeste I,GO,18,454619,31529.187291985498,14.418988849597184,9.9043800127535562,0.63470319634703198,79.128740017306171,0.45662100456621002,9,1.9796796878265095,0.4771689497716895,9,1.9796796878265095,0.75342465753424659,30.475000000000001,6.7034153873903213,0.95890410958904104,0.545662100456621,0.72983257229832565,-0.18417047184170465,-0.47747062284336828,0.037900000000000003,0.11225436241610738,False,not_significant,
MDB_ANALYTICAL_2024_2,MDB_METHOD_1.1,BR_HEALTH_REGIONS_END2024_V1,52016,Sudoeste II,GO,10,246361,41645.972711531882,5.9156020128635864,9.7025586414071459,0.61643835616438358,95.919186714918581,0.55936073059360736,3,1.2177252081295336,0.16438356164383561,8,3.2472672216787561,0.82648401826484019,14.25,5.7841947386152839,0.91552511415525117,0.58789954337899553,0.63546423135464236,-0.047564687975646835,-0.088118234408352397,0.1389,0.24488795180722892,False,not_significant,
MDB_ANALYTICAL_2024_2,MDB_METHOD_1.1,BR_HEALTH_REGIONS_END2024_V1,52017,Sul,GO,12,269992,13603.252228871552,19.847606694152802,11.22720299916281,0.76940639269406397,109.45074156301636,0.61872146118721461,4,1.4815253785297342,0.27625570776255709,0,0,0.31278538812785389,12.449999999999999,4.6112477406737984,0.81050228310502281,0.69406392694063923,0.46651445966514449,0.22754946727549474,0.13598953303635403,0.37590000000000001,0.42636041131105401,False,not_significant,ZERO_REGISTERED_BEDS
MDB_ANALYTICAL_2024_2,MDB_METHOD_1.1,BR_HEALTH_REGIONS_END2024_V1,52018,São Patrício II,GO,8,187014,12441.093640403673,15.031958234978129,7.7582196134833952,0.37442922374429222,114.23739790594752,0.65296803652968038,4,2.138877303303496,0.54337899543378998,0,0,0.31278538812785389,7.8000000000000007,4.1708107414418176,0.73287671232876717,0.51369863013698636,0.52968036529680373,-0.015981735159817378,-0.058427365501269132,0.0047000000000000002,0.028656944444444443,True,low-high,ZERO_REGISTERED_BEDS
MDB_ANALYTICAL_2024_2,MDB_METHOD_1.1,BR_HEALTH_REGIONS_END2024_V1,53001,Distrito Federal,DF,1,2982818,5792.2936157650292,514.96319038136983,8.6291482040988861,0.48401826484018262,135.00266826556674,0.70776255707762559,18,0.60345619477956747,0.018264840182648401,45,1.5086404869489187,0.71689497716894979,129.90000000000001,4.3549422056592118,0.76027397260273977,0.59589041095890405,0.4984779299847793,0.097412480974124749,0.13423496422021919,0.2611,0.35486965944272447,False,not_significant,
