health_region_code,health_region_name,uf,geography_version,population,person_years,suicide_asmr,psychiatric_admissions,psychiatric_admission_rate,caps_count,mental_health_beds_sus_count,psychiatrist_fte,caps_rate,mental_health_beds_sus_rate,psychiatrist_fte_rate,suicide_percentile,psychiatric_admission_percentile,caps_percentile,beds_percentile,psychiatrist_fte_percentile,need_score,capacity_score,mismatch_score,year,need_window_start,need_window_end,capacity_competence,temporal_version,release_id,quality_flags
11001,Vale do Jamari,RO,BR_HEALTH_REGIONS_END2024_V1,236265,709144,7.2729081898255412,331,46.675992464153971,3,0,2.5,1.269760650117453,0,1.0581338750978775,0.40182648401826482,0.32420091324200911,0.21689497716894976,0.32077625570776258,0.11187214611872145,0.36301369863013699,0.2165144596651446,0.1464992389649924,2022,2020,2022,2022-12,MDB_TEMPORAL_2022_2024_1,MDB_ANALYTICAL_2024_2,ZERO_REGISTERED_BEDS
11002,Café,RO,BR_HEALTH_REGIONS_END2024_V1,182736,545309,9.9396914970743211,259,47.496006851161454,3,0,4.625,1.641712634620436,0,2.5309736450398388,0.74429223744292239,0.33789954337899542,0.41552511415525112,0.32077625570776258,0.4908675799086758,0.54109589041095885,0.40905631659056318,0.13203957382039566,2022,2020,2022,2022-12,MDB_TEMPORAL_2022_2024_1,MDB_ANALYTICAL_2024_2,ZERO_REGISTERED_BEDS
11003,Central,RO,BR_HEALTH_REGIONS_END2024_V1,355910,1070229,7.1738928024946755,550,51.390870552003356,5,6,7.6000000000000005,1.4048495406142003,1.6858194487370401,2.1353713017335845,0.37671232876712329,0.35388127853881279,0.28995433789954339,0.74200913242009137,0.38127853881278539,0.36529680365296802,0.4710806697108067,-0.10578386605783868,2022,2020,2022,2022-12,MDB_TEMPORAL_2022_2024_1,MDB_ANALYTICAL_2024_2,
11004,Madeira-Mamoré,RO,BR_HEALTH_REGIONS_END2024_V1,611702,1821834,6.9544602370829374,1978,108.57191160116675,6,0,24.725000000000001,0.98086976992064767,0,4.0420008435480028,0.34931506849315069,0.67808219178082196,0.12100456621004566,0.32077625570776258,0.81278538812785384,0.51369863013698636,0.41818873668188733,0.095509893455099026,2022,2020,2022,2022-12,MDB_TEMPORAL_2022_2024_1,MDB_ANALYTICAL_2024_2,ZERO_REGISTERED_BEDS
11005,Zona da Mata,RO,BR_HEALTH_REGIONS_END2024_V1,138605,416949,12.519479593524878,224,53.723596890746833,2,0,1.8500000000000001,1.4429493885501965,0,1.334728184408932,0.90182648401826482,0.38127853881278539,0.30365296803652969,0.32077625570776258,0.15525114155251141,0.64155251141552516,0.25989345509893458,0.38165905631659058,2022,2020,2022,2022-12,MDB_TEMPORAL_2022_2024_1,MDB_ANALYTICAL_2024_2,ZERO_REGISTERED_BEDS
11006,Cone Sul,RO,BR_HEALTH_REGIONS_END2024_V1,165248,490616,9.8646594561572698,583,118.83020529293786,3,6,1.625,1.8154531371030207,3.6309062742060414,0.9833704492641363,0.73972602739726023,0.71004566210045661,0.4817351598173516,0.86757990867579904,0.098173515981735154,0.72488584474885842,0.48249619482496192,0.2423896499238965,2022,2020,2022,2022-12,MDB_TEMPORAL_2022_2024_1,MDB_ANALYTICAL_2024_2,
11007,Vale do Guaporé,RO,BR_HEALTH_REGIONS_END2024_V1,44182,132942,5.6789356588854778,21,15.796362323419237,0,0,0,0,0,0,0.21004566210045661,0.098173515981735154,0.0022831050228310501,0.32077625570776258,0.0057077625570776253,0.1541095890410959,0.1095890410958904,0.044520547945205491,2022,2020,2022,2022-12,MDB_TEMPORAL_2022_2024_1,MDB_ANALYTICAL_2024_2,SMALL_SUICIDE_COUNT|ZERO_REGISTERED_BEDS
12001,Alto Acre,AC,BR_HEALTH_REGIONS_END2024_V1,73592,218183,11.324424330371407,88,40.333114862294494,2,0,0,2.7176867050766389,0,0,0.84474885844748859,0.26712328767123289,0.78082191780821919,0.32077625570776258,0.0057077625570776253,0.55593607305936077,0.36910197869101974,0.18683409436834103,2022,2020,2022,2022-12,MDB_TEMPORAL_2022_2024_1,MDB_ANALYTICAL_2024_2,ZERO_REGISTERED_BEDS
12002,Baixo Acre e Purus,AC,BR_HEALTH_REGIONS_END2024_V1,554642,1658177,8.8734491453028479,2433,146.72740003027423,5,18,11.625,0.90148239765470339,3.2453366315569325,2.0959465745471855,0.61187214611872143,0.75799086757990863,0.091324200913242004,0.83561643835616439,0.37214611872146119,0.68493150684931503,0.4330289193302892,0.25190258751902583,2022,2020,2022,2022-12,MDB_TEMPORAL_2022_2024_1,MDB_ANALYTICAL_2024_2,
12003,Juruá e Tarauacá/Envira,AC,BR_HEALTH_REGIONS_END2024_V1,244332,728209,6.8355925150787034,313,42.982165834259121,3,0,1,1.2278375325376947,0,0.40927917751256482,0.33789954337899542,0.28995433789954339,0.19863013698630136,0.32077625570776258,0.022831050228310501,0.3139269406392694,0.18074581430745815,0.13318112633181126,2022,2020,2022,2022-12,MDB_TEMPORAL_2022_2024_1,MDB_ANALYTICAL_2024_2,ZERO_REGISTERED_BEDS
13001,"Manaus, Entorno e Alto Rio Negro",AM,BR_HEALTH_REGIONS_END2024_V1,2584129,7673208,6.470015184551368,1102,14.361659425888103,16,0,34.050000000000004,0.6191641361557414,0,1.3176586772564374,0.29908675799086759,0.082191780821917804,0.018264840182648401,0.32077625570776258,0.15296803652968036,0.1906392694063927,0.16400304414003045,0.026636225266362251,2022,2020,2022,2022-12,MDB_TEMPORAL_2022_2024_1,MDB_ANALYTICAL_2024_2,ZERO_REGISTERED_BEDS
13002,Rio Negro e Solimões,AM,BR_HEALTH_REGIONS_END2024_V1,287176,857073,5.7256838908659748,200,23.335235154998465,4,0,2.7999999999999998,1.3928740563278268,0,0.97501183942947867,0.21689497716894976,0.15068493150684931,0.28082191780821919,0.32077625570776258,0.095890410958904104,0.18378995433789952,0.23249619482496198,-0.048706240487062458,2022,2020,2022,2022-12,MDB_TEMPORAL_2022_2024_1,MDB_ANALYTICAL_2024_2,ZERO_REGISTERED_BEDS
13003,Rio Madeira,AM,BR_HEALTH_REGIONS_END2024_V1,197695,587275,4.0106636149057335,30,5.1083393640117487,5,0,4.125,2.5291484357216922,0,2.0865474594703963,0.061643835616438353,0.020547945205479451,0.73287671232876717,0.32077625570776258,0.36757990867579909,0.041095890410958902,0.47374429223744291,-0.43264840182648401,2022,2020,2022,2022-12,MDB_TEMPORAL_2022_2024_1,MDB_ANALYTICAL_2024_2,ZERO_REGISTERED_BEDS
13004,Médio Amazonas,AM,BR_HEALTH_REGIONS_END2024_V1,188053,557463,3.6933247799880462,14,2.5113774367088038,1,0,0.25,0.53176498114893145,0,0.13294124528723286,0.038812785388127852,0.0022831050228310501,0.011415525114155251,0.32077625570776258,0.015981735159817351,0.020547945205479451,0.11605783866057839,-0.095509893455098943,2022,2020,2022,2022-12,MDB_TEMPORAL_2022_2024_1,MDB_ANALYTICAL_2024_2,ZERO_REGISTERED_BEDS
13005,Baixo Amazonas,AM,BR_HEALTH_REGIONS_END2024_V1,245236,732210,7.9530433733544648,147,20.076207645347647,3,0,1.875,1.223311422466522,0,0.76456963904157615,0.47488584474885842,0.12785388127853881,0.19634703196347031,0.32077625570776258,0.057077625570776253,0.30136986301369861,0.19140030441400302,0.10996955859969559,2022,2020,2022,2022-12,MDB_TEMPORAL_2022_2024_1,MDB_ANALYTICAL_2024_2,ZERO_REGISTERED_BEDS
13006,Regional Purus,AM,BR_HEALTH_REGIONS_END2024_V1,142764,424265,3.5818400472978307,49,11.54938540770509,2,0,0.75,1.4009133955338882,0,0.52534252332520803,0.031963470319634701,0.059360730593607303,0.28538812785388129,0.32077625570776258,0.029680365296803651,0.045662100456621002,0.21194824961948253,-0.16628614916286152,2022,2020,2022,2022-12,MDB_TEMPORAL_2022_2024_1,MDB_ANALYTICAL_2024_2,ZERO_REGISTERED_BEDS
13007,Regional Juruá,AM,BR_HEALTH_REGIONS_END2024_V1,134422,401486,9.0608003323680659,59,14.695406564612464,2,0,1,1.4878516909434467,0,0.74392584547172336,0.63242009132420096,0.084474885844748854,0.33105022831050229,0.32077625570776258,0.054794520547945202,0.35844748858447489,0.23554033485540335,0.12290715372907154,2022,2020,2022,2022-12,MDB_TEMPORAL_2022_2024_1,MDB_ANALYTICAL_2024_2,ZERO_REGISTERED_BEDS
13008,Triângulo,AM,BR_HEALTH_REGIONS_END2024_V1,145054,431608,11.978639934035247,18,4.1704509647643233,1,0,1,0.68939843092917119,0,0.68939843092917119,0.88127853881278539,0.0091324200913242004,0.031963470319634701,0.32077625570776258,0.052511415525114152,0.4452054794520548,0.13508371385083714,0.31012176560121762,2022,2020,2022,2022-12,MDB_TEMPORAL_2022_2024_1,MDB_ANALYTICAL_2024_2,ZERO_REGISTERED_BEDS
13009,Alto Solimões,AM,BR_HEALTH_REGIONS_END2024_V1,275262,816442,14.883439905231905,6,0.7348960489538755,1,0,0.5,0.36329024711002611,0,0.18164512355501305,0.97945205479452058,0,0.0068493150684931503,0.32077625570776258,0.020547945205479451,0.48972602739726029,0.11605783866057839,0.37366818873668189,2022,2020,2022,2022-12,MDB_TEMPORAL_2022_2024_1,MDB_ANALYTICAL_2024_2,ZERO_REGISTERED_BEDS
14001,Centro Norte,RR,BR_HEALTH_REGIONS_END2024_V1,578267,1688461,8.8154797512742196,525,31.093403993340679,9,11,22.049999999999997,1.5563744775337343,1.9022354725412307,3.8131174699576484,0.60502283105022836,0.19634703196347031,0.36073059360730592,0.76027397260273977,0.78538812785388123,0.40068493150684936,0.63546423135464225,-0.23477929984779289,2022,2020,2022,2022-12,MDB_TEMPORAL_2022_2024_1,MDB_ANALYTICAL_2024_2,
14002,Sul,RR,BR_HEALTH_REGIONS_END2024_V1,95137,280890,4.1499072364259026,17,6.0521912492434762,2,0,1,2.102231518757161,0,1.0511157593785805,0.070776255707762553,0.025114155251141551,0.59817351598173518,0.32077625570776258,0.1095890410958904,0.047945205479452052,0.3428462709284627,-0.29490106544901062,2022,2020,2022,2022-12,MDB_TEMPORAL_2022_2024_1,MDB_ANALYTICAL_2024_2,ZERO_REGISTERED_BEDS
15001,Araguaia,PA,BR_HEALTH_REGIONS_END2024_V1,479403,1441011,8.4478864676587708,456,31.644449625991754,11,0,3.6999999999999997,2.2945204765093252,0,0.77179325118950026,0.54794520547945202,0.20776255707762556,0.66438356164383561,0.32077625570776258,0.061643835616438353,0.37785388127853881,0.3489345509893455,0.028919330289193301,2022,2020,2022,2022-12,MDB_TEMPORAL_2022_2024_1,MDB_ANALYTICAL_2024_2,ZERO_REGISTERED_BEDS
15002,Baixo Amazonas,PA,BR_HEALTH_REGIONS_END2024_V1,841073,2496200,6.7955295179526569,117,4.6871244291322816,9,0,5.1500000000000004,1.0700616950015041,0,0.61231308102863846,0.33561643835616439,0.011415525114155251,0.15525114155251141,0.32077625570776258,0.043378995433789952,0.17351598173515981,0.17313546423135465,0.00038051750380516114,2022,2020,2022,2022-12,MDB_TEMPORAL_2022_2024_1,MDB_ANALYTICAL_2024_2,ZERO_REGISTERED_BEDS
15003,Carajás,PA,BR_HEALTH_REGIONS_END2024_V1,985235,2900142,5.7951936052569986,1202,41.44624642517504,9,6,8.5250000000000004,0.91348764507960034,0.60899176338640026,0.86527579714484371,0.22374429223744291,0.28082191780821919,0.095890410958904104,0.68036529680365299,0.077625570776255703,0.25228310502283102,0.28462709284627091,-0.03234398782343989,2022,2020,2022,2022-12,MDB_TEMPORAL_2022_2024_1,MDB_ANALYTICAL_2024_2,
15004,Lago de Tucuruí,PA,BR_HEALTH_REGIONS_END2024_V1,280898,853754,5.2879519366460821,90,10.541678282034404,5,0,2.5499999999999998,1.7800055536173272,0,0.90780283234483694,0.16666666666666666,0.050228310502283102,0.4771689497716895,0.32077625570776258,0.084474885844748854,0.10844748858447488,0.2941400304414003,-0.18569254185692541,2022,2020,2022,2022-12,MDB_TEMPORAL_2022_2024_1,MDB_ANALYTICAL_2024_2,ZERO_REGISTERED_BEDS
15006,Metropolitana I,PA,BR_HEALTH_REGIONS_END2024_V1,2127484,6389208,3.4437091347178099,4998,78.225658015829197,15,0,37.5,0.70505818140112919,0,1.7626454535028231,0.018264840182648401,0.53424657534246578,0.036529680365296802,0.32077625570776258,0.26027397260273971,0.27625570776255709,0.20585996955859973,0.070395738203957364,2022,2020,2022,2022-12,MDB_TEMPORAL_2022_2024_1,MDB_ANALYTICAL_2024_2,ZERO_REGISTERED_BEDS
15007,Metropolitana II,PA,BR_HEALTH_REGIONS_END2024_V1,375538,1118241,3.1680162030595325,362,32.372270378210068,6,0,4.875,1.5977078218449265,0,1.2981376052490028,0.011415525114155251,0.21232876712328766,0.37899543378995432,0.32077625570776258,0.15068493150684931,0.11187214611872145,0.28348554033485535,-0.17161339421613389,2022,2020,2022,2022-12,MDB_TEMPORAL_2022_2024_1,MDB_ANALYTICAL_2024_2,ZERO_REGISTERED_BEDS
15008,Metropolitana III,PA,BR_HEALTH_REGIONS_END2024_V1,889374,2662809,4.9394305252775892,875,32.860036149795199,14,0,7.9500000000000002,1.5741409125969503,0,0.89388716108183963,0.14155251141552511,0.21461187214611871,0.36757990867579909,0.32077625570776258,0.082191780821917804,0.17808219178082191,0.25684931506849312,-0.078767123287671215,2022,2020,2022,2022-12,MDB_TEMPORAL_2022_2024_1,MDB_ANALYTICAL_2024_2,ZERO_REGISTERED_BEDS
15009,Rio Caetés,PA,BR_HEALTH_REGIONS_END2024_V1,536845,1605331,3.4443102726432047,1455,90.635513797466061,11,23,8.2249999999999996,2.0490085592675729,4.2842906239231064,1.5320995818159804,0.020547945205479451,0.591324200913242,0.5639269406392694,0.89726027397260277,0.20547945205479451,0.30593607305936071,0.55555555555555547,-0.24961948249619476,2022,2020,2022,2022-12,MDB_TEMPORAL_2022_2024_1,MDB_ANALYTICAL_2024_2,
15010,Tapajós,PA,BR_HEALTH_REGIONS_END2024_V1,260004,767532,7.7284841247750187,38,4.9509336418546717,3,0,1.625,1.1538284026399592,0,0.62499038476331137,0.4589041095890411,0.015981735159817351,0.18036529680365296,0.32077625570776258,0.045662100456621002,0.23744292237442921,0.18226788432267885,0.055175038051750364,2022,2020,2022,2022-12,MDB_TEMPORAL_2022_2024_1,MDB_ANALYTICAL_2024_2,ZERO_REGISTERED_BEDS
15011,Tocantins,PA,BR_HEALTH_REGIONS_END2024_V1,823077,2443609,4.3799740165269814,630,25.781538699521896,12,0,5.1749999999999998,1.457943788977216,0,0.62873825899642444,0.089041095890410954,0.16438356164383561,0.31506849315068491,0.32077625570776258,0.047945205479452052,0.12671232876712329,0.22792998477929985,-0.10121765601217655,2022,2020,2022,2022-12,MDB_TEMPORAL_2022_2024_1,MDB_ANALYTICAL_2024_2,ZERO_REGISTERED_BEDS
15012,Xingu,PA,BR_HEALTH_REGIONS_END2024_V1,389327,1150301,6.2553270884644414,188,16.343548340825574,8,0,3,2.0548279466874888,0,0.7705604800078083,0.27168949771689499,0.10273972602739725,0.57077625570776258,0.32077625570776258,0.059360730593607303,0.18721461187214611,0.3169710806697108,-0.12975646879756469,2022,2020,2022,2022-12,MDB_TEMPORAL_2022_2024_1,MDB_ANALYTICAL_2024_2,ZERO_REGISTERED_BEDS
15013,Marajó I,PA,BR_HEALTH_REGIONS_END2024_V1,243519,724888,3.338923748559246,65,8.9669024732096556,2,0,0,0.82129115181977574,0,0,0.015981735159817351,0.038812785388127852,0.059360730593607303,0.32077625570776258,0.0057077625570776253,0.027397260273972601,0.12861491628614916,-0.10121765601217655,2022,2020,2022,2022-12,MDB_TEMPORAL_2022_2024_1,MDB_ANALYTICAL_2024_2,ZERO_REGISTERED_BEDS
15014,Marajó II,PA,BR_HEALTH_REGIONS_END2024_V1,338268,1002364,6.0340684980215595,72,7.1830193422748625,5,0,2,1.4781179419868269,0,0.59124717679473082,0.25342465753424659,0.029680365296803651,0.32648401826484019,0.32077625570776258,0.041095890410958902,0.14155251141552511,0.22945205479452055,-0.087899543378995443,2022,2020,2022,2022-12,MDB_TEMPORAL_2022_2024_1,MDB_ANALYTICAL_2024_2,ZERO_REGISTERED_BEDS
16001,Área Central,AP,BR_HEALTH_REGIONS_END2024_V1,536730,1598476,8.0310348428320975,181,11.323285429371477,5,0,4.25,0.93156708214558537,0,0.79183201982374751,0.49771689497716892,0.057077625570776253,0.1050228310502283,0.32077625570776258,0.068493150684931503,0.2773972602739726,0.1647640791476408,0.11263318112633181,2022,2020,2022,2022-12,MDB_TEMPORAL_2022_2024_1,MDB_ANALYTICAL_2024_2,ZERO_REGISTERED_BEDS
16002,Área Norte,AP,BR_HEALTH_REGIONS_END2024_V1,66859,198445,9.2781864195637631,41,20.660636448386203,1,0,0,1.4956849489223591,0,0,0.65753424657534243,0.13470319634703196,0.33561643835616439,0.32077625570776258,0.0057077625570776253,0.39611872146118721,0.22070015220700154,0.17541856925418567,2022,2020,2022,2022-12,MDB_TEMPORAL_2022_2024_1,MDB_ANALYTICAL_2024_2,ZERO_REGISTERED_BEDS
16003,Área Sudoeste,AP,BR_HEALTH_REGIONS_END2024_V1,191868,574940,7.4536901435923069,31,5.3918669774237316,4,0,1.5,2.0847666103779683,0,0.78178747889173805,0.4269406392694064,0.022831050228310501,0.58675799086757996,0.32077625570776258,0.066210045662100453,0.22488584474885845,0.3245814307458143,-0.099695585996955854,2022,2020,2022,2022-12,MDB_TEMPORAL_2022_2024_1,MDB_ANALYTICAL_2024_2,ZERO_REGISTERED_BEDS
17001,Médio Norte Araguaia,TO,BR_HEALTH_REGIONS_END2024_V1,288376,861777,10.447080225682218,679,78.79068482913793,3,10,10.649999999999999,1.0403084861430909,3.467694953810303,3.6930951258079725,0.78767123287671237,0.5365296803652968,0.14611872146118721,0.84931506849315064,0.76027397260273977,0.66210045662100458,0.5852359208523592,0.076864535768645381,2022,2020,2022,2022-12,MDB_TEMPORAL_2022_2024_1,MDB_ANALYTICAL_2024_2,
17002,Bico do Papagaio,TO,BR_HEALTH_REGIONS_END2024_V1,202958,608666,6.3212362040743475,80,13.143497418945696,6,0,2.6000000000000001,2.9562766680791102,0,1.281053222834281,0.27625570776255709,0.075342465753424653,0.81735159817351599,0.32077625570776258,0.14611872146118721,0.17579908675799089,0.42808219178082191,-0.25228310502283102,2022,2020,2022,2022-12,MDB_TEMPORAL_2022_2024_1,MDB_ANALYTICAL_2024_2,ZERO_REGISTERED_BEDS
17003,Sudeste,TO,BR_HEALTH_REGIONS_END2024_V1,90322,272678,9.3881553007733043,122,44.741416615935279,2,0,1.25,2.2142999490711013,0,1.3839374681694381,0.66894977168949776,0.30593607305936071,0.64155251141552516,0.32077625570776258,0.16894977168949771,0.48744292237442921,0.37709284627092848,0.11035007610350073,2022,2020,2022,2022-12,MDB_TEMPORAL_2022_2024_1,MDB_ANALYTICAL_2024_2,ZERO_REGISTERED_BEDS
17004,Cerrado Tocantins Araguaia,TO,BR_HEALTH_REGIONS_END2024_V1,155532,465845,11.595059418354438,110,23.613004325473064,3,0,2.25,1.9288635136177763,0,1.4466476352133324,0.86073059360730597,0.15296803652968036,0.52054794520547942,0.32077625570776258,0.18493150684931506,0.50684931506849318,0.34208523592085238,0.1647640791476408,2022,2020,2022,2022-12,MDB_TEMPORAL_2022_2024_1,MDB_ANALYTICAL_2024_2,ZERO_REGISTERED_BEDS
17005,Ilha do Bananal,TO,BR_HEALTH_REGIONS_END2024_V1,183266,548725,9.1544468582091998,210,38.270536243109021,3,0,8.25,1.6369648489081443,0,4.501653334497397,0.63698630136986301,0.25114155251141551,0.408675799086758,0.32077625570776258,0.87442922374429222,0.44406392694063923,0.53462709284627097,-0.090563165905631737,2022,2020,2022,2022-12,MDB_TEMPORAL_2022_2024_1,MDB_ANALYTICAL_2024_2,ZERO_REGISTERED_BEDS
17006,Capim Dourado,TO,BR_HEALTH_REGIONS_END2024_V1,386721,1140973,8.0716332653180398,865,75.812486360325792,3,11,17.175000000000001,0.77575306228521335,2.8444278950457824,4.4411862815828469,0.5,0.51369863013698636,0.050228310502283102,0.81278538812785384,0.86073059360730597,0.50684931506849318,0.57458143074581425,-0.06773211567732107,2022,2020,2022,2022-12,MDB_TEMPORAL_2022_2024_1,MDB_ANALYTICAL_2024_2,
17007,Cantão,TO,BR_HEALTH_REGIONS_END2024_V1,129988,387242,7.4220390837887447,245,63.267930648018556,1,0,1.95,0.7693017817029264,0,1.5001384743207065,0.42009132420091322,0.44292237442922372,0.047945205479452052,0.32077625570776258,0.19863013698630136,0.43150684931506844,0.189117199391172,0.24238964992389644,2022,2020,2022,2022-12,MDB_TEMPORAL_2022_2024_1,MDB_ANALYTICAL_2024_2,ZERO_REGISTERED_BEDS
17008,Amor Perfeito,TO,BR_HEALTH_REGIONS_END2024_V1,120417,358074,12.541311726505104,308,86.015739763289147,1,0,2,0.83044752817293244,0,1.6608950563458649,0.90639269406392697,0.5730593607305936,0.063926940639269403,0.32077625570776258,0.23059360730593606,0.73972602739726034,0.20509893455098935,0.53462709284627097,2022,2020,2022,2022-12,MDB_TEMPORAL_2022_2024_1,MDB_ANALYTICAL_2024_2,ZERO_REGISTERED_BEDS
21001,Açailândia,MA,BR_HEALTH_REGIONS_END2024_V1,270384,814512,7.2530271907060024,323,39.65564657119846,4,0,3.2000000000000002,1.4793774779572755,0,1.1835019823658206,0.39726027397260272,0.26255707762557079,0.32876712328767121,0.32077625570776258,0.13013698630136986,0.32990867579908678,0.25989345509893452,0.070015220700152259,2022,2020,2022,2022-12,MDB_TEMPORAL_2022_2024_1,MDB_ANALYTICAL_2024_2,ZERO_REGISTERED_BEDS
21002,Bacabal,MA,BR_HEALTH_REGIONS_END2024_V1,264277,794867,5.9137332644399736,463,58.248738468196564,4,0,7.4500000000000002,1.5135634201992607,0,2.8190118701211229,0.23972602739726026,0.41552511415525112,0.34018264840182649,0.32077625570776258,0.57077625570776258,0.3276255707762557,0.41057838660578394,-0.082952815829528237,2022,2020,2022,2022-12,MDB_TEMPORAL_2022_2024_1,MDB_ANALYTICAL_2024_2,ZERO_REGISTERED_BEDS
21003,Balsas,MA,BR_HEALTH_REGIONS_END2024_V1,237478,706914,8.0722021853587211,174,24.614026600123921,3,0,3.4499999999999997,1.2632749138867601,0,1.4527661509697738,0.50228310502283102,0.15753424657534246,0.21461187214611871,0.32077625570776258,0.18721461187214611,0.32990867579908673,0.24086757990867577,0.089041095890410954,2022,2020,2022,2022-12,MDB_TEMPORAL_2022_2024_1,MDB_ANALYTICAL_2024_2,ZERO_REGISTERED_BEDS
21004,Barra do Corda,MA,BR_HEALTH_REGIONS_END2024_V1,232031,693983,4.5478857010729543,253,36.456224432010586,3,0,2.6499999999999999,1.2929306859859244,0,1.1420887726208997,0.1050228310502283,0.23515981735159816,0.22602739726027396,0.32077625570776258,0.12328767123287671,0.17009132420091322,0.22336377473363775,-0.05327245053272453,2022,2020,2022,2022-12,MDB_TEMPORAL_2022_2024_1,MDB_ANALYTICAL_2024_2,ZERO_REGISTERED_BEDS
21005,Caxias,MA,BR_HEALTH_REGIONS_END2024_V1,296145,890079,8.0068894423443293,389,43.703985825977249,7,0,3.3500000000000005,2.3637069678704687,0,1.1312026203380103,0.48858447488584472,0.29908675799086759,0.68493150684931503,0.32077625570776258,0.12100456621004566,0.39383561643835618,0.37557077625570773,0.018264840182648456,2022,2020,2022,2022-12,MDB_TEMPORAL_2022_2024_1,MDB_ANALYTICAL_2024_2,ZERO_REGISTERED_BEDS
21006,Chapadinha,MA,BR_HEALTH_REGIONS_END2024_V1,362884,1089059,3.6062200396082424,472,43.34016797987988,2,0,5.375,0.55114030929994162,0,1.4811895812435929,0.034246575342465752,0.29680365296803651,0.013698630136986301,0.32077625570776258,0.18949771689497716,0.16552511415525112,0.17465753424657535,-0.0091324200913242282,2022,2020,2022,2022-12,MDB_TEMPORAL_2022_2024_1,MDB_ANALYTICAL_2024_2,ZERO_REGISTERED_BEDS
21007,Codó,MA,BR_HEALTH_REGIONS_END2024_V1,295241,889361,5.07143613249319,649,72.973741821375128,4,0,6.7999999999999998,1.3548253799438426,0,2.3032031459045323,0.15296803652968036,0.48858447488584472,0.25342465753424659,0.32077625570776258,0.41552511415525112,0.32077625570776253,0.32990867579908678,-0.0091324200913242559,2022,2020,2022,2022-12,MDB_TEMPORAL_2022_2024_1,MDB_ANALYTICAL_2024_2,ZERO_REGISTERED_BEDS
21008,Imperatriz,MA,BR_HEALTH_REGIONS_END2024_V1,555298,1659966,7.4835762460104744,278,16.747330969429495,9,0,9.9749999999999996,1.6207513803399256,0,1.7963327798767508,0.42922374429223742,0.10730593607305935,0.38584474885844749,0.32077625570776258,0.27625570776255709,0.2682648401826484,0.3276255707762557,-0.059360730593607303,2022,2020,2022,2022-12,MDB_TEMPORAL_2022_2024_1,MDB_ANALYTICAL_2024_2,ZERO_REGISTERED_BEDS
21009,Itapecuru Mirim,MA,BR_HEALTH_REGIONS_END2024_V1,367883,1104060,4.0364665438915655,817,73.99960147093455,4,0,6.6500000000000004,1.0873022129318288,0,1.8076399289991656,0.063926940639269403,0.50228310502283102,0.16438356164383561,0.32077625570776258,0.27853881278538811,0.28310502283105021,0.2545662100456621,0.028538812785388112,2022,2020,2022,2022-12,MDB_TEMPORAL_2022_2024_1,MDB_ANALYTICAL_2024_2,ZERO_REGISTERED_BEDS
21010,Pedreiras,MA,BR_HEALTH_REGIONS_END2024_V1,214071,644490,6.0498811662059291,588,91.234929944607359,7,0,4.5,3.269943149702669,0,2.1021063105231441,0.25570776255707761,0.59360730593607303,0.86757990867579904,0.32077625570776258,0.37442922374429222,0.42465753424657532,0.52092846270928461,-0.096270928462709293,2022,2020,2022,2022-12,MDB_TEMPORAL_2022_2024_1,MDB_ANALYTICAL_2024_2,ZERO_REGISTERED_BEDS
21011,Pinheiro,MA,BR_HEALTH_REGIONS_END2024_V1,401230,1200844,3.659130041304302,601,50.048132813254675,8,0,3.6749999999999998,1.9938688532761759,0,0.91593350447374322,0.036529680365296802,0.34703196347031962,0.54337899543378998,0.32077625570776258,0.086757990867579904,0.19178082191780821,0.3169710806697108,-0.12519025875190259,2022,2020,2022,2022-12,MDB_TEMPORAL_2022_2024_1,MDB_ANALYTICAL_2024_2,ZERO_REGISTERED_BEDS
21012,Presidente Dutra,MA,BR_HEALTH_REGIONS_END2024_V1,283300,851514,5.4843004392227517,531,62.359514934575351,9,0,3.8000000000000003,3.176844334627603,0,1.3413342746205437,0.18264840182648401,0.43835616438356162,0.86529680365296802,0.32077625570776258,0.15981735159817351,0.31050228310502281,0.44863013698630133,-0.13812785388127852,2022,2020,2022,2022-12,MDB_TEMPORAL_2022_2024_1,MDB_ANALYTICAL_2024_2,ZERO_REGISTERED_BEDS
21013,Rosário,MA,BR_HEALTH_REGIONS_END2024_V1,294787,882238,3.8488486103510988,650,73.676264228020102,6,0,5.2750000000000004,2.0353679097110797,0,1.7894276206209909,0.043378995433789952,0.49771689497716892,0.55936073059360736,0.32077625570776258,0.26940639269406391,0.27054794520547942,0.38318112633181128,-0.11263318112633186,2022,2020,2022,2022-12,MDB_TEMPORAL_2022_2024_1,MDB_ANALYTICAL_2024_2,ZERO_REGISTERED_BEDS
21014,Santa Inês,MA,BR_HEALTH_REGIONS_END2024_V1,361359,1092393,5.5921471854360165,851,77.902366639112472,3,0,5.1999999999999993,0.83019933085933928,0,1.4390121734895214,0.20319634703196346,0.53196347031963476,0.061643835616438353,0.32077625570776258,0.18036529680365296,0.36757990867579909,0.18759512937595132,0.17998477929984777,2022,2020,2022,2022-12,MDB_TEMPORAL_2022_2024_1,MDB_ANALYTICAL_2024_2,ZERO_REGISTERED_BEDS
21015,São João dos Patos,MA,BR_HEALTH_REGIONS_END2024_V1,240059,720904,8.4628453379859607,215,29.823665841776439,8,0,2.6499999999999999,3.3325140902861379,0,1.1038952924072833,0.55707762557077622,0.18721461187214611,0.87671232876712324,0.32077625570776258,0.11415525114155251,0.37214611872146119,0.43721461187214605,-0.065068493150684859,2022,2020,2022,2022-12,MDB_TEMPORAL_2022_2024_1,MDB_ANALYTICAL_2024_2,ZERO_REGISTERED_BEDS
21016,São Luís,MA,BR_HEALTH_REGIONS_END2024_V1,1526895,4538254,3.5213275664167183,13661,301.01884998063133,10,0,48.600000000000016,0.65492388147187597,0,3.1829300639533185,0.027397260273972601,0.95662100456621002,0.022831050228310501,0.32077625570776258,0.66894977168949776,0.49200913242009131,0.33751902587519028,0.15449010654490103,2022,2020,2022,2022-12,MDB_TEMPORAL_2022_2024_1,MDB_ANALYTICAL_2024_2,ZERO_REGISTERED_BEDS
21017,Timon,MA,BR_HEALTH_REGIONS_END2024_V1,257804,768575,8.5500470820702859,758,98.624077025664377,5,0,5.1499999999999995,1.9394578827326185,0,1.9976416192145969,0.57534246575342463,0.63470319634703198,0.52511415525114158,0.32077625570776258,0.33333333333333331,0.60502283105022836,0.39307458143074586,0.2119482496194825,2022,2020,2022,2022-12,MDB_TEMPORAL_2022_2024_1,MDB_ANALYTICAL_2024_2,ZERO_REGISTERED_BEDS
21018,Viana,MA,BR_HEALTH_REGIONS_END2024_V1,264529,793764,4.5039205107721072,390,49.132991670068179,8,0,4,3.0242430886594662,0,1.5121215443297331,0.095890410958904104,0.34246575342465752,0.83105022831050224,0.32077625570776258,0.20319634703196346,0.21917808219178081,0.45167427701674279,-0.23249619482496198,2022,2020,2022,2022-12,MDB_TEMPORAL_2022_2024_1,MDB_ANALYTICAL_2024_2,ZERO_REGISTERED_BEDS
21019,Zé Doca,MA,BR_HEALTH_REGIONS_END2024_V1,272432,821452,4.2704316552032457,500,60.867829161046537,2,0,3.7000000000000002,0.73412814940976101,0,1.3581370764080578,0.079908675799086754,0.42922374429223742,0.041095890410958902,0.32077625570776258,0.16210045662100456,0.2545662100456621,0.17465753424657535,0.079908675799086754,2022,2020,2022,2022-12,MDB_TEMPORAL_2022_2024_1,MDB_ANALYTICAL_2024_2,ZERO_REGISTERED_BEDS
22001,Carnaubais,PI,BR_HEALTH_REGIONS_END2024_V1,163382,490486,8.9172792662472951,220,44.853471862601587,4,0,4.2999999999999998,2.4482501132315679,0,2.6318688717239351,0.61872146118721461,0.30821917808219179,0.71461187214611877,0.32077625570776258,0.52054794520547942,0.4634703196347032,0.51864535768645359,-0.055175038051750391,2022,2020,2022,2022-12,MDB_TEMPORAL_2022_2024_1,MDB_ANALYTICAL_2024_2,ZERO_REGISTERED_BEDS
22002,Chapada das Mangabeiras,PI,BR_HEALTH_REGIONS_END2024_V1,189988,568276,10.088262118376369,27,4.7512124390261077,6,0,1.8999999999999999,3.1580941954228687,0,1.0000631618839084,0.76255707762557079,0.013698630136986301,0.86073059360730597,0.32077625570776258,0.10273972602739725,0.38812785388127857,0.42808219178082196,-0.039954337899543391,2022,2020,2022,2022-12,MDB_TEMPORAL_2022_2024_1,MDB_ANALYTICAL_2024_2,ZERO_REGISTERED_BEDS
22003,Cocais,PI,BR_HEALTH_REGIONS_END2024_V1,410271,1228595,10.750253222637811,447,36.383022883863276,9,0,7.9500000000000002,2.1936719875399433,0,1.9377435889936163,0.81050228310502281,0.23287671232876711,0.63013698630136983,0.32077625570776258,0.31506849315068491,0.52168949771689499,0.42199391171993911,0.099695585996955882,2022,2020,2022,2022-12,MDB_TEMPORAL_2022_2024_1,MDB_ANALYTICAL_2024_2,ZERO_REGISTERED_BEDS
22004,Entre Rios,PI,BR_HEALTH_REGIONS_END2024_V1,1281653,3826323,8.5466645477094776,4009,104.77421796330314,17,10,40.500000000000021,1.326412063171545,0.78024239010090879,3.1599816799086824,0.5730593607305936,0.65981735159817356,0.24200913242009131,0.69406392694063923,0.66666666666666663,0.61643835616438358,0.53424657534246567,0.082191780821917915,2022,2020,2022,2022-12,MDB_TEMPORAL_2022_2024_1,MDB_ANALYTICAL_2024_2,
22005,Planície Litorânea,PI,BR_HEALTH_REGIONS_END2024_V1,298427,889665,7.7374830094948335,2461,276.62097531093167,5,0,6.9000000000000004,1.6754516179836276,0,2.3121232328174059,0.46575342465753422,0.9452054794520548,0.4315068493150685,0.32077625570776258,0.42465753424657532,0.70547945205479445,0.39231354642313548,0.31316590563165897,2022,2020,2022,2022-12,MDB_TEMPORAL_2022_2024_1,MDB_ANALYTICAL_2024_2,ZERO_REGISTERED_BEDS
22006,Serra da Capivara,PI,BR_HEALTH_REGIONS_END2024_V1,160558,479651,10.465713980121663,175,36.484860867589148,2,9,2.6000000000000001,1.2456557754830031,5.6054509896735132,1.6193525081279041,0.78995433789954339,0.23744292237442921,0.20776255707762556,0.93835616438356162,0.22146118721461186,0.51369863013698636,0.4558599695585997,0.057838660578386658,2022,2020,2022,2022-12,MDB_TEMPORAL_2022_2024_1,MDB_ANALYTICAL_2024_2,
22007,Tabuleiros do Alto Parnaíba,PI,BR_HEALTH_REGIONS_END2024_V1,53062,157365,8.7730049056721082,70,44.482572363613258,1,0,1,1.8845878406392522,0,1.8845878406392522,0.6004566210045662,0.30365296803652969,0.50456621004566216,0.32077625570776258,0.31050228310502281,0.45205479452054798,0.37861491628614918,0.073439878234398792,2022,2020,2022,2022-12,MDB_TEMPORAL_2022_2024_1,MDB_ANALYTICAL_2024_2,ZERO_REGISTERED_BEDS
22008,Vale do Canindé,PI,BR_HEALTH_REGIONS_END2024_V1,109308,327728,14.758155725565123,133,40.582434213738225,3,0,3,2.7445383686463938,0,2.7445383686463938,0.97716894977168944,0.27168949771689499,0.78310502283105021,0.32077625570776258,0.55022831050228316,0.62442922374429222,0.55136986301369861,0.073059360730593603,2022,2020,2022,2022-12,MDB_TEMPORAL_2022_2024_1,MDB_ANALYTICAL_2024_2,ZERO_REGISTERED_BEDS
22009,Vale do Rio Guaribas,PI,BR_HEALTH_REGIONS_END2024_V1,243701,730381,12.788490110058545,384,52.575299740820199,4,0,3.4750000000000001,1.6413555955863948,0,1.4259276736656805,0.92009132420091322,0.36986301369863012,0.4132420091324201,0.32077625570776258,0.17351598173515981,0.64497716894977164,0.30251141552511418,0.34246575342465746,2022,2020,2022,2022-12,MDB_TEMPORAL_2022_2024_1,MDB_ANALYTICAL_2024_2,ZERO_REGISTERED_BEDS
22010,Vale do Sambito,PI,BR_HEALTH_REGIONS_END2024_V1,105059,315968,13.238168145483074,93,29.433360340287624,5,0,6.25,4.7592305276082962,0,5.9490381595103701,0.9360730593607306,0.18264840182648401,0.96803652968036524,0.32077625570776258,0.96118721461187218,0.55936073059360725,0.75,-0.19063926940639275,2022,2020,2022,2022-12,MDB_TEMPORAL_2022_2024_1,MDB_ANALYTICAL_2024_2,ZERO_REGISTERED_BEDS
22011,Vale dos Rios Piauí e Itaueiras,PI,BR_HEALTH_REGIONS_END2024_V1,211563,635578,9.6404928197008086,250,39.334275258111511,5,0,4.2999999999999998,2.3633622136195838,0,2.0324915037128419,0.71004566210045661,0.26027397260273971,0.68264840182648401,0.32077625570776258,0.35616438356164382,0.48515981735159819,0.45319634703196349,0.031963470319634701,2022,2020,2022,2022-12,MDB_TEMPORAL_2022_2024_1,MDB_ANALYTICAL_2024_2,ZERO_REGISTERED_BEDS
22012,Chapada Vale do Rio Itaim,PI,BR_HEALTH_REGIONS_END2024_V1,130071,390746,12.667013636352848,245,62.700577868999297,6,4,1.25,4.6128652812694604,3.0752435208463074,0.96101360026447091,0.91552511415525117,0.4406392694063927,0.9634703196347032,0.82648401826484019,0.093607305936073054,0.67808219178082196,0.62785388127853881,0.050228310502283158,2022,2020,2022,2022-12,MDB_TEMPORAL_2022_2024_1,MDB_ANALYTICAL_2024_2,
23001,1ª RS Fortaleza,CE,BR_HEALTH_REGIONS_END2024_V1,4773653,14257900,5.2264994700218903,22748,159.5466373028286,64,49,131.99999999999994,1.3406923377128586,1.0264675710614073,2.7651779465327695,0.15753424657534246,0.78767123287671237,0.24657534246575341,0.70547945205479456,0.56164383561643838,0.4726027397260274,0.50456621004566216,-0.031963470319634757,2022,2020,2022,2022-12,MDB_TEMPORAL_2022_2024_1,MDB_ANALYTICAL_2024_2,
23011,5ª  RS Sobral,CE,BR_HEALTH_REGIONS_END2024_V1,1699493,5072671,10.030262670274414,2870,56.577688558946562,46,20,36.950000000000003,2.7066895833051388,1.176821557958756,2.1741778283288018,0.75342465753424659,0.4041095890410959,0.77853881278538817,0.71689497716894979,0.38812785388127852,0.57876712328767121,0.62785388127853881,-0.049086757990867591,2022,2020,2022,2022-12,MDB_TEMPORAL_2022_2024_1,MDB_ANALYTICAL_2024_2,
23023,2ª RS Cariri,CE,BR_HEALTH_REGIONS_END2024_V1,1500056,4488483,10.058867717709226,1760,39.211466323922799,40,8,48.374999999999993,2.6665671148277132,0.53331342296554263,3.2248796044947654,0.75570776255707761,0.25799086757990869,0.77168949771689499,0.67808219178082196,0.67808219178082196,0.50684931506849318,0.70928462709284634,-0.20243531202435316,2022,2020,2022,2022-12,MDB_TEMPORAL_2022_2024_1,MDB_ANALYTICAL_2024_2,
23024,3ª RS Sertão Central,CE,BR_HEALTH_REGIONS_END2024_V1,640758,1919617,11.202613149659557,1955,101.84323226977048,18,13,11.849999999999998,2.8091728858633056,2.0288470842346094,1.8493721498600093,0.83333333333333337,0.64155251141552516,0.79223744292237441,0.76940639269406397,0.29452054794520549,0.73744292237442921,0.61872146118721461,0.11872146118721461,2022,2020,2022,2022-12,MDB_TEMPORAL_2022_2024_1,MDB_ANALYTICAL_2024_2,
23025,4ª RS Litoral Leste/Jaguaribe,CE,BR_HEALTH_REGIONS_END2024_V1,548995,1642733,9.2210681638693579,1097,66.778959210048129,14,0,11.449999999999999,2.5501142997659358,0,2.0856291951657115,0.64840182648401823,0.46118721461187212,0.73515981735159819,0.32077625570776258,0.36529680365296802,0.5547945205479452,0.47374429223744291,0.081050228310502292,2022,2020,2022,2022-12,MDB_TEMPORAL_2022_2024_1,MDB_ANALYTICAL_2024_2,ZERO_REGISTERED_BEDS
24001,1ª Região de Saúde - São José de Mipibu,RN,BR_HEALTH_REGIONS_END2024_V1,390779,1166275,5.5736860146988638,1241,106.40715097211208,5,0,11.349999999999998,1.2794955716658265,0,2.9044549476814256,0.19634703196347031,0.67579908675799083,0.22146118721461186,0.32077625570776258,0.6004566210045662,0.4360730593607306,0.38089802130898026,0.055175038051750336,2022,2020,2022,2022-12,MDB_TEMPORAL_2022_2024_1,MDB_ANALYTICAL_2024_2,ZERO_REGISTERED_BEDS
24002,2ª Região de Saúde - Mossoró,RN,BR_HEALTH_REGIONS_END2024_V1,468537,1403471,8.0150999729358254,1867,133.02733009802125,9,0,16.300000000000004,1.9208728446205956,0,3.478914151923969,0.4908675799086758,0.73972602739726023,0.51369863013698636,0.32077625570776258,0.71689497716894979,0.61529680365296802,0.51712328767123295,0.098173515981735071,2022,2020,2022,2022-12,MDB_TEMPORAL_2022_2024_1,MDB_ANALYTICAL_2024_2,ZERO_REGISTERED_BEDS
24003,3ª Região de Saúde - João Câmara,RN,BR_HEALTH_REGIONS_END2024_V1,348666,1044100,5.1910012501934029,1071,102.5763815726463,6,0,9.25,1.7208445905250296,0,2.6529687437260874,0.15525114155251141,0.65068493150684936,0.45662100456621002,0.32077625570776258,0.5273972602739726,0.40296803652968038,0.43493150684931509,-0.031963470319634701,2022,2020,2022,2022-12,MDB_TEMPORAL_2022_2024_1,MDB_ANALYTICAL_2024_2,ZERO_REGISTERED_BEDS
24004,4ª Região de Saúde - Caicó,RN,BR_HEALTH_REGIONS_END2024_V1,306547,920299,11.628846613596519,563,61.17577004864723,5,0,8.8499999999999996,1.6310712549788451,0,2.8869961213125555,0.86529680365296802,0.43378995433789952,0.3995433789954338,0.32077625570776258,0.58675799086757996,0.6495433789954338,0.43569254185692546,0.21385083713850833,2022,2020,2022,2022-12,MDB_TEMPORAL_2022_2024_1,MDB_ANALYTICAL_2024_2,ZERO_REGISTERED_BEDS
24005,5ª Região de Saúde - Santa Cruz,RN,BR_HEALTH_REGIONS_END2024_V1,191558,575842,4.2579388255168249,502,87.176690828386953,4,0,3.7749999999999999,2.088140406560937,0,1.9706825086918842,0.077625570776255703,0.57762557077625576,0.591324200913242,0.32077625570776258,0.32876712328767121,0.32762557077625576,0.41362252663622529,-0.085996955859969526,2022,2020,2022,2022-12,MDB_TEMPORAL_2022_2024_1,MDB_ANALYTICAL_2024_2,ZERO_REGISTERED_BEDS
24006,6ª Região de Saúde - Pau dos Ferros,RN,BR_HEALTH_REGIONS_END2024_V1,250048,750994,11.344399311345519,389,51.798017028098755,5,0,4.4000000000000004,1.9996160737138471,0,1.7596621448681855,0.84703196347031962,0.36301369863013699,0.54794520547945202,0.32077625570776258,0.25570776255707761,0.60502283105022836,0.37480974124809735,0.23021308980213101,2022,2020,2022,2022-12,MDB_TEMPORAL_2022_2024_1,MDB_ANALYTICAL_2024_2,ZERO_REGISTERED_BEDS
24007,7ª Região de Saúde - Metropolitana,RN,BR_HEALTH_REGIONS_END2024_V1,1320198,3939127,5.0524275466857569,7101,180.26836910818056,14,11,66.174999999999983,1.0604469935570271,0.83320835208052124,5.0125056999025892,0.15068493150684931,0.85616438356164382,0.15296803652968036,0.70091324200913241,0.92009132420091322,0.50342465753424659,0.591324200913242,-0.087899543378995415,2022,2020,2022,2022-12,MDB_TEMPORAL_2022_2024_1,MDB_ANALYTICAL_2024_2,
24008,8ª Região de Saúde - Açu,RN,BR_HEALTH_REGIONS_END2024_V1,151622,454847,4.7689216468151017,242,53.204703999366821,1,0,1.8000000000000003,0.65953489599134685,0,1.1871628127844247,0.12100456621004566,0.37899543378995432,0.025114155251141551,0.32077625570776258,0.13242009132420091,0.25,0.15943683409436835,0.090563165905631654,2022,2020,2022,2022-12,MDB_TEMPORAL_2022_2024_1,MDB_ANALYTICAL_2024_2,ZERO_REGISTERED_BEDS
25001,1ª Região Mata Atlântica,PB,BR_HEALTH_REGIONS_END2024_V1,1387602,4118998,4.7530912468640274,3313,80.432182778433017,19,0,66.274999999999991,1.3692687096155813,0,4.7762254594617177,0.11872146118721461,0.54794520547945202,0.26712328767123289,0.32077625570776258,0.91095890410958902,0.33333333333333331,0.49961948249619487,-0.16628614916286155,2022,2020,2022,2022-12,MDB_TEMPORAL_2022_2024_1,MDB_ANALYTICAL_2024_2,ZERO_REGISTERED_BEDS
25002,2ª Região,PB,BR_HEALTH_REGIONS_END2024_V1,300747,903605,4.3821562753550793,712,78.795491392809907,13,0,9.8000000000000007,4.3225701337004194,0,3.2585528700203166,0.091324200913242004,0.53881278538812782,0.94063926940639264,0.32077625570776258,0.68721461187214616,0.31506849315068491,0.6495433789954338,-0.33447488584474888,2022,2020,2022,2022-12,MDB_TEMPORAL_2022_2024_1,MDB_ANALYTICAL_2024_2,ZERO_REGISTERED_BEDS
25003,3ª Região,PB,BR_HEALTH_REGIONS_END2024_V1,196078,587725,7.1827309183274544,1202,204.51741886086182,6,0,4.7750000000000004,3.0600067320148105,0,2.4352553575617866,0.38356164383561642,0.89726027397260277,0.84246575342465757,0.32077625570776258,0.45205479452054792,0.6404109589041096,0.53843226788432264,0.10197869101978696,2022,2020,2022,2022-12,MDB_TEMPORAL_2022_2024_1,MDB_ANALYTICAL_2024_2,ZERO_REGISTERED_BEDS
25004,4ª Região,PB,BR_HEALTH_REGIONS_END2024_V1,108366,325743,8.002961542028789,380,116.65638248557913,4,0,2,3.6911946551501389,0,1.8455973275750694,0.4863013698630137,0.70091324200913241,0.90410958904109584,0.32077625570776258,0.29223744292237441,0.59360730593607303,0.50570776255707761,0.087899543378995415,2022,2020,2022,2022-12,MDB_TEMPORAL_2022_2024_1,MDB_ANALYTICAL_2024_2,ZERO_REGISTERED_BEDS
25005,5ª Região,PB,BR_HEALTH_REGIONS_END2024_V1,114485,342526,7.181988378335034,262,76.490543783537603,7,0,3.4250000000000003,6.1143381228981957,0,2.9916582958466176,0.38127853881278539,0.52283105022831056,0.9908675799086758,0.32077625570776258,0.62328767123287676,0.45205479452054798,0.64497716894977175,-0.19292237442922378,2022,2020,2022,2022-12,MDB_TEMPORAL_2022_2024_1,MDB_ANALYTICAL_2024_2,ZERO_REGISTERED_BEDS
25006,6ª Região,PB,BR_HEALTH_REGIONS_END2024_V1,234703,703437,8.3255869066716581,555,78.898323517244606,7,0,8.8499999999999996,2.9824927674550388,0,3.7707229988538709,0.53881278538812782,0.54109589041095896,0.82648401826484019,0.32077625570776258,0.77625570776255703,0.53995433789954339,0.64117199391171997,-0.10121765601217658,2022,2020,2022,2022-12,MDB_TEMPORAL_2022_2024_1,MDB_ANALYTICAL_2024_2,ZERO_REGISTERED_BEDS
25007,7ª Região,PB,BR_HEALTH_REGIONS_END2024_V1,145534,437902,12.394536968010698,206,47.042488958716795,10,0,7.8000000000000007,6.8712465815548258,0,5.359572333612765,0.89726027397260277,0.33561643835616439,0.99543378995433784,0.32077625570776258,0.93378995433789957,0.61643835616438358,0.75,-0.13356164383561642,2022,2020,2022,2022-12,MDB_TEMPORAL_2022_2024_1,MDB_ANALYTICAL_2024_2,ZERO_REGISTERED_BEDS
25008,8ª Região,PB,BR_HEALTH_REGIONS_END2024_V1,117224,351283,10.506788073200584,108,30.744442515009268,6,0,4.9499999999999993,5.1184057872108104,0,4.2226847744489175,0.79452054794520544,0.19406392694063926,0.97716894977168944,0.32077625570776258,0.84474885844748859,0.49429223744292233,0.71423135464231358,-0.21993911719939124,2022,2020,2022,2022-12,MDB_TEMPORAL_2022_2024_1,MDB_ANALYTICAL_2024_2,ZERO_REGISTERED_BEDS
25009,9ª Região,PB,BR_HEALTH_REGIONS_END2024_V1,178201,533540,9.6788486872209489,152,28.488960527795481,8,0,5.1500000000000004,4.4893126301199207,0,2.8899950056396992,0.72146118721461183,0.17579908675799086,0.95662100456621002,0.32077625570776258,0.58904109589041098,0.44863013698630133,0.62214611872146131,-0.17351598173515997,2022,2020,2022,2022-12,MDB_TEMPORAL_2022_2024_1,MDB_ANALYTICAL_2024_2,ZERO_REGISTERED_BEDS
25010,10ª Região,PB,BR_HEALTH_REGIONS_END2024_V1,117036,350871,11.19509245876111,47,13.395236425922917,4,0,3.4500000000000002,3.4177518028640756,0,2.9478109299702657,0.83105022831050224,0.077625570776255703,0.88356164383561642,0.32077625570776258,0.61415525114155256,0.454337899543379,0.60616438356164393,-0.15182648401826493,2022,2020,2022,2022-12,MDB_TEMPORAL_2022_2024_1,MDB_ANALYTICAL_2024_2,ZERO_REGISTERED_BEDS
25011,11ª Região,PB,BR_HEALTH_REGIONS_END2024_V1,80233,241650,10.148608397802541,85,35.174839644113383,7,0,2.8500000000000001,8.7245896326947765,0,3.5521543504543023,0.76712328767123283,0.22831050228310501,0.99771689497716898,0.32077625570776258,0.73059360730593603,0.49771689497716892,0.68302891933028909,-0.18531202435312016,2022,2020,2022,2022-12,MDB_TEMPORAL_2022_2024_1,MDB_ANALYTICAL_2024_2,ZERO_REGISTERED_BEDS
25012,12ª Região,PB,BR_HEALTH_REGIONS_END2024_V1,178517,534557,2.8247987726584505,507,94.844890254921353,5,0,4.7000000000000002,2.8008537002078233,0,2.6328024781953543,0.0091324200913242004,0.60730593607305938,0.78995433789954339,0.32077625570776258,0.52283105022831056,0.30821917808219179,0.54452054794520555,-0.23630136986301375,2022,2020,2022,2022-12,MDB_TEMPORAL_2022_2024_1,MDB_ANALYTICAL_2024_2,ZERO_REGISTERED_BEDS
25013,13ª Região,PB,BR_HEALTH_REGIONS_END2024_V1,60377,181206,7.0216504999832399,85,46.90793903071642,3,0,1.75,4.9687795021282941,0,2.8984547095748381,0.35844748858447489,0.33105022831050229,0.97488584474885842,0.32077625570776258,0.59360730593607303,0.34474885844748859,0.62975646879756464,-0.28500761035007605,2022,2020,2022,2022-12,MDB_TEMPORAL_2022_2024_1,MDB_ANALYTICAL_2024_2,ZERO_REGISTERED_BEDS
25014,14ª Região,PB,BR_HEALTH_REGIONS_END2024_V1,156835,467764,5.7151683005837217,390,83.375377327028161,7,0,4.9000000000000004,4.4632894443204645,0,3.124302611024325,0.21461187214611871,0.55936073059360736,0.95205479452054798,0.32077625570776258,0.65981735159817356,0.38698630136986301,0.64421613394216137,-0.25722983257229837,2022,2020,2022,2022-12,MDB_TEMPORAL_2022_2024_1,MDB_ANALYTICAL_2024_2,ZERO_REGISTERED_BEDS
25015,15ª Região,PB,BR_HEALTH_REGIONS_END2024_V1,156601,467680,6.2315403171695021,718,153.52377694149848,7,0,3.0500000000000003,4.4699586848104422,0,1.9476248555245499,0.26712328767123289,0.76940639269406397,0.954337899543379,0.32077625570776258,0.31963470319634701,0.5182648401826484,0.53158295281582957,-0.013318112633181167,2022,2020,2022,2022-12,MDB_TEMPORAL_2022_2024_1,MDB_ANALYTICAL_2024_2,ZERO_REGISTERED_BEDS
25016,16ª Região,PB,BR_HEALTH_REGIONS_END2024_V1,573487,1710257,7.153154264296921,4279,250.19631552450889,14,20,19.375,2.4412061650917982,3.4874373787025688,3.3784549606181136,0.37214611872146119,0.93150684931506844,0.71004566210045661,0.85388127853881279,0.70091324200913241,0.65182648401826482,0.75494672754946723,-0.10312024353120242,2022,2020,2022,2022-12,MDB_TEMPORAL_2022_2024_1,MDB_ANALYTICAL_2024_2,
26001,Afogados da Ingazeira,PE,BR_HEALTH_REGIONS_END2024_V1,192398,576287,5.9579376597353599,612,106.19708582702717,8,4,7.9750000000000005,4.1580473809499061,2.0790236904749531,4.1450534828844381,0.24657534246575341,0.67351598173515981,0.93835616438356162,0.77397260273972601,0.82876712328767121,0.46004566210045661,0.8470319634703195,-0.3869863013698629,2022,2020,2022,2022-12,MDB_TEMPORAL_2022_2024_1,MDB_ANALYTICAL_2024_2,
26002,Arcoverde,PE,BR_HEALTH_REGIONS_END2024_V1,431209,1286051,4.7052621547021571,636,49.453715288118438,13,0,7.6000000000000005,3.0147793761261941,0,1.7624864045045443,0.11643835616438356,0.34474885844748859,0.82876712328767121,0.32077625570776258,0.25799086757990869,0.23059360730593609,0.46917808219178081,-0.23858447488584472,2022,2020,2022,2022-12,MDB_TEMPORAL_2022_2024_1,MDB_ANALYTICAL_2024_2,ZERO_REGISTERED_BEDS
26003,Caruaru,PE,BR_HEALTH_REGIONS_END2024_V1,1389209,4141211,5.2841216712725823,725,17.506956298532,18,7,27.175000000000001,1.2957013667489916,0.50388386484683012,1.9561491467446586,0.16438356164383561,0.1095890410958904,0.23059360730593606,0.67351598173515981,0.32420091324200911,0.13698630136986301,0.40943683409436832,-0.27245053272450531,2022,2020,2022,2022-12,MDB_TEMPORAL_2022_2024_1,MDB_ANALYTICAL_2024_2,
26004,Garanhuns,PE,BR_HEALTH_REGIONS_END2024_V1,559575,1673470,5.5478921467843838,267,15.954872211632116,17,6,12.899999999999997,3.0380199258365725,1.072242326765849,2.3053210025465751,0.18949771689497716,0.1004566210045662,0.83561643835616439,0.70776255707762559,0.42009132420091322,0.1449771689497717,0.65449010654490103,-0.50951293759512928,2022,2020,2022,2022-12,MDB_TEMPORAL_2022_2024_1,MDB_ANALYTICAL_2024_2,
26005,Goiana,PE,BR_HEALTH_REGIONS_END2024_V1,315410,946505,4.8895033602170654,405,42.788997416812379,7,8,8.3249999999999993,2.2193335658349449,2.5363812180970799,2.6394217050822739,0.13470319634703196,0.28767123287671231,0.64611872146118721,0.79908675799086759,0.52511415525114158,0.21118721461187212,0.65677321156773216,-0.44558599695586004,2022,2020,2022,2022-12,MDB_TEMPORAL_2022_2024_1,MDB_ANALYTICAL_2024_2,
26006,Limoeiro,PE,BR_HEALTH_REGIONS_END2024_V1,592452,1776971,5.5460387021757889,606,34.102976356957996,11,0,14.150000000000002,1.8566904998210827,0,2.3883791429516656,0.18721461187214611,0.22602739726027396,0.4908675799086758,0.32077625570776258,0.4406392694063927,0.20662100456621002,0.41742770167427706,-0.21080669710806704,2022,2020,2022,2022-12,MDB_TEMPORAL_2022_2024_1,MDB_ANALYTICAL_2024_2,ZERO_REGISTERED_BEDS
26007,Ouricuri,PE,BR_HEALTH_REGIONS_END2024_V1,352413,1055762,10.270754459283703,1011,95.760218685650742,6,6,6.2499999999999991,1.7025478628767949,1.7025478628767949,1.7734873571633281,0.78310502283105021,0.61187214611872143,0.4406392694063927,0.74657534246575341,0.26255707762557079,0.69748858447488582,0.4832572298325723,0.21423135464231352,2022,2020,2022,2022-12,MDB_TEMPORAL_2022_2024_1,MDB_ANALYTICAL_2024_2,
26008,Palmares,PE,BR_HEALTH_REGIONS_END2024_V1,533046,1615525,4.001684152227039,744,46.053140619922317,11,0,15.675000000000001,2.0636117708415411,0,2.9406467734491959,0.059360730593607303,0.31735159817351599,0.57762557077625576,0.32077625570776258,0.61187214611872143,0.18835616438356165,0.50342465753424659,-0.31506849315068497,2022,2020,2022,2022-12,MDB_TEMPORAL_2022_2024_1,MDB_ANALYTICAL_2024_2,ZERO_REGISTERED_BEDS
26009,Petrolina,PE,BR_HEALTH_REGIONS_END2024_V1,548840,1621550,6.3493573387357394,752,46.375381579353089,11,0,15.825000000000001,2.0042270971503533,0,2.8833539829458497,0.28082191780821919,0.32191780821917809,0.55022831050228316,0.32077625570776258,0.58447488584474883,0.30136986301369861,0.48515981735159813,-0.18378995433789952,2022,2020,2022,2022-12,MDB_TEMPORAL_2022_2024_1,MDB_ANALYTICAL_2024_2,ZERO_REGISTERED_BEDS
26010,Recife,PE,BR_HEALTH_REGIONS_END2024_V1,4185337,12533005,3.8619216305578434,10635,84.855946359233073,45,60,269.59999999999968,1.0751822374160074,1.4335763165546764,6.441536249052338,0.045662100456621002,0.5639269406392694,0.15981735159817351,0.72602739726027399,0.9726027397260274,0.3047945205479452,0.61948249619482498,-0.31468797564687978,2022,2020,2022,2022-12,MDB_TEMPORAL_2022_2024_1,MDB_ANALYTICAL_2024_2,
26011,Salgueiro,PE,BR_HEALTH_REGIONS_END2024_V1,146518,439227,8.8278862046776254,716,163.01365808568235,2,10,4,1.365019997542964,6.8250999877148208,2.730039995085928,0.6095890410958904,0.80136986301369861,0.26027397260273971,0.95890410958904104,0.545662100456621,0.70547945205479445,0.5882800608828006,0.11719939117199385,2022,2020,2022,2022-12,MDB_TEMPORAL_2022_2024_1,MDB_ANALYTICAL_2024_2,
26012,Serra Talhada,PE,BR_HEALTH_REGIONS_END2024_V1,246619,736600,7.1883760998236994,1752,237.84957914743413,6,8,11.225,2.4329025744164072,3.2438700992218763,4.5515552329706956,0.38584474885844749,0.92922374429223742,0.70776255707762559,0.83333333333333337,0.88812785388127857,0.65753424657534243,0.80974124809741255,-0.15220700152207012,2022,2020,2022,2022-12,MDB_TEMPORAL_2022_2024_1,MDB_ANALYTICAL_2024_2,
27001,1ª Região de Saúde,AL,BR_HEALTH_REGIONS_END2024_V1,1279770,3816539,4.5384138453468319,11860,310.75275269033017,12,6,68.625000000000028,0.9376684873063128,0.4688342436531564,5.3622916617829794,0.10273972602739725,0.9634703196347032,0.10730593607305935,0.67123287671232879,0.9360730593607306,0.53310502283105021,0.57153729071537296,-0.038432267884322746,2022,2020,2022,2022-12,MDB_TEMPORAL_2022_2024_1,MDB_ANALYTICAL_2024_2,
27002,2ª Região de Saúde,AL,BR_HEALTH_REGIONS_END2024_V1,160980,483022,3.7911928262540577,411,85.089291999122182,6,0,3.1750000000000007,3.7271710771524411,0,1.9722946949931672,0.041095890410958902,0.56849315068493156,0.908675799086758,0.32077625570776258,0.33105022831050229,0.3047945205479452,0.52016742770167435,-0.21537290715372914,2022,2020,2022,2022-12,MDB_TEMPORAL_2022_2024_1,MDB_ANALYTICAL_2024_2,ZERO_REGISTERED_BEDS
27003,3ª Região de Saúde,AL,BR_HEALTH_REGIONS_END2024_V1,201336,609156,3.5667174024600516,1207,198.14300441922924,7,9,6,3.4767751420510984,4.4701394683514124,2.9800929789009416,0.029680365296803651,0.88812785388127857,0.8904109589041096,0.908675799086758,0.61872146118721461,0.4589041095890411,0.80593607305936077,-0.34703196347031967,2022,2020,2022,2022-12,MDB_TEMPORAL_2022_2024_1,MDB_ANALYTICAL_2024_2,
27004,4ª Região de Saúde,AL,BR_HEALTH_REGIONS_END2024_V1,127652,387433,6.0545067985850025,580,149.70330353893448,5,8,6.1500000000000004,3.9168990693447814,6.2670385109516493,4.8177858552940807,0.25799086757990869,0.76712328767123283,0.9269406392694064,0.954337899543379,0.91324200913242004,0.51255707762557079,0.93150684931506855,-0.41894977168949776,2022,2020,2022,2022-12,MDB_TEMPORAL_2022_2024_1,MDB_ANALYTICAL_2024_2,
27005,5ª Região de Saúde,AL,BR_HEALTH_REGIONS_END2024_V1,196565,597477,5.4223861328941805,967,161.84723428684285,7,8,9.9000000000000004,3.5611629740798207,4.0699005418055094,5.0365019204843184,0.17351598173515981,0.79452054794520544,0.89726027397260277,0.88584474885844744,0.92237442922374424,0.48401826484018262,0.90182648401826482,-0.4178082191780822,2022,2020,2022,2022-12,MDB_TEMPORAL_2022_2024_1,MDB_ANALYTICAL_2024_2,
27006,6ª Região de Saúde,AL,BR_HEALTH_REGIONS_END2024_V1,192528,579973,4.2062350679372003,559,96.383797176765114,5,0,4.8500000000000005,2.5970248483337488,0,2.5191141028837367,0.075342465753424653,0.62328767123287676,0.75342465753424659,0.32077625570776258,0.48401826484018262,0.34931506849315069,0.51940639269406397,-0.17009132420091327,2022,2020,2022,2022-12,MDB_TEMPORAL_2022_2024_1,MDB_ANALYTICAL_2024_2,ZERO_REGISTERED_BEDS
27007,7ª Região de Saúde,AL,BR_HEALTH_REGIONS_END2024_V1,522777,1563868,6.5977317154653523,2114,135.17764926451594,12,0,14.349999999999996,2.2954338082968455,0,2.7449562624216437,0.30821917808219179,0.74200913242009137,0.66666666666666663,0.32077625570776258,0.55251141552511418,0.52511415525114158,0.51331811263318106,0.011796042617960523,2022,2020,2022,2022-12,MDB_TEMPORAL_2022_2024_1,MDB_ANALYTICAL_2024_2,ZERO_REGISTERED_BEDS
27008,8ª Região de Saúde,AL,BR_HEALTH_REGIONS_END2024_V1,154566,464371,7.4359531189621455,842,181.32053896561155,4,0,5.5750000000000002,2.5878912568093888,0,3.6068734391780861,0.42465753424657532,0.86073059360730597,0.74657534246575341,0.32077625570776258,0.74200913242009137,0.64269406392694062,0.60312024353120242,0.039573820395738202,2022,2020,2022,2022-12,MDB_TEMPORAL_2022_2024_1,MDB_ANALYTICAL_2024_2,ZERO_REGISTERED_BEDS
27009,9ª Região de Saúde,AL,BR_HEALTH_REGIONS_END2024_V1,229448,689652,7.2179013469207733,522,75.690348175601613,7,0,5.8250000000000011,3.0508001813046968,0,2.5387015794428374,0.3904109589041096,0.51141552511415522,0.84018264840182644,0.32077625570776258,0.4954337899543379,0.45091324200913241,0.55213089802130899,-0.10121765601217658,2022,2020,2022,2022-12,MDB_TEMPORAL_2022_2024_1,MDB_ANALYTICAL_2024_2,ZERO_REGISTERED_BEDS
27010,10ª Região de Saúde,AL,BR_HEALTH_REGIONS_END2024_V1,152759,459532,4.8308277500715811,196,42.652089517160938,5,0,3.8500000000000005,3.2731295701071623,0,2.5203097689825151,0.12785388127853881,0.28538812785388129,0.86986301369863017,0.32077625570776258,0.4863013698630137,0.20662100456621005,0.55898021308980217,-0.35235920852359215,2022,2020,2022,2022-12,MDB_TEMPORAL_2022_2024_1,MDB_ANALYTICAL_2024_2,ZERO_REGISTERED_BEDS
28001,Aracaju,SE,BR_HEALTH_REGIONS_END2024_V1,842922,2514295,4.6869018780370446,1474,58.624783488015524,11,14,45.675000000000011,1.3049843283245661,1.6608891451403571,5.418650836020416,0.11415525114155251,0.4178082191780822,0.23287671232876711,0.73744292237442921,0.9452054794520548,0.26598173515981738,0.63850837138508376,-0.37252663622526638,2022,2020,2022,2022-12,MDB_TEMPORAL_2022_2024_1,MDB_ANALYTICAL_2024_2,
28002,Estância,SE,BR_HEALTH_REGIONS_END2024_V1,237664,713775,7.221786499802282,425,59.542572939651848,5,0,5.5000000000000009,2.1038104214353037,0,2.3141914635788341,0.39269406392694062,0.42009132420091322,0.60273972602739723,0.32077625570776258,0.4269406392694064,0.40639269406392692,0.45015220700152209,-0.043759512937595169,2022,2020,2022,2022-12,MDB_TEMPORAL_2022_2024_1,MDB_ANALYTICAL_2024_2,ZERO_REGISTERED_BEDS
28003,Itabaiana,SE,BR_HEALTH_REGIONS_END2024_V1,257568,769047,9.0429712034084826,221,28.736865237105146,5,0,7.9500000000000002,1.9412349360168963,0,3.0865635482668652,0.63013698630136983,0.17808219178082191,0.5273972602739726,0.32077625570776258,0.64840182648401823,0.40410958904109584,0.49885844748858449,-0.094748858447488649,2022,2020,2022,2022-12,MDB_TEMPORAL_2022_2024_1,MDB_ANALYTICAL_2024_2,ZERO_REGISTERED_BEDS
28004,Lagarto,SE,BR_HEALTH_REGIONS_END2024_V1,262453,784915,5.8168366355896035,408,51.980150716956615,7,0,7.2500000000000009,2.6671442124875693,0,2.7623993629335541,0.22602739726027396,0.36529680365296802,0.77397260273972601,0.32077625570776258,0.55936073059360736,0.295662100456621,0.55136986301369861,-0.25570776255707761,2022,2020,2022,2022-12,MDB_TEMPORAL_2022_2024_1,MDB_ANALYTICAL_2024_2,ZERO_REGISTERED_BEDS
28005,Nossa Senhora da Glória,SE,BR_HEALTH_REGIONS_END2024_V1,174336,519907,7.0132761944882223,176,33.852208183386644,3,0,2.25,1.7208149779735684,0,1.2906112334801763,0.35616438356164382,0.22374429223744291,0.454337899543379,0.32077625570776258,0.14840182648401826,0.28995433789954339,0.3078386605783866,-0.017884322678843212,2022,2020,2022,2022-12,MDB_TEMPORAL_2022_2024_1,MDB_ANALYTICAL_2024_2,ZERO_REGISTERED_BEDS
28006,Nossa Senhora do Socorro,SE,BR_HEALTH_REGIONS_END2024_V1,346458,1032637,5.5133279008517642,665,64.398234810490038,7,0,4.75,2.0204469228593362,0,1.3710175547974068,0.18493150684931506,0.4452054794520548,0.55707762557077622,0.32077625570776258,0.16666666666666666,0.31506849315068491,0.34817351598173518,-0.033105022831050268,2022,2020,2022,2022-12,MDB_TEMPORAL_2022_2024_1,MDB_ANALYTICAL_2024_2,ZERO_REGISTERED_BEDS
28007,Propriá,SE,BR_HEALTH_REGIONS_END2024_V1,152188,458168,5.7575867012482691,247,53.910356026610323,6,0,4.2500000000000009,3.9424921807238418,0,2.7925986280127217,0.21917808219178081,0.38356164383561642,0.92922374429223742,0.32077625570776258,0.56849315068493156,0.30136986301369861,0.60616438356164382,-0.3047945205479452,2022,2020,2022,2022-12,MDB_TEMPORAL_2022_2024_1,MDB_ANALYTICAL_2024_2,ZERO_REGISTERED_BEDS
29001,Alagoinhas,BA,BR_HEALTH_REGIONS_END2024_V1,518969,1556936,4.6155172929686819,231,14.836833370157796,9,0,10.399999999999997,1.7342076308989554,0,2.0039732623721256,0.1095890410958904,0.089041095890410954,0.4634703196347032,0.32077625570776258,0.34018264840182649,0.099315068493150679,0.37480974124809746,-0.27549467275494677,2022,2020,2022,2022-12,MDB_TEMPORAL_2022_2024_1,MDB_ANALYTICAL_2024_2,ZERO_REGISTERED_BEDS
29002,Barreiras,BA,BR_HEALTH_REGIONS_END2024_V1,494929,1461740,6.3570573962612462,73,4.9940481891444444,7,0,11.199999999999999,1.4143442796845609,0,2.2629508474952971,0.28538812785388129,0.018264840182648401,0.29452054794520549,0.32077625570776258,0.408675799086758,0.15182648401826485,0.341324200913242,-0.18949771689497716,2022,2020,2022,2022-12,MDB_TEMPORAL_2022_2024_1,MDB_ANALYTICAL_2024_2,ZERO_REGISTERED_BEDS
29003,Brumado,BA,BR_HEALTH_REGIONS_END2024_V1,407708,1220556,8.5393150416970247,154,12.617200685589191,12,0,6.9249999999999998,2.9432829377888097,0,1.6985195286822921,0.56849315068493156,0.068493150684931503,0.81050228310502281,0.32077625570776258,0.23744292237442921,0.31849315068493156,0.45624048706240489,-0.13774733637747333,2022,2020,2022,2022-12,MDB_TEMPORAL_2022_2024_1,MDB_ANALYTICAL_2024_2,ZERO_REGISTERED_BEDS
29004,Camaçari,BA,BR_HEALTH_REGIONS_END2024_V1,606704,1803007,2.2797571915511381,601,33.333203919896043,8,0,13.099999999999998,1.3186001740552231,0,2.1592077850154272,0.0045662100456621002,0.22146118721461186,0.23744292237442921,0.32077625570776258,0.38356164383561642,0.11301369863013698,0.3139269406392694,-0.20091324200913241,2022,2020,2022,2022-12,MDB_TEMPORAL_2022_2024_1,MDB_ANALYTICAL_2024_2,ZERO_REGISTERED_BEDS
29005,Cruz das Almas,BA,BR_HEALTH_REGIONS_END2024_V1,252156,758103,5.6631561761961215,173,22.820118110599747,9,0,5.0499999999999998,3.5692190548707941,0,2.0027284696775012,0.20547945205479451,0.14155251141552511,0.8995433789954338,0.32077625570776258,0.33789954337899542,0.17351598173515981,0.51940639269406397,-0.34589041095890416,2022,2020,2022,2022-12,MDB_TEMPORAL_2022_2024_1,MDB_ANALYTICAL_2024_2,ZERO_REGISTERED_BEDS
29006,Feira de Santana,BA,BR_HEALTH_REGIONS_END2024_V1,1187669,3542792,4.4632909230974827,2037,57.497024945297383,20,2,38.200000000000003,1.6839708706718792,0.16839708706718792,3.2163843629832893,0.093607305936073054,0.408675799086758,0.4360730593607306,0.64840182648401823,0.67579908675799083,0.25114155251141551,0.58675799086757985,-0.33561643835616434,2022,2020,2022,2022-12,MDB_TEMPORAL_2022_2024_1,MDB_ANALYTICAL_2024_2,
29007,Guanambi,BA,BR_HEALTH_REGIONS_END2024_V1,473526,1418143,7.0847403609269426,145,10.22463884107597,10,0,5.6750000000000007,2.1118164578080187,0,1.198455839806051,0.36529680365296802,0.043378995433789952,0.60730593607305938,0.32077625570776258,0.13698630136986301,0.204337899543379,0.3550228310502283,-0.15068493150684931,2022,2020,2022,2022-12,MDB_TEMPORAL_2022_2024_1,MDB_ANALYTICAL_2024_2,ZERO_REGISTERED_BEDS
29008,Ibotirama,BA,BR_HEALTH_REGIONS_END2024_V1,194651,583178,7.992072823584019,24,4.1153815816097312,5,0,2.3250000000000002,2.5686998782436259,0,1.1944454433832861,0.4817351598173516,0.0068493150684931503,0.74429223744292239,0.32077625570776258,0.13470319634703196,0.24429223744292239,0.39992389649923893,-0.15563165905631654,2022,2020,2022,2022-12,MDB_TEMPORAL_2022_2024_1,MDB_ANALYTICAL_2024_2,ZERO_REGISTERED_BEDS
29009,Ilhéus,BA,BR_HEALTH_REGIONS_END2024_V1,332877,999619,5.580496963312461,315,31.512006074314314,7,0,4.9749999999999996,2.1028788411335118,0,1.4945460335198886,0.19863013698630136,0.20547945205479451,0.6004566210045662,0.32077625570776258,0.19406392694063926,0.20205479452054792,0.37176560121765601,-0.16971080669710809,2022,2020,2022,2022-12,MDB_TEMPORAL_2022_2024_1,MDB_ANALYTICAL_2024_2,ZERO_REGISTERED_BEDS
29010,Irecê,BA,BR_HEALTH_REGIONS_END2024_V1,418113,1251244,8.3168481635010387,80,6.3936370524054462,7,0,10.549999999999999,1.6741885566820454,0,2.5232413247136538,0.5365296803652968,0.027397260273972601,0.42922374429223742,0.32077625570776258,0.48858447488584472,0.2819634703196347,0.41286149162861491,-0.13089802130898021,2022,2020,2022,2022-12,MDB_TEMPORAL_2022_2024_1,MDB_ANALYTICAL_2024_2,ZERO_REGISTERED_BEDS
29011,Itaberaba,BA,BR_HEALTH_REGIONS_END2024_V1,247286,743490,6.9917561722868813,1396,187.76311719054726,7,0,5.4749999999999996,2.8307304093236172,0,2.2140355701495436,0.35388127853881279,0.87442922374429222,0.79452054794520544,0.32077625570776258,0.39269406392694062,0.61415525114155245,0.50266362252663621,0.11149162861491624,2022,2020,2022,2022-12,MDB_TEMPORAL_2022_2024_1,MDB_ANALYTICAL_2024_2,ZERO_REGISTERED_BEDS
29012,Itabuna,BA,BR_HEALTH_REGIONS_END2024_V1,481269,1456299,4.3104056985036348,115,7.8967299984412547,10,0,20.150000000000006,2.0778400437177544,0,4.1868476880912766,0.082191780821917804,0.034246575342465752,0.5821917808219178,0.32077625570776258,0.83789954337899542,0.058219178082191778,0.58028919330289197,-0.52207001522070018,2022,2020,2022,2022-12,MDB_TEMPORAL_2022_2024_1,MDB_ANALYTICAL_2024_2,ZERO_REGISTERED_BEDS
29013,Itapetinga,BA,BR_HEALTH_REGIONS_END2024_V1,234630,707646,6.4298628278878276,82,11.587714761335469,9,0,6.2999999999999998,3.8358266206367468,0,2.6850786344457229,0.28995433789954339,0.061643835616438353,0.92009132420091322,0.32077625570776258,0.5365296803652968,0.17579908675799089,0.59246575342465757,-0.41666666666666669,2022,2020,2022,2022-12,MDB_TEMPORAL_2022_2024_1,MDB_ANALYTICAL_2024_2,ZERO_REGISTERED_BEDS
29014,Jacobina,BA,BR_HEALTH_REGIONS_END2024_V1,390299,1170774,8.0155733541305931,366,31.261370682984076,12,0,11.299999999999999,3.0745659097256208,0,2.8952162316582926,0.49315068493150682,0.20091324200913241,0.84703196347031962,0.32077625570776258,0.591324200913242,0.34703196347031962,0.58637747336377477,-0.23934550989345516,2022,2020,2022,2022-12,MDB_TEMPORAL_2022_2024_1,MDB_ANALYTICAL_2024_2,ZERO_REGISTERED_BEDS
29015,Jequié,BA,BR_HEALTH_REGIONS_END2024_V1,511920,1537812,4.8873040065376907,512,33.29405675076017,7,0,15.15,1.3674011564306923,0,2.959446788560713,0.13242009132420091,0.21917808219178081,0.26255707762557079,0.32077625570776258,0.61643835616438358,0.17579908675799086,0.39992389649923893,-0.22412480974124807,2022,2020,2022,2022-12,MDB_TEMPORAL_2022_2024_1,MDB_ANALYTICAL_2024_2,ZERO_REGISTERED_BEDS
29016,Juazeiro,BA,BR_HEALTH_REGIONS_END2024_V1,576157,1709733,5.364445284822791,2024,118.38105715921726,12,0,10.5,2.0827656350612767,0,1.8224199306786171,0.17123287671232876,0.70547945205479456,0.58447488584474883,0.32077625570776258,0.28310502283105021,0.43835616438356168,0.39611872146118721,0.042237442922374469,2022,2020,2022,2022-12,MDB_TEMPORAL_2022_2024_1,MDB_ANALYTICAL_2024_2,ZERO_REGISTERED_BEDS
29017,Paulo Afonso,BA,BR_HEALTH_REGIONS_END2024_V1,250891,750920,4.8917683187217715,526,70.047408512225005,4,0,2.1000000000000001,1.5943178511784002,0,0.83701687186866003,0.13698630136986301,0.47945205479452052,0.37442922374429222,0.32077625570776258,0.073059360730593603,0.30821917808219179,0.2560882800608828,0.052130898021308991,2022,2020,2022,2022-12,MDB_TEMPORAL_2022_2024_1,MDB_ANALYTICAL_2024_2,ZERO_REGISTERED_BEDS
29018,Porto Seguro,BA,BR_HEALTH_REGIONS_END2024_V1,408907,1211980,6.0609101183012211,96,7.9209227875047441,10,0,11,2.4455438522695871,0,2.6900982374965454,0.26027397260273971,0.036529680365296802,0.71232876712328763,0.32077625570776258,0.54109589041095896,0.14840182648401826,0.5247336377473365,-0.37633181126331827,2022,2020,2022,2022-12,MDB_TEMPORAL_2022_2024_1,MDB_ANALYTICAL_2024_2,ZERO_REGISTERED_BEDS
29019,Ribeira do Pombal,BA,BR_HEALTH_REGIONS_END2024_V1,366107,1100963,6.4490780507902379,119,10.808719275761311,9,0,6.75,2.4582977107785431,0,1.8437232830839072,0.29452054794520549,0.052511415525114152,0.71917808219178081,0.32077625570776258,0.28995433789954339,0.17351598173515981,0.44330289193302885,-0.26978691019786905,2022,2020,2022,2022-12,MDB_TEMPORAL_2022_2024_1,MDB_ANALYTICAL_2024_2,ZERO_REGISTERED_BEDS
29020,Salvador,BA,BR_HEALTH_REGIONS_END2024_V1,3132734,9431403,3.1834223965113178,6916,73.329492971512295,29,0,118.14999999999986,0.92570898135622115,0,3.7714660740426691,0.013698630136986301,0.49315068493150682,0.098173515981735154,0.32077625570776258,0.78082191780821919,0.25342465753424659,0.39992389649923893,-0.14649923896499234,2022,2020,2022,2022-12,MDB_TEMPORAL_2022_2024_1,MDB_ANALYTICAL_2024_2,ZERO_REGISTERED_BEDS
29021,Santa Maria da Vitória,BA,BR_HEALTH_REGIONS_END2024_V1,305187,913226,7.4837761979901005,110,12.045211152551504,9,0,8.8499999999999996,2.9490115896155471,0,2.8998613964552877,0.4315068493150685,0.066210045662100453,0.81278538812785384,0.32077625570776258,0.59589041095890416,0.24885844748858449,0.57648401826484019,-0.3276255707762557,2022,2020,2022,2022-12,MDB_TEMPORAL_2022_2024_1,MDB_ANALYTICAL_2024_2,ZERO_REGISTERED_BEDS
29022,Santo Antônio de Jesus,BA,BR_HEALTH_REGIONS_END2024_V1,478852,1431149,6.0173858671491134,754,52.684940561744448,12,0,12.450000000000001,2.5059935011235202,0,2.5999682574156529,0.24885844748858446,0.37214611872146119,0.72831050228310501,0.32077625570776258,0.51141552511415522,0.31050228310502281,0.52016742770167423,-0.20966514459665142,2022,2020,2022,2022-12,MDB_TEMPORAL_2022_2024_1,MDB_ANALYTICAL_2024_2,ZERO_REGISTERED_BEDS
29023,Seabra,BA,BR_HEALTH_REGIONS_END2024_V1,192681,575162,11.429049241106819,73,12.692076319367413,10,0,3.5500000000000003,5.1899253169746888,0,1.8424234875260146,0.85388127853881279,0.070776255707762553,0.9817351598173516,0.32077625570776258,0.28767123287671231,0.46232876712328769,0.53006088280060892,-0.067732115677321236,2022,2020,2022,2022-12,MDB_TEMPORAL_2022_2024_1,MDB_ANALYTICAL_2024_2,ZERO_REGISTERED_BEDS
29024,Senhor do Bonfim,BA,BR_HEALTH_REGIONS_END2024_V1,304477,910428,6.6430822301491386,410,45.033764339409593,9,0,4.9000000000000004,2.9558882936970607,0,1.6093169599017332,0.31278538812785389,0.31050228310502281,0.81506849315068497,0.32077625570776258,0.21689497716894976,0.31164383561643838,0.45091324200913241,-0.13926940639269403,2022,2020,2022,2022-12,MDB_TEMPORAL_2022_2024_1,MDB_ANALYTICAL_2024_2,ZERO_REGISTERED_BEDS
29025,Serrinha,BA,BR_HEALTH_REGIONS_END2024_V1,594966,1778164,4.8671967941406322,280,15.746579055700147,17,0,11.924999999999999,2.8573061317789588,0,2.0043162130272987,0.13013698630136986,0.095890410958904104,0.79908675799086759,0.32077625570776258,0.34246575342465752,0.11301369863013698,0.48744292237442927,-0.37442922374429227,2022,2020,2022,2022-12,MDB_TEMPORAL_2022_2024_1,MDB_ANALYTICAL_2024_2,ZERO_REGISTERED_BEDS
29026,Teixeira de Freitas,BA,BR_HEALTH_REGIONS_END2024_V1,448904,1342148,4.3444151890091183,139,10.356532960597489,12,0,8.9749999999999979,2.6731773385846416,0,1.999313884483096,0.084474885844748854,0.047945205479452052,0.77625570776255703,0.32077625570776258,0.33561643835616439,0.066210045662100453,0.47754946727549469,-0.41133942161339421,2022,2020,2022,2022-12,MDB_TEMPORAL_2022_2024_1,MDB_ANALYTICAL_2024_2,ZERO_REGISTERED_BEDS
29027,Valença,BA,BR_HEALTH_REGIONS_END2024_V1,285199,856308,4.5285627237181423,159,18.568085315096901,5,0,4.2250000000000005,1.753161827355636,0,1.4814217441155124,0.098173515981735154,0.11872146118721461,0.4680365296803653,0.32077625570776258,0.19178082191780821,0.10844748858447488,0.32686453576864538,-0.21841704718417049,2022,2020,2022,2022-12,MDB_TEMPORAL_2022_2024_1,MDB_ANALYTICAL_2024_2,ZERO_REGISTERED_BEDS
29028,Vitória da Conquista,BA,BR_HEALTH_REGIONS_END2024_V1,713571,2125237,4.8126658071936435,1117,52.558844025395757,14,0,16.149999999999999,1.9619631403182023,0,2.2632646225813544,0.12328767123287671,0.36757990867579909,0.5365296803652968,0.32077625570776258,0.41095890410958902,0.2454337899543379,0.42275494672754949,-0.17732115677321159,2022,2020,2022,2022-12,MDB_TEMPORAL_2022_2024_1,MDB_ANALYTICAL_2024_2,ZERO_REGISTERED_BEDS
31001,Alfenas/Machado,MG,BR_HEALTH_REGIONS_END2024_V1,299099,896783,12.991581976632183,806,89.876815238469064,5,16,12.249999999999998,1.6716873008602502,5.3493993627528011,4.0956338871076126,0.92465753424657537,0.58904109589041098,0.4269406392694064,0.9360730593607306,0.82191780821917804,0.75684931506849318,0.72831050228310501,0.028538812785388168,2022,2020,2022,2022-12,MDB_TEMPORAL_2022_2024_1,MDB_ANALYTICAL_2024_2,
31002,Guaxupé,MG,BR_HEALTH_REGIONS_END2024_V1,144947,434582,10.236587002309388,608,139.90455196027449,2,0,3.9500000000000002,1.3798146908870139,0,2.7251340145018528,0.77625570776255703,0.74657534246575341,0.27168949771689499,0.32077625570776258,0.54337899543378998,0.76141552511415522,0.37861491628614918,0.38280060882800604,2022,2020,2022,2022-12,MDB_TEMPORAL_2022_2024_1,MDB_ANALYTICAL_2024_2,ZERO_REGISTERED_BEDS
31003,Itajubá,MG,BR_HEALTH_REGIONS_END2024_V1,206395,618603,9.6285884362866447,183,29.582785728488222,2,0,7.5500000000000007,0.96901572228009392,0,3.658034351607355,0.70547945205479456,0.18493150684931506,0.11415525114155251,0.32077625570776258,0.75342465753424659,0.4452054794520548,0.39611872146118721,0.049086757990867591,2022,2020,2022,2022-12,MDB_TEMPORAL_2022_2024_1,MDB_ANALYTICAL_2024_2,ZERO_REGISTERED_BEDS
31004,Lavras,MG,BR_HEALTH_REGIONS_END2024_V1,190417,567651,12.382831433513161,460,81.03570679871963,4,0,5,2.1006527778507174,0,2.6258159723133967,0.89497716894977164,0.55022831050228316,0.59589041095890416,0.32077625570776258,0.5182648401826484,0.7226027397260274,0.47831050228310507,0.24429223744292233,2022,2020,2022,2022-12,MDB_TEMPORAL_2022_2024_1,MDB_ANALYTICAL_2024_2,ZERO_REGISTERED_BEDS
31006,Poços de Caldas,MG,BR_HEALTH_REGIONS_END2024_V1,240958,719945,9.7828982781481493,439,60.97688017834696,3,8,5.4249999999999989,1.2450302542351779,3.3200806779604748,2.251429709741946,0.73287671232876717,0.4315068493150685,0.20547945205479451,0.84018264840182644,0.40182648401826482,0.5821917808219178,0.48249619482496192,0.099695585996955882,2022,2020,2022,2022-12,MDB_TEMPORAL_2022_2024_1,MDB_ANALYTICAL_2024_2,
31007,Pouso Alegre,MG,BR_HEALTH_REGIONS_END2024_V1,587514,1741382,8.5566461864708376,1327,76.203842695054846,7,15,9.7249999999999996,1.1914609694407283,2.5531306488015604,1.6552797039730118,0.57762557077625576,0.52054794520547942,0.18493150684931506,0.80136986301369861,0.22831050228310501,0.54908675799086759,0.40487062404870616,0.14421613394216143,2022,2020,2022,2022-12,MDB_TEMPORAL_2022_2024_1,MDB_ANALYTICAL_2024_2,
31008,São Lourenço,MG,BR_HEALTH_REGIONS_END2024_V1,263359,789332,9.6693543260744246,1041,131.88366872241338,10,5,6.5749999999999984,3.7970982575116095,1.8985491287558047,2.4965921043138826,0.71689497716894979,0.73287671232876717,0.9178082191780822,0.75799086757990863,0.4771689497716895,0.72488584474885842,0.71765601217656005,0.007229832572298367,2022,2020,2022,2022-12,MDB_TEMPORAL_2022_2024_1,MDB_ANALYTICAL_2024_2,
31009,São Sebastião do Paraíso,MG,BR_HEALTH_REGIONS_END2024_V1,129118,385978,8.1586920306015838,1052,272.55439429190267,4,1,6.5500000000000007,3.0979414179277871,0.77448535448194677,5.072879071856752,0.52511415525114158,0.93835616438356162,0.85159817351598177,0.69178082191780821,0.9269406392694064,0.7317351598173516,0.8234398782343989,-0.091704718417047304,2022,2020,2022,2022-12,MDB_TEMPORAL_2022_2024_1,MDB_ANALYTICAL_2024_2,
31010,Três Corações,MG,BR_HEALTH_REGIONS_END2024_V1,113938,341365,11.833346932549221,191,55.951840405431135,4,0,4.8000000000000007,3.5106812476961156,0,4.2128174972353394,0.87899543378995437,0.3949771689497717,0.89269406392694062,0.32077625570776258,0.84246575342465757,0.63698630136986301,0.68531202435312022,-0.048325722983257213,2022,2020,2022,2022-12,MDB_TEMPORAL_2022_2024_1,MDB_ANALYTICAL_2024_2,ZERO_REGISTERED_BEDS
31011,Três Pontas,MG,BR_HEALTH_REGIONS_END2024_V1,127076,380613,12.219870733118606,538,141.35092600620578,3,12,4.1000000000000005,2.3607919670118669,9.4431678680474676,3.2264156882495523,0.8904109589041096,0.74885844748858443,0.68036529680365299,0.98630136986301364,0.68036529680365299,0.81963470319634701,0.78234398782343983,0.037290715372907179,2022,2020,2022,2022-12,MDB_TEMPORAL_2022_2024_1,MDB_ANALYTICAL_2024_2,
31012,Varginha,MG,BR_HEALTH_REGIONS_END2024_V1,220148,656782,8.1088539628518674,498,75.824246096878426,5,1,6.625,2.2711993749659318,0.45423987499318635,3.0093391718298599,0.51369863013698636,0.51598173515981738,0.65296803652968038,0.66894977168949776,0.63242009132420096,0.51484018264840192,0.65144596651445974,-0.13660578386605782,2022,2020,2022,2022-12,MDB_TEMPORAL_2022_2024_1,MDB_ANALYTICAL_2024_2,
31013,Barbacena,MG,BR_HEALTH_REGIONS_END2024_V1,229123,688619,8.5434620814743933,3292,478.05825863067969,6,14,17.425000000000001,2.6186807959043832,6.11025519044356,7.6050854781056465,0.57077625570776258,0.9908675799086758,0.76255707762557079,0.95205479452054798,0.9908675799086758,0.78082191780821919,0.90182648401826482,-0.12100456621004563,2022,2020,2022,2022-12,MDB_TEMPORAL_2022_2024_1,MDB_ANALYTICAL_2024_2,
31015,São João Del Rei,MG,BR_HEALTH_REGIONS_END2024_V1,243285,727989,9.9688588509700171,397,54.533791032556806,5,1,6.7499999999999991,2.0552027457508686,0.41104054915017368,2.7745237067636719,0.75114155251141557,0.3904109589041096,0.5730593607305936,0.65981735159817356,0.5639269406392694,0.57077625570776258,0.59893455098934556,-0.028158295281582979,2022,2020,2022,2022-12,MDB_TEMPORAL_2022_2024_1,MDB_ANALYTICAL_2024_2,
31016,Belo Horizonte/Nova Lima/Santa Luzia,MG,BR_HEALTH_REGIONS_END2024_V1,3360867,10077377,5.8198897390332061,2621,26.008752079038025,28,4,136.79999999999993,0.83311835904247322,0.11901690843463905,4.070378268464653,0.22831050228310501,0.16666666666666666,0.070776255707762553,0.64383561643835618,0.81735159817351599,0.19748858447488582,0.51065449010654496,-0.31316590563165914,2022,2020,2022,2022-12,MDB_TEMPORAL_2022_2024_1,MDB_ANALYTICAL_2024_2,
31017,Betim,MG,BR_HEALTH_REGIONS_END2024_V1,750203,2223479,5.5485990943028405,441,19.833783004022077,11,4,37.000000000000014,1.4662697963084659,0.53318901683944209,4.9319984057648414,0.19178082191780821,0.12557077625570776,0.32191780821917809,0.67579908675799083,0.9178082191780822,0.158675799086758,0.63850837138508376,-0.47983257229832577,2022,2020,2022,2022-12,MDB_TEMPORAL_2022_2024_1,MDB_ANALYTICAL_2024_2,
31018,Contagem,MG,BR_HEALTH_REGIONS_END2024_V1,862272,2578125,3.9585604493229334,477,18.501818181818184,9,10,26.500000000000014,1.0437541750167001,1.1597268611296667,3.0732761819936187,0.057077625570776253,0.11643835616438356,0.14840182648401826,0.71461187214611877,0.64383561643835618,0.086757990867579904,0.50228310502283102,-0.41552511415525112,2022,2020,2022,2022-12,MDB_TEMPORAL_2022_2024_1,MDB_ANALYTICAL_2024_2,
31019,Curvelo,MG,BR_HEALTH_REGIONS_END2024_V1,183808,550796,12.914295147396766,175,31.772198781400011,4,5,4.7249999999999996,2.1761838440111423,2.7202298050139273,2.5706171657381613,0.92237442922374424,0.21004566210045661,0.62328767123287676,0.80821917808219179,0.50456621004566216,0.56621004566210043,0.64535768645357694,-0.079147640791476515,2022,2020,2022,2022-12,MDB_TEMPORAL_2022_2024_1,MDB_ANALYTICAL_2024_2,
31020,Guanhães,MG,BR_HEALTH_REGIONS_END2024_V1,91613,275650,9.1977152025827742,68,24.668964266279701,2,1,2.6749999999999998,2.1830962854616702,1.0915481427308351,2.9198912818049836,0.64383561643835618,0.15981735159817351,0.62557077625570778,0.71004566210045661,0.60730593607305938,0.40182648401826482,0.64764079147640796,-0.24581430745814314,2022,2020,2022,2022-12,MDB_TEMPORAL_2022_2024_1,MDB_ANALYTICAL_2024_2,
31021,Itabira,MG,BR_HEALTH_REGIONS_END2024_V1,234704,702381,7.521788887524882,649,92.399993735593654,6,6,6.0250000000000012,2.5564114799918198,2.5564114799918198,2.5670631944917859,0.43378995433789952,0.6004566210045662,0.73744292237442921,0.80365296803652964,0.50228310502283102,0.51712328767123283,0.68112633181126325,-0.16400304414003042,2022,2020,2022,2022-12,MDB_TEMPORAL_2022_2024_1,MDB_ANALYTICAL_2024_2,
31022,Ouro Preto,MG,BR_HEALTH_REGIONS_END2024_V1,194504,579004,7.0531501328859463,434,74.956304274236459,8,10,12.600000000000001,4.1130259531937652,5.1412824414922058,6.4780158762801801,0.36073059360730592,0.50456621004566216,0.9360730593607306,0.93150684931506844,0.97488584474885842,0.43264840182648401,0.94748858447488582,-0.51484018264840181,2022,2020,2022,2022-12,MDB_TEMPORAL_2022_2024_1,MDB_ANALYTICAL_2024_2,
31023,João Monlevade,MG,BR_HEALTH_REGIONS_END2024_V1,143432,428958,6.9613491648268289,159,37.066565957506327,3,1,3.9999999999999996,2.0915834681242682,0.69719448937475603,2.7887779574990237,0.35159817351598172,0.24200913242009131,0.59360730593607303,0.68949771689497719,0.56621004566210043,0.29680365296803651,0.61643835616438358,-0.31963470319634707,2022,2020,2022,2022-12,MDB_TEMPORAL_2022_2024_1,MDB_ANALYTICAL_2024_2,
31024,Sete Lagoas,MG,BR_HEALTH_REGIONS_END2024_V1,445280,1331356,9.4501150536857832,1091,81.946526699094761,6,14,4.1000000000000005,1.3474667624865253,3.144089112468559,0.92076895436579242,0.68264840182648401,0.5547945205479452,0.25114155251141551,0.83105022831050224,0.089041095890410954,0.61872146118721461,0.39041095890410954,0.22831050228310507,2022,2020,2022,2022-12,MDB_TEMPORAL_2022_2024_1,MDB_ANALYTICAL_2024_2,
31025,Vespasiano/Lagoa Santa,MG,BR_HEALTH_REGIONS_END2024_V1,350701,1035458,4.2005928134015518,467,45.100815291397623,8,0,13.225000000000003,2.2811454772013766,0,3.7710186169985267,0.073059360730593603,0.31278538812785389,0.65753424657534243,0.32077625570776258,0.77853881278538817,0.19292237442922375,0.58561643835616439,-0.39269406392694062,2022,2020,2022,2022-12,MDB_TEMPORAL_2022_2024_1,MDB_ANALYTICAL_2024_2,ZERO_REGISTERED_BEDS
31026,Diamantina/Itamarandiba,MG,BR_HEALTH_REGIONS_END2024_V1,142601,428232,8.6881014428735739,444,103.68211623605896,2,7,4.2749999999999995,1.4025147088730094,4.9088014810555327,2.9978751902160572,0.58904109589041098,0.65525114155251141,0.28767123287671231,0.92237442922374424,0.62785388127853881,0.62214611872146119,0.61263318112633181,0.0095129375951293893,2022,2020,2022,2022-12,MDB_TEMPORAL_2022_2024_1,MDB_ANALYTICAL_2024_2,
31027,Turmalina/Minas Novas/Capelinha,MG,BR_HEALTH_REGIONS_END2024_V1,115566,348207,9.4369564175366616,729,209.3582265721252,4,7,2.1000000000000001,3.4612256199920388,6.0571448349860679,1.8171434504958206,0.67579908675799083,0.90182648401826482,0.88812785388127857,0.94748858447488582,0.28082191780821919,0.78881278538812782,0.70547945205479456,0.083333333333333259,2022,2020,2022,2022-12,MDB_TEMPORAL_2022_2024_1,MDB_ANALYTICAL_2024_2,
31028,Bom Despacho,MG,BR_HEALTH_REGIONS_END2024_V1,109798,327820,8.0003106699042554,196,59.788908547373559,2,0,5.1749999999999989,1.8215268037669174,0,4.7132006047468975,0.48401826484018262,0.4223744292237443,0.4863013698630137,0.32077625570776258,0.8995433789954338,0.45319634703196343,0.56887366818873675,-0.11567732115677332,2022,2020,2022,2022-12,MDB_TEMPORAL_2022_2024_1,MDB_ANALYTICAL_2024_2,ZERO_REGISTERED_BEDS
31030,Formiga,MG,BR_HEALTH_REGIONS_END2024_V1,124474,372780,12.631681298832214,58,15.558774612371909,2,0,3.8500000000000001,1.6067612513456626,0,3.0930154088404005,0.91095890410958902,0.093607305936073054,0.38127853881278539,0.32077625570776258,0.65068493150684936,0.50228310502283102,0.45091324200913246,0.051369863013698558,2022,2020,2022,2022-12,MDB_TEMPORAL_2022_2024_1,MDB_ANALYTICAL_2024_2,ZERO_REGISTERED_BEDS
31031,Itaúna,MG,BR_HEALTH_REGIONS_END2024_V1,134466,399189,11.411304110090052,41,10.270824095854344,4,0,3.25,2.974729671441108,0,2.4169678580459002,0.85159817351598177,0.045662100456621002,0.81963470319634701,0.32077625570776258,0.4497716894977169,0.44863013698630139,0.53006088280060881,-0.081430745814307426,2022,2020,2022,2022-12,MDB_TEMPORAL_2022_2024_1,MDB_ANALYTICAL_2024_2,ZERO_REGISTERED_BEDS
31032,Pará de Minas/Nova Serrana,MG,BR_HEALTH_REGIONS_END2024_V1,261297,771039,9.5447787001239028,101,13.099207692477295,6,0,7.9749999999999996,2.2962376146683661,0,3.0520824961633695,0.69178082191780821,0.073059360730593603,0.66894977168949776,0.32077625570776258,0.63698630136986301,0.38242009132420091,0.54223744292237441,-0.15981735159817351,2022,2020,2022,2022-12,MDB_TEMPORAL_2022_2024_1,MDB_ANALYTICAL_2024_2,ZERO_REGISTERED_BEDS
31034,Caratinga,MG,BR_HEALTH_REGIONS_END2024_V1,201575,604290,8.297564813466952,528,87.375266842079142,6,0,6.2749999999999986,2.9765595932035223,0,3.1129852412253496,0.53424657534246578,0.57990867579908678,0.82420091324200917,0.32077625570776258,0.65753424657534243,0.55707762557077634,0.60083713850837139,-0.043759512937595058,2022,2020,2022,2022-12,MDB_TEMPORAL_2022_2024_1,MDB_ANALYTICAL_2024_2,ZERO_REGISTERED_BEDS
31035,Coronel Fabriciano/Timóteo,MG,BR_HEALTH_REGIONS_END2024_V1,224787,674861,8.7826774044233957,250,37.044665494079517,4,0,6,1.7794623354553423,0,2.6691935031830134,0.60273972602739723,0.23972602739726026,0.47488584474885842,0.32077625570776258,0.53196347031963476,0.42123287671232873,0.44254185692541864,-0.021308980213089912,2022,2020,2022,2022-12,MDB_TEMPORAL_2022_2024_1,MDB_ANALYTICAL_2024_2,ZERO_REGISTERED_BEDS
31036,Governador Valadares,MG,BR_HEALTH_REGIONS_END2024_V1,415542,1250886,6.7069686757663023,478,38.212914686070512,6,10,10.35,1.4438973677750986,2.4064956129584978,2.4907229594120448,0.32420091324200911,0.24885844748858446,0.30593607305936071,0.78767123287671237,0.47488584474885842,0.2865296803652968,0.52283105022831056,-0.23630136986301375,2022,2020,2022,2022-12,MDB_TEMPORAL_2022_2024_1,MDB_ANALYTICAL_2024_2,
31037,Ipatinga,MG,BR_HEALTH_REGIONS_END2024_V1,390518,1170756,5.3321363491930267,1658,141.61789476201702,6,11,13.424999999999997,1.5364208564009854,2.816771570068473,3.437741666197204,0.16894977168949771,0.75114155251141557,0.35159817351598172,0.81050228310502281,0.71232876712328763,0.46004566210045661,0.62480974124809741,-0.1647640791476408,2022,2020,2022,2022-12,MDB_TEMPORAL_2022_2024_1,MDB_ANALYTICAL_2024_2,
31038,Mantena,MG,BR_HEALTH_REGIONS_END2024_V1,66518,200589,9.3949513205926323,24,11.964763770695303,3,0,4.0999999999999996,4.5100574280645844,0,6.1637451516882642,0.67123287671232879,0.063926940639269403,0.95890410958904104,0.32077625570776258,0.96803652968036524,0.36757990867579909,0.74923896499238962,-0.38165905631659053,2022,2020,2022,2022-12,MDB_TEMPORAL_2022_2024_1,MDB_ANALYTICAL_2024_2,ZERO_REGISTERED_BEDS
31040,Resplendor,MG,BR_HEALTH_REGIONS_END2024_V1,84287,253328,6.2692130890784528,394,155.52959009663363,4,5,2.4500000000000002,4.7456903199781699,5.9321128999727124,2.9067353209866291,0.27397260273972601,0.77625570776255703,0.96575342465753422,0.94292237442922378,0.60273972602739723,0.52511415525114158,0.83713850837138504,-0.31202435312024346,2022,2020,2022,2022-12,MDB_TEMPORAL_2022_2024_1,MDB_ANALYTICAL_2024_2,
31041,Além Paraíba,MG,BR_HEALTH_REGIONS_END2024_V1,53768,162244,6.4512956781558257,145,89.371563817460114,2,1,1.75,3.7196845707484005,1.8598422853742003,3.2547239994048502,0.29680365296803651,0.58447488584474883,0.90639269406392697,0.75342465753424659,0.68493150684931503,0.44063926940639264,0.78158295281582957,-0.34094368340943693,2022,2020,2022,2022-12,MDB_TEMPORAL_2022_2024_1,MDB_ANALYTICAL_2024_2,
31042,Carangola,MG,BR_HEALTH_REGIONS_END2024_V1,130169,389950,7.7177009338685814,688,176.43287600974483,7,9,3.6749999999999998,5.3776244728007443,6.9140886078866695,2.82325284822039,0.45662100456621002,0.83789954337899542,0.98858447488584478,0.96575342465753422,0.5730593607305936,0.64726027397260277,0.84246575342465757,-0.1952054794520548,2022,2020,2022,2022-12,MDB_TEMPORAL_2022_2024_1,MDB_ANALYTICAL_2024_2,
31044,Leopoldina/Cataguases,MG,BR_HEALTH_REGIONS_END2024_V1,175238,527032,5.5837763657256136,575,109.1015346316732,5,8,3.9000000000000004,2.8532624202513155,4.5652198724021043,2.2255446877960261,0.20091324200913241,0.68036529680365299,0.79680365296803657,0.91324200913242004,0.39726027397260272,0.4406392694063927,0.70243531202435305,-0.26179604261796036,2022,2020,2022,2022-12,MDB_TEMPORAL_2022_2024_1,MDB_ANALYTICAL_2024_2,
31045,Muriaé,MG,BR_HEALTH_REGIONS_END2024_V1,170841,512361,7.3917661161198218,1021,199.27355907260704,5,8,7.6499999999999995,2.9266979238004929,4.6827166780807881,4.4778478234147538,0.41552511415525112,0.8904109589041096,0.80821917808219179,0.9178082191780822,0.86986301369863017,0.65296803652968038,0.86529680365296802,-0.21232876712328763,2022,2020,2022,2022-12,MDB_TEMPORAL_2022_2024_1,MDB_ANALYTICAL_2024_2,
31046,Santos Dumont,MG,BR_HEALTH_REGIONS_END2024_V1,48160,145537,8.4739180954550175,5,3.4355524711928926,1,0,2.2999999999999998,2.0764119601328903,0,4.7757475083056473,0.55936073059360736,0.0045662100456621002,0.57990867579908678,0.32077625570776258,0.908675799086758,0.28196347031963476,0.60312024353120242,-0.32115677321156766,2022,2020,2022,2022-12,MDB_TEMPORAL_2022_2024_1,MDB_ANALYTICAL_2024_2,ZERO_REGISTERED_BEDS
31047,São João Nepomuceno/Bicas,MG,BR_HEALTH_REGIONS_END2024_V1,73364,219518,6.9222900832251248,90,40.998915806448672,1,0,1.0500000000000003,1.3630663540701162,0,1.4312196717736223,0.34703196347031962,0.27397260273972601,0.25570776255707761,0.32077625570776258,0.17579908675799086,0.31050228310502281,0.25076103500761032,0.059741248097412492,2022,2020,2022,2022-12,MDB_TEMPORAL_2022_2024_1,MDB_ANALYTICAL_2024_2,ZERO_REGISTERED_BEDS
31048,Ubá,MG,BR_HEALTH_REGIONS_END2024_V1,307594,921545,8.0933798122136249,609,66.084673021935984,9,13,10.299999999999999,2.9259348361801596,4.2263503189268974,3.3485698680728491,0.50684931506849318,0.4589041095890411,0.80593607305936077,0.89497716894977164,0.69406392694063923,0.48287671232876717,0.7983257229832571,-0.31544901065448994,2022,2020,2022,2022-12,MDB_TEMPORAL_2022_2024_1,MDB_ANALYTICAL_2024_2,
31050,Coração de Jesus,MG,BR_HEALTH_REGIONS_END2024_V1,45367,136895,13.727609660069364,64,46.751159647905332,1,3,2.1499999999999999,2.2042453765953223,6.6127361297859668,4.7391275596799431,0.95205479452054798,0.32876712328767121,0.63470319634703198,0.95662100456621002,0.90182648401826482,0.6404109589041096,0.83105022831050235,-0.19063926940639275,2022,2020,2022,2022-12,MDB_TEMPORAL_2022_2024_1,MDB_ANALYTICAL_2024_2,
31051,Francisco Sá,MG,BR_HEALTH_REGIONS_END2024_V1,67683,204461,9.6066823641698686,317,155.04179281134299,3,6,2.3249999999999997,4.4324276406187666,8.8648552812375332,3.4351314214795443,0.70091324200913241,0.77397260273972601,0.94748858447488582,0.97945205479452058,0.71004566210045661,0.73744292237442921,0.87899543378995437,-0.14155251141552516,2022,2020,2022,2022-12,MDB_TEMPORAL_2022_2024_1,MDB_ANALYTICAL_2024_2,
31052,Janaúba/Monte Azul,MG,BR_HEALTH_REGIONS_END2024_V1,273710,821511,8.8817708106914992,567,69.019161033753647,8,8,6.8499999999999996,2.9228015052427749,2.9228015052427749,2.5026487888641262,0.61415525114155256,0.4726027397260274,0.80365296803652964,0.81506849315068497,0.47945205479452052,0.54337899543378998,0.69939117199391176,-0.15601217656012178,2022,2020,2022,2022-12,MDB_TEMPORAL_2022_2024_1,MDB_ANALYTICAL_2024_2,
31053,Januária,MG,BR_HEALTH_REGIONS_END2024_V1,113446,340917,8.8847038075568765,38,11.146408069999444,3,0,1.75,2.6444299490506498,0,1.5425841369462123,0.61643835616438358,0.054794520547945202,0.76712328767123283,0.32077625570776258,0.21004566210045661,0.33561643835616439,0.43264840182648401,-0.097031963470319615,2022,2020,2022,2022-12,MDB_TEMPORAL_2022_2024_1,MDB_ANALYTICAL_2024_2,ZERO_REGISTERED_BEDS
31055,Pirapora,MG,BR_HEALTH_REGIONS_END2024_V1,137852,415013,6.2436434836686221,95,22.890849202314143,6,0,3.4000000000000004,4.3524939790499957,0,2.4664132547949977,0.26940639269406391,0.14611872146118721,0.9452054794520548,0.32077625570776258,0.46118721461187212,0.20776255707762556,0.57572298325722981,-0.36796042617960423,2022,2020,2022,2022-12,MDB_TEMPORAL_2022_2024_1,MDB_ANALYTICAL_2024_2,ZERO_REGISTERED_BEDS
31057,Patos de Minas,MG,BR_HEALTH_REGIONS_END2024_V1,275314,819727,11.375824204874135,204,24.88633410879476,5,0,6.8500000000000014,1.8161081528727199,0,2.4880681694356266,0.84931506849315064,0.16210045662100456,0.48401826484018262,0.32077625570776258,0.4726027397260274,0.50570776255707761,0.42579908675799089,0.079908675799086726,2022,2020,2022,2022-12,MDB_TEMPORAL_2022_2024_1,MDB_ANALYTICAL_2024_2,ZERO_REGISTERED_BEDS
31058,Unaí/Paracatu,MG,BR_HEALTH_REGIONS_END2024_V1,279034,832494,9.3168079084796052,162,19.45959970882673,3,0,5.6500000000000004,1.0751377968276268,0,2.0248428506920306,0.65981735159817356,0.12328767123287671,0.15753424657534246,0.32077625570776258,0.35159817351598172,0.39155251141552516,0.27663622526636228,0.11491628614916288,2022,2020,2022,2022-12,MDB_TEMPORAL_2022_2024_1,MDB_ANALYTICAL_2024_2,ZERO_REGISTERED_BEDS
31059,Manhuaçu,MG,BR_HEALTH_REGIONS_END2024_V1,356381,1063403,6.478005342626207,513,48.241353466183561,12,6,11.199999999999999,3.3671828745079,1.68359143725395,3.1427040162073734,0.30136986301369861,0.34018264840182649,0.88127853881278539,0.73972602739726023,0.66210045662100458,0.32077625570776258,0.76103500761035014,-0.44025875190258756,2022,2020,2022,2022-12,MDB_TEMPORAL_2022_2024_1,MDB_ANALYTICAL_2024_2,
31060,Ponte Nova,MG,BR_HEALTH_REGIONS_END2024_V1,212749,640171,7.7928507258530715,144,22.493989887077046,5,0,3.625,2.3501873099286015,0,1.7038857996982359,0.47031963470319632,0.13926940639269406,0.67579908675799083,0.32077625570776258,0.23972602739726026,0.3047945205479452,0.41210045662100453,-0.10730593607305933,2022,2020,2022,2022-12,MDB_TEMPORAL_2022_2024_1,MDB_ANALYTICAL_2024_2,ZERO_REGISTERED_BEDS
31061,Viçosa,MG,BR_HEALTH_REGIONS_END2024_V1,138035,413414,8.0169098994471426,233,56.359968457768723,6,10,5.1499999999999995,4.3467236570435039,7.2445394284058393,3.730937805629007,0.4954337899543379,0.40182648401826482,0.94292237442922378,0.97031963470319638,0.76940639269406397,0.44863013698630139,0.89421613394216137,-0.44558599695585999,2022,2020,2022,2022-12,MDB_TEMPORAL_2022_2024_1,MDB_ANALYTICAL_2024_2,
31062,Águas Formosas,MG,BR_HEALTH_REGIONS_END2024_V1,57171,172377,9.6150045113210965,97,56.272008446602506,3,2,2.6000000000000001,5.2474156477934617,3.4982770985289742,4.5477602280876672,0.70319634703196343,0.3995433789954338,0.98401826484018262,0.85616438356164382,0.88584474885844744,0.55136986301369861,0.90867579908675788,-0.35730593607305927,2022,2020,2022,2022-12,MDB_TEMPORAL_2022_2024_1,MDB_ANALYTICAL_2024_2,
31064,Araçuaí,MG,BR_HEALTH_REGIONS_END2024_V1,80202,243436,3.869321330634794,248,101.87482541612579,3,4,1.3999999999999999,3.7405550983765989,4.9874067978354653,1.7455923792424131,0.047945205479452052,0.64383561643835618,0.91324200913242004,0.9269406392694064,0.25342465753424659,0.3458904109589041,0.69786910197869101,-0.3519786910197869,2022,2020,2022,2022-12,MDB_TEMPORAL_2022_2024_1,MDB_ANALYTICAL_2024_2,
31065,Itaobim,MG,BR_HEALTH_REGIONS_END2024_V1,77199,233507,6.4387310072103299,57,24.410403114253533,5,2,4.0500000000000007,6.4767678337802312,2.5907071335120921,5.2461819453619878,0.29223744292237441,0.15525114155251141,0.99315068493150682,0.80593607305936077,0.93150684931506844,0.22374429223744291,0.91019786910197864,-0.68645357686453568,2022,2020,2022,2022-12,MDB_TEMPORAL_2022_2024_1,MDB_ANALYTICAL_2024_2,
31066,Nanuque,MG,BR_HEALTH_REGIONS_END2024_V1,62719,190418,4.5789972341731149,55,28.883824008234516,1,0,2.0500000000000003,1.5944131762304883,0,3.2685470112725015,0.10730593607305935,0.18036529680365296,0.37671232876712329,0.32077625570776258,0.68949771689497719,0.14383561643835616,0.46232876712328769,-0.31849315068493156,2022,2020,2022,2022-12,MDB_TEMPORAL_2022_2024_1,MDB_ANALYTICAL_2024_2,ZERO_REGISTERED_BEDS
31067,Padre Paraíso,MG,BR_HEALTH_REGIONS_END2024_V1,55988,169533,5.4290736776555537,23,13.566680233346901,3,1,2.6000000000000001,5.3582910623705082,1.7860970207901694,4.6438522540544405,0.17808219178082191,0.079908675799086754,0.98630136986301364,0.75114155251141557,0.89497716894977164,0.12899543378995432,0.87747336377473362,-0.74847792998477924,2022,2020,2022,2022-12,MDB_TEMPORAL_2022_2024_1,MDB_ANALYTICAL_2024_2,SMALL_SUICIDE_COUNT
31068,Pedra azul,MG,BR_HEALTH_REGIONS_END2024_V1,65571,196321,8.6873605888056673,52,26.487232644495492,6,0,2.2999999999999998,9.1503866038340114,0,3.507648198136371,0.58675799086757996,0.17123287671232876,1,0.32077625570776258,0.72146118721461183,0.37899543378995437,0.68074581430745817,-0.3017503805175038,2022,2020,2022,2022-12,MDB_TEMPORAL_2022_2024_1,MDB_ANALYTICAL_2024_2,ZERO_REGISTERED_BEDS
31070,Araxá,MG,BR_HEALTH_REGIONS_END2024_V1,194696,577831,10.656919664608688,224,38.765659855563307,4,0,8.0250000000000004,2.0544849406253851,0,4.1218104121296797,0.80365296803652964,0.25342465753424659,0.56849315068493156,0.32077625570776258,0.82648401826484019,0.52853881278538806,0.57191780821917815,-0.043378995433790091,2022,2020,2022,2022-12,MDB_TEMPORAL_2022_2024_1,MDB_ANALYTICAL_2024_2,ZERO_REGISTERED_BEDS
31071,Frutal/Iturama,MG,BR_HEALTH_REGIONS_END2024_V1,176316,526275,9.8124286307783706,217,41.233195572656882,3,0,4.2500000000000009,1.7014905056829783,0,2.4104448830508862,0.73515981735159819,0.27853881278538811,0.43835616438356162,0.32077625570776258,0.44748858447488582,0.50684931506849318,0.40220700152207001,0.10464231354642317,2022,2020,2022,2022-12,MDB_TEMPORAL_2022_2024_1,MDB_ANALYTICAL_2024_2,ZERO_REGISTERED_BEDS
31072,Uberaba,MG,BR_HEALTH_REGIONS_END2024_V1,434621,1290384,7.1006070768500154,1544,119.65430445510793,6,6,18.200000000000003,1.3805131367329238,1.3805131367329238,4.1875565147565359,0.36986301369863012,0.71232876712328763,0.27625570776255709,0.72374429223744297,0.84018264840182644,0.54109589041095885,0.61339421613394218,-0.072298325722983336,2022,2020,2022,2022-12,MDB_TEMPORAL_2022_2024_1,MDB_ANALYTICAL_2024_2,
31073,Ituiutaba,MG,BR_HEALTH_REGIONS_END2024_V1,193193,578905,8.458025721323521,1113,192.25952444701636,2,0,4.3499999999999996,1.0352341958559574,0,2.2516343759867072,0.5547945205479452,0.88356164383561642,0.14155251141552511,0.32077625570776258,0.4041095890410959,0.71917808219178081,0.28881278538812788,0.43036529680365293,2022,2020,2022,2022-12,MDB_TEMPORAL_2022_2024_1,MDB_ANALYTICAL_2024_2,ZERO_REGISTERED_BEDS
31074,Patrocínio/Monte Carmelo,MG,BR_HEALTH_REGIONS_END2024_V1,198862,594216,11.008176928737885,608,102.31969519501325,4,15,8.3250000000000011,2.0114451227484387,7.5429192103066445,4.1863201617201886,0.81963470319634701,0.64840182648401823,0.5547945205479452,0.9726027397260274,0.83561643835616439,0.73401826484018262,0.78767123287671248,-0.053652968036529858,2022,2020,2022,2022-12,MDB_TEMPORAL_2022_2024_1,MDB_ANALYTICAL_2024_2,
31075,Uberlândia/Araguari,MG,BR_HEALTH_REGIONS_END2024_V1,965276,2864305,8.1799790470328393,2998,104.66762443245393,12,35,38.999999999999986,1.2431677572010493,3.62590595850306,4.0402952109034089,0.5273972602739726,0.65753424657534243,0.20319634703196346,0.86301369863013699,0.81050228310502281,0.59246575342465757,0.62557077625570778,-0.033105022831050213,2022,2020,2022,2022-12,MDB_TEMPORAL_2022_2024_1,MDB_ANALYTICAL_2024_2,
31076,Manga,MG,BR_HEALTH_REGIONS_END2024_V1,57076,171938,9.4396704761187369,100,58.160499715013543,1,0,1.1499999999999999,1.7520498983811059,0,2.0148573831382719,0.67808219178082196,0.4132420091324201,0.46575342465753422,0.32077625570776258,0.34703196347031962,0.545662100456621,0.37785388127853881,0.1678082191780822,2022,2020,2022,2022-12,MDB_TEMPORAL_2022_2024_1,MDB_ANALYTICAL_2024_2,ZERO_REGISTERED_BEDS
31077,João Pinheiro,MG,BR_HEALTH_REGIONS_END2024_V1,72600,216921,13.843809752084294,33,15.212911612983527,1,0,1.3,1.3774104683195594,0,1.7906336088154269,0.95662100456621002,0.091324200913242004,0.26940639269406391,0.32077625570776258,0.27168949771689499,0.52397260273972601,0.28729071537290712,0.23668188736681889,2022,2020,2022,2022-12,MDB_TEMPORAL_2022_2024_1,MDB_ANALYTICAL_2024_2,ZERO_REGISTERED_BEDS
31078,Congonhas,MG,BR_HEALTH_REGIONS_END2024_V1,127438,379851,9.7749805523134423,248,65.28875796035814,3,1,6.8499999999999996,2.354085908441752,0.78469530281391742,5.3751628242753329,0.73059360730593603,0.454337899543379,0.67808219178082196,0.69634703196347036,0.93835616438356162,0.59246575342465757,0.77092846270928472,-0.17846270928462715,2022,2020,2022,2022-12,MDB_TEMPORAL_2022_2024_1,MDB_ANALYTICAL_2024_2,
31079,Conselheiro Lafaiete,MG,BR_HEALTH_REGIONS_END2024_V1,191780,572527,8.5999962607069946,127,22.182359958569638,4,6,3.0500000000000003,2.0857232245281052,3.1285848367921578,1.5903639587026803,0.57990867579908678,0.13698630136986301,0.58904109589041098,0.82876712328767121,0.21232876712328766,0.35844748858447489,0.54337899543378998,-0.18493150684931509,2022,2020,2022,2022-12,MDB_TEMPORAL_2022_2024_1,MDB_ANALYTICAL_2024_2,
31082,São Gotardo,MG,BR_HEALTH_REGIONS_END2024_V1,104422,310098,15.614557472004293,63,20.316158117756324,2,0,1.3999999999999999,1.9153052038842391,0,1.3407136427189672,0.9817351598173516,0.13013698630136986,0.51141552511415522,0.32077625570776258,0.15753424657534246,0.55593607305936077,0.32990867579908673,0.22602739726027404,2022,2020,2022,2022-12,MDB_TEMPORAL_2022_2024_1,MDB_ANALYTICAL_2024_2,ZERO_REGISTERED_BEDS
31083,Bocaiúva,MG,BR_HEALTH_REGIONS_END2024_V1,75237,225857,9.5268408927415855,225,99.620556369738367,2,4,0.875,2.6582665443864055,5.3165330887728111,1.1629916131690525,0.68949771689497719,0.63698630136986301,0.76940639269406397,0.93378995433789957,0.12785388127853881,0.66324200913242004,0.61035007610350078,0.052891933028919258,2022,2020,2022,2022-12,MDB_TEMPORAL_2022_2024_1,MDB_ANALYTICAL_2024_2,
31084,Montes Claros,MG,BR_HEALTH_REGIONS_END2024_V1,460373,1368935,6.6001881841705465,2242,163.7769506952485,5,16,19.900000000000006,1.0860758558820782,3.4754427388226499,4.3225819064106723,0.31050228310502281,0.80821917808219179,0.16210045662100456,0.85159817351598177,0.85388127853881279,0.55936073059360725,0.62252663622526638,-0.063165905631659136,2022,2020,2022,2022-12,MDB_TEMPORAL_2022_2024_1,MDB_ANALYTICAL_2024_2,
31085,Taiobeiras,MG,BR_HEALTH_REGIONS_END2024_V1,135572,406560,5.7865178925542455,60,14.757969303423849,3,0,2.9999999999999996,2.2128463104475853,0,2.2128463104475848,0.22146118721461186,0.086757990867579904,0.63926940639269403,0.32077625570776258,0.3904109589041096,0.1541095890410959,0.45015220700152209,-0.29604261796042619,2022,2020,2022,2022-12,MDB_TEMPORAL_2022_2024_1,MDB_ANALYTICAL_2024_2,ZERO_REGISTERED_BEDS
31086,Divinópolis,MG,BR_HEALTH_REGIONS_END2024_V1,357928,1065097,9.710785564704679,200,18.777632459766576,5,1,5.8499999999999996,1.3969289913055138,0.27938579826110277,1.6344069198274513,0.72374429223744297,0.12100456621004566,0.28310502283105021,0.65296803652968038,0.22602739726027396,0.4223744292237443,0.38736681887366814,0.035007610350076157,2022,2020,2022,2022-12,MDB_TEMPORAL_2022_2024_1,MDB_ANALYTICAL_2024_2,
31087,Lagoa da Prata/Santo Antônio do Monte,MG,BR_HEALTH_REGIONS_END2024_V1,132062,393139,14.083936631070157,70,17.805407247818202,3,0,2.3500000000000001,2.2716602807772106,0,1.7794672199421484,0.95890410958904104,0.11187214611872145,0.65525114155251141,0.32077625570776258,0.26484018264840181,0.53538812785388123,0.41362252663622529,0.12176560121765595,2022,2020,2022,2022-12,MDB_TEMPORAL_2022_2024_1,MDB_ANALYTICAL_2024_2,ZERO_REGISTERED_BEDS
31088,Oliveira/Santo Antônio do Amparo,MG,BR_HEALTH_REGIONS_END2024_V1,102922,308914,11.248592595099201,94,30.429180937089289,5,0,3.7999999999999998,4.8580478420551483,0,3.6921163599619131,0.83789954337899542,0.19178082191780821,0.9726027397260274,0.32077625570776258,0.75799086757990863,0.51484018264840181,0.68378995433789946,-0.16894977168949765,2022,2020,2022,2022-12,MDB_TEMPORAL_2022_2024_1,MDB_ANALYTICAL_2024_2,ZERO_REGISTERED_BEDS
31089,Campo Belo,MG,BR_HEALTH_REGIONS_END2024_V1,97691,293325,9.5529816748429148,29,9.8866445069462205,3,0,3.5,3.0709072483647422,0,3.5827251230921986,0.69406392694063923,0.041095890410958902,0.84474885844748859,0.32077625570776258,0.73287671232876717,0.36757990867579904,0.63280060882800615,-0.26522070015220711,2022,2020,2022,2022-12,MDB_TEMPORAL_2022_2024_1,MDB_ANALYTICAL_2024_2,ZERO_REGISTERED_BEDS
31090,Lima Duarte,MG,BR_HEALTH_REGIONS_END2024_V1,72952,218957,5.6827689295358796,36,16.441584420685341,3,0,4.8999999999999995,4.1122930145849326,0,6.7167452571553881,0.21232876712328766,0.1050228310502283,0.93378995433789957,0.32077625570776258,0.97945205479452058,0.158675799086758,0.74467275494672769,-0.58599695585996969,2022,2020,2022,2022-12,MDB_TEMPORAL_2022_2024_1,MDB_ANALYTICAL_2024_2,ZERO_REGISTERED_BEDS
31091,Cássia,MG,BR_HEALTH_REGIONS_END2024_V1,48731,146356,12.032216915416843,402,274.67271584355956,1,2,2.2000000000000002,2.0520818370236604,4.1041636740473209,4.5145800414520529,0.88356164383561642,0.94063926940639264,0.56621004566210043,0.88812785388127857,0.87899543378995437,0.91210045662100447,0.77777777777777779,0.13432267884322668,2022,2020,2022,2022-12,MDB_TEMPORAL_2022_2024_1,MDB_ANALYTICAL_2024_2,
31092,Passos,MG,BR_HEALTH_REGIONS_END2024_V1,210968,631190,13.138127434233676,665,105.35654874126649,4,0,5.1500000000000004,1.8960221455386599,0,2.4411285123810247,0.92922374429223742,0.66210045662100458,0.50684931506849318,0.32077625570776258,0.454337899543379,0.795662100456621,0.42732115677321159,0.36834094368340942,2022,2020,2022,2022-12,MDB_TEMPORAL_2022_2024_1,MDB_ANALYTICAL_2024_2,ZERO_REGISTERED_BEDS
31093,Piumhi,MG,BR_HEALTH_REGIONS_END2024_V1,81414,242562,9.9484489355722676,125,51.533216249866008,3,0,5.9749999999999996,3.6848699240916791,0,7.339032598815928,0.74657534246575341,0.35844748858447489,0.90182648401826482,0.32077625570776258,0.98858447488584478,0.55251141552511418,0.73706240487062402,-0.18455098934550984,2022,2020,2022,2022-12,MDB_TEMPORAL_2022_2024_1,MDB_ANALYTICAL_2024_2,ZERO_REGISTERED_BEDS
31094,Almenara/Jacinto,MG,BR_HEALTH_REGIONS_END2024_V1,167128,503156,5.9534627234112545,349,69.362185882708346,8,7,3.1250000000000004,4.7867502752381403,4.1884064908333736,1.869824326264899,0.24429223744292236,0.47488584474885842,0.97031963470319638,0.89269406392694062,0.30593607305936071,0.3595890410958904,0.72298325722983259,-0.36339421613394218,2022,2020,2022,2022-12,MDB_TEMPORAL_2022_2024_1,MDB_ANALYTICAL_2024_2,
31095,Serro,MG,BR_HEALTH_REGIONS_END2024_V1,57830,172048,8.1489393273254294,74,43.011252673672459,1,0,3.2000000000000002,1.7292062943109112,0,5.5334601417949161,0.52283105022831056,0.29223744292237441,0.46118721461187212,0.32077625570776258,0.95205479452054798,0.40753424657534248,0.57800608828006095,-0.17047184170471846,2022,2020,2022,2022-12,MDB_TEMPORAL_2022_2024_1,MDB_ANALYTICAL_2024_2,ZERO_REGISTERED_BEDS
31096,Itambacuri,MG,BR_HEALTH_REGIONS_END2024_V1,41439,125389,4.0426671551392106,81,64.598968011548067,1,2,0.77500000000000002,2.4131856463717751,4.8263712927435503,1.870218875938126,0.066210045662100453,0.44748858447488582,0.70319634703196343,0.92009132420091322,0.30821917808219179,0.25684931506849312,0.64383561643835618,-0.38698630136986306,2022,2020,2022,2022-12,MDB_TEMPORAL_2022_2024_1,MDB_ANALYTICAL_2024_2,SMALL_SUICIDE_COUNT
31097,Juiz de Fora,MG,BR_HEALTH_REGIONS_END2024_V1,614950,1839662,6.3461922966657207,2216,120.45691001934051,7,24,28.100000000000001,1.1383039271485487,3.9027563216521668,4.5694771932677458,0.27853881278538811,0.71461187214611877,0.17808219178082191,0.88127853881278539,0.8904109589041096,0.49657534246575341,0.64992389649923898,-0.15334855403348557,2022,2020,2022,2022-12,MDB_TEMPORAL_2022_2024_1,MDB_ANALYTICAL_2024_2,
31098,Salinas,MG,BR_HEALTH_REGIONS_END2024_V1,66046,199345,10.718205744321653,440,220.72286739070455,3,3,0.80000000000000004,4.5422887078702727,4.5422887078702727,1.211276988765406,0.80593607305936077,0.9178082191780822,0.96118721461187218,0.91095890410958902,0.13926940639269406,0.86187214611872154,0.67047184170471841,0.19140030441400313,2022,2020,2022,2022-12,MDB_TEMPORAL_2022_2024_1,MDB_ANALYTICAL_2024_2,
31099,Teófilo Otoni/Malacacheta,MG,BR_HEALTH_REGIONS_END2024_V1,271375,817710,8.1048785598457762,328,40.11202015384427,6,10,10.925000000000001,2.2109626900046062,3.6849378166743438,4.0257945647167208,0.5091324200913242,0.26484018264840181,0.63698630136986301,0.87214611872146119,0.80365296803652964,0.38698630136986301,0.77092846270928461,-0.38394216133942161,2022,2020,2022,2022-12,MDB_TEMPORAL_2022_2024_1,MDB_ANALYTICAL_2024_2,
31100,São Francisco,MG,BR_HEALTH_REGIONS_END2024_V1,100975,302729,7.671958251348137,23,7.5975542481889748,1,0,1,0.99034414459024511,0,0.99034414459024511,0.44748858447488582,0.031963470319634701,0.12557077625570776,0.32077625570776258,0.1004566210045662,0.23972602739726026,0.18226788432267885,0.057458143074581414,2022,2020,2022,2022-12,MDB_TEMPORAL_2022_2024_1,MDB_ANALYTICAL_2024_2,ZERO_REGISTERED_BEDS
31101,Brasília de Minas,MG,BR_HEALTH_REGIONS_END2024_V1,126632,380829,10.229458654775598,87,22.844898891628524,4,0,2.3500000000000005,3.1587592393707751,0,1.8557710531303309,0.77397260273972601,0.14383561643835616,0.86301369863013699,0.32077625570776258,0.30365296803652969,0.4589041095890411,0.49581430745814309,-0.036910197869101991,2022,2020,2022,2022-12,MDB_TEMPORAL_2022_2024_1,MDB_ANALYTICAL_2024_2,ZERO_REGISTERED_BEDS
31102,Peçanha/São João Evangelista/Santa Maria do,MG,BR_HEALTH_REGIONS_END2024_V1,98151,296446,4.3521129736445969,54,18.215796468834121,4,0,2.7750000000000004,4.0753532821876499,0,2.8272763395176823,0.086757990867579904,0.11415525114155251,0.93150684931506844,0.32077625570776258,0.57534246575342463,0.1004566210045662,0.60920852359208533,-0.50875190258751912,2022,2020,2022,2022-12,MDB_TEMPORAL_2022_2024_1,MDB_ANALYTICAL_2024_2,ZERO_REGISTERED_BEDS
32001,Central,ES,BR_HEALTH_REGIONS_END2024_V1,528971,1577760,5.5619715996165064,737,46.711793935706318,6,0,9.1250000000000018,1.1342776825194576,0,1.7250473088316753,0.19406392694063926,0.32648401826484019,0.17351598173515981,0.32077625570776258,0.24429223744292236,0.26027397260273971,0.24619482496194825,0.014079147640791462,2022,2020,2022,2022-12,MDB_TEMPORAL_2022_2024_1,MDB_ANALYTICAL_2024_2,ZERO_REGISTERED_BEDS
32002,Metropolitana,ES,BR_HEALTH_REGIONS_END2024_V1,2404802,7161223,6.0255724227740561,4332,60.492460575519011,20,10,49.250000000000036,0.8316693016722374,0.4158346508361187,2.0479856553678859,0.25114155251141551,0.4269406392694064,0.066210045662100453,0.66438356164383561,0.35844748858447489,0.33904109589041098,0.36301369863013694,-0.023972602739725957,2022,2020,2022,2022-12,MDB_TEMPORAL_2022_2024_1,MDB_ANALYTICAL_2024_2,
32003,Norte,ES,BR_HEALTH_REGIONS_END2024_V1,425556,1272680,4.5320797979568628,851,66.866769337146806,6,8,10.025,1.409920198516764,1.8798935980223517,2.35574166502176,0.1004566210045662,0.4634703196347032,0.29223744292237441,0.75570776255707761,0.43378995433789952,0.2819634703196347,0.4939117199391172,-0.2119482496194825,2022,2020,2022,2022-12,MDB_TEMPORAL_2022_2024_1,MDB_ANALYTICAL_2024_2,
32004,Sul,ES,BR_HEALTH_REGIONS_END2024_V1,691584,2068258,5.2797936779930037,2192,105.98290928887982,11,0,17.175000000000001,1.5905515454377197,0,2.4834293448084397,0.16210045662100456,0.66894977168949776,0.37214611872146119,0.32077625570776258,0.47031963470319632,0.41552511415525117,0.38774733637747333,0.027777777777777846,2022,2020,2022,2022-12,MDB_TEMPORAL_2022_2024_1,MDB_ANALYTICAL_2024_2,ZERO_REGISTERED_BEDS
33001,Baia da Ilha Grande,RJ,BR_HEALTH_REGIONS_END2024_V1,269061,805017,4.9586060532040186,774,96.147037888640867,5,8,9.6750000000000007,1.8583146572710276,2.9733034516336447,3.595838861819439,0.14383561643835616,0.61872146118721461,0.49315068493150682,0.82191780821917804,0.73744292237442921,0.38127853881278539,0.68417047184170465,-0.30289193302891926,2022,2020,2022,2022-12,MDB_TEMPORAL_2022_2024_1,MDB_ANALYTICAL_2024_2,
33002,Baixada Litorânea,RJ,BR_HEALTH_REGIONS_END2024_V1,873407,2576527,3.9051254079531752,1091,42.343821741437218,15,2,34.225000000000009,1.7174123862071176,0.22898831816094903,3.918562594529241,0.052511415525114152,0.28310502283105021,0.45205479452054792,0.65068493150684936,0.79680365296803657,0.1678082191780822,0.63318112633181123,-0.46537290715372903,2022,2020,2022,2022-12,MDB_TEMPORAL_2022_2024_1,MDB_ANALYTICAL_2024_2,
33003,Centro-Sul,RJ,BR_HEALTH_REGIONS_END2024_V1,336277,1009432,5.9247278654024988,1787,177.03025067562749,15,31,18.599999999999994,4.4606083675065502,9.2185906261802018,5.5311543757081196,0.24200913242009131,0.84474885844748859,0.94977168949771684,0.98401826484018262,0.94977168949771684,0.54337899543378998,0.96118721461187207,-0.41780821917808209,2022,2020,2022,2022-12,MDB_TEMPORAL_2022_2024_1,MDB_ANALYTICAL_2024_2,
33004,Médio Paraíba,RJ,BR_HEALTH_REGIONS_END2024_V1,917947,2754073,5.0479586577483646,2911,105.69799711191389,24,33,39.975000000000001,2.6145300327796703,3.5949787950720462,4.354826585848639,0.14840182648401826,0.66438356164383561,0.75799086757990863,0.86073059360730597,0.85616438356164382,0.40639269406392692,0.82496194824961944,-0.41856925418569252,2022,2020,2022,2022-12,MDB_TEMPORAL_2022_2024_1,MDB_ANALYTICAL_2024_2,
33005,Metropolitana I,RJ,BR_HEALTH_REGIONS_END2024_V1,10491301,31543391,3.8888245362087916,23733,75.239215720339018,65,67,389.97500000000127,0.61956091051052675,0.63862432314161988,3.7171271704052837,0.050228310502283102,0.5091324200913242,0.020547945205479451,0.68721461187214616,0.76255707762557079,0.27968036529680362,0.49010654490106548,-0.21042617960426185,2022,2020,2022,2022-12,MDB_TEMPORAL_2022_2024_1,MDB_ANALYTICAL_2024_2,
33006,Metropolitana II,RJ,BR_HEALTH_REGIONS_END2024_V1,2049801,6159416,4.1300690556274651,12156,197.35637274702665,20,13,75.250000000000085,0.97570447082424094,0.63420790603575661,3.6710880714762113,0.068493150684931503,0.88584474885844744,0.11643835616438356,0.68493150684931503,0.75570776255707761,0.47716894977168944,0.51902587519025867,-0.041856925418569224,2022,2020,2022,2022-12,MDB_TEMPORAL_2022_2024_1,MDB_ANALYTICAL_2024_2,
33007,Noroeste,RJ,BR_HEALTH_REGIONS_END2024_V1,352439,1056411,7.3909366447418581,1898,179.66492208051602,11,4,12.075000000000001,3.1211074824295837,1.1349481754289397,3.4261248045761112,0.4132420091324201,0.85159817351598177,0.85388127853881279,0.71232876712328763,0.70776255707762559,0.63242009132420096,0.75799086757990874,-0.12557077625570778,2022,2020,2022,2022-12,MDB_TEMPORAL_2022_2024_1,MDB_ANALYTICAL_2024_2,
33008,Norte,RJ,BR_HEALTH_REGIONS_END2024_V1,957566,2855484,5.6645927170599704,2860,100.1581518229484,14,4,37.350000000000009,1.4620402144604132,0.41772577556011808,3.9005144292926035,0.20776255707762556,0.63926940639269403,0.31963470319634701,0.66666666666666663,0.79452054794520544,0.42351598173515981,0.59360730593607303,-0.17009132420091322,2022,2020,2022,2022-12,MDB_TEMPORAL_2022_2024_1,MDB_ANALYTICAL_2024_2,
33009,Serrana,RJ,BR_HEALTH_REGIONS_END2024_V1,963961,2894769,6.5476455064262984,12188,421.03532268032438,22,12,37.250000000000014,2.2822500080397443,1.2448636407489515,3.8642642181582048,0.30365296803652969,0.98630136986301364,0.65981735159817356,0.71917808219178081,0.79223744292237441,0.64497716894977164,0.72374429223744297,-0.078767123287671326,2022,2020,2022,2022-12,MDB_TEMPORAL_2022_2024_1,MDB_ANALYTICAL_2024_2,
35011,Alto do Tietê,SP,BR_HEALTH_REGIONS_END2024_V1,3008699,8995893,4.9042010609653435,8033,89.296304435813099,20,0,76.449999999999918,0.66473914472667428,0,2.5409653807177097,0.13926940639269406,0.5821917808219178,0.027397260273972601,0.32077625570776258,0.49771689497716892,0.36073059360730592,0.2819634703196347,0.078767123287671215,2022,2020,2022,2022-12,MDB_TEMPORAL_2022_2024_1,MDB_ANALYTICAL_2024_2,ZERO_REGISTERED_BEDS
35012,Franco da Rocha,SP,BR_HEALTH_REGIONS_END2024_V1,605130,1802176,5.8465998834594783,3402,188.77179587343301,12,0,25.32500000000001,1.9830449655445936,0,4.1850511460347386,0.23287671232876711,0.87671232876712324,0.53881278538812782,0.32077625570776258,0.83333333333333337,0.5547945205479452,0.56430745814307459,-0.0095129375951293893,2022,2020,2022,2022-12,MDB_TEMPORAL_2022_2024_1,MDB_ANALYTICAL_2024_2,ZERO_REGISTERED_BEDS
35013,Mananciais,SP,BR_HEALTH_REGIONS_END2024_V1,1145996,3417944,3.4515144051260034,2376,69.51547480005523,12,0,37.275000000000006,1.0471240737314964,0,3.2526291540284618,0.022831050228310501,0.4771689497716895,0.15068493150684931,0.32077625570776258,0.68264840182648401,0.25,0.38470319634703198,-0.13470319634703198,2022,2020,2022,2022-12,MDB_TEMPORAL_2022_2024_1,MDB_ANALYTICAL_2024_2,ZERO_REGISTERED_BEDS
35014,Rota dos Bandeirantes,SP,BR_HEALTH_REGIONS_END2024_V1,2003332,5970646,5.2595340008484133,3002,50.27931650946983,16,0,62.324999999999953,0.79866941675169156,0,3.1110669624405713,0.15981735159817351,0.34931506849315069,0.054794520547945202,0.32077625570776258,0.65525114155251141,0.2545662100456621,0.34360730593607308,-0.089041095890410982,2022,2020,2022,2022-12,MDB_TEMPORAL_2022_2024_1,MDB_ANALYTICAL_2024_2,ZERO_REGISTERED_BEDS
35015,Grande ABC,SP,BR_HEALTH_REGIONS_END2024_V1,2784910,8351782,4.6423096539383018,6276,75.145639577278232,28,10,98.399999999999835,1.0054184874915169,0.3590780312469703,3.5333278274701811,0.11187214611872145,0.50684931506849318,0.13242009132420091,0.65753424657534243,0.72602739726027399,0.3093607305936073,0.50532724505327242,-0.19596651445966512,2022,2020,2022,2022-12,MDB_TEMPORAL_2022_2024_1,MDB_ANALYTICAL_2024_2,
35016,São Paulo,SP,BR_HEALTH_REGIONS_END2024_V1,11950472,35949673,1.4589020249277511,34545,96.092668214256079,104,0,718.14999999999498,0.87025851363862439,0,6.0093860727843635,0.0022831050228310501,0.61415525114155256,0.082191780821917804,0.32077625570776258,0.9634703196347032,0.30821917808219179,0.45547945205479451,-0.14726027397260272,2022,2020,2022,2022-12,MDB_TEMPORAL_2022_2024_1,MDB_ANALYTICAL_2024_2,ZERO_REGISTERED_BEDS
35021,Central do DRS II,SP,BR_HEALTH_REGIONS_END2024_V1,306205,916724,7.364953802507741,497,54.214790929440049,5,0,5.2999999999999998,1.6328929965219379,0,1.7308665763132542,0.408675799086758,0.38812785388127852,0.40182648401826482,0.32077625570776258,0.24885844748858446,0.39840182648401823,0.32382039573820393,0.074581430745814303,2022,2020,2022,2022-12,MDB_TEMPORAL_2022_2024_1,MDB_ANALYTICAL_2024_2,ZERO_REGISTERED_BEDS
35022,Lagos do DRS II,SP,BR_HEALTH_REGIONS_END2024_V1,202490,607660,7.1576834173358357,486,79.97893558898069,5,0,5.8999999999999995,2.4692577411230183,0,2.9137241345251614,0.37442922374429222,0.545662100456621,0.72146118721461183,0.32077625570776258,0.60502283105022836,0.46004566210045661,0.54908675799086759,-0.089041095890410982,2022,2020,2022,2022-12,MDB_TEMPORAL_2022_2024_1,MDB_ANALYTICAL_2024_2,ZERO_REGISTERED_BEDS
35023,Consórcios do DRS II,SP,BR_HEALTH_REGIONS_END2024_V1,270069,809618,5.8927038557059417,780,96.341731532648737,3,0,6.7749999999999995,1.1108272330404452,0,2.5086181679496722,0.23515981735159816,0.62100456621004563,0.16894977168949771,0.32077625570776258,0.4817351598173516,0.42808219178082191,0.32382039573820398,0.10426179604261793,2022,2020,2022,2022-12,MDB_TEMPORAL_2022_2024_1,MDB_ANALYTICAL_2024_2,ZERO_REGISTERED_BEDS
35031,Central do DRS III,SP,BR_HEALTH_REGIONS_END2024_V1,323028,964794,8.3961223155014952,930,96.393634288770457,3,0,12.025000000000002,0.92871206211226276,0,3.7225875156333204,0.545662100456621,0.62557077625570778,0.1004566210045662,0.32077625570776258,0.76484018264840181,0.58561643835616439,0.39535768645357683,0.19025875190258756,2022,2020,2022,2022-12,MDB_TEMPORAL_2022_2024_1,MDB_ANALYTICAL_2024_2,ZERO_REGISTERED_BEDS
35032,Coração do DRS III,SP,BR_HEALTH_REGIONS_END2024_V1,400684,1197494,8.144287945691044,909,75.908522297397738,5,8,9.8249999999999993,1.2478661488854059,1.9965858382166497,2.4520569825598226,0.52054794520547942,0.5182648401826484,0.21004566210045661,0.76484018264840181,0.45662100456621002,0.51940639269406397,0.4771689497716895,0.042237442922374469,2022,2020,2022,2022-12,MDB_TEMPORAL_2022_2024_1,MDB_ANALYTICAL_2024_2,
35033,Noroeste do DRS III,SP,BR_HEALTH_REGIONS_END2024_V1,294181,883483,11.221984560944364,792,89.645188419018808,7,5,7.2999999999999998,2.3794874584014605,1.6996338988581858,2.4814654923329513,0.83561643835616439,0.58675799086757996,0.69634703196347036,0.74429223744292239,0.4680365296803653,0.71118721461187218,0.63622526636225263,0.074961948249619548,2022,2020,2022,2022-12,MDB_TEMPORAL_2022_2024_1,MDB_ANALYTICAL_2024_2,
35041,Baixada Santista,SP,BR_HEALTH_REGIONS_END2024_V1,1850396,5536098,7.6841959028771587,4524,81.718206577990486,29,0,65.725000000000009,1.5672320951839498,0,3.5519423950332798,0.4497716894977169,0.55251141552511418,0.36529680365296802,0.32077625570776258,0.72831050228310501,0.50114155251141557,0.47146118721461189,0.029680365296803679,2022,2020,2022,2022-12,MDB_TEMPORAL_2022_2024_1,MDB_ANALYTICAL_2024_2,ZERO_REGISTERED_BEDS
35051,Norte - Barretos,SP,BR_HEALTH_REGIONS_END2024_V1,292248,875558,8.1051258682740119,736,84.060679018408834,3,20,17.024999999999999,1.0265254167693192,6.8435027784621276,5.8255317401658857,0.51141552511415522,0.56164383561643838,0.13926940639269406,0.9634703196347032,0.95890410958904104,0.5365296803652968,0.68721461187214616,-0.15068493150684936,2022,2020,2022,2022-12,MDB_TEMPORAL_2022_2024_1,MDB_ANALYTICAL_2024_2,
35052,Sul - Barretos,SP,BR_HEALTH_REGIONS_END2024_V1,146109,439179,6.700987164838887,238,54.192026485783707,2,0,4.4999999999999991,1.3688410707074856,0,3.0798924090918414,0.31963470319634701,0.38584474885844749,0.26484018264840181,0.32077625570776258,0.64611872146118721,0.35273972602739723,0.41057838660578388,-0.057838660578386658,2022,2020,2022,2022-12,MDB_TEMPORAL_2022_2024_1,MDB_ANALYTICAL_2024_2,ZERO_REGISTERED_BEDS
35061,Vale do Jurumirim,SP,BR_HEALTH_REGIONS_END2024_V1,309289,924126,11.728210897988165,844,91.329537314175766,4,0,7.6499999999999995,1.2932888010889492,0,2.4734148320826153,0.86986301369863017,0.59589041095890416,0.22831050228310501,0.32077625570776258,0.46575342465753422,0.73287671232876717,0.33828006088280055,0.39459665144596662,2022,2020,2022,2022-12,MDB_TEMPORAL_2022_2024_1,MDB_ANALYTICAL_2024_2,ZERO_REGISTERED_BEDS
35062,Bauru,SP,BR_HEALTH_REGIONS_END2024_V1,659285,1971399,6.7131222197997333,2609,132.34256484861766,11,0,19.824999999999999,1.6684741803620589,0,3.0070455114252561,0.32648401826484019,0.73515981735159819,0.42009132420091322,0.32077625570776258,0.63013698630136983,0.53082191780821919,0.45700152207001521,0.073820395738203981,2022,2020,2022,2022-12,MDB_TEMPORAL_2022_2024_1,MDB_ANALYTICAL_2024_2,ZERO_REGISTERED_BEDS
35063,Polo Cuesta,SP,BR_HEALTH_REGIONS_END2024_V1,309505,926006,10.201606053383912,1227,132.50454100729368,6,0,23.95000000000001,1.9385793444370849,0,7.7381625498780346,0.76940639269406397,0.73744292237442921,0.52283105022831056,0.32077625570776258,0.99315068493150682,0.75342465753424659,0.61225266362252662,0.14117199391171997,2022,2020,2022,2022-12,MDB_TEMPORAL_2022_2024_1,MDB_ANALYTICAL_2024_2,ZERO_REGISTERED_BEDS
35064,Jaú,SP,BR_HEALTH_REGIONS_END2024_V1,333631,1003036,8.8171941771133415,2816,280.74765013419261,8,0,12.075000000000001,2.3978587121700321,0,3.6192679936816425,0.60730593607305938,0.94748858447488582,0.69863013698630139,0.32077625570776258,0.74429223744292239,0.7773972602739726,0.58789954337899542,0.18949771689497719,2022,2020,2022,2022-12,MDB_TEMPORAL_2022_2024_1,MDB_ANALYTICAL_2024_2,ZERO_REGISTERED_BEDS
35065,Lins,SP,BR_HEALTH_REGIONS_END2024_V1,161944,486717,13.405122524732775,1288,264.63016496239089,5,0,4.3499999999999996,3.0874870325544634,0,2.6861137183223827,0.9452054794520548,0.93378995433789957,0.84931506849315064,0.32077625570776258,0.53881278538812782,0.93949771689497719,0.56963470319634701,0.36986301369863017,2022,2020,2022,2022-12,MDB_TEMPORAL_2022_2024_1,MDB_ANALYTICAL_2024_2,ZERO_REGISTERED_BEDS
35071,Bragança,SP,BR_HEALTH_REGIONS_END2024_V1,502110,1490733,8.1163516328152543,1581,106.05520908170678,6,0,14.675000000000002,1.1949572802772301,0,2.9226663480113926,0.51598173515981738,0.67123287671232879,0.18949771689497716,0.32077625570776258,0.6095890410958904,0.59360730593607314,0.37328767123287676,0.22031963470319638,2022,2020,2022,2022-12,MDB_TEMPORAL_2022_2024_1,MDB_ANALYTICAL_2024_2,ZERO_REGISTERED_BEDS
35072,Região Metropolitana de Campinas,SP,BR_HEALTH_REGIONS_END2024_V1,3241928,9665943,6.2072086452164914,10220,105.73205325129685,47,20,118.44999999999989,1.4497545904782585,0.61691684701202498,3.653690026428714,0.26484018264840181,0.66666666666666663,0.30821917808219179,0.68264840182648401,0.75114155251141557,0.46575342465753422,0.58066971080669705,-0.11491628614916283,2022,2020,2022,2022-12,MDB_TEMPORAL_2022_2024_1,MDB_ANALYTICAL_2024_2,
35073,Jundiaí,SP,BR_HEALTH_REGIONS_END2024_V1,855527,2537382,5.9071732480217802,2848,112.24167271620907,11,14,26.150000000000002,1.2857571999481021,1.6364182544794026,3.0565955253311703,0.23744292237442921,0.68264840182648401,0.22374429223744291,0.73515981735159819,0.64155251141552516,0.46004566210045661,0.5334855403348554,-0.073439878234398792,2022,2020,2022,2022-12,MDB_TEMPORAL_2022_2024_1,MDB_ANALYTICAL_2024_2,
35074,Circuito das Águas,SP,BR_HEALTH_REGIONS_END2024_V1,134414,402646,9.6718919814561986,679,168.63448289564531,4,0,12.825000000000001,2.9758804886395764,0,9.5414168167006412,0.71917808219178081,0.81963470319634701,0.82191780821917804,0.32077625570776258,0.99543378995433784,0.76940639269406397,0.71270928462709282,0.056697108066971147,2022,2020,2022,2022-12,MDB_TEMPORAL_2022_2024_1,MDB_ANALYTICAL_2024_2,ZERO_REGISTERED_BEDS
35081,Três Colinas,SP,BR_HEALTH_REGIONS_END2024_V1,433665,1296200,9.6579843044732794,4126,318.31507483413054,2,0,15.275000000000002,0.4611854772693208,0,3.5223040826444381,0.71461187214611877,0.97031963470319638,0.0091324200913242004,0.32077625570776258,0.72374429223744297,0.84246575342465757,0.35121765601217653,0.49124809741248104,2022,2020,2022,2022-12,MDB_TEMPORAL_2022_2024_1,MDB_ANALYTICAL_2024_2,ZERO_REGISTERED_BEDS
35082,Alta Anhanguera,SP,BR_HEALTH_REGIONS_END2024_V1,152289,458332,8.7000674518857206,718,156.65500117818524,5,0,4.6500000000000004,3.2832312248422411,0,3.0534050391032839,0.59360730593607303,0.77853881278538817,0.87214611872146119,0.32077625570776258,0.63926940639269403,0.6860730593607306,0.61073059360730597,0.075342465753424626,2022,2020,2022,2022-12,MDB_TEMPORAL_2022_2024_1,MDB_ANALYTICAL_2024_2,ZERO_REGISTERED_BEDS
35083,Alta Mogiana,SP,BR_HEALTH_REGIONS_END2024_V1,114982,347328,7.6636283264852096,582,167.5649530127142,3,10,5.8250000000000011,2.6091040336748361,8.6970134455827868,5.0660103320519738,0.4452054794520548,0.81735159817351599,0.75570776255707761,0.97716894977168944,0.92465753424657537,0.63127853881278539,0.88584474885844744,-0.25456621004566204,2022,2020,2022,2022-12,MDB_TEMPORAL_2022_2024_1,MDB_ANALYTICAL_2024_2,
35091,Adamantina,SP,BR_HEALTH_REGIONS_END2024_V1,134062,402783,6.8733453153459587,2969,737.12147732153539,5,0,6.0499999999999998,3.7296176395995881,0,4.5128373439155016,0.34474885844748859,0.99771689497716898,0.91095890410958902,0.32077625570776258,0.87671232876712324,0.67123287671232879,0.70281582952815835,-0.031582952815829568,2022,2020,2022,2022-12,MDB_TEMPORAL_2022_2024_1,MDB_ANALYTICAL_2024_2,ZERO_REGISTERED_BEDS
35092,Assis,SP,BR_HEALTH_REGIONS_END2024_V1,240969,724174,8.6387834924255706,1179,162.80617641616519,6,0,10.325000000000001,2.4899468396349738,0,4.2847835198718514,0.58447488584474883,0.79908675799086759,0.72374429223744297,0.32077625570776258,0.85159817351598177,0.69178082191780821,0.63203957382039577,0.059741248097412436,2022,2020,2022,2022-12,MDB_TEMPORAL_2022_2024_1,MDB_ANALYTICAL_2024_2,ZERO_REGISTERED_BEDS
35093,Marília,SP,BR_HEALTH_REGIONS_END2024_V1,392334,1175060,9.0226019087254148,6638,564.9073238813337,6,0,40.95000000000001,1.5293092110293778,0,10.437535365275508,0.62328767123287676,0.99543378995433784,0.34474885844748859,0.32077625570776258,0.99771689497716898,0.80936073059360725,0.55441400304414001,0.25494672754946723,2022,2020,2022,2022-12,MDB_TEMPORAL_2022_2024_1,MDB_ANALYTICAL_2024_2,ZERO_REGISTERED_BEDS
35094,Ourinhos,SP,BR_HEALTH_REGIONS_END2024_V1,236797,711381,8.288367128996569,736,103.46073341851977,5,0,6.8750000000000009,2.1115132370764833,0,2.903330700980165,0.53196347031963476,0.65296803652968038,0.60502283105022836,0.32077625570776258,0.59817351598173518,0.59246575342465757,0.50799086757990874,0.084474885844748826,2022,2020,2022,2022-12,MDB_TEMPORAL_2022_2024_1,MDB_ANALYTICAL_2024_2,ZERO_REGISTERED_BEDS
35095,Tupã,SP,BR_HEALTH_REGIONS_END2024_V1,128903,387706,9.8391883746523234,1543,397.9819760333861,3,0,4.625,2.3273314042341915,0,3.587969248194379,0.73744292237442921,0.98401826484018262,0.67123287671232879,0.32077625570776258,0.73515981735159819,0.86073059360730597,0.57572298325722981,0.28500761035007616,2022,2020,2022,2022-12,MDB_TEMPORAL_2022_2024_1,MDB_ANALYTICAL_2024_2,ZERO_REGISTERED_BEDS
35101,Araras,SP,BR_HEALTH_REGIONS_END2024_V1,343506,1027966,7.2244056067547646,1592,154.86893535389302,9,0,9.125,2.620041571326265,0,2.6564310375946851,0.3949771689497717,0.77168949771689499,0.76484018264840181,0.32077625570776258,0.52968036529680362,0.58333333333333337,0.53843226788432264,0.044901065449010735,2022,2020,2022,2022-12,MDB_TEMPORAL_2022_2024_1,MDB_ANALYTICAL_2024_2,ZERO_REGISTERED_BEDS
35102,Limeira,SP,BR_HEALTH_REGIONS_END2024_V1,366640,1097628,7.3904335694369134,906,82.541626124697984,6,12,7.3999999999999977,1.6364826532838752,3.2729653065677504,2.0183286057167789,0.41095890410958902,0.55707762557077622,0.40639269406392692,0.83789954337899542,0.34931506849315069,0.48401826484018262,0.53120243531202438,-0.047184170471841758,2022,2020,2022,2022-12,MDB_TEMPORAL_2022_2024_1,MDB_ANALYTICAL_2024_2,
35103,Piracicaba,SP,BR_HEALTH_REGIONS_END2024_V1,616485,1837380,7.3412897834438873,1318,71.732575732836978,7,0,10.375000000000002,1.1354696383529201,0,1.6829282139873643,0.4041095890410959,0.48401826484018262,0.17579908675799086,0.32077625570776258,0.23287671232876711,0.44406392694063923,0.24315068493150682,0.20091324200913241,2022,2020,2022,2022-12,MDB_TEMPORAL_2022_2024_1,MDB_ANALYTICAL_2024_2,ZERO_REGISTERED_BEDS
35104,Rio Claro,SP,BR_HEALTH_REGIONS_END2024_V1,263741,789208,6.8625543612462829,371,47.009153480451289,4,0,8.6249999999999982,1.51663943035023,0,3.2702537716926825,0.34246575342465752,0.33333333333333331,0.34246575342465752,0.32077625570776258,0.69178082191780821,0.33789954337899542,0.45167427701674273,-0.11377473363774732,2022,2020,2022,2022-12,MDB_TEMPORAL_2022_2024_1,MDB_ANALYTICAL_2024_2,ZERO_REGISTERED_BEDS
35111,Alta Paulista,SP,BR_HEALTH_REGIONS_END2024_V1,135204,405152,7.0877671331782475,875,215.96832793618196,3,4,5.8999999999999995,2.2188692642229522,2.9584923522972693,4.3637762196384715,0.36757990867579909,0.91095890410958902,0.64383561643835618,0.81735159817351599,0.85844748858447484,0.63926940639269403,0.77321156773211575,-0.13394216133942172,2022,2020,2022,2022-12,MDB_TEMPORAL_2022_2024_1,MDB_ANALYTICAL_2024_2,
35112,Alta Sorocabana,SP,BR_HEALTH_REGIONS_END2024_V1,416182,1245790,8.0872720474541584,3961,317.950858491399,10,0,29.225000000000001,2.4027949310638133,0,7.0221681860339951,0.50456621004566216,0.96803652968036524,0.70091324200913241,0.32077625570776258,0.9817351598173516,0.73630136986301364,0.6678082191780822,0.068493150684931448,2022,2020,2022,2022-12,MDB_TEMPORAL_2022_2024_1,MDB_ANALYTICAL_2024_2,ZERO_REGISTERED_BEDS
35113,Alto Capivari,SP,BR_HEALTH_REGIONS_END2024_V1,57887,174180,5.4394618028897499,385,221.03571018486625,3,0,2.6000000000000001,5.1825107537098143,0,4.491509319881839,0.18036529680365296,0.92009132420091322,0.97945205479452058,0.32077625570776258,0.87214611872146119,0.55022831050228305,0.72412480974124804,-0.173896499238965,2022,2020,2022,2022-12,MDB_TEMPORAL_2022_2024_1,MDB_ANALYTICAL_2024_2,ZERO_REGISTERED_BEDS
35114,Extremo Oeste Paulista,SP,BR_HEALTH_REGIONS_END2024_V1,91120,275390,6.5700515327480105,571,207.3423145357493,2,4,1.8500000000000001,2.1949078138718177,4.3898156277436353,2.0302897278314314,0.30593607305936071,0.8995433789954338,0.63242009132420096,0.90639269406392697,0.35388127853881279,0.60273972602739723,0.63089802130898021,-0.028158295281582979,2022,2020,2022,2022-12,MDB_TEMPORAL_2022_2024_1,MDB_ANALYTICAL_2024_2,
35115,Pontal do Paranapanema,SP,BR_HEALTH_REGIONS_END2024_V1,65120,196947,9.3247883698585117,588,298.55747993114898,1,0,2.4249999999999998,1.5356265356265355,0,3.7238943488943486,0.66210045662100458,0.95205479452054798,0.34703196347031962,0.32077625570776258,0.76712328767123283,0.80707762557077634,0.47831050228310507,0.32876712328767127,2022,2020,2022,2022-12,MDB_TEMPORAL_2022_2024_1,MDB_ANALYTICAL_2024_2,ZERO_REGISTERED_BEDS
35121,Vale do Ribeira,SP,BR_HEALTH_REGIONS_END2024_V1,284892,856835,8.4820293213057205,370,43.182176264975169,7,5,5.1999999999999993,2.4570714516378134,1.7550510368841525,1.8252530783595184,0.56164383561643838,0.29452054794520549,0.71689497716894979,0.74885844748858443,0.28538812785388129,0.42808219178082196,0.58371385083713856,-0.1556316590563166,2022,2020,2022,2022-12,MDB_TEMPORAL_2022_2024_1,MDB_ANALYTICAL_2024_2,
35131,Horizonte Verde,SP,BR_HEALTH_REGIONS_END2024_V1,424430,1272925,7.8505221071863538,1495,117.44603963312842,7,0,19.600000000000001,1.6492707867021652,0,4.6179582027660633,0.4726027397260274,0.70319634703196343,0.4178082191780822,0.32077625570776258,0.89269406392694062,0.58789954337899542,0.54375951293759517,0.044140030441400246,2022,2020,2022,2022-12,MDB_TEMPORAL_2022_2024_1,MDB_ANALYTICAL_2024_2,ZERO_REGISTERED_BEDS
35132,Aquífero Guarani,SP,BR_HEALTH_REGIONS_END2024_V1,937873,2796376,8.3491894531131408,4785,171.11432797306227,8,0,66.800000000000026,0.85299395547158308,0,7.1224995281877215,0.54109589041095896,0.82420091324200917,0.079908675799086754,0.32077625570776258,0.98401826484018262,0.68264840182648401,0.46156773211567731,0.2210806697108067,2022,2020,2022,2022-12,MDB_TEMPORAL_2022_2024_1,MDB_ANALYTICAL_2024_2,ZERO_REGISTERED_BEDS
35133,Vale das Cachoeiras,SP,BR_HEALTH_REGIONS_END2024_V1,138808,415612,7.7318189153409209,1218,293.0617980231562,1,0,5.3249999999999993,0.72041957235894183,0,3.8362342228113651,0.46118721461187212,0.94977168949771684,0.038812785388127852,0.32077625570776258,0.78767123287671237,0.70547945205479445,0.38242009132420091,0.32305936073059355,2022,2020,2022,2022-12,MDB_TEMPORAL_2022_2024_1,MDB_ANALYTICAL_2024_2,ZERO_REGISTERED_BEDS
35141,Baixa Mogiana,SP,BR_HEALTH_REGIONS_END2024_V1,337987,1010146,7.4048175101349925,3770,373.213377076185,8,0,15.049999999999999,2.3669549420539844,0,4.4528339847390574,0.4178082191780822,0.9817351598173516,0.68949771689497719,0.32077625570776258,0.86529680365296802,0.69977168949771684,0.62519025875190259,0.074581430745814248,2022,2020,2022,2022-12,MDB_TEMPORAL_2022_2024_1,MDB_ANALYTICAL_2024_2,ZERO_REGISTERED_BEDS
35142,Mantiqueira,SP,BR_HEALTH_REGIONS_END2024_V1,275966,829275,8.9445767750830036,4464,538.30152844351994,8,0,10.349999999999998,2.8989078364726089,0,3.750462013436437,0.62100456621004563,0.99315068493150682,0.80136986301369861,0.32077625570776258,0.77168949771689499,0.80707762557077622,0.63127853881278539,0.17579908675799083,2022,2020,2022,2022-12,MDB_TEMPORAL_2022_2024_1,MDB_ANALYTICAL_2024_2,ZERO_REGISTERED_BEDS
35143,Rio Pardo,SP,BR_HEALTH_REGIONS_END2024_V1,212100,638903,9.0376567925344453,4968,777.58282556193979,8,0,8.4499999999999993,3.7718057520037718,0,3.9839698255539835,0.62557077625570778,1,0.91552511415525117,0.32077625570776258,0.80136986301369861,0.81278538812785395,0.67922374429223742,0.13356164383561653,2022,2020,2022,2022-12,MDB_TEMPORAL_2022_2024_1,MDB_ANALYTICAL_2024_2,ZERO_REGISTERED_BEDS
35151,Catanduva,SP,BR_HEALTH_REGIONS_END2024_V1,305699,918746,7.734700941576766,1564,170.23203366327581,4,0,12.925000000000001,1.3084766387852103,0,4.2280151390747109,0.4634703196347032,0.82191780821917804,0.23515981735159816,0.32077625570776258,0.84703196347031962,0.64269406392694062,0.46765601217656011,0.17503805175038051,2022,2020,2022,2022-12,MDB_TEMPORAL_2022_2024_1,MDB_ANALYTICAL_2024_2,ZERO_REGISTERED_BEDS
35152,Santa Fé do Sul,SP,BR_HEALTH_REGIONS_END2024_V1,53404,158282,13.272089097997423,284,179.42659304279704,1,0,2.875,1.8725189124410158,0,5.3834918732679204,0.93835616438356162,0.84931506849315064,0.4954337899543379,0.32077625570776258,0.94292237442922378,0.89383561643835607,0.58637747336377466,0.30745814307458141,2022,2020,2022,2022-12,MDB_TEMPORAL_2022_2024_1,MDB_ANALYTICAL_2024_2,ZERO_REGISTERED_BEDS
35153,Jales,SP,BR_HEALTH_REGIONS_END2024_V1,104688,314575,11.27805841491182,468,148.7721529047127,1,0,1.5750000000000002,0.95521931835549434,0,1.5044704264099038,0.84246575342465757,0.76484018264840181,0.11187214611872145,0.32077625570776258,0.20091324200913241,0.80365296803652964,0.21118721461187215,0.59246575342465746,2022,2020,2022,2022-12,MDB_TEMPORAL_2022_2024_1,MDB_ANALYTICAL_2024_2,ZERO_REGISTERED_BEDS
35154,Fernandópolis,SP,BR_HEALTH_REGIONS_END2024_V1,123578,369079,10.207720878981378,317,85.889470817900772,2,0,2.9750000000000001,1.6184110440369646,0,2.4073864280049846,0.77168949771689499,0.57077625570776258,0.38356164383561642,0.32077625570776258,0.4452054794520548,0.67123287671232879,0.38318112633181123,0.28805175038051756,2022,2020,2022,2022-12,MDB_TEMPORAL_2022_2024_1,MDB_ANALYTICAL_2024_2,ZERO_REGISTERED_BEDS
35155,São José do Rio Preto,SP,BR_HEALTH_REGIONS_END2024_V1,778360,2310720,7.2594330168611663,5472,236.80930619027836,13,0,38.325000000000003,1.6701783236548642,0,4.9238141733902054,0.3995433789954338,0.9269406392694064,0.4223744292237443,0.32077625570776258,0.91552511415525117,0.66324200913242004,0.55289193302891937,0.11035007610350067,2022,2020,2022,2022-12,MDB_TEMPORAL_2022_2024_1,MDB_ANALYTICAL_2024_2,ZERO_REGISTERED_BEDS
35156,José Bonifácio,SP,BR_HEALTH_REGIONS_END2024_V1,102933,307293,9.3514185162275236,454,147.74173183248561,0,0,4.2250000000000005,0,0,4.1046117377323119,0.66438356164383561,0.76255707762557079,0.0022831050228310501,0.32077625570776258,0.82420091324200917,0.7134703196347032,0.38242009132420091,0.33105022831050229,2022,2020,2022,2022-12,MDB_TEMPORAL_2022_2024_1,MDB_ANALYTICAL_2024_2,ZERO_REGISTERED_BEDS
35157,Votuporanga,SP,BR_HEALTH_REGIONS_END2024_V1,201736,603342,8.6913275583392053,981,162.59434947343297,2,0,4.6500000000000004,0.99139469405559733,0,2.3049926636792644,0.591324200913242,0.79680365296803657,0.12785388127853881,0.32077625570776258,0.4178082191780822,0.69406392694063923,0.28881278538812788,0.40525114155251135,2022,2020,2022,2022-12,MDB_TEMPORAL_2022_2024_1,MDB_ANALYTICAL_2024_2,ZERO_REGISTERED_BEDS
35161,Itapetininga,SP,BR_HEALTH_REGIONS_END2024_V1,508038,1518193,8.5085433752257753,699,46.041577059043213,11,4,14.4,2.1651923675000688,0.78734267909093414,2.8344336447273633,0.56621004566210043,0.31506849315068491,0.62100456621004563,0.69863013698630139,0.57762557077625576,0.44063926940639264,0.63242009132420096,-0.19178082191780832,2022,2020,2022,2022-12,MDB_TEMPORAL_2022_2024_1,MDB_ANALYTICAL_2024_2,
35162,Itapeva,SP,BR_HEALTH_REGIONS_END2024_V1,280506,844271,9.9555067587691468,264,31.269580501995211,7,0,5.1999999999999993,2.4954902925427622,0,1.8537927887460517,0.74885844748858443,0.20319634703196346,0.72602739726027399,0.32077625570776258,0.30136986301369861,0.47602739726027393,0.44939117199391171,0.026636225266362223,2022,2020,2022,2022-12,MDB_TEMPORAL_2022_2024_1,MDB_ANALYTICAL_2024_2,ZERO_REGISTERED_BEDS
35163,Sorocaba,SP,BR_HEALTH_REGIONS_END2024_V1,1815269,5395535,6.83993774107112,5187,96.135044995537967,31,28,61.32499999999996,1.7077358782637724,1.5424711158511495,3.3782871849847025,0.34018264840182649,0.61643835616438358,0.4452054794520548,0.73059360730593603,0.69863013698630139,0.47831050228310501,0.62480974124809741,-0.1464992389649924,2022,2020,2022,2022-12,MDB_TEMPORAL_2022_2024_1,MDB_ANALYTICAL_2024_2,
35171,Alto Vale do Paraíba,SP,BR_HEALTH_REGIONS_END2024_V1,1117185,3335569,5.0387004460404397,5530,165.78880544818591,11,0,30.800000000000018,0.98461758795544152,0,2.7569292462752379,0.14611872146118721,0.81050228310502281,0.12328767123287671,0.32077625570776258,0.55707762557077622,0.47831050228310501,0.3337138508371385,0.14459665144596651,2022,2020,2022,2022-12,MDB_TEMPORAL_2022_2024_1,MDB_ANALYTICAL_2024_2,ZERO_REGISTERED_BEDS
35172,Circuito da Fé e Vale Histórico,SP,BR_HEALTH_REGIONS_END2024_V1,467826,1406841,5.8281665247648231,1368,97.239133633438314,9,0,13.949999999999996,1.9237921791435277,0,2.981877877672467,0.23059360730593606,0.63013698630136983,0.51598173515981738,0.32077625570776258,0.62100456621004563,0.43036529680365293,0.48592085235920851,-0.05555555555555558,2022,2020,2022,2022-12,MDB_TEMPORAL_2022_2024_1,MDB_ANALYTICAL_2024_2,ZERO_REGISTERED_BEDS
35173,Litoral Norte,SP,BR_HEALTH_REGIONS_END2024_V1,349708,1036299,7.2055493753520352,1202,115.98969023418917,6,0,18.949999999999999,1.7157171125624808,0,5.4188065471765015,0.38812785388127852,0.69863013698630139,0.4497716894977169,0.32077625570776258,0.94748858447488582,0.54337899543378998,0.57267884322678853,-0.029299847792998546,2022,2020,2022,2022-12,MDB_TEMPORAL_2022_2024_1,MDB_ANALYTICAL_2024_2,ZERO_REGISTERED_BEDS
35174,Vale do Paraíba/Região Serrana,SP,BR_HEALTH_REGIONS_END2024_V1,634524,1893952,3.5097608029017833,1281,67.636349812455649,7,16,16.074999999999999,1.1031891622696699,2.5215752280449597,2.5333951119264202,0.025114155251141551,0.46575342465753422,0.16666666666666666,0.79680365296803657,0.49315068493150682,0.2454337899543379,0.48554033485540332,-0.24010654490106542,2022,2020,2022,2022-12,MDB_TEMPORAL_2022_2024_1,MDB_ANALYTICAL_2024_2,
41001,1ª RS Paranaguá,PR,BR_HEALTH_REGIONS_END2024_V1,307350,914673,9.3691257061880204,897,98.067834078408353,5,0,6.3499999999999988,1.6268098259313488,0,2.0660484789328124,0.66666666666666663,0.63242009132420096,0.3949771689497717,0.32077625570776258,0.36301369863013699,0.6495433789954338,0.3595890410958904,0.28995433789954339,2022,2020,2022,2022-12,MDB_TEMPORAL_2022_2024_1,MDB_ANALYTICAL_2024_2,ZERO_REGISTERED_BEDS
41002,2ª RS Metropolitana,PR,BR_HEALTH_REGIONS_END2024_V1,3656522,10913517,6.7661821795898565,12378,113.41898308308862,38,6,86.675000000000011,1.0392389270459743,0.16409035690199594,2.3704219474134169,0.33333333333333331,0.68949771689497719,0.14383561643835616,0.64611872146118721,0.43835616438356162,0.51141552511415522,0.40943683409436832,0.1019786910197869,2022,2020,2022,2022-12,MDB_TEMPORAL_2022_2024_1,MDB_ANALYTICAL_2024_2,
41003,3ª RS Ponta Grossa,PR,BR_HEALTH_REGIONS_END2024_V1,648323,1934634,7.6877358393801369,1481,76.551947293389858,9,0,7.2000000000000002,1.3881969327017551,0,1.1105575461614041,0.45205479452054792,0.52511415525114158,0.27853881278538811,0.32077625570776258,0.11872146118721461,0.48858447488584478,0.23934550989345513,0.24923896499238965,2022,2020,2022,2022-12,MDB_TEMPORAL_2022_2024_1,MDB_ANALYTICAL_2024_2,ZERO_REGISTERED_BEDS
41004,4ª RS Irati,PR,BR_HEALTH_REGIONS_END2024_V1,167563,502890,8.3524306297050135,363,72.182783511304663,2,10,0.94999999999999996,1.1935809218025459,5.9679046090127299,0.56695093785620931,0.54337899543378998,0.4863013698630137,0.18721461187214611,0.9452054794520548,0.036529680365296802,0.51484018264840181,0.38964992389649922,0.12519025875190259,2022,2020,2022,2022-12,MDB_TEMPORAL_2022_2024_1,MDB_ANALYTICAL_2024_2,
41005,5ª RS Guarapuava,PR,BR_HEALTH_REGIONS_END2024_V1,461502,1384169,14.684884795612389,1558,112.55850983514296,9,4,5.2749999999999986,1.9501540621709115,0.86673513874262742,1.1430069642168394,0.97031963470319638,0.68493150684931503,0.53196347031963476,0.70319634703196343,0.12557077625570776,0.82762557077625565,0.45357686453576868,0.37404870624048697,2022,2020,2022,2022-12,MDB_TEMPORAL_2022_2024_1,MDB_ANALYTICAL_2024_2,
41006,6ª RS União da Vitória,PR,BR_HEALTH_REGIONS_END2024_V1,165877,499450,10.889090441445578,685,137.1508659525478,2,0,3.0750000000000002,1.2057126666144191,0,1.8537832249196695,0.81735159817351599,0.74429223744292239,0.19178082191780821,0.32077625570776258,0.29908675799086759,0.78082191780821919,0.27054794520547948,0.51027397260273966,2022,2020,2022,2022-12,MDB_TEMPORAL_2022_2024_1,MDB_ANALYTICAL_2024_2,ZERO_REGISTERED_BEDS
41007,7ª RS Pato Branco,PR,BR_HEALTH_REGIONS_END2024_V1,283767,844647,12.60155144033145,551,65.234352338906078,6,7,6.2999999999999998,2.1144107665796232,2.4668125610095606,2.2201313049086044,0.908675799086758,0.45205479452054792,0.6095890410958904,0.79223744292237441,0.3949771689497717,0.68036529680365299,0.59893455098934545,0.081430745814307537,2022,2020,2022,2022-12,MDB_TEMPORAL_2022_2024_1,MDB_ANALYTICAL_2024_2,
41008,8ª RS Francisco Beltrão,PR,BR_HEALTH_REGIONS_END2024_V1,388073,1154054,13.82549606751528,613,53.117098506655672,8,0,7.5249999999999986,2.0614678166221303,0,1.9390681650101909,0.954337899543379,0.37671232876712329,0.57534246575342463,0.32077625570776258,0.31735159817351599,0.66552511415525117,0.40449010654490108,0.26103500761035009,2022,2020,2022,2022-12,MDB_TEMPORAL_2022_2024_1,MDB_ANALYTICAL_2024_2,ZERO_REGISTERED_BEDS
41009,9ª RS Foz do Iguaçu,PR,BR_HEALTH_REGIONS_END2024_V1,452045,1345476,9.0382524096353229,1376,102.26863950007284,7,0,10.324999999999999,1.5485183997168426,0,2.2840646395823425,0.62785388127853881,0.64611872146118721,0.35844748858447489,0.32077625570776258,0.4132420091324201,0.63698630136986301,0.36415525114155251,0.2728310502283105,2022,2020,2022,2022-12,MDB_TEMPORAL_2022_2024_1,MDB_ANALYTICAL_2024_2,ZERO_REGISTERED_BEDS
41010,10ª RS Cascavel,PR,BR_HEALTH_REGIONS_END2024_V1,585882,1742257,12.726082902677801,1612,92.523663271262507,6,0,12.250000000000004,1.0240970024680738,0,2.0908647133723179,0.9178082191780822,0.60273972602739723,0.13698630136986301,0.32077625570776258,0.36986301369863012,0.76027397260273966,0.2758751902587519,0.48439878234398775,2022,2020,2022,2022-12,MDB_TEMPORAL_2022_2024_1,MDB_ANALYTICAL_2024_2,ZERO_REGISTERED_BEDS
41011,11ª RS Campo Mourão,PR,BR_HEALTH_REGIONS_END2024_V1,347838,1043090,7.1745764394922373,1802,172.75594627500982,6,0,6.7000000000000002,1.7249409207734636,0,1.9261840281970344,0.37899543378995432,0.82648401826484019,0.4589041095890411,0.32077625570776258,0.31278538812785389,0.60273972602739723,0.36415525114155251,0.23858447488584472,2022,2020,2022,2022-12,MDB_TEMPORAL_2022_2024_1,MDB_ANALYTICAL_2024_2,ZERO_REGISTERED_BEDS
41012,12ª RS Umuarama,PR,BR_HEALTH_REGIONS_END2024_V1,294613,878632,7.5260926563470614,3770,429.07610922433969,2,0,11.900000000000002,0.67885666959706459,0,4.0391971841025356,0.4360730593607306,0.98858447488584478,0.029680365296803651,0.32077625570776258,0.80821917808219179,0.71232876712328763,0.38622526636225268,0.32610350076103495,2022,2020,2022,2022-12,MDB_TEMPORAL_2022_2024_1,MDB_ANALYTICAL_2024_2,ZERO_REGISTERED_BEDS
41013,13ª RS Cianorte,PR,BR_HEALTH_REGIONS_END2024_V1,156471,467445,3.9166419941605373,600,128.35734685364054,2,0,3.8499999999999992,1.2781921250583175,0,2.4605198407372604,0.054794520547945202,0.72602739726027399,0.21917808219178081,0.32077625570776258,0.4589041095890411,0.3904109589041096,0.33295281582952813,0.057458143074581469,2022,2020,2022,2022-12,MDB_TEMPORAL_2022_2024_1,MDB_ANALYTICAL_2024_2,ZERO_REGISTERED_BEDS
41014,14ª RS Paranavaí,PR,BR_HEALTH_REGIONS_END2024_V1,277427,830454,9.9158174677099549,1469,176.89119445508118,4,0,4.8000000000000007,1.4418207312193838,0,1.7301848774632609,0.74200913242009137,0.84246575342465757,0.30136986301369861,0.32077625570776258,0.24657534246575341,0.79223744292237441,0.2895738203957382,0.50266362252663621,2022,2020,2022,2022-12,MDB_TEMPORAL_2022_2024_1,MDB_ANALYTICAL_2024_2,ZERO_REGISTERED_BEDS
41015,15ª RS Maringá,PR,BR_HEALTH_REGIONS_END2024_V1,879646,2608784,6.6950797180072419,4706,180.39055743978804,12,100,34.625000000000014,1.3641851381123771,11.368209484269808,3.9362425339284228,0.31735159817351599,0.85844748858447484,0.25799086757990869,0.99315068493150682,0.79908675799086759,0.58789954337899542,0.68340943683409439,-0.095509893455098971,2022,2020,2022,2022-12,MDB_TEMPORAL_2022_2024_1,MDB_ANALYTICAL_2024_2,
41016,16ª RS Apucarana,PR,BR_HEALTH_REGIONS_END2024_V1,383914,1146624,7.776003891454029,4185,364.98451105157403,9,0,23.300000000000001,2.3442750199263376,0,6.0690675515870742,0.4680365296803653,0.97945205479452058,0.67351598173515981,0.32077625570776258,0.96575342465753422,0.72374429223744297,0.65334855403348557,0.070395738203957392,2022,2020,2022,2022-12,MDB_TEMPORAL_2022_2024_1,MDB_ANALYTICAL_2024_2,ZERO_REGISTERED_BEDS
41017,17ª RS Londrina,PR,BR_HEALTH_REGIONS_END2024_V1,965838,2886029,6.7034327441953065,6673,231.21735782973769,12,0,22.475000000000005,1.2424443850832128,0,2.3269947962287678,0.32191780821917809,0.92465753424657537,0.20091324200913241,0.32077625570776258,0.42922374429223742,0.62328767123287676,0.3169710806697108,0.30631659056316596,2022,2020,2022,2022-12,MDB_TEMPORAL_2022_2024_1,MDB_ANALYTICAL_2024_2,ZERO_REGISTERED_BEDS
41018,18ª RS Cornélio Procópio,PR,BR_HEALTH_REGIONS_END2024_V1,218614,660137,9.2707109770888803,1081,163.75388745063526,5,10,4.7250000000000005,2.2871362309824623,4.5742724619649247,2.1613437382784273,0.65525114155251141,0.80365296803652964,0.66210045662100458,0.91552511415525117,0.38584474885844749,0.72945205479452047,0.65449010654490114,0.074961948249619326,2022,2020,2022,2022-12,MDB_TEMPORAL_2022_2024_1,MDB_ANALYTICAL_2024_2,
41019,19ª RS Jacarezinho,PR,BR_HEALTH_REGIONS_END2024_V1,297810,891275,9.7167495416712502,1298,145.63406356062944,3,0,1.875,1.0073536818777074,0,0.62959605117356698,0.72602739726027399,0.75342465753424659,0.13470319634703196,0.32077625570776258,0.050228310502283102,0.73972602739726034,0.16856925418569255,0.57115677321156777,2022,2020,2022,2022-12,MDB_TEMPORAL_2022_2024_1,MDB_ANALYTICAL_2024_2,ZERO_REGISTERED_BEDS
41020,20ª RS Toledo,PR,BR_HEALTH_REGIONS_END2024_V1,425640,1262544,13.228281975260208,1197,94.808576968406641,8,0,6.8000000000000007,1.8795226012592803,0,1.5975942110703882,0.93378995433789957,0.60502283105022836,0.50228310502283102,0.32077625570776258,0.21461187214611871,0.76940639269406397,0.3458904109589041,0.42351598173515986,2022,2020,2022,2022-12,MDB_TEMPORAL_2022_2024_1,MDB_ANALYTICAL_2024_2,ZERO_REGISTERED_BEDS
41021,21ª RS Telêmaco Borba,PR,BR_HEALTH_REGIONS_END2024_V1,184596,553065,7.9901564503824991,1198,216.61106741522244,3,0,3,1.6251706429175061,0,1.6251706429175061,0.47945205479452052,0.91324200913242004,0.3904109589041096,0.32077625570776258,0.22374429223744291,0.69634703196347025,0.31164383561643838,0.38470319634703187,2022,2020,2022,2022-12,MDB_TEMPORAL_2022_2024_1,MDB_ANALYTICAL_2024_2,ZERO_REGISTERED_BEDS
41022,22ª RS Ivaiporã,PR,BR_HEALTH_REGIONS_END2024_V1,137381,414131,14.536959000491748,1300,313.91033272080574,3,0,2.7000000000000006,2.1837080819036112,0,1.9653372737132504,0.9634703196347032,0.96575342465753422,0.62785388127853881,0.32077625570776258,0.32648401826484019,0.96461187214611877,0.42503805175038051,0.53957382039573831,2022,2020,2022,2022-12,MDB_TEMPORAL_2022_2024_1,MDB_ANALYTICAL_2024_2,ZERO_REGISTERED_BEDS
42001,Extremo Oeste,SC,BR_HEALTH_REGIONS_END2024_V1,245820,732309,18.103721900487638,868,118.52920010541997,4,0,6.0749999999999984,1.6272068993572533,0,2.4713204783988276,0.99315068493150682,0.70776255707762559,0.39726027397260272,0.32077625570776258,0.4634703196347032,0.8504566210045662,0.39383561643835613,0.45662100456621008,2022,2020,2022,2022-12,MDB_TEMPORAL_2022_2024_1,MDB_ANALYTICAL_2024_2,ZERO_REGISTERED_BEDS
42002,Oeste,SC,BR_HEALTH_REGIONS_END2024_V1,418928,1232094,13.302083808888966,842,68.338941671658162,7,0,7.7499999999999991,1.6709315204522017,0,1.8499598976435088,0.94063926940639264,0.47031963470319632,0.42465753424657532,0.32077625570776258,0.29680365296803651,0.70547945205479445,0.3474124809741248,0.35806697108066965,2022,2020,2022,2022-12,MDB_TEMPORAL_2022_2024_1,MDB_ANALYTICAL_2024_2,ZERO_REGISTERED_BEDS
42003,Xanxerê,SC,BR_HEALTH_REGIONS_END2024_V1,211140,628172,10.383362271911146,786,125.12496577370528,5,0,4.25,2.3680969972530073,0,2.0128824476650564,0.78538812785388123,0.72146118721461183,0.69178082191780821,0.32077625570776258,0.34474885844748859,0.75342465753424648,0.45243531202435311,0.30098934550989337,2022,2020,2022,2022-12,MDB_TEMPORAL_2022_2024_1,MDB_ANALYTICAL_2024_2,ZERO_REGISTERED_BEDS
42004,Alto Vale do Itajaí,SC,BR_HEALTH_REGIONS_END2024_V1,315679,936253,11.600150054108619,2518,268.94439857602589,3,22,6.1749999999999998,0.95033245797154697,6.9691046917913448,1.9561009759914345,0.86301369863013699,0.9360730593607306,0.1095890410958904,0.96803652968036524,0.32191780821917809,0.8995433789954338,0.46651445966514454,0.43302891933028925,2022,2020,2022,2022-12,MDB_TEMPORAL_2022_2024_1,MDB_ANALYTICAL_2024_2,
42005,Foz do Rio Itajaí,SC,BR_HEALTH_REGIONS_END2024_V1,828110,2411168,7.5979091994193837,1339,55.533251934332242,11,0,19.574999999999996,1.3283259470360218,0,2.3638164012027381,0.4406392694063927,0.39269406392694062,0.24429223744292236,0.32077625570776258,0.4360730593607306,0.41666666666666663,0.3337138508371385,0.082952815829528126,2022,2020,2022,2022-12,MDB_TEMPORAL_2022_2024_1,MDB_ANALYTICAL_2024_2,ZERO_REGISTERED_BEDS
42006,Médio Vale do Itajaí,SC,BR_HEALTH_REGIONS_END2024_V1,833758,2462511,9.1896660174367106,4468,181.44081386844567,12,18,17.675000000000004,1.4392665497662391,2.1588998246493589,2.1199196889265237,0.64155251141552516,0.86301369863013699,0.29908675799086759,0.78082191780821919,0.37899543378995432,0.75228310502283113,0.4863013698630137,0.26598173515981743,2022,2020,2022,2022-12,MDB_TEMPORAL_2022_2024_1,MDB_ANALYTICAL_2024_2,
42007,Grande Florianópolis,SC,BR_HEALTH_REGIONS_END2024_V1,1393100,4081984,8.2277260057664421,8260,202.35258148978536,14,0,66.050000000000026,1.0049529825568875,0,4.7412246069916026,0.52968036529680362,0.89497716894977164,0.13013698630136986,0.32077625570776258,0.90410958904109584,0.71232876712328763,0.45167427701674273,0.2606544901065449,2022,2020,2022,2022-12,MDB_TEMPORAL_2022_2024_1,MDB_ANALYTICAL_2024_2,ZERO_REGISTERED_BEDS
42008,Meio Oeste,SC,BR_HEALTH_REGIONS_END2024_V1,197459,588651,11.269502791768591,964,163.76426779195143,6,0,5.0500000000000007,3.0386054826571596,0,2.5574929479031097,0.84018264840182644,0.80593607305936077,0.83789954337899542,0.32077625570776258,0.5,0.8230593607305936,0.55289193302891937,0.27016742770167423,2022,2020,2022,2022-12,MDB_TEMPORAL_2022_2024_1,MDB_ANALYTICAL_2024_2,ZERO_REGISTERED_BEDS
42009,Alto Vale do Rio do Peixe,SC,BR_HEALTH_REGIONS_END2024_V1,294001,878257,12.304617022344953,1291,146.99569715925975,6,0,5.125,2.0408093850020919,0,1.7431913496892868,0.89269406392694062,0.76027397260273977,0.56164383561643838,0.32077625570776258,0.25114155251141551,0.82648401826484019,0.37785388127853881,0.44863013698630139,2022,2020,2022,2022-12,MDB_TEMPORAL_2022_2024_1,MDB_ANALYTICAL_2024_2,ZERO_REGISTERED_BEDS
42010,Alto Uruguai Catarinense,SC,BR_HEALTH_REGIONS_END2024_V1,157978,469255,14.628728949737182,818,174.31886714046732,3,8,4.125,1.8989985947410399,5.0639962526427729,2.6111230677689301,0.96803652968036524,0.83333333333333337,0.5091324200913242,0.92922374429223742,0.51598173515981738,0.90068493150684925,0.65144596651445974,0.24923896499238951,2022,2020,2022,2022-12,MDB_TEMPORAL_2022_2024_1,MDB_ANALYTICAL_2024_2,
42011,Nordeste,SC,BR_HEALTH_REGIONS_END2024_V1,801985,2362438,7.6946794362654982,2714,114.8813217532058,6,0,18.525000000000002,0.7481436685224786,0,2.309893576563153,0.454337899543379,0.69406392694063923,0.043378995433789952,0.32077625570776258,0.4223744292237443,0.57420091324200917,0.2621765601217656,0.31202435312024357,2022,2020,2022,2022-12,MDB_TEMPORAL_2022_2024_1,MDB_ANALYTICAL_2024_2,ZERO_REGISTERED_BEDS
42012,Planalto Norte,SC,BR_HEALTH_REGIONS_END2024_V1,379809,1135641,11.155520967543946,808,71.149245228025407,9,8,6.125,2.3696120945001304,2.1063218617778938,1.6126526754236998,0.82876712328767121,0.4817351598173516,0.69406392694063923,0.77625570776255703,0.21917808219178081,0.65525114155251141,0.56316590563165903,0.092085235920852382,2022,2020,2022,2022-12,MDB_TEMPORAL_2022_2024_1,MDB_ANALYTICAL_2024_2,
42013,Serra Catarinense,SC,BR_HEALTH_REGIONS_END2024_V1,303026,906665,10.250357608058135,881,97.169296267088725,4,0,10.15,1.3200187442661686,0,3.3495475635754026,0.78082191780821919,0.62785388127853881,0.23972602739726026,0.32077625570776258,0.69634703196347036,0.704337899543379,0.41894977168949771,0.28538812785388129,2022,2020,2022,2022-12,MDB_TEMPORAL_2022_2024_1,MDB_ANALYTICAL_2024_2,ZERO_REGISTERED_BEDS
42014,Extremo Sul Catarinense,SC,BR_HEALTH_REGIONS_END2024_V1,226587,667940,11.542355539090115,1218,182.35170823726682,2,8,3.875,0.8826631713205082,3.5306526852820328,1.7101598944334848,0.85844748858447484,0.86757990867579904,0.086757990867579904,0.85844748858447484,0.24200913242009131,0.86301369863013688,0.39573820395738202,0.46727549467275487,2022,2020,2022,2022-12,MDB_TEMPORAL_2022_2024_1,MDB_ANALYTICAL_2024_2,
42015,Carbonífera,SC,BR_HEALTH_REGIONS_END2024_V1,458632,1360750,10.239270366719001,1172,86.128972992834832,12,0,20.425000000000004,2.6164768267369047,0,4.4534615988417743,0.77853881278538817,0.57534246575342463,0.76027397260273977,0.32077625570776258,0.86757990867579904,0.6769406392694064,0.6495433789954338,0.027397260273972601,2022,2020,2022,2022-12,MDB_TEMPORAL_2022_2024_1,MDB_ANALYTICAL_2024_2,ZERO_REGISTERED_BEDS
42016,Laguna,SC,BR_HEALTH_REGIONS_END2024_V1,390653,1159721,10.585603232721789,2463,212.37866693799629,6,15,14.799999999999997,1.5358899074114367,3.8397247685285922,3.7885284382815434,0.79908675799086759,0.90639269406392697,0.34931506849315069,0.87671232876712324,0.78310502283105021,0.85273972602739723,0.66971080669710803,0.1830289193302892,2022,2020,2022,2022-12,MDB_TEMPORAL_2022_2024_1,MDB_ANALYTICAL_2024_2,
42017,Vale do Itapocú,SC,BR_HEALTH_REGIONS_END2024_V1,340152,996631,9.2393259623198123,599,60.102485272884351,6,0,7.6749999999999998,1.7639173075566217,0,2.2563442225828454,0.65296803652968038,0.42465753424657532,0.47031963470319632,0.32077625570776258,0.40639269406392692,0.53881278538812782,0.39916286149162855,0.13964992389649927,2022,2020,2022,2022-12,MDB_TEMPORAL_2022_2024_1,MDB_ANALYTICAL_2024_2,ZERO_REGISTERED_BEDS
43001,Região 01 - Verdes Campos,RS,BR_HEALTH_REGIONS_END2024_V1,451823,1358669,14.21344653503996,2181,160.52474885347351,9,9,28.849999999999991,1.9919304683471182,1.9919304683471182,6.3852437790904828,0.96118721461187218,0.78995433789954339,0.54109589041095896,0.76255707762557079,0.97031963470319638,0.87557077625570778,0.75799086757990874,0.11757990867579904,2022,2020,2022,2022-12,MDB_TEMPORAL_2022_2024_1,MDB_ANALYTICAL_2024_2,
43002,Região 02 - Entre Rios,RS,BR_HEALTH_REGIONS_END2024_V1,121314,366319,9.6327715305983563,647,176.62201523808483,4,27,3.3249999999999997,3.2972286792950527,22.256293585241608,2.7408213396640124,0.70776255707762559,0.84018264840182644,0.87442922374429222,1,0.54794520547945202,0.77397260273972601,0.80745814307458141,-0.033485540334855401,2022,2020,2022,2022-12,MDB_TEMPORAL_2022_2024_1,MDB_ANALYTICAL_2024_2,
43003,Região 03 - Fronteira Oeste,RS,BR_HEALTH_REGIONS_END2024_V1,463267,1396623,9.2026048706888854,2424,173.56151230503866,12,20,7.1250000000000009,2.5902988989071098,4.3171648315118496,1.5379899712260965,0.64611872146118721,0.82876712328767121,0.74885844748858443,0.90182648401826482,0.20776255707762556,0.73744292237442921,0.61948249619482498,0.11796042617960423,2022,2020,2022,2022-12,MDB_TEMPORAL_2022_2024_1,MDB_ANALYTICAL_2024_2,
43004,Região 04 - Belas Praias,RS,BR_HEALTH_REGIONS_END2024_V1,174962,515307,14.692936158780935,833,161.65120986130597,3,6,7.4000000000000004,1.7146580400315496,3.4293160800630993,4.2294898320778227,0.9726027397260274,0.79223744292237441,0.44748858447488582,0.84703196347031962,0.84931506849315064,0.88242009132420085,0.71461187214611865,0.1678082191780822,2022,2020,2022,2022-12,MDB_TEMPORAL_2022_2024_1,MDB_ANALYTICAL_2024_2,
43005,Região 05 - Bons Ventos,RS,BR_HEALTH_REGIONS_END2024_V1,246318,729065,9.744657564468671,1214,166.51464547056847,4,9,17.550000000000001,1.6239170503170699,3.6538133632134073,7.1249360582661438,0.72831050228310501,0.81278538812785384,0.38812785388127852,0.86986301369863017,0.98630136986301364,0.77054794520547942,0.74809741248097417,0.022450532724505257,2022,2020,2022,2022-12,MDB_TEMPORAL_2022_2024_1,MDB_ANALYTICAL_2024_2,
43006,Região 06 - Vale do Paranhana e Costa Serra,RS,BR_HEALTH_REGIONS_END2024_V1,222244,666836,12.196671190645652,2127,318.96898187860285,7,30,8.5749999999999975,3.149691330249635,13.498677129641294,3.8583718795558029,0.88812785388127857,0.97488584474885842,0.85844748858447484,0.99543378995433784,0.78995433789954339,0.93150684931506844,0.88127853881278539,0.050228310502283047,2022,2020,2022,2022-12,MDB_TEMPORAL_2022_2024_1,MDB_ANALYTICAL_2024_2,
43007,Região 07 - Vale dos Sinos,RS,BR_HEALTH_REGIONS_END2024_V1,799599,2398171,9.571022183597174,4274,178.21915117812699,15,29,36.100000000000009,1.8759403150829355,3.6268179424936746,4.5147630249662649,0.69863013698630139,0.84703196347031962,0.49771689497716892,0.86529680365296802,0.88127853881278539,0.77283105022831045,0.74809741248097417,0.024733637747336279,2022,2020,2022,2022-12,MDB_TEMPORAL_2022_2024_1,MDB_ANALYTICAL_2024_2,
43008,Região 08 - Vale do Caí e Metropolitana,RS,BR_HEALTH_REGIONS_END2024_V1,777967,2329305,9.450212197451366,4197,180.18250078886192,15,32,35.125000000000007,1.9281023488142814,4.1132850108037999,4.5149730001401096,0.68493150684931503,0.85388127853881279,0.5182648401826484,0.8904109589041096,0.88356164383561642,0.76940639269406397,0.76407914764079143,0.0053272450532725335,2022,2020,2022,2022-12,MDB_TEMPORAL_2022_2024_1,MDB_ANALYTICAL_2024_2,
43009,Região 09 - Carbonífera/Costa Doce,RS,BR_HEALTH_REGIONS_END2024_V1,398088,1198380,10.729041392155914,2109,175.98758323737044,11,5,23.174999999999997,2.7632081348847493,1.2560036976748858,5.8215771387230957,0.80821917808219179,0.83561643835616439,0.78538812785388123,0.72146118721461183,0.95662100456621002,0.82191780821917804,0.82115677321156755,0.00076103500761048881,2022,2020,2022,2022-12,MDB_TEMPORAL_2022_2024_1,MDB_ANALYTICAL_2024_2,
43010,Região 10 - Capital e Vale do Gravataí,RS,BR_HEALTH_REGIONS_END2024_V1,2260190,6812593,7.4229510944102541,12399,182.0011851581329,33,112,286.32499999999993,1.4600542432273393,4.9553356133776365,12.668182763395995,0.4223744292237443,0.86529680365296802,0.31735159817351599,0.92465753424657537,1,0.64383561643835618,0.74733637747336379,-0.1035007610350076,2022,2020,2022,2022-12,MDB_TEMPORAL_2022_2024_1,MDB_ANALYTICAL_2024_2,
43011,Região 11 - Sete Povos das Missões,RS,BR_HEALTH_REGIONS_END2024_V1,287099,864417,17.606385090590503,1592,184.17037147580393,9,24,8.1750000000000007,3.1348071571130518,8.3594857523014721,2.8474498343776888,0.9908675799086758,0.87214611872146119,0.85616438356164382,0.97488584474885842,0.57990867579908678,0.93150684931506844,0.80365296803652964,0.12785388127853881,2022,2020,2022,2022-12,MDB_TEMPORAL_2022_2024_1,MDB_ANALYTICAL_2024_2,
43012,Região 12 - Portal das Missões,RS,BR_HEALTH_REGIONS_END2024_V1,128365,386914,13.359591005999329,306,79.087342406839767,5,2,4.4500000000000002,3.8951427569820432,1.5580571027928172,3.4666770537140188,0.94292237442922378,0.54337899543378998,0.92465753424657537,0.73287671232876717,0.71461187214611877,0.74315068493150682,0.79071537290715366,-0.047564687975646835,2022,2020,2022,2022-12,MDB_TEMPORAL_2022_2024_1,MDB_ANALYTICAL_2024_2,
43013,Região 13 - Diversidade,RS,BR_HEALTH_REGIONS_END2024_V1,234210,702099,13.541718366696966,2312,329.29828984231568,6,48,9.5499999999999989,2.5618035096708081,20.494428077366464,4.0775372528927027,0.94977168949771684,0.97716894977168944,0.74200913242009137,0.99771689497716898,0.81963470319634701,0.9634703196347032,0.85312024353120242,0.11035007610350078,2022,2020,2022,2022-12,MDB_TEMPORAL_2022_2024_1,MDB_ANALYTICAL_2024_2,
43014,Região 14 - Fronteira Noroeste,RS,BR_HEALTH_REGIONS_END2024_V1,236082,707780,16.672818081820708,1297,183.24903218514226,5,8,3.3000000000000003,2.1179081844443881,3.3886530951110205,1.3978194017332961,0.98630136986301364,0.86986301369863017,0.61415525114155256,0.84474885844748859,0.17123287671232876,0.92808219178082196,0.54337899543378998,0.38470319634703198,2022,2020,2022,2022-12,MDB_TEMPORAL_2022_2024_1,MDB_ANALYTICAL_2024_2,
43015,Região 15 - Caminho das Águas,RS,BR_HEALTH_REGIONS_END2024_V1,194216,582299,18.208141077700429,1603,275.28812517280642,3,19,5.9249999999999998,1.544671911685958,9.782922107344401,3.0507270255797669,0.99543378995433784,0.94292237442922378,0.35616438356164382,0.98858447488584478,0.63470319634703198,0.96917808219178081,0.65981735159817356,0.30936073059360725,2022,2020,2022,2022-12,MDB_TEMPORAL_2022_2024_1,MDB_ANALYTICAL_2024_2,
43016,Região 16 - Alto Uruguai Gaúcho,RS,BR_HEALTH_REGIONS_END2024_V1,239140,717532,11.490216804958582,682,95.048025732650245,2,22,5.0500000000000007,0.83633018315631014,9.1996320147194108,2.1117337124696833,0.85616438356164382,0.6095890410958904,0.073059360730593603,0.9817351598173516,0.37671232876712329,0.73287671232876717,0.4771689497716895,0.25570776255707767,2022,2020,2022,2022-12,MDB_TEMPORAL_2022_2024_1,MDB_ANALYTICAL_2024_2,
43017,Região 17 - Planalto,RS,BR_HEALTH_REGIONS_END2024_V1,426542,1272433,13.19783105421711,2023,158.98676001015377,7,9,20.050000000000001,1.6411045102240809,2.1099915131452471,4.700592204284689,0.93150684931506844,0.78538812785388123,0.41095890410958902,0.77853881278538817,0.89726027397260277,0.85844748858447484,0.69558599695585999,0.16286149162861485,2022,2020,2022,2022-12,MDB_TEMPORAL_2022_2024_1,MDB_ANALYTICAL_2024_2,
43018,Região 18 - Araucárias,RS,BR_HEALTH_REGIONS_END2024_V1,134211,402129,14.593609269732237,635,157.90952654496442,2,3,1.8250000000000002,1.4901908189343644,2.2352862284015464,1.3597991222776078,0.96575342465753422,0.78310502283105021,0.33333333333333331,0.78310502283105021,0.16438356164383561,0.87442922374429222,0.4269406392694064,0.44748858447488582,2022,2020,2022,2022-12,MDB_TEMPORAL_2022_2024_1,MDB_ANALYTICAL_2024_2,
43019,Região 19 - Botucaraí,RS,BR_HEALTH_REGIONS_END2024_V1,114396,344833,21.897719108933735,544,157.75752320688565,1,5,2.3500000000000005,0.87415643903633,4.3707821951816497,2.0542676317353759,1,0.78082191780821919,0.084474885844748854,0.90410958904109584,0.36073059360730592,0.8904109589041096,0.44977168949771684,0.44063926940639275,2022,2020,2022,2022-12,MDB_TEMPORAL_2022_2024_1,MDB_ANALYTICAL_2024_2,
43020,Região 20 - Rota da Produção,RS,BR_HEALTH_REGIONS_END2024_V1,163742,492197,13.418793614045486,938,190.57409939516089,2,10,4.375,1.2214337188992439,6.1071685944962191,2.6718862600920961,0.94748858447488582,0.87899543378995437,0.19406392694063926,0.94977168949771684,0.53424657534246578,0.91324200913242004,0.55936073059360725,0.35388127853881279,2022,2020,2022,2022-12,MDB_TEMPORAL_2022_2024_1,MDB_ANALYTICAL_2024_2,
43021,Região 21 - Sul,RS,BR_HEALTH_REGIONS_END2024_V1,847411,2552125,12.652353520686427,7862,308.05701131410098,22,26,55.374999999999986,2.5961428397790445,3.0681688106479621,6.534609534216572,0.91324200913242004,0.95890410958904104,0.75114155251141557,0.82420091324200917,0.97716894977168944,0.93607305936073049,0.85083713850837139,0.085235920852359093,2022,2020,2022,2022-12,MDB_TEMPORAL_2022_2024_1,MDB_ANALYTICAL_2024_2,
43022,Região 22 - Pampa,RS,BR_HEALTH_REGIONS_END2024_V1,188925,567505,8.4921198054079383,739,130.21911701218491,4,7,4.9249999999999989,2.1172422919147809,3.7051740108508668,2.6068545719200737,0.5639269406392694,0.72831050228310501,0.61187214611872143,0.87442922374429222,0.51369863013698636,0.64611872146118721,0.66666666666666663,-0.020547945205479423,2022,2020,2022,2022-12,MDB_TEMPORAL_2022_2024_1,MDB_ANALYTICAL_2024_2,
43023,Região 23 - Caxias e Hortênsias,RS,BR_HEALTH_REGIONS_END2024_V1,595508,1777176,11.134553222298669,4037,227.15814303141613,8,2,24.850000000000005,1.3433908528516829,0.33584771321292073,4.1729078366705412,0.82648401826484019,0.92237442922374424,0.24885844748858446,0.65525114155251141,0.83105022831050224,0.87442922374429222,0.57838660578386603,0.29604261796042619,2022,2020,2022,2022-12,MDB_TEMPORAL_2022_2024_1,MDB_ANALYTICAL_2024_2,
43024,Região 24 - Campos de Cima da Serra,RS,BR_HEALTH_REGIONS_END2024_V1,100051,299839,14.742842501250186,368,122.73253312611102,2,4,2.2500000000000004,1.9989805199348334,3.9979610398696668,2.2488530849266875,0.97488584474885842,0.71917808219178081,0.545662100456621,0.88356164383561642,0.3995433789954338,0.84703196347031962,0.6095890410958904,0.23744292237442921,2022,2020,2022,2022-12,MDB_TEMPORAL_2022_2024_1,MDB_ANALYTICAL_2024_2,
43025,Região 25 - Vinhedos e Basalto,RS,BR_HEALTH_REGIONS_END2024_V1,319475,949988,11.110237697022864,1903,200.31831981035549,6,8,15.250000000000005,1.8780812270130682,2.5041083026840911,4.7734564519915503,0.82420091324200917,0.89269406392694062,0.5,0.79452054794520544,0.90639269406392697,0.85844748858447484,0.73363774733637754,0.12480974124809729,2022,2020,2022,2022-12,MDB_TEMPORAL_2022_2024_1,MDB_ANALYTICAL_2024_2,
43026,Região 26 - Uva Vale,RS,BR_HEALTH_REGIONS_END2024_V1,187835,560293,12.453496306303181,1187,211.85344096749381,4,19,6.3500000000000005,2.129528575611574,10.115260734154978,3.3806266137833738,0.8995433789954338,0.90410958904109584,0.61643835616438358,0.9908675799086758,0.70319634703196343,0.90182648401826482,0.77016742770167423,0.13165905631659058,2022,2020,2022,2022-12,MDB_TEMPORAL_2022_2024_1,MDB_ANALYTICAL_2024_2,
43027,Região 27 - Jacuí Centro,RS,BR_HEALTH_REGIONS_END2024_V1,195552,590346,12.541100259770008,865,146.52424171587509,5,11,7.3499999999999996,2.5568646702667324,5.6251022745868102,3.7585910652920957,0.90410958904109584,0.75570776255707761,0.73972602739726023,0.94063926940639264,0.77397260273972601,0.82990867579908678,0.81811263318112637,0.011796042617960412,2022,2020,2022,2022-12,MDB_TEMPORAL_2022_2024_1,MDB_ANALYTICAL_2024_2,
43028,Região 28 - Vinte e Oito,RS,BR_HEALTH_REGIONS_END2024_V1,349431,1046570,15.998910634384387,1820,173.90141127683768,12,15,18.800000000000001,3.4341543824102616,4.292692978012826,5.3801751991094102,0.98401826484018262,0.83105022831050224,0.88584474885844744,0.8995433789954338,0.94063926940639264,0.90753424657534243,0.90867579908675788,-0.0011415525114154557,2022,2020,2022,2022-12,MDB_TEMPORAL_2022_2024_1,MDB_ANALYTICAL_2024_2,
43029,Região 29 - Vales e Montanhas,RS,BR_HEALTH_REGIONS_END2024_V1,234311,697625,17.179520104608319,2090,299.58788747536283,4,16,13.5,1.7071328277374942,6.8285313109499768,5.7615732936140427,0.98858447488584478,0.954337899543379,0.44292237442922372,0.96118721461187218,0.954337899543379,0.97146118721461194,0.78614916286149172,0.18531202435312022,2022,2020,2022,2022-12,MDB_TEMPORAL_2022_2024_1,MDB_ANALYTICAL_2024_2,
43030,Região 30 - Vale da Luz,RS,BR_HEALTH_REGIONS_END2024_V1,128232,383213,18.676749946827492,1222,318.88271013770407,2,5,4.6250000000000009,1.5596730925198077,3.8991827312995198,3.6067440264520565,0.99771689497716898,0.9726027397260274,0.36301369863013699,0.87899543378995437,0.73972602739726023,0.98515981735159819,0.66057838660578383,0.32458143074581436,2022,2020,2022,2022-12,MDB_TEMPORAL_2022_2024_1,MDB_ANALYTICAL_2024_2,
50009,Baixo Pantanal,MS,BR_HEALTH_REGIONS_END2024_V1,253405,759421,8.6037458330296932,426,56.095367391736602,4,0,8.125,1.5785008188472998,0,3.2063297882835777,0.5821917808219178,0.39726027397260272,0.36986301369863012,0.32077625570776258,0.67351598173515981,0.48972602739726023,0.45471841704718424,0.035007610350075991,2022,2020,2022,2022-12,MDB_TEMPORAL_2022_2024_1,MDB_ANALYTICAL_2024_2,ZERO_REGISTERED_BEDS
50010,Pantanal,MS,BR_HEALTH_REGIONS_END2024_V1,149224,449694,6.6762137374021107,198,44.029940359444424,3,0,1.6499999999999999,2.0104004717739774,0,1.1057202594756874,0.31506849315068491,0.30136986301369861,0.55251141552511418,0.32077625570776258,0.11643835616438356,0.30821917808219179,0.32990867579908678,-0.02168949771689499,2022,2020,2022,2022-12,MDB_TEMPORAL_2022_2024_1,MDB_ANALYTICAL_2024_2,ZERO_REGISTERED_BEDS
50011,Centro,MS,BR_HEALTH_REGIONS_END2024_V1,1067998,3175925,9.6485520754730398,1471,46.317214669741887,8,0,39.000000000000021,0.7490650731555677,0,3.6516922316333944,0.71232876712328763,0.31963470319634701,0.045662100456621002,0.32077625570776258,0.74885844748858443,0.51598173515981727,0.37176560121765601,0.14421613394216126,2022,2020,2022,2022-12,MDB_TEMPORAL_2022_2024_1,MDB_ANALYTICAL_2024_2,ZERO_REGISTERED_BEDS
50012,Centro Sul,MS,BR_HEALTH_REGIONS_END2024_V1,438429,1297982,11.045428121406646,484,37.288652693180644,4,9,4.5749999999999993,0.9123484076098981,2.0527839171222708,1.0434984912038208,0.82191780821917804,0.24429223744292236,0.093607305936073054,0.77168949771689499,0.1050228310502283,0.53310502283105021,0.32343987823439879,0.20966514459665142,2022,2020,2022,2022-12,MDB_TEMPORAL_2022_2024_1,MDB_ANALYTICAL_2024_2,
50013,Leste,MS,BR_HEALTH_REGIONS_END2024_V1,203913,602257,9.4002693132695594,243,40.348223432853416,4,0,6.4250000000000016,1.9616208873392083,0,3.1508535502886041,0.67351598173515981,0.26940639269406391,0.53424657534246578,0.32077625570776258,0.66438356164383561,0.47146118721461183,0.50646879756468799,-0.035007610350076157,2022,2020,2022,2022-12,MDB_TEMPORAL_2022_2024_1,MDB_ANALYTICAL_2024_2,ZERO_REGISTERED_BEDS
50014,Nordeste,MS,BR_HEALTH_REGIONS_END2024_V1,164742,486464,10.510512568391331,615,126.42251019602685,5,4,4.75,3.0350487428828106,2.4280389943062484,2.88329630573867,0.79680365296803657,0.72374429223744297,0.83333333333333337,0.78995433789954339,0.5821917808219178,0.76027397260273977,0.73515981735159819,0.025114155251141579,2022,2020,2022,2022-12,MDB_TEMPORAL_2022_2024_1,MDB_ANALYTICAL_2024_2,
50015,Norte,MS,BR_HEALTH_REGIONS_END2024_V1,119454,356771,10.091553968551379,597,167.33422839860864,4,0,3.1000000000000001,3.3485693237564251,0,2.5951412259112296,0.76484018264840181,0.81506849315068497,0.87899543378995437,0.32077625570776258,0.5091324200913242,0.78995433789954339,0.56963470319634701,0.22031963470319638,2022,2020,2022,2022-12,MDB_TEMPORAL_2022_2024_1,MDB_ANALYTICAL_2024_2,ZERO_REGISTERED_BEDS
50016,Sudeste,MS,BR_HEALTH_REGIONS_END2024_V1,117486,350670,11.793699827312885,238,67.870077280634206,1,0,1.45,0.85116524522070713,0,1.2341896055700254,0.87442922374429222,0.4680365296803653,0.077625570776255703,0.32077625570776258,0.14155251141552511,0.67123287671232879,0.1799847792998478,0.49124809741248099,2022,2020,2022,2022-12,MDB_TEMPORAL_2022_2024_1,MDB_ANALYTICAL_2024_2,ZERO_REGISTERED_BEDS
50017,Sul Fronteira,MS,BR_HEALTH_REGIONS_END2024_V1,339726,1014002,12.057483745749318,336,33.136029317496416,5,0,3.5499999999999998,1.4717743122398639,0,1.0449597616903032,0.88584474885844744,0.21689497716894976,0.32420091324200911,0.32077625570776258,0.10730593607305935,0.55136986301369861,0.25076103500761032,0.30060882800608829,2022,2020,2022,2022-12,MDB_TEMPORAL_2022_2024_1,MDB_ANALYTICAL_2024_2,ZERO_REGISTERED_BEDS
51001,Alto Tapajós,MT,BR_HEALTH_REGIONS_END2024_V1,113292,337425,10.484054443577909,440,130.39934800325997,1,0,0.59999999999999998,0.88267485788934796,0,0.52960491473360871,0.79223744292237441,0.73059360730593603,0.089041095890410954,0.32077625570776258,0.031963470319634701,0.76141552511415522,0.14726027397260275,0.61415525114155245,2022,2020,2022,2022-12,MDB_TEMPORAL_2022_2024_1,MDB_ANALYTICAL_2024_2,ZERO_REGISTERED_BEDS
51002,Baixada Cuiabana,MT,BR_HEALTH_REGIONS_END2024_V1,1081537,3210568,6.1630195412089339,1626,50.645244081421112,9,0,25.875,0.83214906193685467,0,2.392428553068457,0.26255707762557079,0.35159817351598172,0.068493150684931503,0.32077625570776258,0.44292237442922372,0.30707762557077622,0.2773972602739726,0.029680365296803624,2022,2020,2022,2022-12,MDB_TEMPORAL_2022_2024_1,MDB_ANALYTICAL_2024_2,ZERO_REGISTERED_BEDS
51003,Araguaia Xingu,MT,BR_HEALTH_REGIONS_END2024_V1,88753,263343,4.8133910805740534,103,39.112488275746841,2,0,0.5,2.253444953973387,0,0.56336123849334674,0.12557077625570776,0.25570776255707761,0.65068493150684936,0.32077625570776258,0.034246575342465752,0.1906392694063927,0.3352359208523592,-0.14459665144596651,2022,2020,2022,2022-12,MDB_TEMPORAL_2022_2024_1,MDB_ANALYTICAL_2024_2,ZERO_REGISTERED_BEDS
51004,Centro Norte,MT,BR_HEALTH_REGIONS_END2024_V1,88248,266054,6.3501207702485711,137,51.493305870236867,1,0,0.77500000000000002,1.1331701568307497,0,0.87820687154383115,0.28310502283105021,0.35616438356164382,0.17123287671232876,0.32077625570776258,0.079908675799086754,0.31963470319634701,0.19063926940639273,0.12899543378995429,2022,2020,2022,2022-12,MDB_TEMPORAL_2022_2024_1,MDB_ANALYTICAL_2024_2,ZERO_REGISTERED_BEDS
51005,Garças Araguaia,MT,BR_HEALTH_REGIONS_END2024_V1,143497,424845,7.5491677672975639,162,38.131553860819828,4,0,0.69999999999999996,2.7875147215621232,0,0.48781507627337151,0.43835616438356162,0.24657534246575341,0.78767123287671237,0.32077625570776258,0.027397260273972601,0.34246575342465752,0.37861491628614924,-0.036149162861491724,2022,2020,2022,2022-12,MDB_TEMPORAL_2022_2024_1,MDB_ANALYTICAL_2024_2,ZERO_REGISTERED_BEDS
51006,Médio Araguaia,MT,BR_HEALTH_REGIONS_END2024_V1,119676,348468,11.702348309911255,99,28.410069217259547,3,0,0.5,2.50676827434072,0,0.41779471239012,0.86757990867579904,0.17351598173515981,0.73059360730593603,0.32077625570776258,0.025114155251141551,0.52054794520547942,0.35882800608828003,0.1617199391171994,2022,2020,2022,2022-12,MDB_TEMPORAL_2022_2024_1,MDB_ANALYTICAL_2024_2,ZERO_REGISTERED_BEDS
51007,Médio Norte Matogrossense,MT,BR_HEALTH_REGIONS_END2024_V1,257397,759202,6.4166384906272755,401,52.818617443052041,3,0,2.1750000000000003,1.165514749589156,0,0.84499819345213834,0.28767123287671231,0.37442922374429222,0.18264840182648401,0.32077625570776258,0.075342465753424653,0.33105022831050224,0.19292237442922375,0.13812785388127849,2022,2020,2022,2022-12,MDB_TEMPORAL_2022_2024_1,MDB_ANALYTICAL_2024_2,ZERO_REGISTERED_BEDS
51008,Noroeste Matogrossense,MT,BR_HEALTH_REGIONS_END2024_V1,144385,431916,8.4512636003608641,131,30.329971568545734,1,0,1.3500000000000001,0.69259272085050383,0,0.93500017314818029,0.55022831050228316,0.18949771689497716,0.034246575342465752,0.32077625570776258,0.091324200913242004,0.36986301369863017,0.14878234398782345,0.22108066971080673,2022,2020,2022,2022-12,MDB_TEMPORAL_2022_2024_1,MDB_ANALYTICAL_2024_2,ZERO_REGISTERED_BEDS
51009,Norte Araguaia Karajá,MT,BR_HEALTH_REGIONS_END2024_V1,25952,76809,1.2423330612346313,20,26.038615266440129,1,0,0,3.8532675709001234,0,0,0,0.16894977168949771,0.92237442922374424,0.32077625570776258,0.0057077625570776253,0.084474885844748854,0.4162861491628615,-0.33181126331811261,2022,2020,2022,2022-12,MDB_TEMPORAL_2022_2024_1,MDB_ANALYTICAL_2024_2,SMALL_SUICIDE_COUNT|ZERO_REGISTERED_BEDS
51010,Norte Matogrossense,MT,BR_HEALTH_REGIONS_END2024_V1,69631,209229,5.4252746734821651,43,20.551644370522251,1,0,1.25,1.4361419482701672,0,1.795177435337709,0.17579908675799086,0.13242009132420091,0.29680365296803651,0.32077625570776258,0.27397260273972601,0.1541095890410959,0.2971841704718417,-0.14307458143074581,2022,2020,2022,2022-12,MDB_TEMPORAL_2022_2024_1,MDB_ANALYTICAL_2024_2,ZERO_REGISTERED_BEDS
51011,Oeste Matogrossense,MT,BR_HEALTH_REGIONS_END2024_V1,187477,563248,9.2334150735994225,324,57.523506519330738,4,0,1.5,2.1335950543266642,0,0.80009814537249901,0.65068493150684936,0.41095890410958902,0.61872146118721461,0.32077625570776258,0.070776255707762553,0.53082191780821919,0.3367579908675799,0.19406392694063929,2022,2020,2022,2022-12,MDB_TEMPORAL_2022_2024_1,MDB_ANALYTICAL_2024_2,ZERO_REGISTERED_BEDS
51012,Sudoeste Matogrossense,MT,BR_HEALTH_REGIONS_END2024_V1,125899,373762,6.7494896234303585,87,23.276844623048891,1,0,0.20000000000000001,0.79428748441210806,0,0.15885749688242165,0.32876712328767121,0.14840182648401826,0.052511415525114152,0.32077625570776258,0.018264840182648401,0.23858447488584472,0.13051750380517504,0.10806697108066968,2022,2020,2022,2022-12,MDB_TEMPORAL_2022_2024_1,MDB_ANALYTICAL_2024_2,ZERO_REGISTERED_BEDS
51013,Sul Matogrossense,MT,BR_HEALTH_REGIONS_END2024_V1,579679,1707737,7.9845624147152447,3262,191.01301898360228,8,0,10.35,1.3800741444834124,0,1.7854709244254146,0.4771689497716895,0.88127853881278539,0.27397260273972601,0.32077625570776258,0.26712328767123289,0.67922374429223742,0.28729071537290718,0.39193302891933024,2022,2020,2022,2022-12,MDB_TEMPORAL_2022_2024_1,MDB_ANALYTICAL_2024_2,ZERO_REGISTERED_BEDS
51014,Teles Pires,MT,BR_HEALTH_REGIONS_END2024_V1,537864,1555018,7.6604153861729145,486,31.253657513932314,5,0,6.7000000000000002,0.9296030223253462,0,1.2456680499159638,0.44292237442922372,0.19863013698630136,0.10273972602739725,0.32077625570776258,0.14383561643835616,0.32077625570776253,0.189117199391172,0.13165905631659053,2022,2020,2022,2022-12,MDB_TEMPORAL_2022_2024_1,MDB_ANALYTICAL_2024_2,ZERO_REGISTERED_BEDS
51015,Vale do Peixoto,MT,BR_HEALTH_REGIONS_END2024_V1,102881,307713,8.7429207535621121,111,36.072574119390467,2,0,0.59999999999999998,1.9439935459414275,0,0.58319806378242822,0.59817351598173518,0.23059360730593606,0.52968036529680362,0.32077625570776258,0.038812785388127852,0.41438356164383561,0.29642313546423132,0.11796042617960428,2022,2020,2022,2022-12,MDB_TEMPORAL_2022_2024_1,MDB_ANALYTICAL_2024_2,ZERO_REGISTERED_BEDS
51016,Vale dos Arinos,MT,BR_HEALTH_REGIONS_END2024_V1,54799,164286,9.475204873178118,127,77.304213383976716,1,0,0.050000000000000003,1.824850818445592,0,0.091242540922279611,0.68721461187214616,0.52968036529680362,0.48858447488584472,0.32077625570776258,0.013698630136986301,0.60844748858447484,0.2743531202435312,0.33409436834094364,2022,2020,2022,2022-12,MDB_TEMPORAL_2022_2024_1,MDB_ANALYTICAL_2024_2,ZERO_REGISTERED_BEDS
52001,Central,GO,BR_HEALTH_REGIONS_END2024_V1,1939614,5774431,7.3417660073572808,12373,214.27219409150445,19,0,67.500000000000014,0.97957634869618393,0,3.4800738703680221,0.40639269406392692,0.908675799086758,0.11872146118721461,0.32077625570776258,0.71917808219178081,0.65753424657534243,0.38622526636225268,0.27130898021308975,2022,2020,2022,2022-12,MDB_TEMPORAL_2022_2024_1,MDB_ANALYTICAL_2024_2,ZERO_REGISTERED_BEDS
52002,Centro Sul,GO,BR_HEALTH_REGIONS_END2024_V1,972752,2876295,8.1305762701211908,6243,217.05005919072977,15,4,35.375,1.5420168758326891,0.41120450022205041,3.6365897988387581,0.5182648401826484,0.91552511415525117,0.35388127853881279,0.66210045662100458,0.74657534246575341,0.71689497716894979,0.58751902587519034,0.12937595129375945,2022,2020,2022,2022-12,MDB_TEMPORAL_2022_2024_1,MDB_ANALYTICAL_2024_2,
52003,Entorno Norte,GO,BR_HEALTH_REGIONS_END2024_V1,281164,834100,8.7063558133830306,431,51.672461335571278,5,0,7.7250000000000005,1.7783215489892019,0,2.7475067931883173,0.59589041095890416,0.36073059360730592,0.4726027397260274,0.32077625570776258,0.5547945205479452,0.47831050228310501,0.44939117199391171,0.028919330289193301,2022,2020,2022,2022-12,MDB_TEMPORAL_2022_2024_1,MDB_ANALYTICAL_2024_2,ZERO_REGISTERED_BEDS
52004,Entorno Sul,GO,BR_HEALTH_REGIONS_END2024_V1,980996,2889082,7.0819526270392084,1637,56.661597005554015,8,0,14.674999999999999,0.8154977186451321,0,1.4959286276396639,0.36301369863013699,0.40639269406392692,0.057077625570776253,0.32077625570776258,0.19634703196347031,0.38470319634703198,0.19140030441400305,0.19330289193302894,2022,2020,2022,2022-12,MDB_TEMPORAL_2022_2024_1,MDB_ANALYTICAL_2024_2,ZERO_REGISTERED_BEDS
52005,Estrada de Ferro,GO,BR_HEALTH_REGIONS_END2024_V1,331332,979441,10.081148843777703,402,41.043819893183972,8,0,11.275000000000002,2.414496637813432,0,3.402931198918306,0.76027397260273977,0.27625570776255709,0.70547945205479456,0.32077625570776258,0.70547945205479456,0.5182648401826484,0.57724505327245057,-0.058980213089802169,2022,2020,2022,2022-12,MDB_TEMPORAL_2022_2024_1,MDB_ANALYTICAL_2024_2,ZERO_REGISTERED_BEDS
52006,Nordeste I,GO,BR_HEALTH_REGIONS_END2024_V1,42250,127789,2.2849907832402048,94,73.558757013514466,1,0,0,2.3668639053254439,0,0,0.0068493150684931503,0.4954337899543379,0.68721461187214616,0.32077625570776258,0.0057077625570776253,0.25114155251141551,0.33789954337899547,-0.086757990867579959,2022,2020,2022,2022-12,MDB_TEMPORAL_2022_2024_1,MDB_ANALYTICAL_2024_2,SMALL_SUICIDE_COUNT|ZERO_REGISTERED_BEDS
52007,Nordeste II,GO,BR_HEALTH_REGIONS_END2024_V1,96340,289931,9.077047281814961,212,73.120845994391772,0,0,0.75,0,0,0.77849283786589174,0.63470319634703198,0.4908675799086758,0.0022831050228310501,0.32077625570776258,0.063926940639269403,0.56278538812785395,0.12899543378995434,0.43378995433789957,2022,2020,2022,2022-12,MDB_TEMPORAL_2022_2024_1,MDB_ANALYTICAL_2024_2,ZERO_REGISTERED_BEDS
52008,Norte,GO,BR_HEALTH_REGIONS_END2024_V1,134591,406320,9.5543996979480301,263,64.727308525300259,3,4,2.2749999999999999,2.2289751915061187,2.9719669220081579,1.6903061868921399,0.69634703196347036,0.4497716894977169,0.64840182648401823,0.81963470319634701,0.23515981735159816,0.5730593607305936,0.56773211567732107,0.0053272450532725335,2022,2020,2022,2022-12,MDB_TEMPORAL_2022_2024_1,MDB_ANALYTICAL_2024_2,
52009,Oeste I,GO,BR_HEALTH_REGIONS_END2024_V1,118016,354377,11.76838011762896,232,65.467002655364197,1,0,2.75,0.84734273318872022,0,2.3301925162689803,0.87214611872146119,0.45662100456621002,0.075342465753424653,0.32077625570776258,0.4315068493150685,0.66438356164383561,0.2758751902587519,0.38850837138508371,2022,2020,2022,2022-12,MDB_TEMPORAL_2022_2024_1,MDB_ANALYTICAL_2024_2,ZERO_REGISTERED_BEDS
52010,Oeste II,GO,BR_HEALTH_REGIONS_END2024_V1,119049,355045,13.10600196463472,408,114.91501077328228,2,0,3.7000000000000002,1.679980512226058,0,3.1079639476182077,0.9269406392694064,0.69634703196347036,0.43378995433789952,0.32077625570776258,0.65296803652968038,0.81164383561643838,0.46917808219178081,0.34246575342465757,2022,2020,2022,2022-12,MDB_TEMPORAL_2022_2024_1,MDB_ANALYTICAL_2024_2,ZERO_REGISTERED_BEDS
52011,Pirineus,GO,BR_HEALTH_REGIONS_END2024_V1,549336,1630873,8.4566524396446443,5048,309.52747393573873,8,0,16.449999999999999,1.4563036101766498,0,2.9945242984257359,0.55251141552511418,0.96118721461187218,0.31278538812785389,0.32077625570776258,0.62557077625570778,0.75684931506849318,0.41971080669710803,0.33713850837138515,2022,2020,2022,2022-12,MDB_TEMPORAL_2022_2024_1,MDB_ANALYTICAL_2024_2,ZERO_REGISTERED_BEDS
52012,Rio Vermelho,GO,BR_HEALTH_REGIONS_END2024_V1,206314,617932,10.773516604335981,456,73.794527553193547,3,0,5.3500000000000005,1.4540942446949794,0,2.5931347363727135,0.81278538812785384,0.5,0.31050228310502281,0.32077625570776258,0.50684931506849318,0.65639269406392686,0.37937595129375951,0.27701674277016736,2022,2020,2022,2022-12,MDB_TEMPORAL_2022_2024_1,MDB_ANALYTICAL_2024_2,ZERO_REGISTERED_BEDS
52013,São Patrício I,GO,BR_HEALTH_REGIONS_END2024_V1,170700,511878,11.796499765043279,580,113.30824923126214,6,4,2.4500000000000002,3.5149384885764499,2.3432923257176332,1.4352665495020505,0.87671232876712324,0.68721461187214616,0.89497716894977164,0.78538812785388123,0.17808219178082191,0.78196347031963476,0.61948249619482498,0.16248097412480977,2022,2020,2022,2022-12,MDB_TEMPORAL_2022_2024_1,MDB_ANALYTICAL_2024_2,
52014,Serra da Mesa,GO,BR_HEALTH_REGIONS_END2024_V1,123010,369789,10.080290495652845,284,76.80055382934593,2,0,1.7750000000000001,1.6258840744654908,0,1.442972116088123,0.75799086757990863,0.5273972602739726,0.39269406392694062,0.32077625570776258,0.18264840182648401,0.64269406392694062,0.2987062404870624,0.34398782343987822,2022,2020,2022,2022-12,MDB_TEMPORAL_2022_2024_1,MDB_ANALYTICAL_2024_2,ZERO_REGISTERED_BEDS
52015,Sudoeste I,GO,BR_HEALTH_REGIONS_END2024_V1,446312,1328418,9.1737868023692783,816,61.42644860277413,8,9,22.850000000000001,1.7924680492570222,2.0165265554141496,5.1197368656903697,0.63926940639269403,0.4360730593607306,0.47945205479452052,0.76712328767123283,0.92922374429223742,0.53767123287671237,0.7252663622526635,-0.18759512937595113,2022,2020,2022,2022-12,MDB_TEMPORAL_2022_2024_1,MDB_ANALYTICAL_2024_2,
52016,Sudoeste II,GO,BR_HEALTH_REGIONS_END2024_V1,240307,712805,9.4424346789264604,817,114.61760228954623,3,8,10.699999999999999,1.2484030843878871,3.3290748917010324,4.45263766765013,0.68036529680365299,0.69178082191780821,0.21232876712328766,0.84246575342465757,0.86301369863013699,0.6860730593607306,0.63926940639269414,0.046803652968036458,2022,2020,2022,2022-12,MDB_TEMPORAL_2022_2024_1,MDB_ANALYTICAL_2024_2,
52017,Sul,GO,BR_HEALTH_REGIONS_END2024_V1,265549,790966,10.786958868858155,727,91.912926725042539,4,0,10.75,1.5063133357685399,0,4.0482170898779515,0.81506849315068497,0.59817351598173518,0.33789954337899542,0.32077625570776258,0.81506849315068497,0.70662100456621002,0.49124809741248104,0.21537290715372898,2022,2020,2022,2022-12,MDB_TEMPORAL_2022_2024_1,MDB_ANALYTICAL_2024_2,ZERO_REGISTERED_BEDS
52018,São Patrício II,GO,BR_HEALTH_REGIONS_END2024_V1,183622,546026,10.647695398542572,464,84.977638427474147,3,0,5.8499999999999996,1.6337911579222535,0,3.1858927579483938,0.80136986301369861,0.56621004566210043,0.4041095890410959,0.32077625570776258,0.67123287671232879,0.68378995433789957,0.46537290715372909,0.21841704718417049,2022,2020,2022,2022-12,MDB_TEMPORAL_2022_2024_1,MDB_ANALYTICAL_2024_2,ZERO_REGISTERED_BEDS
53001,Distrito Federal,DF,BR_HEALTH_REGIONS_END2024_V1,2952426,8811868,6.7570977416216378,10710,121.54063133946174,18,45,118.95000000000006,0.60966811699937618,1.5241702924984402,4.0288901398375465,0.33105022831050229,0.71689497716894979,0.015981735159817351,0.72831050228310501,0.80593607305936077,0.52397260273972601,0.51674277016742776,0.0072298325722982559,2022,2020,2022,2022-12,MDB_TEMPORAL_2022_2024_1,MDB_ANALYTICAL_2024_2,
11001,Vale do Jamari,RO,BR_HEALTH_REGIONS_END2024_V1,236160,708872,6.9610524574581669,402,56.709815030075951,3,0,1.1499999999999999,1.2703252032520325,0,0.48695799457994582,0.31735159817351599,0.36073059360730592,0.19406392694063926,0.31735159817351599,0.029680365296803651,0.33904109589041098,0.18036529680365296,0.15867579908675802,2023,2021,2023,2023-12,MDB_TEMPORAL_2022_2024_1,MDB_ANALYTICAL_2024_2,ZERO_REGISTERED_BEDS
11002,Café,RO,BR_HEALTH_REGIONS_END2024_V1,183745,548285,9.2925650107510851,304,55.445616786890028,3,0,5.2249999999999996,1.6326974883670304,0,2.8436147922392445,0.58447488584474883,0.34474885844748859,0.36757990867579909,0.31735159817351599,0.52283105022831056,0.46461187214611871,0.4025875190258752,0.062024353120243514,2023,2021,2023,2023-12,MDB_TEMPORAL_2022_2024_1,MDB_ANALYTICAL_2024_2,ZERO_REGISTERED_BEDS
11003,Central,RO,BR_HEALTH_REGIONS_END2024_V1,355108,1067871,8.8571867532055517,675,63.209882092499939,6,6,6.2499999999999991,1.6896268177568512,1.6896268177568512,1.7600279351633867,0.54337899543378998,0.4041095890410959,0.40639269406392692,0.73972602739726023,0.22146118721461186,0.47374429223744297,0.4558599695585997,0.017884322678843267,2023,2021,2023,2023-12,MDB_TEMPORAL_2022_2024_1,MDB_ANALYTICAL_2024_2,
11004,Madeira-Mamoré,RO,BR_HEALTH_REGIONS_END2024_V1,616325,1835548,7.3286093554728469,2263,123.28743241800269,6,0,26.849999999999998,0.97351235143795889,0,4.3564677726848657,0.36073059360730592,0.68721461187214616,0.10273972602739725,0.31735159817351599,0.82876712328767121,0.52397260273972601,0.4162861491628615,0.10768645357686452,2023,2021,2023,2023-12,MDB_TEMPORAL_2022_2024_1,MDB_ANALYTICAL_2024_2,ZERO_REGISTERED_BEDS
11005,Zona da Mata,RO,BR_HEALTH_REGIONS_END2024_V1,138181,415803,11.28855053265764,311,74.795035148856556,2,0,1.8999999999999999,1.4473769910479735,0,1.3750081414955746,0.80593607305936077,0.4726027397260274,0.27397260273972601,0.31735159817351599,0.13698630136986301,0.63926940639269403,0.24277016742770166,0.3964992389649924,2023,2021,2023,2023-12,MDB_TEMPORAL_2022_2024_1,MDB_ANALYTICAL_2024_2,ZERO_REGISTERED_BEDS
11006,Cone Sul,RO,BR_HEALTH_REGIONS_END2024_V1,166680,495572,9.4330869868028024,634,127.9329744214766,3,6,4.125,1.7998560115190783,3.5997120230381565,2.4748020158387329,0.6004566210045662,0.69863013698630139,0.43835616438356162,0.86073059360730597,0.42465753424657532,0.6495433789954338,0.57458143074581425,0.074961948249619548,2023,2021,2023,2023-12,MDB_TEMPORAL_2022_2024_1,MDB_ANALYTICAL_2024_2,
11007,Vale do Guaporé,RO,BR_HEALTH_REGIONS_END2024_V1,44056,132574,7.3882930030128815,31,23.383167136844328,0,0,0,0,0,0,0.36757990867579909,0.11643835616438356,0.0022831050228310501,0.31735159817351599,0.0068493150684931503,0.24200913242009131,0.10882800608828007,0.13318112633181123,2023,2021,2023,2023-12,MDB_TEMPORAL_2022_2024_1,MDB_ANALYTICAL_2024_2,ZERO_REGISTERED_BEDS
12001,Alto Acre,AC,BR_HEALTH_REGIONS_END2024_V1,74386,220722,10.101698204494646,82,37.150805085129711,3,0,0,4.0330169655580352,0,0,0.68721461187214616,0.21232876712328766,0.91324200913242004,0.31735159817351599,0.0068493150684931503,0.4497716894977169,0.41248097412480972,0.037290715372907179,2023,2021,2023,2023-12,MDB_TEMPORAL_2022_2024_1,MDB_ANALYTICAL_2024_2,ZERO_REGISTERED_BEDS
12002,Baixo Acre e Purus,AC,BR_HEALTH_REGIONS_END2024_V1,556304,1663800,10.134954825193569,2439,146.59213847818248,6,18,9.4250000000000007,1.0785469815065143,3.2356409445195435,1.6942175501164831,0.69634703196347036,0.75114155251141557,0.13926940639269406,0.83333333333333337,0.20319634703196346,0.72374429223744297,0.3919330289193303,0.33181126331811267,2023,2021,2023,2023-12,MDB_TEMPORAL_2022_2024_1,MDB_ANALYTICAL_2024_2,
12003,Juruá e Tarauacá/Envira,AC,BR_HEALTH_REGIONS_END2024_V1,245892,732972,10.002981508446302,398,54.299482108457077,4,0,2,1.6267304344996991,0,0.81336521724984956,0.67579908675799083,0.33561643835616439,0.36073059360730592,0.31735159817351599,0.059360730593607303,0.50570776255707761,0.24581430745814306,0.25989345509893458,2023,2021,2023,2023-12,MDB_TEMPORAL_2022_2024_1,MDB_ANALYTICAL_2024_2,ZERO_REGISTERED_BEDS
13001,"Manaus, Entorno e Alto Rio Negro",AM,BR_HEALTH_REGIONS_END2024_V1,2611238,7753091,6.3812141077347979,1409,18.173396907117432,16,0,36.92499999999999,0.6127361810757963,0,1.4140802178889855,0.25342465753424659,0.079908675799086754,0.015981735159817351,0.31735159817351599,0.15296803652968036,0.16666666666666669,0.16210045662100458,0.0045662100456621002,2023,2021,2023,2023-12,MDB_TEMPORAL_2022_2024_1,MDB_ANALYTICAL_2024_2,ZERO_REGISTERED_BEDS
13002,Rio Negro e Solimões,AM,BR_HEALTH_REGIONS_END2024_V1,288683,861525,5.3860475376957764,262,30.411189460549604,4,0,3.0499999999999998,1.3856028931388409,0,1.0565222060183661,0.13242009132420091,0.15981735159817351,0.25114155251141551,0.31735159817351599,0.089041095890410954,0.14611872146118721,0.21917808219178084,-0.073059360730593631,2023,2021,2023,2023-12,MDB_TEMPORAL_2022_2024_1,MDB_ANALYTICAL_2024_2,ZERO_REGISTERED_BEDS
13003,Rio Madeira,AM,BR_HEALTH_REGIONS_END2024_V1,199701,593124,4.422496706273833,38,6.4067547426844982,5,0,3.625,2.5037430959284128,0,1.8152137445480994,0.066210045662100453,0.015981735159817351,0.68264840182648401,0.31735159817351599,0.22831050228310501,0.041095890410958902,0.40943683409436832,-0.36834094368340942,2023,2021,2023,2023-12,MDB_TEMPORAL_2022_2024_1,MDB_ANALYTICAL_2024_2,ZERO_REGISTERED_BEDS
13004,Médio Amazonas,AM,BR_HEALTH_REGIONS_END2024_V1,190440,564251,4.2114617114314949,22,3.8989740381496891,1,0,0.25,0.52509976895610166,0,0.13127494223902542,0.054794520547945202,0.0022831050228310501,0.0091324200913242004,0.31735159817351599,0.015981735159817351,0.028538812785388126,0.11415525114155252,-0.085616438356164393,2023,2021,2023,2023-12,MDB_TEMPORAL_2022_2024_1,MDB_ANALYTICAL_2024_2,ZERO_REGISTERED_BEDS
13005,Baixo Amazonas,AM,BR_HEALTH_REGIONS_END2024_V1,246595,735851,8.943497762751111,284,38.594769865094975,3,0,1.125,1.2165696790283662,0,0.45621362963563744,0.55707762557077622,0.22602739726027396,0.17351598173515981,0.31735159817351599,0.027397260273972601,0.39155251141552511,0.17275494672754946,0.21879756468797565,2023,2021,2023,2023-12,MDB_TEMPORAL_2022_2024_1,MDB_ANALYTICAL_2024_2,ZERO_REGISTERED_BEDS
13006,Regional Purus,AM,BR_HEALTH_REGIONS_END2024_V1,144256,428409,3.7299568987347933,51,11.904511809975981,2,0,0.75,1.38642413487134,0,0.51990905057675241,0.036529680365296802,0.052511415525114152,0.25342465753424659,0.31735159817351599,0.034246575342465752,0.044520547945205477,0.20167427701674279,-0.1571537290715373,2023,2021,2023,2023-12,MDB_TEMPORAL_2022_2024_1,MDB_ANALYTICAL_2024_2,ZERO_REGISTERED_BEDS
13007,Regional Juruá,AM,BR_HEALTH_REGIONS_END2024_V1,135076,403287,9.9970699930538931,65,16.117554000004958,2,0,1,1.4806479315348398,0,0.74032396576741988,0.67351598173515981,0.066210045662100453,0.28995433789954339,0.31735159817351599,0.054794520547945202,0.36986301369863012,0.22070015220700154,0.14916286149162858,2023,2021,2023,2023-12,MDB_TEMPORAL_2022_2024_1,MDB_ANALYTICAL_2024_2,ZERO_REGISTERED_BEDS
13008,Triângulo,AM,BR_HEALTH_REGIONS_END2024_V1,146289,435173,8.5746665403053424,23,5.2852543701010868,1,0,0.5,0.6835783961883668,0,0.3417891980941834,0.5091324200913242,0.0091324200913242004,0.027397260273972601,0.31735159817351599,0.022831050228310501,0.2591324200913242,0.12252663622526637,0.13660578386605782,2023,2021,2023,2023-12,MDB_TEMPORAL_2022_2024_1,MDB_ANALYTICAL_2024_2,ZERO_REGISTERED_BEDS
13009,Alto Solimões,AM,BR_HEALTH_REGIONS_END2024_V1,278293,825664,17.569751661917806,12,1.4533757073095108,1,0,0.5,0.35933350820897403,0,0.17966675410448701,0.98858447488584478,0,0.0068493150684931503,0.31735159817351599,0.018264840182648401,0.49429223744292239,0.11415525114155252,0.38013698630136988,2023,2021,2023,2023-12,MDB_TEMPORAL_2022_2024_1,MDB_ANALYTICAL_2024_2,ZERO_REGISTERED_BEDS
14001,Centro Norte,RR,BR_HEALTH_REGIONS_END2024_V1,597943,1737739,10.12594066796165,594,34.182348442430076,9,11,20.149999999999999,1.5051601908543122,1.8396402332663815,3.3698864273015992,0.69178082191780821,0.18036529680365296,0.30365296803652969,0.75114155251141557,0.64840182648401823,0.4360730593607306,0.56773211567732107,-0.13165905631659047,2023,2021,2023,2023-12,MDB_TEMPORAL_2022_2024_1,MDB_ANALYTICAL_2024_2,
14002,Sul,RR,BR_HEALTH_REGIONS_END2024_V1,97327,285907,5.1815916691444759,33,11.542214776133498,2,0,2,2.0549282316315103,0,2.0549282316315103,0.12557077625570776,0.050228310502283102,0.53196347031963476,0.31735159817351599,0.30136986301369861,0.087899543378995429,0.38356164383561647,-0.29566210045662106,2023,2021,2023,2023-12,MDB_TEMPORAL_2022_2024_1,MDB_ANALYTICAL_2024_2,ZERO_REGISTERED_BEDS
15001,Araguaia,PA,BR_HEALTH_REGIONS_END2024_V1,477856,1437779,10.446289466700724,638,44.373996281765145,11,0,4.25,2.3019487042121476,0,0.88938927208196605,0.73287671232876717,0.26712328767123289,0.62328767123287676,0.31735159817351599,0.063926940639269403,0.5,0.33485540334855407,0.16514459665144593,2023,2021,2023,2023-12,MDB_TEMPORAL_2022_2024_1,MDB_ANALYTICAL_2024_2,ZERO_REGISTERED_BEDS
15002,Baixo Amazonas,PA,BR_HEALTH_REGIONS_END2024_V1,849691,2522994,8.2553733524297019,149,5.9056819001551331,10,0,5.4000000000000004,1.1768984254275967,0,0.63552514973090224,0.4634703196347032,0.013698630136986301,0.16210045662100456,0.31735159817351599,0.047945205479452052,0.23858447488584475,0.17579908675799086,0.062785388127853892,2023,2021,2023,2023-12,MDB_TEMPORAL_2022_2024_1,MDB_ANALYTICAL_2024_2,ZERO_REGISTERED_BEDS
15003,Carajás,PA,BR_HEALTH_REGIONS_END2024_V1,1003643,2955589,6.3203993347872984,1393,47.131045622378487,10,6,9.6249999999999982,0.9963702232766033,0.59782213396596207,0.95900633990373052,0.24657534246575341,0.28310502283105021,0.11187214611872145,0.67579908675799083,0.077625570776255703,0.26484018264840181,0.28843226788432269,-0.023592085235920879,2023,2021,2023,2023-12,MDB_TEMPORAL_2022_2024_1,MDB_ANALYTICAL_2024_2,
15004,Lago de Tucuruí,PA,BR_HEALTH_REGIONS_END2024_V1,276870,842447,6.1120081210517814,92,10.920568296878022,5,0,2.6749999999999998,1.8059016867121755,0,0.96615740239101366,0.21689497716894976,0.045662100456621002,0.44292237442922372,0.31735159817351599,0.082191780821917804,0.13127853881278539,0.28082191780821913,-0.14954337899543374,2023,2021,2023,2023-12,MDB_TEMPORAL_2022_2024_1,MDB_ANALYTICAL_2024_2,ZERO_REGISTERED_BEDS
15006,Metropolitana I,PA,BR_HEALTH_REGIONS_END2024_V1,2122814,6380705,3.5814949348457343,5443,85.304053392219188,15,0,35.299999999999997,0.70660924602909159,0,1.6628870923217953,0.027397260273972601,0.52968036529680362,0.034246575342465752,0.31735159817351599,0.19863013698630136,0.27853881278538811,0.18340943683409439,0.095129375951293726,2023,2021,2023,2023-12,MDB_TEMPORAL_2022_2024_1,MDB_ANALYTICAL_2024_2,ZERO_REGISTERED_BEDS
15007,Metropolitana II,PA,BR_HEALTH_REGIONS_END2024_V1,377972,1126367,3.4288898768042322,392,34.802155958049198,8,0,3.125,2.116558898542749,0,0.82678081974326134,0.018264840182648401,0.18264840182648401,0.55936073059360736,0.31735159817351599,0.061643835616438353,0.1004566210045662,0.31278538812785389,-0.21232876712328769,2023,2021,2023,2023-12,MDB_TEMPORAL_2022_2024_1,MDB_ANALYTICAL_2024_2,ZERO_REGISTERED_BEDS
15008,Metropolitana III,PA,BR_HEALTH_REGIONS_END2024_V1,890727,2667859,5.0638831623362197,983,36.846025220973075,15,0,8.5999999999999996,1.6840176619772387,0,0.96550345953361683,0.11187214611872145,0.20776255707762556,0.4041095890410959,0.31735159817351599,0.079908675799086754,0.15981735159817351,0.26712328767123289,-0.10730593607305938,2023,2021,2023,2023-12,MDB_TEMPORAL_2022_2024_1,MDB_ANALYTICAL_2024_2,ZERO_REGISTERED_BEDS
15009,Rio Caetés,PA,BR_HEALTH_REGIONS_END2024_V1,538262,1610312,3.7084068518606434,1616,100.35322347470553,10,23,7.8499999999999996,1.8578313163478009,4.2730120275999415,1.4583975833330236,0.031963470319634701,0.6095890410958904,0.45662100456621002,0.89497716894977164,0.16438356164383561,0.32077625570776258,0.50532724505327242,-0.18455098934550984,2023,2021,2023,2023-12,MDB_TEMPORAL_2022_2024_1,MDB_ANALYTICAL_2024_2,
15010,Tapajós,PA,BR_HEALTH_REGIONS_END2024_V1,264039,779916,7.5098943008300036,40,5.1287574559311517,3,0,1.625,1.1361957892584049,0,0.61543938584830271,0.38127853881278539,0.0068493150684931503,0.15753424657534246,0.31735159817351599,0.041095890410958902,0.19406392694063929,0.17199391171993908,0.022070015220700206,2023,2021,2023,2023-12,MDB_TEMPORAL_2022_2024_1,MDB_ANALYTICAL_2024_2,ZERO_REGISTERED_BEDS
15011,Tocantins,PA,BR_HEALTH_REGIONS_END2024_V1,831448,2469160,4.8546343535182555,661,26.770237651671014,12,0,4.25,1.443265243286411,0,0.51115644033060403,0.095890410958904104,0.13698630136986301,0.27168949771689499,0.31735159817351599,0.031963470319634701,0.11643835616438356,0.20700152207001521,-0.090563165905631654,2023,2021,2023,2023-12,MDB_TEMPORAL_2022_2024_1,MDB_ANALYTICAL_2024_2,ZERO_REGISTERED_BEDS
15012,Xingu,PA,BR_HEALTH_REGIONS_END2024_V1,395081,1167884,5.5564904561183921,195,16.696863729616982,9,0,5.25,2.278013875635629,0,1.3288414274541172,0.15068493150684931,0.073059360730593603,0.61187214611872143,0.31735159817351599,0.13013698630136986,0.11187214611872145,0.35312024353120242,-0.24124809741248096,2023,2021,2023,2023-12,MDB_TEMPORAL_2022_2024_1,MDB_ANALYTICAL_2024_2,ZERO_REGISTERED_BEDS
15013,Marajó I,PA,BR_HEALTH_REGIONS_END2024_V1,245364,730541,3.5347302914022967,61,8.3499762504773862,2,0,0,0.81511550186661452,0,0,0.025114155251141551,0.034246575342465752,0.052511415525114152,0.31735159817351599,0.0068493150684931503,0.029680365296803651,0.12557077625570778,-0.095890410958904132,2023,2021,2023,2023-12,MDB_TEMPORAL_2022_2024_1,MDB_ANALYTICAL_2024_2,ZERO_REGISTERED_BEDS
15014,Marajó II,PA,BR_HEALTH_REGIONS_END2024_V1,342353,1014765,6.3173820550903796,71,6.9966938158095715,5,0,2.25,1.4604808487146308,0,0.65721638192158394,0.24200913242009131,0.022831050228310501,0.28538812785388129,0.31735159817351599,0.052511415525114152,0.13242009132420091,0.21841704718417046,-0.085996955859969554,2023,2021,2023,2023-12,MDB_TEMPORAL_2022_2024_1,MDB_ANALYTICAL_2024_2,ZERO_REGISTERED_BEDS
16001,Área Central,AP,BR_HEALTH_REGIONS_END2024_V1,539895,1609643,9.2799279217211836,198,12.300864228900446,5,0,8.8000000000000007,0.92610600209299954,0,1.6299465636836794,0.5821917808219178,0.057077625570776253,0.089041095890410954,0.31735159817351599,0.18949771689497716,0.31963470319634701,0.19863013698630139,0.12100456621004563,2023,2021,2023,2023-12,MDB_TEMPORAL_2022_2024_1,MDB_ANALYTICAL_2024_2,ZERO_REGISTERED_BEDS
16002,Área Norte,AP,BR_HEALTH_REGIONS_END2024_V1,67405,200418,10.563901552653874,64,31.933259487670771,1,0,0,1.4835694681403457,0,0,0.74200913242009137,0.16438356164383561,0.29223744292237441,0.31735159817351599,0.0068493150684931503,0.45319634703196349,0.20547945205479454,0.24771689497716895,2023,2021,2023,2023-12,MDB_TEMPORAL_2022_2024_1,MDB_ANALYTICAL_2024_2,ZERO_REGISTERED_BEDS
16003,Área Sudoeste,AP,BR_HEALTH_REGIONS_END2024_V1,191824,575391,7.5101594368562106,40,6.9517945188576125,4,0,1.75,2.0852448077404286,0,0.91229460338643753,0.38356164383561642,0.020547945205479451,0.53881278538812782,0.31735159817351599,0.066210045662100453,0.20205479452054792,0.30745814307458141,-0.10540334855403349,2023,2021,2023,2023-12,MDB_TEMPORAL_2022_2024_1,MDB_ANALYTICAL_2024_2,ZERO_REGISTERED_BEDS
17001,Médio Norte Araguaia,TO,BR_HEALTH_REGIONS_END2024_V1,289382,865127,10.243616728027824,650,75.133477512550186,4,10,12.149999999999999,1.3822559799849334,3.4556399499623338,4.1986025392042343,0.70776255707762559,0.47488584474885842,0.24657534246575341,0.84703196347031962,0.79452054794520544,0.591324200913242,0.62937595129375945,-0.038051750380517446,2023,2021,2023,2023-12,MDB_TEMPORAL_2022_2024_1,MDB_ANALYTICAL_2024_2,
17002,Bico do Papagaio,TO,BR_HEALTH_REGIONS_END2024_V1,202773,608703,6.8535112307704189,99,16.264089383492443,6,0,4.0999999999999996,2.9589738278764925,0,2.0219654490489365,0.30136986301369861,0.068493150684931503,0.78767123287671237,0.31735159817351599,0.29223744292237441,0.18493150684931506,0.46575342465753428,-0.28082191780821919,2023,2021,2023,2023-12,MDB_TEMPORAL_2022_2024_1,MDB_ANALYTICAL_2024_2,ZERO_REGISTERED_BEDS
17003,Sudeste,TO,BR_HEALTH_REGIONS_END2024_V1,89584,270850,11.17964458665146,119,43.935757799520026,2,0,1.25,2.2325415252723699,0,1.3953384532952313,0.78310502283105021,0.26027397260273971,0.59589041095890416,0.31735159817351599,0.14840182648401826,0.52168949771689499,0.35388127853881279,0.1678082191780822,2023,2021,2023,2023-12,MDB_TEMPORAL_2022_2024_1,MDB_ANALYTICAL_2024_2,ZERO_REGISTERED_BEDS
17004,Cerrado Tocantins Araguaia,TO,BR_HEALTH_REGIONS_END2024_V1,155428,466291,12.852251113267801,110,23.590418858609752,3,0,3.3250000000000002,1.9301541549785108,0,2.1392541884345162,0.90182648401826482,0.12557077625570776,0.4817351598173516,0.31735159817351599,0.31735159817351599,0.51369863013698625,0.37214611872146119,0.14155251141552505,2023,2021,2023,2023-12,MDB_TEMPORAL_2022_2024_1,MDB_ANALYTICAL_2024_2,ZERO_REGISTERED_BEDS
17005,Ilha do Bananal,TO,BR_HEALTH_REGIONS_END2024_V1,183415,549691,10.910369885320254,347,63.126374635931825,3,0,9.25,1.635635035302456,0,5.0432080255159066,0.76027397260273977,0.40182648401826482,0.37442922374429222,0.31735159817351599,0.908675799086758,0.58105022831050235,0.5334855403348554,0.047564687975646947,2023,2021,2023,2023-12,MDB_TEMPORAL_2022_2024_1,MDB_ANALYTICAL_2024_2,ZERO_REGISTERED_BEDS
17006,Capim Dourado,TO,BR_HEALTH_REGIONS_END2024_V1,394338,1161418,9.0941808728103855,1074,92.473166422424995,4,11,18.125,1.0143582408999385,2.7894851624748314,4.5963107790778466,0.56849315068493156,0.5730593607305936,0.11872146118721461,0.80821917808219179,0.86757990867579904,0.57077625570776258,0.59817351598173518,-0.027397260273972601,2023,2021,2023,2023-12,MDB_TEMPORAL_2022_2024_1,MDB_ANALYTICAL_2024_2,
17007,Cantão,TO,BR_HEALTH_REGIONS_END2024_V1,130833,389949,9.3318932818350451,234,60.007847180015851,1,0,1.825,0.76433315753670705,0,1.3949080125044904,0.58675799086757996,0.38127853881278539,0.043378995433789952,0.31735159817351599,0.14611872146118721,0.48401826484018268,0.16894977168949774,0.31506849315068497,2023,2021,2023,2023-12,MDB_TEMPORAL_2022_2024_1,MDB_ANALYTICAL_2024_2,ZERO_REGISTERED_BEDS
17008,Amor Perfeito,TO,BR_HEALTH_REGIONS_END2024_V1,121438,361256,11.472961705775219,293,81.105919348052353,1,0,2,0.82346547209275511,0,1.6469309441855102,0.82876712328767121,0.5091324200913242,0.057077625570776253,0.31735159817351599,0.19406392694063926,0.66894977168949765,0.18949771689497716,0.47945205479452047,2023,2021,2023,2023-12,MDB_TEMPORAL_2022_2024_1,MDB_ANALYTICAL_2024_2,ZERO_REGISTERED_BEDS
21001,Açailândia,MA,BR_HEALTH_REGIONS_END2024_V1,268947,810918,8.0618893959474338,304,37.48837736984504,5,0,4.9000000000000004,1.8591023510208333,0,1.8219203040004164,0.44748858447488582,0.21689497716894976,0.4589041095890411,0.31735159817351599,0.23059360730593606,0.3321917808219178,0.33561643835616439,-0.003424657534246589,2023,2021,2023,2023-12,MDB_TEMPORAL_2022_2024_1,MDB_ANALYTICAL_2024_2,ZERO_REGISTERED_BEDS
21002,Bacabal,MA,BR_HEALTH_REGIONS_END2024_V1,263358,792681,6.2357532774097466,530,66.861700986903926,5,0,4.8500000000000005,1.8985563377607666,0,1.8415996476279439,0.23287671232876711,0.4178082191780822,0.4726027397260274,0.31735159817351599,0.23744292237442921,0.32534246575342463,0.34246575342465757,-0.017123287671232945,2023,2021,2023,2023-12,MDB_TEMPORAL_2022_2024_1,MDB_ANALYTICAL_2024_2,ZERO_REGISTERED_BEDS
21003,Balsas,MA,BR_HEALTH_REGIONS_END2024_V1,239000,712187,8.7185885051416481,158,22.18518450912471,3,0,3.8500000000000001,1.2552301255230125,0,1.6108786610878663,0.52283105022831056,0.11187214611872145,0.19178082191780821,0.31735159817351599,0.18493150684931506,0.31735159817351599,0.23135464231354641,0.085996955859969582,2023,2021,2023,2023-12,MDB_TEMPORAL_2022_2024_1,MDB_ANALYTICAL_2024_2,ZERO_REGISTERED_BEDS
21004,Barra do Corda,MA,BR_HEALTH_REGIONS_END2024_V1,232555,695993,6.4018560681907815,248,35.632542281316049,4,0,3.25,1.7200232203134742,0,1.3975188665046978,0.25570776255707761,0.19178082191780821,0.42009132420091322,0.31735159817351599,0.15068493150684931,0.22374429223744291,0.29604261796042614,-0.072298325722983225,2023,2021,2023,2023-12,MDB_TEMPORAL_2022_2024_1,MDB_ANALYTICAL_2024_2,ZERO_REGISTERED_BEDS
21005,Caxias,MA,BR_HEALTH_REGIONS_END2024_V1,295423,888336,8.8921307863395906,313,35.234415806631723,7,0,5.5499999999999989,2.3694837571888443,0,1.8786621217711548,0.5547945205479452,0.18721461187214611,0.64840182648401823,0.31735159817351599,0.24429223744292236,0.37100456621004563,0.40334855403348552,-0.03234398782343989,2023,2021,2023,2023-12,MDB_TEMPORAL_2022_2024_1,MDB_ANALYTICAL_2024_2,ZERO_REGISTERED_BEDS
21006,Chapadinha,MA,BR_HEALTH_REGIONS_END2024_V1,362618,1088601,3.5145242085230892,463,42.531653011525805,2,0,4.2750000000000004,0.55154460065413191,0,1.178926583898207,0.022831050228310501,0.25799086757990869,0.011415525114155251,0.31735159817351599,0.11187214611872145,0.1404109589041096,0.14687975646879756,-0.0064687975646879614,2023,2021,2023,2023-12,MDB_TEMPORAL_2022_2024_1,MDB_ANALYTICAL_2024_2,ZERO_REGISTERED_BEDS
21007,Codó,MA,BR_HEALTH_REGIONS_END2024_V1,293847,885625,5.5051021733898944,763,86.15384615384616,4,0,7.2000000000000002,1.3612526246652168,0,2.4502547243973907,0.14383561643835616,0.53881278538812782,0.22374429223744291,0.31735159817351599,0.41095890410958902,0.341324200913242,0.31735159817351594,0.023972602739726068,2023,2021,2023,2023-12,MDB_TEMPORAL_2022_2024_1,MDB_ANALYTICAL_2024_2,ZERO_REGISTERED_BEDS
21008,Imperatriz,MA,BR_HEALTH_REGIONS_END2024_V1,556631,1665459,7.5608609412453296,305,18.313269795293671,9,0,9.5999999999999996,1.6168700629321759,0,1.7246614004609875,0.3949771689497717,0.082191780821917804,0.35388127853881279,0.31735159817351599,0.21004566210045661,0.23858447488584475,0.29375951293759511,-0.055175038051750364,2023,2021,2023,2023-12,MDB_TEMPORAL_2022_2024_1,MDB_ANALYTICAL_2024_2,ZERO_REGISTERED_BEDS
21009,Itapecuru Mirim,MA,BR_HEALTH_REGIONS_END2024_V1,367552,1103524,4.1929426740045388,847,76.754107749355697,4,0,6.8000000000000007,1.0882813860351732,0,1.8500783562597947,0.050228310502283102,0.48858447488584472,0.14155251141552511,0.31735159817351599,0.23972602739726026,0.26940639269406391,0.23287671232876714,0.036529680365296774,2023,2021,2023,2023-12,MDB_TEMPORAL_2022_2024_1,MDB_ANALYTICAL_2024_2,ZERO_REGISTERED_BEDS
21010,Pedreiras,MA,BR_HEALTH_REGIONS_END2024_V1,212982,641970,5.7228433067779987,487,75.860242690468411,7,0,2.3999999999999995,3.2866627226713994,0,1.1268557906301937,0.17351598173515981,0.4817351598173516,0.85159817351598177,0.31735159817351599,0.1004566210045662,0.3276255707762557,0.42313546423135467,-0.095509893455098971,2023,2021,2023,2023-12,MDB_TEMPORAL_2022_2024_1,MDB_ANALYTICAL_2024_2,ZERO_REGISTERED_BEDS
21011,Pinheiro,MA,BR_HEALTH_REGIONS_END2024_V1,402005,1203607,3.4164886863022073,665,55.250592593761915,12,0,7.0750000000000002,2.985037499533588,0,1.7599283591000112,0.015981735159817351,0.34018264840182649,0.79680365296803657,0.31735159817351599,0.21917808219178081,0.17808219178082191,0.44444444444444448,-0.26636225266362257,2023,2021,2023,2023-12,MDB_TEMPORAL_2022_2024_1,MDB_ANALYTICAL_2024_2,ZERO_REGISTERED_BEDS
21012,Presidente Dutra,MA,BR_HEALTH_REGIONS_END2024_V1,282350,849585,6.1334744318360235,593,69.798784112243041,9,0,4.1999999999999993,3.1875332034708697,0,1.4875154949530722,0.22146118721461186,0.44748858447488582,0.84018264840182644,0.31735159817351599,0.16894977168949771,0.33447488584474883,0.44216133942161334,-0.10768645357686452,2023,2021,2023,2023-12,MDB_TEMPORAL_2022_2024_1,MDB_ANALYTICAL_2024_2,ZERO_REGISTERED_BEDS
21013,Rosário,MA,BR_HEALTH_REGIONS_END2024_V1,295431,884365,4.0081403831078353,647,73.159837849756599,6,0,6.1500000000000004,2.0309310803537883,0,2.081704357362633,0.045662100456621002,0.46118721461187212,0.5182648401826484,0.31735159817351599,0.30821917808219179,0.25342465753424659,0.38127853881278534,-0.12785388127853875,2023,2021,2023,2023-12,MDB_TEMPORAL_2022_2024_1,MDB_ANALYTICAL_2024_2,ZERO_REGISTERED_BEDS
21014,Santa Inês,MA,BR_HEALTH_REGIONS_END2024_V1,358257,1083837,5.8720667978575456,927,85.529466146662273,3,0,5.5,0.83738768537669883,0,1.5352107565239479,0.19634703196347031,0.53196347031963476,0.066210045662100453,0.31735159817351599,0.17351598173515981,0.36415525114155256,0.18569254185692541,0.17846270928462715,2023,2021,2023,2023-12,MDB_TEMPORAL_2022_2024_1,MDB_ANALYTICAL_2024_2,ZERO_REGISTERED_BEDS
21015,São João dos Patos,MA,BR_HEALTH_REGIONS_END2024_V1,239482,719917,8.3187571540352856,290,40.282421445805554,7,0,3.3999999999999999,2.9229754219523802,0,1.4197309192340133,0.47031963470319632,0.24429223744292236,0.77168949771689499,0.31735159817351599,0.15525114155251141,0.35730593607305933,0.4147640791476408,-0.057458143074581469,2023,2021,2023,2023-12,MDB_TEMPORAL_2022_2024_1,MDB_ANALYTICAL_2024_2,ZERO_REGISTERED_BEDS
21016,São Luís,MA,BR_HEALTH_REGIONS_END2024_V1,1538989,4579390,4.5776649515223014,13831,302.02712588357838,10,0,50.925000000000018,0.64977722387879311,0,3.3089905126027555,0.075342465753424653,0.95890410958904104,0.018264840182648401,0.31735159817351599,0.62785388127853881,0.51712328767123283,0.32115677321156771,0.19596651445966512,2023,2021,2023,2023-12,MDB_TEMPORAL_2022_2024_1,MDB_ANALYTICAL_2024_2,ZERO_REGISTERED_BEDS
21017,Timon,MA,BR_HEALTH_REGIONS_END2024_V1,258984,773111,8.5439475140641878,669,86.533499070637987,5,0,4.9999999999999991,1.9306211966762425,0,1.9306211966762421,0.50456621004566216,0.54109589041095896,0.48401826484018262,0.31735159817351599,0.25114155251141551,0.52283105022831056,0.35083713850837134,0.17199391171993922,2023,2021,2023,2023-12,MDB_TEMPORAL_2022_2024_1,MDB_ANALYTICAL_2024_2,ZERO_REGISTERED_BEDS
21018,Viana,MA,BR_HEALTH_REGIONS_END2024_V1,264138,793366,4.6974327225314827,445,56.090127381309507,8,0,3.6499999999999999,3.0287198358433849,0,1.3818534251035444,0.079908675799086754,0.35844748858447489,0.80821917808219179,0.31735159817351599,0.14155251141552511,0.21917808219178081,0.42237442922374435,-0.20319634703196354,2023,2021,2023,2023-12,MDB_TEMPORAL_2022_2024_1,MDB_ANALYTICAL_2024_2,ZERO_REGISTERED_BEDS
21019,Zé Doca,MA,BR_HEALTH_REGIONS_END2024_V1,270685,817003,5.8647339527564197,609,74.540729960599904,2,0,3.1499999999999999,0.73886620980106033,0,1.1637142804366698,0.19178082191780821,0.47031963470319632,0.038812785388127852,0.31735159817351599,0.1050228310502283,0.33105022831050224,0.15372907153729071,0.17732115677321153,2023,2021,2023,2023-12,MDB_TEMPORAL_2022_2024_1,MDB_ANALYTICAL_2024_2,ZERO_REGISTERED_BEDS
22001,Carnaubais,PI,BR_HEALTH_REGIONS_END2024_V1,163122,490074,11.65286705924947,241,49.176246852516144,4,0,3.5,2.4521523767486912,0,2.1456333296551047,0.85159817351598177,0.29908675799086759,0.67123287671232879,0.31735159817351599,0.31963470319634701,0.57534246575342474,0.43607305936073065,0.13926940639269408,2023,2021,2023,2023-12,MDB_TEMPORAL_2022_2024_1,MDB_ANALYTICAL_2024_2,ZERO_REGISTERED_BEDS
22002,Chapada das Mangabeiras,PI,BR_HEALTH_REGIONS_END2024_V1,190355,569804,10.116834205584652,37,6.4934609093653251,6,0,1.2,3.1520054634761365,0,0.63040109269522737,0.68949771689497719,0.018264840182648401,0.83789954337899542,0.31735159817351599,0.045662100456621002,0.35388127853881279,0.40030441400304406,-0.046423135464231269,2023,2021,2023,2023-12,MDB_TEMPORAL_2022_2024_1,MDB_ANALYTICAL_2024_2,ZERO_REGISTERED_BEDS
22003,Cocais,PI,BR_HEALTH_REGIONS_END2024_V1,410990,1230894,11.645246286033887,468,38.021145606364151,9,0,7.75,2.1898343025377747,0,1.8856906494075283,0.84931506849315064,0.22146118721461186,0.58447488584474883,0.31735159817351599,0.24657534246575341,0.53538812785388123,0.38280060882800609,0.15258751902587514,2023,2021,2023,2023-12,MDB_TEMPORAL_2022_2024_1,MDB_ANALYTICAL_2024_2,ZERO_REGISTERED_BEDS
22004,Entre Rios,PI,BR_HEALTH_REGIONS_END2024_V1,1288419,3845862,8.4255568372784762,3886,101.04366719346663,17,10,48.725000000000009,1.3194465465038934,0.77614502735523139,3.7817666457883661,0.4908675799086758,0.61872146118721461,0.21232876712328766,0.68721461187214616,0.71917808219178081,0.5547945205479452,0.5395738203957382,0.015220700152207001,2023,2021,2023,2023-12,MDB_TEMPORAL_2022_2024_1,MDB_ANALYTICAL_2024_2,
22005,Planície Litorânea,PI,BR_HEALTH_REGIONS_END2024_V1,300230,895292,8.1775354886127545,2421,270.41456865469587,5,0,8.8499999999999996,1.6653898677680443,0,2.9477400659494388,0.46118721461187212,0.94292237442922378,0.39269406392694062,0.31735159817351599,0.54337899543378998,0.70205479452054798,0.41780821917808214,0.28424657534246583,2023,2021,2023,2023-12,MDB_TEMPORAL_2022_2024_1,MDB_ANALYTICAL_2024_2,ZERO_REGISTERED_BEDS
22006,Serra da Capivara,PI,BR_HEALTH_REGIONS_END2024_V1,160970,481472,11.1238970963895,177,36.762262395321009,2,9,3.1000000000000001,1.2424675405355035,5.5911039324097658,1.9258246878300305,0.77397260273972601,0.20319634703196346,0.18493150684931506,0.93721461187214616,0.24885844748858446,0.48858447488584472,0.45700152207001521,0.031582952815829513,2023,2021,2023,2023-12,MDB_TEMPORAL_2022_2024_1,MDB_ANALYTICAL_2024_2,
22007,Tabuleiros do Alto Parnaíba,PI,BR_HEALTH_REGIONS_END2024_V1,53633,159163,6.9191416251150653,74,46.493217644804382,1,0,0.5,1.8645237074189396,0,0.93226185370946979,0.30821917808219179,0.27168949771689499,0.4634703196347032,0.31735159817351599,0.070776255707762553,0.28995433789954339,0.28386605783866059,0.0060882800608828003,2023,2021,2023,2023-12,MDB_TEMPORAL_2022_2024_1,MDB_ANALYTICAL_2024_2,ZERO_REGISTERED_BEDS
22008,Vale do Canindé,PI,BR_HEALTH_REGIONS_END2024_V1,109202,327776,15.297764741329832,154,46.98330567216636,3,0,2.5,2.7472024321898867,0,2.2893353601582387,0.97031963470319638,0.27853881278538811,0.74885844748858443,0.31735159817351599,0.35844748858447489,0.62442922374429222,0.47488584474885842,0.1495433789954338,2023,2021,2023,2023-12,MDB_TEMPORAL_2022_2024_1,MDB_ANALYTICAL_2024_2,ZERO_REGISTERED_BEDS
22009,Vale do Rio Guaribas,PI,BR_HEALTH_REGIONS_END2024_V1,243629,730889,14.461645750712297,391,53.496495363865101,4,0,2.875,1.6418406675724153,0,1.1800729798176735,0.95205479452054798,0.32648401826484019,0.38127853881278539,0.31735159817351599,0.11415525114155251,0.63926940639269403,0.27092846270928467,0.36834094368340936,2023,2021,2023,2023-12,MDB_TEMPORAL_2022_2024_1,MDB_ANALYTICAL_2024_2,ZERO_REGISTERED_BEDS
22010,Vale do Sambito,PI,BR_HEALTH_REGIONS_END2024_V1,104628,315034,11.998246854051853,119,37.773700616441396,5,0,4.5499999999999998,4.7788354933669766,0,4.3487402989639481,0.86986301369863017,0.21917808219178081,0.95662100456621002,0.31735159817351599,0.82648401826484019,0.54452054794520555,0.70015220700152214,-0.1556316590563166,2023,2021,2023,2023-12,MDB_TEMPORAL_2022_2024_1,MDB_ANALYTICAL_2024_2,ZERO_REGISTERED_BEDS
22011,Vale dos Rios Piauí e Itaueiras,PI,BR_HEALTH_REGIONS_END2024_V1,210877,634349,10.291003339607698,247,38.937556455515811,5,0,5.0999999999999996,2.3710504227582905,0,2.4184714312134559,0.71461187214611877,0.22831050228310501,0.65068493150684936,0.31735159817351599,0.40182648401826482,0.47146118721461189,0.45662100456621008,0.014840182648401812,2023,2021,2023,2023-12,MDB_TEMPORAL_2022_2024_1,MDB_ANALYTICAL_2024_2,ZERO_REGISTERED_BEDS
22012,Chapada Vale do Rio Itaim,PI,BR_HEALTH_REGIONS_END2024_V1,129826,390171,14.484840154599706,258,66.124852949091562,6,4,1.375,4.6215704096251908,3.0810469397501272,1.0591098855391061,0.954337899543379,0.4132420091324201,0.94748858447488582,0.82420091324200917,0.091324200913242004,0.68378995433789957,0.62100456621004574,0.062785388127853836,2023,2021,2023,2023-12,MDB_TEMPORAL_2022_2024_1,MDB_ANALYTICAL_2024_2,
23001,1ª RS Fortaleza,CE,BR_HEALTH_REGIONS_END2024_V1,4792661,14320245,6.2766342462359752,23610,164.8714808999427,69,49,153.22499999999994,1.4397012432133214,1.0223965350355471,3.1970756955269719,0.23972602739726026,0.78767123287671237,0.26712328767123289,0.69863013698630139,0.6095890410958904,0.51369863013698636,0.52511415525114158,-0.011415525114155223,2023,2021,2023,2023-12,MDB_TEMPORAL_2022_2024_1,MDB_ANALYTICAL_2024_2,
23011,5ª  RS Sobral,CE,BR_HEALTH_REGIONS_END2024_V1,1708092,5098891,9.9505179586951069,3260,63.935471458401445,48,20,42.699999999999996,2.8101530830892014,1.1708971179538339,2.4998653468314354,0.66210045662100458,0.40639269406392692,0.75570776255707761,0.71232876712328763,0.43835616438356162,0.53424657534246578,0.63546423135464225,-0.10121765601217647,2023,2021,2023,2023-12,MDB_TEMPORAL_2022_2024_1,MDB_ANALYTICAL_2024_2,
23023,2ª RS Cariri,CE,BR_HEALTH_REGIONS_END2024_V1,1504012,4500617,10.463910930894935,2409,53.525994324778139,43,8,48.149999999999984,2.8590197418637615,0.53191064964907198,3.2014372225753505,0.73515981735159819,0.32876712328767121,0.76027397260273977,0.67123287671232879,0.61187214611872143,0.53196347031963476,0.68112633181126336,-0.14916286149162861,2023,2021,2023,2023-12,MDB_TEMPORAL_2022_2024_1,MDB_ANALYTICAL_2024_2,
23024,3ª RS Sertão Central,CE,BR_HEALTH_REGIONS_END2024_V1,641658,1922450,11.133867524408036,2334,121.40757887071184,20,13,14.149999999999999,3.1169252156133016,2.0260013901486462,2.2052245900464111,0.77625570776255703,0.68493150684931503,0.82876712328767121,0.76940639269406397,0.34018264840182649,0.73059360730593603,0.64611872146118721,0.084474885844748826,2023,2021,2023,2023-12,MDB_TEMPORAL_2022_2024_1,MDB_ANALYTICAL_2024_2,
23025,4ª RS Litoral Leste/Jaguaribe,CE,BR_HEALTH_REGIONS_END2024_V1,550249,1646944,9.1241257371379447,1362,82.69862241824859,14,0,11.999999999999998,2.5443026702456524,0,2.1808308602105591,0.5730593607305936,0.52054794520547942,0.69634703196347036,0.31735159817351599,0.32876712328767121,0.54680365296803646,0.44748858447488588,0.099315068493150582,2023,2021,2023,2023-12,MDB_TEMPORAL_2022_2024_1,MDB_ANALYTICAL_2024_2,ZERO_REGISTERED_BEDS
24001,1ª Região de Saúde - São José de Mipibu,RN,BR_HEALTH_REGIONS_END2024_V1,392468,1172121,5.1053377582612836,1317,112.36041330203965,6,0,15.649999999999999,1.5287870603463214,0,3.9875862490699872,0.11643835616438356,0.66210045662100458,0.31506849315068491,0.31735159817351599,0.75799086757990863,0.38926940639269408,0.4634703196347032,-0.074200913242009114,2023,2021,2023,2023-12,MDB_TEMPORAL_2022_2024_1,MDB_ANALYTICAL_2024_2,ZERO_REGISTERED_BEDS
24002,2ª Região de Saúde - Mossoró,RN,BR_HEALTH_REGIONS_END2024_V1,469080,1405595,8.3243755927526397,1734,123.36412693556821,9,0,18.650000000000002,1.918649270913277,0,3.9758676558369577,0.4726027397260274,0.68949771689497719,0.4771689497716895,0.31735159817351599,0.74885844748858443,0.58105022831050235,0.51445966514459662,0.066590563165905725,2023,2021,2023,2023-12,MDB_TEMPORAL_2022_2024_1,MDB_ANALYTICAL_2024_2,ZERO_REGISTERED_BEDS
24003,3ª Região de Saúde - João Câmara,RN,BR_HEALTH_REGIONS_END2024_V1,349096,1045924,5.9401549937186866,1148,109.75940890542716,7,0,11.049999999999999,2.0051790911382543,0,3.1653184224396727,0.20091324200913241,0.65296803652968038,0.5091324200913242,0.31735159817351599,0.60273972602739723,0.4269406392694064,0.47640791476407918,-0.04946727549467278,2023,2021,2023,2023-12,MDB_TEMPORAL_2022_2024_1,MDB_ANALYTICAL_2024_2,ZERO_REGISTERED_BEDS
24004,4ª Região de Saúde - Caicó,RN,BR_HEALTH_REGIONS_END2024_V1,306053,919495,12.362592008144745,557,60.576729617888077,7,0,10.75,2.2871855528290852,0,3.5124635275589524,0.88127853881278539,0.38356164383561642,0.61415525114155256,0.31735159817351599,0.67123287671232879,0.63242009132420085,0.53424657534246578,0.098173515981735071,2023,2021,2023,2023-12,MDB_TEMPORAL_2022_2024_1,MDB_ANALYTICAL_2024_2,ZERO_REGISTERED_BEDS
24005,5ª Região de Saúde - Santa Cruz,RN,BR_HEALTH_REGIONS_END2024_V1,191050,574623,5.5575767924920161,535,93.10452244341073,5,0,5.0750000000000002,2.617115938236064,0,2.656372677309605,0.15296803652968036,0.57762557077625576,0.72602739726027399,0.31735159817351599,0.4817351598173516,0.36529680365296807,0.50837138508371382,-0.14307458143074575,2023,2021,2023,2023-12,MDB_TEMPORAL_2022_2024_1,MDB_ANALYTICAL_2024_2,ZERO_REGISTERED_BEDS
24006,6ª Região de Saúde - Pau dos Ferros,RN,BR_HEALTH_REGIONS_END2024_V1,249288,749717,9.7555007042363453,415,55.354220325802942,6,0,6.125,2.4068547222489651,0,2.4569975289624852,0.63242009132420096,0.34246575342465752,0.65753424657534243,0.31735159817351599,0.4178082191780822,0.48744292237442921,0.46423135464231358,0.023211567732115634,2023,2021,2023,2023-12,MDB_TEMPORAL_2022_2024_1,MDB_ANALYTICAL_2024_2,ZERO_REGISTERED_BEDS
24007,7ª Região de Saúde - Metropolitana,RN,BR_HEALTH_REGIONS_END2024_V1,1327751,3961364,5.7644883834484686,7178,181.20021285597588,14,11,72.72499999999998,1.0544145702017922,0.82846859087283686,5.4773071155660942,0.17808219178082191,0.83333333333333337,0.13470319634703196,0.69406392694063923,0.93150684931506844,0.50570776255707761,0.58675799086757985,-0.081050228310502237,2023,2021,2023,2023-12,MDB_TEMPORAL_2022_2024_1,MDB_ANALYTICAL_2024_2,
24008,8ª Região de Saúde - Açu,RN,BR_HEALTH_REGIONS_END2024_V1,151492,454776,5.5773352041577926,227,49.914683272644119,1,0,2.6999999999999997,0.66010086341192931,0,1.7822723312122091,0.15525114155251141,0.30136986301369861,0.020547945205479451,0.31735159817351599,0.22602739726027396,0.22831050228310501,0.18797564687975646,0.040334855403348552,2023,2021,2023,2023-12,MDB_TEMPORAL_2022_2024_1,MDB_ANALYTICAL_2024_2,ZERO_REGISTERED_BEDS
25001,1ª Região Mata Atlântica,PB,BR_HEALTH_REGIONS_END2024_V1,1402455,4163420,5.4921875508168947,3228,77.532413256409384,18,0,77.900000000000006,1.2834636405446163,0,5.5545454221347574,0.14155251141552511,0.4954337899543379,0.20091324200913241,0.31735159817351599,0.93378995433789957,0.3184931506849315,0.48401826484018268,-0.16552511415525117,2023,2021,2023,2023-12,MDB_TEMPORAL_2022_2024_1,MDB_ANALYTICAL_2024_2,ZERO_REGISTERED_BEDS
25002,2ª Região,PB,BR_HEALTH_REGIONS_END2024_V1,300259,902316,5.0749887080812188,746,82.6761356331928,14,0,9.9500000000000011,4.6626412530515315,0,3.3138057477044818,0.11415525114155251,0.5182648401826484,0.95205479452054798,0.31735159817351599,0.63470319634703198,0.31621004566210043,0.63470319634703198,-0.31849315068493156,2023,2021,2023,2023-12,MDB_TEMPORAL_2022_2024_1,MDB_ANALYTICAL_2024_2,ZERO_REGISTERED_BEDS
25003,3ª Região,PB,BR_HEALTH_REGIONS_END2024_V1,196280,588344,8.7795893467067305,1245,211.61089430673212,6,0,5.9000000000000004,3.0568575504381497,0,3.0059099245975136,0.53424657534246578,0.89269406392694062,0.81506849315068497,0.31735159817351599,0.5639269406392694,0.7134703196347032,0.56544901065449016,0.14802130898021304,2023,2021,2023,2023-12,MDB_TEMPORAL_2022_2024_1,MDB_ANALYTICAL_2024_2,ZERO_REGISTERED_BEDS
25004,4ª Região,PB,BR_HEALTH_REGIONS_END2024_V1,108144,325121,11.477252318205139,366,112.57347264556887,4,0,2.1000000000000001,3.6987720076934458,0,1.9418553040390591,0.83561643835616439,0.66438356164383561,0.8904109589041096,0.31735159817351599,0.26027397260273971,0.75,0.4893455098934551,0.2606544901065449,2023,2021,2023,2023-12,MDB_TEMPORAL_2022_2024_1,MDB_ANALYTICAL_2024_2,ZERO_REGISTERED_BEDS
25005,5ª Região,PB,BR_HEALTH_REGIONS_END2024_V1,114488,343202,9.9956012831880745,334,97.318780193588609,7,0,4.2249999999999996,6.114177905107959,0,3.6903430927258749,0.67123287671232879,0.59817351598173518,0.98630136986301364,0.31735159817351599,0.70547945205479456,0.63470319634703198,0.66971080669710803,-0.035007610350076046,2023,2021,2023,2023-12,MDB_TEMPORAL_2022_2024_1,MDB_ANALYTICAL_2024_2,ZERO_REGISTERED_BEDS
25006,6ª Região,PB,BR_HEALTH_REGIONS_END2024_V1,234619,703884,7.5341059098107044,574,81.54752771763529,7,0,12.799999999999997,2.9835605811976014,0,5.4556536341898987,0.3904109589041096,0.51369863013698636,0.79452054794520544,0.31735159817351599,0.92922374429223742,0.45205479452054798,0.68036529680365299,-0.22831050228310501,2023,2021,2023,2023-12,MDB_TEMPORAL_2022_2024_1,MDB_ANALYTICAL_2024_2,ZERO_REGISTERED_BEDS
25007,7ª Região,PB,BR_HEALTH_REGIONS_END2024_V1,144989,436579,12.354691824089151,296,67.799871271866039,10,0,7.0000000000000009,6.8970749505134874,0,4.8279524653594414,0.87899543378995437,0.42465753424657532,0.99315068493150682,0.31735159817351599,0.88584474885844744,0.65182648401826482,0.73211567732115679,-0.08028919330289197,2023,2021,2023,2023-12,MDB_TEMPORAL_2022_2024_1,MDB_ANALYTICAL_2024_2,ZERO_REGISTERED_BEDS
25008,8ª Região,PB,BR_HEALTH_REGIONS_END2024_V1,117282,351656,13.834815036389896,124,35.261733057306003,6,0,3.5749999999999988,5.1158745587558192,0,3.0482085912586747,0.93835616438356162,0.18949771689497716,0.96575342465753422,0.31735159817351599,0.57762557077625576,0.5639269406392694,0.62024353120243536,-0.056316590563165958,2023,2021,2023,2023-12,MDB_TEMPORAL_2022_2024_1,MDB_ANALYTICAL_2024_2,ZERO_REGISTERED_BEDS
25009,9ª Região,PB,BR_HEALTH_REGIONS_END2024_V1,178410,534535,11.314867761895492,139,26.0039099404155,8,0,6,4.4840535844403338,0,3.3630401883302503,0.81278538812785384,0.13013698630136986,0.94063926940639264,0.31735159817351599,0.64611872146118721,0.47146118721461183,0.63470319634703198,-0.16324200913242015,2023,2021,2023,2023-12,MDB_TEMPORAL_2022_2024_1,MDB_ANALYTICAL_2024_2,ZERO_REGISTERED_BEDS
25010,10ª Região,PB,BR_HEALTH_REGIONS_END2024_V1,117014,351060,10.244222464003784,39,11.109212100495641,4,0,3.8750000000000004,3.4183943801596395,0,3.3115695557796503,0.71004566210045661,0.047945205479452052,0.86301369863013699,0.31735159817351599,0.63013698630136983,0.37899543378995432,0.60350076103500749,-0.22450532724505318,2023,2021,2023,2023-12,MDB_TEMPORAL_2022_2024_1,MDB_ANALYTICAL_2024_2,ZERO_REGISTERED_BEDS
25011,11ª Região,PB,BR_HEALTH_REGIONS_END2024_V1,79902,240721,11.752335850314706,115,47.773148167380498,7,0,3,8.7607318965733025,0,3.7545993842457008,0.86073059360730597,0.28767123287671231,0.99771689497716898,0.31735159817351599,0.71461187214611877,0.57420091324200917,0.6765601217656011,-0.10235920852359193,2023,2021,2023,2023-12,MDB_TEMPORAL_2022_2024_1,MDB_ANALYTICAL_2024_2,ZERO_REGISTERED_BEDS
25012,12ª Região,PB,BR_HEALTH_REGIONS_END2024_V1,178834,535629,3.8822293154467951,570,106.41694157709908,4,0,6.5250000000000004,2.2367111399398323,0,3.6486350470268518,0.041095890410958902,0.63926940639269403,0.59817351598173518,0.31735159817351599,0.69406392694063923,0.34018264840182644,0.5365296803652968,-0.19634703196347036,2023,2021,2023,2023-12,MDB_TEMPORAL_2022_2024_1,MDB_ANALYTICAL_2024_2,ZERO_REGISTERED_BEDS
25013,13ª Região,PB,BR_HEALTH_REGIONS_END2024_V1,60239,181058,7.0422457019122318,71,39.213953539749696,3,0,1.75,4.9801623532927177,0,2.9050947060874184,0.33789954337899542,0.23287671232876711,0.9634703196347032,0.31735159817351599,0.5365296803652968,0.28538812785388123,0.60578386605783863,-0.32039573820395739,2023,2021,2023,2023-12,MDB_TEMPORAL_2022_2024_1,MDB_ANALYTICAL_2024_2,ZERO_REGISTERED_BEDS
25014,14ª Região,PB,BR_HEALTH_REGIONS_END2024_V1,157737,470565,5.0115830988253425,404,85.854239053053234,7,0,4.5500000000000007,4.4377666622289,0,2.8845483304487853,0.1050228310502283,0.5365296803652968,0.93150684931506844,0.31735159817351599,0.52968036529680362,0.32077625570776258,0.59284627092846265,-0.27207001522070007,2023,2021,2023,2023-12,MDB_TEMPORAL_2022_2024_1,MDB_ANALYTICAL_2024_2,ZERO_REGISTERED_BEDS
25015,15ª Região,PB,BR_HEALTH_REGIONS_END2024_V1,157181,469736,6.3680544043012404,762,162.21877820733349,7,0,2.8000000000000003,4.4534644772587013,0,1.7813857909034809,0.25114155251141551,0.77853881278538817,0.9360730593607306,0.31735159817351599,0.22374429223744291,0.51484018264840181,0.49238964992389644,0.022450532724505368,2023,2021,2023,2023-12,MDB_TEMPORAL_2022_2024_1,MDB_ANALYTICAL_2024_2,ZERO_REGISTERED_BEDS
25016,16ª Região,PB,BR_HEALTH_REGIONS_END2024_V1,576635,1720451,8.0269192579556154,4493,261.15245362989123,15,20,18.024999999999999,2.6012989152583521,3.4683985536778033,3.1258941965021201,0.4406392694063927,0.93150684931506844,0.71232876712328763,0.84931506849315064,0.591324200913242,0.6860730593607306,0.71765601217656005,-0.031582952815829457,2023,2021,2023,2023-12,MDB_TEMPORAL_2022_2024_1,MDB_ANALYTICAL_2024_2,
26001,Afogados da Ingazeira,PE,BR_HEALTH_REGIONS_END2024_V1,192576,577135,4.5571145806647371,688,119.20954369428296,8,4,7.9000000000000004,4.1542040545031567,2.0771020272515783,4.1022765038218676,0.073059360730593603,0.68264840182648401,0.9178082191780822,0.77168949771689499,0.77168949771689499,0.37785388127853881,0.82039573820395739,-0.44254185692541859,2023,2021,2023,2023-12,MDB_TEMPORAL_2022_2024_1,MDB_ANALYTICAL_2024_2,
26002,Arcoverde,PE,BR_HEALTH_REGIONS_END2024_V1,433732,1293737,5.6436641204669424,859,66.396802441299883,13,16,7.3999999999999995,2.9972425368660831,3.6889138915274873,1.7061226748314624,0.16666666666666666,0.41552511415525112,0.80136986301369861,0.86757990867579904,0.20547945205479451,0.2910958904109589,0.62480974124809741,-0.3337138508371385,2023,2021,2023,2023-12,MDB_TEMPORAL_2022_2024_1,MDB_ANALYTICAL_2024_2,
26003,Caruaru,PE,BR_HEALTH_REGIONS_END2024_V1,1397880,4167863,6.1400939274599295,853,20.46612376654415,23,7,32.050000000000004,1.6453486708444214,0.50075829112656312,2.2927576043723352,0.22374429223744291,0.095890410958904104,0.38356164383561642,0.66666666666666663,0.36073059360730592,0.15981735159817351,0.47031963470319638,-0.31050228310502287,2023,2021,2023,2023-12,MDB_TEMPORAL_2022_2024_1,MDB_ANALYTICAL_2024_2,
26004,Garanhuns,PE,BR_HEALTH_REGIONS_END2024_V1,561291,1678856,5.395524588623279,335,19.954063957837956,17,6,13.949999999999996,3.0287319768177294,1.0689642271121398,2.485341828035724,0.13470319634703196,0.091324200913242004,0.81050228310502281,0.70091324200913241,0.43378995433789952,0.11301369863013698,0.64840182648401823,-0.53538812785388123,2023,2021,2023,2023-12,MDB_TEMPORAL_2022_2024_1,MDB_ANALYTICAL_2024_2,
26005,Goiana,PE,BR_HEALTH_REGIONS_END2024_V1,315040,946056,5.155989763043352,440,46.508874738916084,7,8,9.1499999999999986,2.2219400711020825,2.5393600812595225,2.9043930929405786,0.12100456621004566,0.27625570776255709,0.591324200913242,0.79908675799086759,0.53424657534246578,0.19863013698630139,0.64155251141552505,-0.44292237442922366,2023,2021,2023,2023-12,MDB_TEMPORAL_2022_2024_1,MDB_ANALYTICAL_2024_2,
26006,Limoeiro,PE,BR_HEALTH_REGIONS_END2024_V1,592201,1777166,5.7824124189076107,626,35.224621672933196,14,0,18.699999999999999,2.3640622018537627,0,3.1577116553332401,0.18036529680365296,0.18493150684931506,0.64611872146118721,0.31735159817351599,0.6004566210045662,0.18264840182648401,0.5213089802130898,-0.33866057838660579,2023,2021,2023,2023-12,MDB_TEMPORAL_2022_2024_1,MDB_ANALYTICAL_2024_2,ZERO_REGISTERED_BEDS
26007,Ouricuri,PE,BR_HEALTH_REGIONS_END2024_V1,353270,1057632,10.37806761461645,1038,98.14377779794863,6,6,6.8500000000000005,1.6984176408978968,1.6984176408978968,1.9390268066917657,0.72374429223744297,0.60273972602739723,0.41552511415525112,0.74200913242009137,0.25570776255707761,0.66324200913242004,0.4710806697108067,0.19216133942161334,2023,2021,2023,2023-12,MDB_TEMPORAL_2022_2024_1,MDB_ANALYTICAL_2024_2,
26008,Palmares,PE,BR_HEALTH_REGIONS_END2024_V1,527510,1599132,4.2100471065081466,647,40.459449251218786,12,0,13.925000000000001,2.2748383916892569,0,2.639760383689409,0.052511415525114152,0.24657534246575341,0.6095890410958904,0.31735159817351599,0.4771689497716895,0.1495433789954338,0.4680365296803653,-0.3184931506849315,2023,2021,2023,2023-12,MDB_TEMPORAL_2022_2024_1,MDB_ANALYTICAL_2024_2,ZERO_REGISTERED_BEDS
26009,Petrolina,PE,BR_HEALTH_REGIONS_END2024_V1,556608,1646196,7.5230127072872053,1004,60.989092428848082,9,0,14.525000000000002,1.6169368747844086,0,2.6095564562492819,0.38812785388127852,0.38812785388127852,0.35616438356164382,0.31735159817351599,0.4680365296803653,0.38812785388127852,0.38051750380517507,0.0076103500761034448,2023,2021,2023,2023-12,MDB_TEMPORAL_2022_2024_1,MDB_ANALYTICAL_2024_2,ZERO_REGISTERED_BEDS
26010,Recife,PE,BR_HEALTH_REGIONS_END2024_V1,4189984,12554322,4.4019629706260819,9923,79.040508917964658,46,60,263.39999999999964,1.0978562209306766,1.4319863751269695,6.2864201868073879,0.063926940639269403,0.5,0.14611872146118721,0.72146118721461183,0.96575342465753422,0.2819634703196347,0.61111111111111105,-0.32914764079147635,2023,2021,2023,2023-12,MDB_TEMPORAL_2022_2024_1,MDB_ANALYTICAL_2024_2,
26011,Salgueiro,PE,BR_HEALTH_REGIONS_END2024_V1,146775,439723,10.142036728964952,830,188.75519361052298,2,10,5,1.3626298756600239,6.8131493783001194,3.4065746891500597,0.69863013698630139,0.85388127853881279,0.22831050228310501,0.95662100456621002,0.66210045662100458,0.77625570776255715,0.61567732115677332,0.16057838660578383,2023,2021,2023,2023-12,MDB_TEMPORAL_2022_2024_1,MDB_ANALYTICAL_2024_2,
26012,Serra Talhada,PE,BR_HEALTH_REGIONS_END2024_V1,247616,739867,6.6439109578547626,1777,240.17830231649739,6,8,10.624999999999998,2.4231067459291808,3.2308089945722411,4.290918195916257,0.28082191780821919,0.9178082191780822,0.66210045662100458,0.83105022831050224,0.81050228310502281,0.59931506849315075,0.76788432267884321,-0.16856925418569246,2023,2021,2023,2023-12,MDB_TEMPORAL_2022_2024_1,MDB_ANALYTICAL_2024_2,
27001,1ª Região de Saúde,AL,BR_HEALTH_REGIONS_END2024_V1,1286832,3839249,4.7037216458169482,10361,269.87048769173344,12,6,79.025000000000006,0.93252266030064523,0.46626133015032262,6.1410502691882085,0.082191780821917804,0.94063926940639264,0.093607305936073054,0.66438356164383561,0.95205479452054798,0.51141552511415522,0.5700152207001522,-0.05859969558599698,2023,2021,2023,2023-12,MDB_TEMPORAL_2022_2024_1,MDB_ANALYTICAL_2024_2,
27002,2ª Região de Saúde,AL,BR_HEALTH_REGIONS_END2024_V1,160874,482889,2.9236805132249071,446,92.360770280540663,6,0,3.7250000000000005,3.7296269129878041,0,2.3154767084799288,0.0091324200913242004,0.56849315068493156,0.89269406392694062,0.31735159817351599,0.36986301369863012,0.28881278538812788,0.52663622526636222,-0.23782343987823434,2023,2021,2023,2023-12,MDB_TEMPORAL_2022_2024_1,MDB_ANALYTICAL_2024_2,ZERO_REGISTERED_BEDS
27003,3ª Região de Saúde,AL,BR_HEALTH_REGIONS_END2024_V1,199518,603938,4.5263454421622384,1081,178.99188327278628,7,9,7.25,3.5084553774596783,4.5108711995910138,3.6337573552260949,0.070776255707762553,0.83105022831050224,0.87442922374429222,0.90639269406392697,0.68949771689497719,0.45091324200913241,0.8234398782343989,-0.37252663622526649,2023,2021,2023,2023-12,MDB_TEMPORAL_2022_2024_1,MDB_ANALYTICAL_2024_2,
27004,4ª Região de Saúde,AL,BR_HEALTH_REGIONS_END2024_V1,126034,382852,6.5854849665618289,595,155.41253539226645,5,8,5.4499999999999993,3.9671834584318519,6.3474935334909635,4.3242299696907178,0.27168949771689499,0.76255707762557079,0.91095890410958902,0.95205479452054798,0.81735159817351599,0.51712328767123283,0.893455098934551,-0.37633181126331816,2023,2021,2023,2023-12,MDB_TEMPORAL_2022_2024_1,MDB_ANALYTICAL_2024_2,
27005,5ª Região de Saúde,AL,BR_HEALTH_REGIONS_END2024_V1,194153,589849,5.7629674752328981,1165,197.5081758212695,7,8,8.5,3.6054039855165767,4.1204616977332309,4.377990553841558,0.17579908675799086,0.87442922374429222,0.88356164383561642,0.88812785388127857,0.83333333333333337,0.52511415525114158,0.86834094368340953,-0.34322678843226795,2023,2021,2023,2023-12,MDB_TEMPORAL_2022_2024_1,MDB_ANALYTICAL_2024_2,
27006,6ª Região de Saúde,AL,BR_HEALTH_REGIONS_END2024_V1,191567,577470,3.7350199650760967,563,97.494242125132047,5,0,5.6500000000000004,2.610052879671342,0,2.9493597540286167,0.038812785388127852,0.6004566210045662,0.71917808219178081,0.31735159817351599,0.545662100456621,0.31963470319634701,0.5273972602739726,-0.20776255707762559,2023,2021,2023,2023-12,MDB_TEMPORAL_2022_2024_1,MDB_ANALYTICAL_2024_2,ZERO_REGISTERED_BEDS
27007,7ª Região de Saúde,AL,BR_HEALTH_REGIONS_END2024_V1,523912,1568126,6.0820850439728389,2140,136.4686256078912,12,0,14.849999999999998,2.2904609934492814,0,2.8344454793934855,0.21232876712328766,0.73515981735159819,0.61643835616438358,0.31735159817351599,0.51598173515981738,0.47374429223744291,0.4832572298325723,-0.0095129375951293893,2023,2021,2023,2023-12,MDB_TEMPORAL_2022_2024_1,MDB_ANALYTICAL_2024_2,ZERO_REGISTERED_BEDS
27008,8ª Região de Saúde,AL,BR_HEALTH_REGIONS_END2024_V1,154253,463645,6.710015271675335,828,178.58490871248478,4,0,5.6749999999999998,2.5931424348310892,0,3.6790208294166078,0.28995433789954339,0.82191780821917804,0.71004566210045661,0.31735159817351599,0.70091324200913241,0.55593607305936077,0.576103500761035,-0.020167427701674234,2023,2021,2023,2023-12,MDB_TEMPORAL_2022_2024_1,MDB_ANALYTICAL_2024_2,ZERO_REGISTERED_BEDS
27009,9ª Região de Saúde,AL,BR_HEALTH_REGIONS_END2024_V1,229020,688388,9.3985810671847059,480,69.728118444830528,7,0,5.8250000000000011,3.0565016155794256,0,2.5434459872500224,0.59589041095890416,0.44292237442922372,0.81278538812785384,0.31735159817351599,0.454337899543379,0.51940639269406397,0.52815829528158298,-0.0087519025875190115,2023,2021,2023,2023-12,MDB_TEMPORAL_2022_2024_1,MDB_ANALYTICAL_2024_2,ZERO_REGISTERED_BEDS
27010,10ª Região de Saúde,AL,BR_HEALTH_REGIONS_END2024_V1,152444,458401,5.5845571499467521,193,42.1028749937282,5,0,4.2000000000000011,3.2798929442942981,0,2.7551100732072111,0.15753424657534246,0.25342465753424659,0.84931506849315064,0.31735159817351599,0.5,0.20547945205479451,0.55555555555555547,-0.35007610350076096,2023,2021,2023,2023-12,MDB_TEMPORAL_2022_2024_1,MDB_ANALYTICAL_2024_2,ZERO_REGISTERED_BEDS
28001,Aracaju,SE,BR_HEALTH_REGIONS_END2024_V1,847431,2528740,4.9478199784427135,1579,62.442164872624311,11,14,48.850000000000001,1.2980407844414472,1.6520519074709326,5.7644811199967902,0.10273972602739725,0.3949771689497717,0.20547945205479451,0.73515981735159819,0.9452054794520548,0.24885844748858449,0.62861491628614918,-0.37975646879756469,2023,2021,2023,2023-12,MDB_TEMPORAL_2022_2024_1,MDB_ANALYTICAL_2024_2,
28002,Estância,SE,BR_HEALTH_REGIONS_END2024_V1,237366,713038,6.6262668101178051,457,64.091955828441115,5,0,7.8999999999999995,2.1064516400832467,0,3.3281935913315301,0.27853881278538811,0.408675799086758,0.5547945205479452,0.31735159817351599,0.63926940639269403,0.34360730593607303,0.50380517503805178,-0.16019786910197875,2023,2021,2023,2023-12,MDB_TEMPORAL_2022_2024_1,MDB_ANALYTICAL_2024_2,ZERO_REGISTERED_BEDS
28003,Itabaiana,SE,BR_HEALTH_REGIONS_END2024_V1,258765,772742,9.6446109538470459,251,32.481733877542574,5,0,6.3499999999999996,1.932255134968021,0,2.4539640214093867,0.62100456621004563,0.17123287671232876,0.48858447488584472,0.31735159817351599,0.4132420091324201,0.39611872146118721,0.40639269406392692,-0.010273972602739712,2023,2021,2023,2023-12,MDB_TEMPORAL_2022_2024_1,MDB_ANALYTICAL_2024_2,ZERO_REGISTERED_BEDS
28004,Lagarto,SE,BR_HEALTH_REGIONS_END2024_V1,263206,787373,6.8188673312131032,418,53.087926560854896,7,0,8.8499999999999979,2.6595138408698888,0,3.3623853559569303,0.29680365296803651,0.31963470319634701,0.73972602739726023,0.31735159817351599,0.64383561643835618,0.30821917808219179,0.56697108066971069,-0.2587519025875189,2023,2021,2023,2023-12,MDB_TEMPORAL_2022_2024_1,MDB_ANALYTICAL_2024_2,ZERO_REGISTERED_BEDS
28005,Nossa Senhora da Glória,SE,BR_HEALTH_REGIONS_END2024_V1,175239,522931,6.1539403711027365,206,39.393342525113255,3,0,2.3250000000000002,1.7119476828788114,0,1.3267594542310788,0.22602739726027396,0.23744292237442921,0.4178082191780822,0.31735159817351599,0.12785388127853881,0.2317351598173516,0.28767123287671231,-0.055936073059360714,2023,2021,2023,2023-12,MDB_TEMPORAL_2022_2024_1,MDB_ANALYTICAL_2024_2,ZERO_REGISTERED_BEDS
28006,Nossa Senhora do Socorro,SE,BR_HEALTH_REGIONS_END2024_V1,348579,1039345,5.7961589926329848,758,72.930547604500916,7,0,7.9000000000000021,2.0081531015924656,0,2.2663442146543544,0.18264840182648401,0.4589041095890411,0.51141552511415522,0.31735159817351599,0.35159817351598172,0.32077625570776258,0.39345509893455094,-0.072678843226788359,2023,2021,2023,2023-12,MDB_TEMPORAL_2022_2024_1,MDB_ANALYTICAL_2024_2,ZERO_REGISTERED_BEDS
28007,Propriá,SE,BR_HEALTH_REGIONS_END2024_V1,151408,456351,6.67621112213667,284,62.232798876303541,6,0,4.5,3.9628024939237032,0,2.9721018704427773,0.28767123287671231,0.3904109589041096,0.908675799086758,0.31735159817351599,0.55251141552511418,0.33904109589041098,0.59284627092846265,-0.25380517503805167,2023,2021,2023,2023-12,MDB_TEMPORAL_2022_2024_1,MDB_ANALYTICAL_2024_2,ZERO_REGISTERED_BEDS
29001,Alagoinhas,BA,BR_HEALTH_REGIONS_END2024_V1,518658,1556824,5.6277513165300341,258,16.572200839658176,9,0,10.949999999999998,1.7352475041356732,0,2.1112177966984018,0.16210045662100456,0.070776255707762553,0.4223744292237443,0.31735159817351599,0.31278538812785389,0.11643835616438356,0.35083713850837145,-0.23439878234398789,2023,2021,2023,2023-12,MDB_TEMPORAL_2022_2024_1,MDB_ANALYTICAL_2024_2,ZERO_REGISTERED_BEDS
29002,Barreiras,BA,BR_HEALTH_REGIONS_END2024_V1,502337,1484702,7.0065197128813725,84,5.6577010066666578,6,0,12.649999999999997,1.1944172935698545,0,2.5182297939431093,0.33333333333333331,0.011415525114155251,0.16894977168949771,0.31735159817351599,0.4497716894977169,0.1723744292237443,0.31202435312024351,-0.13964992389649922,2023,2021,2023,2023-12,MDB_TEMPORAL_2022_2024_1,MDB_ANALYTICAL_2024_2,ZERO_REGISTERED_BEDS
29003,Brumado,BA,BR_HEALTH_REGIONS_END2024_V1,408338,1223103,8.8870201500444583,157,12.836204309857797,12,0,7.9249999999999998,2.9387419245820867,0,1.940794146026086,0.55022831050228316,0.059360730593607303,0.77625570776255703,0.31735159817351599,0.25799086757990869,0.3047945205479452,0.45053272450532722,-0.14573820395738202,2023,2021,2023,2023-12,MDB_TEMPORAL_2022_2024_1,MDB_ANALYTICAL_2024_2,ZERO_REGISTERED_BEDS
29004,Camaçari,BA,BR_HEALTH_REGIONS_END2024_V1,612015,1819894,2.7838422647487708,667,36.650486237110513,8,0,14.599999999999998,1.3071575043095349,0,2.3855624453649007,0.0068493150684931503,0.20091324200913241,0.20776255707762556,0.31735159817351599,0.38356164383561642,0.10388127853881278,0.30289193302891931,-0.19901065449010652,2023,2021,2023,2023-12,MDB_TEMPORAL_2022_2024_1,MDB_ANALYTICAL_2024_2,ZERO_REGISTERED_BEDS
29005,Cruz das Almas,BA,BR_HEALTH_REGIONS_END2024_V1,251487,756456,5.8183898347001959,172,22.737608003638016,9,0,5.1500000000000004,3.5787138102565939,0,2.0478195692023844,0.18493150684931506,0.11415525114155251,0.88127853881278539,0.31735159817351599,0.29908675799086759,0.1495433789954338,0.49923896499238968,-0.34969558599695588,2023,2021,2023,2023-12,MDB_TEMPORAL_2022_2024_1,MDB_ANALYTICAL_2024_2,ZERO_REGISTERED_BEDS
29006,Feira de Santana,BA,BR_HEALTH_REGIONS_END2024_V1,1193738,3562811,4.151232490309579,1822,51.139395269634008,20,2,40.025000000000006,1.6754095119699632,0.16754095119699633,3.3529132858298896,0.047945205479452052,0.31278538812785389,0.3995433789954338,0.64383561643835618,0.64155251141552516,0.18036529680365299,0.56164383561643838,-0.38127853881278539,2023,2021,2023,2023-12,MDB_TEMPORAL_2022_2024_1,MDB_ANALYTICAL_2024_2,
29007,Guanambi,BA,BR_HEALTH_REGIONS_END2024_V1,473951,1420439,7.4933879573806808,152,10.70091711083686,10,0,6.25,2.1099227557279128,0,1.3187017223299455,0.37899543378995432,0.043378995433789952,0.55707762557077622,0.31735159817351599,0.12557077625570776,0.21118721461187212,0.33333333333333331,-0.12214611872146119,2023,2021,2023,2023-12,MDB_TEMPORAL_2022_2024_1,MDB_ANALYTICAL_2024_2,ZERO_REGISTERED_BEDS
29008,Ibotirama,BA,BR_HEALTH_REGIONS_END2024_V1,194744,583873,7.54489571201721,29,4.9668335408556317,5,0,2.8250000000000002,2.5674731955798382,0,1.4506223555026088,0.39269406392694062,0.0045662100456621002,0.70319634703196343,0.31735159817351599,0.16210045662100456,0.19863013698630136,0.39421613394216126,-0.1955859969558599,2023,2021,2023,2023-12,MDB_TEMPORAL_2022_2024_1,MDB_ANALYTICAL_2024_2,ZERO_REGISTERED_BEDS
29009,Ilhéus,BA,BR_HEALTH_REGIONS_END2024_V1,332376,998563,5.5379918430225104,276,27.639718275161407,7,0,7.1749999999999998,2.1060485714973405,0,2.1586997857847741,0.14840182648401826,0.14155251141552511,0.55251141552511418,0.31735159817351599,0.32420091324200911,0.1449771689497717,0.3980213089802131,-0.2530441400304414,2023,2021,2023,2023-12,MDB_TEMPORAL_2022_2024_1,MDB_ANALYTICAL_2024_2,ZERO_REGISTERED_BEDS
29010,Irecê,BA,BR_HEALTH_REGIONS_END2024_V1,418942,1254347,9.6815215004381638,88,7.0156025406047924,13,0,11.174999999999997,3.1030548381398857,0,2.6674336781702475,0.62557077625570778,0.025114155251141551,0.82648401826484019,0.31735159817351599,0.48858447488584472,0.32534246575342468,0.54414003044140025,-0.21879756468797557,2023,2021,2023,2023-12,MDB_TEMPORAL_2022_2024_1,MDB_ANALYTICAL_2024_2,ZERO_REGISTERED_BEDS
29011,Itaberaba,BA,BR_HEALTH_REGIONS_END2024_V1,246634,741840,6.9276690531760492,1635,220.39792947266255,8,0,5.7750000000000004,3.2436728107235826,0,2.3415263102410862,0.31278538812785389,0.90182648401826482,0.84474885844748859,0.31735159817351599,0.37442922374429222,0.60730593607305938,0.5121765601217656,0.095129375951293782,2023,2021,2023,2023-12,MDB_TEMPORAL_2022_2024_1,MDB_ANALYTICAL_2024_2,ZERO_REGISTERED_BEDS
29012,Itabuna,BA,BR_HEALTH_REGIONS_END2024_V1,476948,1443784,5.1774818240230784,143,9.9045286552559109,12,0,17.549999999999997,2.5159975510957171,0,3.6796464184774851,0.12328767123287671,0.041095890410958902,0.68721461187214616,0.31735159817351599,0.70319634703196343,0.082191780821917804,0.56925418569254183,-0.48706240487062402,2023,2021,2023,2023-12,MDB_TEMPORAL_2022_2024_1,MDB_ANALYTICAL_2024_2,ZERO_REGISTERED_BEDS
29013,Itapetinga,BA,BR_HEALTH_REGIONS_END2024_V1,233298,703919,6.9921254687089585,84,11.933191176825742,9,0,6.9749999999999996,3.8577270272355526,0,2.9897384461075531,0.32648401826484019,0.054794520547945202,0.90182648401826482,0.31735159817351599,0.5547945205479452,0.1906392694063927,0.591324200913242,-0.40068493150684931,2023,2021,2023,2023-12,MDB_TEMPORAL_2022_2024_1,MDB_ANALYTICAL_2024_2,ZERO_REGISTERED_BEDS
29014,Jacobina,BA,BR_HEALTH_REGIONS_END2024_V1,390246,1170966,7.8047089862995138,349,29.804452050700021,12,0,10.25,3.0749834719638378,0,2.6265483823024449,0.41095890410958902,0.15525114155251141,0.81963470319634701,0.31735159817351599,0.47488584474885842,0.28310502283105021,0.53729071537290718,-0.25418569254185697,2023,2021,2023,2023-12,MDB_TEMPORAL_2022_2024_1,MDB_ANALYTICAL_2024_2,ZERO_REGISTERED_BEDS
29015,Jequié,BA,BR_HEALTH_REGIONS_END2024_V1,510876,1535616,4.7778236403342369,646,42.067808618821367,7,0,17.600000000000001,1.3701955073246737,0,3.4450629898448941,0.091324200913242004,0.25114155251141551,0.23287671232876711,0.31735159817351599,0.66894977168949776,0.17123287671232876,0.40639269406392692,-0.23515981735159816,2023,2021,2023,2023-12,MDB_TEMPORAL_2022_2024_1,MDB_ANALYTICAL_2024_2,ZERO_REGISTERED_BEDS
29016,Juazeiro,BA,BR_HEALTH_REGIONS_END2024_V1,581973,1728302,6.3203620074991482,2405,139.15392101611872,12,0,13.550000000000001,2.0619513276389112,0,2.3282867074589371,0.24429223744292236,0.73972602739726023,0.53424657534246578,0.31735159817351599,0.37214611872146119,0.49200913242009131,0.40791476407914767,0.084094368340943637,2023,2021,2023,2023-12,MDB_TEMPORAL_2022_2024_1,MDB_ANALYTICAL_2024_2,ZERO_REGISTERED_BEDS
29017,Paulo Afonso,BA,BR_HEALTH_REGIONS_END2024_V1,251298,752627,5.6410609903194286,693,92.077483268604496,4,0,3.2999999999999998,1.5917357082030099,0,1.3131819592674832,0.16438356164383561,0.5639269406392694,0.34018264840182649,0.31735159817351599,0.12328767123287671,0.36415525114155251,0.26027397260273971,0.10388127853881279,2023,2021,2023,2023-12,MDB_TEMPORAL_2022_2024_1,MDB_ANALYTICAL_2024_2,ZERO_REGISTERED_BEDS
29018,Porto Seguro,BA,BR_HEALTH_REGIONS_END2024_V1,413378,1226447,6.1167978882209342,90,7.3382706305286725,10,0,10.25,2.4190934205497148,0,2.4795707560634574,0.21917808219178081,0.027397260273972601,0.65981735159817356,0.31735159817351599,0.4269406392694064,0.12328767123287671,0.4680365296803653,-0.34474885844748859,2023,2021,2023,2023-12,MDB_TEMPORAL_2022_2024_1,MDB_ANALYTICAL_2024_2,ZERO_REGISTERED_BEDS
29019,Ribeira do Pombal,BA,BR_HEALTH_REGIONS_END2024_V1,365070,1098317,6.7431017540717608,105,9.560081470103805,9,0,5.6000000000000005,2.4652806311118414,0,1.5339523926918126,0.29223744292237441,0.038812785388127852,0.67579908675799083,0.31735159817351599,0.17123287671232876,0.16552511415525112,0.38812785388127852,-0.2226027397260274,2023,2021,2023,2023-12,MDB_TEMPORAL_2022_2024_1,MDB_ANALYTICAL_2024_2,ZERO_REGISTERED_BEDS
29020,Salvador,BA,BR_HEALTH_REGIONS_END2024_V1,3117710,9394966,3.6582672556250655,7482,79.638393582265223,29,0,131.74999999999977,0.93016990034352132,0,4.22585808173306,0.029680365296803651,0.50228310502283102,0.091324200913242004,0.31735159817351599,0.80136986301369861,0.26598173515981732,0.40334855403348557,-0.13736681887366825,2023,2021,2023,2023-12,MDB_TEMPORAL_2022_2024_1,MDB_ANALYTICAL_2024_2,ZERO_REGISTERED_BEDS
29021,Santa Maria da Vitória,BA,BR_HEALTH_REGIONS_END2024_V1,305891,915617,6.8701683931042021,131,14.307292241188183,9,0,7.5999999999999996,2.9422245178838216,0,2.4845451484352266,0.30365296803652969,0.061643835616438353,0.77853881278538817,0.31735159817351599,0.4315068493150685,0.18264840182648401,0.5091324200913242,-0.32648401826484019,2023,2021,2023,2023-12,MDB_TEMPORAL_2022_2024_1,MDB_ANALYTICAL_2024_2,ZERO_REGISTERED_BEDS
29022,Santo Antônio de Jesus,BA,BR_HEALTH_REGIONS_END2024_V1,480312,1436420,5.8366200887514337,792,55.137076899514071,12,0,13.35,2.4983760555638836,0,2.77944336181482,0.18949771689497716,0.33789954337899542,0.68036529680365299,0.31735159817351599,0.5091324200913242,0.2636986301369863,0.50228310502283102,-0.23858447488584472,2023,2021,2023,2023-12,MDB_TEMPORAL_2022_2024_1,MDB_ANALYTICAL_2024_2,ZERO_REGISTERED_BEDS
29023,Seabra,BA,BR_HEALTH_REGIONS_END2024_V1,193572,578066,11.41892185000747,143,24.73765971359672,11,0,3.9000000000000004,5.6826400512470814,0,2.0147541999876015,0.81963470319634701,0.12785388127853881,0.97945205479452058,0.31735159817351599,0.28538812785388129,0.47374429223744291,0.5273972602739726,-0.053652968036529691,2023,2021,2023,2023-12,MDB_TEMPORAL_2022_2024_1,MDB_ANALYTICAL_2024_2,ZERO_REGISTERED_BEDS
29024,Senhor do Bonfim,BA,BR_HEALTH_REGIONS_END2024_V1,305399,913448,5.1530656889842845,635,69.516819786129048,9,0,5.7000000000000002,2.9469644628829825,0,1.8664108264925559,0.11872146118721461,0.43835616438356162,0.78310502283105021,0.31735159817351599,0.24200913242009131,0.27853881278538811,0.44748858447488588,-0.16894977168949776,2023,2021,2023,2023-12,MDB_TEMPORAL_2022_2024_1,MDB_ANALYTICAL_2024_2,ZERO_REGISTERED_BEDS
29025,Serrinha,BA,BR_HEALTH_REGIONS_END2024_V1,596684,1784618,5.8286336845718241,376,21.068934640354406,18,0,11.774999999999999,3.0166721413679602,0,1.9734063591448738,0.18721461187214611,0.098173515981735154,0.80365296803652964,0.31735159817351599,0.27168949771689499,0.14269406392694062,0.46423135464231358,-0.32153729071537296,2023,2021,2023,2023-12,MDB_TEMPORAL_2022_2024_1,MDB_ANALYTICAL_2024_2,ZERO_REGISTERED_BEDS
29026,Teixeira de Freitas,BA,BR_HEALTH_REGIONS_END2024_V1,450051,1346521,4.8713906182907794,117,8.6890586927348341,12,0,11.674999999999997,2.6663644786924148,0,2.594150440727828,0.098173515981735154,0.036529680365296802,0.74429223744292239,0.31735159817351599,0.46118721461187212,0.067351598173515978,0.50761035007610344,-0.44025875190258745,2023,2021,2023,2023-12,MDB_TEMPORAL_2022_2024_1,MDB_ANALYTICAL_2024_2,ZERO_REGISTERED_BEDS
29027,Valença,BA,BR_HEALTH_REGIONS_END2024_V1,284853,855591,5.6455918647553425,182,21.271846010535409,5,0,4.9750000000000005,1.7552913257013267,0,1.7465148690728203,0.16894977168949771,0.1004566210045662,0.4269406392694064,0.31735159817351599,0.21461187214611871,0.13470319634703196,0.31963470319634707,-0.18493150684931511,2023,2021,2023,2023-12,MDB_TEMPORAL_2022_2024_1,MDB_ANALYTICAL_2024_2,ZERO_REGISTERED_BEDS
29028,Vitória da Conquista,BA,BR_HEALTH_REGIONS_END2024_V1,718027,2140338,4.9064004571243176,1035,48.356848310874263,14,0,16.150000000000002,1.94978740353775,0,2.2492190405096193,0.1004566210045662,0.29680365296803651,0.49771689497716892,0.31735159817351599,0.34703196347031962,0.19863013698630136,0.38736681887366814,-0.18873668188736678,2023,2021,2023,2023-12,MDB_TEMPORAL_2022_2024_1,MDB_ANALYTICAL_2024_2,ZERO_REGISTERED_BEDS
31001,Alfenas/Machado,MG,BR_HEALTH_REGIONS_END2024_V1,299332,897506,15.125538423172809,763,85.013359242166629,5,16,13.299999999999997,1.6703860596261009,5.3452353908035226,4.4432269186054274,0.9634703196347032,0.5273972602739726,0.3949771689497717,0.93378995433789957,0.84246575342465757,0.74543378995433796,0.72374429223744297,0.02168949771689499,2023,2021,2023,2023-12,MDB_TEMPORAL_2022_2024_1,MDB_ANALYTICAL_2024_2,
31002,Guaxupé,MG,BR_HEALTH_REGIONS_END2024_V1,145091,434960,9.4399479284786008,491,112.88394335111273,2,0,3.5999999999999996,1.3784452516007195,0,2.4812014528812951,0.60273972602739723,0.66894977168949776,0.23972602739726026,0.31735159817351599,0.42922374429223742,0.63584474885844755,0.32876712328767121,0.30707762557077634,2023,2021,2023,2023-12,MDB_TEMPORAL_2022_2024_1,MDB_ANALYTICAL_2024_2,ZERO_REGISTERED_BEDS
31003,Itajubá,MG,BR_HEALTH_REGIONS_END2024_V1,206528,619227,11.548048983562177,237,38.273524894747808,2,0,8.6000000000000014,0.96839169507282308,0,4.1640842888131395,0.84703196347031962,0.22374429223744291,0.098173515981735154,0.31735159817351599,0.78767123287671237,0.53538812785388123,0.4010654490106545,0.13432267884322674,2023,2021,2023,2023-12,MDB_TEMPORAL_2022_2024_1,MDB_ANALYTICAL_2024_2,ZERO_REGISTERED_BEDS
31004,Lavras,MG,BR_HEALTH_REGIONS_END2024_V1,191486,571234,12.921862178827086,329,57.594610965033596,4,0,5.5499999999999998,2.088925561137629,0,2.8983842160784601,0.908675799086758,0.37214611872146119,0.54337899543378998,0.31735159817351599,0.53196347031963476,0.6404109589041096,0.46423135464231358,0.17617960426179602,2023,2021,2023,2023-12,MDB_TEMPORAL_2022_2024_1,MDB_ANALYTICAL_2024_2,ZERO_REGISTERED_BEDS
31006,Poços de Caldas,MG,BR_HEALTH_REGIONS_END2024_V1,242042,723060,10.301307625244895,365,50.479904848836895,4,8,5.4999999999999991,1.6526057461101793,3.3052114922203586,2.2723329009014961,0.71689497716894979,0.30365296803652969,0.38812785388127852,0.84018264840182644,0.35388127853881279,0.51027397260273977,0.5273972602739726,-0.017123287671232834,2023,2021,2023,2023-12,MDB_TEMPORAL_2022_2024_1,MDB_ANALYTICAL_2024_2,
31007,Pouso Alegre,MG,BR_HEALTH_REGIONS_END2024_V1,594239,1762507,8.1219355059638403,1428,81.02095481039224,7,15,12.524999999999999,1.1779772111894373,2.5242368811202227,2.1077377957353858,0.45662100456621002,0.50684931506849318,0.16438356164383561,0.79680365296803657,0.31050228310502281,0.4817351598173516,0.42389649923896505,0.057838660578386547,2023,2021,2023,2023-12,MDB_TEMPORAL_2022_2024_1,MDB_ANALYTICAL_2024_2,
31008,São Lourenço,MG,BR_HEALTH_REGIONS_END2024_V1,263540,790116,11.261326416746606,1030,130.36060527821232,11,5,7.8250000000000002,4.1739394399332168,1.897245199969644,2.9691887379524928,0.79908675799086759,0.71004566210045661,0.92009132420091322,0.75799086757990863,0.55022831050228316,0.75456621004566204,0.74277016742770163,0.011796042617960412,2023,2021,2023,2023-12,MDB_TEMPORAL_2022_2024_1,MDB_ANALYTICAL_2024_2,
31009,São Sebastião do Paraíso,MG,BR_HEALTH_REGIONS_END2024_V1,129591,387413,9.4847993241812141,622,160.55217558522818,4,1,8.0499999999999989,3.0866341026768835,0.77165852566922088,6.2118511316372276,0.60730593607305938,0.76940639269406397,0.82191780821917804,0.68493150684931503,0.9634703196347032,0.68835616438356162,0.82343987823439868,-0.13508371385083706,2023,2021,2023,2023-12,MDB_TEMPORAL_2022_2024_1,MDB_ANALYTICAL_2024_2,
31010,Três Corações,MG,BR_HEALTH_REGIONS_END2024_V1,114093,341872,11.509682159606816,161,47.093649085037676,4,0,5.1750000000000007,3.5059118438466861,0,4.5357734479766512,0.84018264840182644,0.28082191780821919,0.87214611872146119,0.31735159817351599,0.86529680365296802,0.56050228310502281,0.68493150684931514,-0.12442922374429233,2023,2021,2023,2023-12,MDB_TEMPORAL_2022_2024_1,MDB_ANALYTICAL_2024_2,ZERO_REGISTERED_BEDS
31011,Três Pontas,MG,BR_HEALTH_REGIONS_END2024_V1,127295,381306,11.512202028706159,513,134.53761545845069,3,12,4.8500000000000005,2.3567304293177265,9.4269217172709059,3.8100475273969918,0.84246575342465757,0.72374429223744297,0.63698630136986301,0.97945205479452058,0.72602739726027399,0.78310502283105032,0.78082191780821919,0.0022831050228311334,2023,2021,2023,2023-12,MDB_TEMPORAL_2022_2024_1,MDB_ANALYTICAL_2024_2,
31012,Varginha,MG,BR_HEALTH_REGIONS_END2024_V1,221395,660556,11.505863017472542,451,68.275816130653567,5,1,6.5249999999999995,2.2584069197588019,0.45168138395176044,2.9472210302852364,0.83789954337899542,0.42922374429223742,0.60730593607305938,0.66210045662100458,0.54109589041095896,0.63356164383561642,0.60350076103500772,0.030060882800608701,2023,2021,2023,2023-12,MDB_TEMPORAL_2022_2024_1,MDB_ANALYTICAL_2024_2,
31013,Barbacena,MG,BR_HEALTH_REGIONS_END2024_V1,228598,687364,11.347673365184814,2640,384.07597721149205,6,14,16.925000000000001,2.6246948792202907,6.1242880515140108,7.4038268051339031,0.81506849315068497,0.98630136986301364,0.72831050228310501,0.94977168949771684,0.98401826484018262,0.90068493150684925,0.88736681887366808,0.013318112633181167,2023,2021,2023,2023-12,MDB_TEMPORAL_2022_2024_1,MDB_ANALYTICAL_2024_2,
31015,São João Del Rei,MG,BR_HEALTH_REGIONS_END2024_V1,243774,729838,10.069360422633775,458,62.753652180346876,5,1,5.8999999999999995,2.0510800987800173,0.41021601975600352,2.4202745165604207,0.68264840182648401,0.39726027397260272,0.52511415525114158,0.65525114155251141,0.4041095890410959,0.53995433789954339,0.52815829528158298,0.011796042617960412,2023,2021,2023,2023-12,MDB_TEMPORAL_2022_2024_1,MDB_ANALYTICAL_2024_2,
31016,Belo Horizonte/Nova Lima/Santa Luzia,MG,BR_HEALTH_REGIONS_END2024_V1,3366777,10087138,6.0921440328090126,2662,26.390042448115608,28,4,133.99999999999994,0.83165591305869091,0.11880798757981298,3.9800675839237329,0.21461187214611871,0.13470319634703196,0.061643835616438353,0.63698630136986301,0.75342465753424659,0.17465753424657532,0.48401826484018268,-0.30936073059360736,2023,2021,2023,2023-12,MDB_TEMPORAL_2022_2024_1,MDB_ANALYTICAL_2024_2,
31017,Betim,MG,BR_HEALTH_REGIONS_END2024_V1,759098,2250717,6.8794874849829766,528,23.459191004466575,11,4,34.25,1.4490882600138586,0.5269411854595849,4.5119339004976959,0.30593607305936071,0.12100456621004566,0.27625570776255709,0.66894977168949776,0.85844748858447484,0.2134703196347032,0.60121765601217658,-0.38774733637747338,2023,2021,2023,2023-12,MDB_TEMPORAL_2022_2024_1,MDB_ANALYTICAL_2024_2,
31018,Contagem,MG,BR_HEALTH_REGIONS_END2024_V1,864967,2586948,3.7209660892821765,486,18.786616507173704,9,10,33.500000000000014,1.0405021232023881,1.1561134702248757,3.8729801252533353,0.034246575342465752,0.086757990867579904,0.12785388127853881,0.71004566210045661,0.73744292237442921,0.060502283105022828,0.52511415525114158,-0.46461187214611877,2023,2021,2023,2023-12,MDB_TEMPORAL_2022_2024_1,MDB_ANALYTICAL_2024_2,
31019,Curvelo,MG,BR_HEALTH_REGIONS_END2024_V1,183936,551430,11.464188464496459,248,44.973976751355565,4,5,4.625,2.1746694502435631,2.7183368128044538,2.5144615518441196,0.82648401826484019,0.26940639269406391,0.57990867579908678,0.80593607305936077,0.44292237442922372,0.54794520547945202,0.6095890410958904,-0.06164383561643838,2023,2021,2023,2023-12,MDB_TEMPORAL_2022_2024_1,MDB_ANALYTICAL_2024_2,
31020,Guanhães,MG,BR_HEALTH_REGIONS_END2024_V1,91230,274757,7.4302930003684731,109,39.671418744563375,2,1,3.0749999999999993,2.1922613175490517,1.0961306587745259,3.3706017757316666,0.36986301369863012,0.23972602739726026,0.58675799086757996,0.70319634703196343,0.65068493150684936,0.3047945205479452,0.64687975646879758,-0.34208523592085238,2023,2021,2023,2023-12,MDB_TEMPORAL_2022_2024_1,MDB_ANALYTICAL_2024_2,
31021,Itabira,MG,BR_HEALTH_REGIONS_END2024_V1,235047,703959,7.6825563545121662,811,115.20557305183965,6,6,7.6249999999999991,2.5526809531710679,2.5526809531710679,3.2440320446548983,0.4041095890410959,0.67579908675799083,0.69863013698630139,0.80136986301369861,0.61415525114155256,0.53995433789954339,0.70471841704718419,-0.1647640791476408,2023,2021,2023,2023-12,MDB_TEMPORAL_2022_2024_1,MDB_ANALYTICAL_2024_2,
31022,Ouro Preto,MG,BR_HEALTH_REGIONS_END2024_V1,195984,583552,8.4059273644410304,382,65.461175696424647,9,10,14.100000000000003,4.5922116091109473,5.1024573434566083,7.1944648542738205,0.48858447488584472,0.41095890410958902,0.9452054794520548,0.92922374429223742,0.97488584474885842,0.44977168949771684,0.94977168949771684,-0.5,2023,2021,2023,2023-12,MDB_TEMPORAL_2022_2024_1,MDB_ANALYTICAL_2024_2,
31023,João Monlevade,MG,BR_HEALTH_REGIONS_END2024_V1,143857,430352,5.4760380986481083,169,39.270178830352826,3,1,2.9249999999999998,2.085404255614951,0.6951347518716503,2.0332691492245774,0.13698630136986301,0.23515981735159816,0.54109589041095896,0.68264840182648401,0.29680365296803651,0.1860730593607306,0.50684931506849318,-0.32077625570776258,2023,2021,2023,2023-12,MDB_TEMPORAL_2022_2024_1,MDB_ANALYTICAL_2024_2,
31024,Sete Lagoas,MG,BR_HEALTH_REGIONS_END2024_V1,446526,1335776,9.5032307303424073,1252,93.728289773135614,7,14,7.7999999999999989,1.567657874345503,3.1353157486910059,1.7468187742707031,0.61187214611872143,0.5821917808219178,0.33333333333333331,0.82876712328767121,0.21689497716894976,0.59703196347031962,0.45966514459665136,0.13736681887366825,2023,2021,2023,2023-12,MDB_TEMPORAL_2022_2024_1,MDB_ANALYTICAL_2024_2,
31025,Vespasiano/Lagoa Santa,MG,BR_HEALTH_REGIONS_END2024_V1,356213,1052199,5.2429275716820376,570,54.172262091106333,9,0,11.650000000000004,2.5265781989989136,0,3.2705151131485946,0.13013698630136986,0.33333333333333331,0.68949771689497719,0.31735159817351599,0.62100456621004563,0.2317351598173516,0.5426179604261796,-0.310882800608828,2023,2021,2023,2023-12,MDB_TEMPORAL_2022_2024_1,MDB_ANALYTICAL_2024_2,ZERO_REGISTERED_BEDS
31026,Diamantina/Itamarandiba,MG,BR_HEALTH_REGIONS_END2024_V1,142314,427731,7.9227438353539084,549,128.35169767914883,2,7,4.625,1.4053431145214104,4.9187009008249358,3.2498559523307615,0.4269406392694064,0.70091324200913241,0.25799086757990869,0.92009132420091322,0.61643835616438358,0.5639269406392694,0.59817351598173518,-0.034246575342465779,2023,2021,2023,2023-12,MDB_TEMPORAL_2022_2024_1,MDB_ANALYTICAL_2024_2,
31027,Turmalina/Minas Novas/Capelinha,MG,BR_HEALTH_REGIONS_END2024_V1,115125,346772,11.30865870567672,961,277.12733438685939,5,7,2.1000000000000001,4.3431053203040175,6.0803474484256244,1.8241042345276872,0.81050228310502281,0.94748858447488582,0.9269406392694064,0.94748858447488582,0.23287671232876711,0.87899543378995437,0.70243531202435305,0.17656012176560132,2023,2021,2023,2023-12,MDB_TEMPORAL_2022_2024_1,MDB_ANALYTICAL_2024_2,
31028,Bom Despacho,MG,BR_HEALTH_REGIONS_END2024_V1,110303,329428,8.2747485856875986,381,115.65501414573139,2,0,4.9749999999999988,1.8131873113151955,0,4.5103034368965478,0.46575342465753422,0.67808219178082196,0.4452054794520548,0.31735159817351599,0.85616438356164382,0.57191780821917804,0.5395738203957382,0.032343987823439835,2023,2021,2023,2023-12,MDB_TEMPORAL_2022_2024_1,MDB_ANALYTICAL_2024_2,ZERO_REGISTERED_BEDS
31030,Formiga,MG,BR_HEALTH_REGIONS_END2024_V1,124624,373407,10.518766583338028,121,32.404320218956798,2,0,3.0999999999999996,1.6048273205803056,0,2.4874823468994736,0.73972602739726023,0.16894977168949771,0.34246575342465752,0.31735159817351599,0.4360730593607306,0.454337899543379,0.36529680365296802,0.089041095890410982,2023,2021,2023,2023-12,MDB_TEMPORAL_2022_2024_1,MDB_ANALYTICAL_2024_2,ZERO_REGISTERED_BEDS
31031,Itaúna,MG,BR_HEALTH_REGIONS_END2024_V1,135842,403435,9.7839459556091377,68,16.855255493449999,4,0,1.5,2.9445973999204957,0,1.1042240249701858,0.63698630136986301,0.075342465753424653,0.78082191780821919,0.31735159817351599,0.095890410958904104,0.35616438356164382,0.3980213089802131,-0.04185692541856928,2023,2021,2023,2023-12,MDB_TEMPORAL_2022_2024_1,MDB_ANALYTICAL_2024_2,ZERO_REGISTERED_BEDS
31032,Pará de Minas/Nova Serrana,MG,BR_HEALTH_REGIONS_END2024_V1,265680,784053,11.211651562887724,157,20.024156530234563,7,0,10,2.6347485697079192,0,3.7639265281541703,0.78767123287671237,0.093607305936073054,0.73287671232876717,0.31735159817351599,0.71689497716894979,0.4406392694063927,0.58904109589041098,-0.14840182648401828,2023,2021,2023,2023-12,MDB_TEMPORAL_2022_2024_1,MDB_ANALYTICAL_2024_2,ZERO_REGISTERED_BEDS
31034,Caratinga,MG,BR_HEALTH_REGIONS_END2024_V1,201672,604779,7.4469100400477561,819,135.42136879752769,7,0,6.1249999999999991,3.4709825855845131,0,3.0371097623864487,0.37442922374429222,0.72602739726027399,0.86986301369863017,0.31735159817351599,0.57077625570776258,0.55022831050228316,0.58599695585996958,-0.035768645357686424,2023,2021,2023,2023-12,MDB_TEMPORAL_2022_2024_1,MDB_ANALYTICAL_2024_2,ZERO_REGISTERED_BEDS
31035,Coronel Fabriciano/Timóteo,MG,BR_HEALTH_REGIONS_END2024_V1,224539,674364,9.5201605225327466,323,47.896981452153433,4,0,6.7749999999999995,1.7814277252504018,0,3.017293209642868,0.61415525114155256,0.29223744292237441,0.43378995433789952,0.31735159817351599,0.56621004566210043,0.45319634703196349,0.439117199391172,0.01407914764079149,2023,2021,2023,2023-12,MDB_TEMPORAL_2022_2024_1,MDB_ANALYTICAL_2024_2,ZERO_REGISTERED_BEDS
31036,Governador Valadares,MG,BR_HEALTH_REGIONS_END2024_V1,413768,1246451,7.7081360369626726,694,55.678081208166219,6,10,11.774999999999999,1.4500879720036348,2.4168132866727245,2.8457976450571332,0.40639269406392692,0.34703196347031962,0.28082191780821919,0.78995433789954339,0.52511415525114158,0.37671232876712324,0.53196347031963465,-0.15525114155251141,2023,2021,2023,2023-12,MDB_TEMPORAL_2022_2024_1,MDB_ANALYTICAL_2024_2,
31037,Ipatinga,MG,BR_HEALTH_REGIONS_END2024_V1,390437,1171404,6.9858467797875381,2056,175.51587667448635,6,11,14.200000000000005,1.5367396020356678,2.8173559370653907,3.6369503914844148,0.32191780821917809,0.81278538812785384,0.32191780821917809,0.81050228310502281,0.69178082191780821,0.56735159817351599,0.60806697108066965,-0.040715372907153657,2023,2021,2023,2023-12,MDB_TEMPORAL_2022_2024_1,MDB_ANALYTICAL_2024_2,
31038,Mantena,MG,BR_HEALTH_REGIONS_END2024_V1,66077,199495,8.4733914641859656,56,28.070878969397725,4,0,5,6.053543593080799,0,7.566929491350999,0.5,0.14611872146118721,0.98401826484018262,0.31735159817351599,0.98630136986301364,0.3230593607305936,0.76255707762557068,-0.43949771689497708,2023,2021,2023,2023-12,MDB_TEMPORAL_2022_2024_1,MDB_ANALYTICAL_2024_2,ZERO_REGISTERED_BEDS
31040,Resplendor,MG,BR_HEALTH_REGIONS_END2024_V1,84049,252822,5.9837589345269553,432,170.87120582860669,4,5,1.8999999999999999,4.7591286035526892,5.9489107544408624,2.2605860866875274,0.20319634703196346,0.79908675799086759,0.954337899543379,0.94292237442922378,0.34931506849315069,0.50114155251141557,0.74885844748858454,-0.24771689497716898,2023,2021,2023,2023-12,MDB_TEMPORAL_2022_2024_1,MDB_ANALYTICAL_2024_2,
31041,Além Paraíba,MG,BR_HEALTH_REGIONS_END2024_V1,53457,161323,6.4655509482459514,163,101.03952939134531,2,1,3.2999999999999998,3.7413248031127826,1.8706624015563913,6.1731859251360905,0.26484018264840181,0.61643835616438358,0.89726027397260277,0.75342465753424659,0.954337899543379,0.4406392694063927,0.86834094368340953,-0.42770167427701683,2023,2021,2023,2023-12,MDB_TEMPORAL_2022_2024_1,MDB_ANALYTICAL_2024_2,
31042,Carangola,MG,BR_HEALTH_REGIONS_END2024_V1,130294,390500,5.8688206531567362,735,188.2202304737516,7,9,3.6749999999999998,5.3724653475985074,6.9074554469123672,2.8205443074892167,0.19406392694063926,0.85159817351598177,0.97488584474885842,0.9634703196347032,0.51369863013698636,0.52283105022831056,0.81735159817351599,-0.29452054794520544,2023,2021,2023,2023-12,MDB_TEMPORAL_2022_2024_1,MDB_ANALYTICAL_2024_2,
31044,Leopoldina/Cataguases,MG,BR_HEALTH_REGIONS_END2024_V1,174719,525719,5.5357767103463678,605,115.08048976734719,5,8,5.7000000000000002,2.8617379907165219,4.5787807851464351,3.2623813094168352,0.14611872146118721,0.67351598173515981,0.76255707762557079,0.91095890410958902,0.61872146118721461,0.40981735159817351,0.76407914764079143,-0.35426179604261793,2023,2021,2023,2023-12,MDB_TEMPORAL_2022_2024_1,MDB_ANALYTICAL_2024_2,
31045,Muriaé,MG,BR_HEALTH_REGIONS_END2024_V1,170886,512595,7.3859713871447745,1358,264.92650142900339,6,8,8.5500000000000007,3.5111126716056318,4.6814835621408424,5.0033355570380253,0.36529680365296802,0.93378995433789957,0.87671232876712324,0.91552511415525117,0.90182648401826482,0.6495433789954338,0.89802130898021304,-0.24847792998477924,2023,2021,2023,2023-12,MDB_TEMPORAL_2022_2024_1,MDB_ANALYTICAL_2024_2,
31046,Santos Dumont,MG,BR_HEALTH_REGIONS_END2024_V1,47812,144500,8.6027319115755638,12,8.3044982698961931,1,0,1.05,2.0915251401321844,0,2.1961013971387935,0.51598173515981738,0.031963470319634701,0.54794520547945202,0.31735159817351599,0.33561643835616439,0.27397260273972601,0.40030441400304412,-0.12633181126331811,2023,2021,2023,2023-12,MDB_TEMPORAL_2022_2024_1,MDB_ANALYTICAL_2024_2,ZERO_REGISTERED_BEDS
31047,São João Nepomuceno/Bicas,MG,BR_HEALTH_REGIONS_END2024_V1,73398,219962,6.9995819864001536,86,39.097662323492237,1,0,1,1.3624349437314367,0,1.3624349437314367,0.32876712328767121,0.23059360730593606,0.22602739726027396,0.31735159817351599,0.13242009132420091,0.27968036529680362,0.22526636225266361,0.054414003044140014,2023,2021,2023,2023-12,MDB_TEMPORAL_2022_2024_1,MDB_ANALYTICAL_2024_2,ZERO_REGISTERED_BEDS
31048,Ubá,MG,BR_HEALTH_REGIONS_END2024_V1,307999,922926,8.4532513874449418,807,87.43929632494914,9,13,11.449999999999999,2.9220874093747056,4.2207929246523532,3.7175445374822642,0.4954337899543379,0.54337899543378998,0.76940639269406397,0.89269406392694062,0.71232876712328763,0.51940639269406397,0.79147640791476415,-0.27207001522070018,2023,2021,2023,2023-12,MDB_TEMPORAL_2022_2024_1,MDB_ANALYTICAL_2024_2,
31050,Coração de Jesus,MG,BR_HEALTH_REGIONS_END2024_V1,45066,136081,13.494260967584262,106,77.894783254091323,2,3,3.5750000000000002,4.4379354724182312,6.6569032086273463,7.9328096569475886,0.93150684931506844,0.49771689497716892,0.93378995433789957,0.954337899543379,0.98858447488584478,0.71461187214611865,0.95890410958904104,-0.24429223744292239,2023,2021,2023,2023-12,MDB_TEMPORAL_2022_2024_1,MDB_ANALYTICAL_2024_2,
31051,Francisco Sá,MG,BR_HEALTH_REGIONS_END2024_V1,67232,203089,7.8425109067027963,358,176.27739562457839,4,6,2.375,5.949547834364588,8.9243217515468825,3.5325440266539743,0.41552511415525112,0.81506849315068497,0.9817351598173516,0.97488584474885842,0.67351598173515981,0.61529680365296802,0.87671232876712324,-0.26141552511415522,2023,2021,2023,2023-12,MDB_TEMPORAL_2022_2024_1,MDB_ANALYTICAL_2024_2,
31052,Janaúba/Monte Azul,MG,BR_HEALTH_REGIONS_END2024_V1,273635,821277,9.2033036481372275,732,89.129489806727818,9,8,7.5499999999999998,3.2890529354797446,2.9236026093153291,2.7591499625413416,0.57762557077625576,0.5547945205479452,0.85388127853881279,0.81278538812785384,0.50456621004566216,0.56621004566210043,0.72374429223744297,-0.15753424657534254,2023,2021,2023,2023-12,MDB_TEMPORAL_2022_2024_1,MDB_ANALYTICAL_2024_2,
31053,Januária,MG,BR_HEALTH_REGIONS_END2024_V1,113274,340418,9.9801908804226294,26,7.6376689834262574,3,0,1.75,2.6484453625721702,0,1.5449264615004328,0.66894977168949776,0.029680365296803651,0.73744292237442921,0.31735159817351599,0.17579908675799086,0.34931506849315069,0.4101978691019787,-0.060882800608828003,2023,2021,2023,2023-12,MDB_TEMPORAL_2022_2024_1,MDB_ANALYTICAL_2024_2,ZERO_REGISTERED_BEDS
31055,Pirapora,MG,BR_HEALTH_REGIONS_END2024_V1,137460,413669,8.401024859889235,115,27.800004351305031,6,0,3.4000000000000004,4.3649061545176782,0,2.4734468208933511,0.4863013698630137,0.14383561643835616,0.92922374429223742,0.31735159817351599,0.4223744292237443,0.31506849315068491,0.55631659056316596,-0.24124809741248104,2023,2021,2023,2023-12,MDB_TEMPORAL_2022_2024_1,MDB_ANALYTICAL_2024_2,ZERO_REGISTERED_BEDS
31057,Patos de Minas,MG,BR_HEALTH_REGIONS_END2024_V1,277394,826063,13.859199090613595,216,26.148126716727418,6,0,6.6250000000000018,2.1629883847523739,0,2.3882996748307468,0.94063926940639264,0.13242009132420091,0.57534246575342463,0.31735159817351599,0.38584474885844749,0.5365296803652968,0.42617960426179602,0.11035007610350078,2023,2021,2023,2023-12,MDB_TEMPORAL_2022_2024_1,MDB_ANALYTICAL_2024_2,ZERO_REGISTERED_BEDS
31058,Unaí/Paracatu,MG,BR_HEALTH_REGIONS_END2024_V1,280553,837173,9.5523427652964461,197,23.531575910833244,5,0,8.3999999999999986,1.782194451672233,0,2.9940866788093512,0.61643835616438358,0.12328767123287671,0.4360730593607306,0.31735159817351599,0.55936073059360736,0.36986301369863017,0.4375951293759513,-0.067732115677321125,2023,2021,2023,2023-12,MDB_TEMPORAL_2022_2024_1,MDB_ANALYTICAL_2024_2,ZERO_REGISTERED_BEDS
31059,Manhuaçu,MG,BR_HEALTH_REGIONS_END2024_V1,358289,1069311,6.4620904118232181,544,50.87388047069561,13,6,12.950000000000003,3.6283558803089124,1.6746257909118059,3.6144006653846485,0.26255707762557079,0.31050228310502281,0.88584474885844744,0.73744292237442921,0.68721461187214616,0.2865296803652968,0.77016742770167435,-0.48363774733637754,2023,2021,2023,2023-12,MDB_TEMPORAL_2022_2024_1,MDB_ANALYTICAL_2024_2,
31060,Ponte Nova,MG,BR_HEALTH_REGIONS_END2024_V1,212046,638283,7.5191320218227577,115,18.017086464781297,5,0,5.0750000000000002,2.3579789291002897,0,2.3933486130367942,0.38584474885844749,0.077625570776255703,0.64155251141552516,0.31735159817351599,0.38812785388127852,0.2317351598173516,0.44901065449010652,-0.21727549467275492,2023,2021,2023,2023-12,MDB_TEMPORAL_2022_2024_1,MDB_ANALYTICAL_2024_2,ZERO_REGISTERED_BEDS
31061,Viçosa,MG,BR_HEALTH_REGIONS_END2024_V1,138186,414104,9.3465513885670841,336,81.139037536464272,6,10,4.3499999999999996,4.3419738613173555,7.2366231021955914,3.1479310494550821,0.591324200913242,0.51141552511415522,0.92465753424657537,0.96575342465753422,0.59589041095890416,0.55136986301369861,0.82876712328767121,-0.2773972602739726,2023,2021,2023,2023-12,MDB_TEMPORAL_2022_2024_1,MDB_ANALYTICAL_2024_2,
31062,Águas Formosas,MG,BR_HEALTH_REGIONS_END2024_V1,56810,171480,7.0159001595441284,107,62.397947282481923,3,2,2.8500000000000001,5.2807604295018482,3.5205069530012323,5.0167224080267561,0.33561643835616439,0.39269406392694062,0.9726027397260274,0.85388127853881279,0.90410958904109584,0.36415525114155251,0.91019786910197864,-0.54604261796042608,2023,2021,2023,2023-12,MDB_TEMPORAL_2022_2024_1,MDB_ANALYTICAL_2024_2,
31064,Araçuaí,MG,BR_HEALTH_REGIONS_END2024_V1,79335,240706,2.5402175113292245,314,130.44959411065781,5,4,2.25,6.3023886052814015,5.0419108842251212,2.8360748723766309,0.0045662100456621002,0.71232876712328763,0.98858447488584478,0.9269406392694064,0.5182648401826484,0.35844748858447484,0.81126331811263308,-0.45281582952815824,2023,2021,2023,2023-12,MDB_TEMPORAL_2022_2024_1,MDB_ANALYTICAL_2024_2,SMALL_SUICIDE_COUNT
31065,Itaobim,MG,BR_HEALTH_REGIONS_END2024_V1,76556,231620,3.4141107584750103,74,31.948881789137381,5,2,3.8500000000000001,6.531166727624222,2.612466691049689,5.0289983802706519,0.013698630136986301,0.16666666666666666,0.9908675799086758,0.80365296803652964,0.90639269406392697,0.090182648401826479,0.90030441400304417,-0.81012176560121774,2023,2021,2023,2023-12,MDB_TEMPORAL_2022_2024_1,MDB_ANALYTICAL_2024_2,SMALL_SUICIDE_COUNT
31066,Nanuque,MG,BR_HEALTH_REGIONS_END2024_V1,62017,188232,4.2548706319320013,105,55.782226188958305,2,0,2.5499999999999998,3.2249221987519547,0,4.1117758034087428,0.061643835616438353,0.34931506849315069,0.84246575342465757,0.31735159817351599,0.77625570776255703,0.20547945205479451,0.64535768645357683,-0.43987823439878232,2023,2021,2023,2023-12,MDB_TEMPORAL_2022_2024_1,MDB_ANALYTICAL_2024_2,ZERO_REGISTERED_BEDS
31067,Padre Paraíso,MG,BR_HEALTH_REGIONS_END2024_V1,55457,167989,9.1375378831160408,62,36.907178446207787,3,1,2.6000000000000001,5.409596624411706,1.8031988748039021,4.6883170744901461,0.57534246575342463,0.21004566210045661,0.97716894977168944,0.74885844748858443,0.87671232876712324,0.39269406392694062,0.86757990867579904,-0.47488584474885842,2023,2021,2023,2023-12,MDB_TEMPORAL_2022_2024_1,MDB_ANALYTICAL_2024_2,
31068,Pedra azul,MG,BR_HEALTH_REGIONS_END2024_V1,65706,196753,11.020558665005236,71,36.085853837044418,6,0,2.7999999999999998,9.1315861565153877,0,4.2614068730405137,0.76484018264840181,0.19634703196347031,1,0.31735159817351599,0.80821917808219179,0.48059360730593603,0.70852359208523596,-0.22792998477929993,2023,2021,2023,2023-12,MDB_TEMPORAL_2022_2024_1,MDB_ANALYTICAL_2024_2,ZERO_REGISTERED_BEDS
31070,Araxá,MG,BR_HEALTH_REGIONS_END2024_V1,196743,584123,10.055060771708101,327,55.981360090254967,4,0,8.0750000000000011,2.0331091830459025,0,4.1043391632739166,0.68036529680365299,0.35616438356164382,0.52283105022831056,0.31735159817351599,0.77397260273972601,0.5182648401826484,0.53805175038051756,-0.019786910197869156,2023,2021,2023,2023-12,MDB_TEMPORAL_2022_2024_1,MDB_ANALYTICAL_2024_2,ZERO_REGISTERED_BEDS
31071,Frutal/Iturama,MG,BR_HEALTH_REGIONS_END2024_V1,177185,529004,10.354171905245224,246,46.502483913165115,3,0,4.5999999999999996,1.6931455823009849,0,2.5961565595281764,0.71917808219178081,0.27397260273972601,0.408675799086758,0.31735159817351599,0.4634703196347032,0.49657534246575341,0.3964992389649924,0.10007610350076102,2023,2021,2023,2023-12,MDB_TEMPORAL_2022_2024_1,MDB_ANALYTICAL_2024_2,ZERO_REGISTERED_BEDS
31072,Uberaba,MG,BR_HEALTH_REGIONS_END2024_V1,439181,1304064,7.2527392928291272,2042,156.58740675304279,6,6,18.550000000000004,1.366179320143631,1.366179320143631,4.2237710647773934,0.34703196347031962,0.76712328767123283,0.23059360730593606,0.71917808219178081,0.79908675799086759,0.55707762557077622,0.58295281582952818,-0.025875190258751957,2023,2021,2023,2023-12,MDB_TEMPORAL_2022_2024_1,MDB_ANALYTICAL_2024_2,
31073,Ituiutaba,MG,BR_HEALTH_REGIONS_END2024_V1,193401,579638,9.7859483728641674,1176,202.88524906924664,2,0,4.4500000000000002,1.0341208163349724,0,2.3009188163453138,0.63926940639269403,0.87899543378995437,0.12557077625570776,0.31735159817351599,0.36301369863013699,0.7591324200913242,0.26864535768645359,0.49048706240487061,2023,2021,2023,2023-12,MDB_TEMPORAL_2022_2024_1,MDB_ANALYTICAL_2024_2,ZERO_REGISTERED_BEDS
31074,Patrocínio/Monte Carmelo,MG,BR_HEALTH_REGIONS_END2024_V1,199637,596630,12.476527108660768,646,108.27481018386605,4,15,6.7750000000000004,2.0036366004297803,7.5136372516116756,3.3936594919779401,0.88584474885844744,0.64611872146118721,0.50456621004566216,0.96803652968036524,0.65296803652968038,0.76598173515981727,0.70852359208523585,0.057458143074581414,2023,2021,2023,2023-12,MDB_TEMPORAL_2022_2024_1,MDB_ANALYTICAL_2024_2,
31075,Uberlândia/Araguari,MG,BR_HEALTH_REGIONS_END2024_V1,976016,2896372,8.8310854029875596,3040,104.95889340181441,12,35,39.649999999999991,1.2294880411796527,3.5860067867739875,4.0624334027311022,0.53881278538812782,0.63470319634703198,0.17808219178082191,0.85616438356164382,0.76940639269406397,0.58675799086757996,0.60121765601217658,-0.014459665144596623,2023,2021,2023,2023-12,MDB_TEMPORAL_2022_2024_1,MDB_ANALYTICAL_2024_2,
31076,Manga,MG,BR_HEALTH_REGIONS_END2024_V1,56863,171266,11.243812498550868,159,92.838041409269792,4,0,1.95,7.0344512248738198,0,3.4292949721259869,0.79680365296803657,0.57534246575342463,0.99543378995433784,0.31735159817351599,0.66438356164383561,0.6860730593607306,0.65905631659056307,0.027016742770167523,2023,2021,2023,2023-12,MDB_TEMPORAL_2022_2024_1,MDB_ANALYTICAL_2024_2,ZERO_REGISTERED_BEDS
31077,João Pinheiro,MG,BR_HEALTH_REGIONS_END2024_V1,72873,217818,13.382737551172903,32,14.691164182941723,1,0,1,1.3722503533544661,0,1.3722503533544661,0.92922374429223742,0.063926940639269403,0.23744292237442921,0.31735159817351599,0.13470319634703196,0.49657534246575341,0.22983257229832574,0.26674277016742765,2023,2021,2023,2023-12,MDB_TEMPORAL_2022_2024_1,MDB_ANALYTICAL_2024_2,ZERO_REGISTERED_BEDS
31078,Congonhas,MG,BR_HEALTH_REGIONS_END2024_V1,128139,382247,9.6460300161459962,275,71.943010671110557,3,1,9.3499999999999996,2.3412075948774378,0.78040253162581263,7.2967636707013472,0.62328767123287676,0.45662100456621002,0.63242009132420096,0.68949771689497719,0.97945205479452058,0.53995433789954339,0.76712328767123295,-0.22716894977168955,2023,2021,2023,2023-12,MDB_TEMPORAL_2022_2024_1,MDB_ANALYTICAL_2024_2,
31079,Conselheiro Lafaiete,MG,BR_HEALTH_REGIONS_END2024_V1,192566,575239,8.1253260294890808,124,21.556257486018854,4,6,3.1249999999999996,2.0772098916735042,3.1158148375102566,1.6228202278699249,0.4589041095890411,0.10730593607305935,0.5365296803652968,0.82648401826484019,0.18721461187214611,0.28310502283105021,0.51674277016742765,-0.23363774733637743,2023,2021,2023,2023-12,MDB_TEMPORAL_2022_2024_1,MDB_ANALYTICAL_2024_2,
31082,São Gotardo,MG,BR_HEALTH_REGIONS_END2024_V1,105378,313213,17.677324648626886,105,33.523512753302072,2,0,2.8000000000000003,1.8979293590692554,0,2.657101102696958,0.9908675799086758,0.17579908675799086,0.47031963470319632,0.31735159817351599,0.48401826484018262,0.58333333333333337,0.42389649923896505,0.15943683409436832,2023,2021,2023,2023-12,MDB_TEMPORAL_2022_2024_1,MDB_ANALYTICAL_2024_2,ZERO_REGISTERED_BEDS
31083,Bocaiúva,MG,BR_HEALTH_REGIONS_END2024_V1,75144,225683,7.327579319087473,240,106.34385398988849,2,4,1.5,2.661556478228468,5.3231129564569359,1.9961673586713511,0.35844748858447489,0.63698630136986301,0.74200913242009137,0.93150684931506844,0.28082191780821919,0.49771689497716898,0.65144596651445974,-0.15372907153729076,2023,2021,2023,2023-12,MDB_TEMPORAL_2022_2024_1,MDB_ANALYTICAL_2024_2,
31084,Montes Claros,MG,BR_HEALTH_REGIONS_END2024_V1,463612,1380610,6.6647549166851343,2717,196.79706796271213,5,16,26.075000000000006,1.0784880460384978,3.4511617473231926,5.6243151600907666,0.28538812785388129,0.87214611872146119,0.13698630136986301,0.84474885844748859,0.94063926940639264,0.57876712328767121,0.64079147640791467,-0.062024353120243458,2023,2021,2023,2023-12,MDB_TEMPORAL_2022_2024_1,MDB_ANALYTICAL_2024_2,
31085,Taiobeiras,MG,BR_HEALTH_REGIONS_END2024_V1,135600,406754,6.3566629695173704,76,18.684512014632922,4,0,3.25,2.9498525073746316,0,2.3967551622418877,0.24885844748858446,0.084474885844748854,0.78538812785388123,0.31735159817351599,0.3904109589041096,0.16666666666666666,0.49771689497716892,-0.33105022831050224,2023,2021,2023,2023-12,MDB_TEMPORAL_2022_2024_1,MDB_ANALYTICAL_2024_2,ZERO_REGISTERED_BEDS
31086,Divinópolis,MG,BR_HEALTH_REGIONS_END2024_V1,360872,1073996,10.240099927625245,313,29.143497741146149,5,1,6.9749999999999988,1.3855328205014521,0.27710656410029044,1.9328182845995254,0.70547945205479456,0.15068493150684931,0.24885844748858446,0.64840182648401823,0.25342465753424659,0.42808219178082196,0.38356164383561642,0.044520547945205546,2023,2021,2023,2023-12,MDB_TEMPORAL_2022_2024_1,MDB_ANALYTICAL_2024_2,
31087,Lagoa da Prata/Santo Antônio do Monte,MG,BR_HEALTH_REGIONS_END2024_V1,133088,396258,13.37508091982694,87,21.955392698696304,3,0,2.8249999999999997,2.2541476316422218,0,2.1226556864630917,0.9269406392694064,0.1095890410958904,0.60502283105022836,0.31735159817351599,0.31506849315068491,0.5182648401826484,0.41248097412480972,0.10578386605783868,2023,2021,2023,2023-12,MDB_TEMPORAL_2022_2024_1,MDB_ANALYTICAL_2024_2,ZERO_REGISTERED_BEDS
31088,Oliveira/Santo Antônio do Amparo,MG,BR_HEALTH_REGIONS_END2024_V1,102927,308878,12.599018409623866,111,35.936518625476722,5,0,4.8500000000000005,4.8578118472315337,0,4.712077491814588,0.89497716894977164,0.19406392694063926,0.96118721461187218,0.31735159817351599,0.87899543378995437,0.54452054794520544,0.71917808219178081,-0.17465753424657537,2023,2021,2023,2023-12,MDB_TEMPORAL_2022_2024_1,MDB_ANALYTICAL_2024_2,ZERO_REGISTERED_BEDS
31089,Campo Belo,MG,BR_HEALTH_REGIONS_END2024_V1,97620,293138,11.945065128246496,83,28.314309301421176,3,0,3.75,3.0731407498463428,0,3.8414259373079283,0.86529680365296802,0.14840182648401826,0.81735159817351599,0.31735159817351599,0.72831050228310501,0.50684931506849318,0.62100456621004563,-0.11415525114155245,2023,2021,2023,2023-12,MDB_TEMPORAL_2022_2024_1,MDB_ANALYTICAL_2024_2,ZERO_REGISTERED_BEDS
31090,Lima Duarte,MG,BR_HEALTH_REGIONS_END2024_V1,72729,218728,9.6874625103303895,47,21.487875352035406,3,0,5.2999999999999998,4.1249020335767028,0,7.2873269259855071,0.62785388127853881,0.1050228310502283,0.91552511415525117,0.31735159817351599,0.97716894977168944,0.36643835616438358,0.73668188736681894,-0.37024353120243536,2023,2021,2023,2023-12,MDB_TEMPORAL_2022_2024_1,MDB_ANALYTICAL_2024_2,ZERO_REGISTERED_BEDS
31091,Cássia,MG,BR_HEALTH_REGIONS_END2024_V1,48673,146221,12.272300589131714,392,268.08734723466534,1,2,1.55,2.0545271505762948,4.1090543011525895,3.1845170833932568,0.87671232876712324,0.9360730593607306,0.52968036529680362,0.88584474885844744,0.60730593607305938,0.90639269406392686,0.67427701674277019,0.23211567732115668,2023,2021,2023,2023-12,MDB_TEMPORAL_2022_2024_1,MDB_ANALYTICAL_2024_2,
31092,Passos,MG,BR_HEALTH_REGIONS_END2024_V1,211526,632995,13.99510250487277,584,92.259812478771565,6,0,8.7750000000000004,2.836530733810501,0,4.1484261981978579,0.9452054794520548,0.56621004566210043,0.75799086757990863,0.31735159817351599,0.78310502283105021,0.75570776255707761,0.61948249619482498,0.13622526636225263,2023,2021,2023,2023-12,MDB_TEMPORAL_2022_2024_1,MDB_ANALYTICAL_2024_2,ZERO_REGISTERED_BEDS
31093,Piumhi,MG,BR_HEALTH_REGIONS_END2024_V1,81909,244230,8.5038542705340046,139,56.913565082094749,3,0,6.6500000000000004,3.6626011793575799,0,8.1187659475759695,0.50228310502283102,0.36529680365296802,0.88812785388127857,0.31735159817351599,0.9908675799086758,0.43378995433789952,0.73211567732115679,-0.29832572298325727,2023,2021,2023,2023-12,MDB_TEMPORAL_2022_2024_1,MDB_ANALYTICAL_2024_2,ZERO_REGISTERED_BEDS
31094,Almenara/Jacinto,MG,BR_HEALTH_REGIONS_END2024_V1,166495,501449,6.064621187353465,339,67.604083366404154,8,7,4.625,4.804949097570498,4.2043304603741847,2.7778611970329439,0.20776255707762556,0.4223744292237443,0.95890410958904104,0.8904109589041096,0.50684931506849318,0.31506849315068491,0.78538812785388112,-0.47031963470319621,2023,2021,2023,2023-12,MDB_TEMPORAL_2022_2024_1,MDB_ANALYTICAL_2024_2,
31095,Serro,MG,BR_HEALTH_REGIONS_END2024_V1,58280,173469,8.0921677397811997,83,47.847165776017619,2,0,3.6000000000000001,3.4317089910775564,0,6.1770761839396027,0.45205479452054792,0.28995433789954339,0.86757990867579904,0.31735159817351599,0.95662100456621002,0.37100456621004563,0.71385083713850828,-0.34284627092846265,2023,2021,2023,2023-12,MDB_TEMPORAL_2022_2024_1,MDB_ANALYTICAL_2024_2,ZERO_REGISTERED_BEDS
31096,Itambacuri,MG,BR_HEALTH_REGIONS_END2024_V1,41000,124260,4.2215755403500506,86,69.209721551585389,1,2,1.0249999999999999,2.4390243902439024,4.8780487804878048,2.5,0.059360730593607303,0.43378995433789952,0.66666666666666663,0.9178082191780822,0.4406392694063927,0.24657534246575341,0.67503805175038056,-0.42846270928462715,2023,2021,2023,2023-12,MDB_TEMPORAL_2022_2024_1,MDB_ANALYTICAL_2024_2,SMALL_SUICIDE_COUNT
31097,Juiz de Fora,MG,BR_HEALTH_REGIONS_END2024_V1,616616,1845034,7.9258919244040031,2458,133.22247720096215,7,24,22.100000000000001,1.1352284079556807,3.8922116844194767,3.584078259402935,0.42922374429223742,0.71917808219178081,0.15525114155251141,0.87899543378995437,0.68036529680365299,0.57420091324200917,0.57153729071537285,0.0026636225266363223,2023,2021,2023,2023-12,MDB_TEMPORAL_2022_2024_1,MDB_ANALYTICAL_2024_2,
31098,Salinas,MG,BR_HEALTH_REGIONS_END2024_V1,65663,198163,10.610700650561849,405,204.37720462447581,3,3,1.125,4.5687830284939768,4.5687830284939768,1.7132936356852415,0.74429223744292239,0.88356164383561642,0.94292237442922378,0.908675799086758,0.20776255707762556,0.8139269406392694,0.68645357686453579,0.12747336377473362,2023,2021,2023,2023-12,MDB_TEMPORAL_2022_2024_1,MDB_ANALYTICAL_2024_2,
31099,Teófilo Otoni/Malacacheta,MG,BR_HEALTH_REGIONS_END2024_V1,270249,814325,8.6083271922807718,564,69.259816412366078,7,10,10.925000000000002,2.5902038490429198,3.7002912129184571,4.0425681501134152,0.5182648401826484,0.4360730593607306,0.70776255707762559,0.86986301369863017,0.76712328767123283,0.4771689497716895,0.78158295281582957,-0.30441400304414007,2023,2021,2023,2023-12,MDB_TEMPORAL_2022_2024_1,MDB_ANALYTICAL_2024_2,
31100,São Francisco,MG,BR_HEALTH_REGIONS_END2024_V1,101076,303005,7.2176363818199007,71,23.431956568373458,1,0,0.65000000000000002,0.98935454509478027,0,0.6430804543116071,0.34474885844748859,0.11872146118721461,0.1095890410958904,0.31735159817351599,0.050228310502283102,0.2317351598173516,0.15905631659056316,0.072678843226788442,2023,2021,2023,2023-12,MDB_TEMPORAL_2022_2024_1,MDB_ANALYTICAL_2024_2,ZERO_REGISTERED_BEDS
31101,Brasília de Minas,MG,BR_HEALTH_REGIONS_END2024_V1,126266,379888,9.8546322419797043,153,40.275028429431835,5,0,2.2000000000000002,3.9598941916271997,0,1.7423534443159678,0.64840182648401823,0.24200913242009131,0.90639269406392697,0.31735159817351599,0.21232876712328766,0.4452054794520548,0.47869101978691025,-0.033485540334855457,2023,2021,2023,2023-12,MDB_TEMPORAL_2022_2024_1,MDB_ANALYTICAL_2024_2,ZERO_REGISTERED_BEDS
31102,Peçanha/São João Evangelista/Santa Maria do,MG,BR_HEALTH_REGIONS_END2024_V1,97424,294420,3.5053032155354784,63,21.398002853067048,5,0,3.8249999999999997,5.1322056166858268,0,3.9261372967646575,0.020547945205479451,0.10273972602739725,0.96803652968036524,0.31735159817351599,0.73972602739726023,0.061643835616438353,0.67503805175038056,-0.61339421613394218,2023,2021,2023,2023-12,MDB_TEMPORAL_2022_2024_1,MDB_ANALYTICAL_2024_2,ZERO_REGISTERED_BEDS
32001,Central,ES,BR_HEALTH_REGIONS_END2024_V1,532070,1587115,6.4297488062063399,758,47.759614142642469,6,0,10.350000000000003,1.127671171086511,0,1.9452327701242325,0.25799086757990869,0.28538812785388129,0.15296803652968036,0.31735159817351599,0.26255707762557079,0.27168949771689499,0.24429223744292239,0.027397260273972601,2023,2021,2023,2023-12,MDB_TEMPORAL_2022_2024_1,MDB_ANALYTICAL_2024_2,ZERO_REGISTERED_BEDS
32002,Metropolitana,ES,BR_HEALTH_REGIONS_END2024_V1,2423197,7215523,6.0678242387845893,3836,53.163159482687533,20,10,57.224999999999994,0.82535592442545946,0.41267796221272973,2.3615496387623458,0.21004566210045661,0.32191780821917809,0.059360730593607303,0.65753424657534243,0.38127853881278539,0.26598173515981738,0.36605783866057839,-0.10007610350076102,2023,2021,2023,2023-12,MDB_TEMPORAL_2022_2024_1,MDB_ANALYTICAL_2024_2,
32003,Norte,ES,BR_HEALTH_REGIONS_END2024_V1,426947,1276839,4.7601859368820838,980,76.752041565146428,6,8,9.2249999999999996,1.4053266564702411,1.8737688752936548,2.1606897343229954,0.089041095890410954,0.4863013698630137,0.25570776255707761,0.75570776255707761,0.32648401826484019,0.28767123287671231,0.44596651445966512,-0.15829528158295281,2023,2021,2023,2023-12,MDB_TEMPORAL_2022_2024_1,MDB_ANALYTICAL_2024_2,
32004,Sul,ES,BR_HEALTH_REGIONS_END2024_V1,693854,2075045,6.2658171031265084,2290,110.35905245428413,11,0,23.599999999999998,1.5853479262207901,0,3.4012919144373308,0.23744292237442921,0.65525114155251141,0.33789954337899542,0.31735159817351599,0.65753424657534243,0.44634703196347031,0.43759512937595124,0.008751902587519067,2023,2021,2023,2023-12,MDB_TEMPORAL_2022_2024_1,MDB_ANALYTICAL_2024_2,ZERO_REGISTERED_BEDS
33001,Baia da Ilha Grande,RJ,BR_HEALTH_REGIONS_END2024_V1,269748,807206,5.4784165279109285,819,101.46108923868256,5,8,12.199999999999999,1.8535818615893351,2.9657309785429367,4.5227397422779774,0.13926940639269406,0.62100456621004563,0.45205479452054792,0.81735159817351599,0.86301369863013699,0.38013698630136983,0.71080669710806699,-0.33066971080669716,2023,2021,2023,2023-12,MDB_TEMPORAL_2022_2024_1,MDB_ANALYTICAL_2024_2,
33002,Baixada Litorânea,RJ,BR_HEALTH_REGIONS_END2024_V1,888173,2620537,4.7474892437471663,1377,52.546481885201388,16,2,39.925000000000026,1.8014508434730621,0.22518135543413276,4.4951828078538778,0.086757990867579904,0.31735159817351599,0.4406392694063927,0.64611872146118721,0.84703196347031962,0.20205479452054795,0.64459665144596656,-0.44254185692541859,2023,2021,2023,2023-12,MDB_TEMPORAL_2022_2024_1,MDB_ANALYTICAL_2024_2,
33003,Centro-Sul,RJ,BR_HEALTH_REGIONS_END2024_V1,336127,1008947,5.203796600935485,969,96.040723645543324,15,31,18.024999999999995,4.4625989581318972,9.2227045134725874,5.3625564146884948,0.12785388127853881,0.59360730593607303,0.93835616438356162,0.97716894977168944,0.92009132420091322,0.36073059360730592,0.94520547945205491,-0.58447488584474905,2023,2021,2023,2023-12,MDB_TEMPORAL_2022_2024_1,MDB_ANALYTICAL_2024_2,
33004,Médio Paraíba,RJ,BR_HEALTH_REGIONS_END2024_V1,918174,2754291,5.0422911012151497,3001,108.95725978119232,24,33,45.324999999999996,2.613883642969633,3.5940900090832457,4.9364281715666092,0.1095890410958904,0.65068493150684936,0.72374429223744297,0.85844748858447484,0.89726027397260277,0.38013698630136988,0.82648401826484008,-0.4463470319634702,2023,2021,2023,2023-12,MDB_TEMPORAL_2022_2024_1,MDB_ANALYTICAL_2024_2,
33005,Metropolitana I,RJ,BR_HEALTH_REGIONS_END2024_V1,10475256,31482205,3.9738851866734892,23248,73.84489110594383,71,67,345.2250000000007,0.67778773139291304,0.63960250708908684,3.2956235150720965,0.043378995433789952,0.46575342465753422,0.025114155251141551,0.68036529680365299,0.62557077625570778,0.2545662100456621,0.4436834094368341,-0.189117199391172,2023,2021,2023,2023-12,MDB_TEMPORAL_2022_2024_1,MDB_ANALYTICAL_2024_2,
33006,Metropolitana II,RJ,BR_HEALTH_REGIONS_END2024_V1,2046610,6149921,4.4820436348967583,11252,182.96169983321738,20,32,79.175000000000082,0.97722575380751575,1.5635612060920252,3.8685924528855069,0.068493150684931503,0.83561643835616439,0.1050228310502283,0.72831050228310501,0.73515981735159819,0.45205479452054798,0.52283105022831045,-0.07077625570776247,2023,2021,2023,2023-12,MDB_TEMPORAL_2022_2024_1,MDB_ANALYTICAL_2024_2,
33007,Noroeste,RJ,BR_HEALTH_REGIONS_END2024_V1,352885,1057507,7.1326679297291866,2061,194.89232695386414,11,4,14.200000000000001,3.1171628150814006,1.133513750938691,4.0239738158323535,0.34018264840182649,0.86529680365296802,0.83105022831050224,0.70776255707762559,0.76484018264840181,0.60273972602739723,0.76788432267884321,-0.16514459665144599,2023,2021,2023,2023-12,MDB_TEMPORAL_2022_2024_1,MDB_ANALYTICAL_2024_2,
33008,Norte,RJ,BR_HEALTH_REGIONS_END2024_V1,963521,2873067,6.6644390382968588,2213,77.025701106169819,14,4,37.925000000000004,1.4530041379482128,0.41514403941377509,3.9360844236918555,0.28310502283105021,0.49315068493150682,0.28310502283105021,0.65981735159817356,0.74200913242009137,0.38812785388127852,0.56164383561643838,-0.17351598173515986,2023,2021,2023,2023-12,MDB_TEMPORAL_2022_2024_1,MDB_ANALYTICAL_2024_2,
33009,Serrana,RJ,BR_HEALTH_REGIONS_END2024_V1,963319,2892347,7.3448241046014049,10304,356.25047755335027,21,12,39.850000000000016,2.1799632312868322,1.245693275021047,4.1367397507990624,0.36301369863013699,0.97716894977168944,0.5821917808219178,0.71461187214611877,0.78082191780821919,0.67009132420091322,0.69254185692541859,-0.022450532724505368,2023,2021,2023,2023-12,MDB_TEMPORAL_2022_2024_1,MDB_ANALYTICAL_2024_2,
35011,Alto do Tietê,SP,BR_HEALTH_REGIONS_END2024_V1,3018924,9027238,4.6846020942131874,7934,87.889562676867499,23,17,84.224999999999895,0.76186084843474033,0.56311454014741669,2.789901302583301,0.077625570776255703,0.54794520547945202,0.041095890410958902,0.67351598173515981,0.51141552511415522,0.31278538812785384,0.408675799086758,-0.09589041095890416,2023,2021,2023,2023-12,MDB_TEMPORAL_2022_2024_1,MDB_ANALYTICAL_2024_2,
35012,Franco da Rocha,SP,BR_HEALTH_REGIONS_END2024_V1,609504,1815550,6.2612592821985933,3206,176.58560766709812,13,0,27.400000000000006,2.1328818186591065,0,4.4954586024045788,0.23515981735159816,0.81735159817351599,0.56621004566210043,0.31735159817351599,0.84931506849315064,0.52625570776255703,0.57762557077625576,-0.051369863013698724,2023,2021,2023,2023-12,MDB_TEMPORAL_2022_2024_1,MDB_ANALYTICAL_2024_2,ZERO_REGISTERED_BEDS
35013,Mananciais,SP,BR_HEALTH_REGIONS_END2024_V1,1152687,3438351,3.2668819465719596,2648,77.013661490638967,12,0,40.900000000000006,1.0410458346454849,0,3.5482312197500279,0.011415525114155251,0.4908675799086758,0.13013698630136986,0.31735159817351599,0.67808219178082196,0.25114155251141551,0.37519025875190265,-0.12404870624048714,2023,2021,2023,2023-12,MDB_TEMPORAL_2022_2024_1,MDB_ANALYTICAL_2024_2,ZERO_REGISTERED_BEDS
35014,Rota dos Bandeirantes,SP,BR_HEALTH_REGIONS_END2024_V1,2016579,6010719,5.6816155714515482,3353,55.78367579652285,16,0,63.999999999999979,0.79342292069886677,0,3.1736916827954658,0.17123287671232876,0.35159817351598172,0.047945205479452052,0.31735159817351599,0.60502283105022836,0.26141552511415522,0.32343987823439879,-0.062024353120243569,2023,2021,2023,2023-12,MDB_TEMPORAL_2022_2024_1,MDB_ANALYTICAL_2024_2,ZERO_REGISTERED_BEDS
35015,Grande ABC,SP,BR_HEALTH_REGIONS_END2024_V1,2786642,8356349,4.7335374077620473,6878,82.308673321327291,28,31,122.54999999999947,1.0047935831010943,1.1124500384333547,4.3977662003228071,0.084474885844748854,0.51598173515981738,0.11415525114155251,0.70547945205479456,0.83561643835616439,0.3002283105022831,0.5517503805175038,-0.2515220700152207,2023,2021,2023,2023-12,MDB_TEMPORAL_2022_2024_1,MDB_ANALYTICAL_2024_2,
35016,São Paulo,SP,BR_HEALTH_REGIONS_END2024_V1,11930850,35867995,1.5866742570450709,33962,94.686084349013655,106,17,740.79999999999893,0.88845304399937963,0.14248775233952318,6.2091133490069774,0,0.591324200913242,0.084474885844748854,0.63926940639269403,0.96118721461187218,0.295662100456621,0.56164383561643838,-0.26598173515981738,2023,2021,2023,2023-12,MDB_TEMPORAL_2022_2024_1,MDB_ANALYTICAL_2024_2,
35021,Central do DRS II,SP,BR_HEALTH_REGIONS_END2024_V1,306737,918648,8.8555685421525752,578,62.918549868937831,5,0,6.2249999999999988,1.630060931677626,0,2.0294258599386441,0.54109589041095896,0.3995433789954338,0.36529680365296802,0.31735159817351599,0.29452054794520549,0.47031963470319638,0.32572298325722987,0.14459665144596651,2023,2021,2023,2023-12,MDB_TEMPORAL_2022_2024_1,MDB_ANALYTICAL_2024_2,ZERO_REGISTERED_BEDS
35022,Lagos do DRS II,SP,BR_HEALTH_REGIONS_END2024_V1,202156,607289,9.3356819180639015,506,83.321120586738758,5,0,8.4499999999999993,2.4733374225845384,0,4.1799402441678701,0.58904109589041098,0.52283105022831056,0.67808219178082196,0.31735159817351599,0.78995433789954339,0.55593607305936077,0.59512937595129378,-0.039193302891933013,2023,2021,2023,2023-12,MDB_TEMPORAL_2022_2024_1,MDB_ANALYTICAL_2024_2,ZERO_REGISTERED_BEDS
35023,Consórcios do DRS II,SP,BR_HEALTH_REGIONS_END2024_V1,269992,810019,8.011089887843271,830,102.46673226183584,3,0,6.375,1.1111440338973007,0,2.3611810720317639,0.43835616438356162,0.62328767123287676,0.14840182648401826,0.31735159817351599,0.37899543378995432,0.53082191780821919,0.28158295281582951,0.24923896499238968,2023,2021,2023,2023-12,MDB_TEMPORAL_2022_2024_1,MDB_ANALYTICAL_2024_2,ZERO_REGISTERED_BEDS
35031,Central do DRS III,SP,BR_HEALTH_REGIONS_END2024_V1,324381,969109,8.7269777098835952,854,88.12218233449488,3,0,8.3750000000000018,0.92483838449230993,0,2.5818404900410323,0.52511415525114158,0.55022831050228316,0.086757990867579904,0.31735159817351599,0.4589041095890411,0.53767123287671237,0.28767123287671231,0.25000000000000006,2023,2021,2023,2023-12,MDB_TEMPORAL_2022_2024_1,MDB_ANALYTICAL_2024_2,ZERO_REGISTERED_BEDS
35032,Coração do DRS III,SP,BR_HEALTH_REGIONS_END2024_V1,402343,1202303,8.7404199004275291,828,68.867831154043529,5,8,10.274999999999999,1.2427207631299662,1.988353221007946,2.5537911682320802,0.5273972602739726,0.4315068493150685,0.18721461187214611,0.76027397260273977,0.45662100456621002,0.47945205479452058,0.4680365296803653,0.011415525114155278,2023,2021,2023,2023-12,MDB_TEMPORAL_2022_2024_1,MDB_ANALYTICAL_2024_2,
35033,Noroeste do DRS III,SP,BR_HEALTH_REGIONS_END2024_V1,293843,882653,11.051859555324684,816,92.448561325911768,7,5,8.3500000000000014,2.3822245212579505,1.701588943755679,2.8416535360719846,0.76940639269406397,0.57077625570776258,0.65296803652968038,0.74429223744292239,0.52054794520547942,0.67009132420091322,0.63926940639269414,0.030821917808219079,2023,2021,2023,2023-12,MDB_TEMPORAL_2022_2024_1,MDB_ANALYTICAL_2024_2,
35041,Baixada Santista,SP,BR_HEALTH_REGIONS_END2024_V1,1856233,5552518,7.8656027032897153,4873,87.761984742777955,29,0,73.399999999999977,1.5623038702576668,0,3.9542449681694043,0.4178082191780822,0.545662100456621,0.32876712328767121,0.31735159817351599,0.74657534246575341,0.4817351598173516,0.46423135464231358,0.017503805175038023,2023,2021,2023,2023-12,MDB_TEMPORAL_2022_2024_1,MDB_ANALYTICAL_2024_2,ZERO_REGISTERED_BEDS
35051,Norte - Barretos,SP,BR_HEALTH_REGIONS_END2024_V1,292715,876908,8.3719295878135753,872,99.440306166667426,3,20,18.875,1.0248876893907042,6.8325845959380285,6.4482517124165142,0.47488584474885842,0.60502283105022836,0.12328767123287671,0.95890410958904104,0.97031963470319638,0.53995433789954339,0.68417047184170465,-0.14421613394216126,2023,2021,2023,2023-12,MDB_TEMPORAL_2022_2024_1,MDB_ANALYTICAL_2024_2,
35052,Sul - Barretos,SP,BR_HEALTH_REGIONS_END2024_V1,145804,438361,6.61058204863689,236,53.836906111629453,2,0,7.8250000000000002,1.3717044799868316,0,5.3667937779484793,0.27625570776255709,0.33105022831050229,0.23515981735159816,0.31735159817351599,0.92237442922374424,0.30365296803652969,0.49162861491628612,-0.18797564687975643,2023,2021,2023,2023-12,MDB_TEMPORAL_2022_2024_1,MDB_ANALYTICAL_2024_2,ZERO_REGISTERED_BEDS
35061,Vale do Jurumirim,SP,BR_HEALTH_REGIONS_END2024_V1,310342,927784,11.117433299483459,994,107.13700602726496,5,0,8.1000000000000014,1.6111257902572003,0,2.6100237802166646,0.77168949771689499,0.64383561643835618,0.34474885844748859,0.31735159817351599,0.47031963470319632,0.70776255707762559,0.37747336377473362,0.33028919330289197,2023,2021,2023,2023-12,MDB_TEMPORAL_2022_2024_1,MDB_ANALYTICAL_2024_2,ZERO_REGISTERED_BEDS
35062,Bauru,SP,BR_HEALTH_REGIONS_END2024_V1,661296,1977973,6.8286650217076073,2588,130.84101754675115,12,0,20.475000000000001,1.8146185671771793,0,3.0961929302460622,0.29908675799086759,0.71461187214611877,0.44748858447488582,0.31735159817351599,0.58904109589041098,0.50684931506849318,0.4512937595129376,0.05555555555555558,2023,2021,2023,2023-12,MDB_TEMPORAL_2022_2024_1,MDB_ANALYTICAL_2024_2,ZERO_REGISTERED_BEDS
35063,Polo Cuesta,SP,BR_HEALTH_REGIONS_END2024_V1,310309,928588,11.464023582132725,1356,146.02816318970306,6,0,28.325000000000006,1.9335565516952458,0,9.1279982211279744,0.82420091324200917,0.74657534246575341,0.4908675799086758,0.31735159817351599,0.99543378995433784,0.78538812785388123,0.60121765601217658,0.18417047184170465,2023,2021,2023,2023-12,MDB_TEMPORAL_2022_2024_1,MDB_ANALYTICAL_2024_2,ZERO_REGISTERED_BEDS
35064,Jaú,SP,BR_HEALTH_REGIONS_END2024_V1,332905,1000996,8.4586320387551588,2973,297.00418383290241,7,0,14.525000000000002,2.1027019720340641,0,4.3631065919706833,0.49771689497716892,0.954337899543379,0.55022831050228316,0.31735159817351599,0.83105022831050224,0.72602739726027399,0.56621004566210054,0.15981735159817345,2023,2021,2023,2023-12,MDB_TEMPORAL_2022_2024_1,MDB_ANALYTICAL_2024_2,ZERO_REGISTERED_BEDS
35065,Lins,SP,BR_HEALTH_REGIONS_END2024_V1,161593,485828,11.734529285459129,1131,232.79843895370379,5,0,6,3.094193436596882,0,3.7130321239162587,0.85388127853881279,0.91095890410958902,0.82420091324200917,0.31735159817351599,0.71004566210045661,0.88242009132420085,0.61719939117199385,0.265220700152207,2023,2021,2023,2023-12,MDB_TEMPORAL_2022_2024_1,MDB_ANALYTICAL_2024_2,ZERO_REGISTERED_BEDS
35071,Bragança,SP,BR_HEALTH_REGIONS_END2024_V1,507397,1506584,8.5595255081560531,1516,100.62499004370152,7,0,13.174999999999999,1.3795903405026044,0,2.596586105160259,0.50684931506849318,0.61415525114155256,0.24200913242009131,0.31735159817351599,0.46575342465753422,0.56050228310502281,0.34170471841704719,0.21879756468797562,2023,2021,2023,2023-12,MDB_TEMPORAL_2022_2024_1,MDB_ANALYTICAL_2024_2,ZERO_REGISTERED_BEDS
35072,Região Metropolitana de Campinas,SP,BR_HEALTH_REGIONS_END2024_V1,3262797,9727672,6.2032760291593192,9785,100.58932908099698,49,20,129.77499999999995,1.5017789951382203,0.61297101842376334,3.9774156957971933,0.22831050228310501,0.61187214611872143,0.30136986301369861,0.67808219178082196,0.75114155251141557,0.42009132420091322,0.57686453576864538,-0.15677321156773216,2023,2021,2023,2023-12,MDB_TEMPORAL_2022_2024_1,MDB_ANALYTICAL_2024_2,
35073,Jundiaí,SP,BR_HEALTH_REGIONS_END2024_V1,865475,2567067,5.5861792285690655,2875,111.99551862105665,11,14,25.900000000000009,1.2709783644819319,1.6176088275224589,2.9925763309165498,0.15981735159817351,0.65981735159817356,0.19634703196347031,0.73287671232876717,0.55707762557077622,0.40981735159817356,0.4954337899543379,-0.085616438356164337,2023,2021,2023,2023-12,MDB_TEMPORAL_2022_2024_1,MDB_ANALYTICAL_2024_2,
35074,Circuito das Águas,SP,BR_HEALTH_REGIONS_END2024_V1,134593,403282,9.4208007421185673,676,167.62463983019327,4,0,11.375,2.9719227597274749,0,8.4514053479750064,0.59817351598173518,0.78995433789954339,0.79223744292237441,0.31735159817351599,0.99315068493150682,0.69406392694063923,0.7009132420091323,-0.006849315068493067,2023,2021,2023,2023-12,MDB_TEMPORAL_2022_2024_1,MDB_ANALYTICAL_2024_2,ZERO_REGISTERED_BEDS
35081,Três Colinas,SP,BR_HEALTH_REGIONS_END2024_V1,435307,1301174,9.8683502060234218,3489,268.14246211498232,3,0,14.424999999999999,0.68916879351813776,0,3.3137532821663789,0.65068493150684936,0.93835616438356162,0.029680365296803651,0.31735159817351599,0.63242009132420096,0.79452054794520555,0.32648401826484019,0.46803652968036535,2023,2021,2023,2023-12,MDB_TEMPORAL_2022_2024_1,MDB_ANALYTICAL_2024_2,ZERO_REGISTERED_BEDS
35082,Alta Anhanguera,SP,BR_HEALTH_REGIONS_END2024_V1,151820,456934,6.9566140524915099,749,163.91864032880022,5,0,7,3.2933737320511129,0,4.6107232248715588,0.31506849315068491,0.78310502283105021,0.85616438356164382,0.31735159817351599,0.86986301369863017,0.54908675799086759,0.68112633181126336,-0.13203957382039577,2023,2021,2023,2023-12,MDB_TEMPORAL_2022_2024_1,MDB_ANALYTICAL_2024_2,ZERO_REGISTERED_BEDS
35083,Alta Mogiana,SP,BR_HEALTH_REGIONS_END2024_V1,114236,345033,8.8045008590332259,596,172.73710050922665,3,10,5.9000000000000004,2.6261423719317905,8.7538079064393006,5.1647466647991873,0.5365296803652968,0.80593607305936077,0.73059360730593603,0.9726027397260274,0.91324200913242004,0.67123287671232879,0.87214611872146108,-0.2009132420091323,2023,2021,2023,2023-12,MDB_TEMPORAL_2022_2024_1,MDB_ANALYTICAL_2024_2,
35091,Adamantina,SP,BR_HEALTH_REGIONS_END2024_V1,133731,402109,8.5748012275045689,2770,688.86794376649118,5,0,6.1999999999999993,3.7388488832058382,0,4.6361726151752398,0.51141552511415522,0.99771689497716898,0.89497716894977164,0.31735159817351599,0.87442922374429222,0.75456621004566204,0.69558599695585999,0.058980213089802058,2023,2021,2023,2023-12,MDB_TEMPORAL_2022_2024_1,MDB_ANALYTICAL_2024_2,ZERO_REGISTERED_BEDS
35092,Assis,SP,BR_HEALTH_REGIONS_END2024_V1,240393,722856,9.630585486201575,1323,183.02400478103525,7,0,9.2750000000000039,2.9118984329826576,0,3.8582654237020231,0.61872146118721461,0.83789954337899542,0.76712328767123283,0.31735159817351599,0.73287671232876717,0.72831050228310501,0.60578386605783863,0.12252663622526638,2023,2021,2023,2023-12,MDB_TEMPORAL_2022_2024_1,MDB_ANALYTICAL_2024_2,ZERO_REGISTERED_BEDS
35093,Marília,SP,BR_HEALTH_REGIONS_END2024_V1,392707,1176863,9.9077205938425461,6034,512.71898258335932,6,0,38.57500000000001,1.5278566463037326,0,9.8228450218610845,0.65525114155251141,0.99315068493150682,0.31278538812785389,0.31735159817351599,0.99771689497716898,0.82420091324200917,0.54261796042617971,0.28158295281582946,2023,2021,2023,2023-12,MDB_TEMPORAL_2022_2024_1,MDB_ANALYTICAL_2024_2,ZERO_REGISTERED_BEDS
35094,Ourinhos,SP,BR_HEALTH_REGIONS_END2024_V1,236330,710324,7.8726213177522819,770,108.40123661878241,6,0,8.375,2.5388228324800068,0,3.543773537003343,0.42009132420091322,0.64840182648401823,0.69178082191780821,0.31735159817351599,0.67579908675799083,0.53424657534246567,0.56164383561643827,-0.027397260273972601,2023,2021,2023,2023-12,MDB_TEMPORAL_2022_2024_1,MDB_ANALYTICAL_2024_2,ZERO_REGISTERED_BEDS
35095,Tupã,SP,BR_HEALTH_REGIONS_END2024_V1,128518,386730,9.7626927884939789,1583,409.32950637395601,3,0,4.625,2.3343033660654537,0,3.5987176893509085,0.63470319634703198,0.9908675799086758,0.63013698630136983,0.31735159817351599,0.68493150684931503,0.81278538812785395,0.54414003044140025,0.2686453576864537,2023,2021,2023,2023-12,MDB_TEMPORAL_2022_2024_1,MDB_ANALYTICAL_2024_2,ZERO_REGISTERED_BEDS
35101,Araras,SP,BR_HEALTH_REGIONS_END2024_V1,344468,1030734,8.0374331594171498,1398,135.6315014348998,9,0,9.1749999999999989,2.6127245491598639,0,2.6635275265046388,0.44292237442922372,0.72831050228310501,0.72146118721461183,0.31735159817351599,0.4863013698630137,0.58561643835616439,0.50837138508371382,0.07724505327245057,2023,2021,2023,2023-12,MDB_TEMPORAL_2022_2024_1,MDB_ANALYTICAL_2024_2,ZERO_REGISTERED_BEDS
35102,Limeira,SP,BR_HEALTH_REGIONS_END2024_V1,367482,1100122,7.8753640807506127,1036,94.171373720369189,6,12,7.3999999999999977,1.6327330318219668,3.2654660636439337,2.0137040725804249,0.4223744292237443,0.58447488584474883,0.36986301369863012,0.83561643835616439,0.28310502283105021,0.50342465753424659,0.49619482496194828,0.0072298325722983114,2023,2021,2023,2023-12,MDB_TEMPORAL_2022_2024_1,MDB_ANALYTICAL_2024_2,
35103,Piracicaba,SP,BR_HEALTH_REGIONS_END2024_V1,620713,1849838,7.1851693134995243,1286,69.519601175886763,9,0,13.600000000000001,1.4499454659399755,0,2.1910287040870742,0.34246575342465752,0.4406392694063927,0.27853881278538811,0.31735159817351599,0.33105022831050229,0.39155251141552511,0.30898021308980211,0.082572298325722993,2023,2021,2023,2023-12,MDB_TEMPORAL_2022_2024_1,MDB_ANALYTICAL_2024_2,ZERO_REGISTERED_BEDS
35104,Rio Claro,SP,BR_HEALTH_REGIONS_END2024_V1,264438,791341,6.7599964792353999,382,48.272489356674306,4,0,11.949999999999998,1.5126419047186863,0,4.5190176903470745,0.29452054794520549,0.29452054794520549,0.30821917808219179,0.31735159817351599,0.86073059360730597,0.29452054794520549,0.4954337899543379,-0.20091324200913241,2023,2021,2023,2023-12,MDB_TEMPORAL_2022_2024_1,MDB_ANALYTICAL_2024_2,ZERO_REGISTERED_BEDS
35111,Alta Paulista,SP,BR_HEALTH_REGIONS_END2024_V1,135152,405474,6.4410470997319731,936,230.84094171266224,4,4,5.75,2.9596306380963657,2.9596306380963657,4.2544690422635254,0.26027397260273971,0.90639269406392697,0.78995433789954339,0.81506849315068497,0.80593607305936077,0.58333333333333337,0.80365296803652964,-0.22031963470319627,2023,2021,2023,2023-12,MDB_TEMPORAL_2022_2024_1,MDB_ANALYTICAL_2024_2,
35112,Alta Sorocabana,SP,BR_HEALTH_REGIONS_END2024_V1,416936,1248533,8.8611528710124592,3931,314.84950738186336,11,0,30.699999999999999,2.6382946063664448,0,7.3632404014045321,0.545662100456621,0.96803652968036524,0.73515981735159819,0.31735159817351599,0.9817351598173516,0.75684931506849318,0.67808219178082185,0.078767123287671326,2023,2021,2023,2023-12,MDB_TEMPORAL_2022_2024_1,MDB_ANALYTICAL_2024_2,ZERO_REGISTERED_BEDS
35113,Alto Capivari,SP,BR_HEALTH_REGIONS_END2024_V1,57658,173642,9.926563102737429,433,249.36363322237708,3,0,2.6000000000000001,5.2030941066287415,0,4.50934822574491,0.65981735159817356,0.9269406392694064,0.97031963470319638,0.31735159817351599,0.85388127853881279,0.79337899543378998,0.71385083713850828,0.079528158295281703,2023,2021,2023,2023-12,MDB_TEMPORAL_2022_2024_1,MDB_ANALYTICAL_2024_2,ZERO_REGISTERED_BEDS
35114,Extremo Oeste Paulista,SP,BR_HEALTH_REGIONS_END2024_V1,90398,273342,9.080394357301925,686,250.9676522451727,2,4,1.45,2.2124383282815989,4.4248766565631978,1.6040177880041595,0.56621004566210043,0.92922374429223742,0.58904109589041098,0.90410958904109584,0.18264840182648401,0.74771689497716887,0.55859969558599698,0.18911719939117189,2023,2021,2023,2023-12,MDB_TEMPORAL_2022_2024_1,MDB_ANALYTICAL_2024_2,
35115,Pontal do Paranapanema,SP,BR_HEALTH_REGIONS_END2024_V1,64567,195365,11.47340121171122,692,354.20878867760348,3,0,2.7249999999999996,4.646336363777162,0,4.2204221970975881,0.83105022831050224,0.97488584474885842,0.94977168949771684,0.31735159817351599,0.79680365296803657,0.90296803652968038,0.68797564687975654,0.21499238964992384,2023,2021,2023,2023-12,MDB_TEMPORAL_2022_2024_1,MDB_ANALYTICAL_2024_2,ZERO_REGISTERED_BEDS
35121,Vale do Ribeira,SP,BR_HEALTH_REGIONS_END2024_V1,284030,854673,9.9736846240438144,432,50.545647282644936,7,5,7.4499999999999993,2.4645283948878638,1.7603774249199029,2.6229623631306551,0.66666666666666663,0.30593607305936071,0.67351598173515981,0.74657534246575341,0.4726027397260274,0.48630136986301364,0.63089802130898021,-0.14459665144596656,2023,2021,2023,2023-12,MDB_TEMPORAL_2022_2024_1,MDB_ANALYTICAL_2024_2,
35131,Horizonte Verde,SP,BR_HEALTH_REGIONS_END2024_V1,424786,1273628,9.1082357165474406,1501,117.8523085233679,7,0,13.024999999999999,1.6478885838987163,0,3.0662498293258249,0.57077625570776258,0.68036529680365299,0.38584474885844749,0.31735159817351599,0.58447488584474883,0.62557077625570778,0.42922374429223747,0.19634703196347031,2023,2021,2023,2023-12,MDB_TEMPORAL_2022_2024_1,MDB_ANALYTICAL_2024_2,ZERO_REGISTERED_BEDS
35132,Aquífero Guarani,SP,BR_HEALTH_REGIONS_END2024_V1,943871,2814208,8.3794978860126328,4378,155.56774765760031,8,0,60.82500000000006,0.84757345018545971,0,6.4442068884413288,0.47945205479452052,0.76484018264840181,0.070776255707762553,0.31735159817351599,0.96803652968036524,0.62214611872146119,0.45205479452054798,0.17009132420091322,2023,2021,2023,2023-12,MDB_TEMPORAL_2022_2024_1,MDB_ANALYTICAL_2024_2,ZERO_REGISTERED_BEDS
35133,Vale das Cachoeiras,SP,BR_HEALTH_REGIONS_END2024_V1,138962,416373,7.4708808288358348,1129,271.15110730042534,1,0,5.5749999999999993,0.71962119140484448,0,4.0118881420820074,0.37671232876712329,0.9452054794520548,0.036529680365296802,0.31735159817351599,0.76255707762557079,0.66095890410958902,0.37214611872146119,0.28881278538812782,2023,2021,2023,2023-12,MDB_TEMPORAL_2022_2024_1,MDB_ANALYTICAL_2024_2,ZERO_REGISTERED_BEDS
35141,Baixa Mogiana,SP,BR_HEALTH_REGIONS_END2024_V1,339303,1014112,7.8264858673046893,3703,365.14704490233817,8,0,12.850000000000001,2.3577746144301699,0,3.7871754744284609,0.4132420091324201,0.98401826484018262,0.63926940639269403,0.31735159817351599,0.72146118721461183,0.69863013698630139,0.55936073059360725,0.13926940639269414,2023,2021,2023,2023-12,MDB_TEMPORAL_2022_2024_1,MDB_ANALYTICAL_2024_2,ZERO_REGISTERED_BEDS
35142,Mantiqueira,SP,BR_HEALTH_REGIONS_END2024_V1,275617,828105,10.086778238806708,4276,516.35964038376767,8,0,11.899999999999997,2.9025785782444475,0,4.3175856351386148,0.68493150684931503,0.99543378995433784,0.76484018264840181,0.31735159817351599,0.81506849315068497,0.84018264840182644,0.63242009132420085,0.20776255707762559,2023,2021,2023,2023-12,MDB_TEMPORAL_2022_2024_1,MDB_ANALYTICAL_2024_2,ZERO_REGISTERED_BEDS
35143,Rio Pardo,SP,BR_HEALTH_REGIONS_END2024_V1,211328,636465,9.838006263385072,4801,754.32270431209895,9,0,8.0249999999999986,4.2587825560266506,0,3.7974144457904297,0.64611872146118721,1,0.92237442922374424,0.31735159817351599,0.72374429223744297,0.8230593607305936,0.65449010654490103,0.16856925418569257,2023,2021,2023,2023-12,MDB_TEMPORAL_2022_2024_1,MDB_ANALYTICAL_2024_2,ZERO_REGISTERED_BEDS
35151,Catanduva,SP,BR_HEALTH_REGIONS_END2024_V1,305110,917129,8.0001050283138362,1641,178.92793707319254,5,0,17.699999999999996,1.6387532365376423,0,5.8011864573432517,0.4360730593607306,0.82648401826484019,0.37671232876712329,0.31735159817351599,0.94748858447488582,0.63127853881278539,0.54718417047184165,0.084094368340943748,2023,2021,2023,2023-12,MDB_TEMPORAL_2022_2024_1,MDB_ANALYTICAL_2024_2,ZERO_REGISTERED_BEDS
35152,Santa Fé do Sul,SP,BR_HEALTH_REGIONS_END2024_V1,53872,160058,14.05393335564426,218,136.20062727261367,1,0,2.3249999999999997,1.8562518562518562,0,4.315785565785565,0.94977168949771684,0.73287671232876717,0.454337899543379,0.31735159817351599,0.81278538812785384,0.841324200913242,0.52815829528158298,0.31316590563165903,2023,2021,2023,2023-12,MDB_TEMPORAL_2022_2024_1,MDB_ANALYTICAL_2024_2,ZERO_REGISTERED_BEDS
35153,Jales,SP,BR_HEALTH_REGIONS_END2024_V1,104227,313807,11.921091295626564,459,146.26824768089941,1,0,2.1000000000000001,0.9594442898673089,0,2.0148330087213489,0.86301369863013699,0.74885844748858443,0.095890410958904104,0.31735159817351599,0.28767123287671231,0.80593607305936077,0.23363774733637746,0.57229832572298334,2023,2021,2023,2023-12,MDB_TEMPORAL_2022_2024_1,MDB_ANALYTICAL_2024_2,ZERO_REGISTERED_BEDS
35154,Fernandópolis,SP,BR_HEALTH_REGIONS_END2024_V1,123886,370534,8.869122846837854,276,74.487091602929823,2,0,3.8750000000000004,1.6143874206932181,0,3.1278756275931103,0.54794520547945202,0.4680365296803653,0.34931506849315069,0.31735159817351599,0.59360730593607303,0.50799086757990863,0.42009132420091327,0.08789954337899536,2023,2021,2023,2023-12,MDB_TEMPORAL_2022_2024_1,MDB_ANALYTICAL_2024_2,ZERO_REGISTERED_BEDS
35155,São José do Rio Preto,SP,BR_HEALTH_REGIONS_END2024_V1,786508,2335388,6.9194322377285138,5491,235.1215301268997,13,0,39.77499999999997,1.6528757495155801,0,5.0571640720755502,0.31050228310502281,0.91324200913242004,0.3904109589041096,0.31735159817351599,0.91095890410958902,0.61187214611872143,0.5395738203957382,0.072298325722983225,2023,2021,2023,2023-12,MDB_TEMPORAL_2022_2024_1,MDB_ANALYTICAL_2024_2,ZERO_REGISTERED_BEDS
35156,José Bonifácio,SP,BR_HEALTH_REGIONS_END2024_V1,103277,308673,7.2665439519452821,462,149.67295487457599,0,0,4.375,0,0,4.2361803692981015,0.34931506849315069,0.75570776255707761,0.0022831050228310501,0.31735159817351599,0.80365296803652964,0.55251141552511418,0.37442922374429227,0.17808219178082191,2023,2021,2023,2023-12,MDB_TEMPORAL_2022_2024_1,MDB_ANALYTICAL_2024_2,ZERO_REGISTERED_BEDS
35157,Votuporanga,SP,BR_HEALTH_REGIONS_END2024_V1,202178,605084,8.9887914015141952,1016,167.91057109426129,3,0,5.5749999999999993,1.4838409718169139,0,2.7574711392930977,0.56164383561643838,0.79223744292237441,0.29452054794520549,0.31735159817351599,0.50228310502283102,0.6769406392694064,0.37138508371385087,0.30555555555555552,2023,2021,2023,2023-12,MDB_TEMPORAL_2022_2024_1,MDB_ANALYTICAL_2024_2,ZERO_REGISTERED_BEDS
35161,Itapetininga,SP,BR_HEALTH_REGIONS_END2024_V1,510016,1524307,8.7584832536493824,773,50.711569257374002,11,4,15.500000000000002,2.1567950809386374,0.7842891203413227,3.0391203413226258,0.53196347031963476,0.30821917808219179,0.57077625570776258,0.69178082191780821,0.5730593607305936,0.42009132420091327,0.61187214611872143,-0.19178082191780815,2023,2021,2023,2023-12,MDB_TEMPORAL_2022_2024_1,MDB_ANALYTICAL_2024_2,
35162,Itapeva,SP,BR_HEALTH_REGIONS_END2024_V1,279545,841555,11.743833470181801,305,36.242432164267342,7,0,6.8250000000000002,2.5040691123074996,0,2.4414673844998123,0.85616438356164382,0.19863013698630136,0.68493150684931503,0.31735159817351599,0.408675799086758,0.5273972602739726,0.47031963470319638,0.057077625570776225,2023,2021,2023,2023-12,MDB_TEMPORAL_2022_2024_1,MDB_ANALYTICAL_2024_2,ZERO_REGISTERED_BEDS
35163,Sorocaba,SP,BR_HEALTH_REGIONS_END2024_V1,1832339,5446709,8.0602772304914225,5073,93.138810977417734,32,28,75.400000000000006,1.7464017302475141,1.528101513966575,4.1149590768957056,0.4452054794520548,0.57990867579908678,0.42465753424657532,0.72602739726027399,0.77853881278538817,0.51255707762557079,0.64307458143074581,-0.13051750380517502,2023,2021,2023,2023-12,MDB_TEMPORAL_2022_2024_1,MDB_ANALYTICAL_2024_2,
35171,Alto Vale do Paraíba,SP,BR_HEALTH_REGIONS_END2024_V1,1122566,3351991,5.9957010338987207,5748,171.48017402194697,11,0,34.275000000000006,0.97989784119597423,0,3.053272591544729,0.20547945205479451,0.80136986301369861,0.10730593607305935,0.31735159817351599,0.5821917808219178,0.50342465753424659,0.33561643835616439,0.1678082191780822,2023,2021,2023,2023-12,MDB_TEMPORAL_2022_2024_1,MDB_ANALYTICAL_2024_2,ZERO_REGISTERED_BEDS
35172,Circuito da Fé e Vale Histórico,SP,BR_HEALTH_REGIONS_END2024_V1,466731,1403661,6.5123916089878318,1201,85.561969734857627,9,0,16.024999999999999,1.9283055978711505,0,3.433455245098354,0.26712328767123289,0.53424657534246578,0.47945205479452052,0.31735159817351599,0.66666666666666663,0.40068493150684936,0.4878234398782344,-0.087138508371385037,2023,2021,2023,2023-12,MDB_TEMPORAL_2022_2024_1,MDB_ANALYTICAL_2024_2,ZERO_REGISTERED_BEDS
35173,Litoral Norte,SP,BR_HEALTH_REGIONS_END2024_V1,353842,1049119,8.4514601385253574,1475,140.5941556677555,6,0,19.150000000000002,1.6956720796287608,0,5.4120200541484627,0.49315068493150682,0.74200913242009137,0.41095890410958902,0.31735159817351599,0.9269406392694064,0.61757990867579915,0.5517503805175038,0.065829528158295347,2023,2021,2023,2023-12,MDB_TEMPORAL_2022_2024_1,MDB_ANALYTICAL_2024_2,ZERO_REGISTERED_BEDS
35174,Vale do Paraíba/Região Serrana,SP,BR_HEALTH_REGIONS_END2024_V1,637625,1903686,4.21723319925038,1359,71.387823412054303,7,16,18.874999999999996,1.0978239560870418,2.5093118996275243,2.9602038815918443,0.057077625570776253,0.454337899543379,0.14383561643835616,0.79452054794520544,0.54794520547945202,0.25570776255707761,0.4954337899543379,-0.23972602739726029,2023,2021,2023,2023-12,MDB_TEMPORAL_2022_2024_1,MDB_ANALYTICAL_2024_2,
41001,1ª RS Paranaguá,PR,BR_HEALTH_REGIONS_END2024_V1,309936,922293,9.4503467040239322,983,106.58218158437721,5,0,4,1.613236281038666,0,1.2905890248309329,0.60502283105022836,0.64155251141552516,0.34703196347031962,0.31735159817351599,0.12100456621004566,0.62328767123287676,0.26179604261796041,0.36149162861491635,2023,2021,2023,2023-12,MDB_TEMPORAL_2022_2024_1,MDB_ANALYTICAL_2024_2,ZERO_REGISTERED_BEDS
41002,2ª RS Metropolitana,PR,BR_HEALTH_REGIONS_END2024_V1,3679765,10974963,7.3057770720211419,13587,123.79996178574815,41,6,92.600000000000023,1.1142015862425998,0.16305389066964873,2.5164650460015796,0.35616438356164382,0.69406392694063923,0.15068493150684931,0.64155251141552516,0.44748858447488582,0.52511415525114158,0.41324200913242004,0.11187214611872154,2023,2021,2023,2023-12,MDB_TEMPORAL_2022_2024_1,MDB_ANALYTICAL_2024_2,
41003,3ª RS Ponta Grossa,PR,BR_HEALTH_REGIONS_END2024_V1,652253,1945689,9.4882434085830756,1623,83.415180946184094,9,0,8.3000000000000007,1.3798326722912735,0,1.2725123533352856,0.6095890410958904,0.52511415525114158,0.24429223744292236,0.31735159817351599,0.11872146118721461,0.56735159817351599,0.22678843226788434,0.34056316590563163,2023,2021,2023,2023-12,MDB_TEMPORAL_2022_2024_1,MDB_ANALYTICAL_2024_2,ZERO_REGISTERED_BEDS
41004,4ª RS Irati,PR,BR_HEALTH_REGIONS_END2024_V1,167630,502905,9.9114361393663764,561,111.55188355653652,2,10,1.05,1.1931038596909862,5.9655192984549306,0.62637952633776772,0.65753424657534243,0.65753424657534243,0.16666666666666666,0.9452054794520548,0.043378995433789952,0.65753424657534243,0.38508371385083717,0.27245053272450526,2023,2021,2023,2023-12,MDB_TEMPORAL_2022_2024_1,MDB_ANALYTICAL_2024_2,
41005,5ª RS Guarapuava,PR,BR_HEALTH_REGIONS_END2024_V1,461750,1384833,15.211303088941317,1709,123.40838209372539,10,4,6.3499999999999979,2.1656740660530591,0.86626962642122363,1.3752030319436921,0.96575342465753422,0.69178082191780821,0.57762557077625576,0.69634703196347036,0.13926940639269406,0.82876712328767121,0.47108066971080675,0.35768645357686446,2023,2021,2023,2023-12,MDB_TEMPORAL_2022_2024_1,MDB_ANALYTICAL_2024_2,
41006,6ª RS União da Vitória,PR,BR_HEALTH_REGIONS_END2024_V1,165388,497818,12.039715683066683,644,129.36454688259565,2,0,3.8249999999999997,1.2092775775751565,0,2.3127433671124868,0.87442922374429222,0.70547945205479456,0.17123287671232876,0.31735159817351599,0.36529680365296802,0.78995433789954339,0.28462709284627091,0.50532724505327242,2023,2021,2023,2023-12,MDB_TEMPORAL_2022_2024_1,MDB_ANALYTICAL_2024_2,ZERO_REGISTERED_BEDS
41007,7ª RS Pato Branco,PR,BR_HEALTH_REGIONS_END2024_V1,286149,851572,12.548375405875035,598,70.223069805019421,7,7,6.6250000000000009,2.4462779880411953,2.4462779880411953,2.315227381538989,0.8904109589041096,0.4497716894977169,0.66894977168949776,0.79223744292237441,0.36757990867579909,0.67009132420091322,0.6095890410958904,0.060502283105022814,2023,2021,2023,2023-12,MDB_TEMPORAL_2022_2024_1,MDB_ANALYTICAL_2024_2,
41008,8ª RS Francisco Beltrão,PR,BR_HEALTH_REGIONS_END2024_V1,391497,1164444,13.768839366074257,661,56.7652888417133,9,0,9.1749999999999954,2.2988681905608472,0,2.3435684053773072,0.9360730593607306,0.36301369863013699,0.62100456621004563,0.31735159817351599,0.37671232876712329,0.6495433789954338,0.43835616438356162,0.21118721461187218,2023,2021,2023,2023-12,MDB_TEMPORAL_2022_2024_1,MDB_ANALYTICAL_2024_2,ZERO_REGISTERED_BEDS
41009,9ª RS Foz do Iguaçu,PR,BR_HEALTH_REGIONS_END2024_V1,455725,1356443,10.132714563592133,1820,134.17445480569401,7,0,13.274999999999993,1.5360140435569696,0,2.9129409183169659,0.69406392694063923,0.72146118721461183,0.31963470319634701,0.31735159817351599,0.53881278538812782,0.70776255707762559,0.3919330289193303,0.31582952815829529,2023,2021,2023,2023-12,MDB_TEMPORAL_2022_2024_1,MDB_ANALYTICAL_2024_2,ZERO_REGISTERED_BEDS
41010,10ª RS Cascavel,PR,BR_HEALTH_REGIONS_END2024_V1,591241,1758095,12.363398485322699,1660,94.420381151189204,6,0,13.175000000000001,1.014814601829034,0,2.2283637298495877,0.88356164383561642,0.58904109589041098,0.12100456621004566,0.31735159817351599,0.34246575342465752,0.73630136986301364,0.26027397260273971,0.47602739726027393,2023,2021,2023,2023-12,MDB_TEMPORAL_2022_2024_1,MDB_ANALYTICAL_2024_2,ZERO_REGISTERED_BEDS
41011,11ª RS Campo Mourão,PR,BR_HEALTH_REGIONS_END2024_V1,348064,1043774,7.7189269050572937,1823,174.65466662323453,8,0,6.7999999999999998,2.2984278753332723,0,1.953663694033281,0.408675799086758,0.81050228310502281,0.61872146118721461,0.31735159817351599,0.26484018264840181,0.6095890410958904,0.40030441400304412,0.20928462709284629,2023,2021,2023,2023-12,MDB_TEMPORAL_2022_2024_1,MDB_ANALYTICAL_2024_2,ZERO_REGISTERED_BEDS
41012,12ª RS Umuarama,PR,BR_HEALTH_REGIONS_END2024_V1,296342,884002,7.6754416462367994,3611,408.48323872570427,2,0,13.149999999999999,0.67489589730784028,0,4.4374405247990492,0.40182648401826482,0.98858447488584478,0.022831050228310501,0.31735159817351599,0.83789954337899542,0.6952054794520548,0.39269406392694067,0.30251141552511412,2023,2021,2023,2023-12,MDB_TEMPORAL_2022_2024_1,MDB_ANALYTICAL_2024_2,ZERO_REGISTERED_BEDS
41013,13ª RS Cianorte,PR,BR_HEALTH_REGIONS_END2024_V1,157114,469479,6.2072619302290271,588,125.24521863597734,2,0,3.0999999999999992,1.2729610346627289,0,1.9730896037272292,0.23059360730593606,0.69634703196347036,0.19863013698630136,0.31735159817351599,0.26940639269406391,0.4634703196347032,0.26179604261796041,0.20167427701674279,2023,2021,2023,2023-12,MDB_TEMPORAL_2022_2024_1,MDB_ANALYTICAL_2024_2,ZERO_REGISTERED_BEDS
41014,14ª RS Paranavaí,PR,BR_HEALTH_REGIONS_END2024_V1,277842,832229,11.029655071762566,1489,178.91710094216856,4,0,4.0749999999999993,1.4396671489551616,0,1.4666609079980706,0.76712328767123283,0.82420091324200917,0.26484018264840181,0.31735159817351599,0.16666666666666666,0.795662100456621,0.24961948249619481,0.54604261796042619,2023,2021,2023,2023-12,MDB_TEMPORAL_2022_2024_1,MDB_ANALYTICAL_2024_2,ZERO_REGISTERED_BEDS
41015,15ª RS Maringá,PR,BR_HEALTH_REGIONS_END2024_V1,889656,2639242,6.9904861839704431,4723,178.95289632402029,12,20,32.625000000000014,1.3488359545712052,2.2480599242853416,3.6671477514904653,0.32420091324200911,0.82876712328767121,0.21689497716894976,0.78310502283105021,0.69634703196347036,0.57648401826484019,0.56544901065449016,0.011035007610350034,2023,2021,2023,2023-12,MDB_TEMPORAL_2022_2024_1,MDB_ANALYTICAL_2024_2,
41016,16ª RS Apucarana,PR,BR_HEALTH_REGIONS_END2024_V1,385656,1151985,7.26812432406751,4157,360.8553930823752,9,0,21.450000000000006,2.3336859792146369,0,5.5619515837948867,0.35159817351598172,0.97945205479452058,0.62785388127853881,0.31735159817351599,0.9360730593607306,0.66552511415525117,0.62709284627092854,0.038432267884322635,2023,2021,2023,2023-12,MDB_TEMPORAL_2022_2024_1,MDB_ANALYTICAL_2024_2,ZERO_REGISTERED_BEDS
41017,17ª RS Londrina,PR,BR_HEALTH_REGIONS_END2024_V1,970192,2898425,7.0042025233934702,7018,242.13150245391896,12,0,25.70000000000001,1.2368685785906295,0,2.6489602058149324,0.33105022831050229,0.92009132420091322,0.18264840182648401,0.31735159817351599,0.47945205479452052,0.62557077625570778,0.32648401826484014,0.29908675799086765,2023,2021,2023,2023-12,MDB_TEMPORAL_2022_2024_1,MDB_ANALYTICAL_2024_2,ZERO_REGISTERED_BEDS
41018,18ª RS Cornélio Procópio,PR,BR_HEALTH_REGIONS_END2024_V1,217163,655912,9.0514993217871282,1239,188.89729110002563,5,10,5.25,2.3024179993829517,4.6048359987659033,2.4175388993520994,0.5639269406392694,0.85616438356164382,0.62557077625570778,0.91324200913242004,0.3995433789954338,0.71004566210045661,0.64611872146118721,0.063926940639269403,2023,2021,2023,2023-12,MDB_TEMPORAL_2022_2024_1,MDB_ANALYTICAL_2024_2,
41019,19ª RS Jacarezinho,PR,BR_HEALTH_REGIONS_END2024_V1,298448,893513,11.217519047861256,1314,147.05997562430539,3,0,1.7250000000000001,1.0052002358869887,0,0.57799013563501855,0.78995433789954339,0.75342465753424659,0.11643835616438356,0.31735159817351599,0.038812785388127852,0.77168949771689499,0.15753424657534246,0.61415525114155256,2023,2021,2023,2023-12,MDB_TEMPORAL_2022_2024_1,MDB_ANALYTICAL_2024_2,ZERO_REGISTERED_BEDS
41020,20ª RS Toledo,PR,BR_HEALTH_REGIONS_END2024_V1,430472,1277150,12.555140820483981,1320,103.35512664917982,9,0,7.174999999999998,2.0907283168243231,0,1.6667750748016128,0.89269406392694062,0.63013698630136983,0.545662100456621,0.31735159817351599,0.20091324200913241,0.76141552511415522,0.35464231354642317,0.40677321156773205,2023,2021,2023,2023-12,MDB_TEMPORAL_2022_2024_1,MDB_ANALYTICAL_2024_2,ZERO_REGISTERED_BEDS
41021,21ª RS Telêmaco Borba,PR,BR_HEALTH_REGIONS_END2024_V1,184956,553982,10.623562167654958,1149,207.40746089223114,3,0,1.5,1.6220073963537274,0,0.81100369817686369,0.74657534246575341,0.88812785388127857,0.35844748858447489,0.31735159817351599,0.057077625570776253,0.81735159817351599,0.24429223744292236,0.5730593607305936,2023,2021,2023,2023-12,MDB_TEMPORAL_2022_2024_1,MDB_ANALYTICAL_2024_2,ZERO_REGISTERED_BEDS
41022,22ª RS Ivaiporã,PR,BR_HEALTH_REGIONS_END2024_V1,136623,412104,13.352611703064769,1225,297.25506182905286,4,0,3.0000000000000004,2.9277647248267131,0,2.1958235436200351,0.92465753424657537,0.95662100456621002,0.77397260273972601,0.31735159817351599,0.33333333333333331,0.94063926940639275,0.47488584474885842,0.46575342465753433,2023,2021,2023,2023-12,MDB_TEMPORAL_2022_2024_1,MDB_ANALYTICAL_2024_2,ZERO_REGISTERED_BEDS
42001,Extremo Oeste,SC,BR_HEALTH_REGIONS_END2024_V1,247579,737642,17.878358726073433,1022,138.5495945187503,4,0,5.4499999999999984,1.6156459150412594,0,2.2013175592437153,0.99315068493150682,0.73744292237442921,0.35159817351598172,0.31735159817351599,0.33789954337899542,0.86529680365296802,0.33561643835616434,0.52968036529680362,2023,2021,2023,2023-12,MDB_TEMPORAL_2022_2024_1,MDB_ANALYTICAL_2024_2,ZERO_REGISTERED_BEDS
42002,Oeste,SC,BR_HEALTH_REGIONS_END2024_V1,427024,1256752,13.206260092518409,1140,90.710020751906512,7,0,9.7749999999999986,1.6392521263441866,0,2.2890985050020602,0.91324200913242004,0.55936073059360736,0.37899543378995432,0.31735159817351599,0.35616438356164382,0.73630136986301364,0.35083713850837145,0.3854642313546422,2023,2021,2023,2023-12,MDB_TEMPORAL_2022_2024_1,MDB_ANALYTICAL_2024_2,ZERO_REGISTERED_BEDS
42003,Xanxerê,SC,BR_HEALTH_REGIONS_END2024_V1,212834,633454,10.770426141109773,952,150.2871558155762,5,0,4.7750000000000004,2.349248710262458,0,2.2435325183006478,0.75114155251141557,0.75799086757990863,0.63470319634703198,0.31735159817351599,0.34474885844748859,0.75456621004566204,0.43226788432267887,0.32229832572298317,2023,2021,2023,2023-12,MDB_TEMPORAL_2022_2024_1,MDB_ANALYTICAL_2024_2,ZERO_REGISTERED_BEDS
42004,Alto Vale do Itajaí,SC,BR_HEALTH_REGIONS_END2024_V1,319634,947494,12.516494304327992,2813,296.88842356785369,5,22,6.375,1.5642891557218568,6.8828722851761697,1.9944686735453674,0.88812785388127857,0.95205479452054798,0.33105022831050229,0.96118721461187218,0.27853881278538811,0.92009132420091322,0.52359208523592082,0.3964992389649924,2023,2021,2023,2023-12,MDB_TEMPORAL_2022_2024_1,MDB_ANALYTICAL_2024_2,
42005,Foz do Rio Itajaí,SC,BR_HEALTH_REGIONS_END2024_V1,854001,2485729,7.9314599504063565,1515,60.947915078433731,11,0,20.524999999999999,1.2880546978282226,0,2.4033929702658425,0.4315068493150685,0.38584474885844749,0.20319634703196346,0.31735159817351599,0.39726027397260272,0.408675799086758,0.30593607305936071,0.10273972602739728,2023,2021,2023,2023-12,MDB_TEMPORAL_2022_2024_1,MDB_ANALYTICAL_2024_2,ZERO_REGISTERED_BEDS
42006,Médio Vale do Itajaí,SC,BR_HEALTH_REGIONS_END2024_V1,847174,2501943,10.015987415604222,5777,230.90054409712772,13,18,20.325000000000003,1.5345135710019431,2.1247110983103825,2.3991529485088074,0.67808219178082196,0.908675799086758,0.31735159817351599,0.77853881278538817,0.3949771689497717,0.79337899543378998,0.49695585996955854,0.29642313546423144,2023,2021,2023,2023-12,MDB_TEMPORAL_2022_2024_1,MDB_ANALYTICAL_2024_2,
42007,Grande Florianópolis,SC,BR_HEALTH_REGIONS_END2024_V1,1426734,4180562,8.686974601730201,8762,209.58904568333156,15,0,65.925000000000026,1.0513522492630021,0,4.620693135510896,0.52054794520547942,0.8904109589041096,0.13242009132420091,0.31735159817351599,0.87214611872146119,0.70547945205479445,0.4406392694063927,0.26484018264840176,2023,2021,2023,2023-12,MDB_TEMPORAL_2022_2024_1,MDB_ANALYTICAL_2024_2,ZERO_REGISTERED_BEDS
42008,Meio Oeste,SC,BR_HEALTH_REGIONS_END2024_V1,198821,592580,13.315855500968642,975,164.5347463633602,6,0,5.375,3.0177898712912623,0,2.7034367596984223,0.92009132420091322,0.78538812785388123,0.80593607305936077,0.31735159817351599,0.4954337899543379,0.85273972602739723,0.5395738203957382,0.31316590563165903,2023,2021,2023,2023-12,MDB_TEMPORAL_2022_2024_1,MDB_ANALYTICAL_2024_2,ZERO_REGISTERED_BEDS
42009,Alto Vale do Rio do Peixe,SC,BR_HEALTH_REGIONS_END2024_V1,295135,882002,13.868499464811556,1424,161.45088106376176,6,0,4.9000000000000012,2.0329679638131704,0,1.6602571704474229,0.94292237442922378,0.77397260273972601,0.52054794520547942,0.31735159817351599,0.19634703196347031,0.85844748858447484,0.34474885844748854,0.51369863013698636,2023,2021,2023,2023-12,MDB_TEMPORAL_2022_2024_1,MDB_ANALYTICAL_2024_2,ZERO_REGISTERED_BEDS
42010,Alto Uruguai Catarinense,SC,BR_HEALTH_REGIONS_END2024_V1,159595,474062,15.678005029711379,726,153.14452539963128,3,8,4.3249999999999993,1.8797581377862715,5.0126883674300569,2.7099846486418744,0.97716894977168944,0.76027397260273977,0.4680365296803653,0.92465753424657537,0.49771689497716892,0.86872146118721461,0.63013698630136983,0.23858447488584478,2023,2021,2023,2023-12,MDB_TEMPORAL_2022_2024_1,MDB_ANALYTICAL_2024_2,
42011,Nordeste,SC,BR_HEALTH_REGIONS_END2024_V1,816341,2405797,7.2879574589121816,3094,128.60602951953138,7,0,16.274999999999999,0.85748480108190084,0,1.9936521625154193,0.35388127853881279,0.70319634703196343,0.075342465753424653,0.31735159817351599,0.27625570776255709,0.52853881278538806,0.22298325722983256,0.30555555555555547,2023,2021,2023,2023-12,MDB_TEMPORAL_2022_2024_1,MDB_ANALYTICAL_2024_2,ZERO_REGISTERED_BEDS
42012,Planalto Norte,SC,BR_HEALTH_REGIONS_END2024_V1,381159,1139652,11.521129212586443,809,70.986581868851189,9,8,7.7000000000000002,2.3612193336639038,2.0988616299234701,2.0201543188013402,0.84474885844748859,0.45205479452054792,0.64383561643835618,0.77397260273972601,0.28995433789954339,0.64840182648401823,0.56925418569254183,0.079147640791476404,2023,2021,2023,2023-12,MDB_TEMPORAL_2022_2024_1,MDB_ANALYTICAL_2024_2,
42013,Serra Catarinense,SC,BR_HEALTH_REGIONS_END2024_V1,303754,909108,10.40852547906381,1234,135.73744813597503,4,0,12.625,1.3168550866819859,0,4.156323867340018,0.73059360730593603,0.73059360730593603,0.21004566210045661,0.31735159817351599,0.78538812785388123,0.73059360730593603,0.43759512937595124,0.29299847792998479,2023,2021,2023,2023-12,MDB_TEMPORAL_2022_2024_1,MDB_ANALYTICAL_2024_2,ZERO_REGISTERED_BEDS
42014,Extremo Sul Catarinense,SC,BR_HEALTH_REGIONS_END2024_V1,230592,679917,13.224885751618281,1448,212.96717099293002,2,8,6.1750000000000016,0.86733277824035537,3.4693311129614215,2.6778899528170976,0.91552511415525117,0.89497716894977164,0.077625570776255703,0.85159817351598177,0.49315068493150682,0.90525114155251141,0.4741248097412481,0.43112633181126331,2023,2021,2023,2023-12,MDB_TEMPORAL_2022_2024_1,MDB_ANALYTICAL_2024_2,
42015,Carbonífera,SC,BR_HEALTH_REGIONS_END2024_V1,463772,1376130,10.83565751101815,1411,102.53391758046115,13,0,22.750000000000011,2.8031015240247363,0,4.9054276670432913,0.75570776255707761,0.62557077625570778,0.75342465753424659,0.31735159817351599,0.8904109589041096,0.69063926940639275,0.65372907153729065,0.036910197869102102,2023,2021,2023,2023-12,MDB_TEMPORAL_2022_2024_1,MDB_ANALYTICAL_2024_2,ZERO_REGISTERED_BEDS
42016,Laguna,SC,BR_HEALTH_REGIONS_END2024_V1,394900,1172249,11.20935106936971,2851,243.2077144019743,6,15,15.824999999999998,1.5193719929095975,3.7984299822739933,4.0073436312990625,0.78538812785388123,0.92237442922374424,0.31050228310502281,0.87442922374429222,0.76027397260273977,0.85388127853881279,0.64840182648401834,0.20547945205479445,2023,2021,2023,2023-12,MDB_TEMPORAL_2022_2024_1,MDB_ANALYTICAL_2024_2,
42017,Vale do Itapocú,SC,BR_HEALTH_REGIONS_END2024_V1,348163,1020604,9.8015662027246542,816,79.952655486359063,7,0,8.5499999999999989,2.0105525285570263,0,2.4557463027375106,0.64155251141552516,0.50456621004566216,0.51369863013698636,0.31735159817351599,0.41552511415525112,0.5730593607305936,0.41552511415525117,0.15753424657534243,2023,2021,2023,2023-12,MDB_TEMPORAL_2022_2024_1,MDB_ANALYTICAL_2024_2,ZERO_REGISTERED_BEDS
43001,Região 01 - Verdes Campos,RS,BR_HEALTH_REGIONS_END2024_V1,450544,1355523,14.040545124090329,2568,189.44717278865795,9,9,31.049999999999994,1.9975851415178096,1.9975851415178096,6.8916687382364419,0.94748858447488582,0.85844748858447484,0.50228310502283102,0.76255707762557079,0.9726027397260274,0.90296803652968038,0.74581430745814303,0.15715372907153735,2023,2021,2023,2023-12,MDB_TEMPORAL_2022_2024_1,MDB_ANALYTICAL_2024_2,
43002,Região 02 - Entre Rios,RS,BR_HEALTH_REGIONS_END2024_V1,120500,363961,12.730373927504246,739,203.04373270762528,4,27,3.6749999999999998,3.3195020746887969,22.406639004149376,3.0497925311203318,0.8995433789954338,0.88127853881278539,0.85844748858447484,1,0.57990867579908678,0.8904109589041096,0.81278538812785384,0.077625570776255759,2023,2021,2023,2023-12,MDB_TEMPORAL_2022_2024_1,MDB_ANALYTICAL_2024_2,
43003,Região 03 - Fronteira Oeste,RS,BR_HEALTH_REGIONS_END2024_V1,461204,1390183,11.230590112009606,2612,187.88893260815303,12,20,7.3000000000000007,2.6018854996921101,4.3364758328201836,1.5828136789793672,0.79223744292237441,0.84703196347031962,0.71461187214611877,0.8995433789954338,0.17808219178082191,0.81963470319634701,0.59741248097412492,0.2222222222222221,2023,2021,2023,2023-12,MDB_TEMPORAL_2022_2024_1,MDB_ANALYTICAL_2024_2,
43004,Região 04 - Belas Praias,RS,BR_HEALTH_REGIONS_END2024_V1,177955,524762,15.699244386591729,904,172.26857127612135,4,6,8.625,2.2477592649827201,3.3716388974740803,4.8467309151189903,0.97945205479452058,0.80365296803652964,0.60273972602739723,0.84246575342465757,0.88812785388127857,0.89155251141552516,0.77777777777777779,0.11377473363774737,2023,2021,2023,2023-12,MDB_TEMPORAL_2022_2024_1,MDB_ANALYTICAL_2024_2,
43005,Região 05 - Bons Ventos,RS,BR_HEALTH_REGIONS_END2024_V1,249391,738889,11.295057277196896,1318,178.37591302617849,5,9,14.299999999999999,2.0048838971735146,3.6087910149123266,5.7339679459162518,0.80821917808219179,0.81963470319634701,0.50684931506849318,0.86301369863013699,0.94292237442922378,0.8139269406392694,0.77092846270928472,0.04299847792998468,2023,2021,2023,2023-12,MDB_TEMPORAL_2022_2024_1,MDB_ANALYTICAL_2024_2,
43006,Região 06 - Vale do Paranhana e Costa Serra,RS,BR_HEALTH_REGIONS_END2024_V1,222224,666842,13.566713236330964,2426,363.80431946398096,7,30,8.8499999999999996,3.1499748002015981,13.499892000863994,3.9824681402548774,0.93378995433789957,0.9817351598173516,0.83561643835616439,0.99315068493150682,0.75570776255707761,0.95776255707762559,0.86149162861491624,0.096270928462709349,2023,2021,2023,2023-12,MDB_TEMPORAL_2022_2024_1,MDB_ANALYTICAL_2024_2,
43007,Região 07 - Vale dos Sinos,RS,BR_HEALTH_REGIONS_END2024_V1,799727,2399090,10.385601205622258,4453,185.61204456689828,15,29,38.550000000000018,1.8756400621712159,3.6262374535310173,4.8203949597800273,0.72602739726027399,0.84018264840182644,0.46575342465753422,0.86529680365296802,0.88356164383561642,0.78310502283105021,0.73820395738203948,0.044901065449010735,2023,2021,2023,2023-12,MDB_TEMPORAL_2022_2024_1,MDB_ANALYTICAL_2024_2,
43008,Região 08 - Vale do Caí e Metropolitana,RS,BR_HEALTH_REGIONS_END2024_V1,779693,2334395,10.16264933502381,4355,186.55797326502156,16,32,33.850000000000001,2.0520897327537888,4.1041794655075776,4.3414523408572352,0.70091324200913241,0.84246575342465757,0.5273972602739726,0.88356164383561642,0.81963470319634701,0.77168949771689499,0.74353120243531201,0.028158295281582979,2023,2021,2023,2023-12,MDB_TEMPORAL_2022_2024_1,MDB_ANALYTICAL_2024_2,
43009,Região 09 - Carbonífera/Costa Doce,RS,BR_HEALTH_REGIONS_END2024_V1,396721,1194467,11.147583952324299,2323,194.48004842327165,13,5,24.574999999999992,3.2768620768751839,1.2603315680289169,6.1945296568621258,0.78082191780821919,0.86301369863013699,0.84703196347031962,0.71689497716894979,0.95890410958904104,0.82191780821917804,0.84094368340943682,-0.019025875190258779,2023,2021,2023,2023-12,MDB_TEMPORAL_2022_2024_1,MDB_ANALYTICAL_2024_2,
43010,Região 10 - Capital e Vale do Gravataí,RS,BR_HEALTH_REGIONS_END2024_V1,2256916,6788667,8.3964668277404044,12884,189.7868904160419,34,112,288.82499999999993,1.506480524751475,4.9625240815342702,12.797330516510137,0.4817351598173516,0.86073059360730597,0.30593607305936071,0.92237442922374424,1,0.67123287671232879,0.74277016742770163,-0.071537290715372848,2023,2021,2023,2023-12,MDB_TEMPORAL_2022_2024_1,MDB_ANALYTICAL_2024_2,
43011,Região 11 - Sete Povos das Missões,RS,BR_HEALTH_REGIONS_END2024_V1,285847,861230,16.842770780814806,1620,188.10306189984092,9,24,9.4750000000000014,3.148537504329239,8.3961000115446378,3.314710317057727,0.98630136986301364,0.84931506849315064,0.83333333333333337,0.97031963470319638,0.63698630136986301,0.91780821917808209,0.81354642313546421,0.10426179604261787,2023,2021,2023,2023-12,MDB_TEMPORAL_2022_2024_1,MDB_ANALYTICAL_2024_2,
43012,Região 12 - Portal das Missões,RS,BR_HEALTH_REGIONS_END2024_V1,127719,385111,15.501112260822389,354,91.921549890810695,5,2,5.0500000000000016,3.9148443066419247,1.5659377226567699,3.9539927497083451,0.9726027397260274,0.56164383561643838,0.90410958904109584,0.73059360730593603,0.74429223744292239,0.76712328767123283,0.79299847792998479,-0.025875190258751957,2023,2021,2023,2023-12,MDB_TEMPORAL_2022_2024_1,MDB_ANALYTICAL_2024_2,
43013,Região 13 - Diversidade,RS,BR_HEALTH_REGIONS_END2024_V1,234162,702541,15.275533512313947,2123,302.18876905404807,6,48,10.175000000000001,2.562328644271914,20.498629154175312,4.3452823259111213,0.96803652968036524,0.96118721461187218,0.70091324200913241,0.99771689497716898,0.82191780821917804,0.96461187214611877,0.84018264840182655,0.12442922374429222,2023,2021,2023,2023-12,MDB_TEMPORAL_2022_2024_1,MDB_ANALYTICAL_2024_2,
43014,Região 14 - Fronteira Noroeste,RS,BR_HEALTH_REGIONS_END2024_V1,235960,708150,14.916638967582657,1742,245.99308056202784,6,26,3.875,2.5428038650618747,11.018816748601457,1.6422274961857943,0.95890410958904104,0.92465753424657537,0.69406392694063923,0.98630136986301364,0.19178082191780821,0.94178082191780821,0.62404870624048703,0.31773211567732118,2023,2021,2023,2023-12,MDB_TEMPORAL_2022_2024_1,MDB_ANALYTICAL_2024_2,
43015,Região 15 - Caminho das Águas,RS,BR_HEALTH_REGIONS_END2024_V1,194006,582439,19.686435310624748,1650,283.29146914955902,3,19,6.3749999999999991,1.5463439275073969,9.7935115408801803,3.2859808459532176,1,0.94977168949771684,0.32420091324200911,0.9817351598173516,0.62328767123287676,0.97488584474885842,0.64307458143074581,0.33181126331811261,2023,2021,2023,2023-12,MDB_TEMPORAL_2022_2024_1,MDB_ANALYTICAL_2024_2,
43016,Região 16 - Alto Uruguai Gaúcho,RS,BR_HEALTH_REGIONS_END2024_V1,238562,716960,12.605169594142566,739,103.07409060477572,4,28,6,1.6767129718899072,11.736990803229348,2.5150694578348602,0.89726027397260277,0.62785388127853881,0.40182648401826482,0.9908675799086758,0.4452054794520548,0.76255707762557079,0.61263318112633181,0.14992389649923898,2023,2021,2023,2023-12,MDB_TEMPORAL_2022_2024_1,MDB_ANALYTICAL_2024_2,
43017,Região 17 - Planalto,RS,BR_HEALTH_REGIONS_END2024_V1,428606,1279474,13.229196408270658,2160,168.81937421159009,7,9,23.875000000000004,1.633201588405202,2.0998306136638312,5.5703839890248856,0.9178082191780822,0.79452054794520544,0.37214611872146119,0.77625570776255703,0.93835616438356162,0.85616438356164382,0.69558599695585999,0.16057838660578383,2023,2021,2023,2023-12,MDB_TEMPORAL_2022_2024_1,MDB_ANALYTICAL_2024_2,
43018,Região 18 - Araucárias,RS,BR_HEALTH_REGIONS_END2024_V1,134072,402427,16.395775258845674,751,186.61769712270797,2,3,2.625,1.4917357837579808,2.2376036756369713,1.9579032161823497,0.9817351598173516,0.84474885844748859,0.29680365296803651,0.78082191780821919,0.26712328767123289,0.91324200913242004,0.44824961948249614,0.4649923896499239,2023,2021,2023,2023-12,MDB_TEMPORAL_2022_2024_1,MDB_ANALYTICAL_2024_2,
43019,Região 19 - Botucaraí,RS,BR_HEALTH_REGIONS_END2024_V1,113728,343114,19.625409998989351,594,173.12030403889088,1,5,2.25,0.87929093978615647,4.396454698930782,1.9784046145188521,0.99771689497716898,0.80821917808219179,0.082191780821917804,0.90182648401826482,0.27397260273972601,0.90296803652968038,0.4193302891933029,0.48363774733637749,2023,2021,2023,2023-12,MDB_TEMPORAL_2022_2024_1,MDB_ANALYTICAL_2024_2,
43020,Região 20 - Rota da Produção,RS,BR_HEALTH_REGIONS_END2024_V1,163027,490923,14.590194188558943,994,202.47574466871583,2,26,5.8499999999999996,1.2267906543087956,15.94827850601434,3.5883626638532267,0.95662100456621002,0.87671232876712324,0.17579908675799086,0.99543378995433784,0.68264840182648401,0.91666666666666663,0.61796042617960423,0.2987062404870624,2023,2021,2023,2023-12,MDB_TEMPORAL_2022_2024_1,MDB_ANALYTICAL_2024_2,
43021,Região 21 - Sul,RS,BR_HEALTH_REGIONS_END2024_V1,844498,2543002,12.881009543930858,7800,306.72410009901682,22,26,41.774999999999999,2.6050979398411838,3.0787521107213989,4.9467257471302473,0.90410958904109584,0.96575342465753422,0.71689497716894979,0.82191780821917804,0.8995433789954338,0.93493150684931503,0.81278538812785384,0.12214611872146119,2023,2021,2023,2023-12,MDB_TEMPORAL_2022_2024_1,MDB_ANALYTICAL_2024_2,
43022,Região 22 - Pampa,RS,BR_HEALTH_REGIONS_END2024_V1,188706,566875,10.470612314556179,814,143.59426681367145,4,7,3.8999999999999999,2.1196994266213052,3.7094739965872838,2.0667069409557723,0.73744292237442921,0.74429223744292239,0.5639269406392694,0.87214611872146119,0.30365296803652969,0.7408675799086758,0.57990867579908667,0.16095890410958913,2023,2021,2023,2023-12,MDB_TEMPORAL_2022_2024_1,MDB_ANALYTICAL_2024_2,
43023,Região 23 - Caxias e Hortênsias,RS,BR_HEALTH_REGIONS_END2024_V1,598835,1786971,11.445918227388583,4253,238.00050476476676,8,2,29.475000000000005,1.3359272587607605,0.33398181469019012,4.9220569939966774,0.82191780821917804,0.91552511415525117,0.21461187214611871,0.65068493150684936,0.89497716894977164,0.86872146118721461,0.58675799086757985,0.28196347031963476,2023,2021,2023,2023-12,MDB_TEMPORAL_2022_2024_1,MDB_ANALYTICAL_2024_2,
43024,Região 24 - Campos de Cima da Serra,RS,BR_HEALTH_REGIONS_END2024_V1,100133,300184,15.039771899258222,486,161.90070090344588,2,4,2.3999999999999999,1.9973435331009757,3.9946870662019514,2.3968122397211706,0.96118721461187218,0.77625570776255703,0.5,0.88127853881278539,0.39269406392694062,0.86872146118721461,0.59132420091324212,0.27739726027397249,2023,2021,2023,2023-12,MDB_TEMPORAL_2022_2024_1,MDB_ANALYTICAL_2024_2,
43025,Região 25 - Vinhedos e Basalto,RS,BR_HEALTH_REGIONS_END2024_V1,321940,958223,11.745872098332997,1967,205.27580740600047,6,18,17.350000000000005,1.8637013108032554,5.5911039324097658,5.3892029570727473,0.85844748858447484,0.88584474885844744,0.46118721461187212,0.93721461187214616,0.92465753424657537,0.87214611872146119,0.7743531202435312,0.097792998477929993,2023,2021,2023,2023-12,MDB_TEMPORAL_2022_2024_1,MDB_ANALYTICAL_2024_2,
43026,Região 26 - Uva Vale,RS,BR_HEALTH_REGIONS_END2024_V1,188785,563490,12.921391197868383,1216,215.79797334469112,4,19,8.4250000000000007,2.1188124056466351,10.064358926821516,4.462748629393225,0.90639269406392697,0.8995433789954338,0.56164383561643838,0.98401826484018262,0.84474885844748859,0.90296803652968038,0.79680365296803657,0.10616438356164382,2023,2021,2023,2023-12,MDB_TEMPORAL_2022_2024_1,MDB_ANALYTICAL_2024_2,
43027,Região 27 - Jacuí Centro,RS,BR_HEALTH_REGIONS_END2024_V1,194411,586825,11.384994623368614,944,160.86567545690792,5,11,5.9249999999999998,2.571870933229087,5.6581160531039911,3.0476670558764676,0.81735159817351599,0.77168949771689499,0.70547945205479456,0.94063926940639264,0.57534246575342463,0.79452054794520555,0.74048706240487061,0.054033485540334936,2023,2021,2023,2023-12,MDB_TEMPORAL_2022_2024_1,MDB_ANALYTICAL_2024_2,
43028,Região 28 - Vinte e Oito,RS,BR_HEALTH_REGIONS_END2024_V1,350208,1048623,15.595179164820712,1782,169.93714614308479,12,15,17.225000000000005,3.4265350877192979,4.2831688596491224,4.9185055738304104,0.97488584474885842,0.79680365296803657,0.86529680365296802,0.89726027397260277,0.89269406392694062,0.88584474885844755,0.88508371385083706,0.00076103500761048881,2023,2021,2023,2023-12,MDB_TEMPORAL_2022_2024_1,MDB_ANALYTICAL_2024_2,
43029,Região 29 - Vales e Montanhas,RS,BR_HEALTH_REGIONS_END2024_V1,235616,702628,16.439808427697042,2219,315.81434272474195,4,27,14.100000000000005,1.697677577074562,11.459323645253294,5.9843134591878329,0.98401826484018262,0.97031963470319638,0.4132420091324201,0.98858447488584478,0.94977168949771684,0.97716894977168955,0.78386605783866059,0.19330289193302896,2023,2021,2023,2023-12,MDB_TEMPORAL_2022_2024_1,MDB_ANALYTICAL_2024_2,
43030,Região 30 - Vale da Luz,RS,BR_HEALTH_REGIONS_END2024_V1,128596,384618,18.024083284659596,1173,304.97792615010218,2,5,4.375,1.5552583284083488,3.8881458210208719,3.4021275933932631,0.99543378995433784,0.9634703196347032,0.32648401826484019,0.87671232876712324,0.65981735159817356,0.97945205479452047,0.62100456621004563,0.35844748858447484,2023,2021,2023,2023-12,MDB_TEMPORAL_2022_2024_1,MDB_ANALYTICAL_2024_2,
50009,Baixo Pantanal,MS,BR_HEALTH_REGIONS_END2024_V1,253631,760274,9.6907055238593394,557,73.263060422952776,4,0,6.25,1.5770942826389518,0,2.4642098166233621,0.63013698630136983,0.4634703196347032,0.33561643835616439,0.31735159817351599,0.42009132420091322,0.54680365296803646,0.35768645357686452,0.18911719939117194,2023,2021,2023,2023-12,MDB_TEMPORAL_2022_2024_1,MDB_ANALYTICAL_2024_2,ZERO_REGISTERED_BEDS
50010,Pantanal,MS,BR_HEALTH_REGIONS_END2024_V1,148568,447738,8.0620052611090252,150,33.501735389893199,3,0,1.6499999999999999,2.0192773679392602,0,1.110602552366593,0.4497716894977169,0.17351598173515981,0.51598173515981738,0.31735159817351599,0.098173515981735154,0.31164383561643838,0.31050228310502287,0.0011415525114155112,2023,2021,2023,2023-12,MDB_TEMPORAL_2022_2024_1,MDB_ANALYTICAL_2024_2,ZERO_REGISTERED_BEDS
50011,Centro,MS,BR_HEALTH_REGIONS_END2024_V1,1077356,3204278,10.84736604041381,1707,53.272531284738719,9,0,48.550000000000018,0.8353784635719298,0,4.5064027118241343,0.75799086757990863,0.32420091324200911,0.063926940639269403,0.31735159817351599,0.85159817351598177,0.54109589041095885,0.41095890410958907,0.13013698630136977,2023,2021,2023,2023-12,MDB_TEMPORAL_2022_2024_1,MDB_ANALYTICAL_2024_2,ZERO_REGISTERED_BEDS
50012,Centro Sul,MS,BR_HEALTH_REGIONS_END2024_V1,444279,1315522,11.989984837163275,556,42.264591546169505,6,9,5.25,1.3505027246392469,2.0257540869588708,1.1816898840593411,0.86757990867579904,0.25570776255707761,0.21917808219178081,0.76712328767123283,0.11643835616438356,0.56164383561643838,0.36757990867579909,0.19406392694063929,2023,2021,2023,2023-12,MDB_TEMPORAL_2022_2024_1,MDB_ANALYTICAL_2024_2,
50013,Leste,MS,BR_HEALTH_REGIONS_END2024_V1,207172,611889,10.288556584291301,269,43.962221906260773,4,0,6.5250000000000012,1.9307628443998224,0,3.1495568899272106,0.71232876712328763,0.26255707762557079,0.4863013698630137,0.31735159817351599,0.59817351598173518,0.48744292237442921,0.46727549467275492,0.02016742770167429,2023,2021,2023,2023-12,MDB_TEMPORAL_2022_2024_1,MDB_ANALYTICAL_2024_2,ZERO_REGISTERED_BEDS
50014,Nordeste,MS,BR_HEALTH_REGIONS_END2024_V1,167315,494261,10.94109623013289,804,162.66709289221686,5,4,7.2750000000000004,2.9883752203926726,2.3907001763141382,4.3480859456713388,0.76255707762557079,0.78082191780821919,0.79908675799086759,0.78767123287671237,0.82420091324200917,0.77168949771689499,0.80365296803652964,-0.031963470319634646,2023,2021,2023,2023-12,MDB_TEMPORAL_2022_2024_1,MDB_ANALYTICAL_2024_2,
50015,Norte,MS,BR_HEALTH_REGIONS_END2024_V1,119971,358394,10.81585651864548,772,215.40539183133646,4,0,1.4000000000000001,3.3341390836118729,0,1.1669486792641555,0.75342465753424659,0.89726027397260277,0.86073059360730597,0.31735159817351599,0.10730593607305935,0.82534246575342474,0.4284627092846271,0.39687975646879764,2023,2021,2023,2023-12,MDB_TEMPORAL_2022_2024_1,MDB_ANALYTICAL_2024_2,ZERO_REGISTERED_BEDS
50016,Sudeste,MS,BR_HEALTH_REGIONS_END2024_V1,118023,352451,11.269023512559999,266,75.4714839793333,1,0,1.3500000000000001,0.84729247689009768,0,1.143844843801632,0.80136986301369861,0.47945205479452052,0.068493150684931503,0.31735159817351599,0.10273972602739725,0.6404109589041096,0.16286149162861494,0.47754946727549463,2023,2021,2023,2023-12,MDB_TEMPORAL_2022_2024_1,MDB_ANALYTICAL_2024_2,ZERO_REGISTERED_BEDS
50017,Sul Fronteira,MS,BR_HEALTH_REGIONS_END2024_V1,341694,1019522,13.332490610104536,375,36.781942910501193,5,0,4,1.4632975703407143,0,1.1706380562725713,0.92237442922374424,0.20547945205479451,0.28767123287671231,0.31735159817351599,0.1095890410958904,0.5639269406392694,0.23820395738203959,0.32572298325722981,2023,2021,2023,2023-12,MDB_TEMPORAL_2022_2024_1,MDB_ANALYTICAL_2024_2,ZERO_REGISTERED_BEDS
51001,Alto Tapajós,MT,BR_HEALTH_REGIONS_END2024_V1,114168,339972,11.139371155807277,441,129.71656489357946,1,0,0.34999999999999998,0.87590217924462199,0,0.3065657627356177,0.77853881278538817,0.70776255707762559,0.079908675799086754,0.31735159817351599,0.020547945205479451,0.74315068493150682,0.13926940639269406,0.60388127853881279,2023,2021,2023,2023-12,MDB_TEMPORAL_2022_2024_1,MDB_ANALYTICAL_2024_2,ZERO_REGISTERED_BEDS
51002,Baixada Cuiabana,MT,BR_HEALTH_REGIONS_END2024_V1,1093199,3245137,6.6009895080913648,1685,51.923847899179599,9,0,26.675000000000001,0.82327188371010229,0,2.4400863886629973,0.27397260273972601,0.31506849315068491,0.054794520547945202,0.31735159817351599,0.40639269406392692,0.29452054794520544,0.25951293759512933,0.035007610350076102,2023,2021,2023,2023-12,MDB_TEMPORAL_2022_2024_1,MDB_ANALYTICAL_2024_2,ZERO_REGISTERED_BEDS
51003,Araguaia Xingu,MT,BR_HEALTH_REGIONS_END2024_V1,89862,266378,4.7801295493945082,149,55.935550233127358,2,0,0.5,2.2256348623444837,0,0.55640871558612093,0.093607305936073054,0.35388127853881279,0.59360730593607303,0.31735159817351599,0.036529680365296802,0.22374429223744291,0.31582952815829529,-0.092085235920852382,2023,2021,2023,2023-12,MDB_TEMPORAL_2022_2024_1,MDB_ANALYTICAL_2024_2,ZERO_REGISTERED_BEDS
51004,Centro Norte,MT,BR_HEALTH_REGIONS_END2024_V1,87941,264879,5.0269711299181701,155,58.517285251001397,1,0,1.25,1.1371260276776476,0,1.4214075345970594,0.10730593607305935,0.37671232876712329,0.15981735159817351,0.31735159817351599,0.15753424657534246,0.24200913242009131,0.21156773211567734,0.030441400304413974,2023,2021,2023,2023-12,MDB_TEMPORAL_2022_2024_1,MDB_ANALYTICAL_2024_2,ZERO_REGISTERED_BEDS
51005,Garças Araguaia,MT,BR_HEALTH_REGIONS_END2024_V1,145458,430574,7.4313613437158361,178,41.340164524564884,4,0,1.3499999999999999,2.7499346890511349,0,0.92810295755475802,0.37214611872146119,0.24885844748858446,0.75114155251141557,0.31735159817351599,0.068493150684931503,0.31050228310502281,0.37899543378995437,-0.068493150684931559,2023,2021,2023,2023-12,MDB_TEMPORAL_2022_2024_1,MDB_ANALYTICAL_2024_2,ZERO_REGISTERED_BEDS
51006,Médio Araguaia,MT,BR_HEALTH_REGIONS_END2024_V1,123330,359161,10.390281777419945,111,30.905359991758573,3,0,0,2.4324981756263684,0,0,0.72831050228310501,0.16210045662100456,0.66438356164383561,0.31735159817351599,0.0068493150684931503,0.4452054794520548,0.32952815829528159,0.11567732115677321,2023,2021,2023,2023-12,MDB_TEMPORAL_2022_2024_1,MDB_ANALYTICAL_2024_2,ZERO_REGISTERED_BEDS
51007,Médio Norte Matogrossense,MT,BR_HEALTH_REGIONS_END2024_V1,262004,772431,6.5344440367826042,447,57.869246573480346,5,0,2.7250000000000001,1.9083678111784552,0,1.040060457092258,0.26940639269406391,0.37442922374429222,0.47488584474885842,0.31735159817351599,0.086757990867579904,0.32191780821917804,0.29299847792998479,0.028919330289193246,2023,2021,2023,2023-12,MDB_TEMPORAL_2022_2024_1,MDB_ANALYTICAL_2024_2,ZERO_REGISTERED_BEDS
51008,Noroeste Matogrossense,MT,BR_HEALTH_REGIONS_END2024_V1,144943,433328,8.7493686067578373,146,33.692722371967655,1,0,2.1000000000000001,0.68992638485473601,0,1.4488454081949456,0.52968036529680362,0.17808219178082191,0.031963470319634701,0.31735159817351599,0.15981735159817351,0.35388127853881279,0.16971080669710806,0.18417047184170474,2023,2021,2023,2023-12,MDB_TEMPORAL_2022_2024_1,MDB_ANALYTICAL_2024_2,ZERO_REGISTERED_BEDS
51009,Norte Araguaia Karajá,MT,BR_HEALTH_REGIONS_END2024_V1,26263,77817,2.5029172214580004,15,19.275993677474073,1,0,0,3.8076381220728783,0,0,0.0022831050228310501,0.089041095890410954,0.8995433789954338,0.31735159817351599,0.0068493150684931503,0.045662100456621002,0.40791476407914762,-0.36225266362252662,2023,2021,2023,2023-12,MDB_TEMPORAL_2022_2024_1,MDB_ANALYTICAL_2024_2,SMALL_SUICIDE_COUNT|ZERO_REGISTERED_BEDS
51010,Norte Matogrossense,MT,BR_HEALTH_REGIONS_END2024_V1,69491,208887,7.9641636013540449,62,29.68111945693126,1,0,1.5,1.4390352707544862,0,2.158552906131729,0.43378995433789952,0.15296803652968036,0.26255707762557079,0.31735159817351599,0.32191780821917809,0.29337899543378992,0.30060882800608829,-0.007229832572298367,2023,2021,2023,2023-12,MDB_TEMPORAL_2022_2024_1,MDB_ANALYTICAL_2024_2,ZERO_REGISTERED_BEDS
51011,Oeste Matogrossense,MT,BR_HEALTH_REGIONS_END2024_V1,187206,562445,10.357852168573462,323,57.42783738854466,4,0,2,2.1366836533017102,0,1.0683418266508551,0.72146118721461183,0.36986301369863012,0.56849315068493156,0.31735159817351599,0.093607305936073054,0.545662100456621,0.32648401826484019,0.21917808219178081,2023,2021,2023,2023-12,MDB_TEMPORAL_2022_2024_1,MDB_ANALYTICAL_2024_2,ZERO_REGISTERED_BEDS
51012,Sudoeste Matogrossense,MT,BR_HEALTH_REGIONS_END2024_V1,127266,377766,6.9735333212797741,102,27.000841790949952,1,0,0.52500000000000002,0.78575581852183607,0,0.41252180472396399,0.31963470319634701,0.13926940639269406,0.045662100456621002,0.31735159817351599,0.025114155251141551,0.22945205479452052,0.12937595129375953,0.10007610350076099,2023,2021,2023,2023-12,MDB_TEMPORAL_2022_2024_1,MDB_ANALYTICAL_2024_2,ZERO_REGISTERED_BEDS
51013,Sul Matogrossense,MT,BR_HEALTH_REGIONS_END2024_V1,590594,1739544,8.5834205530348289,3396,195.22357583366676,8,0,9.3999999999999986,1.3545684514234821,0,1.591617930422591,0.51369863013698636,0.86757990867579904,0.22146118721461186,0.31735159817351599,0.18036529680365296,0.69063926940639275,0.23972602739726026,0.45091324200913252,2023,2021,2023,2023-12,MDB_TEMPORAL_2022_2024_1,MDB_ANALYTICAL_2024_2,ZERO_REGISTERED_BEDS
51014,Teles Pires,MT,BR_HEALTH_REGIONS_END2024_V1,558669,1614663,8.1130812145142102,605,37.469118943085959,7,0,10.225000000000001,1.2529780603541634,0,1.830242952445903,0.454337899543379,0.21461187214611871,0.18949771689497716,0.31735159817351599,0.23515981735159816,0.33447488584474883,0.24733637747336379,0.087138508371385037,2023,2021,2023,2023-12,MDB_TEMPORAL_2022_2024_1,MDB_ANALYTICAL_2024_2,ZERO_REGISTERED_BEDS
51015,Vale do Peixoto,MT,BR_HEALTH_REGIONS_END2024_V1,103197,308676,9.2275813481351676,92,29.804714328292448,2,0,1,1.9380408345203832,0,0.96902041726019161,0.57990867579908678,0.15753424657534246,0.4954337899543379,0.31735159817351599,0.084474885844748854,0.36872146118721461,0.29908675799086759,0.069634703196347014,2023,2021,2023,2023-12,MDB_TEMPORAL_2022_2024_1,MDB_ANALYTICAL_2024_2,ZERO_REGISTERED_BEDS
51016,Vale dos Arinos,MT,BR_HEALTH_REGIONS_END2024_V1,54798,164367,10.173545297020828,155,94.301167509293236,1,0,0.52500000000000002,1.8248841198583889,0,0.95806416292565433,0.70319634703196343,0.58675799086757996,0.4497716894977169,0.31735159817351599,0.075342465753424653,0.64497716894977164,0.28082191780821913,0.36415525114155251,2023,2021,2023,2023-12,MDB_TEMPORAL_2022_2024_1,MDB_ANALYTICAL_2024_2,ZERO_REGISTERED_BEDS
52001,Central,GO,BR_HEALTH_REGIONS_END2024_V1,1957379,5822461,7.9136992051912189,11454,196.7209398225252,19,0,71.825000000000017,0.97068579973525815,0,3.6694477666307859,0.42465753424657532,0.86986301369863017,0.1004566210045662,0.31735159817351599,0.69863013698630139,0.64726027397260277,0.37214611872146119,0.27511415525114158,2023,2021,2023,2023-12,MDB_TEMPORAL_2022_2024_1,MDB_ANALYTICAL_2024_2,ZERO_REGISTERED_BEDS
52002,Centro Sul,GO,BR_HEALTH_REGIONS_END2024_V1,987329,2919053,8.3065373156296403,6498,222.60644119856681,14,4,52.449999999999982,1.4179670606251817,0.40513344589290906,5.3123123092707676,0.4680365296803653,0.90410958904109584,0.26027397260273971,0.65296803652968038,0.9178082191780822,0.6860730593607306,0.61035007610350078,0.075722983257229814,2023,2021,2023,2023-12,MDB_TEMPORAL_2022_2024_1,MDB_ANALYTICAL_2024_2,
52003,Entorno Norte,GO,BR_HEALTH_REGIONS_END2024_V1,284375,843662,9.8820281127218266,635,75.267109339996338,5,0,8.1999999999999993,1.7582417582417584,0,2.8835164835164835,0.65296803652968038,0.4771689497716895,0.42922374429223742,0.31735159817351599,0.5273972602739726,0.56506849315068497,0.42465753424657532,0.14041095890410965,2023,2021,2023,2023-12,MDB_TEMPORAL_2022_2024_1,MDB_ANALYTICAL_2024_2,ZERO_REGISTERED_BEDS
52004,Entorno Sul,GO,BR_HEALTH_REGIONS_END2024_V1,999746,2943938,7.6333575884119318,1747,59.342282344261328,8,0,13.924999999999999,0.80020325162591288,0,1.3928537848613547,0.3995433789954338,0.37899543378995432,0.050228310502283102,0.31735159817351599,0.14383561643835616,0.38926940639269403,0.17047184170471841,0.21879756468797562,2023,2021,2023,2023-12,MDB_TEMPORAL_2022_2024_1,MDB_ANALYTICAL_2024_2,ZERO_REGISTERED_BEDS
52005,Estrada de Ferro,GO,BR_HEALTH_REGIONS_END2024_V1,336037,993944,9.816370188484985,441,44.368696827990306,9,0,12.924999999999999,2.6782764993140638,0,3.8463026392926967,0.64383561643835618,0.26484018264840181,0.74657534246575341,0.31735159817351599,0.73059360730593603,0.454337899543379,0.59817351598173518,-0.14383561643835618,2023,2021,2023,2023-12,MDB_TEMPORAL_2022_2024_1,MDB_ANALYTICAL_2024_2,ZERO_REGISTERED_BEDS
52006,Nordeste I,GO,BR_HEALTH_REGIONS_END2024_V1,41915,126783,5.8804204616680966,97,76.508680185829334,1,0,0,2.3857807467493735,0,0,0.19863013698630136,0.48401826484018262,0.65525114155251141,0.31735159817351599,0.0068493150684931503,0.341324200913242,0.32648401826484019,0.014840182648401812,2023,2021,2023,2023-12,MDB_TEMPORAL_2022_2024_1,MDB_ANALYTICAL_2024_2,SMALL_SUICIDE_COUNT|ZERO_REGISTERED_BEDS
52007,Nordeste II,GO,BR_HEALTH_REGIONS_END2024_V1,95959,288962,8.3790186347642663,262,90.669361369314998,0,0,0.90000000000000002,0,0,0.93790056169822533,0.4771689497716895,0.55707762557077622,0.0022831050228310501,0.31735159817351599,0.073059360730593603,0.51712328767123283,0.13089802130898021,0.38622526636225263,2023,2021,2023,2023-12,MDB_TEMPORAL_2022_2024_1,MDB_ANALYTICAL_2024_2,ZERO_REGISTERED_BEDS
52008,Norte,GO,BR_HEALTH_REGIONS_END2024_V1,133588,403657,11.230911405455908,275,68.127147553492193,3,4,2.7749999999999999,2.2457106925771777,2.9942809234362366,2.0772823906338891,0.79452054794520544,0.4269406392694064,0.6004566210045662,0.81963470319634701,0.30593607305936071,0.61073059360730597,0.57534246575342463,0.035388127853881346,2023,2021,2023,2023-12,MDB_TEMPORAL_2022_2024_1,MDB_ANALYTICAL_2024_2,
52009,Oeste I,GO,BR_HEALTH_REGIONS_END2024_V1,117730,353909,11.476051599999447,203,57.359377693135805,1,0,4,0.84940117217361766,0,3.3976046886944706,0.83333333333333337,0.36757990867579909,0.073059360730593603,0.31735159817351599,0.65525114155251141,0.6004566210045662,0.34855403348554032,0.25190258751902589,2023,2021,2023,2023-12,MDB_TEMPORAL_2022_2024_1,MDB_ANALYTICAL_2024_2,ZERO_REGISTERED_BEDS
52010,Oeste II,GO,BR_HEALTH_REGIONS_END2024_V1,119514,356969,9.3476963813834466,318,89.083365782462906,2,0,3.6999999999999997,1.6734441153337685,0,3.0958716133674709,0.59360730593607303,0.55251141552511418,0.39726027397260272,0.31735159817351599,0.58675799086757996,0.5730593607305936,0.43378995433789957,0.13926940639269403,2023,2021,2023,2023-12,MDB_TEMPORAL_2022_2024_1,MDB_ANALYTICAL_2024_2,ZERO_REGISTERED_BEDS
52011,Pirineus,GO,BR_HEALTH_REGIONS_END2024_V1,555195,1648356,8.8870616791929358,5397,327.41713561876196,8,0,16.649999999999995,1.4409351669233332,0,2.9989463161591865,0.55251141552511418,0.9726027397260274,0.26940639269406391,0.31735159817351599,0.56164383561643838,0.76255707762557079,0.38280060882800609,0.37975646879756469,2023,2021,2023,2023-12,MDB_TEMPORAL_2022_2024_1,MDB_ANALYTICAL_2024_2,ZERO_REGISTERED_BEDS
52012,Rio Vermelho,GO,BR_HEALTH_REGIONS_END2024_V1,206577,618945,11.282931066929226,432,69.796185444587152,4,0,6.25,1.9363239857292922,0,3.025506227702019,0.80365296803652964,0.4452054794520548,0.49315068493150682,0.31735159817351599,0.56849315068493156,0.62442922374429222,0.45966514459665148,0.16476407914764074,2023,2021,2023,2023-12,MDB_TEMPORAL_2022_2024_1,MDB_ANALYTICAL_2024_2,ZERO_REGISTERED_BEDS
52013,São Patrício I,GO,BR_HEALTH_REGIONS_END2024_V1,170462,511885,12.015614698929399,585,114.28348164138428,6,4,4.2999999999999998,3.51984606539874,2.3465640435991597,2.5225563468690968,0.87214611872146119,0.67123287671232879,0.87899543378995437,0.78538812785388123,0.45205479452054792,0.77168949771689499,0.70547945205479445,0.066210045662100536,2023,2021,2023,2023-12,MDB_TEMPORAL_2022_2024_1,MDB_ANALYTICAL_2024_2,
52014,Serra da Mesa,GO,BR_HEALTH_REGIONS_END2024_V1,122728,369033,12.970163417357007,382,103.51377790062135,2,0,3.2750000000000004,1.6296199726223846,0,2.6685027051691548,0.91095890410958902,0.63242009132420096,0.36301369863013699,0.31735159817351599,0.4908675799086758,0.77168949771689499,0.3904109589041096,0.38127853881278539,2023,2021,2023,2023-12,MDB_TEMPORAL_2022_2024_1,MDB_ANALYTICAL_2024_2,ZERO_REGISTERED_BEDS
52015,Sudoeste I,GO,BR_HEALTH_REGIONS_END2024_V1,450032,1339255,9.9512464910266178,898,67.052204397220848,8,9,23.675000000000001,1.7776513670139014,1.9998577878906389,5.2607370142567644,0.66438356164383561,0.42009132420091322,0.4315068493150685,0.76484018264840181,0.91552511415525117,0.54223744292237441,0.70395738203957381,-0.1617199391171994,2023,2021,2023,2023-12,MDB_TEMPORAL_2022_2024_1,MDB_ANALYTICAL_2024_2,
52016,Sudoeste II,GO,BR_HEALTH_REGIONS_END2024_V1,243113,721092,8.4003066126074373,695,96.381599019265224,3,8,11.625,1.2339940686018436,3.2906508496049161,4.7817270158321437,0.48401826484018262,0.59589041095890416,0.18036529680365296,0.83789954337899542,0.88127853881278539,0.53995433789954339,0.63318112633181123,-0.093226788432267838,2023,2021,2023,2023-12,MDB_TEMPORAL_2022_2024_1,MDB_ANALYTICAL_2024_2,
52017,Sul,GO,BR_HEALTH_REGIONS_END2024_V1,267560,796837,10.698594566487927,797,100.02045587742536,4,0,11.200000000000001,1.4949917775452235,0,4.185976977126626,0.74885844748858443,0.60730593607305938,0.29908675799086759,0.31735159817351599,0.79223744292237441,0.67808219178082196,0.469558599695586,0.20852359208523596,2023,2021,2023,2023-12,MDB_TEMPORAL_2022_2024_1,MDB_ANALYTICAL_2024_2,ZERO_REGISTERED_BEDS
52018,São Patrício II,GO,BR_HEALTH_REGIONS_END2024_V1,185224,550930,8.9843715314247827,621,112.71849418256403,4,0,6.8499999999999996,2.1595473588735801,0,3.6982248520710059,0.55936073059360736,0.66666666666666663,0.5730593607305936,0.31735159817351599,0.70776255707762559,0.61301369863013699,0.53272450532724502,0.08028919330289197,2023,2021,2023,2023-12,MDB_TEMPORAL_2022_2024_1,MDB_ANALYTICAL_2024_2,ZERO_REGISTERED_BEDS
53001,Distrito Federal,DF,BR_HEALTH_REGIONS_END2024_V1,2967543,8857994,7.5969253899991118,11704,132.12923829029464,18,45,131.77500000000003,0.60656239859034899,1.5164059964758725,4.4405422263468477,0.39726027397260272,0.71689497716894979,0.013698630136986301,0.72374429223744297,0.84018264840182644,0.55707762557077622,0.52587519025875185,0.031202435312024379,2023,2021,2023,2023-12,MDB_TEMPORAL_2022_2024_1,MDB_ANALYTICAL_2024_2,
11001,Vale do Jamari,RO,BR_HEALTH_REGIONS_END2024_V1,236275,708700,9.2728701138297644,417,58.840129815154512,4,0,1.5,1.6929425457623533,0,0.6348534546608825,0.55936073059360736,0.32876712328767121,0.38127853881278539,0.31278538812785389,0.041095890410958902,0.44406392694063929,0.24505327245053268,0.1990106544901066,2024,2022,2024,2024-12,MDB_TEMPORAL_2022_2024_1,MDB_ANALYTICAL_2024_2,ZERO_REGISTERED_BEDS
11002,Café,RO,BR_HEALTH_REGIONS_END2024_V1,184948,551429,8.8539732030156308,389,70.543986623844603,3,0,8.625,1.6220775569349222,0,4.6634729761879017,0.51141552511415522,0.4041095890410959,0.34474885844748859,0.31278538812785389,0.81963470319634701,0.45776255707762559,0.4923896499238965,-0.034627092846270913,2024,2022,2024,2024-12,MDB_TEMPORAL_2022_2024_1,MDB_ANALYTICAL_2024_2,ZERO_REGISTERED_BEDS
11003,Central,RO,BR_HEALTH_REGIONS_END2024_V1,354543,1065561,9.3937404945870373,790,74.139350070056992,6,6,6.4499999999999993,1.6923194083651349,1.6923194083651349,1.8192433639925198,0.57762557077625576,0.43378995433789952,0.37671232876712329,0.73287671232876717,0.18949771689497716,0.50570776255707761,0.4330289193302892,0.072678843226788414,2024,2022,2024,2024-12,MDB_TEMPORAL_2022_2024_1,MDB_ANALYTICAL_2024_2,
11004,Madeira-Mamoré,RO,BR_HEALTH_REGIONS_END2024_V1,620294,1848321,7.2450183787840405,2299,124.38315638896057,7,0,34.025000000000006,1.128497132005146,0,5.4853021309250138,0.31278538812785389,0.67579908675799083,0.14611872146118721,0.31278538812785389,0.89497716894977164,0.49429223744292239,0.4512937595129376,0.042998477929984791,2024,2022,2024,2024-12,MDB_TEMPORAL_2022_2024_1,MDB_ANALYTICAL_2024_2,ZERO_REGISTERED_BEDS
11005,Zona da Mata,RO,BR_HEALTH_REGIONS_END2024_V1,137958,414744,10.916264697293334,438,105.60731439152828,2,0,2.3500000000000001,1.4497165804085301,0,1.7034169819800231,0.74200913242009137,0.60273972602739723,0.26255707762557079,0.31278538812785389,0.15296803652968036,0.67237442922374435,0.24277016742770172,0.42960426179604261,2024,2022,2024,2024-12,MDB_TEMPORAL_2022_2024_1,MDB_ANALYTICAL_2024_2,ZERO_REGISTERED_BEDS
11006,Cone Sul,RO,BR_HEALTH_REGIONS_END2024_V1,168222,500150,9.3193473567200869,672,134.35969209237228,3,6,5.625,1.7833577058886472,3.5667154117772943,3.3437956985412129,0.57077625570776258,0.70547945205479456,0.40182648401826482,0.85616438356164382,0.591324200913242,0.63812785388127857,0.61643835616438358,0.02168949771689499,2024,2022,2024,2024-12,MDB_TEMPORAL_2022_2024_1,MDB_ANALYTICAL_2024_2,
11007,Vale do Guaporé,RO,BR_HEALTH_REGIONS_END2024_V1,43987,132225,11.753074927143366,55,41.595764794857253,0,0,0,0,0,0,0.83105022831050224,0.20319634703196346,0.0022831050228310501,0.31278538812785389,0.0068493150684931503,0.51712328767123283,0.10730593607305938,0.40981735159817345,2024,2022,2024,2024-12,MDB_TEMPORAL_2022_2024_1,MDB_ANALYTICAL_2024_2,ZERO_REGISTERED_BEDS
12001,Alto Acre,AC,BR_HEALTH_REGIONS_END2024_V1,75243,223221,8.3021006755044944,102,45.694625505664789,2,0,0,2.6580545698603193,0,0,0.43835616438356162,0.22602739726027396,0.72146118721461183,0.31278538812785389,0.0068493150684931503,0.3321917808219178,0.34703196347031962,-0.014840182648401812,2024,2022,2024,2024-12,MDB_TEMPORAL_2022_2024_1,MDB_ANALYTICAL_2024_2,ZERO_REGISTERED_BEDS
12002,Baixo Acre e Purus,AC,BR_HEALTH_REGIONS_END2024_V1,557753,1668699,12.246122215681538,2939,176.1252328910127,5,18,9.3750000000000018,0.89645416519498777,3.2272349947019556,1.6808515597406024,0.86301369863013699,0.79223744292237441,0.082191780821917804,0.82420091324200917,0.14840182648401826,0.82762557077625565,0.35159817351598172,0.47602739726027393,2024,2022,2024,2024-12,MDB_TEMPORAL_2022_2024_1,MDB_ANALYTICAL_2024_2,
12003,Juruá e Tarauacá/Envira,AC,BR_HEALTH_REGIONS_END2024_V1,247635,737859,10.993825798009423,431,58.412244073732246,5,0,3,2.0191006925515373,0,1.2114604155309225,0.74885844748858443,0.32420091324200911,0.4954337899543379,0.31278538812785389,0.093607305936073054,0.5365296803652968,0.30060882800608829,0.23592085235920851,2024,2022,2024,2024-12,MDB_TEMPORAL_2022_2024_1,MDB_ANALYTICAL_2024_2,ZERO_REGISTERED_BEDS
13001,"Manaus, Entorno e Alto Rio Negro",AM,BR_HEALTH_REGIONS_END2024_V1,2637590,7832957,6.1902001105510962,1364,17.413602551373639,17,0,36.399999999999999,0.6445277696685231,0,1.3800476950549554,0.20776255707762556,0.066210045662100453,0.020547945205479451,0.31278538812785389,0.11415525114155251,0.13698630136986301,0.14916286149162863,-0.012176560121765628,2024,2022,2024,2024-12,MDB_TEMPORAL_2022_2024_1,MDB_ANALYTICAL_2024_2,ZERO_REGISTERED_BEDS
13002,Rio Negro e Solimões,AM,BR_HEALTH_REGIONS_END2024_V1,290125,865984,4.8956893981072609,276,31.871258591382752,4,0,3.0499999999999998,1.3787160706591985,0,1.0512710038776387,0.089041095890410954,0.14611872146118721,0.23515981735159816,0.31278538812785389,0.082191780821917804,0.11757990867579908,0.21004566210045661,-0.092465753424657529,2024,2022,2024,2024-12,MDB_TEMPORAL_2022_2024_1,MDB_ANALYTICAL_2024_2,ZERO_REGISTERED_BEDS
13003,Rio Madeira,AM,BR_HEALTH_REGIONS_END2024_V1,201671,599067,5.5286989032105209,56,9.3478692700482586,5,0,4.125,2.479285569070417,0,2.0454105944830934,0.14155251141552511,0.027397260273972601,0.65981735159817356,0.31278538812785389,0.23972602739726026,0.084474885844748854,0.40410958904109595,-0.31963470319634713,2024,2022,2024,2024-12,MDB_TEMPORAL_2022_2024_1,MDB_ANALYTICAL_2024_2,ZERO_REGISTERED_BEDS
13004,Médio Amazonas,AM,BR_HEALTH_REGIONS_END2024_V1,193073,571566,4.6985101539944889,42,7.3482327500236195,1,0,1.75,0.5179388107089028,0,0.90639291874057992,0.073059360730593603,0.015981735159817351,0.013698630136986301,0.31278538812785389,0.066210045662100453,0.044520547945205477,0.13089802130898021,-0.086377473363774729,2024,2022,2024,2024-12,MDB_TEMPORAL_2022_2024_1,MDB_ANALYTICAL_2024_2,ZERO_REGISTERED_BEDS
13005,Baixo Amazonas,AM,BR_HEALTH_REGIONS_END2024_V1,247981,739812,11.82572647589765,426,57.582196558044473,3,0,2.25,1.2097701033546926,0,0.90732757751601945,0.83789954337899542,0.32191780821917809,0.15753424657534246,0.31278538812785389,0.068493150684931503,0.57990867579908678,0.17960426179604264,0.40030441400304417,2024,2022,2024,2024-12,MDB_TEMPORAL_2022_2024_1,MDB_ANALYTICAL_2024_2,ZERO_REGISTERED_BEDS
13006,Regional Purus,AM,BR_HEALTH_REGIONS_END2024_V1,145791,432811,4.9578503158069305,51,11.783434339700239,2,0,0,1.3718267931490971,0,0,0.10273972602739725,0.045662100456621002,0.22146118721461186,0.31278538812785389,0.0068493150684931503,0.074200913242009128,0.18036529680365299,-0.10616438356164386,2024,2022,2024,2024-12,MDB_TEMPORAL_2022_2024_1,MDB_ANALYTICAL_2024_2,ZERO_REGISTERED_BEDS
13007,Regional Juruá,AM,BR_HEALTH_REGIONS_END2024_V1,135866,405364,13.070066127187646,75,18.501889659663906,2,0,1,1.4720386262935539,0,0.73601931314677693,0.90410958904109584,0.070776255707762553,0.27397260273972601,0.31278538812785389,0.047945205479452052,0.48744292237442921,0.21156773211567734,0.27587519025875185,2024,2022,2024,2024-12,MDB_TEMPORAL_2022_2024_1,MDB_ANALYTICAL_2024_2,ZERO_REGISTERED_BEDS
13008,Triângulo,AM,BR_HEALTH_REGIONS_END2024_V1,147618,438961,8.4751186647567405,21,4.7840240932565763,1,0,0.5,0.67742416236502323,0,0.33871208118251162,0.46575342465753422,0.0022831050228310501,0.027397260273972601,0.31278538812785389,0.022831050228310501,0.23401826484018262,0.12100456621004567,0.11301369863013695,2024,2022,2024,2024-12,MDB_TEMPORAL_2022_2024_1,MDB_ANALYTICAL_2024_2,ZERO_REGISTERED_BEDS
13009,Alto Solimões,AM,BR_HEALTH_REGIONS_END2024_V1,281494,835049,18.415559854354282,18,2.155562128689454,1,0,0.5,0.35524735873588781,0,0.1776236793679439,0.99315068493150682,0,0.0091324200913242004,0.31278538812785389,0.015981735159817351,0.49657534246575341,0.11263318112633181,0.38394216133942161,2024,2022,2024,2024-12,MDB_TEMPORAL_2022_2024_1,MDB_ANALYTICAL_2024_2,ZERO_REGISTERED_BEDS
14001,Centro Norte,RR,BR_HEALTH_REGIONS_END2024_V1,617613,1793823,9.6234824147766087,539,30.047557646434459,9,11,20.899999999999999,1.4572232125942945,1.7810505931708045,3.383996127024528,0.60502283105022836,0.13698630136986301,0.26712328767123289,0.73972602739726023,0.60730593607305938,0.37100456621004568,0.53805175038051756,-0.16704718417047187,2024,2022,2024,2024-12,MDB_TEMPORAL_2022_2024_1,MDB_ANALYTICAL_2024_2,
14002,Sul,RR,BR_HEALTH_REGIONS_END2024_V1,99180,291644,6.4325380649079493,38,13.029584013386184,2,0,1.25,2.0165355918531964,0,1.2603347449082476,0.23287671232876711,0.054794520547945202,0.49315068493150682,0.31278538812785389,0.1004566210045662,0.14383561643835616,0.30213089802130899,-0.15829528158295283,2024,2022,2024,2024-12,MDB_TEMPORAL_2022_2024_1,MDB_ANALYTICAL_2024_2,ZERO_REGISTERED_BEDS
15001,Araguaia,PA,BR_HEALTH_REGIONS_END2024_V1,476448,1433707,9.9821561574681947,856,59.705365182704696,11,0,5.9499999999999993,2.3087514272281551,0,1.2488246356370474,0.63698630136986301,0.33333333333333331,0.60273972602739723,0.31278538812785389,0.098173515981735154,0.48515981735159819,0.33789954337899547,0.14726027397260272,2024,2022,2024,2024-12,MDB_TEMPORAL_2022_2024_1,MDB_ANALYTICAL_2024_2,ZERO_REGISTERED_BEDS
15002,Baixo Amazonas,PA,BR_HEALTH_REGIONS_END2024_V1,858787,2549551,8.2625885796813776,189,7.413069987617428,10,0,5.4000000000000004,1.1644330899280031,0,0.62879386856112174,0.43378995433789952,0.018264840182648401,0.15296803652968036,0.31278538812785389,0.038812785388127852,0.22602739726027396,0.16818873668188736,0.057838660578386603,2024,2022,2024,2024-12,MDB_TEMPORAL_2022_2024_1,MDB_ANALYTICAL_2024_2,ZERO_REGISTERED_BEDS
15003,Carajás,PA,BR_HEALTH_REGIONS_END2024_V1,1023333,3012211,6.8816978782776648,1610,53.449110968653926,11,6,12.349999999999996,1.0749189169116993,0.58631940922456327,1.2068407839872257,0.28082191780821919,0.28995433789954339,0.12328767123287671,0.66894977168949776,0.091324200913242004,0.28538812785388129,0.29452054794520549,-0.0091324200913242004,2024,2022,2024,2024-12,MDB_TEMPORAL_2022_2024_1,MDB_ANALYTICAL_2024_2,
15004,Lago de Tucuruí,PA,BR_HEALTH_REGIONS_END2024_V1,272793,830561,6.8369463841990896,98,11.799253757400118,5,0,2.7999999999999998,1.8328916064561773,0,1.0264192996154593,0.26712328767123289,0.047945205479452052,0.4223744292237443,0.31278538812785389,0.079908675799086754,0.15753424657534248,0.27168949771689499,-0.11415525114155251,2024,2022,2024,2024-12,MDB_TEMPORAL_2022_2024_1,MDB_ANALYTICAL_2024_2,ZERO_REGISTERED_BEDS
15006,Metropolitana I,PA,BR_HEALTH_REGIONS_END2024_V1,2115846,6366144,4.0126649514524813,5641,88.609368559680703,15,0,38.174999999999983,0.70893628364257133,0,1.8042428418703431,0.038812785388127852,0.52283105022831056,0.036529680365296802,0.31278538812785389,0.18036529680365296,0.28082191780821919,0.17656012176560121,0.10426179604261798,2024,2022,2024,2024-12,MDB_TEMPORAL_2022_2024_1,MDB_ANALYTICAL_2024_2,ZERO_REGISTERED_BEDS
15007,Metropolitana II,PA,BR_HEALTH_REGIONS_END2024_V1,380457,1133967,4.2288265757377363,470,41.44741425455944,8,0,3.5,2.1027343431715018,0,0.91994627513753191,0.043378995433789952,0.20091324200913241,0.52511415525114158,0.31278538812785389,0.070776255707762553,0.12214611872146118,0.30289193302891937,-0.18074581430745817,2024,2022,2024,2024-12,MDB_TEMPORAL_2022_2024_1,MDB_ANALYTICAL_2024_2,ZERO_REGISTERED_BEDS
15008,Metropolitana III,PA,BR_HEALTH_REGIONS_END2024_V1,892465,2672566,5.3791802035277332,1102,41.233780568936375,16,0,7.5500000000000007,1.792787392222664,0,0.8459715507050698,0.12785388127853881,0.19863013698630136,0.408675799086758,0.31278538812785389,0.059360730593607303,0.1632420091324201,0.26027397260273971,-0.097031963470319615,2024,2022,2024,2024-12,MDB_TEMPORAL_2022_2024_1,MDB_ANALYTICAL_2024_2,ZERO_REGISTERED_BEDS
15009,Rio Caetés,PA,BR_HEALTH_REGIONS_END2024_V1,539914,1615021,4.5006645470865276,1705,105.57138266313565,11,23,9.1750000000000007,2.0373615057212815,4.2599376937808611,1.6993447104538872,0.061643835616438353,0.6004566210045662,0.50456621004566216,0.8904109589041096,0.15068493150684931,0.33105022831050229,0.515220700152207,-0.18417047184170471,2024,2022,2024,2024-12,MDB_TEMPORAL_2022_2024_1,MDB_ANALYTICAL_2024_2,
15010,Tapajós,PA,BR_HEALTH_REGIONS_END2024_V1,268410,792453,9.2890142278904637,60,7.5714269489799397,3,0,1.625,1.1176930814798256,0,0.60541708580157216,0.56621004566210043,0.020547945205479451,0.13470319634703196,0.31278538812785389,0.036529680365296802,0.29337899543378992,0.16133942161339421,0.13203957382039572,2024,2022,2024,2024-12,MDB_TEMPORAL_2022_2024_1,MDB_ANALYTICAL_2024_2,ZERO_REGISTERED_BEDS
15011,Tocantins,PA,BR_HEALTH_REGIONS_END2024_V1,840368,2494893,4.9424501359985884,775,31.063456428792737,12,0,2.7000000000000002,1.4279458522932811,0,0.32128781676598828,0.095890410958904104,0.14383561643835616,0.24657534246575341,0.31278538812785389,0.020547945205479451,0.11986301369863013,0.19330289193302888,-0.073439878234398751,2024,2022,2024,2024-12,MDB_TEMPORAL_2022_2024_1,MDB_ANALYTICAL_2024_2,ZERO_REGISTERED_BEDS
15012,Xingu,PA,BR_HEALTH_REGIONS_END2024_V1,401229,1185637,6.2490042584997925,154,12.988798426499846,9,0,3.75,2.2431080505147936,0,0.93462835438116398,0.21461187214611871,0.052511415525114152,0.5821917808219178,0.31278538812785389,0.073059360730593603,0.13356164383561642,0.32267884322678841,-0.189117199391172,2024,2022,2024,2024-12,MDB_TEMPORAL_2022_2024_1,MDB_ANALYTICAL_2024_2,ZERO_REGISTERED_BEDS
15013,Marajó I,PA,BR_HEALTH_REGIONS_END2024_V1,247452,736335,3.9887011003585999,69,9.3707347878343423,1,0,0,0.4041187785914036,0,0,0.036529680365296802,0.029680365296803651,0.011415525114155251,0.31278538812785389,0.0068493150684931503,0.033105022831050226,0.11035007610350078,-0.077245053272450556,2024,2022,2024,2024-12,MDB_TEMPORAL_2022_2024_1,MDB_ANALYTICAL_2024_2,ZERO_REGISTERED_BEDS
15014,Marajó II,PA,BR_HEALTH_REGIONS_END2024_V1,346804,1027425,5.8218288050867022,119,11.582353943110203,5,0,2.375,1.4417365428311093,0,0.68482485784477687,0.17351598173515981,0.043378995433789952,0.25570776255707761,0.31278538812785389,0.043378995433789952,0.10844748858447488,0.20395738203957384,-0.095509893455098957,2024,2022,2024,2024-12,MDB_TEMPORAL_2022_2024_1,MDB_ANALYTICAL_2024_2,ZERO_REGISTERED_BEDS
16001,Área Central,AP,BR_HEALTH_REGIONS_END2024_V1,542885,1619510,9.3901789435399134,198,12.225920185735189,5,0,10.300000000000001,0.92100536946130396,0,1.8972710610902861,0.57534246575342463,0.050228310502283102,0.086757990867579904,0.31278538812785389,0.20319634703196346,0.31278538812785384,0.20091324200913241,0.11187214611872143,2024,2022,2024,2024-12,MDB_TEMPORAL_2022_2024_1,MDB_ANALYTICAL_2024_2,ZERO_REGISTERED_BEDS
16002,Área Norte,AP,BR_HEALTH_REGIONS_END2024_V1,68133,202397,12.250901746778556,72,35.57364980706236,1,0,0,1.4677175524342096,0,0,0.86529680365296802,0.16894977168949771,0.27168949771689499,0.31278538812785389,0.0068493150684931503,0.51712328767123283,0.19710806697108066,0.3200152207001522,2024,2022,2024,2024-12,MDB_TEMPORAL_2022_2024_1,MDB_ANALYTICAL_2024_2,ZERO_REGISTERED_BEDS
16003,Área Sudoeste,AP,BR_HEALTH_REGIONS_END2024_V1,191819,575511,6.8023463693339909,36,6.2553104979748424,4,0,2.75,2.0852991622310615,0,1.4336431740338549,0.26484018264840181,0.0068493150684931503,0.52054794520547942,0.31278538812785389,0.12100456621004566,0.13584474885844749,0.31811263318112631,-0.18226788432267882,2024,2022,2024,2024-12,MDB_TEMPORAL_2022_2024_1,MDB_ANALYTICAL_2024_2,ZERO_REGISTERED_BEDS
17001,Médio Norte Araguaia,TO,BR_HEALTH_REGIONS_END2024_V1,290868,868626,9.6691087119789252,716,82.429031597027958,4,10,15.124999999999998,1.3751942461872739,3.4379856154681847,5.1999532433956297,0.6095890410958904,0.47945205479452052,0.23059360730593606,0.84474885844748859,0.88127853881278539,0.54452054794520544,0.65220700152207012,-0.10768645357686468,2024,2022,2024,2024-12,MDB_TEMPORAL_2022_2024_1,MDB_ANALYTICAL_2024_2,
17002,Bico do Papagaio,TO,BR_HEALTH_REGIONS_END2024_V1,203285,609016,6.4917150679393876,153,25.122492676711285,6,0,5.625,2.9515212632511005,0,2.7670511842979071,0.23972602739726026,0.1050228310502283,0.77168949771689499,0.31278538812785389,0.4452054794520548,0.1723744292237443,0.50989345509893458,-0.33751902587519028,2024,2022,2024,2024-12,MDB_TEMPORAL_2022_2024_1,MDB_ANALYTICAL_2024_2,ZERO_REGISTERED_BEDS
17003,Sudeste,TO,BR_HEALTH_REGIONS_END2024_V1,89401,269307,13.468984390936667,89,33.047785612702235,2,0,0.75,2.2371114417064688,0,0.83891679063992575,0.92009132420091322,0.15525114155251141,0.57762557077625576,0.31278538812785389,0.057077625570776253,0.53767123287671237,0.31582952815829529,0.22184170471841708,2024,2022,2024,2024-12,MDB_TEMPORAL_2022_2024_1,MDB_ANALYTICAL_2024_2,ZERO_REGISTERED_BEDS
17004,Cerrado Tocantins Araguaia,TO,BR_HEALTH_REGIONS_END2024_V1,156129,467089,12.347627924023156,149,31.899702198082164,3,0,4.75,1.9214880003074382,0,3.0423560004867767,0.86986301369863017,0.14840182648401826,0.4497716894977169,0.31278538812785389,0.51141552511415522,0.5091324200913242,0.42465753424657532,0.084474885844748882,2024,2022,2024,2024-12,MDB_TEMPORAL_2022_2024_1,MDB_ANALYTICAL_2024_2,ZERO_REGISTERED_BEDS
17005,Ilha do Bananal,TO,BR_HEALTH_REGIONS_END2024_V1,184058,550739,11.181184229833192,457,82.979414931573757,3,0,11.85,1.6299210031620468,0,6.4381879624900851,0.76255707762557079,0.48401826484018262,0.35159817351598172,0.31278538812785389,0.954337899543379,0.62328767123287676,0.5395738203957382,0.083713850837138559,2024,2022,2024,2024-12,MDB_TEMPORAL_2022_2024_1,MDB_ANALYTICAL_2024_2,ZERO_REGISTERED_BEDS
17006,Capim Dourado,TO,BR_HEALTH_REGIONS_END2024_V1,398580,1179639,10.187416728477523,1184,100.36968937107029,4,11,18.375,1.0035626473982637,2.7597972803452255,4.6101159114857744,0.65753424657534243,0.57990867579908678,0.10730593607305935,0.79908675799086759,0.80821917808219179,0.61872146118721461,0.57153729071537296,0.047184170471841647,2024,2022,2024,2024-12,MDB_TEMPORAL_2022_2024_1,MDB_ANALYTICAL_2024_2,
17007,Cantão,TO,BR_HEALTH_REGIONS_END2024_V1,132080,392901,12.135502217944968,256,65.156362544254151,1,0,2.0750000000000002,0.75711689884918232,0,1.5710175651120535,0.85844748858447484,0.37214611872146119,0.041095890410958902,0.31278538812785389,0.13926940639269406,0.61529680365296802,0.16438356164383561,0.45091324200913241,2024,2022,2024,2024-12,MDB_TEMPORAL_2022_2024_1,MDB_ANALYTICAL_2024_2,ZERO_REGISTERED_BEDS
17008,Amor Perfeito,TO,BR_HEALTH_REGIONS_END2024_V1,122941,364796,11.724516322437232,273,74.836346889768521,1,0,1.75,0.81339829674396658,0,1.4234470193019415,0.82876712328767121,0.4406392694063927,0.052511415525114152,0.31278538812785389,0.11872146118721461,0.63470319634703198,0.16133942161339421,0.47336377473363778,2024,2022,2024,2024-12,MDB_TEMPORAL_2022_2024_1,MDB_ANALYTICAL_2024_2,ZERO_REGISTERED_BEDS
21001,Açailândia,MA,BR_HEALTH_REGIONS_END2024_V1,267609,806940,8.3253870604673157,298,36.929635412794013,6,0,6.0499999999999998,2.2420770601885587,0,2.26076103569013,0.4452054794520548,0.17351598173515981,0.57990867579908678,0.31278538812785389,0.31050228310502281,0.3093607305936073,0.4010654490106545,-0.091704718417047193,2024,2022,2024,2024-12,MDB_TEMPORAL_2022_2024_1,MDB_ANALYTICAL_2024_2,ZERO_REGISTERED_BEDS
21002,Bacabal,MA,BR_HEALTH_REGIONS_END2024_V1,262638,790273,7.8960941756011351,562,71.114665438399143,5,0,5.4750000000000005,1.903761070370624,0,2.084618372055834,0.38812785388127852,0.408675799086758,0.44292237442922372,0.31278538812785389,0.24657534246575341,0.39840182648401823,0.33409436834094369,0.064307458143074536,2024,2022,2024,2024-12,MDB_TEMPORAL_2022_2024_1,MDB_ANALYTICAL_2024_2,ZERO_REGISTERED_BEDS
21003,Balsas,MA,BR_HEALTH_REGIONS_END2024_V1,240911,717389,8.876795166915274,145,20.212186136113043,3,0,3.5499999999999998,1.2452731506655985,0,1.4735732282876248,0.5182648401826484,0.075342465753424653,0.17351598173515981,0.31278538812785389,0.13013698630136986,0.29680365296803651,0.20547945205479454,0.091324200913241976,2024,2022,2024,2024-12,MDB_TEMPORAL_2022_2024_1,MDB_ANALYTICAL_2024_2,ZERO_REGISTERED_BEDS
21004,Barra do Corda,MA,BR_HEALTH_REGIONS_END2024_V1,233267,697853,6.6863675882495102,252,36.110756849938312,4,0,4.5499999999999998,1.71477319980966,0,1.9505545147834884,0.25570776255707761,0.17123287671232876,0.38812785388127852,0.31278538812785389,0.21917808219178081,0.2134703196347032,0.30669710806697109,-0.093226788432267893,2024,2022,2024,2024-12,MDB_TEMPORAL_2022_2024_1,MDB_ANALYTICAL_2024_2,ZERO_REGISTERED_BEDS
21005,Caxias,MA,BR_HEALTH_REGIONS_END2024_V1,294925,886493,9.2790764977986626,271,30.56989733703481,9,0,5.6499999999999995,3.0516232940578112,0,1.9157412901585145,0.56164383561643838,0.14155251141552511,0.79908675799086759,0.31278538812785389,0.20547945205479451,0.35159817351598177,0.439117199391172,-0.087519025875190226,2024,2022,2024,2024-12,MDB_TEMPORAL_2022_2024_1,MDB_ANALYTICAL_2024_2,ZERO_REGISTERED_BEDS
21006,Chapadinha,MA,BR_HEALTH_REGIONS_END2024_V1,362662,1088164,3.4458516247729323,498,45.765160398616388,1,0,4.9749999999999996,0.27573884222774925,0,1.3718007400830525,0.015981735159817351,0.23059360730593606,0.0068493150684931503,0.31278538812785389,0.11187214611872145,0.12328767123287671,0.14383561643835616,-0.020547945205479451,2024,2022,2024,2024-12,MDB_TEMPORAL_2022_2024_1,MDB_ANALYTICAL_2024_2,ZERO_REGISTERED_BEDS
21007,Codó,MA,BR_HEALTH_REGIONS_END2024_V1,292603,881691,5.6510955760067008,818,92.776267422487024,5,0,6.6999999999999993,1.7087999781273602,0,2.2897919706906626,0.15753424657534246,0.54109589041095896,0.38584474885844749,0.31278538812785389,0.32420091324200911,0.34931506849315069,0.34094368340943682,0.0083713850837138781,2024,2022,2024,2024-12,MDB_TEMPORAL_2022_2024_1,MDB_ANALYTICAL_2024_2,ZERO_REGISTERED_BEDS
21008,Imperatriz,MA,BR_HEALTH_REGIONS_END2024_V1,558378,1670307,7.4433488945574267,328,19.637108627336172,9,0,13.074999999999999,1.6118113535991749,0,2.3416037164788008,0.33333333333333331,0.073059360730593603,0.33789954337899542,0.31278538812785389,0.34246575342465752,0.20319634703196346,0.33105022831050229,-0.12785388127853883,2024,2022,2024,2024-12,MDB_TEMPORAL_2022_2024_1,MDB_ANALYTICAL_2024_2,ZERO_REGISTERED_BEDS
21009,Itapecuru Mirim,MA,BR_HEALTH_REGIONS_END2024_V1,367731,1103166,4.3909780240136751,915,82.943092879947358,5,0,8,1.359689555680647,0,2.1755032890890353,0.050228310502283102,0.4817351598173516,0.21004566210045661,0.31278538812785389,0.29223744292237441,0.26598173515981738,0.27168949771689493,-0.0057077625570775559,2024,2022,2024,2024-12,MDB_TEMPORAL_2022_2024_1,MDB_ANALYTICAL_2024_2,ZERO_REGISTERED_BEDS
21010,Pedreiras,MA,BR_HEALTH_REGIONS_END2024_V1,212107,639160,4.6451651499015059,459,71.813004568496154,6,0,3.7749999999999999,2.8287609555554507,0,1.7797621012036378,0.068493150684931503,0.4132420091324201,0.74200913242009137,0.31278538812785389,0.17351598173515981,0.2408675799086758,0.40943683409436832,-0.16856925418569252,2024,2022,2024,2024-12,MDB_TEMPORAL_2022_2024_1,MDB_ANALYTICAL_2024_2,ZERO_REGISTERED_BEDS
21011,Pinheiro,MA,BR_HEALTH_REGIONS_END2024_V1,403256,1206491,3.5671687089716064,708,58.682576165093643,12,0,4.9750000000000005,2.9757771738052252,0,1.2337076199734165,0.020547945205479451,0.32648401826484019,0.78310502283105021,0.31278538812785389,0.095890410958904104,0.17351598173515981,0.39726027397260272,-0.22374429223744291,2024,2022,2024,2024-12,MDB_TEMPORAL_2022_2024_1,MDB_ANALYTICAL_2024_2,ZERO_REGISTERED_BEDS
21012,Presidente Dutra,MA,BR_HEALTH_REGIONS_END2024_V1,281722,847372,6.8669903953036382,584,68.918963572079321,9,0,5.0999999999999996,3.1946386863645722,0,1.8102952556065905,0.27397260273972601,0.3949771689497717,0.82648401826484019,0.31278538812785389,0.18721461187214611,0.33447488584474883,0.44216133942161334,-0.10768645357686452,2024,2022,2024,2024-12,MDB_TEMPORAL_2022_2024_1,MDB_ANALYTICAL_2024_2,ZERO_REGISTERED_BEDS
21013,Rosário,MA,BR_HEALTH_REGIONS_END2024_V1,296395,886613,4.0571462227195569,761,85.832262779814869,6,0,6.5,2.0243256465190034,0,2.1930194503955871,0.041095890410958902,0.50456621004566216,0.49771689497716892,0.31278538812785389,0.29908675799086759,0.27283105022831056,0.36986301369863012,-0.09703196347031956,2024,2022,2024,2024-12,MDB_TEMPORAL_2022_2024_1,MDB_ANALYTICAL_2024_2,ZERO_REGISTERED_BEDS
21014,Santa Inês,MA,BR_HEALTH_REGIONS_END2024_V1,355484,1075100,4.8742265375083438,1005,93.479676309180547,3,0,4.5500000000000007,0.84391983886757216,0,1.2799450889491513,0.084474885844748854,0.55022831050228316,0.066210045662100453,0.31278538812785389,0.10273972602739725,0.31735159817351599,0.16057838660578386,0.15677321156773213,2024,2022,2024,2024-12,MDB_TEMPORAL_2022_2024_1,MDB_ANALYTICAL_2024_2,ZERO_REGISTERED_BEDS
21015,São João dos Patos,MA,BR_HEALTH_REGIONS_END2024_V1,239209,718750,9.4807726247393003,321,44.660869565217389,8,0,4.75,3.3443557725670856,0,1.9857112399617072,0.591324200913242,0.21232876712328766,0.84703196347031962,0.31278538812785389,0.23515981735159816,0.40182648401826482,0.4649923896499239,-0.063165905631659081,2024,2022,2024,2024-12,MDB_TEMPORAL_2022_2024_1,MDB_ANALYTICAL_2024_2,ZERO_REGISTERED_BEDS
21016,São Luís,MA,BR_HEALTH_REGIONS_END2024_V1,1548605,4614489,4.8408603265803647,14361,311.21539134669081,9,0,54.95000000000001,0.58116821268173613,0,3.5483548096512671,0.079908675799086754,0.95890410958904104,0.015981735159817351,0.31278538812785389,0.63470319634703198,0.51940639269406386,0.32115677321156771,0.19824961948249614,2024,2022,2024,2024-12,MDB_TEMPORAL_2022_2024_1,MDB_ANALYTICAL_2024_2,ZERO_REGISTERED_BEDS
21017,Timon,MA,BR_HEALTH_REGIONS_END2024_V1,260150,776938,8.625892836579057,486,62.553253927597829,5,0,4.6999999999999993,1.9219680953296174,0,1.8066500096098403,0.4817351598173516,0.35844748858447489,0.45205479452054792,0.31278538812785389,0.18264840182648401,0.42009132420091322,0.31582952815829529,0.10426179604261793,2024,2022,2024,2024-12,MDB_TEMPORAL_2022_2024_1,MDB_ANALYTICAL_2024_2,ZERO_REGISTERED_BEDS
21018,Viana,MA,BR_HEALTH_REGIONS_END2024_V1,263951,792618,4.6220048770942004,520,65.605373584753323,8,0,3.3999999999999999,3.0308655773230639,0,1.288117870362302,0.063926940639269403,0.37442922374429222,0.79452054794520544,0.31278538812785389,0.1050228310502283,0.21917808219178081,0.4041095890410959,-0.18493150684931509,2024,2022,2024,2024-12,MDB_TEMPORAL_2022_2024_1,MDB_ANALYTICAL_2024_2,ZERO_REGISTERED_BEDS
21019,Zé Doca,MA,BR_HEALTH_REGIONS_END2024_V1,269357,812474,7.1580617213547191,742,91.325999355056283,3,0,5.2000000000000002,1.1137635183047034,0,1.9305234317281526,0.31050228310502281,0.5365296803652968,0.13242009132420091,0.31278538812785389,0.21232876712328766,0.42351598173515981,0.21917808219178081,0.204337899543379,2024,2022,2024,2024-12,MDB_TEMPORAL_2022_2024_1,MDB_ANALYTICAL_2024_2,ZERO_REGISTERED_BEDS
22001,Carnaubais,PI,BR_HEALTH_REGIONS_END2024_V1,163128,489632,12.658798383706014,222,45.340173844846746,4,0,2.9500000000000002,2.4520621842969939,0,1.8083958609190331,0.88812785388127857,0.21689497716894976,0.64840182648401823,0.31278538812785389,0.18493150684931506,0.55251141552511418,0.38203957382039572,0.17047184170471846,2024,2022,2024,2024-12,MDB_TEMPORAL_2022_2024_1,MDB_ANALYTICAL_2024_2,ZERO_REGISTERED_BEDS
22002,Chapada das Mangabeiras,PI,BR_HEALTH_REGIONS_END2024_V1,191296,571639,10.999679187233513,61,10.671070378333178,6,8,1.7,3.1365005018400804,4.1820006691201073,0.88867514218802268,0.75114155251141557,0.034246575342465752,0.82191780821917804,0.88356164383561642,0.061643835616438353,0.39269406392694067,0.58904109589041098,-0.19634703196347031,2024,2022,2024,2024-12,MDB_TEMPORAL_2022_2024_1,MDB_ANALYTICAL_2024_2,
22003,Cocais,PI,BR_HEALTH_REGIONS_END2024_V1,412198,1233459,10.61546278604999,416,33.726293293899509,9,0,7.0999999999999996,2.1834167075046458,0,1.7224731803647759,0.70319634703196343,0.15753424657534246,0.5547945205479452,0.31278538812785389,0.16210045662100456,0.43036529680365293,0.34322678843226789,0.087138508371385037,2024,2022,2024,2024-12,MDB_TEMPORAL_2022_2024_1,MDB_ANALYTICAL_2024_2,ZERO_REGISTERED_BEDS
22004,Entre Rios,PI,BR_HEALTH_REGIONS_END2024_V1,1291212,3861284,8.4198196077440901,3769,97.610017807547948,17,10,51,1.3165924728084932,0.77446616047558414,3.9497774184254792,0.45662100456621002,0.56849315068493156,0.19178082191780821,0.68036529680365299,0.71004566210045661,0.51255707762557079,0.5273972602739726,-0.014840182648401812,2024,2022,2024,2024-12,MDB_TEMPORAL_2022_2024_1,MDB_ANALYTICAL_2024_2,
22005,Planície Litorânea,PI,BR_HEALTH_REGIONS_END2024_V1,302242,900899,7.7354227797458472,2359,261.84955250255581,5,0,10.625,1.6543035051382668,0,3.5153949484188165,0.36757990867579909,0.92922374429223742,0.36529680365296802,0.31278538812785389,0.62557077625570778,0.64840182648401823,0.4345509893455099,0.21385083713850833,2024,2022,2024,2024-12,MDB_TEMPORAL_2022_2024_1,MDB_ANALYTICAL_2024_2,ZERO_REGISTERED_BEDS
22006,Serra da Capivara,PI,BR_HEALTH_REGIONS_END2024_V1,161950,483478,11.524071110221314,137,28.336346224647244,2,9,3.3500000000000001,1.2349490583513429,5.5572707625810436,2.0685396727384995,0.80821917808219179,0.12557077625570776,0.16894977168949771,0.93378995433789957,0.24429223744292236,0.46689497716894979,0.44901065449010652,0.017884322678843267,2024,2022,2024,2024-12,MDB_TEMPORAL_2022_2024_1,MDB_ANALYTICAL_2024_2,
22007,Tabuleiros do Alto Parnaíba,PI,BR_HEALTH_REGIONS_END2024_V1,54354,161049,8.706929274675419,77,47.811535619594032,1,0,1,1.8397909997424293,0,1.8397909997424293,0.4908675799086758,0.24200913242009131,0.42465753424657532,0.31278538812785389,0.19406392694063926,0.36643835616438358,0.31050228310502281,0.055936073059360769,2024,2022,2024,2024-12,MDB_TEMPORAL_2022_2024_1,MDB_ANALYTICAL_2024_2,ZERO_REGISTERED_BEDS
22008,Vale do Canindé,PI,BR_HEALTH_REGIONS_END2024_V1,109515,328025,13.442742663857388,181,55.178721134059906,3,0,2.2999999999999998,2.7393507738665939,0,2.100168926631055,0.9178082191780822,0.29680365296803651,0.73287671232876717,0.31278538812785389,0.25570776255707761,0.60730593607305938,0.43378995433789957,0.17351598173515981,2024,2022,2024,2024-12,MDB_TEMPORAL_2022_2024_1,MDB_ANALYTICAL_2024_2,ZERO_REGISTERED_BEDS
22009,Vale do Rio Guaribas,PI,BR_HEALTH_REGIONS_END2024_V1,244113,731443,15.105577488146812,352,48.124050677906553,4,0,3.1499999999999999,1.6385854092162235,0,1.2903860097577762,0.96803652968036524,0.24429223744292236,0.35844748858447489,0.31278538812785389,0.10730593607305935,0.60616438356164382,0.25951293759512939,0.34665144596651443,2024,2022,2024,2024-12,MDB_TEMPORAL_2022_2024_1,MDB_ANALYTICAL_2024_2,ZERO_REGISTERED_BEDS
22010,Vale do Sambito,PI,BR_HEALTH_REGIONS_END2024_V1,104555,314242,13.868551470174111,139,44.233425194595249,5,0,4.5999999999999996,4.7821720625508108,0,4.3995982975467456,0.9452054794520548,0.21004566210045661,0.94977168949771684,0.31278538812785389,0.76940639269406397,0.57762557077625565,0.6773211567732117,-0.099695585996956049,2024,2022,2024,2024-12,MDB_TEMPORAL_2022_2024_1,MDB_ANALYTICAL_2024_2,ZERO_REGISTERED_BEDS
22011,Vale dos Rios Piauí e Itaueiras,PI,BR_HEALTH_REGIONS_END2024_V1,211101,633541,11.687721604103718,258,40.723489087525508,5,0,4.3499999999999996,2.3685344929678211,0,2.060625008882004,0.82420091324200917,0.19634703196347031,0.63013698630136983,0.31278538812785389,0.24200913242009131,0.51027397260273977,0.39497716894977164,0.11529680365296813,2024,2022,2024,2024-12,MDB_TEMPORAL_2022_2024_1,MDB_ANALYTICAL_2024_2,ZERO_REGISTERED_BEDS
22012,Chapada Vale do Rio Itaim,PI,BR_HEALTH_REGIONS_END2024_V1,129982,389879,15.499130183625514,234,60.01862116195025,6,4,0.5,4.6160237571356033,3.0773491714237351,0.38466864642796689,0.97031963470319638,0.33789954337899542,0.93835616438356162,0.81278538812785384,0.025114155251141551,0.65410958904109595,0.59208523592085227,0.06202435312024368,2024,2022,2024,2024-12,MDB_TEMPORAL_2022_2024_1,MDB_ANALYTICAL_2024_2,
23001,1ª RS Fortaleza,CE,BR_HEALTH_REGIONS_END2024_V1,4811949,14378263,6.2083376360840807,23813,165.61805831483261,68,49,155.09999999999991,1.4131488093493925,1.0182984067370622,3.2232261813248626,0.21004566210045661,0.76484018264840181,0.24200913242009131,0.69178082191780821,0.55707762557077622,0.48744292237442921,0.49695585996955866,-0.0095129375951294448,2024,2022,2024,2024-12,MDB_TEMPORAL_2022_2024_1,MDB_ANALYTICAL_2024_2,
23011,5ª  RS Sobral,CE,BR_HEALTH_REGIONS_END2024_V1,1717810,5125395,9.6202305826823995,3577,69.789743034439297,53,20,44.749999999999993,3.0853237552465056,1.1642731151873607,2.605061095231719,0.60273972602739723,0.39726027397260272,0.81050228310502281,0.70547945205479456,0.4041095890410959,0.5,0.64003044140030452,-0.14003044140030452,2024,2022,2024,2024-12,MDB_TEMPORAL_2022_2024_1,MDB_ANALYTICAL_2024_2,
23023,2ª RS Cariri,CE,BR_HEALTH_REGIONS_END2024_V1,1509109,4513177,10.391975265570775,3043,67.424787461249579,41,8,56.75,2.7168349005936618,0.53011412694510474,3.760497088016836,0.67808219178082196,0.3904109589041096,0.72831050228310501,0.66438356164383561,0.67351598173515981,0.53424657534246578,0.68873668188736692,-0.15449010654490114,2024,2022,2024,2024-12,MDB_TEMPORAL_2022_2024_1,MDB_ANALYTICAL_2024_2,
23024,3ª RS Sertão Central,CE,BR_HEALTH_REGIONS_END2024_V1,642839,1925255,10.955722342939403,2496,129.64516388738116,20,13,17.324999999999999,3.111198916058298,2.0222792954378934,2.6950760610355,0.74657534246575341,0.69406392694063923,0.81735159817351599,0.76027397260273977,0.42009132420091322,0.72031963470319638,0.66590563165905636,0.054414003044140014,2024,2022,2024,2024-12,MDB_TEMPORAL_2022_2024_1,MDB_ANALYTICAL_2024_2,
23025,4ª RS Litoral Leste/Jaguaribe,CE,BR_HEALTH_REGIONS_END2024_V1,551949,1651193,9.0842841879080467,1579,95.627827879599778,15,0,13.649999999999999,2.7176423908730696,0,2.4730545756944933,0.545662100456621,0.55707762557077622,0.73059360730593603,0.31278538812785389,0.37214611872146119,0.55136986301369861,0.47184170471841708,0.079528158295281537,2024,2022,2024,2024-12,MDB_TEMPORAL_2022_2024_1,MDB_ANALYTICAL_2024_2,ZERO_REGISTERED_BEDS
24001,1ª Região de Saúde - São José de Mipibu,RN,BR_HEALTH_REGIONS_END2024_V1,395062,1178309,5.3834324023114899,1264,107.27237082972293,6,0,14.674999999999999,1.5187489558600928,0,3.7146068212078101,0.13013698630136986,0.6095890410958904,0.28995433789954339,0.31278538812785389,0.66210045662100458,0.36986301369863012,0.42161339421613392,-0.051750380517503802,2024,2022,2024,2024-12,MDB_TEMPORAL_2022_2024_1,MDB_ANALYTICAL_2024_2,ZERO_REGISTERED_BEDS
24002,2ª Região de Saúde - Mossoró,RN,BR_HEALTH_REGIONS_END2024_V1,470108,1407725,8.9652777734793485,1601,113.72959917597541,9,0,20.5,1.9144537000008508,0,4.3607000944463827,0.53196347031963476,0.65068493150684936,0.4452054794520548,0.31278538812785389,0.76255707762557079,0.591324200913242,0.50684931506849318,0.084474885844748826,2024,2022,2024,2024-12,MDB_TEMPORAL_2022_2024_1,MDB_ANALYTICAL_2024_2,ZERO_REGISTERED_BEDS
24003,3ª Região de Saúde - João Câmara,RN,BR_HEALTH_REGIONS_END2024_V1,350450,1048212,5.5176388114355328,1203,114.76686013897952,7,0,14.574999999999999,1.9974318733057497,0,4.1589385076330432,0.13926940639269406,0.65525114155251141,0.4863013698630137,0.31278538812785389,0.73059360730593603,0.39726027397260272,0.50989345509893458,-0.11263318112633186,2024,2022,2024,2024-12,MDB_TEMPORAL_2022_2024_1,MDB_ANALYTICAL_2024_2,ZERO_REGISTERED_BEDS
24004,4ª Região de Saúde - Caicó,RN,BR_HEALTH_REGIONS_END2024_V1,306280,918880,11.526620431762796,544,59.202507400313429,7,0,11.600000000000001,2.2854904009403163,0,3.7873840929868101,0.81050228310502281,0.33105022831050229,0.59817351598173518,0.31278538812785389,0.68036529680365299,0.57077625570776258,0.53044140030441411,0.040334855403348469,2024,2022,2024,2024-12,MDB_TEMPORAL_2022_2024_1,MDB_ANALYTICAL_2024_2,ZERO_REGISTERED_BEDS
24005,5ª Região de Saúde - Santa Cruz,RN,BR_HEALTH_REGIONS_END2024_V1,191229,573837,6.3122068130213274,486,84.693040009619452,5,0,4.8500000000000005,2.6146661855680886,0,2.536226200001046,0.22146118721461186,0.4954337899543379,0.70319634703196343,0.31278538812785389,0.3949771689497717,0.35844748858447489,0.47031963470319632,-0.11187214611872143,2024,2022,2024,2024-12,MDB_TEMPORAL_2022_2024_1,MDB_ANALYTICAL_2024_2,ZERO_REGISTERED_BEDS
24006,6ª Região de Saúde - Pau dos Ferros,RN,BR_HEALTH_REGIONS_END2024_V1,249873,749209,9.6862155095320315,424,56.593020105204296,6,0,5.8000000000000007,2.4012198196683916,0,2.3211791590127788,0.61187214611872143,0.31278538812785389,0.64155251141552516,0.31278538812785389,0.33789954337899542,0.46232876712328763,0.43074581430745812,0.031582952815829513,2024,2022,2024,2024-12,MDB_TEMPORAL_2022_2024_1,MDB_ANALYTICAL_2024_2,ZERO_REGISTERED_BEDS
24007,7ª Região de Saúde - Metropolitana,RN,BR_HEALTH_REGIONS_END2024_V1,1331299,3979248,5.8680713290939179,6289,158.04493713385042,15,11,74.174999999999969,1.1267190916540912,0.82626066721300029,5.5716259082294792,0.17808219178082191,0.74885844748858443,0.14383561643835616,0.68721461187214616,0.90182648401826482,0.4634703196347032,0.57762557077625576,-0.11415525114155256,2024,2022,2024,2024-12,MDB_TEMPORAL_2022_2024_1,MDB_ANALYTICAL_2024_2,
24008,8ª Região de Saúde - Açu,RN,BR_HEALTH_REGIONS_END2024_V1,151770,454884,5.6272382891827606,193,42.428399328180369,1,0,3.25,0.65889174408644657,0,2.1413981682809515,0.15525114155251141,0.20547945205479451,0.022831050228310501,0.31278538812785389,0.27853881278538811,0.18036529680365296,0.20471841704718416,-0.024353120243531201,2024,2022,2024,2024-12,MDB_TEMPORAL_2022_2024_1,MDB_ANALYTICAL_2024_2,ZERO_REGISTERED_BEDS
25001,1ª Região Mata Atlântica,PB,BR_HEALTH_REGIONS_END2024_V1,1413337,4203394,5.9767175163956416,3256,77.461213486054362,18,0,74.550000000000011,1.2735816015571657,0,5.2747504664492624,0.18493150684931506,0.45205479452054792,0.18264840182648401,0.31278538812785389,0.88584474885844744,0.3184931506849315,0.46042617960426174,-0.14193302891933024,2024,2022,2024,2024-12,MDB_TEMPORAL_2022_2024_1,MDB_ANALYTICAL_2024_2,ZERO_REGISTERED_BEDS
25002,2ª Região,PB,BR_HEALTH_REGIONS_END2024_V1,300389,901395,4.791511921744271,731,81.096522612173345,15,0,9.4500000000000011,4.9935250625022887,0,3.1459207893764423,0.077625570776255703,0.4680365296803653,0.95890410958904104,0.31278538812785389,0.53881278538812782,0.2728310502283105,0.60350076103500749,-0.33066971080669699,2024,2022,2024,2024-12,MDB_TEMPORAL_2022_2024_1,MDB_ANALYTICAL_2024_2,ZERO_REGISTERED_BEDS
25003,3ª Região,PB,BR_HEALTH_REGIONS_END2024_V1,196705,589063,9.9914466555330481,1211,205.58072735853381,6,0,4.5999999999999996,3.050252916804352,0,2.3385272362166694,0.63926940639269403,0.86529680365296802,0.79680365296803657,0.31278538812785389,0.34018264840182649,0.75228310502283102,0.4832572298325723,0.26902587519025872,2024,2022,2024,2024-12,MDB_TEMPORAL_2022_2024_1,MDB_ANALYTICAL_2024_2,ZERO_REGISTERED_BEDS
25004,4ª Região,PB,BR_HEALTH_REGIONS_END2024_V1,108291,324801,10.64254179697951,358,110.22133552544481,5,0,3.1000000000000005,4.6171888707279463,0,2.8626570998513268,0.71461187214611877,0.62100456621004563,0.94063926940639264,0.31278538812785389,0.47488584474885842,0.6678082191780822,0.576103500761035,0.091704718417047193,2024,2022,2024,2024-12,MDB_TEMPORAL_2022_2024_1,MDB_ANALYTICAL_2024_2,ZERO_REGISTERED_BEDS
25005,5ª Região,PB,BR_HEALTH_REGIONS_END2024_V1,115220,344193,8.121935868137081,333,96.748045428001163,7,0,4.8499999999999996,6.0753341433778862,0,4.2093386564832489,0.4178082191780822,0.5639269406392694,0.98401826484018262,0.31278538812785389,0.73972602739726023,0.4908675799086758,0.67884322678843223,-0.18797564687975643,2024,2022,2024,2024-12,MDB_TEMPORAL_2022_2024_1,MDB_ANALYTICAL_2024_2,ZERO_REGISTERED_BEDS
25006,6ª Região,PB,BR_HEALTH_REGIONS_END2024_V1,235383,704705,9.2108632345270891,561,79.607779141626636,7,0,15.199999999999996,2.9738766181075098,0,6.4575606564620198,0.5547945205479452,0.46118721461187212,0.78082191780821919,0.31278538812785389,0.95662100456621002,0.50799086757990863,0.68340943683409439,-0.17541856925418575,2024,2022,2024,2024-12,MDB_TEMPORAL_2022_2024_1,MDB_ANALYTICAL_2024_2,ZERO_REGISTERED_BEDS
25007,7ª Região,PB,BR_HEALTH_REGIONS_END2024_V1,144970,435493,14.616191759768835,372,85.420431556879208,12,0,10.424999999999999,8.2775746706215081,0,7.1911429951024335,0.96118721461187218,0.50228310502283102,0.99543378995433784,0.31278538812785389,0.97488584474885842,0.7317351598173516,0.76103500761034992,-0.029299847792998324,2024,2022,2024,2024-12,MDB_TEMPORAL_2022_2024_1,MDB_ANALYTICAL_2024_2,ZERO_REGISTERED_BEDS
25008,8ª Região,PB,BR_HEALTH_REGIONS_END2024_V1,117595,352101,13.351585598486194,133,37.773252561054925,7,0,4.75,5.9526340405629492,0,4.0392873846677153,0.91552511415525117,0.17808219178082191,0.97945205479452058,0.31278538812785389,0.71689497716894979,0.54680365296803657,0.66971080669710803,-0.12290715372907146,2024,2022,2024,2024-12,MDB_TEMPORAL_2022_2024_1,MDB_ANALYTICAL_2024_2,ZERO_REGISTERED_BEDS
25009,9ª Região,PB,BR_HEALTH_REGIONS_END2024_V1,179110,535721,11.527596369821019,142,26.506334453941513,8,0,7.6500000000000004,4.4665289486907485,0,4.271118307185529,0.81278538812785384,0.11187214611872145,0.93150684931506844,0.31278538812785389,0.74657534246575341,0.46232876712328763,0.66362252663622534,-0.20129375951293771,2024,2022,2024,2024-12,MDB_TEMPORAL_2022_2024_1,MDB_ANALYTICAL_2024_2,ZERO_REGISTERED_BEDS
25010,10ª Região,PB,BR_HEALTH_REGIONS_END2024_V1,117220,351270,9.2104854685425952,136,38.71665670282119,5,0,4.5500000000000007,4.2654837058522439,0,3.8815901723255424,0.55251141552511418,0.18493150684931506,0.91552511415525117,0.31278538812785389,0.69634703196347036,0.36872146118721461,0.64155251141552516,-0.27283105022831056,2024,2022,2024,2024-12,MDB_TEMPORAL_2022_2024_1,MDB_ANALYTICAL_2024_2,ZERO_REGISTERED_BEDS
25011,11ª Região,PB,BR_HEALTH_REGIONS_END2024_V1,79744,239879,11.616787349652576,160,66.700294731927343,7,0,2.6499999999999999,8.7780898876404496,0,3.3231340288924556,0.81963470319634701,0.38584474885844749,0.99771689497716898,0.31278538812785389,0.5821917808219178,0.60273972602739723,0.63089802130898021,-0.028158295281582979,2024,2022,2024,2024-12,MDB_TEMPORAL_2022_2024_1,MDB_ANALYTICAL_2024_2,ZERO_REGISTERED_BEDS
25012,12ª Região,PB,BR_HEALTH_REGIONS_END2024_V1,179368,536719,3.0229790838775217,559,104.15133431087774,4,0,6.9499999999999993,2.2300521832210873,0,3.8747156683466386,0.0068493150684931503,0.58904109589041098,0.5730593607305936,0.31278538812785389,0.69406392694063923,0.29794520547945208,0.52663622526636222,-0.22869101978691014,2024,2022,2024,2024-12,MDB_TEMPORAL_2022_2024_1,MDB_ANALYTICAL_2024_2,ZERO_REGISTERED_BEDS
25013,13ª Região,PB,BR_HEALTH_REGIONS_END2024_V1,60343,180959,7.3183157949315678,85,46.971966025453277,3,0,1.5,4.9715791392539321,0,2.4857895696269661,0.32420091324200911,0.23744292237442921,0.95662100456621002,0.31278538812785389,0.37671232876712329,0.28082191780821919,0.5487062404870624,-0.26788432267884321,2024,2022,2024,2024-12,MDB_TEMPORAL_2022_2024_1,MDB_ANALYTICAL_2024_2,ZERO_REGISTERED_BEDS
25014,14ª Região,PB,BR_HEALTH_REGIONS_END2024_V1,158867,473439,7.0070192057626146,445,93.993101540008325,7,0,3.6500000000000008,4.4062014137611962,0,2.2975193086040528,0.29223744292237441,0.55251141552511418,0.9269406392694064,0.31278538812785389,0.32648401826484019,0.4223744292237443,0.52207001522070018,-0.099695585996955882,2024,2022,2024,2024-12,MDB_TEMPORAL_2022_2024_1,MDB_ANALYTICAL_2024_2,ZERO_REGISTERED_BEDS
25015,15ª Região,PB,BR_HEALTH_REGIONS_END2024_V1,158115,471897,6.880195483860656,729,154.48286384528825,8,0,4.3500000000000005,5.0596085127913231,0,2.7511621288302823,0.27853881278538811,0.73515981735159819,0.96118721461187218,0.31278538812785389,0.4360730593607306,0.50684931506849318,0.5700152207001522,-0.063165905631659025,2024,2022,2024,2024-12,MDB_TEMPORAL_2022_2024_1,MDB_ANALYTICAL_2024_2,ZERO_REGISTERED_BEDS
25016,16ª Região,PB,BR_HEALTH_REGIONS_END2024_V1,580383,1730505,9.0013347131681058,4612,266.51179857902753,15,20,21.724999999999994,2.5845002351895214,3.4460003135860284,3.7432178406328229,0.5365296803652968,0.93378995433789957,0.68949771689497719,0.84703196347031962,0.66894977168949776,0.73515981735159819,0.73515981735159819,0,2024,2022,2024,2024-12,MDB_TEMPORAL_2022_2024_1,MDB_ANALYTICAL_2024_2,
26001,Afogados da Ingazeira,PE,BR_HEALTH_REGIONS_END2024_V1,192994,577968,5.0602727236922913,730,126.30457049525234,8,4,9.0999999999999996,4.1452065867332664,2.0726032933666332,4.7151724924090903,0.1095890410958904,0.68264840182648401,0.91095890410958902,0.76255707762557079,0.82876712328767121,0.39611872146118721,0.83409436834094375,-0.43797564687975654,2024,2022,2024,2024-12,MDB_TEMPORAL_2022_2024_1,MDB_ANALYTICAL_2024_2,
26002,Arcoverde,PE,BR_HEALTH_REGIONS_END2024_V1,436601,1301542,5.3555676606304718,1086,83.439489467109013,13,16,7.2999999999999998,2.9775470051603179,3.6646732371203914,1.6720071644361785,0.12100456621004566,0.48858447488584472,0.78538812785388123,0.86073059360730597,0.14611872146118721,0.3047945205479452,0.5974124809741248,-0.2926179604261796,2024,2022,2024,2024-12,MDB_TEMPORAL_2022_2024_1,MDB_ANALYTICAL_2024_2,
26003,Caruaru,PE,BR_HEALTH_REGIONS_END2024_V1,1407562,4194651,6.1309211286491694,896,21.360537503596845,26,7,38.724999999999994,1.8471655245026508,0.49731379505840595,2.7512109590909666,0.19634703196347031,0.086757990867579904,0.42922374429223742,0.65981735159817356,0.43835616438356162,0.14155251141552511,0.5091324200913242,-0.36757990867579909,2024,2022,2024,2024-12,MDB_TEMPORAL_2022_2024_1,MDB_ANALYTICAL_2024_2,
26004,Garanhuns,PE,BR_HEALTH_REGIONS_END2024_V1,563506,1684372,6.1796391039633933,384,22.797814259557864,19,6,17.049999999999997,3.3717475945242823,1.0647623982708259,3.0256998150862628,0.20319634703196346,0.095890410958904104,0.84931506849315064,0.69406392694063923,0.50228310502283102,0.1495433789954338,0.68188736681887363,-0.53234398782343983,2024,2022,2024,2024-12,MDB_TEMPORAL_2022_2024_1,MDB_ANALYTICAL_2024_2,
26005,Goiana,PE,BR_HEALTH_REGIONS_END2024_V1,314791,945241,6.0401544099906879,493,52.15601100671681,7,8,9.5999999999999979,2.2236976279499734,2.5413687176571123,3.049642461188534,0.18949771689497716,0.28082191780821919,0.56621004566210043,0.78995433789954339,0.5182648401826484,0.23515981735159819,0.62480974124809741,-0.38964992389649922,2024,2022,2024,2024-12,MDB_TEMPORAL_2022_2024_1,MDB_ANALYTICAL_2024_2,
26006,Limoeiro,PE,BR_HEALTH_REGIONS_END2024_V1,592324,1776977,6.8527266554809918,668,37.591932816237914,14,0,16.574999999999999,2.3635712886865972,0,2.7982995792843104,0.26940639269406391,0.17579908675799086,0.62785388127853881,0.31278538812785389,0.4497716894977169,0.2226027397260274,0.4634703196347032,-0.2408675799086758,2024,2022,2024,2024-12,MDB_TEMPORAL_2022_2024_1,MDB_ANALYTICAL_2024_2,ZERO_REGISTERED_BEDS
26007,Ouricuri,PE,BR_HEALTH_REGIONS_END2024_V1,354492,1060175,10.695704934346892,1044,98.474308486806407,6,6,7.8500000000000005,1.6925628787109441,1.6925628787109441,2.2144364329801518,0.72146118721461183,0.57534246575342463,0.37899543378995432,0.73515981735159819,0.30365296803652969,0.64840182648401823,0.47260273972602734,0.17579908675799089,2024,2022,2024,2024-12,MDB_TEMPORAL_2022_2024_1,MDB_ANALYTICAL_2024_2,
26008,Palmares,PE,BR_HEALTH_REGIONS_END2024_V1,522560,1583116,3.9541670291475661,605,38.21577193332643,13,0,16.850000000000001,2.4877526025719532,0,3.2245101041028783,0.034246575342465752,0.18264840182648401,0.66438356164383561,0.31278538812785389,0.55936073059360736,0.10844748858447488,0.5121765601217656,-0.40372907153729071,2024,2022,2024,2024-12,MDB_TEMPORAL_2022_2024_1,MDB_ANALYTICAL_2024_2,ZERO_REGISTERED_BEDS
26009,Petrolina,PE,BR_HEALTH_REGIONS_END2024_V1,564661,1670109,8.1252549584283571,893,53.469563962591664,9,0,16.975000000000005,1.593876679990295,0,3.006228515870585,0.42009132420091322,0.29223744292237441,0.31963470319634701,0.31278538812785389,0.4954337899543379,0.35616438356164382,0.37595129375951292,-0.019786910197869101,2024,2022,2024,2024-12,MDB_TEMPORAL_2022_2024_1,MDB_ANALYTICAL_2024_2,ZERO_REGISTERED_BEDS
26010,Recife,PE,BR_HEALTH_REGIONS_END2024_V1,4193340,12568661,4.7653950248541701,9534,75.855335743401781,47,60,263.87499999999972,1.1208249271463797,1.4308403325272931,6.2927165457606522,0.075342465753424653,0.4452054794520548,0.14155251141552511,0.71461187214611877,0.94292237442922378,0.26027397260273971,0.59969558599695594,-0.33942161339421623,2024,2022,2024,2024-12,MDB_TEMPORAL_2022_2024_1,MDB_ANALYTICAL_2024_2,
26011,Salgueiro,PE,BR_HEALTH_REGIONS_END2024_V1,147246,440539,11.936967387117727,878,199.30131044016537,2,10,4.7000000000000002,1.3582711924262798,6.7913559621313997,3.1919373022017576,0.84474885844748859,0.85159817351598177,0.20776255707762556,0.95662100456621002,0.55251141552511418,0.84817351598173518,0.57229832572298323,0.27587519025875196,2024,2022,2024,2024-12,MDB_TEMPORAL_2022_2024_1,MDB_ANALYTICAL_2024_2,
26012,Serra Talhada,PE,BR_HEALTH_REGIONS_END2024_V1,248952,743187,7.9035244588451823,1718,231.16658391495008,6,8,11.975,2.4101031524149232,3.2134708698865646,4.8101642083614511,0.3904109589041096,0.90410958904109584,0.64383561643835618,0.82191780821917804,0.84246575342465757,0.64726027397260277,0.76940639269406397,-0.12214611872146119,2024,2022,2024,2024-12,MDB_TEMPORAL_2022_2024_1,MDB_ANALYTICAL_2024_2,
27001,1ª Região de Saúde,AL,BR_HEALTH_REGIONS_END2024_V1,1293007,3859609,4.9578616579436554,10005,259.22314928792008,13,6,91.399999999999977,1.0054083233888138,0.46403461079483721,7.0687939044413515,0.1050228310502283,0.92237442922374424,0.11187214611872145,0.65525114155251141,0.96803652968036524,0.51369863013698625,0.57838660578386603,-0.064687975646879781,2024,2022,2024,2024-12,MDB_TEMPORAL_2022_2024_1,MDB_ANALYTICAL_2024_2,
27002,2ª Região de Saúde,AL,BR_HEALTH_REGIONS_END2024_V1,161020,482874,2.8524926305126277,506,104.78924108566625,6,0,3.9250000000000007,3.7262451869333004,0,2.4375853931188676,0.0045662100456621002,0.59360730593607303,0.87899543378995437,0.31278538812785389,0.36301369863013699,0.29908675799086759,0.51826484018264851,-0.21917808219178092,2024,2022,2024,2024-12,MDB_TEMPORAL_2022_2024_1,MDB_ANALYTICAL_2024_2,ZERO_REGISTERED_BEDS
27003,3ª Região de Saúde,AL,BR_HEALTH_REGIONS_END2024_V1,197962,598816,5.2095079930097361,940,156.976433495431,7,9,8.0500000000000007,3.5360321677897781,4.5463270728725718,4.0664369929582449,0.11187214611872145,0.74429223744292239,0.86529680365296802,0.90410958904109584,0.72374429223744297,0.42808219178082191,0.83105022831050235,-0.40296803652968044,2024,2022,2024,2024-12,MDB_TEMPORAL_2022_2024_1,MDB_ANALYTICAL_2024_2,
27004,4ª Região de Saúde,AL,BR_HEALTH_REGIONS_END2024_V1,124636,378322,7.125281074551622,665,175.77619065240719,5,8,5.1999999999999993,4.011682018036522,6.4186912288584352,4.1721492987579829,0.30365296803652969,0.78995433789954339,0.90182648401826482,0.95205479452054798,0.73515981735159819,0.54680365296803657,0.86301369863013699,-0.31621004566210043,2024,2022,2024,2024-12,MDB_TEMPORAL_2022_2024_1,MDB_ANALYTICAL_2024_2,
27005,5ª Região de Saúde,AL,BR_HEALTH_REGIONS_END2024_V1,191964,582682,4.8876585124210763,1368,234.77643036853721,7,8,9.5999999999999979,3.6465170552811981,4.1674480631785125,5.0009376758142139,0.086757990867579904,0.908675799086758,0.87442922374429222,0.88127853881278539,0.86301369863013699,0.49771689497716898,0.87290715372907146,-0.37519025875190248,2024,2022,2024,2024-12,MDB_TEMPORAL_2022_2024_1,MDB_ANALYTICAL_2024_2,
27006,6ª Região de Saúde,AL,BR_HEALTH_REGIONS_END2024_V1,190785,574880,4.6256199658109827,569,98.977177845811298,5,0,6.3500000000000005,2.6207511072673428,0,3.3283539062295255,0.066210045662100453,0.57762557077625576,0.70547945205479456,0.31278538812785389,0.58675799086757996,0.32191780821917809,0.53500761035007616,-0.21308980213089806,2024,2022,2024,2024-12,MDB_TEMPORAL_2022_2024_1,MDB_ANALYTICAL_2024_2,ZERO_REGISTERED_BEDS
27007,7ª Região de Saúde,AL,BR_HEALTH_REGIONS_END2024_V1,525382,1572071,5.4405790278597301,2227,141.66026852476764,12,0,18.949999999999996,2.2840523657072378,0,3.6068993608460125,0.13698630136986301,0.71917808219178081,0.59360730593607303,0.31278538812785389,0.64155251141552516,0.42808219178082191,0.51598173515981738,-0.087899543378995471,2024,2022,2024,2024-12,MDB_TEMPORAL_2022_2024_1,MDB_ANALYTICAL_2024_2,ZERO_REGISTERED_BEDS
27008,8ª Região de Saúde,AL,BR_HEALTH_REGIONS_END2024_V1,154085,462904,7.1362971833874207,758,163.7488550541797,4,0,4.6749999999999998,2.5959697569523312,0,3.0340396534380374,0.30821917808219179,0.76027397260273977,0.69406392694063923,0.31278538812785389,0.5091324200913242,0.53424657534246578,0.50532724505327253,0.028919330289193246,2024,2022,2024,2024-12,MDB_TEMPORAL_2022_2024_1,MDB_ANALYTICAL_2024_2,ZERO_REGISTERED_BEDS
27009,9ª Região de Saúde,AL,BR_HEALTH_REGIONS_END2024_V1,228962,687430,8.5507474130156016,488,70.989046157426941,7,0,6.3750000000000009,3.0572758798403226,0,2.7843048191402944,0.4680365296803653,0.40639269406392692,0.80136986301369861,0.31278538812785389,0.44748858447488582,0.43721461187214611,0.52054794520547942,-0.083333333333333315,2024,2022,2024,2024-12,MDB_TEMPORAL_2022_2024_1,MDB_ANALYTICAL_2024_2,ZERO_REGISTERED_BEDS
27010,10ª Região de Saúde,AL,BR_HEALTH_REGIONS_END2024_V1,152301,457504,6.6320035619012971,222,48.524165908931941,5,0,4.1500000000000012,3.2829725346517753,0,2.724867203760974,0.24885844748858446,0.24885844748858446,0.83789954337899542,0.31278538812785389,0.4269406392694064,0.24885844748858446,0.52587519025875185,-0.27701674277016741,2024,2022,2024,2024-12,MDB_TEMPORAL_2022_2024_1,MDB_ANALYTICAL_2024_2,ZERO_REGISTERED_BEDS
28001,Aracaju,SE,BR_HEALTH_REGIONS_END2024_V1,850972,2541325,5.3841039029698248,1871,73.6230116179552,11,14,49.45000000000001,1.2926394757994388,1.6451775146538312,5.8110020071165689,0.13242009132420091,0.42465753424657532,0.18493150684931506,0.72831050228310501,0.9178082191780822,0.27853881278538811,0.61035007610350078,-0.33181126331811267,2024,2022,2024,2024-12,MDB_TEMPORAL_2022_2024_1,MDB_ANALYTICAL_2024_2,
28002,Estância,SE,BR_HEALTH_REGIONS_END2024_V1,237165,712195,5.6245008000664534,484,67.958915746389678,5,15,7.3499999999999996,2.1082368814960049,6.3247106444880146,3.0991082157991268,0.15296803652968036,0.39269406392694062,0.53196347031963476,0.94977168949771684,0.53424657534246578,0.2728310502283105,0.67199391171993916,-0.39916286149162866,2024,2022,2024,2024-12,MDB_TEMPORAL_2022_2024_1,MDB_ANALYTICAL_2024_2,
28003,Itabaiana,SE,BR_HEALTH_REGIONS_END2024_V1,260329,776662,9.425730334373414,307,39.528134503812467,5,0,8.5,1.9206465664601333,0,3.2650991629822261,0.5821917808219178,0.18949771689497716,0.44748858447488582,0.31278538812785389,0.5730593607305936,0.38584474885844749,0.44444444444444442,-0.058599695585996925,2024,2022,2024,2024-12,MDB_TEMPORAL_2022_2024_1,MDB_ANALYTICAL_2024_2,ZERO_REGISTERED_BEDS
28004,Lagarto,SE,BR_HEALTH_REGIONS_END2024_V1,264021,789680,6.5028840485018833,442,55.972039307061088,7,0,9.7499999999999982,2.6513042523132628,0,3.6928880657220442,0.24429223744292236,0.30365296803652969,0.71232876712328763,0.31278538812785389,0.65525114155251141,0.27397260273972601,0.56012176560121762,-0.28614916286149161,2024,2022,2024,2024-12,MDB_TEMPORAL_2022_2024_1,MDB_ANALYTICAL_2024_2,ZERO_REGISTERED_BEDS
28005,Nossa Senhora da Glória,SE,BR_HEALTH_REGIONS_END2024_V1,176255,525830,8.3524164289985521,269,51.157218112317665,3,0,3.1000000000000001,1.7020793736347906,0,1.7588153527559502,0.4497716894977169,0.27397260273972601,0.38356164383561642,0.31278538812785389,0.16438356164383561,0.36187214611872143,0.28691019786910199,0.074961948249619437,2024,2022,2024,2024-12,MDB_TEMPORAL_2022_2024_1,MDB_ANALYTICAL_2024_2,ZERO_REGISTERED_BEDS
28006,Nossa Senhora do Socorro,SE,BR_HEALTH_REGIONS_END2024_V1,351163,1046200,5.8183577613488007,852,81.437583636016058,7,0,6.7500000000000036,1.9933762953386318,0,1.9221842847908246,0.17123287671232876,0.47031963470319632,0.48401826484018262,0.31278538812785389,0.21004566210045661,0.32077625570776253,0.33561643835616434,-0.014840182648401812,2024,2022,2024,2024-12,MDB_TEMPORAL_2022_2024_1,MDB_ANALYTICAL_2024_2,ZERO_REGISTERED_BEDS
28007,Propriá,SE,BR_HEALTH_REGIONS_END2024_V1,151172,454768,6.7674946152163464,328,72.124687752876198,6,0,4.6000000000000005,3.9689889662106741,0,3.0428915407615174,0.26255707762557079,0.4178082191780822,0.8995433789954338,0.31278538812785389,0.51598173515981738,0.34018264840182649,0.576103500761035,-0.23592085235920851,2024,2022,2024,2024-12,MDB_TEMPORAL_2022_2024_1,MDB_ANALYTICAL_2024_2,ZERO_REGISTERED_BEDS
29001,Alagoinhas,BA,BR_HEALTH_REGIONS_END2024_V1,518611,1556238,5.7434034435619044,320,20.562407549487933,10,0,13.149999999999999,1.9282275154209996,0,2.5356191827786141,0.16438356164383561,0.084474885844748854,0.45662100456621002,0.31278538812785389,0.39269406392694062,0.12442922374429223,0.38736681887366825,-0.26293759512937603,2024,2022,2024,2024-12,MDB_TEMPORAL_2022_2024_1,MDB_ANALYTICAL_2024_2,ZERO_REGISTERED_BEDS
29002,Barreiras,BA,BR_HEALTH_REGIONS_END2024_V1,510181,1507447,7.5530825397481598,275,18.24276409054514,7,0,14.374999999999996,1.3720620720881413,0,2.8176274694667178,0.35159817351598172,0.068493150684931503,0.22374429223744291,0.31278538812785389,0.46118721461187212,0.21004566210045661,0.33257229832572294,-0.12252663622526633,2024,2022,2024,2024-12,MDB_TEMPORAL_2022_2024_1,MDB_ANALYTICAL_2024_2,ZERO_REGISTERED_BEDS
29003,Brumado,BA,BR_HEALTH_REGIONS_END2024_V1,409223,1225269,8.0227570945684263,179,14.609036872719377,12,0,8.5749999999999993,2.9323864983150996,0,2.0954345185876648,0.4041095890410959,0.061643835616438353,0.76255707762557079,0.31278538812785389,0.25114155251141551,0.23287671232876711,0.44216133942161345,-0.20928462709284634,2024,2022,2024,2024-12,MDB_TEMPORAL_2022_2024_1,MDB_ANALYTICAL_2024_2,ZERO_REGISTERED_BEDS
29004,Camaçari,BA,BR_HEALTH_REGIONS_END2024_V1,617722,1836441,3.7546618992368579,696,37.899393446345407,8,0,14.299999999999995,1.2950809587484338,0,2.3149572137628249,0.025114155251141551,0.18036529680365296,0.18721461187214611,0.31278538812785389,0.33333333333333331,0.10273972602739725,0.27777777777777773,-0.17503805175038048,2024,2022,2024,2024-12,MDB_TEMPORAL_2022_2024_1,MDB_ANALYTICAL_2024_2,ZERO_REGISTERED_BEDS
29005,Cruz das Almas,BA,BR_HEALTH_REGIONS_END2024_V1,250783,754426,5.7673060754464842,153,20.280319077020145,9,0,5.6500000000000004,3.5887600036685106,0,2.2529437800807872,0.16666666666666666,0.079908675799086754,0.86757990867579904,0.31278538812785389,0.30593607305936071,0.12328767123287671,0.4954337899543379,-0.37214611872146119,2024,2022,2024,2024-12,MDB_TEMPORAL_2022_2024_1,MDB_ANALYTICAL_2024_2,ZERO_REGISTERED_BEDS
29006,Feira de Santana,BA,BR_HEALTH_REGIONS_END2024_V1,1200744,3582151,4.3487338659487849,1811,50.556216083576601,20,2,42.725000000000009,1.6656339736030328,0.16656339736030326,3.5582105761094796,0.047945205479452052,0.26484018264840181,0.36986301369863012,0.63698630136986301,0.63926940639269403,0.15639269406392692,0.5487062404870624,-0.39231354642313548,2024,2022,2024,2024-12,MDB_TEMPORAL_2022_2024_1,MDB_ANALYTICAL_2024_2,
29007,Guanambi,BA,BR_HEALTH_REGIONS_END2024_V1,474477,1421954,6.9972353488434029,149,10.478538686905484,10,0,9.0999999999999961,2.1075837184942579,0,1.9179011838297737,0.28995433789954339,0.031963470319634701,0.52968036529680362,0.31278538812785389,0.20776255707762556,0.16095890410958905,0.35007610350076107,-0.18911719939117203,2024,2022,2024,2024-12,MDB_TEMPORAL_2022_2024_1,MDB_ANALYTICAL_2024_2,ZERO_REGISTERED_BEDS
29008,Ibotirama,BA,BR_HEALTH_REGIONS_END2024_V1,194930,584325,8.0660068755023318,39,6.6743678603516878,5,0,2.5750000000000002,2.5650233417124095,0,1.320987020981891,0.408675799086758,0.0091324200913242004,0.68264840182648401,0.31278538812785389,0.1095890410958904,0.2089041095890411,0.36834094368340947,-0.15943683409436837,2024,2022,2024,2024-12,MDB_TEMPORAL_2022_2024_1,MDB_ANALYTICAL_2024_2,ZERO_REGISTERED_BEDS
29009,Ilhéus,BA,BR_HEALTH_REGIONS_END2024_V1,332022,997275,5.5496863075360556,453,45.423779799954879,7,0,7.0499999999999998,2.1082940287089409,0,2.1233532717711476,0.14383561643835616,0.22146118721461186,0.53424657534246578,0.31278538812785389,0.26484018264840181,0.18264840182648401,0.37062404870624049,-0.18797564687975649,2024,2022,2024,2024-12,MDB_TEMPORAL_2022_2024_1,MDB_ANALYTICAL_2024_2,ZERO_REGISTERED_BEDS
29010,Irecê,BA,BR_HEALTH_REGIONS_END2024_V1,419821,1256876,9.5578544518946504,100,7.9562343461089231,16,0,11.874999999999996,3.8111480845407928,0,2.8285864689951188,0.59817351598173518,0.022831050228310501,0.88812785388127857,0.31278538812785389,0.46575342465753422,0.31050228310502281,0.55555555555555547,-0.24505327245053266,2024,2022,2024,2024-12,MDB_TEMPORAL_2022_2024_1,MDB_ANALYTICAL_2024_2,ZERO_REGISTERED_BEDS
29011,Itaberaba,BA,BR_HEALTH_REGIONS_END2024_V1,246205,740125,5.6853271696033154,1289,174.15977030906942,8,0,6.9000000000000004,3.2493247497004529,0,2.8025425966166404,0.15981735159817351,0.78538812785388123,0.83105022831050224,0.31278538812785389,0.454337899543379,0.4726027397260274,0.53272450532724502,-0.060121765601217625,2024,2022,2024,2024-12,MDB_TEMPORAL_2022_2024_1,MDB_ANALYTICAL_2024_2,ZERO_REGISTERED_BEDS
29012,Itabuna,BA,BR_HEALTH_REGIONS_END2024_V1,473055,1431272,4.6906067760349979,162,11.31860331229843,12,0,13.249999999999998,2.5367029203792373,0,2.8009428079187404,0.070776255707762553,0.036529680365296802,0.67351598173515981,0.31278538812785389,0.45205479452054792,0.053652968036529677,0.47945205479452052,-0.42579908675799083,2024,2022,2024,2024-12,MDB_TEMPORAL_2022_2024_1,MDB_ANALYTICAL_2024_2,ZERO_REGISTERED_BEDS
29013,Itapetinga,BA,BR_HEALTH_REGIONS_END2024_V1,232016,699944,6.3983437753221528,95,13.572514372578377,9,0,7.8999999999999995,3.8790428246327839,0,3.4049375905109991,0.22831050228310501,0.057077625570776253,0.8904109589041096,0.31278538812785389,0.6095890410958904,0.14269406392694062,0.60426179604261798,-0.46156773211567736,2024,2022,2024,2024-12,MDB_TEMPORAL_2022_2024_1,MDB_ANALYTICAL_2024_2,ZERO_REGISTERED_BEDS
29014,Jacobina,BA,BR_HEALTH_REGIONS_END2024_V1,390462,1171007,7.1260850018193755,297,25.362786046539433,12,0,7.7000000000000002,3.0732824192879207,0,1.9720228857097488,0.30593607305936071,0.1095890410958904,0.80821917808219179,0.31278538812785389,0.23059360730593606,0.20776255707762556,0.45053272450532722,-0.24277016742770166,2024,2022,2024,2024-12,MDB_TEMPORAL_2022_2024_1,MDB_ANALYTICAL_2024_2,ZERO_REGISTERED_BEDS
29015,Jequié,BA,BR_HEALTH_REGIONS_END2024_V1,510425,1533221,5.3363129404214549,696,45.394629997893325,7,0,15.399999999999999,1.3714061811235736,0,3.0170935984718614,0.11872146118721461,0.21917808219178081,0.21917808219178081,0.31278538812785389,0.49771689497716892,0.16894977168949771,0.34322678843226789,-0.17427701674277019,2024,2022,2024,2024-12,MDB_TEMPORAL_2022_2024_1,MDB_ANALYTICAL_2024_2,ZERO_REGISTERED_BEDS
29016,Juazeiro,BA,BR_HEALTH_REGIONS_END2024_V1,587921,1746051,7.115139018686075,1715,98.221644155869456,12,0,12.525,2.0410905546833673,0,2.1303882664507645,0.29908675799086759,0.5730593607305936,0.50684931506849318,0.31278538812785389,0.26940639269406391,0.4360730593607306,0.36301369863013705,0.073059360730593548,2024,2022,2024,2024-12,MDB_TEMPORAL_2022_2024_1,MDB_ANALYTICAL_2024_2,ZERO_REGISTERED_BEDS
29017,Paulo Afonso,BA,BR_HEALTH_REGIONS_END2024_V1,251835,754024,5.6210484379087537,610,80.899281720475742,4,0,3.6499999999999999,1.5883415728552424,0,1.4493616852304088,0.15068493150684931,0.46575342465753422,0.31735159817351599,0.31278538812785389,0.12557077625570776,0.30821917808219179,0.25190258751902589,0.056316590563165903,2024,2022,2024,2024-12,MDB_TEMPORAL_2022_2024_1,MDB_ANALYTICAL_2024_2,ZERO_REGISTERED_BEDS
29018,Porto Seguro,BA,BR_HEALTH_REGIONS_END2024_V1,418017,1240302,6.1767967828849004,84,6.7725441061934921,10,0,9.8000000000000007,2.3922472052572026,0,2.3444022611520583,0.20091324200913241,0.011415525114155251,0.63698630136986301,0.31278538812785389,0.34931506849315069,0.10616438356164383,0.4330289193302892,-0.32686453576864538,2024,2022,2024,2024-12,MDB_TEMPORAL_2022_2024_1,MDB_ANALYTICAL_2024_2,ZERO_REGISTERED_BEDS
29019,Ribeira do Pombal,BA,BR_HEALTH_REGIONS_END2024_V1,364231,1095408,7.8132426322607884,124,11.319983056541489,9,0,6.9000000000000012,2.4709593637005085,0,1.8944021788370571,0.37899543378995432,0.038812785388127852,0.65525114155251141,0.31278538812785389,0.20091324200913241,0.2089041095890411,0.38964992389649922,-0.18074581430745812,2024,2022,2024,2024-12,MDB_TEMPORAL_2022_2024_1,MDB_ANALYTICAL_2024_2,ZERO_REGISTERED_BEDS
29020,Salvador,BA,BR_HEALTH_REGIONS_END2024_V1,3100614,9351058,3.7420387367346484,8185,87.530202464790605,29,0,149.22500000000002,0.93529862149883869,0,4.8127564411435939,0.022831050228310501,0.51598173515981738,0.089041095890410954,0.31278538812785389,0.84474885844748859,0.26940639269406397,0.41552511415525117,-0.14611872146118721,2024,2022,2024,2024-12,MDB_TEMPORAL_2022_2024_1,MDB_ANALYTICAL_2024_2,ZERO_REGISTERED_BEDS
29021,Santa Maria da Vitória,BA,BR_HEALTH_REGIONS_END2024_V1,306729,917807,7.2800392418905346,139,15.144796237117388,9,0,9.9000000000000004,2.9341862034564716,0,3.2276048238021184,0.32191780821917809,0.063926940639269403,0.76484018264840181,0.31278538812785389,0.5639269406392694,0.19292237442922375,0.54718417047184165,-0.35426179604261787,2024,2022,2024,2024-12,MDB_TEMPORAL_2022_2024_1,MDB_ANALYTICAL_2024_2,ZERO_REGISTERED_BEDS
29022,Santo Antônio de Jesus,BA,BR_HEALTH_REGIONS_END2024_V1,482059,1441223,5.3578513138125468,868,60.226626968900717,12,0,13.300000000000001,2.4893218464959683,0,2.7589983798663651,0.12328767123287671,0.34474885844748859,0.66666666666666663,0.31278538812785389,0.4406392694063927,0.23401826484018265,0.47336377473363772,-0.23934550989345507,2024,2022,2024,2024-12,MDB_TEMPORAL_2022_2024_1,MDB_ANALYTICAL_2024_2,ZERO_REGISTERED_BEDS
29023,Seabra,BA,BR_HEALTH_REGIONS_END2024_V1,194644,580897,10.252018195105061,170,29.265084860138717,10,0,3.3500000000000005,5.1375845132652431,0,1.7210908119438568,0.65981735159817356,0.13470319634703196,0.96575342465753422,0.31278538812785389,0.15753424657534246,0.39726027397260277,0.47869101978691014,-0.08143074581430737,2024,2022,2024,2024-12,MDB_TEMPORAL_2022_2024_1,MDB_ANALYTICAL_2024_2,ZERO_REGISTERED_BEDS
29024,Senhor do Bonfim,BA,BR_HEALTH_REGIONS_END2024_V1,306390,916266,4.9566382754302563,582,63.518672525227387,10,0,5.2750000000000004,3.2638140931492545,0,1.7216619341362316,0.098173515981735154,0.36301369863013699,0.83561643835616439,0.31278538812785389,0.15981735159817351,0.23059360730593609,0.43607305936073065,-0.20547945205479456,2024,2022,2024,2024-12,MDB_TEMPORAL_2022_2024_1,MDB_ANALYTICAL_2024_2,ZERO_REGISTERED_BEDS
29025,Serrinha,BA,BR_HEALTH_REGIONS_END2024_V1,598565,1790215,5.9804095171289999,452,25.248364023315634,18,0,10.224999999999998,3.0071922013482246,0,1.7082522365991994,0.18721461187214611,0.10730593607305935,0.78995433789954339,0.31278538812785389,0.15525114155251141,0.14726027397260272,0.4193302891933029,-0.27207001522070018,2024,2022,2024,2024-12,MDB_TEMPORAL_2022_2024_1,MDB_ANALYTICAL_2024_2,ZERO_REGISTERED_BEDS
29026,Teixeira de Freitas,BA,BR_HEALTH_REGIONS_END2024_V1,451460,1350415,4.9283383132982577,78,5.7760021919187805,12,0,11.9,2.6580427944889911,0,2.6358924378682498,0.093607305936073054,0.0045662100456621002,0.71917808219178081,0.31278538812785389,0.40639269406392692,0.049086757990867577,0.47945205479452052,-0.43036529680365293,2024,2022,2024,2024-12,MDB_TEMPORAL_2022_2024_1,MDB_ANALYTICAL_2024_2,ZERO_REGISTERED_BEDS
29027,Valença,BA,BR_HEALTH_REGIONS_END2024_V1,284603,854655,6.2508976017588038,173,20.242085987913253,5,0,5.5499999999999998,1.7568332027420652,0,1.9500848550436922,0.21689497716894976,0.077625570776255703,0.39726027397260272,0.31278538812785389,0.21689497716894976,0.14726027397260272,0.30898021308980211,-0.1617199391171994,2024,2022,2024,2024-12,MDB_TEMPORAL_2022_2024_1,MDB_ANALYTICAL_2024_2,ZERO_REGISTERED_BEDS
29028,Vitória da Conquista,BA,BR_HEALTH_REGIONS_END2024_V1,722768,2154366,6.328963270114377,1023,47.48496773528732,14,0,18.125000000000004,1.9369977641511522,0,2.5077203196599744,0.22602739726027396,0.23972602739726026,0.4634703196347032,0.31278538812785389,0.38356164383561642,0.23287671232876711,0.38660578386605787,-0.15372907153729076,2024,2022,2024,2024-12,MDB_TEMPORAL_2022_2024_1,MDB_ANALYTICAL_2024_2,ZERO_REGISTERED_BEDS
31001,Alfenas/Machado,MG,BR_HEALTH_REGIONS_END2024_V1,299795,898226,14.403224111964036,667,74.257480856710899,6,16,14.999999999999995,2.0013676011941492,5.3369802698510647,5.0034190029853711,0.95662100456621002,0.4360730593607306,0.48858447488584472,0.92922374429223742,0.86529680365296802,0.69634703196347036,0.76103500761034992,-0.064687975646879559,2024,2022,2024,2024-12,MDB_TEMPORAL_2022_2024_1,MDB_ANALYTICAL_2024_2,
31002,Guaxupé,MG,BR_HEALTH_REGIONS_END2024_V1,145365,435403,9.5246679809835282,396,90.950223126620628,2,0,3.8999999999999999,1.3758470058129537,0,2.6829016613352592,0.59360730593607303,0.53424657534246578,0.23287671232876711,0.31278538812785389,0.41552511415525112,0.5639269406392694,0.32039573820395734,0.24353120243531207,2024,2022,2024,2024-12,MDB_TEMPORAL_2022_2024_1,MDB_ANALYTICAL_2024_2,ZERO_REGISTERED_BEDS
31003,Itajubá,MG,BR_HEALTH_REGIONS_END2024_V1,207172,620095,11.155126739484514,282,45.476902732645804,2,0,7.25,0.96538142219991119,0,3.499507655474678,0.76027397260273977,0.22374429223744291,0.098173515981735154,0.31278538812785389,0.62328767123287676,0.49200913242009137,0.34474885844748854,0.14726027397260283,2024,2022,2024,2024-12,MDB_TEMPORAL_2022_2024_1,MDB_ANALYTICAL_2024_2,ZERO_REGISTERED_BEDS
31004,Lavras,MG,BR_HEALTH_REGIONS_END2024_V1,192850,574753,12.112570378180434,154,26.794118516997738,4,0,6.7999999999999998,2.0741508944775733,0,3.5260565206118741,0.85616438356164382,0.11643835616438356,0.5182648401826484,0.31278538812785389,0.63013698630136983,0.4863013698630137,0.48706240487062402,-0.00076103500761032228,2024,2022,2024,2024-12,MDB_TEMPORAL_2022_2024_1,MDB_ANALYTICAL_2024_2,ZERO_REGISTERED_BEDS
31006,Poços de Caldas,MG,BR_HEALTH_REGIONS_END2024_V1,243453,726453,10.431473492417698,337,46.38978708877243,4,8,6.4999999999999991,1.6430276069713663,3.2860552139427326,2.6699198613284696,0.68264840182648401,0.23515981735159816,0.36073059360730592,0.83561643835616439,0.4132420091324201,0.4589041095890411,0.5365296803652968,-0.077625570776255703,2024,2022,2024,2024-12,MDB_TEMPORAL_2022_2024_1,MDB_ANALYTICAL_2024_2,
31007,Pouso Alegre,MG,BR_HEALTH_REGIONS_END2024_V1,601775,1783528,9.2980493991256328,1667,93.466432823033898,9,15,14.350000000000001,1.4955755888828881,2.49262598147148,2.3846121889410496,0.56849315068493156,0.54794520547945202,0.28310502283105021,0.78538812785388123,0.35616438356164382,0.55821917808219179,0.47488584474885842,0.08333333333333337,2024,2022,2024,2024-12,MDB_TEMPORAL_2022_2024_1,MDB_ANALYTICAL_2024_2,
31008,São Lourenço,MG,BR_HEALTH_REGIONS_END2024_V1,264336,791235,11.941845720105487,880,111.21853810814738,11,5,9.0250000000000004,4.1613703770958175,1.8915319895890079,3.4142152412081592,0.84703196347031962,0.63013698630136983,0.91324200913242004,0.74885844748858443,0.61187214611872143,0.73858447488584478,0.75799086757990863,-0.019406392694063856,2024,2022,2024,2024-12,MDB_TEMPORAL_2022_2024_1,MDB_ANALYTICAL_2024_2,
31009,São Sebastião do Paraíso,MG,BR_HEALTH_REGIONS_END2024_V1,130172,388881,10.860387096817526,351,90.258973824897595,4,1,6.2249999999999996,3.0728574501428878,0.76821436253572195,4.782134406784869,0.73744292237442921,0.52968036529680362,0.80593607305936077,0.67808219178082196,0.83561643835616439,0.63356164383561642,0.77321156773211575,-0.13964992389649933,2024,2022,2024,2024-12,MDB_TEMPORAL_2022_2024_1,MDB_ANALYTICAL_2024_2,
31010,Três Corações,MG,BR_HEALTH_REGIONS_END2024_V1,114339,342370,13.113671203998033,74,21.614043286502906,4,0,5,3.4983688855071327,0,4.3729611068839151,0.908675799086758,0.089041095890410954,0.85844748858447484,0.31278538812785389,0.76484018264840181,0.49885844748858449,0.64535768645357683,-0.14649923896499234,2024,2022,2024,2024-12,MDB_TEMPORAL_2022_2024_1,MDB_ANALYTICAL_2024_2,ZERO_REGISTERED_BEDS
31011,Três Pontas,MG,BR_HEALTH_REGIONS_END2024_V1,127567,381938,10.773591623906524,426,111.53642737826559,3,12,5.4500000000000002,2.3517053783502004,9.4068215134008017,4.2722647706695307,0.73059360730593603,0.63470319634703198,0.61872146118721461,0.97945205479452058,0.74885844748858443,0.68264840182648401,0.78234398782343995,-0.099695585996955938,2024,2022,2024,2024-12,MDB_TEMPORAL_2022_2024_1,MDB_ANALYTICAL_2024_2,
31012,Varginha,MG,BR_HEALTH_REGIONS_END2024_V1,222756,664299,11.618109870485689,337,50.730168192335071,5,1,7.2250000000000005,2.2446084505018944,0.44892169010037891,3.2434592109752378,0.82191780821917804,0.26712328767123289,0.58447488584474883,0.65296803652968038,0.56849315068493156,0.54452054794520544,0.60197869101978696,-0.057458143074581525,2024,2022,2024,2024-12,MDB_TEMPORAL_2022_2024_1,MDB_ANALYTICAL_2024_2,
31013,Barbacena,MG,BR_HEALTH_REGIONS_END2024_V1,228489,686210,11.979719414876037,2067,301.21974322729193,6,14,18.224999999999998,2.6259469821304307,6.1272096249710062,7.9763139582211826,0.84931506849315064,0.94977168949771684,0.70776255707762559,0.94748858447488582,0.98630136986301364,0.89954337899543368,0.88051750380517502,0.019025875190258668,2024,2022,2024,2024-12,MDB_TEMPORAL_2022_2024_1,MDB_ANALYTICAL_2024_2,
31015,São João Del Rei,MG,BR_HEALTH_REGIONS_END2024_V1,244660,731719,10.814951586098951,540,73.798821678813866,5,1,4.7999999999999998,2.0436524155971552,0.40873048311943105,1.9619063189732688,0.73515981735159819,0.4269406392694064,0.5091324200913242,0.64611872146118721,0.22602739726027396,0.58105022831050235,0.46042617960426174,0.12062404870624061,2024,2022,2024,2024-12,MDB_TEMPORAL_2022_2024_1,MDB_ANALYTICAL_2024_2,
31016,Belo Horizonte/Nova Lima/Santa Luzia,MG,BR_HEALTH_REGIONS_END2024_V1,3357191,10084835,5.3690433050997273,3039,30.134355197680478,28,4,153.90000000000009,0.83403059283788139,0.11914722754826877,4.5841895799196442,0.12557077625570776,0.13926940639269406,0.059360730593607303,0.62785388127853881,0.80136986301369861,0.13242009132420091,0.49619482496194828,-0.36377473363774737,2024,2022,2024,2024-12,MDB_TEMPORAL_2022_2024_1,MDB_ANALYTICAL_2024_2,
31017,Betim,MG,BR_HEALTH_REGIONS_END2024_V1,768661,2277962,7.2751643844180514,618,27.12951313498645,12,4,40.050000000000004,1.5611563485073394,0.52038544950244647,5.210359313143246,0.31963470319634701,0.12100456621004566,0.30593607305936071,0.66210045662100458,0.88356164383561642,0.22031963470319632,0.61719939117199385,-0.39687975646879753,2024,2022,2024,2024-12,MDB_TEMPORAL_2022_2024_1,MDB_ANALYTICAL_2024_2,
31018,Contagem,MG,BR_HEALTH_REGIONS_END2024_V1,868015,2595254,3.2651864186954778,567,21.847572530472931,9,10,32.725000000000016,1.0368484415591896,1.1520538239546552,3.7700961388916108,0.011415525114155251,0.091324200913242004,0.11643835616438356,0.70319634703196343,0.67579908675799083,0.051369863013698627,0.49847792998477924,-0.44710806697108063,2024,2022,2024,2024-12,MDB_TEMPORAL_2022_2024_1,MDB_ANALYTICAL_2024_2,
31019,Curvelo,MG,BR_HEALTH_REGIONS_END2024_V1,184320,552064,11.520148700992966,310,56.152909807558551,4,5,5.8000000000000007,2.1701388888888888,2.7126736111111112,3.1467013888888893,0.80593607305936077,0.30593607305936071,0.55022831050228316,0.79680365296803657,0.54109589041095896,0.55593607305936077,0.62937595129375967,-0.073439878234398903,2024,2022,2024,2024-12,MDB_TEMPORAL_2022_2024_1,MDB_ANALYTICAL_2024_2,
31020,Guanhães,MG,BR_HEALTH_REGIONS_END2024_V1,91074,273917,6.8900678494171039,153,55.856336043400013,2,1,3.0749999999999993,2.1960164262028679,1.0980082131014339,3.3763752552869088,0.28310502283105021,0.29908675799086759,0.55936073059360736,0.69634703196347036,0.60273972602739723,0.2910958904109589,0.61948249619482498,-0.32838660578386608,2024,2022,2024,2024-12,MDB_TEMPORAL_2022_2024_1,MDB_ANALYTICAL_2024_2,
31021,Itabira,MG,BR_HEALTH_REGIONS_END2024_V1,235843,705594,8.8733342217670259,962,136.33902782620035,6,6,8.1999999999999993,2.5440653315977153,2.5440653315977153,3.4768892865168772,0.51598173515981738,0.71004566210045661,0.67808219178082196,0.79223744292237441,0.62100456621004563,0.61301369863013699,0.69710806697108063,-0.084094368340943637,2024,2022,2024,2024-12,MDB_TEMPORAL_2022_2024_1,MDB_ANALYTICAL_2024_2,
31022,Ouro Preto,MG,BR_HEALTH_REGIONS_END2024_V1,197536,588024,7.6639743491634018,383,65.133395915812955,9,10,11.974999999999994,4.556131540579945,5.0623683784221614,6.0621861331605356,0.36529680365296802,0.36986301369863012,0.93378995433789957,0.92237442922374424,0.9360730593607306,0.36757990867579904,0.93074581430745817,-0.56316590563165914,2024,2022,2024,2024-12,MDB_TEMPORAL_2022_2024_1,MDB_ANALYTICAL_2024_2,
31023,João Monlevade,MG,BR_HEALTH_REGIONS_END2024_V1,144351,431640,6.8539670201684002,220,50.968399592252808,4,1,4.4249999999999998,2.7710234082202412,0.69275585205506029,3.0654446453436415,0.27168949771689499,0.26940639269406391,0.73515981735159819,0.67579908675799083,0.52511415525114158,0.27054794520547942,0.64535768645357683,-0.37480974124809741,2024,2022,2024,2024-12,MDB_TEMPORAL_2022_2024_1,MDB_ANALYTICAL_2024_2,
31024,Sete Lagoas,MG,BR_HEALTH_REGIONS_END2024_V1,448347,1340153,8.9820231886709578,1407,104.9880125627447,7,14,8.8000000000000007,1.5612906967148212,3.1225813934296425,1.9627654472986327,0.53424657534246578,0.59817351598173518,0.30821917808219179,0.81963470319634701,0.22831050228310501,0.56621004566210043,0.45205479452054798,0.11415525114155245,2024,2022,2024,2024-12,MDB_TEMPORAL_2022_2024_1,MDB_ANALYTICAL_2024_2,
31025,Vespasiano/Lagoa Santa,MG,BR_HEALTH_REGIONS_END2024_V1,361973,1068887,5.3015972638082864,709,66.330678546937136,9,0,11.200000000000005,2.4863732930356686,0,3.0941534313332775,0.11415525114155251,0.38356164383561642,0.66210045662100458,0.31278538812785389,0.53196347031963476,0.24885844748858446,0.50228310502283102,-0.25342465753424659,2024,2022,2024,2024-12,MDB_TEMPORAL_2022_2024_1,MDB_ANALYTICAL_2024_2,ZERO_REGISTERED_BEDS
31026,Diamantina/Itamarandiba,MG,BR_HEALTH_REGIONS_END2024_V1,142349,427264,8.1084870298636957,680,159.15218693828641,2,7,6,1.4049975763791807,4.9174915173271323,4.2149927291375429,0.41552511415525112,0.75114155251141557,0.23972602739726026,0.9178082191780822,0.74200913242009137,0.58333333333333337,0.63318112633181123,-0.049847792998477858,2024,2022,2024,2024-12,MDB_TEMPORAL_2022_2024_1,MDB_ANALYTICAL_2024_2,
31027,Turmalina/Minas Novas/Capelinha,MG,BR_HEALTH_REGIONS_END2024_V1,114858,345549,12.069234366780638,1192,344.95831271397111,5,7,3.0499999999999998,4.3532013442685749,6.0944818819760052,2.6554528200038305,0.85388127853881279,0.97488584474885842,0.92237442922374424,0.94292237442922378,0.41095890410958902,0.91438356164383561,0.75875190258751901,0.1556316590563166,2024,2022,2024,2024-12,MDB_TEMPORAL_2022_2024_1,MDB_ANALYTICAL_2024_2,
31028,Bom Despacho,MG,BR_HEALTH_REGIONS_END2024_V1,110928,331029,8.4390425424762707,568,171.58617522936055,2,0,5.4249999999999998,1.8029712966969567,0,4.8905596422904951,0.46118721461187212,0.78082191780821919,0.4132420091324201,0.31278538812785389,0.85159817351598177,0.62100456621004563,0.52587519025875196,0.095129375951293671,2024,2022,2024,2024-12,MDB_TEMPORAL_2022_2024_1,MDB_ANALYTICAL_2024_2,ZERO_REGISTERED_BEDS
31030,Formiga,MG,BR_HEALTH_REGIONS_END2024_V1,125033,374131,10.436927640598723,242,64.683225928885875,2,0,3.1749999999999998,1.5995777114841683,0,2.5393296169811168,0.68493150684931503,0.36757990867579909,0.32420091324200911,0.31278538812785389,0.3995433789954338,0.52625570776255703,0.34550989345509892,0.18074581430745812,2024,2022,2024,2024-12,MDB_TEMPORAL_2022_2024_1,MDB_ANALYTICAL_2024_2,ZERO_REGISTERED_BEDS
31031,Itaúna,MG,BR_HEALTH_REGIONS_END2024_V1,137312,407620,9.7129015842081898,83,20.362101957705708,4,0,3.75,2.9130738755534842,0,2.7310067583313913,0.61872146118721461,0.082191780821917804,0.75799086757990863,0.31278538812785389,0.4315068493150685,0.3504566210045662,0.50076103500761027,-0.15030441400304406,2024,2022,2024,2024-12,MDB_TEMPORAL_2022_2024_1,MDB_ANALYTICAL_2024_2,ZERO_REGISTERED_BEDS
31032,Pará de Minas/Nova Serrana,MG,BR_HEALTH_REGIONS_END2024_V1,270470,797447,10.581948718224609,262,32.854848033787825,7,0,10.200000000000003,2.5880874034088808,0,3.771213073538656,0.69863013698630139,0.15296803652968036,0.69178082191780821,0.31278538812785389,0.67808219178082196,0.42579908675799089,0.560882800608828,-0.13508371385083712,2024,2022,2024,2024-12,MDB_TEMPORAL_2022_2024_1,MDB_ANALYTICAL_2024_2,ZERO_REGISTERED_BEDS
31034,Caratinga,MG,BR_HEALTH_REGIONS_END2024_V1,201971,605218,7.2554529496552309,938,154.9854763077106,7,0,7.7999999999999998,3.4658441063320971,0,3.8619405756271941,0.31506849315068491,0.73972602739726023,0.85616438356164382,0.31278538812785389,0.69178082191780821,0.5273972602739726,0.62024353120243525,-0.092846270928462649,2024,2022,2024,2024-12,MDB_TEMPORAL_2022_2024_1,MDB_ANALYTICAL_2024_2,ZERO_REGISTERED_BEDS
31035,Coronel Fabriciano/Timóteo,MG,BR_HEALTH_REGIONS_END2024_V1,224506,673832,9.0602621924330045,349,51.793325339253705,5,0,6.9249999999999989,2.2271119702814182,0,3.0845500788397633,0.54109589041095896,0.27853881278538811,0.56849315068493156,0.31278538812785389,0.52968036529680362,0.40981735159817356,0.47031963470319638,-0.060502283105022814,2024,2022,2024,2024-12,MDB_TEMPORAL_2022_2024_1,MDB_ANALYTICAL_2024_2,ZERO_REGISTERED_BEDS
31036,Governador Valadares,MG,BR_HEALTH_REGIONS_END2024_V1,412871,1242181,7.6139154344879989,902,72.614216446717506,6,10,11.625,1.453238420717367,2.4220640345289448,2.8156494401398984,0.36073059360730592,0.4223744292237443,0.26484018264840181,0.78082191780821919,0.4589041095890411,0.39155251141552511,0.50152207001522064,-0.10996955859969554,2024,2022,2024,2024-12,MDB_TEMPORAL_2022_2024_1,MDB_ANALYTICAL_2024_2,
31037,Ipatinga,MG,BR_HEALTH_REGIONS_END2024_V1,390444,1171399,7.5522071422585233,2322,198.22451615546882,7,11,19.100000000000001,1.7928307260452203,2.8173054266424891,4.8918666953519585,0.34931506849315069,0.84703196347031962,0.41095890410958902,0.80136986301369861,0.85388127853881279,0.59817351598173518,0.68873668188736692,-0.090563165905631737,2024,2022,2024,2024-12,MDB_TEMPORAL_2022_2024_1,MDB_ANALYTICAL_2024_2,
31038,Mantena,MG,BR_HEALTH_REGIONS_END2024_V1,65874,198469,8.8967580781068207,96,48.370274450921805,5,0,5.5750000000000002,7.5902480493062514,0,8.4631265749764708,0.52283105022831056,0.24657534246575341,0.99315068493150682,0.31278538812785389,0.9908675799086758,0.38470319634703198,0.76560121765601219,-0.38089802130898021,2024,2022,2024,2024-12,MDB_TEMPORAL_2022_2024_1,MDB_ANALYTICAL_2024_2,ZERO_REGISTERED_BEDS
31040,Resplendor,MG,BR_HEALTH_REGIONS_END2024_V1,83944,252280,6.8795848165140097,461,182.73347074678927,4,5,1.8999999999999999,4.7650814828933576,5.9563518536166962,2.2634137043743445,0.27625570776255709,0.81050228310502281,0.94748858447488582,0.93835616438356162,0.31506849315068491,0.54337899543378998,0.73363774733637743,-0.19025875190258745,2024,2022,2024,2024-12,MDB_TEMPORAL_2022_2024_1,MDB_ANALYTICAL_2024_2,
31041,Além Paraíba,MG,BR_HEALTH_REGIONS_END2024_V1,53299,160524,6.0935592269754322,187,116.49348384042261,2,1,3.8999999999999999,3.7524156175538006,1.8762078087769003,7.3172104542299108,0.19406392694063926,0.66666666666666663,0.88584474885844744,0.74657534246575341,0.97716894977168944,0.43036529680365293,0.86986301369863017,-0.43949771689497724,2024,2022,2024,2024-12,MDB_TEMPORAL_2022_2024_1,MDB_ANALYTICAL_2024_2,
31042,Carangola,MG,BR_HEALTH_REGIONS_END2024_V1,130694,391157,5.799410390654316,819,209.37884276645951,7,9,4.2750000000000004,5.3560224646885084,6.8863145974566553,3.270999433791911,0.16894977168949771,0.86986301369863017,0.97488584474885842,0.9634703196347032,0.57534246575342463,0.51940639269406397,0.83789954337899542,-0.31849315068493145,2024,2022,2024,2024-12,MDB_TEMPORAL_2022_2024_1,MDB_ANALYTICAL_2024_2,
31044,Leopoldina/Cataguases,MG,BR_HEALTH_REGIONS_END2024_V1,174503,524460,6.5566627479982316,655,124.89036342142396,5,8,7.5750000000000002,2.865280253061552,4.5844484048984828,4.3408995833882518,0.24657534246575341,0.67808219178082196,0.74657534246575341,0.908675799086758,0.75570776255707761,0.46232876712328769,0.80365296803652964,-0.34132420091324195,2024,2022,2024,2024-12,MDB_TEMPORAL_2022_2024_1,MDB_ANALYTICAL_2024_2,
31045,Muriaé,MG,BR_HEALTH_REGIONS_END2024_V1,171229,512956,8.1817052096140053,1420,276.82686234296898,6,8,10.975000000000001,3.5040793323560844,4.6721057764747798,6.4095451121013394,0.42465753424657532,0.93835616438356162,0.86073059360730597,0.91324200913242004,0.94748858447488582,0.68150684931506844,0.90715372907153735,-0.22564687975646891,2024,2022,2024,2024-12,MDB_TEMPORAL_2022_2024_1,MDB_ANALYTICAL_2024_2,
31046,Santos Dumont,MG,BR_HEALTH_REGIONS_END2024_V1,47549,143521,8.849803908189541,13,9.057907901979501,1,0,1.05,2.1030936507602687,0,2.2082483332982816,0.5091324200913242,0.025114155251141551,0.5273972602739726,0.31278538812785389,0.30136986301369861,0.26712328767123289,0.38051750380517496,-0.11339421613394207,2024,2022,2024,2024-12,MDB_TEMPORAL_2022_2024_1,MDB_ANALYTICAL_2024_2,ZERO_REGISTERED_BEDS
31047,São João Nepomuceno/Bicas,MG,BR_HEALTH_REGIONS_END2024_V1,73780,220542,8.4011344130677834,75,34.00712789400658,1,0,1.8500000000000001,1.3553808620222283,0,2.5074545947411226,0.454337899543379,0.15981735159817351,0.20547945205479451,0.31278538812785389,0.38127853881278539,0.30707762557077622,0.29984779299847791,0.0072298325722983114,2024,2022,2024,2024-12,MDB_TEMPORAL_2022_2024_1,MDB_ANALYTICAL_2024_2,ZERO_REGISTERED_BEDS
31048,Ubá,MG,BR_HEALTH_REGIONS_END2024_V1,308774,924367,8.903152618732241,1070,115.75488956226259,10,13,13.999999999999998,3.2386146501972313,4.2101990452564007,4.5340605102761238,0.5273972602739726,0.65981735159817356,0.82876712328767121,0.88584474885844744,0.78995433789954339,0.59360730593607314,0.8348554033485539,-0.24124809741248077,2024,2022,2024,2024-12,MDB_TEMPORAL_2022_2024_1,MDB_ANALYTICAL_2024_2,
31050,Coração de Jesus,MG,BR_HEALTH_REGIONS_END2024_V1,44898,135331,13.166604716873245,203,150.00258625148712,2,3,4.5250000000000004,4.4545414049623586,6.6818121074435384,10.078399928727338,0.91095890410958902,0.72602739726027399,0.92922374429223742,0.954337899543379,0.99771689497716898,0.81849315068493156,0.9604261796042618,-0.14193302891933024,2024,2022,2024,2024-12,MDB_TEMPORAL_2022_2024_1,MDB_ANALYTICAL_2024_2,
31051,Francisco Sá,MG,BR_HEALTH_REGIONS_END2024_V1,66924,201839,7.7587580614785878,400,198.17775553782965,4,6,2.125,5.97692905385213,8.9653935807781959,3.1752435598589441,0.37671232876712329,0.84474885844748859,0.9817351598173516,0.97488584474885842,0.545662100456621,0.61073059360730597,0.83409436834094375,-0.22336377473363778,2024,2022,2024,2024-12,MDB_TEMPORAL_2022_2024_1,MDB_ANALYTICAL_2024_2,
31052,Janaúba/Monte Azul,MG,BR_HEALTH_REGIONS_END2024_V1,273833,821178,9.3398994510716289,893,108.74621580217688,12,8,7.7000000000000002,4.3822329668082372,2.9214886445388251,2.8119328203686189,0.5730593607305936,0.61643835616438358,0.92465753424657537,0.80365296803652964,0.45662100456621002,0.59474885844748859,0.72831050228310501,-0.13356164383561642,2024,2022,2024,2024-12,MDB_TEMPORAL_2022_2024_1,MDB_ANALYTICAL_2024_2,
31053,Januária,MG,BR_HEALTH_REGIONS_END2024_V1,113138,339858,11.022264339282239,24,7.0617728580760195,3,0,2,2.6516289840725484,0,1.7677526560483658,0.75342465753424659,0.013698630136986301,0.71461187214611877,0.31278538812785389,0.16666666666666666,0.38356164383561642,0.39802130898021315,-0.014459665144596734,2024,2022,2024,2024-12,MDB_TEMPORAL_2022_2024_1,MDB_ANALYTICAL_2024_2,ZERO_REGISTERED_BEDS
31055,Pirapora,MG,BR_HEALTH_REGIONS_END2024_V1,137220,412532,10.321825177294597,120,29.088652516653251,7,0,3.4500000000000002,5.1012971869989796,0,2.5142107564494975,0.67351598173515981,0.13242009132420091,0.9634703196347032,0.31278538812785389,0.38812785388127852,0.40296803652968038,0.5547945205479452,-0.15182648401826482,2024,2022,2024,2024-12,MDB_TEMPORAL_2022_2024_1,MDB_ANALYTICAL_2024_2,ZERO_REGISTERED_BEDS
31057,Patos de Minas,MG,BR_HEALTH_REGIONS_END2024_V1,279735,832443,14.192163985491808,271,32.554781528585139,7,0,6.3250000000000011,2.5023683128675351,0,2.2610685112695945,0.954337899543379,0.15068493150684931,0.66894977168949776,0.31278538812785389,0.31278538812785389,0.55251141552511418,0.4315068493150685,0.12100456621004568,2024,2022,2024,2024-12,MDB_TEMPORAL_2022_2024_1,MDB_ANALYTICAL_2024_2,ZERO_REGISTERED_BEDS
31058,Unaí/Paracatu,MG,BR_HEALTH_REGIONS_END2024_V1,282380,841967,10.571136839737127,296,35.155772138337966,6,0,8.9749999999999996,2.1247963736808555,0,3.1783412422976132,0.69634703196347036,0.16666666666666666,0.54109589041095896,0.31278538812785389,0.55022831050228316,0.4315068493150685,0.4680365296803653,-0.036529680365296802,2024,2022,2024,2024-12,MDB_TEMPORAL_2022_2024_1,MDB_ANALYTICAL_2024_2,ZERO_REGISTERED_BEDS
31059,Manhuaçu,MG,BR_HEALTH_REGIONS_END2024_V1,360552,1075222,6.7464285370414272,604,56.174445835371671,14,12,13.800000000000002,3.8829350551376778,3.3282300472608664,3.8274645543499974,0.26027397260273971,0.30821917808219179,0.89269406392694062,0.83789954337899542,0.68949771689497719,0.28424657534246578,0.80669710806697115,-0.52245053272450537,2024,2022,2024,2024-12,MDB_TEMPORAL_2022_2024_1,MDB_ANALYTICAL_2024_2,
31060,Ponte Nova,MG,BR_HEALTH_REGIONS_END2024_V1,211880,636675,8.2729283237164601,150,23.559901048415597,5,0,4.4249999999999998,2.3598263167830846,0,2.0884462903530299,0.4360730593607306,0.1004566210045662,0.62328767123287676,0.31278538812785389,0.24885844748858446,0.2682648401826484,0.3949771689497717,-0.12671232876712329,2024,2022,2024,2024-12,MDB_TEMPORAL_2022_2024_1,MDB_ANALYTICAL_2024_2,ZERO_REGISTERED_BEDS
31061,Viçosa,MG,BR_HEALTH_REGIONS_END2024_V1,138503,414724,10.756332423209368,551,132.85944387110465,6,10,4.8749999999999991,4.3320361291813176,7.2200602153021949,3.51977935495982,0.72602739726027399,0.70319634703196343,0.92009132420091322,0.96575342465753422,0.62785388127853881,0.71461187214611877,0.8378995433789953,-0.12328767123287654,2024,2022,2024,2024-12,MDB_TEMPORAL_2022_2024_1,MDB_ANALYTICAL_2024_2,
31062,Águas Formosas,MG,BR_HEALTH_REGIONS_END2024_V1,56636,170617,3.8038319594828631,102,59.78302279374271,3,2,2.1000000000000001,5.2969842503001621,3.5313228335334417,3.7078889752101136,0.029680365296803651,0.33561643835616439,0.9726027397260274,0.84931506849315064,0.65753424657534243,0.18264840182648401,0.82648401826484008,-0.64383561643835607,2024,2022,2024,2024-12,MDB_TEMPORAL_2022_2024_1,MDB_ANALYTICAL_2024_2,SMALL_SUICIDE_COUNT
31064,Araçuaí,MG,BR_HEALTH_REGIONS_END2024_V1,78501,238038,3.2752146059930256,326,136.95292348280526,5,4,2.8500000000000001,6.3693456134316762,5.0954764907453409,3.6305269996560554,0.013698630136986301,0.71461187214611877,0.98630136986301364,0.92465753424657537,0.64383561643835618,0.36415525114155256,0.85159817351598166,-0.4874429223744291,2024,2022,2024,2024-12,MDB_TEMPORAL_2022_2024_1,MDB_ANALYTICAL_2024_2,SMALL_SUICIDE_COUNT
31065,Itaobim,MG,BR_HEALTH_REGIONS_END2024_V1,75981,229736,3.7655071213686506,90,39.17540133022252,5,2,3.4500000000000002,6.5805925165501904,2.632237006620076,4.540608836419632,0.027397260273972601,0.18721461187214611,0.98858447488584478,0.79452054794520544,0.79223744292237441,0.10730593607305935,0.85844748858447495,-0.75114155251141557,2024,2022,2024,2024-12,MDB_TEMPORAL_2022_2024_1,MDB_ANALYTICAL_2024_2,SMALL_SUICIDE_COUNT
31066,Nanuque,MG,BR_HEALTH_REGIONS_END2024_V1,61342,186078,1.7772750817885656,155,83.298401745504563,2,0,2.9499999999999997,3.2604088552704513,0,4.8091030615239152,0.0022831050228310501,0.4863013698630137,0.83333333333333337,0.31278538812785389,0.83789954337899542,0.24429223744292239,0.66133942161339421,-0.41704718417047182,2024,2022,2024,2024-12,MDB_TEMPORAL_2022_2024_1,MDB_ANALYTICAL_2024_2,SMALL_SUICIDE_COUNT|ZERO_REGISTERED_BEDS
31067,Padre Paraíso,MG,BR_HEALTH_REGIONS_END2024_V1,54966,166411,6.4766932949576397,90,54.082963265649504,3,1,1.8,5.4579194411090493,1.819306480369683,3.2747516646654296,0.23515981735159816,0.29452054794520549,0.97716894977168944,0.74200913242009137,0.57762557077625576,0.26484018264840181,0.76560121765601219,-0.50076103500761038,2024,2022,2024,2024-12,MDB_TEMPORAL_2022_2024_1,MDB_ANALYTICAL_2024_2,
31068,Pedra azul,MG,BR_HEALTH_REGIONS_END2024_V1,65916,197193,8.0009137996043016,80,40.569391408417133,6,0,3.2250000000000001,9.1024940833788452,0,4.8925905698161296,0.3995433789954338,0.19406392694063926,1,0.31278538812785389,0.85616438356164382,0.29680365296803651,0.72298325722983259,-0.42617960426179607,2024,2022,2024,2024-12,MDB_TEMPORAL_2022_2024_1,MDB_ANALYTICAL_2024_2,ZERO_REGISTERED_BEDS
31070,Araxá,MG,BR_HEALTH_REGIONS_END2024_V1,199096,590535,10.28166578679142,389,65.872471572387752,4,0,6.7249999999999996,2.0090810463294089,0,3.3777675091413184,0.66210045662100458,0.38127853881278539,0.4908675799086758,0.31278538812785389,0.60502283105022836,0.52168949771689499,0.469558599695586,0.052130898021308991,2024,2022,2024,2024-12,MDB_TEMPORAL_2022_2024_1,MDB_ANALYTICAL_2024_2,ZERO_REGISTERED_BEDS
31071,Frutal/Iturama,MG,BR_HEALTH_REGIONS_END2024_V1,178347,531848,10.546502341702253,279,52.45859719318301,3,0,7.0249999999999995,1.6821140809769719,0,3.9389504729544087,0.69178082191780821,0.28310502283105021,0.37442922374429222,0.31278538812785389,0.70776255707762559,0.48744292237442921,0.4649923896499239,0.022450532724505312,2024,2022,2024,2024-12,MDB_TEMPORAL_2022_2024_1,MDB_ANALYTICAL_2024_2,ZERO_REGISTERED_BEDS
31072,Uberaba,MG,BR_HEALTH_REGIONS_END2024_V1,444332,1318134,7.6049442605911404,2503,189.88964703133368,6,6,16.549999999999997,1.3503416364340177,1.3503416364340177,3.724692347163832,0.35388127853881279,0.81963470319634701,0.20319634703196346,0.71232876712328763,0.66666666666666663,0.58675799086757996,0.5273972602739726,0.059360730593607358,2024,2022,2024,2024-12,MDB_TEMPORAL_2022_2024_1,MDB_ANALYTICAL_2024_2,
31073,Ituiutaba,MG,BR_HEALTH_REGIONS_END2024_V1,193858,580452,10.761522676840066,1185,204.15124764838438,3,0,4.0750000000000002,1.5475244766788061,0,2.1020540808220449,0.72831050228310501,0.85844748858447484,0.30365296803652969,0.31278538812785389,0.25799086757990869,0.79337899543378998,0.29147640791476409,0.50190258751902594,2024,2022,2024,2024-12,MDB_TEMPORAL_2022_2024_1,MDB_ANALYTICAL_2024_2,ZERO_REGISTERED_BEDS
31074,Patrocínio/Monte Carmelo,MG,BR_HEALTH_REGIONS_END2024_V1,200668,599167,11.772925362366552,672,112.15570951003643,4,15,6.4749999999999996,1.9933422369286584,7.4750333884824682,3.226722746028265,0.83333333333333337,0.64383561643835618,0.4817351598173516,0.96803652968036524,0.56164383561643838,0.73858447488584478,0.67047184170471841,0.06811263318112637,2024,2022,2024,2024-12,MDB_TEMPORAL_2022_2024_1,MDB_ANALYTICAL_2024_2,
31075,Uberlândia/Araguari,MG,BR_HEALTH_REGIONS_END2024_V1,987668,2928960,8.8309103786154388,3063,104.57636840380204,12,35,46.374999999999929,1.2149831724830611,3.5437009197422613,4.6954037186584889,0.50456621004566216,0.591324200913242,0.16210045662100456,0.85159817351598177,0.82648401826484019,0.54794520547945202,0.61339421613394218,-0.065449010654490158,2024,2022,2024,2024-12,MDB_TEMPORAL_2022_2024_1,MDB_ANALYTICAL_2024_2,
31076,Manga,MG,BR_HEALTH_REGIONS_END2024_V1,56755,170694,13.938482280386964,260,152.31935510328424,4,0,1.5,7.0478371949607963,0,2.6429389481102987,0.94748858447488582,0.73059360730593603,0.9908675799086758,0.31278538812785389,0.408675799086758,0.83904109589041087,0.57077625570776258,0.26826484018264829,2024,2022,2024,2024-12,MDB_TEMPORAL_2022_2024_1,MDB_ANALYTICAL_2024_2,ZERO_REGISTERED_BEDS
31077,João Pinheiro,MG,BR_HEALTH_REGIONS_END2024_V1,73174,218647,13.778556889636196,25,11.433955188042827,1,0,2.25,1.3666056249487524,0,3.0748626561346923,0.9360730593607306,0.041095890410958902,0.21461187214611871,0.31278538812785389,0.5273972602739726,0.48858447488584478,0.35159817351598172,0.13698630136986306,2024,2022,2024,2024-12,MDB_TEMPORAL_2022_2024_1,MDB_ANALYTICAL_2024_2,ZERO_REGISTERED_BEDS
31078,Congonhas,MG,BR_HEALTH_REGIONS_END2024_V1,128978,384555,8.5688631478952857,359,93.35465668109893,4,1,9.8999999999999986,3.1013040983733662,0.77532602459334155,7.6757276434740804,0.4726027397260274,0.545662100456621,0.81506849315068497,0.68264840182648401,0.98401826484018262,0.5091324200913242,0.82724505327245046,-0.31811263318112626,2024,2022,2024,2024-12,MDB_TEMPORAL_2022_2024_1,MDB_ANALYTICAL_2024_2,
31079,Conselheiro Lafaiete,MG,BR_HEALTH_REGIONS_END2024_V1,193784,578130,8.1883777488418588,127,21.967377579437152,4,6,5.3000000000000007,2.0641539033150309,3.0962308549725468,2.7350039218924165,0.4269406392694064,0.093607305936073054,0.51369863013698636,0.81735159817351599,0.43378995433789952,0.26027397260273971,0.5882800608828006,-0.32800608828006089,2024,2022,2024,2024-12,MDB_TEMPORAL_2022_2024_1,MDB_ANALYTICAL_2024_2,
31082,São Gotardo,MG,BR_HEALTH_REGIONS_END2024_V1,106580,316380,18.226105208883322,168,53.100701687843738,2,0,3.0750000000000006,1.8765246762994934,0,2.8851566898104712,0.9908675799086758,0.28767123287671231,0.43835616438356162,0.31278538812785389,0.4817351598173516,0.63926940639269403,0.41095890410958907,0.22831050228310495,2024,2022,2024,2024-12,MDB_TEMPORAL_2022_2024_1,MDB_ANALYTICAL_2024_2,ZERO_REGISTERED_BEDS
31083,Bocaiúva,MG,BR_HEALTH_REGIONS_END2024_V1,75257,225638,8.7261398464447417,278,123.20619753764879,2,4,1.4750000000000001,2.6575600940776272,5.3151201881552543,1.9599505693822503,0.49315068493150682,0.67351598173515981,0.71689497716894979,0.9269406392694064,0.22146118721461186,0.58333333333333326,0.62176560121765601,-0.038432267884322746,2024,2022,2024,2024-12,MDB_TEMPORAL_2022_2024_1,MDB_ANALYTICAL_2024_2,
31084,Montes Claros,MG,BR_HEALTH_REGIONS_END2024_V1,466680,1390665,7.4116824495287039,3122,224.4969133472116,5,16,30.000000000000007,1.0713979600582839,3.4284734721865084,6.4283877603497057,0.33105022831050229,0.89497716894977164,0.12100456621004566,0.84246575342465757,0.95205479452054798,0.61301369863013699,0.63850837138508376,-0.025494672754946768,2024,2022,2024,2024-12,MDB_TEMPORAL_2022_2024_1,MDB_ANALYTICAL_2024_2,
31085,Taiobeiras,MG,BR_HEALTH_REGIONS_END2024_V1,135769,406941,4.8741768186837868,335,82.321515895424639,5,0,3.6499999999999995,3.6827258063328152,0,2.6883898386229546,0.082191780821917804,0.4771689497716895,0.87671232876712324,0.31278538812785389,0.4178082191780822,0.27968036529680362,0.53576864535768642,-0.2560882800608828,2024,2022,2024,2024-12,MDB_TEMPORAL_2022_2024_1,MDB_ANALYTICAL_2024_2,ZERO_REGISTERED_BEDS
31086,Divinópolis,MG,BR_HEALTH_REGIONS_END2024_V1,363859,1082659,9.0384405747797896,540,49.877200485101966,5,1,8.5249999999999986,1.3741586713534639,0.2748317342706928,2.3429405346576555,0.53881278538812782,0.26255707762557079,0.22831050228310501,0.64155251141552516,0.34703196347031962,0.40068493150684931,0.40563165905631654,-0.0049467275494672336,2024,2022,2024,2024-12,MDB_TEMPORAL_2022_2024_1,MDB_ANALYTICAL_2024_2,
31087,Lagoa da Prata/Santo Antônio do Monte,MG,BR_HEALTH_REGIONS_END2024_V1,134193,399343,11.335414614040591,93,23.288250952188971,3,0,2.875,2.2355860588853371,0,2.1424366397651147,0.77853881278538817,0.098173515981735154,0.57534246575342463,0.31278538812785389,0.28310502283105021,0.43835616438356168,0.3904109589041096,0.04794520547945208,2024,2022,2024,2024-12,MDB_TEMPORAL_2022_2024_1,MDB_ANALYTICAL_2024_2,ZERO_REGISTERED_BEDS
31088,Oliveira/Santo Antônio do Amparo,MG,BR_HEALTH_REGIONS_END2024_V1,102969,308818,10.691332686826522,154,49.867559533446887,5,0,5.2500000000000009,4.8558303955559436,0,5.0986219153337418,0.71917808219178081,0.26027397260273971,0.954337899543379,0.31278538812785389,0.87214611872146119,0.48972602739726023,0.71308980213089812,-0.22336377473363789,2024,2022,2024,2024-12,MDB_TEMPORAL_2022_2024_1,MDB_ANALYTICAL_2024_2,ZERO_REGISTERED_BEDS
31089,Campo Belo,MG,BR_HEALTH_REGIONS_END2024_V1,97733,293044,12.970000400421341,167,56.98802910143187,3,0,4.25,3.0695875497528982,0,4.3485823621499389,0.89726027397260277,0.31963470319634701,0.80365296803652964,0.31278538812785389,0.75799086757990863,0.60844748858447484,0.62480974124809741,-0.016362252663622567,2024,2022,2024,2024-12,MDB_TEMPORAL_2022_2024_1,MDB_ANALYTICAL_2024_2,ZERO_REGISTERED_BEDS
31090,Lima Duarte,MG,BR_HEALTH_REGIONS_END2024_V1,72927,218608,11.186113479155866,58,26.531508453487522,3,0,4.375,4.1137027438397302,0,5.9991498347662731,0.76712328767123283,0.11415525114155251,0.908675799086758,0.31278538812785389,0.92922374429223742,0.44063926940639264,0.71689497716894979,-0.27625570776255715,2024,2022,2024,2024-12,MDB_TEMPORAL_2022_2024_1,MDB_ANALYTICAL_2024_2,ZERO_REGISTERED_BEDS
31091,Cássia,MG,BR_HEALTH_REGIONS_END2024_V1,48741,146145,11.604491460366429,270,184.74802422251872,2,2,2.2000000000000002,4.1033216388666629,4.1033216388666629,4.5136538027533293,0.81735159817351599,0.81506849315068497,0.90639269406392697,0.87899543378995437,0.78538812785388123,0.81621004566210043,0.8569254185692543,-0.040715372907153879,2024,2022,2024,2024-12,MDB_TEMPORAL_2022_2024_1,MDB_ANALYTICAL_2024_2,
31092,Passos,MG,BR_HEALTH_REGIONS_END2024_V1,212298,634792,13.764465422263999,486,76.560511159560932,6,0,8.3249999999999993,2.826215979425148,0,3.921374671452392,0.93378995433789957,0.44748858447488582,0.73972602739726023,0.31278538812785389,0.70319634703196343,0.69063926940639275,0.5852359208523592,0.10540334855403355,2024,2022,2024,2024-12,MDB_TEMPORAL_2022_2024_1,MDB_ANALYTICAL_2024_2,ZERO_REGISTERED_BEDS
31093,Piumhi,MG,BR_HEALTH_REGIONS_END2024_V1,82515,245838,11.43562438913953,195,79.320528152685924,3,0,7.5,3.6357025995273586,0,9.0892564988183953,0.78995433789954339,0.4589041095890411,0.87214611872146119,0.31278538812785389,0.99543378995433784,0.62442922374429222,0.72678843226788425,-0.10235920852359204,2024,2022,2024,2024-12,MDB_TEMPORAL_2022_2024_1,MDB_ANALYTICAL_2024_2,ZERO_REGISTERED_BEDS
31094,Almenara/Jacinto,MG,BR_HEALTH_REGIONS_END2024_V1,166054,499677,5.5657192989537645,351,70.245378514520382,8,7,3.7750000000000004,4.8177099015982749,4.2154961638984911,2.273356859816686,0.14611872146118721,0.40182648401826482,0.95205479452054798,0.88812785388127857,0.31963470319634701,0.27397260273972601,0.71993911719939119,-0.44596651445966518,2024,2022,2024,2024-12,MDB_TEMPORAL_2022_2024_1,MDB_ANALYTICAL_2024_2,
31095,Serro,MG,BR_HEALTH_REGIONS_END2024_V1,58934,175044,9.4303144863688502,190,108.54413747400653,2,0,3.7000000000000002,3.3936267689279531,0,6.2782095225167147,0.58447488584474883,0.61415525114155256,0.85159817351598177,0.31278538812785389,0.94063926940639264,0.59931506849315075,0.70167427701674268,-0.10235920852359193,2024,2022,2024,2024-12,MDB_TEMPORAL_2022_2024_1,MDB_ANALYTICAL_2024_2,ZERO_REGISTERED_BEDS
31096,Itambacuri,MG,BR_HEALTH_REGIONS_END2024_V1,40773,123212,4.4143122287154712,91,73.856442554296663,1,2,1.0249999999999999,2.4526034385500206,4.9052068771000412,2.5139185245137714,0.054794520547945202,0.42922374429223742,0.65068493150684936,0.91552511415525117,0.38584474885844749,0.24200913242009131,0.65068493150684936,-0.40867579908675805,2024,2022,2024,2024-12,MDB_TEMPORAL_2022_2024_1,MDB_ANALYTICAL_2024_2,SMALL_SUICIDE_COUNT
31097,Juiz de Fora,MG,BR_HEALTH_REGIONS_END2024_V1,618994,1850560,8.0323669046566089,2615,141.30857686321977,7,24,27.250000000000007,1.130867181265085,3.8772589071945771,4.4023043842105105,0.40639269406392692,0.71689497716894979,0.14840182648401826,0.87214611872146119,0.77168949771689499,0.56164383561643838,0.5974124809741248,-0.035768645357686424,2024,2022,2024,2024-12,MDB_TEMPORAL_2022_2024_1,MDB_ANALYTICAL_2024_2,
31098,Salinas,MG,BR_HEALTH_REGIONS_END2024_V1,65479,197188,10.344864604997904,444,225.16583159218612,3,3,1.375,4.5816215886009255,4.5816215886009255,2.0999098947754242,0.67579908675799083,0.89726027397260277,0.9360730593607306,0.90639269406392697,0.25342465753424659,0.7865296803652968,0.69863013698630139,0.087899543378995415,2024,2022,2024,2024-12,MDB_TEMPORAL_2022_2024_1,MDB_ANALYTICAL_2024_2,
31099,Teófilo Otoni/Malacacheta,MG,BR_HEALTH_REGIONS_END2024_V1,269205,810829,8.3736072042436351,703,86.701388332188415,7,10,10.925000000000001,2.6002488809643212,3.7146412585204582,4.0582455749336006,0.45205479452054792,0.51141552511415522,0.69634703196347036,0.86529680365296802,0.72146118721461183,0.4817351598173516,0.76103500761035014,-0.27929984779299855,2024,2022,2024,2024-12,MDB_TEMPORAL_2022_2024_1,MDB_ANALYTICAL_2024_2,
31100,São Francisco,MG,BR_HEALTH_REGIONS_END2024_V1,101226,303277,5.9166838283068444,188,61.989534320110003,2,0,0.80000000000000004,1.9757769742951417,0,0.79031078971805668,0.18036529680365296,0.35388127853881279,0.47488584474885842,0.31278538812785389,0.054794520547945202,0.26712328767123289,0.28082191780821919,-0.013698630136986301,2024,2022,2024,2024-12,MDB_TEMPORAL_2022_2024_1,MDB_ANALYTICAL_2024_2,ZERO_REGISTERED_BEDS
31101,Brasília de Minas,MG,BR_HEALTH_REGIONS_END2024_V1,126106,379004,9.7015242274511859,255,67.281611803569348,5,0,3.2000000000000002,3.9649184019792871,0,2.5375477772667439,0.61415525114155256,0.38812785388127852,0.89726027397260277,0.31278538812785389,0.39726027397260272,0.50114155251141557,0.53576864535768653,-0.034627092846270968,2024,2022,2024,2024-12,MDB_TEMPORAL_2022_2024_1,MDB_ANALYTICAL_2024_2,ZERO_REGISTERED_BEDS
31102,Peçanha/São João Evangelista/Santa Maria do,MG,BR_HEALTH_REGIONS_END2024_V1,96906,292481,3.8817882832622157,69,23.591276014510346,5,0,4.3250000000000002,5.1596392380244769,0,4.4630879408911728,0.031963470319634701,0.10273972602739725,0.96803652968036524,0.31278538812785389,0.77853881278538817,0.067351598173515978,0.68645357686453579,-0.61910197869101979,2024,2022,2024,2024-12,MDB_TEMPORAL_2022_2024_1,MDB_ANALYTICAL_2024_2,ZERO_REGISTERED_BEDS
32001,Central,ES,BR_HEALTH_REGIONS_END2024_V1,535457,1596498,7.5156687872149899,838,52.489887240698074,6,0,13.824999999999998,1.1205381571255955,0,2.5819066703768927,0.34246575342465752,0.28538812785388129,0.13698630136986301,0.31278538812785389,0.40182648401826482,0.3139269406392694,0.28386605783866053,0.030060882800608868,2024,2022,2024,2024-12,MDB_TEMPORAL_2022_2024_1,MDB_ANALYTICAL_2024_2,ZERO_REGISTERED_BEDS
32002,Metropolitana,ES,BR_HEALTH_REGIONS_END2024_V1,2441683,7269682,6.1683264123530295,3716,51.116403716146046,21,10,59.899999999999963,0.86006250606651236,0.40955357431738687,2.4532259101611453,0.19863013698630136,0.27168949771689499,0.073059360730593603,0.64840182648401823,0.36986301369863012,0.23515981735159819,0.36377473363774732,-0.12861491628614913,2024,2022,2024,2024-12,MDB_TEMPORAL_2022_2024_1,MDB_ANALYTICAL_2024_2,
32003,Norte,ES,BR_HEALTH_REGIONS_END2024_V1,428465,1280968,6.7142753913175408,1044,81.500864970865791,6,8,10.199999999999999,1.4003477530253345,1.8671303373671129,2.3805911801430688,0.25799086757990869,0.4726027397260274,0.23744292237442921,0.74429223744292239,0.35388127853881279,0.36529680365296802,0.4452054794520548,-0.079908675799086781,2024,2022,2024,2024-12,MDB_TEMPORAL_2022_2024_1,MDB_ANALYTICAL_2024_2,
32004,Sul,ES,BR_HEALTH_REGIONS_END2024_V1,696524,2081962,7.9230787536140062,2324,111.62547635355496,11,0,24.775000000000002,1.579270778896348,0,3.556948504287003,0.39726027397260272,0.63698630136986301,0.31506849315068491,0.31278538812785389,0.63698630136986301,0.51712328767123283,0.42161339421613392,0.095509893455098915,2024,2022,2024,2024-12,MDB_TEMPORAL_2022_2024_1,MDB_ANALYTICAL_2024_2,ZERO_REGISTERED_BEDS
33001,Baia da Ilha Grande,RJ,BR_HEALTH_REGIONS_END2024_V1,270358,809167,5.0151694870838774,900,111.22549486076421,5,8,12.199999999999999,1.8493996848622938,2.95903949577967,4.5125352310639961,0.10730593607305935,0.63242009132420096,0.4315068493150685,0.80821917808219179,0.78310502283105021,0.36986301369863017,0.67427701674277019,-0.30441400304414001,2024,2022,2024,2024-12,MDB_TEMPORAL_2022_2024_1,MDB_ANALYTICAL_2024_2,
33002,Baixada Litorânea,RJ,BR_HEALTH_REGIONS_END2024_V1,903171,2664751,4.4139113333223721,1643,61.656792698454751,16,2,45.525000000000034,1.7715360657062726,0.22144200821328408,5.0405737119548828,0.052511415525114152,0.35159817351598172,0.3995433789954338,0.63926940639269403,0.86986301369863017,0.20205479452054792,0.63622526636225274,-0.43417047184170482,2024,2022,2024,2024-12,MDB_TEMPORAL_2022_2024_1,MDB_ANALYTICAL_2024_2,
33003,Centro-Sul,RJ,BR_HEALTH_REGIONS_END2024_V1,336061,1008465,4.9101848129363459,886,87.856296450546125,16,31,20.824999999999999,4.7610404063547991,9.2245157873124217,6.1967916538961685,0.091324200913242004,0.5182648401826484,0.9452054794520548,0.97716894977168944,0.93835616438356162,0.3047945205479452,0.95357686453576862,-0.64878234398782342,2024,2022,2024,2024-12,MDB_TEMPORAL_2022_2024_1,MDB_ANALYTICAL_2024_2,
33004,Médio Paraíba,RJ,BR_HEALTH_REGIONS_END2024_V1,918430,2754551,5.3191786132628431,3193,115.91725838439731,24,33,51.675000000000011,2.6131550580882594,3.5930882048713566,5.6264494844462849,0.11643835616438356,0.66210045662100458,0.70091324200913241,0.85844748858447484,0.90639269406392697,0.38926940639269408,0.82191780821917815,-0.43264840182648406,2024,2022,2024,2024-12,MDB_TEMPORAL_2022_2024_1,MDB_ANALYTICAL_2024_2,
33005,Metropolitana I,RJ,BR_HEALTH_REGIONS_END2024_V1,10462484,31429041,3.5140059772861165,21941,69.811229684036505,73,67,357.60000000000076,0.69773105507258115,0.64038329712141018,3.4179263738898022,0.018264840182648401,0.3995433789954338,0.034246575342465752,0.67351598173515981,0.61415525114155256,0.2089041095890411,0.44063926940639275,-0.23173515981735165,2024,2022,2024,2024-12,MDB_TEMPORAL_2022_2024_1,MDB_ANALYTICAL_2024_2,
33006,Metropolitana II,RJ,BR_HEALTH_REGIONS_END2024_V1,2043395,6139806,4.3235907352432603,10449,170.18453026040237,20,32,82.700000000000145,0.9787632836529403,1.5660212538447047,4.0471861779049156,0.045662100456621002,0.77625570776255703,0.10273972602739725,0.72146118721461183,0.71917808219178081,0.41095890410958902,0.51445966514459662,-0.1035007610350076,2024,2022,2024,2024-12,MDB_TEMPORAL_2022_2024_1,MDB_ANALYTICAL_2024_2,
33007,Noroeste,RJ,BR_HEALTH_REGIONS_END2024_V1,353408,1058732,5.8296871100346506,2142,202.31748922295728,11,4,13.75,3.1125498007968129,1.1318362911988411,3.8906872509960158,0.17579908675799086,0.85388127853881279,0.81963470319634701,0.70091324200913241,0.69863013698630139,0.51484018264840181,0.73972602739726023,-0.22488584474885842,2024,2022,2024,2024-12,MDB_TEMPORAL_2022_2024_1,MDB_ANALYTICAL_2024_2,
33008,Norte,RJ,BR_HEALTH_REGIONS_END2024_V1,969642,2890729,6.9116632033823047,1493,51.647871523065639,15,4,37.100000000000001,1.5469626934476848,0.41252338491938256,3.8261543951272743,0.28538812785388129,0.27625570776255709,0.30136986301369861,0.65068493150684936,0.68721461187214616,0.28082191780821919,0.54642313546423138,-0.26560121765601219,2024,2022,2024,2024-12,MDB_TEMPORAL_2022_2024_1,MDB_ANALYTICAL_2024_2,
33009,Serrana,RJ,BR_HEALTH_REGIONS_END2024_V1,962730,2890010,7.1204630556954802,7244,250.65657212258782,21,12,46.300000000000011,2.181296936835873,1.2464553924776416,4.8092403893095685,0.30136986301369861,0.9178082191780822,0.55251141552511418,0.70776255707762559,0.84018264840182644,0.6095890410958904,0.70015220700152214,-0.090563165905631737,2024,2022,2024,2024-12,MDB_TEMPORAL_2022_2024_1,MDB_ANALYTICAL_2024_2,
35011,Alto do Tietê,SP,BR_HEALTH_REGIONS_END2024_V1,3029710,9057333,4.4915079651196752,7896,87.17798053797955,23,17,96.274999999999835,0.7591485653742438,0.56110980918965836,3.1776968752784867,0.059360730593607303,0.51369863013698636,0.043378995433789952,0.66666666666666663,0.54794520547945202,0.2865296803652968,0.4193302891933029,-0.13280060882800609,2024,2022,2024,2024-12,MDB_TEMPORAL_2022_2024_1,MDB_ANALYTICAL_2024_2,
35012,Franco da Rocha,SP,BR_HEALTH_REGIONS_END2024_V1,613912,1828546,6.1814589806604072,3332,182.22128401473083,13,0,31.625000000000011,2.1175673386413685,0,5.1513897757333318,0.20547945205479451,0.80821917808219179,0.5365296803652968,0.31278538812785389,0.87899543378995437,0.50684931506849318,0.576103500761035,-0.069254185692541825,2024,2022,2024,2024-12,MDB_TEMPORAL_2022_2024_1,MDB_ANALYTICAL_2024_2,ZERO_REGISTERED_BEDS
35013,Mananciais,SP,BR_HEALTH_REGIONS_END2024_V1,1159902,3458585,3.063802360880052,2912,84.196282583773424,13,0,40.150000000000006,1.1207843421254553,0,3.461499333564388,0.0091324200913242004,0.49315068493150682,0.13926940639269406,0.31278538812785389,0.61872146118721461,0.25114155251141551,0.35692541856925414,-0.10578386605783863,2024,2022,2024,2024-12,MDB_TEMPORAL_2022_2024_1,MDB_ANALYTICAL_2024_2,ZERO_REGISTERED_BEDS
35014,Rota dos Bandeirantes,SP,BR_HEALTH_REGIONS_END2024_V1,2030842,6050753,5.591149593461604,3634,60.058640635306055,16,0,68.449999999999974,0.78785055656717751,0,3.3705231623139551,0.14840182648401826,0.34018264840182649,0.050228310502283102,0.31278538812785389,0.6004566210045662,0.24429223744292239,0.32115677321156771,-0.076864535768645326,2024,2022,2024,2024-12,MDB_TEMPORAL_2022_2024_1,MDB_ANALYTICAL_2024_2,ZERO_REGISTERED_BEDS
35015,Grande ABC,SP,BR_HEALTH_REGIONS_END2024_V1,2789011,8360563,4.9578043774269931,7589,90.771399007459181,29,31,157.17500000000038,1.0397951101662919,1.1115051177639672,5.6355102220823214,0.1004566210045662,0.53196347031963476,0.11872146118721461,0.69863013698630139,0.908675799086758,0.31621004566210048,0.57534246575342463,-0.25913242009132414,2024,2022,2024,2024-12,MDB_TEMPORAL_2022_2024_1,MDB_ANALYTICAL_2024_2,
35016,São Paulo,SP,BR_HEALTH_REGIONS_END2024_V1,11895578,35776900,1.5963216265073463,34652,96.855792424720974,106,17,806.02499999999668,0.89108742761385784,0.142910247824864,6.7758372060609142,0,0.56621004566210043,0.079908675799086754,0.63013698630136983,0.96118721461187218,0.28310502283105021,0.55707762557077622,-0.27397260273972601,2024,2022,2024,2024-12,MDB_TEMPORAL_2022_2024_1,MDB_ANALYTICAL_2024_2,
35021,Central do DRS II,SP,BR_HEALTH_REGIONS_END2024_V1,307837,920779,7.6137400472739554,751,81.561373576069826,5,0,8.6750000000000007,1.6242362029255744,0,2.8180498120758717,0.35844748858447489,0.47488584474885842,0.34703196347031962,0.31278538812785389,0.4634703196347032,0.41666666666666663,0.37442922374429227,0.042237442922374357,2024,2022,2024,2024-12,MDB_TEMPORAL_2022_2024_1,MDB_ANALYTICAL_2024_2,ZERO_REGISTERED_BEDS
35022,Lagos do DRS II,SP,BR_HEALTH_REGIONS_END2024_V1,202154,606800,8.9022667270626208,523,86.189848384970347,5,0,9.25,2.4733618924186511,0,4.5757195009745049,0.52511415525114158,0.50684931506849318,0.65753424657534243,0.31278538812785389,0.79680365296803657,0.51598173515981738,0.58904109589041098,-0.073059360730593603,2024,2022,2024,2024-12,MDB_TEMPORAL_2022_2024_1,MDB_ANALYTICAL_2024_2,ZERO_REGISTERED_BEDS
35023,Consórcios do DRS II,SP,BR_HEALTH_REGIONS_END2024_V1,270636,810697,8.3491947101309734,900,111.01558288731796,3,0,6.0999999999999996,1.1084999778300004,0,2.2539499549210009,0.44748858447488582,0.62328767123287676,0.13013698630136986,0.31278538812785389,0.30821917808219179,0.53538812785388123,0.25038051750380519,0.28500761035007605,2024,2022,2024,2024-12,MDB_TEMPORAL_2022_2024_1,MDB_ANALYTICAL_2024_2,ZERO_REGISTERED_BEDS
35031,Central do DRS III,SP,BR_HEALTH_REGIONS_END2024_V1,326131,973540,9.6030575799272029,828,85.050434496784931,3,0,9.2249999999999996,0.91987575544796407,0,2.8286179480024898,0.6004566210045662,0.5,0.084474885844748854,0.31278538812785389,0.4680365296803653,0.55022831050228316,0.28843226788432269,0.26179604261796047,2024,2022,2024,2024-12,MDB_TEMPORAL_2022_2024_1,MDB_ANALYTICAL_2024_2,ZERO_REGISTERED_BEDS
35032,Coração do DRS III,SP,BR_HEALTH_REGIONS_END2024_V1,404231,1207258,7.5158365864023953,870,72.064132107635658,5,8,10.974999999999996,1.236916515556699,1.9790664248907186,2.7150317516469533,0.34474885844748859,0.41552511415525112,0.17123287671232876,0.75114155251141557,0.42465753424657532,0.38013698630136983,0.44901065449010652,-0.068873668188736692,2024,2022,2024,2024-12,MDB_TEMPORAL_2022_2024_1,MDB_ANALYTICAL_2024_2,
35033,Noroeste do DRS III,SP,BR_HEALTH_REGIONS_END2024_V1,293725,881749,10.292483782655383,894,101.38939766305378,7,13,8.5500000000000007,2.3831815473657332,4.4259085879649334,2.9108860328538602,0.66438356164383561,0.58447488584474883,0.63470319634703198,0.8995433789954338,0.48858447488584472,0.62442922374429222,0.67427701674277019,-0.049847792998477969,2024,2022,2024,2024-12,MDB_TEMPORAL_2022_2024_1,MDB_ANALYTICAL_2024_2,
35041,Baixada Santista,SP,BR_HEALTH_REGIONS_END2024_V1,1862976,5569605,7.2653317366494594,5023,90.185928804645926,30,9,92.749999999999986,1.6103267030815214,0.48309801092445637,4.978593390360369,0.31735159817351599,0.5273972602739726,0.33561643835616439,0.65753424657534243,0.86073059360730597,0.4223744292237443,0.61796042617960423,-0.19558599695585993,2024,2022,2024,2024-12,MDB_TEMPORAL_2022_2024_1,MDB_ANALYTICAL_2024_2,
35051,Norte - Barretos,SP,BR_HEALTH_REGIONS_END2024_V1,293618,878581,7.8343736847832872,1024,116.55157577958094,3,20,19.950000000000003,1.0217357246490337,6.8115714976602248,6.7945425689160759,0.38127853881278539,0.66894977168949776,0.11415525114155251,0.96118721461187218,0.9634703196347032,0.52511415525114158,0.67960426179604261,-0.15449010654490103,2024,2022,2024,2024-12,MDB_TEMPORAL_2022_2024_1,MDB_ANALYTICAL_2024_2,
35052,Sul - Barretos,SP,BR_HEALTH_REGIONS_END2024_V1,145702,437615,7.1131824463822548,267,61.012533848245603,2,0,7.8000000000000007,1.3726647540871093,0,5.3533925409397272,0.29680365296803651,0.34931506849315069,0.22602739726027396,0.31278538812785389,0.88812785388127857,0.3230593607305936,0.4756468797564688,-0.1525875190258752,2024,2022,2024,2024-12,MDB_TEMPORAL_2022_2024_1,MDB_ANALYTICAL_2024_2,ZERO_REGISTERED_BEDS
35061,Vale do Jurumirim,SP,BR_HEALTH_REGIONS_END2024_V1,311907,931538,11.451546574674611,1082,116.15199809347553,5,0,9.1750000000000007,1.6030419323708671,0,2.9415819459005412,0.79908675799086759,0.66438356164383561,0.32876712328767121,0.31278538812785389,0.4908675799086758,0.7317351598173516,0.37747336377473362,0.35426179604261798,2024,2022,2024,2024-12,MDB_TEMPORAL_2022_2024_1,MDB_ANALYTICAL_2024_2,ZERO_REGISTERED_BEDS
35062,Bauru,SP,BR_HEALTH_REGIONS_END2024_V1,663941,1984522,7.5495890452595242,2621,132.072106028555,12,0,20.875000000000007,1.8073895120198935,0,3.1441046719512737,0.34703196347031962,0.70091324200913241,0.41552511415525112,0.31278538812785389,0.5365296803652968,0.52397260273972601,0.42161339421613392,0.10235920852359209,2024,2022,2024,2024-12,MDB_TEMPORAL_2022_2024_1,MDB_ANALYTICAL_2024_2,ZERO_REGISTERED_BEDS
35063,Polo Cuesta,SP,BR_HEALTH_REGIONS_END2024_V1,311569,931383,10.31619319295409,1526,163.84237204243581,6,0,27.400000000000009,1.9257371561355592,0,8.7941996796857236,0.66894977168949776,0.76255707762557079,0.454337899543379,0.31278538812785389,0.99315068493150682,0.71575342465753433,0.58675799086757985,0.12899543378995448,2024,2022,2024,2024-12,MDB_TEMPORAL_2022_2024_1,MDB_ANALYTICAL_2024_2,ZERO_REGISTERED_BEDS
35064,Jaú,SP,BR_HEALTH_REGIONS_END2024_V1,332404,998940,8.0178381982962144,2993,299.61759465032935,9,0,12.250000000000002,2.7075486456239997,0,3.6852745454326672,0.40182648401826482,0.9452054794520548,0.72374429223744297,0.31278538812785389,0.65296803652968038,0.67351598173515981,0.56316590563165903,0.11035007610350078,2024,2022,2024,2024-12,MDB_TEMPORAL_2022_2024_1,MDB_ANALYTICAL_2024_2,ZERO_REGISTERED_BEDS
35065,Lins,SP,BR_HEALTH_REGIONS_END2024_V1,161486,485023,10.642609660248761,1030,212.36106328978212,5,0,7.0999999999999996,3.0962436372193256,0,4.3966659648514419,0.71689497716894979,0.87442922374429222,0.81278538812785384,0.31278538812785389,0.76712328767123283,0.795662100456621,0.63089802130898021,0.1647640791476408,2024,2022,2024,2024-12,MDB_TEMPORAL_2022_2024_1,MDB_ANALYTICAL_2024_2,ZERO_REGISTERED_BEDS
35071,Bragança,SP,BR_HEALTH_REGIONS_END2024_V1,513137,1522644,8.9586321701069185,1565,102.78174018352288,7,0,15.249999999999998,1.3641581098225231,0,2.9719158821133531,0.52968036529680362,0.58675799086757996,0.21232876712328766,0.31278538812785389,0.49315068493150682,0.55821917808219179,0.33942161339421612,0.21879756468797568,2024,2022,2024,2024-12,MDB_TEMPORAL_2022_2024_1,MDB_ANALYTICAL_2024_2,ZERO_REGISTERED_BEDS
35072,Região Metropolitana de Campinas,SP,BR_HEALTH_REGIONS_END2024_V1,3284963,9789688,6.3134359930248962,9869,100.81015860771048,48,20,139.10000000000016,1.4612036726136641,0.60883486358902672,4.2344464762616862,0.22374429223744291,0.5821917808219178,0.26940639269406391,0.67123287671232879,0.74429223744292239,0.40296803652968038,0.56164383561643838,-0.158675799086758,2024,2022,2024,2024-12,MDB_TEMPORAL_2022_2024_1,MDB_ANALYTICAL_2024_2,
35073,Jundiaí,SP,BR_HEALTH_REGIONS_END2024_V1,875786,2596788,5.4166404627954909,3348,128.92850706334133,11,14,28.349999999999994,1.2560145971732821,1.5985640327659956,3.2370921663511396,0.13470319634703196,0.69178082191780821,0.17808219178082191,0.72602739726027399,0.56621004566210043,0.4132420091324201,0.49010654490106548,-0.076864535768645381,2024,2022,2024,2024-12,MDB_TEMPORAL_2022_2024_1,MDB_ANALYTICAL_2024_2,
35074,Circuito das Águas,SP,BR_HEALTH_REGIONS_END2024_V1,134902,403909,10.051788199808604,784,194.10312718954023,4,0,11.274999999999999,2.9651154171176111,0,8.3579190820002651,0.64611872146118721,0.83105022831050224,0.77853881278538817,0.31278538812785389,0.98858447488584478,0.73858447488584478,0.69330289193302885,0.045281582952815924,2024,2022,2024,2024-12,MDB_TEMPORAL_2022_2024_1,MDB_ANALYTICAL_2024_2,ZERO_REGISTERED_BEDS
35081,Três Colinas,SP,BR_HEALTH_REGIONS_END2024_V1,437336,1306308,8.7916985313783726,2921,223.60729628847102,3,0,17.350000000000001,0.68597142700349389,0,3.9672014195035401,0.49771689497716892,0.89269406392694062,0.029680365296803651,0.31278538812785389,0.71461187214611877,0.6952054794520548,0.35235920852359209,0.3428462709284627,2024,2022,2024,2024-12,MDB_TEMPORAL_2022_2024_1,MDB_ANALYTICAL_2024_2,ZERO_REGISTERED_BEDS
35082,Alta Anhanguera,SP,BR_HEALTH_REGIONS_END2024_V1,151464,455573,8.5782067832172135,773,169.67642946355471,5,0,5.9499999999999993,3.3011144562404269,0,3.9283262029261072,0.47488584474885842,0.77397260273972601,0.84018264840182644,0.31278538812785389,0.70547945205479456,0.62442922374429222,0.61948249619482498,0.0049467275494672336,2024,2022,2024,2024-12,MDB_TEMPORAL_2022_2024_1,MDB_ANALYTICAL_2024_2,ZERO_REGISTERED_BEDS
35083,Alta Mogiana,SP,BR_HEALTH_REGIONS_END2024_V1,113624,342842,7.8471473029495922,666,194.25857975393913,4,10,6.5250000000000004,3.5203830176723225,8.8009575441808074,5.7426247975779772,0.38356164383561642,0.83561643835616439,0.86301369863013699,0.9726027397260274,0.91324200913242004,0.6095890410958904,0.91628614916286144,-0.30669710806697104,2024,2022,2024,2024-12,MDB_TEMPORAL_2022_2024_1,MDB_ANALYTICAL_2024_2,
35091,Adamantina,SP,BR_HEALTH_REGIONS_END2024_V1,133712,401505,9.8964510484105368,2276,566.86716230183936,5,0,8.4249999999999989,3.7393801603446213,0,6.300855570180687,0.63242009132420096,0.99771689497716898,0.88127853881278539,0.31278538812785389,0.9452054794520548,0.81506849315068497,0.71308980213089812,0.10197869101978685,2024,2022,2024,2024-12,MDB_TEMPORAL_2022_2024_1,MDB_ANALYTICAL_2024_2,ZERO_REGISTERED_BEDS
35092,Assis,SP,BR_HEALTH_REGIONS_END2024_V1,240384,721746,10.413285010744495,1332,184.55246028381177,7,0,9.1750000000000007,2.9120074547390842,0,3.816809771033014,0.68036529680365299,0.81278538812785384,0.75570776255707761,0.31278538812785389,0.68493150684931503,0.74657534246575341,0.58447488584474883,0.16210045662100458,2024,2022,2024,2024-12,MDB_TEMPORAL_2022_2024_1,MDB_ANALYTICAL_2024_2,ZERO_REGISTERED_BEDS
35093,Marília,SP,BR_HEALTH_REGIONS_END2024_V1,393825,1178866,10.615934128520298,5379,456.2859561646531,6,0,23.824999999999989,1.5235193296514948,0,6.0496413381578087,0.70547945205479456,0.99315068493150682,0.29452054794520549,0.31278538812785389,0.93150684931506844,0.84931506849315075,0.51293759512937598,0.33637747336377477,2024,2022,2024,2024-12,MDB_TEMPORAL_2022_2024_1,MDB_ANALYTICAL_2024_2,ZERO_REGISTERED_BEDS
35094,Ourinhos,SP,BR_HEALTH_REGIONS_END2024_V1,236295,709422,7.4655894044229791,788,111.07634102128212,7,0,8.7750000000000004,2.9623986965445734,0,3.7135783660255193,0.33561643835616439,0.62785388127853881,0.77625570776255703,0.31278538812785389,0.65981735159817356,0.4817351598173516,0.58295281582952818,-0.10121765601217658,2024,2022,2024,2024-12,MDB_TEMPORAL_2022_2024_1,MDB_ANALYTICAL_2024_2,ZERO_REGISTERED_BEDS
35095,Tupã,SP,BR_HEALTH_REGIONS_END2024_V1,128347,385768,9.7275612015023292,1622,420.4599655751644,3,0,4.7750000000000004,2.3374134183112969,0,3.7203830241454812,0.62328767123287676,0.9908675799086758,0.61187214611872143,0.31278538812785389,0.66438356164383561,0.80707762557077634,0.52968036529680362,0.27739726027397271,2024,2022,2024,2024-12,MDB_TEMPORAL_2022_2024_1,MDB_ANALYTICAL_2024_2,ZERO_REGISTERED_BEDS
35101,Araras,SP,BR_HEALTH_REGIONS_END2024_V1,345521,1033495,7.0720906753228032,1085,104.98357515033939,10,0,11.925000000000001,2.8941800932504829,0,3.4513097612012005,0.29452054794520549,0.59589041095890416,0.75114155251141557,0.31278538812785389,0.61643835616438358,0.4452054794520548,0.56012176560121774,-0.11491628614916294,2024,2022,2024,2024-12,MDB_TEMPORAL_2022_2024_1,MDB_ANALYTICAL_2024_2,ZERO_REGISTERED_BEDS
35102,Limeira,SP,BR_HEALTH_REGIONS_END2024_V1,368432,1102554,7.8816754001129317,1026,93.056666612247568,6,12,10.049999999999995,1.6285230381725799,3.2570460763451599,2.7277760889390703,0.38584474885844749,0.54337899543378998,0.34931506849315069,0.83105022831050224,0.42922374429223742,0.46461187214611877,0.5365296803652968,-0.071917808219178037,2024,2022,2024,2024-12,MDB_TEMPORAL_2022_2024_1,MDB_ANALYTICAL_2024_2,
35103,Piracicaba,SP,BR_HEALTH_REGIONS_END2024_V1,625500,1862698,7.6410892267801707,1395,74.891367253306768,9,0,11.65,1.4388489208633093,0,1.8625099920063948,0.36301369863013699,0.44292237442922372,0.25114155251141551,0.31278538812785389,0.19863013698630136,0.40296803652968038,0.25418569254185691,0.14878234398782347,2024,2022,2024,2024-12,MDB_TEMPORAL_2022_2024_1,MDB_ANALYTICAL_2024_2,ZERO_REGISTERED_BEDS
35104,Rio Claro,SP,BR_HEALTH_REGIONS_END2024_V1,265365,793544,6.6691410139111582,386,48.642545340901073,4,0,12.375,1.5073577902134794,0,4.6633881634729519,0.25342465753424659,0.25114155251141551,0.28538812785388129,0.31278538812785389,0.81735159817351599,0.25228310502283102,0.47184170471841708,-0.21955859969558605,2024,2022,2024,2024-12,MDB_TEMPORAL_2022_2024_1,MDB_ANALYTICAL_2024_2,ZERO_REGISTERED_BEDS
35111,Alta Paulista,SP,BR_HEALTH_REGIONS_END2024_V1,135489,405845,5.6993792876893323,968,238.5147038894159,4,4,6.7250000000000005,2.9522691879045531,2.9522691879045531,4.9635025721645301,0.16210045662100456,0.91552511415525117,0.77397260273972601,0.80593607305936077,0.85844748858447484,0.53881278538812782,0.81278538812785384,-0.27397260273972601,2024,2022,2024,2024-12,MDB_TEMPORAL_2022_2024_1,MDB_ANALYTICAL_2024_2,
35112,Alta Sorocabana,SP,BR_HEALTH_REGIONS_END2024_V1,418239,1251357,8.2605656824081848,4078,325.88621792182403,12,0,30.650000000000006,2.8691728891853701,0,7.3283457544609671,0.4315068493150685,0.96575342465753422,0.74885844748858443,0.31278538812785389,0.97945205479452058,0.69863013698630139,0.68036529680365299,0.018264840182648401,2024,2022,2024,2024-12,MDB_TEMPORAL_2022_2024_1,MDB_ANALYTICAL_2024_2,ZERO_REGISTERED_BEDS
35113,Alto Capivari,SP,BR_HEALTH_REGIONS_END2024_V1,57598,173143,12.858559902325739,512,295.70932697250248,3,0,2.6000000000000001,5.2085141845202951,0,4.5140456265842559,0.89497716894977164,0.94292237442922378,0.97031963470319638,0.31278538812785389,0.78767123287671237,0.91894977168949765,0.69025875190258767,0.22869101978690998,2024,2022,2024,2024-12,MDB_TEMPORAL_2022_2024_1,MDB_ANALYTICAL_2024_2,ZERO_REGISTERED_BEDS
35114,Extremo Oeste Paulista,SP,BR_HEALTH_REGIONS_END2024_V1,89793,271311,11.144673472897855,854,314.76792315829437,2,4,2.2000000000000002,2.2273451159889968,4.4546902319779935,2.4500796275878964,0.75799086757990863,0.96118721461187218,0.57077625570776258,0.90182648401826482,0.36757990867579909,0.8595890410958904,0.61339421613394218,0.24619482496194822,2024,2022,2024,2024-12,MDB_TEMPORAL_2022_2024_1,MDB_ANALYTICAL_2024_2,
35115,Pontal do Paranapanema,SP,BR_HEALTH_REGIONS_END2024_V1,64089,193776,11.778542428438783,765,394.78573197919246,3,0,2.7749999999999995,4.6809904975892902,0,4.3299162102700928,0.83561643835616439,0.98630136986301364,0.94292237442922378,0.31278538812785389,0.75342465753424659,0.91095890410958902,0.66971080669710803,0.24124809741248099,2024,2022,2024,2024-12,MDB_TEMPORAL_2022_2024_1,MDB_ANALYTICAL_2024_2,ZERO_REGISTERED_BEDS
35121,Vale do Ribeira,SP,BR_HEALTH_REGIONS_END2024_V1,283466,852388,8.4455278257681243,512,60.066542466576252,7,5,8.625,2.4694319600939796,1.7638799714956996,3.042692950830082,0.4634703196347032,0.34246575342465752,0.65296803652968038,0.73744292237442921,0.51369863013698636,0.40296803652968038,0.63470319634703198,-0.2317351598173516,2024,2022,2024,2024-12,MDB_TEMPORAL_2022_2024_1,MDB_ANALYTICAL_2024_2,
35131,Horizonte Verde,SP,BR_HEALTH_REGIONS_END2024_V1,425402,1274618,8.8840052340782503,1595,125.13553080216975,7,0,18.824999999999992,1.6455023718741331,0,4.4252260215043631,0.52054794520547942,0.68036529680365299,0.36301369863013699,0.31278538812785389,0.77625570776255703,0.6004566210045662,0.48401826484018268,0.11643835616438353,2024,2022,2024,2024-12,MDB_TEMPORAL_2022_2024_1,MDB_ANALYTICAL_2024_2,ZERO_REGISTERED_BEDS
35132,Aquífero Guarani,SP,BR_HEALTH_REGIONS_END2024_V1,950354,2832098,8.1305586983130294,4424,156.20928371828941,9,0,67.524999999999991,0.94701553315922282,0,7.10524709739739,0.4223744292237443,0.74200913242009137,0.091324200913242004,0.31278538812785389,0.9726027397260274,0.5821917808219178,0.4589041095890411,0.12328767123287671,2024,2022,2024,2024-12,MDB_TEMPORAL_2022_2024_1,MDB_ANALYTICAL_2024_2,ZERO_REGISTERED_BEDS
35133,Vale das Cachoeiras,SP,BR_HEALTH_REGIONS_END2024_V1,139347,417117,8.0923877092362968,1076,257.96119553986051,1,0,6.7249999999999996,0.71763295944656147,0,4.8260816522781251,0.41095890410958902,0.92009132420091322,0.038812785388127852,0.31278538812785389,0.84931506849315064,0.66552511415525117,0.40030441400304412,0.26522070015220706,2024,2022,2024,2024-12,MDB_TEMPORAL_2022_2024_1,MDB_ANALYTICAL_2024_2,ZERO_REGISTERED_BEDS
35141,Baixa Mogiana,SP,BR_HEALTH_REGIONS_END2024_V1,340754,1018044,7.4850839407141345,3686,362.06686547929166,8,0,18.600000000000001,2.3477347294529189,0,5.4584832459780372,0.33789954337899542,0.97945205479452058,0.61643835616438358,0.31278538812785389,0.89269406392694062,0.658675799086758,0.60730593607305938,0.051369863013698613,2024,2022,2024,2024-12,MDB_TEMPORAL_2022_2024_1,MDB_ANALYTICAL_2024_2,ZERO_REGISTERED_BEDS
35142,Mantiqueira,SP,BR_HEALTH_REGIONS_END2024_V1,275471,827054,11.181278583167872,4227,511.09117421595204,8,0,12.424999999999995,2.904116948789528,0,4.5104566360887333,0.76484018264840181,0.99543378995433784,0.75342465753424659,0.31278538812785389,0.78082191780821919,0.88013698630136983,0.61567732115677321,0.26445966514459662,2024,2022,2024,2024-12,MDB_TEMPORAL_2022_2024_1,MDB_ANALYTICAL_2024_2,ZERO_REGISTERED_BEDS
35143,Rio Pardo,SP,BR_HEALTH_REGIONS_END2024_V1,210736,634164,9.2815194538490591,4449,701.55354135523305,9,0,9.8249999999999993,4.2707463366486982,0,4.6622314175081616,0.5639269406392694,1,0.9178082191780822,0.31278538812785389,0.81506849315068497,0.78196347031963476,0.68188736681887363,0.10007610350076113,2024,2022,2024,2024-12,MDB_TEMPORAL_2022_2024_1,MDB_ANALYTICAL_2024_2,ZERO_REGISTERED_BEDS
35151,Catanduva,SP,BR_HEALTH_REGIONS_END2024_V1,305269,916078,7.9175596631727911,1779,194.19743733612205,6,0,17.299999999999997,1.965479626165775,0,5.6671329221113176,0.3949771689497717,0.83333333333333337,0.4680365296803653,0.31278538812785389,0.91095890410958902,0.61415525114155256,0.5639269406392694,0.050228310502283158,2024,2022,2024,2024-12,MDB_TEMPORAL_2022_2024_1,MDB_ANALYTICAL_2024_2,ZERO_REGISTERED_BEDS
35152,Santa Fé do Sul,SP,BR_HEALTH_REGIONS_END2024_V1,54601,161877,12.057341068066378,186,114.90205526418207,1,0,3.0250000000000004,1.8314682881265909,0,5.5401915715829393,0.85159817351598177,0.65753424657534243,0.42009132420091322,0.31278538812785389,0.89726027397260277,0.75456621004566204,0.54337899543378998,0.21118721461187207,2024,2022,2024,2024-12,MDB_TEMPORAL_2022_2024_1,MDB_ANALYTICAL_2024_2,ZERO_REGISTERED_BEDS
35153,Jales,SP,BR_HEALTH_REGIONS_END2024_V1,104419,313334,10.318967228565752,445,142.02097442345868,1,0,2.9750000000000001,0.95768011568775802,0,2.8490983441710802,0.67123287671232879,0.72146118721461183,0.093607305936073054,0.31278538812785389,0.47031963470319632,0.69634703196347036,0.29223744292237441,0.40410958904109595,2024,2022,2024,2024-12,MDB_TEMPORAL_2022_2024_1,MDB_ANALYTICAL_2024_2,ZERO_REGISTERED_BEDS
35154,Fernandópolis,SP,BR_HEALTH_REGIONS_END2024_V1,124796,372260,8.6198653479751872,275,73.873099446623328,2,0,4.5499999999999989,1.6026154684445013,0,3.6459501907112402,0.47945205479452052,0.4315068493150685,0.32648401826484019,0.31278538812785389,0.64611872146118721,0.45547945205479451,0.4284627092846271,0.027016742770167412,2024,2022,2024,2024-12,MDB_TEMPORAL_2022_2024_1,MDB_ANALYTICAL_2024_2,ZERO_REGISTERED_BEDS
35155,São José do Rio Preto,SP,BR_HEALTH_REGIONS_END2024_V1,795354,2360222,6.9781435102924494,5388,228.28361060951048,13,0,48.14999999999997,1.6344923141142185,0,6.0539080711230433,0.28767123287671231,0.90182648401826482,0.35616438356164382,0.31278538812785389,0.93378995433789957,0.59474885844748859,0.53424657534246578,0.060502283105022814,2024,2022,2024,2024-12,MDB_TEMPORAL_2022_2024_1,MDB_ANALYTICAL_2024_2,ZERO_REGISTERED_BEDS
35156,José Bonifácio,SP,BR_HEALTH_REGIONS_END2024_V1,104089,310299,6.4843887901946751,457,147.27730350403965,0,0,6.0999999999999988,0,0,5.8603694914928557,0.23744292237442921,0.72374429223744297,0.0022831050228310501,0.31278538812785389,0.92009132420091322,0.48059360730593609,0.41171993911719945,0.068873668188736636,2024,2022,2024,2024-12,MDB_TEMPORAL_2022_2024_1,MDB_ANALYTICAL_2024_2,ZERO_REGISTERED_BEDS
35157,Votuporanga,SP,BR_HEALTH_REGIONS_END2024_V1,203295,607209,10.786218840981231,1021,168.14638781704488,4,0,9.3249999999999993,1.9675840527312527,0,4.5869303229297325,0.73287671232876717,0.76940639269406397,0.4726027397260274,0.31278538812785389,0.80365296803652964,0.75114155251141557,0.52968036529680362,0.22146118721461194,2024,2022,2024,2024-12,MDB_TEMPORAL_2022_2024_1,MDB_ANALYTICAL_2024_2,ZERO_REGISTERED_BEDS
35161,Itapetininga,SP,BR_HEALTH_REGIONS_END2024_V1,512307,1530361,8.8323745908481381,974,63.64511379994655,12,4,15.625000000000002,2.3423455076741093,0.78078183589136985,3.0499290464506639,0.50684931506849318,0.36529680365296802,0.61415525114155256,0.68493150684931503,0.52054794520547942,0.4360730593607306,0.606544901065449,-0.17047184170471841,2024,2022,2024,2024-12,MDB_TEMPORAL_2022_2024_1,MDB_ANALYTICAL_2024_2,
35162,Itapeva,SP,BR_HEALTH_REGIONS_END2024_V1,278972,839023,12.625471486337529,334,39.808205496154457,7,0,6.3250000000000002,2.5092123940753912,0,2.2672526275038356,0.88356164383561642,0.19178082191780821,0.67123287671232879,0.31278538812785389,0.31735159817351599,0.53767123287671237,0.43378995433789957,0.10388127853881279,2024,2022,2024,2024-12,MDB_TEMPORAL_2022_2024_1,MDB_ANALYTICAL_2024_2,ZERO_REGISTERED_BEDS
35163,Sorocaba,SP,BR_HEALTH_REGIONS_END2024_V1,1850145,5497753,8.7523501383315931,4945,89.945837872308928,33,28,86.699999999999989,1.7836439846606615,1.5133948960757129,4.6861191960630109,0.4954337899543379,0.52511415525114158,0.4041095890410959,0.71917808219178081,0.82420091324200917,0.51027397260273977,0.64916286149162861,-0.13888888888888884,2024,2022,2024,2024-12,MDB_TEMPORAL_2022_2024_1,MDB_ANALYTICAL_2024_2,
35171,Alto Vale do Paraíba,SP,BR_HEALTH_REGIONS_END2024_V1,1128248,3367999,6.2391091195547732,5809,172.47629824118118,11,0,36.050000000000004,0.9749629514078465,0,3.1952194907502607,0.21232876712328766,0.78310502283105021,0.1004566210045662,0.31278538812785389,0.5547945205479452,0.49771689497716892,0.32267884322678841,0.17503805175038051,2024,2022,2024,2024-12,MDB_TEMPORAL_2022_2024_1,MDB_ANALYTICAL_2024_2,ZERO_REGISTERED_BEDS
35172,Circuito da Fé e Vale Histórico,SP,BR_HEALTH_REGIONS_END2024_V1,466009,1400566,6.6537065169404013,1084,77.397280813613918,9,0,14.699999999999996,1.9312931724494593,0,3.154445515000782,0.25114155251141551,0.4497716894977169,0.4589041095890411,0.31278538812785389,0.54337899543378998,0.3504566210045662,0.43835616438356162,-0.087899543378995415,2024,2022,2024,2024-12,MDB_TEMPORAL_2022_2024_1,MDB_ANALYTICAL_2024_2,ZERO_REGISTERED_BEDS
35173,Litoral Norte,SP,BR_HEALTH_REGIONS_END2024_V1,358030,1061580,8.3178396195471276,1703,160.42125887827578,7,0,20.024999999999999,1.955143423735441,0,5.5931067229003153,0.44292237442922372,0.75570776255707761,0.46575342465753422,0.31278538812785389,0.90410958904109584,0.59931506849315064,0.560882800608828,0.038432267884322635,2024,2022,2024,2024-12,MDB_TEMPORAL_2022_2024_1,MDB_ANALYTICAL_2024_2,ZERO_REGISTERED_BEDS
35174,Vale do Paraíba/Região Serrana,SP,BR_HEALTH_REGIONS_END2024_V1,641057,1913206,4.4808374330993193,1508,78.820576561018527,7,16,20.800000000000004,1.0919465819732099,2.495877901653051,3.244641272148967,0.057077625570776253,0.454337899543379,0.12557077625570776,0.78767123287671237,0.57077625570776258,0.25570776255707761,0.49467275494672758,-0.23896499238964997,2024,2022,2024,2024-12,MDB_TEMPORAL_2022_2024_1,MDB_ANALYTICAL_2024_2,
41001,1ª RS Paranaguá,PR,BR_HEALTH_REGIONS_END2024_V1,312589,929875,9.4462667268010563,1045,112.38069633015191,5,0,6.2499999999999982,1.5995444497407139,0,1.9994305621758917,0.58675799086757996,0.64611872146118721,0.32191780821917809,0.31278538812785389,0.23744292237442921,0.61643835616438358,0.29071537290715371,0.32572298325722987,2024,2022,2024,2024-12,MDB_TEMPORAL_2022_2024_1,MDB_ANALYTICAL_2024_2,ZERO_REGISTERED_BEDS
41002,2ª RS Metropolitana,PR,BR_HEALTH_REGIONS_END2024_V1,3697928,11034215,7.7523252430358518,14169,128.40967844110341,42,6,100.27500000000001,1.1357711669886488,0.16225302385552123,2.711653661185399,0.37214611872146119,0.68949771689497719,0.15068493150684931,0.63242009132420096,0.4223744292237443,0.53082191780821919,0.40182648401826487,0.12899543378995432,2024,2022,2024,2024-12,MDB_TEMPORAL_2022_2024_1,MDB_ANALYTICAL_2024_2,
41003,3ª RS Ponta Grossa,PR,BR_HEALTH_REGIONS_END2024_V1,656536,1957112,10.493361584174394,1882,96.162100073986565,9,0,9.5999999999999996,1.3708311501577979,0,1.462219893501651,0.68949771689497719,0.56164383561643838,0.21689497716894976,0.31278538812785389,0.12785388127853881,0.62557077625570778,0.21917808219178081,0.40639269406392697,2024,2022,2024,2024-12,MDB_TEMPORAL_2022_2024_1,MDB_ANALYTICAL_2024_2,ZERO_REGISTERED_BEDS
41004,4ª RS Irati,PR,BR_HEALTH_REGIONS_END2024_V1,167738,502931,9.7166192056484615,801,159.26638047764007,3,10,1.5,1.7885034995051807,5.9616783316839355,0.89425174975259036,0.62100456621004563,0.75342465753424659,0.40639269406392692,0.94063926940639264,0.063926940639269403,0.68721461187214605,0.47031963470319632,0.21689497716894973,2024,2022,2024,2024-12,MDB_TEMPORAL_2022_2024_1,MDB_ANALYTICAL_2024_2,
41005,5ª RS Guarapuava,PR,BR_HEALTH_REGIONS_END2024_V1,462362,1385614,14.188489553018275,1896,136.83464514648381,10,4,5.1499999999999986,2.1628074971559084,0.86512299886236321,1.1138458610352924,0.95205479452054798,0.71232876712328763,0.54794520547945202,0.68949771689497719,0.084474885844748854,0.8321917808219178,0.4406392694063927,0.39155251141552511,2024,2022,2024,2024-12,MDB_TEMPORAL_2022_2024_1,MDB_ANALYTICAL_2024_2,
41006,6ª RS União da Vitória,PR,BR_HEALTH_REGIONS_END2024_V1,165037,496302,12.650134980086124,597,120.2896623426865,2,0,2.9249999999999998,1.2118494640595745,0,1.7723298411871276,0.88584474885844744,0.67123287671232879,0.15981735159817351,0.31278538812785389,0.16894977168949771,0.77853881278538806,0.21385083713850839,0.56468797564687967,2024,2022,2024,2024-12,MDB_TEMPORAL_2022_2024_1,MDB_ANALYTICAL_2024_2,ZERO_REGISTERED_BEDS
41007,7ª RS Pato Branco,PR,BR_HEALTH_REGIONS_END2024_V1,288860,858776,14.503279610870559,689,80.230467549162995,7,7,6.0750000000000002,2.4233192550024234,2.4233192550024234,2.1030949248771034,0.95890410958904104,0.4634703196347032,0.64611872146118721,0.78310502283105021,0.26027397260273971,0.71118721461187207,0.56316590563165903,0.14802130898021304,2024,2022,2024,2024-12,MDB_TEMPORAL_2022_2024_1,MDB_ANALYTICAL_2024_2,
41008,8ª RS Francisco Beltrão,PR,BR_HEALTH_REGIONS_END2024_V1,395503,1175073,13.483017360818835,851,72.421032565636352,9,0,9.1749999999999989,2.2755832446277271,0,2.3198306966065996,0.92237442922374424,0.42009132420091322,0.591324200913242,0.31278538812785389,0.33561643835616439,0.67123287671232879,0.4132420091324201,0.25799086757990869,2024,2022,2024,2024-12,MDB_TEMPORAL_2022_2024_1,MDB_ANALYTICAL_2024_2,ZERO_REGISTERED_BEDS
41009,9ª RS Foz do Iguaçu,PR,BR_HEALTH_REGIONS_END2024_V1,459611,1367381,10.09525834182725,2650,193.80114247601801,7,0,10.625,1.5230270815972637,0,2.3117375345672753,0.64840182648401823,0.82876712328767121,0.29223744292237441,0.31278538812785389,0.33105022831050229,0.73858447488584478,0.31202435312024357,0.42656012176560121,2024,2022,2024,2024-12,MDB_TEMPORAL_2022_2024_1,MDB_ANALYTICAL_2024_2,ZERO_REGISTERED_BEDS
41010,10ª RS Cascavel,PR,BR_HEALTH_REGIONS_END2024_V1,597311,1774434,10.947543768574038,1688,95.128925617971703,6,0,14.050000000000001,1.0045018424237959,0,2.3522084810090558,0.74429223744292239,0.5547945205479452,0.1095890410958904,0.31278538812785389,0.35159817351598172,0.6495433789954338,0.25799086757990869,0.39155251141552511,2024,2022,2024,2024-12,MDB_TEMPORAL_2022_2024_1,MDB_ANALYTICAL_2024_2,ZERO_REGISTERED_BEDS
41011,11ª RS Campo Mourão,PR,BR_HEALTH_REGIONS_END2024_V1,348796,1044698,8.856339800346074,1820,174.21302615684152,8,0,8.4999999999999982,2.2936042844528033,0,2.4369545522311031,0.51369863013698636,0.78767123287671237,0.6004566210045662,0.31278538812785389,0.36073059360730592,0.65068493150684936,0.42465753424657532,0.22602739726027404,2024,2022,2024,2024-12,MDB_TEMPORAL_2022_2024_1,MDB_ANALYTICAL_2024_2,ZERO_REGISTERED_BEDS
41012,12ª RS Umuarama,PR,BR_HEALTH_REGIONS_END2024_V1,298416,889371,8.8103268263902574,3362,378.01997141800217,2,0,13.674999999999999,0.67020535091952183,0,4.5825290869122295,0.50228310502283102,0.98401826484018262,0.025114155251141551,0.31278538812785389,0.79908675799086759,0.74315068493150682,0.37899543378995437,0.36415525114155245,2024,2022,2024,2024-12,MDB_TEMPORAL_2022_2024_1,MDB_ANALYTICAL_2024_2,ZERO_REGISTERED_BEDS
41013,13ª RS Cianorte,PR,BR_HEALTH_REGIONS_END2024_V1,157993,471578,8.1899151165738235,603,127.86856045023305,2,0,3.4499999999999993,1.2658788680511162,0,2.1836410473881753,0.42922374429223742,0.68721461187214616,0.18036529680365296,0.31278538812785389,0.29452054794520549,0.55821917808219179,0.26255707762557079,0.295662100456621,2024,2022,2024,2024-12,MDB_TEMPORAL_2022_2024_1,MDB_ANALYTICAL_2024_2,ZERO_REGISTERED_BEDS
41014,14ª RS Paranavaí,PR,BR_HEALTH_REGIONS_END2024_V1,279118,834387,11.688073550510818,1603,192.1170871550012,4,0,5.5250000000000004,1.4330856483637744,0,1.9794495518024637,0.82648401826484019,0.82648401826484019,0.24885844748858446,0.31278538812785389,0.23287671232876711,0.82648401826484019,0.26484018264840187,0.56164383561643838,2024,2022,2024,2024-12,MDB_TEMPORAL_2022_2024_1,MDB_ANALYTICAL_2024_2,ZERO_REGISTERED_BEDS
41015,15ª RS Maringá,PR,BR_HEALTH_REGIONS_END2024_V1,900809,2670111,7.3478235122786746,4567,171.04157842127162,13,20,25.675000000000008,1.4431472154474478,2.2202264853037659,2.8502157505087102,0.32648401826484019,0.77853881278538817,0.25799086757990869,0.77168949771689499,0.4726027397260274,0.55251141552511418,0.50076103500761038,0.051750380517503802,2024,2022,2024,2024-12,MDB_TEMPORAL_2022_2024_1,MDB_ANALYTICAL_2024_2,
41016,16ª RS Apucarana,PR,BR_HEALTH_REGIONS_END2024_V1,387746,1157316,8.6954158489567686,4197,362.64944060222098,10,0,24.875000000000004,2.5790079072382435,0,6.4152821692551312,0.48858447488584472,0.9817351598173516,0.68493150684931503,0.31278538812785389,0.94977168949771684,0.73515981735159819,0.64916286149162861,0.085996955859969582,2024,2022,2024,2024-12,MDB_TEMPORAL_2022_2024_1,MDB_ANALYTICAL_2024_2,ZERO_REGISTERED_BEDS
41017,17ª RS Londrina,PR,BR_HEALTH_REGIONS_END2024_V1,975343,2911373,7.3833761838593617,7623,261.83522344955452,13,0,29.450000000000021,1.3328644384590855,0,3.0194505932784694,0.32876712328767121,0.9269406392694064,0.20091324200913241,0.31278538812785389,0.5,0.62785388127853881,0.33789954337899547,0.28995433789954334,2024,2022,2024,2024-12,MDB_TEMPORAL_2022_2024_1,MDB_ANALYTICAL_2024_2,ZERO_REGISTERED_BEDS
41018,18ª RS Cornélio Procópio,PR,BR_HEALTH_REGIONS_END2024_V1,216262,652039,9.1248151427299913,1388,212.87070251932781,5,10,4.2000000000000002,2.3120104317910681,4.6240208635821363,1.9420887627044976,0.54794520547945202,0.87671232876712324,0.60502283105022836,0.91095890410958902,0.21461187214611871,0.71232876712328763,0.57686453576864538,0.13546423135464225,2024,2022,2024,2024-12,MDB_TEMPORAL_2022_2024_1,MDB_ANALYTICAL_2024_2,
41019,19ª RS Jacarezinho,PR,BR_HEALTH_REGIONS_END2024_V1,299367,895625,11.910117170969654,1362,152.0725750174459,3,0,2.3500000000000001,1.002114461513794,0,0.78498966151913885,0.84246575342465757,0.72831050228310501,0.1050228310502283,0.31278538812785389,0.052511415525114152,0.78538812785388123,0.15677321156773213,0.62861491628614907,2024,2022,2024,2024-12,MDB_TEMPORAL_2022_2024_1,MDB_ANALYTICAL_2024_2,ZERO_REGISTERED_BEDS
41020,20ª RS Toledo,PR,BR_HEALTH_REGIONS_END2024_V1,435676,1291788,11.250460850649983,1444,111.78304799239504,9,0,9.4749999999999979,2.0657552860382489,0,2.1747812594680442,0.77168949771689499,0.63926940639269403,0.51598173515981738,0.31278538812785389,0.28995433789954339,0.70547945205479445,0.37290715372907152,0.33257229832572294,2024,2022,2024,2024-12,MDB_TEMPORAL_2022_2024_1,MDB_ANALYTICAL_2024_2,ZERO_REGISTERED_BEDS
41021,21ª RS Telêmaco Borba,PR,BR_HEALTH_REGIONS_END2024_V1,185360,554912,10.296947787182114,1209,217.8723833688945,3,0,1.3500000000000001,1.6184721622788087,0,0.72831247302546409,0.66666666666666663,0.88127853881278539,0.34018264840182649,0.31278538812785389,0.045662100456621002,0.77397260273972601,0.23287671232876714,0.54109589041095885,2024,2022,2024,2024-12,MDB_TEMPORAL_2022_2024_1,MDB_ANALYTICAL_2024_2,ZERO_REGISTERED_BEDS
41022,22ª RS Ivaiporã,PR,BR_HEALTH_REGIONS_END2024_V1,136304,410308,10.604881534122347,1247,303.91803230743733,4,0,3.4500000000000006,2.9346167390538795,0,2.5311069374339716,0.70091324200913241,0.95205479452054798,0.76712328767123283,0.31278538812785389,0.3904109589041096,0.82648401826484019,0.49010654490106548,0.33637747336377471,2024,2022,2024,2024-12,MDB_TEMPORAL_2022_2024_1,MDB_ANALYTICAL_2024_2,ZERO_REGISTERED_BEDS
42001,Extremo Oeste,SC,BR_HEALTH_REGIONS_END2024_V1,249400,742799,19.035154342794371,1192,160.47409864579785,4,0,6.0499999999999989,1.6038492381716121,0,2.4258219727345627,0.99543378995433784,0.75799086757990863,0.33105022831050229,0.31278538812785389,0.35844748858447489,0.87671232876712324,0.33409436834094369,0.5426179604261796,2024,2022,2024,2024-12,MDB_TEMPORAL_2022_2024_1,MDB_ANALYTICAL_2024_2,ZERO_REGISTERED_BEDS
42002,Oeste,SC,BR_HEALTH_REGIONS_END2024_V1,435361,1281313,13.661877095427357,1388,108.32638082966457,7,0,9.25,1.6078610624286511,0,2.1246735467807176,0.92922374429223742,0.61187214611872143,0.33333333333333331,0.31278538812785389,0.26712328767123289,0.77054794520547942,0.30441400304414001,0.46613394216133941,2024,2022,2024,2024-12,MDB_TEMPORAL_2022_2024_1,MDB_ANALYTICAL_2024_2,ZERO_REGISTERED_BEDS
42003,Xanxerê,SC,BR_HEALTH_REGIONS_END2024_V1,214722,638696,12.230001677273881,1075,168.3116850583063,5,0,4.6000000000000005,2.328592319371094,0,2.1423049338214066,0.86073059360730597,0.77168949771689499,0.6095890410958904,0.31278538812785389,0.28082191780821919,0.81621004566210043,0.4010654490106545,0.41514459665144593,2024,2022,2024,2024-12,MDB_TEMPORAL_2022_2024_1,MDB_ANALYTICAL_2024_2,ZERO_REGISTERED_BEDS
42004,Alto Vale do Itajaí,SC,BR_HEALTH_REGIONS_END2024_V1,323332,958645,14.675517173013368,3163,329.94487010311428,5,22,6.8249999999999993,1.5463981294768225,6.8041517696980192,2.1108334467358625,0.9634703196347032,0.9726027397260274,0.29908675799086759,0.95890410958904104,0.26255707762557079,0.96803652968036524,0.50684931506849318,0.46118721461187207,2024,2022,2024,2024-12,MDB_TEMPORAL_2022_2024_1,MDB_ANALYTICAL_2024_2,
42005,Foz do Rio Itajaí,SC,BR_HEALTH_REGIONS_END2024_V1,881015,2563126,8.3037617133248904,1688,65.857082328375583,11,0,21.574999999999996,1.2485598996611864,0,2.4488799850172804,0.4406392694063927,0.37899543378995432,0.17579908675799086,0.31278538812785389,0.36529680365296802,0.40981735159817351,0.28462709284627091,0.12519025875190259,2024,2022,2024,2024-12,MDB_TEMPORAL_2022_2024_1,MDB_ANALYTICAL_2024_2,ZERO_REGISTERED_BEDS
42006,Médio Vale do Itajaí,SC,BR_HEALTH_REGIONS_END2024_V1,860457,2541389,10.637926581792755,6779,266.74389477565222,13,18,24.774999999999995,1.5108250615661212,2.0919116237069373,2.8792839154077421,0.71232876712328763,0.9360730593607306,0.28767123287671231,0.76712328767123283,0.47945205479452052,0.82420091324200917,0.51141552511415522,0.31278538812785395,2024,2022,2024,2024-12,MDB_TEMPORAL_2022_2024_1,MDB_ANALYTICAL_2024_2,
42007,Grande Florianópolis,SC,BR_HEALTH_REGIONS_END2024_V1,1461218,4281052,8.5560160780087653,9483,221.51097440535642,16,0,73.475000000000009,1.0949769302048018,0,5.0283393716748632,0.47031963470319632,0.8904109589041096,0.12785388127853881,0.31278538812785389,0.86757990867579904,0.68036529680365299,0.43607305936073054,0.24429223744292244,2024,2022,2024,2024-12,MDB_TEMPORAL_2022_2024_1,MDB_ANALYTICAL_2024_2,ZERO_REGISTERED_BEDS
42008,Meio Oeste,SC,BR_HEALTH_REGIONS_END2024_V1,200134,596414,12.59176003201754,1161,194.66343848400606,6,0,6.125,2.9979913457983152,0,3.0604494988357795,0.88127853881278539,0.83789954337899542,0.78767123287671237,0.31278538812785389,0.52283105022831056,0.8595890410958904,0.54109589041095896,0.31849315068493145,2024,2022,2024,2024-12,MDB_TEMPORAL_2022_2024_1,MDB_ANALYTICAL_2024_2,ZERO_REGISTERED_BEDS
42009,Alto Vale do Rio do Peixe,SC,BR_HEALTH_REGIONS_END2024_V1,296312,885448,14.170542932722093,1589,179.45717873889828,6,0,8.5000000000000018,2.0248926806879233,0,2.868597964307892,0.94977168949771684,0.79908675799086759,0.5,0.31278538812785389,0.4771689497716895,0.87442922374429222,0.42998477929984785,0.44444444444444436,2024,2022,2024,2024-12,MDB_TEMPORAL_2022_2024_1,MDB_ANALYTICAL_2024_2,ZERO_REGISTERED_BEDS
42010,Alto Uruguai Catarinense,SC,BR_HEALTH_REGIONS_END2024_V1,161118,478691,17.250450437243899,741,154.79714471339548,3,8,3.4750000000000005,1.8619893494209212,4.9653049317891238,2.156804329745901,0.97945205479452058,0.73744292237442921,0.43378995433789952,0.92009132420091322,0.28538812785388129,0.85844748858447484,0.54642313546423138,0.31202435312024346,2024,2022,2024,2024-12,MDB_TEMPORAL_2022_2024_1,MDB_ANALYTICAL_2024_2,
42011,Nordeste,SC,BR_HEALTH_REGIONS_END2024_V1,831310,2449636,7.6056122894609732,3855,157.37031950869434,7,0,17.75,0.84204448400716936,0,2.1351842273038937,0.35616438356164382,0.74657534246575341,0.061643835616438353,0.31278538812785389,0.27168949771689499,0.55136986301369861,0.21537290715372906,0.33599695585996958,2024,2022,2024,2024-12,MDB_TEMPORAL_2022_2024_1,MDB_ANALYTICAL_2024_2,ZERO_REGISTERED_BEDS
42012,Planalto Norte,SC,BR_HEALTH_REGIONS_END2024_V1,381805,1142773,10.915531977069454,819,71.667776540047754,9,8,5.5249999999999995,2.3572242375034378,2.095310433336389,1.4470737680229435,0.73972602739726023,0.41095890410958902,0.62100456621004563,0.76940639269406397,0.12328767123287671,0.57534246575342463,0.50456621004566216,0.07077625570776247,2024,2022,2024,2024-12,MDB_TEMPORAL_2022_2024_1,MDB_ANALYTICAL_2024_2,
42013,Serra Catarinense,SC,BR_HEALTH_REGIONS_END2024_V1,304468,911248,11.412388228825272,1906,209.1636963812266,4,10,13.849999999999998,1.3137669640159229,3.2844174100398074,4.5489181129051319,0.78538812785388123,0.86757990867579904,0.18949771689497716,0.83333333333333337,0.79452054794520544,0.82648401826484008,0.60578386605783863,0.22070015220700145,2024,2022,2024,2024-12,MDB_TEMPORAL_2022_2024_1,MDB_ANALYTICAL_2024_2,
42014,Extremo Sul Catarinense,SC,BR_HEALTH_REGIONS_END2024_V1,234389,691568,12.682133360862306,1531,221.38097772019526,2,8,7.8250000000000011,0.85328236393346113,3.4131294557338445,3.3384672488896667,0.8904109589041096,0.88812785388127857,0.070776255707762553,0.84018264840182644,0.58904109589041098,0.88926940639269403,0.5,0.38926940639269403,2024,2022,2024,2024-12,MDB_TEMPORAL_2022_2024_1,MDB_ANALYTICAL_2024_2,
42015,Carbonífera,SC,BR_HEALTH_REGIONS_END2024_V1,468509,1390913,10.155349021717674,1767,127.03885864895936,13,0,24.050000000000004,2.7747599299052954,0,5.1333058703247971,0.65296803652968038,0.68493150684931503,0.73744292237442921,0.31278538812785389,0.87671232876712324,0.66894977168949765,0.64231354642313543,0.026636225266362223,2024,2022,2024,2024-12,MDB_TEMPORAL_2022_2024_1,MDB_ANALYTICAL_2024_2,ZERO_REGISTERED_BEDS
42016,Laguna,SC,BR_HEALTH_REGIONS_END2024_V1,398784,1184337,11.502226127640949,3332,281.33884190057387,7,15,15.574999999999998,1.7553362221152302,3.7614347616754937,3.9056230942063865,0.80365296803652964,0.94063926940639264,0.3949771689497717,0.86757990867579904,0.70091324200913241,0.87214611872146119,0.65449010654490103,0.21765601217656017,2024,2022,2024,2024-12,MDB_TEMPORAL_2022_2024_1,MDB_ANALYTICAL_2024_2,
42017,Vale do Itapocú,SC,BR_HEALTH_REGIONS_END2024_V1,356107,1044422,9.1635951402751328,1119,107.1406002554523,7,0,8.1999999999999993,1.9657013201088438,0,2.3026786892703592,0.55022831050228316,0.60730593607305938,0.47031963470319632,0.31278538812785389,0.32876712328767121,0.57876712328767121,0.37062404870624049,0.20814307458143072,2024,2022,2024,2024-12,MDB_TEMPORAL_2022_2024_1,MDB_ANALYTICAL_2024_2,ZERO_REGISTERED_BEDS
43001,Região 01 - Verdes Campos,RS,BR_HEALTH_REGIONS_END2024_V1,450145,1352512,13.863846563436155,3129,231.34730043060614,10,9,31.824999999999999,2.2215064034922078,1.9993557631429872,7.069944129113952,0.94063926940639264,0.90639269406392697,0.5639269406392694,0.75799086757990863,0.97031963470319638,0.92351598173515981,0.76407914764079143,0.15943683409436837,2024,2022,2024,2024-12,MDB_TEMPORAL_2022_2024_1,MDB_ANALYTICAL_2024_2,
43002,Região 02 - Entre Rios,RS,BR_HEALTH_REGIONS_END2024_V1,120096,361910,13.612706649011654,854,235.97026885137186,4,27,4.5000000000000009,3.3306687982946976,22.482014388489208,3.747002398081535,0.9269406392694064,0.91095890410958902,0.84474885844748859,1,0.67123287671232879,0.91894977168949765,0.83866057838660579,0.080289193302891859,2024,2022,2024,2024-12,MDB_TEMPORAL_2022_2024_1,MDB_ANALYTICAL_2024_2,
43003,Região 03 - Fronteira Oeste,RS,BR_HEALTH_REGIONS_END2024_V1,459529,1384000,10.014939770487032,2845,205.56358381502889,13,20,7.6000000000000005,2.8289835897190385,4.3522824457215972,1.6538673293742072,0.64155251141552516,0.86301369863013699,0.74429223744292239,0.89497716894977164,0.14383561643835616,0.75228310502283113,0.5943683409436834,0.15791476407914773,2024,2022,2024,2024-12,MDB_TEMPORAL_2022_2024_1,MDB_ANALYTICAL_2024_2,
43004,Região 04 - Belas Praias,RS,BR_HEALTH_REGIONS_END2024_V1,181405,534322,13.039772465138153,957,179.10548321049853,4,3,6.3999999999999995,2.2050108872412557,1.6537581654309419,3.5280174195860088,0.8995433789954338,0.79680365296803657,0.56164383561643838,0.73059360730593603,0.63242009132420096,0.84817351598173518,0.64155251141552505,0.20662100456621013,2024,2022,2024,2024-12,MDB_TEMPORAL_2022_2024_1,MDB_ANALYTICAL_2024_2,
43005,Região 05 - Bons Ventos,RS,BR_HEALTH_REGIONS_END2024_V1,252925,748634,9.7429672410955401,1434,191.5488743498158,6,9,17.825000000000003,2.3722447365819908,3.5583671048729864,7.0475437382623314,0.62557077625570778,0.82191780821917804,0.63242009132420096,0.85388127853881279,0.96575342465753422,0.72374429223744285,0.81735159817351599,-0.093607305936073137,2024,2022,2024,2024-12,MDB_TEMPORAL_2022_2024_1,MDB_ANALYTICAL_2024_2,
43006,Região 06 - Vale do Paranhana e Costa Serra,RS,BR_HEALTH_REGIONS_END2024_V1,222268,666736,13.8659741761404,2654,398.05860190540182,8,27,12.375,3.599258552738136,12.14749761549121,5.5676030737668043,0.94292237442922378,0.98858447488584478,0.86986301369863017,0.99315068493150682,0.8995433789954338,0.96575342465753433,0.92085235920852349,0.044901065449010846,2024,2022,2024,2024-12,MDB_TEMPORAL_2022_2024_1,MDB_ANALYTICAL_2024_2,
43007,Região 07 - Vale dos Sinos,RS,BR_HEALTH_REGIONS_END2024_V1,800226,2399552,10.617175849997087,4779,199.1621769396954,15,26,36.725000000000016,1.8744704620944586,3.2490821342970606,4.5893285146946008,0.70776255707762559,0.84931506849315064,0.4360730593607306,0.82876712328767121,0.80593607305936077,0.77853881278538806,0.69025875190258745,0.088280060882800604,2024,2022,2024,2024-12,MDB_TEMPORAL_2022_2024_1,MDB_ANALYTICAL_2024_2,
43008,Região 08 - Vale do Caí e Metropolitana,RS,BR_HEALTH_REGIONS_END2024_V1,782413,2340073,10.442755999014206,4623,197.55793943180404,16,32,32.774999999999999,2.0449557970023502,4.0899115940047004,4.1889641404220015,0.68721461187214616,0.84246575342465757,0.51141552511415522,0.87671232876712324,0.73744292237442921,0.76484018264840192,0.70852359208523585,0.056316590563166069,2024,2022,2024,2024-12,MDB_TEMPORAL_2022_2024_1,MDB_ANALYTICAL_2024_2,
43009,Região 09 - Carbonífera/Costa Doce,RS,BR_HEALTH_REGIONS_END2024_V1,395961,1190770,11.829117025280178,2833,237.91328300175516,12,5,29.874999999999989,3.030601498632441,1.2627506244301838,7.5449349809703454,0.84018264840182644,0.91324200913242004,0.79223744292237441,0.71004566210045661,0.9817351598173516,0.87671232876712324,0.82800608828006084,0.048706240487062402,2024,2022,2024,2024-12,MDB_TEMPORAL_2022_2024_1,MDB_ANALYTICAL_2024_2,
43010,Região 10 - Capital e Vale do Gravataí,RS,BR_HEALTH_REGIONS_END2024_V1,2239990,6757096,8.7946786149734244,13183,195.0986044892658,35,137,313.37499999999977,1.5625069754775689,6.1160987325836276,13.990017812579511,0.5,0.84018264840182644,0.31050228310502281,0.9452054794520548,1,0.67009132420091322,0.75190258751902583,-0.081811263318112615,2024,2022,2024,2024-12,MDB_TEMPORAL_2022_2024_1,MDB_ANALYTICAL_2024_2,
43011,Região 11 - Sete Povos das Missões,RS,BR_HEALTH_REGIONS_END2024_V1,285494,858440,17.388432249910061,1646,191.74316201481756,9,24,9.5,3.1524305239339534,8.4064813971572079,3.3275655530413948,0.9817351598173516,0.82420091324200917,0.82420091324200917,0.97031963470319638,0.58447488584474883,0.90296803652968038,0.79299847792998479,0.10996955859969559,2024,2022,2024,2024-12,MDB_TEMPORAL_2022_2024_1,MDB_ANALYTICAL_2024_2,
43012,Região 12 - Portal das Missões,RS,BR_HEALTH_REGIONS_END2024_V1,127601,383685,18.170625647470825,426,111.02857813049768,5,2,5.0500000000000016,3.9184645888355103,1.5673858355342041,3.957649234723867,0.98858447488584478,0.62557077625570778,0.89497716894977164,0.72374429223744297,0.71232876712328763,0.80707762557077634,0.77701674277016741,0.030060882800608923,2024,2022,2024,2024-12,MDB_TEMPORAL_2022_2024_1,MDB_ANALYTICAL_2024_2,
43013,Região 13 - Diversidade,RS,BR_HEALTH_REGIONS_END2024_V1,234900,703272,16.501055008007903,2157,306.70921066102443,6,48,11.15,2.554278416347382,20.434227330779056,4.7467007237122179,0.97716894977168944,0.954337899543379,0.68036529680365299,0.99771689497716898,0.83333333333333337,0.96575342465753422,0.83713850837138504,0.12861491628614918,2024,2022,2024,2024-12,MDB_TEMPORAL_2022_2024_1,MDB_ANALYTICAL_2024_2,
43014,Região 14 - Fronteira Noroeste,RS,BR_HEALTH_REGIONS_END2024_V1,236504,708546,13.602472024138818,2295,323.90275296169904,6,26,4.375,2.5369549775056659,10.993471569191218,1.8498630044312148,0.92465753424657537,0.9634703196347032,0.67579908675799083,0.98630136986301364,0.19634703196347031,0.94406392694063923,0.61948249619482498,0.32458143074581425,2024,2022,2024,2024-12,MDB_TEMPORAL_2022_2024_1,MDB_ANALYTICAL_2024_2,
43015,Região 15 - Caminho das Águas,RS,BR_HEALTH_REGIONS_END2024_V1,194699,582921,21.026322334148848,1793,307.58884994707688,3,19,6.5499999999999989,1.5408399632252863,9.7586531004268124,3.3641672530418743,1,0.95662100456621002,0.29680365296803651,0.9817351598173516,0.59589041095890416,0.97831050228310501,0.62480974124809741,0.3535007610350076,2024,2022,2024,2024-12,MDB_TEMPORAL_2022_2024_1,MDB_ANALYTICAL_2024_2,
43016,Região 16 - Alto Uruguai Gaúcho,RS,BR_HEALTH_REGIONS_END2024_V1,239574,717276,12.331729000580118,802,111.81191061739135,4,28,6.625,1.6696302603788391,11.687411822651873,2.7653251187524526,0.86757990867579904,0.64155251141552516,0.37214611872146119,0.9908675799086758,0.44292237442922372,0.75456621004566204,0.60197869101978685,0.1525875190258752,2024,2022,2024,2024-12,MDB_TEMPORAL_2022_2024_1,MDB_ANALYTICAL_2024_2,
43017,Região 17 - Planalto,RS,BR_HEALTH_REGIONS_END2024_V1,432110,1287258,13.067797266004332,2345,182.17016324621792,7,9,25.825000000000006,1.6199578810950916,2.0828029899794034,5.9764874684686786,0.90182648401826482,0.80593607305936077,0.34246575342465752,0.76484018264840181,0.9269406392694064,0.85388127853881279,0.67808219178082185,0.17579908675799094,2024,2022,2024,2024-12,MDB_TEMPORAL_2022_2024_1,MDB_ANALYTICAL_2024_2,
43018,Região 18 - Araucárias,RS,BR_HEALTH_REGIONS_END2024_V1,134594,402877,17.6587437503463,909,225.62717653278796,2,3,2.8750000000000004,1.4859503395396525,2.2289255093094789,2.1360536130882508,0.98630136986301364,0.8995433789954338,0.27853881278538811,0.77397260273972601,0.27397260273972601,0.94292237442922366,0.44216133942161334,0.50076103500761038,2024,2022,2024,2024-12,MDB_TEMPORAL_2022_2024_1,MDB_ANALYTICAL_2024_2,
43019,Região 19 - Botucaraí,RS,BR_HEALTH_REGIONS_END2024_V1,113569,341693,19.349338476548777,621,181.74209012183451,1,5,1.7500000000000002,0.88052197342584682,4.4026098671292342,1.5409134534952322,0.99771689497716898,0.80365296803652964,0.077625570776255703,0.89726027397260277,0.13470319634703196,0.90068493150684925,0.36986301369863012,0.53082191780821919,2024,2022,2024,2024-12,MDB_TEMPORAL_2022_2024_1,MDB_ANALYTICAL_2024_2,
43020,Região 20 - Rota da Produção,RS,BR_HEALTH_REGIONS_END2024_V1,163425,490194,14.942245157339267,1084,221.13693762061553,2,26,7.75,1.2238029677221967,15.909438580388557,4.7422364999235125,0.96575342465753422,0.88584474885844744,0.16666666666666666,0.99543378995433784,0.83105022831050224,0.92579908675799083,0.6643835616438355,0.26141552511415533,2024,2022,2024,2024-12,MDB_TEMPORAL_2022_2024_1,MDB_ANALYTICAL_2024_2,
43021,Região 21 - Sul,RS,BR_HEALTH_REGIONS_END2024_V1,842663,2534572,12.499590647930303,8307,327.7476433891008,22,26,40.574999999999989,2.6107708538288734,3.0854564636159414,4.8150921542775684,0.87671232876712324,0.97031963470319638,0.69863013698630139,0.81506849315068497,0.84703196347031962,0.92351598173515981,0.78691019786910188,0.13660578386605793,2024,2022,2024,2024-12,MDB_TEMPORAL_2022_2024_1,MDB_ANALYTICAL_2024_2,
43022,Região 22 - Pampa,RS,BR_HEALTH_REGIONS_END2024_V1,188635,566266,12.529071211831926,863,152.40187473731424,4,7,3.7000000000000002,2.1204972566066744,3.7108701990616799,1.9614599623611739,0.87899543378995437,0.73287671232876717,0.53881278538812782,0.86301369863013699,0.22374429223744291,0.80593607305936077,0.54185692541856922,0.26407914764079155,2024,2022,2024,2024-12,MDB_TEMPORAL_2022_2024_1,MDB_ANALYTICAL_2024_2,
43023,Região 23 - Caxias e Hortênsias,RS,BR_HEALTH_REGIONS_END2024_V1,602569,1796912,11.442947052584174,4664,259.55639452571967,8,1,28.000000000000007,1.327648783790736,0.165956097973842,4.6467707432675773,0.79223744292237441,0.92465753424657537,0.19406392694063926,0.63470319634703198,0.81278538812785384,0.85844748858447484,0.54718417047184165,0.31126331811263319,2024,2022,2024,2024-12,MDB_TEMPORAL_2022_2024_1,MDB_ANALYTICAL_2024_2,
43024,Região 24 - Campos de Cima da Serra,RS,BR_HEALTH_REGIONS_END2024_V1,100644,300828,11.416095405800849,532,176.84524046963713,2,4,2.2000000000000002,1.9872024164381386,3.9744048328762771,2.1859226580819526,0.78767123287671237,0.79452054794520544,0.47945205479452052,0.87442922374429222,0.29680365296803651,0.79109589041095885,0.55022831050228305,0.2408675799086758,2024,2022,2024,2024-12,MDB_TEMPORAL_2022_2024_1,MDB_ANALYTICAL_2024_2,
43025,Região 25 - Vinhedos e Basalto,RS,BR_HEALTH_REGIONS_END2024_V1,325366,966781,11.324299061160684,2079,215.0435310582231,6,18,19.275000000000006,1.844077131599491,5.5322313947984734,5.9240977852633669,0.77625570776255703,0.87899543378995437,0.4269406392694064,0.93150684931506844,0.92237442922374424,0.82762557077625565,0.76027397260273977,0.067351598173515881,2024,2022,2024,2024-12,MDB_TEMPORAL_2022_2024_1,MDB_ANALYTICAL_2024_2,
43026,Região 26 - Uva Vale,RS,BR_HEALTH_REGIONS_END2024_V1,190035,566655,12.848919767217517,1164,205.41599385869711,5,19,8.375,2.6310942721077697,9.9981582340095247,4.4070829057805145,0.89269406392694062,0.86073059360730597,0.71004566210045661,0.98401826484018262,0.77397260273972601,0.87671232876712324,0.8226788432267883,0.054033485540334936,2024,2022,2024,2024-12,MDB_TEMPORAL_2022_2024_1,MDB_ANALYTICAL_2024_2,
43027,Região 27 - Jacuí Centro,RS,BR_HEALTH_REGIONS_END2024_V1,193690,583653,13.088880060689023,981,168.07932110346385,5,11,4.7999999999999998,2.581444576384945,5.6791780680468786,2.4781867933295469,0.90639269406392697,0.76712328767123283,0.68721461187214616,0.9360730593607306,0.37442922374429222,0.83675799086757996,0.66590563165905625,0.17085235920852371,2024,2022,2024,2024-12,MDB_TEMPORAL_2022_2024_1,MDB_ANALYTICAL_2024_2,
43028,Região 28 - Vinte e Oito,RS,BR_HEALTH_REGIONS_END2024_V1,351534,1051173,15.821831795287373,1896,180.36992959294045,12,15,14.5,3.4136100633224666,4.2670125791530831,4.1247788265146479,0.97488584474885842,0.80136986301369861,0.85388127853881279,0.89269406392694062,0.72831050228310501,0.88812785388127846,0.82496194824961944,0.063165905631659025,2024,2022,2024,2024-12,MDB_TEMPORAL_2022_2024_1,MDB_ANALYTICAL_2024_2,
43029,Região 29 - Vales e Montanhas,RS,BR_HEALTH_REGIONS_END2024_V1,237991,707918,15.734659469862907,2475,349.61676352345893,5,27,14.150000000000006,2.1009197826808577,11.344966826476631,5.9456029849868299,0.9726027397260274,0.97716894977168944,0.52283105022831056,0.98858447488584478,0.92465753424657537,0.97488584474885842,0.81202435312024346,0.16286149162861496,2024,2022,2024,2024-12,MDB_TEMPORAL_2022_2024_1,MDB_ANALYTICAL_2024_2,
43030,Região 30 - Vale da Luz,RS,BR_HEALTH_REGIONS_END2024_V1,129360,386188,17.389860795435322,1262,326.7838462096181,3,5,5.3250000000000002,2.3191094619666046,3.8651824366110081,4.1164192949907239,0.98401826484018262,0.96803652968036524,0.60730593607305938,0.86986301369863017,0.72602739726027399,0.97602739726027399,0.73439878234398781,0.24162861491628618,2024,2022,2024,2024-12,MDB_TEMPORAL_2022_2024_1,MDB_ANALYTICAL_2024_2,
50009,Baixo Pantanal,MS,BR_HEALTH_REGIONS_END2024_V1,253940,760976,11.445515135174535,697,91.592901747229874,4,0,6.3500000000000005,1.5751752382452548,0,2.5005906907143425,0.79680365296803657,0.53881278538812782,0.31278538812785389,0.31278538812785389,0.37899543378995432,0.6678082191780822,0.33485540334855401,0.33295281582952818,2024,2022,2024,2024-12,MDB_TEMPORAL_2022_2024_1,MDB_ANALYTICAL_2024_2,ZERO_REGISTERED_BEDS
50010,Pantanal,MS,BR_HEALTH_REGIONS_END2024_V1,147884,445676,9.2173465930641889,125,28.047280984392248,3,0,1.425,2.0286170241540669,0,0.96359308647318165,0.55707762557077622,0.12328767123287671,0.50228310502283102,0.31278538812785389,0.075342465753424653,0.34018264840182644,0.29680365296803651,0.043378995433789924,2024,2022,2024,2024-12,MDB_TEMPORAL_2022_2024_1,MDB_ANALYTICAL_2024_2,ZERO_REGISTERED_BEDS
50011,Centro,MS,BR_HEALTH_REGIONS_END2024_V1,1085967,3231321,11.364444057653094,2018,62.451238982447116,9,0,50.700000000000017,0.82875446491467974,0,4.6686501523526971,0.78082191780821919,0.35616438356164382,0.057077625570776253,0.31278538812785389,0.82191780821917804,0.56849315068493156,0.39726027397260272,0.17123287671232884,2024,2022,2024,2024-12,MDB_TEMPORAL_2022_2024_1,MDB_ANALYTICAL_2024_2,ZERO_REGISTERED_BEDS
50012,Centro Sul,MS,BR_HEALTH_REGIONS_END2024_V1,450343,1333051,11.444396743524081,654,49.060388537272765,6,9,7.0999999999999996,1.3323178110906575,1.9984767166359865,1.576576076457278,0.79452054794520544,0.25570776255707761,0.19863013698630136,0.75570776255707761,0.14155251141552511,0.52511415525114158,0.36529680365296802,0.15981735159817356,2024,2022,2024,2024-12,MDB_TEMPORAL_2022_2024_1,MDB_ANALYTICAL_2024_2,
50013,Leste,MS,BR_HEALTH_REGIONS_END2024_V1,210693,621778,11.551674527372469,280,45.032149738331043,4,0,7.0500000000000016,1.8984968651070515,0,3.3461007247511794,0.81506849315068497,0.21461187214611871,0.4406392694063927,0.31278538812785389,0.59360730593607303,0.51484018264840181,0.44901065449010652,0.065829528158295292,2024,2022,2024,2024-12,MDB_TEMPORAL_2022_2024_1,MDB_ANALYTICAL_2024_2,ZERO_REGISTERED_BEDS
50014,Nordeste,MS,BR_HEALTH_REGIONS_END2024_V1,169981,502038,10.17193534152134,1019,202.97268334269521,5,4,8.7249999999999996,2.9415052270547886,2.3532041816438305,5.1329266212106059,0.65525114155251141,0.85616438356164382,0.76940639269406397,0.77853881278538817,0.87442922374429222,0.75570776255707761,0.80745814307458141,-0.051750380517503802,2024,2022,2024,2024-12,MDB_TEMPORAL_2022_2024_1,MDB_ANALYTICAL_2024_2,
50015,Norte,MS,BR_HEALTH_REGIONS_END2024_V1,120563,359988,13.852278022742182,952,264.45325955309619,4,0,1.8,3.3177674742665664,0,1.4929953634199546,0.93835616438356162,0.93150684931506844,0.84246575342465757,0.31278538812785389,0.13242009132420091,0.93493150684931503,0.42922374429223747,0.50570776255707761,2024,2022,2024,2024-12,MDB_TEMPORAL_2022_2024_1,MDB_ANALYTICAL_2024_2,ZERO_REGISTERED_BEDS
50016,Sudeste,MS,BR_HEALTH_REGIONS_END2024_V1,118655,354164,10.141015739955046,300,84.706520143210483,1,0,1.3500000000000001,0.84277948674729253,0,1.1377523071088449,0.65068493150684936,0.49771689497716892,0.063926940639269403,0.31278538812785389,0.086757990867579904,0.57420091324200917,0.15449010654490106,0.41971080669710814,2024,2022,2024,2024-12,MDB_TEMPORAL_2022_2024_1,MDB_ANALYTICAL_2024_2,ZERO_REGISTERED_BEDS
50017,Sul Fronteira,MS,BR_HEALTH_REGIONS_END2024_V1,343869,1025289,13.692171940722394,469,45.743200209892038,6,0,4.8499999999999996,1.7448505099325615,0,1.4104208288621538,0.93150684931506844,0.22831050228310501,0.39269406392694062,0.31278538812785389,0.11643835616438356,0.57990867579908678,0.27397260273972601,0.30593607305936077,2024,2022,2024,2024-12,MDB_TEMPORAL_2022_2024_1,MDB_ANALYTICAL_2024_2,ZERO_REGISTERED_BEDS
51001,Alto Tapajós,MT,BR_HEALTH_REGIONS_END2024_V1,114907,342367,11.395878669964228,336,98.140299736832105,1,0,0.52500000000000002,0.87026900014794584,0,0.45689122507767155,0.78310502283105021,0.57077625570776258,0.075342465753424653,0.31278538812785389,0.027397260273972601,0.6769406392694064,0.13850837138508373,0.53843226788432264,2024,2022,2024,2024-12,MDB_TEMPORAL_2022_2024_1,MDB_ANALYTICAL_2024_2,ZERO_REGISTERED_BEDS
51002,Baixada Cuiabana,MT,BR_HEALTH_REGIONS_END2024_V1,1103436,3278172,6.5015103433392039,1611,49.14324202634883,9,0,33.425000000000004,0.8156340739290725,0,3.029174324564361,0.24200913242009131,0.25799086757990869,0.054794520547945202,0.31278538812785389,0.50684931506849318,0.25,0.29147640791476409,-0.041476407914764091,2024,2022,2024,2024-12,MDB_TEMPORAL_2022_2024_1,MDB_ANALYTICAL_2024_2,ZERO_REGISTERED_BEDS
51003,Araguaia Xingu,MT,BR_HEALTH_REGIONS_END2024_V1,91094,269709,10.564072085618537,153,56.727806636041073,2,0,0.5,2.1955342832678331,0,0.54888357081695827,0.69406392694063923,0.31506849315068491,0.55707762557077622,0.31278538812785389,0.031963470319634701,0.50456621004566204,0.30060882800608829,0.20395738203957375,2024,2022,2024,2024-12,MDB_TEMPORAL_2022_2024_1,MDB_ANALYTICAL_2024_2,ZERO_REGISTERED_BEDS
51004,Centro Norte,MT,BR_HEALTH_REGIONS_END2024_V1,87557,263746,6.0655424971844738,165,62.560190486301217,2,0,1.9000000000000004,2.2842262754548464,0,2.1700149616821047,0.19178082191780821,0.36073059360730592,0.59589041095890416,0.31278538812785389,0.28767123287671231,0.27625570776255703,0.39878234398782347,-0.12252663622526644,2024,2022,2024,2024-12,MDB_TEMPORAL_2022_2024_1,MDB_ANALYTICAL_2024_2,ZERO_REGISTERED_BEDS
51005,Garças Araguaia,MT,BR_HEALTH_REGIONS_END2024_V1,147555,436510,8.4345808845291277,152,34.821653570364937,4,0,1.1000000000000001,2.7108535800210092,0,0.74548473450577757,0.4589041095890411,0.16210045662100456,0.72602739726027399,0.31278538812785389,0.050228310502283102,0.31050228310502281,0.36301369863013705,-0.052511415525114236,2024,2022,2024,2024-12,MDB_TEMPORAL_2022_2024_1,MDB_ANALYTICAL_2024_2,ZERO_REGISTERED_BEDS
51006,Médio Araguaia,MT,BR_HEALTH_REGIONS_END2024_V1,127029,370035,9.5547342675076283,129,34.861567149053464,3,0,0.25,2.3616654464728528,0,0.19680545387273771,0.59589041095890416,0.16438356164383561,0.62557077625570778,0.31278538812785389,0.018264840182648401,0.38013698630136988,0.31887366818873669,0.061263318112633192,2024,2022,2024,2024-12,MDB_TEMPORAL_2022_2024_1,MDB_ANALYTICAL_2024_2,ZERO_REGISTERED_BEDS
51007,Médio Norte Matogrossense,MT,BR_HEALTH_REGIONS_END2024_V1,266850,786251,5.95053673223088,440,55.961773021592343,6,0,4.7750000000000004,2.2484541877459248,0,1.7893947910811321,0.18264840182648401,0.30136986301369861,0.58675799086757996,0.31278538812785389,0.17808219178082191,0.24200913242009131,0.35920852359208527,-0.11719939117199396,2024,2022,2024,2024-12,MDB_TEMPORAL_2022_2024_1,MDB_ANALYTICAL_2024_2,ZERO_REGISTERED_BEDS
51008,Noroeste Matogrossense,MT,BR_HEALTH_REGIONS_END2024_V1,145402,434730,10.73226488300123,191,43.935316173256965,1,0,2.6000000000000001,0.6877484491272472,0,1.7881459677308429,0.72374429223744297,0.20776255707762556,0.031963470319634701,0.31278538812785389,0.17579908675799086,0.46575342465753428,0.17351598173515981,0.29223744292237447,2024,2022,2024,2024-12,MDB_TEMPORAL_2022_2024_1,MDB_ANALYTICAL_2024_2,ZERO_REGISTERED_BEDS
51009,Norte Araguaia Karajá,MT,BR_HEALTH_REGIONS_END2024_V1,26739,78954,9.8483133059083379,11,13.932163031638677,1,0,0,3.7398556415722353,0,0,0.62785388127853881,0.059360730593607303,0.88356164383561642,0.31278538812785389,0.0068493150684931503,0.34360730593607303,0.4010654490106545,-0.057458143074581469,2024,2022,2024,2024-12,MDB_TEMPORAL_2022_2024_1,MDB_ANALYTICAL_2024_2,SMALL_SUICIDE_COUNT|ZERO_REGISTERED_BEDS
51010,Norte Matogrossense,MT,BR_HEALTH_REGIONS_END2024_V1,69366,208488,7.7378733370236672,56,26.860059092130005,1,0,1.625,1.4416284635123835,0,2.3426462532076235,0.36986301369863012,0.11872146118721461,0.25342465753424659,0.31278538812785389,0.34474885844748859,0.24429223744292236,0.30365296803652969,-0.05936073059360733,2024,2022,2024,2024-12,MDB_TEMPORAL_2022_2024_1,MDB_ANALYTICAL_2024_2,ZERO_REGISTERED_BEDS
51011,Oeste Matogrossense,MT,BR_HEALTH_REGIONS_END2024_V1,187002,561685,10.020477489734377,316,56.259291239751818,4,0,2.25,2.1390145559940534,0,1.203195687746655,0.64383561643835618,0.31050228310502281,0.545662100456621,0.31278538812785389,0.089041095890410954,0.4771689497716895,0.31582952815829529,0.16133942161339421,2024,2022,2024,2024-12,MDB_TEMPORAL_2022_2024_1,MDB_ANALYTICAL_2024_2,ZERO_REGISTERED_BEDS
51012,Sudoeste Matogrossense,MT,BR_HEALTH_REGIONS_END2024_V1,128709,381874,7.9120119422303787,109,28.543446267617071,1,0,0.75,0.77694644508154054,0,0.58270983381115538,0.39269406392694062,0.12785388127853881,0.045662100456621002,0.31278538812785389,0.034246575342465752,0.26027397260273971,0.13089802130898021,0.12937595129375951,2024,2022,2024,2024-12,MDB_TEMPORAL_2022_2024_1,MDB_ANALYTICAL_2024_2,ZERO_REGISTERED_BEDS
51013,Sul Matogrossense,MT,BR_HEALTH_REGIONS_END2024_V1,601765,1772038,9.8636275295728915,3718,209.81491367566608,8,0,12.875,1.3294226151404618,0,2.1395395212416806,0.63013698630136983,0.87214611872146119,0.19634703196347031,0.31278538812785389,0.27625570776255709,0.75114155251141557,0.26179604261796041,0.48934550989345516,2024,2022,2024,2024-12,MDB_TEMPORAL_2022_2024_1,MDB_ANALYTICAL_2024_2,ZERO_REGISTERED_BEDS
51014,Teles Pires,MT,BR_HEALTH_REGIONS_END2024_V1,580757,1677290,7.4918532122962915,774,46.14586624853186,7,0,10.65,1.2053233968768349,0,1.8338134538197561,0.34018264840182649,0.23287671232876711,0.15525114155251141,0.31278538812785389,0.19178082191780821,0.2865296803652968,0.21993911719939119,0.066590563165905614,2024,2022,2024,2024-12,MDB_TEMPORAL_2022_2024_1,MDB_ANALYTICAL_2024_2,ZERO_REGISTERED_BEDS
51015,Vale do Peixoto,MT,BR_HEALTH_REGIONS_END2024_V1,103427,309505,11.137774683233264,90,29.078690166556274,2,0,1,1.9337310373500149,0,0.96686551867500747,0.75570776255707761,0.13013698630136986,0.46118721461187212,0.31278538812785389,0.077625570776255703,0.44292237442922372,0.28386605783866053,0.15905631659056318,2024,2022,2024,2024-12,MDB_TEMPORAL_2022_2024_1,MDB_ANALYTICAL_2024_2,ZERO_REGISTERED_BEDS
51016,Vale dos Arinos,MT,BR_HEALTH_REGIONS_END2024_V1,54804,164401,9.6635075130666106,176,107.0553098825433,1,0,0.97499999999999998,1.8246843296109774,0,1.7790672213707028,0.60730593607305938,0.60502283105022836,0.4178082191780822,0.31278538812785389,0.17123287671232876,0.60616438356164393,0.30060882800608829,0.30555555555555564,2024,2022,2024,2024-12,MDB_TEMPORAL_2022_2024_1,MDB_ANALYTICAL_2024_2,ZERO_REGISTERED_BEDS
52001,Central,GO,BR_HEALTH_REGIONS_END2024_V1,1968968,5865961,8.6361299534228166,10947,186.61903821044839,19,0,74.725000000000037,0.96497251351977276,0,3.7951353196192139,0.4863013698630137,0.81735159817351599,0.095890410958904104,0.31278538812785389,0.68264840182648401,0.65182648401826482,0.36377473363774732,0.2880517503805175,2024,2022,2024,2024-12,MDB_TEMPORAL_2022_2024_1,MDB_ANALYTICAL_2024_2,ZERO_REGISTERED_BEDS
52002,Centro Sul,GO,BR_HEALTH_REGIONS_END2024_V1,1003470,2963551,9.0657957785199255,6490,218.9940378957541,15,4,54.525000000000013,1.4948129988938383,0.39861679970502356,5.4336452509791044,0.54337899543378998,0.88356164383561642,0.28082191780821919,0.64383561643835618,0.8904109589041096,0.7134703196347032,0.60502283105022825,0.10844748858447495,2024,2022,2024,2024-12,MDB_TEMPORAL_2022_2024_1,MDB_ANALYTICAL_2024_2,
52003,Entorno Norte,GO,BR_HEALTH_REGIONS_END2024_V1,287800,853339,10.628222778322096,736,86.249427249897167,5,0,10.5,1.7373175816539264,0,3.6483669214732455,0.71004566210045661,0.5091324200913242,0.3904109589041096,0.31278538812785389,0.64840182648401823,0.6095890410958904,0.45053272450532722,0.15905631659056318,2024,2022,2024,2024-12,MDB_TEMPORAL_2022_2024_1,MDB_ANALYTICAL_2024_2,ZERO_REGISTERED_BEDS
52004,Entorno Sul,GO,BR_HEALTH_REGIONS_END2024_V1,1019365,3000107,8.104780907106047,1820,60.66450296606088,8,0,15.725000000000001,0.78480230339476043,0,1.542627027610326,0.4132420091324201,0.34703196347031962,0.047945205479452052,0.31278538812785389,0.13698630136986301,0.38013698630136983,0.16590563165905634,0.21423135464231349,2024,2022,2024,2024-12,MDB_TEMPORAL_2022_2024_1,MDB_ANALYTICAL_2024_2,ZERO_REGISTERED_BEDS
52005,Estrada de Ferro,GO,BR_HEALTH_REGIONS_END2024_V1,341609,1008978,9.4533307261717869,492,48.762212853005714,10,0,14.625,2.9273233433545371,0,4.2812103896560103,0.58904109589041098,0.25342465753424659,0.76027397260273977,0.31278538812785389,0.75114155251141557,0.42123287671232879,0.60806697108066976,-0.18683409436834097,2024,2022,2024,2024-12,MDB_TEMPORAL_2022_2024_1,MDB_ANALYTICAL_2024_2,ZERO_REGISTERED_BEDS
52006,Nordeste I,GO,BR_HEALTH_REGIONS_END2024_V1,41717,125882,6.4168698946519624,111,88.177817320983138,1,0,0,2.3971042980080064,0,0,0.23059360730593606,0.52054794520547942,0.63926940639269403,0.31278538812785389,0.0068493150684931503,0.37557077625570773,0.31963470319634707,0.055936073059360658,2024,2022,2024,2024-12,MDB_TEMPORAL_2022_2024_1,MDB_ANALYTICAL_2024_2,SMALL_SUICIDE_COUNT|ZERO_REGISTERED_BEDS
52007,Nordeste II,GO,BR_HEALTH_REGIONS_END2024_V1,95936,288235,6.2995389601751288,326,113.10215622669003,0,0,0.5,0,0,0.52118078719146088,0.21917808219178081,0.64840182648401823,0.0022831050228310501,0.31278538812785389,0.029680365296803651,0.43378995433789952,0.11491628614916287,0.31887366818873664,2024,2022,2024,2024-12,MDB_TEMPORAL_2022_2024_1,MDB_ANALYTICAL_2024_2,ZERO_REGISTERED_BEDS
52008,Norte,GO,BR_HEALTH_REGIONS_END2024_V1,132996,401175,12.39676484935165,264,65.806692839783139,3,4,3.0249999999999999,2.255706938554543,3.0076092514060573,2.274504496375831,0.87442922374429222,0.37671232876712329,0.58904109589041098,0.81050228310502281,0.32191780821917809,0.62557077625570778,0.57382039573820387,0.051750380517503913,2024,2022,2024,2024-12,MDB_TEMPORAL_2022_2024_1,MDB_ANALYTICAL_2024_2,
52009,Oeste I,GO,BR_HEALTH_REGIONS_END2024_V1,118022,353768,12.372352023325961,201,56.816896949413177,1,0,3.5750000000000002,0.84729965599633972,0,3.0290962701869142,0.87214611872146119,0.31735159817351599,0.068493150684931503,0.31278538812785389,0.50456621004566216,0.59474885844748859,0.29528158295281587,0.29946727549467272,2024,2022,2024,2024-12,MDB_TEMPORAL_2022_2024_1,MDB_ANALYTICAL_2024_2,ZERO_REGISTERED_BEDS
52010,Oeste II,GO,BR_HEALTH_REGIONS_END2024_V1,120408,358971,9.4183551558120282,300,83.572210568541749,2,0,3.5,1.6610192013819678,0,2.9067836024184439,0.57990867579908678,0.4908675799086758,0.36757990867579909,0.31278538812785389,0.4863013698630137,0.53538812785388123,0.3888888888888889,0.14649923896499234,2024,2022,2024,2024-12,MDB_TEMPORAL_2022_2024_1,MDB_ANALYTICAL_2024_2,ZERO_REGISTERED_BEDS
52011,Pirineus,GO,BR_HEALTH_REGIONS_END2024_V1,561392,1665923,8.612483435792706,5014,300.97429473030866,8,0,18.424999999999994,1.4250292130988684,0,3.2820204064183303,0.4771689497716895,0.94748858447488582,0.24429223744292236,0.31278538812785389,0.57990867579908678,0.71232876712328763,0.37899543378995437,0.33333333333333326,2024,2022,2024,2024-12,MDB_TEMPORAL_2022_2024_1,MDB_ANALYTICAL_2024_2,ZERO_REGISTERED_BEDS
52012,Rio Vermelho,GO,BR_HEALTH_REGIONS_END2024_V1,207179,620070,11.25920047365303,463,74.668988985114581,3,0,6.9749999999999996,1.4480232069852639,0,3.3666539562407385,0.77397260273972601,0.43835616438356162,0.26027397260273971,0.31278538812785389,0.59817351598173518,0.60616438356164382,0.3904109589041096,0.21575342465753422,2024,2022,2024,2024-12,MDB_TEMPORAL_2022_2024_1,MDB_ANALYTICAL_2024_2,ZERO_REGISTERED_BEDS
52013,São Patrício I,GO,BR_HEALTH_REGIONS_END2024_V1,170930,512092,11.467712010195072,671,131.03114284152068,7,4,4.9499999999999993,4.0952436669981864,2.340139238284678,2.8959223073772886,0.80136986301369861,0.69863013698630139,0.90410958904109584,0.77625570776255703,0.48401826484018262,0.75,0.72146118721461183,0.028538812785388168,2024,2022,2024,2024-12,MDB_TEMPORAL_2022_2024_1,MDB_ANALYTICAL_2024_2,
52014,Serra da Mesa,GO,BR_HEALTH_REGIONS_END2024_V1,122705,368443,13.231952969803716,481,130.54936584492037,2,0,4.5,1.6299254309115359,0,3.6673322195509557,0.91324200913242004,0.69634703196347036,0.35388127853881279,0.31278538812785389,0.65068493150684936,0.8047945205479452,0.439117199391172,0.36567732115677321,2024,2022,2024,2024-12,MDB_TEMPORAL_2022_2024_1,MDB_ANALYTICAL_2024_2,ZERO_REGISTERED_BEDS
52015,Sudoeste I,GO,BR_HEALTH_REGIONS_END2024_V1,454619,1350963,9.9043800127535562,1069,79.128740017306171,9,9,30.475000000000001,1.9796796878265097,1.9796796878265097,6.7034153873903213,0.63470319634703198,0.45662100456621002,0.4771689497716895,0.75342465753424659,0.95890410958904104,0.545662100456621,0.72983257229832565,-0.18417047184170465,2024,2022,2024,2024-12,MDB_TEMPORAL_2022_2024_1,MDB_ANALYTICAL_2024_2,
52016,Sudoeste II,GO,BR_HEALTH_REGIONS_END2024_V1,246361,729781,9.7025586414071459,700,95.919186714918581,3,8,14.25,1.2177252081295336,3.2472672216787561,5.7841947386152839,0.61643835616438358,0.55936073059360736,0.16438356164383561,0.82648401826484019,0.91552511415525117,0.58789954337899553,0.63546423135464236,-0.047564687975646835,2024,2022,2024,2024-12,MDB_TEMPORAL_2022_2024_1,MDB_ANALYTICAL_2024_2,
52017,Sul,GO,BR_HEALTH_REGIONS_END2024_V1,269992,803101,11.22720299916281,879,109.45074156301635,4,0,12.450000000000001,1.4815253785297342,0,4.6112477406737984,0.76940639269406397,0.61872146118721461,0.27625570776255709,0.31278538812785389,0.81050228310502281,0.69406392694063923,0.46651445966514454,0.22754946727549469,2024,2022,2024,2024-12,MDB_TEMPORAL_2022_2024_1,MDB_ANALYTICAL_2024_2,ZERO_REGISTERED_BEDS
52018,São Patrício II,GO,BR_HEALTH_REGIONS_END2024_V1,187014,555860,7.7582196134833952,635,114.23739790594753,4,0,7.8000000000000007,2.138877303303496,0,4.1708107414418176,0.37442922374429222,0.65296803652968038,0.54337899543378998,0.31278538812785389,0.73287671232876717,0.51369863013698636,0.52968036529680373,-0.015981735159817378,2024,2022,2024,2024-12,MDB_TEMPORAL_2022_2024_1,MDB_ANALYTICAL_2024_2,ZERO_REGISTERED_BEDS
53001,Distrito Federal,DF,BR_HEALTH_REGIONS_END2024_V1,2982818,8902787,8.6291482040988861,12019,135.00266826556674,18,45,129.90000000000001,0.60345619477956747,1.5086404869489187,4.3549422056592118,0.48401826484018262,0.70776255707762559,0.018264840182648401,0.71689497716894979,0.76027397260273977,0.59589041095890405,0.4984779299847793,0.097412480974124749,2024,2022,2024,2024-12,MDB_TEMPORAL_2022_2024_1,MDB_ANALYTICAL_2024_2,
