release_id,peer_method_version,health_region_code,peer_health_region_code,peer_rank,structural_distance
MDB_ANALYTICAL_2024_2,MDB_PEER_METHOD_1.0,11001,15013,1,0.086541207462859621
MDB_ANALYTICAL_2024_2,MDB_PEER_METHOD_1.0,11001,52016,2,0.23445634365250648
MDB_ANALYTICAL_2024_2,MDB_PEER_METHOD_1.0,11001,29008,3,0.25130794981342847
MDB_ANALYTICAL_2024_2,MDB_PEER_METHOD_1.0,11001,51007,4,0.29323943523574236
MDB_ANALYTICAL_2024_2,MDB_PEER_METHOD_1.0,11001,29017,5,0.38072812900928715
MDB_ANALYTICAL_2024_2,MDB_PEER_METHOD_1.0,11001,52003,6,0.46939662034817425
MDB_ANALYTICAL_2024_2,MDB_PEER_METHOD_1.0,11001,31073,7,0.48155014139859936
MDB_ANALYTICAL_2024_2,MDB_PEER_METHOD_1.0,11001,21001,8,0.49295268957349142
MDB_ANALYTICAL_2024_2,MDB_PEER_METHOD_1.0,11001,31019,9,0.53666537999262076
MDB_ANALYTICAL_2024_2,MDB_PEER_METHOD_1.0,11001,31058,10,0.55027624522921714
MDB_ANALYTICAL_2024_2,MDB_PEER_METHOD_1.0,11002,43022,1,0.075040231137073879
MDB_ANALYTICAL_2024_2,MDB_PEER_METHOD_1.0,11002,21004,2,0.28337251006470454
MDB_ANALYTICAL_2024_2,MDB_PEER_METHOD_1.0,11002,41021,3,0.42024006945024839
MDB_ANALYTICAL_2024_2,MDB_PEER_METHOD_1.0,11002,50013,4,0.42517401360184659
MDB_ANALYTICAL_2024_2,MDB_PEER_METHOD_1.0,11002,31055,5,0.4785659264399228
MDB_ANALYTICAL_2024_2,MDB_PEER_METHOD_1.0,11002,50014,6,0.51038881195405505
MDB_ANALYTICAL_2024_2,MDB_PEER_METHOD_1.0,11002,52018,7,0.53085893509953519
MDB_ANALYTICAL_2024_2,MDB_PEER_METHOD_1.0,11002,15004,8,0.5380218536749255
MDB_ANALYTICAL_2024_2,MDB_PEER_METHOD_1.0,11002,11006,9,0.54435719068407451
MDB_ANALYTICAL_2024_2,MDB_PEER_METHOD_1.0,11002,26011,10,0.55511972134834864
MDB_ANALYTICAL_2024_2,MDB_PEER_METHOD_1.0,11003,50017,1,0.20958586919001815
MDB_ANALYTICAL_2024_2,MDB_PEER_METHOD_1.0,11003,17006,2,0.27515836874873129
MDB_ANALYTICAL_2024_2,MDB_PEER_METHOD_1.0,11003,29021,3,0.41630944821169852
MDB_ANALYTICAL_2024_2,MDB_PEER_METHOD_1.0,11003,31058,4,0.41643929951831404
MDB_ANALYTICAL_2024_2,MDB_PEER_METHOD_1.0,11003,17001,5,0.41699840427874346
MDB_ANALYTICAL_2024_2,MDB_PEER_METHOD_1.0,11003,31052,6,0.42844529805254622
MDB_ANALYTICAL_2024_2,MDB_PEER_METHOD_1.0,11003,21015,7,0.44698684430582125
MDB_ANALYTICAL_2024_2,MDB_PEER_METHOD_1.0,11003,29011,8,0.45495954004632894
MDB_ANALYTICAL_2024_2,MDB_PEER_METHOD_1.0,11003,29002,9,0.46235882595474853
MDB_ANALYTICAL_2024_2,MDB_PEER_METHOD_1.0,11003,21014,10,0.4672457358456461
MDB_ANALYTICAL_2024_2,MDB_PEER_METHOD_1.0,11004,16001,1,0.71890783968698924
MDB_ANALYTICAL_2024_2,MDB_PEER_METHOD_1.0,11004,15014,2,0.87520039179618259
MDB_ANALYTICAL_2024_2,MDB_PEER_METHOD_1.0,11004,15004,3,0.89740836713847172
MDB_ANALYTICAL_2024_2,MDB_PEER_METHOD_1.0,11004,14001,4,1.0198661910374027
MDB_ANALYTICAL_2024_2,MDB_PEER_METHOD_1.0,11004,13005,5,1.0912309320478513
MDB_ANALYTICAL_2024_2,MDB_PEER_METHOD_1.0,11004,21004,6,1.1095944068118739
MDB_ANALYTICAL_2024_2,MDB_PEER_METHOD_1.0,11004,29016,7,1.1949858547036865
MDB_ANALYTICAL_2024_2,MDB_PEER_METHOD_1.0,11004,52003,8,1.1999802370808543
MDB_ANALYTICAL_2024_2,MDB_PEER_METHOD_1.0,11004,26009,9,1.2101978576654646
MDB_ANALYTICAL_2024_2,MDB_PEER_METHOD_1.0,11004,50013,10,1.2208673664866665
MDB_ANALYTICAL_2024_2,MDB_PEER_METHOD_1.0,11005,31055,1,0.23983051532016622
MDB_ANALYTICAL_2024_2,MDB_PEER_METHOD_1.0,11005,52014,2,0.25071053249038738
MDB_ANALYTICAL_2024_2,MDB_PEER_METHOD_1.0,11005,50016,3,0.29200960429723427
MDB_ANALYTICAL_2024_2,MDB_PEER_METHOD_1.0,11005,50014,4,0.34732501028182611
MDB_ANALYTICAL_2024_2,MDB_PEER_METHOD_1.0,11005,11006,5,0.35580500853697772
MDB_ANALYTICAL_2024_2,MDB_PEER_METHOD_1.0,11005,29008,6,0.44085491348422556
MDB_ANALYTICAL_2024_2,MDB_PEER_METHOD_1.0,11005,43024,7,0.45203567563666341
MDB_ANALYTICAL_2024_2,MDB_PEER_METHOD_1.0,11005,50015,8,0.47267723386595989
MDB_ANALYTICAL_2024_2,MDB_PEER_METHOD_1.0,11005,31085,9,0.4992746183075677
MDB_ANALYTICAL_2024_2,MDB_PEER_METHOD_1.0,11005,51005,10,0.57235774195861144
MDB_ANALYTICAL_2024_2,MDB_PEER_METHOD_1.0,11006,50014,1,0.03923853693820066
MDB_ANALYTICAL_2024_2,MDB_PEER_METHOD_1.0,11006,31055,2,0.3192888328489738
MDB_ANALYTICAL_2024_2,MDB_PEER_METHOD_1.0,11006,11005,3,0.35580500853697772
MDB_ANALYTICAL_2024_2,MDB_PEER_METHOD_1.0,11006,50013,4,0.36376888177889721
MDB_ANALYTICAL_2024_2,MDB_PEER_METHOD_1.0,11006,13004,5,0.40780733018237764
MDB_ANALYTICAL_2024_2,MDB_PEER_METHOD_1.0,11006,50016,6,0.44726641156365382
MDB_ANALYTICAL_2024_2,MDB_PEER_METHOD_1.0,11006,29008,7,0.46901971702468354
MDB_ANALYTICAL_2024_2,MDB_PEER_METHOD_1.0,11006,50015,8,0.51491183367994875
MDB_ANALYTICAL_2024_2,MDB_PEER_METHOD_1.0,11006,12003,9,0.53674539360083295
MDB_ANALYTICAL_2024_2,MDB_PEER_METHOD_1.0,11006,11002,10,0.54435719068407451
MDB_ANALYTICAL_2024_2,MDB_PEER_METHOD_1.0,11007,51016,1,0.53180449779587879
MDB_ANALYTICAL_2024_2,MDB_PEER_METHOD_1.0,11007,31077,2,0.72259445915885978
MDB_ANALYTICAL_2024_2,MDB_PEER_METHOD_1.0,11007,22007,3,0.82663115266594023
MDB_ANALYTICAL_2024_2,MDB_PEER_METHOD_1.0,11007,52006,4,0.82914069657557543
MDB_ANALYTICAL_2024_2,MDB_PEER_METHOD_1.0,11007,12001,5,0.83665999743375374
MDB_ANALYTICAL_2024_2,MDB_PEER_METHOD_1.0,11007,16002,6,0.95964709720350072
MDB_ANALYTICAL_2024_2,MDB_PEER_METHOD_1.0,11007,51009,7,1.0219596160372246
MDB_ANALYTICAL_2024_2,MDB_PEER_METHOD_1.0,11007,31066,8,1.0854342627841467
MDB_ANALYTICAL_2024_2,MDB_PEER_METHOD_1.0,11007,31050,9,1.0974784605033774
MDB_ANALYTICAL_2024_2,MDB_PEER_METHOD_1.0,11007,51010,10,1.2029745623215748
MDB_ANALYTICAL_2024_2,MDB_PEER_METHOD_1.0,12001,31077,1,0.4411664879564845
MDB_ANALYTICAL_2024_2,MDB_PEER_METHOD_1.0,12001,51015,2,0.53789782444433887
MDB_ANALYTICAL_2024_2,MDB_PEER_METHOD_1.0,12001,22007,3,0.63457383946002088
MDB_ANALYTICAL_2024_2,MDB_PEER_METHOD_1.0,12001,31053,4,0.64249405141722848
MDB_ANALYTICAL_2024_2,MDB_PEER_METHOD_1.0,12001,31076,5,0.65963910584218377
MDB_ANALYTICAL_2024_2,MDB_PEER_METHOD_1.0,12001,51016,6,0.69072231954162744
MDB_ANALYTICAL_2024_2,MDB_PEER_METHOD_1.0,12001,31051,7,0.69625334013295248
MDB_ANALYTICAL_2024_2,MDB_PEER_METHOD_1.0,12001,31100,8,0.69924288212762586
MDB_ANALYTICAL_2024_2,MDB_PEER_METHOD_1.0,12001,31050,9,0.74916347135255745
MDB_ANALYTICAL_2024_2,MDB_PEER_METHOD_1.0,12001,52006,10,0.754609094651152
MDB_ANALYTICAL_2024_2,MDB_PEER_METHOD_1.0,12002,29016,1,0.20947233838667675
MDB_ANALYTICAL_2024_2,MDB_PEER_METHOD_1.0,12002,43003,2,0.30242584924431121
MDB_ANALYTICAL_2024_2,MDB_PEER_METHOD_1.0,12002,14001,3,0.43475186369208996
MDB_ANALYTICAL_2024_2,MDB_PEER_METHOD_1.0,12002,51014,4,0.44388297936235127
MDB_ANALYTICAL_2024_2,MDB_PEER_METHOD_1.0,12002,29002,5,0.5811197401100382
MDB_ANALYTICAL_2024_2,MDB_PEER_METHOD_1.0,12002,17006,6,0.66417558099517593
MDB_ANALYTICAL_2024_2,MDB_PEER_METHOD_1.0,12002,11003,7,0.66517260129976941
MDB_ANALYTICAL_2024_2,MDB_PEER_METHOD_1.0,12002,29021,8,0.68824526086579629
MDB_ANALYTICAL_2024_2,MDB_PEER_METHOD_1.0,12002,50012,9,0.70452915011274397
MDB_ANALYTICAL_2024_2,MDB_PEER_METHOD_1.0,12002,31058,10,0.76026357114923737
MDB_ANALYTICAL_2024_2,MDB_PEER_METHOD_1.0,12003,13002,1,0.37451808644067403
MDB_ANALYTICAL_2024_2,MDB_PEER_METHOD_1.0,12003,13004,2,0.38063118116584699
MDB_ANALYTICAL_2024_2,MDB_PEER_METHOD_1.0,12003,15010,3,0.44688323585901862
MDB_ANALYTICAL_2024_2,MDB_PEER_METHOD_1.0,12003,15014,4,0.49522088854453383
MDB_ANALYTICAL_2024_2,MDB_PEER_METHOD_1.0,12003,50013,5,0.50884319979040282
MDB_ANALYTICAL_2024_2,MDB_PEER_METHOD_1.0,12003,11006,6,0.53674539360083295
MDB_ANALYTICAL_2024_2,MDB_PEER_METHOD_1.0,12003,50014,7,0.55253063004355363
MDB_ANALYTICAL_2024_2,MDB_PEER_METHOD_1.0,12003,13005,8,0.57402378374543817
MDB_ANALYTICAL_2024_2,MDB_PEER_METHOD_1.0,12003,13009,9,0.60535282841433891
MDB_ANALYTICAL_2024_2,MDB_PEER_METHOD_1.0,12003,15013,10,0.63696743721654381
MDB_ANALYTICAL_2024_2,MDB_PEER_METHOD_1.0,13001,51002,1,1.1268669350814216
MDB_ANALYTICAL_2024_2,MDB_PEER_METHOD_1.0,13001,15003,2,1.3024371058970814
MDB_ANALYTICAL_2024_2,MDB_PEER_METHOD_1.0,13001,50011,3,1.3174871600773632
MDB_ANALYTICAL_2024_2,MDB_PEER_METHOD_1.0,13001,15002,4,1.3726590776085865
MDB_ANALYTICAL_2024_2,MDB_PEER_METHOD_1.0,13001,15011,5,1.5542600648372757
MDB_ANALYTICAL_2024_2,MDB_PEER_METHOD_1.0,13001,14001,6,1.6648352945392484
MDB_ANALYTICAL_2024_2,MDB_PEER_METHOD_1.0,13001,51014,7,1.6666640317933776
MDB_ANALYTICAL_2024_2,MDB_PEER_METHOD_1.0,13001,29016,8,1.6714308140374383
MDB_ANALYTICAL_2024_2,MDB_PEER_METHOD_1.0,13001,12002,9,1.6954735874784577
MDB_ANALYTICAL_2024_2,MDB_PEER_METHOD_1.0,13001,15008,10,1.7310402937174709
MDB_ANALYTICAL_2024_2,MDB_PEER_METHOD_1.0,13002,13009,1,0.260339324708179
MDB_ANALYTICAL_2024_2,MDB_PEER_METHOD_1.0,13002,12003,2,0.37451808644067403
MDB_ANALYTICAL_2024_2,MDB_PEER_METHOD_1.0,13002,15012,3,0.41059288933334415
MDB_ANALYTICAL_2024_2,MDB_PEER_METHOD_1.0,13002,15010,4,0.51153477943150583
MDB_ANALYTICAL_2024_2,MDB_PEER_METHOD_1.0,13002,15014,5,0.6480786794867136
MDB_ANALYTICAL_2024_2,MDB_PEER_METHOD_1.0,13002,51007,6,0.71488635107165088
MDB_ANALYTICAL_2024_2,MDB_PEER_METHOD_1.0,13002,13004,7,0.72604122416822614
MDB_ANALYTICAL_2024_2,MDB_PEER_METHOD_1.0,13002,15013,8,0.75317005757242805
MDB_ANALYTICAL_2024_2,MDB_PEER_METHOD_1.0,13002,52016,9,0.77118340086397208
MDB_ANALYTICAL_2024_2,MDB_PEER_METHOD_1.0,13002,29008,10,0.79444779970161039
MDB_ANALYTICAL_2024_2,MDB_PEER_METHOD_1.0,13003,13006,1,0.37854117668358728
MDB_ANALYTICAL_2024_2,MDB_PEER_METHOD_1.0,13003,13008,2,0.45843869460142395
MDB_ANALYTICAL_2024_2,MDB_PEER_METHOD_1.0,13003,15010,3,0.46460313269827774
MDB_ANALYTICAL_2024_2,MDB_PEER_METHOD_1.0,13003,13007,4,0.55022922791324391
MDB_ANALYTICAL_2024_2,MDB_PEER_METHOD_1.0,13003,13004,5,0.65548989127265678
MDB_ANALYTICAL_2024_2,MDB_PEER_METHOD_1.0,13003,13005,6,0.67036974978012143
MDB_ANALYTICAL_2024_2,MDB_PEER_METHOD_1.0,13003,51008,7,0.67912929590085225
MDB_ANALYTICAL_2024_2,MDB_PEER_METHOD_1.0,13003,16003,8,0.77540622120972535
MDB_ANALYTICAL_2024_2,MDB_PEER_METHOD_1.0,13003,51001,9,0.77861115832253902
MDB_ANALYTICAL_2024_2,MDB_PEER_METHOD_1.0,13003,12003,10,0.79857554414269327
MDB_ANALYTICAL_2024_2,MDB_PEER_METHOD_1.0,13004,50013,1,0.35325593012050688
MDB_ANALYTICAL_2024_2,MDB_PEER_METHOD_1.0,13004,12003,2,0.38063118116584699
MDB_ANALYTICAL_2024_2,MDB_PEER_METHOD_1.0,13004,11006,3,0.40780733018237764
MDB_ANALYTICAL_2024_2,MDB_PEER_METHOD_1.0,13004,13005,4,0.40934815330455382
MDB_ANALYTICAL_2024_2,MDB_PEER_METHOD_1.0,13004,50014,5,0.43027078499480242
MDB_ANALYTICAL_2024_2,MDB_PEER_METHOD_1.0,13004,15010,6,0.54502849046894108
MDB_ANALYTICAL_2024_2,MDB_PEER_METHOD_1.0,13004,13007,7,0.56237816227964221
MDB_ANALYTICAL_2024_2,MDB_PEER_METHOD_1.0,13004,13008,8,0.59080338703648416
MDB_ANALYTICAL_2024_2,MDB_PEER_METHOD_1.0,13004,51001,9,0.59881669879909427
MDB_ANALYTICAL_2024_2,MDB_PEER_METHOD_1.0,13004,51008,10,0.60170495433939231
MDB_ANALYTICAL_2024_2,MDB_PEER_METHOD_1.0,13005,13004,1,0.40934815330455382
MDB_ANALYTICAL_2024_2,MDB_PEER_METHOD_1.0,13005,50013,2,0.45346884690857708
MDB_ANALYTICAL_2024_2,MDB_PEER_METHOD_1.0,13005,16003,3,0.45616230109810013
MDB_ANALYTICAL_2024_2,MDB_PEER_METHOD_1.0,13005,15004,4,0.55647714905552104
MDB_ANALYTICAL_2024_2,MDB_PEER_METHOD_1.0,13005,15010,5,0.55926125741614274
MDB_ANALYTICAL_2024_2,MDB_PEER_METHOD_1.0,13005,12003,6,0.57402378374543817
MDB_ANALYTICAL_2024_2,MDB_PEER_METHOD_1.0,13005,21004,7,0.63950888892285174
MDB_ANALYTICAL_2024_2,MDB_PEER_METHOD_1.0,13005,13003,8,0.67036974978012143
MDB_ANALYTICAL_2024_2,MDB_PEER_METHOD_1.0,13005,15014,9,0.70665356430995097
MDB_ANALYTICAL_2024_2,MDB_PEER_METHOD_1.0,13005,11006,10,0.73789128521681013
MDB_ANALYTICAL_2024_2,MDB_PEER_METHOD_1.0,13006,13008,1,0.36485039909765488
MDB_ANALYTICAL_2024_2,MDB_PEER_METHOD_1.0,13006,13003,2,0.37854117668358728
MDB_ANALYTICAL_2024_2,MDB_PEER_METHOD_1.0,13006,13007,3,0.43608112286818962
MDB_ANALYTICAL_2024_2,MDB_PEER_METHOD_1.0,13006,14002,4,0.53082193512008624
MDB_ANALYTICAL_2024_2,MDB_PEER_METHOD_1.0,13006,51008,5,0.62562942036347546
MDB_ANALYTICAL_2024_2,MDB_PEER_METHOD_1.0,13006,51001,6,0.65099032106828336
MDB_ANALYTICAL_2024_2,MDB_PEER_METHOD_1.0,13006,15010,7,0.79030324193907486
MDB_ANALYTICAL_2024_2,MDB_PEER_METHOD_1.0,13006,51015,8,0.79133826942254815
MDB_ANALYTICAL_2024_2,MDB_PEER_METHOD_1.0,13006,13004,9,0.83688741277588596
MDB_ANALYTICAL_2024_2,MDB_PEER_METHOD_1.0,13006,16002,10,0.85932362102064075
MDB_ANALYTICAL_2024_2,MDB_PEER_METHOD_1.0,13007,13008,1,0.13512570542362687
MDB_ANALYTICAL_2024_2,MDB_PEER_METHOD_1.0,13007,51008,2,0.27354739315995502
MDB_ANALYTICAL_2024_2,MDB_PEER_METHOD_1.0,13007,51001,3,0.27806935976111458
MDB_ANALYTICAL_2024_2,MDB_PEER_METHOD_1.0,13007,14002,4,0.38607722890269214
MDB_ANALYTICAL_2024_2,MDB_PEER_METHOD_1.0,13007,13006,5,0.43608112286818962
MDB_ANALYTICAL_2024_2,MDB_PEER_METHOD_1.0,13007,51006,6,0.49736072930417558
MDB_ANALYTICAL_2024_2,MDB_PEER_METHOD_1.0,13007,13003,7,0.55022922791324391
MDB_ANALYTICAL_2024_2,MDB_PEER_METHOD_1.0,13007,51003,8,0.55121095898378525
MDB_ANALYTICAL_2024_2,MDB_PEER_METHOD_1.0,13007,13004,9,0.56237816227964221
MDB_ANALYTICAL_2024_2,MDB_PEER_METHOD_1.0,13007,51015,10,0.57704811199494033
MDB_ANALYTICAL_2024_2,MDB_PEER_METHOD_1.0,13008,13007,1,0.13512570542362687
MDB_ANALYTICAL_2024_2,MDB_PEER_METHOD_1.0,13008,51008,2,0.27056207374796826
MDB_ANALYTICAL_2024_2,MDB_PEER_METHOD_1.0,13008,13006,3,0.36485039909765488
MDB_ANALYTICAL_2024_2,MDB_PEER_METHOD_1.0,13008,51001,4,0.41318270300657622
MDB_ANALYTICAL_2024_2,MDB_PEER_METHOD_1.0,13008,14002,5,0.43892901375260196
MDB_ANALYTICAL_2024_2,MDB_PEER_METHOD_1.0,13008,13003,6,0.45843869460142395
MDB_ANALYTICAL_2024_2,MDB_PEER_METHOD_1.0,13008,51006,7,0.52875523283689363
MDB_ANALYTICAL_2024_2,MDB_PEER_METHOD_1.0,13008,13004,8,0.59080338703648416
MDB_ANALYTICAL_2024_2,MDB_PEER_METHOD_1.0,13008,15010,9,0.65718344613949953
MDB_ANALYTICAL_2024_2,MDB_PEER_METHOD_1.0,13008,51003,10,0.66634141258326185
MDB_ANALYTICAL_2024_2,MDB_PEER_METHOD_1.0,13009,13002,1,0.260339324708179
MDB_ANALYTICAL_2024_2,MDB_PEER_METHOD_1.0,13009,15012,2,0.39996552182651274
MDB_ANALYTICAL_2024_2,MDB_PEER_METHOD_1.0,13009,12003,3,0.60535282841433891
MDB_ANALYTICAL_2024_2,MDB_PEER_METHOD_1.0,13009,15010,4,0.70146711089332603
MDB_ANALYTICAL_2024_2,MDB_PEER_METHOD_1.0,13009,50009,5,0.73978528585265002
MDB_ANALYTICAL_2024_2,MDB_PEER_METHOD_1.0,13009,51007,6,0.77096484656269137
MDB_ANALYTICAL_2024_2,MDB_PEER_METHOD_1.0,13009,52016,7,0.82923271955973399
MDB_ANALYTICAL_2024_2,MDB_PEER_METHOD_1.0,13009,51008,8,0.83980327046396075
MDB_ANALYTICAL_2024_2,MDB_PEER_METHOD_1.0,13009,15013,9,0.87025847203692286
MDB_ANALYTICAL_2024_2,MDB_PEER_METHOD_1.0,13009,51005,10,0.87252876342759655
MDB_ANALYTICAL_2024_2,MDB_PEER_METHOD_1.0,14001,29016,1,0.38276455005820803
MDB_ANALYTICAL_2024_2,MDB_PEER_METHOD_1.0,14001,12002,2,0.43475186369208996
MDB_ANALYTICAL_2024_2,MDB_PEER_METHOD_1.0,14001,43003,3,0.65085569686630063
MDB_ANALYTICAL_2024_2,MDB_PEER_METHOD_1.0,14001,15014,4,0.76416012496692709
MDB_ANALYTICAL_2024_2,MDB_PEER_METHOD_1.0,14001,16001,5,0.77386598231123926
MDB_ANALYTICAL_2024_2,MDB_PEER_METHOD_1.0,14001,15012,6,0.7963474279453101
MDB_ANALYTICAL_2024_2,MDB_PEER_METHOD_1.0,14001,51014,7,0.811768681552402
MDB_ANALYTICAL_2024_2,MDB_PEER_METHOD_1.0,14001,29021,8,0.91884839437441768
MDB_ANALYTICAL_2024_2,MDB_PEER_METHOD_1.0,14001,51007,9,0.93001419465448676
MDB_ANALYTICAL_2024_2,MDB_PEER_METHOD_1.0,14001,29002,10,0.95030441179097269
MDB_ANALYTICAL_2024_2,MDB_PEER_METHOD_1.0,14002,13007,1,0.38607722890269214
MDB_ANALYTICAL_2024_2,MDB_PEER_METHOD_1.0,14002,51001,2,0.42150324212812856
MDB_ANALYTICAL_2024_2,MDB_PEER_METHOD_1.0,14002,13008,3,0.43892901375260196
MDB_ANALYTICAL_2024_2,MDB_PEER_METHOD_1.0,14002,51003,4,0.48405195727960254
MDB_ANALYTICAL_2024_2,MDB_PEER_METHOD_1.0,14002,51004,5,0.49269986162791174
MDB_ANALYTICAL_2024_2,MDB_PEER_METHOD_1.0,14002,51008,6,0.51225591366193923
MDB_ANALYTICAL_2024_2,MDB_PEER_METHOD_1.0,14002,16002,7,0.51933764392269699
MDB_ANALYTICAL_2024_2,MDB_PEER_METHOD_1.0,14002,13006,8,0.53082193512008624
MDB_ANALYTICAL_2024_2,MDB_PEER_METHOD_1.0,14002,51010,9,0.57023126596261742
MDB_ANALYTICAL_2024_2,MDB_PEER_METHOD_1.0,14002,51006,10,0.58987901552147903
MDB_ANALYTICAL_2024_2,MDB_PEER_METHOD_1.0,15001,29002,1,0.52039761609571455
MDB_ANALYTICAL_2024_2,MDB_PEER_METHOD_1.0,15001,51014,2,0.60869251975517047
MDB_ANALYTICAL_2024_2,MDB_PEER_METHOD_1.0,15001,15002,3,0.65216422818848896
MDB_ANALYTICAL_2024_2,MDB_PEER_METHOD_1.0,15001,51013,4,0.71943109630940061
MDB_ANALYTICAL_2024_2,MDB_PEER_METHOD_1.0,15001,29021,5,0.77483921723910221
MDB_ANALYTICAL_2024_2,MDB_PEER_METHOD_1.0,15001,11003,6,0.79765345637317553
MDB_ANALYTICAL_2024_2,MDB_PEER_METHOD_1.0,15001,50009,7,0.81209530211970704
MDB_ANALYTICAL_2024_2,MDB_PEER_METHOD_1.0,15001,21003,8,0.82391475712570039
MDB_ANALYTICAL_2024_2,MDB_PEER_METHOD_1.0,15001,12002,9,0.85551169493239854
MDB_ANALYTICAL_2024_2,MDB_PEER_METHOD_1.0,15001,31058,10,0.8798378182864427
MDB_ANALYTICAL_2024_2,MDB_PEER_METHOD_1.0,15002,15001,1,0.65216422818848896
MDB_ANALYTICAL_2024_2,MDB_PEER_METHOD_1.0,15002,51014,2,0.71075856011574234
MDB_ANALYTICAL_2024_2,MDB_PEER_METHOD_1.0,15002,29002,3,0.78497479928815683
MDB_ANALYTICAL_2024_2,MDB_PEER_METHOD_1.0,15002,51013,4,0.86251617193577401
MDB_ANALYTICAL_2024_2,MDB_PEER_METHOD_1.0,15002,12002,5,0.90236028757763487
MDB_ANALYTICAL_2024_2,MDB_PEER_METHOD_1.0,15002,14001,6,0.96378694120498976
MDB_ANALYTICAL_2024_2,MDB_PEER_METHOD_1.0,15002,29016,7,1.0441317957104037
MDB_ANALYTICAL_2024_2,MDB_PEER_METHOD_1.0,15002,15003,8,1.1259031474106835
MDB_ANALYTICAL_2024_2,MDB_PEER_METHOD_1.0,15002,15012,9,1.1686935506250791
MDB_ANALYTICAL_2024_2,MDB_PEER_METHOD_1.0,15002,43003,10,1.174325500392754
MDB_ANALYTICAL_2024_2,MDB_PEER_METHOD_1.0,15003,15008,1,0.51656156322095559
MDB_ANALYTICAL_2024_2,MDB_PEER_METHOD_1.0,15003,43021,2,0.56040997775468937
MDB_ANALYTICAL_2024_2,MDB_PEER_METHOD_1.0,15003,23024,3,0.61582179800442094
MDB_ANALYTICAL_2024_2,MDB_PEER_METHOD_1.0,15003,29028,4,0.67016756845944825
MDB_ANALYTICAL_2024_2,MDB_PEER_METHOD_1.0,15003,21008,5,0.67477755769188996
MDB_ANALYTICAL_2024_2,MDB_PEER_METHOD_1.0,15003,29025,6,0.79190314337283285
MDB_ANALYTICAL_2024_2,MDB_PEER_METHOD_1.0,15003,51002,7,0.8052066399304294
MDB_ANALYTICAL_2024_2,MDB_PEER_METHOD_1.0,15003,51013,8,0.80570300222167357
MDB_ANALYTICAL_2024_2,MDB_PEER_METHOD_1.0,15003,51014,9,0.85838818075407763
MDB_ANALYTICAL_2024_2,MDB_PEER_METHOD_1.0,15003,15009,10,0.86275711608390726
MDB_ANALYTICAL_2024_2,MDB_PEER_METHOD_1.0,15004,21004,1,0.34656731299233801
MDB_ANALYTICAL_2024_2,MDB_PEER_METHOD_1.0,15004,50013,2,0.48616888179496781
MDB_ANALYTICAL_2024_2,MDB_PEER_METHOD_1.0,15004,11002,3,0.5380218536749255
MDB_ANALYTICAL_2024_2,MDB_PEER_METHOD_1.0,15004,43022,4,0.54547901294141543
MDB_ANALYTICAL_2024_2,MDB_PEER_METHOD_1.0,15004,13005,5,0.55647714905552104
MDB_ANALYTICAL_2024_2,MDB_PEER_METHOD_1.0,15004,15014,6,0.70002063841995366
MDB_ANALYTICAL_2024_2,MDB_PEER_METHOD_1.0,15004,16003,7,0.71821300380045383
MDB_ANALYTICAL_2024_2,MDB_PEER_METHOD_1.0,15004,13004,8,0.76814301152856757
MDB_ANALYTICAL_2024_2,MDB_PEER_METHOD_1.0,15004,50014,9,0.81402052121963842
MDB_ANALYTICAL_2024_2,MDB_PEER_METHOD_1.0,15004,21017,10,0.82758445801723968
MDB_ANALYTICAL_2024_2,MDB_PEER_METHOD_1.0,15006,43010,1,0.42248767406289128
MDB_ANALYTICAL_2024_2,MDB_PEER_METHOD_1.0,15006,21016,2,0.48300874518657655
MDB_ANALYTICAL_2024_2,MDB_PEER_METHOD_1.0,15006,24007,3,0.50681814468057329
MDB_ANALYTICAL_2024_2,MDB_PEER_METHOD_1.0,15006,33006,4,0.64804544440815726
MDB_ANALYTICAL_2024_2,MDB_PEER_METHOD_1.0,15006,35015,5,0.98966088651255657
MDB_ANALYTICAL_2024_2,MDB_PEER_METHOD_1.0,15006,35014,6,0.99437342993039091
MDB_ANALYTICAL_2024_2,MDB_PEER_METHOD_1.0,15006,35041,7,1.0526694895005611
MDB_ANALYTICAL_2024_2,MDB_PEER_METHOD_1.0,15006,35013,8,1.0647415295080527
MDB_ANALYTICAL_2024_2,MDB_PEER_METHOD_1.0,15006,35073,9,1.1722290844432404
MDB_ANALYTICAL_2024_2,MDB_PEER_METHOD_1.0,15006,29020,10,1.2599229797942966
MDB_ANALYTICAL_2024_2,MDB_PEER_METHOD_1.0,15007,29018,1,0.26565972098846358
MDB_ANALYTICAL_2024_2,MDB_PEER_METHOD_1.0,15007,31072,2,0.31771114750268947
MDB_ANALYTICAL_2024_2,MDB_PEER_METHOD_1.0,15007,29024,3,0.33812169603148901
MDB_ANALYTICAL_2024_2,MDB_PEER_METHOD_1.0,15007,26007,4,0.37546358464651142
MDB_ANALYTICAL_2024_2,MDB_PEER_METHOD_1.0,15007,29009,5,0.41236297763648472
MDB_ANALYTICAL_2024_2,MDB_PEER_METHOD_1.0,15007,35051,6,0.49150169237491415
MDB_ANALYTICAL_2024_2,MDB_PEER_METHOD_1.0,15007,21005,7,0.52264090470242308
MDB_ANALYTICAL_2024_2,MDB_PEER_METHOD_1.0,15007,31099,8,0.5320257575407159
MDB_ANALYTICAL_2024_2,MDB_PEER_METHOD_1.0,15007,21002,9,0.54191993678180339
MDB_ANALYTICAL_2024_2,MDB_PEER_METHOD_1.0,15007,26012,10,0.55025906156800752
MDB_ANALYTICAL_2024_2,MDB_PEER_METHOD_1.0,15008,43021,1,0.24376119749109634
MDB_ANALYTICAL_2024_2,MDB_PEER_METHOD_1.0,15008,23024,2,0.40307119430022242
MDB_ANALYTICAL_2024_2,MDB_PEER_METHOD_1.0,15008,15003,3,0.51656156322095559
MDB_ANALYTICAL_2024_2,MDB_PEER_METHOD_1.0,15008,29028,4,0.53103692331135577
MDB_ANALYTICAL_2024_2,MDB_PEER_METHOD_1.0,15008,23025,5,0.64953803233896057
MDB_ANALYTICAL_2024_2,MDB_PEER_METHOD_1.0,15008,29007,6,0.69528785321389019
MDB_ANALYTICAL_2024_2,MDB_PEER_METHOD_1.0,15008,29025,7,0.70181550574469231
MDB_ANALYTICAL_2024_2,MDB_PEER_METHOD_1.0,15008,29015,8,0.73539965416159314
MDB_ANALYTICAL_2024_2,MDB_PEER_METHOD_1.0,15008,52002,9,0.74726817058690331
MDB_ANALYTICAL_2024_2,MDB_PEER_METHOD_1.0,15008,41005,10,0.7561665948802283
MDB_ANALYTICAL_2024_2,MDB_PEER_METHOD_1.0,15009,29025,1,0.24623652214708405
MDB_ANALYTICAL_2024_2,MDB_PEER_METHOD_1.0,15009,29001,2,0.30630278084611778
MDB_ANALYTICAL_2024_2,MDB_PEER_METHOD_1.0,15009,32001,3,0.31151667597708504
MDB_ANALYTICAL_2024_2,MDB_PEER_METHOD_1.0,15009,32003,4,0.35086391390937149
MDB_ANALYTICAL_2024_2,MDB_PEER_METHOD_1.0,15009,24002,5,0.3655752928061074
MDB_ANALYTICAL_2024_2,MDB_PEER_METHOD_1.0,15009,21011,6,0.39087269271992753
MDB_ANALYTICAL_2024_2,MDB_PEER_METHOD_1.0,15009,21008,7,0.40034600053815178
MDB_ANALYTICAL_2024_2,MDB_PEER_METHOD_1.0,15009,23025,8,0.41588609455097292
MDB_ANALYTICAL_2024_2,MDB_PEER_METHOD_1.0,15009,29019,9,0.42801523209525844
MDB_ANALYTICAL_2024_2,MDB_PEER_METHOD_1.0,15009,26002,10,0.44468953272098433
MDB_ANALYTICAL_2024_2,MDB_PEER_METHOD_1.0,15010,12003,1,0.44688323585901862
MDB_ANALYTICAL_2024_2,MDB_PEER_METHOD_1.0,15010,13003,2,0.46460313269827774
MDB_ANALYTICAL_2024_2,MDB_PEER_METHOD_1.0,15010,13002,3,0.51153477943150583
MDB_ANALYTICAL_2024_2,MDB_PEER_METHOD_1.0,15010,13004,4,0.54502849046894108
MDB_ANALYTICAL_2024_2,MDB_PEER_METHOD_1.0,15010,13005,5,0.55926125741614274
MDB_ANALYTICAL_2024_2,MDB_PEER_METHOD_1.0,15010,13008,6,0.65718344613949953
MDB_ANALYTICAL_2024_2,MDB_PEER_METHOD_1.0,15010,13009,7,0.70146711089332603
MDB_ANALYTICAL_2024_2,MDB_PEER_METHOD_1.0,15010,51008,8,0.71587228899877631
MDB_ANALYTICAL_2024_2,MDB_PEER_METHOD_1.0,15010,13007,9,0.73918299210169025
MDB_ANALYTICAL_2024_2,MDB_PEER_METHOD_1.0,15010,15014,10,0.78481451071989972
MDB_ANALYTICAL_2024_2,MDB_PEER_METHOD_1.0,15011,50011,1,0.36248343684255518
MDB_ANALYTICAL_2024_2,MDB_PEER_METHOD_1.0,15011,51002,2,0.44388879675609266
MDB_ANALYTICAL_2024_2,MDB_PEER_METHOD_1.0,15011,31075,3,0.53842821856611678
MDB_ANALYTICAL_2024_2,MDB_PEER_METHOD_1.0,15011,41003,4,0.55362006267649577
MDB_ANALYTICAL_2024_2,MDB_PEER_METHOD_1.0,15011,52011,5,0.74223431450121757
MDB_ANALYTICAL_2024_2,MDB_PEER_METHOD_1.0,15011,50012,6,0.76909317600918237
MDB_ANALYTICAL_2024_2,MDB_PEER_METHOD_1.0,15011,26009,7,0.79453700510327674
MDB_ANALYTICAL_2024_2,MDB_PEER_METHOD_1.0,15011,29016,8,0.79987300844794862
MDB_ANALYTICAL_2024_2,MDB_PEER_METHOD_1.0,15011,31072,9,0.82041706835474859
MDB_ANALYTICAL_2024_2,MDB_PEER_METHOD_1.0,15011,29026,10,0.82710480489627225
MDB_ANALYTICAL_2024_2,MDB_PEER_METHOD_1.0,15012,13009,1,0.39996552182651274
MDB_ANALYTICAL_2024_2,MDB_PEER_METHOD_1.0,15012,13002,2,0.41059288933334415
MDB_ANALYTICAL_2024_2,MDB_PEER_METHOD_1.0,15012,12003,3,0.73973685663480593
MDB_ANALYTICAL_2024_2,MDB_PEER_METHOD_1.0,15012,15014,4,0.77489437716359089
MDB_ANALYTICAL_2024_2,MDB_PEER_METHOD_1.0,15012,14001,5,0.7963474279453101
MDB_ANALYTICAL_2024_2,MDB_PEER_METHOD_1.0,15012,51007,6,0.79762887356016765
MDB_ANALYTICAL_2024_2,MDB_PEER_METHOD_1.0,15012,50009,7,0.82443752208787024
MDB_ANALYTICAL_2024_2,MDB_PEER_METHOD_1.0,15012,15010,8,0.82600381526683775
MDB_ANALYTICAL_2024_2,MDB_PEER_METHOD_1.0,15012,52016,9,0.88627424350203887
MDB_ANALYTICAL_2024_2,MDB_PEER_METHOD_1.0,15012,15013,10,0.91517044371392842
MDB_ANALYTICAL_2024_2,MDB_PEER_METHOD_1.0,15013,11001,1,0.086541207462859621
MDB_ANALYTICAL_2024_2,MDB_PEER_METHOD_1.0,15013,52016,2,0.19731300650515921
MDB_ANALYTICAL_2024_2,MDB_PEER_METHOD_1.0,15013,51007,3,0.23307256492419212
MDB_ANALYTICAL_2024_2,MDB_PEER_METHOD_1.0,15013,29008,4,0.26812452401384618
MDB_ANALYTICAL_2024_2,MDB_PEER_METHOD_1.0,15013,29017,5,0.4452944147346718
MDB_ANALYTICAL_2024_2,MDB_PEER_METHOD_1.0,15013,52003,6,0.50749101049710543
MDB_ANALYTICAL_2024_2,MDB_PEER_METHOD_1.0,15013,31058,7,0.53410369068983965
MDB_ANALYTICAL_2024_2,MDB_PEER_METHOD_1.0,15013,21001,8,0.54508041550079156
MDB_ANALYTICAL_2024_2,MDB_PEER_METHOD_1.0,15013,29021,9,0.56622964708710977
MDB_ANALYTICAL_2024_2,MDB_PEER_METHOD_1.0,15013,31073,10,0.56719842425938105
MDB_ANALYTICAL_2024_2,MDB_PEER_METHOD_1.0,15014,12003,1,0.49522088854453383
MDB_ANALYTICAL_2024_2,MDB_PEER_METHOD_1.0,15014,15013,2,0.58472470781638097
MDB_ANALYTICAL_2024_2,MDB_PEER_METHOD_1.0,15014,50013,3,0.60448394367861102
MDB_ANALYTICAL_2024_2,MDB_PEER_METHOD_1.0,15014,21004,4,0.60611496317931024
MDB_ANALYTICAL_2024_2,MDB_PEER_METHOD_1.0,15014,11001,5,0.63596434173299909
MDB_ANALYTICAL_2024_2,MDB_PEER_METHOD_1.0,15014,52003,6,0.64149963147244748
MDB_ANALYTICAL_2024_2,MDB_PEER_METHOD_1.0,15014,13002,7,0.6480786794867136
MDB_ANALYTICAL_2024_2,MDB_PEER_METHOD_1.0,15014,51007,8,0.68544472229555953
MDB_ANALYTICAL_2024_2,MDB_PEER_METHOD_1.0,15014,15004,9,0.70002063841995366
MDB_ANALYTICAL_2024_2,MDB_PEER_METHOD_1.0,15014,13005,10,0.70665356430995097
MDB_ANALYTICAL_2024_2,MDB_PEER_METHOD_1.0,16001,26009,1,0.64494427149965605
MDB_ANALYTICAL_2024_2,MDB_PEER_METHOD_1.0,16001,29018,2,0.67365989037645757
MDB_ANALYTICAL_2024_2,MDB_PEER_METHOD_1.0,16001,31072,3,0.68425273987975821
MDB_ANALYTICAL_2024_2,MDB_PEER_METHOD_1.0,16001,29016,4,0.69437243832540241
MDB_ANALYTICAL_2024_2,MDB_PEER_METHOD_1.0,16001,11004,5,0.71890783968698924
MDB_ANALYTICAL_2024_2,MDB_PEER_METHOD_1.0,16001,15007,6,0.72624463175518239
MDB_ANALYTICAL_2024_2,MDB_PEER_METHOD_1.0,16001,52003,7,0.73138420776641999
MDB_ANALYTICAL_2024_2,MDB_PEER_METHOD_1.0,16001,21005,8,0.75218436288182289
MDB_ANALYTICAL_2024_2,MDB_PEER_METHOD_1.0,16001,14001,9,0.77386598231123926
MDB_ANALYTICAL_2024_2,MDB_PEER_METHOD_1.0,16001,29024,10,0.78272559754039894
MDB_ANALYTICAL_2024_2,MDB_PEER_METHOD_1.0,16002,22007,1,0.37155719938427656
MDB_ANALYTICAL_2024_2,MDB_PEER_METHOD_1.0,16002,51010,2,0.43018937730950957
MDB_ANALYTICAL_2024_2,MDB_PEER_METHOD_1.0,16002,51016,3,0.43347968491623973
MDB_ANALYTICAL_2024_2,MDB_PEER_METHOD_1.0,16002,14002,4,0.51933764392269699
MDB_ANALYTICAL_2024_2,MDB_PEER_METHOD_1.0,16002,51015,5,0.64620826778417351
MDB_ANALYTICAL_2024_2,MDB_PEER_METHOD_1.0,16002,51004,6,0.68672883422756437
MDB_ANALYTICAL_2024_2,MDB_PEER_METHOD_1.0,16002,51001,7,0.70035570836047678
MDB_ANALYTICAL_2024_2,MDB_PEER_METHOD_1.0,16002,51003,8,0.70556651078929178
MDB_ANALYTICAL_2024_2,MDB_PEER_METHOD_1.0,16002,52006,9,0.72252581983252218
MDB_ANALYTICAL_2024_2,MDB_PEER_METHOD_1.0,16002,12001,10,0.76430764884554359
MDB_ANALYTICAL_2024_2,MDB_PEER_METHOD_1.0,16003,13005,1,0.45616230109810013
MDB_ANALYTICAL_2024_2,MDB_PEER_METHOD_1.0,16003,50010,2,0.62055768056700067
MDB_ANALYTICAL_2024_2,MDB_PEER_METHOD_1.0,16003,13004,3,0.6672085693418166
MDB_ANALYTICAL_2024_2,MDB_PEER_METHOD_1.0,16003,50013,4,0.70638517900593323
MDB_ANALYTICAL_2024_2,MDB_PEER_METHOD_1.0,16003,15004,5,0.71821300380045383
MDB_ANALYTICAL_2024_2,MDB_PEER_METHOD_1.0,16003,51015,6,0.77016720935745342
MDB_ANALYTICAL_2024_2,MDB_PEER_METHOD_1.0,16003,31053,7,0.77413547413350592
MDB_ANALYTICAL_2024_2,MDB_PEER_METHOD_1.0,16003,13003,8,0.77540622120972535
MDB_ANALYTICAL_2024_2,MDB_PEER_METHOD_1.0,16003,21004,9,0.8569319294314689
MDB_ANALYTICAL_2024_2,MDB_PEER_METHOD_1.0,16003,15010,10,0.91360921015878849
MDB_ANALYTICAL_2024_2,MDB_PEER_METHOD_1.0,17001,21019,1,0.15302600552522969
MDB_ANALYTICAL_2024_2,MDB_PEER_METHOD_1.0,17001,21015,2,0.31396137121806339
MDB_ANALYTICAL_2024_2,MDB_PEER_METHOD_1.0,17001,50017,3,0.34528514934913124
MDB_ANALYTICAL_2024_2,MDB_PEER_METHOD_1.0,17001,31052,4,0.39670794467838738
MDB_ANALYTICAL_2024_2,MDB_PEER_METHOD_1.0,17001,11003,5,0.41699840427874346
MDB_ANALYTICAL_2024_2,MDB_PEER_METHOD_1.0,17001,52012,6,0.43447819050529118
MDB_ANALYTICAL_2024_2,MDB_PEER_METHOD_1.0,17001,52005,7,0.46398431124617684
MDB_ANALYTICAL_2024_2,MDB_PEER_METHOD_1.0,17001,29011,8,0.46765415851281444
MDB_ANALYTICAL_2024_2,MDB_PEER_METHOD_1.0,17001,42013,9,0.50643338704804997
MDB_ANALYTICAL_2024_2,MDB_PEER_METHOD_1.0,17001,17006,10,0.55942015658261135
MDB_ANALYTICAL_2024_2,MDB_PEER_METHOD_1.0,17002,22009,1,0.34069947354339958
MDB_ANALYTICAL_2024_2,MDB_PEER_METHOD_1.0,17002,43011,2,0.40774603235495499
MDB_ANALYTICAL_2024_2,MDB_PEER_METHOD_1.0,17002,52013,3,0.41817408818351792
MDB_ANALYTICAL_2024_2,MDB_PEER_METHOD_1.0,17002,43020,4,0.48729135478602115
MDB_ANALYTICAL_2024_2,MDB_PEER_METHOD_1.0,17002,42008,5,0.59018106435100259
MDB_ANALYTICAL_2024_2,MDB_PEER_METHOD_1.0,17002,41018,6,0.59675630686291969
MDB_ANALYTICAL_2024_2,MDB_PEER_METHOD_1.0,17002,43018,7,0.61155830638088904
MDB_ANALYTICAL_2024_2,MDB_PEER_METHOD_1.0,17002,24004,8,0.62693914803683581
MDB_ANALYTICAL_2024_2,MDB_PEER_METHOD_1.0,17002,41014,9,0.64757799965255802
MDB_ANALYTICAL_2024_2,MDB_PEER_METHOD_1.0,17002,25006,10,0.66907021344163919
MDB_ANALYTICAL_2024_2,MDB_PEER_METHOD_1.0,17003,17007,1,0.44428660951357563
MDB_ANALYTICAL_2024_2,MDB_PEER_METHOD_1.0,17003,17008,2,0.46197277839828488
MDB_ANALYTICAL_2024_2,MDB_PEER_METHOD_1.0,17003,52009,3,0.6295249430232589
MDB_ANALYTICAL_2024_2,MDB_PEER_METHOD_1.0,17003,52008,4,0.64925027299489269
MDB_ANALYTICAL_2024_2,MDB_PEER_METHOD_1.0,17003,22010,5,0.68573340953212947
MDB_ANALYTICAL_2024_2,MDB_PEER_METHOD_1.0,17003,52007,6,0.78110815654898824
MDB_ANALYTICAL_2024_2,MDB_PEER_METHOD_1.0,17003,22008,7,0.81033307608701599
MDB_ANALYTICAL_2024_2,MDB_PEER_METHOD_1.0,17003,51012,8,0.85079670605731827
MDB_ANALYTICAL_2024_2,MDB_PEER_METHOD_1.0,17003,17005,9,0.8707568321158845
MDB_ANALYTICAL_2024_2,MDB_PEER_METHOD_1.0,17003,51005,10,0.93178536524400579
MDB_ANALYTICAL_2024_2,MDB_PEER_METHOD_1.0,17004,22006,1,0.30118989054709927
MDB_ANALYTICAL_2024_2,MDB_PEER_METHOD_1.0,17004,22002,2,0.31014615633728271
MDB_ANALYTICAL_2024_2,MDB_PEER_METHOD_1.0,17004,22011,3,0.50126423252514463
MDB_ANALYTICAL_2024_2,MDB_PEER_METHOD_1.0,17004,17005,4,0.52408441213647972
MDB_ANALYTICAL_2024_2,MDB_PEER_METHOD_1.0,17004,52013,5,0.62019695388641838
MDB_ANALYTICAL_2024_2,MDB_PEER_METHOD_1.0,17004,52012,6,0.66323644251596403
MDB_ANALYTICAL_2024_2,MDB_PEER_METHOD_1.0,17004,52009,7,0.76228405635911667
MDB_ANALYTICAL_2024_2,MDB_PEER_METHOD_1.0,17004,17002,8,0.76545318826604702
MDB_ANALYTICAL_2024_2,MDB_PEER_METHOD_1.0,17004,17007,9,0.84449835419880459
MDB_ANALYTICAL_2024_2,MDB_PEER_METHOD_1.0,17004,22012,10,0.85836889309684239
MDB_ANALYTICAL_2024_2,MDB_PEER_METHOD_1.0,17005,22002,1,0.29383148706045387
MDB_ANALYTICAL_2024_2,MDB_PEER_METHOD_1.0,17005,52012,2,0.38928022561722603
MDB_ANALYTICAL_2024_2,MDB_PEER_METHOD_1.0,17005,22006,3,0.40620198190190032
MDB_ANALYTICAL_2024_2,MDB_PEER_METHOD_1.0,17005,17007,4,0.49459678110267691
MDB_ANALYTICAL_2024_2,MDB_PEER_METHOD_1.0,17005,17004,5,0.52408441213647972
MDB_ANALYTICAL_2024_2,MDB_PEER_METHOD_1.0,17005,52009,6,0.64313553026398951
MDB_ANALYTICAL_2024_2,MDB_PEER_METHOD_1.0,17005,22001,7,0.6460181608462926
MDB_ANALYTICAL_2024_2,MDB_PEER_METHOD_1.0,17005,21003,8,0.67810674121143977
MDB_ANALYTICAL_2024_2,MDB_PEER_METHOD_1.0,17005,21015,9,0.7154410142324843
MDB_ANALYTICAL_2024_2,MDB_PEER_METHOD_1.0,17005,52008,10,0.73268442519086607
MDB_ANALYTICAL_2024_2,MDB_PEER_METHOD_1.0,17006,50017,1,0.2192675005725607
MDB_ANALYTICAL_2024_2,MDB_PEER_METHOD_1.0,17006,21014,2,0.27383470208067334
MDB_ANALYTICAL_2024_2,MDB_PEER_METHOD_1.0,17006,11003,3,0.27515836874873129
MDB_ANALYTICAL_2024_2,MDB_PEER_METHOD_1.0,17006,31052,4,0.43011634026279849
MDB_ANALYTICAL_2024_2,MDB_PEER_METHOD_1.0,17006,29026,5,0.43099320808217773
MDB_ANALYTICAL_2024_2,MDB_PEER_METHOD_1.0,17006,50012,6,0.43413165638112833
MDB_ANALYTICAL_2024_2,MDB_PEER_METHOD_1.0,17006,21006,7,0.43497776810492134
MDB_ANALYTICAL_2024_2,MDB_PEER_METHOD_1.0,17006,21008,8,0.47359446003478528
MDB_ANALYTICAL_2024_2,MDB_PEER_METHOD_1.0,17006,43003,9,0.47991333473475156
MDB_ANALYTICAL_2024_2,MDB_PEER_METHOD_1.0,17006,52015,10,0.48679780167393233
MDB_ANALYTICAL_2024_2,MDB_PEER_METHOD_1.0,17007,17008,1,0.27397002839424306
MDB_ANALYTICAL_2024_2,MDB_PEER_METHOD_1.0,17007,52008,2,0.37972242149650759
MDB_ANALYTICAL_2024_2,MDB_PEER_METHOD_1.0,17007,52009,3,0.44035715324209102
MDB_ANALYTICAL_2024_2,MDB_PEER_METHOD_1.0,17007,17003,4,0.44428660951357563
MDB_ANALYTICAL_2024_2,MDB_PEER_METHOD_1.0,17007,17005,5,0.49459678110267691
MDB_ANALYTICAL_2024_2,MDB_PEER_METHOD_1.0,17007,51011,6,0.58866495735404878
MDB_ANALYTICAL_2024_2,MDB_PEER_METHOD_1.0,17007,22010,7,0.59097145831404096
MDB_ANALYTICAL_2024_2,MDB_PEER_METHOD_1.0,17007,22001,8,0.62038349932770609
MDB_ANALYTICAL_2024_2,MDB_PEER_METHOD_1.0,17007,52012,9,0.66799426144589458
MDB_ANALYTICAL_2024_2,MDB_PEER_METHOD_1.0,17007,22008,10,0.67945840756878795
MDB_ANALYTICAL_2024_2,MDB_PEER_METHOD_1.0,17008,52008,1,0.26357461747462563
MDB_ANALYTICAL_2024_2,MDB_PEER_METHOD_1.0,17008,17007,2,0.27397002839424306
MDB_ANALYTICAL_2024_2,MDB_PEER_METHOD_1.0,17008,17003,3,0.46197277839828488
MDB_ANALYTICAL_2024_2,MDB_PEER_METHOD_1.0,17008,51011,4,0.50758478052697353
MDB_ANALYTICAL_2024_2,MDB_PEER_METHOD_1.0,17008,51005,5,0.51261545014956023
MDB_ANALYTICAL_2024_2,MDB_PEER_METHOD_1.0,17008,52009,6,0.53936151255991416
MDB_ANALYTICAL_2024_2,MDB_PEER_METHOD_1.0,17008,22010,7,0.54021914401501336
MDB_ANALYTICAL_2024_2,MDB_PEER_METHOD_1.0,17008,52007,8,0.55238483038986053
MDB_ANALYTICAL_2024_2,MDB_PEER_METHOD_1.0,17008,51012,9,0.57863305831953649
MDB_ANALYTICAL_2024_2,MDB_PEER_METHOD_1.0,17008,22008,10,0.63717951854828159
MDB_ANALYTICAL_2024_2,MDB_PEER_METHOD_1.0,21001,52003,1,0.10140705356794823
MDB_ANALYTICAL_2024_2,MDB_PEER_METHOD_1.0,21001,29017,2,0.22279911077291933
MDB_ANALYTICAL_2024_2,MDB_PEER_METHOD_1.0,21001,29024,3,0.32921214486639516
MDB_ANALYTICAL_2024_2,MDB_PEER_METHOD_1.0,21001,52018,4,0.39098632735009198
MDB_ANALYTICAL_2024_2,MDB_PEER_METHOD_1.0,21001,31070,5,0.3948236946121278
MDB_ANALYTICAL_2024_2,MDB_PEER_METHOD_1.0,21001,31073,6,0.40629019470005429
MDB_ANALYTICAL_2024_2,MDB_PEER_METHOD_1.0,21001,31074,7,0.42280037398551723
MDB_ANALYTICAL_2024_2,MDB_PEER_METHOD_1.0,21001,21005,8,0.45393336515167071
MDB_ANALYTICAL_2024_2,MDB_PEER_METHOD_1.0,21001,26012,9,0.45550920719218579
MDB_ANALYTICAL_2024_2,MDB_PEER_METHOD_1.0,21001,41021,10,0.49053000986959006
MDB_ANALYTICAL_2024_2,MDB_PEER_METHOD_1.0,21002,31099,1,0.060808841594787916
MDB_ANALYTICAL_2024_2,MDB_PEER_METHOD_1.0,21002,52017,2,0.22633354672827499
MDB_ANALYTICAL_2024_2,MDB_PEER_METHOD_1.0,21002,21013,3,0.23336598770712991
MDB_ANALYTICAL_2024_2,MDB_PEER_METHOD_1.0,21002,26012,4,0.2476438755447764
MDB_ANALYTICAL_2024_2,MDB_PEER_METHOD_1.0,21002,29013,5,0.26885514437275637
MDB_ANALYTICAL_2024_2,MDB_PEER_METHOD_1.0,21002,43005,6,0.30638285037332363
MDB_ANALYTICAL_2024_2,MDB_PEER_METHOD_1.0,21002,26007,7,0.32630413444654405
MDB_ANALYTICAL_2024_2,MDB_PEER_METHOD_1.0,21002,35022,8,0.32916400955141012
MDB_ANALYTICAL_2024_2,MDB_PEER_METHOD_1.0,21002,31057,9,0.3447874113847107
MDB_ANALYTICAL_2024_2,MDB_PEER_METHOD_1.0,21002,21018,10,0.35352106360324242
MDB_ANALYTICAL_2024_2,MDB_PEER_METHOD_1.0,21003,50009,1,0.17699814716769205
MDB_ANALYTICAL_2024_2,MDB_PEER_METHOD_1.0,21003,51011,2,0.31197945347947653
MDB_ANALYTICAL_2024_2,MDB_PEER_METHOD_1.0,21003,29021,3,0.36294120278765218
MDB_ANALYTICAL_2024_2,MDB_PEER_METHOD_1.0,21003,31058,4,0.36361806850852957
MDB_ANALYTICAL_2024_2,MDB_PEER_METHOD_1.0,21003,51007,5,0.50517433601077
MDB_ANALYTICAL_2024_2,MDB_PEER_METHOD_1.0,21003,21015,6,0.50586559247554175
MDB_ANALYTICAL_2024_2,MDB_PEER_METHOD_1.0,21003,52016,7,0.50967683396726937
MDB_ANALYTICAL_2024_2,MDB_PEER_METHOD_1.0,21003,52012,8,0.56373359614270613
MDB_ANALYTICAL_2024_2,MDB_PEER_METHOD_1.0,21003,22001,9,0.64155772365508612
MDB_ANALYTICAL_2024_2,MDB_PEER_METHOD_1.0,21003,11003,10,0.64394851871380232
MDB_ANALYTICAL_2024_2,MDB_PEER_METHOD_1.0,21004,11002,1,0.28337251006470454
MDB_ANALYTICAL_2024_2,MDB_PEER_METHOD_1.0,21004,50013,2,0.29297082456071361
MDB_ANALYTICAL_2024_2,MDB_PEER_METHOD_1.0,21004,43022,3,0.30622160034784601
MDB_ANALYTICAL_2024_2,MDB_PEER_METHOD_1.0,21004,15004,4,0.34656731299233801
MDB_ANALYTICAL_2024_2,MDB_PEER_METHOD_1.0,21004,50014,5,0.52521258108225255
MDB_ANALYTICAL_2024_2,MDB_PEER_METHOD_1.0,21004,11006,6,0.55464151133921313
MDB_ANALYTICAL_2024_2,MDB_PEER_METHOD_1.0,21004,41021,7,0.58393255630717766
MDB_ANALYTICAL_2024_2,MDB_PEER_METHOD_1.0,21004,52003,8,0.58754435600249899
MDB_ANALYTICAL_2024_2,MDB_PEER_METHOD_1.0,21004,21001,9,0.59012517976415824
MDB_ANALYTICAL_2024_2,MDB_PEER_METHOD_1.0,21004,15014,10,0.60611496317931024
MDB_ANALYTICAL_2024_2,MDB_PEER_METHOD_1.0,21005,21007,1,0.27882787716278634
MDB_ANALYTICAL_2024_2,MDB_PEER_METHOD_1.0,21005,21001,2,0.45393336515167071
MDB_ANALYTICAL_2024_2,MDB_PEER_METHOD_1.0,21005,29024,3,0.46917037868359229
MDB_ANALYTICAL_2024_2,MDB_PEER_METHOD_1.0,21005,29009,4,0.48089630626790975
MDB_ANALYTICAL_2024_2,MDB_PEER_METHOD_1.0,21005,43006,5,0.48124647341217985
MDB_ANALYTICAL_2024_2,MDB_PEER_METHOD_1.0,21005,29018,6,0.49037243415160126
MDB_ANALYTICAL_2024_2,MDB_PEER_METHOD_1.0,21005,52003,7,0.49757070143455645
MDB_ANALYTICAL_2024_2,MDB_PEER_METHOD_1.0,21005,31070,8,0.50663673359783923
MDB_ANALYTICAL_2024_2,MDB_PEER_METHOD_1.0,21005,41001,9,0.5122804899074076
MDB_ANALYTICAL_2024_2,MDB_PEER_METHOD_1.0,21005,15007,10,0.52264090470242308
MDB_ANALYTICAL_2024_2,MDB_PEER_METHOD_1.0,21006,21009,1,0.16569779194266193
MDB_ANALYTICAL_2024_2,MDB_PEER_METHOD_1.0,21006,21014,2,0.19850373604782359
MDB_ANALYTICAL_2024_2,MDB_PEER_METHOD_1.0,21006,29026,3,0.23820915554357186
MDB_ANALYTICAL_2024_2,MDB_PEER_METHOD_1.0,21006,26002,4,0.25780466479936354
MDB_ANALYTICAL_2024_2,MDB_PEER_METHOD_1.0,21006,21013,5,0.27702213721416485
MDB_ANALYTICAL_2024_2,MDB_PEER_METHOD_1.0,21006,32003,6,0.27903707188205351
MDB_ANALYTICAL_2024_2,MDB_PEER_METHOD_1.0,21006,50012,7,0.29263348667764771
MDB_ANALYTICAL_2024_2,MDB_PEER_METHOD_1.0,21006,26007,8,0.30278683273927853
MDB_ANALYTICAL_2024_2,MDB_PEER_METHOD_1.0,21006,42012,9,0.31771935276827173
MDB_ANALYTICAL_2024_2,MDB_PEER_METHOD_1.0,21006,52017,10,0.3769681301577133
MDB_ANALYTICAL_2024_2,MDB_PEER_METHOD_1.0,21007,21005,1,0.27882787716278634
MDB_ANALYTICAL_2024_2,MDB_PEER_METHOD_1.0,21007,41001,2,0.49291828315791814
MDB_ANALYTICAL_2024_2,MDB_PEER_METHOD_1.0,21007,29009,3,0.59500903773938574
MDB_ANALYTICAL_2024_2,MDB_PEER_METHOD_1.0,21007,43006,4,0.60706040038150988
MDB_ANALYTICAL_2024_2,MDB_PEER_METHOD_1.0,21007,28004,5,0.61145614594948727
MDB_ANALYTICAL_2024_2,MDB_PEER_METHOD_1.0,21007,29018,6,0.63618661847697655
MDB_ANALYTICAL_2024_2,MDB_PEER_METHOD_1.0,21007,41021,7,0.63765495074800882
MDB_ANALYTICAL_2024_2,MDB_PEER_METHOD_1.0,21007,21017,8,0.67163471498215932
MDB_ANALYTICAL_2024_2,MDB_PEER_METHOD_1.0,21007,31072,9,0.68649822606987199
MDB_ANALYTICAL_2024_2,MDB_PEER_METHOD_1.0,21007,21001,10,0.68943553700913729
MDB_ANALYTICAL_2024_2,MDB_PEER_METHOD_1.0,21008,52015,1,0.33577082965829141
MDB_ANALYTICAL_2024_2,MDB_PEER_METHOD_1.0,21008,15009,2,0.40034600053815178
MDB_ANALYTICAL_2024_2,MDB_PEER_METHOD_1.0,21008,21011,3,0.4206852247902666
MDB_ANALYTICAL_2024_2,MDB_PEER_METHOD_1.0,21008,29010,4,0.44647431387912506
MDB_ANALYTICAL_2024_2,MDB_PEER_METHOD_1.0,21008,23024,5,0.44847598497678198
MDB_ANALYTICAL_2024_2,MDB_PEER_METHOD_1.0,21008,17006,6,0.47359446003478528
MDB_ANALYTICAL_2024_2,MDB_PEER_METHOD_1.0,21008,29025,7,0.48343172595178618
MDB_ANALYTICAL_2024_2,MDB_PEER_METHOD_1.0,21008,29026,8,0.49269213902320758
MDB_ANALYTICAL_2024_2,MDB_PEER_METHOD_1.0,21008,41005,9,0.50044668832922545
MDB_ANALYTICAL_2024_2,MDB_PEER_METHOD_1.0,21008,29014,10,0.50206584756461015
MDB_ANALYTICAL_2024_2,MDB_PEER_METHOD_1.0,21009,21006,1,0.16569779194266193
MDB_ANALYTICAL_2024_2,MDB_PEER_METHOD_1.0,21009,32003,2,0.17974916677660727
MDB_ANALYTICAL_2024_2,MDB_PEER_METHOD_1.0,21009,26002,3,0.23946167007057662
MDB_ANALYTICAL_2024_2,MDB_PEER_METHOD_1.0,21009,42012,4,0.25963674570978218
MDB_ANALYTICAL_2024_2,MDB_PEER_METHOD_1.0,21009,29019,5,0.26531135871263806
MDB_ANALYTICAL_2024_2,MDB_PEER_METHOD_1.0,21009,29026,6,0.2823816256520747
MDB_ANALYTICAL_2024_2,MDB_PEER_METHOD_1.0,21009,41007,7,0.30163661108464351
MDB_ANALYTICAL_2024_2,MDB_PEER_METHOD_1.0,21009,21014,8,0.32392529181574314
MDB_ANALYTICAL_2024_2,MDB_PEER_METHOD_1.0,21009,35162,9,0.32625137151215428
MDB_ANALYTICAL_2024_2,MDB_PEER_METHOD_1.0,21009,35121,10,0.36042406285280831
MDB_ANALYTICAL_2024_2,MDB_PEER_METHOD_1.0,21010,31021,1,0.14473886281433007
MDB_ANALYTICAL_2024_2,MDB_PEER_METHOD_1.0,21010,35022,2,0.22370734818048452
MDB_ANALYTICAL_2024_2,MDB_PEER_METHOD_1.0,21010,26001,3,0.23622109446103584
MDB_ANALYTICAL_2024_2,MDB_PEER_METHOD_1.0,21010,31034,4,0.28823709135576908
MDB_ANALYTICAL_2024_2,MDB_PEER_METHOD_1.0,21010,35092,5,0.31748456031398298
MDB_ANALYTICAL_2024_2,MDB_PEER_METHOD_1.0,21010,27009,6,0.34688742100503139
MDB_ANALYTICAL_2024_2,MDB_PEER_METHOD_1.0,21010,25015,7,0.34828694386562786
MDB_ANALYTICAL_2024_2,MDB_PEER_METHOD_1.0,21010,43005,8,0.36746004036787128
MDB_ANALYTICAL_2024_2,MDB_PEER_METHOD_1.0,21010,35094,9,0.38542333584177041
MDB_ANALYTICAL_2024_2,MDB_PEER_METHOD_1.0,21010,31013,10,0.39208095072587057
MDB_ANALYTICAL_2024_2,MDB_PEER_METHOD_1.0,21011,29019,1,0.27334204068375156
MDB_ANALYTICAL_2024_2,MDB_PEER_METHOD_1.0,21011,29014,2,0.29315142988356108
MDB_ANALYTICAL_2024_2,MDB_PEER_METHOD_1.0,21011,52005,3,0.30214980154410648
MDB_ANALYTICAL_2024_2,MDB_PEER_METHOD_1.0,21011,29010,4,0.32430030907657431
MDB_ANALYTICAL_2024_2,MDB_PEER_METHOD_1.0,21011,41005,5,0.33636133763581622
MDB_ANALYTICAL_2024_2,MDB_PEER_METHOD_1.0,21011,42013,6,0.35283703634462033
MDB_ANALYTICAL_2024_2,MDB_PEER_METHOD_1.0,21011,52015,7,0.36448881187178156
MDB_ANALYTICAL_2024_2,MDB_PEER_METHOD_1.0,21011,29003,8,0.36751107087596491
MDB_ANALYTICAL_2024_2,MDB_PEER_METHOD_1.0,21011,21009,9,0.39033912214647143
MDB_ANALYTICAL_2024_2,MDB_PEER_METHOD_1.0,21011,15009,10,0.39087269271992753
MDB_ANALYTICAL_2024_2,MDB_PEER_METHOD_1.0,21012,35121,1,0.12158968374540981
MDB_ANALYTICAL_2024_2,MDB_PEER_METHOD_1.0,21012,35162,2,0.2176834235795741
MDB_ANALYTICAL_2024_2,MDB_PEER_METHOD_1.0,21012,42013,3,0.25617955499611372
MDB_ANALYTICAL_2024_2,MDB_PEER_METHOD_1.0,21012,41007,4,0.26789940250904726
MDB_ANALYTICAL_2024_2,MDB_PEER_METHOD_1.0,21012,31052,5,0.30758256442706122
MDB_ANALYTICAL_2024_2,MDB_PEER_METHOD_1.0,21012,52005,6,0.35235053988664239
MDB_ANALYTICAL_2024_2,MDB_PEER_METHOD_1.0,21012,29019,7,0.38149879032551043
MDB_ANALYTICAL_2024_2,MDB_PEER_METHOD_1.0,21012,21011,8,0.40680092232862713
MDB_ANALYTICAL_2024_2,MDB_PEER_METHOD_1.0,21012,21009,9,0.41110253602779773
MDB_ANALYTICAL_2024_2,MDB_PEER_METHOD_1.0,21012,35061,10,0.4148073430299471
MDB_ANALYTICAL_2024_2,MDB_PEER_METHOD_1.0,21013,52017,1,0.11207809675561928
MDB_ANALYTICAL_2024_2,MDB_PEER_METHOD_1.0,21013,31099,2,0.19704859648094236
MDB_ANALYTICAL_2024_2,MDB_PEER_METHOD_1.0,21013,21002,3,0.23336598770712991
MDB_ANALYTICAL_2024_2,MDB_PEER_METHOD_1.0,21013,26007,4,0.26578196790360298
MDB_ANALYTICAL_2024_2,MDB_PEER_METHOD_1.0,21013,21014,5,0.26831643708971104
MDB_ANALYTICAL_2024_2,MDB_PEER_METHOD_1.0,21013,29013,6,0.27244764540948707
MDB_ANALYTICAL_2024_2,MDB_PEER_METHOD_1.0,21013,21006,7,0.27702213721416485
MDB_ANALYTICAL_2024_2,MDB_PEER_METHOD_1.0,21013,31057,8,0.2815507872575424
MDB_ANALYTICAL_2024_2,MDB_PEER_METHOD_1.0,21013,26012,9,0.38224597978178576
MDB_ANALYTICAL_2024_2,MDB_PEER_METHOD_1.0,21013,21009,10,0.40820293699660853
MDB_ANALYTICAL_2024_2,MDB_PEER_METHOD_1.0,21014,21006,1,0.19850373604782359
MDB_ANALYTICAL_2024_2,MDB_PEER_METHOD_1.0,21014,21013,2,0.26831643708971104
MDB_ANALYTICAL_2024_2,MDB_PEER_METHOD_1.0,21014,17006,3,0.27383470208067334
MDB_ANALYTICAL_2024_2,MDB_PEER_METHOD_1.0,21014,50012,4,0.31167720011682759
MDB_ANALYTICAL_2024_2,MDB_PEER_METHOD_1.0,21014,29026,5,0.31754673799929117
MDB_ANALYTICAL_2024_2,MDB_PEER_METHOD_1.0,21014,21009,6,0.32392529181574314
MDB_ANALYTICAL_2024_2,MDB_PEER_METHOD_1.0,21014,52017,7,0.33768502524934113
MDB_ANALYTICAL_2024_2,MDB_PEER_METHOD_1.0,21014,26007,8,0.36245785881204101
MDB_ANALYTICAL_2024_2,MDB_PEER_METHOD_1.0,21014,35121,9,0.37454064908420698
MDB_ANALYTICAL_2024_2,MDB_PEER_METHOD_1.0,21014,50017,10,0.38721600926968558
MDB_ANALYTICAL_2024_2,MDB_PEER_METHOD_1.0,21015,29011,1,0.29132426740935186
MDB_ANALYTICAL_2024_2,MDB_PEER_METHOD_1.0,21015,21019,2,0.30224676617655799
MDB_ANALYTICAL_2024_2,MDB_PEER_METHOD_1.0,21015,17001,3,0.31396137121806339
MDB_ANALYTICAL_2024_2,MDB_PEER_METHOD_1.0,21015,52012,4,0.34980797191457175
MDB_ANALYTICAL_2024_2,MDB_PEER_METHOD_1.0,21015,31052,5,0.36549727801363258
MDB_ANALYTICAL_2024_2,MDB_PEER_METHOD_1.0,21015,22001,6,0.41653933239548252
MDB_ANALYTICAL_2024_2,MDB_PEER_METHOD_1.0,21015,50017,7,0.44204584010110509
MDB_ANALYTICAL_2024_2,MDB_PEER_METHOD_1.0,21015,31094,8,0.44638985693721073
MDB_ANALYTICAL_2024_2,MDB_PEER_METHOD_1.0,21015,11003,9,0.44698684430582125
MDB_ANALYTICAL_2024_2,MDB_PEER_METHOD_1.0,21015,31058,10,0.46846478551547421
MDB_ANALYTICAL_2024_2,MDB_PEER_METHOD_1.0,21016,24007,1,0.3263800906699133
MDB_ANALYTICAL_2024_2,MDB_PEER_METHOD_1.0,21016,15006,2,0.48300874518657655
MDB_ANALYTICAL_2024_2,MDB_PEER_METHOD_1.0,21016,43010,3,0.5046620995841733
MDB_ANALYTICAL_2024_2,MDB_PEER_METHOD_1.0,21016,33006,4,0.63906861734505871
MDB_ANALYTICAL_2024_2,MDB_PEER_METHOD_1.0,21016,35073,5,0.83723716973654205
MDB_ANALYTICAL_2024_2,MDB_PEER_METHOD_1.0,21016,35013,6,0.85598123462871256
MDB_ANALYTICAL_2024_2,MDB_PEER_METHOD_1.0,21016,42011,7,0.98096465619272111
MDB_ANALYTICAL_2024_2,MDB_PEER_METHOD_1.0,21016,35012,8,1.0105449361938592
MDB_ANALYTICAL_2024_2,MDB_PEER_METHOD_1.0,21016,35041,9,1.0209146813957968
MDB_ANALYTICAL_2024_2,MDB_PEER_METHOD_1.0,21016,35171,10,1.0736497793824407
MDB_ANALYTICAL_2024_2,MDB_PEER_METHOD_1.0,21017,21007,1,0.67163471498215932
MDB_ANALYTICAL_2024_2,MDB_PEER_METHOD_1.0,21017,31022,2,0.80744932542626036
MDB_ANALYTICAL_2024_2,MDB_PEER_METHOD_1.0,21017,15004,3,0.82758445801723968
MDB_ANALYTICAL_2024_2,MDB_PEER_METHOD_1.0,21017,28004,4,0.91327708920798356
MDB_ANALYTICAL_2024_2,MDB_PEER_METHOD_1.0,21017,43022,5,0.91473793975722906
MDB_ANALYTICAL_2024_2,MDB_PEER_METHOD_1.0,21017,31087,6,0.91494346211576083
MDB_ANALYTICAL_2024_2,MDB_PEER_METHOD_1.0,21017,21005,7,0.93237239902558433
MDB_ANALYTICAL_2024_2,MDB_PEER_METHOD_1.0,21017,35082,8,0.96038613868625822
MDB_ANALYTICAL_2024_2,MDB_PEER_METHOD_1.0,21017,11002,9,0.96622734512437936
MDB_ANALYTICAL_2024_2,MDB_PEER_METHOD_1.0,21017,31011,10,0.96862543777492605
MDB_ANALYTICAL_2024_2,MDB_PEER_METHOD_1.0,21018,43005,1,0.068045805859469788
MDB_ANALYTICAL_2024_2,MDB_PEER_METHOD_1.0,21018,29027,2,0.1464226389907323
MDB_ANALYTICAL_2024_2,MDB_PEER_METHOD_1.0,21018,22005,3,0.17388423300506239
MDB_ANALYTICAL_2024_2,MDB_PEER_METHOD_1.0,21018,35092,4,0.21740091757732008
MDB_ANALYTICAL_2024_2,MDB_PEER_METHOD_1.0,21018,35051,5,0.21752349138546967
MDB_ANALYTICAL_2024_2,MDB_PEER_METHOD_1.0,21018,35021,6,0.22443248774093441
MDB_ANALYTICAL_2024_2,MDB_PEER_METHOD_1.0,21018,31021,7,0.32917302265905868
MDB_ANALYTICAL_2024_2,MDB_PEER_METHOD_1.0,21018,21002,8,0.35352106360324242
MDB_ANALYTICAL_2024_2,MDB_PEER_METHOD_1.0,21018,35063,9,0.36667131369725442
MDB_ANALYTICAL_2024_2,MDB_PEER_METHOD_1.0,21018,26001,10,0.37481190375595103
MDB_ANALYTICAL_2024_2,MDB_PEER_METHOD_1.0,21019,17001,1,0.15302600552522969
MDB_ANALYTICAL_2024_2,MDB_PEER_METHOD_1.0,21019,31052,2,0.29791720949130818
MDB_ANALYTICAL_2024_2,MDB_PEER_METHOD_1.0,21019,21015,3,0.30224676617655799
MDB_ANALYTICAL_2024_2,MDB_PEER_METHOD_1.0,21019,50017,4,0.3554176326470288
MDB_ANALYTICAL_2024_2,MDB_PEER_METHOD_1.0,21019,29011,5,0.38707702408136002
MDB_ANALYTICAL_2024_2,MDB_PEER_METHOD_1.0,21019,52005,6,0.40114180575475072
MDB_ANALYTICAL_2024_2,MDB_PEER_METHOD_1.0,21019,42013,7,0.40216168013205117
MDB_ANALYTICAL_2024_2,MDB_PEER_METHOD_1.0,21019,52012,8,0.45809704300619281
MDB_ANALYTICAL_2024_2,MDB_PEER_METHOD_1.0,21019,11003,9,0.47809945250173153
MDB_ANALYTICAL_2024_2,MDB_PEER_METHOD_1.0,21019,21012,10,0.48549092918512315
MDB_ANALYTICAL_2024_2,MDB_PEER_METHOD_1.0,22001,31094,1,0.22895705511670256
MDB_ANALYTICAL_2024_2,MDB_PEER_METHOD_1.0,22001,22012,2,0.30697650966037232
MDB_ANALYTICAL_2024_2,MDB_PEER_METHOD_1.0,22001,52012,3,0.39281768544925905
MDB_ANALYTICAL_2024_2,MDB_PEER_METHOD_1.0,22001,52009,4,0.4081652707170525
MDB_ANALYTICAL_2024_2,MDB_PEER_METHOD_1.0,22001,21015,5,0.41653933239548252
MDB_ANALYTICAL_2024_2,MDB_PEER_METHOD_1.0,22001,22008,6,0.45457868017266595
MDB_ANALYTICAL_2024_2,MDB_PEER_METHOD_1.0,22001,52008,7,0.45626349836707775
MDB_ANALYTICAL_2024_2,MDB_PEER_METHOD_1.0,22001,31026,8,0.47707375145501929
MDB_ANALYTICAL_2024_2,MDB_PEER_METHOD_1.0,22001,52010,9,0.48250738407200766
MDB_ANALYTICAL_2024_2,MDB_PEER_METHOD_1.0,22001,22010,10,0.5025324113382108
MDB_ANALYTICAL_2024_2,MDB_PEER_METHOD_1.0,22002,17005,1,0.29383148706045387
MDB_ANALYTICAL_2024_2,MDB_PEER_METHOD_1.0,22002,17004,2,0.31014615633728271
MDB_ANALYTICAL_2024_2,MDB_PEER_METHOD_1.0,22002,22006,3,0.34585607367132448
MDB_ANALYTICAL_2024_2,MDB_PEER_METHOD_1.0,22002,52012,4,0.50464131994301309
MDB_ANALYTICAL_2024_2,MDB_PEER_METHOD_1.0,22002,22011,5,0.59297258407445297
MDB_ANALYTICAL_2024_2,MDB_PEER_METHOD_1.0,22002,52013,6,0.7065532159442387
MDB_ANALYTICAL_2024_2,MDB_PEER_METHOD_1.0,22002,17007,7,0.74703714995871962
MDB_ANALYTICAL_2024_2,MDB_PEER_METHOD_1.0,22002,52009,8,0.79427136425644596
MDB_ANALYTICAL_2024_2,MDB_PEER_METHOD_1.0,22002,17001,9,0.80476581091098653
MDB_ANALYTICAL_2024_2,MDB_PEER_METHOD_1.0,22002,22001,10,0.81067315289310027
MDB_ANALYTICAL_2024_2,MDB_PEER_METHOD_1.0,22003,43001,1,0.22001538380579361
MDB_ANALYTICAL_2024_2,MDB_PEER_METHOD_1.0,22003,31024,2,0.23197180444462201
MDB_ANALYTICAL_2024_2,MDB_PEER_METHOD_1.0,22003,29007,3,0.27430735004180334
MDB_ANALYTICAL_2024_2,MDB_PEER_METHOD_1.0,22003,41005,4,0.2905827270882223
MDB_ANALYTICAL_2024_2,MDB_PEER_METHOD_1.0,22003,41011,5,0.30346522190018188
MDB_ANALYTICAL_2024_2,MDB_PEER_METHOD_1.0,22003,29003,6,0.31730988776737945
MDB_ANALYTICAL_2024_2,MDB_PEER_METHOD_1.0,22003,29015,7,0.34924834842449543
MDB_ANALYTICAL_2024_2,MDB_PEER_METHOD_1.0,22003,24003,8,0.37254930782400203
MDB_ANALYTICAL_2024_2,MDB_PEER_METHOD_1.0,22003,24004,9,0.38333359900285452
MDB_ANALYTICAL_2024_2,MDB_PEER_METHOD_1.0,22003,43009,10,0.38774591161947508
MDB_ANALYTICAL_2024_2,MDB_PEER_METHOD_1.0,22004,29006,1,0.21343072165352972
MDB_ANALYTICAL_2024_2,MDB_PEER_METHOD_1.0,22004,26003,2,0.43112186269150793
MDB_ANALYTICAL_2024_2,MDB_PEER_METHOD_1.0,22004,52002,3,0.53142491849096662
MDB_ANALYTICAL_2024_2,MDB_PEER_METHOD_1.0,22004,41015,4,0.61986702965986717
MDB_ANALYTICAL_2024_2,MDB_PEER_METHOD_1.0,22004,32004,5,0.74834375403617426
MDB_ANALYTICAL_2024_2,MDB_PEER_METHOD_1.0,22004,23023,6,0.77450307932042839
MDB_ANALYTICAL_2024_2,MDB_PEER_METHOD_1.0,22004,31007,7,0.83631502586571849
MDB_ANALYTICAL_2024_2,MDB_PEER_METHOD_1.0,22004,41017,8,0.91313184123428348
MDB_ANALYTICAL_2024_2,MDB_PEER_METHOD_1.0,22004,41010,9,0.94798373771884503
MDB_ANALYTICAL_2024_2,MDB_PEER_METHOD_1.0,22004,42007,10,1.0136630888653988
MDB_ANALYTICAL_2024_2,MDB_PEER_METHOD_1.0,22005,35021,1,0.060553740551386716
MDB_ANALYTICAL_2024_2,MDB_PEER_METHOD_1.0,22005,29027,2,0.071308790441069581
MDB_ANALYTICAL_2024_2,MDB_PEER_METHOD_1.0,22005,21018,3,0.17388423300506239
MDB_ANALYTICAL_2024_2,MDB_PEER_METHOD_1.0,22005,35051,4,0.17466333459874178
MDB_ANALYTICAL_2024_2,MDB_PEER_METHOD_1.0,22005,43005,5,0.24029089111206448
MDB_ANALYTICAL_2024_2,MDB_PEER_METHOD_1.0,22005,35092,6,0.2944546505432124
MDB_ANALYTICAL_2024_2,MDB_PEER_METHOD_1.0,22005,35063,7,0.30378893346326108
MDB_ANALYTICAL_2024_2,MDB_PEER_METHOD_1.0,22005,35033,8,0.310609640513137
MDB_ANALYTICAL_2024_2,MDB_PEER_METHOD_1.0,22005,43028,9,0.34361862684721117
MDB_ANALYTICAL_2024_2,MDB_PEER_METHOD_1.0,22005,35064,10,0.35663693739109265
MDB_ANALYTICAL_2024_2,MDB_PEER_METHOD_1.0,22006,17004,1,0.30118989054709927
MDB_ANALYTICAL_2024_2,MDB_PEER_METHOD_1.0,22006,22002,2,0.34585607367132448
MDB_ANALYTICAL_2024_2,MDB_PEER_METHOD_1.0,22006,52012,3,0.40391620128445227
MDB_ANALYTICAL_2024_2,MDB_PEER_METHOD_1.0,22006,17005,4,0.40620198190190032
MDB_ANALYTICAL_2024_2,MDB_PEER_METHOD_1.0,22006,52013,5,0.41367193578785527
MDB_ANALYTICAL_2024_2,MDB_PEER_METHOD_1.0,22006,52009,6,0.53901287597778569
MDB_ANALYTICAL_2024_2,MDB_PEER_METHOD_1.0,22006,22001,7,0.57161433540887985
MDB_ANALYTICAL_2024_2,MDB_PEER_METHOD_1.0,22006,22012,8,0.59045663423534622
MDB_ANALYTICAL_2024_2,MDB_PEER_METHOD_1.0,22006,17007,9,0.68413762845179715
MDB_ANALYTICAL_2024_2,MDB_PEER_METHOD_1.0,22006,22011,10,0.69703630265220973
MDB_ANALYTICAL_2024_2,MDB_PEER_METHOD_1.0,22007,52006,1,0.35537272182852425
MDB_ANALYTICAL_2024_2,MDB_PEER_METHOD_1.0,22007,16002,2,0.37155719938427656
MDB_ANALYTICAL_2024_2,MDB_PEER_METHOD_1.0,22007,51010,3,0.40234780811952259
MDB_ANALYTICAL_2024_2,MDB_PEER_METHOD_1.0,22007,51016,4,0.41458269919173807
MDB_ANALYTICAL_2024_2,MDB_PEER_METHOD_1.0,22007,12001,5,0.63457383946002088
MDB_ANALYTICAL_2024_2,MDB_PEER_METHOD_1.0,22007,31051,6,0.68718048728376191
MDB_ANALYTICAL_2024_2,MDB_PEER_METHOD_1.0,22007,51015,7,0.72168666278280835
MDB_ANALYTICAL_2024_2,MDB_PEER_METHOD_1.0,22007,31050,8,0.76279276081113767
MDB_ANALYTICAL_2024_2,MDB_PEER_METHOD_1.0,22007,51004,9,0.76490460134159388
MDB_ANALYTICAL_2024_2,MDB_PEER_METHOD_1.0,22007,51003,10,0.79464115206992403
MDB_ANALYTICAL_2024_2,MDB_PEER_METHOD_1.0,22008,22010,1,0.12763905057029765
MDB_ANALYTICAL_2024_2,MDB_PEER_METHOD_1.0,22008,52010,2,0.2451844955799905
MDB_ANALYTICAL_2024_2,MDB_PEER_METHOD_1.0,22008,22012,3,0.31777400277529583
MDB_ANALYTICAL_2024_2,MDB_PEER_METHOD_1.0,22008,52009,4,0.34558587153915982
MDB_ANALYTICAL_2024_2,MDB_PEER_METHOD_1.0,22008,31026,5,0.42384544207387048
MDB_ANALYTICAL_2024_2,MDB_PEER_METHOD_1.0,22008,52008,6,0.43898582933742702
MDB_ANALYTICAL_2024_2,MDB_PEER_METHOD_1.0,22008,43002,7,0.44817318435348807
MDB_ANALYTICAL_2024_2,MDB_PEER_METHOD_1.0,22008,22001,8,0.45457868017266595
MDB_ANALYTICAL_2024_2,MDB_PEER_METHOD_1.0,22008,31094,9,0.47040235461370128
MDB_ANALYTICAL_2024_2,MDB_PEER_METHOD_1.0,22008,25005,10,0.48130953329144566
MDB_ANALYTICAL_2024_2,MDB_PEER_METHOD_1.0,22009,43011,1,0.23445588775751355
MDB_ANALYTICAL_2024_2,MDB_PEER_METHOD_1.0,22009,41014,2,0.30834571717281373
MDB_ANALYTICAL_2024_2,MDB_PEER_METHOD_1.0,22009,24004,3,0.32744993103181652
MDB_ANALYTICAL_2024_2,MDB_PEER_METHOD_1.0,22009,17002,4,0.34069947354339958
MDB_ANALYTICAL_2024_2,MDB_PEER_METHOD_1.0,22009,25006,5,0.44580057366221071
MDB_ANALYTICAL_2024_2,MDB_PEER_METHOD_1.0,22009,43020,6,0.46624830204601603
MDB_ANALYTICAL_2024_2,MDB_PEER_METHOD_1.0,22009,41011,7,0.46868386598613931
MDB_ANALYTICAL_2024_2,MDB_PEER_METHOD_1.0,22009,24003,8,0.49447325088088617
MDB_ANALYTICAL_2024_2,MDB_PEER_METHOD_1.0,22009,41018,9,0.52085625918497847
MDB_ANALYTICAL_2024_2,MDB_PEER_METHOD_1.0,22009,41012,10,0.52128039009912641
MDB_ANALYTICAL_2024_2,MDB_PEER_METHOD_1.0,22010,22008,1,0.12763905057029765
MDB_ANALYTICAL_2024_2,MDB_PEER_METHOD_1.0,22010,52009,2,0.29997631371634792
MDB_ANALYTICAL_2024_2,MDB_PEER_METHOD_1.0,22010,52010,3,0.35813137962370878
MDB_ANALYTICAL_2024_2,MDB_PEER_METHOD_1.0,22010,52008,4,0.38162920373220577
MDB_ANALYTICAL_2024_2,MDB_PEER_METHOD_1.0,22010,22012,5,0.39330076774162881
MDB_ANALYTICAL_2024_2,MDB_PEER_METHOD_1.0,22010,52007,6,0.46159189435852116
MDB_ANALYTICAL_2024_2,MDB_PEER_METHOD_1.0,22010,43002,7,0.47534615326193924
MDB_ANALYTICAL_2024_2,MDB_PEER_METHOD_1.0,22010,22001,8,0.5025324113382108
MDB_ANALYTICAL_2024_2,MDB_PEER_METHOD_1.0,22010,31026,9,0.50781087261786939
MDB_ANALYTICAL_2024_2,MDB_PEER_METHOD_1.0,22010,17008,10,0.54021914401501336
MDB_ANALYTICAL_2024_2,MDB_PEER_METHOD_1.0,22011,17004,1,0.50126423252514463
MDB_ANALYTICAL_2024_2,MDB_PEER_METHOD_1.0,22011,22002,2,0.59297258407445297
MDB_ANALYTICAL_2024_2,MDB_PEER_METHOD_1.0,22011,17002,3,0.68859115158525885
MDB_ANALYTICAL_2024_2,MDB_PEER_METHOD_1.0,22011,22006,4,0.69703630265220973
MDB_ANALYTICAL_2024_2,MDB_PEER_METHOD_1.0,22011,52013,5,0.82096267526666711
MDB_ANALYTICAL_2024_2,MDB_PEER_METHOD_1.0,22011,22009,6,0.88071520670995351
MDB_ANALYTICAL_2024_2,MDB_PEER_METHOD_1.0,22011,17005,7,0.88199170655137715
MDB_ANALYTICAL_2024_2,MDB_PEER_METHOD_1.0,22011,43011,8,0.90946014208900872
MDB_ANALYTICAL_2024_2,MDB_PEER_METHOD_1.0,22011,52012,9,0.93778857147019057
MDB_ANALYTICAL_2024_2,MDB_PEER_METHOD_1.0,22011,17001,10,1.0454444941866468
MDB_ANALYTICAL_2024_2,MDB_PEER_METHOD_1.0,22012,25005,1,0.29416544418286322
MDB_ANALYTICAL_2024_2,MDB_PEER_METHOD_1.0,22012,22001,2,0.30697650966037232
MDB_ANALYTICAL_2024_2,MDB_PEER_METHOD_1.0,22012,22008,3,0.31777400277529583
MDB_ANALYTICAL_2024_2,MDB_PEER_METHOD_1.0,22012,52009,4,0.32673109942535594
MDB_ANALYTICAL_2024_2,MDB_PEER_METHOD_1.0,22012,31094,5,0.36513626585403125
MDB_ANALYTICAL_2024_2,MDB_PEER_METHOD_1.0,22012,22010,6,0.39330076774162881
MDB_ANALYTICAL_2024_2,MDB_PEER_METHOD_1.0,22012,52010,7,0.40098973574867086
MDB_ANALYTICAL_2024_2,MDB_PEER_METHOD_1.0,22012,41022,8,0.41971880727845706
MDB_ANALYTICAL_2024_2,MDB_PEER_METHOD_1.0,22012,52013,9,0.51320905791598326
MDB_ANALYTICAL_2024_2,MDB_PEER_METHOD_1.0,22012,31026,10,0.53793265428692061
MDB_ANALYTICAL_2024_2,MDB_PEER_METHOD_1.0,23001,41002,1,0.84398416189796277
MDB_ANALYTICAL_2024_2,MDB_PEER_METHOD_1.0,23001,52001,2,1.3940818894542542
MDB_ANALYTICAL_2024_2,MDB_PEER_METHOD_1.0,23001,32002,3,1.435347294108227
MDB_ANALYTICAL_2024_2,MDB_PEER_METHOD_1.0,23001,26003,4,1.5400135617283044
MDB_ANALYTICAL_2024_2,MDB_PEER_METHOD_1.0,23001,23023,5,1.7026525317169454
MDB_ANALYTICAL_2024_2,MDB_PEER_METHOD_1.0,23001,23011,6,1.776385785574049
MDB_ANALYTICAL_2024_2,MDB_PEER_METHOD_1.0,23001,22004,7,1.8091711665985073
MDB_ANALYTICAL_2024_2,MDB_PEER_METHOD_1.0,23001,35163,8,1.8178097766012846
MDB_ANALYTICAL_2024_2,MDB_PEER_METHOD_1.0,23001,42007,9,1.8478378214163005
MDB_ANALYTICAL_2024_2,MDB_PEER_METHOD_1.0,23001,26010,10,1.8555657833894059
MDB_ANALYTICAL_2024_2,MDB_PEER_METHOD_1.0,23011,23023,1,0.44249885257062738
MDB_ANALYTICAL_2024_2,MDB_PEER_METHOD_1.0,23011,22004,2,1.2150370775563653
MDB_ANALYTICAL_2024_2,MDB_PEER_METHOD_1.0,23011,26003,3,1.3512064517010642
MDB_ANALYTICAL_2024_2,MDB_PEER_METHOD_1.0,23011,29006,4,1.4257514302702254
MDB_ANALYTICAL_2024_2,MDB_PEER_METHOD_1.0,23011,31007,5,1.6239044140006813
MDB_ANALYTICAL_2024_2,MDB_PEER_METHOD_1.0,23011,41015,6,1.6260514462833866
MDB_ANALYTICAL_2024_2,MDB_PEER_METHOD_1.0,23011,52002,7,1.6261434082610733
MDB_ANALYTICAL_2024_2,MDB_PEER_METHOD_1.0,23011,23001,8,1.776385785574049
MDB_ANALYTICAL_2024_2,MDB_PEER_METHOD_1.0,23011,32004,9,1.7877784800363379
MDB_ANALYTICAL_2024_2,MDB_PEER_METHOD_1.0,23011,41010,10,1.9052898802982812
MDB_ANALYTICAL_2024_2,MDB_PEER_METHOD_1.0,23023,23011,1,0.44249885257062738
MDB_ANALYTICAL_2024_2,MDB_PEER_METHOD_1.0,23023,22004,2,0.77450307932042839
MDB_ANALYTICAL_2024_2,MDB_PEER_METHOD_1.0,23023,26003,3,0.93982351415485721
MDB_ANALYTICAL_2024_2,MDB_PEER_METHOD_1.0,23023,29006,4,0.98493343753711127
MDB_ANALYTICAL_2024_2,MDB_PEER_METHOD_1.0,23023,52002,5,1.2026539178644311
MDB_ANALYTICAL_2024_2,MDB_PEER_METHOD_1.0,23023,41015,6,1.2045059611279909
MDB_ANALYTICAL_2024_2,MDB_PEER_METHOD_1.0,23023,31007,7,1.2420398683111082
MDB_ANALYTICAL_2024_2,MDB_PEER_METHOD_1.0,23023,32004,8,1.3670741146267362
MDB_ANALYTICAL_2024_2,MDB_PEER_METHOD_1.0,23023,41010,9,1.5052385400426904
MDB_ANALYTICAL_2024_2,MDB_PEER_METHOD_1.0,23023,15008,10,1.6064934010344165
MDB_ANALYTICAL_2024_2,MDB_PEER_METHOD_1.0,23024,23025,1,0.32637627831696248
MDB_ANALYTICAL_2024_2,MDB_PEER_METHOD_1.0,23024,43021,2,0.34529420499923946
MDB_ANALYTICAL_2024_2,MDB_PEER_METHOD_1.0,23024,29028,3,0.36735988012375315
MDB_ANALYTICAL_2024_2,MDB_PEER_METHOD_1.0,23024,41005,4,0.37485431271536734
MDB_ANALYTICAL_2024_2,MDB_PEER_METHOD_1.0,23024,29025,5,0.40294229445918078
MDB_ANALYTICAL_2024_2,MDB_PEER_METHOD_1.0,23024,15008,6,0.40307119430022242
MDB_ANALYTICAL_2024_2,MDB_PEER_METHOD_1.0,23024,29007,7,0.44336337593237674
MDB_ANALYTICAL_2024_2,MDB_PEER_METHOD_1.0,23024,21008,8,0.44847598497678198
MDB_ANALYTICAL_2024_2,MDB_PEER_METHOD_1.0,23024,52015,9,0.47150998694258717
MDB_ANALYTICAL_2024_2,MDB_PEER_METHOD_1.0,23024,29010,10,0.48960833148382765
MDB_ANALYTICAL_2024_2,MDB_PEER_METHOD_1.0,23025,29025,1,0.22360164798592896
MDB_ANALYTICAL_2024_2,MDB_PEER_METHOD_1.0,23025,41005,2,0.25630300559202351
MDB_ANALYTICAL_2024_2,MDB_PEER_METHOD_1.0,23025,43001,3,0.28441566329920476
MDB_ANALYTICAL_2024_2,MDB_PEER_METHOD_1.0,23025,29028,4,0.31192619287760087
MDB_ANALYTICAL_2024_2,MDB_PEER_METHOD_1.0,23025,29001,5,0.32231561308853851
MDB_ANALYTICAL_2024_2,MDB_PEER_METHOD_1.0,23025,23024,6,0.32637627831696248
MDB_ANALYTICAL_2024_2,MDB_PEER_METHOD_1.0,23025,43009,7,0.37160792877221899
MDB_ANALYTICAL_2024_2,MDB_PEER_METHOD_1.0,23025,31024,8,0.40920382397815647
MDB_ANALYTICAL_2024_2,MDB_PEER_METHOD_1.0,23025,15009,9,0.41588609455097292
MDB_ANALYTICAL_2024_2,MDB_PEER_METHOD_1.0,23025,22003,10,0.45403222853137837
MDB_ANALYTICAL_2024_2,MDB_PEER_METHOD_1.0,24001,42002,1,0.11448350430868288
MDB_ANALYTICAL_2024_2,MDB_PEER_METHOD_1.0,24001,25002,2,0.33364547007106354
MDB_ANALYTICAL_2024_2,MDB_PEER_METHOD_1.0,24001,43017,3,0.40777044552610425
MDB_ANALYTICAL_2024_2,MDB_PEER_METHOD_1.0,24001,43025,4,0.44101862824332178
MDB_ANALYTICAL_2024_2,MDB_PEER_METHOD_1.0,24001,41008,5,0.46883937119156205
MDB_ANALYTICAL_2024_2,MDB_PEER_METHOD_1.0,24001,26008,6,0.49189913944605235
MDB_ANALYTICAL_2024_2,MDB_PEER_METHOD_1.0,24001,29022,7,0.54128360327590841
MDB_ANALYTICAL_2024_2,MDB_PEER_METHOD_1.0,24001,31007,8,0.5921898007051053
MDB_ANALYTICAL_2024_2,MDB_PEER_METHOD_1.0,24001,31059,9,0.60356060525926369
MDB_ANALYTICAL_2024_2,MDB_PEER_METHOD_1.0,24001,29012,10,0.60998411633521887
MDB_ANALYTICAL_2024_2,MDB_PEER_METHOD_1.0,24002,32001,1,0.19943433897338753
MDB_ANALYTICAL_2024_2,MDB_PEER_METHOD_1.0,24002,32003,2,0.25491548456302032
MDB_ANALYTICAL_2024_2,MDB_PEER_METHOD_1.0,24002,42012,3,0.27664608053347667
MDB_ANALYTICAL_2024_2,MDB_PEER_METHOD_1.0,24002,26002,4,0.2844870974050544
MDB_ANALYTICAL_2024_2,MDB_PEER_METHOD_1.0,24002,35161,5,0.31814277068069807
MDB_ANALYTICAL_2024_2,MDB_PEER_METHOD_1.0,24002,43028,6,0.34885612983696135
MDB_ANALYTICAL_2024_2,MDB_PEER_METHOD_1.0,24002,15009,7,0.3655752928061074
MDB_ANALYTICAL_2024_2,MDB_PEER_METHOD_1.0,24002,33007,8,0.37921014468997233
MDB_ANALYTICAL_2024_2,MDB_PEER_METHOD_1.0,24002,21009,9,0.40380568759600144
MDB_ANALYTICAL_2024_2,MDB_PEER_METHOD_1.0,24002,29019,10,0.42140122032283506
MDB_ANALYTICAL_2024_2,MDB_PEER_METHOD_1.0,24003,41011,1,0.087964350156245347
MDB_ANALYTICAL_2024_2,MDB_PEER_METHOD_1.0,24003,24004,2,0.19089340548796674
MDB_ANALYTICAL_2024_2,MDB_PEER_METHOD_1.0,24003,42004,3,0.27478396580730402
MDB_ANALYTICAL_2024_2,MDB_PEER_METHOD_1.0,24003,31036,4,0.27638719033557574
MDB_ANALYTICAL_2024_2,MDB_PEER_METHOD_1.0,24003,41014,5,0.29185396912660133
MDB_ANALYTICAL_2024_2,MDB_PEER_METHOD_1.0,24003,31024,6,0.30906302523750562
MDB_ANALYTICAL_2024_2,MDB_PEER_METHOD_1.0,24003,41008,7,0.37031488620820313
MDB_ANALYTICAL_2024_2,MDB_PEER_METHOD_1.0,24003,22003,8,0.37254930782400203
MDB_ANALYTICAL_2024_2,MDB_PEER_METHOD_1.0,24003,31059,9,0.37528028473622072
MDB_ANALYTICAL_2024_2,MDB_PEER_METHOD_1.0,24003,41019,10,0.38741688787261946
MDB_ANALYTICAL_2024_2,MDB_PEER_METHOD_1.0,24004,41011,1,0.14987438556743399
MDB_ANALYTICAL_2024_2,MDB_PEER_METHOD_1.0,24004,24003,2,0.19089340548796674
MDB_ANALYTICAL_2024_2,MDB_PEER_METHOD_1.0,24004,41014,3,0.23829050813947389
MDB_ANALYTICAL_2024_2,MDB_PEER_METHOD_1.0,24004,43011,4,0.282358052843447
MDB_ANALYTICAL_2024_2,MDB_PEER_METHOD_1.0,24004,22009,5,0.32744993103181652
MDB_ANALYTICAL_2024_2,MDB_PEER_METHOD_1.0,24004,41012,6,0.331897162715245
MDB_ANALYTICAL_2024_2,MDB_PEER_METHOD_1.0,24004,31008,7,0.339581937057086
MDB_ANALYTICAL_2024_2,MDB_PEER_METHOD_1.0,24004,41019,8,0.34551281939613449
MDB_ANALYTICAL_2024_2,MDB_PEER_METHOD_1.0,24004,25006,9,0.36581016031037228
MDB_ANALYTICAL_2024_2,MDB_PEER_METHOD_1.0,24004,22003,10,0.38333359900285452
MDB_ANALYTICAL_2024_2,MDB_PEER_METHOD_1.0,24005,31060,1,0.11161055973581641
MDB_ANALYTICAL_2024_2,MDB_PEER_METHOD_1.0,24005,42003,2,0.12580971115593881
MDB_ANALYTICAL_2024_2,MDB_PEER_METHOD_1.0,24005,41018,3,0.1630332582958349
MDB_ANALYTICAL_2024_2,MDB_PEER_METHOD_1.0,24005,42008,4,0.1822101560984565
MDB_ANALYTICAL_2024_2,MDB_PEER_METHOD_1.0,24005,43013,5,0.25274919827822284
MDB_ANALYTICAL_2024_2,MDB_PEER_METHOD_1.0,24005,43014,6,0.26200644713636967
MDB_ANALYTICAL_2024_2,MDB_PEER_METHOD_1.0,24005,25006,7,0.33740335756043371
MDB_ANALYTICAL_2024_2,MDB_PEER_METHOD_1.0,24005,31015,8,0.3928637526589141
MDB_ANALYTICAL_2024_2,MDB_PEER_METHOD_1.0,24005,35157,9,0.39993988044719414
MDB_ANALYTICAL_2024_2,MDB_PEER_METHOD_1.0,24005,43015,10,0.41268254997842913
MDB_ANALYTICAL_2024_2,MDB_PEER_METHOD_1.0,24006,43016,1,0.27608895327553462
MDB_ANALYTICAL_2024_2,MDB_PEER_METHOD_1.0,24006,42001,2,0.39970268556083222
MDB_ANALYTICAL_2024_2,MDB_PEER_METHOD_1.0,24006,42004,3,0.60011183228085963
MDB_ANALYTICAL_2024_2,MDB_PEER_METHOD_1.0,24006,41014,4,0.63546531647120441
MDB_ANALYTICAL_2024_2,MDB_PEER_METHOD_1.0,24006,43029,5,0.65456360833952065
MDB_ANALYTICAL_2024_2,MDB_PEER_METHOD_1.0,24006,43015,6,0.7250366893827358
MDB_ANALYTICAL_2024_2,MDB_PEER_METHOD_1.0,24006,41008,7,0.78206491057528582
MDB_ANALYTICAL_2024_2,MDB_PEER_METHOD_1.0,24006,24003,8,0.80729041300129356
MDB_ANALYTICAL_2024_2,MDB_PEER_METHOD_1.0,24006,43017,9,0.81081507998419866
MDB_ANALYTICAL_2024_2,MDB_PEER_METHOD_1.0,24006,31008,10,0.82502582824567916
MDB_ANALYTICAL_2024_2,MDB_PEER_METHOD_1.0,24007,21016,1,0.3263800906699133
MDB_ANALYTICAL_2024_2,MDB_PEER_METHOD_1.0,24007,15006,2,0.50681814468057329
MDB_ANALYTICAL_2024_2,MDB_PEER_METHOD_1.0,24007,43010,3,0.6794920946904689
MDB_ANALYTICAL_2024_2,MDB_PEER_METHOD_1.0,24007,33006,4,0.77408756135915846
MDB_ANALYTICAL_2024_2,MDB_PEER_METHOD_1.0,24007,35073,5,0.78810820092773515
MDB_ANALYTICAL_2024_2,MDB_PEER_METHOD_1.0,24007,35013,6,0.83627351222010438
MDB_ANALYTICAL_2024_2,MDB_PEER_METHOD_1.0,24007,35012,7,0.85781691300148422
MDB_ANALYTICAL_2024_2,MDB_PEER_METHOD_1.0,24007,35041,8,1.0903569236910875
MDB_ANALYTICAL_2024_2,MDB_PEER_METHOD_1.0,24007,42011,9,1.1002496085743949
MDB_ANALYTICAL_2024_2,MDB_PEER_METHOD_1.0,24007,31018,10,1.1203398905577411
MDB_ANALYTICAL_2024_2,MDB_PEER_METHOD_1.0,24008,43012,1,0.27585129685057813
MDB_ANALYTICAL_2024_2,MDB_PEER_METHOD_1.0,24008,35022,2,0.31241601078429687
MDB_ANALYTICAL_2024_2,MDB_PEER_METHOD_1.0,24008,41013,3,0.31752230235633927
MDB_ANALYTICAL_2024_2,MDB_PEER_METHOD_1.0,24008,35111,4,0.33483711185988069
MDB_ANALYTICAL_2024_2,MDB_PEER_METHOD_1.0,24008,35154,5,0.36091043133235295
MDB_ANALYTICAL_2024_2,MDB_PEER_METHOD_1.0,24008,25015,6,0.3626628753243118
MDB_ANALYTICAL_2024_2,MDB_PEER_METHOD_1.0,24008,25004,7,0.36648744644633269
MDB_ANALYTICAL_2024_2,MDB_PEER_METHOD_1.0,24008,43027,8,0.42454572619101794
MDB_ANALYTICAL_2024_2,MDB_PEER_METHOD_1.0,24008,26001,9,0.43258849274774025
MDB_ANALYTICAL_2024_2,MDB_PEER_METHOD_1.0,24008,21010,10,0.43470182806209096
MDB_ANALYTICAL_2024_2,MDB_PEER_METHOD_1.0,25001,27001,1,0.29642112722462383
MDB_ANALYTICAL_2024_2,MDB_PEER_METHOD_1.0,25001,43007,2,0.63462656770902381
MDB_ANALYTICAL_2024_2,MDB_PEER_METHOD_1.0,25001,42005,3,0.67588568054492704
MDB_ANALYTICAL_2024_2,MDB_PEER_METHOD_1.0,25001,35041,4,0.8834563582584436
MDB_ANALYTICAL_2024_2,MDB_PEER_METHOD_1.0,25001,43008,5,0.91146526617782331
MDB_ANALYTICAL_2024_2,MDB_PEER_METHOD_1.0,25001,42006,6,0.91320909763150049
MDB_ANALYTICAL_2024_2,MDB_PEER_METHOD_1.0,25001,35163,7,0.91521621162278566
MDB_ANALYTICAL_2024_2,MDB_PEER_METHOD_1.0,25001,31017,8,0.95870693806072904
MDB_ANALYTICAL_2024_2,MDB_PEER_METHOD_1.0,25001,31016,9,0.97688255677620051
MDB_ANALYTICAL_2024_2,MDB_PEER_METHOD_1.0,25001,33002,10,0.99554265641162509
MDB_ANALYTICAL_2024_2,MDB_PEER_METHOD_1.0,25002,43025,1,0.25518355246199514
MDB_ANALYTICAL_2024_2,MDB_PEER_METHOD_1.0,25002,24001,2,0.33364547007106354
MDB_ANALYTICAL_2024_2,MDB_PEER_METHOD_1.0,25002,43029,3,0.37794736708257531
MDB_ANALYTICAL_2024_2,MDB_PEER_METHOD_1.0,25002,42002,4,0.43697253271828362
MDB_ANALYTICAL_2024_2,MDB_PEER_METHOD_1.0,25002,31048,5,0.46636552389357616
MDB_ANALYTICAL_2024_2,MDB_PEER_METHOD_1.0,25002,31059,6,0.53423971509745527
MDB_ANALYTICAL_2024_2,MDB_PEER_METHOD_1.0,25002,41008,7,0.54038179716428236
MDB_ANALYTICAL_2024_2,MDB_PEER_METHOD_1.0,25002,43017,8,0.56769785539846485
MDB_ANALYTICAL_2024_2,MDB_PEER_METHOD_1.0,25002,35151,9,0.58067865483647463
MDB_ANALYTICAL_2024_2,MDB_PEER_METHOD_1.0,25002,42004,10,0.59126763363226376
MDB_ANALYTICAL_2024_2,MDB_PEER_METHOD_1.0,25003,43004,1,0.2713208420383747
MDB_ANALYTICAL_2024_2,MDB_PEER_METHOD_1.0,25003,43026,2,0.27399332220226019
MDB_ANALYTICAL_2024_2,MDB_PEER_METHOD_1.0,25003,31079,3,0.36285138089264624
MDB_ANALYTICAL_2024_2,MDB_PEER_METHOD_1.0,25003,27003,4,0.3677315894609563
MDB_ANALYTICAL_2024_2,MDB_PEER_METHOD_1.0,25003,25014,5,0.39775483161677255
MDB_ANALYTICAL_2024_2,MDB_PEER_METHOD_1.0,25003,25012,6,0.45852124794539822
MDB_ANALYTICAL_2024_2,MDB_PEER_METHOD_1.0,25003,31045,7,0.46482556351572007
MDB_ANALYTICAL_2024_2,MDB_PEER_METHOD_1.0,25003,28002,8,0.46519884798160094
MDB_ANALYTICAL_2024_2,MDB_PEER_METHOD_1.0,25003,28003,9,0.4869361300289049
MDB_ANALYTICAL_2024_2,MDB_PEER_METHOD_1.0,25003,42014,10,0.52112985240945398
MDB_ANALYTICAL_2024_2,MDB_PEER_METHOD_1.0,25004,35156,1,0.23656228217113526
MDB_ANALYTICAL_2024_2,MDB_PEER_METHOD_1.0,25004,43012,2,0.27215944003900533
MDB_ANALYTICAL_2024_2,MDB_PEER_METHOD_1.0,25004,43019,3,0.32217760162631387
MDB_ANALYTICAL_2024_2,MDB_PEER_METHOD_1.0,25004,35154,4,0.32670792488353168
MDB_ANALYTICAL_2024_2,MDB_PEER_METHOD_1.0,25004,31102,5,0.32719300997173623
MDB_ANALYTICAL_2024_2,MDB_PEER_METHOD_1.0,25004,24008,6,0.36648744644633269
MDB_ANALYTICAL_2024_2,MDB_PEER_METHOD_1.0,25004,35111,7,0.39182439735513724
MDB_ANALYTICAL_2024_2,MDB_PEER_METHOD_1.0,25004,25008,8,0.44076774460749185
MDB_ANALYTICAL_2024_2,MDB_PEER_METHOD_1.0,25004,31101,9,0.46710230291471355
MDB_ANALYTICAL_2024_2,MDB_PEER_METHOD_1.0,25004,41013,10,0.51461187304975642
MDB_ANALYTICAL_2024_2,MDB_PEER_METHOD_1.0,25005,41022,1,0.27838976931577858
MDB_ANALYTICAL_2024_2,MDB_PEER_METHOD_1.0,25005,22012,2,0.29416544418286322
MDB_ANALYTICAL_2024_2,MDB_PEER_METHOD_1.0,25005,43018,3,0.40675350840645236
MDB_ANALYTICAL_2024_2,MDB_PEER_METHOD_1.0,25005,43019,4,0.42917353439959888
MDB_ANALYTICAL_2024_2,MDB_PEER_METHOD_1.0,25005,25007,5,0.44821006643681044
MDB_ANALYTICAL_2024_2,MDB_PEER_METHOD_1.0,25005,22008,6,0.48130953329144566
MDB_ANALYTICAL_2024_2,MDB_PEER_METHOD_1.0,25005,52010,7,0.51408321629580234
MDB_ANALYTICAL_2024_2,MDB_PEER_METHOD_1.0,25005,52013,8,0.55268358565706233
MDB_ANALYTICAL_2024_2,MDB_PEER_METHOD_1.0,25005,52009,9,0.55988809256073835
MDB_ANALYTICAL_2024_2,MDB_PEER_METHOD_1.0,25005,31094,10,0.5656925960167446
MDB_ANALYTICAL_2024_2,MDB_PEER_METHOD_1.0,25006,31008,1,0.14638067353343806
MDB_ANALYTICAL_2024_2,MDB_PEER_METHOD_1.0,25006,43014,2,0.17760621830870268
MDB_ANALYTICAL_2024_2,MDB_PEER_METHOD_1.0,25006,43015,3,0.26664131880703701
MDB_ANALYTICAL_2024_2,MDB_PEER_METHOD_1.0,25006,42003,4,0.26993516970402609
MDB_ANALYTICAL_2024_2,MDB_PEER_METHOD_1.0,25006,31060,5,0.27635400297631757
MDB_ANALYTICAL_2024_2,MDB_PEER_METHOD_1.0,25006,41018,6,0.28928958315138187
MDB_ANALYTICAL_2024_2,MDB_PEER_METHOD_1.0,25006,41019,7,0.30957850424481859
MDB_ANALYTICAL_2024_2,MDB_PEER_METHOD_1.0,25006,24005,8,0.33740335756043371
MDB_ANALYTICAL_2024_2,MDB_PEER_METHOD_1.0,25006,43013,9,0.35413191768348989
MDB_ANALYTICAL_2024_2,MDB_PEER_METHOD_1.0,25006,24004,10,0.36581016031037228
MDB_ANALYTICAL_2024_2,MDB_PEER_METHOD_1.0,25007,43018,1,0.25548709373410816
MDB_ANALYTICAL_2024_2,MDB_PEER_METHOD_1.0,25007,41022,2,0.28972758494261547
MDB_ANALYTICAL_2024_2,MDB_PEER_METHOD_1.0,25007,42008,3,0.41331705024503451
MDB_ANALYTICAL_2024_2,MDB_PEER_METHOD_1.0,25007,25005,4,0.44821006643681044
MDB_ANALYTICAL_2024_2,MDB_PEER_METHOD_1.0,25007,35157,5,0.47629760131123494
MDB_ANALYTICAL_2024_2,MDB_PEER_METHOD_1.0,25007,24005,6,0.48468575906411282
MDB_ANALYTICAL_2024_2,MDB_PEER_METHOD_1.0,25007,25015,7,0.53578540446832357
MDB_ANALYTICAL_2024_2,MDB_PEER_METHOD_1.0,25007,41018,8,0.54331808453185182
MDB_ANALYTICAL_2024_2,MDB_PEER_METHOD_1.0,25007,35153,9,0.54614654567058785
MDB_ANALYTICAL_2024_2,MDB_PEER_METHOD_1.0,25007,43019,10,0.54643213877288144
MDB_ANALYTICAL_2024_2,MDB_PEER_METHOD_1.0,25008,35156,1,0.24205744295601334
MDB_ANALYTICAL_2024_2,MDB_PEER_METHOD_1.0,25008,35091,2,0.25366228019359865
MDB_ANALYTICAL_2024_2,MDB_PEER_METHOD_1.0,25008,25010,3,0.26584042872180319
MDB_ANALYTICAL_2024_2,MDB_PEER_METHOD_1.0,25008,31042,4,0.29035197461819034
MDB_ANALYTICAL_2024_2,MDB_PEER_METHOD_1.0,25008,27004,5,0.32964239520813227
MDB_ANALYTICAL_2024_2,MDB_PEER_METHOD_1.0,25008,35111,6,0.36226573278173807
MDB_ANALYTICAL_2024_2,MDB_PEER_METHOD_1.0,25008,41013,7,0.36327892988495247
MDB_ANALYTICAL_2024_2,MDB_PEER_METHOD_1.0,25008,35095,8,0.42312327656834547
MDB_ANALYTICAL_2024_2,MDB_PEER_METHOD_1.0,25008,25004,9,0.44076774460749185
MDB_ANALYTICAL_2024_2,MDB_PEER_METHOD_1.0,25008,35154,10,0.47759324070673004
MDB_ANALYTICAL_2024_2,MDB_PEER_METHOD_1.0,25009,31003,1,0.24419908493478792
MDB_ANALYTICAL_2024_2,MDB_PEER_METHOD_1.0,25009,28007,2,0.25280951609235203
MDB_ANALYTICAL_2024_2,MDB_PEER_METHOD_1.0,25009,25012,3,0.26081488446336709
MDB_ANALYTICAL_2024_2,MDB_PEER_METHOD_1.0,25009,31013,4,0.26464108854726698
MDB_ANALYTICAL_2024_2,MDB_PEER_METHOD_1.0,25009,42010,5,0.29039300368067184
MDB_ANALYTICAL_2024_2,MDB_PEER_METHOD_1.0,25009,31034,6,0.29249740189717693
MDB_ANALYTICAL_2024_2,MDB_PEER_METHOD_1.0,25009,25015,7,0.29666999819902196
MDB_ANALYTICAL_2024_2,MDB_PEER_METHOD_1.0,25009,27009,8,0.29772843340136729
MDB_ANALYTICAL_2024_2,MDB_PEER_METHOD_1.0,25009,35157,9,0.33505266998953936
MDB_ANALYTICAL_2024_2,MDB_PEER_METHOD_1.0,25009,35094,10,0.41056659125953859
MDB_ANALYTICAL_2024_2,MDB_PEER_METHOD_1.0,25010,27004,1,0.10029316006051318
MDB_ANALYTICAL_2024_2,MDB_PEER_METHOD_1.0,25010,35091,2,0.23609822520269622
MDB_ANALYTICAL_2024_2,MDB_PEER_METHOD_1.0,25010,35095,3,0.23733962212938209
MDB_ANALYTICAL_2024_2,MDB_PEER_METHOD_1.0,25010,25008,4,0.26584042872180319
MDB_ANALYTICAL_2024_2,MDB_PEER_METHOD_1.0,25010,31061,5,0.28941722562045197
MDB_ANALYTICAL_2024_2,MDB_PEER_METHOD_1.0,25010,31002,6,0.32642944669822782
MDB_ANALYTICAL_2024_2,MDB_PEER_METHOD_1.0,25010,31042,7,0.37627981810548322
MDB_ANALYTICAL_2024_2,MDB_PEER_METHOD_1.0,25010,27002,8,0.4085344023512586
MDB_ANALYTICAL_2024_2,MDB_PEER_METHOD_1.0,25010,35065,9,0.43165600429347878
MDB_ANALYTICAL_2024_2,MDB_PEER_METHOD_1.0,25010,35052,10,0.44849165583831041
MDB_ANALYTICAL_2024_2,MDB_PEER_METHOD_1.0,25011,31089,1,0.22107070343772986
MDB_ANALYTICAL_2024_2,MDB_PEER_METHOD_1.0,25011,31038,2,0.34916671057486481
MDB_ANALYTICAL_2024_2,MDB_PEER_METHOD_1.0,25011,31088,3,0.38277910057732062
MDB_ANALYTICAL_2024_2,MDB_PEER_METHOD_1.0,25011,35083,4,0.46798682340799691
MDB_ANALYTICAL_2024_2,MDB_PEER_METHOD_1.0,25011,31047,5,0.47163132288772175
MDB_ANALYTICAL_2024_2,MDB_PEER_METHOD_1.0,25011,25013,6,0.47989864433247914
MDB_ANALYTICAL_2024_2,MDB_PEER_METHOD_1.0,25011,35152,7,0.52364782686574951
MDB_ANALYTICAL_2024_2,MDB_PEER_METHOD_1.0,25011,31028,8,0.57724498477663211
MDB_ANALYTICAL_2024_2,MDB_PEER_METHOD_1.0,25011,31040,9,0.58499692078851173
MDB_ANALYTICAL_2024_2,MDB_PEER_METHOD_1.0,25011,35095,10,0.59094422592469176
MDB_ANALYTICAL_2024_2,MDB_PEER_METHOD_1.0,25012,31003,1,0.20543292630705318
MDB_ANALYTICAL_2024_2,MDB_PEER_METHOD_1.0,25012,42010,2,0.25009878344374209
MDB_ANALYTICAL_2024_2,MDB_PEER_METHOD_1.0,25012,25009,3,0.26081488446336709
MDB_ANALYTICAL_2024_2,MDB_PEER_METHOD_1.0,25012,31034,4,0.28345344933631972
MDB_ANALYTICAL_2024_2,MDB_PEER_METHOD_1.0,25012,31079,5,0.29274205271769288
MDB_ANALYTICAL_2024_2,MDB_PEER_METHOD_1.0,25012,43004,6,0.29517030381261583
MDB_ANALYTICAL_2024_2,MDB_PEER_METHOD_1.0,25012,43026,7,0.29733420135790262
MDB_ANALYTICAL_2024_2,MDB_PEER_METHOD_1.0,25012,28007,8,0.32388003171644408
MDB_ANALYTICAL_2024_2,MDB_PEER_METHOD_1.0,25012,27009,9,0.3249759742527617
MDB_ANALYTICAL_2024_2,MDB_PEER_METHOD_1.0,25012,42014,10,0.32771056551861094
MDB_ANALYTICAL_2024_2,MDB_PEER_METHOD_1.0,25013,35113,1,0.42727187128412414
MDB_ANALYTICAL_2024_2,MDB_PEER_METHOD_1.0,25013,31095,2,0.46053251732371348
MDB_ANALYTICAL_2024_2,MDB_PEER_METHOD_1.0,25013,31064,3,0.46607506612889865
MDB_ANALYTICAL_2024_2,MDB_PEER_METHOD_1.0,25013,31068,4,0.46720398650821848
MDB_ANALYTICAL_2024_2,MDB_PEER_METHOD_1.0,25013,35152,5,0.46978200675884568
MDB_ANALYTICAL_2024_2,MDB_PEER_METHOD_1.0,25013,31098,6,0.47011931691085357
MDB_ANALYTICAL_2024_2,MDB_PEER_METHOD_1.0,25013,25011,7,0.47989864433247914
MDB_ANALYTICAL_2024_2,MDB_PEER_METHOD_1.0,25013,31041,8,0.48683023378922002
MDB_ANALYTICAL_2024_2,MDB_PEER_METHOD_1.0,25013,31091,9,0.50535839167770635
MDB_ANALYTICAL_2024_2,MDB_PEER_METHOD_1.0,25013,31038,10,0.51194648549848443
MDB_ANALYTICAL_2024_2,MDB_PEER_METHOD_1.0,25014,31045,1,0.15191828744342886
MDB_ANALYTICAL_2024_2,MDB_PEER_METHOD_1.0,25014,43004,2,0.21439918742181674
MDB_ANALYTICAL_2024_2,MDB_PEER_METHOD_1.0,25014,27003,3,0.24403688437374493
MDB_ANALYTICAL_2024_2,MDB_PEER_METHOD_1.0,25014,43026,4,0.25000306309053794
MDB_ANALYTICAL_2024_2,MDB_PEER_METHOD_1.0,25014,31044,5,0.26023412793266598
MDB_ANALYTICAL_2024_2,MDB_PEER_METHOD_1.0,25014,31079,6,0.27831461598905866
MDB_ANALYTICAL_2024_2,MDB_PEER_METHOD_1.0,25014,43030,7,0.3244181570440462
MDB_ANALYTICAL_2024_2,MDB_PEER_METHOD_1.0,25014,31042,8,0.33632085784855481
MDB_ANALYTICAL_2024_2,MDB_PEER_METHOD_1.0,25014,35091,9,0.35892624554141112
MDB_ANALYTICAL_2024_2,MDB_PEER_METHOD_1.0,25014,27002,10,0.36184279479699155
MDB_ANALYTICAL_2024_2,MDB_PEER_METHOD_1.0,25015,35154,1,0.29151722215711728
MDB_ANALYTICAL_2024_2,MDB_PEER_METHOD_1.0,25015,25009,2,0.29666999819902196
MDB_ANALYTICAL_2024_2,MDB_PEER_METHOD_1.0,25015,42010,3,0.31572040599713225
MDB_ANALYTICAL_2024_2,MDB_PEER_METHOD_1.0,25015,35111,4,0.33743818970333056
MDB_ANALYTICAL_2024_2,MDB_PEER_METHOD_1.0,25015,21010,5,0.34828694386562786
MDB_ANALYTICAL_2024_2,MDB_PEER_METHOD_1.0,25015,24008,6,0.3626628753243118
MDB_ANALYTICAL_2024_2,MDB_PEER_METHOD_1.0,25015,26001,7,0.37347333532465704
MDB_ANALYTICAL_2024_2,MDB_PEER_METHOD_1.0,25015,31034,8,0.38692950001945503
MDB_ANALYTICAL_2024_2,MDB_PEER_METHOD_1.0,25015,35022,9,0.43488899342998116
MDB_ANALYTICAL_2024_2,MDB_PEER_METHOD_1.0,25015,28007,10,0.43656042529702005
MDB_ANALYTICAL_2024_2,MDB_PEER_METHOD_1.0,25016,27007,1,0.25560023692692974
MDB_ANALYTICAL_2024_2,MDB_PEER_METHOD_1.0,25016,35062,2,0.44346990615300297
MDB_ANALYTICAL_2024_2,MDB_PEER_METHOD_1.0,25016,35172,3,0.44398946410952189
MDB_ANALYTICAL_2024_2,MDB_PEER_METHOD_1.0,25016,31037,4,0.45134567612731791
MDB_ANALYTICAL_2024_2,MDB_PEER_METHOD_1.0,25016,35161,5,0.50430139195790491
MDB_ANALYTICAL_2024_2,MDB_PEER_METHOD_1.0,25016,31097,6,0.51259943765928417
MDB_ANALYTICAL_2024_2,MDB_PEER_METHOD_1.0,25016,42016,7,0.5356823049296815
MDB_ANALYTICAL_2024_2,MDB_PEER_METHOD_1.0,25016,41016,8,0.55461777338159557
MDB_ANALYTICAL_2024_2,MDB_PEER_METHOD_1.0,25016,42015,9,0.56215350634608507
MDB_ANALYTICAL_2024_2,MDB_PEER_METHOD_1.0,25016,33009,10,0.56216933067578878
MDB_ANALYTICAL_2024_2,MDB_PEER_METHOD_1.0,26001,31034,1,0.19939751176934342
MDB_ANALYTICAL_2024_2,MDB_PEER_METHOD_1.0,26001,21010,2,0.23622109446103584
MDB_ANALYTICAL_2024_2,MDB_PEER_METHOD_1.0,26001,35092,3,0.25547913011980905
MDB_ANALYTICAL_2024_2,MDB_PEER_METHOD_1.0,26001,31021,4,0.27029779985546265
MDB_ANALYTICAL_2024_2,MDB_PEER_METHOD_1.0,26001,41013,5,0.27746488346824416
MDB_ANALYTICAL_2024_2,MDB_PEER_METHOD_1.0,26001,42010,6,0.29474055752704481
MDB_ANALYTICAL_2024_2,MDB_PEER_METHOD_1.0,26001,35022,7,0.32177265436427305
MDB_ANALYTICAL_2024_2,MDB_PEER_METHOD_1.0,26001,31079,8,0.32735076066949731
MDB_ANALYTICAL_2024_2,MDB_PEER_METHOD_1.0,26001,35094,9,0.33771803011914375
MDB_ANALYTICAL_2024_2,MDB_PEER_METHOD_1.0,26001,43005,10,0.33994504206689813
MDB_ANALYTICAL_2024_2,MDB_PEER_METHOD_1.0,26002,32003,1,0.13662366164950174
MDB_ANALYTICAL_2024_2,MDB_PEER_METHOD_1.0,26002,29026,2,0.17888358511778982
MDB_ANALYTICAL_2024_2,MDB_PEER_METHOD_1.0,26002,42012,3,0.21040616749147595
MDB_ANALYTICAL_2024_2,MDB_PEER_METHOD_1.0,26002,21009,4,0.23946167007057662
MDB_ANALYTICAL_2024_2,MDB_PEER_METHOD_1.0,26002,21006,5,0.25780466479936354
MDB_ANALYTICAL_2024_2,MDB_PEER_METHOD_1.0,26002,24002,6,0.2844870974050544
MDB_ANALYTICAL_2024_2,MDB_PEER_METHOD_1.0,26002,50012,7,0.29739872062284267
MDB_ANALYTICAL_2024_2,MDB_PEER_METHOD_1.0,26002,43028,8,0.3808463108985915
MDB_ANALYTICAL_2024_2,MDB_PEER_METHOD_1.0,26002,26007,9,0.40865155122291952
MDB_ANALYTICAL_2024_2,MDB_PEER_METHOD_1.0,26002,21014,10,0.42201796234859246
MDB_ANALYTICAL_2024_2,MDB_PEER_METHOD_1.0,26003,22004,1,0.43112186269150793
MDB_ANALYTICAL_2024_2,MDB_PEER_METHOD_1.0,26003,29006,2,0.47993506488148946
MDB_ANALYTICAL_2024_2,MDB_PEER_METHOD_1.0,26003,41015,3,0.50343553217304393
MDB_ANALYTICAL_2024_2,MDB_PEER_METHOD_1.0,26003,52001,4,0.74631501632918629
MDB_ANALYTICAL_2024_2,MDB_PEER_METHOD_1.0,26003,42007,5,0.79083971439963852
MDB_ANALYTICAL_2024_2,MDB_PEER_METHOD_1.0,26003,52002,6,0.86011778746450918
MDB_ANALYTICAL_2024_2,MDB_PEER_METHOD_1.0,26003,41017,7,0.88867811513337802
MDB_ANALYTICAL_2024_2,MDB_PEER_METHOD_1.0,26003,23023,8,0.93982351415485721
MDB_ANALYTICAL_2024_2,MDB_PEER_METHOD_1.0,26003,32004,9,0.94658209356863687
MDB_ANALYTICAL_2024_2,MDB_PEER_METHOD_1.0,26003,32002,10,0.95689556378444163
MDB_ANALYTICAL_2024_2,MDB_PEER_METHOD_1.0,26004,26008,1,0.26510239810153113
MDB_ANALYTICAL_2024_2,MDB_PEER_METHOD_1.0,26004,29022,2,0.30996596676892896
MDB_ANALYTICAL_2024_2,MDB_PEER_METHOD_1.0,26004,29012,3,0.31262447331214177
MDB_ANALYTICAL_2024_2,MDB_PEER_METHOD_1.0,26004,35062,4,0.34065519848001086
MDB_ANALYTICAL_2024_2,MDB_PEER_METHOD_1.0,26004,35112,5,0.42415586921734583
MDB_ANALYTICAL_2024_2,MDB_PEER_METHOD_1.0,26004,41010,6,0.43080726165088307
MDB_ANALYTICAL_2024_2,MDB_PEER_METHOD_1.0,26004,35172,7,0.44367568482453712
MDB_ANALYTICAL_2024_2,MDB_PEER_METHOD_1.0,26004,41020,8,0.46480590907627034
MDB_ANALYTICAL_2024_2,MDB_PEER_METHOD_1.0,26004,35093,9,0.46649943276387557
MDB_ANALYTICAL_2024_2,MDB_PEER_METHOD_1.0,26004,32004,10,0.46796403654340668
MDB_ANALYTICAL_2024_2,MDB_PEER_METHOD_1.0,26005,29005,1,0.3245077018498419
MDB_ANALYTICAL_2024_2,MDB_PEER_METHOD_1.0,26005,33003,2,0.34813120446948159
MDB_ANALYTICAL_2024_2,MDB_PEER_METHOD_1.0,26005,28006,3,0.35949957631631918
MDB_ANALYTICAL_2024_2,MDB_PEER_METHOD_1.0,26005,35131,4,0.38065325451500398
MDB_ANALYTICAL_2024_2,MDB_PEER_METHOD_1.0,26005,35081,5,0.38727903167353506
MDB_ANALYTICAL_2024_2,MDB_PEER_METHOD_1.0,26005,35031,6,0.45018741812529361
MDB_ANALYTICAL_2024_2,MDB_PEER_METHOD_1.0,26005,41009,7,0.50643302995392059
MDB_ANALYTICAL_2024_2,MDB_PEER_METHOD_1.0,26005,35142,8,0.52729806117692246
MDB_ANALYTICAL_2024_2,MDB_PEER_METHOD_1.0,26005,31032,9,0.53038401345789365
MDB_ANALYTICAL_2024_2,MDB_PEER_METHOD_1.0,26005,42015,10,0.5482146795359315
MDB_ANALYTICAL_2024_2,MDB_PEER_METHOD_1.0,26006,35155,1,0.41837599831294803
MDB_ANALYTICAL_2024_2,MDB_PEER_METHOD_1.0,26006,26008,2,0.42752615275734784
MDB_ANALYTICAL_2024_2,MDB_PEER_METHOD_1.0,26006,27007,3,0.46500280230009416
MDB_ANALYTICAL_2024_2,MDB_PEER_METHOD_1.0,26006,43008,4,0.50134654987414429
MDB_ANALYTICAL_2024_2,MDB_PEER_METHOD_1.0,26006,41017,5,0.59993798144586408
MDB_ANALYTICAL_2024_2,MDB_PEER_METHOD_1.0,26006,35062,6,0.60260634773678545
MDB_ANALYTICAL_2024_2,MDB_PEER_METHOD_1.0,26006,26004,7,0.60999627860964001
MDB_ANALYTICAL_2024_2,MDB_PEER_METHOD_1.0,26006,25016,8,0.61484185672008429
MDB_ANALYTICAL_2024_2,MDB_PEER_METHOD_1.0,26006,42016,9,0.61567060626627201
MDB_ANALYTICAL_2024_2,MDB_PEER_METHOD_1.0,26006,35172,10,0.72211931874521573
MDB_ANALYTICAL_2024_2,MDB_PEER_METHOD_1.0,26007,21013,1,0.26578196790360298
MDB_ANALYTICAL_2024_2,MDB_PEER_METHOD_1.0,26007,31099,2,0.30063604914549991
MDB_ANALYTICAL_2024_2,MDB_PEER_METHOD_1.0,26007,21006,3,0.30278683273927853
MDB_ANALYTICAL_2024_2,MDB_PEER_METHOD_1.0,26007,50012,4,0.31947386719455972
MDB_ANALYTICAL_2024_2,MDB_PEER_METHOD_1.0,26007,21002,5,0.32630413444654405
MDB_ANALYTICAL_2024_2,MDB_PEER_METHOD_1.0,26007,52017,6,0.36238681469709727
MDB_ANALYTICAL_2024_2,MDB_PEER_METHOD_1.0,26007,21014,7,0.36245785881204101
MDB_ANALYTICAL_2024_2,MDB_PEER_METHOD_1.0,26007,15007,8,0.37546358464651142
MDB_ANALYTICAL_2024_2,MDB_PEER_METHOD_1.0,26007,29026,9,0.40035813327507591
MDB_ANALYTICAL_2024_2,MDB_PEER_METHOD_1.0,26007,31057,10,0.40785022307163293
MDB_ANALYTICAL_2024_2,MDB_PEER_METHOD_1.0,26008,26004,1,0.26510239810153113
MDB_ANALYTICAL_2024_2,MDB_PEER_METHOD_1.0,26008,26006,2,0.42752615275734784
MDB_ANALYTICAL_2024_2,MDB_PEER_METHOD_1.0,26008,42002,3,0.43312762554486434
MDB_ANALYTICAL_2024_2,MDB_PEER_METHOD_1.0,26008,29022,4,0.44902889835839149
MDB_ANALYTICAL_2024_2,MDB_PEER_METHOD_1.0,26008,42016,5,0.47641571986676651
MDB_ANALYTICAL_2024_2,MDB_PEER_METHOD_1.0,26008,27007,6,0.48115365092742896
MDB_ANALYTICAL_2024_2,MDB_PEER_METHOD_1.0,26008,29012,7,0.48147200137423152
MDB_ANALYTICAL_2024_2,MDB_PEER_METHOD_1.0,26008,24001,8,0.49189913944605235
MDB_ANALYTICAL_2024_2,MDB_PEER_METHOD_1.0,26008,35062,9,0.49434787136038538
MDB_ANALYTICAL_2024_2,MDB_PEER_METHOD_1.0,26008,35155,10,0.4986215824142986
MDB_ANALYTICAL_2024_2,MDB_PEER_METHOD_1.0,26009,31072,1,0.34962079118872263
MDB_ANALYTICAL_2024_2,MDB_PEER_METHOD_1.0,26009,29018,2,0.4071643545095614
MDB_ANALYTICAL_2024_2,MDB_PEER_METHOD_1.0,26009,31084,3,0.48627237154055653
MDB_ANALYTICAL_2024_2,MDB_PEER_METHOD_1.0,26009,29009,4,0.63142031716012648
MDB_ANALYTICAL_2024_2,MDB_PEER_METHOD_1.0,26009,16001,5,0.64494427149965605
MDB_ANALYTICAL_2024_2,MDB_PEER_METHOD_1.0,26009,15007,6,0.64716416618145167
MDB_ANALYTICAL_2024_2,MDB_PEER_METHOD_1.0,26009,41001,7,0.67901487115020631
MDB_ANALYTICAL_2024_2,MDB_PEER_METHOD_1.0,26009,52011,8,0.72083918044287465
MDB_ANALYTICAL_2024_2,MDB_PEER_METHOD_1.0,26009,21005,9,0.7614189525937487
MDB_ANALYTICAL_2024_2,MDB_PEER_METHOD_1.0,26009,21007,10,0.78362431558525536
MDB_ANALYTICAL_2024_2,MDB_PEER_METHOD_1.0,26010,35072,1,0.31142281303185282
MDB_ANALYTICAL_2024_2,MDB_PEER_METHOD_1.0,26010,31016,2,0.86805514605025058
MDB_ANALYTICAL_2024_2,MDB_PEER_METHOD_1.0,26010,35011,3,1.1509173308721881
MDB_ANALYTICAL_2024_2,MDB_PEER_METHOD_1.0,26010,29020,4,1.307859633562092
MDB_ANALYTICAL_2024_2,MDB_PEER_METHOD_1.0,26010,32002,5,1.3197542474525086
MDB_ANALYTICAL_2024_2,MDB_PEER_METHOD_1.0,26010,41002,6,1.3248363172833799
MDB_ANALYTICAL_2024_2,MDB_PEER_METHOD_1.0,26010,35163,7,1.3765893581729522
MDB_ANALYTICAL_2024_2,MDB_PEER_METHOD_1.0,26010,52001,8,1.4167655132713064
MDB_ANALYTICAL_2024_2,MDB_PEER_METHOD_1.0,26010,25001,9,1.4371889192146945
MDB_ANALYTICAL_2024_2,MDB_PEER_METHOD_1.0,26010,33005,10,1.5501511518705173
MDB_ANALYTICAL_2024_2,MDB_PEER_METHOD_1.0,26011,41021,1,0.26684842292277022
MDB_ANALYTICAL_2024_2,MDB_PEER_METHOD_1.0,26011,31030,2,0.29185591956541357
MDB_ANALYTICAL_2024_2,MDB_PEER_METHOD_1.0,26011,31028,3,0.31318012193978562
MDB_ANALYTICAL_2024_2,MDB_PEER_METHOD_1.0,26011,31027,4,0.37018344237685835
MDB_ANALYTICAL_2024_2,MDB_PEER_METHOD_1.0,26011,31082,5,0.38315477384615615
MDB_ANALYTICAL_2024_2,MDB_PEER_METHOD_1.0,26011,31070,6,0.40186885655937649
MDB_ANALYTICAL_2024_2,MDB_PEER_METHOD_1.0,26011,52018,7,0.41288180427220905
MDB_ANALYTICAL_2024_2,MDB_PEER_METHOD_1.0,26011,41006,8,0.45685658977717963
MDB_ANALYTICAL_2024_2,MDB_PEER_METHOD_1.0,26011,35133,9,0.47041502666534685
MDB_ANALYTICAL_2024_2,MDB_PEER_METHOD_1.0,26011,41004,10,0.49604179577544372
MDB_ANALYTICAL_2024_2,MDB_PEER_METHOD_1.0,26012,31099,1,0.22264623829361843
MDB_ANALYTICAL_2024_2,MDB_PEER_METHOD_1.0,26012,21002,2,0.2476438755447764
MDB_ANALYTICAL_2024_2,MDB_PEER_METHOD_1.0,26012,31057,3,0.27053536121923172
MDB_ANALYTICAL_2024_2,MDB_PEER_METHOD_1.0,26012,29024,4,0.29266050865874921
MDB_ANALYTICAL_2024_2,MDB_PEER_METHOD_1.0,26012,31074,5,0.30004202018238407
MDB_ANALYTICAL_2024_2,MDB_PEER_METHOD_1.0,26012,29017,6,0.32786047502670368
MDB_ANALYTICAL_2024_2,MDB_PEER_METHOD_1.0,26012,29013,7,0.33584601253436874
MDB_ANALYTICAL_2024_2,MDB_PEER_METHOD_1.0,26012,52017,8,0.33880389886654033
MDB_ANALYTICAL_2024_2,MDB_PEER_METHOD_1.0,26012,21013,9,0.38224597978178576
MDB_ANALYTICAL_2024_2,MDB_PEER_METHOD_1.0,26012,31073,10,0.39217676658362821
MDB_ANALYTICAL_2024_2,MDB_PEER_METHOD_1.0,27001,25001,1,0.29642112722462383
MDB_ANALYTICAL_2024_2,MDB_PEER_METHOD_1.0,27001,42005,2,0.44720676190722575
MDB_ANALYTICAL_2024_2,MDB_PEER_METHOD_1.0,27001,43007,3,0.66400952101894439
MDB_ANALYTICAL_2024_2,MDB_PEER_METHOD_1.0,27001,35041,4,0.69117734576916146
MDB_ANALYTICAL_2024_2,MDB_PEER_METHOD_1.0,27001,33002,5,0.73889171741009096
MDB_ANALYTICAL_2024_2,MDB_PEER_METHOD_1.0,27001,35013,6,0.77365701053961267
MDB_ANALYTICAL_2024_2,MDB_PEER_METHOD_1.0,27001,35132,7,0.8301673410105046
MDB_ANALYTICAL_2024_2,MDB_PEER_METHOD_1.0,27001,35171,8,0.85835572729840803
MDB_ANALYTICAL_2024_2,MDB_PEER_METHOD_1.0,27001,28001,9,0.86435161814792516
MDB_ANALYTICAL_2024_2,MDB_PEER_METHOD_1.0,27001,31017,10,0.90241471647227067
MDB_ANALYTICAL_2024_2,MDB_PEER_METHOD_1.0,27002,31061,1,0.16366839832452632
MDB_ANALYTICAL_2024_2,MDB_PEER_METHOD_1.0,27002,27008,2,0.22532288448726187
MDB_ANALYTICAL_2024_2,MDB_PEER_METHOD_1.0,27002,31044,3,0.23376041863380487
MDB_ANALYTICAL_2024_2,MDB_PEER_METHOD_1.0,27002,35052,4,0.25415236529529717
MDB_ANALYTICAL_2024_2,MDB_PEER_METHOD_1.0,27002,31002,5,0.26419117276190712
MDB_ANALYTICAL_2024_2,MDB_PEER_METHOD_1.0,27002,27006,6,0.30356359510463499
MDB_ANALYTICAL_2024_2,MDB_PEER_METHOD_1.0,27002,27004,7,0.31329900362881696
MDB_ANALYTICAL_2024_2,MDB_PEER_METHOD_1.0,27002,35091,8,0.33798202048503762
MDB_ANALYTICAL_2024_2,MDB_PEER_METHOD_1.0,27002,31004,9,0.35200656539242686
MDB_ANALYTICAL_2024_2,MDB_PEER_METHOD_1.0,27002,25014,10,0.36184279479699155
MDB_ANALYTICAL_2024_2,MDB_PEER_METHOD_1.0,27003,31079,1,0.16118199467277045
MDB_ANALYTICAL_2024_2,MDB_PEER_METHOD_1.0,27003,43026,2,0.17396226663149755
MDB_ANALYTICAL_2024_2,MDB_PEER_METHOD_1.0,27003,31045,3,0.17588689764113416
MDB_ANALYTICAL_2024_2,MDB_PEER_METHOD_1.0,27003,43004,4,0.19826003570545378
MDB_ANALYTICAL_2024_2,MDB_PEER_METHOD_1.0,27003,25014,5,0.24403688437374493
MDB_ANALYTICAL_2024_2,MDB_PEER_METHOD_1.0,27003,31044,6,0.24850592984545683
MDB_ANALYTICAL_2024_2,MDB_PEER_METHOD_1.0,27003,28002,7,0.2694220532657301
MDB_ANALYTICAL_2024_2,MDB_PEER_METHOD_1.0,27003,31004,8,0.29004648523311077
MDB_ANALYTICAL_2024_2,MDB_PEER_METHOD_1.0,27003,25003,9,0.3677315894609563
MDB_ANALYTICAL_2024_2,MDB_PEER_METHOD_1.0,27003,35092,10,0.37334972192356292
MDB_ANALYTICAL_2024_2,MDB_PEER_METHOD_1.0,27004,25010,1,0.10029316006051318
MDB_ANALYTICAL_2024_2,MDB_PEER_METHOD_1.0,27004,31061,2,0.1893158362898438
MDB_ANALYTICAL_2024_2,MDB_PEER_METHOD_1.0,27004,35091,3,0.2082839614820888
MDB_ANALYTICAL_2024_2,MDB_PEER_METHOD_1.0,27004,35095,4,0.25075210867777192
MDB_ANALYTICAL_2024_2,MDB_PEER_METHOD_1.0,27004,31002,5,0.2663222645485529
MDB_ANALYTICAL_2024_2,MDB_PEER_METHOD_1.0,27004,27002,6,0.31329900362881696
MDB_ANALYTICAL_2024_2,MDB_PEER_METHOD_1.0,27004,25008,7,0.32964239520813227
MDB_ANALYTICAL_2024_2,MDB_PEER_METHOD_1.0,27004,35052,8,0.36284051808986406
MDB_ANALYTICAL_2024_2,MDB_PEER_METHOD_1.0,27004,31042,9,0.3654007055365181
MDB_ANALYTICAL_2024_2,MDB_PEER_METHOD_1.0,27004,27008,10,0.38027277441774482
MDB_ANALYTICAL_2024_2,MDB_PEER_METHOD_1.0,27005,31012,1,0.30888606580490702
MDB_ANALYTICAL_2024_2,MDB_PEER_METHOD_1.0,27005,31035,2,0.31575428277834583
MDB_ANALYTICAL_2024_2,MDB_PEER_METHOD_1.0,27005,31006,3,0.36888527760151263
MDB_ANALYTICAL_2024_2,MDB_PEER_METHOD_1.0,27005,27008,4,0.39734507682315934
MDB_ANALYTICAL_2024_2,MDB_PEER_METHOD_1.0,27005,35052,5,0.42490592809137412
MDB_ANALYTICAL_2024_2,MDB_PEER_METHOD_1.0,27005,31032,6,0.44102686210012931
MDB_ANALYTICAL_2024_2,MDB_PEER_METHOD_1.0,27005,35142,7,0.45848597555758047
MDB_ANALYTICAL_2024_2,MDB_PEER_METHOD_1.0,27005,35104,8,0.46640312926631067
MDB_ANALYTICAL_2024_2,MDB_PEER_METHOD_1.0,27005,35143,9,0.47531181634601266
MDB_ANALYTICAL_2024_2,MDB_PEER_METHOD_1.0,27005,27006,10,0.48005562449524714
MDB_ANALYTICAL_2024_2,MDB_PEER_METHOD_1.0,27006,35143,1,0.10945327833005467
MDB_ANALYTICAL_2024_2,MDB_PEER_METHOD_1.0,27006,31002,2,0.29521155917568437
MDB_ANALYTICAL_2024_2,MDB_PEER_METHOD_1.0,27006,27002,3,0.30356359510463499
MDB_ANALYTICAL_2024_2,MDB_PEER_METHOD_1.0,27006,35065,4,0.30465953629112108
MDB_ANALYTICAL_2024_2,MDB_PEER_METHOD_1.0,27006,31092,5,0.30604557043247155
MDB_ANALYTICAL_2024_2,MDB_PEER_METHOD_1.0,27006,27008,6,0.3078603322671537
MDB_ANALYTICAL_2024_2,MDB_PEER_METHOD_1.0,27006,31035,7,0.33806027101652786
MDB_ANALYTICAL_2024_2,MDB_PEER_METHOD_1.0,27006,43006,8,0.35818231892427066
MDB_ANALYTICAL_2024_2,MDB_PEER_METHOD_1.0,27006,35052,9,0.3701984408470555
MDB_ANALYTICAL_2024_2,MDB_PEER_METHOD_1.0,27006,27010,10,0.40010475817835606
MDB_ANALYTICAL_2024_2,MDB_PEER_METHOD_1.0,27007,25016,1,0.25560023692692974
MDB_ANALYTICAL_2024_2,MDB_PEER_METHOD_1.0,27007,35172,2,0.30262843027773112
MDB_ANALYTICAL_2024_2,MDB_PEER_METHOD_1.0,27007,42016,3,0.32432076356908252
MDB_ANALYTICAL_2024_2,MDB_PEER_METHOD_1.0,27007,35062,4,0.35697424848161985
MDB_ANALYTICAL_2024_2,MDB_PEER_METHOD_1.0,27007,41016,5,0.40110898525121946
MDB_ANALYTICAL_2024_2,MDB_PEER_METHOD_1.0,27007,26006,6,0.46500280230009416
MDB_ANALYTICAL_2024_2,MDB_PEER_METHOD_1.0,27007,26008,7,0.48115365092742896
MDB_ANALYTICAL_2024_2,MDB_PEER_METHOD_1.0,27007,31037,8,0.48170325204523823
MDB_ANALYTICAL_2024_2,MDB_PEER_METHOD_1.0,27007,26004,9,0.48367774072016212
MDB_ANALYTICAL_2024_2,MDB_PEER_METHOD_1.0,27007,35155,10,0.54521591958425697
MDB_ANALYTICAL_2024_2,MDB_PEER_METHOD_1.0,27008,35052,1,0.065396364647480124
MDB_ANALYTICAL_2024_2,MDB_PEER_METHOD_1.0,27008,31002,2,0.20910288053030515
MDB_ANALYTICAL_2024_2,MDB_PEER_METHOD_1.0,27008,27002,3,0.22532288448726187
MDB_ANALYTICAL_2024_2,MDB_PEER_METHOD_1.0,27008,31061,4,0.24685025883025769
MDB_ANALYTICAL_2024_2,MDB_PEER_METHOD_1.0,27008,27006,5,0.3078603322671537
MDB_ANALYTICAL_2024_2,MDB_PEER_METHOD_1.0,27008,27004,6,0.38027277441774482
MDB_ANALYTICAL_2024_2,MDB_PEER_METHOD_1.0,27008,35143,7,0.38678767543527576
MDB_ANALYTICAL_2024_2,MDB_PEER_METHOD_1.0,27008,27005,8,0.39734507682315934
MDB_ANALYTICAL_2024_2,MDB_PEER_METHOD_1.0,27008,35095,9,0.41146970136511163
MDB_ANALYTICAL_2024_2,MDB_PEER_METHOD_1.0,27008,31035,10,0.4175518855120588
MDB_ANALYTICAL_2024_2,MDB_PEER_METHOD_1.0,27009,31013,1,0.12935491911964894
MDB_ANALYTICAL_2024_2,MDB_PEER_METHOD_1.0,27009,35094,2,0.15115280650000337
MDB_ANALYTICAL_2024_2,MDB_PEER_METHOD_1.0,27009,31034,3,0.19344856750868061
MDB_ANALYTICAL_2024_2,MDB_PEER_METHOD_1.0,27009,31003,4,0.22155520183061145
MDB_ANALYTICAL_2024_2,MDB_PEER_METHOD_1.0,27009,31021,5,0.26087761774402135
MDB_ANALYTICAL_2024_2,MDB_PEER_METHOD_1.0,27009,35092,6,0.29151462254956839
MDB_ANALYTICAL_2024_2,MDB_PEER_METHOD_1.0,27009,25009,7,0.29772843340136729
MDB_ANALYTICAL_2024_2,MDB_PEER_METHOD_1.0,27009,42014,8,0.30107977562454113
MDB_ANALYTICAL_2024_2,MDB_PEER_METHOD_1.0,27009,28003,9,0.31271925577334353
MDB_ANALYTICAL_2024_2,MDB_PEER_METHOD_1.0,27009,25012,10,0.3249759742527617
MDB_ANALYTICAL_2024_2,MDB_PEER_METHOD_1.0,27010,35133,1,0.10375195101399139
MDB_ANALYTICAL_2024_2,MDB_PEER_METHOD_1.0,27010,35065,2,0.24080577184692989
MDB_ANALYTICAL_2024_2,MDB_PEER_METHOD_1.0,27010,35082,3,0.26695367396142627
MDB_ANALYTICAL_2024_2,MDB_PEER_METHOD_1.0,27010,35095,4,0.3019185380041442
MDB_ANALYTICAL_2024_2,MDB_PEER_METHOD_1.0,27010,31002,5,0.32277780921988042
MDB_ANALYTICAL_2024_2,MDB_PEER_METHOD_1.0,27010,31009,6,0.32966617165250545
MDB_ANALYTICAL_2024_2,MDB_PEER_METHOD_1.0,27010,27006,7,0.40010475817835606
MDB_ANALYTICAL_2024_2,MDB_PEER_METHOD_1.0,27010,35083,8,0.41569550089155549
MDB_ANALYTICAL_2024_2,MDB_PEER_METHOD_1.0,27010,27008,9,0.47881383215446494
MDB_ANALYTICAL_2024_2,MDB_PEER_METHOD_1.0,27010,43006,10,0.4813435197286613
MDB_ANALYTICAL_2024_2,MDB_PEER_METHOD_1.0,28001,33002,1,0.30180426667533844
MDB_ANALYTICAL_2024_2,MDB_PEER_METHOD_1.0,28001,35073,2,0.39020724004256319
MDB_ANALYTICAL_2024_2,MDB_PEER_METHOD_1.0,28001,35171,3,0.42381644711324162
MDB_ANALYTICAL_2024_2,MDB_PEER_METHOD_1.0,28001,35013,4,0.52896731265588781
MDB_ANALYTICAL_2024_2,MDB_PEER_METHOD_1.0,28001,42011,5,0.57741285402075915
MDB_ANALYTICAL_2024_2,MDB_PEER_METHOD_1.0,28001,42005,6,0.59703994788237169
MDB_ANALYTICAL_2024_2,MDB_PEER_METHOD_1.0,28001,35132,7,0.67480342238610624
MDB_ANALYTICAL_2024_2,MDB_PEER_METHOD_1.0,28001,43023,8,0.76747883458592026
MDB_ANALYTICAL_2024_2,MDB_PEER_METHOD_1.0,28001,29004,9,0.83191716641000224
MDB_ANALYTICAL_2024_2,MDB_PEER_METHOD_1.0,28001,27001,10,0.86435161814792516
MDB_ANALYTICAL_2024_2,MDB_PEER_METHOD_1.0,28002,35033,1,0.25183213497279455
MDB_ANALYTICAL_2024_2,MDB_PEER_METHOD_1.0,28002,27003,2,0.2694220532657301
MDB_ANALYTICAL_2024_2,MDB_PEER_METHOD_1.0,28002,31004,3,0.3783021299022164
MDB_ANALYTICAL_2024_2,MDB_PEER_METHOD_1.0,28002,31044,4,0.38332152819074128
MDB_ANALYTICAL_2024_2,MDB_PEER_METHOD_1.0,28002,31035,5,0.40603461899719556
MDB_ANALYTICAL_2024_2,MDB_PEER_METHOD_1.0,28002,43026,6,0.4060747748804816
MDB_ANALYTICAL_2024_2,MDB_PEER_METHOD_1.0,28002,31079,7,0.40656608319009407
MDB_ANALYTICAL_2024_2,MDB_PEER_METHOD_1.0,28002,29027,8,0.41820887545619723
MDB_ANALYTICAL_2024_2,MDB_PEER_METHOD_1.0,28002,31045,9,0.42011360447793716
MDB_ANALYTICAL_2024_2,MDB_PEER_METHOD_1.0,28002,29005,10,0.42924822990750411
MDB_ANALYTICAL_2024_2,MDB_PEER_METHOD_1.0,28003,42014,1,0.1703185725864341
MDB_ANALYTICAL_2024_2,MDB_PEER_METHOD_1.0,28003,35094,2,0.27978954613951795
MDB_ANALYTICAL_2024_2,MDB_PEER_METHOD_1.0,28003,31003,3,0.30881531835924547
MDB_ANALYTICAL_2024_2,MDB_PEER_METHOD_1.0,28003,27009,4,0.31271925577334353
MDB_ANALYTICAL_2024_2,MDB_PEER_METHOD_1.0,28003,31013,5,0.36146323814241832
MDB_ANALYTICAL_2024_2,MDB_PEER_METHOD_1.0,28003,35064,6,0.38992346464227934
MDB_ANALYTICAL_2024_2,MDB_PEER_METHOD_1.0,28003,33007,7,0.39477554994769903
MDB_ANALYTICAL_2024_2,MDB_PEER_METHOD_1.0,28003,35023,8,0.40019029642256898
MDB_ANALYTICAL_2024_2,MDB_PEER_METHOD_1.0,28003,25012,9,0.41472686372272627
MDB_ANALYTICAL_2024_2,MDB_PEER_METHOD_1.0,28003,35063,10,0.42081147522364509
MDB_ANALYTICAL_2024_2,MDB_PEER_METHOD_1.0,28004,31006,1,0.30889560227850105
MDB_ANALYTICAL_2024_2,MDB_PEER_METHOD_1.0,28004,31012,2,0.35145955777854793
MDB_ANALYTICAL_2024_2,MDB_PEER_METHOD_1.0,28004,41001,3,0.3712683028036079
MDB_ANALYTICAL_2024_2,MDB_PEER_METHOD_1.0,28004,35104,4,0.49082412750202986
MDB_ANALYTICAL_2024_2,MDB_PEER_METHOD_1.0,28004,27005,5,0.54537518801361606
MDB_ANALYTICAL_2024_2,MDB_PEER_METHOD_1.0,28004,35143,6,0.55421855336833281
MDB_ANALYTICAL_2024_2,MDB_PEER_METHOD_1.0,28004,31035,7,0.55872272276208856
MDB_ANALYTICAL_2024_2,MDB_PEER_METHOD_1.0,28004,35142,8,0.56467736850353212
MDB_ANALYTICAL_2024_2,MDB_PEER_METHOD_1.0,28004,31032,9,0.56562271904235539
MDB_ANALYTICAL_2024_2,MDB_PEER_METHOD_1.0,28004,21007,10,0.61145614594948727
MDB_ANALYTICAL_2024_2,MDB_PEER_METHOD_1.0,28005,41004,1,0.10003357269485399
MDB_ANALYTICAL_2024_2,MDB_PEER_METHOD_1.0,28005,41006,2,0.23253242633988799
MDB_ANALYTICAL_2024_2,MDB_PEER_METHOD_1.0,28005,35065,3,0.30563495466802487
MDB_ANALYTICAL_2024_2,MDB_PEER_METHOD_1.0,28005,31092,4,0.32573137931098833
MDB_ANALYTICAL_2024_2,MDB_PEER_METHOD_1.0,28005,43006,5,0.35130264520354387
MDB_ANALYTICAL_2024_2,MDB_PEER_METHOD_1.0,28005,31074,6,0.36629240321028761
MDB_ANALYTICAL_2024_2,MDB_PEER_METHOD_1.0,28005,31070,7,0.39098939614948924
MDB_ANALYTICAL_2024_2,MDB_PEER_METHOD_1.0,28005,41013,8,0.4061147106634368
MDB_ANALYTICAL_2024_2,MDB_PEER_METHOD_1.0,28005,31004,9,0.40818340961101951
MDB_ANALYTICAL_2024_2,MDB_PEER_METHOD_1.0,28005,35095,10,0.49613780966309273
MDB_ANALYTICAL_2024_2,MDB_PEER_METHOD_1.0,28006,33003,1,0.26208181860088936
MDB_ANALYTICAL_2024_2,MDB_PEER_METHOD_1.0,28006,31037,2,0.35531999680770882
MDB_ANALYTICAL_2024_2,MDB_PEER_METHOD_1.0,28006,42015,3,0.35889428073015073
MDB_ANALYTICAL_2024_2,MDB_PEER_METHOD_1.0,28006,26005,4,0.35949957631631918
MDB_ANALYTICAL_2024_2,MDB_PEER_METHOD_1.0,28006,35081,5,0.40896774963720911
MDB_ANALYTICAL_2024_2,MDB_PEER_METHOD_1.0,28006,35064,6,0.44516945207626762
MDB_ANALYTICAL_2024_2,MDB_PEER_METHOD_1.0,28006,35071,7,0.4519613367295745
MDB_ANALYTICAL_2024_2,MDB_PEER_METHOD_1.0,28006,35131,8,0.55522937734238798
MDB_ANALYTICAL_2024_2,MDB_PEER_METHOD_1.0,28006,28003,9,0.57639382256573957
MDB_ANALYTICAL_2024_2,MDB_PEER_METHOD_1.0,28006,41009,10,0.60706743065248114
MDB_ANALYTICAL_2024_2,MDB_PEER_METHOD_1.0,28007,25009,1,0.25280951609235203
MDB_ANALYTICAL_2024_2,MDB_PEER_METHOD_1.0,28007,25012,2,0.32388003171644408
MDB_ANALYTICAL_2024_2,MDB_PEER_METHOD_1.0,28007,31003,3,0.36705881418884506
MDB_ANALYTICAL_2024_2,MDB_PEER_METHOD_1.0,28007,42010,4,0.39321761682739886
MDB_ANALYTICAL_2024_2,MDB_PEER_METHOD_1.0,28007,25015,5,0.43656042529702005
MDB_ANALYTICAL_2024_2,MDB_PEER_METHOD_1.0,28007,35157,6,0.47190322413575986
MDB_ANALYTICAL_2024_2,MDB_PEER_METHOD_1.0,28007,31013,7,0.4776535313237778
MDB_ANALYTICAL_2024_2,MDB_PEER_METHOD_1.0,28007,35153,8,0.47797533181633889
MDB_ANALYTICAL_2024_2,MDB_PEER_METHOD_1.0,28007,31034,9,0.50574739504790467
MDB_ANALYTICAL_2024_2,MDB_PEER_METHOD_1.0,28007,27009,10,0.52017507332038582
MDB_ANALYTICAL_2024_2,MDB_PEER_METHOD_1.0,29001,29025,1,0.24152081887481117
MDB_ANALYTICAL_2024_2,MDB_PEER_METHOD_1.0,29001,41020,2,0.25241830699798862
MDB_ANALYTICAL_2024_2,MDB_PEER_METHOD_1.0,29001,15009,3,0.30630278084611778
MDB_ANALYTICAL_2024_2,MDB_PEER_METHOD_1.0,29001,23025,4,0.32231561308853851
MDB_ANALYTICAL_2024_2,MDB_PEER_METHOD_1.0,29001,35112,5,0.32481107835938483
MDB_ANALYTICAL_2024_2,MDB_PEER_METHOD_1.0,29001,32001,6,0.34682527721441236
MDB_ANALYTICAL_2024_2,MDB_PEER_METHOD_1.0,29001,43009,7,0.38584156841617162
MDB_ANALYTICAL_2024_2,MDB_PEER_METHOD_1.0,29001,35093,8,0.38760466265271903
MDB_ANALYTICAL_2024_2,MDB_PEER_METHOD_1.0,29001,29028,9,0.42280957047217238
MDB_ANALYTICAL_2024_2,MDB_PEER_METHOD_1.0,29001,29012,10,0.4229711663244507
MDB_ANALYTICAL_2024_2,MDB_PEER_METHOD_1.0,29002,51014,1,0.19330311676354639
MDB_ANALYTICAL_2024_2,MDB_PEER_METHOD_1.0,29002,11003,2,0.46235882595474853
MDB_ANALYTICAL_2024_2,MDB_PEER_METHOD_1.0,29002,51013,3,0.47216573177566673
MDB_ANALYTICAL_2024_2,MDB_PEER_METHOD_1.0,29002,15001,4,0.52039761609571455
MDB_ANALYTICAL_2024_2,MDB_PEER_METHOD_1.0,29002,17006,5,0.5373123855316041
MDB_ANALYTICAL_2024_2,MDB_PEER_METHOD_1.0,29002,50017,6,0.56475057286565988
MDB_ANALYTICAL_2024_2,MDB_PEER_METHOD_1.0,29002,12002,7,0.5811197401100382
MDB_ANALYTICAL_2024_2,MDB_PEER_METHOD_1.0,29002,52015,8,0.61363235090343504
MDB_ANALYTICAL_2024_2,MDB_PEER_METHOD_1.0,29002,21008,9,0.64104236112591773
MDB_ANALYTICAL_2024_2,MDB_PEER_METHOD_1.0,29002,43003,10,0.65912397491750629
MDB_ANALYTICAL_2024_2,MDB_PEER_METHOD_1.0,29003,29010,1,0.10620540252436178
MDB_ANALYTICAL_2024_2,MDB_PEER_METHOD_1.0,29003,29014,2,0.10831575921492337
MDB_ANALYTICAL_2024_2,MDB_PEER_METHOD_1.0,29003,41005,3,0.2428743914550954
MDB_ANALYTICAL_2024_2,MDB_PEER_METHOD_1.0,29003,52015,4,0.25400407069839376
MDB_ANALYTICAL_2024_2,MDB_PEER_METHOD_1.0,29003,52005,5,0.2773239158711242
MDB_ANALYTICAL_2024_2,MDB_PEER_METHOD_1.0,29003,29007,6,0.3105522217598603
MDB_ANALYTICAL_2024_2,MDB_PEER_METHOD_1.0,29003,22003,7,0.31730988776737945
MDB_ANALYTICAL_2024_2,MDB_PEER_METHOD_1.0,29003,21011,8,0.36751107087596491
MDB_ANALYTICAL_2024_2,MDB_PEER_METHOD_1.0,29003,42013,9,0.38200892253024743
MDB_ANALYTICAL_2024_2,MDB_PEER_METHOD_1.0,29003,43001,10,0.41432412079730346
MDB_ANALYTICAL_2024_2,MDB_PEER_METHOD_1.0,29004,43023,1,0.12219951691597919
MDB_ANALYTICAL_2024_2,MDB_PEER_METHOD_1.0,29004,42011,2,0.42210815579014022
MDB_ANALYTICAL_2024_2,MDB_PEER_METHOD_1.0,29004,35032,3,0.54810824643862099
MDB_ANALYTICAL_2024_2,MDB_PEER_METHOD_1.0,29004,31025,4,0.64171395144267029
MDB_ANALYTICAL_2024_2,MDB_PEER_METHOD_1.0,29004,42017,5,0.65833306004138847
MDB_ANALYTICAL_2024_2,MDB_PEER_METHOD_1.0,29004,35101,6,0.71211981437502747
MDB_ANALYTICAL_2024_2,MDB_PEER_METHOD_1.0,29004,28001,7,0.83191716641000224
MDB_ANALYTICAL_2024_2,MDB_PEER_METHOD_1.0,29004,33008,8,0.83234284458932406
MDB_ANALYTICAL_2024_2,MDB_PEER_METHOD_1.0,29004,35131,9,0.83715906131211315
MDB_ANALYTICAL_2024_2,MDB_PEER_METHOD_1.0,29004,52004,10,0.84654625181302512
MDB_ANALYTICAL_2024_2,MDB_PEER_METHOD_1.0,29005,31032,1,0.31118052559025283
MDB_ANALYTICAL_2024_2,MDB_PEER_METHOD_1.0,29005,35142,2,0.32015156380637255
MDB_ANALYTICAL_2024_2,MDB_PEER_METHOD_1.0,29005,26005,3,0.3245077018498419
MDB_ANALYTICAL_2024_2,MDB_PEER_METHOD_1.0,29005,35031,4,0.37142792245898543
MDB_ANALYTICAL_2024_2,MDB_PEER_METHOD_1.0,29005,31035,5,0.38186860748402673
MDB_ANALYTICAL_2024_2,MDB_PEER_METHOD_1.0,29005,28002,6,0.42924822990750411
MDB_ANALYTICAL_2024_2,MDB_PEER_METHOD_1.0,29005,33003,7,0.51699910845337249
MDB_ANALYTICAL_2024_2,MDB_PEER_METHOD_1.0,29005,31086,8,0.53992575961413358
MDB_ANALYTICAL_2024_2,MDB_PEER_METHOD_1.0,29005,35033,9,0.54215611356417703
MDB_ANALYTICAL_2024_2,MDB_PEER_METHOD_1.0,29005,27005,10,0.5498367892722924
MDB_ANALYTICAL_2024_2,MDB_PEER_METHOD_1.0,29006,22004,1,0.21343072165352972
MDB_ANALYTICAL_2024_2,MDB_PEER_METHOD_1.0,29006,52002,2,0.38396816037945786
MDB_ANALYTICAL_2024_2,MDB_PEER_METHOD_1.0,29006,26003,3,0.47993506488148946
MDB_ANALYTICAL_2024_2,MDB_PEER_METHOD_1.0,29006,41015,4,0.54720130471745942
MDB_ANALYTICAL_2024_2,MDB_PEER_METHOD_1.0,29006,32004,5,0.60823880111574979
MDB_ANALYTICAL_2024_2,MDB_PEER_METHOD_1.0,29006,41017,6,0.71159593808138355
MDB_ANALYTICAL_2024_2,MDB_PEER_METHOD_1.0,29006,31007,7,0.79288628311986409
MDB_ANALYTICAL_2024_2,MDB_PEER_METHOD_1.0,29006,41010,8,0.82012227739848753
MDB_ANALYTICAL_2024_2,MDB_PEER_METHOD_1.0,29006,35155,9,0.86054412050891138
MDB_ANALYTICAL_2024_2,MDB_PEER_METHOD_1.0,29006,42007,10,0.87917561810405842
MDB_ANALYTICAL_2024_2,MDB_PEER_METHOD_1.0,29007,22003,1,0.27430735004180334
MDB_ANALYTICAL_2024_2,MDB_PEER_METHOD_1.0,29007,29003,2,0.3105522217598603
MDB_ANALYTICAL_2024_2,MDB_PEER_METHOD_1.0,29007,41005,3,0.3639127977642409
MDB_ANALYTICAL_2024_2,MDB_PEER_METHOD_1.0,29007,29010,4,0.38098623674460319
MDB_ANALYTICAL_2024_2,MDB_PEER_METHOD_1.0,29007,29014,5,0.41813886607131512
MDB_ANALYTICAL_2024_2,MDB_PEER_METHOD_1.0,29007,43001,6,0.41995537024700691
MDB_ANALYTICAL_2024_2,MDB_PEER_METHOD_1.0,29007,29015,7,0.42668823517647259
MDB_ANALYTICAL_2024_2,MDB_PEER_METHOD_1.0,29007,31024,8,0.43734117672540929
MDB_ANALYTICAL_2024_2,MDB_PEER_METHOD_1.0,29007,23024,9,0.44336337593237674
MDB_ANALYTICAL_2024_2,MDB_PEER_METHOD_1.0,29007,52015,10,0.46441439936992895
MDB_ANALYTICAL_2024_2,MDB_PEER_METHOD_1.0,29008,11001,1,0.25130794981342847
MDB_ANALYTICAL_2024_2,MDB_PEER_METHOD_1.0,29008,15013,2,0.26812452401384618
MDB_ANALYTICAL_2024_2,MDB_PEER_METHOD_1.0,29008,52016,3,0.31538028329504597
MDB_ANALYTICAL_2024_2,MDB_PEER_METHOD_1.0,29008,51007,4,0.39112825431945308
MDB_ANALYTICAL_2024_2,MDB_PEER_METHOD_1.0,29008,11005,5,0.44085491348422556
MDB_ANALYTICAL_2024_2,MDB_PEER_METHOD_1.0,29008,50014,6,0.46196050759815305
MDB_ANALYTICAL_2024_2,MDB_PEER_METHOD_1.0,29008,51005,7,0.46829820735477379
MDB_ANALYTICAL_2024_2,MDB_PEER_METHOD_1.0,29008,11006,8,0.46901971702468354
MDB_ANALYTICAL_2024_2,MDB_PEER_METHOD_1.0,29008,52014,9,0.50413205086594404
MDB_ANALYTICAL_2024_2,MDB_PEER_METHOD_1.0,29008,51011,10,0.53973656575032891
MDB_ANALYTICAL_2024_2,MDB_PEER_METHOD_1.0,29009,41001,1,0.26225062274138811
MDB_ANALYTICAL_2024_2,MDB_PEER_METHOD_1.0,29009,29018,2,0.31551536674549097
MDB_ANALYTICAL_2024_2,MDB_PEER_METHOD_1.0,29009,31072,3,0.35087196083986971
MDB_ANALYTICAL_2024_2,MDB_PEER_METHOD_1.0,29009,15007,4,0.41236297763648472
MDB_ANALYTICAL_2024_2,MDB_PEER_METHOD_1.0,29009,35051,5,0.41611948514706737
MDB_ANALYTICAL_2024_2,MDB_PEER_METHOD_1.0,29009,43006,6,0.44983247439117774
MDB_ANALYTICAL_2024_2,MDB_PEER_METHOD_1.0,29009,21005,7,0.48089630626790975
MDB_ANALYTICAL_2024_2,MDB_PEER_METHOD_1.0,29009,31086,8,0.50893658807514608
MDB_ANALYTICAL_2024_2,MDB_PEER_METHOD_1.0,29009,35033,9,0.51938694462003032
MDB_ANALYTICAL_2024_2,MDB_PEER_METHOD_1.0,29009,31092,10,0.52764332808682102
MDB_ANALYTICAL_2024_2,MDB_PEER_METHOD_1.0,29010,29014,1,0.088773191408701213
MDB_ANALYTICAL_2024_2,MDB_PEER_METHOD_1.0,29010,29003,2,0.10620540252436178
MDB_ANALYTICAL_2024_2,MDB_PEER_METHOD_1.0,29010,52015,3,0.15333264683788533
MDB_ANALYTICAL_2024_2,MDB_PEER_METHOD_1.0,29010,52005,4,0.2469235325053927
MDB_ANALYTICAL_2024_2,MDB_PEER_METHOD_1.0,29010,41005,5,0.27940782384830598
MDB_ANALYTICAL_2024_2,MDB_PEER_METHOD_1.0,29010,21011,6,0.32430030907657431
MDB_ANALYTICAL_2024_2,MDB_PEER_METHOD_1.0,29010,42013,7,0.37762415565770269
MDB_ANALYTICAL_2024_2,MDB_PEER_METHOD_1.0,29010,29007,8,0.38098623674460319
MDB_ANALYTICAL_2024_2,MDB_PEER_METHOD_1.0,29010,22003,9,0.41814572861187033
MDB_ANALYTICAL_2024_2,MDB_PEER_METHOD_1.0,29010,21008,10,0.44647431387912506
MDB_ANALYTICAL_2024_2,MDB_PEER_METHOD_1.0,29011,31052,1,0.18650660219724366
MDB_ANALYTICAL_2024_2,MDB_PEER_METHOD_1.0,29011,21015,2,0.29132426740935186
MDB_ANALYTICAL_2024_2,MDB_PEER_METHOD_1.0,29011,35121,3,0.38556262292297827
MDB_ANALYTICAL_2024_2,MDB_PEER_METHOD_1.0,29011,21019,4,0.38707702408136002
MDB_ANALYTICAL_2024_2,MDB_PEER_METHOD_1.0,29011,50017,5,0.38879018335263898
MDB_ANALYTICAL_2024_2,MDB_PEER_METHOD_1.0,29011,29013,6,0.39653333294401394
MDB_ANALYTICAL_2024_2,MDB_PEER_METHOD_1.0,29011,43027,7,0.40777379676585312
MDB_ANALYTICAL_2024_2,MDB_PEER_METHOD_1.0,29011,52017,8,0.41176639797872894
MDB_ANALYTICAL_2024_2,MDB_PEER_METHOD_1.0,29011,31094,9,0.43882053474728483
MDB_ANALYTICAL_2024_2,MDB_PEER_METHOD_1.0,29011,11003,10,0.45495954004632894
MDB_ANALYTICAL_2024_2,MDB_PEER_METHOD_1.0,29012,29022,1,0.093324979055872906
MDB_ANALYTICAL_2024_2,MDB_PEER_METHOD_1.0,29012,35112,2,0.30616092173678838
MDB_ANALYTICAL_2024_2,MDB_PEER_METHOD_1.0,29012,26004,3,0.31262447331214177
MDB_ANALYTICAL_2024_2,MDB_PEER_METHOD_1.0,29012,31059,4,0.31729137253114814
MDB_ANALYTICAL_2024_2,MDB_PEER_METHOD_1.0,29012,31036,5,0.33375979468445183
MDB_ANALYTICAL_2024_2,MDB_PEER_METHOD_1.0,29012,35093,6,0.34275826097013518
MDB_ANALYTICAL_2024_2,MDB_PEER_METHOD_1.0,29012,41010,7,0.3512397680037142
MDB_ANALYTICAL_2024_2,MDB_PEER_METHOD_1.0,29012,41020,8,0.38454011346090067
MDB_ANALYTICAL_2024_2,MDB_PEER_METHOD_1.0,29012,43009,9,0.41988089354506214
MDB_ANALYTICAL_2024_2,MDB_PEER_METHOD_1.0,29012,29001,10,0.4229711663244507
MDB_ANALYTICAL_2024_2,MDB_PEER_METHOD_1.0,29013,52017,1,0.16497824455432564
MDB_ANALYTICAL_2024_2,MDB_PEER_METHOD_1.0,29013,43027,2,0.23623126714139525
MDB_ANALYTICAL_2024_2,MDB_PEER_METHOD_1.0,29013,31099,3,0.2537965615937115
MDB_ANALYTICAL_2024_2,MDB_PEER_METHOD_1.0,29013,21002,4,0.26885514437275637
MDB_ANALYTICAL_2024_2,MDB_PEER_METHOD_1.0,29013,35022,5,0.27207735232829844
MDB_ANALYTICAL_2024_2,MDB_PEER_METHOD_1.0,29013,21013,6,0.27244764540948707
MDB_ANALYTICAL_2024_2,MDB_PEER_METHOD_1.0,29013,31057,7,0.30542079976614728
MDB_ANALYTICAL_2024_2,MDB_PEER_METHOD_1.0,29013,26012,8,0.33584601253436874
MDB_ANALYTICAL_2024_2,MDB_PEER_METHOD_1.0,29013,29023,9,0.36693395280513175
MDB_ANALYTICAL_2024_2,MDB_PEER_METHOD_1.0,29013,29011,10,0.39653333294401394
MDB_ANALYTICAL_2024_2,MDB_PEER_METHOD_1.0,29014,29010,1,0.088773191408701213
MDB_ANALYTICAL_2024_2,MDB_PEER_METHOD_1.0,29014,29003,2,0.10831575921492337
MDB_ANALYTICAL_2024_2,MDB_PEER_METHOD_1.0,29014,52005,3,0.17693941690038942
MDB_ANALYTICAL_2024_2,MDB_PEER_METHOD_1.0,29014,52015,4,0.22657729474766408
MDB_ANALYTICAL_2024_2,MDB_PEER_METHOD_1.0,29014,41005,5,0.2875352115277251
MDB_ANALYTICAL_2024_2,MDB_PEER_METHOD_1.0,29014,21011,6,0.29315142988356108
MDB_ANALYTICAL_2024_2,MDB_PEER_METHOD_1.0,29014,42013,7,0.29498496895119219
MDB_ANALYTICAL_2024_2,MDB_PEER_METHOD_1.0,29014,22003,8,0.40221897806887497
MDB_ANALYTICAL_2024_2,MDB_PEER_METHOD_1.0,29014,29007,9,0.41813886607131512
MDB_ANALYTICAL_2024_2,MDB_PEER_METHOD_1.0,29014,43009,10,0.46903526876833873
MDB_ANALYTICAL_2024_2,MDB_PEER_METHOD_1.0,29015,31024,1,0.21954818358553685
MDB_ANALYTICAL_2024_2,MDB_PEER_METHOD_1.0,29015,43001,2,0.34703808534815134
MDB_ANALYTICAL_2024_2,MDB_PEER_METHOD_1.0,29015,22003,3,0.34924834842449543
MDB_ANALYTICAL_2024_2,MDB_PEER_METHOD_1.0,29015,31036,4,0.3927475986656877
MDB_ANALYTICAL_2024_2,MDB_PEER_METHOD_1.0,29015,24003,5,0.42314691249357017
MDB_ANALYTICAL_2024_2,MDB_PEER_METHOD_1.0,29015,41011,6,0.42475502472106103
MDB_ANALYTICAL_2024_2,MDB_PEER_METHOD_1.0,29015,29007,7,0.42668823517647259
MDB_ANALYTICAL_2024_2,MDB_PEER_METHOD_1.0,29015,41010,8,0.4846712458190694
MDB_ANALYTICAL_2024_2,MDB_PEER_METHOD_1.0,29015,23025,9,0.50424393445405002
MDB_ANALYTICAL_2024_2,MDB_PEER_METHOD_1.0,29015,41005,10,0.51308657909448918
MDB_ANALYTICAL_2024_2,MDB_PEER_METHOD_1.0,29016,12002,1,0.20947233838667675
MDB_ANALYTICAL_2024_2,MDB_PEER_METHOD_1.0,29016,43003,2,0.33554308472601641
MDB_ANALYTICAL_2024_2,MDB_PEER_METHOD_1.0,29016,14001,3,0.38276455005820803
MDB_ANALYTICAL_2024_2,MDB_PEER_METHOD_1.0,29016,51014,4,0.63152361519004729
MDB_ANALYTICAL_2024_2,MDB_PEER_METHOD_1.0,29016,50012,5,0.69350794767396329
MDB_ANALYTICAL_2024_2,MDB_PEER_METHOD_1.0,29016,16001,6,0.69437243832540241
MDB_ANALYTICAL_2024_2,MDB_PEER_METHOD_1.0,29016,17006,7,0.77574955982869609
MDB_ANALYTICAL_2024_2,MDB_PEER_METHOD_1.0,29016,29002,8,0.77928117997217072
MDB_ANALYTICAL_2024_2,MDB_PEER_METHOD_1.0,29016,15011,9,0.79987300844794862
MDB_ANALYTICAL_2024_2,MDB_PEER_METHOD_1.0,29016,51002,10,0.81792108624731563
MDB_ANALYTICAL_2024_2,MDB_PEER_METHOD_1.0,29017,21001,1,0.22279911077291933
MDB_ANALYTICAL_2024_2,MDB_PEER_METHOD_1.0,29017,52003,2,0.25232262457083138
MDB_ANALYTICAL_2024_2,MDB_PEER_METHOD_1.0,29017,31073,3,0.28964958596507123
MDB_ANALYTICAL_2024_2,MDB_PEER_METHOD_1.0,29017,26012,4,0.32786047502670368
MDB_ANALYTICAL_2024_2,MDB_PEER_METHOD_1.0,29017,29024,5,0.33822497708054755
MDB_ANALYTICAL_2024_2,MDB_PEER_METHOD_1.0,29017,31074,6,0.35027190463065666
MDB_ANALYTICAL_2024_2,MDB_PEER_METHOD_1.0,29017,11001,7,0.38072812900928715
MDB_ANALYTICAL_2024_2,MDB_PEER_METHOD_1.0,29017,31057,8,0.38819235854140111
MDB_ANALYTICAL_2024_2,MDB_PEER_METHOD_1.0,29017,52018,9,0.39404233891251805
MDB_ANALYTICAL_2024_2,MDB_PEER_METHOD_1.0,29017,31070,10,0.43275174589645005
MDB_ANALYTICAL_2024_2,MDB_PEER_METHOD_1.0,29018,31072,1,0.077734259338573586
MDB_ANALYTICAL_2024_2,MDB_PEER_METHOD_1.0,29018,15007,2,0.26565972098846358
MDB_ANALYTICAL_2024_2,MDB_PEER_METHOD_1.0,29018,29009,3,0.31551536674549097
MDB_ANALYTICAL_2024_2,MDB_PEER_METHOD_1.0,29018,26009,4,0.4071643545095614
MDB_ANALYTICAL_2024_2,MDB_PEER_METHOD_1.0,29018,21005,5,0.49037243415160126
MDB_ANALYTICAL_2024_2,MDB_PEER_METHOD_1.0,29018,41001,6,0.49196595269641252
MDB_ANALYTICAL_2024_2,MDB_PEER_METHOD_1.0,29018,29024,7,0.54536564320192404
MDB_ANALYTICAL_2024_2,MDB_PEER_METHOD_1.0,29018,35051,8,0.59316882082578382
MDB_ANALYTICAL_2024_2,MDB_PEER_METHOD_1.0,29018,26007,9,0.63066607409407849
MDB_ANALYTICAL_2024_2,MDB_PEER_METHOD_1.0,29018,21007,10,0.63618661847697655
MDB_ANALYTICAL_2024_2,MDB_PEER_METHOD_1.0,29019,35061,1,0.2369055356781764
MDB_ANALYTICAL_2024_2,MDB_PEER_METHOD_1.0,29019,21009,2,0.26531135871263806
MDB_ANALYTICAL_2024_2,MDB_PEER_METHOD_1.0,29019,21011,3,0.27334204068375156
MDB_ANALYTICAL_2024_2,MDB_PEER_METHOD_1.0,29019,41007,4,0.27912786674960233
MDB_ANALYTICAL_2024_2,MDB_PEER_METHOD_1.0,29019,32003,5,0.30358131690099066
MDB_ANALYTICAL_2024_2,MDB_PEER_METHOD_1.0,29019,35162,6,0.32251498468902084
MDB_ANALYTICAL_2024_2,MDB_PEER_METHOD_1.0,29019,31001,7,0.37411831584243455
MDB_ANALYTICAL_2024_2,MDB_PEER_METHOD_1.0,29019,21012,8,0.38149879032551043
MDB_ANALYTICAL_2024_2,MDB_PEER_METHOD_1.0,29019,42012,9,0.40086088593923208
MDB_ANALYTICAL_2024_2,MDB_PEER_METHOD_1.0,29019,35121,10,0.4122116588190034
MDB_ANALYTICAL_2024_2,MDB_PEER_METHOD_1.0,29020,35011,1,0.17362546467125967
MDB_ANALYTICAL_2024_2,MDB_PEER_METHOD_1.0,29020,31016,2,0.53068572599966535
MDB_ANALYTICAL_2024_2,MDB_PEER_METHOD_1.0,29020,35041,3,0.62112650939903369
MDB_ANALYTICAL_2024_2,MDB_PEER_METHOD_1.0,29020,33006,4,0.80468451121831941
MDB_ANALYTICAL_2024_2,MDB_PEER_METHOD_1.0,29020,43010,5,0.97398122929425246
MDB_ANALYTICAL_2024_2,MDB_PEER_METHOD_1.0,29020,35015,6,1.0544862470349488
MDB_ANALYTICAL_2024_2,MDB_PEER_METHOD_1.0,29020,27001,7,1.100745762171542
MDB_ANALYTICAL_2024_2,MDB_PEER_METHOD_1.0,29020,25001,8,1.1429731864857775
MDB_ANALYTICAL_2024_2,MDB_PEER_METHOD_1.0,29020,35013,9,1.1537092863235132
MDB_ANALYTICAL_2024_2,MDB_PEER_METHOD_1.0,29020,35072,10,1.1765490664306673
MDB_ANALYTICAL_2024_2,MDB_PEER_METHOD_1.0,29021,31058,1,0.12069332648262646
MDB_ANALYTICAL_2024_2,MDB_PEER_METHOD_1.0,29021,50009,2,0.35392902922209152
MDB_ANALYTICAL_2024_2,MDB_PEER_METHOD_1.0,29021,21003,3,0.36294120278765218
MDB_ANALYTICAL_2024_2,MDB_PEER_METHOD_1.0,29021,51007,4,0.3657935703307551
MDB_ANALYTICAL_2024_2,MDB_PEER_METHOD_1.0,29021,52016,5,0.40466791398655089
MDB_ANALYTICAL_2024_2,MDB_PEER_METHOD_1.0,29021,11003,6,0.41630944821169852
MDB_ANALYTICAL_2024_2,MDB_PEER_METHOD_1.0,29021,21015,7,0.5386941533779116
MDB_ANALYTICAL_2024_2,MDB_PEER_METHOD_1.0,29021,15013,8,0.56622964708710977
MDB_ANALYTICAL_2024_2,MDB_PEER_METHOD_1.0,29021,51011,9,0.56632348908543606
MDB_ANALYTICAL_2024_2,MDB_PEER_METHOD_1.0,29021,11001,10,0.59877977093120527
MDB_ANALYTICAL_2024_2,MDB_PEER_METHOD_1.0,29022,29012,1,0.093324979055872906
MDB_ANALYTICAL_2024_2,MDB_PEER_METHOD_1.0,29022,41010,2,0.291053993484096
MDB_ANALYTICAL_2024_2,MDB_PEER_METHOD_1.0,29022,26004,3,0.30996596676892896
MDB_ANALYTICAL_2024_2,MDB_PEER_METHOD_1.0,29022,31036,4,0.31512216546019245
MDB_ANALYTICAL_2024_2,MDB_PEER_METHOD_1.0,29022,31059,5,0.33709290942008813
MDB_ANALYTICAL_2024_2,MDB_PEER_METHOD_1.0,29022,41008,6,0.37791849140668493
MDB_ANALYTICAL_2024_2,MDB_PEER_METHOD_1.0,29022,35112,7,0.38881220475238099
MDB_ANALYTICAL_2024_2,MDB_PEER_METHOD_1.0,29022,43017,8,0.38903842333140837
MDB_ANALYTICAL_2024_2,MDB_PEER_METHOD_1.0,29022,35093,9,0.41938526204009113
MDB_ANALYTICAL_2024_2,MDB_PEER_METHOD_1.0,29022,26008,10,0.44902889835839149
MDB_ANALYTICAL_2024_2,MDB_PEER_METHOD_1.0,29023,31019,1,0.094444911905747775
MDB_ANALYTICAL_2024_2,MDB_PEER_METHOD_1.0,29023,31071,2,0.097779535459410177
MDB_ANALYTICAL_2024_2,MDB_PEER_METHOD_1.0,29023,43027,3,0.20998135860445094
MDB_ANALYTICAL_2024_2,MDB_PEER_METHOD_1.0,29023,31073,4,0.3620689833976577
MDB_ANALYTICAL_2024_2,MDB_PEER_METHOD_1.0,29023,29013,5,0.36693395280513175
MDB_ANALYTICAL_2024_2,MDB_PEER_METHOD_1.0,29023,31026,6,0.38452163976350912
MDB_ANALYTICAL_2024_2,MDB_PEER_METHOD_1.0,29023,31057,7,0.40768727605751259
MDB_ANALYTICAL_2024_2,MDB_PEER_METHOD_1.0,29023,26012,8,0.41857092302027915
MDB_ANALYTICAL_2024_2,MDB_PEER_METHOD_1.0,29023,31085,9,0.43758690283324703
MDB_ANALYTICAL_2024_2,MDB_PEER_METHOD_1.0,29023,31074,10,0.43871390684445877
MDB_ANALYTICAL_2024_2,MDB_PEER_METHOD_1.0,29024,26012,1,0.29266050865874921
MDB_ANALYTICAL_2024_2,MDB_PEER_METHOD_1.0,29024,21001,2,0.32921214486639516
MDB_ANALYTICAL_2024_2,MDB_PEER_METHOD_1.0,29024,15007,3,0.33812169603148901
MDB_ANALYTICAL_2024_2,MDB_PEER_METHOD_1.0,29024,29017,4,0.33822497708054755
MDB_ANALYTICAL_2024_2,MDB_PEER_METHOD_1.0,29024,52003,5,0.34960498778256549
MDB_ANALYTICAL_2024_2,MDB_PEER_METHOD_1.0,29024,31099,6,0.40249221952330666
MDB_ANALYTICAL_2024_2,MDB_PEER_METHOD_1.0,29024,31057,7,0.4039371554390182
MDB_ANALYTICAL_2024_2,MDB_PEER_METHOD_1.0,29024,26007,8,0.42017846511440893
MDB_ANALYTICAL_2024_2,MDB_PEER_METHOD_1.0,29024,21002,9,0.43191473256627722
MDB_ANALYTICAL_2024_2,MDB_PEER_METHOD_1.0,29024,31074,10,0.45968210499617113
MDB_ANALYTICAL_2024_2,MDB_PEER_METHOD_1.0,29025,23025,1,0.22360164798592896
MDB_ANALYTICAL_2024_2,MDB_PEER_METHOD_1.0,29025,29028,2,0.22834224179196172
MDB_ANALYTICAL_2024_2,MDB_PEER_METHOD_1.0,29025,29001,3,0.24152081887481117
MDB_ANALYTICAL_2024_2,MDB_PEER_METHOD_1.0,29025,15009,4,0.24623652214708405
MDB_ANALYTICAL_2024_2,MDB_PEER_METHOD_1.0,29025,23024,5,0.40294229445918078
MDB_ANALYTICAL_2024_2,MDB_PEER_METHOD_1.0,29025,41005,6,0.41305447803834833
MDB_ANALYTICAL_2024_2,MDB_PEER_METHOD_1.0,29025,32001,7,0.44297183271621993
MDB_ANALYTICAL_2024_2,MDB_PEER_METHOD_1.0,29025,21008,8,0.48343172595178618
MDB_ANALYTICAL_2024_2,MDB_PEER_METHOD_1.0,29025,43009,9,0.49031605911905968
MDB_ANALYTICAL_2024_2,MDB_PEER_METHOD_1.0,29025,43001,10,0.49123683116503875
MDB_ANALYTICAL_2024_2,MDB_PEER_METHOD_1.0,29026,50012,1,0.16679638635487135
MDB_ANALYTICAL_2024_2,MDB_PEER_METHOD_1.0,29026,26002,2,0.17888358511778982
MDB_ANALYTICAL_2024_2,MDB_PEER_METHOD_1.0,29026,32003,3,0.23064068148626654
MDB_ANALYTICAL_2024_2,MDB_PEER_METHOD_1.0,29026,21006,4,0.23820915554357186
MDB_ANALYTICAL_2024_2,MDB_PEER_METHOD_1.0,29026,21009,5,0.2823816256520747
MDB_ANALYTICAL_2024_2,MDB_PEER_METHOD_1.0,29026,21014,6,0.31754673799929117
MDB_ANALYTICAL_2024_2,MDB_PEER_METHOD_1.0,29026,42012,7,0.37424592115698829
MDB_ANALYTICAL_2024_2,MDB_PEER_METHOD_1.0,29026,26007,8,0.40035813327507591
MDB_ANALYTICAL_2024_2,MDB_PEER_METHOD_1.0,29026,17006,9,0.43099320808217773
MDB_ANALYTICAL_2024_2,MDB_PEER_METHOD_1.0,29026,24002,10,0.43609671092102587
MDB_ANALYTICAL_2024_2,MDB_PEER_METHOD_1.0,29027,22005,1,0.071308790441069581
MDB_ANALYTICAL_2024_2,MDB_PEER_METHOD_1.0,29027,35021,2,0.089839683998971659
MDB_ANALYTICAL_2024_2,MDB_PEER_METHOD_1.0,29027,21018,3,0.1464226389907323
MDB_ANALYTICAL_2024_2,MDB_PEER_METHOD_1.0,29027,35051,4,0.18105716710558956
MDB_ANALYTICAL_2024_2,MDB_PEER_METHOD_1.0,29027,43005,5,0.21390196607533063
MDB_ANALYTICAL_2024_2,MDB_PEER_METHOD_1.0,29027,35092,6,0.24137196984296894
MDB_ANALYTICAL_2024_2,MDB_PEER_METHOD_1.0,29027,35033,7,0.28760507753409092
MDB_ANALYTICAL_2024_2,MDB_PEER_METHOD_1.0,29027,35063,8,0.31779716559976501
MDB_ANALYTICAL_2024_2,MDB_PEER_METHOD_1.0,29027,35064,9,0.35827462756642259
MDB_ANALYTICAL_2024_2,MDB_PEER_METHOD_1.0,29027,35094,10,0.37925089399847683
MDB_ANALYTICAL_2024_2,MDB_PEER_METHOD_1.0,29028,29025,1,0.22834224179196172
MDB_ANALYTICAL_2024_2,MDB_PEER_METHOD_1.0,29028,43021,2,0.30491228522130714
MDB_ANALYTICAL_2024_2,MDB_PEER_METHOD_1.0,29028,23025,3,0.31192619287760087
MDB_ANALYTICAL_2024_2,MDB_PEER_METHOD_1.0,29028,23024,4,0.36735988012375315
MDB_ANALYTICAL_2024_2,MDB_PEER_METHOD_1.0,29028,29001,5,0.42280957047217238
MDB_ANALYTICAL_2024_2,MDB_PEER_METHOD_1.0,29028,15009,6,0.44909345437572346
MDB_ANALYTICAL_2024_2,MDB_PEER_METHOD_1.0,29028,15008,7,0.53103692331135577
MDB_ANALYTICAL_2024_2,MDB_PEER_METHOD_1.0,29028,41005,8,0.54078711892794951
MDB_ANALYTICAL_2024_2,MDB_PEER_METHOD_1.0,29028,43001,9,0.5857868822449035
MDB_ANALYTICAL_2024_2,MDB_PEER_METHOD_1.0,29028,21008,10,0.59157486963406625
MDB_ANALYTICAL_2024_2,MDB_PEER_METHOD_1.0,31001,35023,1,0.21745106833773609
MDB_ANALYTICAL_2024_2,MDB_PEER_METHOD_1.0,31001,35061,2,0.22058116415142134
MDB_ANALYTICAL_2024_2,MDB_PEER_METHOD_1.0,31001,31013,3,0.31838645774820856
MDB_ANALYTICAL_2024_2,MDB_PEER_METHOD_1.0,31001,33007,4,0.32323533668919863
MDB_ANALYTICAL_2024_2,MDB_PEER_METHOD_1.0,31001,41007,5,0.35335129652791447
MDB_ANALYTICAL_2024_2,MDB_PEER_METHOD_1.0,31001,35151,6,0.35972315067044147
MDB_ANALYTICAL_2024_2,MDB_PEER_METHOD_1.0,31001,29019,7,0.37411831584243455
MDB_ANALYTICAL_2024_2,MDB_PEER_METHOD_1.0,31001,35063,8,0.38297811800862308
MDB_ANALYTICAL_2024_2,MDB_PEER_METHOD_1.0,31001,27009,9,0.3844103217473841
MDB_ANALYTICAL_2024_2,MDB_PEER_METHOD_1.0,31001,31015,10,0.39846885376009683
MDB_ANALYTICAL_2024_2,MDB_PEER_METHOD_1.0,31002,27008,1,0.20910288053030515
MDB_ANALYTICAL_2024_2,MDB_PEER_METHOD_1.0,31002,35095,2,0.21034350809747046
MDB_ANALYTICAL_2024_2,MDB_PEER_METHOD_1.0,31002,35052,3,0.22357279044042766
MDB_ANALYTICAL_2024_2,MDB_PEER_METHOD_1.0,31002,31061,4,0.24865790668031149
MDB_ANALYTICAL_2024_2,MDB_PEER_METHOD_1.0,31002,27002,5,0.26419117276190712
MDB_ANALYTICAL_2024_2,MDB_PEER_METHOD_1.0,31002,27004,6,0.2663222645485529
MDB_ANALYTICAL_2024_2,MDB_PEER_METHOD_1.0,31002,35065,7,0.27318375926909938
MDB_ANALYTICAL_2024_2,MDB_PEER_METHOD_1.0,31002,27006,8,0.29521155917568437
MDB_ANALYTICAL_2024_2,MDB_PEER_METHOD_1.0,31002,27010,9,0.32277780921988042
MDB_ANALYTICAL_2024_2,MDB_PEER_METHOD_1.0,31002,25010,10,0.32642944669822782
MDB_ANALYTICAL_2024_2,MDB_PEER_METHOD_1.0,31003,42014,1,0.18396312231599982
MDB_ANALYTICAL_2024_2,MDB_PEER_METHOD_1.0,31003,31013,2,0.20371603173524019
MDB_ANALYTICAL_2024_2,MDB_PEER_METHOD_1.0,31003,25012,3,0.20543292630705318
MDB_ANALYTICAL_2024_2,MDB_PEER_METHOD_1.0,31003,27009,4,0.22155520183061145
MDB_ANALYTICAL_2024_2,MDB_PEER_METHOD_1.0,31003,25009,5,0.24419908493478792
MDB_ANALYTICAL_2024_2,MDB_PEER_METHOD_1.0,31003,28003,6,0.30881531835924547
MDB_ANALYTICAL_2024_2,MDB_PEER_METHOD_1.0,31003,35094,7,0.31043001079056604
MDB_ANALYTICAL_2024_2,MDB_PEER_METHOD_1.0,31003,31034,8,0.31375100924501242
MDB_ANALYTICAL_2024_2,MDB_PEER_METHOD_1.0,31003,28007,9,0.36705881418884506
MDB_ANALYTICAL_2024_2,MDB_PEER_METHOD_1.0,31003,35023,10,0.37297558590133073
MDB_ANALYTICAL_2024_2,MDB_PEER_METHOD_1.0,31004,31044,1,0.1579540811009181
MDB_ANALYTICAL_2024_2,MDB_PEER_METHOD_1.0,31004,31092,2,0.23355870187096633
MDB_ANALYTICAL_2024_2,MDB_PEER_METHOD_1.0,31004,31045,3,0.26386895746775957
MDB_ANALYTICAL_2024_2,MDB_PEER_METHOD_1.0,31004,27003,4,0.29004648523311077
MDB_ANALYTICAL_2024_2,MDB_PEER_METHOD_1.0,31004,41013,5,0.33835150348414472
MDB_ANALYTICAL_2024_2,MDB_PEER_METHOD_1.0,31004,26001,6,0.34979095632367885
MDB_ANALYTICAL_2024_2,MDB_PEER_METHOD_1.0,31004,27002,7,0.35200656539242686
MDB_ANALYTICAL_2024_2,MDB_PEER_METHOD_1.0,31004,28002,8,0.3783021299022164
MDB_ANALYTICAL_2024_2,MDB_PEER_METHOD_1.0,31004,31079,9,0.38502014599298379
MDB_ANALYTICAL_2024_2,MDB_PEER_METHOD_1.0,31004,43005,10,0.39132377057256074
MDB_ANALYTICAL_2024_2,MDB_PEER_METHOD_1.0,31006,31012,1,0.096507497336567924
MDB_ANALYTICAL_2024_2,MDB_PEER_METHOD_1.0,31006,35104,2,0.21602805815417603
MDB_ANALYTICAL_2024_2,MDB_PEER_METHOD_1.0,31006,28004,3,0.30889560227850105
MDB_ANALYTICAL_2024_2,MDB_PEER_METHOD_1.0,31006,27005,4,0.36888527760151263
MDB_ANALYTICAL_2024_2,MDB_PEER_METHOD_1.0,31006,31032,5,0.5053764930558069
MDB_ANALYTICAL_2024_2,MDB_PEER_METHOD_1.0,31006,31035,6,0.50930857474131297
MDB_ANALYTICAL_2024_2,MDB_PEER_METHOD_1.0,31006,35142,7,0.51042373828663989
MDB_ANALYTICAL_2024_2,MDB_PEER_METHOD_1.0,31006,35032,8,0.57496437492908647
MDB_ANALYTICAL_2024_2,MDB_PEER_METHOD_1.0,31006,35101,9,0.58603477435775253
MDB_ANALYTICAL_2024_2,MDB_PEER_METHOD_1.0,31006,35031,10,0.59108925392524791
MDB_ANALYTICAL_2024_2,MDB_PEER_METHOD_1.0,31007,32004,1,0.43028471754844777
MDB_ANALYTICAL_2024_2,MDB_PEER_METHOD_1.0,31007,43017,2,0.48045309208666953
MDB_ANALYTICAL_2024_2,MDB_PEER_METHOD_1.0,31007,42002,3,0.53377343742126804
MDB_ANALYTICAL_2024_2,MDB_PEER_METHOD_1.0,31007,41010,4,0.54188066352130226
MDB_ANALYTICAL_2024_2,MDB_PEER_METHOD_1.0,31007,24001,5,0.5921898007051053
MDB_ANALYTICAL_2024_2,MDB_PEER_METHOD_1.0,31007,41015,6,0.59479937440099828
MDB_ANALYTICAL_2024_2,MDB_PEER_METHOD_1.0,31007,41008,7,0.62083679667376335
MDB_ANALYTICAL_2024_2,MDB_PEER_METHOD_1.0,31007,29022,8,0.69694910719650105
MDB_ANALYTICAL_2024_2,MDB_PEER_METHOD_1.0,31007,31036,9,0.7456441538159172
MDB_ANALYTICAL_2024_2,MDB_PEER_METHOD_1.0,31007,26008,10,0.76022876493015989
MDB_ANALYTICAL_2024_2,MDB_PEER_METHOD_1.0,31008,25006,1,0.14638067353343806
MDB_ANALYTICAL_2024_2,MDB_PEER_METHOD_1.0,31008,43014,2,0.203110842062381
MDB_ANALYTICAL_2024_2,MDB_PEER_METHOD_1.0,31008,41019,3,0.21606135958402706
MDB_ANALYTICAL_2024_2,MDB_PEER_METHOD_1.0,31008,24004,4,0.339581937057086
MDB_ANALYTICAL_2024_2,MDB_PEER_METHOD_1.0,31008,42003,5,0.34927179105217121
MDB_ANALYTICAL_2024_2,MDB_PEER_METHOD_1.0,31008,31059,6,0.36130183860743831
MDB_ANALYTICAL_2024_2,MDB_PEER_METHOD_1.0,31008,31060,7,0.36130377227242871
MDB_ANALYTICAL_2024_2,MDB_PEER_METHOD_1.0,31008,43015,8,0.36455919793294411
MDB_ANALYTICAL_2024_2,MDB_PEER_METHOD_1.0,31008,42004,9,0.36474666965599023
MDB_ANALYTICAL_2024_2,MDB_PEER_METHOD_1.0,31008,41012,10,0.37112608448062645
MDB_ANALYTICAL_2024_2,MDB_PEER_METHOD_1.0,31009,35082,1,0.17262297300124715
MDB_ANALYTICAL_2024_2,MDB_PEER_METHOD_1.0,31009,35083,2,0.22053681135956571
MDB_ANALYTICAL_2024_2,MDB_PEER_METHOD_1.0,31009,31078,3,0.2578734725510215
MDB_ANALYTICAL_2024_2,MDB_PEER_METHOD_1.0,31009,31087,4,0.30366599556311807
MDB_ANALYTICAL_2024_2,MDB_PEER_METHOD_1.0,31009,31011,5,0.30396892659012453
MDB_ANALYTICAL_2024_2,MDB_PEER_METHOD_1.0,31009,35133,6,0.30763909965407554
MDB_ANALYTICAL_2024_2,MDB_PEER_METHOD_1.0,31009,27010,7,0.32966617165250545
MDB_ANALYTICAL_2024_2,MDB_PEER_METHOD_1.0,31009,31010,8,0.33979440830284907
MDB_ANALYTICAL_2024_2,MDB_PEER_METHOD_1.0,31009,31088,9,0.35836436309599884
MDB_ANALYTICAL_2024_2,MDB_PEER_METHOD_1.0,31009,31089,10,0.46590620138118566
MDB_ANALYTICAL_2024_2,MDB_PEER_METHOD_1.0,31010,31011,1,0.12488890713537736
MDB_ANALYTICAL_2024_2,MDB_PEER_METHOD_1.0,31010,31087,2,0.18374199342802464
MDB_ANALYTICAL_2024_2,MDB_PEER_METHOD_1.0,31010,31009,3,0.33979440830284907
MDB_ANALYTICAL_2024_2,MDB_PEER_METHOD_1.0,31010,31078,4,0.37982342493933507
MDB_ANALYTICAL_2024_2,MDB_PEER_METHOD_1.0,31010,35083,5,0.38040294445336237
MDB_ANALYTICAL_2024_2,MDB_PEER_METHOD_1.0,31010,31023,6,0.38512989774285011
MDB_ANALYTICAL_2024_2,MDB_PEER_METHOD_1.0,31010,35082,7,0.44572307703058539
MDB_ANALYTICAL_2024_2,MDB_PEER_METHOD_1.0,31010,31088,8,0.45426881044519474
MDB_ANALYTICAL_2024_2,MDB_PEER_METHOD_1.0,31010,31031,9,0.53768337483314366
MDB_ANALYTICAL_2024_2,MDB_PEER_METHOD_1.0,31010,35133,10,0.63892112148195723
MDB_ANALYTICAL_2024_2,MDB_PEER_METHOD_1.0,31011,31087,1,0.058914931729744019
MDB_ANALYTICAL_2024_2,MDB_PEER_METHOD_1.0,31011,31010,2,0.12488890713537736
MDB_ANALYTICAL_2024_2,MDB_PEER_METHOD_1.0,31011,31009,3,0.30396892659012453
MDB_ANALYTICAL_2024_2,MDB_PEER_METHOD_1.0,31011,31023,4,0.35502437254420788
MDB_ANALYTICAL_2024_2,MDB_PEER_METHOD_1.0,31011,35082,5,0.36399013938280134
MDB_ANALYTICAL_2024_2,MDB_PEER_METHOD_1.0,31011,31078,6,0.37861284340668494
MDB_ANALYTICAL_2024_2,MDB_PEER_METHOD_1.0,31011,35083,7,0.3796865883652864
MDB_ANALYTICAL_2024_2,MDB_PEER_METHOD_1.0,31011,31088,8,0.47375451735452534
MDB_ANALYTICAL_2024_2,MDB_PEER_METHOD_1.0,31011,31031,9,0.5331682517729649
MDB_ANALYTICAL_2024_2,MDB_PEER_METHOD_1.0,31011,35133,10,0.59707904568068682
MDB_ANALYTICAL_2024_2,MDB_PEER_METHOD_1.0,31012,31006,1,0.096507497336567924
MDB_ANALYTICAL_2024_2,MDB_PEER_METHOD_1.0,31012,35104,2,0.26989728382328398
MDB_ANALYTICAL_2024_2,MDB_PEER_METHOD_1.0,31012,27005,3,0.30888606580490702
MDB_ANALYTICAL_2024_2,MDB_PEER_METHOD_1.0,31012,28004,4,0.35145955777854793
MDB_ANALYTICAL_2024_2,MDB_PEER_METHOD_1.0,31012,31035,5,0.50233265894758994
MDB_ANALYTICAL_2024_2,MDB_PEER_METHOD_1.0,31012,31032,6,0.53560414439917847
MDB_ANALYTICAL_2024_2,MDB_PEER_METHOD_1.0,31012,35142,7,0.5439336955640468
MDB_ANALYTICAL_2024_2,MDB_PEER_METHOD_1.0,31012,31023,8,0.5771493926324579
MDB_ANALYTICAL_2024_2,MDB_PEER_METHOD_1.0,31012,35143,9,0.61942032446554018
MDB_ANALYTICAL_2024_2,MDB_PEER_METHOD_1.0,31012,31078,10,0.6408898994733857
MDB_ANALYTICAL_2024_2,MDB_PEER_METHOD_1.0,31013,27009,1,0.12935491911964894
MDB_ANALYTICAL_2024_2,MDB_PEER_METHOD_1.0,31013,31003,2,0.20371603173524019
MDB_ANALYTICAL_2024_2,MDB_PEER_METHOD_1.0,31013,25009,3,0.26464108854726698
MDB_ANALYTICAL_2024_2,MDB_PEER_METHOD_1.0,31013,35094,4,0.27767729176762673
MDB_ANALYTICAL_2024_2,MDB_PEER_METHOD_1.0,31013,31034,5,0.29371735405569638
MDB_ANALYTICAL_2024_2,MDB_PEER_METHOD_1.0,31013,42014,6,0.30107206099484479
MDB_ANALYTICAL_2024_2,MDB_PEER_METHOD_1.0,31013,31001,7,0.31838645774820856
MDB_ANALYTICAL_2024_2,MDB_PEER_METHOD_1.0,31013,35023,8,0.322875234266501
MDB_ANALYTICAL_2024_2,MDB_PEER_METHOD_1.0,31013,31021,9,0.32684320975429809
MDB_ANALYTICAL_2024_2,MDB_PEER_METHOD_1.0,31013,35157,10,0.33848459393106672
MDB_ANALYTICAL_2024_2,MDB_PEER_METHOD_1.0,31015,43013,1,0.20825506916494579
MDB_ANALYTICAL_2024_2,MDB_PEER_METHOD_1.0,31015,35157,2,0.23395244771010695
MDB_ANALYTICAL_2024_2,MDB_PEER_METHOD_1.0,31015,42009,3,0.28908486155389473
MDB_ANALYTICAL_2024_2,MDB_PEER_METHOD_1.0,31015,35061,4,0.29148044839417259
MDB_ANALYTICAL_2024_2,MDB_PEER_METHOD_1.0,31015,42008,5,0.32042579900348606
MDB_ANALYTICAL_2024_2,MDB_PEER_METHOD_1.0,31015,42003,6,0.32082351879705734
MDB_ANALYTICAL_2024_2,MDB_PEER_METHOD_1.0,31015,41018,7,0.32499233782873405
MDB_ANALYTICAL_2024_2,MDB_PEER_METHOD_1.0,31015,31060,8,0.32697132385135746
MDB_ANALYTICAL_2024_2,MDB_PEER_METHOD_1.0,31015,41012,9,0.38057978247076374
MDB_ANALYTICAL_2024_2,MDB_PEER_METHOD_1.0,31015,41007,10,0.38996710765891568
MDB_ANALYTICAL_2024_2,MDB_PEER_METHOD_1.0,31016,35011,1,0.40676591993215289
MDB_ANALYTICAL_2024_2,MDB_PEER_METHOD_1.0,31016,29020,2,0.53068572599966535
MDB_ANALYTICAL_2024_2,MDB_PEER_METHOD_1.0,31016,35072,3,0.70930348343442284
MDB_ANALYTICAL_2024_2,MDB_PEER_METHOD_1.0,31016,26010,4,0.86805514605025058
MDB_ANALYTICAL_2024_2,MDB_PEER_METHOD_1.0,31016,35041,5,0.91806750719712782
MDB_ANALYTICAL_2024_2,MDB_PEER_METHOD_1.0,31016,25001,6,0.97688255677620051
MDB_ANALYTICAL_2024_2,MDB_PEER_METHOD_1.0,31016,27001,7,1.069722171642989
MDB_ANALYTICAL_2024_2,MDB_PEER_METHOD_1.0,31016,33006,8,1.2209153675867954
MDB_ANALYTICAL_2024_2,MDB_PEER_METHOD_1.0,31016,35163,9,1.2970419526276833
MDB_ANALYTICAL_2024_2,MDB_PEER_METHOD_1.0,31016,43010,10,1.4263948466709824
MDB_ANALYTICAL_2024_2,MDB_PEER_METHOD_1.0,31017,42006,1,0.19085863808409803
MDB_ANALYTICAL_2024_2,MDB_PEER_METHOD_1.0,31017,31097,2,0.30223384043543911
MDB_ANALYTICAL_2024_2,MDB_PEER_METHOD_1.0,31017,33004,3,0.34470682745723241
MDB_ANALYTICAL_2024_2,MDB_PEER_METHOD_1.0,31017,35103,4,0.39263230403719668
MDB_ANALYTICAL_2024_2,MDB_PEER_METHOD_1.0,31017,35132,5,0.52529813804197345
MDB_ANALYTICAL_2024_2,MDB_PEER_METHOD_1.0,31017,35174,6,0.56088692061717782
MDB_ANALYTICAL_2024_2,MDB_PEER_METHOD_1.0,31017,35071,7,0.56562677418509599
MDB_ANALYTICAL_2024_2,MDB_PEER_METHOD_1.0,31017,42015,8,0.56868522493201734
MDB_ANALYTICAL_2024_2,MDB_PEER_METHOD_1.0,31017,25016,9,0.58623898642730943
MDB_ANALYTICAL_2024_2,MDB_PEER_METHOD_1.0,31017,33009,10,0.61647402658750217
MDB_ANALYTICAL_2024_2,MDB_PEER_METHOD_1.0,31018,24007,1,1.1203398905577411
MDB_ANALYTICAL_2024_2,MDB_PEER_METHOD_1.0,31018,35012,2,1.1961552131567432
MDB_ANALYTICAL_2024_2,MDB_PEER_METHOD_1.0,31018,21016,3,1.3693797596775759
MDB_ANALYTICAL_2024_2,MDB_PEER_METHOD_1.0,31018,15006,4,1.3782769145212732
MDB_ANALYTICAL_2024_2,MDB_PEER_METHOD_1.0,31018,35073,5,1.657447780387693
MDB_ANALYTICAL_2024_2,MDB_PEER_METHOD_1.0,31018,35014,6,1.6584632748520052
MDB_ANALYTICAL_2024_2,MDB_PEER_METHOD_1.0,31018,35102,7,1.7017819472802198
MDB_ANALYTICAL_2024_2,MDB_PEER_METHOD_1.0,31018,43010,8,1.7352490972039099
MDB_ANALYTICAL_2024_2,MDB_PEER_METHOD_1.0,31018,35013,9,1.8311087822858203
MDB_ANALYTICAL_2024_2,MDB_PEER_METHOD_1.0,31018,35015,10,1.8651817748532877
MDB_ANALYTICAL_2024_2,MDB_PEER_METHOD_1.0,31019,29023,1,0.094444911905747775
MDB_ANALYTICAL_2024_2,MDB_PEER_METHOD_1.0,31019,31071,2,0.10341625709260739
MDB_ANALYTICAL_2024_2,MDB_PEER_METHOD_1.0,31019,43027,3,0.27008679504138627
MDB_ANALYTICAL_2024_2,MDB_PEER_METHOD_1.0,31019,31026,4,0.32168724350568823
MDB_ANALYTICAL_2024_2,MDB_PEER_METHOD_1.0,31019,31085,5,0.37383488447599977
MDB_ANALYTICAL_2024_2,MDB_PEER_METHOD_1.0,31019,31073,6,0.38528656094507158
MDB_ANALYTICAL_2024_2,MDB_PEER_METHOD_1.0,31019,31094,7,0.4520505156698601
MDB_ANALYTICAL_2024_2,MDB_PEER_METHOD_1.0,31019,29013,8,0.45398469084792675
MDB_ANALYTICAL_2024_2,MDB_PEER_METHOD_1.0,31019,31057,9,0.48712055855061104
MDB_ANALYTICAL_2024_2,MDB_PEER_METHOD_1.0,31019,31074,10,0.49249430473735006
MDB_ANALYTICAL_2024_2,MDB_PEER_METHOD_1.0,31020,31027,1,0.32596988723728598
MDB_ANALYTICAL_2024_2,MDB_PEER_METHOD_1.0,31020,31102,2,0.36364243818062159
MDB_ANALYTICAL_2024_2,MDB_PEER_METHOD_1.0,31020,31101,3,0.39972275167146076
MDB_ANALYTICAL_2024_2,MDB_PEER_METHOD_1.0,31020,43024,4,0.40613961291043432
MDB_ANALYTICAL_2024_2,MDB_PEER_METHOD_1.0,31020,31030,5,0.41327734697490992
MDB_ANALYTICAL_2024_2,MDB_PEER_METHOD_1.0,31020,31040,6,0.4507562702202742
MDB_ANALYTICAL_2024_2,MDB_PEER_METHOD_1.0,31020,31093,7,0.46084792248514006
MDB_ANALYTICAL_2024_2,MDB_PEER_METHOD_1.0,31020,31082,8,0.47007234995476271
MDB_ANALYTICAL_2024_2,MDB_PEER_METHOD_1.0,31020,31028,9,0.49044265468596049
MDB_ANALYTICAL_2024_2,MDB_PEER_METHOD_1.0,31020,31038,10,0.54029092374753684
MDB_ANALYTICAL_2024_2,MDB_PEER_METHOD_1.0,31021,21010,1,0.14473886281433007
MDB_ANALYTICAL_2024_2,MDB_PEER_METHOD_1.0,31021,35092,2,0.21688866696093231
MDB_ANALYTICAL_2024_2,MDB_PEER_METHOD_1.0,31021,31034,3,0.25807053122423063
MDB_ANALYTICAL_2024_2,MDB_PEER_METHOD_1.0,31021,27009,4,0.26087761774402135
MDB_ANALYTICAL_2024_2,MDB_PEER_METHOD_1.0,31021,26001,5,0.27029779985546265
MDB_ANALYTICAL_2024_2,MDB_PEER_METHOD_1.0,31021,35094,6,0.27949286567524234
MDB_ANALYTICAL_2024_2,MDB_PEER_METHOD_1.0,31021,43005,7,0.31116102390398021
MDB_ANALYTICAL_2024_2,MDB_PEER_METHOD_1.0,31021,31013,8,0.32684320975429809
MDB_ANALYTICAL_2024_2,MDB_PEER_METHOD_1.0,31021,21018,9,0.32917302265905868
MDB_ANALYTICAL_2024_2,MDB_PEER_METHOD_1.0,31021,35022,10,0.33382150642309866
MDB_ANALYTICAL_2024_2,MDB_PEER_METHOD_1.0,31022,33001,1,0.58041826773191063
MDB_ANALYTICAL_2024_2,MDB_PEER_METHOD_1.0,31022,31031,2,0.63543417134111313
MDB_ANALYTICAL_2024_2,MDB_PEER_METHOD_1.0,31022,21017,3,0.80744932542626036
MDB_ANALYTICAL_2024_2,MDB_PEER_METHOD_1.0,31022,31023,4,0.88217337271633156
MDB_ANALYTICAL_2024_2,MDB_PEER_METHOD_1.0,31022,31087,5,0.91386496248717652
MDB_ANALYTICAL_2024_2,MDB_PEER_METHOD_1.0,31022,31011,6,0.93678405375664409
MDB_ANALYTICAL_2024_2,MDB_PEER_METHOD_1.0,31022,31010,7,0.99728634634286617
MDB_ANALYTICAL_2024_2,MDB_PEER_METHOD_1.0,31022,35141,8,1.0219768790160078
MDB_ANALYTICAL_2024_2,MDB_PEER_METHOD_1.0,31022,35173,9,1.0665483940188334
MDB_ANALYTICAL_2024_2,MDB_PEER_METHOD_1.0,31022,35074,10,1.0824057753936749
MDB_ANALYTICAL_2024_2,MDB_PEER_METHOD_1.0,31023,31078,1,0.34068544508547233
MDB_ANALYTICAL_2024_2,MDB_PEER_METHOD_1.0,31023,31011,2,0.35502437254420788
MDB_ANALYTICAL_2024_2,MDB_PEER_METHOD_1.0,31023,31087,3,0.35872268344968428
MDB_ANALYTICAL_2024_2,MDB_PEER_METHOD_1.0,31023,31031,4,0.36583545519405258
MDB_ANALYTICAL_2024_2,MDB_PEER_METHOD_1.0,31023,31010,5,0.38512989774285011
MDB_ANALYTICAL_2024_2,MDB_PEER_METHOD_1.0,31023,35074,6,0.43501902013901611
MDB_ANALYTICAL_2024_2,MDB_PEER_METHOD_1.0,31023,31009,7,0.48147841846638706
MDB_ANALYTICAL_2024_2,MDB_PEER_METHOD_1.0,31023,35082,8,0.51208543803419748
MDB_ANALYTICAL_2024_2,MDB_PEER_METHOD_1.0,31023,31012,9,0.5771493926324579
MDB_ANALYTICAL_2024_2,MDB_PEER_METHOD_1.0,31023,35083,10,0.65644148558788817
MDB_ANALYTICAL_2024_2,MDB_PEER_METHOD_1.0,31024,43001,1,0.1642621501630509
MDB_ANALYTICAL_2024_2,MDB_PEER_METHOD_1.0,31024,29015,2,0.21954818358553685
MDB_ANALYTICAL_2024_2,MDB_PEER_METHOD_1.0,31024,22003,3,0.23197180444462201
MDB_ANALYTICAL_2024_2,MDB_PEER_METHOD_1.0,31024,31036,4,0.26208766630963509
MDB_ANALYTICAL_2024_2,MDB_PEER_METHOD_1.0,31024,41011,5,0.28343429687684346
MDB_ANALYTICAL_2024_2,MDB_PEER_METHOD_1.0,31024,24003,6,0.30906302523750562
MDB_ANALYTICAL_2024_2,MDB_PEER_METHOD_1.0,31024,43009,7,0.37678215502198747
MDB_ANALYTICAL_2024_2,MDB_PEER_METHOD_1.0,31024,41005,8,0.38451841947640281
MDB_ANALYTICAL_2024_2,MDB_PEER_METHOD_1.0,31024,23025,9,0.40920382397815647
MDB_ANALYTICAL_2024_2,MDB_PEER_METHOD_1.0,31024,31059,10,0.41416948197600284
MDB_ANALYTICAL_2024_2,MDB_PEER_METHOD_1.0,31025,42017,1,0.16961828650282354
MDB_ANALYTICAL_2024_2,MDB_PEER_METHOD_1.0,31025,35032,2,0.47629820117207294
MDB_ANALYTICAL_2024_2,MDB_PEER_METHOD_1.0,31025,35031,3,0.53062421227765644
MDB_ANALYTICAL_2024_2,MDB_PEER_METHOD_1.0,31025,35104,4,0.55231839581789677
MDB_ANALYTICAL_2024_2,MDB_PEER_METHOD_1.0,31025,35131,5,0.56053415632763859
MDB_ANALYTICAL_2024_2,MDB_PEER_METHOD_1.0,31025,35101,6,0.60566835977042677
MDB_ANALYTICAL_2024_2,MDB_PEER_METHOD_1.0,31025,43023,7,0.61304928369311462
MDB_ANALYTICAL_2024_2,MDB_PEER_METHOD_1.0,31025,29004,8,0.64171395144267029
MDB_ANALYTICAL_2024_2,MDB_PEER_METHOD_1.0,31025,31086,9,0.67884018246820499
MDB_ANALYTICAL_2024_2,MDB_PEER_METHOD_1.0,31025,35142,10,0.68122369317350095
MDB_ANALYTICAL_2024_2,MDB_PEER_METHOD_1.0,31026,52010,1,0.23515269821303822
MDB_ANALYTICAL_2024_2,MDB_PEER_METHOD_1.0,31026,43002,2,0.28339097254655665
MDB_ANALYTICAL_2024_2,MDB_PEER_METHOD_1.0,31026,31071,3,0.31158807279401918
MDB_ANALYTICAL_2024_2,MDB_PEER_METHOD_1.0,31026,31019,4,0.32168724350568823
MDB_ANALYTICAL_2024_2,MDB_PEER_METHOD_1.0,31026,31094,5,0.32643911321009911
MDB_ANALYTICAL_2024_2,MDB_PEER_METHOD_1.0,31026,31085,6,0.33113890276331676
MDB_ANALYTICAL_2024_2,MDB_PEER_METHOD_1.0,31026,43012,7,0.37805266268713211
MDB_ANALYTICAL_2024_2,MDB_PEER_METHOD_1.0,31026,29023,8,0.38452163976350912
MDB_ANALYTICAL_2024_2,MDB_PEER_METHOD_1.0,31026,43027,9,0.40506016626621577
MDB_ANALYTICAL_2024_2,MDB_PEER_METHOD_1.0,31026,22008,10,0.42384544207387048
MDB_ANALYTICAL_2024_2,MDB_PEER_METHOD_1.0,31027,31030,1,0.12414531029225856
MDB_ANALYTICAL_2024_2,MDB_PEER_METHOD_1.0,31027,31028,2,0.23815120066797393
MDB_ANALYTICAL_2024_2,MDB_PEER_METHOD_1.0,31027,31082,3,0.24917618328719737
MDB_ANALYTICAL_2024_2,MDB_PEER_METHOD_1.0,31027,31020,4,0.32596988723728598
MDB_ANALYTICAL_2024_2,MDB_PEER_METHOD_1.0,31027,26011,5,0.37018344237685835
MDB_ANALYTICAL_2024_2,MDB_PEER_METHOD_1.0,31027,31101,6,0.4066277863310197
MDB_ANALYTICAL_2024_2,MDB_PEER_METHOD_1.0,31027,31040,7,0.41956697878253313
MDB_ANALYTICAL_2024_2,MDB_PEER_METHOD_1.0,31027,31093,8,0.44238187294016001
MDB_ANALYTICAL_2024_2,MDB_PEER_METHOD_1.0,31027,41006,9,0.47100436656358002
MDB_ANALYTICAL_2024_2,MDB_PEER_METHOD_1.0,31027,43024,10,0.47882050768940787
MDB_ANALYTICAL_2024_2,MDB_PEER_METHOD_1.0,31028,31082,1,0.10393784807145544
MDB_ANALYTICAL_2024_2,MDB_PEER_METHOD_1.0,31028,31027,2,0.23815120066797393
MDB_ANALYTICAL_2024_2,MDB_PEER_METHOD_1.0,31028,31030,3,0.26724619330276561
MDB_ANALYTICAL_2024_2,MDB_PEER_METHOD_1.0,31028,26011,4,0.31318012193978562
MDB_ANALYTICAL_2024_2,MDB_PEER_METHOD_1.0,31028,31040,5,0.32926693364298748
MDB_ANALYTICAL_2024_2,MDB_PEER_METHOD_1.0,31028,31093,6,0.36017167886086021
MDB_ANALYTICAL_2024_2,MDB_PEER_METHOD_1.0,31028,31089,7,0.46343293595515667
MDB_ANALYTICAL_2024_2,MDB_PEER_METHOD_1.0,31028,31020,8,0.49044265468596049
MDB_ANALYTICAL_2024_2,MDB_PEER_METHOD_1.0,31028,31064,9,0.49195748607028655
MDB_ANALYTICAL_2024_2,MDB_PEER_METHOD_1.0,31028,31088,10,0.49969107162653298
MDB_ANALYTICAL_2024_2,MDB_PEER_METHOD_1.0,31030,31027,1,0.12414531029225856
MDB_ANALYTICAL_2024_2,MDB_PEER_METHOD_1.0,31030,31028,2,0.26724619330276561
MDB_ANALYTICAL_2024_2,MDB_PEER_METHOD_1.0,31030,26011,3,0.29185591956541357
MDB_ANALYTICAL_2024_2,MDB_PEER_METHOD_1.0,31030,31082,4,0.31702684708266643
MDB_ANALYTICAL_2024_2,MDB_PEER_METHOD_1.0,31030,41006,5,0.37244661375875726
MDB_ANALYTICAL_2024_2,MDB_PEER_METHOD_1.0,31030,31101,6,0.40819552575605927
MDB_ANALYTICAL_2024_2,MDB_PEER_METHOD_1.0,31030,31020,7,0.41327734697490992
MDB_ANALYTICAL_2024_2,MDB_PEER_METHOD_1.0,31030,41004,8,0.43409951230119564
MDB_ANALYTICAL_2024_2,MDB_PEER_METHOD_1.0,31030,52018,9,0.48113992614985995
MDB_ANALYTICAL_2024_2,MDB_PEER_METHOD_1.0,31030,41021,10,0.49085810966768756
MDB_ANALYTICAL_2024_2,MDB_PEER_METHOD_1.0,31031,31023,1,0.36583545519405258
MDB_ANALYTICAL_2024_2,MDB_PEER_METHOD_1.0,31031,35074,2,0.51408080812624046
MDB_ANALYTICAL_2024_2,MDB_PEER_METHOD_1.0,31031,31011,3,0.5331682517729649
MDB_ANALYTICAL_2024_2,MDB_PEER_METHOD_1.0,31031,31010,4,0.53768337483314366
MDB_ANALYTICAL_2024_2,MDB_PEER_METHOD_1.0,31031,31087,5,0.54349442225302025
MDB_ANALYTICAL_2024_2,MDB_PEER_METHOD_1.0,31031,31022,6,0.63543417134111313
MDB_ANALYTICAL_2024_2,MDB_PEER_METHOD_1.0,31031,31078,7,0.68111298525780251
MDB_ANALYTICAL_2024_2,MDB_PEER_METHOD_1.0,31031,31009,8,0.78185508586620178
MDB_ANALYTICAL_2024_2,MDB_PEER_METHOD_1.0,31031,35082,9,0.81594986995562224
MDB_ANALYTICAL_2024_2,MDB_PEER_METHOD_1.0,31031,31012,10,0.84652750543677124
MDB_ANALYTICAL_2024_2,MDB_PEER_METHOD_1.0,31032,35142,1,0.020404045457437674
MDB_ANALYTICAL_2024_2,MDB_PEER_METHOD_1.0,31032,31035,2,0.21745892937436784
MDB_ANALYTICAL_2024_2,MDB_PEER_METHOD_1.0,31032,35031,3,0.22621586890499804
MDB_ANALYTICAL_2024_2,MDB_PEER_METHOD_1.0,31032,29005,4,0.31118052559025283
MDB_ANALYTICAL_2024_2,MDB_PEER_METHOD_1.0,31032,31086,5,0.33056371321656725
MDB_ANALYTICAL_2024_2,MDB_PEER_METHOD_1.0,31032,27005,6,0.44102686210012931
MDB_ANALYTICAL_2024_2,MDB_PEER_METHOD_1.0,31032,35143,7,0.44284142751863276
MDB_ANALYTICAL_2024_2,MDB_PEER_METHOD_1.0,31032,28002,8,0.44884302672751181
MDB_ANALYTICAL_2024_2,MDB_PEER_METHOD_1.0,31032,35033,9,0.48013387165990656
MDB_ANALYTICAL_2024_2,MDB_PEER_METHOD_1.0,31032,31006,10,0.5053764930558069
MDB_ANALYTICAL_2024_2,MDB_PEER_METHOD_1.0,31034,35094,1,0.18992466055502039
MDB_ANALYTICAL_2024_2,MDB_PEER_METHOD_1.0,31034,27009,2,0.19344856750868061
MDB_ANALYTICAL_2024_2,MDB_PEER_METHOD_1.0,31034,26001,3,0.19939751176934342
MDB_ANALYTICAL_2024_2,MDB_PEER_METHOD_1.0,31034,35092,4,0.24094366667342301
MDB_ANALYTICAL_2024_2,MDB_PEER_METHOD_1.0,31034,42010,5,0.24827318414194016
MDB_ANALYTICAL_2024_2,MDB_PEER_METHOD_1.0,31034,31079,6,0.2509132367556936
MDB_ANALYTICAL_2024_2,MDB_PEER_METHOD_1.0,31034,31021,7,0.25807053122423063
MDB_ANALYTICAL_2024_2,MDB_PEER_METHOD_1.0,31034,25012,8,0.28345344933631972
MDB_ANALYTICAL_2024_2,MDB_PEER_METHOD_1.0,31034,21010,9,0.28823709135576908
MDB_ANALYTICAL_2024_2,MDB_PEER_METHOD_1.0,31034,25009,10,0.29249740189717693
MDB_ANALYTICAL_2024_2,MDB_PEER_METHOD_1.0,31035,31032,1,0.21745892937436784
MDB_ANALYTICAL_2024_2,MDB_PEER_METHOD_1.0,31035,35142,2,0.23456761659202172
MDB_ANALYTICAL_2024_2,MDB_PEER_METHOD_1.0,31035,35143,3,0.27890822250998043
MDB_ANALYTICAL_2024_2,MDB_PEER_METHOD_1.0,31035,27005,4,0.31575428277834583
MDB_ANALYTICAL_2024_2,MDB_PEER_METHOD_1.0,31035,27006,5,0.33806027101652786
MDB_ANALYTICAL_2024_2,MDB_PEER_METHOD_1.0,31035,29005,6,0.38186860748402673
MDB_ANALYTICAL_2024_2,MDB_PEER_METHOD_1.0,31035,28002,7,0.40603461899719556
MDB_ANALYTICAL_2024_2,MDB_PEER_METHOD_1.0,31035,27008,8,0.4175518855120588
MDB_ANALYTICAL_2024_2,MDB_PEER_METHOD_1.0,31035,35031,9,0.44333179539146217
MDB_ANALYTICAL_2024_2,MDB_PEER_METHOD_1.0,31035,27002,10,0.44641583540567731
MDB_ANALYTICAL_2024_2,MDB_PEER_METHOD_1.0,31036,41008,1,0.20741748235616014
MDB_ANALYTICAL_2024_2,MDB_PEER_METHOD_1.0,31036,31059,2,0.23552833371436011
MDB_ANALYTICAL_2024_2,MDB_PEER_METHOD_1.0,31036,31024,3,0.26208766630963509
MDB_ANALYTICAL_2024_2,MDB_PEER_METHOD_1.0,31036,24003,4,0.27638719033557574
MDB_ANALYTICAL_2024_2,MDB_PEER_METHOD_1.0,31036,41011,5,0.30635232412932933
MDB_ANALYTICAL_2024_2,MDB_PEER_METHOD_1.0,31036,43017,6,0.31040020626685749
MDB_ANALYTICAL_2024_2,MDB_PEER_METHOD_1.0,31036,29022,7,0.31512216546019245
MDB_ANALYTICAL_2024_2,MDB_PEER_METHOD_1.0,31036,29012,8,0.33375979468445183
MDB_ANALYTICAL_2024_2,MDB_PEER_METHOD_1.0,31036,42004,9,0.34146514463900424
MDB_ANALYTICAL_2024_2,MDB_PEER_METHOD_1.0,31036,43001,10,0.36042944548003686
MDB_ANALYTICAL_2024_2,MDB_PEER_METHOD_1.0,31037,28006,1,0.35531999680770882
MDB_ANALYTICAL_2024_2,MDB_PEER_METHOD_1.0,31037,41016,2,0.40919944819691778
MDB_ANALYTICAL_2024_2,MDB_PEER_METHOD_1.0,31037,35064,3,0.41736696537598822
MDB_ANALYTICAL_2024_2,MDB_PEER_METHOD_1.0,31037,33007,4,0.42684760729132515
MDB_ANALYTICAL_2024_2,MDB_PEER_METHOD_1.0,31037,25016,5,0.45134567612731791
MDB_ANALYTICAL_2024_2,MDB_PEER_METHOD_1.0,31037,42016,6,0.46485831809164391
MDB_ANALYTICAL_2024_2,MDB_PEER_METHOD_1.0,31037,33003,7,0.46655510855437987
MDB_ANALYTICAL_2024_2,MDB_PEER_METHOD_1.0,31037,35172,8,0.47355916266988529
MDB_ANALYTICAL_2024_2,MDB_PEER_METHOD_1.0,31037,27007,9,0.48170325204523823
MDB_ANALYTICAL_2024_2,MDB_PEER_METHOD_1.0,31037,28003,10,0.4830135346993662
MDB_ANALYTICAL_2024_2,MDB_PEER_METHOD_1.0,31038,25011,1,0.34916671057486481
MDB_ANALYTICAL_2024_2,MDB_PEER_METHOD_1.0,31038,31047,2,0.39765931233822432
MDB_ANALYTICAL_2024_2,MDB_PEER_METHOD_1.0,31038,31089,3,0.50912981245251454
MDB_ANALYTICAL_2024_2,MDB_PEER_METHOD_1.0,31038,25013,4,0.51194648549848443
MDB_ANALYTICAL_2024_2,MDB_PEER_METHOD_1.0,31038,31020,5,0.54029092374753684
MDB_ANALYTICAL_2024_2,MDB_PEER_METHOD_1.0,31038,31040,6,0.54814506744894753
MDB_ANALYTICAL_2024_2,MDB_PEER_METHOD_1.0,31038,31062,7,0.56117957858243717
MDB_ANALYTICAL_2024_2,MDB_PEER_METHOD_1.0,31038,31093,8,0.56568655409933899
MDB_ANALYTICAL_2024_2,MDB_PEER_METHOD_1.0,31038,35152,9,0.63840932186033506
MDB_ANALYTICAL_2024_2,MDB_PEER_METHOD_1.0,31038,31028,10,0.6772259472618658
MDB_ANALYTICAL_2024_2,MDB_PEER_METHOD_1.0,31040,31093,1,0.037962598157639929
MDB_ANALYTICAL_2024_2,MDB_PEER_METHOD_1.0,31040,31082,2,0.26159851372092002
MDB_ANALYTICAL_2024_2,MDB_PEER_METHOD_1.0,31040,31064,3,0.27613521198342894
MDB_ANALYTICAL_2024_2,MDB_PEER_METHOD_1.0,31040,31065,4,0.32722578547231546
MDB_ANALYTICAL_2024_2,MDB_PEER_METHOD_1.0,31040,31028,5,0.32926693364298748
MDB_ANALYTICAL_2024_2,MDB_PEER_METHOD_1.0,31040,31098,6,0.40246911898441246
MDB_ANALYTICAL_2024_2,MDB_PEER_METHOD_1.0,31040,31027,7,0.41956697878253313
MDB_ANALYTICAL_2024_2,MDB_PEER_METHOD_1.0,31040,31020,8,0.4507562702202742
MDB_ANALYTICAL_2024_2,MDB_PEER_METHOD_1.0,31040,31083,9,0.4949379346534305
MDB_ANALYTICAL_2024_2,MDB_PEER_METHOD_1.0,31040,31062,10,0.49883170144538869
MDB_ANALYTICAL_2024_2,MDB_PEER_METHOD_1.0,31041,35152,1,0.31884373643937253
MDB_ANALYTICAL_2024_2,MDB_PEER_METHOD_1.0,31041,25013,2,0.48683023378922002
MDB_ANALYTICAL_2024_2,MDB_PEER_METHOD_1.0,31041,31067,3,0.62765334039728937
MDB_ANALYTICAL_2024_2,MDB_PEER_METHOD_1.0,31041,35113,4,0.66110499528409017
MDB_ANALYTICAL_2024_2,MDB_PEER_METHOD_1.0,31041,31091,5,0.69682030243971638
MDB_ANALYTICAL_2024_2,MDB_PEER_METHOD_1.0,31041,35114,6,0.7124671153312846
MDB_ANALYTICAL_2024_2,MDB_PEER_METHOD_1.0,31041,31095,7,0.71282640940124786
MDB_ANALYTICAL_2024_2,MDB_PEER_METHOD_1.0,31041,25011,8,0.71900580865899966
MDB_ANALYTICAL_2024_2,MDB_PEER_METHOD_1.0,31041,31068,9,0.73799662695968693
MDB_ANALYTICAL_2024_2,MDB_PEER_METHOD_1.0,31041,31088,10,0.78626026247815251
MDB_ANALYTICAL_2024_2,MDB_PEER_METHOD_1.0,31042,35091,1,0.17224788047131534
MDB_ANALYTICAL_2024_2,MDB_PEER_METHOD_1.0,31042,35111,2,0.24167148652495829
MDB_ANALYTICAL_2024_2,MDB_PEER_METHOD_1.0,31042,25008,3,0.29035197461819034
MDB_ANALYTICAL_2024_2,MDB_PEER_METHOD_1.0,31042,41013,4,0.30021225900968884
MDB_ANALYTICAL_2024_2,MDB_PEER_METHOD_1.0,31042,31045,5,0.32197152451431021
MDB_ANALYTICAL_2024_2,MDB_PEER_METHOD_1.0,31042,25014,6,0.33632085784855481
MDB_ANALYTICAL_2024_2,MDB_PEER_METHOD_1.0,31042,27004,7,0.3654007055365181
MDB_ANALYTICAL_2024_2,MDB_PEER_METHOD_1.0,31042,31044,8,0.36896445629018071
MDB_ANALYTICAL_2024_2,MDB_PEER_METHOD_1.0,31042,25010,9,0.37627981810548322
MDB_ANALYTICAL_2024_2,MDB_PEER_METHOD_1.0,31042,42010,10,0.37823307956481644
MDB_ANALYTICAL_2024_2,MDB_PEER_METHOD_1.0,31044,31004,1,0.1579540811009181
MDB_ANALYTICAL_2024_2,MDB_PEER_METHOD_1.0,31044,31045,2,0.17616460154508701
MDB_ANALYTICAL_2024_2,MDB_PEER_METHOD_1.0,31044,27002,3,0.23376041863380487
MDB_ANALYTICAL_2024_2,MDB_PEER_METHOD_1.0,31044,27003,4,0.24850592984545683
MDB_ANALYTICAL_2024_2,MDB_PEER_METHOD_1.0,31044,25014,5,0.26023412793266598
MDB_ANALYTICAL_2024_2,MDB_PEER_METHOD_1.0,31044,35091,6,0.30165817983912507
MDB_ANALYTICAL_2024_2,MDB_PEER_METHOD_1.0,31044,31061,7,0.33377292277138237
MDB_ANALYTICAL_2024_2,MDB_PEER_METHOD_1.0,31044,31092,8,0.35177468551122004
MDB_ANALYTICAL_2024_2,MDB_PEER_METHOD_1.0,31044,31079,9,0.35735066576023933
MDB_ANALYTICAL_2024_2,MDB_PEER_METHOD_1.0,31044,31042,10,0.36896445629018071
MDB_ANALYTICAL_2024_2,MDB_PEER_METHOD_1.0,31045,25014,1,0.15191828744342886
MDB_ANALYTICAL_2024_2,MDB_PEER_METHOD_1.0,31045,27003,2,0.17588689764113416
MDB_ANALYTICAL_2024_2,MDB_PEER_METHOD_1.0,31045,31044,3,0.17616460154508701
MDB_ANALYTICAL_2024_2,MDB_PEER_METHOD_1.0,31045,31079,4,0.21199605369739147
MDB_ANALYTICAL_2024_2,MDB_PEER_METHOD_1.0,31045,43004,5,0.22860509145421015
MDB_ANALYTICAL_2024_2,MDB_PEER_METHOD_1.0,31045,43026,6,0.2383342026060134
MDB_ANALYTICAL_2024_2,MDB_PEER_METHOD_1.0,31045,31004,7,0.26386895746775957
MDB_ANALYTICAL_2024_2,MDB_PEER_METHOD_1.0,31045,31042,8,0.32197152451431021
MDB_ANALYTICAL_2024_2,MDB_PEER_METHOD_1.0,31045,42010,9,0.32904024165011109
MDB_ANALYTICAL_2024_2,MDB_PEER_METHOD_1.0,31045,35091,10,0.34211517460112334
MDB_ANALYTICAL_2024_2,MDB_PEER_METHOD_1.0,31046,31041,1,0.8236181103389717
MDB_ANALYTICAL_2024_2,MDB_PEER_METHOD_1.0,31046,31067,2,0.83740717940633702
MDB_ANALYTICAL_2024_2,MDB_PEER_METHOD_1.0,31046,35115,3,1.0231175762561713
MDB_ANALYTICAL_2024_2,MDB_PEER_METHOD_1.0,31046,31066,4,1.0692543547447402
MDB_ANALYTICAL_2024_2,MDB_PEER_METHOD_1.0,31046,35152,5,1.1087493020798238
MDB_ANALYTICAL_2024_2,MDB_PEER_METHOD_1.0,31046,35113,6,1.1724132570401447
MDB_ANALYTICAL_2024_2,MDB_PEER_METHOD_1.0,31046,31091,7,1.179231454957657
MDB_ANALYTICAL_2024_2,MDB_PEER_METHOD_1.0,31046,31095,8,1.2122228204001131
MDB_ANALYTICAL_2024_2,MDB_PEER_METHOD_1.0,31046,35114,9,1.2179620593990883
MDB_ANALYTICAL_2024_2,MDB_PEER_METHOD_1.0,31046,31068,10,1.2389087254083435
MDB_ANALYTICAL_2024_2,MDB_PEER_METHOD_1.0,31047,31038,1,0.39765931233822432
MDB_ANALYTICAL_2024_2,MDB_PEER_METHOD_1.0,31047,25011,2,0.47163132288772175
MDB_ANALYTICAL_2024_2,MDB_PEER_METHOD_1.0,31047,25010,3,0.50864694741206085
MDB_ANALYTICAL_2024_2,MDB_PEER_METHOD_1.0,31047,25008,4,0.55075878074097373
MDB_ANALYTICAL_2024_2,MDB_PEER_METHOD_1.0,31047,31089,5,0.55831119184352229
MDB_ANALYTICAL_2024_2,MDB_PEER_METHOD_1.0,31047,35156,6,0.56199963885717952
MDB_ANALYTICAL_2024_2,MDB_PEER_METHOD_1.0,31047,27004,7,0.58943342162316337
MDB_ANALYTICAL_2024_2,MDB_PEER_METHOD_1.0,31047,35095,8,0.63563650325363674
MDB_ANALYTICAL_2024_2,MDB_PEER_METHOD_1.0,31047,35091,9,0.67944699985333679
MDB_ANALYTICAL_2024_2,MDB_PEER_METHOD_1.0,31047,31020,10,0.70933677828331909
MDB_ANALYTICAL_2024_2,MDB_PEER_METHOD_1.0,31048,35151,1,0.11670004868429747
MDB_ANALYTICAL_2024_2,MDB_PEER_METHOD_1.0,31048,43025,2,0.27694105071859398
MDB_ANALYTICAL_2024_2,MDB_PEER_METHOD_1.0,31048,35093,3,0.30898408892675011
MDB_ANALYTICAL_2024_2,MDB_PEER_METHOD_1.0,31048,35023,4,0.34411518983697981
MDB_ANALYTICAL_2024_2,MDB_PEER_METHOD_1.0,31048,35112,5,0.37520608235067937
MDB_ANALYTICAL_2024_2,MDB_PEER_METHOD_1.0,31048,41016,6,0.40087157885624974
MDB_ANALYTICAL_2024_2,MDB_PEER_METHOD_1.0,31048,31059,7,0.40931081893097154
MDB_ANALYTICAL_2024_2,MDB_PEER_METHOD_1.0,31048,42016,8,0.42449074172573059
MDB_ANALYTICAL_2024_2,MDB_PEER_METHOD_1.0,31048,41019,9,0.44948674619288742
MDB_ANALYTICAL_2024_2,MDB_PEER_METHOD_1.0,31048,41020,10,0.46166094684843678
MDB_ANALYTICAL_2024_2,MDB_PEER_METHOD_1.0,31050,31076,1,0.27993023569071313
MDB_ANALYTICAL_2024_2,MDB_PEER_METHOD_1.0,31050,31096,2,0.38988103533162705
MDB_ANALYTICAL_2024_2,MDB_PEER_METHOD_1.0,31050,31091,3,0.43637343632754949
MDB_ANALYTICAL_2024_2,MDB_PEER_METHOD_1.0,31050,31095,4,0.5075397010489745
MDB_ANALYTICAL_2024_2,MDB_PEER_METHOD_1.0,31050,52006,5,0.53086342659197761
MDB_ANALYTICAL_2024_2,MDB_PEER_METHOD_1.0,31050,35113,6,0.53487773436184216
MDB_ANALYTICAL_2024_2,MDB_PEER_METHOD_1.0,31050,31051,7,0.5516138338005625
MDB_ANALYTICAL_2024_2,MDB_PEER_METHOD_1.0,31050,31068,8,0.58905877310977772
MDB_ANALYTICAL_2024_2,MDB_PEER_METHOD_1.0,31050,31098,9,0.58966690994315751
MDB_ANALYTICAL_2024_2,MDB_PEER_METHOD_1.0,31050,31083,10,0.63801941834031051
MDB_ANALYTICAL_2024_2,MDB_PEER_METHOD_1.0,31051,31083,1,0.23621308891380927
MDB_ANALYTICAL_2024_2,MDB_PEER_METHOD_1.0,31051,31076,2,0.44648746612815204
MDB_ANALYTICAL_2024_2,MDB_PEER_METHOD_1.0,31051,31098,3,0.45809973157999045
MDB_ANALYTICAL_2024_2,MDB_PEER_METHOD_1.0,31051,31065,4,0.45884494494270983
MDB_ANALYTICAL_2024_2,MDB_PEER_METHOD_1.0,31051,51010,5,0.5490539315127354
MDB_ANALYTICAL_2024_2,MDB_PEER_METHOD_1.0,31051,31050,6,0.5516138338005625
MDB_ANALYTICAL_2024_2,MDB_PEER_METHOD_1.0,31051,31064,7,0.57744335557189175
MDB_ANALYTICAL_2024_2,MDB_PEER_METHOD_1.0,31051,31100,8,0.62939774446612839
MDB_ANALYTICAL_2024_2,MDB_PEER_METHOD_1.0,31051,31068,9,0.65012417766263331
MDB_ANALYTICAL_2024_2,MDB_PEER_METHOD_1.0,31051,31053,10,0.65469999296801484
MDB_ANALYTICAL_2024_2,MDB_PEER_METHOD_1.0,31052,29011,1,0.18650660219724366
MDB_ANALYTICAL_2024_2,MDB_PEER_METHOD_1.0,31052,35121,2,0.2592153771890498
MDB_ANALYTICAL_2024_2,MDB_PEER_METHOD_1.0,31052,50017,3,0.28139987094660202
MDB_ANALYTICAL_2024_2,MDB_PEER_METHOD_1.0,31052,21019,4,0.29791720949130818
MDB_ANALYTICAL_2024_2,MDB_PEER_METHOD_1.0,31052,21012,5,0.30758256442706122
MDB_ANALYTICAL_2024_2,MDB_PEER_METHOD_1.0,31052,21015,6,0.36549727801363258
MDB_ANALYTICAL_2024_2,MDB_PEER_METHOD_1.0,31052,17001,7,0.39670794467838738
MDB_ANALYTICAL_2024_2,MDB_PEER_METHOD_1.0,31052,42013,8,0.3970237851525249
MDB_ANALYTICAL_2024_2,MDB_PEER_METHOD_1.0,31052,21014,9,0.41329010875405647
MDB_ANALYTICAL_2024_2,MDB_PEER_METHOD_1.0,31052,52005,10,0.42535041607615565
MDB_ANALYTICAL_2024_2,MDB_PEER_METHOD_1.0,31053,31100,1,0.24132213216778567
MDB_ANALYTICAL_2024_2,MDB_PEER_METHOD_1.0,31053,51015,2,0.51470728212484829
MDB_ANALYTICAL_2024_2,MDB_PEER_METHOD_1.0,31053,31083,3,0.54263728317559357
MDB_ANALYTICAL_2024_2,MDB_PEER_METHOD_1.0,31053,50016,4,0.56618698638086473
MDB_ANALYTICAL_2024_2,MDB_PEER_METHOD_1.0,31053,31055,5,0.60120123246916246
MDB_ANALYTICAL_2024_2,MDB_PEER_METHOD_1.0,31053,31065,6,0.61940570995752253
MDB_ANALYTICAL_2024_2,MDB_PEER_METHOD_1.0,31053,12001,7,0.64249405141722848
MDB_ANALYTICAL_2024_2,MDB_PEER_METHOD_1.0,31053,31051,8,0.65469999296801484
MDB_ANALYTICAL_2024_2,MDB_PEER_METHOD_1.0,31053,31064,9,0.66387612760993642
MDB_ANALYTICAL_2024_2,MDB_PEER_METHOD_1.0,31053,11002,10,0.66442302588898461
MDB_ANALYTICAL_2024_2,MDB_PEER_METHOD_1.0,31055,50016,1,0.15798597306103404
MDB_ANALYTICAL_2024_2,MDB_PEER_METHOD_1.0,31055,11005,2,0.23983051532016622
MDB_ANALYTICAL_2024_2,MDB_PEER_METHOD_1.0,31055,50014,3,0.30194650027607145
MDB_ANALYTICAL_2024_2,MDB_PEER_METHOD_1.0,31055,11006,4,0.3192888328489738
MDB_ANALYTICAL_2024_2,MDB_PEER_METHOD_1.0,31055,52014,5,0.47165565116580749
MDB_ANALYTICAL_2024_2,MDB_PEER_METHOD_1.0,31055,11002,6,0.4785659264399228
MDB_ANALYTICAL_2024_2,MDB_PEER_METHOD_1.0,31055,43022,7,0.5314940183087199
MDB_ANALYTICAL_2024_2,MDB_PEER_METHOD_1.0,31055,50013,8,0.55882287347292503
MDB_ANALYTICAL_2024_2,MDB_PEER_METHOD_1.0,31055,43024,9,0.57026613903907863
MDB_ANALYTICAL_2024_2,MDB_PEER_METHOD_1.0,31055,31082,10,0.57442511551389464
MDB_ANALYTICAL_2024_2,MDB_PEER_METHOD_1.0,31057,52017,1,0.23977257569598392
MDB_ANALYTICAL_2024_2,MDB_PEER_METHOD_1.0,31057,26012,2,0.27053536121923172
MDB_ANALYTICAL_2024_2,MDB_PEER_METHOD_1.0,31057,21013,3,0.2815507872575424
MDB_ANALYTICAL_2024_2,MDB_PEER_METHOD_1.0,31057,31099,4,0.28638794141021823
MDB_ANALYTICAL_2024_2,MDB_PEER_METHOD_1.0,31057,29013,5,0.30542079976614728
MDB_ANALYTICAL_2024_2,MDB_PEER_METHOD_1.0,31057,21002,6,0.3447874113847107
MDB_ANALYTICAL_2024_2,MDB_PEER_METHOD_1.0,31057,29017,7,0.38819235854140111
MDB_ANALYTICAL_2024_2,MDB_PEER_METHOD_1.0,31057,29024,8,0.4039371554390182
MDB_ANALYTICAL_2024_2,MDB_PEER_METHOD_1.0,31057,29023,9,0.40768727605751259
MDB_ANALYTICAL_2024_2,MDB_PEER_METHOD_1.0,31057,26007,10,0.40785022307163293
MDB_ANALYTICAL_2024_2,MDB_PEER_METHOD_1.0,31058,29021,1,0.12069332648262646
MDB_ANALYTICAL_2024_2,MDB_PEER_METHOD_1.0,31058,51007,2,0.36251672106403732
MDB_ANALYTICAL_2024_2,MDB_PEER_METHOD_1.0,31058,21003,3,0.36361806850852957
MDB_ANALYTICAL_2024_2,MDB_PEER_METHOD_1.0,31058,52016,4,0.37131210723587454
MDB_ANALYTICAL_2024_2,MDB_PEER_METHOD_1.0,31058,50009,5,0.3866969276259658
MDB_ANALYTICAL_2024_2,MDB_PEER_METHOD_1.0,31058,11003,6,0.41643929951831404
MDB_ANALYTICAL_2024_2,MDB_PEER_METHOD_1.0,31058,21015,7,0.46846478551547421
MDB_ANALYTICAL_2024_2,MDB_PEER_METHOD_1.0,31058,29011,8,0.51702959462650988
MDB_ANALYTICAL_2024_2,MDB_PEER_METHOD_1.0,31058,51011,9,0.51739318385023436
MDB_ANALYTICAL_2024_2,MDB_PEER_METHOD_1.0,31058,15013,10,0.53410369068983965
MDB_ANALYTICAL_2024_2,MDB_PEER_METHOD_1.0,31059,31036,1,0.23552833371436011
MDB_ANALYTICAL_2024_2,MDB_PEER_METHOD_1.0,31059,41019,2,0.26221828150066756
MDB_ANALYTICAL_2024_2,MDB_PEER_METHOD_1.0,31059,29012,3,0.31729137253114814
MDB_ANALYTICAL_2024_2,MDB_PEER_METHOD_1.0,31059,41008,4,0.3211147152479274
MDB_ANALYTICAL_2024_2,MDB_PEER_METHOD_1.0,31059,29022,5,0.33709290942008813
MDB_ANALYTICAL_2024_2,MDB_PEER_METHOD_1.0,31059,31008,6,0.36130183860743831
MDB_ANALYTICAL_2024_2,MDB_PEER_METHOD_1.0,31059,43009,7,0.37247263563023886
MDB_ANALYTICAL_2024_2,MDB_PEER_METHOD_1.0,31059,24003,8,0.37528028473622072
MDB_ANALYTICAL_2024_2,MDB_PEER_METHOD_1.0,31059,41011,9,0.37786454446088902
MDB_ANALYTICAL_2024_2,MDB_PEER_METHOD_1.0,31059,35093,10,0.39428774314314957
MDB_ANALYTICAL_2024_2,MDB_PEER_METHOD_1.0,31060,42003,1,0.017240077530318837
MDB_ANALYTICAL_2024_2,MDB_PEER_METHOD_1.0,31060,41018,2,0.088490877193219158
MDB_ANALYTICAL_2024_2,MDB_PEER_METHOD_1.0,31060,24005,3,0.11161055973581641
MDB_ANALYTICAL_2024_2,MDB_PEER_METHOD_1.0,31060,43013,4,0.15946152479036696
MDB_ANALYTICAL_2024_2,MDB_PEER_METHOD_1.0,31060,43014,5,0.17642175032769136
MDB_ANALYTICAL_2024_2,MDB_PEER_METHOD_1.0,31060,42008,6,0.17973057415048166
MDB_ANALYTICAL_2024_2,MDB_PEER_METHOD_1.0,31060,25006,7,0.27635400297631757
MDB_ANALYTICAL_2024_2,MDB_PEER_METHOD_1.0,31060,31015,8,0.32697132385135746
MDB_ANALYTICAL_2024_2,MDB_PEER_METHOD_1.0,31060,31008,9,0.36130377227242871
MDB_ANALYTICAL_2024_2,MDB_PEER_METHOD_1.0,31060,42009,10,0.37961451284542042
MDB_ANALYTICAL_2024_2,MDB_PEER_METHOD_1.0,31061,27002,1,0.16366839832452632
MDB_ANALYTICAL_2024_2,MDB_PEER_METHOD_1.0,31061,27004,2,0.1893158362898438
MDB_ANALYTICAL_2024_2,MDB_PEER_METHOD_1.0,31061,35052,3,0.23362761782661307
MDB_ANALYTICAL_2024_2,MDB_PEER_METHOD_1.0,31061,27008,4,0.24685025883025769
MDB_ANALYTICAL_2024_2,MDB_PEER_METHOD_1.0,31061,31002,5,0.24865790668031149
MDB_ANALYTICAL_2024_2,MDB_PEER_METHOD_1.0,31061,35091,6,0.27847708514007252
MDB_ANALYTICAL_2024_2,MDB_PEER_METHOD_1.0,31061,25010,7,0.28941722562045197
MDB_ANALYTICAL_2024_2,MDB_PEER_METHOD_1.0,31061,43030,8,0.29349088022753894
MDB_ANALYTICAL_2024_2,MDB_PEER_METHOD_1.0,31061,31044,9,0.33377292277138237
MDB_ANALYTICAL_2024_2,MDB_PEER_METHOD_1.0,31061,35095,10,0.36514380654234319
MDB_ANALYTICAL_2024_2,MDB_PEER_METHOD_1.0,31062,31093,1,0.47619264540828543
MDB_ANALYTICAL_2024_2,MDB_PEER_METHOD_1.0,31062,31040,2,0.49883170144538869
MDB_ANALYTICAL_2024_2,MDB_PEER_METHOD_1.0,31062,31098,3,0.51742201775374563
MDB_ANALYTICAL_2024_2,MDB_PEER_METHOD_1.0,31062,31038,4,0.56117957858243717
MDB_ANALYTICAL_2024_2,MDB_PEER_METHOD_1.0,31062,31020,5,0.58453252986722637
MDB_ANALYTICAL_2024_2,MDB_PEER_METHOD_1.0,31062,31065,6,0.58843998442073719
MDB_ANALYTICAL_2024_2,MDB_PEER_METHOD_1.0,31062,31064,7,0.60964793602447565
MDB_ANALYTICAL_2024_2,MDB_PEER_METHOD_1.0,31062,31096,8,0.61659944903946851
MDB_ANALYTICAL_2024_2,MDB_PEER_METHOD_1.0,31062,31083,9,0.64845103950890859
MDB_ANALYTICAL_2024_2,MDB_PEER_METHOD_1.0,31062,25013,10,0.65816732291182412
MDB_ANALYTICAL_2024_2,MDB_PEER_METHOD_1.0,31064,31065,1,0.11859854904475206
MDB_ANALYTICAL_2024_2,MDB_PEER_METHOD_1.0,31064,31098,2,0.21793204124874935
MDB_ANALYTICAL_2024_2,MDB_PEER_METHOD_1.0,31064,31093,3,0.26755907636295756
MDB_ANALYTICAL_2024_2,MDB_PEER_METHOD_1.0,31064,31040,4,0.27613521198342894
MDB_ANALYTICAL_2024_2,MDB_PEER_METHOD_1.0,31064,31083,5,0.35491031887149443
MDB_ANALYTICAL_2024_2,MDB_PEER_METHOD_1.0,31064,31068,6,0.35728854255135944
MDB_ANALYTICAL_2024_2,MDB_PEER_METHOD_1.0,31064,31082,7,0.43132126405510407
MDB_ANALYTICAL_2024_2,MDB_PEER_METHOD_1.0,31064,31095,8,0.43404053898112155
MDB_ANALYTICAL_2024_2,MDB_PEER_METHOD_1.0,31064,35114,9,0.44546666234646887
MDB_ANALYTICAL_2024_2,MDB_PEER_METHOD_1.0,31064,35113,10,0.45712312856670867
MDB_ANALYTICAL_2024_2,MDB_PEER_METHOD_1.0,31065,31064,1,0.11859854904475206
MDB_ANALYTICAL_2024_2,MDB_PEER_METHOD_1.0,31065,31098,2,0.16270932319902445
MDB_ANALYTICAL_2024_2,MDB_PEER_METHOD_1.0,31065,31083,3,0.23898174842587067
MDB_ANALYTICAL_2024_2,MDB_PEER_METHOD_1.0,31065,31093,4,0.30595269006352516
MDB_ANALYTICAL_2024_2,MDB_PEER_METHOD_1.0,31065,31040,5,0.32722578547231546
MDB_ANALYTICAL_2024_2,MDB_PEER_METHOD_1.0,31065,31068,6,0.36590667409549971
MDB_ANALYTICAL_2024_2,MDB_PEER_METHOD_1.0,31065,31095,7,0.43039700022474536
MDB_ANALYTICAL_2024_2,MDB_PEER_METHOD_1.0,31065,31100,8,0.44898458987914475
MDB_ANALYTICAL_2024_2,MDB_PEER_METHOD_1.0,31065,31051,9,0.45884494494270983
MDB_ANALYTICAL_2024_2,MDB_PEER_METHOD_1.0,31065,35113,10,0.46376079651284163
MDB_ANALYTICAL_2024_2,MDB_PEER_METHOD_1.0,31066,35115,1,0.46981453784679705
MDB_ANALYTICAL_2024_2,MDB_PEER_METHOD_1.0,31066,31067,2,0.56380567246358004
MDB_ANALYTICAL_2024_2,MDB_PEER_METHOD_1.0,31066,31077,3,0.58990820156448975
MDB_ANALYTICAL_2024_2,MDB_PEER_METHOD_1.0,31066,12001,4,0.78383142654808979
MDB_ANALYTICAL_2024_2,MDB_PEER_METHOD_1.0,31066,31095,5,0.80833588729381267
MDB_ANALYTICAL_2024_2,MDB_PEER_METHOD_1.0,31066,31068,6,0.81155613352786071
MDB_ANALYTICAL_2024_2,MDB_PEER_METHOD_1.0,31066,31076,7,0.81201931811746175
MDB_ANALYTICAL_2024_2,MDB_PEER_METHOD_1.0,31066,35113,8,0.82028095990427041
MDB_ANALYTICAL_2024_2,MDB_PEER_METHOD_1.0,31066,31091,9,0.84750900532146778
MDB_ANALYTICAL_2024_2,MDB_PEER_METHOD_1.0,31066,31050,10,0.9030629867422908
MDB_ANALYTICAL_2024_2,MDB_PEER_METHOD_1.0,31067,35115,1,0.23785825753383386
MDB_ANALYTICAL_2024_2,MDB_PEER_METHOD_1.0,31067,35113,2,0.38690554458101611
MDB_ANALYTICAL_2024_2,MDB_PEER_METHOD_1.0,31067,31095,3,0.41097790932795236
MDB_ANALYTICAL_2024_2,MDB_PEER_METHOD_1.0,31067,31091,4,0.41828561970643235
MDB_ANALYTICAL_2024_2,MDB_PEER_METHOD_1.0,31067,31068,5,0.44810616706373202
MDB_ANALYTICAL_2024_2,MDB_PEER_METHOD_1.0,31067,31066,6,0.56380567246358004
MDB_ANALYTICAL_2024_2,MDB_PEER_METHOD_1.0,31067,31076,7,0.6033552220708529
MDB_ANALYTICAL_2024_2,MDB_PEER_METHOD_1.0,31067,31041,8,0.62765334039728937
MDB_ANALYTICAL_2024_2,MDB_PEER_METHOD_1.0,31067,35114,9,0.64665140382510322
MDB_ANALYTICAL_2024_2,MDB_PEER_METHOD_1.0,31067,25013,10,0.68481928632331668
MDB_ANALYTICAL_2024_2,MDB_PEER_METHOD_1.0,31068,31095,1,0.12160219277559843
MDB_ANALYTICAL_2024_2,MDB_PEER_METHOD_1.0,31068,35113,2,0.15329641504279981
MDB_ANALYTICAL_2024_2,MDB_PEER_METHOD_1.0,31068,31098,3,0.32413383993507155
MDB_ANALYTICAL_2024_2,MDB_PEER_METHOD_1.0,31068,31091,4,0.32790392129701784
MDB_ANALYTICAL_2024_2,MDB_PEER_METHOD_1.0,31068,31076,5,0.3406628152812895
MDB_ANALYTICAL_2024_2,MDB_PEER_METHOD_1.0,31068,31064,6,0.35728854255135944
MDB_ANALYTICAL_2024_2,MDB_PEER_METHOD_1.0,31068,35115,7,0.35856601886301737
MDB_ANALYTICAL_2024_2,MDB_PEER_METHOD_1.0,31068,31065,8,0.36590667409549971
MDB_ANALYTICAL_2024_2,MDB_PEER_METHOD_1.0,31068,35114,9,0.42989221522305837
MDB_ANALYTICAL_2024_2,MDB_PEER_METHOD_1.0,31068,31067,10,0.44810616706373202
MDB_ANALYTICAL_2024_2,MDB_PEER_METHOD_1.0,31070,52018,1,0.20260774078713037
MDB_ANALYTICAL_2024_2,MDB_PEER_METHOD_1.0,31070,31074,2,0.20911594449645038
MDB_ANALYTICAL_2024_2,MDB_PEER_METHOD_1.0,31070,41021,3,0.25079143993215486
MDB_ANALYTICAL_2024_2,MDB_PEER_METHOD_1.0,31070,41006,4,0.30163073520212885
MDB_ANALYTICAL_2024_2,MDB_PEER_METHOD_1.0,31070,31073,5,0.30705381115500635
MDB_ANALYTICAL_2024_2,MDB_PEER_METHOD_1.0,31070,41004,6,0.35454957999878089
MDB_ANALYTICAL_2024_2,MDB_PEER_METHOD_1.0,31070,28005,7,0.39098939614948924
MDB_ANALYTICAL_2024_2,MDB_PEER_METHOD_1.0,31070,21001,8,0.3948236946121278
MDB_ANALYTICAL_2024_2,MDB_PEER_METHOD_1.0,31070,26011,9,0.40186885655937649
MDB_ANALYTICAL_2024_2,MDB_PEER_METHOD_1.0,31070,29017,10,0.43275174589645005
MDB_ANALYTICAL_2024_2,MDB_PEER_METHOD_1.0,31071,29023,1,0.097779535459410177
MDB_ANALYTICAL_2024_2,MDB_PEER_METHOD_1.0,31071,31019,2,0.10341625709260739
MDB_ANALYTICAL_2024_2,MDB_PEER_METHOD_1.0,31071,43027,3,0.21470149361647489
MDB_ANALYTICAL_2024_2,MDB_PEER_METHOD_1.0,31071,31026,4,0.31158807279401918
MDB_ANALYTICAL_2024_2,MDB_PEER_METHOD_1.0,31071,31085,5,0.36243984682533398
MDB_ANALYTICAL_2024_2,MDB_PEER_METHOD_1.0,31071,31073,6,0.37009799799832316
MDB_ANALYTICAL_2024_2,MDB_PEER_METHOD_1.0,31071,29013,7,0.40949481786496078
MDB_ANALYTICAL_2024_2,MDB_PEER_METHOD_1.0,31071,31074,8,0.44324191928606299
MDB_ANALYTICAL_2024_2,MDB_PEER_METHOD_1.0,31071,31101,9,0.44392448128026396
MDB_ANALYTICAL_2024_2,MDB_PEER_METHOD_1.0,31071,31094,10,0.46055161964931851
MDB_ANALYTICAL_2024_2,MDB_PEER_METHOD_1.0,31072,29018,1,0.077734259338573586
MDB_ANALYTICAL_2024_2,MDB_PEER_METHOD_1.0,31072,15007,2,0.31771114750268947
MDB_ANALYTICAL_2024_2,MDB_PEER_METHOD_1.0,31072,26009,3,0.34962079118872263
MDB_ANALYTICAL_2024_2,MDB_PEER_METHOD_1.0,31072,29009,4,0.35087196083986971
MDB_ANALYTICAL_2024_2,MDB_PEER_METHOD_1.0,31072,41001,5,0.51538961535813466
MDB_ANALYTICAL_2024_2,MDB_PEER_METHOD_1.0,31072,21005,6,0.56011286095009738
MDB_ANALYTICAL_2024_2,MDB_PEER_METHOD_1.0,31072,52011,7,0.61478942990708441
MDB_ANALYTICAL_2024_2,MDB_PEER_METHOD_1.0,31072,29024,8,0.61537912853245347
MDB_ANALYTICAL_2024_2,MDB_PEER_METHOD_1.0,31072,35051,9,0.62488672434311865
MDB_ANALYTICAL_2024_2,MDB_PEER_METHOD_1.0,31072,31084,10,0.63074256305187948
MDB_ANALYTICAL_2024_2,MDB_PEER_METHOD_1.0,31073,31074,1,0.19579558209214634
MDB_ANALYTICAL_2024_2,MDB_PEER_METHOD_1.0,31073,52018,2,0.21276375440394776
MDB_ANALYTICAL_2024_2,MDB_PEER_METHOD_1.0,31073,29017,3,0.28964958596507123
MDB_ANALYTICAL_2024_2,MDB_PEER_METHOD_1.0,31073,31070,4,0.30705381115500635
MDB_ANALYTICAL_2024_2,MDB_PEER_METHOD_1.0,31073,41006,5,0.3549975434017304
MDB_ANALYTICAL_2024_2,MDB_PEER_METHOD_1.0,31073,29023,6,0.3620689833976577
MDB_ANALYTICAL_2024_2,MDB_PEER_METHOD_1.0,31073,31071,7,0.37009799799832316
MDB_ANALYTICAL_2024_2,MDB_PEER_METHOD_1.0,31073,31019,8,0.38528656094507158
MDB_ANALYTICAL_2024_2,MDB_PEER_METHOD_1.0,31073,26012,9,0.39217676658362821
MDB_ANALYTICAL_2024_2,MDB_PEER_METHOD_1.0,31073,21001,10,0.40629019470005429
MDB_ANALYTICAL_2024_2,MDB_PEER_METHOD_1.0,31074,31073,1,0.19579558209214634
MDB_ANALYTICAL_2024_2,MDB_PEER_METHOD_1.0,31074,31070,2,0.20911594449645038
MDB_ANALYTICAL_2024_2,MDB_PEER_METHOD_1.0,31074,41006,3,0.24226510839240398
MDB_ANALYTICAL_2024_2,MDB_PEER_METHOD_1.0,31074,52018,4,0.27050085000826773
MDB_ANALYTICAL_2024_2,MDB_PEER_METHOD_1.0,31074,26012,5,0.30004202018238407
MDB_ANALYTICAL_2024_2,MDB_PEER_METHOD_1.0,31074,41004,6,0.31980898815316139
MDB_ANALYTICAL_2024_2,MDB_PEER_METHOD_1.0,31074,29017,7,0.35027190463065666
MDB_ANALYTICAL_2024_2,MDB_PEER_METHOD_1.0,31074,28005,8,0.36629240321028761
MDB_ANALYTICAL_2024_2,MDB_PEER_METHOD_1.0,31074,21001,9,0.42280037398551723
MDB_ANALYTICAL_2024_2,MDB_PEER_METHOD_1.0,31074,29023,10,0.43871390684445877
MDB_ANALYTICAL_2024_2,MDB_PEER_METHOD_1.0,31075,33008,1,0.5175078158495181
MDB_ANALYTICAL_2024_2,MDB_PEER_METHOD_1.0,31075,15011,2,0.53842821856611678
MDB_ANALYTICAL_2024_2,MDB_PEER_METHOD_1.0,31075,52004,3,0.55455534600346101
MDB_ANALYTICAL_2024_2,MDB_PEER_METHOD_1.0,31075,50011,4,0.62048252077867283
MDB_ANALYTICAL_2024_2,MDB_PEER_METHOD_1.0,31075,52011,5,0.65326464156448505
MDB_ANALYTICAL_2024_2,MDB_PEER_METHOD_1.0,31075,41003,6,0.68837244433358236
MDB_ANALYTICAL_2024_2,MDB_PEER_METHOD_1.0,31075,26009,7,0.78430191864770993
MDB_ANALYTICAL_2024_2,MDB_PEER_METHOD_1.0,31075,51002,8,0.84601954553706493
MDB_ANALYTICAL_2024_2,MDB_PEER_METHOD_1.0,31075,33004,9,0.89056218894832095
MDB_ANALYTICAL_2024_2,MDB_PEER_METHOD_1.0,31075,35174,10,0.89514294117959314
MDB_ANALYTICAL_2024_2,MDB_PEER_METHOD_1.0,31076,31050,1,0.27993023569071313
MDB_ANALYTICAL_2024_2,MDB_PEER_METHOD_1.0,31076,31095,2,0.29883997361124859
MDB_ANALYTICAL_2024_2,MDB_PEER_METHOD_1.0,31076,31068,3,0.3406628152812895
MDB_ANALYTICAL_2024_2,MDB_PEER_METHOD_1.0,31076,35113,4,0.34510630416162319
MDB_ANALYTICAL_2024_2,MDB_PEER_METHOD_1.0,31076,31091,5,0.35167617793452793
MDB_ANALYTICAL_2024_2,MDB_PEER_METHOD_1.0,31076,31098,6,0.38473882856299135
MDB_ANALYTICAL_2024_2,MDB_PEER_METHOD_1.0,31076,31083,7,0.43688700650758217
MDB_ANALYTICAL_2024_2,MDB_PEER_METHOD_1.0,31076,31051,8,0.44648746612815204
MDB_ANALYTICAL_2024_2,MDB_PEER_METHOD_1.0,31076,31065,9,0.46631619735899771
MDB_ANALYTICAL_2024_2,MDB_PEER_METHOD_1.0,31076,31096,10,0.48103837218456541
MDB_ANALYTICAL_2024_2,MDB_PEER_METHOD_1.0,31077,12001,1,0.4411664879564845
MDB_ANALYTICAL_2024_2,MDB_PEER_METHOD_1.0,31077,31066,2,0.58990820156448975
MDB_ANALYTICAL_2024_2,MDB_PEER_METHOD_1.0,31077,11007,3,0.72259445915885978
MDB_ANALYTICAL_2024_2,MDB_PEER_METHOD_1.0,31077,51016,4,0.84586403624551076
MDB_ANALYTICAL_2024_2,MDB_PEER_METHOD_1.0,31077,35115,5,0.85796135035710319
MDB_ANALYTICAL_2024_2,MDB_PEER_METHOD_1.0,31077,50010,6,0.89800083729450375
MDB_ANALYTICAL_2024_2,MDB_PEER_METHOD_1.0,31077,51015,7,0.91593901849601855
MDB_ANALYTICAL_2024_2,MDB_PEER_METHOD_1.0,31077,31076,8,0.93440669531911902
MDB_ANALYTICAL_2024_2,MDB_PEER_METHOD_1.0,31077,31053,9,0.95592765471210295
MDB_ANALYTICAL_2024_2,MDB_PEER_METHOD_1.0,31077,22007,10,0.96415471578651402
MDB_ANALYTICAL_2024_2,MDB_PEER_METHOD_1.0,31078,31009,1,0.2578734725510215
MDB_ANALYTICAL_2024_2,MDB_PEER_METHOD_1.0,31078,31023,2,0.34068544508547233
MDB_ANALYTICAL_2024_2,MDB_PEER_METHOD_1.0,31078,35082,3,0.35581547040955946
MDB_ANALYTICAL_2024_2,MDB_PEER_METHOD_1.0,31078,31011,4,0.37861284340668494
MDB_ANALYTICAL_2024_2,MDB_PEER_METHOD_1.0,31078,31010,5,0.37982342493933507
MDB_ANALYTICAL_2024_2,MDB_PEER_METHOD_1.0,31078,31087,6,0.39392820380373372
MDB_ANALYTICAL_2024_2,MDB_PEER_METHOD_1.0,31078,35083,7,0.44342364169980136
MDB_ANALYTICAL_2024_2,MDB_PEER_METHOD_1.0,31078,27010,8,0.48308550688803359
MDB_ANALYTICAL_2024_2,MDB_PEER_METHOD_1.0,31078,35133,9,0.48685939940610873
MDB_ANALYTICAL_2024_2,MDB_PEER_METHOD_1.0,31078,35052,10,0.51565302468521879
MDB_ANALYTICAL_2024_2,MDB_PEER_METHOD_1.0,31079,43026,1,0.093503408885714692
MDB_ANALYTICAL_2024_2,MDB_PEER_METHOD_1.0,31079,43004,2,0.12779154289966263
MDB_ANALYTICAL_2024_2,MDB_PEER_METHOD_1.0,31079,27003,3,0.16118199467277045
MDB_ANALYTICAL_2024_2,MDB_PEER_METHOD_1.0,31079,31045,4,0.21199605369739147
MDB_ANALYTICAL_2024_2,MDB_PEER_METHOD_1.0,31079,31034,5,0.2509132367556936
MDB_ANALYTICAL_2024_2,MDB_PEER_METHOD_1.0,31079,25014,6,0.27831461598905866
MDB_ANALYTICAL_2024_2,MDB_PEER_METHOD_1.0,31079,35094,7,0.28431967431376204
MDB_ANALYTICAL_2024_2,MDB_PEER_METHOD_1.0,31079,25012,8,0.29274205271769288
MDB_ANALYTICAL_2024_2,MDB_PEER_METHOD_1.0,31079,42010,9,0.29559429140659038
MDB_ANALYTICAL_2024_2,MDB_PEER_METHOD_1.0,31079,26001,10,0.32735076066949731
MDB_ANALYTICAL_2024_2,MDB_PEER_METHOD_1.0,31082,31028,1,0.10393784807145544
MDB_ANALYTICAL_2024_2,MDB_PEER_METHOD_1.0,31082,31027,2,0.24917618328719737
MDB_ANALYTICAL_2024_2,MDB_PEER_METHOD_1.0,31082,31040,3,0.26159851372092002
MDB_ANALYTICAL_2024_2,MDB_PEER_METHOD_1.0,31082,31093,4,0.2861397904830133
MDB_ANALYTICAL_2024_2,MDB_PEER_METHOD_1.0,31082,31030,5,0.31702684708266643
MDB_ANALYTICAL_2024_2,MDB_PEER_METHOD_1.0,31082,26011,6,0.38315477384615615
MDB_ANALYTICAL_2024_2,MDB_PEER_METHOD_1.0,31082,31064,7,0.43132126405510407
MDB_ANALYTICAL_2024_2,MDB_PEER_METHOD_1.0,31082,31020,8,0.47007234995476271
MDB_ANALYTICAL_2024_2,MDB_PEER_METHOD_1.0,31082,31065,9,0.49318168240276011
MDB_ANALYTICAL_2024_2,MDB_PEER_METHOD_1.0,31082,50016,10,0.51089741660760501
MDB_ANALYTICAL_2024_2,MDB_PEER_METHOD_1.0,31083,31051,1,0.23621308891380927
MDB_ANALYTICAL_2024_2,MDB_PEER_METHOD_1.0,31083,31065,2,0.23898174842587067
MDB_ANALYTICAL_2024_2,MDB_PEER_METHOD_1.0,31083,31098,3,0.29949029638154651
MDB_ANALYTICAL_2024_2,MDB_PEER_METHOD_1.0,31083,31064,4,0.35491031887149443
MDB_ANALYTICAL_2024_2,MDB_PEER_METHOD_1.0,31083,31076,5,0.43688700650758217
MDB_ANALYTICAL_2024_2,MDB_PEER_METHOD_1.0,31083,31100,6,0.45785321293134068
MDB_ANALYTICAL_2024_2,MDB_PEER_METHOD_1.0,31083,31093,7,0.46402011862996367
MDB_ANALYTICAL_2024_2,MDB_PEER_METHOD_1.0,31083,31040,8,0.4949379346534305
MDB_ANALYTICAL_2024_2,MDB_PEER_METHOD_1.0,31083,31068,9,0.50365292900975933
MDB_ANALYTICAL_2024_2,MDB_PEER_METHOD_1.0,31083,31053,10,0.54263728317559357
MDB_ANALYTICAL_2024_2,MDB_PEER_METHOD_1.0,31084,26009,1,0.48627237154055653
MDB_ANALYTICAL_2024_2,MDB_PEER_METHOD_1.0,31084,41001,2,0.52468148604194076
MDB_ANALYTICAL_2024_2,MDB_PEER_METHOD_1.0,31084,35032,3,0.54152678480079475
MDB_ANALYTICAL_2024_2,MDB_PEER_METHOD_1.0,31084,31086,4,0.61848998981301895
MDB_ANALYTICAL_2024_2,MDB_PEER_METHOD_1.0,31084,28004,5,0.62100468698339173
MDB_ANALYTICAL_2024_2,MDB_PEER_METHOD_1.0,31084,31072,6,0.63074256305187948
MDB_ANALYTICAL_2024_2,MDB_PEER_METHOD_1.0,31084,29009,7,0.6602348216329943
MDB_ANALYTICAL_2024_2,MDB_PEER_METHOD_1.0,31084,29018,8,0.665365383220894
MDB_ANALYTICAL_2024_2,MDB_PEER_METHOD_1.0,31084,21007,9,0.74394344898978404
MDB_ANALYTICAL_2024_2,MDB_PEER_METHOD_1.0,31084,35031,10,0.7626904617943463
MDB_ANALYTICAL_2024_2,MDB_PEER_METHOD_1.0,31085,43002,1,0.25684461155085198
MDB_ANALYTICAL_2024_2,MDB_PEER_METHOD_1.0,31085,31101,2,0.29477919966359623
MDB_ANALYTICAL_2024_2,MDB_PEER_METHOD_1.0,31085,31026,3,0.33113890276331676
MDB_ANALYTICAL_2024_2,MDB_PEER_METHOD_1.0,31085,31071,4,0.36243984682533398
MDB_ANALYTICAL_2024_2,MDB_PEER_METHOD_1.0,31085,31019,5,0.37383488447599977
MDB_ANALYTICAL_2024_2,MDB_PEER_METHOD_1.0,31085,43024,6,0.38699480646813955
MDB_ANALYTICAL_2024_2,MDB_PEER_METHOD_1.0,31085,52014,7,0.43041662521262425
MDB_ANALYTICAL_2024_2,MDB_PEER_METHOD_1.0,31085,29023,8,0.43758690283324703
MDB_ANALYTICAL_2024_2,MDB_PEER_METHOD_1.0,31085,31073,9,0.45763534051785509
MDB_ANALYTICAL_2024_2,MDB_PEER_METHOD_1.0,31085,52010,10,0.49168947502578281
MDB_ANALYTICAL_2024_2,MDB_PEER_METHOD_1.0,31086,35031,1,0.21083604776900974
MDB_ANALYTICAL_2024_2,MDB_PEER_METHOD_1.0,31086,35142,2,0.31015977439926501
MDB_ANALYTICAL_2024_2,MDB_PEER_METHOD_1.0,31086,31032,3,0.33056371321656725
MDB_ANALYTICAL_2024_2,MDB_PEER_METHOD_1.0,31086,41009,4,0.36432787489174845
MDB_ANALYTICAL_2024_2,MDB_PEER_METHOD_1.0,31086,35131,5,0.42768158997377376
MDB_ANALYTICAL_2024_2,MDB_PEER_METHOD_1.0,31086,41001,6,0.48431564668732519
MDB_ANALYTICAL_2024_2,MDB_PEER_METHOD_1.0,31086,35033,7,0.49307573700699198
MDB_ANALYTICAL_2024_2,MDB_PEER_METHOD_1.0,31086,35081,8,0.50200832568576392
MDB_ANALYTICAL_2024_2,MDB_PEER_METHOD_1.0,31086,29009,9,0.50893658807514608
MDB_ANALYTICAL_2024_2,MDB_PEER_METHOD_1.0,31086,42017,10,0.52382518063200567
MDB_ANALYTICAL_2024_2,MDB_PEER_METHOD_1.0,31087,31011,1,0.058914931729744019
MDB_ANALYTICAL_2024_2,MDB_PEER_METHOD_1.0,31087,31010,2,0.18374199342802464
MDB_ANALYTICAL_2024_2,MDB_PEER_METHOD_1.0,31087,31009,3,0.30366599556311807
MDB_ANALYTICAL_2024_2,MDB_PEER_METHOD_1.0,31087,35082,4,0.33466436539850036
MDB_ANALYTICAL_2024_2,MDB_PEER_METHOD_1.0,31087,31023,5,0.35872268344968428
MDB_ANALYTICAL_2024_2,MDB_PEER_METHOD_1.0,31087,35083,6,0.39149291050780727
MDB_ANALYTICAL_2024_2,MDB_PEER_METHOD_1.0,31087,31078,7,0.39392820380373372
MDB_ANALYTICAL_2024_2,MDB_PEER_METHOD_1.0,31087,31088,8,0.49148352735236467
MDB_ANALYTICAL_2024_2,MDB_PEER_METHOD_1.0,31087,31031,9,0.54349442225302025
MDB_ANALYTICAL_2024_2,MDB_PEER_METHOD_1.0,31087,35133,10,0.58486941669669079
MDB_ANALYTICAL_2024_2,MDB_PEER_METHOD_1.0,31088,35083,1,0.13873940694854933
MDB_ANALYTICAL_2024_2,MDB_PEER_METHOD_1.0,31088,31089,2,0.26857643071789306
MDB_ANALYTICAL_2024_2,MDB_PEER_METHOD_1.0,31088,31009,3,0.35836436309599884
MDB_ANALYTICAL_2024_2,MDB_PEER_METHOD_1.0,31088,25011,4,0.38277910057732062
MDB_ANALYTICAL_2024_2,MDB_PEER_METHOD_1.0,31088,35133,5,0.43342008515444419
MDB_ANALYTICAL_2024_2,MDB_PEER_METHOD_1.0,31088,31010,6,0.45426881044519474
MDB_ANALYTICAL_2024_2,MDB_PEER_METHOD_1.0,31088,35114,7,0.45457405012048313
MDB_ANALYTICAL_2024_2,MDB_PEER_METHOD_1.0,31088,35082,8,0.46421193619471762
MDB_ANALYTICAL_2024_2,MDB_PEER_METHOD_1.0,31088,31011,9,0.47375451735452534
MDB_ANALYTICAL_2024_2,MDB_PEER_METHOD_1.0,31088,31087,10,0.49148352735236467
MDB_ANALYTICAL_2024_2,MDB_PEER_METHOD_1.0,31089,25011,1,0.22107070343772986
MDB_ANALYTICAL_2024_2,MDB_PEER_METHOD_1.0,31089,31088,2,0.26857643071789306
MDB_ANALYTICAL_2024_2,MDB_PEER_METHOD_1.0,31089,35083,3,0.31491860810429101
MDB_ANALYTICAL_2024_2,MDB_PEER_METHOD_1.0,31089,35133,4,0.39405845753935459
MDB_ANALYTICAL_2024_2,MDB_PEER_METHOD_1.0,31089,35095,5,0.41626637752571238
MDB_ANALYTICAL_2024_2,MDB_PEER_METHOD_1.0,31089,31028,6,0.46343293595515667
MDB_ANALYTICAL_2024_2,MDB_PEER_METHOD_1.0,31089,31009,7,0.46590620138118566
MDB_ANALYTICAL_2024_2,MDB_PEER_METHOD_1.0,31089,27010,8,0.49672729090672152
MDB_ANALYTICAL_2024_2,MDB_PEER_METHOD_1.0,31089,31038,9,0.50912981245251454
MDB_ANALYTICAL_2024_2,MDB_PEER_METHOD_1.0,31089,31030,10,0.53770077411241557
MDB_ANALYTICAL_2024_2,MDB_PEER_METHOD_1.0,31090,31102,1,0.46887572197015753
MDB_ANALYTICAL_2024_2,MDB_PEER_METHOD_1.0,31090,22008,2,0.53116927697993754
MDB_ANALYTICAL_2024_2,MDB_PEER_METHOD_1.0,31090,52010,3,0.5511195926691288
MDB_ANALYTICAL_2024_2,MDB_PEER_METHOD_1.0,31090,22010,4,0.56182525594460031
MDB_ANALYTICAL_2024_2,MDB_PEER_METHOD_1.0,31090,43019,5,0.57923890700031921
MDB_ANALYTICAL_2024_2,MDB_PEER_METHOD_1.0,31090,25004,6,0.63423506676581143
MDB_ANALYTICAL_2024_2,MDB_PEER_METHOD_1.0,31090,52007,7,0.65276990637383825
MDB_ANALYTICAL_2024_2,MDB_PEER_METHOD_1.0,31090,43012,8,0.66829906739395761
MDB_ANALYTICAL_2024_2,MDB_PEER_METHOD_1.0,31090,43002,9,0.67547754477005484
MDB_ANALYTICAL_2024_2,MDB_PEER_METHOD_1.0,31090,25005,10,0.70119585422725206
MDB_ANALYTICAL_2024_2,MDB_PEER_METHOD_1.0,31091,35113,1,0.18448858797352166
MDB_ANALYTICAL_2024_2,MDB_PEER_METHOD_1.0,31091,31095,2,0.20666715660524487
MDB_ANALYTICAL_2024_2,MDB_PEER_METHOD_1.0,31091,31068,3,0.32790392129701784
MDB_ANALYTICAL_2024_2,MDB_PEER_METHOD_1.0,31091,31076,4,0.35167617793452793
MDB_ANALYTICAL_2024_2,MDB_PEER_METHOD_1.0,31091,31096,5,0.41236370694795554
MDB_ANALYTICAL_2024_2,MDB_PEER_METHOD_1.0,31091,31067,6,0.41828561970643235
MDB_ANALYTICAL_2024_2,MDB_PEER_METHOD_1.0,31091,31050,7,0.43637343632754949
MDB_ANALYTICAL_2024_2,MDB_PEER_METHOD_1.0,31091,31098,8,0.45874613216687543
MDB_ANALYTICAL_2024_2,MDB_PEER_METHOD_1.0,31091,35115,9,0.4644716312720007
MDB_ANALYTICAL_2024_2,MDB_PEER_METHOD_1.0,31091,25013,10,0.50535839167770635
MDB_ANALYTICAL_2024_2,MDB_PEER_METHOD_1.0,31092,31004,1,0.23355870187096633
MDB_ANALYTICAL_2024_2,MDB_PEER_METHOD_1.0,31092,43006,2,0.24545226519159014
MDB_ANALYTICAL_2024_2,MDB_PEER_METHOD_1.0,31092,35143,3,0.29587018304355012
MDB_ANALYTICAL_2024_2,MDB_PEER_METHOD_1.0,31092,27006,4,0.30604557043247155
MDB_ANALYTICAL_2024_2,MDB_PEER_METHOD_1.0,31092,28005,5,0.32573137931098833
MDB_ANALYTICAL_2024_2,MDB_PEER_METHOD_1.0,31092,31044,6,0.35177468551122004
MDB_ANALYTICAL_2024_2,MDB_PEER_METHOD_1.0,31092,35065,7,0.36517253004782108
MDB_ANALYTICAL_2024_2,MDB_PEER_METHOD_1.0,31092,35051,8,0.3989904800730677
MDB_ANALYTICAL_2024_2,MDB_PEER_METHOD_1.0,31092,43005,9,0.41640476604742049
MDB_ANALYTICAL_2024_2,MDB_PEER_METHOD_1.0,31092,41004,10,0.42537159422996584
MDB_ANALYTICAL_2024_2,MDB_PEER_METHOD_1.0,31093,31040,1,0.037962598157639929
MDB_ANALYTICAL_2024_2,MDB_PEER_METHOD_1.0,31093,31064,2,0.26755907636295756
MDB_ANALYTICAL_2024_2,MDB_PEER_METHOD_1.0,31093,31082,3,0.2861397904830133
MDB_ANALYTICAL_2024_2,MDB_PEER_METHOD_1.0,31093,31065,4,0.30595269006352516
MDB_ANALYTICAL_2024_2,MDB_PEER_METHOD_1.0,31093,31028,5,0.36017167886086021
MDB_ANALYTICAL_2024_2,MDB_PEER_METHOD_1.0,31093,31098,6,0.37921223045401647
MDB_ANALYTICAL_2024_2,MDB_PEER_METHOD_1.0,31093,31027,7,0.44238187294016001
MDB_ANALYTICAL_2024_2,MDB_PEER_METHOD_1.0,31093,31020,8,0.46084792248514006
MDB_ANALYTICAL_2024_2,MDB_PEER_METHOD_1.0,31093,31083,9,0.46402011862996367
MDB_ANALYTICAL_2024_2,MDB_PEER_METHOD_1.0,31093,31062,10,0.47619264540828543
MDB_ANALYTICAL_2024_2,MDB_PEER_METHOD_1.0,31094,22001,1,0.22895705511670256
MDB_ANALYTICAL_2024_2,MDB_PEER_METHOD_1.0,31094,31026,2,0.32643911321009911
MDB_ANALYTICAL_2024_2,MDB_PEER_METHOD_1.0,31094,22012,3,0.36513626585403125
MDB_ANALYTICAL_2024_2,MDB_PEER_METHOD_1.0,31094,52010,4,0.37703865511667306
MDB_ANALYTICAL_2024_2,MDB_PEER_METHOD_1.0,31094,43027,5,0.4049330315647367
MDB_ANALYTICAL_2024_2,MDB_PEER_METHOD_1.0,31094,29011,6,0.43882053474728483
MDB_ANALYTICAL_2024_2,MDB_PEER_METHOD_1.0,31094,21015,7,0.44638985693721073
MDB_ANALYTICAL_2024_2,MDB_PEER_METHOD_1.0,31094,31019,8,0.4520505156698601
MDB_ANALYTICAL_2024_2,MDB_PEER_METHOD_1.0,31094,31071,9,0.46055161964931851
MDB_ANALYTICAL_2024_2,MDB_PEER_METHOD_1.0,31094,22008,10,0.47040235461370128
MDB_ANALYTICAL_2024_2,MDB_PEER_METHOD_1.0,31095,35113,1,0.05470043726318459
MDB_ANALYTICAL_2024_2,MDB_PEER_METHOD_1.0,31095,31068,2,0.12160219277559843
MDB_ANALYTICAL_2024_2,MDB_PEER_METHOD_1.0,31095,31091,3,0.20666715660524487
MDB_ANALYTICAL_2024_2,MDB_PEER_METHOD_1.0,31095,31076,4,0.29883997361124859
MDB_ANALYTICAL_2024_2,MDB_PEER_METHOD_1.0,31095,31098,5,0.34247638627066079
MDB_ANALYTICAL_2024_2,MDB_PEER_METHOD_1.0,31095,35115,6,0.36884652187136013
MDB_ANALYTICAL_2024_2,MDB_PEER_METHOD_1.0,31095,31067,7,0.41097790932795236
MDB_ANALYTICAL_2024_2,MDB_PEER_METHOD_1.0,31095,31065,8,0.43039700022474536
MDB_ANALYTICAL_2024_2,MDB_PEER_METHOD_1.0,31095,31064,9,0.43404053898112155
MDB_ANALYTICAL_2024_2,MDB_PEER_METHOD_1.0,31095,25013,10,0.46053251732371348
MDB_ANALYTICAL_2024_2,MDB_PEER_METHOD_1.0,31096,31050,1,0.38988103533162705
MDB_ANALYTICAL_2024_2,MDB_PEER_METHOD_1.0,31096,31091,2,0.41236370694795554
MDB_ANALYTICAL_2024_2,MDB_PEER_METHOD_1.0,31096,31076,3,0.48103837218456541
MDB_ANALYTICAL_2024_2,MDB_PEER_METHOD_1.0,31096,31098,4,0.51964628852596062
MDB_ANALYTICAL_2024_2,MDB_PEER_METHOD_1.0,31096,31095,5,0.535536514288389
MDB_ANALYTICAL_2024_2,MDB_PEER_METHOD_1.0,31096,35113,6,0.53693964091934399
MDB_ANALYTICAL_2024_2,MDB_PEER_METHOD_1.0,31096,31062,7,0.61659944903946851
MDB_ANALYTICAL_2024_2,MDB_PEER_METHOD_1.0,31096,31068,8,0.6325400784828793
MDB_ANALYTICAL_2024_2,MDB_PEER_METHOD_1.0,31096,31051,9,0.66042768162577192
MDB_ANALYTICAL_2024_2,MDB_PEER_METHOD_1.0,31096,31065,10,0.67798865659775198
MDB_ANALYTICAL_2024_2,MDB_PEER_METHOD_1.0,31097,35103,1,0.15732084934008897
MDB_ANALYTICAL_2024_2,MDB_PEER_METHOD_1.0,31097,35071,2,0.26582549257476218
MDB_ANALYTICAL_2024_2,MDB_PEER_METHOD_1.0,31097,31017,3,0.30223384043543911
MDB_ANALYTICAL_2024_2,MDB_PEER_METHOD_1.0,31097,42015,4,0.30247962468263634
MDB_ANALYTICAL_2024_2,MDB_PEER_METHOD_1.0,31097,35174,5,0.34629409501495695
MDB_ANALYTICAL_2024_2,MDB_PEER_METHOD_1.0,31097,33004,6,0.44575393231164101
MDB_ANALYTICAL_2024_2,MDB_PEER_METHOD_1.0,31097,42006,7,0.45903478745720372
MDB_ANALYTICAL_2024_2,MDB_PEER_METHOD_1.0,31097,25016,8,0.51259943765928417
MDB_ANALYTICAL_2024_2,MDB_PEER_METHOD_1.0,31097,35081,9,0.54900758992175491
MDB_ANALYTICAL_2024_2,MDB_PEER_METHOD_1.0,31097,35132,10,0.58253606085155651
MDB_ANALYTICAL_2024_2,MDB_PEER_METHOD_1.0,31098,31065,1,0.16270932319902445
MDB_ANALYTICAL_2024_2,MDB_PEER_METHOD_1.0,31098,31064,2,0.21793204124874935
MDB_ANALYTICAL_2024_2,MDB_PEER_METHOD_1.0,31098,31083,3,0.29949029638154651
MDB_ANALYTICAL_2024_2,MDB_PEER_METHOD_1.0,31098,31068,4,0.32413383993507155
MDB_ANALYTICAL_2024_2,MDB_PEER_METHOD_1.0,31098,31095,5,0.34247638627066079
MDB_ANALYTICAL_2024_2,MDB_PEER_METHOD_1.0,31098,35113,6,0.37033872530351442
MDB_ANALYTICAL_2024_2,MDB_PEER_METHOD_1.0,31098,31093,7,0.37921223045401647
MDB_ANALYTICAL_2024_2,MDB_PEER_METHOD_1.0,31098,31076,8,0.38473882856299135
MDB_ANALYTICAL_2024_2,MDB_PEER_METHOD_1.0,31098,31040,9,0.40246911898441246
MDB_ANALYTICAL_2024_2,MDB_PEER_METHOD_1.0,31098,31051,10,0.45809973157999045
MDB_ANALYTICAL_2024_2,MDB_PEER_METHOD_1.0,31099,21002,1,0.060808841594787916
MDB_ANALYTICAL_2024_2,MDB_PEER_METHOD_1.0,31099,52017,2,0.18918588280897078
MDB_ANALYTICAL_2024_2,MDB_PEER_METHOD_1.0,31099,21013,3,0.19704859648094236
MDB_ANALYTICAL_2024_2,MDB_PEER_METHOD_1.0,31099,26012,4,0.22264623829361843
MDB_ANALYTICAL_2024_2,MDB_PEER_METHOD_1.0,31099,29013,5,0.2537965615937115
MDB_ANALYTICAL_2024_2,MDB_PEER_METHOD_1.0,31099,31057,6,0.28638794141021823
MDB_ANALYTICAL_2024_2,MDB_PEER_METHOD_1.0,31099,26007,7,0.30063604914549991
MDB_ANALYTICAL_2024_2,MDB_PEER_METHOD_1.0,31099,43005,8,0.36456325568041592
MDB_ANALYTICAL_2024_2,MDB_PEER_METHOD_1.0,31099,35022,9,0.36511354437433552
MDB_ANALYTICAL_2024_2,MDB_PEER_METHOD_1.0,31099,29024,10,0.40249221952330666
MDB_ANALYTICAL_2024_2,MDB_PEER_METHOD_1.0,31100,31053,1,0.24132213216778567
MDB_ANALYTICAL_2024_2,MDB_PEER_METHOD_1.0,31100,31065,2,0.44898458987914475
MDB_ANALYTICAL_2024_2,MDB_PEER_METHOD_1.0,31100,31083,3,0.45785321293134068
MDB_ANALYTICAL_2024_2,MDB_PEER_METHOD_1.0,31100,31064,4,0.46895548143171245
MDB_ANALYTICAL_2024_2,MDB_PEER_METHOD_1.0,31100,31068,5,0.53061722741330575
MDB_ANALYTICAL_2024_2,MDB_PEER_METHOD_1.0,31100,35114,6,0.53887051343480297
MDB_ANALYTICAL_2024_2,MDB_PEER_METHOD_1.0,31100,31098,7,0.57729490819112661
MDB_ANALYTICAL_2024_2,MDB_PEER_METHOD_1.0,31100,50016,8,0.61624619239803913
MDB_ANALYTICAL_2024_2,MDB_PEER_METHOD_1.0,31100,31051,9,0.62939774446612839
MDB_ANALYTICAL_2024_2,MDB_PEER_METHOD_1.0,31100,31076,10,0.62980247205755391
MDB_ANALYTICAL_2024_2,MDB_PEER_METHOD_1.0,31101,31085,1,0.29477919966359623
MDB_ANALYTICAL_2024_2,MDB_PEER_METHOD_1.0,31101,31102,2,0.33409014192525804
MDB_ANALYTICAL_2024_2,MDB_PEER_METHOD_1.0,31101,43012,3,0.33784984955000824
MDB_ANALYTICAL_2024_2,MDB_PEER_METHOD_1.0,31101,41006,4,0.39229350676436192
MDB_ANALYTICAL_2024_2,MDB_PEER_METHOD_1.0,31101,31020,5,0.39972275167146076
MDB_ANALYTICAL_2024_2,MDB_PEER_METHOD_1.0,31101,31027,6,0.4066277863310197
MDB_ANALYTICAL_2024_2,MDB_PEER_METHOD_1.0,31101,31030,7,0.40819552575605927
MDB_ANALYTICAL_2024_2,MDB_PEER_METHOD_1.0,31101,31071,8,0.44392448128026396
MDB_ANALYTICAL_2024_2,MDB_PEER_METHOD_1.0,31101,31026,9,0.44706919270960177
MDB_ANALYTICAL_2024_2,MDB_PEER_METHOD_1.0,31101,43002,10,0.45844751046392601
MDB_ANALYTICAL_2024_2,MDB_PEER_METHOD_1.0,31102,25004,1,0.32719300997173623
MDB_ANALYTICAL_2024_2,MDB_PEER_METHOD_1.0,31102,31101,2,0.33409014192525804
MDB_ANALYTICAL_2024_2,MDB_PEER_METHOD_1.0,31102,43012,3,0.34178237352767543
MDB_ANALYTICAL_2024_2,MDB_PEER_METHOD_1.0,31102,31020,4,0.36364243818062159
MDB_ANALYTICAL_2024_2,MDB_PEER_METHOD_1.0,31102,35156,5,0.43954805419301085
MDB_ANALYTICAL_2024_2,MDB_PEER_METHOD_1.0,31102,52010,6,0.46797180010331185
MDB_ANALYTICAL_2024_2,MDB_PEER_METHOD_1.0,31102,31090,7,0.46887572197015753
MDB_ANALYTICAL_2024_2,MDB_PEER_METHOD_1.0,31102,43019,8,0.48230047818874694
MDB_ANALYTICAL_2024_2,MDB_PEER_METHOD_1.0,31102,43002,9,0.50785801506572126
MDB_ANALYTICAL_2024_2,MDB_PEER_METHOD_1.0,31102,31085,10,0.51067603912707904
MDB_ANALYTICAL_2024_2,MDB_PEER_METHOD_1.0,32001,24002,1,0.19943433897338753
MDB_ANALYTICAL_2024_2,MDB_PEER_METHOD_1.0,32001,15009,2,0.31151667597708504
MDB_ANALYTICAL_2024_2,MDB_PEER_METHOD_1.0,32001,35161,3,0.33903233659615761
MDB_ANALYTICAL_2024_2,MDB_PEER_METHOD_1.0,32001,29001,4,0.34682527721441236
MDB_ANALYTICAL_2024_2,MDB_PEER_METHOD_1.0,32001,32003,5,0.40281132179241846
MDB_ANALYTICAL_2024_2,MDB_PEER_METHOD_1.0,32001,41020,6,0.41403707681924878
MDB_ANALYTICAL_2024_2,MDB_PEER_METHOD_1.0,32001,35172,7,0.42582478196920487
MDB_ANALYTICAL_2024_2,MDB_PEER_METHOD_1.0,32001,29025,8,0.44297183271621993
MDB_ANALYTICAL_2024_2,MDB_PEER_METHOD_1.0,32001,26002,9,0.45489688593474115
MDB_ANALYTICAL_2024_2,MDB_PEER_METHOD_1.0,32001,41003,10,0.4644029715584328
MDB_ANALYTICAL_2024_2,MDB_PEER_METHOD_1.0,32002,52001,1,0.34551523439980641
MDB_ANALYTICAL_2024_2,MDB_PEER_METHOD_1.0,32002,35163,2,0.41141640811406588
MDB_ANALYTICAL_2024_2,MDB_PEER_METHOD_1.0,32002,42007,3,0.56667435899121177
MDB_ANALYTICAL_2024_2,MDB_PEER_METHOD_1.0,32002,41002,4,0.62858527872386827
MDB_ANALYTICAL_2024_2,MDB_PEER_METHOD_1.0,32002,26003,5,0.95689556378444163
MDB_ANALYTICAL_2024_2,MDB_PEER_METHOD_1.0,32002,41017,6,1.078920743505698
MDB_ANALYTICAL_2024_2,MDB_PEER_METHOD_1.0,32002,35072,7,1.1276172495589925
MDB_ANALYTICAL_2024_2,MDB_PEER_METHOD_1.0,32002,29006,8,1.1581153730078348
MDB_ANALYTICAL_2024_2,MDB_PEER_METHOD_1.0,32002,22004,9,1.2170853218861588
MDB_ANALYTICAL_2024_2,MDB_PEER_METHOD_1.0,32002,41015,10,1.2434715762091133
MDB_ANALYTICAL_2024_2,MDB_PEER_METHOD_1.0,32003,26002,1,0.13662366164950174
MDB_ANALYTICAL_2024_2,MDB_PEER_METHOD_1.0,32003,21009,2,0.17974916677660727
MDB_ANALYTICAL_2024_2,MDB_PEER_METHOD_1.0,32003,29026,3,0.23064068148626654
MDB_ANALYTICAL_2024_2,MDB_PEER_METHOD_1.0,32003,42012,4,0.23681838814666908
MDB_ANALYTICAL_2024_2,MDB_PEER_METHOD_1.0,32003,24002,5,0.25491548456302032
MDB_ANALYTICAL_2024_2,MDB_PEER_METHOD_1.0,32003,21006,6,0.27903707188205351
MDB_ANALYTICAL_2024_2,MDB_PEER_METHOD_1.0,32003,29019,7,0.30358131690099066
MDB_ANALYTICAL_2024_2,MDB_PEER_METHOD_1.0,32003,15009,8,0.35086391390937149
MDB_ANALYTICAL_2024_2,MDB_PEER_METHOD_1.0,32003,50012,9,0.38627426154341898
MDB_ANALYTICAL_2024_2,MDB_PEER_METHOD_1.0,32003,43028,10,0.39027170735137895
MDB_ANALYTICAL_2024_2,MDB_PEER_METHOD_1.0,32004,41010,1,0.27084632342597198
MDB_ANALYTICAL_2024_2,MDB_PEER_METHOD_1.0,32004,31007,2,0.43028471754844777
MDB_ANALYTICAL_2024_2,MDB_PEER_METHOD_1.0,32004,52002,3,0.46136425903412565
MDB_ANALYTICAL_2024_2,MDB_PEER_METHOD_1.0,32004,26004,4,0.46796403654340668
MDB_ANALYTICAL_2024_2,MDB_PEER_METHOD_1.0,32004,29022,5,0.47737008553233717
MDB_ANALYTICAL_2024_2,MDB_PEER_METHOD_1.0,32004,26008,6,0.5401580530976664
MDB_ANALYTICAL_2024_2,MDB_PEER_METHOD_1.0,32004,29012,7,0.5480753446565797
MDB_ANALYTICAL_2024_2,MDB_PEER_METHOD_1.0,32004,43017,8,0.54984210867042105
MDB_ANALYTICAL_2024_2,MDB_PEER_METHOD_1.0,32004,41015,9,0.60108055852307252
MDB_ANALYTICAL_2024_2,MDB_PEER_METHOD_1.0,32004,42002,10,0.60424171784950431
MDB_ANALYTICAL_2024_2,MDB_PEER_METHOD_1.0,33001,35141,1,0.55792507716499817
MDB_ANALYTICAL_2024_2,MDB_PEER_METHOD_1.0,33001,31022,2,0.58041826773191063
MDB_ANALYTICAL_2024_2,MDB_PEER_METHOD_1.0,33001,35173,3,0.59191535017913621
MDB_ANALYTICAL_2024_2,MDB_PEER_METHOD_1.0,33001,35101,4,0.85577444385564172
MDB_ANALYTICAL_2024_2,MDB_PEER_METHOD_1.0,33001,31031,5,0.88609390910647734
MDB_ANALYTICAL_2024_2,MDB_PEER_METHOD_1.0,33001,35102,6,0.96704013925729804
MDB_ANALYTICAL_2024_2,MDB_PEER_METHOD_1.0,33001,31023,7,1.0855068991916923
MDB_ANALYTICAL_2024_2,MDB_PEER_METHOD_1.0,33001,35104,8,1.0965187898013813
MDB_ANALYTICAL_2024_2,MDB_PEER_METHOD_1.0,33001,35074,9,1.1040088451849657
MDB_ANALYTICAL_2024_2,MDB_PEER_METHOD_1.0,33001,31006,10,1.1116814032342317
MDB_ANALYTICAL_2024_2,MDB_PEER_METHOD_1.0,33002,28001,1,0.30180426667533844
MDB_ANALYTICAL_2024_2,MDB_PEER_METHOD_1.0,33002,35171,2,0.32814742657067147
MDB_ANALYTICAL_2024_2,MDB_PEER_METHOD_1.0,33002,35132,3,0.37860815539295745
MDB_ANALYTICAL_2024_2,MDB_PEER_METHOD_1.0,33002,42005,4,0.54073938843644898
MDB_ANALYTICAL_2024_2,MDB_PEER_METHOD_1.0,33002,35073,5,0.68292725061830561
MDB_ANALYTICAL_2024_2,MDB_PEER_METHOD_1.0,33002,35103,6,0.69403470835176584
MDB_ANALYTICAL_2024_2,MDB_PEER_METHOD_1.0,33002,35174,7,0.69591253426969124
MDB_ANALYTICAL_2024_2,MDB_PEER_METHOD_1.0,33002,35013,8,0.70672168729299123
MDB_ANALYTICAL_2024_2,MDB_PEER_METHOD_1.0,33002,42011,9,0.70978527269954139
MDB_ANALYTICAL_2024_2,MDB_PEER_METHOD_1.0,33002,27001,10,0.73889171741009096
MDB_ANALYTICAL_2024_2,MDB_PEER_METHOD_1.0,33003,28006,1,0.26208181860088936
MDB_ANALYTICAL_2024_2,MDB_PEER_METHOD_1.0,33003,35064,2,0.28399942794287419
MDB_ANALYTICAL_2024_2,MDB_PEER_METHOD_1.0,33003,26005,3,0.34813120446948159
MDB_ANALYTICAL_2024_2,MDB_PEER_METHOD_1.0,33003,35033,4,0.36038981776388551
MDB_ANALYTICAL_2024_2,MDB_PEER_METHOD_1.0,33003,35081,5,0.36306956043591604
MDB_ANALYTICAL_2024_2,MDB_PEER_METHOD_1.0,33003,28002,6,0.45413718008348625
MDB_ANALYTICAL_2024_2,MDB_PEER_METHOD_1.0,33003,31037,7,0.46655510855437987
MDB_ANALYTICAL_2024_2,MDB_PEER_METHOD_1.0,33003,35021,8,0.49196038388020918
MDB_ANALYTICAL_2024_2,MDB_PEER_METHOD_1.0,33003,41009,9,0.49718330474008515
MDB_ANALYTICAL_2024_2,MDB_PEER_METHOD_1.0,33003,35131,10,0.49980187728671843
MDB_ANALYTICAL_2024_2,MDB_PEER_METHOD_1.0,33004,31017,1,0.34470682745723241
MDB_ANALYTICAL_2024_2,MDB_PEER_METHOD_1.0,33004,42006,2,0.34546057032896704
MDB_ANALYTICAL_2024_2,MDB_PEER_METHOD_1.0,33004,35132,3,0.41252206460484253
MDB_ANALYTICAL_2024_2,MDB_PEER_METHOD_1.0,33004,31097,4,0.44575393231164101
MDB_ANALYTICAL_2024_2,MDB_PEER_METHOD_1.0,33004,35103,5,0.46453187146786701
MDB_ANALYTICAL_2024_2,MDB_PEER_METHOD_1.0,33004,35174,6,0.50947543954493779
MDB_ANALYTICAL_2024_2,MDB_PEER_METHOD_1.0,33004,33009,7,0.55542417274071487
MDB_ANALYTICAL_2024_2,MDB_PEER_METHOD_1.0,33004,35071,8,0.65345675705451023
MDB_ANALYTICAL_2024_2,MDB_PEER_METHOD_1.0,33004,25016,9,0.66808247689434119
MDB_ANALYTICAL_2024_2,MDB_PEER_METHOD_1.0,33004,42015,10,0.74224067566108143
MDB_ANALYTICAL_2024_2,MDB_PEER_METHOD_1.0,33005,35011,1,1.542988381157375
MDB_ANALYTICAL_2024_2,MDB_PEER_METHOD_1.0,33005,26010,2,1.5501511518705173
MDB_ANALYTICAL_2024_2,MDB_PEER_METHOD_1.0,33005,29020,3,1.5588157702693095
MDB_ANALYTICAL_2024_2,MDB_PEER_METHOD_1.0,33005,31016,4,1.5873634951612541
MDB_ANALYTICAL_2024_2,MDB_PEER_METHOD_1.0,33005,35015,5,1.7234374395451988
MDB_ANALYTICAL_2024_2,MDB_PEER_METHOD_1.0,33005,35072,6,1.7439010482508643
MDB_ANALYTICAL_2024_2,MDB_PEER_METHOD_1.0,33005,35014,7,2.0227440438187578
MDB_ANALYTICAL_2024_2,MDB_PEER_METHOD_1.0,33005,35041,8,2.1729271859284949
MDB_ANALYTICAL_2024_2,MDB_PEER_METHOD_1.0,33005,33006,9,2.243731637601118
MDB_ANALYTICAL_2024_2,MDB_PEER_METHOD_1.0,33005,43010,10,2.2800144993379803
MDB_ANALYTICAL_2024_2,MDB_PEER_METHOD_1.0,33006,43010,1,0.28129876152272237
MDB_ANALYTICAL_2024_2,MDB_PEER_METHOD_1.0,33006,35041,2,0.44863366520541542
MDB_ANALYTICAL_2024_2,MDB_PEER_METHOD_1.0,33006,21016,3,0.63906861734505871
MDB_ANALYTICAL_2024_2,MDB_PEER_METHOD_1.0,33006,15006,4,0.64804544440815726
MDB_ANALYTICAL_2024_2,MDB_PEER_METHOD_1.0,33006,35013,5,0.65779909099614331
MDB_ANALYTICAL_2024_2,MDB_PEER_METHOD_1.0,33006,24007,6,0.77408756135915846
MDB_ANALYTICAL_2024_2,MDB_PEER_METHOD_1.0,33006,29020,7,0.80468451121831941
MDB_ANALYTICAL_2024_2,MDB_PEER_METHOD_1.0,33006,35073,8,0.92151665976547104
MDB_ANALYTICAL_2024_2,MDB_PEER_METHOD_1.0,33006,35011,9,0.93685991354435616
MDB_ANALYTICAL_2024_2,MDB_PEER_METHOD_1.0,33006,35171,10,0.95235088757223685
MDB_ANALYTICAL_2024_2,MDB_PEER_METHOD_1.0,33007,43028,1,0.20671934771962805
MDB_ANALYTICAL_2024_2,MDB_PEER_METHOD_1.0,33007,35063,2,0.2341834048134101
MDB_ANALYTICAL_2024_2,MDB_PEER_METHOD_1.0,33007,31001,3,0.32323533668919863
MDB_ANALYTICAL_2024_2,MDB_PEER_METHOD_1.0,33007,35064,4,0.32821105485809282
MDB_ANALYTICAL_2024_2,MDB_PEER_METHOD_1.0,33007,42012,5,0.34305199598727132
MDB_ANALYTICAL_2024_2,MDB_PEER_METHOD_1.0,33007,24002,6,0.37921014468997233
MDB_ANALYTICAL_2024_2,MDB_PEER_METHOD_1.0,33007,28003,7,0.39477554994769903
MDB_ANALYTICAL_2024_2,MDB_PEER_METHOD_1.0,33007,31037,8,0.42684760729132515
MDB_ANALYTICAL_2024_2,MDB_PEER_METHOD_1.0,33007,41016,9,0.42758765202922466
MDB_ANALYTICAL_2024_2,MDB_PEER_METHOD_1.0,33007,35161,10,0.42852882630966677
MDB_ANALYTICAL_2024_2,MDB_PEER_METHOD_1.0,33008,52004,1,0.27228512188402865
MDB_ANALYTICAL_2024_2,MDB_PEER_METHOD_1.0,33008,31075,2,0.5175078158495181
MDB_ANALYTICAL_2024_2,MDB_PEER_METHOD_1.0,33008,35132,3,0.63447030611828525
MDB_ANALYTICAL_2024_2,MDB_PEER_METHOD_1.0,33008,35174,4,0.65292405169335688
MDB_ANALYTICAL_2024_2,MDB_PEER_METHOD_1.0,33008,35171,5,0.7582231496662043
MDB_ANALYTICAL_2024_2,MDB_PEER_METHOD_1.0,33008,33004,6,0.76397257902314031
MDB_ANALYTICAL_2024_2,MDB_PEER_METHOD_1.0,33008,52011,7,0.79240030682863349
MDB_ANALYTICAL_2024_2,MDB_PEER_METHOD_1.0,33008,35103,8,0.8298015714464847
MDB_ANALYTICAL_2024_2,MDB_PEER_METHOD_1.0,33008,29004,9,0.83234284458932406
MDB_ANALYTICAL_2024_2,MDB_PEER_METHOD_1.0,33008,41009,10,0.83879744476694462
MDB_ANALYTICAL_2024_2,MDB_PEER_METHOD_1.0,33009,42006,1,0.45453095737387345
MDB_ANALYTICAL_2024_2,MDB_PEER_METHOD_1.0,33009,35155,2,0.46365872547859782
MDB_ANALYTICAL_2024_2,MDB_PEER_METHOD_1.0,33009,41017,3,0.508170842758917
MDB_ANALYTICAL_2024_2,MDB_PEER_METHOD_1.0,33009,35062,4,0.52553330301213741
MDB_ANALYTICAL_2024_2,MDB_PEER_METHOD_1.0,33009,33004,5,0.55542417274071487
MDB_ANALYTICAL_2024_2,MDB_PEER_METHOD_1.0,33009,25016,6,0.56216933067578878
MDB_ANALYTICAL_2024_2,MDB_PEER_METHOD_1.0,33009,31017,7,0.61647402658750217
MDB_ANALYTICAL_2024_2,MDB_PEER_METHOD_1.0,33009,27007,8,0.66765379424052429
MDB_ANALYTICAL_2024_2,MDB_PEER_METHOD_1.0,33009,43008,9,0.71977316399827918
MDB_ANALYTICAL_2024_2,MDB_PEER_METHOD_1.0,33009,26006,10,0.73399153514468751
MDB_ANALYTICAL_2024_2,MDB_PEER_METHOD_1.0,35011,29020,1,0.17362546467125967
MDB_ANALYTICAL_2024_2,MDB_PEER_METHOD_1.0,35011,31016,2,0.40676591993215289
MDB_ANALYTICAL_2024_2,MDB_PEER_METHOD_1.0,35011,35041,3,0.6791541887266801
MDB_ANALYTICAL_2024_2,MDB_PEER_METHOD_1.0,35011,33006,4,0.93685991354435616
MDB_ANALYTICAL_2024_2,MDB_PEER_METHOD_1.0,35011,35072,5,1.0117102544970131
MDB_ANALYTICAL_2024_2,MDB_PEER_METHOD_1.0,35011,27001,6,1.0501964904439933
MDB_ANALYTICAL_2024_2,MDB_PEER_METHOD_1.0,35011,25001,7,1.0523506203883422
MDB_ANALYTICAL_2024_2,MDB_PEER_METHOD_1.0,35011,43010,8,1.1276385039769712
MDB_ANALYTICAL_2024_2,MDB_PEER_METHOD_1.0,35011,35015,9,1.1449233447669118
MDB_ANALYTICAL_2024_2,MDB_PEER_METHOD_1.0,35011,26010,10,1.1509173308721881
MDB_ANALYTICAL_2024_2,MDB_PEER_METHOD_1.0,35012,35073,1,0.69674080588510834
MDB_ANALYTICAL_2024_2,MDB_PEER_METHOD_1.0,35012,35102,2,0.85494799206170524
MDB_ANALYTICAL_2024_2,MDB_PEER_METHOD_1.0,35012,24007,3,0.85781691300148422
MDB_ANALYTICAL_2024_2,MDB_PEER_METHOD_1.0,35012,42011,4,0.8765336386329462
MDB_ANALYTICAL_2024_2,MDB_PEER_METHOD_1.0,35012,43023,5,0.9566017288319657
MDB_ANALYTICAL_2024_2,MDB_PEER_METHOD_1.0,35012,28001,6,0.98025428674568371
MDB_ANALYTICAL_2024_2,MDB_PEER_METHOD_1.0,35012,21016,7,1.0105449361938592
MDB_ANALYTICAL_2024_2,MDB_PEER_METHOD_1.0,35012,35013,8,1.0531456638500527
MDB_ANALYTICAL_2024_2,MDB_PEER_METHOD_1.0,35012,29004,9,1.0701688511041014
MDB_ANALYTICAL_2024_2,MDB_PEER_METHOD_1.0,35012,31018,10,1.1961552131567432
MDB_ANALYTICAL_2024_2,MDB_PEER_METHOD_1.0,35013,35073,1,0.3940214399095967
MDB_ANALYTICAL_2024_2,MDB_PEER_METHOD_1.0,35013,28001,2,0.52896731265588781
MDB_ANALYTICAL_2024_2,MDB_PEER_METHOD_1.0,35013,35041,3,0.5545906737267261
MDB_ANALYTICAL_2024_2,MDB_PEER_METHOD_1.0,35013,33006,4,0.65779909099614331
MDB_ANALYTICAL_2024_2,MDB_PEER_METHOD_1.0,35013,42005,5,0.67225895654930334
MDB_ANALYTICAL_2024_2,MDB_PEER_METHOD_1.0,35013,35171,6,0.70199855725174554
MDB_ANALYTICAL_2024_2,MDB_PEER_METHOD_1.0,35013,33002,7,0.70672168729299123
MDB_ANALYTICAL_2024_2,MDB_PEER_METHOD_1.0,35013,27001,8,0.77365701053961267
MDB_ANALYTICAL_2024_2,MDB_PEER_METHOD_1.0,35013,24007,9,0.83627351222010438
MDB_ANALYTICAL_2024_2,MDB_PEER_METHOD_1.0,35013,21016,10,0.85598123462871256
MDB_ANALYTICAL_2024_2,MDB_PEER_METHOD_1.0,35014,35015,1,0.34991710042247975
MDB_ANALYTICAL_2024_2,MDB_PEER_METHOD_1.0,35014,15006,2,0.99437342993039091
MDB_ANALYTICAL_2024_2,MDB_PEER_METHOD_1.0,35014,33006,3,1.1367791873038822
MDB_ANALYTICAL_2024_2,MDB_PEER_METHOD_1.0,35014,24007,4,1.1412834195497448
MDB_ANALYTICAL_2024_2,MDB_PEER_METHOD_1.0,35014,43010,5,1.1428745121610127
MDB_ANALYTICAL_2024_2,MDB_PEER_METHOD_1.0,35014,29020,6,1.1906834873015317
MDB_ANALYTICAL_2024_2,MDB_PEER_METHOD_1.0,35014,35041,7,1.2028674632164897
MDB_ANALYTICAL_2024_2,MDB_PEER_METHOD_1.0,35014,35011,8,1.2635512890189637
MDB_ANALYTICAL_2024_2,MDB_PEER_METHOD_1.0,35014,35013,9,1.2754761705023556
MDB_ANALYTICAL_2024_2,MDB_PEER_METHOD_1.0,35014,21016,10,1.3248653686353249
MDB_ANALYTICAL_2024_2,MDB_PEER_METHOD_1.0,35015,35014,1,0.34991710042247975
MDB_ANALYTICAL_2024_2,MDB_PEER_METHOD_1.0,35015,15006,2,0.98966088651255657
MDB_ANALYTICAL_2024_2,MDB_PEER_METHOD_1.0,35015,29020,3,1.0544862470349488
MDB_ANALYTICAL_2024_2,MDB_PEER_METHOD_1.0,35015,43010,4,1.1038295073763882
MDB_ANALYTICAL_2024_2,MDB_PEER_METHOD_1.0,35015,33006,5,1.1267757041100208
MDB_ANALYTICAL_2024_2,MDB_PEER_METHOD_1.0,35015,35011,6,1.1449233447669118
MDB_ANALYTICAL_2024_2,MDB_PEER_METHOD_1.0,35015,35041,7,1.2230451767022177
MDB_ANALYTICAL_2024_2,MDB_PEER_METHOD_1.0,35015,24007,8,1.277491410463826
MDB_ANALYTICAL_2024_2,MDB_PEER_METHOD_1.0,35015,21016,9,1.3916855173168106
MDB_ANALYTICAL_2024_2,MDB_PEER_METHOD_1.0,35015,35013,10,1.4256851523759568
MDB_ANALYTICAL_2024_2,MDB_PEER_METHOD_1.0,35016,53001,1,2.4501263397125927
MDB_ANALYTICAL_2024_2,MDB_PEER_METHOD_1.0,35016,15006,2,3.1598568001698166
MDB_ANALYTICAL_2024_2,MDB_PEER_METHOD_1.0,35016,35015,3,3.1947486620766616
MDB_ANALYTICAL_2024_2,MDB_PEER_METHOD_1.0,35016,31018,4,3.2445967441436614
MDB_ANALYTICAL_2024_2,MDB_PEER_METHOD_1.0,35016,35014,5,3.3673779160674799
MDB_ANALYTICAL_2024_2,MDB_PEER_METHOD_1.0,35016,43010,6,3.4662056450965708
MDB_ANALYTICAL_2024_2,MDB_PEER_METHOD_1.0,35016,24007,7,3.506598494161751
MDB_ANALYTICAL_2024_2,MDB_PEER_METHOD_1.0,35016,21016,8,3.5247154546629962
MDB_ANALYTICAL_2024_2,MDB_PEER_METHOD_1.0,35016,33006,9,3.7193816054198048
MDB_ANALYTICAL_2024_2,MDB_PEER_METHOD_1.0,35016,33005,10,3.7298914255804294
MDB_ANALYTICAL_2024_2,MDB_PEER_METHOD_1.0,35021,22005,1,0.060553740551386716
MDB_ANALYTICAL_2024_2,MDB_PEER_METHOD_1.0,35021,29027,2,0.089839683998971659
MDB_ANALYTICAL_2024_2,MDB_PEER_METHOD_1.0,35021,35051,3,0.19494548207025533
MDB_ANALYTICAL_2024_2,MDB_PEER_METHOD_1.0,35021,21018,4,0.22443248774093441
MDB_ANALYTICAL_2024_2,MDB_PEER_METHOD_1.0,35021,35033,5,0.2681169144337272
MDB_ANALYTICAL_2024_2,MDB_PEER_METHOD_1.0,35021,43005,6,0.29226588341615123
MDB_ANALYTICAL_2024_2,MDB_PEER_METHOD_1.0,35021,35064,7,0.3034104751141275
MDB_ANALYTICAL_2024_2,MDB_PEER_METHOD_1.0,35021,35063,8,0.30540566529122459
MDB_ANALYTICAL_2024_2,MDB_PEER_METHOD_1.0,35021,35092,9,0.31328066535469923
MDB_ANALYTICAL_2024_2,MDB_PEER_METHOD_1.0,35021,43028,10,0.34121926282008408
MDB_ANALYTICAL_2024_2,MDB_PEER_METHOD_1.0,35022,21010,1,0.22370734818048452
MDB_ANALYTICAL_2024_2,MDB_PEER_METHOD_1.0,35022,29013,2,0.27207735232829844
MDB_ANALYTICAL_2024_2,MDB_PEER_METHOD_1.0,35022,24008,3,0.31241601078429687
MDB_ANALYTICAL_2024_2,MDB_PEER_METHOD_1.0,35022,26001,4,0.32177265436427305
MDB_ANALYTICAL_2024_2,MDB_PEER_METHOD_1.0,35022,21002,5,0.32916400955141012
MDB_ANALYTICAL_2024_2,MDB_PEER_METHOD_1.0,35022,31021,6,0.33382150642309866
MDB_ANALYTICAL_2024_2,MDB_PEER_METHOD_1.0,35022,43027,7,0.36210312001942213
MDB_ANALYTICAL_2024_2,MDB_PEER_METHOD_1.0,35022,31099,8,0.36511354437433552
MDB_ANALYTICAL_2024_2,MDB_PEER_METHOD_1.0,35022,52017,9,0.38109190381292274
MDB_ANALYTICAL_2024_2,MDB_PEER_METHOD_1.0,35022,43005,10,0.38139483190991497
MDB_ANALYTICAL_2024_2,MDB_PEER_METHOD_1.0,35023,31001,1,0.21745106833773609
MDB_ANALYTICAL_2024_2,MDB_PEER_METHOD_1.0,35023,35151,2,0.24478255963328757
MDB_ANALYTICAL_2024_2,MDB_PEER_METHOD_1.0,35023,31013,3,0.322875234266501
MDB_ANALYTICAL_2024_2,MDB_PEER_METHOD_1.0,35023,42014,4,0.32531950159441408
MDB_ANALYTICAL_2024_2,MDB_PEER_METHOD_1.0,35023,31048,5,0.34411518983697981
MDB_ANALYTICAL_2024_2,MDB_PEER_METHOD_1.0,35023,35061,6,0.36866505366931568
MDB_ANALYTICAL_2024_2,MDB_PEER_METHOD_1.0,35023,31003,7,0.37297558590133073
MDB_ANALYTICAL_2024_2,MDB_PEER_METHOD_1.0,35023,28003,8,0.40019029642256898
MDB_ANALYTICAL_2024_2,MDB_PEER_METHOD_1.0,35023,27009,9,0.41367429015523899
MDB_ANALYTICAL_2024_2,MDB_PEER_METHOD_1.0,35023,41016,10,0.42787155933238208
MDB_ANALYTICAL_2024_2,MDB_PEER_METHOD_1.0,35031,35142,1,0.21074152683850902
MDB_ANALYTICAL_2024_2,MDB_PEER_METHOD_1.0,35031,31086,2,0.21083604776900974
MDB_ANALYTICAL_2024_2,MDB_PEER_METHOD_1.0,35031,31032,3,0.22621586890499804
MDB_ANALYTICAL_2024_2,MDB_PEER_METHOD_1.0,35031,29005,4,0.37142792245898543
MDB_ANALYTICAL_2024_2,MDB_PEER_METHOD_1.0,35031,42017,5,0.38686930928355207
MDB_ANALYTICAL_2024_2,MDB_PEER_METHOD_1.0,35031,35131,6,0.38902626677262014
MDB_ANALYTICAL_2024_2,MDB_PEER_METHOD_1.0,35031,41009,7,0.42597407481843519
MDB_ANALYTICAL_2024_2,MDB_PEER_METHOD_1.0,35031,31035,8,0.44333179539146217
MDB_ANALYTICAL_2024_2,MDB_PEER_METHOD_1.0,35031,26005,9,0.45018741812529361
MDB_ANALYTICAL_2024_2,MDB_PEER_METHOD_1.0,35031,35081,10,0.51007335360259021
MDB_ANALYTICAL_2024_2,MDB_PEER_METHOD_1.0,35032,42017,1,0.36302216531024495
MDB_ANALYTICAL_2024_2,MDB_PEER_METHOD_1.0,35032,35101,2,0.3827626973017047
MDB_ANALYTICAL_2024_2,MDB_PEER_METHOD_1.0,35032,35104,3,0.45784885165817069
MDB_ANALYTICAL_2024_2,MDB_PEER_METHOD_1.0,35032,31025,4,0.47629820117207294
MDB_ANALYTICAL_2024_2,MDB_PEER_METHOD_1.0,35032,31084,5,0.54152678480079475
MDB_ANALYTICAL_2024_2,MDB_PEER_METHOD_1.0,35032,29004,6,0.54810824643862099
MDB_ANALYTICAL_2024_2,MDB_PEER_METHOD_1.0,35032,35031,7,0.5509165866864969
MDB_ANALYTICAL_2024_2,MDB_PEER_METHOD_1.0,35032,31086,8,0.56747974062916762
MDB_ANALYTICAL_2024_2,MDB_PEER_METHOD_1.0,35032,31006,9,0.57496437492908647
MDB_ANALYTICAL_2024_2,MDB_PEER_METHOD_1.0,35032,43023,10,0.60118916555171609
MDB_ANALYTICAL_2024_2,MDB_PEER_METHOD_1.0,35033,28002,1,0.25183213497279455
MDB_ANALYTICAL_2024_2,MDB_PEER_METHOD_1.0,35033,35021,2,0.2681169144337272
MDB_ANALYTICAL_2024_2,MDB_PEER_METHOD_1.0,35033,35051,3,0.28042398954414066
MDB_ANALYTICAL_2024_2,MDB_PEER_METHOD_1.0,35033,29027,4,0.28760507753409092
MDB_ANALYTICAL_2024_2,MDB_PEER_METHOD_1.0,35033,22005,5,0.310609640513137
MDB_ANALYTICAL_2024_2,MDB_PEER_METHOD_1.0,35033,35064,6,0.35642143359275641
MDB_ANALYTICAL_2024_2,MDB_PEER_METHOD_1.0,35033,33003,7,0.36038981776388551
MDB_ANALYTICAL_2024_2,MDB_PEER_METHOD_1.0,35033,21018,8,0.40673362552065018
MDB_ANALYTICAL_2024_2,MDB_PEER_METHOD_1.0,35033,35092,9,0.45992911593792857
MDB_ANALYTICAL_2024_2,MDB_PEER_METHOD_1.0,35033,27003,10,0.46173116189130986
MDB_ANALYTICAL_2024_2,MDB_PEER_METHOD_1.0,35041,33006,1,0.44863366520541542
MDB_ANALYTICAL_2024_2,MDB_PEER_METHOD_1.0,35041,35013,2,0.5545906737267261
MDB_ANALYTICAL_2024_2,MDB_PEER_METHOD_1.0,35041,29020,3,0.62112650939903369
MDB_ANALYTICAL_2024_2,MDB_PEER_METHOD_1.0,35041,35011,4,0.6791541887266801
MDB_ANALYTICAL_2024_2,MDB_PEER_METHOD_1.0,35041,27001,5,0.69117734576916146
MDB_ANALYTICAL_2024_2,MDB_PEER_METHOD_1.0,35041,43010,6,0.72636689010653099
MDB_ANALYTICAL_2024_2,MDB_PEER_METHOD_1.0,35041,25001,7,0.8834563582584436
MDB_ANALYTICAL_2024_2,MDB_PEER_METHOD_1.0,35041,35171,8,0.89653036822567644
MDB_ANALYTICAL_2024_2,MDB_PEER_METHOD_1.0,35041,42005,9,0.90886232157229085
MDB_ANALYTICAL_2024_2,MDB_PEER_METHOD_1.0,35041,31016,10,0.91806750719712782
MDB_ANALYTICAL_2024_2,MDB_PEER_METHOD_1.0,35051,22005,1,0.17466333459874178
MDB_ANALYTICAL_2024_2,MDB_PEER_METHOD_1.0,35051,29027,2,0.18105716710558956
MDB_ANALYTICAL_2024_2,MDB_PEER_METHOD_1.0,35051,35021,3,0.19494548207025533
MDB_ANALYTICAL_2024_2,MDB_PEER_METHOD_1.0,35051,21018,4,0.21752349138546967
MDB_ANALYTICAL_2024_2,MDB_PEER_METHOD_1.0,35051,43005,5,0.26393491932502766
MDB_ANALYTICAL_2024_2,MDB_PEER_METHOD_1.0,35051,35033,6,0.28042398954414066
MDB_ANALYTICAL_2024_2,MDB_PEER_METHOD_1.0,35051,35092,7,0.39471273551311342
MDB_ANALYTICAL_2024_2,MDB_PEER_METHOD_1.0,35051,31092,8,0.3989904800730677
MDB_ANALYTICAL_2024_2,MDB_PEER_METHOD_1.0,35051,29009,9,0.41611948514706737
MDB_ANALYTICAL_2024_2,MDB_PEER_METHOD_1.0,35051,28002,10,0.44331362043374056
MDB_ANALYTICAL_2024_2,MDB_PEER_METHOD_1.0,35052,27008,1,0.065396364647480124
MDB_ANALYTICAL_2024_2,MDB_PEER_METHOD_1.0,35052,31002,2,0.22357279044042766
MDB_ANALYTICAL_2024_2,MDB_PEER_METHOD_1.0,35052,31061,3,0.23362761782661307
MDB_ANALYTICAL_2024_2,MDB_PEER_METHOD_1.0,35052,27002,4,0.25415236529529717
MDB_ANALYTICAL_2024_2,MDB_PEER_METHOD_1.0,35052,27004,5,0.36284051808986406
MDB_ANALYTICAL_2024_2,MDB_PEER_METHOD_1.0,35052,27006,6,0.3701984408470555
MDB_ANALYTICAL_2024_2,MDB_PEER_METHOD_1.0,35052,35095,7,0.4086130297103685
MDB_ANALYTICAL_2024_2,MDB_PEER_METHOD_1.0,35052,27005,8,0.42490592809137412
MDB_ANALYTICAL_2024_2,MDB_PEER_METHOD_1.0,35052,43030,9,0.43032234679824566
MDB_ANALYTICAL_2024_2,MDB_PEER_METHOD_1.0,35052,25010,10,0.44849165583831041
MDB_ANALYTICAL_2024_2,MDB_PEER_METHOD_1.0,35061,31001,1,0.22058116415142134
MDB_ANALYTICAL_2024_2,MDB_PEER_METHOD_1.0,35061,29019,2,0.2369055356781764
MDB_ANALYTICAL_2024_2,MDB_PEER_METHOD_1.0,35061,41007,3,0.28493716768521754
MDB_ANALYTICAL_2024_2,MDB_PEER_METHOD_1.0,35061,31015,4,0.29148044839417259
MDB_ANALYTICAL_2024_2,MDB_PEER_METHOD_1.0,35061,42009,5,0.32572549875056978
MDB_ANALYTICAL_2024_2,MDB_PEER_METHOD_1.0,35061,35162,6,0.32940303885771166
MDB_ANALYTICAL_2024_2,MDB_PEER_METHOD_1.0,35061,35023,7,0.36866505366931568
MDB_ANALYTICAL_2024_2,MDB_PEER_METHOD_1.0,35061,43009,8,0.40854307202039919
MDB_ANALYTICAL_2024_2,MDB_PEER_METHOD_1.0,35061,35151,9,0.40856841680541139
MDB_ANALYTICAL_2024_2,MDB_PEER_METHOD_1.0,35061,21012,10,0.4148073430299471
MDB_ANALYTICAL_2024_2,MDB_PEER_METHOD_1.0,35062,26004,1,0.34065519848001086
MDB_ANALYTICAL_2024_2,MDB_PEER_METHOD_1.0,35062,27007,2,0.35697424848161985
MDB_ANALYTICAL_2024_2,MDB_PEER_METHOD_1.0,35062,35155,3,0.39877828227903489
MDB_ANALYTICAL_2024_2,MDB_PEER_METHOD_1.0,35062,35172,4,0.4012626418977509
MDB_ANALYTICAL_2024_2,MDB_PEER_METHOD_1.0,35062,25016,5,0.44346990615300297
MDB_ANALYTICAL_2024_2,MDB_PEER_METHOD_1.0,35062,26008,6,0.49434787136038538
MDB_ANALYTICAL_2024_2,MDB_PEER_METHOD_1.0,35062,29001,7,0.5217450804744681
MDB_ANALYTICAL_2024_2,MDB_PEER_METHOD_1.0,35062,33009,8,0.52553330301213741
MDB_ANALYTICAL_2024_2,MDB_PEER_METHOD_1.0,35062,41020,9,0.53651307407997917
MDB_ANALYTICAL_2024_2,MDB_PEER_METHOD_1.0,35062,32001,10,0.55230448776042962
MDB_ANALYTICAL_2024_2,MDB_PEER_METHOD_1.0,35063,43028,1,0.13296925472218904
MDB_ANALYTICAL_2024_2,MDB_PEER_METHOD_1.0,35063,33007,2,0.2341834048134101
MDB_ANALYTICAL_2024_2,MDB_PEER_METHOD_1.0,35063,42012,3,0.27873159756102206
MDB_ANALYTICAL_2024_2,MDB_PEER_METHOD_1.0,35063,22005,4,0.30378893346326108
MDB_ANALYTICAL_2024_2,MDB_PEER_METHOD_1.0,35063,35021,5,0.30540566529122459
MDB_ANALYTICAL_2024_2,MDB_PEER_METHOD_1.0,35063,35092,6,0.31684638945132992
MDB_ANALYTICAL_2024_2,MDB_PEER_METHOD_1.0,35063,29027,7,0.31779716559976501
MDB_ANALYTICAL_2024_2,MDB_PEER_METHOD_1.0,35063,35094,8,0.32569014254957435
MDB_ANALYTICAL_2024_2,MDB_PEER_METHOD_1.0,35063,35064,9,0.33293785783054658
MDB_ANALYTICAL_2024_2,MDB_PEER_METHOD_1.0,35063,31021,10,0.33894003926981786
MDB_ANALYTICAL_2024_2,MDB_PEER_METHOD_1.0,35064,33003,1,0.28399942794287419
MDB_ANALYTICAL_2024_2,MDB_PEER_METHOD_1.0,35064,35021,2,0.3034104751141275
MDB_ANALYTICAL_2024_2,MDB_PEER_METHOD_1.0,35064,33007,3,0.32821105485809282
MDB_ANALYTICAL_2024_2,MDB_PEER_METHOD_1.0,35064,35063,4,0.33293785783054658
MDB_ANALYTICAL_2024_2,MDB_PEER_METHOD_1.0,35064,43028,5,0.35115305479192899
MDB_ANALYTICAL_2024_2,MDB_PEER_METHOD_1.0,35064,35033,6,0.35642143359275641
MDB_ANALYTICAL_2024_2,MDB_PEER_METHOD_1.0,35064,22005,7,0.35663693739109265
MDB_ANALYTICAL_2024_2,MDB_PEER_METHOD_1.0,35064,29027,8,0.35827462756642259
MDB_ANALYTICAL_2024_2,MDB_PEER_METHOD_1.0,35064,28003,9,0.38992346464227934
MDB_ANALYTICAL_2024_2,MDB_PEER_METHOD_1.0,35064,31037,10,0.41736696537598822
MDB_ANALYTICAL_2024_2,MDB_PEER_METHOD_1.0,35065,27010,1,0.24080577184692989
MDB_ANALYTICAL_2024_2,MDB_PEER_METHOD_1.0,35065,35095,2,0.26410734931596402
MDB_ANALYTICAL_2024_2,MDB_PEER_METHOD_1.0,35065,31002,3,0.27318375926909938
MDB_ANALYTICAL_2024_2,MDB_PEER_METHOD_1.0,35065,35133,4,0.28086997129583874
MDB_ANALYTICAL_2024_2,MDB_PEER_METHOD_1.0,35065,27006,5,0.30465953629112108
MDB_ANALYTICAL_2024_2,MDB_PEER_METHOD_1.0,35065,28005,6,0.30563495466802487
MDB_ANALYTICAL_2024_2,MDB_PEER_METHOD_1.0,35065,43006,7,0.35431919624621472
MDB_ANALYTICAL_2024_2,MDB_PEER_METHOD_1.0,35065,41004,8,0.35736951959137869
MDB_ANALYTICAL_2024_2,MDB_PEER_METHOD_1.0,35065,31092,9,0.36517253004782108
MDB_ANALYTICAL_2024_2,MDB_PEER_METHOD_1.0,35065,35143,10,0.39071688392730081
MDB_ANALYTICAL_2024_2,MDB_PEER_METHOD_1.0,35071,42015,1,0.1997808148446529
MDB_ANALYTICAL_2024_2,MDB_PEER_METHOD_1.0,35071,35103,2,0.22820983812469225
MDB_ANALYTICAL_2024_2,MDB_PEER_METHOD_1.0,35071,31097,3,0.26582549257476218
MDB_ANALYTICAL_2024_2,MDB_PEER_METHOD_1.0,35071,35081,4,0.29125828023602307
MDB_ANALYTICAL_2024_2,MDB_PEER_METHOD_1.0,35071,35174,5,0.29823128289947964
MDB_ANALYTICAL_2024_2,MDB_PEER_METHOD_1.0,35071,35131,6,0.41626398590913111
MDB_ANALYTICAL_2024_2,MDB_PEER_METHOD_1.0,35071,41009,7,0.44639050774084627
MDB_ANALYTICAL_2024_2,MDB_PEER_METHOD_1.0,35071,28006,8,0.4519613367295745
MDB_ANALYTICAL_2024_2,MDB_PEER_METHOD_1.0,35071,33003,9,0.55170448332859712
MDB_ANALYTICAL_2024_2,MDB_PEER_METHOD_1.0,35071,26005,10,0.55726570944979903
MDB_ANALYTICAL_2024_2,MDB_PEER_METHOD_1.0,35072,26010,1,0.31142281303185282
MDB_ANALYTICAL_2024_2,MDB_PEER_METHOD_1.0,35072,31016,2,0.70930348343442284
MDB_ANALYTICAL_2024_2,MDB_PEER_METHOD_1.0,35072,35011,3,1.0117102544970131
MDB_ANALYTICAL_2024_2,MDB_PEER_METHOD_1.0,35072,35163,4,1.1144480135622385
MDB_ANALYTICAL_2024_2,MDB_PEER_METHOD_1.0,35072,32002,5,1.1276172495589925
MDB_ANALYTICAL_2024_2,MDB_PEER_METHOD_1.0,35072,25001,6,1.1319937266490223
MDB_ANALYTICAL_2024_2,MDB_PEER_METHOD_1.0,35072,29020,7,1.1765490664306673
MDB_ANALYTICAL_2024_2,MDB_PEER_METHOD_1.0,35072,52001,8,1.2189450020590742
MDB_ANALYTICAL_2024_2,MDB_PEER_METHOD_1.0,35072,41002,9,1.2714574904770175
MDB_ANALYTICAL_2024_2,MDB_PEER_METHOD_1.0,35072,27001,10,1.3623781884163322
MDB_ANALYTICAL_2024_2,MDB_PEER_METHOD_1.0,35073,28001,1,0.39020724004256319
MDB_ANALYTICAL_2024_2,MDB_PEER_METHOD_1.0,35073,35013,2,0.3940214399095967
MDB_ANALYTICAL_2024_2,MDB_PEER_METHOD_1.0,35073,42011,3,0.67016514507144331
MDB_ANALYTICAL_2024_2,MDB_PEER_METHOD_1.0,35073,33002,4,0.68292725061830561
MDB_ANALYTICAL_2024_2,MDB_PEER_METHOD_1.0,35073,35012,5,0.69674080588510834
MDB_ANALYTICAL_2024_2,MDB_PEER_METHOD_1.0,35073,35171,6,0.70451883478487254
MDB_ANALYTICAL_2024_2,MDB_PEER_METHOD_1.0,35073,24007,7,0.78810820092773515
MDB_ANALYTICAL_2024_2,MDB_PEER_METHOD_1.0,35073,42005,8,0.80254344065650529
MDB_ANALYTICAL_2024_2,MDB_PEER_METHOD_1.0,35073,21016,9,0.83723716973654205
MDB_ANALYTICAL_2024_2,MDB_PEER_METHOD_1.0,35073,43023,10,0.90695254370443068
MDB_ANALYTICAL_2024_2,MDB_PEER_METHOD_1.0,35074,31023,1,0.43501902013901611
MDB_ANALYTICAL_2024_2,MDB_PEER_METHOD_1.0,35074,31031,2,0.51408080812624046
MDB_ANALYTICAL_2024_2,MDB_PEER_METHOD_1.0,35074,31078,3,0.61103753262133453
MDB_ANALYTICAL_2024_2,MDB_PEER_METHOD_1.0,35074,31012,4,0.68533540497190315
MDB_ANALYTICAL_2024_2,MDB_PEER_METHOD_1.0,35074,27005,5,0.72722206104581999
MDB_ANALYTICAL_2024_2,MDB_PEER_METHOD_1.0,35074,31010,6,0.74117103902582271
MDB_ANALYTICAL_2024_2,MDB_PEER_METHOD_1.0,35074,31011,7,0.75987772611752691
MDB_ANALYTICAL_2024_2,MDB_PEER_METHOD_1.0,35074,31006,8,0.7653697407165736
MDB_ANALYTICAL_2024_2,MDB_PEER_METHOD_1.0,35074,31087,9,0.77865176014582826
MDB_ANALYTICAL_2024_2,MDB_PEER_METHOD_1.0,35074,35104,10,0.7997487345296993
MDB_ANALYTICAL_2024_2,MDB_PEER_METHOD_1.0,35081,41009,1,0.20990512065112768
MDB_ANALYTICAL_2024_2,MDB_PEER_METHOD_1.0,35081,35131,2,0.21087554338687189
MDB_ANALYTICAL_2024_2,MDB_PEER_METHOD_1.0,35081,35071,3,0.29125828023602307
MDB_ANALYTICAL_2024_2,MDB_PEER_METHOD_1.0,35081,33003,4,0.36306956043591604
MDB_ANALYTICAL_2024_2,MDB_PEER_METHOD_1.0,35081,26005,5,0.38727903167353506
MDB_ANALYTICAL_2024_2,MDB_PEER_METHOD_1.0,35081,28006,6,0.40896774963720911
MDB_ANALYTICAL_2024_2,MDB_PEER_METHOD_1.0,35081,42015,7,0.40968038170372872
MDB_ANALYTICAL_2024_2,MDB_PEER_METHOD_1.0,35081,35174,8,0.43248824683156867
MDB_ANALYTICAL_2024_2,MDB_PEER_METHOD_1.0,35081,35103,9,0.48588210434359347
MDB_ANALYTICAL_2024_2,MDB_PEER_METHOD_1.0,35081,31086,10,0.50200832568576392
MDB_ANALYTICAL_2024_2,MDB_PEER_METHOD_1.0,35082,31009,1,0.17262297300124715
MDB_ANALYTICAL_2024_2,MDB_PEER_METHOD_1.0,35082,27010,2,0.26695367396142627
MDB_ANALYTICAL_2024_2,MDB_PEER_METHOD_1.0,35082,35133,3,0.29151015691003107
MDB_ANALYTICAL_2024_2,MDB_PEER_METHOD_1.0,35082,35083,4,0.33137775266815728
MDB_ANALYTICAL_2024_2,MDB_PEER_METHOD_1.0,35082,31087,5,0.33466436539850036
MDB_ANALYTICAL_2024_2,MDB_PEER_METHOD_1.0,35082,31078,6,0.35581547040955946
MDB_ANALYTICAL_2024_2,MDB_PEER_METHOD_1.0,35082,31011,7,0.36399013938280134
MDB_ANALYTICAL_2024_2,MDB_PEER_METHOD_1.0,35082,31010,8,0.44572307703058539
MDB_ANALYTICAL_2024_2,MDB_PEER_METHOD_1.0,35082,31088,9,0.46421193619471762
MDB_ANALYTICAL_2024_2,MDB_PEER_METHOD_1.0,35082,35065,10,0.50355521827990168
MDB_ANALYTICAL_2024_2,MDB_PEER_METHOD_1.0,35083,31088,1,0.13873940694854933
MDB_ANALYTICAL_2024_2,MDB_PEER_METHOD_1.0,35083,31009,2,0.22053681135956571
MDB_ANALYTICAL_2024_2,MDB_PEER_METHOD_1.0,35083,31089,3,0.31491860810429101
MDB_ANALYTICAL_2024_2,MDB_PEER_METHOD_1.0,35083,35082,4,0.33137775266815728
MDB_ANALYTICAL_2024_2,MDB_PEER_METHOD_1.0,35083,35133,5,0.34320813795667082
MDB_ANALYTICAL_2024_2,MDB_PEER_METHOD_1.0,35083,31011,6,0.3796865883652864
MDB_ANALYTICAL_2024_2,MDB_PEER_METHOD_1.0,35083,31010,7,0.38040294445336237
MDB_ANALYTICAL_2024_2,MDB_PEER_METHOD_1.0,35083,31087,8,0.39149291050780727
MDB_ANALYTICAL_2024_2,MDB_PEER_METHOD_1.0,35083,27010,9,0.41569550089155549
MDB_ANALYTICAL_2024_2,MDB_PEER_METHOD_1.0,35083,31078,10,0.44342364169980136
MDB_ANALYTICAL_2024_2,MDB_PEER_METHOD_1.0,35091,31042,1,0.17224788047131534
MDB_ANALYTICAL_2024_2,MDB_PEER_METHOD_1.0,35091,27004,2,0.2082839614820888
MDB_ANALYTICAL_2024_2,MDB_PEER_METHOD_1.0,35091,25010,3,0.23609822520269622
MDB_ANALYTICAL_2024_2,MDB_PEER_METHOD_1.0,35091,25008,4,0.25366228019359865
MDB_ANALYTICAL_2024_2,MDB_PEER_METHOD_1.0,35091,31061,5,0.27847708514007252
MDB_ANALYTICAL_2024_2,MDB_PEER_METHOD_1.0,35091,31044,6,0.30165817983912507
MDB_ANALYTICAL_2024_2,MDB_PEER_METHOD_1.0,35091,41013,7,0.33536753928392249
MDB_ANALYTICAL_2024_2,MDB_PEER_METHOD_1.0,35091,27002,8,0.33798202048503762
MDB_ANALYTICAL_2024_2,MDB_PEER_METHOD_1.0,35091,31045,9,0.34211517460112334
MDB_ANALYTICAL_2024_2,MDB_PEER_METHOD_1.0,35091,25014,10,0.35892624554141112
MDB_ANALYTICAL_2024_2,MDB_PEER_METHOD_1.0,35092,35094,1,0.1889263768490155
MDB_ANALYTICAL_2024_2,MDB_PEER_METHOD_1.0,35092,31021,2,0.21688866696093231
MDB_ANALYTICAL_2024_2,MDB_PEER_METHOD_1.0,35092,21018,3,0.21740091757732008
MDB_ANALYTICAL_2024_2,MDB_PEER_METHOD_1.0,35092,43005,4,0.23148782541130283
MDB_ANALYTICAL_2024_2,MDB_PEER_METHOD_1.0,35092,31034,5,0.24094366667342301
MDB_ANALYTICAL_2024_2,MDB_PEER_METHOD_1.0,35092,29027,6,0.24137196984296894
MDB_ANALYTICAL_2024_2,MDB_PEER_METHOD_1.0,35092,26001,7,0.25547913011980905
MDB_ANALYTICAL_2024_2,MDB_PEER_METHOD_1.0,35092,27009,8,0.29151462254956839
MDB_ANALYTICAL_2024_2,MDB_PEER_METHOD_1.0,35092,22005,9,0.2944546505432124
MDB_ANALYTICAL_2024_2,MDB_PEER_METHOD_1.0,35092,35021,10,0.31328066535469923
MDB_ANALYTICAL_2024_2,MDB_PEER_METHOD_1.0,35093,35112,1,0.069337220145593376
MDB_ANALYTICAL_2024_2,MDB_PEER_METHOD_1.0,35093,41020,2,0.15973532577337549
MDB_ANALYTICAL_2024_2,MDB_PEER_METHOD_1.0,35093,35151,3,0.28358960629276314
MDB_ANALYTICAL_2024_2,MDB_PEER_METHOD_1.0,35093,41016,4,0.30275408240909646
MDB_ANALYTICAL_2024_2,MDB_PEER_METHOD_1.0,35093,31048,5,0.30898408892675011
MDB_ANALYTICAL_2024_2,MDB_PEER_METHOD_1.0,35093,35172,6,0.32700633711024768
MDB_ANALYTICAL_2024_2,MDB_PEER_METHOD_1.0,35093,29012,7,0.34275826097013518
MDB_ANALYTICAL_2024_2,MDB_PEER_METHOD_1.0,35093,29001,8,0.38760466265271903
MDB_ANALYTICAL_2024_2,MDB_PEER_METHOD_1.0,35093,31059,9,0.39428774314314957
MDB_ANALYTICAL_2024_2,MDB_PEER_METHOD_1.0,35093,43009,10,0.3943502990541537
MDB_ANALYTICAL_2024_2,MDB_PEER_METHOD_1.0,35094,27009,1,0.15115280650000337
MDB_ANALYTICAL_2024_2,MDB_PEER_METHOD_1.0,35094,35092,2,0.1889263768490155
MDB_ANALYTICAL_2024_2,MDB_PEER_METHOD_1.0,35094,31034,3,0.18992466055502039
MDB_ANALYTICAL_2024_2,MDB_PEER_METHOD_1.0,35094,31013,4,0.27767729176762673
MDB_ANALYTICAL_2024_2,MDB_PEER_METHOD_1.0,35094,31021,5,0.27949286567524234
MDB_ANALYTICAL_2024_2,MDB_PEER_METHOD_1.0,35094,28003,6,0.27978954613951795
MDB_ANALYTICAL_2024_2,MDB_PEER_METHOD_1.0,35094,31079,7,0.28431967431376204
MDB_ANALYTICAL_2024_2,MDB_PEER_METHOD_1.0,35094,31003,8,0.31043001079056604
MDB_ANALYTICAL_2024_2,MDB_PEER_METHOD_1.0,35094,35063,9,0.32569014254957435
MDB_ANALYTICAL_2024_2,MDB_PEER_METHOD_1.0,35094,42014,10,0.33761101638293661
MDB_ANALYTICAL_2024_2,MDB_PEER_METHOD_1.0,35095,31002,1,0.21034350809747046
MDB_ANALYTICAL_2024_2,MDB_PEER_METHOD_1.0,35095,25010,2,0.23733962212938209
MDB_ANALYTICAL_2024_2,MDB_PEER_METHOD_1.0,35095,27004,3,0.25075210867777192
MDB_ANALYTICAL_2024_2,MDB_PEER_METHOD_1.0,35095,35065,4,0.26410734931596402
MDB_ANALYTICAL_2024_2,MDB_PEER_METHOD_1.0,35095,35133,5,0.26562058180198911
MDB_ANALYTICAL_2024_2,MDB_PEER_METHOD_1.0,35095,27010,6,0.3019185380041442
MDB_ANALYTICAL_2024_2,MDB_PEER_METHOD_1.0,35095,31061,7,0.36514380654234319
MDB_ANALYTICAL_2024_2,MDB_PEER_METHOD_1.0,35095,35091,8,0.40469675236426134
MDB_ANALYTICAL_2024_2,MDB_PEER_METHOD_1.0,35095,35052,9,0.4086130297103685
MDB_ANALYTICAL_2024_2,MDB_PEER_METHOD_1.0,35095,27008,10,0.41146970136511163
MDB_ANALYTICAL_2024_2,MDB_PEER_METHOD_1.0,35101,35141,1,0.36258692998571879
MDB_ANALYTICAL_2024_2,MDB_PEER_METHOD_1.0,35101,35173,2,0.36794038289724179
MDB_ANALYTICAL_2024_2,MDB_PEER_METHOD_1.0,35101,35032,3,0.3827626973017047
MDB_ANALYTICAL_2024_2,MDB_PEER_METHOD_1.0,35101,35104,4,0.43710494693420221
MDB_ANALYTICAL_2024_2,MDB_PEER_METHOD_1.0,35101,42017,5,0.56617584136803845
MDB_ANALYTICAL_2024_2,MDB_PEER_METHOD_1.0,35101,31006,6,0.58603477435775253
MDB_ANALYTICAL_2024_2,MDB_PEER_METHOD_1.0,35101,31025,7,0.60566835977042677
MDB_ANALYTICAL_2024_2,MDB_PEER_METHOD_1.0,35101,31012,8,0.65121455437342479
MDB_ANALYTICAL_2024_2,MDB_PEER_METHOD_1.0,35101,29004,9,0.71211981437502747
MDB_ANALYTICAL_2024_2,MDB_PEER_METHOD_1.0,35101,35102,10,0.71645561866243723
MDB_ANALYTICAL_2024_2,MDB_PEER_METHOD_1.0,35102,35173,1,0.53751576124782563
MDB_ANALYTICAL_2024_2,MDB_PEER_METHOD_1.0,35102,35141,2,0.56158606090946317
MDB_ANALYTICAL_2024_2,MDB_PEER_METHOD_1.0,35102,35101,3,0.71645561866243723
MDB_ANALYTICAL_2024_2,MDB_PEER_METHOD_1.0,35102,35012,4,0.85494799206170524
MDB_ANALYTICAL_2024_2,MDB_PEER_METHOD_1.0,35102,43023,5,0.92251124670817974
MDB_ANALYTICAL_2024_2,MDB_PEER_METHOD_1.0,35102,33001,6,0.96704013925729804
MDB_ANALYTICAL_2024_2,MDB_PEER_METHOD_1.0,35102,29004,7,0.99063086982239656
MDB_ANALYTICAL_2024_2,MDB_PEER_METHOD_1.0,35102,31025,8,1.0034896228316053
MDB_ANALYTICAL_2024_2,MDB_PEER_METHOD_1.0,35102,35032,9,1.0257402653216097
MDB_ANALYTICAL_2024_2,MDB_PEER_METHOD_1.0,35102,35104,10,1.0605805712708645
MDB_ANALYTICAL_2024_2,MDB_PEER_METHOD_1.0,35103,31097,1,0.15732084934008897
MDB_ANALYTICAL_2024_2,MDB_PEER_METHOD_1.0,35103,35174,2,0.20768333674643039
MDB_ANALYTICAL_2024_2,MDB_PEER_METHOD_1.0,35103,35071,3,0.22820983812469225
MDB_ANALYTICAL_2024_2,MDB_PEER_METHOD_1.0,35103,42015,4,0.35071001583940481
MDB_ANALYTICAL_2024_2,MDB_PEER_METHOD_1.0,35103,31017,5,0.39263230403719668
MDB_ANALYTICAL_2024_2,MDB_PEER_METHOD_1.0,35103,33004,6,0.46453187146786701
MDB_ANALYTICAL_2024_2,MDB_PEER_METHOD_1.0,35103,35081,7,0.48588210434359347
MDB_ANALYTICAL_2024_2,MDB_PEER_METHOD_1.0,35103,35132,8,0.49894578757284608
MDB_ANALYTICAL_2024_2,MDB_PEER_METHOD_1.0,35103,42006,9,0.5603724864041848
MDB_ANALYTICAL_2024_2,MDB_PEER_METHOD_1.0,35103,35131,10,0.56842450537765699
MDB_ANALYTICAL_2024_2,MDB_PEER_METHOD_1.0,35104,31006,1,0.21602805815417603
MDB_ANALYTICAL_2024_2,MDB_PEER_METHOD_1.0,35104,31012,2,0.26989728382328398
MDB_ANALYTICAL_2024_2,MDB_PEER_METHOD_1.0,35104,35101,3,0.43710494693420221
MDB_ANALYTICAL_2024_2,MDB_PEER_METHOD_1.0,35104,42017,4,0.45109757193525429
MDB_ANALYTICAL_2024_2,MDB_PEER_METHOD_1.0,35104,35032,5,0.45784885165817069
MDB_ANALYTICAL_2024_2,MDB_PEER_METHOD_1.0,35104,27005,6,0.46640312926631067
MDB_ANALYTICAL_2024_2,MDB_PEER_METHOD_1.0,35104,28004,7,0.49082412750202986
MDB_ANALYTICAL_2024_2,MDB_PEER_METHOD_1.0,35104,31032,8,0.53644834942065711
MDB_ANALYTICAL_2024_2,MDB_PEER_METHOD_1.0,35104,35142,9,0.53939996656356537
MDB_ANALYTICAL_2024_2,MDB_PEER_METHOD_1.0,35104,35031,10,0.55226852381302094
MDB_ANALYTICAL_2024_2,MDB_PEER_METHOD_1.0,35111,35154,1,0.18000086147240318
MDB_ANALYTICAL_2024_2,MDB_PEER_METHOD_1.0,35111,41013,2,0.23210947216107994
MDB_ANALYTICAL_2024_2,MDB_PEER_METHOD_1.0,35111,31042,3,0.24167148652495829
MDB_ANALYTICAL_2024_2,MDB_PEER_METHOD_1.0,35111,42010,4,0.31006853145390179
MDB_ANALYTICAL_2024_2,MDB_PEER_METHOD_1.0,35111,24008,5,0.33483711185988069
MDB_ANALYTICAL_2024_2,MDB_PEER_METHOD_1.0,35111,25015,6,0.33743818970333056
MDB_ANALYTICAL_2024_2,MDB_PEER_METHOD_1.0,35111,35156,7,0.35321772124822681
MDB_ANALYTICAL_2024_2,MDB_PEER_METHOD_1.0,35111,25008,8,0.36226573278173807
MDB_ANALYTICAL_2024_2,MDB_PEER_METHOD_1.0,35111,35091,9,0.37667560899702224
MDB_ANALYTICAL_2024_2,MDB_PEER_METHOD_1.0,35111,26001,10,0.3855562332543564
MDB_ANALYTICAL_2024_2,MDB_PEER_METHOD_1.0,35112,35093,1,0.069337220145593376
MDB_ANALYTICAL_2024_2,MDB_PEER_METHOD_1.0,35112,41020,2,0.11523820270251596
MDB_ANALYTICAL_2024_2,MDB_PEER_METHOD_1.0,35112,29012,3,0.30616092173678838
MDB_ANALYTICAL_2024_2,MDB_PEER_METHOD_1.0,35112,35172,4,0.30998242180525692
MDB_ANALYTICAL_2024_2,MDB_PEER_METHOD_1.0,35112,29001,5,0.32481107835938483
MDB_ANALYTICAL_2024_2,MDB_PEER_METHOD_1.0,35112,41016,6,0.33011838526216231
MDB_ANALYTICAL_2024_2,MDB_PEER_METHOD_1.0,35112,35151,7,0.35252955073246683
MDB_ANALYTICAL_2024_2,MDB_PEER_METHOD_1.0,35112,31048,8,0.37520608235067937
MDB_ANALYTICAL_2024_2,MDB_PEER_METHOD_1.0,35112,43009,9,0.3764491659015019
MDB_ANALYTICAL_2024_2,MDB_PEER_METHOD_1.0,35112,29022,10,0.38881220475238099
MDB_ANALYTICAL_2024_2,MDB_PEER_METHOD_1.0,35113,31095,1,0.05470043726318459
MDB_ANALYTICAL_2024_2,MDB_PEER_METHOD_1.0,35113,31068,2,0.15329641504279981
MDB_ANALYTICAL_2024_2,MDB_PEER_METHOD_1.0,35113,31091,3,0.18448858797352166
MDB_ANALYTICAL_2024_2,MDB_PEER_METHOD_1.0,35113,31076,4,0.34510630416162319
MDB_ANALYTICAL_2024_2,MDB_PEER_METHOD_1.0,35113,31098,5,0.37033872530351442
MDB_ANALYTICAL_2024_2,MDB_PEER_METHOD_1.0,35113,35115,6,0.37638856953989525
MDB_ANALYTICAL_2024_2,MDB_PEER_METHOD_1.0,35113,31067,7,0.38690554458101611
MDB_ANALYTICAL_2024_2,MDB_PEER_METHOD_1.0,35113,25013,8,0.42727187128412414
MDB_ANALYTICAL_2024_2,MDB_PEER_METHOD_1.0,35113,31064,9,0.45712312856670867
MDB_ANALYTICAL_2024_2,MDB_PEER_METHOD_1.0,35113,31065,10,0.46376079651284163
MDB_ANALYTICAL_2024_2,MDB_PEER_METHOD_1.0,35114,31068,1,0.42989221522305837
MDB_ANALYTICAL_2024_2,MDB_PEER_METHOD_1.0,35114,31064,2,0.44546666234646887
MDB_ANALYTICAL_2024_2,MDB_PEER_METHOD_1.0,35114,31088,3,0.45457405012048313
MDB_ANALYTICAL_2024_2,MDB_PEER_METHOD_1.0,35114,35113,4,0.53128571427202287
MDB_ANALYTICAL_2024_2,MDB_PEER_METHOD_1.0,35114,25013,5,0.53185376643149485
MDB_ANALYTICAL_2024_2,MDB_PEER_METHOD_1.0,35114,31095,6,0.53198938680716346
MDB_ANALYTICAL_2024_2,MDB_PEER_METHOD_1.0,35114,31065,7,0.53783328339939551
MDB_ANALYTICAL_2024_2,MDB_PEER_METHOD_1.0,35114,31100,8,0.53887051343480297
MDB_ANALYTICAL_2024_2,MDB_PEER_METHOD_1.0,35114,35083,9,0.55834209993155026
MDB_ANALYTICAL_2024_2,MDB_PEER_METHOD_1.0,35114,35115,10,0.57025044110603729
MDB_ANALYTICAL_2024_2,MDB_PEER_METHOD_1.0,35115,31067,1,0.23785825753383386
MDB_ANALYTICAL_2024_2,MDB_PEER_METHOD_1.0,35115,31068,2,0.35856601886301737
MDB_ANALYTICAL_2024_2,MDB_PEER_METHOD_1.0,35115,31095,3,0.36884652187136013
MDB_ANALYTICAL_2024_2,MDB_PEER_METHOD_1.0,35115,35113,4,0.37638856953989525
MDB_ANALYTICAL_2024_2,MDB_PEER_METHOD_1.0,35115,31091,5,0.4644716312720007
MDB_ANALYTICAL_2024_2,MDB_PEER_METHOD_1.0,35115,31066,6,0.46981453784679705
MDB_ANALYTICAL_2024_2,MDB_PEER_METHOD_1.0,35115,31076,7,0.4943418708978633
MDB_ANALYTICAL_2024_2,MDB_PEER_METHOD_1.0,35115,35114,8,0.57025044110603729
MDB_ANALYTICAL_2024_2,MDB_PEER_METHOD_1.0,35115,31100,9,0.66840032308655273
MDB_ANALYTICAL_2024_2,MDB_PEER_METHOD_1.0,35115,31098,10,0.67260574058059985
MDB_ANALYTICAL_2024_2,MDB_PEER_METHOD_1.0,35121,21012,1,0.12158968374540981
MDB_ANALYTICAL_2024_2,MDB_PEER_METHOD_1.0,35121,35162,2,0.20850437327509133
MDB_ANALYTICAL_2024_2,MDB_PEER_METHOD_1.0,35121,31052,3,0.2592153771890498
MDB_ANALYTICAL_2024_2,MDB_PEER_METHOD_1.0,35121,41007,4,0.26503290015982367
MDB_ANALYTICAL_2024_2,MDB_PEER_METHOD_1.0,35121,42013,5,0.35434589851028941
MDB_ANALYTICAL_2024_2,MDB_PEER_METHOD_1.0,35121,21009,6,0.36042406285280831
MDB_ANALYTICAL_2024_2,MDB_PEER_METHOD_1.0,35121,21014,7,0.37454064908420698
MDB_ANALYTICAL_2024_2,MDB_PEER_METHOD_1.0,35121,21006,8,0.38464566830401004
MDB_ANALYTICAL_2024_2,MDB_PEER_METHOD_1.0,35121,29011,9,0.38556262292297827
MDB_ANALYTICAL_2024_2,MDB_PEER_METHOD_1.0,35121,21013,10,0.40933996010563817
MDB_ANALYTICAL_2024_2,MDB_PEER_METHOD_1.0,35131,41009,1,0.19249523697775883
MDB_ANALYTICAL_2024_2,MDB_PEER_METHOD_1.0,35131,35081,2,0.21087554338687189
MDB_ANALYTICAL_2024_2,MDB_PEER_METHOD_1.0,35131,26005,3,0.38065325451500398
MDB_ANALYTICAL_2024_2,MDB_PEER_METHOD_1.0,35131,35031,4,0.38902626677262014
MDB_ANALYTICAL_2024_2,MDB_PEER_METHOD_1.0,35131,35071,5,0.41626398590913111
MDB_ANALYTICAL_2024_2,MDB_PEER_METHOD_1.0,35131,31086,6,0.42768158997377376
MDB_ANALYTICAL_2024_2,MDB_PEER_METHOD_1.0,35131,35174,7,0.48351746525949169
MDB_ANALYTICAL_2024_2,MDB_PEER_METHOD_1.0,35131,42017,8,0.49647484198290837
MDB_ANALYTICAL_2024_2,MDB_PEER_METHOD_1.0,35131,33003,9,0.49980187728671843
MDB_ANALYTICAL_2024_2,MDB_PEER_METHOD_1.0,35131,42015,10,0.54295899476810405
MDB_ANALYTICAL_2024_2,MDB_PEER_METHOD_1.0,35132,33002,1,0.37860815539295745
MDB_ANALYTICAL_2024_2,MDB_PEER_METHOD_1.0,35132,33004,2,0.41252206460484253
MDB_ANALYTICAL_2024_2,MDB_PEER_METHOD_1.0,35132,35174,3,0.48677236132893897
MDB_ANALYTICAL_2024_2,MDB_PEER_METHOD_1.0,35132,35171,4,0.49776523410412366
MDB_ANALYTICAL_2024_2,MDB_PEER_METHOD_1.0,35132,35103,5,0.49894578757284608
MDB_ANALYTICAL_2024_2,MDB_PEER_METHOD_1.0,35132,31017,6,0.52529813804197345
MDB_ANALYTICAL_2024_2,MDB_PEER_METHOD_1.0,35132,31097,7,0.58253606085155651
MDB_ANALYTICAL_2024_2,MDB_PEER_METHOD_1.0,35132,42006,8,0.61949770763045131
MDB_ANALYTICAL_2024_2,MDB_PEER_METHOD_1.0,35132,33008,9,0.63447030611828525
MDB_ANALYTICAL_2024_2,MDB_PEER_METHOD_1.0,35132,28001,10,0.67480342238610624
MDB_ANALYTICAL_2024_2,MDB_PEER_METHOD_1.0,35133,27010,1,0.10375195101399139
MDB_ANALYTICAL_2024_2,MDB_PEER_METHOD_1.0,35133,35095,2,0.26562058180198911
MDB_ANALYTICAL_2024_2,MDB_PEER_METHOD_1.0,35133,35065,3,0.28086997129583874
MDB_ANALYTICAL_2024_2,MDB_PEER_METHOD_1.0,35133,35082,4,0.29151015691003107
MDB_ANALYTICAL_2024_2,MDB_PEER_METHOD_1.0,35133,31009,5,0.30763909965407554
MDB_ANALYTICAL_2024_2,MDB_PEER_METHOD_1.0,35133,35083,6,0.34320813795667082
MDB_ANALYTICAL_2024_2,MDB_PEER_METHOD_1.0,35133,31002,7,0.34921753169506348
MDB_ANALYTICAL_2024_2,MDB_PEER_METHOD_1.0,35133,31089,8,0.39405845753935459
MDB_ANALYTICAL_2024_2,MDB_PEER_METHOD_1.0,35133,31088,9,0.43342008515444419
MDB_ANALYTICAL_2024_2,MDB_PEER_METHOD_1.0,35133,26011,10,0.47041502666534685
MDB_ANALYTICAL_2024_2,MDB_PEER_METHOD_1.0,35141,35173,1,0.056801910018913819
MDB_ANALYTICAL_2024_2,MDB_PEER_METHOD_1.0,35141,35101,2,0.36258692998571879
MDB_ANALYTICAL_2024_2,MDB_PEER_METHOD_1.0,35141,33001,3,0.55792507716499817
MDB_ANALYTICAL_2024_2,MDB_PEER_METHOD_1.0,35141,35102,4,0.56158606090946317
MDB_ANALYTICAL_2024_2,MDB_PEER_METHOD_1.0,35141,35032,5,0.7202204748706782
MDB_ANALYTICAL_2024_2,MDB_PEER_METHOD_1.0,35141,35104,6,0.7388541564032316
MDB_ANALYTICAL_2024_2,MDB_PEER_METHOD_1.0,35141,31006,7,0.8483315983366283
MDB_ANALYTICAL_2024_2,MDB_PEER_METHOD_1.0,35141,31012,8,0.89276038305555416
MDB_ANALYTICAL_2024_2,MDB_PEER_METHOD_1.0,35141,42017,9,0.9213919985549498
MDB_ANALYTICAL_2024_2,MDB_PEER_METHOD_1.0,35141,43023,10,0.92394434010419368
MDB_ANALYTICAL_2024_2,MDB_PEER_METHOD_1.0,35142,31032,1,0.020404045457437674
MDB_ANALYTICAL_2024_2,MDB_PEER_METHOD_1.0,35142,35031,2,0.21074152683850902
MDB_ANALYTICAL_2024_2,MDB_PEER_METHOD_1.0,35142,31035,3,0.23456761659202172
MDB_ANALYTICAL_2024_2,MDB_PEER_METHOD_1.0,35142,31086,4,0.31015977439926501
MDB_ANALYTICAL_2024_2,MDB_PEER_METHOD_1.0,35142,29005,5,0.32015156380637255
MDB_ANALYTICAL_2024_2,MDB_PEER_METHOD_1.0,35142,35143,6,0.45179383819804553
MDB_ANALYTICAL_2024_2,MDB_PEER_METHOD_1.0,35142,28002,7,0.45394167955655673
MDB_ANALYTICAL_2024_2,MDB_PEER_METHOD_1.0,35142,27005,8,0.45848597555758047
MDB_ANALYTICAL_2024_2,MDB_PEER_METHOD_1.0,35142,35033,9,0.47434946502451525
MDB_ANALYTICAL_2024_2,MDB_PEER_METHOD_1.0,35142,31006,10,0.51042373828663989
MDB_ANALYTICAL_2024_2,MDB_PEER_METHOD_1.0,35143,27006,1,0.10945327833005467
MDB_ANALYTICAL_2024_2,MDB_PEER_METHOD_1.0,35143,31035,2,0.27890822250998043
MDB_ANALYTICAL_2024_2,MDB_PEER_METHOD_1.0,35143,31092,3,0.29587018304355012
MDB_ANALYTICAL_2024_2,MDB_PEER_METHOD_1.0,35143,43006,4,0.34033198329238601
MDB_ANALYTICAL_2024_2,MDB_PEER_METHOD_1.0,35143,27002,5,0.37338418699969178
MDB_ANALYTICAL_2024_2,MDB_PEER_METHOD_1.0,35143,27008,6,0.38678767543527576
MDB_ANALYTICAL_2024_2,MDB_PEER_METHOD_1.0,35143,35065,7,0.39071688392730081
MDB_ANALYTICAL_2024_2,MDB_PEER_METHOD_1.0,35143,31002,8,0.4034461005740988
MDB_ANALYTICAL_2024_2,MDB_PEER_METHOD_1.0,35143,31004,9,0.42127148887690263
MDB_ANALYTICAL_2024_2,MDB_PEER_METHOD_1.0,35143,31032,10,0.44284142751863276
MDB_ANALYTICAL_2024_2,MDB_PEER_METHOD_1.0,35151,31048,1,0.11670004868429747
MDB_ANALYTICAL_2024_2,MDB_PEER_METHOD_1.0,35151,35023,2,0.24478255963328757
MDB_ANALYTICAL_2024_2,MDB_PEER_METHOD_1.0,35151,35093,3,0.28358960629276314
MDB_ANALYTICAL_2024_2,MDB_PEER_METHOD_1.0,35151,35112,4,0.35252955073246683
MDB_ANALYTICAL_2024_2,MDB_PEER_METHOD_1.0,35151,31001,5,0.35972315067044147
MDB_ANALYTICAL_2024_2,MDB_PEER_METHOD_1.0,35151,41016,6,0.36737390549728066
MDB_ANALYTICAL_2024_2,MDB_PEER_METHOD_1.0,35151,43025,7,0.39073530155592301
MDB_ANALYTICAL_2024_2,MDB_PEER_METHOD_1.0,35151,35061,8,0.40856841680541139
MDB_ANALYTICAL_2024_2,MDB_PEER_METHOD_1.0,35151,41020,9,0.41704002313238592
MDB_ANALYTICAL_2024_2,MDB_PEER_METHOD_1.0,35151,41019,10,0.44116061667346163
MDB_ANALYTICAL_2024_2,MDB_PEER_METHOD_1.0,35152,31041,1,0.31884373643937253
MDB_ANALYTICAL_2024_2,MDB_PEER_METHOD_1.0,35152,25013,2,0.46978200675884568
MDB_ANALYTICAL_2024_2,MDB_PEER_METHOD_1.0,35152,25011,3,0.52364782686574951
MDB_ANALYTICAL_2024_2,MDB_PEER_METHOD_1.0,35152,31038,4,0.63840932186033506
MDB_ANALYTICAL_2024_2,MDB_PEER_METHOD_1.0,35152,31089,5,0.71312062108315921
MDB_ANALYTICAL_2024_2,MDB_PEER_METHOD_1.0,35152,31088,6,0.72492087886108536
MDB_ANALYTICAL_2024_2,MDB_PEER_METHOD_1.0,35152,31047,7,0.77171334609438058
MDB_ANALYTICAL_2024_2,MDB_PEER_METHOD_1.0,35152,35083,8,0.80746674007051289
MDB_ANALYTICAL_2024_2,MDB_PEER_METHOD_1.0,35152,35113,9,0.81542537258881076
MDB_ANALYTICAL_2024_2,MDB_PEER_METHOD_1.0,35152,35114,10,0.81591549849494927
MDB_ANALYTICAL_2024_2,MDB_PEER_METHOD_1.0,35153,35154,1,0.43252083890658943
MDB_ANALYTICAL_2024_2,MDB_PEER_METHOD_1.0,35153,28007,2,0.47797533181633889
MDB_ANALYTICAL_2024_2,MDB_PEER_METHOD_1.0,35153,25015,3,0.52224910634742738
MDB_ANALYTICAL_2024_2,MDB_PEER_METHOD_1.0,35153,43019,4,0.5389927972834605
MDB_ANALYTICAL_2024_2,MDB_PEER_METHOD_1.0,35153,25007,5,0.54614654567058785
MDB_ANALYTICAL_2024_2,MDB_PEER_METHOD_1.0,35153,35111,6,0.59659575226242301
MDB_ANALYTICAL_2024_2,MDB_PEER_METHOD_1.0,35153,41022,7,0.60482687737770735
MDB_ANALYTICAL_2024_2,MDB_PEER_METHOD_1.0,35153,25009,8,0.61229269136924624
MDB_ANALYTICAL_2024_2,MDB_PEER_METHOD_1.0,35153,25004,9,0.61664545600668186
MDB_ANALYTICAL_2024_2,MDB_PEER_METHOD_1.0,35153,42010,10,0.63296714451426361
MDB_ANALYTICAL_2024_2,MDB_PEER_METHOD_1.0,35154,35111,1,0.18000086147240318
MDB_ANALYTICAL_2024_2,MDB_PEER_METHOD_1.0,35154,25015,2,0.29151722215711728
MDB_ANALYTICAL_2024_2,MDB_PEER_METHOD_1.0,35154,25004,3,0.32670792488353168
MDB_ANALYTICAL_2024_2,MDB_PEER_METHOD_1.0,35154,24008,4,0.36091043133235295
MDB_ANALYTICAL_2024_2,MDB_PEER_METHOD_1.0,35154,35156,5,0.36849067200686647
MDB_ANALYTICAL_2024_2,MDB_PEER_METHOD_1.0,35154,42010,6,0.37846185883941946
MDB_ANALYTICAL_2024_2,MDB_PEER_METHOD_1.0,35154,31042,7,0.38757775827372987
MDB_ANALYTICAL_2024_2,MDB_PEER_METHOD_1.0,35154,41013,8,0.39625157920915327
MDB_ANALYTICAL_2024_2,MDB_PEER_METHOD_1.0,35154,35153,9,0.43252083890658943
MDB_ANALYTICAL_2024_2,MDB_PEER_METHOD_1.0,35154,43019,10,0.43392992169170497
MDB_ANALYTICAL_2024_2,MDB_PEER_METHOD_1.0,35155,41017,1,0.24107738266734338
MDB_ANALYTICAL_2024_2,MDB_PEER_METHOD_1.0,35155,35062,2,0.39877828227903489
MDB_ANALYTICAL_2024_2,MDB_PEER_METHOD_1.0,35155,26006,3,0.41837599831294803
MDB_ANALYTICAL_2024_2,MDB_PEER_METHOD_1.0,35155,33009,4,0.46365872547859782
MDB_ANALYTICAL_2024_2,MDB_PEER_METHOD_1.0,35155,26008,5,0.4986215824142986
MDB_ANALYTICAL_2024_2,MDB_PEER_METHOD_1.0,35155,26004,6,0.50789811808561991
MDB_ANALYTICAL_2024_2,MDB_PEER_METHOD_1.0,35155,27007,7,0.54521591958425697
MDB_ANALYTICAL_2024_2,MDB_PEER_METHOD_1.0,35155,25016,8,0.63386853609579974
MDB_ANALYTICAL_2024_2,MDB_PEER_METHOD_1.0,35155,43008,9,0.64886083169815467
MDB_ANALYTICAL_2024_2,MDB_PEER_METHOD_1.0,35155,32004,10,0.65283804923902222
MDB_ANALYTICAL_2024_2,MDB_PEER_METHOD_1.0,35156,25004,1,0.23656228217113526
MDB_ANALYTICAL_2024_2,MDB_PEER_METHOD_1.0,35156,25008,2,0.24205744295601334
MDB_ANALYTICAL_2024_2,MDB_PEER_METHOD_1.0,35156,35111,3,0.35321772124822681
MDB_ANALYTICAL_2024_2,MDB_PEER_METHOD_1.0,35156,35154,4,0.36849067200686647
MDB_ANALYTICAL_2024_2,MDB_PEER_METHOD_1.0,35156,31042,5,0.40036706057628391
MDB_ANALYTICAL_2024_2,MDB_PEER_METHOD_1.0,35156,31102,6,0.43954805419301085
MDB_ANALYTICAL_2024_2,MDB_PEER_METHOD_1.0,35156,35091,7,0.45428077787728421
MDB_ANALYTICAL_2024_2,MDB_PEER_METHOD_1.0,35156,41013,8,0.46323500594253852
MDB_ANALYTICAL_2024_2,MDB_PEER_METHOD_1.0,35156,43012,9,0.46486363077938853
MDB_ANALYTICAL_2024_2,MDB_PEER_METHOD_1.0,35156,24008,10,0.47244677018581899
MDB_ANALYTICAL_2024_2,MDB_PEER_METHOD_1.0,35157,31015,1,0.23395244771010695
MDB_ANALYTICAL_2024_2,MDB_PEER_METHOD_1.0,35157,25009,2,0.33505266998953936
MDB_ANALYTICAL_2024_2,MDB_PEER_METHOD_1.0,35157,31013,3,0.33848459393106672
MDB_ANALYTICAL_2024_2,MDB_PEER_METHOD_1.0,35157,42008,4,0.35435387481866243
MDB_ANALYTICAL_2024_2,MDB_PEER_METHOD_1.0,35157,43013,5,0.35767615934976854
MDB_ANALYTICAL_2024_2,MDB_PEER_METHOD_1.0,35157,31060,6,0.39770315209334844
MDB_ANALYTICAL_2024_2,MDB_PEER_METHOD_1.0,35157,42003,7,0.39869615099708272
MDB_ANALYTICAL_2024_2,MDB_PEER_METHOD_1.0,35157,24005,8,0.39993988044719414
MDB_ANALYTICAL_2024_2,MDB_PEER_METHOD_1.0,35157,41018,9,0.4187500157880969
MDB_ANALYTICAL_2024_2,MDB_PEER_METHOD_1.0,35157,27009,10,0.44935727884003263
MDB_ANALYTICAL_2024_2,MDB_PEER_METHOD_1.0,35161,24002,1,0.31814277068069807
MDB_ANALYTICAL_2024_2,MDB_PEER_METHOD_1.0,35161,32001,2,0.33903233659615761
MDB_ANALYTICAL_2024_2,MDB_PEER_METHOD_1.0,35161,41003,3,0.39437971107036768
MDB_ANALYTICAL_2024_2,MDB_PEER_METHOD_1.0,35161,33007,4,0.42852882630966677
MDB_ANALYTICAL_2024_2,MDB_PEER_METHOD_1.0,35161,43028,5,0.45975538564193058
MDB_ANALYTICAL_2024_2,MDB_PEER_METHOD_1.0,35161,42012,6,0.4794856326063599
MDB_ANALYTICAL_2024_2,MDB_PEER_METHOD_1.0,35161,52011,7,0.48247194779412705
MDB_ANALYTICAL_2024_2,MDB_PEER_METHOD_1.0,35161,31037,8,0.48390499528855641
MDB_ANALYTICAL_2024_2,MDB_PEER_METHOD_1.0,35161,35064,9,0.50236339172477951
MDB_ANALYTICAL_2024_2,MDB_PEER_METHOD_1.0,35161,25016,10,0.50430139195790491
MDB_ANALYTICAL_2024_2,MDB_PEER_METHOD_1.0,35162,41007,1,0.067954004114759964
MDB_ANALYTICAL_2024_2,MDB_PEER_METHOD_1.0,35162,35121,2,0.20850437327509133
MDB_ANALYTICAL_2024_2,MDB_PEER_METHOD_1.0,35162,21012,3,0.2176834235795741
MDB_ANALYTICAL_2024_2,MDB_PEER_METHOD_1.0,35162,29019,4,0.32251498468902084
MDB_ANALYTICAL_2024_2,MDB_PEER_METHOD_1.0,35162,21009,5,0.32625137151215428
MDB_ANALYTICAL_2024_2,MDB_PEER_METHOD_1.0,35162,35061,6,0.32940303885771166
MDB_ANALYTICAL_2024_2,MDB_PEER_METHOD_1.0,35162,31021,7,0.3826832903273269
MDB_ANALYTICAL_2024_2,MDB_PEER_METHOD_1.0,35162,31015,8,0.3899857872837767
MDB_ANALYTICAL_2024_2,MDB_PEER_METHOD_1.0,35162,21006,9,0.40418141676932229
MDB_ANALYTICAL_2024_2,MDB_PEER_METHOD_1.0,35162,31001,10,0.41210646981050159
MDB_ANALYTICAL_2024_2,MDB_PEER_METHOD_1.0,35163,42007,1,0.3506715461370612
MDB_ANALYTICAL_2024_2,MDB_PEER_METHOD_1.0,35163,32002,2,0.41141640811406588
MDB_ANALYTICAL_2024_2,MDB_PEER_METHOD_1.0,35163,52001,3,0.49662251896476672
MDB_ANALYTICAL_2024_2,MDB_PEER_METHOD_1.0,35163,41017,4,0.84879868670580383
MDB_ANALYTICAL_2024_2,MDB_PEER_METHOD_1.0,35163,25001,5,0.91521621162278566
MDB_ANALYTICAL_2024_2,MDB_PEER_METHOD_1.0,35163,43008,6,0.96124244990018526
MDB_ANALYTICAL_2024_2,MDB_PEER_METHOD_1.0,35163,33009,7,0.98054210168500644
MDB_ANALYTICAL_2024_2,MDB_PEER_METHOD_1.0,35163,41002,8,1.0281622918688791
MDB_ANALYTICAL_2024_2,MDB_PEER_METHOD_1.0,35163,35155,9,1.0471274751959103
MDB_ANALYTICAL_2024_2,MDB_PEER_METHOD_1.0,35163,26003,10,1.0647918445452418
MDB_ANALYTICAL_2024_2,MDB_PEER_METHOD_1.0,35171,33002,1,0.32814742657067147
MDB_ANALYTICAL_2024_2,MDB_PEER_METHOD_1.0,35171,28001,2,0.42381644711324162
MDB_ANALYTICAL_2024_2,MDB_PEER_METHOD_1.0,35171,35132,3,0.49776523410412366
MDB_ANALYTICAL_2024_2,MDB_PEER_METHOD_1.0,35171,42011,4,0.59332830702223827
MDB_ANALYTICAL_2024_2,MDB_PEER_METHOD_1.0,35171,35013,5,0.70199855725174554
MDB_ANALYTICAL_2024_2,MDB_PEER_METHOD_1.0,35171,35073,6,0.70451883478487254
MDB_ANALYTICAL_2024_2,MDB_PEER_METHOD_1.0,35171,33008,7,0.7582231496662043
MDB_ANALYTICAL_2024_2,MDB_PEER_METHOD_1.0,35171,42005,8,0.79189725360981555
MDB_ANALYTICAL_2024_2,MDB_PEER_METHOD_1.0,35171,43023,9,0.85545545550243107
MDB_ANALYTICAL_2024_2,MDB_PEER_METHOD_1.0,35171,27001,10,0.85835572729840803
MDB_ANALYTICAL_2024_2,MDB_PEER_METHOD_1.0,35172,41016,1,0.20459420752567481
MDB_ANALYTICAL_2024_2,MDB_PEER_METHOD_1.0,35172,41020,2,0.2674565377060823
MDB_ANALYTICAL_2024_2,MDB_PEER_METHOD_1.0,35172,42016,3,0.28748242352871706
MDB_ANALYTICAL_2024_2,MDB_PEER_METHOD_1.0,35172,27007,4,0.30262843027773112
MDB_ANALYTICAL_2024_2,MDB_PEER_METHOD_1.0,35172,35112,5,0.30998242180525692
MDB_ANALYTICAL_2024_2,MDB_PEER_METHOD_1.0,35172,35093,6,0.32700633711024768
MDB_ANALYTICAL_2024_2,MDB_PEER_METHOD_1.0,35172,35062,7,0.4012626418977509
MDB_ANALYTICAL_2024_2,MDB_PEER_METHOD_1.0,35172,32001,8,0.42582478196920487
MDB_ANALYTICAL_2024_2,MDB_PEER_METHOD_1.0,35172,29001,9,0.43124469472121357
MDB_ANALYTICAL_2024_2,MDB_PEER_METHOD_1.0,35172,26004,10,0.44367568482453712
MDB_ANALYTICAL_2024_2,MDB_PEER_METHOD_1.0,35173,35141,1,0.056801910018913819
MDB_ANALYTICAL_2024_2,MDB_PEER_METHOD_1.0,35173,35101,2,0.36794038289724179
MDB_ANALYTICAL_2024_2,MDB_PEER_METHOD_1.0,35173,35102,3,0.53751576124782563
MDB_ANALYTICAL_2024_2,MDB_PEER_METHOD_1.0,35173,33001,4,0.59191535017913621
MDB_ANALYTICAL_2024_2,MDB_PEER_METHOD_1.0,35173,35032,5,0.71439271055445297
MDB_ANALYTICAL_2024_2,MDB_PEER_METHOD_1.0,35173,35104,6,0.76521017551737969
MDB_ANALYTICAL_2024_2,MDB_PEER_METHOD_1.0,35173,31006,7,0.88123364138886995
MDB_ANALYTICAL_2024_2,MDB_PEER_METHOD_1.0,35173,43023,8,0.88505719622843171
MDB_ANALYTICAL_2024_2,MDB_PEER_METHOD_1.0,35173,29004,9,0.88736119191589791
MDB_ANALYTICAL_2024_2,MDB_PEER_METHOD_1.0,35173,42017,10,0.92063010165742221
MDB_ANALYTICAL_2024_2,MDB_PEER_METHOD_1.0,35174,35103,1,0.20768333674643039
MDB_ANALYTICAL_2024_2,MDB_PEER_METHOD_1.0,35174,35071,2,0.29823128289947964
MDB_ANALYTICAL_2024_2,MDB_PEER_METHOD_1.0,35174,31097,3,0.34629409501495695
MDB_ANALYTICAL_2024_2,MDB_PEER_METHOD_1.0,35174,35081,4,0.43248824683156867
MDB_ANALYTICAL_2024_2,MDB_PEER_METHOD_1.0,35174,41009,5,0.45344304105725053
MDB_ANALYTICAL_2024_2,MDB_PEER_METHOD_1.0,35174,35131,6,0.48351746525949169
MDB_ANALYTICAL_2024_2,MDB_PEER_METHOD_1.0,35174,42015,7,0.48563568723317208
MDB_ANALYTICAL_2024_2,MDB_PEER_METHOD_1.0,35174,35132,8,0.48677236132893897
MDB_ANALYTICAL_2024_2,MDB_PEER_METHOD_1.0,35174,33004,9,0.50947543954493779
MDB_ANALYTICAL_2024_2,MDB_PEER_METHOD_1.0,35174,31017,10,0.56088692061717782
MDB_ANALYTICAL_2024_2,MDB_PEER_METHOD_1.0,41001,29009,1,0.26225062274138811
MDB_ANALYTICAL_2024_2,MDB_PEER_METHOD_1.0,41001,28004,2,0.3712683028036079
MDB_ANALYTICAL_2024_2,MDB_PEER_METHOD_1.0,41001,31086,3,0.48431564668732519
MDB_ANALYTICAL_2024_2,MDB_PEER_METHOD_1.0,41001,43006,4,0.48772612135942989
MDB_ANALYTICAL_2024_2,MDB_PEER_METHOD_1.0,41001,29018,5,0.49196595269641252
MDB_ANALYTICAL_2024_2,MDB_PEER_METHOD_1.0,41001,21007,6,0.49291828315791814
MDB_ANALYTICAL_2024_2,MDB_PEER_METHOD_1.0,41001,35143,7,0.50010890210226766
MDB_ANALYTICAL_2024_2,MDB_PEER_METHOD_1.0,41001,21005,8,0.5122804899074076
MDB_ANALYTICAL_2024_2,MDB_PEER_METHOD_1.0,41001,31072,9,0.51538961535813466
MDB_ANALYTICAL_2024_2,MDB_PEER_METHOD_1.0,41001,31084,10,0.52468148604194076
MDB_ANALYTICAL_2024_2,MDB_PEER_METHOD_1.0,41002,32002,1,0.62858527872386827
MDB_ANALYTICAL_2024_2,MDB_PEER_METHOD_1.0,41002,52001,2,0.71837654984226562
MDB_ANALYTICAL_2024_2,MDB_PEER_METHOD_1.0,41002,23001,3,0.84398416189796277
MDB_ANALYTICAL_2024_2,MDB_PEER_METHOD_1.0,41002,35163,4,1.0281622918688791
MDB_ANALYTICAL_2024_2,MDB_PEER_METHOD_1.0,41002,42007,5,1.1382222317648725
MDB_ANALYTICAL_2024_2,MDB_PEER_METHOD_1.0,41002,26003,6,1.1550043411259634
MDB_ANALYTICAL_2024_2,MDB_PEER_METHOD_1.0,41002,35072,7,1.2714574904770175
MDB_ANALYTICAL_2024_2,MDB_PEER_METHOD_1.0,41002,26010,8,1.3248363172833799
MDB_ANALYTICAL_2024_2,MDB_PEER_METHOD_1.0,41002,22004,9,1.4373379476294499
MDB_ANALYTICAL_2024_2,MDB_PEER_METHOD_1.0,41002,29006,10,1.4703782101185343
MDB_ANALYTICAL_2024_2,MDB_PEER_METHOD_1.0,41003,35161,1,0.39437971107036768
MDB_ANALYTICAL_2024_2,MDB_PEER_METHOD_1.0,41003,52011,2,0.44081464688908567
MDB_ANALYTICAL_2024_2,MDB_PEER_METHOD_1.0,41003,24002,3,0.45883520616235213
MDB_ANALYTICAL_2024_2,MDB_PEER_METHOD_1.0,41003,32001,4,0.4644029715584328
MDB_ANALYTICAL_2024_2,MDB_PEER_METHOD_1.0,41003,26002,5,0.53405126903376698
MDB_ANALYTICAL_2024_2,MDB_PEER_METHOD_1.0,41003,15011,6,0.55362006267649577
MDB_ANALYTICAL_2024_2,MDB_PEER_METHOD_1.0,41003,32003,7,0.5996627614052531
MDB_ANALYTICAL_2024_2,MDB_PEER_METHOD_1.0,41003,29026,8,0.61348976731713156
MDB_ANALYTICAL_2024_2,MDB_PEER_METHOD_1.0,41003,42012,9,0.61582793178519368
MDB_ANALYTICAL_2024_2,MDB_PEER_METHOD_1.0,41003,15009,10,0.61893782711721335
MDB_ANALYTICAL_2024_2,MDB_PEER_METHOD_1.0,41004,28005,1,0.10003357269485399
MDB_ANALYTICAL_2024_2,MDB_PEER_METHOD_1.0,41004,41006,2,0.13807771541672184
MDB_ANALYTICAL_2024_2,MDB_PEER_METHOD_1.0,41004,31074,3,0.31980898815316139
MDB_ANALYTICAL_2024_2,MDB_PEER_METHOD_1.0,41004,31070,4,0.35454957999878089
MDB_ANALYTICAL_2024_2,MDB_PEER_METHOD_1.0,41004,35065,5,0.35736951959137869
MDB_ANALYTICAL_2024_2,MDB_PEER_METHOD_1.0,41004,31092,6,0.42537159422996584
MDB_ANALYTICAL_2024_2,MDB_PEER_METHOD_1.0,41004,43006,7,0.42754473540672328
MDB_ANALYTICAL_2024_2,MDB_PEER_METHOD_1.0,41004,41013,8,0.43358813573396715
MDB_ANALYTICAL_2024_2,MDB_PEER_METHOD_1.0,41004,31030,9,0.43409951230119564
MDB_ANALYTICAL_2024_2,MDB_PEER_METHOD_1.0,41004,31073,10,0.47282739086783021
MDB_ANALYTICAL_2024_2,MDB_PEER_METHOD_1.0,41005,43001,1,0.23851757537556462
MDB_ANALYTICAL_2024_2,MDB_PEER_METHOD_1.0,41005,29003,2,0.2428743914550954
MDB_ANALYTICAL_2024_2,MDB_PEER_METHOD_1.0,41005,23025,3,0.25630300559202351
MDB_ANALYTICAL_2024_2,MDB_PEER_METHOD_1.0,41005,29010,4,0.27940782384830598
MDB_ANALYTICAL_2024_2,MDB_PEER_METHOD_1.0,41005,29014,5,0.2875352115277251
MDB_ANALYTICAL_2024_2,MDB_PEER_METHOD_1.0,41005,22003,6,0.2905827270882223
MDB_ANALYTICAL_2024_2,MDB_PEER_METHOD_1.0,41005,43009,7,0.30909726452588165
MDB_ANALYTICAL_2024_2,MDB_PEER_METHOD_1.0,41005,21011,8,0.33636133763581622
MDB_ANALYTICAL_2024_2,MDB_PEER_METHOD_1.0,41005,29007,9,0.3639127977642409
MDB_ANALYTICAL_2024_2,MDB_PEER_METHOD_1.0,41005,52015,10,0.3738956212872937
MDB_ANALYTICAL_2024_2,MDB_PEER_METHOD_1.0,41006,41004,1,0.13807771541672184
MDB_ANALYTICAL_2024_2,MDB_PEER_METHOD_1.0,41006,28005,2,0.23253242633988799
MDB_ANALYTICAL_2024_2,MDB_PEER_METHOD_1.0,41006,31074,3,0.24226510839240398
MDB_ANALYTICAL_2024_2,MDB_PEER_METHOD_1.0,41006,31070,4,0.30163073520212885
MDB_ANALYTICAL_2024_2,MDB_PEER_METHOD_1.0,41006,31073,5,0.3549975434017304
MDB_ANALYTICAL_2024_2,MDB_PEER_METHOD_1.0,41006,52018,6,0.36901613614069723
MDB_ANALYTICAL_2024_2,MDB_PEER_METHOD_1.0,41006,31030,7,0.37244661375875726
MDB_ANALYTICAL_2024_2,MDB_PEER_METHOD_1.0,41006,31101,8,0.39229350676436192
MDB_ANALYTICAL_2024_2,MDB_PEER_METHOD_1.0,41006,26011,9,0.45685658977717963
MDB_ANALYTICAL_2024_2,MDB_PEER_METHOD_1.0,41006,31027,10,0.47100436656358002
MDB_ANALYTICAL_2024_2,MDB_PEER_METHOD_1.0,41007,35162,1,0.067954004114759964
MDB_ANALYTICAL_2024_2,MDB_PEER_METHOD_1.0,41007,35121,2,0.26503290015982367
MDB_ANALYTICAL_2024_2,MDB_PEER_METHOD_1.0,41007,21012,3,0.26789940250904726
MDB_ANALYTICAL_2024_2,MDB_PEER_METHOD_1.0,41007,29019,4,0.27912786674960233
MDB_ANALYTICAL_2024_2,MDB_PEER_METHOD_1.0,41007,35061,5,0.28493716768521754
MDB_ANALYTICAL_2024_2,MDB_PEER_METHOD_1.0,41007,21009,6,0.30163661108464351
MDB_ANALYTICAL_2024_2,MDB_PEER_METHOD_1.0,41007,31001,7,0.35335129652791447
MDB_ANALYTICAL_2024_2,MDB_PEER_METHOD_1.0,41007,31021,8,0.37541105413227277
MDB_ANALYTICAL_2024_2,MDB_PEER_METHOD_1.0,41007,31015,9,0.38996710765891568
MDB_ANALYTICAL_2024_2,MDB_PEER_METHOD_1.0,41007,21006,10,0.39969094488325146
MDB_ANALYTICAL_2024_2,MDB_PEER_METHOD_1.0,41008,43017,1,0.14203188594855651
MDB_ANALYTICAL_2024_2,MDB_PEER_METHOD_1.0,41008,31036,2,0.20741748235616014
MDB_ANALYTICAL_2024_2,MDB_PEER_METHOD_1.0,41008,42004,3,0.25836298280878678
MDB_ANALYTICAL_2024_2,MDB_PEER_METHOD_1.0,41008,31059,4,0.3211147152479274
MDB_ANALYTICAL_2024_2,MDB_PEER_METHOD_1.0,41008,24003,5,0.37031488620820313
MDB_ANALYTICAL_2024_2,MDB_PEER_METHOD_1.0,41008,29022,6,0.37791849140668493
MDB_ANALYTICAL_2024_2,MDB_PEER_METHOD_1.0,41008,29012,7,0.43303179378664053
MDB_ANALYTICAL_2024_2,MDB_PEER_METHOD_1.0,41008,41011,8,0.43463741186922333
MDB_ANALYTICAL_2024_2,MDB_PEER_METHOD_1.0,41008,31024,9,0.45630093160055546
MDB_ANALYTICAL_2024_2,MDB_PEER_METHOD_1.0,41008,24001,10,0.46883937119156205
MDB_ANALYTICAL_2024_2,MDB_PEER_METHOD_1.0,41009,35131,1,0.19249523697775883
MDB_ANALYTICAL_2024_2,MDB_PEER_METHOD_1.0,41009,35081,2,0.20990512065112768
MDB_ANALYTICAL_2024_2,MDB_PEER_METHOD_1.0,41009,31086,3,0.36432787489174845
MDB_ANALYTICAL_2024_2,MDB_PEER_METHOD_1.0,41009,35031,4,0.42597407481843519
MDB_ANALYTICAL_2024_2,MDB_PEER_METHOD_1.0,41009,35071,5,0.44639050774084627
MDB_ANALYTICAL_2024_2,MDB_PEER_METHOD_1.0,41009,35174,6,0.45344304105725053
MDB_ANALYTICAL_2024_2,MDB_PEER_METHOD_1.0,41009,33003,7,0.49718330474008515
MDB_ANALYTICAL_2024_2,MDB_PEER_METHOD_1.0,41009,52011,8,0.50234776873372144
MDB_ANALYTICAL_2024_2,MDB_PEER_METHOD_1.0,41009,26005,9,0.50643302995392059
MDB_ANALYTICAL_2024_2,MDB_PEER_METHOD_1.0,41009,35103,10,0.58268638497065472
MDB_ANALYTICAL_2024_2,MDB_PEER_METHOD_1.0,41010,32004,1,0.27084632342597198
MDB_ANALYTICAL_2024_2,MDB_PEER_METHOD_1.0,41010,29022,2,0.291053993484096
MDB_ANALYTICAL_2024_2,MDB_PEER_METHOD_1.0,41010,29012,3,0.3512397680037142
MDB_ANALYTICAL_2024_2,MDB_PEER_METHOD_1.0,41010,43017,4,0.41937860339999317
MDB_ANALYTICAL_2024_2,MDB_PEER_METHOD_1.0,41010,31036,5,0.42406820970745579
MDB_ANALYTICAL_2024_2,MDB_PEER_METHOD_1.0,41010,26004,6,0.43080726165088307
MDB_ANALYTICAL_2024_2,MDB_PEER_METHOD_1.0,41010,41008,7,0.47053312847226419
MDB_ANALYTICAL_2024_2,MDB_PEER_METHOD_1.0,41010,29015,8,0.4846712458190694
MDB_ANALYTICAL_2024_2,MDB_PEER_METHOD_1.0,41010,31024,9,0.49134051853789745
MDB_ANALYTICAL_2024_2,MDB_PEER_METHOD_1.0,41010,31007,10,0.54188066352130226
MDB_ANALYTICAL_2024_2,MDB_PEER_METHOD_1.0,41011,24003,1,0.087964350156245347
MDB_ANALYTICAL_2024_2,MDB_PEER_METHOD_1.0,41011,24004,2,0.14987438556743399
MDB_ANALYTICAL_2024_2,MDB_PEER_METHOD_1.0,41011,31024,3,0.28343429687684346
MDB_ANALYTICAL_2024_2,MDB_PEER_METHOD_1.0,41011,22003,4,0.30346522190018188
MDB_ANALYTICAL_2024_2,MDB_PEER_METHOD_1.0,41011,31036,5,0.30635232412932933
MDB_ANALYTICAL_2024_2,MDB_PEER_METHOD_1.0,41011,41014,6,0.32347296556082461
MDB_ANALYTICAL_2024_2,MDB_PEER_METHOD_1.0,41011,42004,7,0.35196320477160292
MDB_ANALYTICAL_2024_2,MDB_PEER_METHOD_1.0,41011,41019,8,0.35196385462592977
MDB_ANALYTICAL_2024_2,MDB_PEER_METHOD_1.0,41011,43001,9,0.36651687160408064
MDB_ANALYTICAL_2024_2,MDB_PEER_METHOD_1.0,41011,41012,10,0.36827152362222237
MDB_ANALYTICAL_2024_2,MDB_PEER_METHOD_1.0,41012,42009,1,0.1230267491614901
MDB_ANALYTICAL_2024_2,MDB_PEER_METHOD_1.0,41012,41019,2,0.21641445357505412
MDB_ANALYTICAL_2024_2,MDB_PEER_METHOD_1.0,41012,43013,3,0.28442467049438064
MDB_ANALYTICAL_2024_2,MDB_PEER_METHOD_1.0,41012,24004,4,0.331897162715245
MDB_ANALYTICAL_2024_2,MDB_PEER_METHOD_1.0,41012,43009,5,0.33497682339528845
MDB_ANALYTICAL_2024_2,MDB_PEER_METHOD_1.0,41012,41018,6,0.35365555424608985
MDB_ANALYTICAL_2024_2,MDB_PEER_METHOD_1.0,41012,43014,7,0.35610709549773412
MDB_ANALYTICAL_2024_2,MDB_PEER_METHOD_1.0,41012,41011,8,0.36827152362222237
MDB_ANALYTICAL_2024_2,MDB_PEER_METHOD_1.0,41012,31008,9,0.37112608448062645
MDB_ANALYTICAL_2024_2,MDB_PEER_METHOD_1.0,41012,31015,10,0.38057978247076374
MDB_ANALYTICAL_2024_2,MDB_PEER_METHOD_1.0,41013,35111,1,0.23210947216107994
MDB_ANALYTICAL_2024_2,MDB_PEER_METHOD_1.0,41013,26001,2,0.27746488346824416
MDB_ANALYTICAL_2024_2,MDB_PEER_METHOD_1.0,41013,31042,3,0.30021225900968884
MDB_ANALYTICAL_2024_2,MDB_PEER_METHOD_1.0,41013,24008,4,0.31752230235633927
MDB_ANALYTICAL_2024_2,MDB_PEER_METHOD_1.0,41013,35091,5,0.33536753928392249
MDB_ANALYTICAL_2024_2,MDB_PEER_METHOD_1.0,41013,31004,6,0.33835150348414472
MDB_ANALYTICAL_2024_2,MDB_PEER_METHOD_1.0,41013,31045,7,0.36197684739821001
MDB_ANALYTICAL_2024_2,MDB_PEER_METHOD_1.0,41013,25008,8,0.36327892988495247
MDB_ANALYTICAL_2024_2,MDB_PEER_METHOD_1.0,41013,31044,9,0.37088213474085679
MDB_ANALYTICAL_2024_2,MDB_PEER_METHOD_1.0,41013,42010,10,0.38487126686404288
MDB_ANALYTICAL_2024_2,MDB_PEER_METHOD_1.0,41014,24004,1,0.23829050813947389
MDB_ANALYTICAL_2024_2,MDB_PEER_METHOD_1.0,41014,24003,2,0.29185396912660133
MDB_ANALYTICAL_2024_2,MDB_PEER_METHOD_1.0,41014,22009,3,0.30834571717281373
MDB_ANALYTICAL_2024_2,MDB_PEER_METHOD_1.0,41014,41011,4,0.32347296556082461
MDB_ANALYTICAL_2024_2,MDB_PEER_METHOD_1.0,41014,42004,5,0.32867194990361015
MDB_ANALYTICAL_2024_2,MDB_PEER_METHOD_1.0,41014,43016,6,0.39045300347869721
MDB_ANALYTICAL_2024_2,MDB_PEER_METHOD_1.0,41014,25006,7,0.39079111007051864
MDB_ANALYTICAL_2024_2,MDB_PEER_METHOD_1.0,41014,31008,8,0.39380042826137623
MDB_ANALYTICAL_2024_2,MDB_PEER_METHOD_1.0,41014,42001,9,0.40290913530136624
MDB_ANALYTICAL_2024_2,MDB_PEER_METHOD_1.0,41014,43011,10,0.4120643123233288
MDB_ANALYTICAL_2024_2,MDB_PEER_METHOD_1.0,41015,26003,1,0.50343553217304393
MDB_ANALYTICAL_2024_2,MDB_PEER_METHOD_1.0,41015,29006,2,0.54720130471745942
MDB_ANALYTICAL_2024_2,MDB_PEER_METHOD_1.0,41015,31007,3,0.59479937440099828
MDB_ANALYTICAL_2024_2,MDB_PEER_METHOD_1.0,41015,32004,4,0.60108055852307252
MDB_ANALYTICAL_2024_2,MDB_PEER_METHOD_1.0,41015,22004,5,0.61986702965986717
MDB_ANALYTICAL_2024_2,MDB_PEER_METHOD_1.0,41015,41017,6,0.67736623320929457
MDB_ANALYTICAL_2024_2,MDB_PEER_METHOD_1.0,41015,52002,7,0.77350972771935922
MDB_ANALYTICAL_2024_2,MDB_PEER_METHOD_1.0,41015,35155,8,0.77617553947247964
MDB_ANALYTICAL_2024_2,MDB_PEER_METHOD_1.0,41015,42002,9,0.82657602217833726
MDB_ANALYTICAL_2024_2,MDB_PEER_METHOD_1.0,41015,42007,10,0.83818084929870085
MDB_ANALYTICAL_2024_2,MDB_PEER_METHOD_1.0,41016,42016,1,0.19595872687753416
MDB_ANALYTICAL_2024_2,MDB_PEER_METHOD_1.0,41016,35172,2,0.20459420752567481
MDB_ANALYTICAL_2024_2,MDB_PEER_METHOD_1.0,41016,35093,3,0.30275408240909646
MDB_ANALYTICAL_2024_2,MDB_PEER_METHOD_1.0,41016,41020,4,0.3244634218881593
MDB_ANALYTICAL_2024_2,MDB_PEER_METHOD_1.0,41016,35112,5,0.33011838526216231
MDB_ANALYTICAL_2024_2,MDB_PEER_METHOD_1.0,41016,35151,6,0.36737390549728066
MDB_ANALYTICAL_2024_2,MDB_PEER_METHOD_1.0,41016,31048,7,0.40087157885624974
MDB_ANALYTICAL_2024_2,MDB_PEER_METHOD_1.0,41016,27007,8,0.40110898525121946
MDB_ANALYTICAL_2024_2,MDB_PEER_METHOD_1.0,41016,31037,9,0.40919944819691778
MDB_ANALYTICAL_2024_2,MDB_PEER_METHOD_1.0,41016,33007,10,0.42758765202922466
MDB_ANALYTICAL_2024_2,MDB_PEER_METHOD_1.0,41017,35155,1,0.24107738266734338
MDB_ANALYTICAL_2024_2,MDB_PEER_METHOD_1.0,41017,33009,2,0.508170842758917
MDB_ANALYTICAL_2024_2,MDB_PEER_METHOD_1.0,41017,42007,3,0.5492155026327189
MDB_ANALYTICAL_2024_2,MDB_PEER_METHOD_1.0,41017,35062,4,0.59632435558239139
MDB_ANALYTICAL_2024_2,MDB_PEER_METHOD_1.0,41017,26006,5,0.59993798144586408
MDB_ANALYTICAL_2024_2,MDB_PEER_METHOD_1.0,41017,41015,6,0.67736623320929457
MDB_ANALYTICAL_2024_2,MDB_PEER_METHOD_1.0,41017,32004,7,0.69353108033573307
MDB_ANALYTICAL_2024_2,MDB_PEER_METHOD_1.0,41017,26008,8,0.69395175417471955
MDB_ANALYTICAL_2024_2,MDB_PEER_METHOD_1.0,41017,26004,9,0.69542873198504862
MDB_ANALYTICAL_2024_2,MDB_PEER_METHOD_1.0,41017,43008,10,0.69882731487085992
MDB_ANALYTICAL_2024_2,MDB_PEER_METHOD_1.0,41018,31060,1,0.088490877193219158
MDB_ANALYTICAL_2024_2,MDB_PEER_METHOD_1.0,41018,42003,2,0.095349705151607386
MDB_ANALYTICAL_2024_2,MDB_PEER_METHOD_1.0,41018,43013,3,0.12910106508827315
MDB_ANALYTICAL_2024_2,MDB_PEER_METHOD_1.0,41018,42008,4,0.13620801174519098
MDB_ANALYTICAL_2024_2,MDB_PEER_METHOD_1.0,41018,24005,5,0.1630332582958349
MDB_ANALYTICAL_2024_2,MDB_PEER_METHOD_1.0,41018,43014,6,0.2239964591833582
MDB_ANALYTICAL_2024_2,MDB_PEER_METHOD_1.0,41018,25006,7,0.28928958315138187
MDB_ANALYTICAL_2024_2,MDB_PEER_METHOD_1.0,41018,31015,8,0.32499233782873405
MDB_ANALYTICAL_2024_2,MDB_PEER_METHOD_1.0,41018,41012,9,0.35365555424608985
MDB_ANALYTICAL_2024_2,MDB_PEER_METHOD_1.0,41018,42009,10,0.35500031123420228
MDB_ANALYTICAL_2024_2,MDB_PEER_METHOD_1.0,41019,42009,1,0.2126874684254739
MDB_ANALYTICAL_2024_2,MDB_PEER_METHOD_1.0,41019,31008,2,0.21606135958402706
MDB_ANALYTICAL_2024_2,MDB_PEER_METHOD_1.0,41019,41012,3,0.21641445357505412
MDB_ANALYTICAL_2024_2,MDB_PEER_METHOD_1.0,41019,43014,4,0.25863182152246816
MDB_ANALYTICAL_2024_2,MDB_PEER_METHOD_1.0,41019,31059,5,0.26221828150066756
MDB_ANALYTICAL_2024_2,MDB_PEER_METHOD_1.0,41019,25006,6,0.30957850424481859
MDB_ANALYTICAL_2024_2,MDB_PEER_METHOD_1.0,41019,43013,7,0.34220479338780319
MDB_ANALYTICAL_2024_2,MDB_PEER_METHOD_1.0,41019,24004,8,0.34551281939613449
MDB_ANALYTICAL_2024_2,MDB_PEER_METHOD_1.0,41019,41011,9,0.35196385462592977
MDB_ANALYTICAL_2024_2,MDB_PEER_METHOD_1.0,41019,43009,10,0.36590393742622657
MDB_ANALYTICAL_2024_2,MDB_PEER_METHOD_1.0,41020,35112,1,0.11523820270251596
MDB_ANALYTICAL_2024_2,MDB_PEER_METHOD_1.0,41020,35093,2,0.15973532577337549
MDB_ANALYTICAL_2024_2,MDB_PEER_METHOD_1.0,41020,29001,3,0.25241830699798862
MDB_ANALYTICAL_2024_2,MDB_PEER_METHOD_1.0,41020,35172,4,0.2674565377060823
MDB_ANALYTICAL_2024_2,MDB_PEER_METHOD_1.0,41020,41016,5,0.3244634218881593
MDB_ANALYTICAL_2024_2,MDB_PEER_METHOD_1.0,41020,29012,6,0.38454011346090067
MDB_ANALYTICAL_2024_2,MDB_PEER_METHOD_1.0,41020,43009,7,0.39272119373577391
MDB_ANALYTICAL_2024_2,MDB_PEER_METHOD_1.0,41020,32001,8,0.41403707681924878
MDB_ANALYTICAL_2024_2,MDB_PEER_METHOD_1.0,41020,35151,9,0.41704002313238592
MDB_ANALYTICAL_2024_2,MDB_PEER_METHOD_1.0,41020,35061,10,0.44277451507012511
MDB_ANALYTICAL_2024_2,MDB_PEER_METHOD_1.0,41021,31070,1,0.25079143993215486
MDB_ANALYTICAL_2024_2,MDB_PEER_METHOD_1.0,41021,52018,2,0.26483089094570239
MDB_ANALYTICAL_2024_2,MDB_PEER_METHOD_1.0,41021,26011,3,0.26684842292277022
MDB_ANALYTICAL_2024_2,MDB_PEER_METHOD_1.0,41021,43022,4,0.36715492409515926
MDB_ANALYTICAL_2024_2,MDB_PEER_METHOD_1.0,41021,11002,5,0.42024006945024839
MDB_ANALYTICAL_2024_2,MDB_PEER_METHOD_1.0,41021,31074,6,0.44607244610235885
MDB_ANALYTICAL_2024_2,MDB_PEER_METHOD_1.0,41021,31073,7,0.46935580366052249
MDB_ANALYTICAL_2024_2,MDB_PEER_METHOD_1.0,41021,41006,8,0.47699832195100661
MDB_ANALYTICAL_2024_2,MDB_PEER_METHOD_1.0,41021,21001,9,0.49053000986959006
MDB_ANALYTICAL_2024_2,MDB_PEER_METHOD_1.0,41021,31030,10,0.49085810966768756
MDB_ANALYTICAL_2024_2,MDB_PEER_METHOD_1.0,41022,25005,1,0.27838976931577858
MDB_ANALYTICAL_2024_2,MDB_PEER_METHOD_1.0,41022,25007,2,0.28972758494261547
MDB_ANALYTICAL_2024_2,MDB_PEER_METHOD_1.0,41022,43019,3,0.32070933321246847
MDB_ANALYTICAL_2024_2,MDB_PEER_METHOD_1.0,41022,43018,4,0.41545617190622136
MDB_ANALYTICAL_2024_2,MDB_PEER_METHOD_1.0,41022,22012,5,0.41971880727845706
MDB_ANALYTICAL_2024_2,MDB_PEER_METHOD_1.0,41022,31094,6,0.48955391837550782
MDB_ANALYTICAL_2024_2,MDB_PEER_METHOD_1.0,41022,52010,7,0.51436377002309297
MDB_ANALYTICAL_2024_2,MDB_PEER_METHOD_1.0,41022,25015,8,0.52225725301862791
MDB_ANALYTICAL_2024_2,MDB_PEER_METHOD_1.0,41022,43012,9,0.5300179285093306
MDB_ANALYTICAL_2024_2,MDB_PEER_METHOD_1.0,41022,24008,10,0.57608896310513602
MDB_ANALYTICAL_2024_2,MDB_PEER_METHOD_1.0,42001,43016,1,0.26858652048486387
MDB_ANALYTICAL_2024_2,MDB_PEER_METHOD_1.0,42001,43029,2,0.30933078455074492
MDB_ANALYTICAL_2024_2,MDB_PEER_METHOD_1.0,42001,42004,3,0.31926626363675448
MDB_ANALYTICAL_2024_2,MDB_PEER_METHOD_1.0,42001,43015,4,0.39402026099083104
MDB_ANALYTICAL_2024_2,MDB_PEER_METHOD_1.0,42001,24006,5,0.39970268556083222
MDB_ANALYTICAL_2024_2,MDB_PEER_METHOD_1.0,42001,41014,6,0.40290913530136624
MDB_ANALYTICAL_2024_2,MDB_PEER_METHOD_1.0,42001,31008,7,0.43780977660882126
MDB_ANALYTICAL_2024_2,MDB_PEER_METHOD_1.0,42001,25006,8,0.46086394460105612
MDB_ANALYTICAL_2024_2,MDB_PEER_METHOD_1.0,42001,41008,9,0.54070556938255665
MDB_ANALYTICAL_2024_2,MDB_PEER_METHOD_1.0,42001,24003,10,0.54375276640308245
MDB_ANALYTICAL_2024_2,MDB_PEER_METHOD_1.0,42002,24001,1,0.11448350430868288
MDB_ANALYTICAL_2024_2,MDB_PEER_METHOD_1.0,42002,26008,2,0.43312762554486434
MDB_ANALYTICAL_2024_2,MDB_PEER_METHOD_1.0,42002,25002,3,0.43697253271828362
MDB_ANALYTICAL_2024_2,MDB_PEER_METHOD_1.0,42002,43017,4,0.44001546218590892
MDB_ANALYTICAL_2024_2,MDB_PEER_METHOD_1.0,42002,43025,5,0.50581299449663863
MDB_ANALYTICAL_2024_2,MDB_PEER_METHOD_1.0,42002,41008,6,0.52387467152425837
MDB_ANALYTICAL_2024_2,MDB_PEER_METHOD_1.0,42002,31007,7,0.53377343742126804
MDB_ANALYTICAL_2024_2,MDB_PEER_METHOD_1.0,42002,29022,8,0.54372422280740662
MDB_ANALYTICAL_2024_2,MDB_PEER_METHOD_1.0,42002,26004,9,0.60021218285523037
MDB_ANALYTICAL_2024_2,MDB_PEER_METHOD_1.0,42002,32004,10,0.60424171784950431
MDB_ANALYTICAL_2024_2,MDB_PEER_METHOD_1.0,42003,31060,1,0.017240077530318837
MDB_ANALYTICAL_2024_2,MDB_PEER_METHOD_1.0,42003,41018,2,0.095349705151607386
MDB_ANALYTICAL_2024_2,MDB_PEER_METHOD_1.0,42003,24005,3,0.12580971115593881
MDB_ANALYTICAL_2024_2,MDB_PEER_METHOD_1.0,42003,43013,4,0.15413398266113243
MDB_ANALYTICAL_2024_2,MDB_PEER_METHOD_1.0,42003,43014,5,0.16173757554236881
MDB_ANALYTICAL_2024_2,MDB_PEER_METHOD_1.0,42003,42008,6,0.1924997211744478
MDB_ANALYTICAL_2024_2,MDB_PEER_METHOD_1.0,42003,25006,7,0.26993516970402609
MDB_ANALYTICAL_2024_2,MDB_PEER_METHOD_1.0,42003,31015,8,0.32082351879705734
MDB_ANALYTICAL_2024_2,MDB_PEER_METHOD_1.0,42003,31008,9,0.34927179105217121
MDB_ANALYTICAL_2024_2,MDB_PEER_METHOD_1.0,42003,42009,10,0.36733467176412321
MDB_ANALYTICAL_2024_2,MDB_PEER_METHOD_1.0,42004,41008,1,0.25836298280878678
MDB_ANALYTICAL_2024_2,MDB_PEER_METHOD_1.0,42004,24003,2,0.27478396580730402
MDB_ANALYTICAL_2024_2,MDB_PEER_METHOD_1.0,42004,42001,3,0.31926626363675448
MDB_ANALYTICAL_2024_2,MDB_PEER_METHOD_1.0,42004,41014,4,0.32867194990361015
MDB_ANALYTICAL_2024_2,MDB_PEER_METHOD_1.0,42004,31036,5,0.34146514463900424
MDB_ANALYTICAL_2024_2,MDB_PEER_METHOD_1.0,42004,41011,6,0.35196320477160292
MDB_ANALYTICAL_2024_2,MDB_PEER_METHOD_1.0,42004,31008,7,0.36474666965599023
MDB_ANALYTICAL_2024_2,MDB_PEER_METHOD_1.0,42004,43017,8,0.37190761950367868
MDB_ANALYTICAL_2024_2,MDB_PEER_METHOD_1.0,42004,24004,9,0.3873994731811804
MDB_ANALYTICAL_2024_2,MDB_PEER_METHOD_1.0,42004,31059,10,0.39599094187252432
MDB_ANALYTICAL_2024_2,MDB_PEER_METHOD_1.0,42005,27001,1,0.44720676190722575
MDB_ANALYTICAL_2024_2,MDB_PEER_METHOD_1.0,42005,33002,2,0.54073938843644898
MDB_ANALYTICAL_2024_2,MDB_PEER_METHOD_1.0,42005,43007,3,0.57314978439915654
MDB_ANALYTICAL_2024_2,MDB_PEER_METHOD_1.0,42005,28001,4,0.59703994788237169
MDB_ANALYTICAL_2024_2,MDB_PEER_METHOD_1.0,42005,35013,5,0.67225895654930334
MDB_ANALYTICAL_2024_2,MDB_PEER_METHOD_1.0,42005,25001,6,0.67588568054492704
MDB_ANALYTICAL_2024_2,MDB_PEER_METHOD_1.0,42005,35132,7,0.75420961818376919
MDB_ANALYTICAL_2024_2,MDB_PEER_METHOD_1.0,42005,35171,8,0.79189725360981555
MDB_ANALYTICAL_2024_2,MDB_PEER_METHOD_1.0,42005,35073,9,0.80254344065650529
MDB_ANALYTICAL_2024_2,MDB_PEER_METHOD_1.0,42005,31017,10,0.80640900746384936
MDB_ANALYTICAL_2024_2,MDB_PEER_METHOD_1.0,42006,31017,1,0.19085863808409803
MDB_ANALYTICAL_2024_2,MDB_PEER_METHOD_1.0,42006,33004,2,0.34546057032896704
MDB_ANALYTICAL_2024_2,MDB_PEER_METHOD_1.0,42006,33009,3,0.45453095737387345
MDB_ANALYTICAL_2024_2,MDB_PEER_METHOD_1.0,42006,31097,4,0.45903478745720372
MDB_ANALYTICAL_2024_2,MDB_PEER_METHOD_1.0,42006,43008,5,0.55325487599344392
MDB_ANALYTICAL_2024_2,MDB_PEER_METHOD_1.0,42006,35103,6,0.5603724864041848
MDB_ANALYTICAL_2024_2,MDB_PEER_METHOD_1.0,42006,25016,7,0.57967371404190726
MDB_ANALYTICAL_2024_2,MDB_PEER_METHOD_1.0,42006,35132,8,0.61949770763045131
MDB_ANALYTICAL_2024_2,MDB_PEER_METHOD_1.0,42006,35174,9,0.70770989322352407
MDB_ANALYTICAL_2024_2,MDB_PEER_METHOD_1.0,42006,42015,10,0.71944423196807883
MDB_ANALYTICAL_2024_2,MDB_PEER_METHOD_1.0,42007,35163,1,0.3506715461370612
MDB_ANALYTICAL_2024_2,MDB_PEER_METHOD_1.0,42007,52001,2,0.48083399501027468
MDB_ANALYTICAL_2024_2,MDB_PEER_METHOD_1.0,42007,41017,3,0.5492155026327189
MDB_ANALYTICAL_2024_2,MDB_PEER_METHOD_1.0,42007,32002,4,0.56667435899121177
MDB_ANALYTICAL_2024_2,MDB_PEER_METHOD_1.0,42007,35155,5,0.76661830954347376
MDB_ANALYTICAL_2024_2,MDB_PEER_METHOD_1.0,42007,26003,6,0.79083971439963852
MDB_ANALYTICAL_2024_2,MDB_PEER_METHOD_1.0,42007,43008,7,0.82083823411156343
MDB_ANALYTICAL_2024_2,MDB_PEER_METHOD_1.0,42007,33009,8,0.83471541900852442
MDB_ANALYTICAL_2024_2,MDB_PEER_METHOD_1.0,42007,41015,9,0.83818084929870085
MDB_ANALYTICAL_2024_2,MDB_PEER_METHOD_1.0,42007,29006,10,0.87917561810405842
MDB_ANALYTICAL_2024_2,MDB_PEER_METHOD_1.0,42008,41018,1,0.13620801174519098
MDB_ANALYTICAL_2024_2,MDB_PEER_METHOD_1.0,42008,31060,2,0.17973057415048166
MDB_ANALYTICAL_2024_2,MDB_PEER_METHOD_1.0,42008,24005,3,0.1822101560984565
MDB_ANALYTICAL_2024_2,MDB_PEER_METHOD_1.0,42008,43013,4,0.18908306363529537
MDB_ANALYTICAL_2024_2,MDB_PEER_METHOD_1.0,42008,42003,5,0.1924997211744478
MDB_ANALYTICAL_2024_2,MDB_PEER_METHOD_1.0,42008,31015,6,0.32042579900348606
MDB_ANALYTICAL_2024_2,MDB_PEER_METHOD_1.0,42008,43014,7,0.34851305715902881
MDB_ANALYTICAL_2024_2,MDB_PEER_METHOD_1.0,42008,35157,8,0.35435387481866243
MDB_ANALYTICAL_2024_2,MDB_PEER_METHOD_1.0,42008,25007,9,0.41331705024503451
MDB_ANALYTICAL_2024_2,MDB_PEER_METHOD_1.0,42008,25006,10,0.41947557777283007
MDB_ANALYTICAL_2024_2,MDB_PEER_METHOD_1.0,42009,41012,1,0.1230267491614901
MDB_ANALYTICAL_2024_2,MDB_PEER_METHOD_1.0,42009,41019,2,0.2126874684254739
MDB_ANALYTICAL_2024_2,MDB_PEER_METHOD_1.0,42009,43013,3,0.25239298087676354
MDB_ANALYTICAL_2024_2,MDB_PEER_METHOD_1.0,42009,31015,4,0.28908486155389473
MDB_ANALYTICAL_2024_2,MDB_PEER_METHOD_1.0,42009,43009,5,0.31513690522561333
MDB_ANALYTICAL_2024_2,MDB_PEER_METHOD_1.0,42009,35061,6,0.32572549875056978
MDB_ANALYTICAL_2024_2,MDB_PEER_METHOD_1.0,42009,43014,7,0.33927275200355567
MDB_ANALYTICAL_2024_2,MDB_PEER_METHOD_1.0,42009,41018,8,0.35500031123420228
MDB_ANALYTICAL_2024_2,MDB_PEER_METHOD_1.0,42009,42003,9,0.36733467176412321
MDB_ANALYTICAL_2024_2,MDB_PEER_METHOD_1.0,42009,31060,10,0.37961451284542042
MDB_ANALYTICAL_2024_2,MDB_PEER_METHOD_1.0,42010,31034,1,0.24827318414194016
MDB_ANALYTICAL_2024_2,MDB_PEER_METHOD_1.0,42010,25012,2,0.25009878344374209
MDB_ANALYTICAL_2024_2,MDB_PEER_METHOD_1.0,42010,25009,3,0.29039300368067184
MDB_ANALYTICAL_2024_2,MDB_PEER_METHOD_1.0,42010,26001,4,0.29474055752704481
MDB_ANALYTICAL_2024_2,MDB_PEER_METHOD_1.0,42010,31079,5,0.29559429140659038
MDB_ANALYTICAL_2024_2,MDB_PEER_METHOD_1.0,42010,35111,6,0.31006853145390179
MDB_ANALYTICAL_2024_2,MDB_PEER_METHOD_1.0,42010,25015,7,0.31572040599713225
MDB_ANALYTICAL_2024_2,MDB_PEER_METHOD_1.0,42010,31045,8,0.32904024165011109
MDB_ANALYTICAL_2024_2,MDB_PEER_METHOD_1.0,42010,43004,9,0.33046192679793379
MDB_ANALYTICAL_2024_2,MDB_PEER_METHOD_1.0,42010,43026,10,0.34216359946910951
MDB_ANALYTICAL_2024_2,MDB_PEER_METHOD_1.0,42011,43023,1,0.38151073902316407
MDB_ANALYTICAL_2024_2,MDB_PEER_METHOD_1.0,42011,29004,2,0.42210815579014022
MDB_ANALYTICAL_2024_2,MDB_PEER_METHOD_1.0,42011,28001,3,0.57741285402075915
MDB_ANALYTICAL_2024_2,MDB_PEER_METHOD_1.0,42011,35171,4,0.59332830702223827
MDB_ANALYTICAL_2024_2,MDB_PEER_METHOD_1.0,42011,35073,5,0.67016514507144331
MDB_ANALYTICAL_2024_2,MDB_PEER_METHOD_1.0,42011,33002,6,0.70978527269954139
MDB_ANALYTICAL_2024_2,MDB_PEER_METHOD_1.0,42011,35012,7,0.8765336386329462
MDB_ANALYTICAL_2024_2,MDB_PEER_METHOD_1.0,42011,33008,8,0.89760694201219082
MDB_ANALYTICAL_2024_2,MDB_PEER_METHOD_1.0,42011,35132,9,0.92670447778538778
MDB_ANALYTICAL_2024_2,MDB_PEER_METHOD_1.0,42011,52004,10,0.93150671653889916
MDB_ANALYTICAL_2024_2,MDB_PEER_METHOD_1.0,42012,43028,1,0.17269615808184888
MDB_ANALYTICAL_2024_2,MDB_PEER_METHOD_1.0,42012,26002,2,0.21040616749147595
MDB_ANALYTICAL_2024_2,MDB_PEER_METHOD_1.0,42012,32003,3,0.23681838814666908
MDB_ANALYTICAL_2024_2,MDB_PEER_METHOD_1.0,42012,21009,4,0.25963674570978218
MDB_ANALYTICAL_2024_2,MDB_PEER_METHOD_1.0,42012,24002,5,0.27664608053347667
MDB_ANALYTICAL_2024_2,MDB_PEER_METHOD_1.0,42012,35063,6,0.27873159756102206
MDB_ANALYTICAL_2024_2,MDB_PEER_METHOD_1.0,42012,21006,7,0.31771935276827173
MDB_ANALYTICAL_2024_2,MDB_PEER_METHOD_1.0,42012,33007,8,0.34305199598727132
MDB_ANALYTICAL_2024_2,MDB_PEER_METHOD_1.0,42012,29026,9,0.37424592115698829
MDB_ANALYTICAL_2024_2,MDB_PEER_METHOD_1.0,42012,29019,10,0.40086088593923208
MDB_ANALYTICAL_2024_2,MDB_PEER_METHOD_1.0,42013,52005,1,0.14631191739791211
MDB_ANALYTICAL_2024_2,MDB_PEER_METHOD_1.0,42013,21012,2,0.25617955499611372
MDB_ANALYTICAL_2024_2,MDB_PEER_METHOD_1.0,42013,29014,3,0.29498496895119219
MDB_ANALYTICAL_2024_2,MDB_PEER_METHOD_1.0,42013,21011,4,0.35283703634462033
MDB_ANALYTICAL_2024_2,MDB_PEER_METHOD_1.0,42013,35121,5,0.35434589851028941
MDB_ANALYTICAL_2024_2,MDB_PEER_METHOD_1.0,42013,29010,6,0.37762415565770269
MDB_ANALYTICAL_2024_2,MDB_PEER_METHOD_1.0,42013,29003,7,0.38200892253024743
MDB_ANALYTICAL_2024_2,MDB_PEER_METHOD_1.0,42013,31052,8,0.3970237851525249
MDB_ANALYTICAL_2024_2,MDB_PEER_METHOD_1.0,42013,21019,9,0.40216168013205117
MDB_ANALYTICAL_2024_2,MDB_PEER_METHOD_1.0,42013,41012,10,0.4140333300752746
MDB_ANALYTICAL_2024_2,MDB_PEER_METHOD_1.0,42014,28003,1,0.1703185725864341
MDB_ANALYTICAL_2024_2,MDB_PEER_METHOD_1.0,42014,31003,2,0.18396312231599982
MDB_ANALYTICAL_2024_2,MDB_PEER_METHOD_1.0,42014,31013,3,0.30107206099484479
MDB_ANALYTICAL_2024_2,MDB_PEER_METHOD_1.0,42014,27009,4,0.30107977562454113
MDB_ANALYTICAL_2024_2,MDB_PEER_METHOD_1.0,42014,35023,5,0.32531950159441408
MDB_ANALYTICAL_2024_2,MDB_PEER_METHOD_1.0,42014,25012,6,0.32771056551861094
MDB_ANALYTICAL_2024_2,MDB_PEER_METHOD_1.0,42014,35094,7,0.33761101638293661
MDB_ANALYTICAL_2024_2,MDB_PEER_METHOD_1.0,42014,25009,8,0.42750085847098823
MDB_ANALYTICAL_2024_2,MDB_PEER_METHOD_1.0,42014,31034,9,0.42762743742180037
MDB_ANALYTICAL_2024_2,MDB_PEER_METHOD_1.0,42014,31001,10,0.4319637016074272
MDB_ANALYTICAL_2024_2,MDB_PEER_METHOD_1.0,42015,35071,1,0.1997808148446529
MDB_ANALYTICAL_2024_2,MDB_PEER_METHOD_1.0,42015,31097,2,0.30247962468263634
MDB_ANALYTICAL_2024_2,MDB_PEER_METHOD_1.0,42015,35103,3,0.35071001583940481
MDB_ANALYTICAL_2024_2,MDB_PEER_METHOD_1.0,42015,28006,4,0.35889428073015073
MDB_ANALYTICAL_2024_2,MDB_PEER_METHOD_1.0,42015,35081,5,0.40968038170372872
MDB_ANALYTICAL_2024_2,MDB_PEER_METHOD_1.0,42015,35174,6,0.48563568723317208
MDB_ANALYTICAL_2024_2,MDB_PEER_METHOD_1.0,42015,31037,7,0.49824512202583104
MDB_ANALYTICAL_2024_2,MDB_PEER_METHOD_1.0,42015,35131,8,0.54295899476810405
MDB_ANALYTICAL_2024_2,MDB_PEER_METHOD_1.0,42015,33003,9,0.54700736350160295
MDB_ANALYTICAL_2024_2,MDB_PEER_METHOD_1.0,42015,26005,10,0.5482146795359315
MDB_ANALYTICAL_2024_2,MDB_PEER_METHOD_1.0,42016,41016,1,0.19595872687753416
MDB_ANALYTICAL_2024_2,MDB_PEER_METHOD_1.0,42016,35172,2,0.28748242352871706
MDB_ANALYTICAL_2024_2,MDB_PEER_METHOD_1.0,42016,27007,3,0.32432076356908252
MDB_ANALYTICAL_2024_2,MDB_PEER_METHOD_1.0,42016,35093,4,0.39624333170217452
MDB_ANALYTICAL_2024_2,MDB_PEER_METHOD_1.0,42016,35112,5,0.42178738999976323
MDB_ANALYTICAL_2024_2,MDB_PEER_METHOD_1.0,42016,31048,6,0.42449074172573059
MDB_ANALYTICAL_2024_2,MDB_PEER_METHOD_1.0,42016,43025,7,0.43722873417772401
MDB_ANALYTICAL_2024_2,MDB_PEER_METHOD_1.0,42016,35151,8,0.44361440675040525
MDB_ANALYTICAL_2024_2,MDB_PEER_METHOD_1.0,42016,41020,9,0.4518072445617814
MDB_ANALYTICAL_2024_2,MDB_PEER_METHOD_1.0,42016,31037,10,0.46485831809164391
MDB_ANALYTICAL_2024_2,MDB_PEER_METHOD_1.0,42017,31025,1,0.16961828650282354
MDB_ANALYTICAL_2024_2,MDB_PEER_METHOD_1.0,42017,35032,2,0.36302216531024495
MDB_ANALYTICAL_2024_2,MDB_PEER_METHOD_1.0,42017,35031,3,0.38686930928355207
MDB_ANALYTICAL_2024_2,MDB_PEER_METHOD_1.0,42017,35104,4,0.45109757193525429
MDB_ANALYTICAL_2024_2,MDB_PEER_METHOD_1.0,42017,35131,5,0.49647484198290837
MDB_ANALYTICAL_2024_2,MDB_PEER_METHOD_1.0,42017,31086,6,0.52382518063200567
MDB_ANALYTICAL_2024_2,MDB_PEER_METHOD_1.0,42017,35142,7,0.53905071228536194
MDB_ANALYTICAL_2024_2,MDB_PEER_METHOD_1.0,42017,31032,8,0.54630273286133191
MDB_ANALYTICAL_2024_2,MDB_PEER_METHOD_1.0,42017,35101,9,0.56617584136803845
MDB_ANALYTICAL_2024_2,MDB_PEER_METHOD_1.0,42017,41009,10,0.60247756728391488
MDB_ANALYTICAL_2024_2,MDB_PEER_METHOD_1.0,43001,31024,1,0.1642621501630509
MDB_ANALYTICAL_2024_2,MDB_PEER_METHOD_1.0,43001,22003,2,0.22001538380579361
MDB_ANALYTICAL_2024_2,MDB_PEER_METHOD_1.0,43001,41005,3,0.23851757537556462
MDB_ANALYTICAL_2024_2,MDB_PEER_METHOD_1.0,43001,43009,4,0.24852343295530732
MDB_ANALYTICAL_2024_2,MDB_PEER_METHOD_1.0,43001,23025,5,0.28441566329920476
MDB_ANALYTICAL_2024_2,MDB_PEER_METHOD_1.0,43001,29015,6,0.34703808534815134
MDB_ANALYTICAL_2024_2,MDB_PEER_METHOD_1.0,43001,31036,7,0.36042944548003686
MDB_ANALYTICAL_2024_2,MDB_PEER_METHOD_1.0,43001,41011,8,0.36651687160408064
MDB_ANALYTICAL_2024_2,MDB_PEER_METHOD_1.0,43001,29003,9,0.41432412079730346
MDB_ANALYTICAL_2024_2,MDB_PEER_METHOD_1.0,43001,24003,10,0.41868226503859013
MDB_ANALYTICAL_2024_2,MDB_PEER_METHOD_1.0,43002,31085,1,0.25684461155085198
MDB_ANALYTICAL_2024_2,MDB_PEER_METHOD_1.0,43002,31026,2,0.28339097254655665
MDB_ANALYTICAL_2024_2,MDB_PEER_METHOD_1.0,43002,52007,3,0.33399700614344419
MDB_ANALYTICAL_2024_2,MDB_PEER_METHOD_1.0,43002,52010,4,0.35254956458298953
MDB_ANALYTICAL_2024_2,MDB_PEER_METHOD_1.0,43002,43024,5,0.40737285427513537
MDB_ANALYTICAL_2024_2,MDB_PEER_METHOD_1.0,43002,52014,6,0.42705552066370939
MDB_ANALYTICAL_2024_2,MDB_PEER_METHOD_1.0,43002,22008,7,0.44817318435348807
MDB_ANALYTICAL_2024_2,MDB_PEER_METHOD_1.0,43002,31101,8,0.45844751046392601
MDB_ANALYTICAL_2024_2,MDB_PEER_METHOD_1.0,43002,22010,9,0.47534615326193924
MDB_ANALYTICAL_2024_2,MDB_PEER_METHOD_1.0,43002,52008,10,0.47898717998287571
MDB_ANALYTICAL_2024_2,MDB_PEER_METHOD_1.0,43003,12002,1,0.30242584924431121
MDB_ANALYTICAL_2024_2,MDB_PEER_METHOD_1.0,43003,29016,2,0.33554308472601641
MDB_ANALYTICAL_2024_2,MDB_PEER_METHOD_1.0,43003,50012,3,0.45734679224476932
MDB_ANALYTICAL_2024_2,MDB_PEER_METHOD_1.0,43003,17006,4,0.47991333473475156
MDB_ANALYTICAL_2024_2,MDB_PEER_METHOD_1.0,43003,21014,5,0.52587924296494304
MDB_ANALYTICAL_2024_2,MDB_PEER_METHOD_1.0,43003,11003,6,0.5331495447941339
MDB_ANALYTICAL_2024_2,MDB_PEER_METHOD_1.0,43003,51014,7,0.57919184341172603
MDB_ANALYTICAL_2024_2,MDB_PEER_METHOD_1.0,43003,31057,8,0.57928638246836328
MDB_ANALYTICAL_2024_2,MDB_PEER_METHOD_1.0,43003,29026,9,0.59408596428917726
MDB_ANALYTICAL_2024_2,MDB_PEER_METHOD_1.0,43003,26007,10,0.5994582361068469
MDB_ANALYTICAL_2024_2,MDB_PEER_METHOD_1.0,43004,43026,1,0.052566337993520791
MDB_ANALYTICAL_2024_2,MDB_PEER_METHOD_1.0,43004,31079,2,0.12779154289966263
MDB_ANALYTICAL_2024_2,MDB_PEER_METHOD_1.0,43004,27003,3,0.19826003570545378
MDB_ANALYTICAL_2024_2,MDB_PEER_METHOD_1.0,43004,25014,4,0.21439918742181674
MDB_ANALYTICAL_2024_2,MDB_PEER_METHOD_1.0,43004,31045,5,0.22860509145421015
MDB_ANALYTICAL_2024_2,MDB_PEER_METHOD_1.0,43004,25003,6,0.2713208420383747
MDB_ANALYTICAL_2024_2,MDB_PEER_METHOD_1.0,43004,25012,7,0.29517030381261583
MDB_ANALYTICAL_2024_2,MDB_PEER_METHOD_1.0,43004,42010,8,0.33046192679793379
MDB_ANALYTICAL_2024_2,MDB_PEER_METHOD_1.0,43004,31034,9,0.35776108140074936
MDB_ANALYTICAL_2024_2,MDB_PEER_METHOD_1.0,43004,31044,10,0.38265952039765999
MDB_ANALYTICAL_2024_2,MDB_PEER_METHOD_1.0,43005,21018,1,0.068045805859469788
MDB_ANALYTICAL_2024_2,MDB_PEER_METHOD_1.0,43005,29027,2,0.21390196607533063
MDB_ANALYTICAL_2024_2,MDB_PEER_METHOD_1.0,43005,35092,3,0.23148782541130283
MDB_ANALYTICAL_2024_2,MDB_PEER_METHOD_1.0,43005,22005,4,0.24029089111206448
MDB_ANALYTICAL_2024_2,MDB_PEER_METHOD_1.0,43005,35051,5,0.26393491932502766
MDB_ANALYTICAL_2024_2,MDB_PEER_METHOD_1.0,43005,35021,6,0.29226588341615123
MDB_ANALYTICAL_2024_2,MDB_PEER_METHOD_1.0,43005,21002,7,0.30638285037332363
MDB_ANALYTICAL_2024_2,MDB_PEER_METHOD_1.0,43005,31021,8,0.31116102390398021
MDB_ANALYTICAL_2024_2,MDB_PEER_METHOD_1.0,43005,26001,9,0.33994504206689813
MDB_ANALYTICAL_2024_2,MDB_PEER_METHOD_1.0,43005,31099,10,0.36456325568041592
MDB_ANALYTICAL_2024_2,MDB_PEER_METHOD_1.0,43006,31092,1,0.24545226519159014
MDB_ANALYTICAL_2024_2,MDB_PEER_METHOD_1.0,43006,35143,2,0.34033198329238601
MDB_ANALYTICAL_2024_2,MDB_PEER_METHOD_1.0,43006,28005,3,0.35130264520354387
MDB_ANALYTICAL_2024_2,MDB_PEER_METHOD_1.0,43006,35065,4,0.35431919624621472
MDB_ANALYTICAL_2024_2,MDB_PEER_METHOD_1.0,43006,27006,5,0.35818231892427066
MDB_ANALYTICAL_2024_2,MDB_PEER_METHOD_1.0,43006,41004,6,0.42754473540672328
MDB_ANALYTICAL_2024_2,MDB_PEER_METHOD_1.0,43006,29009,7,0.44983247439117774
MDB_ANALYTICAL_2024_2,MDB_PEER_METHOD_1.0,43006,31070,8,0.45287950458625875
MDB_ANALYTICAL_2024_2,MDB_PEER_METHOD_1.0,43006,31004,9,0.47474257892457705
MDB_ANALYTICAL_2024_2,MDB_PEER_METHOD_1.0,43006,21005,10,0.48124647341217985
MDB_ANALYTICAL_2024_2,MDB_PEER_METHOD_1.0,43007,42005,1,0.57314978439915654
MDB_ANALYTICAL_2024_2,MDB_PEER_METHOD_1.0,43007,43008,2,0.624696856016696
MDB_ANALYTICAL_2024_2,MDB_PEER_METHOD_1.0,43007,25001,3,0.63462656770902381
MDB_ANALYTICAL_2024_2,MDB_PEER_METHOD_1.0,43007,27001,4,0.66400952101894439
MDB_ANALYTICAL_2024_2,MDB_PEER_METHOD_1.0,43007,31017,5,0.79970943113988324
MDB_ANALYTICAL_2024_2,MDB_PEER_METHOD_1.0,43007,42006,6,0.82451643831546961
MDB_ANALYTICAL_2024_2,MDB_PEER_METHOD_1.0,43007,31097,7,1.0060970500683168
MDB_ANALYTICAL_2024_2,MDB_PEER_METHOD_1.0,43007,33002,8,1.0227139765592763
MDB_ANALYTICAL_2024_2,MDB_PEER_METHOD_1.0,43007,35132,9,1.0666583832013394
MDB_ANALYTICAL_2024_2,MDB_PEER_METHOD_1.0,43007,35103,10,1.0692521404474375
MDB_ANALYTICAL_2024_2,MDB_PEER_METHOD_1.0,43008,26006,1,0.50134654987414429
MDB_ANALYTICAL_2024_2,MDB_PEER_METHOD_1.0,43008,42006,2,0.55325487599344392
MDB_ANALYTICAL_2024_2,MDB_PEER_METHOD_1.0,43008,43007,3,0.624696856016696
MDB_ANALYTICAL_2024_2,MDB_PEER_METHOD_1.0,43008,31017,4,0.64033894030118943
MDB_ANALYTICAL_2024_2,MDB_PEER_METHOD_1.0,43008,35155,5,0.64886083169815467
MDB_ANALYTICAL_2024_2,MDB_PEER_METHOD_1.0,43008,41017,6,0.69882731487085992
MDB_ANALYTICAL_2024_2,MDB_PEER_METHOD_1.0,43008,33009,7,0.71977316399827918
MDB_ANALYTICAL_2024_2,MDB_PEER_METHOD_1.0,43008,25016,8,0.8051323371912612
MDB_ANALYTICAL_2024_2,MDB_PEER_METHOD_1.0,43008,27007,9,0.81086841484785743
MDB_ANALYTICAL_2024_2,MDB_PEER_METHOD_1.0,43008,42007,10,0.82083823411156343
MDB_ANALYTICAL_2024_2,MDB_PEER_METHOD_1.0,43009,43001,1,0.24852343295530732
MDB_ANALYTICAL_2024_2,MDB_PEER_METHOD_1.0,43009,41005,2,0.30909726452588165
MDB_ANALYTICAL_2024_2,MDB_PEER_METHOD_1.0,43009,42009,3,0.31513690522561333
MDB_ANALYTICAL_2024_2,MDB_PEER_METHOD_1.0,43009,41012,4,0.33497682339528845
MDB_ANALYTICAL_2024_2,MDB_PEER_METHOD_1.0,43009,41019,5,0.36590393742622657
MDB_ANALYTICAL_2024_2,MDB_PEER_METHOD_1.0,43009,23025,6,0.37160792877221899
MDB_ANALYTICAL_2024_2,MDB_PEER_METHOD_1.0,43009,31059,7,0.37247263563023886
MDB_ANALYTICAL_2024_2,MDB_PEER_METHOD_1.0,43009,35112,8,0.3764491659015019
MDB_ANALYTICAL_2024_2,MDB_PEER_METHOD_1.0,43009,31024,9,0.37678215502198747
MDB_ANALYTICAL_2024_2,MDB_PEER_METHOD_1.0,43009,29001,10,0.38584156841617162
MDB_ANALYTICAL_2024_2,MDB_PEER_METHOD_1.0,43010,33006,1,0.28129876152272237
MDB_ANALYTICAL_2024_2,MDB_PEER_METHOD_1.0,43010,15006,2,0.42248767406289128
MDB_ANALYTICAL_2024_2,MDB_PEER_METHOD_1.0,43010,21016,3,0.5046620995841733
MDB_ANALYTICAL_2024_2,MDB_PEER_METHOD_1.0,43010,24007,4,0.6794920946904689
MDB_ANALYTICAL_2024_2,MDB_PEER_METHOD_1.0,43010,35041,5,0.72636689010653099
MDB_ANALYTICAL_2024_2,MDB_PEER_METHOD_1.0,43010,35013,6,0.86756852336086843
MDB_ANALYTICAL_2024_2,MDB_PEER_METHOD_1.0,43010,29020,7,0.97398122929425246
MDB_ANALYTICAL_2024_2,MDB_PEER_METHOD_1.0,43010,35073,8,1.05595708578509
MDB_ANALYTICAL_2024_2,MDB_PEER_METHOD_1.0,43010,35015,9,1.1038295073763882
MDB_ANALYTICAL_2024_2,MDB_PEER_METHOD_1.0,43010,35011,10,1.1276385039769712
MDB_ANALYTICAL_2024_2,MDB_PEER_METHOD_1.0,43011,22009,1,0.23445588775751355
MDB_ANALYTICAL_2024_2,MDB_PEER_METHOD_1.0,43011,24004,2,0.282358052843447
MDB_ANALYTICAL_2024_2,MDB_PEER_METHOD_1.0,43011,41011,3,0.38735262372315271
MDB_ANALYTICAL_2024_2,MDB_PEER_METHOD_1.0,43011,41012,4,0.40127162440340758
MDB_ANALYTICAL_2024_2,MDB_PEER_METHOD_1.0,43011,17002,5,0.40774603235495499
MDB_ANALYTICAL_2024_2,MDB_PEER_METHOD_1.0,43011,41014,6,0.4120643123233288
MDB_ANALYTICAL_2024_2,MDB_PEER_METHOD_1.0,43011,22003,7,0.42547787657075176
MDB_ANALYTICAL_2024_2,MDB_PEER_METHOD_1.0,43011,24003,8,0.44822651129014529
MDB_ANALYTICAL_2024_2,MDB_PEER_METHOD_1.0,43011,25006,9,0.51986657915889223
MDB_ANALYTICAL_2024_2,MDB_PEER_METHOD_1.0,43011,42009,10,0.52158869774164196
MDB_ANALYTICAL_2024_2,MDB_PEER_METHOD_1.0,43012,25004,1,0.27215944003900533
MDB_ANALYTICAL_2024_2,MDB_PEER_METHOD_1.0,43012,24008,2,0.27585129685057813
MDB_ANALYTICAL_2024_2,MDB_PEER_METHOD_1.0,43012,43019,3,0.3122760130853634
MDB_ANALYTICAL_2024_2,MDB_PEER_METHOD_1.0,43012,31101,4,0.33784984955000824
MDB_ANALYTICAL_2024_2,MDB_PEER_METHOD_1.0,43012,31102,5,0.34178237352767543
MDB_ANALYTICAL_2024_2,MDB_PEER_METHOD_1.0,43012,52010,6,0.36048976346892386
MDB_ANALYTICAL_2024_2,MDB_PEER_METHOD_1.0,43012,31026,7,0.37805266268713211
MDB_ANALYTICAL_2024_2,MDB_PEER_METHOD_1.0,43012,35156,8,0.46486363077938853
MDB_ANALYTICAL_2024_2,MDB_PEER_METHOD_1.0,43012,31071,9,0.46634491988021765
MDB_ANALYTICAL_2024_2,MDB_PEER_METHOD_1.0,43012,43027,10,0.47146681355894055
MDB_ANALYTICAL_2024_2,MDB_PEER_METHOD_1.0,43013,41018,1,0.12910106508827315
MDB_ANALYTICAL_2024_2,MDB_PEER_METHOD_1.0,43013,42003,2,0.15413398266113243
MDB_ANALYTICAL_2024_2,MDB_PEER_METHOD_1.0,43013,31060,3,0.15946152479036696
MDB_ANALYTICAL_2024_2,MDB_PEER_METHOD_1.0,43013,42008,4,0.18908306363529537
MDB_ANALYTICAL_2024_2,MDB_PEER_METHOD_1.0,43013,31015,5,0.20825506916494579
MDB_ANALYTICAL_2024_2,MDB_PEER_METHOD_1.0,43013,43014,6,0.2423801197840624
MDB_ANALYTICAL_2024_2,MDB_PEER_METHOD_1.0,43013,42009,7,0.25239298087676354
MDB_ANALYTICAL_2024_2,MDB_PEER_METHOD_1.0,43013,24005,8,0.25274919827822284
MDB_ANALYTICAL_2024_2,MDB_PEER_METHOD_1.0,43013,41012,9,0.28442467049438064
MDB_ANALYTICAL_2024_2,MDB_PEER_METHOD_1.0,43013,41019,10,0.34220479338780319
MDB_ANALYTICAL_2024_2,MDB_PEER_METHOD_1.0,43014,42003,1,0.16173757554236881
MDB_ANALYTICAL_2024_2,MDB_PEER_METHOD_1.0,43014,31060,2,0.17642175032769136
MDB_ANALYTICAL_2024_2,MDB_PEER_METHOD_1.0,43014,25006,3,0.17760621830870268
MDB_ANALYTICAL_2024_2,MDB_PEER_METHOD_1.0,43014,31008,4,0.203110842062381
MDB_ANALYTICAL_2024_2,MDB_PEER_METHOD_1.0,43014,41018,5,0.2239964591833582
MDB_ANALYTICAL_2024_2,MDB_PEER_METHOD_1.0,43014,43013,6,0.2423801197840624
MDB_ANALYTICAL_2024_2,MDB_PEER_METHOD_1.0,43014,41019,7,0.25863182152246816
MDB_ANALYTICAL_2024_2,MDB_PEER_METHOD_1.0,43014,24005,8,0.26200644713636967
MDB_ANALYTICAL_2024_2,MDB_PEER_METHOD_1.0,43014,42009,9,0.33927275200355567
MDB_ANALYTICAL_2024_2,MDB_PEER_METHOD_1.0,43014,42008,10,0.34851305715902881
MDB_ANALYTICAL_2024_2,MDB_PEER_METHOD_1.0,43015,25006,1,0.26664131880703701
MDB_ANALYTICAL_2024_2,MDB_PEER_METHOD_1.0,43015,31008,2,0.36455919793294411
MDB_ANALYTICAL_2024_2,MDB_PEER_METHOD_1.0,43015,43014,3,0.37837463023566226
MDB_ANALYTICAL_2024_2,MDB_PEER_METHOD_1.0,43015,43020,4,0.37979369041705102
MDB_ANALYTICAL_2024_2,MDB_PEER_METHOD_1.0,43015,42001,5,0.39402026099083104
MDB_ANALYTICAL_2024_2,MDB_PEER_METHOD_1.0,43015,43029,6,0.4021480391370949
MDB_ANALYTICAL_2024_2,MDB_PEER_METHOD_1.0,43015,24005,7,0.41268254997842913
MDB_ANALYTICAL_2024_2,MDB_PEER_METHOD_1.0,43015,31060,8,0.42417208100110848
MDB_ANALYTICAL_2024_2,MDB_PEER_METHOD_1.0,43015,42003,9,0.42535623778484899
MDB_ANALYTICAL_2024_2,MDB_PEER_METHOD_1.0,43015,41018,10,0.45784164193459825
MDB_ANALYTICAL_2024_2,MDB_PEER_METHOD_1.0,43016,42001,1,0.26858652048486387
MDB_ANALYTICAL_2024_2,MDB_PEER_METHOD_1.0,43016,24006,2,0.27608895327553462
MDB_ANALYTICAL_2024_2,MDB_PEER_METHOD_1.0,43016,41014,3,0.39045300347869721
MDB_ANALYTICAL_2024_2,MDB_PEER_METHOD_1.0,43016,42004,4,0.46616165191303865
MDB_ANALYTICAL_2024_2,MDB_PEER_METHOD_1.0,43016,43015,5,0.51309224324061453
MDB_ANALYTICAL_2024_2,MDB_PEER_METHOD_1.0,43016,43029,6,0.57007770421365067
MDB_ANALYTICAL_2024_2,MDB_PEER_METHOD_1.0,43016,25006,7,0.60246382371513141
MDB_ANALYTICAL_2024_2,MDB_PEER_METHOD_1.0,43016,22009,8,0.60364186248051999
MDB_ANALYTICAL_2024_2,MDB_PEER_METHOD_1.0,43016,31008,9,0.61817696214868401
MDB_ANALYTICAL_2024_2,MDB_PEER_METHOD_1.0,43016,24003,10,0.61976525408841387
MDB_ANALYTICAL_2024_2,MDB_PEER_METHOD_1.0,43017,41008,1,0.14203188594855651
MDB_ANALYTICAL_2024_2,MDB_PEER_METHOD_1.0,43017,31036,2,0.31040020626685749
MDB_ANALYTICAL_2024_2,MDB_PEER_METHOD_1.0,43017,42004,3,0.37190761950367868
MDB_ANALYTICAL_2024_2,MDB_PEER_METHOD_1.0,43017,29022,4,0.38903842333140837
MDB_ANALYTICAL_2024_2,MDB_PEER_METHOD_1.0,43017,24001,5,0.40777044552610425
MDB_ANALYTICAL_2024_2,MDB_PEER_METHOD_1.0,43017,41010,6,0.41937860339999317
MDB_ANALYTICAL_2024_2,MDB_PEER_METHOD_1.0,43017,31059,7,0.43709183573156152
MDB_ANALYTICAL_2024_2,MDB_PEER_METHOD_1.0,43017,42002,8,0.44001546218590892
MDB_ANALYTICAL_2024_2,MDB_PEER_METHOD_1.0,43017,29012,9,0.46606793681079139
MDB_ANALYTICAL_2024_2,MDB_PEER_METHOD_1.0,43017,31007,10,0.48045309208666953
MDB_ANALYTICAL_2024_2,MDB_PEER_METHOD_1.0,43018,25007,1,0.25548709373410816
MDB_ANALYTICAL_2024_2,MDB_PEER_METHOD_1.0,43018,25005,2,0.40675350840645236
MDB_ANALYTICAL_2024_2,MDB_PEER_METHOD_1.0,43018,41022,3,0.41545617190622136
MDB_ANALYTICAL_2024_2,MDB_PEER_METHOD_1.0,43018,52013,4,0.4688344578642083
MDB_ANALYTICAL_2024_2,MDB_PEER_METHOD_1.0,43018,42008,5,0.49415216098465858
MDB_ANALYTICAL_2024_2,MDB_PEER_METHOD_1.0,43018,24005,6,0.55446427854010105
MDB_ANALYTICAL_2024_2,MDB_PEER_METHOD_1.0,43018,43020,7,0.55838892250042393
MDB_ANALYTICAL_2024_2,MDB_PEER_METHOD_1.0,43018,41018,8,0.60211311202683482
MDB_ANALYTICAL_2024_2,MDB_PEER_METHOD_1.0,43018,17002,9,0.61155830638088904
MDB_ANALYTICAL_2024_2,MDB_PEER_METHOD_1.0,43018,22012,10,0.61445788636576448
MDB_ANALYTICAL_2024_2,MDB_PEER_METHOD_1.0,43019,43012,1,0.3122760130853634
MDB_ANALYTICAL_2024_2,MDB_PEER_METHOD_1.0,43019,41022,2,0.32070933321246847
MDB_ANALYTICAL_2024_2,MDB_PEER_METHOD_1.0,43019,25004,3,0.32217760162631387
MDB_ANALYTICAL_2024_2,MDB_PEER_METHOD_1.0,43019,52010,4,0.40747981524597715
MDB_ANALYTICAL_2024_2,MDB_PEER_METHOD_1.0,43019,25005,5,0.42917353439959888
MDB_ANALYTICAL_2024_2,MDB_PEER_METHOD_1.0,43019,35154,6,0.43392992169170497
MDB_ANALYTICAL_2024_2,MDB_PEER_METHOD_1.0,43019,24008,7,0.44607584118947313
MDB_ANALYTICAL_2024_2,MDB_PEER_METHOD_1.0,43019,31102,8,0.48230047818874694
MDB_ANALYTICAL_2024_2,MDB_PEER_METHOD_1.0,43019,25015,9,0.51740897010662201
MDB_ANALYTICAL_2024_2,MDB_PEER_METHOD_1.0,43019,35153,10,0.5389927972834605
MDB_ANALYTICAL_2024_2,MDB_PEER_METHOD_1.0,43020,43015,1,0.37979369041705102
MDB_ANALYTICAL_2024_2,MDB_PEER_METHOD_1.0,43020,22009,2,0.46624830204601603
MDB_ANALYTICAL_2024_2,MDB_PEER_METHOD_1.0,43020,17002,3,0.48729135478602115
MDB_ANALYTICAL_2024_2,MDB_PEER_METHOD_1.0,43020,25006,4,0.4928621196512542
MDB_ANALYTICAL_2024_2,MDB_PEER_METHOD_1.0,43020,24005,5,0.49397721574817793
MDB_ANALYTICAL_2024_2,MDB_PEER_METHOD_1.0,43020,41018,6,0.52213310978551064
MDB_ANALYTICAL_2024_2,MDB_PEER_METHOD_1.0,43020,31060,7,0.53925984066986932
MDB_ANALYTICAL_2024_2,MDB_PEER_METHOD_1.0,43020,42008,8,0.54524759260690259
MDB_ANALYTICAL_2024_2,MDB_PEER_METHOD_1.0,43020,42003,9,0.55088521051889383
MDB_ANALYTICAL_2024_2,MDB_PEER_METHOD_1.0,43020,43018,10,0.55838892250042393
MDB_ANALYTICAL_2024_2,MDB_PEER_METHOD_1.0,43021,15008,1,0.24376119749109634
MDB_ANALYTICAL_2024_2,MDB_PEER_METHOD_1.0,43021,29028,2,0.30491228522130714
MDB_ANALYTICAL_2024_2,MDB_PEER_METHOD_1.0,43021,23024,3,0.34529420499923946
MDB_ANALYTICAL_2024_2,MDB_PEER_METHOD_1.0,43021,23025,4,0.48457769096189435
MDB_ANALYTICAL_2024_2,MDB_PEER_METHOD_1.0,43021,29025,5,0.50508173608130935
MDB_ANALYTICAL_2024_2,MDB_PEER_METHOD_1.0,43021,15003,6,0.56040997775468937
MDB_ANALYTICAL_2024_2,MDB_PEER_METHOD_1.0,43021,52002,7,0.60873167668312644
MDB_ANALYTICAL_2024_2,MDB_PEER_METHOD_1.0,43021,41005,8,0.65951225953127435
MDB_ANALYTICAL_2024_2,MDB_PEER_METHOD_1.0,43021,29015,9,0.67810403485963611
MDB_ANALYTICAL_2024_2,MDB_PEER_METHOD_1.0,43021,43001,10,0.69518611764488059
MDB_ANALYTICAL_2024_2,MDB_PEER_METHOD_1.0,43022,11002,1,0.075040231137073879
MDB_ANALYTICAL_2024_2,MDB_PEER_METHOD_1.0,43022,21004,2,0.30622160034784601
MDB_ANALYTICAL_2024_2,MDB_PEER_METHOD_1.0,43022,41021,3,0.36715492409515926
MDB_ANALYTICAL_2024_2,MDB_PEER_METHOD_1.0,43022,50013,4,0.48785918538464212
MDB_ANALYTICAL_2024_2,MDB_PEER_METHOD_1.0,43022,52018,5,0.50821959201165501
MDB_ANALYTICAL_2024_2,MDB_PEER_METHOD_1.0,43022,26011,6,0.51343665860075716
MDB_ANALYTICAL_2024_2,MDB_PEER_METHOD_1.0,43022,31055,7,0.5314940183087199
MDB_ANALYTICAL_2024_2,MDB_PEER_METHOD_1.0,43022,15004,8,0.54547901294141543
MDB_ANALYTICAL_2024_2,MDB_PEER_METHOD_1.0,43022,50014,9,0.57594571495988345
MDB_ANALYTICAL_2024_2,MDB_PEER_METHOD_1.0,43022,31070,10,0.58874315275933764
MDB_ANALYTICAL_2024_2,MDB_PEER_METHOD_1.0,43023,29004,1,0.12219951691597919
MDB_ANALYTICAL_2024_2,MDB_PEER_METHOD_1.0,43023,42011,2,0.38151073902316407
MDB_ANALYTICAL_2024_2,MDB_PEER_METHOD_1.0,43023,35032,3,0.60118916555171609
MDB_ANALYTICAL_2024_2,MDB_PEER_METHOD_1.0,43023,31025,4,0.61304928369311462
MDB_ANALYTICAL_2024_2,MDB_PEER_METHOD_1.0,43023,42017,5,0.66082484602317726
MDB_ANALYTICAL_2024_2,MDB_PEER_METHOD_1.0,43023,35101,6,0.72123810506403041
MDB_ANALYTICAL_2024_2,MDB_PEER_METHOD_1.0,43023,28001,7,0.76747883458592026
MDB_ANALYTICAL_2024_2,MDB_PEER_METHOD_1.0,43023,35171,8,0.85545545550243107
MDB_ANALYTICAL_2024_2,MDB_PEER_METHOD_1.0,43023,33002,9,0.86023790145157564
MDB_ANALYTICAL_2024_2,MDB_PEER_METHOD_1.0,43023,35131,10,0.86422521635309735
MDB_ANALYTICAL_2024_2,MDB_PEER_METHOD_1.0,43024,52014,1,0.34953224256622994
MDB_ANALYTICAL_2024_2,MDB_PEER_METHOD_1.0,43024,31085,2,0.38699480646813955
MDB_ANALYTICAL_2024_2,MDB_PEER_METHOD_1.0,43024,31020,3,0.40613961291043432
MDB_ANALYTICAL_2024_2,MDB_PEER_METHOD_1.0,43024,43002,4,0.40737285427513537
MDB_ANALYTICAL_2024_2,MDB_PEER_METHOD_1.0,43024,52007,5,0.45073270635084522
MDB_ANALYTICAL_2024_2,MDB_PEER_METHOD_1.0,43024,11005,6,0.45203567563666341
MDB_ANALYTICAL_2024_2,MDB_PEER_METHOD_1.0,43024,31027,7,0.47882050768940787
MDB_ANALYTICAL_2024_2,MDB_PEER_METHOD_1.0,43024,31101,8,0.48921561729717083
MDB_ANALYTICAL_2024_2,MDB_PEER_METHOD_1.0,43024,50016,9,0.49175807192208593
MDB_ANALYTICAL_2024_2,MDB_PEER_METHOD_1.0,43024,31102,10,0.54452341397902126
MDB_ANALYTICAL_2024_2,MDB_PEER_METHOD_1.0,43025,25002,1,0.25518355246199514
MDB_ANALYTICAL_2024_2,MDB_PEER_METHOD_1.0,43025,31048,2,0.27694105071859398
MDB_ANALYTICAL_2024_2,MDB_PEER_METHOD_1.0,43025,35151,3,0.39073530155592301
MDB_ANALYTICAL_2024_2,MDB_PEER_METHOD_1.0,43025,42016,4,0.43722873417772401
MDB_ANALYTICAL_2024_2,MDB_PEER_METHOD_1.0,43025,24001,5,0.44101862824332178
MDB_ANALYTICAL_2024_2,MDB_PEER_METHOD_1.0,43025,35093,6,0.47831261028192251
MDB_ANALYTICAL_2024_2,MDB_PEER_METHOD_1.0,43025,31059,7,0.49072478794841845
MDB_ANALYTICAL_2024_2,MDB_PEER_METHOD_1.0,43025,42002,8,0.50581299449663863
MDB_ANALYTICAL_2024_2,MDB_PEER_METHOD_1.0,43025,26008,9,0.52073420878597121
MDB_ANALYTICAL_2024_2,MDB_PEER_METHOD_1.0,43025,35112,10,0.52554568334178875
MDB_ANALYTICAL_2024_2,MDB_PEER_METHOD_1.0,43026,43004,1,0.052566337993520791
MDB_ANALYTICAL_2024_2,MDB_PEER_METHOD_1.0,43026,31079,2,0.093503408885714692
MDB_ANALYTICAL_2024_2,MDB_PEER_METHOD_1.0,43026,27003,3,0.17396226663149755
MDB_ANALYTICAL_2024_2,MDB_PEER_METHOD_1.0,43026,31045,4,0.2383342026060134
MDB_ANALYTICAL_2024_2,MDB_PEER_METHOD_1.0,43026,25014,5,0.25000306309053794
MDB_ANALYTICAL_2024_2,MDB_PEER_METHOD_1.0,43026,25003,6,0.27399332220226019
MDB_ANALYTICAL_2024_2,MDB_PEER_METHOD_1.0,43026,25012,7,0.29733420135790262
MDB_ANALYTICAL_2024_2,MDB_PEER_METHOD_1.0,43026,31034,8,0.3316388191469099
MDB_ANALYTICAL_2024_2,MDB_PEER_METHOD_1.0,43026,42010,9,0.34216359946910951
MDB_ANALYTICAL_2024_2,MDB_PEER_METHOD_1.0,43026,35094,10,0.34614770637163994
MDB_ANALYTICAL_2024_2,MDB_PEER_METHOD_1.0,43027,29023,1,0.20998135860445094
MDB_ANALYTICAL_2024_2,MDB_PEER_METHOD_1.0,43027,31071,2,0.21470149361647489
MDB_ANALYTICAL_2024_2,MDB_PEER_METHOD_1.0,43027,29013,3,0.23623126714139525
MDB_ANALYTICAL_2024_2,MDB_PEER_METHOD_1.0,43027,31019,4,0.27008679504138627
MDB_ANALYTICAL_2024_2,MDB_PEER_METHOD_1.0,43027,35022,5,0.36210312001942213
MDB_ANALYTICAL_2024_2,MDB_PEER_METHOD_1.0,43027,52017,6,0.38805336561815285
MDB_ANALYTICAL_2024_2,MDB_PEER_METHOD_1.0,43027,31094,7,0.4049330315647367
MDB_ANALYTICAL_2024_2,MDB_PEER_METHOD_1.0,43027,31026,8,0.40506016626621577
MDB_ANALYTICAL_2024_2,MDB_PEER_METHOD_1.0,43027,29011,9,0.40777379676585312
MDB_ANALYTICAL_2024_2,MDB_PEER_METHOD_1.0,43027,24008,10,0.42454572619101794
MDB_ANALYTICAL_2024_2,MDB_PEER_METHOD_1.0,43028,35063,1,0.13296925472218904
MDB_ANALYTICAL_2024_2,MDB_PEER_METHOD_1.0,43028,42012,2,0.17269615808184888
MDB_ANALYTICAL_2024_2,MDB_PEER_METHOD_1.0,43028,33007,3,0.20671934771962805
MDB_ANALYTICAL_2024_2,MDB_PEER_METHOD_1.0,43028,35021,4,0.34121926282008408
MDB_ANALYTICAL_2024_2,MDB_PEER_METHOD_1.0,43028,22005,5,0.34361862684721117
MDB_ANALYTICAL_2024_2,MDB_PEER_METHOD_1.0,43028,24002,6,0.34885612983696135
MDB_ANALYTICAL_2024_2,MDB_PEER_METHOD_1.0,43028,35064,7,0.35115305479192899
MDB_ANALYTICAL_2024_2,MDB_PEER_METHOD_1.0,43028,26002,8,0.3808463108985915
MDB_ANALYTICAL_2024_2,MDB_PEER_METHOD_1.0,43028,29027,9,0.38103613365533678
MDB_ANALYTICAL_2024_2,MDB_PEER_METHOD_1.0,43028,32003,10,0.39027170735137895
MDB_ANALYTICAL_2024_2,MDB_PEER_METHOD_1.0,43029,42001,1,0.30933078455074492
MDB_ANALYTICAL_2024_2,MDB_PEER_METHOD_1.0,43029,25002,2,0.37794736708257531
MDB_ANALYTICAL_2024_2,MDB_PEER_METHOD_1.0,43029,43015,3,0.4021480391370949
MDB_ANALYTICAL_2024_2,MDB_PEER_METHOD_1.0,43029,31008,4,0.41600987954780938
MDB_ANALYTICAL_2024_2,MDB_PEER_METHOD_1.0,43029,42004,5,0.45644108420846941
MDB_ANALYTICAL_2024_2,MDB_PEER_METHOD_1.0,43029,25006,6,0.46417085157835758
MDB_ANALYTICAL_2024_2,MDB_PEER_METHOD_1.0,43029,43014,7,0.51222891762708722
MDB_ANALYTICAL_2024_2,MDB_PEER_METHOD_1.0,43029,43025,8,0.56689322724708635
MDB_ANALYTICAL_2024_2,MDB_PEER_METHOD_1.0,43029,43016,9,0.57007770421365067
MDB_ANALYTICAL_2024_2,MDB_PEER_METHOD_1.0,43029,41008,10,0.58188599994151413
MDB_ANALYTICAL_2024_2,MDB_PEER_METHOD_1.0,43030,31061,1,0.29349088022753894
MDB_ANALYTICAL_2024_2,MDB_PEER_METHOD_1.0,43030,25014,2,0.3244181570440462
MDB_ANALYTICAL_2024_2,MDB_PEER_METHOD_1.0,43030,27002,3,0.37406103326115236
MDB_ANALYTICAL_2024_2,MDB_PEER_METHOD_1.0,43030,27004,4,0.41174584760989102
MDB_ANALYTICAL_2024_2,MDB_PEER_METHOD_1.0,43030,35091,5,0.41879685676214573
MDB_ANALYTICAL_2024_2,MDB_PEER_METHOD_1.0,43030,35052,6,0.43032234679824566
MDB_ANALYTICAL_2024_2,MDB_PEER_METHOD_1.0,43030,31045,7,0.45428320502056863
MDB_ANALYTICAL_2024_2,MDB_PEER_METHOD_1.0,43030,31042,8,0.45693256318205239
MDB_ANALYTICAL_2024_2,MDB_PEER_METHOD_1.0,43030,27008,9,0.45925993959267453
MDB_ANALYTICAL_2024_2,MDB_PEER_METHOD_1.0,43030,31044,10,0.46387767032679772
MDB_ANALYTICAL_2024_2,MDB_PEER_METHOD_1.0,50009,21003,1,0.17699814716769205
MDB_ANALYTICAL_2024_2,MDB_PEER_METHOD_1.0,50009,51011,2,0.34972596691107305
MDB_ANALYTICAL_2024_2,MDB_PEER_METHOD_1.0,50009,29021,3,0.35392902922209152
MDB_ANALYTICAL_2024_2,MDB_PEER_METHOD_1.0,50009,31058,4,0.3866969276259658
MDB_ANALYTICAL_2024_2,MDB_PEER_METHOD_1.0,50009,51007,5,0.40069825945856219
MDB_ANALYTICAL_2024_2,MDB_PEER_METHOD_1.0,50009,52016,6,0.42810353350406266
MDB_ANALYTICAL_2024_2,MDB_PEER_METHOD_1.0,50009,15013,7,0.6156651855661649
MDB_ANALYTICAL_2024_2,MDB_PEER_METHOD_1.0,50009,29008,8,0.64699505880189301
MDB_ANALYTICAL_2024_2,MDB_PEER_METHOD_1.0,50009,21015,9,0.66066470245095654
MDB_ANALYTICAL_2024_2,MDB_PEER_METHOD_1.0,50009,11001,10,0.66110967228574891
MDB_ANALYTICAL_2024_2,MDB_PEER_METHOD_1.0,50010,16003,1,0.62055768056700067
MDB_ANALYTICAL_2024_2,MDB_PEER_METHOD_1.0,50010,31077,2,0.89800083729450375
MDB_ANALYTICAL_2024_2,MDB_PEER_METHOD_1.0,50010,51015,3,0.90855915511990204
MDB_ANALYTICAL_2024_2,MDB_PEER_METHOD_1.0,50010,13003,4,0.92971712281280605
MDB_ANALYTICAL_2024_2,MDB_PEER_METHOD_1.0,50010,13006,5,0.93101574216003435
MDB_ANALYTICAL_2024_2,MDB_PEER_METHOD_1.0,50010,12001,6,0.95071796001440156
MDB_ANALYTICAL_2024_2,MDB_PEER_METHOD_1.0,50010,13005,7,1.0126811778883267
MDB_ANALYTICAL_2024_2,MDB_PEER_METHOD_1.0,50010,31053,8,1.1084772108151444
MDB_ANALYTICAL_2024_2,MDB_PEER_METHOD_1.0,50010,13007,9,1.1141272642748945
MDB_ANALYTICAL_2024_2,MDB_PEER_METHOD_1.0,50010,51001,10,1.1295733211334373
MDB_ANALYTICAL_2024_2,MDB_PEER_METHOD_1.0,50011,15011,1,0.36248343684255518
MDB_ANALYTICAL_2024_2,MDB_PEER_METHOD_1.0,50011,51002,2,0.3858776848977703
MDB_ANALYTICAL_2024_2,MDB_PEER_METHOD_1.0,50011,31075,3,0.62048252077867283
MDB_ANALYTICAL_2024_2,MDB_PEER_METHOD_1.0,50011,29016,4,0.89091912355262437
MDB_ANALYTICAL_2024_2,MDB_PEER_METHOD_1.0,50011,41003,5,0.89883951645894922
MDB_ANALYTICAL_2024_2,MDB_PEER_METHOD_1.0,50011,16001,6,0.91061533910748593
MDB_ANALYTICAL_2024_2,MDB_PEER_METHOD_1.0,50011,26009,7,0.91433160217924081
MDB_ANALYTICAL_2024_2,MDB_PEER_METHOD_1.0,50011,52011,8,1.0448849721718858
MDB_ANALYTICAL_2024_2,MDB_PEER_METHOD_1.0,50011,12002,9,1.0479834423066112
MDB_ANALYTICAL_2024_2,MDB_PEER_METHOD_1.0,50011,31072,10,1.0480555554487661
MDB_ANALYTICAL_2024_2,MDB_PEER_METHOD_1.0,50012,29026,1,0.16679638635487135
MDB_ANALYTICAL_2024_2,MDB_PEER_METHOD_1.0,50012,21006,2,0.29263348667764771
MDB_ANALYTICAL_2024_2,MDB_PEER_METHOD_1.0,50012,26002,3,0.29739872062284267
MDB_ANALYTICAL_2024_2,MDB_PEER_METHOD_1.0,50012,21014,4,0.31167720011682759
MDB_ANALYTICAL_2024_2,MDB_PEER_METHOD_1.0,50012,26007,5,0.31947386719455972
MDB_ANALYTICAL_2024_2,MDB_PEER_METHOD_1.0,50012,32003,6,0.38627426154341898
MDB_ANALYTICAL_2024_2,MDB_PEER_METHOD_1.0,50012,21009,7,0.40434672395102023
MDB_ANALYTICAL_2024_2,MDB_PEER_METHOD_1.0,50012,17006,8,0.43413165638112833
MDB_ANALYTICAL_2024_2,MDB_PEER_METHOD_1.0,50012,21013,9,0.45424291750578177
MDB_ANALYTICAL_2024_2,MDB_PEER_METHOD_1.0,50012,43003,10,0.45734679224476932
MDB_ANALYTICAL_2024_2,MDB_PEER_METHOD_1.0,50013,21004,1,0.29297082456071361
MDB_ANALYTICAL_2024_2,MDB_PEER_METHOD_1.0,50013,50014,2,0.35133615690072656
MDB_ANALYTICAL_2024_2,MDB_PEER_METHOD_1.0,50013,13004,3,0.35325593012050688
MDB_ANALYTICAL_2024_2,MDB_PEER_METHOD_1.0,50013,11006,4,0.36376888177889721
MDB_ANALYTICAL_2024_2,MDB_PEER_METHOD_1.0,50013,11002,5,0.42517401360184659
MDB_ANALYTICAL_2024_2,MDB_PEER_METHOD_1.0,50013,13005,6,0.45346884690857708
MDB_ANALYTICAL_2024_2,MDB_PEER_METHOD_1.0,50013,15004,7,0.48616888179496781
MDB_ANALYTICAL_2024_2,MDB_PEER_METHOD_1.0,50013,43022,8,0.48785918538464212
MDB_ANALYTICAL_2024_2,MDB_PEER_METHOD_1.0,50013,12003,9,0.50884319979040282
MDB_ANALYTICAL_2024_2,MDB_PEER_METHOD_1.0,50013,31055,10,0.55882287347292503
MDB_ANALYTICAL_2024_2,MDB_PEER_METHOD_1.0,50014,11006,1,0.03923853693820066
MDB_ANALYTICAL_2024_2,MDB_PEER_METHOD_1.0,50014,31055,2,0.30194650027607145
MDB_ANALYTICAL_2024_2,MDB_PEER_METHOD_1.0,50014,11005,3,0.34732501028182611
MDB_ANALYTICAL_2024_2,MDB_PEER_METHOD_1.0,50014,50013,4,0.35133615690072656
MDB_ANALYTICAL_2024_2,MDB_PEER_METHOD_1.0,50014,13004,5,0.43027078499480242
MDB_ANALYTICAL_2024_2,MDB_PEER_METHOD_1.0,50014,50016,6,0.43851282156701266
MDB_ANALYTICAL_2024_2,MDB_PEER_METHOD_1.0,50014,29008,7,0.46196050759815305
MDB_ANALYTICAL_2024_2,MDB_PEER_METHOD_1.0,50014,11002,8,0.51038881195405505
MDB_ANALYTICAL_2024_2,MDB_PEER_METHOD_1.0,50014,21004,9,0.52521258108225255
MDB_ANALYTICAL_2024_2,MDB_PEER_METHOD_1.0,50014,50015,10,0.54429435669133996
MDB_ANALYTICAL_2024_2,MDB_PEER_METHOD_1.0,50015,51006,1,0.40324609761661717
MDB_ANALYTICAL_2024_2,MDB_PEER_METHOD_1.0,50015,51003,2,0.42473501499852434
MDB_ANALYTICAL_2024_2,MDB_PEER_METHOD_1.0,50015,52014,3,0.43730342278850004
MDB_ANALYTICAL_2024_2,MDB_PEER_METHOD_1.0,50015,51005,4,0.4516489304737259
MDB_ANALYTICAL_2024_2,MDB_PEER_METHOD_1.0,50015,51004,5,0.4572173284344348
MDB_ANALYTICAL_2024_2,MDB_PEER_METHOD_1.0,50015,11005,6,0.47267723386595989
MDB_ANALYTICAL_2024_2,MDB_PEER_METHOD_1.0,50015,51012,7,0.50965479891623244
MDB_ANALYTICAL_2024_2,MDB_PEER_METHOD_1.0,50015,11006,8,0.51491183367994875
MDB_ANALYTICAL_2024_2,MDB_PEER_METHOD_1.0,50015,51001,9,0.53099248898195672
MDB_ANALYTICAL_2024_2,MDB_PEER_METHOD_1.0,50015,51008,10,0.5335535647363977
MDB_ANALYTICAL_2024_2,MDB_PEER_METHOD_1.0,50016,31055,1,0.15798597306103404
MDB_ANALYTICAL_2024_2,MDB_PEER_METHOD_1.0,50016,11005,2,0.29200960429723427
MDB_ANALYTICAL_2024_2,MDB_PEER_METHOD_1.0,50016,50014,3,0.43851282156701266
MDB_ANALYTICAL_2024_2,MDB_PEER_METHOD_1.0,50016,11006,4,0.44726641156365382
MDB_ANALYTICAL_2024_2,MDB_PEER_METHOD_1.0,50016,52014,5,0.45933821380704265
MDB_ANALYTICAL_2024_2,MDB_PEER_METHOD_1.0,50016,43024,6,0.49175807192208593
MDB_ANALYTICAL_2024_2,MDB_PEER_METHOD_1.0,50016,31082,7,0.51089741660760501
MDB_ANALYTICAL_2024_2,MDB_PEER_METHOD_1.0,50016,31083,8,0.56226741290253834
MDB_ANALYTICAL_2024_2,MDB_PEER_METHOD_1.0,50016,31053,9,0.56618698638086473
MDB_ANALYTICAL_2024_2,MDB_PEER_METHOD_1.0,50016,50015,10,0.57134566010611554
MDB_ANALYTICAL_2024_2,MDB_PEER_METHOD_1.0,50017,11003,1,0.20958586919001815
MDB_ANALYTICAL_2024_2,MDB_PEER_METHOD_1.0,50017,17006,2,0.2192675005725607
MDB_ANALYTICAL_2024_2,MDB_PEER_METHOD_1.0,50017,31052,3,0.28139987094660202
MDB_ANALYTICAL_2024_2,MDB_PEER_METHOD_1.0,50017,17001,4,0.34528514934913124
MDB_ANALYTICAL_2024_2,MDB_PEER_METHOD_1.0,50017,21019,5,0.3554176326470288
MDB_ANALYTICAL_2024_2,MDB_PEER_METHOD_1.0,50017,21014,6,0.38721600926968558
MDB_ANALYTICAL_2024_2,MDB_PEER_METHOD_1.0,50017,29011,7,0.38879018335263898
MDB_ANALYTICAL_2024_2,MDB_PEER_METHOD_1.0,50017,52005,8,0.41036160572824709
MDB_ANALYTICAL_2024_2,MDB_PEER_METHOD_1.0,50017,21015,9,0.44204584010110509
MDB_ANALYTICAL_2024_2,MDB_PEER_METHOD_1.0,50017,35121,10,0.44354807434581972
MDB_ANALYTICAL_2024_2,MDB_PEER_METHOD_1.0,51001,13007,1,0.27806935976111458
MDB_ANALYTICAL_2024_2,MDB_PEER_METHOD_1.0,51001,51003,2,0.36323499928986164
MDB_ANALYTICAL_2024_2,MDB_PEER_METHOD_1.0,51001,51015,3,0.37064105714889517
MDB_ANALYTICAL_2024_2,MDB_PEER_METHOD_1.0,51001,51004,4,0.39426948938955048
MDB_ANALYTICAL_2024_2,MDB_PEER_METHOD_1.0,51001,13008,5,0.41318270300657622
MDB_ANALYTICAL_2024_2,MDB_PEER_METHOD_1.0,51001,14002,6,0.42150324212812856
MDB_ANALYTICAL_2024_2,MDB_PEER_METHOD_1.0,51001,51008,7,0.43904384416841696
MDB_ANALYTICAL_2024_2,MDB_PEER_METHOD_1.0,51001,50015,8,0.53099248898195672
MDB_ANALYTICAL_2024_2,MDB_PEER_METHOD_1.0,51001,51006,9,0.54447279382777147
MDB_ANALYTICAL_2024_2,MDB_PEER_METHOD_1.0,51001,51010,10,0.54866576883323614
MDB_ANALYTICAL_2024_2,MDB_PEER_METHOD_1.0,51002,50011,1,0.3858776848977703
MDB_ANALYTICAL_2024_2,MDB_PEER_METHOD_1.0,51002,15011,2,0.44388879675609266
MDB_ANALYTICAL_2024_2,MDB_PEER_METHOD_1.0,51002,15003,3,0.8052066399304294
MDB_ANALYTICAL_2024_2,MDB_PEER_METHOD_1.0,51002,29016,4,0.81792108624731563
MDB_ANALYTICAL_2024_2,MDB_PEER_METHOD_1.0,51002,31075,5,0.84601954553706493
MDB_ANALYTICAL_2024_2,MDB_PEER_METHOD_1.0,51002,41003,6,0.86807317973750708
MDB_ANALYTICAL_2024_2,MDB_PEER_METHOD_1.0,51002,12002,7,0.90694689419967722
MDB_ANALYTICAL_2024_2,MDB_PEER_METHOD_1.0,51002,50012,8,0.99315586415526769
MDB_ANALYTICAL_2024_2,MDB_PEER_METHOD_1.0,51002,43003,9,0.99905699947268789
MDB_ANALYTICAL_2024_2,MDB_PEER_METHOD_1.0,51002,21008,10,1.0058843915242315
MDB_ANALYTICAL_2024_2,MDB_PEER_METHOD_1.0,51003,51004,1,0.043028051837271916
MDB_ANALYTICAL_2024_2,MDB_PEER_METHOD_1.0,51003,51001,2,0.36323499928986164
MDB_ANALYTICAL_2024_2,MDB_PEER_METHOD_1.0,51003,51010,3,0.39532795335656162
MDB_ANALYTICAL_2024_2,MDB_PEER_METHOD_1.0,51003,50015,4,0.42473501499852434
MDB_ANALYTICAL_2024_2,MDB_PEER_METHOD_1.0,51003,51006,5,0.47843770440871913
MDB_ANALYTICAL_2024_2,MDB_PEER_METHOD_1.0,51003,14002,6,0.48405195727960254
MDB_ANALYTICAL_2024_2,MDB_PEER_METHOD_1.0,51003,13007,7,0.55121095898378525
MDB_ANALYTICAL_2024_2,MDB_PEER_METHOD_1.0,51003,51008,8,0.56586171315510103
MDB_ANALYTICAL_2024_2,MDB_PEER_METHOD_1.0,51003,51015,9,0.60578422287816047
MDB_ANALYTICAL_2024_2,MDB_PEER_METHOD_1.0,51003,13008,10,0.66634141258326185
MDB_ANALYTICAL_2024_2,MDB_PEER_METHOD_1.0,51004,51003,1,0.043028051837271916
MDB_ANALYTICAL_2024_2,MDB_PEER_METHOD_1.0,51004,51010,2,0.36437250591264264
MDB_ANALYTICAL_2024_2,MDB_PEER_METHOD_1.0,51004,51001,3,0.39426948938955048
MDB_ANALYTICAL_2024_2,MDB_PEER_METHOD_1.0,51004,50015,4,0.4572173284344348
MDB_ANALYTICAL_2024_2,MDB_PEER_METHOD_1.0,51004,14002,5,0.49269986162791174
MDB_ANALYTICAL_2024_2,MDB_PEER_METHOD_1.0,51004,51006,6,0.51095546370050882
MDB_ANALYTICAL_2024_2,MDB_PEER_METHOD_1.0,51004,13007,7,0.58503970102517433
MDB_ANALYTICAL_2024_2,MDB_PEER_METHOD_1.0,51004,51008,8,0.60403546366959115
MDB_ANALYTICAL_2024_2,MDB_PEER_METHOD_1.0,51004,51015,9,0.61747434317632344
MDB_ANALYTICAL_2024_2,MDB_PEER_METHOD_1.0,51004,16002,10,0.68672883422756437
MDB_ANALYTICAL_2024_2,MDB_PEER_METHOD_1.0,51005,51012,1,0.38613488706169474
MDB_ANALYTICAL_2024_2,MDB_PEER_METHOD_1.0,51005,51011,2,0.44073095499929388
MDB_ANALYTICAL_2024_2,MDB_PEER_METHOD_1.0,51005,52014,3,0.44075948661672748
MDB_ANALYTICAL_2024_2,MDB_PEER_METHOD_1.0,51005,50015,4,0.4516489304737259
MDB_ANALYTICAL_2024_2,MDB_PEER_METHOD_1.0,51005,29008,5,0.46829820735477379
MDB_ANALYTICAL_2024_2,MDB_PEER_METHOD_1.0,51005,17008,6,0.51261545014956023
MDB_ANALYTICAL_2024_2,MDB_PEER_METHOD_1.0,51005,52008,7,0.53445709440432021
MDB_ANALYTICAL_2024_2,MDB_PEER_METHOD_1.0,51005,11005,8,0.57235774195861144
MDB_ANALYTICAL_2024_2,MDB_PEER_METHOD_1.0,51005,52007,9,0.60861898874209241
MDB_ANALYTICAL_2024_2,MDB_PEER_METHOD_1.0,51005,51006,10,0.61103224910990583
MDB_ANALYTICAL_2024_2,MDB_PEER_METHOD_1.0,51006,51008,1,0.27572755422893852
MDB_ANALYTICAL_2024_2,MDB_PEER_METHOD_1.0,51006,51012,2,0.40161642740462133
MDB_ANALYTICAL_2024_2,MDB_PEER_METHOD_1.0,51006,50015,3,0.40324609761661717
MDB_ANALYTICAL_2024_2,MDB_PEER_METHOD_1.0,51006,51003,4,0.47843770440871913
MDB_ANALYTICAL_2024_2,MDB_PEER_METHOD_1.0,51006,13007,5,0.49736072930417558
MDB_ANALYTICAL_2024_2,MDB_PEER_METHOD_1.0,51006,51004,6,0.51095546370050882
MDB_ANALYTICAL_2024_2,MDB_PEER_METHOD_1.0,51006,13008,7,0.52875523283689363
MDB_ANALYTICAL_2024_2,MDB_PEER_METHOD_1.0,51006,51001,8,0.54447279382777147
MDB_ANALYTICAL_2024_2,MDB_PEER_METHOD_1.0,51006,14002,9,0.58987901552147903
MDB_ANALYTICAL_2024_2,MDB_PEER_METHOD_1.0,51006,51005,10,0.61103224910990583
MDB_ANALYTICAL_2024_2,MDB_PEER_METHOD_1.0,51007,52016,1,0.099669556029483672
MDB_ANALYTICAL_2024_2,MDB_PEER_METHOD_1.0,51007,15013,2,0.23307256492419212
MDB_ANALYTICAL_2024_2,MDB_PEER_METHOD_1.0,51007,11001,3,0.29323943523574236
MDB_ANALYTICAL_2024_2,MDB_PEER_METHOD_1.0,51007,31058,4,0.36251672106403732
MDB_ANALYTICAL_2024_2,MDB_PEER_METHOD_1.0,51007,29021,5,0.3657935703307551
MDB_ANALYTICAL_2024_2,MDB_PEER_METHOD_1.0,51007,29008,6,0.39112825431945308
MDB_ANALYTICAL_2024_2,MDB_PEER_METHOD_1.0,51007,50009,7,0.40069825945856219
MDB_ANALYTICAL_2024_2,MDB_PEER_METHOD_1.0,51007,21003,8,0.50517433601077
MDB_ANALYTICAL_2024_2,MDB_PEER_METHOD_1.0,51007,51011,9,0.51902464078823751
MDB_ANALYTICAL_2024_2,MDB_PEER_METHOD_1.0,51007,29017,10,0.59173652104273278
MDB_ANALYTICAL_2024_2,MDB_PEER_METHOD_1.0,51008,13008,1,0.27056207374796826
MDB_ANALYTICAL_2024_2,MDB_PEER_METHOD_1.0,51008,13007,2,0.27354739315995502
MDB_ANALYTICAL_2024_2,MDB_PEER_METHOD_1.0,51008,51006,3,0.27572755422893852
MDB_ANALYTICAL_2024_2,MDB_PEER_METHOD_1.0,51008,51001,4,0.43904384416841696
MDB_ANALYTICAL_2024_2,MDB_PEER_METHOD_1.0,51008,14002,5,0.51225591366193923
MDB_ANALYTICAL_2024_2,MDB_PEER_METHOD_1.0,51008,50015,6,0.5335535647363977
MDB_ANALYTICAL_2024_2,MDB_PEER_METHOD_1.0,51008,51003,7,0.56586171315510103
MDB_ANALYTICAL_2024_2,MDB_PEER_METHOD_1.0,51008,13004,8,0.60170495433939231
MDB_ANALYTICAL_2024_2,MDB_PEER_METHOD_1.0,51008,51004,9,0.60403546366959115
MDB_ANALYTICAL_2024_2,MDB_PEER_METHOD_1.0,51008,13006,10,0.62562942036347546
MDB_ANALYTICAL_2024_2,MDB_PEER_METHOD_1.0,51009,52006,1,0.75671913642355437
MDB_ANALYTICAL_2024_2,MDB_PEER_METHOD_1.0,51009,22007,2,0.85591630595285784
MDB_ANALYTICAL_2024_2,MDB_PEER_METHOD_1.0,51009,51016,3,0.87226695993502679
MDB_ANALYTICAL_2024_2,MDB_PEER_METHOD_1.0,51009,16002,4,1.019831707660805
MDB_ANALYTICAL_2024_2,MDB_PEER_METHOD_1.0,51009,11007,5,1.0219596160372246
MDB_ANALYTICAL_2024_2,MDB_PEER_METHOD_1.0,51009,51010,6,1.1499593028135422
MDB_ANALYTICAL_2024_2,MDB_PEER_METHOD_1.0,51009,31050,7,1.2421949326985107
MDB_ANALYTICAL_2024_2,MDB_PEER_METHOD_1.0,51009,12001,8,1.4032075963395707
MDB_ANALYTICAL_2024_2,MDB_PEER_METHOD_1.0,51009,31051,9,1.4077785374757659
MDB_ANALYTICAL_2024_2,MDB_PEER_METHOD_1.0,51009,31096,10,1.4396545914294114
MDB_ANALYTICAL_2024_2,MDB_PEER_METHOD_1.0,51010,51004,1,0.36437250591264264
MDB_ANALYTICAL_2024_2,MDB_PEER_METHOD_1.0,51010,51003,2,0.39532795335656162
MDB_ANALYTICAL_2024_2,MDB_PEER_METHOD_1.0,51010,22007,3,0.40234780811952259
MDB_ANALYTICAL_2024_2,MDB_PEER_METHOD_1.0,51010,16002,4,0.43018937730950957
MDB_ANALYTICAL_2024_2,MDB_PEER_METHOD_1.0,51010,51001,5,0.54866576883323614
MDB_ANALYTICAL_2024_2,MDB_PEER_METHOD_1.0,51010,31051,6,0.5490539315127354
MDB_ANALYTICAL_2024_2,MDB_PEER_METHOD_1.0,51010,51015,7,0.55052291093807915
MDB_ANALYTICAL_2024_2,MDB_PEER_METHOD_1.0,51010,14002,8,0.57023126596261742
MDB_ANALYTICAL_2024_2,MDB_PEER_METHOD_1.0,51010,52006,9,0.6550106544184322
MDB_ANALYTICAL_2024_2,MDB_PEER_METHOD_1.0,51010,51016,10,0.74549240207074108
MDB_ANALYTICAL_2024_2,MDB_PEER_METHOD_1.0,51011,21003,1,0.31197945347947653
MDB_ANALYTICAL_2024_2,MDB_PEER_METHOD_1.0,51011,50009,2,0.34972596691107305
MDB_ANALYTICAL_2024_2,MDB_PEER_METHOD_1.0,51011,52008,3,0.4050683189583742
MDB_ANALYTICAL_2024_2,MDB_PEER_METHOD_1.0,51011,51005,4,0.44073095499929388
MDB_ANALYTICAL_2024_2,MDB_PEER_METHOD_1.0,51011,52016,5,0.473008539749039
MDB_ANALYTICAL_2024_2,MDB_PEER_METHOD_1.0,51011,17008,6,0.50758478052697353
MDB_ANALYTICAL_2024_2,MDB_PEER_METHOD_1.0,51011,31058,7,0.51739318385023436
MDB_ANALYTICAL_2024_2,MDB_PEER_METHOD_1.0,51011,51007,8,0.51902464078823751
MDB_ANALYTICAL_2024_2,MDB_PEER_METHOD_1.0,51011,29008,9,0.53973656575032891
MDB_ANALYTICAL_2024_2,MDB_PEER_METHOD_1.0,51011,29021,10,0.56632348908543606
MDB_ANALYTICAL_2024_2,MDB_PEER_METHOD_1.0,51012,51005,1,0.38613488706169474
MDB_ANALYTICAL_2024_2,MDB_PEER_METHOD_1.0,51012,51006,2,0.40161642740462133
MDB_ANALYTICAL_2024_2,MDB_PEER_METHOD_1.0,51012,50015,3,0.50965479891623244
MDB_ANALYTICAL_2024_2,MDB_PEER_METHOD_1.0,51012,17008,4,0.57863305831953649
MDB_ANALYTICAL_2024_2,MDB_PEER_METHOD_1.0,51012,51008,5,0.64834038622653145
MDB_ANALYTICAL_2024_2,MDB_PEER_METHOD_1.0,51012,51011,6,0.72342411172671583
MDB_ANALYTICAL_2024_2,MDB_PEER_METHOD_1.0,51012,52014,7,0.72822052482326494
MDB_ANALYTICAL_2024_2,MDB_PEER_METHOD_1.0,51012,51003,8,0.73927611555555905
MDB_ANALYTICAL_2024_2,MDB_PEER_METHOD_1.0,51012,52008,9,0.74887404996737761
MDB_ANALYTICAL_2024_2,MDB_PEER_METHOD_1.0,51012,51004,10,0.76171359780517534
MDB_ANALYTICAL_2024_2,MDB_PEER_METHOD_1.0,51013,29002,1,0.47216573177566673
MDB_ANALYTICAL_2024_2,MDB_PEER_METHOD_1.0,51013,51014,2,0.56609713324747235
MDB_ANALYTICAL_2024_2,MDB_PEER_METHOD_1.0,51013,52015,3,0.59428872653565878
MDB_ANALYTICAL_2024_2,MDB_PEER_METHOD_1.0,51013,29010,4,0.69742164925118855
MDB_ANALYTICAL_2024_2,MDB_PEER_METHOD_1.0,51013,21008,5,0.70600643613526604
MDB_ANALYTICAL_2024_2,MDB_PEER_METHOD_1.0,51013,23024,6,0.71653025071430299
MDB_ANALYTICAL_2024_2,MDB_PEER_METHOD_1.0,51013,29007,7,0.71771569669956281
MDB_ANALYTICAL_2024_2,MDB_PEER_METHOD_1.0,51013,15001,8,0.71943109630940061
MDB_ANALYTICAL_2024_2,MDB_PEER_METHOD_1.0,51013,29003,9,0.74993481493724035
MDB_ANALYTICAL_2024_2,MDB_PEER_METHOD_1.0,51013,29014,10,0.77668265651919244
MDB_ANALYTICAL_2024_2,MDB_PEER_METHOD_1.0,51014,29002,1,0.19330311676354639
MDB_ANALYTICAL_2024_2,MDB_PEER_METHOD_1.0,51014,12002,2,0.44388297936235127
MDB_ANALYTICAL_2024_2,MDB_PEER_METHOD_1.0,51014,11003,3,0.56031772485497877
MDB_ANALYTICAL_2024_2,MDB_PEER_METHOD_1.0,51014,51013,4,0.56609713324747235
MDB_ANALYTICAL_2024_2,MDB_PEER_METHOD_1.0,51014,17006,5,0.57748899995890868
MDB_ANALYTICAL_2024_2,MDB_PEER_METHOD_1.0,51014,43003,6,0.57919184341172603
MDB_ANALYTICAL_2024_2,MDB_PEER_METHOD_1.0,51014,15001,7,0.60869251975517047
MDB_ANALYTICAL_2024_2,MDB_PEER_METHOD_1.0,51014,29016,8,0.63152361519004729
MDB_ANALYTICAL_2024_2,MDB_PEER_METHOD_1.0,51014,21008,9,0.63297507212917092
MDB_ANALYTICAL_2024_2,MDB_PEER_METHOD_1.0,51014,50017,10,0.66872850199158951
MDB_ANALYTICAL_2024_2,MDB_PEER_METHOD_1.0,51015,51001,1,0.37064105714889517
MDB_ANALYTICAL_2024_2,MDB_PEER_METHOD_1.0,51015,31053,2,0.51470728212484829
MDB_ANALYTICAL_2024_2,MDB_PEER_METHOD_1.0,51015,12001,3,0.53789782444433887
MDB_ANALYTICAL_2024_2,MDB_PEER_METHOD_1.0,51015,51010,4,0.55052291093807915
MDB_ANALYTICAL_2024_2,MDB_PEER_METHOD_1.0,51015,13007,5,0.57704811199494033
MDB_ANALYTICAL_2024_2,MDB_PEER_METHOD_1.0,51015,51003,6,0.60578422287816047
MDB_ANALYTICAL_2024_2,MDB_PEER_METHOD_1.0,51015,51004,7,0.61747434317632344
MDB_ANALYTICAL_2024_2,MDB_PEER_METHOD_1.0,51015,16002,8,0.64620826778417351
MDB_ANALYTICAL_2024_2,MDB_PEER_METHOD_1.0,51015,14002,9,0.64867838124204147
MDB_ANALYTICAL_2024_2,MDB_PEER_METHOD_1.0,51015,31051,10,0.68471925690906987
MDB_ANALYTICAL_2024_2,MDB_PEER_METHOD_1.0,51016,22007,1,0.41458269919173807
MDB_ANALYTICAL_2024_2,MDB_PEER_METHOD_1.0,51016,16002,2,0.43347968491623973
MDB_ANALYTICAL_2024_2,MDB_PEER_METHOD_1.0,51016,11007,3,0.53180449779587879
MDB_ANALYTICAL_2024_2,MDB_PEER_METHOD_1.0,51016,52006,4,0.62569337037196959
MDB_ANALYTICAL_2024_2,MDB_PEER_METHOD_1.0,51016,12001,5,0.69072231954162744
MDB_ANALYTICAL_2024_2,MDB_PEER_METHOD_1.0,51016,51010,6,0.74549240207074108
MDB_ANALYTICAL_2024_2,MDB_PEER_METHOD_1.0,51016,31077,7,0.84586403624551076
MDB_ANALYTICAL_2024_2,MDB_PEER_METHOD_1.0,51016,51015,8,0.86991834449849259
MDB_ANALYTICAL_2024_2,MDB_PEER_METHOD_1.0,51016,51009,9,0.87226695993502679
MDB_ANALYTICAL_2024_2,MDB_PEER_METHOD_1.0,51016,14002,10,0.93859718681863791
MDB_ANALYTICAL_2024_2,MDB_PEER_METHOD_1.0,52001,32002,1,0.34551523439980641
MDB_ANALYTICAL_2024_2,MDB_PEER_METHOD_1.0,52001,42007,2,0.48083399501027468
MDB_ANALYTICAL_2024_2,MDB_PEER_METHOD_1.0,52001,35163,3,0.49662251896476672
MDB_ANALYTICAL_2024_2,MDB_PEER_METHOD_1.0,52001,41002,4,0.71837654984226562
MDB_ANALYTICAL_2024_2,MDB_PEER_METHOD_1.0,52001,26003,5,0.74631501632918629
MDB_ANALYTICAL_2024_2,MDB_PEER_METHOD_1.0,52001,41017,6,0.98892201522666223
MDB_ANALYTICAL_2024_2,MDB_PEER_METHOD_1.0,52001,41015,7,1.00225796977256
MDB_ANALYTICAL_2024_2,MDB_PEER_METHOD_1.0,52001,29006,8,1.048024709403381
MDB_ANALYTICAL_2024_2,MDB_PEER_METHOD_1.0,52001,22004,9,1.0938614744324995
MDB_ANALYTICAL_2024_2,MDB_PEER_METHOD_1.0,52001,35155,10,1.214041418731485
MDB_ANALYTICAL_2024_2,MDB_PEER_METHOD_1.0,52002,29006,1,0.38396816037945786
MDB_ANALYTICAL_2024_2,MDB_PEER_METHOD_1.0,52002,32004,2,0.46136425903412565
MDB_ANALYTICAL_2024_2,MDB_PEER_METHOD_1.0,52002,22004,3,0.53142491849096662
MDB_ANALYTICAL_2024_2,MDB_PEER_METHOD_1.0,52002,41010,4,0.56374442402211566
MDB_ANALYTICAL_2024_2,MDB_PEER_METHOD_1.0,52002,43021,5,0.60873167668312644
MDB_ANALYTICAL_2024_2,MDB_PEER_METHOD_1.0,52002,29028,6,0.69452529816462427
MDB_ANALYTICAL_2024_2,MDB_PEER_METHOD_1.0,52002,41017,7,0.73384935852498856
MDB_ANALYTICAL_2024_2,MDB_PEER_METHOD_1.0,52002,15008,8,0.74726817058690331
MDB_ANALYTICAL_2024_2,MDB_PEER_METHOD_1.0,52002,26004,9,0.76667159758035719
MDB_ANALYTICAL_2024_2,MDB_PEER_METHOD_1.0,52002,41015,10,0.77350972771935922
MDB_ANALYTICAL_2024_2,MDB_PEER_METHOD_1.0,52003,21001,1,0.10140705356794823
MDB_ANALYTICAL_2024_2,MDB_PEER_METHOD_1.0,52003,29017,2,0.25232262457083138
MDB_ANALYTICAL_2024_2,MDB_PEER_METHOD_1.0,52003,29024,3,0.34960498778256549
MDB_ANALYTICAL_2024_2,MDB_PEER_METHOD_1.0,52003,11001,4,0.46939662034817425
MDB_ANALYTICAL_2024_2,MDB_PEER_METHOD_1.0,52003,52018,5,0.47911392473955461
MDB_ANALYTICAL_2024_2,MDB_PEER_METHOD_1.0,52003,31073,6,0.48079735686892561
MDB_ANALYTICAL_2024_2,MDB_PEER_METHOD_1.0,52003,31070,7,0.49609975052645633
MDB_ANALYTICAL_2024_2,MDB_PEER_METHOD_1.0,52003,21005,8,0.49757070143455645
MDB_ANALYTICAL_2024_2,MDB_PEER_METHOD_1.0,52003,15013,9,0.50749101049710543
MDB_ANALYTICAL_2024_2,MDB_PEER_METHOD_1.0,52003,26012,10,0.50769547190182851
MDB_ANALYTICAL_2024_2,MDB_PEER_METHOD_1.0,52004,33008,1,0.27228512188402865
MDB_ANALYTICAL_2024_2,MDB_PEER_METHOD_1.0,52004,31075,2,0.55455534600346101
MDB_ANALYTICAL_2024_2,MDB_PEER_METHOD_1.0,52004,29004,3,0.84654625181302512
MDB_ANALYTICAL_2024_2,MDB_PEER_METHOD_1.0,52004,26009,4,0.86217691431415688
MDB_ANALYTICAL_2024_2,MDB_PEER_METHOD_1.0,52004,35132,5,0.89100069506225321
MDB_ANALYTICAL_2024_2,MDB_PEER_METHOD_1.0,52004,35174,6,0.89527174381053121
MDB_ANALYTICAL_2024_2,MDB_PEER_METHOD_1.0,52004,35171,7,0.9110241065706407
MDB_ANALYTICAL_2024_2,MDB_PEER_METHOD_1.0,52004,31084,8,0.91499405287091029
MDB_ANALYTICAL_2024_2,MDB_PEER_METHOD_1.0,52004,52011,9,0.92410724230412145
MDB_ANALYTICAL_2024_2,MDB_PEER_METHOD_1.0,52004,42011,10,0.93150671653889916
MDB_ANALYTICAL_2024_2,MDB_PEER_METHOD_1.0,52005,42013,1,0.14631191739791211
MDB_ANALYTICAL_2024_2,MDB_PEER_METHOD_1.0,52005,29014,2,0.17693941690038942
MDB_ANALYTICAL_2024_2,MDB_PEER_METHOD_1.0,52005,29010,3,0.2469235325053927
MDB_ANALYTICAL_2024_2,MDB_PEER_METHOD_1.0,52005,29003,4,0.2773239158711242
MDB_ANALYTICAL_2024_2,MDB_PEER_METHOD_1.0,52005,21011,5,0.30214980154410648
MDB_ANALYTICAL_2024_2,MDB_PEER_METHOD_1.0,52005,52015,6,0.32766084916876692
MDB_ANALYTICAL_2024_2,MDB_PEER_METHOD_1.0,52005,21012,7,0.35235053988664239
MDB_ANALYTICAL_2024_2,MDB_PEER_METHOD_1.0,52005,21019,8,0.40114180575475072
MDB_ANALYTICAL_2024_2,MDB_PEER_METHOD_1.0,52005,50017,9,0.41036160572824709
MDB_ANALYTICAL_2024_2,MDB_PEER_METHOD_1.0,52005,35121,10,0.42250748009978972
MDB_ANALYTICAL_2024_2,MDB_PEER_METHOD_1.0,52006,22007,1,0.35537272182852425
MDB_ANALYTICAL_2024_2,MDB_PEER_METHOD_1.0,52006,31050,2,0.53086342659197761
MDB_ANALYTICAL_2024_2,MDB_PEER_METHOD_1.0,52006,51016,3,0.62569337037196959
MDB_ANALYTICAL_2024_2,MDB_PEER_METHOD_1.0,52006,51010,4,0.6550106544184322
MDB_ANALYTICAL_2024_2,MDB_PEER_METHOD_1.0,52006,31051,5,0.69848174928211648
MDB_ANALYTICAL_2024_2,MDB_PEER_METHOD_1.0,52006,16002,6,0.72252581983252218
MDB_ANALYTICAL_2024_2,MDB_PEER_METHOD_1.0,52006,31076,7,0.72340336492707358
MDB_ANALYTICAL_2024_2,MDB_PEER_METHOD_1.0,52006,12001,8,0.754609094651152
MDB_ANALYTICAL_2024_2,MDB_PEER_METHOD_1.0,52006,51009,9,0.75671913642355437
MDB_ANALYTICAL_2024_2,MDB_PEER_METHOD_1.0,52006,31096,10,0.80737342986063332
MDB_ANALYTICAL_2024_2,MDB_PEER_METHOD_1.0,52007,43002,1,0.33399700614344419
MDB_ANALYTICAL_2024_2,MDB_PEER_METHOD_1.0,52007,52014,2,0.44586152853176475
MDB_ANALYTICAL_2024_2,MDB_PEER_METHOD_1.0,52007,43024,3,0.45073270635084522
MDB_ANALYTICAL_2024_2,MDB_PEER_METHOD_1.0,52007,22010,4,0.46159189435852116
MDB_ANALYTICAL_2024_2,MDB_PEER_METHOD_1.0,52007,52008,5,0.48260863667120696
MDB_ANALYTICAL_2024_2,MDB_PEER_METHOD_1.0,52007,22008,6,0.51580730578055611
MDB_ANALYTICAL_2024_2,MDB_PEER_METHOD_1.0,52007,17008,7,0.55238483038986053
MDB_ANALYTICAL_2024_2,MDB_PEER_METHOD_1.0,52007,31085,8,0.55295491609831371
MDB_ANALYTICAL_2024_2,MDB_PEER_METHOD_1.0,52007,52010,9,0.566060647923329
MDB_ANALYTICAL_2024_2,MDB_PEER_METHOD_1.0,52007,31026,10,0.590858163430941
MDB_ANALYTICAL_2024_2,MDB_PEER_METHOD_1.0,52008,17008,1,0.26357461747462563
MDB_ANALYTICAL_2024_2,MDB_PEER_METHOD_1.0,52008,17007,2,0.37972242149650759
MDB_ANALYTICAL_2024_2,MDB_PEER_METHOD_1.0,52008,22010,3,0.38162920373220577
MDB_ANALYTICAL_2024_2,MDB_PEER_METHOD_1.0,52008,51011,4,0.4050683189583742
MDB_ANALYTICAL_2024_2,MDB_PEER_METHOD_1.0,52008,52009,5,0.42233150670342945
MDB_ANALYTICAL_2024_2,MDB_PEER_METHOD_1.0,52008,22008,6,0.43898582933742702
MDB_ANALYTICAL_2024_2,MDB_PEER_METHOD_1.0,52008,22001,7,0.45626349836707775
MDB_ANALYTICAL_2024_2,MDB_PEER_METHOD_1.0,52008,43002,8,0.47898717998287571
MDB_ANALYTICAL_2024_2,MDB_PEER_METHOD_1.0,52008,52007,9,0.48260863667120696
MDB_ANALYTICAL_2024_2,MDB_PEER_METHOD_1.0,52008,31026,10,0.52812185072947482
MDB_ANALYTICAL_2024_2,MDB_PEER_METHOD_1.0,52009,22010,1,0.29997631371634792
MDB_ANALYTICAL_2024_2,MDB_PEER_METHOD_1.0,52009,22012,2,0.32673109942535594
MDB_ANALYTICAL_2024_2,MDB_PEER_METHOD_1.0,52009,22008,3,0.34558587153915982
MDB_ANALYTICAL_2024_2,MDB_PEER_METHOD_1.0,52009,22001,4,0.4081652707170525
MDB_ANALYTICAL_2024_2,MDB_PEER_METHOD_1.0,52009,52008,5,0.42233150670342945
MDB_ANALYTICAL_2024_2,MDB_PEER_METHOD_1.0,52009,17007,6,0.44035715324209102
MDB_ANALYTICAL_2024_2,MDB_PEER_METHOD_1.0,52009,22006,7,0.53901287597778569
MDB_ANALYTICAL_2024_2,MDB_PEER_METHOD_1.0,52009,17008,8,0.53936151255991416
MDB_ANALYTICAL_2024_2,MDB_PEER_METHOD_1.0,52009,52010,9,0.55702797538036508
MDB_ANALYTICAL_2024_2,MDB_PEER_METHOD_1.0,52009,25005,10,0.55988809256073835
MDB_ANALYTICAL_2024_2,MDB_PEER_METHOD_1.0,52010,31026,1,0.23515269821303822
MDB_ANALYTICAL_2024_2,MDB_PEER_METHOD_1.0,52010,22008,2,0.2451844955799905
MDB_ANALYTICAL_2024_2,MDB_PEER_METHOD_1.0,52010,43002,3,0.35254956458298953
MDB_ANALYTICAL_2024_2,MDB_PEER_METHOD_1.0,52010,22010,4,0.35813137962370878
MDB_ANALYTICAL_2024_2,MDB_PEER_METHOD_1.0,52010,43012,5,0.36048976346892386
MDB_ANALYTICAL_2024_2,MDB_PEER_METHOD_1.0,52010,31094,6,0.37703865511667306
MDB_ANALYTICAL_2024_2,MDB_PEER_METHOD_1.0,52010,22012,7,0.40098973574867086
MDB_ANALYTICAL_2024_2,MDB_PEER_METHOD_1.0,52010,43019,8,0.40747981524597715
MDB_ANALYTICAL_2024_2,MDB_PEER_METHOD_1.0,52010,31102,9,0.46797180010331185
MDB_ANALYTICAL_2024_2,MDB_PEER_METHOD_1.0,52010,22001,10,0.48250738407200766
MDB_ANALYTICAL_2024_2,MDB_PEER_METHOD_1.0,52011,41003,1,0.44081464688908567
MDB_ANALYTICAL_2024_2,MDB_PEER_METHOD_1.0,52011,35161,2,0.48247194779412705
MDB_ANALYTICAL_2024_2,MDB_PEER_METHOD_1.0,52011,41009,3,0.50234776873372144
MDB_ANALYTICAL_2024_2,MDB_PEER_METHOD_1.0,52011,35081,4,0.56210657025222122
MDB_ANALYTICAL_2024_2,MDB_PEER_METHOD_1.0,52011,31072,5,0.61478942990708441
MDB_ANALYTICAL_2024_2,MDB_PEER_METHOD_1.0,52011,35174,6,0.63020838147102365
MDB_ANALYTICAL_2024_2,MDB_PEER_METHOD_1.0,52011,31075,7,0.65326464156448505
MDB_ANALYTICAL_2024_2,MDB_PEER_METHOD_1.0,52011,31086,8,0.66290042176359809
MDB_ANALYTICAL_2024_2,MDB_PEER_METHOD_1.0,52011,35064,9,0.66554594168036663
MDB_ANALYTICAL_2024_2,MDB_PEER_METHOD_1.0,52011,29018,10,0.67087536058939878
MDB_ANALYTICAL_2024_2,MDB_PEER_METHOD_1.0,52012,21015,1,0.34980797191457175
MDB_ANALYTICAL_2024_2,MDB_PEER_METHOD_1.0,52012,17005,2,0.38928022561722603
MDB_ANALYTICAL_2024_2,MDB_PEER_METHOD_1.0,52012,22001,3,0.39281768544925905
MDB_ANALYTICAL_2024_2,MDB_PEER_METHOD_1.0,52012,22006,4,0.40391620128445227
MDB_ANALYTICAL_2024_2,MDB_PEER_METHOD_1.0,52012,17001,5,0.43447819050529118
MDB_ANALYTICAL_2024_2,MDB_PEER_METHOD_1.0,52012,21019,6,0.45809704300619281
MDB_ANALYTICAL_2024_2,MDB_PEER_METHOD_1.0,52012,22002,7,0.50464131994301309
MDB_ANALYTICAL_2024_2,MDB_PEER_METHOD_1.0,52012,52013,8,0.53200685615853904
MDB_ANALYTICAL_2024_2,MDB_PEER_METHOD_1.0,52012,21003,9,0.56373359614270613
MDB_ANALYTICAL_2024_2,MDB_PEER_METHOD_1.0,52012,31094,10,0.56991807547609585
MDB_ANALYTICAL_2024_2,MDB_PEER_METHOD_1.0,52013,22006,1,0.41367193578785527
MDB_ANALYTICAL_2024_2,MDB_PEER_METHOD_1.0,52013,17002,2,0.41817408818351792
MDB_ANALYTICAL_2024_2,MDB_PEER_METHOD_1.0,52013,43018,3,0.4688344578642083
MDB_ANALYTICAL_2024_2,MDB_PEER_METHOD_1.0,52013,22012,4,0.51320905791598326
MDB_ANALYTICAL_2024_2,MDB_PEER_METHOD_1.0,52013,52012,5,0.53200685615853904
MDB_ANALYTICAL_2024_2,MDB_PEER_METHOD_1.0,52013,25005,6,0.55268358565706233
MDB_ANALYTICAL_2024_2,MDB_PEER_METHOD_1.0,52013,22001,7,0.57139016107516438
MDB_ANALYTICAL_2024_2,MDB_PEER_METHOD_1.0,52013,21019,8,0.57926357217194924
MDB_ANALYTICAL_2024_2,MDB_PEER_METHOD_1.0,52013,25007,9,0.59561531194882245
MDB_ANALYTICAL_2024_2,MDB_PEER_METHOD_1.0,52013,41022,10,0.5974792993325384
MDB_ANALYTICAL_2024_2,MDB_PEER_METHOD_1.0,52014,11005,1,0.25071053249038738
MDB_ANALYTICAL_2024_2,MDB_PEER_METHOD_1.0,52014,43024,2,0.34953224256622994
MDB_ANALYTICAL_2024_2,MDB_PEER_METHOD_1.0,52014,43002,3,0.42705552066370939
MDB_ANALYTICAL_2024_2,MDB_PEER_METHOD_1.0,52014,31085,4,0.43041662521262425
MDB_ANALYTICAL_2024_2,MDB_PEER_METHOD_1.0,52014,50015,5,0.43730342278850004
MDB_ANALYTICAL_2024_2,MDB_PEER_METHOD_1.0,52014,51005,6,0.44075948661672748
MDB_ANALYTICAL_2024_2,MDB_PEER_METHOD_1.0,52014,52007,7,0.44586152853176475
MDB_ANALYTICAL_2024_2,MDB_PEER_METHOD_1.0,52014,50016,8,0.45933821380704265
MDB_ANALYTICAL_2024_2,MDB_PEER_METHOD_1.0,52014,31055,9,0.47165565116580749
MDB_ANALYTICAL_2024_2,MDB_PEER_METHOD_1.0,52014,29008,10,0.50413205086594404
MDB_ANALYTICAL_2024_2,MDB_PEER_METHOD_1.0,52015,29010,1,0.15333264683788533
MDB_ANALYTICAL_2024_2,MDB_PEER_METHOD_1.0,52015,29014,2,0.22657729474766408
MDB_ANALYTICAL_2024_2,MDB_PEER_METHOD_1.0,52015,29003,3,0.25400407069839376
MDB_ANALYTICAL_2024_2,MDB_PEER_METHOD_1.0,52015,52005,4,0.32766084916876692
MDB_ANALYTICAL_2024_2,MDB_PEER_METHOD_1.0,52015,21008,5,0.33577082965829141
MDB_ANALYTICAL_2024_2,MDB_PEER_METHOD_1.0,52015,21011,6,0.36448881187178156
MDB_ANALYTICAL_2024_2,MDB_PEER_METHOD_1.0,52015,41005,7,0.3738956212872937
MDB_ANALYTICAL_2024_2,MDB_PEER_METHOD_1.0,52015,29007,8,0.46441439936992895
MDB_ANALYTICAL_2024_2,MDB_PEER_METHOD_1.0,52015,50017,9,0.471005054726993
MDB_ANALYTICAL_2024_2,MDB_PEER_METHOD_1.0,52015,23024,10,0.47150998694258717
MDB_ANALYTICAL_2024_2,MDB_PEER_METHOD_1.0,52016,51007,1,0.099669556029483672
MDB_ANALYTICAL_2024_2,MDB_PEER_METHOD_1.0,52016,15013,2,0.19731300650515921
MDB_ANALYTICAL_2024_2,MDB_PEER_METHOD_1.0,52016,11001,3,0.23445634365250648
MDB_ANALYTICAL_2024_2,MDB_PEER_METHOD_1.0,52016,29008,4,0.31538028329504597
MDB_ANALYTICAL_2024_2,MDB_PEER_METHOD_1.0,52016,31058,5,0.37131210723587454
MDB_ANALYTICAL_2024_2,MDB_PEER_METHOD_1.0,52016,29021,6,0.40466791398655089
MDB_ANALYTICAL_2024_2,MDB_PEER_METHOD_1.0,52016,50009,7,0.42810353350406266
MDB_ANALYTICAL_2024_2,MDB_PEER_METHOD_1.0,52016,51011,8,0.473008539749039
MDB_ANALYTICAL_2024_2,MDB_PEER_METHOD_1.0,52016,21003,9,0.50967683396726937
MDB_ANALYTICAL_2024_2,MDB_PEER_METHOD_1.0,52016,29017,10,0.54256434896785943
MDB_ANALYTICAL_2024_2,MDB_PEER_METHOD_1.0,52017,21013,1,0.11207809675561928
MDB_ANALYTICAL_2024_2,MDB_PEER_METHOD_1.0,52017,29013,2,0.16497824455432564
MDB_ANALYTICAL_2024_2,MDB_PEER_METHOD_1.0,52017,31099,3,0.18918588280897078
MDB_ANALYTICAL_2024_2,MDB_PEER_METHOD_1.0,52017,21002,4,0.22633354672827499
MDB_ANALYTICAL_2024_2,MDB_PEER_METHOD_1.0,52017,31057,5,0.23977257569598392
MDB_ANALYTICAL_2024_2,MDB_PEER_METHOD_1.0,52017,21014,6,0.33768502524934113
MDB_ANALYTICAL_2024_2,MDB_PEER_METHOD_1.0,52017,26012,7,0.33880389886654033
MDB_ANALYTICAL_2024_2,MDB_PEER_METHOD_1.0,52017,26007,8,0.36238681469709727
MDB_ANALYTICAL_2024_2,MDB_PEER_METHOD_1.0,52017,21006,9,0.3769681301577133
MDB_ANALYTICAL_2024_2,MDB_PEER_METHOD_1.0,52017,35022,10,0.38109190381292274
MDB_ANALYTICAL_2024_2,MDB_PEER_METHOD_1.0,52018,31070,1,0.20260774078713037
MDB_ANALYTICAL_2024_2,MDB_PEER_METHOD_1.0,52018,31073,2,0.21276375440394776
MDB_ANALYTICAL_2024_2,MDB_PEER_METHOD_1.0,52018,41021,3,0.26483089094570239
MDB_ANALYTICAL_2024_2,MDB_PEER_METHOD_1.0,52018,31074,4,0.27050085000826773
MDB_ANALYTICAL_2024_2,MDB_PEER_METHOD_1.0,52018,41006,5,0.36901613614069723
MDB_ANALYTICAL_2024_2,MDB_PEER_METHOD_1.0,52018,21001,6,0.39098632735009198
MDB_ANALYTICAL_2024_2,MDB_PEER_METHOD_1.0,52018,29017,7,0.39404233891251805
MDB_ANALYTICAL_2024_2,MDB_PEER_METHOD_1.0,52018,26011,8,0.41288180427220905
MDB_ANALYTICAL_2024_2,MDB_PEER_METHOD_1.0,52018,41004,9,0.47494303406438904
MDB_ANALYTICAL_2024_2,MDB_PEER_METHOD_1.0,52018,52003,10,0.47911392473955461
MDB_ANALYTICAL_2024_2,MDB_PEER_METHOD_1.0,53001,31018,1,2.2297614958511174
MDB_ANALYTICAL_2024_2,MDB_PEER_METHOD_1.0,53001,15006,2,2.2577371640937072
MDB_ANALYTICAL_2024_2,MDB_PEER_METHOD_1.0,53001,21016,3,2.2772398397038933
MDB_ANALYTICAL_2024_2,MDB_PEER_METHOD_1.0,53001,24007,4,2.3785657649078975
MDB_ANALYTICAL_2024_2,MDB_PEER_METHOD_1.0,53001,35016,5,2.4501263397125927
MDB_ANALYTICAL_2024_2,MDB_PEER_METHOD_1.0,53001,43010,6,2.4887090703880372
MDB_ANALYTICAL_2024_2,MDB_PEER_METHOD_1.0,53001,33006,7,2.756804963749961
MDB_ANALYTICAL_2024_2,MDB_PEER_METHOD_1.0,53001,35012,8,2.7727536383972478
MDB_ANALYTICAL_2024_2,MDB_PEER_METHOD_1.0,53001,42011,9,2.8472541734373662
MDB_ANALYTICAL_2024_2,MDB_PEER_METHOD_1.0,53001,35102,10,2.9005377960314815
