health_region_code,delta_need_score,delta_capacity_score,delta_mismatch_score,delta_suicide_percentile,delta_psychiatric_admission_percentile,delta_caps_percentile,delta_beds_percentile,delta_psychiatrist_fte_percentile,NEED_POSITION_UP,CAPACITY_POSITION_DOWN,MISMATCH_POSITION_UP,NEED_COMPONENT_POSITION_UP,CAPACITY_COMPONENT_POSITION_DOWN,matched_change_families,from_year,to_year,change_version
11001,-0.023972602739726012,-0.03614916286149164,0.012176560121765628,-0.084474885844748826,0.036529680365296802,-0.022831050228310501,-0.003424657534246589,-0.082191780821917804,False,False,False,False,False,0,2022,2023,MDB_CHANGE_RADAR_RULESET_1.0
11002,-0.076484018264840137,-0.0064687975646879892,-0.070015220700152148,-0.15981735159817356,0.0068493150684931781,-0.047945205479452024,-0.003424657534246589,0.031963470319634757,False,False,False,False,False,0,2022,2023,MDB_CHANGE_RADAR_RULESET_1.0
11003,0.10844748858447495,-0.015220700152207001,0.12366818873668195,0.16666666666666669,0.050228310502283102,0.11643835616438353,-0.0022831050228311334,-0.15981735159817353,False,False,False,False,False,0,2022,2023,MDB_CHANGE_RADAR_RULESET_1.0
11004,0.010273972602739656,-0.0019025875190258335,0.01217656012176549,0.011415525114155223,0.0091324200913242004,-0.018264840182648401,-0.003424657534246589,0.015981735159817378,False,False,False,False,False,0,2022,2023,MDB_CHANGE_RADAR_RULESET_1.0
11005,-0.0022831050228311334,-0.017123287671232917,0.014840182648401812,-0.095890410958904049,0.091324200913242004,-0.029680365296803679,-0.003424657534246589,-0.018264840182648401,False,False,False,False,False,0,2022,2023,MDB_CHANGE_RADAR_RULESET_1.0
11006,-0.075342465753424626,0.092085235920852326,-0.16742770167427695,-0.13926940639269403,-0.011415525114155223,-0.04337899543378998,-0.006849315068493067,0.32648401826484019,False,False,False,False,False,0,2022,2023,MDB_CHANGE_RADAR_RULESET_1.0
11007,0.087899543378995415,-0.00076103500761033616,0.088660578386605737,0.15753424657534248,0.018264840182648401,0,-0.003424657534246589,0.0011415525114155251,False,False,False,False,False,0,2022,2023,MDB_CHANGE_RADAR_RULESET_1.0
12001,-0.10616438356164387,0.04337899543378998,-0.14954337899543385,-0.15753424657534243,-0.05479452054794523,0.13242009132420085,-0.003424657534246589,0.0011415525114155251,False,False,False,False,False,0,2022,2023,MDB_CHANGE_RADAR_RULESET_1.0
12002,0.038812785388127935,-0.041095890410958902,0.079908675799086837,0.084474885844748937,-0.006849315068493067,0.047945205479452052,-0.0022831050228310223,-0.16894977168949774,False,False,False,False,False,0,2022,2023,MDB_CHANGE_RADAR_RULESET_1.0
12003,0.19178082191780821,0.065068493150684914,0.12671232876712332,0.33789954337899542,0.045662100456621002,0.16210045662100456,-0.003424657534246589,0.036529680365296802,True,False,False,True,False,2,2022,2023,MDB_CHANGE_RADAR_RULESET_1.0
13001,-0.023972602739726012,-0.0019025875190258612,-0.022070015220700151,-0.045662100456621002,-0.0022831050228310501,-0.0022831050228310501,-0.003424657534246589,0,False,False,False,False,False,0,2022,2023,MDB_CHANGE_RADAR_RULESET_1.0
13002,-0.037671232876712313,-0.013318112633181139,-0.024353120243531173,-0.084474885844748854,0.0091324200913242004,-0.029680365296803679,-0.003424657534246589,-0.0068493150684931503,False,False,False,False,False,0,2022,2023,MDB_CHANGE_RADAR_RULESET_1.0
13003,0,-0.064307458143074592,0.064307458143074592,0.0045662100456621002,-0.0045662100456621002,-0.050228310502283158,-0.003424657534246589,-0.13926940639269408,False,False,False,False,False,0,2022,2023,MDB_CHANGE_RADAR_RULESET_1.0
13004,0.0079908675799086754,-0.0019025875190258751,0.0098934550989345504,0.015981735159817351,0,-0.0022831050228310501,-0.003424657534246589,0,False,False,False,False,False,0,2022,2023,MDB_CHANGE_RADAR_RULESET_1.0
13005,0.090182648401826493,-0.018645357686453562,0.10882800608828005,0.082191780821917804,0.098173515981735154,-0.022831050228310501,-0.003424657534246589,-0.029680365296803651,False,False,False,False,False,0,2022,2023,MDB_CHANGE_RADAR_RULESET_1.0
13006,-0.0011415525114155251,-0.010273972602739739,0.0091324200913242282,0.0045662100456621002,-0.0068493150684931503,-0.031963470319634701,-0.003424657534246589,0.0045662100456621002,False,False,False,False,False,0,2022,2023,MDB_CHANGE_RADAR_RULESET_1.0
13007,0.011415525114155223,-0.014840182648401812,0.026255707762557035,0.041095890410958846,-0.018264840182648401,-0.041095890410958902,-0.003424657534246589,0,False,False,False,False,False,0,2022,2023,MDB_CHANGE_RADAR_RULESET_1.0
13008,-0.1860730593607306,-0.012557077625570776,-0.17351598173515981,-0.37214611872146119,0,-0.0045662100456621002,-0.003424657534246589,-0.029680365296803651,False,False,False,False,False,0,2022,2023,MDB_CHANGE_RADAR_RULESET_1.0
13009,0.0045662100456621002,-0.0019025875190258751,0.0064687975646879892,0.0091324200913242004,0,0,-0.003424657534246589,-0.0022831050228310501,False,False,False,False,False,0,2022,2023,MDB_CHANGE_RADAR_RULESET_1.0
14001,0.035388127853881235,-0.067732115677321181,0.10312024353120242,0.086757990867579848,-0.015981735159817351,-0.057077625570776225,-0.0091324200913242004,-0.13698630136986301,False,False,False,False,False,0,2022,2023,MDB_CHANGE_RADAR_RULESET_1.0
14002,0.039954337899543377,0.040715372907153768,-0.0007610350076104333,0.054794520547945202,0.025114155251141551,-0.066210045662100425,-0.003424657534246589,0.19178082191780821,False,False,False,False,False,0,2022,2023,MDB_CHANGE_RADAR_RULESET_1.0
15001,0.12214611872146119,-0.014079147640791434,0.13622526636225263,0.18493150684931514,0.05936073059360733,-0.041095890410958846,-0.003424657534246589,0.0022831050228310501,False,False,False,False,False,0,2022,2023,MDB_CHANGE_RADAR_RULESET_1.0
15002,0.065068493150684942,0.0026636225266362112,0.062404870624048731,0.12785388127853881,0.0022831050228310501,0.0068493150684931503,-0.003424657534246589,0.0045662100456621002,False,False,False,False,False,0,2022,2023,MDB_CHANGE_RADAR_RULESET_1.0
15003,0.012557077625570789,0.0038051750380517779,0.0087519025875190115,0.022831050228310501,0.0022831050228310223,0.015981735159817351,-0.0045662100456621557,0,False,False,False,False,False,0,2022,2023,MDB_CHANGE_RADAR_RULESET_1.0
15004,0.022831050228310515,-0.013318112633181167,0.036149162861491668,0.050228310502283102,-0.0045662100456621002,-0.034246575342465779,-0.003424657534246589,-0.0022831050228310501,False,False,False,False,False,0,2022,2023,MDB_CHANGE_RADAR_RULESET_1.0
15006,0.0022831050228310223,-0.02245053272450534,0.024733637747336362,0.0091324200913242004,-0.0045662100456621557,-0.0022831050228310501,-0.003424657534246589,-0.061643835616438353,False,False,False,False,False,0,2022,2023,MDB_CHANGE_RADAR_RULESET_1.0
15007,-0.011415525114155251,0.029299847792998546,-0.040715372907153796,0.0068493150684931503,-0.029680365296803651,0.18036529680365304,-0.003424657534246589,-0.089041095890410954,False,False,False,False,False,0,2022,2023,MDB_CHANGE_RADAR_RULESET_1.0
15008,-0.018264840182648401,0.010273972602739767,-0.028538812785388168,-0.029680365296803651,-0.0068493150684931503,0.036529680365296802,-0.003424657534246589,-0.0022831050228310501,False,False,False,False,False,0,2022,2023,MDB_CHANGE_RADAR_RULESET_1.0
15009,0.014840182648401867,-0.050228310502283047,0.065068493150684914,0.011415525114155251,0.018264840182648401,-0.10730593607305938,-0.0022831050228311334,-0.041095890410958902,False,False,False,False,False,0,2022,2023,MDB_CHANGE_RADAR_RULESET_1.0
15010,-0.043378995433789924,-0.010273972602739767,-0.033105022831050157,-0.077625570776255703,-0.0091324200913242004,-0.022831050228310501,-0.003424657534246589,-0.0045662100456621002,False,False,False,False,False,0,2022,2023,MDB_CHANGE_RADAR_RULESET_1.0
15011,-0.010273972602739739,-0.02092846270928464,0.0106544901065449,0.0068493150684931503,-0.027397260273972601,-0.043378995433789924,-0.003424657534246589,-0.015981735159817351,False,False,False,False,False,0,2022,2023,MDB_CHANGE_RADAR_RULESET_1.0
15012,-0.075342465753424653,0.036149162861491613,-0.11149162861491627,-0.12100456621004568,-0.029680365296803651,0.041095890410958846,-0.003424657534246589,0.070776255707762553,False,False,False,False,False,0,2022,2023,MDB_CHANGE_RADAR_RULESET_1.0
15013,0.0022831050228310501,-0.0030441400304413724,0.0053272450532724225,0.0091324200913242004,-0.0045662100456621002,-0.0068493150684931503,-0.003424657534246589,0.0011415525114155251,False,False,False,False,False,0,2022,2023,MDB_CHANGE_RADAR_RULESET_1.0
15014,-0.0091324200913242004,-0.011035007610350089,0.001902587519025889,-0.011415525114155278,-0.0068493150684931503,-0.041095890410958902,-0.003424657534246589,0.011415525114155251,False,False,False,False,False,0,2022,2023,MDB_CHANGE_RADAR_RULESET_1.0
16001,0.042237442922374413,0.03386605783866059,0.0083713850837138226,0.084474885844748882,0,-0.015981735159817351,-0.003424657534246589,0.12100456621004566,False,False,False,False,False,0,2022,2023,MDB_CHANGE_RADAR_RULESET_1.0
16002,0.05707762557077628,-0.015220700152207001,0.072298325722983281,0.084474885844748937,0.029680365296803651,-0.04337899543378998,-0.003424657534246589,0.0011415525114155251,False,False,False,False,False,0,2022,2023,MDB_CHANGE_RADAR_RULESET_1.0
16003,-0.022831050228310529,-0.01712328767123289,-0.0057077625570776391,-0.04337899543378998,-0.0022831050228310501,-0.047945205479452135,-0.003424657534246589,0,False,False,False,False,False,0,2022,2023,MDB_CHANGE_RADAR_RULESET_1.0
17001,-0.070776255707762581,0.044140030441400246,-0.11491628614916283,-0.079908675799086781,-0.06164383561643838,0.1004566210045662,-0.0022831050228310223,0.034246575342465668,False,False,False,False,False,0,2022,2023,MDB_CHANGE_RADAR_RULESET_1.0
17002,0.0091324200913241727,0.037671232876712368,-0.028538812785388168,0.025114155251141523,-0.0068493150684931503,-0.029680365296803624,-0.003424657534246589,0.14611872146118721,False,False,False,False,False,0,2022,2023,MDB_CHANGE_RADAR_RULESET_1.0
17003,0.034246575342465779,-0.02321156773211569,0.057458143074581469,0.11415525114155245,-0.045662100456621002,-0.045662100456621002,-0.003424657534246589,-0.020547945205479451,False,False,False,False,False,0,2022,2023,MDB_CHANGE_RADAR_RULESET_1.0
17004,0.006849315068493067,0.030060882800608812,-0.023211567732115745,0.041095890410958846,-0.027397260273972601,-0.038812785388127824,-0.003424657534246589,0.13242009132420093,False,False,False,False,False,0,2022,2023,MDB_CHANGE_RADAR_RULESET_1.0
17005,0.13698630136986312,-0.0011415525114155667,0.13812785388127868,0.12328767123287676,0.15068493150684931,-0.034246575342465779,-0.003424657534246589,0.034246575342465779,False,False,False,False,False,0,2022,2023,MDB_CHANGE_RADAR_RULESET_1.0
17006,0.063926940639269403,0.023592085235920934,0.040334855403348469,0.068493150684931559,0.059360730593607247,0.068493150684931503,-0.0045662100456620447,0.006849315068493067,False,False,False,False,False,0,2022,2023,MDB_CHANGE_RADAR_RULESET_1.0
17007,0.052511415525114236,-0.020167427701674262,0.072678843226788525,0.16666666666666674,-0.061643835616438325,-0.0045662100456621002,-0.003424657534246589,-0.052511415525114152,False,False,False,False,False,0,2022,2023,MDB_CHANGE_RADAR_RULESET_1.0
17008,-0.070776255707762692,-0.01560121765601219,-0.055175038051750502,-0.077625570776255759,-0.063926940639269403,-0.0068493150684931503,-0.003424657534246589,-0.036529680365296802,False,False,False,False,False,0,2022,2023,MDB_CHANGE_RADAR_RULESET_1.0
21001,0.0022831050228310223,0.07572298325722987,-0.073439878234398848,0.050228310502283102,-0.04566210045662103,0.13013698630136988,-0.003424657534246589,0.1004566210045662,False,False,False,False,False,0,2022,2023,MDB_CHANGE_RADAR_RULESET_1.0
21002,-0.0022831050228310779,-0.06811263318112637,0.065829528158295292,-0.0068493150684931503,0.0022831050228310779,0.13242009132420091,-0.003424657534246589,-0.33333333333333337,False,False,False,False,True,1,2022,2023,MDB_CHANGE_RADAR_RULESET_1.0
21003,-0.012557077625570734,-0.0095129375951293615,-0.0030441400304413724,0.020547945205479534,-0.045662100456621002,-0.022831050228310501,-0.003424657534246589,-0.0022831050228310501,False,False,False,False,False,0,2022,2023,MDB_CHANGE_RADAR_RULESET_1.0
21004,0.053652968036529691,0.072678843226788387,-0.019025875190258695,0.15068493150684931,-0.043378995433789952,0.19406392694063926,-0.003424657534246589,0.027397260273972601,False,False,False,False,False,0,2022,2023,MDB_CHANGE_RADAR_RULESET_1.0
21005,-0.022831050228310557,0.02777777777777779,-0.050608828006088347,0.066210045662100481,-0.11187214611872148,-0.036529680365296802,-0.003424657534246589,0.12328767123287671,False,False,False,False,False,0,2022,2023,MDB_CHANGE_RADAR_RULESET_1.0
21006,-0.025114155251141523,-0.02777777777777779,0.0026636225266362668,-0.011415525114155251,-0.038812785388127824,-0.0022831050228310501,-0.003424657534246589,-0.077625570776255703,False,False,False,False,False,0,2022,2023,MDB_CHANGE_RADAR_RULESET_1.0
21007,0.020547945205479479,-0.012557077625570845,0.033105022831050324,-0.0091324200913242004,0.050228310502283102,-0.029680365296803679,-0.003424657534246589,-0.0045662100456621002,False,False,False,False,False,0,2022,2023,MDB_CHANGE_RADAR_RULESET_1.0
21008,-0.029680365296803651,-0.03386605783866059,0.0041856925418569391,-0.034246575342465724,-0.025114155251141551,-0.031963470319634701,-0.003424657534246589,-0.066210045662100481,False,False,False,False,False,0,2022,2023,MDB_CHANGE_RADAR_RULESET_1.0
21009,-0.013698630136986301,-0.021689497716894962,0.0079908675799086615,-0.013698630136986301,-0.013698630136986301,-0.022831050228310501,-0.003424657534246589,-0.038812785388127852,False,False,False,False,False,0,2022,2023,MDB_CHANGE_RADAR_RULESET_1.0
21010,-0.097031963470319615,-0.097792998477929938,0.00076103500761032228,-0.082191780821917804,-0.11187214611872143,-0.015981735159817267,-0.003424657534246589,-0.27397260273972601,False,False,False,False,True,1,2022,2023,MDB_CHANGE_RADAR_RULESET_1.0
21011,-0.013698630136986301,0.12747336377473367,-0.14117199391171997,-0.020547945205479451,-0.0068493150684931225,0.25342465753424659,-0.003424657534246589,0.13242009132420091,False,False,False,False,False,0,2022,2023,MDB_CHANGE_RADAR_RULESET_1.0
21012,0.023972602739726012,-0.0064687975646879892,0.030441400304414001,0.038812785388127852,0.0091324200913242004,-0.025114155251141579,-0.003424657534246589,0.0091324200913242004,False,False,False,False,False,0,2022,2023,MDB_CHANGE_RADAR_RULESET_1.0
21013,-0.017123287671232834,-0.0019025875190259445,-0.01522070015220689,0.0022831050228310501,-0.036529680365296802,-0.041095890410958957,-0.003424657534246589,0.038812785388127879,False,False,False,False,False,0,2022,2023,MDB_CHANGE_RADAR_RULESET_1.0
21014,-0.0034246575342465335,-0.0019025875190259167,-0.0015220700152206168,-0.0068493150684931503,0,0.0045662100456621002,-0.003424657534246589,-0.0068493150684931503,False,False,False,False,False,0,2022,2023,MDB_CHANGE_RADAR_RULESET_1.0
21015,-0.014840182648401867,-0.022450532724505257,0.0076103500761033893,-0.086757990867579904,0.057077625570776253,-0.10502283105022825,-0.003424657534246589,0.041095890410958902,False,False,False,False,False,0,2022,2023,MDB_CHANGE_RADAR_RULESET_1.0
21016,0.025114155251141523,-0.016362252663622567,0.041476407914764091,0.047945205479452052,0.0022831050228310223,-0.0045662100456621002,-0.003424657534246589,-0.041095890410958957,False,False,False,False,False,0,2022,2023,MDB_CHANGE_RADAR_RULESET_1.0
21017,-0.082191780821917804,-0.042237442922374524,-0.03995433789954328,-0.07077625570776247,-0.093607305936073026,-0.041095890410958957,-0.003424657534246589,-0.082191780821917804,False,False,False,False,False,0,2022,2023,MDB_CHANGE_RADAR_RULESET_1.0
21018,0,-0.029299847792998435,0.029299847792998435,-0.015981735159817351,0.015981735159817378,-0.022831050228310446,-0.003424657534246589,-0.061643835616438353,False,False,False,False,False,0,2022,2023,MDB_CHANGE_RADAR_RULESET_1.0
21019,0.076484018264840137,-0.02092846270928464,0.097412480974124777,0.11187214611872145,0.041095890410958902,-0.0022831050228310501,-0.003424657534246589,-0.057077625570776253,False,False,False,False,False,0,2022,2023,MDB_CHANGE_RADAR_RULESET_1.0
22001,0.11187214611872154,-0.082572298325722937,0.19444444444444448,0.23287671232876717,-0.0091324200913242004,-0.04337899543378998,-0.003424657534246589,-0.20091324200913241,False,False,False,True,True,2,2022,2023,MDB_CHANGE_RADAR_RULESET_1.0
22002,-0.034246575342465779,-0.027777777777777901,-0.0064687975646878781,-0.073059360730593603,0.0045662100456621002,-0.022831050228310557,-0.003424657534246589,-0.057077625570776253,False,False,False,False,False,0,2022,2023,MDB_CHANGE_RADAR_RULESET_1.0
22003,0.013698630136986245,-0.039193302891933013,0.052891933028919258,0.038812785388127824,-0.011415525114155251,-0.045662100456621002,-0.003424657534246589,-0.068493150684931503,False,False,False,False,False,0,2022,2023,MDB_CHANGE_RADAR_RULESET_1.0
22004,-0.06164383561643838,0.0053272450532725335,-0.066971080669710914,-0.082191780821917804,-0.041095890410958957,-0.029680365296803651,-0.006849315068493067,0.05251141552511418,False,False,False,False,False,0,2022,2023,MDB_CHANGE_RADAR_RULESET_1.0
22005,-0.003424657534246478,0.025494672754946657,-0.028919330289193135,-0.0045662100456621002,-0.0022831050228310223,-0.038812785388127879,-0.003424657534246589,0.11872146118721466,False,False,False,False,False,0,2022,2023,MDB_CHANGE_RADAR_RULESET_1.0
22006,-0.025114155251141634,0.0011415525114155112,-0.026255707762557146,-0.015981735159817378,-0.034246575342465752,-0.022831050228310501,-0.0011415525114154557,0.027397260273972601,False,False,False,False,False,0,2022,2023,MDB_CHANGE_RADAR_RULESET_1.0
22007,-0.16210045662100458,-0.094748858447488593,-0.067351598173515992,-0.29223744292237441,-0.031963470319634701,-0.041095890410958957,-0.003424657534246589,-0.23972602739726026,False,False,False,False,True,1,2022,2023,MDB_CHANGE_RADAR_RULESET_1.0
22008,0,-0.076484018264840192,0.076484018264840192,-0.006849315068493067,0.0068493150684931225,-0.034246575342465779,-0.003424657534246589,-0.19178082191780826,False,False,False,False,False,0,2022,2023,MDB_CHANGE_RADAR_RULESET_1.0
22009,-0.0057077625570776114,-0.031582952815829513,0.025875190258751901,0.031963470319634757,-0.043378995433789924,-0.031963470319634701,-0.003424657534246589,-0.059360730593607303,False,False,False,False,False,0,2022,2023,MDB_CHANGE_RADAR_RULESET_1.0
22010,-0.014840182648401701,-0.049847792998477858,0.035007610350076157,-0.066210045662100425,0.036529680365296802,-0.011415525114155223,-0.003424657534246589,-0.13470319634703198,False,False,False,False,False,0,2022,2023,MDB_CHANGE_RADAR_RULESET_1.0
22011,-0.013698630136986301,0.003424657534246589,-0.01712328767123289,0.0045662100456621557,-0.031963470319634701,-0.031963470319634646,-0.003424657534246589,0.045662100456621002,False,False,False,False,False,0,2022,2023,MDB_CHANGE_RADAR_RULESET_1.0
22012,0.0057077625570776114,-0.006849315068493067,0.012557077625570678,0.038812785388127824,-0.027397260273972601,-0.015981735159817378,-0.0022831050228310223,-0.0022831050228310501,False,False,False,False,False,0,2022,2023,MDB_CHANGE_RADAR_RULESET_1.0
23001,0.041095890410958957,0.020547945205479423,0.020547945205479534,0.082191780821917804,0,0.020547945205479479,-0.0068493150684931781,0.047945205479452024,False,False,False,False,False,0,2022,2023,MDB_CHANGE_RADAR_RULESET_1.0
23011,-0.044520547945205435,0.0076103500761034448,-0.05213089802130888,-0.091324200913242004,0.0022831050228310223,-0.022831050228310557,-0.0045662100456621557,0.050228310502283102,False,False,False,False,False,0,2022,2023,MDB_CHANGE_RADAR_RULESET_1.0
23023,0.025114155251141579,-0.028158295281582979,0.053272450532724558,-0.020547945205479423,0.070776255707762525,-0.011415525114155223,-0.0068493150684931781,-0.066210045662100536,False,False,False,False,False,0,2022,2023,MDB_CHANGE_RADAR_RULESET_1.0
23024,-0.0068493150684931781,0.027397260273972601,-0.034246575342465779,-0.057077625570776336,0.043378995433789869,0.036529680365296802,0,0.045662100456621002,False,False,False,False,False,0,2022,2023,MDB_CHANGE_RADAR_RULESET_1.0
23025,-0.0079908675799087447,-0.026255707762557035,0.01826484018264829,-0.075342465753424626,0.059360730593607303,-0.038812785388127824,-0.003424657534246589,-0.036529680365296802,False,False,False,False,False,0,2022,2023,MDB_CHANGE_RADAR_RULESET_1.0
24001,-0.046803652968036513,0.082572298325722937,-0.12937595129375945,-0.079908675799086754,-0.013698630136986245,0.093607305936073054,-0.003424657534246589,0.15753424657534243,False,False,False,False,False,0,2022,2023,MDB_CHANGE_RADAR_RULESET_1.0
24002,-0.034246575342465668,-0.0026636225266363223,-0.031582952815829346,-0.018264840182648401,-0.050228310502283047,-0.036529680365296857,-0.003424657534246589,0.031963470319634646,False,False,False,False,False,0,2022,2023,MDB_CHANGE_RADAR_RULESET_1.0
24003,0.023972602739726012,0.041476407914764091,-0.017503805175038079,0.045662100456621002,0.0022831050228310223,0.05251141552511418,-0.003424657534246589,0.075342465753424626,False,False,False,False,False,0,2022,2023,MDB_CHANGE_RADAR_RULESET_1.0
24004,-0.017123287671232945,0.098554033485540316,-0.11567732115677326,0.015981735159817378,-0.050228310502283102,0.21461187214611877,-0.003424657534246589,0.084474885844748826,False,False,False,False,False,0,2022,2023,MDB_CHANGE_RADAR_RULESET_1.0
24005,0.037671232876712313,0.094748858447488538,-0.057077625570776225,0.075342465753424653,0,0.13470319634703198,-0.003424657534246589,0.15296803652968038,False,False,False,False,False,0,2022,2023,MDB_CHANGE_RADAR_RULESET_1.0
24006,-0.11757990867579915,0.089421613394216226,-0.20700152207001538,-0.21461187214611865,-0.020547945205479479,0.1095890410958904,-0.003424657534246589,0.16210045662100458,False,False,False,False,False,0,2022,2023,MDB_CHANGE_RADAR_RULESET_1.0
24007,0.0022831050228310223,-0.0045662100456621557,0.0068493150684931781,0.027397260273972601,-0.022831050228310446,-0.018264840182648401,-0.0068493150684931781,0.011415525114155223,False,False,False,False,False,0,2022,2023,MDB_CHANGE_RADAR_RULESET_1.0
24008,-0.02168949771689499,0.028538812785388112,-0.050228310502283102,0.034246575342465752,-0.077625570776255703,-0.0045662100456621002,-0.003424657534246589,0.093607305936073054,False,False,False,False,False,0,2022,2023,MDB_CHANGE_RADAR_RULESET_1.0
25001,-0.014840182648401812,-0.01560121765601219,0.00076103500761037779,0.022831050228310501,-0.052511415525114125,-0.066210045662100481,-0.003424657534246589,0.022831050228310557,False,False,False,False,False,0,2022,2023,MDB_CHANGE_RADAR_RULESET_1.0
25002,0.0011415525114155112,-0.014840182648401812,0.015981735159817323,0.022831050228310501,-0.020547945205479423,0.011415525114155334,-0.003424657534246589,-0.05251141552511418,False,False,False,False,False,0,2022,2023,MDB_CHANGE_RADAR_RULESET_1.0
25003,0.073059360730593603,0.027016742770167523,0.04604261796042608,0.15068493150684936,-0.0045662100456621557,-0.027397260273972601,-0.003424657534246589,0.11187214611872148,False,False,False,False,False,0,2022,2023,MDB_CHANGE_RADAR_RULESET_1.0
25004,0.15639269406392697,-0.016362252663622512,0.17275494672754949,0.34931506849315069,-0.036529680365296802,-0.013698630136986245,-0.003424657534246589,-0.031963470319634701,True,False,False,True,False,2,2022,2023,MDB_CHANGE_RADAR_RULESET_1.0
25005,0.18264840182648401,0.024733637747336279,0.15791476407914773,0.28995433789954339,0.075342465753424626,-0.0045662100456621557,-0.003424657534246589,0.082191780821917804,True,False,False,True,False,2,2022,2023,MDB_CHANGE_RADAR_RULESET_1.0
25006,-0.087899543378995415,0.039193302891933013,-0.12709284627092843,-0.14840182648401823,-0.027397260273972601,-0.031963470319634757,-0.003424657534246589,0.15296803652968038,False,False,False,False,False,0,2022,2023,MDB_CHANGE_RADAR_RULESET_1.0
25007,0.035388127853881235,-0.017884322678843212,0.053272450532724447,-0.018264840182648401,0.089041095890410926,-0.0022831050228310223,-0.003424657534246589,-0.047945205479452135,False,False,False,False,False,0,2022,2023,MDB_CHANGE_RADAR_RULESET_1.0
25008,0.06963470319634707,-0.093987823439878215,0.16362252663622529,0.14383561643835618,-0.0045662100456621002,-0.011415525114155223,-0.003424657534246589,-0.26712328767123283,False,False,False,False,True,1,2022,2023,MDB_CHANGE_RADAR_RULESET_1.0
25009,0.022831050228310501,0.012557077625570678,0.010273972602739823,0.091324200913242004,-0.045662100456621002,-0.015981735159817378,-0.003424657534246589,0.057077625570776225,False,False,False,False,False,0,2022,2023,MDB_CHANGE_RADAR_RULESET_1.0
25010,-0.075342465753424681,-0.0026636225266364333,-0.072678843226788248,-0.12100456621004563,-0.029680365296803651,-0.020547945205479423,-0.003424657534246589,0.015981735159817267,False,False,False,False,False,0,2022,2023,MDB_CHANGE_RADAR_RULESET_1.0
25011,0.076484018264840248,-0.0064687975646879892,0.082952815829528237,0.093607305936073137,0.059360730593607303,0,-0.003424657534246589,-0.015981735159817267,False,False,False,False,False,0,2022,2023,MDB_CHANGE_RADAR_RULESET_1.0
25012,0.031963470319634646,-0.0079908675799087447,0.039954337899543391,0.031963470319634701,0.031963470319634646,-0.19178082191780821,-0.003424657534246589,0.17123287671232867,False,False,False,False,False,0,2022,2023,MDB_CHANGE_RADAR_RULESET_1.0
25013,-0.059360730593607358,-0.023972602739726012,-0.035388127853881346,-0.020547945205479479,-0.098173515981735182,-0.011415525114155223,-0.003424657534246589,-0.057077625570776225,False,False,False,False,False,0,2022,2023,MDB_CHANGE_RADAR_RULESET_1.0
25014,-0.066210045662100425,-0.051369863013698724,-0.014840182648401701,-0.1095890410958904,-0.022831050228310557,-0.020547945205479534,-0.003424657534246589,-0.13013698630136994,False,False,False,False,False,0,2022,2023,MDB_CHANGE_RADAR_RULESET_1.0
25015,-0.003424657534246589,-0.039193302891933124,0.035768645357686535,-0.015981735159817378,0.0091324200913242004,-0.018264840182648401,-0.003424657534246589,-0.095890410958904104,False,False,False,False,False,0,2022,2023,MDB_CHANGE_RADAR_RULESET_1.0
25016,0.034246575342465779,-0.037290715372907179,0.071537290715372959,0.068493150684931503,0,0.0022831050228310223,-0.0045662100456621557,-0.1095890410958904,False,False,False,False,False,0,2022,2023,MDB_CHANGE_RADAR_RULESET_1.0
26001,-0.082191780821917804,-0.026636225266362112,-0.055555555555555691,-0.17351598173515981,0.0091324200913242004,-0.020547945205479423,-0.0022831050228310223,-0.057077625570776225,False,False,False,False,False,0,2022,2023,MDB_CHANGE_RADAR_RULESET_1.0
26002,0.060502283105022814,0.1556316590563166,-0.095129375951293782,0.050228310502283102,0.070776255707762525,-0.027397260273972601,0.54680365296803646,-0.05251141552511418,False,False,False,False,False,0,2022,2023,MDB_CHANGE_RADAR_RULESET_1.0
26003,0.022831050228310501,0.060882800608828058,-0.038051750380517557,0.059360730593607303,-0.013698630136986301,0.15296803652968036,-0.0068493150684931781,0.036529680365296802,False,False,False,False,False,0,2022,2023,MDB_CHANGE_RADAR_RULESET_1.0
26004,-0.031963470319634715,-0.0060882800608828003,-0.025875190258751957,-0.054794520547945202,-0.0091324200913242004,-0.025114155251141579,-0.0068493150684931781,0.013698630136986301,False,False,False,False,False,0,2022,2023,MDB_CHANGE_RADAR_RULESET_1.0
26005,-0.012557077625570734,-0.015220700152207112,0.0026636225266363778,-0.013698630136986301,-0.011415525114155223,-0.054794520547945202,0,0.0091324200913242004,False,False,False,False,False,0,2022,2023,MDB_CHANGE_RADAR_RULESET_1.0
26006,-0.023972602739726012,0.10388127853881274,-0.12785388127853875,-0.0068493150684931503,-0.041095890410958902,0.15525114155251141,-0.003424657534246589,0.15981735159817351,False,False,False,False,False,0,2022,2023,MDB_CHANGE_RADAR_RULESET_1.0
26007,-0.034246575342465779,-0.012176560121765601,-0.022070015220700179,-0.059360730593607247,-0.0091324200913242004,-0.025114155251141579,-0.0045662100456620447,-0.0068493150684931781,False,False,False,False,False,0,2022,2023,MDB_CHANGE_RADAR_RULESET_1.0
26008,-0.038812785388127852,-0.03538812785388129,-0.0034246575342465335,-0.0068493150684931503,-0.070776255707762581,0.031963470319634646,-0.003424657534246589,-0.13470319634703193,False,False,False,False,False,0,2022,2023,MDB_CHANGE_RADAR_RULESET_1.0
26009,0.086757990867579904,-0.10464231354642306,0.19140030441400296,0.10730593607305933,0.066210045662100425,-0.19406392694063934,-0.003424657534246589,-0.11643835616438353,False,False,False,False,False,0,2022,2023,MDB_CHANGE_RADAR_RULESET_1.0
26010,-0.022831050228310501,-0.0083713850837139336,-0.014459665144596567,0.018264840182648401,-0.063926940639269403,-0.013698630136986301,-0.0045662100456621557,-0.0068493150684931781,False,False,False,False,False,0,2022,2023,MDB_CHANGE_RADAR_RULESET_1.0
26011,0.070776255707762692,0.027397260273972712,0.04337899543378998,0.089041095890410982,0.05251141552511418,-0.031963470319634701,-0.0022831050228310223,0.11643835616438358,False,False,False,False,False,0,2022,2023,MDB_CHANGE_RADAR_RULESET_1.0
26012,-0.05821917808219168,-0.041856925418569335,-0.016362252663622345,-0.1050228310502283,-0.011415525114155223,-0.045662100456621002,-0.0022831050228311334,-0.077625570776255759,False,False,False,False,False,0,2022,2023,MDB_CHANGE_RADAR_RULESET_1.0
27001,-0.02168949771689499,-0.0015220700152207556,-0.020167427701674234,-0.020547945205479451,-0.022831050228310557,-0.013698630136986301,-0.0068493150684931781,0.015981735159817378,False,False,False,False,False,0,2022,2023,MDB_CHANGE_RADAR_RULESET_1.0
27002,-0.015981735159817323,0.0064687975646878781,-0.022450532724505201,-0.031963470319634701,0,-0.015981735159817378,-0.003424657534246589,0.038812785388127824,False,False,False,False,False,0,2022,2023,MDB_CHANGE_RADAR_RULESET_1.0
27003,-0.0079908675799086892,0.017503805175038134,-0.025494672754946823,0.041095890410958902,-0.057077625570776336,-0.015981735159817378,-0.0022831050228310223,0.070776255707762581,False,False,False,False,False,0,2022,2023,MDB_CHANGE_RADAR_RULESET_1.0
27004,0.0045662100456620447,-0.038051750380517557,0.042617960426179602,0.013698630136986301,-0.0045662100456620447,-0.015981735159817378,-0.0022831050228310223,-0.095890410958904049,False,False,False,False,False,0,2022,2023,MDB_CHANGE_RADAR_RULESET_1.0
27005,0.041095890410958957,-0.03348554033485529,0.074581430745814248,0.0022831050228310501,0.079908675799086781,-0.013698630136986356,0.0022831050228311334,-0.089041095890410871,False,False,False,False,False,0,2022,2023,MDB_CHANGE_RADAR_RULESET_1.0
27006,-0.029680365296803679,0.0079908675799086337,-0.037671232876712313,-0.036529680365296802,-0.022831050228310557,-0.034246575342465779,-0.003424657534246589,0.06164383561643838,False,False,False,False,False,0,2022,2023,MDB_CHANGE_RADAR_RULESET_1.0
27007,-0.051369863013698669,-0.030060882800608757,-0.021308980213089912,-0.095890410958904132,-0.0068493150684931781,-0.050228310502283047,-0.003424657534246589,-0.036529680365296802,False,False,False,False,False,0,2022,2023,MDB_CHANGE_RADAR_RULESET_1.0
27008,-0.086757990867579848,-0.027016742770167412,-0.059741248097412436,-0.13470319634703193,-0.038812785388127935,-0.036529680365296802,-0.003424657534246589,-0.041095890410958957,False,False,False,False,False,0,2022,2023,MDB_CHANGE_RADAR_RULESET_1.0
27009,0.068493150684931559,-0.023972602739726012,0.092465753424657571,0.20547945205479456,-0.068493150684931503,-0.027397260273972601,-0.003424657534246589,-0.041095890410958902,False,False,False,True,False,1,2022,2023,MDB_CHANGE_RADAR_RULESET_1.0
27010,-0.0011415525114155389,-0.0034246575342467001,0.0022831050228311889,0.029680365296803651,-0.031963470319634701,-0.020547945205479534,-0.003424657534246589,0.013698630136986301,False,False,False,False,False,0,2022,2023,MDB_CHANGE_RADAR_RULESET_1.0
28001,-0.01712328767123289,-0.0098934550989345782,-0.0072298325722983114,-0.011415525114155251,-0.022831050228310501,-0.027397260273972601,-0.0022831050228310223,0,False,False,False,False,False,0,2022,2023,MDB_CHANGE_RADAR_RULESET_1.0
28002,-0.062785388127853892,0.053652968036529691,-0.11643835616438358,-0.11415525114155251,-0.011415525114155223,-0.047945205479452024,-0.003424657534246589,0.21232876712328763,False,False,False,False,False,0,2022,2023,MDB_CHANGE_RADAR_RULESET_1.0
28003,-0.0079908675799086337,-0.092465753424657571,0.084474885844748937,-0.0091324200913242004,-0.0068493150684931503,-0.038812785388127879,-0.003424657534246589,-0.23515981735159813,False,False,False,False,True,1,2022,2023,MDB_CHANGE_RADAR_RULESET_1.0
28004,0.012557077625570789,0.015601217656012079,-0.0030441400304412891,0.070776255707762553,-0.045662100456621002,-0.034246575342465779,-0.003424657534246589,0.084474885844748826,False,False,False,False,False,0,2022,2023,MDB_CHANGE_RADAR_RULESET_1.0
28005,-0.058219178082191791,-0.02016742770167429,-0.038051750380517502,-0.13013698630136986,0.013698630136986301,-0.036529680365296802,-0.003424657534246589,-0.020547945205479451,False,False,False,False,False,0,2022,2023,MDB_CHANGE_RADAR_RULESET_1.0
28006,0.0057077625570776669,0.045281582952815758,-0.039573820395738091,-0.0022831050228310501,0.013698630136986301,-0.045662100456621002,-0.003424657534246589,0.18493150684931506,False,False,False,False,False,0,2022,2023,MDB_CHANGE_RADAR_RULESET_1.0
28007,0.037671232876712368,-0.013318112633181167,0.050989345509893536,0.068493150684931503,0.0068493150684931781,-0.020547945205479423,-0.003424657534246589,-0.015981735159817378,False,False,False,False,False,0,2022,2023,MDB_CHANGE_RADAR_RULESET_1.0
29001,0.017123287671232876,-0.023972602739726012,0.041095890410958874,0.052511415525114152,-0.018264840182648401,-0.041095890410958902,-0.003424657534246589,-0.027397260273972601,False,False,False,False,False,0,2022,2023,MDB_CHANGE_RADAR_RULESET_1.0
29002,0.020547945205479451,-0.02929984779299849,0.049847792998477941,0.047945205479452024,-0.0068493150684931503,-0.12557077625570778,-0.003424657534246589,0.041095890410958902,False,False,False,False,False,0,2022,2023,MDB_CHANGE_RADAR_RULESET_1.0
29003,-0.013698630136986356,-0.0057077625570776669,-0.0079908675799086892,-0.018264840182648401,-0.0091324200913242004,-0.034246575342465779,-0.003424657534246589,0.020547945205479479,False,False,False,False,False,0,2022,2023,MDB_CHANGE_RADAR_RULESET_1.0
29004,-0.0091324200913242004,-0.011035007610350089,0.001902587519025889,0.0022831050228310501,-0.020547945205479451,-0.029680365296803651,-0.003424657534246589,0,False,False,False,False,False,0,2022,2023,MDB_CHANGE_RADAR_RULESET_1.0
29005,-0.023972602739726012,-0.02016742770167429,-0.0038051750380517224,-0.020547945205479451,-0.027397260273972601,-0.018264840182648401,-0.003424657534246589,-0.038812785388127824,False,False,False,False,False,0,2022,2023,MDB_CHANGE_RADAR_RULESET_1.0
29006,-0.070776255707762525,-0.025114155251141468,-0.045662100456621058,-0.045662100456621002,-0.095890410958904104,-0.036529680365296802,-0.0045662100456620447,-0.034246575342465668,False,False,False,False,False,0,2022,2023,MDB_CHANGE_RADAR_RULESET_1.0
29007,0.0068493150684931225,-0.02168949771689499,0.028538812785388112,0.013698630136986301,0,-0.050228310502283158,-0.003424657534246589,-0.011415525114155251,False,False,False,False,False,0,2022,2023,MDB_CHANGE_RADAR_RULESET_1.0
29008,-0.04566210045662103,-0.0057077625570776669,-0.039954337899543363,-0.089041095890410982,-0.0022831050228310501,-0.041095890410958957,-0.003424657534246589,0.027397260273972601,False,False,False,False,False,0,2022,2023,MDB_CHANGE_RADAR_RULESET_1.0
29009,-0.057077625570776225,0.02625570776255709,-0.083333333333333315,-0.050228310502283102,-0.063926940639269403,-0.047945205479452024,-0.003424657534246589,0.13013698630136986,False,False,False,False,False,0,2022,2023,MDB_CHANGE_RADAR_RULESET_1.0
29010,0.04337899543378998,0.13127853881278534,-0.08789954337899536,0.089041095890410982,-0.0022831050228310501,0.39726027397260277,-0.003424657534246589,0,False,False,False,False,False,0,2022,2023,MDB_CHANGE_RADAR_RULESET_1.0
29011,-0.006849315068493067,0.0095129375951293893,-0.016362252663622456,-0.041095890410958902,0.027397260273972601,0.050228310502283158,-0.003424657534246589,-0.018264840182648401,False,False,False,False,False,0,2022,2023,MDB_CHANGE_RADAR_RULESET_1.0
29012,0.023972602739726026,-0.011035007610350145,0.035007610350076157,0.041095890410958902,0.0068493150684931503,0.10502283105022836,-0.003424657534246589,-0.13470319634703198,False,False,False,False,False,0,2022,2023,MDB_CHANGE_RADAR_RULESET_1.0
29013,0.014840182648401812,-0.0011415525114155667,0.015981735159817378,0.036529680365296802,-0.0068493150684931503,-0.018264840182648401,-0.003424657534246589,0.018264840182648401,False,False,False,False,False,0,2022,2023,MDB_CHANGE_RADAR_RULESET_1.0
29014,-0.063926940639269403,-0.049086757990867591,-0.014840182648401812,-0.082191780821917804,-0.045662100456621002,-0.027397260273972601,-0.003424657534246589,-0.11643835616438358,False,False,False,False,False,0,2022,2023,MDB_CHANGE_RADAR_RULESET_1.0
29015,-0.0045662100456621002,0.0064687975646879892,-0.011035007610350089,-0.041095890410958902,0.031963470319634701,-0.029680365296803679,-0.003424657534246589,0.05251141552511418,False,False,False,False,False,0,2022,2023,MDB_CHANGE_RADAR_RULESET_1.0
29016,0.053652968036529636,0.011796042617960467,0.041856925418569169,0.073059360730593603,0.034246575342465668,-0.050228310502283047,-0.003424657534246589,0.089041095890410982,False,False,False,False,False,0,2022,2023,MDB_CHANGE_RADAR_RULESET_1.0
29017,0.055936073059360714,0.0041856925418569113,0.051750380517503802,0.027397260273972601,0.084474885844748882,-0.034246575342465724,-0.003424657534246589,0.050228310502283102,False,False,False,False,False,0,2022,2023,MDB_CHANGE_RADAR_RULESET_1.0
29018,-0.025114155251141551,-0.056697108066971202,0.031582952815829679,-0.041095890410958902,-0.0091324200913242004,-0.052511415525114069,-0.003424657534246589,-0.11415525114155256,False,False,False,False,False,0,2022,2023,MDB_CHANGE_RADAR_RULESET_1.0
29019,-0.0079908675799086892,-0.055175038051750336,0.047184170471841647,-0.0022831050228310779,-0.013698630136986301,-0.04337899543378998,-0.003424657534246589,-0.11872146118721463,False,False,False,False,False,0,2022,2023,MDB_CHANGE_RADAR_RULESET_1.0
29020,0.012557077625570734,0.0034246575342466445,0.0091324200913240894,0.015981735159817351,0.0091324200913242004,-0.0068493150684931503,-0.003424657534246589,0.020547945205479423,False,False,False,False,False,0,2022,2023,MDB_CHANGE_RADAR_RULESET_1.0
29021,-0.066210045662100481,-0.067351598173515992,0.0011415525114155112,-0.12785388127853881,-0.0045662100456621002,-0.034246575342465668,-0.003424657534246589,-0.16438356164383566,False,False,False,False,False,0,2022,2023,MDB_CHANGE_RADAR_RULESET_1.0
29022,-0.046803652968036513,-0.017884322678843212,-0.028919330289193301,-0.059360730593607303,-0.034246575342465779,-0.047945205479452024,-0.003424657534246589,-0.0022831050228310223,False,False,False,False,False,0,2022,2023,MDB_CHANGE_RADAR_RULESET_1.0
29023,0.011415525114155223,-0.0026636225266363223,0.014079147640791545,-0.034246575342465779,0.057077625570776253,-0.0022831050228310223,-0.003424657534246589,-0.0022831050228310223,False,False,False,False,False,0,2022,2023,MDB_CHANGE_RADAR_RULESET_1.0
29024,-0.033105022831050268,-0.0034246575342465335,-0.029680365296803735,-0.19406392694063929,0.12785388127853881,-0.031963470319634757,-0.003424657534246589,0.025114155251141551,False,False,False,False,False,0,2022,2023,MDB_CHANGE_RADAR_RULESET_1.0
29025,0.029680365296803637,-0.02321156773211569,0.052891933028919313,0.057077625570776253,0.0022831050228310501,0.0045662100456620447,-0.003424657534246589,-0.070776255707762525,False,False,False,False,False,0,2022,2023,MDB_CHANGE_RADAR_RULESET_1.0
29026,0.0011415525114155251,0.030060882800608757,-0.028919330289193246,0.013698630136986301,-0.011415525114155251,-0.031963470319634646,-0.003424657534246589,0.12557077625570773,False,False,False,False,False,0,2022,2023,MDB_CHANGE_RADAR_RULESET_1.0
29027,0.026255707762557076,-0.0072298325722983114,0.033485540334855374,0.070776255707762553,-0.018264840182648401,-0.041095890410958902,-0.003424657534246589,0.022831050228310501,False,False,False,False,False,0,2022,2023,MDB_CHANGE_RADAR_RULESET_1.0
29028,-0.046803652968036541,-0.035388127853881346,-0.011415525114155195,-0.022831050228310501,-0.070776255707762581,-0.038812785388127879,-0.003424657534246589,-0.063926940639269403,False,False,False,False,False,0,2022,2023,MDB_CHANGE_RADAR_RULESET_1.0
31001,-0.011415525114155223,-0.0045662100456620447,-0.0068493150684931781,0.038812785388127824,-0.06164383561643838,-0.031963470319634701,-0.0022831050228310223,0.020547945205479534,False,False,False,False,False,0,2022,2023,MDB_CHANGE_RADAR_RULESET_1.0
31002,-0.12557077625570767,-0.049847792998477969,-0.075722983257229703,-0.17351598173515981,-0.077625570776255648,-0.031963470319634729,-0.003424657534246589,-0.11415525114155256,False,False,False,False,False,0,2022,2023,MDB_CHANGE_RADAR_RULESET_1.0
31003,0.090182648401826437,0.0049467275494672891,0.085235920852359148,0.14155251141552505,0.038812785388127852,-0.015981735159817351,-0.003424657534246589,0.034246575342465779,False,False,False,False,False,0,2022,2023,MDB_CHANGE_RADAR_RULESET_1.0
31004,-0.082191780821917804,-0.01407914764079149,-0.068112633181126314,0.013698630136986356,-0.17808219178082196,-0.05251141552511418,-0.003424657534246589,0.013698630136986356,False,False,False,False,False,0,2022,2023,MDB_CHANGE_RADAR_RULESET_1.0
31006,-0.071917808219178037,0.04490106544901068,-0.11681887366818872,-0.015981735159817378,-0.12785388127853881,0.18264840182648401,0,-0.047945205479452024,False,False,False,False,False,0,2022,2023,MDB_CHANGE_RADAR_RULESET_1.0
31007,-0.067351598173515992,0.01902587519025889,-0.086377473363774881,-0.12100456621004574,-0.013698630136986245,-0.020547945205479451,-0.0045662100456620447,0.082191780821917804,False,False,False,False,False,0,2022,2023,MDB_CHANGE_RADAR_RULESET_1.0
31008,0.029680365296803624,0.025114155251141579,0.0045662100456620447,0.082191780821917804,-0.022831050228310557,0.0022831050228310223,0,0.073059360730593659,False,False,False,False,False,0,2022,2023,MDB_CHANGE_RADAR_RULESET_1.0
31009,-0.04337899543378998,-2.2204460492503131e-16,-0.043378995433789758,0.082191780821917804,-0.16894977168949765,-0.029680365296803735,-0.0068493150684931781,0.036529680365296802,False,False,False,False,False,0,2022,2023,MDB_CHANGE_RADAR_RULESET_1.0
31010,-0.076484018264840192,-0.00038051750380507787,-0.076103500761035114,-0.038812785388127935,-0.11415525114155251,-0.020547945205479423,-0.003424657534246589,0.022831050228310446,False,False,False,False,False,0,2022,2023,MDB_CHANGE_RADAR_RULESET_1.0
31011,-0.036529680365296691,-0.0015220700152206446,-0.035007610350076046,-0.047945205479452024,-0.025114155251141468,-0.04337899543378998,-0.006849315068493067,0.045662100456621002,False,False,False,False,False,0,2022,2023,MDB_CHANGE_RADAR_RULESET_1.0
31012,0.11872146118721449,-0.047945205479452024,0.16666666666666652,0.32420091324200906,-0.086757990867579959,-0.045662100456621002,-0.0068493150684931781,-0.091324200913242004,False,False,False,True,False,1,2022,2023,MDB_CHANGE_RADAR_RULESET_1.0
31013,0.11986301369863006,-0.014459665144596734,0.13432267884322679,0.24429223744292239,-0.0045662100456621557,-0.034246575342465779,-0.0022831050228311334,-0.0068493150684931781,False,False,False,True,False,1,2022,2023,MDB_CHANGE_RADAR_RULESET_1.0
31015,-0.03082191780821919,-0.070776255707762581,0.039954337899543391,-0.068493150684931559,0.0068493150684931225,-0.047945205479452024,-0.0045662100456621557,-0.15981735159817351,False,False,False,False,False,0,2022,2023,MDB_CHANGE_RADAR_RULESET_1.0
31016,-0.022831050228310501,-0.026636225266362279,0.0038051750380517779,-0.013698630136986301,-0.031963470319634701,-0.0091324200913242004,-0.0068493150684931781,-0.063926940639269403,False,False,False,False,False,0,2022,2023,MDB_CHANGE_RADAR_RULESET_1.0
31017,0.054794520547945202,-0.037290715372907179,0.092085235920852382,0.11415525114155251,-0.0045662100456621002,-0.045662100456621002,-0.006849315068493067,-0.059360730593607358,False,False,False,False,False,0,2022,2023,MDB_CHANGE_RADAR_RULESET_1.0
31018,-0.026255707762557076,0.022831050228310557,-0.049086757990867647,-0.022831050228310501,-0.029680365296803651,-0.020547945205479451,-0.0045662100456621557,0.093607305936073026,False,False,False,False,False,0,2022,2023,MDB_CHANGE_RADAR_RULESET_1.0
31019,-0.018264840182648401,-0.035768645357686535,0.017503805175038134,-0.095890410958904049,0.059360730593607303,-0.04337899543378998,-0.0022831050228310223,-0.061643835616438436,False,False,False,False,False,0,2022,2023,MDB_CHANGE_RADAR_RULESET_1.0
31020,-0.097031963470319615,-0.00076103500761037779,-0.096270928462709238,-0.27397260273972607,0.079908675799086754,-0.038812785388127824,-0.0068493150684931781,0.04337899543378998,False,False,False,False,False,0,2022,2023,MDB_CHANGE_RADAR_RULESET_1.0
31021,0.022831050228310557,0.023592085235920934,-0.00076103500761037779,-0.029680365296803624,0.075342465753424626,-0.038812785388127824,-0.0022831050228310223,0.11187214611872154,False,False,False,False,False,0,2022,2023,MDB_CHANGE_RADAR_RULESET_1.0
31022,0.017123287671232834,0.0022831050228310223,0.014840182648401812,0.12785388127853881,-0.093607305936073137,0.0091324200913242004,-0.0022831050228310223,0,False,False,False,False,False,0,2022,2023,MDB_CHANGE_RADAR_RULESET_1.0
31023,-0.11073059360730592,-0.1095890410958904,-0.0011415525114155112,-0.21461187214611871,-0.0068493150684931503,-0.052511415525114069,-0.0068493150684931781,-0.26940639269406391,False,False,False,False,True,1,2022,2023,MDB_CHANGE_RADAR_RULESET_1.0
31024,-0.02168949771689499,0.069254185692541825,-0.090943683409436815,-0.070776255707762581,0.027397260273972601,0.082191780821917804,-0.0022831050228310223,0.12785388127853881,False,False,False,False,False,0,2022,2023,MDB_CHANGE_RADAR_RULESET_1.0
31025,0.038812785388127852,-0.042998477929984791,0.081811263318112615,0.057077625570776253,0.020547945205479423,0.031963470319634757,-0.003424657534246589,-0.15753424657534254,False,False,False,False,False,0,2022,2023,MDB_CHANGE_RADAR_RULESET_1.0
31026,-0.058219178082191791,-0.014459665144596623,-0.043759512937595169,-0.16210045662100458,0.045662100456621002,-0.029680365296803624,-0.0022831050228310223,-0.011415525114155223,False,False,False,False,False,0,2022,2023,MDB_CHANGE_RADAR_RULESET_1.0
31027,0.090182648401826548,-0.0030441400304415112,0.09322678843226806,0.13470319634703198,0.045662100456621002,0.038812785388127824,0,-0.04794520547945208,False,False,False,False,False,0,2022,2023,MDB_CHANGE_RADAR_RULESET_1.0
31028,0.11872146118721461,-0.029299847792998546,0.14802130898021315,-0.018264840182648401,0.25570776255707767,-0.041095890410958902,-0.003424657534246589,-0.04337899543378998,False,False,False,True,False,1,2022,2023,MDB_CHANGE_RADAR_RULESET_1.0
31030,-0.047945205479452024,-0.085616438356164448,0.037671232876712424,-0.17123287671232879,0.075342465753424653,-0.038812785388127879,-0.003424657534246589,-0.21461187214611877,False,False,False,False,True,1,2022,2023,MDB_CHANGE_RADAR_RULESET_1.0
31031,-0.092465753424657571,-0.13203957382039572,0.039573820395738146,-0.21461187214611877,0.029680365296803651,-0.038812785388127824,-0.003424657534246589,-0.35388127853881279,False,False,False,False,True,1,2022,2023,MDB_CHANGE_RADAR_RULESET_1.0
31032,0.058219178082191791,0.046803652968036569,0.011415525114155223,0.09589041095890416,0.020547945205479451,0.063926940639269403,-0.003424657534246589,0.079908675799086781,False,False,False,False,False,0,2022,2023,MDB_CHANGE_RADAR_RULESET_1.0
31034,-0.0068493150684931781,-0.014840182648401812,0.0079908675799086337,-0.15981735159817356,0.14611872146118721,0.045662100456621002,-0.003424657534246589,-0.086757990867579848,False,False,False,False,False,0,2022,2023,MDB_CHANGE_RADAR_RULESET_1.0
31035,0.031963470319634757,-0.0034246575342466445,0.035388127853881401,0.011415525114155334,0.052511415525114152,-0.041095890410958902,-0.003424657534246589,0.034246575342465668,False,False,False,False,False,0,2022,2023,MDB_CHANGE_RADAR_RULESET_1.0
31036,0.090182648401826437,0.0091324200913240894,0.081050228310502348,0.082191780821917804,0.098173515981735154,-0.025114155251141523,0.0022831050228310223,0.050228310502283158,False,False,False,False,False,0,2022,2023,MDB_CHANGE_RADAR_RULESET_1.0
31037,0.10730593607305938,-0.016742770167427756,0.12404870624048714,0.15296803652968038,0.061643835616438269,-0.029680365296803624,0,-0.020547945205479423,False,False,False,False,False,0,2022,2023,MDB_CHANGE_RADAR_RULESET_1.0
31038,-0.044520547945205491,0.013318112633181056,-0.057838660578386547,-0.17123287671232879,0.082191780821917804,0.025114155251141579,-0.003424657534246589,0.018264840182648401,False,False,False,False,False,0,2022,2023,MDB_CHANGE_RADAR_RULESET_1.0
31040,-0.023972602739726012,-0.088280060882800493,0.064307458143074481,-0.070776255707762553,0.022831050228310557,-0.011415525114155223,0,-0.25342465753424653,False,False,False,False,True,1,2022,2023,MDB_CHANGE_RADAR_RULESET_1.0
31041,5.5511151231257827e-17,0.086757990867579959,-0.086757990867579904,-0.031963470319634701,0.031963470319634757,-0.0091324200913242004,0,0.26940639269406397,False,False,False,False,False,0,2022,2023,MDB_CHANGE_RADAR_RULESET_1.0
31042,-0.12442922374429222,-0.025114155251141579,-0.099315068493150638,-0.26255707762557079,0.013698630136986356,-0.013698630136986356,-0.0022831050228310223,-0.059360730593607247,False,False,False,False,False,0,2022,2023,MDB_CHANGE_RADAR_RULESET_1.0
31044,-0.03082191780821919,0.06164383561643838,-0.092465753424657571,-0.054794520547945202,-0.0068493150684931781,-0.034246575342465779,-0.0022831050228310223,0.22146118721461189,False,False,False,False,False,0,2022,2023,MDB_CHANGE_RADAR_RULESET_1.0
31045,-0.003424657534246589,0.032724505327245024,-0.036149162861491613,-0.050228310502283102,0.04337899543378998,0.068493150684931448,-0.0022831050228310223,0.031963470319634646,False,False,False,False,False,0,2022,2023,MDB_CHANGE_RADAR_RULESET_1.0
31046,-0.0079908675799087447,-0.2028158295281583,0.19482496194824955,-0.04337899543378998,0.027397260273972601,-0.031963470319634757,-0.003424657534246589,-0.5730593607305936,False,True,False,False,True,2,2022,2023,MDB_CHANGE_RADAR_RULESET_1.0
31047,-0.03082191780821919,-0.025494672754946712,-0.005327245053272478,-0.018264840182648401,-0.043378995433789952,-0.029680365296803651,-0.003424657534246589,-0.043378995433789952,False,False,False,False,False,0,2022,2023,MDB_CHANGE_RADAR_RULESET_1.0
31048,0.036529680365296802,-0.006849315068492956,0.043378995433789758,-0.011415525114155278,0.084474885844748882,-0.036529680365296802,-0.0022831050228310223,0.018264840182648401,False,False,False,False,False,0,2022,2023,MDB_CHANGE_RADAR_RULESET_1.0
31050,0.074200913242009059,0.12785388127853869,-0.053652968036529636,-0.020547945205479534,0.16894977168949771,0.29908675799086759,-0.0022831050228310223,0.086757990867579959,False,False,False,False,False,0,2022,2023,MDB_CHANGE_RADAR_RULESET_1.0
31051,-0.12214611872146119,-0.0022831050228311334,-0.11986301369863006,-0.28538812785388129,0.041095890410958957,0.034246575342465779,-0.0045662100456621557,-0.036529680365296802,False,False,False,False,False,0,2022,2023,MDB_CHANGE_RADAR_RULESET_1.0
31052,0.022831050228310446,0.024353120243531201,-0.0015220700152207556,-0.036529680365296802,0.082191780821917804,0.050228310502283158,-0.0022831050228311334,0.025114155251141634,False,False,False,False,False,0,2022,2023,MDB_CHANGE_RADAR_RULESET_1.0
31053,0.013698630136986301,-0.022450532724505312,0.036149162861491613,0.05251141552511418,-0.025114155251141551,-0.029680365296803624,-0.003424657534246589,-0.034246575342465752,False,False,False,False,False,0,2022,2023,MDB_CHANGE_RADAR_RULESET_1.0
31055,0.10730593607305935,-0.019406392694063856,0.12671232876712318,0.21689497716894979,-0.0022831050228310501,-0.015981735159817378,-0.003424657534246589,-0.038812785388127824,False,False,False,True,False,1,2022,2023,MDB_CHANGE_RADAR_RULESET_1.0
31057,0.03082191780821919,0.00038051750380513338,0.030441400304414057,0.091324200913242004,-0.029680365296803651,0.091324200913242004,-0.003424657534246589,-0.086757990867579904,False,False,False,False,False,0,2022,2023,MDB_CHANGE_RADAR_RULESET_1.0
31058,-0.02168949771689499,0.16095890410958902,-0.18264840182648401,-0.04337899543378998,0,0.27853881278538817,-0.003424657534246589,0.20776255707762564,False,False,False,False,False,0,2022,2023,MDB_CHANGE_RADAR_RULESET_1.0
31059,-0.034246575342465779,0.0091324200913242004,-0.04337899543378998,-0.038812785388127824,-0.029680365296803679,0.0045662100456620447,-0.0022831050228310223,0.025114155251141579,False,False,False,False,False,0,2022,2023,MDB_CHANGE_RADAR_RULESET_1.0
31060,-0.073059360730593603,0.036910197869101991,-0.10996955859969559,-0.084474885844748826,-0.061643835616438353,-0.034246575342465668,-0.003424657534246589,0.14840182648401826,False,False,False,False,False,0,2022,2023,MDB_CHANGE_RADAR_RULESET_1.0
31061,0.10273972602739723,-0.065449010654490158,0.16818873668188739,0.095890410958904104,0.1095890410958904,-0.018264840182648401,-0.0045662100456621557,-0.17351598173515981,False,False,False,False,False,0,2022,2023,MDB_CHANGE_RADAR_RULESET_1.0
31062,-0.18721461187214611,0.0015220700152207556,-0.18873668188736681,-0.36757990867579904,-0.0068493150684931781,-0.011415525114155223,-0.0022831050228310223,0.018264840182648401,False,False,False,False,False,0,2022,2023,MDB_CHANGE_RADAR_RULESET_1.0
31064,0.012557077625570734,0.11339421613394207,-0.10083713850837134,-0.043378995433789952,0.068493150684931448,0.075342465753424737,0,0.26484018264840181,False,False,False,False,False,0,2022,2023,MDB_CHANGE_RADAR_RULESET_1.0
31065,-0.13356164383561642,-0.0098934550989344672,-0.12366818873668206,-0.27853881278538811,0.011415525114155251,-0.0022831050228310223,-0.0022831050228311334,-0.025114155251141468,False,False,False,False,False,0,2022,2023,MDB_CHANGE_RADAR_RULESET_1.0
31066,0.061643835616438353,0.18302891933028914,-0.12138508371385076,-0.045662100456621002,0.16894977168949774,0.46575342465753428,-0.003424657534246589,0.086757990867579848,False,False,False,False,False,0,2022,2023,MDB_CHANGE_RADAR_RULESET_1.0
31067,0.2636986301369863,-0.0098934550989345782,0.27359208523592082,0.39726027397260272,0.13013698630136986,-0.0091324200913242004,-0.0022831050228311334,-0.018264840182648401,True,False,True,True,False,3,2022,2023,MDB_CHANGE_RADAR_RULESET_1.0
31068,0.10159817351598166,0.02777777777777779,0.07382039573820387,0.17808219178082185,0.025114155251141551,0,-0.003424657534246589,0.086757990867579959,False,False,False,False,False,0,2022,2023,MDB_CHANGE_RADAR_RULESET_1.0
31070,-0.010273972602739656,-0.03386605783866059,0.023592085235920934,-0.12328767123287665,0.10273972602739723,-0.045662100456621002,-0.003424657534246589,-0.05251141552511418,False,False,False,False,False,0,2022,2023,MDB_CHANGE_RADAR_RULESET_1.0
31071,-0.010273972602739767,-0.0057077625570776114,-0.0045662100456621557,-0.015981735159817378,-0.0045662100456621002,-0.029680365296803624,-0.003424657534246589,0.015981735159817378,False,False,False,False,False,0,2022,2023,MDB_CHANGE_RADAR_RULESET_1.0
31072,0.015981735159817378,-0.030441400304414001,0.04642313546423138,-0.022831050228310501,0.054794520547945202,-0.04566210045662103,-0.0045662100456621557,-0.041095890410958846,False,False,False,False,False,0,2022,2023,MDB_CHANGE_RADAR_RULESET_1.0
31073,0.039954337899543391,-0.02016742770167429,0.06012176560121768,0.084474885844748826,-0.0045662100456620447,-0.015981735159817351,-0.003424657534246589,-0.041095890410958902,False,False,False,False,False,0,2022,2023,MDB_CHANGE_RADAR_RULESET_1.0
31074,0.031963470319634646,-0.079147640791476626,0.11111111111111127,0.066210045662100425,-0.0022831050228310223,-0.050228310502283047,-0.0045662100456621557,-0.18264840182648401,False,False,False,False,False,0,2022,2023,MDB_CHANGE_RADAR_RULESET_1.0
31075,-0.0057077625570776114,-0.024353120243531201,0.01864535768645359,0.011415525114155223,-0.022831050228310446,-0.025114155251141551,-0.0068493150684931781,-0.041095890410958846,False,False,False,False,False,0,2022,2023,MDB_CHANGE_RADAR_RULESET_1.0
31076,0.1404109589041096,0.28120243531202427,-0.14079147640791467,0.11872146118721461,0.16210045662100453,0.52968036529680362,-0.003424657534246589,0.31735159817351599,False,False,False,False,False,0,2022,2023,MDB_CHANGE_RADAR_RULESET_1.0
31077,-0.027397260273972601,-0.057458143074581386,0.030060882800608757,-0.027397260273972601,-0.027397260273972601,-0.031963470319634701,-0.003424657534246589,-0.13698630136986303,False,False,False,False,False,0,2022,2023,MDB_CHANGE_RADAR_RULESET_1.0
31078,-0.05251141552511418,-0.0038051750380517779,-0.048706240487062402,-0.10730593607305927,0.0022831050228310223,-0.045662100456621002,-0.0068493150684931781,0.041095890410958957,False,False,False,False,False,0,2022,2023,MDB_CHANGE_RADAR_RULESET_1.0
31079,-0.075342465753424681,-0.026636225266362334,-0.048706240487062347,-0.12100456621004568,-0.029680365296803651,-0.05251141552511418,-0.0022831050228310223,-0.025114155251141551,False,False,False,False,False,0,2022,2023,MDB_CHANGE_RADAR_RULESET_1.0
31082,0.027397260273972601,0.093987823439878326,-0.066590563165905725,0.0091324200913242004,0.045662100456621002,-0.041095890410958902,-0.003424657534246589,0.32648401826484019,False,False,False,False,False,0,2022,2023,MDB_CHANGE_RADAR_RULESET_1.0
31083,-0.16552511415525106,0.041095890410958957,-0.20662100456621002,-0.33105022831050229,0,-0.027397260273972601,-0.0022831050228311334,0.15296803652968038,False,False,False,False,False,0,2022,2023,MDB_CHANGE_RADAR_RULESET_1.0
31084,0.019406392694063967,0.01826484018264829,0.0011415525114156777,-0.025114155251141523,0.063926940639269403,-0.025114155251141551,-0.0068493150684931781,0.086757990867579848,False,False,False,False,False,0,2022,2023,MDB_CHANGE_RADAR_RULESET_1.0
31085,0.012557077625570762,0.047564687975646835,-0.035007610350076046,0.027397260273972601,-0.0022831050228310501,0.14611872146118721,-0.003424657534246589,0,False,False,False,False,False,0,2022,2023,MDB_CHANGE_RADAR_RULESET_1.0
31086,0.0057077625570776669,-0.0038051750380517224,0.0095129375951293893,-0.018264840182648401,0.029680365296803651,-0.034246575342465752,-0.0045662100456621557,0.027397260273972629,False,False,False,False,False,0,2022,2023,MDB_CHANGE_RADAR_RULESET_1.0
31087,-0.017123287671232834,-0.0011415525114155667,-0.015981735159817267,-0.031963470319634646,-0.0022831050228310501,-0.050228310502283047,-0.003424657534246589,0.050228310502283102,False,False,False,False,False,0,2022,2023,MDB_CHANGE_RADAR_RULESET_1.0
31088,0.029680365296803624,0.035388127853881346,-0.0057077625570777224,0.057077625570776225,0.0022831050228310501,-0.011415525114155223,-0.003424657534246589,0.12100456621004574,False,False,False,False,False,0,2022,2023,MDB_CHANGE_RADAR_RULESET_1.0
31089,0.13926940639269414,-0.011796042617960523,0.15106544901065466,0.17123287671232879,0.10730593607305935,-0.027397260273972601,-0.003424657534246589,-0.0045662100456621557,False,False,False,False,False,0,2022,2023,MDB_CHANGE_RADAR_RULESET_1.0
31090,0.20776255707762559,-0.0079908675799087447,0.21575342465753433,0.41552511415525117,0,-0.018264840182648401,-0.003424657534246589,-0.0022831050228311334,True,False,True,True,False,3,2022,2023,MDB_CHANGE_RADAR_RULESET_1.0
31091,-0.0057077625570776114,-0.1035007610350076,0.097792998477929993,-0.0068493150684931781,-0.0045662100456620447,-0.036529680365296802,-0.0022831050228311334,-0.27168949771689499,False,False,False,False,True,1,2022,2023,MDB_CHANGE_RADAR_RULESET_1.0
31092,-0.039954337899543391,0.1921613394216134,-0.23211567732115679,0.015981735159817378,-0.09589041095890416,0.25114155251141546,-0.003424657534246589,0.32876712328767121,False,False,False,False,False,0,2022,2023,MDB_CHANGE_RADAR_RULESET_1.0
31093,-0.11872146118721466,-0.0049467275494672336,-0.11377473363774743,-0.24429223744292239,0.0068493150684931225,-0.013698630136986245,-0.003424657534246589,0.0022831050228310223,False,False,False,False,False,0,2022,2023,MDB_CHANGE_RADAR_RULESET_1.0
31094,-0.044520547945205491,0.062404870624048536,-0.10692541856925403,-0.036529680365296802,-0.052511415525114125,-0.011415525114155334,-0.0022831050228310223,0.20091324200913246,False,False,False,False,False,0,2022,2023,MDB_CHANGE_RADAR_RULESET_1.0
31095,-0.036529680365296857,0.13584474885844733,-0.17237442922374419,-0.070776255707762636,-0.0022831050228310223,0.40639269406392692,-0.003424657534246589,0.0045662100456620447,False,False,False,False,False,0,2022,2023,MDB_CHANGE_RADAR_RULESET_1.0
31096,-0.010273972602739712,0.031202435312024379,-0.041476407914764091,-0.0068493150684931503,-0.013698630136986301,-0.036529680365296802,-0.0022831050228310223,0.13242009132420091,False,False,False,False,False,0,2022,2023,MDB_CHANGE_RADAR_RULESET_1.0
31097,0.077625570776255759,-0.078386605783866137,0.1560121765601219,0.15068493150684931,0.0045662100456620447,-0.022831050228310501,-0.0022831050228310223,-0.21004566210045661,False,False,False,False,True,1,2022,2023,MDB_CHANGE_RADAR_RULESET_1.0
31098,-0.047945205479452135,0.015981735159817378,-0.063926940639269514,-0.06164383561643838,-0.034246575342465779,-0.018264840182648401,-0.0022831050228310223,0.068493150684931503,False,False,False,False,False,0,2022,2023,MDB_CHANGE_RADAR_RULESET_1.0
31099,0.090182648401826493,0.010654490106544956,0.079528158295281537,0.0091324200913242004,0.17123287671232879,0.070776255707762581,-0.0022831050228310223,-0.036529680365296802,False,False,False,False,False,0,2022,2023,MDB_CHANGE_RADAR_RULESET_1.0
31100,-0.0079908675799086615,-0.02321156773211569,0.015220700152207028,-0.10273972602739723,0.086757990867579904,-0.015981735159817351,-0.003424657534246589,-0.050228310502283102,False,False,False,False,False,0,2022,2023,MDB_CHANGE_RADAR_RULESET_1.0
31101,-0.013698630136986301,-0.017123287671232834,0.0034246575342465335,-0.12557077625570778,0.098173515981735154,0.04337899543378998,-0.003424657534246589,-0.091324200913242032,False,False,False,False,False,0,2022,2023,MDB_CHANGE_RADAR_RULESET_1.0
31102,-0.038812785388127852,0.065829528158295236,-0.10464231354642306,-0.066210045662100453,-0.011415525114155251,0.036529680365296802,-0.003424657534246589,0.16438356164383561,False,False,False,False,False,0,2022,2023,MDB_CHANGE_RADAR_RULESET_1.0
32001,0.011415525114155278,-0.0019025875190258612,0.013318112633181139,0.063926940639269431,-0.041095890410958902,-0.020547945205479451,-0.003424657534246589,0.018264840182648429,False,False,False,False,False,0,2022,2023,MDB_CHANGE_RADAR_RULESET_1.0
32002,-0.073059360730593603,0.0030441400304414556,-0.076103500761035059,-0.041095890410958902,-0.1050228310502283,-0.0068493150684931503,-0.0068493150684931781,0.022831050228310501,False,False,False,False,False,0,2022,2023,MDB_CHANGE_RADAR_RULESET_1.0
32003,0.0057077625570776114,-0.04794520547945208,0.053652968036529691,-0.011415525114155251,0.022831050228310501,-0.036529680365296802,0,-0.10730593607305933,False,False,False,False,False,0,2022,2023,MDB_CHANGE_RADAR_RULESET_1.0
32004,0.030821917808219135,0.049847792998477913,-0.019025875190258779,0.075342465753424653,-0.013698630136986356,-0.034246575342465779,-0.003424657534246589,0.18721461187214611,False,False,False,False,False,0,2022,2023,MDB_CHANGE_RADAR_RULESET_1.0
33001,-0.0011415525114155667,0.026636225266362334,-0.027777777777777901,-0.0045662100456621002,0.0022831050228310223,-0.041095890410958902,-0.0045662100456620447,0.12557077625570778,False,False,False,False,False,0,2022,2023,MDB_CHANGE_RADAR_RULESET_1.0
33002,0.034246575342465752,0.011415525114155334,0.022831050228310446,0.034246575342465752,0.034246575342465779,-0.011415525114155223,-0.0045662100456621557,0.050228310502283047,False,False,False,False,False,0,2022,2023,MDB_CHANGE_RADAR_RULESET_1.0
33003,-0.18264840182648406,-0.015981735159817156,-0.16666666666666696,-0.11415525114155251,-0.25114155251141557,-0.011415525114155223,-0.0068493150684931781,-0.029680365296803624,False,False,False,False,False,0,2022,2023,MDB_CHANGE_RADAR_RULESET_1.0
33004,-0.026255707762557035,0.0015220700152206446,-0.027777777777777679,-0.038812785388127852,-0.013698630136986245,-0.034246575342465668,-0.0022831050228311334,0.041095890410958957,False,False,False,False,False,0,2022,2023,MDB_CHANGE_RADAR_RULESET_1.0
33005,-0.025114155251141523,-0.04642313546423138,0.021308980213089856,-0.0068493150684931503,-0.04337899543378998,0.0045662100456621002,-0.0068493150684931781,-0.13698630136986301,False,False,False,False,False,0,2022,2023,MDB_CHANGE_RADAR_RULESET_1.0
33006,-0.025114155251141468,0.0038051750380517779,-0.028919330289193246,0,-0.050228310502283047,-0.011415525114155251,0.04337899543378998,-0.020547945205479423,False,False,False,False,False,0,2022,2023,MDB_CHANGE_RADAR_RULESET_1.0
33007,-0.029680365296803735,0.0098934550989344672,-0.039573820395738202,-0.073059360730593603,0.013698630136986245,-0.022831050228310557,-0.0045662100456620447,0.057077625570776225,False,False,False,False,False,0,2022,2023,MDB_CHANGE_RADAR_RULESET_1.0
33008,-0.03538812785388129,-0.031963470319634646,-0.0034246575342466445,0.075342465753424653,-0.14611872146118721,-0.036529680365296802,-0.006849315068493067,-0.052511415525114069,False,False,False,False,False,0,2022,2023,MDB_CHANGE_RADAR_RULESET_1.0
33009,0.025114155251141579,-0.031202435312024379,0.056316590563165958,0.059360730593607303,-0.0091324200913242004,-0.077625570776255759,-0.0045662100456620447,-0.011415525114155223,False,False,False,False,False,0,2022,2023,MDB_CHANGE_RADAR_RULESET_1.0
35011,-0.04794520547945208,0.12671232876712329,-0.17465753424657537,-0.061643835616438353,-0.034246575342465779,0.013698630136986301,0.35273972602739723,0.013698630136986301,False,False,False,False,False,0,2022,2023,MDB_CHANGE_RADAR_RULESET_1.0
35012,-0.028538812785388168,0.013318112633181167,-0.041856925418569335,0.0022831050228310501,-0.059360730593607247,0.027397260273972601,-0.003424657534246589,0.015981735159817267,False,False,False,False,False,0,2022,2023,MDB_CHANGE_RADAR_RULESET_1.0
35013,0.0011415525114155112,-0.0095129375951293338,0.010654490106544845,-0.011415525114155251,0.013698630136986301,-0.020547945205479451,-0.003424657534246589,-0.0045662100456620447,False,False,False,False,False,0,2022,2023,MDB_CHANGE_RADAR_RULESET_1.0
35014,0.0068493150684931225,-0.02016742770167429,0.027016742770167412,0.011415525114155251,0.0022831050228310223,-0.0068493150684931503,-0.003424657534246589,-0.050228310502283047,False,False,False,False,False,0,2022,2023,MDB_CHANGE_RADAR_RULESET_1.0
35015,-0.0091324200913242004,0.04642313546423138,-0.05555555555555558,-0.027397260273972601,0.0091324200913242004,-0.018264840182648401,0.047945205479452135,0.1095890410958904,False,False,False,False,False,0,2022,2023,MDB_CHANGE_RADAR_RULESET_1.0
35016,-0.012557077625570789,0.10616438356164387,-0.11872146118721466,-0.0022831050228310501,-0.022831050228310557,0.0022831050228310501,0.31849315068493145,-0.0022831050228310223,False,False,False,False,False,0,2022,2023,MDB_CHANGE_RADAR_RULESET_1.0
35021,0.071917808219178148,0.0019025875190259445,0.070015220700152203,0.13242009132420096,0.011415525114155278,-0.036529680365296802,-0.003424657534246589,0.04566210045662103,False,False,False,False,False,0,2022,2023,MDB_CHANGE_RADAR_RULESET_1.0
35022,0.09589041095890416,0.046042617960426191,0.049847792998477969,0.21461187214611877,-0.022831050228310446,-0.043378995433789869,-0.003424657534246589,0.18493150684931503,False,False,False,True,False,1,2022,2023,MDB_CHANGE_RADAR_RULESET_1.0
35023,0.10273972602739728,-0.042237442922374469,0.14497716894977175,0.20319634703196346,0.0022831050228311334,-0.020547945205479451,-0.003424657534246589,-0.10273972602739728,False,False,False,True,False,1,2022,2023,MDB_CHANGE_RADAR_RULESET_1.0
35031,-0.047945205479452024,-0.10768645357686452,0.059741248097412492,-0.020547945205479423,-0.075342465753424626,-0.013698630136986301,-0.003424657534246589,-0.30593607305936071,False,False,False,False,True,1,2022,2023,MDB_CHANGE_RADAR_RULESET_1.0
35032,-0.039954337899543391,-0.0091324200913242004,-0.03082191780821919,0.0068493150684931781,-0.086757990867579904,-0.022831050228310501,-0.0045662100456620447,0,False,False,False,False,False,0,2022,2023,MDB_CHANGE_RADAR_RULESET_1.0
35033,-0.041095890410958957,0.0030441400304415112,-0.044140030441400468,-0.066210045662100425,-0.015981735159817378,-0.04337899543378998,0,0.052511415525114125,False,False,False,False,False,0,2022,2023,MDB_CHANGE_RADAR_RULESET_1.0
35041,-0.019406392694063967,-0.0072298325722983114,-0.012176560121765656,-0.031963470319634701,-0.0068493150684931781,-0.036529680365296802,-0.003424657534246589,0.018264840182648401,False,False,False,False,False,0,2022,2023,MDB_CHANGE_RADAR_RULESET_1.0
35051,0.003424657534246589,-0.0030441400304415112,0.0064687975646881002,-0.036529680365296802,0.04337899543378998,-0.015981735159817351,-0.0045662100456621557,0.011415525114155334,False,False,False,False,False,0,2022,2023,MDB_CHANGE_RADAR_RULESET_1.0
35052,-0.049086757990867536,0.081050228310502237,-0.13013698630136977,-0.043378995433789924,-0.054794520547945202,-0.029680365296803651,-0.003424657534246589,0.27625570776255703,False,False,False,False,False,0,2022,2023,MDB_CHANGE_RADAR_RULESET_1.0
35061,-0.025114155251141579,0.039193302891933068,-0.064307458143074647,-0.098173515981735182,0.047945205479452024,0.11643835616438358,-0.003424657534246589,0.0045662100456621002,False,False,False,False,False,0,2022,2023,MDB_CHANGE_RADAR_RULESET_1.0
35062,-0.023972602739726012,-0.0057077625570776114,-0.018264840182648401,-0.027397260273972601,-0.020547945205479423,0.027397260273972601,-0.003424657534246589,-0.041095890410958846,False,False,False,False,False,0,2022,2023,MDB_CHANGE_RADAR_RULESET_1.0
35063,0.031963470319634646,-0.011035007610350034,0.04299847792998468,0.054794520547945202,0.0091324200913242004,-0.031963470319634757,-0.003424657534246589,0.0022831050228310223,False,False,False,False,False,0,2022,2023,MDB_CHANGE_RADAR_RULESET_1.0
35064,-0.051369863013698613,-0.021689497716894879,-0.029680365296803735,-0.10958904109589046,0.0068493150684931781,-0.14840182648401823,-0.003424657534246589,0.086757990867579848,False,False,False,False,False,0,2022,2023,MDB_CHANGE_RADAR_RULESET_1.0
35065,-0.057077625570776336,0.047564687975646835,-0.10464231354642317,-0.091324200913242004,-0.022831050228310557,-0.025114155251141468,-0.003424657534246589,0.17123287671232879,False,False,False,False,False,0,2022,2023,MDB_CHANGE_RADAR_RULESET_1.0
35071,-0.033105022831050324,-0.031582952815829568,-0.0015220700152207556,-0.0091324200913242004,-0.057077625570776225,0.052511415525114152,-0.003424657534246589,-0.14383561643835618,False,False,False,False,False,0,2022,2023,MDB_CHANGE_RADAR_RULESET_1.0
35072,-0.045662100456621002,-0.0038051750380516669,-0.041856925418569335,-0.036529680365296802,-0.054794520547945202,-0.0068493150684931781,-0.0045662100456620447,0,False,False,False,False,False,0,2022,2023,MDB_CHANGE_RADAR_RULESET_1.0
35073,-0.050228310502283047,-0.038051750380517502,-0.012176560121765545,-0.077625570776255703,-0.022831050228310446,-0.027397260273972601,-0.0022831050228310223,-0.084474885844748937,False,False,False,False,False,0,2022,2023,MDB_CHANGE_RADAR_RULESET_1.0
35074,-0.075342465753424737,-0.011796042617960523,-0.063546423135464214,-0.12100456621004563,-0.029680365296803624,-0.029680365296803624,-0.003424657534246589,-0.0022831050228310223,False,False,False,False,False,0,2022,2023,MDB_CHANGE_RADAR_RULESET_1.0
35081,-0.047945205479452024,-0.024733637747336334,-0.02321156773211569,-0.063926940639269403,-0.031963470319634757,0.020547945205479451,-0.003424657534246589,-0.091324200913242004,False,False,False,False,False,0,2022,2023,MDB_CHANGE_RADAR_RULESET_1.0
35082,-0.13698630136986301,0.070395738203957392,-0.2073820395738204,-0.27853881278538811,0.0045662100456620447,-0.015981735159817378,-0.003424657534246589,0.23059360730593614,False,False,False,False,False,0,2022,2023,MDB_CHANGE_RADAR_RULESET_1.0
35083,0.039954337899543391,-0.013698630136986356,0.053652968036529747,0.091324200913242004,-0.011415525114155223,-0.025114155251141579,-0.0045662100456620447,-0.011415525114155334,False,False,False,False,False,0,2022,2023,MDB_CHANGE_RADAR_RULESET_1.0
35091,0.083333333333333259,-0.007229832572298367,0.090563165905631626,0.16666666666666663,0,-0.015981735159817378,-0.003424657534246589,-0.0022831050228310223,False,False,False,False,False,0,2022,2023,MDB_CHANGE_RADAR_RULESET_1.0
35092,0.036529680365296802,-0.026255707762557146,0.062785388127853947,0.034246575342465779,0.038812785388127824,0.043378995433789869,-0.003424657534246589,-0.11872146118721461,False,False,False,False,False,0,2022,2023,MDB_CHANGE_RADAR_RULESET_1.0
35093,0.014840182648401923,-0.011796042617960301,0.026636225266362223,0.031963470319634646,-0.0022831050228310223,-0.031963470319634701,-0.003424657534246589,0,False,False,False,False,False,0,2022,2023,MDB_CHANGE_RADAR_RULESET_1.0
35094,-0.058219178082191902,0.053652968036529525,-0.11187214611872143,-0.11187214611872154,-0.0045662100456621557,0.086757990867579848,-0.003424657534246589,0.077625570776255648,False,False,False,False,False,0,2022,2023,MDB_CHANGE_RADAR_RULESET_1.0
35095,-0.047945205479452024,-0.031582952815829568,-0.016362252663622456,-0.10273972602739723,0.0068493150684931781,-0.041095890410958957,-0.003424657534246589,-0.050228310502283158,False,False,False,False,False,0,2022,2023,MDB_CHANGE_RADAR_RULESET_1.0
35101,0.0022831050228310223,-0.030060882800608812,0.032343987823439835,0.047945205479452024,-0.04337899543378998,-0.04337899543378998,-0.003424657534246589,-0.043378995433789924,False,False,False,False,False,0,2022,2023,MDB_CHANGE_RADAR_RULESET_1.0
35102,0.019406392694063967,-0.035007610350076102,0.054414003044140069,0.011415525114155278,0.027397260273972601,-0.036529680365296802,-0.0022831050228310223,-0.066210045662100481,False,False,False,False,False,0,2022,2023,MDB_CHANGE_RADAR_RULESET_1.0
35103,-0.052511415525114125,0.065829528158295292,-0.11834094368340942,-0.06164383561643838,-0.043378995433789924,0.10273972602739725,-0.003424657534246589,0.098173515981735182,False,False,False,False,False,0,2022,2023,MDB_CHANGE_RADAR_RULESET_1.0
35104,-0.043378995433789924,0.043759512937595169,-0.087138508371385093,-0.047945205479452024,-0.038812785388127824,-0.034246575342465724,-0.003424657534246589,0.16894977168949776,False,False,False,False,False,0,2022,2023,MDB_CHANGE_RADAR_RULESET_1.0
35111,-0.055936073059360658,0.03044140030441389,-0.086377473363774548,-0.10730593607305938,-0.0045662100456620447,0.14611872146118721,-0.0022831050228310223,-0.052511415525114069,False,False,False,False,False,0,2022,2023,MDB_CHANGE_RADAR_RULESET_1.0
35112,0.020547945205479534,0.010273972602739656,0.010273972602739878,0.041095890410958846,0,0.034246575342465779,-0.003424657534246589,0,False,False,False,False,False,0,2022,2023,MDB_CHANGE_RADAR_RULESET_1.0
35113,0.24315068493150693,-0.010273972602739767,0.2534246575342467,0.47945205479452058,0.0068493150684931781,-0.0091324200913242004,-0.003424657534246589,-0.018264840182648401,True,False,True,True,False,3,2022,2023,MDB_CHANGE_RADAR_RULESET_1.0
35114,0.14497716894977164,-0.072298325722983225,0.21727549467275487,0.26027397260273971,0.029680365296803624,-0.04337899543378998,-0.0022831050228311334,-0.17123287671232879,False,False,True,True,False,2,2022,2023,MDB_CHANGE_RADAR_RULESET_1.0
35115,0.095890410958904049,0.20966514459665148,-0.11377473363774743,0.16894977168949765,0.022831050228310446,0.60273972602739723,-0.003424657534246589,0.029680365296803735,False,False,False,False,False,0,2022,2023,MDB_CHANGE_RADAR_RULESET_1.0
35121,0.05821917808219168,0.047184170471841647,0.011035007610350034,0.10502283105022825,0.011415525114155223,-0.04337899543378998,-0.0022831050228310223,0.18721461187214611,False,False,False,False,False,0,2022,2023,MDB_CHANGE_RADAR_RULESET_1.0
35131,0.037671232876712368,-0.11453576864535769,0.15220700152207006,0.098173515981735182,-0.022831050228310446,-0.031963470319634701,-0.003424657534246589,-0.30821917808219179,False,False,False,False,True,1,2022,2023,MDB_CHANGE_RADAR_RULESET_1.0
35132,-0.060502283105022814,-0.0095129375951293338,-0.05098934550989348,-0.061643835616438436,-0.059360730593607358,-0.0091324200913242004,-0.003424657534246589,-0.015981735159817378,False,False,False,False,False,0,2022,2023,MDB_CHANGE_RADAR_RULESET_1.0
35133,-0.044520547945205435,-0.010273972602739712,-0.034246575342465724,-0.084474885844748826,-0.0045662100456620447,-0.0022831050228310501,-0.003424657534246589,-0.025114155251141579,False,False,False,False,False,0,2022,2023,MDB_CHANGE_RADAR_RULESET_1.0
35141,-0.0011415525114154557,-0.065829528158295347,0.064687975646879892,-0.0045662100456621002,0.0022831050228310223,-0.050228310502283158,-0.003424657534246589,-0.14383561643835618,False,False,False,False,False,0,2022,2023,MDB_CHANGE_RADAR_RULESET_1.0
35142,0.033105022831050213,0.0011415525114154557,0.031963470319634757,0.063926940639269403,0.0022831050228310223,-0.036529680365296802,-0.003424657534246589,0.04337899543378998,False,False,False,False,False,0,2022,2023,MDB_CHANGE_RADAR_RULESET_1.0
35143,0.010273972602739656,-0.02473363774733639,0.035007610350076046,0.020547945205479423,0,0.006849315068493067,-0.003424657534246589,-0.077625570776255648,False,False,False,False,False,0,2022,2023,MDB_CHANGE_RADAR_RULESET_1.0
35151,-0.011415525114155223,0.079528158295281537,-0.09094368340943676,-0.027397260273972601,0.0045662100456621557,0.14155251141552513,-0.003424657534246589,0.1004566210045662,False,False,False,False,False,0,2022,2023,MDB_CHANGE_RADAR_RULESET_1.0
35152,-0.052511415525114069,-0.05821917808219168,0.0057077625570776114,0.011415525114155223,-0.11643835616438347,-0.041095890410958902,-0.003424657534246589,-0.13013698630136994,False,False,False,False,False,0,2022,2023,MDB_CHANGE_RADAR_RULESET_1.0
35153,0.0022831050228311334,0.022450532724505312,-0.020167427701674123,0.020547945205479423,-0.015981735159817378,-0.015981735159817351,-0.003424657534246589,0.086757990867579904,False,False,False,False,False,0,2022,2023,MDB_CHANGE_RADAR_RULESET_1.0
35154,-0.16324200913242015,0.036910197869102046,-0.2001522070015222,-0.22374429223744297,-0.10273972602739728,-0.034246575342465724,-0.003424657534246589,0.14840182648401823,False,False,False,False,False,0,2022,2023,MDB_CHANGE_RADAR_RULESET_1.0
35155,-0.051369863013698613,-0.013318112633181167,-0.038051750380517446,-0.089041095890410982,-0.013698630136986356,-0.031963470319634701,-0.003424657534246589,-0.0045662100456621557,False,False,False,False,False,0,2022,2023,MDB_CHANGE_RADAR_RULESET_1.0
35156,-0.16095890410958902,-0.0079908675799086337,-0.15296803652968038,-0.31506849315068491,-0.0068493150684931781,0,-0.003424657534246589,-0.020547945205479534,False,False,False,False,False,0,2022,2023,MDB_CHANGE_RADAR_RULESET_1.0
35157,-0.017123287671232834,0.082572298325722993,-0.099695585996955827,-0.029680365296803624,-0.0045662100456621557,0.16666666666666669,-0.003424657534246589,0.084474885844748826,False,False,False,False,False,0,2022,2023,MDB_CHANGE_RADAR_RULESET_1.0
35161,-0.020547945205479368,-0.020547945205479534,1.6653345369377348e-16,-0.034246575342465668,-0.0068493150684931225,-0.050228310502283047,-0.0068493150684931781,-0.0045662100456621557,False,False,False,False,False,0,2022,2023,MDB_CHANGE_RADAR_RULESET_1.0
35162,0.051369863013698669,0.020928462709284668,0.030441400304414001,0.10730593607305938,-0.0045662100456621002,-0.041095890410958957,-0.003424657534246589,0.10730593607305938,False,False,False,False,False,0,2022,2023,MDB_CHANGE_RADAR_RULESET_1.0
35163,0.034246575342465779,0.018264840182648401,0.015981735159817378,0.1050228310502283,-0.036529680365296802,-0.020547945205479479,-0.0045662100456620447,0.079908675799086781,False,False,False,False,False,0,2022,2023,MDB_CHANGE_RADAR_RULESET_1.0
35171,0.025114155251141579,0.001902587519025889,0.02321156773211569,0.059360730593607303,-0.0091324200913242004,-0.015981735159817351,-0.003424657534246589,0.025114155251141579,False,False,False,False,False,0,2022,2023,MDB_CHANGE_RADAR_RULESET_1.0
35172,-0.029680365296803568,0.001902587519025889,-0.031582952815829457,0.036529680365296829,-0.095890410958904049,-0.036529680365296857,-0.003424657534246589,0.045662100456621002,False,False,False,False,False,0,2022,2023,MDB_CHANGE_RADAR_RULESET_1.0
35173,0.07420091324200917,-0.020928462709284723,0.095129375951293893,0.1050228310502283,0.04337899543378998,-0.038812785388127879,-0.003424657534246589,-0.020547945205479423,False,False,False,False,False,0,2022,2023,MDB_CHANGE_RADAR_RULESET_1.0
35174,0.010273972602739712,0.0098934550989345782,0.00038051750380513338,0.031963470319634701,-0.011415525114155223,-0.022831050228310501,-0.0022831050228311334,0.054794520547945202,False,False,False,False,False,0,2022,2023,MDB_CHANGE_RADAR_RULESET_1.0
41001,-0.026255707762557035,-0.097792998477929993,0.071537290715372959,-0.061643835616438269,0.0091324200913242004,-0.04794520547945208,-0.003424657534246589,-0.24200913242009134,False,False,False,False,True,1,2022,2023,MDB_CHANGE_RADAR_RULESET_1.0
41002,0.013698630136986356,0.0038051750380517224,0.0098934550989346337,0.022831050228310501,0.0045662100456620447,0.0068493150684931503,-0.0045662100456620447,0.0091324200913242004,False,False,False,False,False,0,2022,2023,MDB_CHANGE_RADAR_RULESET_1.0
41003,0.078767123287671215,-0.012557077625570789,0.091324200913241976,0.15753424657534248,0,-0.034246575342465752,-0.003424657534246589,0,False,False,False,False,False,0,2022,2023,MDB_CHANGE_RADAR_RULESET_1.0
41004,0.14269406392694062,-0.0045662100456620447,0.14726027397260266,0.11415525114155245,0.17123287671232873,-0.020547945205479451,0,0.0068493150684931503,False,False,False,False,False,0,2022,2023,MDB_CHANGE_RADAR_RULESET_1.0
41005,0.0011415525114155667,0.017503805175038079,-0.016362252663622512,-0.0045662100456621557,0.0068493150684931781,0.045662100456621002,-0.006849315068493067,0.013698630136986301,False,False,False,False,False,0,2022,2023,MDB_CHANGE_RADAR_RULESET_1.0
41006,0.0091324200913242004,0.014079147640791434,-0.0049467275494672336,0.057077625570776225,-0.038812785388127824,-0.020547945205479451,-0.003424657534246589,0.066210045662100425,False,False,False,False,False,0,2022,2023,MDB_CHANGE_RADAR_RULESET_1.0
41007,-0.010273972602739767,0.010654490106544956,-0.020928462709284723,-0.018264840182648401,-0.0022831050228310223,0.059360730593607358,0,-0.027397260273972601,False,False,False,False,False,0,2022,2023,MDB_CHANGE_RADAR_RULESET_1.0
41008,-0.015981735159817378,0.033866057838660535,-0.049847792998477913,-0.018264840182648401,-0.013698630136986301,0.045662100456621002,-0.003424657534246589,0.059360730593607303,False,False,False,False,False,0,2022,2023,MDB_CHANGE_RADAR_RULESET_1.0
41009,0.070776255707762581,0.02777777777777779,0.042998477929984791,0.066210045662100425,0.075342465753424626,-0.038812785388127879,-0.003424657534246589,0.12557077625570773,False,False,False,False,False,0,2022,2023,MDB_CHANGE_RADAR_RULESET_1.0
41010,-0.023972602739726012,-0.01560121765601219,-0.0083713850837138226,-0.034246575342465779,-0.013698630136986245,-0.015981735159817351,-0.003424657534246589,-0.027397260273972601,False,False,False,False,False,0,2022,2023,MDB_CHANGE_RADAR_RULESET_1.0
41011,0.0068493150684931781,0.036149162861491613,-0.029299847792998435,0.029680365296803679,-0.015981735159817378,0.15981735159817351,-0.003424657534246589,-0.04794520547945208,False,False,False,False,False,0,2022,2023,MDB_CHANGE_RADAR_RULESET_1.0
41012,-0.017123287671232834,0.0064687975646879892,-0.023592085235920823,-0.034246575342465779,0,-0.0068493150684931503,-0.003424657534246589,0.029680365296803624,False,False,False,False,False,0,2022,2023,MDB_CHANGE_RADAR_RULESET_1.0
41013,0.073059360730593603,-0.071156773211567714,0.14421613394216132,0.17579908675799086,-0.029680365296803624,-0.020547945205479451,-0.003424657534246589,-0.18949771689497719,False,False,False,False,False,0,2022,2023,MDB_CHANGE_RADAR_RULESET_1.0
41014,0.003424657534246589,-0.039954337899543391,0.04337899543378998,0.025114155251141468,-0.018264840182648401,-0.036529680365296802,-0.003424657534246589,-0.079908675799086754,False,False,False,False,False,0,2022,2023,MDB_CHANGE_RADAR_RULESET_1.0
41015,-0.011415525114155223,-0.11796042617960423,0.106544901065449,0.0068493150684931225,-0.029680365296803624,-0.04109589041095893,-0.21004566210045661,-0.10273972602739723,False,False,False,False,True,1,2022,2023,MDB_CHANGE_RADAR_RULESET_1.0
41016,-0.058219178082191791,-0.026255707762557035,-0.031963470319634757,-0.11643835616438358,0,-0.045662100456621002,-0.003424657534246589,-0.029680365296803624,False,False,False,False,False,0,2022,2023,MDB_CHANGE_RADAR_RULESET_1.0
41017,0.0022831050228310223,0.0095129375951293338,-0.0072298325722983114,0.0091324200913242004,-0.0045662100456621557,-0.018264840182648401,-0.003424657534246589,0.050228310502283102,False,False,False,False,False,0,2022,2023,MDB_CHANGE_RADAR_RULESET_1.0
41018,-0.019406392694063856,-0.0083713850837139336,-0.011035007610349923,-0.091324200913242004,0.05251141552511418,-0.036529680365296802,-0.0022831050228311334,0.013698630136986301,False,False,False,False,False,0,2022,2023,MDB_CHANGE_RADAR_RULESET_1.0
41019,0.031963470319634646,-0.011035007610350089,0.042998477929984791,0.063926940639269403,0,-0.018264840182648401,-0.003424657534246589,-0.011415525114155251,False,False,False,False,False,0,2022,2023,MDB_CHANGE_RADAR_RULESET_1.0
41020,-0.0079908675799087447,0.008751902587519067,-0.016742770167427812,-0.041095890410958957,0.025114155251141468,0.04337899543378998,-0.003424657534246589,-0.013698630136986301,False,False,False,False,False,0,2022,2023,MDB_CHANGE_RADAR_RULESET_1.0
41021,0.12100456621004574,-0.06735159817351602,0.18835616438356173,0.26712328767123289,-0.025114155251141468,-0.031963470319634701,-0.003424657534246589,-0.16666666666666666,False,False,False,True,False,1,2022,2023,MDB_CHANGE_RADAR_RULESET_1.0
41022,-0.023972602739726012,0.049847792998477913,-0.073820395738203981,-0.038812785388127824,-0.0091324200913242004,0.14611872146118721,-0.003424657534246589,0.0068493150684931225,False,False,False,False,False,0,2022,2023,MDB_CHANGE_RADAR_RULESET_1.0
42001,0.014840182648401812,-0.058219178082191791,0.073059360730593548,0,0.029680365296803624,-0.045662100456621002,-0.003424657534246589,-0.12557077625570778,False,False,False,False,False,0,2022,2023,MDB_CHANGE_RADAR_RULESET_1.0
42002,0.03082191780821919,0.0034246575342466445,0.027397260273972546,-0.027397260273972601,0.089041095890411037,-0.045662100456621002,-0.003424657534246589,0.059360730593607303,False,False,False,False,False,0,2022,2023,MDB_CHANGE_RADAR_RULESET_1.0
42003,0.0011415525114155667,-0.020167427701674234,0.021308980213089801,-0.034246575342465668,0.036529680365296802,-0.057077625570776225,-0.003424657534246589,0,False,False,False,False,False,0,2022,2023,MDB_CHANGE_RADAR_RULESET_1.0
42004,0.020547945205479423,0.05707762557077628,-0.036529680365296857,0.025114155251141579,0.015981735159817378,0.22146118721461189,-0.006849315068493067,-0.04337899543378998,False,False,False,False,False,0,2022,2023,MDB_CHANGE_RADAR_RULESET_1.0
42005,-0.0079908675799086337,-0.02777777777777779,0.019786910197869156,-0.0091324200913242004,-0.0068493150684931225,-0.041095890410958902,-0.003424657534246589,-0.038812785388127879,False,False,False,False,False,0,2022,2023,MDB_CHANGE_RADAR_RULESET_1.0
42006,0.041095890410958846,0.010654490106544845,0.030441400304414001,0.036529680365296802,0.045662100456621002,0.018264840182648401,-0.0022831050228310223,0.015981735159817378,False,False,False,False,False,0,2022,2023,MDB_CHANGE_RADAR_RULESET_1.0
42007,-0.0068493150684931781,-0.011035007610350034,0.0041856925418568558,-0.0091324200913242004,-0.0045662100456620447,0.0022831050228310501,-0.003424657534246589,-0.031963470319634646,False,False,False,False,False,0,2022,2023,MDB_CHANGE_RADAR_RULESET_1.0
42008,0.029680365296803624,-0.013318112633181167,0.042998477929984791,0.079908675799086781,-0.020547945205479534,-0.031963470319634646,-0.003424657534246589,-0.0045662100456621002,False,False,False,False,False,0,2022,2023,MDB_CHANGE_RADAR_RULESET_1.0
42009,0.031963470319634646,-0.033105022831050268,0.06506849315068497,0.050228310502283158,0.013698630136986245,-0.041095890410958957,-0.003424657534246589,-0.054794520547945202,False,False,False,False,False,0,2022,2023,MDB_CHANGE_RADAR_RULESET_1.0
42010,-0.031963470319634646,-0.021308980213089912,-0.010654490106544734,0.0091324200913242004,-0.073059360730593603,-0.041095890410958902,-0.0045662100456620447,-0.018264840182648456,False,False,False,False,False,0,2022,2023,MDB_CHANGE_RADAR_RULESET_1.0
42011,-0.045662100456621113,-0.039193302891933041,-0.0064687975646881002,-0.1004566210045662,0.0091324200913242004,0.031963470319634701,-0.003424657534246589,-0.14611872146118721,False,False,False,False,False,0,2022,2023,MDB_CHANGE_RADAR_RULESET_1.0
42012,-0.0068493150684931781,0.0060882800608828003,-0.012937595129375978,0.015981735159817378,-0.029680365296803679,-0.050228310502283047,-0.0022831050228310223,0.070776255707762581,False,False,False,False,False,0,2022,2023,MDB_CHANGE_RADAR_RULESET_1.0
42013,0.026255707762557035,0.018645357686453534,0.0076103500761035003,-0.050228310502283158,0.10273972602739723,-0.029680365296803651,-0.003424657534246589,0.089041095890410871,False,False,False,False,False,0,2022,2023,MDB_CHANGE_RADAR_RULESET_1.0
42014,0.042237442922374524,0.078386605783866081,-0.036149162861491557,0.057077625570776336,0.027397260273972601,-0.0091324200913242004,-0.006849315068493067,0.25114155251141551,False,False,False,False,False,0,2022,2023,MDB_CHANGE_RADAR_RULESET_1.0
42015,0.013698630136986356,0.0041856925418568558,0.0095129375951295003,-0.022831050228310557,0.050228310502283158,-0.0068493150684931781,-0.003424657534246589,0.022831050228310557,False,False,False,False,False,0,2022,2023,MDB_CHANGE_RADAR_RULESET_1.0
42016,0.0011415525114155667,-0.02130898021308969,0.022450532724505257,-0.013698630136986356,0.015981735159817267,-0.038812785388127879,-0.0022831050228310223,-0.022831050228310446,False,False,False,False,False,0,2022,2023,MDB_CHANGE_RADAR_RULESET_1.0
42017,0.034246575342465779,0.016362252663622623,0.017884322678843156,-0.011415525114155223,0.079908675799086837,0.043378995433790035,-0.003424657534246589,0.0091324200913242004,False,False,False,False,False,0,2022,2023,MDB_CHANGE_RADAR_RULESET_1.0
43001,0.027397260273972601,-0.012176560121765712,0.039573820395738313,-0.013698630136986356,0.068493150684931448,-0.038812785388127935,0,0.0022831050228310223,False,False,False,False,False,0,2022,2023,MDB_CHANGE_RADAR_RULESET_1.0
43002,0.11643835616438358,0.0053272450532724225,0.11111111111111116,0.19178082191780821,0.041095890410958957,-0.015981735159817378,0,0.031963470319634757,False,False,False,False,False,0,2022,2023,MDB_CHANGE_RADAR_RULESET_1.0
43003,0.082191780821917804,-0.022070015220700068,0.10426179604261787,0.14611872146118721,0.018264840182648401,-0.034246575342465668,-0.0022831050228310223,-0.029680365296803651,False,False,False,False,False,0,2022,2023,MDB_CHANGE_RADAR_RULESET_1.0
43004,0.0091324200913243114,0.063165905631659136,-0.054033485540334825,0.0068493150684931781,0.011415525114155223,0.15525114155251141,-0.0045662100456620447,0.038812785388127935,False,False,False,False,False,0,2022,2023,MDB_CHANGE_RADAR_RULESET_1.0
43005,0.04337899543378998,0.022831050228310557,0.020547945205479423,0.079908675799086781,0.0068493150684931781,0.11872146118721466,-0.0068493150684931781,-0.043378995433789869,False,False,False,False,False,0,2022,2023,MDB_CHANGE_RADAR_RULESET_1.0
43006,0.026255707762557146,-0.019786910197869156,0.046042617960426302,0.045662100456621002,0.0068493150684931781,-0.022831050228310446,-0.0022831050228310223,-0.034246575342465779,False,False,False,False,False,0,2022,2023,MDB_CHANGE_RADAR_RULESET_1.0
43007,0.010273972602739767,-0.0098934550989346892,0.020167427701674456,0.027397260273972601,-0.0068493150684931781,-0.031963470319634701,0,0.0022831050228310223,False,False,False,False,False,0,2022,2023,MDB_CHANGE_RADAR_RULESET_1.0
43008,0.0022831050228310223,-0.020547945205479423,0.022831050228310446,0.015981735159817378,-0.011415525114155223,0.0091324200913242004,-0.0068493150684931781,-0.063926940639269403,False,False,False,False,False,0,2022,2023,MDB_CHANGE_RADAR_RULESET_1.0
43009,0,0.019786910197869267,-0.019786910197869267,-0.027397260273972601,0.027397260273972601,0.06164383561643838,-0.0045662100456620447,0.0022831050228310223,False,False,False,False,False,0,2022,2023,MDB_CHANGE_RADAR_RULESET_1.0
43010,0.027397260273972601,-0.0045662100456621557,0.031963470319634757,0.059360730593607303,-0.0045662100456620447,-0.011415525114155278,-0.0022831050228311334,0,False,False,False,False,False,0,2022,2023,MDB_CHANGE_RADAR_RULESET_1.0
43011,-0.013698630136986356,0.0098934550989345782,-0.023592085235920934,-0.0045662100456621557,-0.022831050228310557,-0.022831050228310446,-0.0045662100456620447,0.057077625570776225,False,False,False,False,False,0,2022,2023,MDB_CHANGE_RADAR_RULESET_1.0
43012,0.023972602739726012,0.0022831050228311334,0.021689497716894879,0.029680365296803624,0.018264840182648401,-0.020547945205479534,-0.0022831050228311334,0.029680365296803624,False,False,False,False,False,0,2022,2023,MDB_CHANGE_RADAR_RULESET_1.0
43013,0.0011415525114155667,-0.012937595129375867,0.014079147640791434,0.018264840182648401,-0.015981735159817267,-0.041095890410958957,0,0.0022831050228310223,False,False,False,False,False,0,2022,2023,MDB_CHANGE_RADAR_RULESET_1.0
43014,0.013698630136986245,0.080669710806697048,-0.066971080669710803,-0.027397260273972601,0.054794520547945202,0.07990867579908667,0.14155251141552505,0.020547945205479451,False,False,False,False,False,0,2022,2023,MDB_CHANGE_RADAR_RULESET_1.0
43015,0.0057077625570776114,-0.016742770167427756,0.022450532724505368,0.0045662100456621557,0.006849315068493067,-0.031963470319634701,-0.0068493150684931781,-0.011415525114155223,False,False,False,False,False,0,2022,2023,MDB_CHANGE_RADAR_RULESET_1.0
43016,0.029680365296803624,0.13546423135464231,-0.10578386605783868,0.041095890410958957,0.018264840182648401,0.32876712328767121,0.0091324200913242004,0.068493150684931503,False,False,False,False,False,0,2022,2023,MDB_CHANGE_RADAR_RULESET_1.0
43017,-0.0022831050228310223,0,-0.0022831050228310223,-0.013698630136986245,0.0091324200913242004,-0.038812785388127824,-0.0022831050228311334,0.041095890410958846,False,False,False,False,False,0,2022,2023,MDB_CHANGE_RADAR_RULESET_1.0
43018,0.038812785388127824,0.021308980213089745,0.017503805175038079,0.015981735159817378,0.06164383561643838,-0.036529680365296802,-0.0022831050228310223,0.10273972602739728,False,False,False,False,False,0,2022,2023,MDB_CHANGE_RADAR_RULESET_1.0
43019,0.012557077625570789,-0.030441400304413946,0.042998477929984735,-0.0022831050228310223,0.027397260273972601,-0.0022831050228310501,-0.0022831050228310223,-0.086757990867579904,False,False,False,False,False,0,2022,2023,MDB_CHANGE_RADAR_RULESET_1.0
43020,0.003424657534246589,0.05859969558599698,-0.055175038051750391,0.0091324200913242004,-0.0022831050228311334,-0.018264840182648401,0.045662100456621002,0.14840182648401823,False,False,False,False,False,0,2022,2023,MDB_CHANGE_RADAR_RULESET_1.0
43021,-0.0011415525114154557,-0.038051750380517557,0.036910197869102102,-0.0091324200913242004,0.0068493150684931781,-0.034246575342465779,-0.0022831050228311334,-0.077625570776255648,False,False,False,False,False,0,2022,2023,MDB_CHANGE_RADAR_RULESET_1.0
43022,0.094748858447488593,-0.086757990867579959,0.18150684931506855,0.17351598173515981,0.015981735159817378,-0.047945205479452024,-0.0022831050228310223,-0.21004566210045666,False,False,False,False,True,1,2022,2023,MDB_CHANGE_RADAR_RULESET_1.0
43023,-0.0057077625570776114,0.0083713850837138226,-0.014079147640791434,-0.0045662100456621557,-0.006849315068493067,-0.034246575342465752,-0.0045662100456620447,0.063926940639269403,False,False,False,False,False,0,2022,2023,MDB_CHANGE_RADAR_RULESET_1.0
43024,0.02168949771689499,-0.01826484018264829,0.03995433789954328,-0.013698630136986245,0.057077625570776225,-0.045662100456621002,-0.0022831050228310223,-0.0068493150684931781,False,False,False,False,False,0,2022,2023,MDB_CHANGE_RADAR_RULESET_1.0
43025,0.013698630136986356,0.040715372907153657,-0.027016742770167301,0.034246575342465668,-0.0068493150684931781,-0.038812785388127879,0.14269406392694073,0.018264840182648401,False,False,False,False,False,0,2022,2023,MDB_CHANGE_RADAR_RULESET_1.0
43026,0.0011415525114155667,0.026636225266362334,-0.025494672754946768,0.0068493150684931781,-0.0045662100456620447,-0.054794520547945202,-0.0068493150684931781,0.14155251141552516,False,False,False,False,False,0,2022,2023,MDB_CHANGE_RADAR_RULESET_1.0
43027,-0.035388127853881235,-0.077625570776255759,0.042237442922374524,-0.086757990867579848,0.015981735159817378,-0.034246575342465668,0,-0.19863013698630139,False,False,False,False,False,0,2022,2023,MDB_CHANGE_RADAR_RULESET_1.0
43028,-0.021689497716894879,-0.023592085235920823,0.0019025875190259445,-0.0091324200913242004,-0.034246575342465668,-0.020547945205479423,-0.0022831050228310223,-0.047945205479452024,False,False,False,False,False,0,2022,2023,MDB_CHANGE_RADAR_RULESET_1.0
43029,0.0057077625570776114,-0.0022831050228311334,0.0079908675799087447,-0.0045662100456621557,0.015981735159817378,-0.029680365296803624,0.027397260273972601,-0.0045662100456621557,False,False,False,False,False,0,2022,2023,MDB_CHANGE_RADAR_RULESET_1.0
43030,-0.0057077625570777224,-0.039573820395738202,0.033866057838660479,-0.0022831050228311334,-0.0091324200913242004,-0.036529680365296802,-0.0022831050228311334,-0.07990867579908667,False,False,False,False,False,0,2022,2023,MDB_CHANGE_RADAR_RULESET_1.0
50009,0.057077625570776225,-0.097031963470319726,0.15410958904109595,0.047945205479452024,0.066210045662100481,-0.034246575342465724,-0.003424657534246589,-0.25342465753424659,False,False,False,False,True,1,2022,2023,MDB_CHANGE_RADAR_RULESET_1.0
50010,0.003424657534246589,-0.019406392694063912,0.022831050228310501,0.13470319634703198,-0.12785388127853881,-0.036529680365296802,-0.003424657534246589,-0.018264840182648401,False,False,False,False,False,0,2022,2023,MDB_CHANGE_RADAR_RULESET_1.0
50011,0.025114155251141579,0.039193302891933068,-0.01407914764079149,0.045662100456621002,0.0045662100456621002,0.018264840182648401,-0.003424657534246589,0.10273972602739734,False,False,False,False,False,0,2022,2023,MDB_CHANGE_RADAR_RULESET_1.0
50012,0.028538812785388168,0.044140030441400302,-0.015601217656012134,0.045662100456621002,0.011415525114155251,0.12557077625570776,-0.0045662100456621557,0.011415525114155251,False,False,False,False,False,0,2022,2023,MDB_CHANGE_RADAR_RULESET_1.0
50013,0.015981735159817378,-0.039193302891933068,0.055175038051750447,0.038812785388127824,-0.0068493150684931225,-0.04794520547945208,-0.003424657534246589,-0.066210045662100425,False,False,False,False,False,0,2022,2023,MDB_CHANGE_RADAR_RULESET_1.0
50014,0.011415525114155223,0.068493150684931448,-0.057077625570776225,-0.034246575342465779,0.057077625570776225,-0.034246575342465779,-0.0022831050228310223,0.24200913242009137,False,False,False,False,False,0,2022,2023,MDB_CHANGE_RADAR_RULESET_1.0
50015,0.035388127853881346,-0.14117199391171992,0.17656012176560126,-0.011415525114155223,0.082191780821917804,-0.018264840182648401,-0.003424657534246589,-0.40182648401826482,False,False,False,False,True,1,2022,2023,MDB_CHANGE_RADAR_RULESET_1.0
50016,-0.03082191780821919,-0.017123287671232862,-0.013698630136986356,-0.073059360730593603,0.011415525114155223,-0.0091324200913242004,-0.003424657534246589,-0.038812785388127852,False,False,False,False,False,0,2022,2023,MDB_CHANGE_RADAR_RULESET_1.0
50017,0.012557077625570789,-0.012557077625570734,0.025114155251141523,0.036529680365296802,-0.011415525114155251,-0.036529680365296802,-0.003424657534246589,0.0022831050228310501,False,False,False,False,False,0,2022,2023,MDB_CHANGE_RADAR_RULESET_1.0
51001,-0.018264840182648401,-0.0079908675799086892,-0.010273972602739656,-0.013698630136986245,-0.022831050228310446,-0.0091324200913242004,-0.003424657534246589,-0.011415525114155251,False,False,False,False,False,0,2022,2023,MDB_CHANGE_RADAR_RULESET_1.0
51002,-0.012557077625570789,-0.017884322678843267,0.005327245053272478,0.011415525114155223,-0.036529680365296802,-0.013698630136986301,-0.003424657534246589,-0.036529680365296802,False,False,False,False,False,0,2022,2023,MDB_CHANGE_RADAR_RULESET_1.0
51003,0.033105022831050213,-0.019406392694063912,0.052511415525114125,-0.031963470319634701,0.098173515981735182,-0.057077625570776336,-0.003424657534246589,0.0022831050228310501,False,False,False,False,False,0,2022,2023,MDB_CHANGE_RADAR_RULESET_1.0
51004,-0.077625570776255703,0.020928462709284612,-0.098554033485540316,-0.17579908675799086,0.020547945205479479,-0.011415525114155251,-0.003424657534246589,0.077625570776255703,False,False,False,False,False,0,2022,2023,MDB_CHANGE_RADAR_RULESET_1.0
51005,-0.031963470319634701,0.00038051750380513338,-0.032343987823439835,-0.066210045662100425,0.0022831050228310501,-0.036529680365296802,-0.003424657534246589,0.041095890410958902,False,False,False,False,False,0,2022,2023,MDB_CHANGE_RADAR_RULESET_1.0
51006,-0.075342465753424626,-0.029299847792998435,-0.046042617960426191,-0.13926940639269403,-0.011415525114155251,-0.066210045662100425,-0.003424657534246589,-0.018264840182648401,False,False,False,False,False,0,2022,2023,MDB_CHANGE_RADAR_RULESET_1.0
51007,-0.0091324200913242004,0.10007610350076104,-0.10920852359208524,-0.018264840182648401,0,0.29223744292237441,-0.003424657534246589,0.011415525114155251,False,False,False,False,False,0,2022,2023,MDB_CHANGE_RADAR_RULESET_1.0
51008,-0.015981735159817378,0.020928462709284612,-0.036910197869101991,-0.020547945205479534,-0.011415525114155251,-0.0022831050228310501,-0.003424657534246589,0.068493150684931503,False,False,False,False,False,0,2022,2023,MDB_CHANGE_RADAR_RULESET_1.0
51009,-0.038812785388127852,-0.0083713850837138781,-0.030441400304414001,0.0022831050228310501,-0.079908675799086754,-0.022831050228310446,-0.003424657534246589,0.0011415525114155251,False,False,False,False,False,0,2022,2023,MDB_CHANGE_RADAR_RULESET_1.0
51010,0.13926940639269403,0.003424657534246589,0.13584474885844744,0.25799086757990863,0.020547945205479451,-0.034246575342465724,-0.003424657534246589,0.04794520547945208,False,False,False,True,False,1,2022,2023,MDB_CHANGE_RADAR_RULESET_1.0
51011,0.014840182648401812,-0.010273972602739712,0.025114155251141523,0.07077625570776247,-0.041095890410958902,-0.050228310502283047,-0.003424657534246589,0.022831050228310501,False,False,False,False,False,0,2022,2023,MDB_CHANGE_RADAR_RULESET_1.0
51012,-0.0091324200913242004,-0.0011415525114155112,-0.0079908675799086892,-0.0091324200913242004,-0.0091324200913242004,-0.0068493150684931503,-0.003424657534246589,0.0068493150684931503,False,False,False,False,False,0,2022,2023,MDB_CHANGE_RADAR_RULESET_1.0
51013,0.011415525114155334,-0.047564687975646919,0.05898021308980228,0.036529680365296857,-0.013698630136986356,-0.052511415525114152,-0.003424657534246589,-0.086757990867579932,False,False,False,False,False,0,2022,2023,MDB_CHANGE_RADAR_RULESET_1.0
51014,0.013698630136986301,0.058219178082191791,-0.044520547945205491,0.011415525114155278,0.015981735159817351,0.086757990867579904,-0.003424657534246589,0.091324200913242004,False,False,False,False,False,0,2022,2023,MDB_CHANGE_RADAR_RULESET_1.0
51015,-0.045662100456621002,0.0026636225266362668,-0.048325722983257269,-0.018264840182648401,-0.073059360730593603,-0.034246575342465724,-0.003424657534246589,0.045662100456621002,False,False,False,False,False,0,2022,2023,MDB_CHANGE_RADAR_RULESET_1.0
51016,0.036529680365296802,0.0064687975646879337,0.030060882800608868,0.015981735159817267,0.057077625570776336,-0.038812785388127824,-0.003424657534246589,0.061643835616438353,False,False,False,False,False,0,2022,2023,MDB_CHANGE_RADAR_RULESET_1.0
52001,-0.010273972602739656,-0.01407914764079149,0.0038051750380518334,0.018264840182648401,-0.038812785388127824,-0.018264840182648401,-0.003424657534246589,-0.020547945205479423,False,False,False,False,False,0,2022,2023,MDB_CHANGE_RADAR_RULESET_1.0
52002,-0.03082191780821919,0.022831050228310446,-0.053652968036529636,-0.050228310502283102,-0.011415525114155334,-0.093607305936073082,-0.0091324200913242004,0.17123287671232879,False,False,False,False,False,0,2022,2023,MDB_CHANGE_RADAR_RULESET_1.0
52003,0.086757990867579959,-0.02473363774733639,0.11149162861491635,0.057077625570776225,0.11643835616438358,-0.04337899543378998,-0.003424657534246589,-0.027397260273972601,False,False,False,False,False,0,2022,2023,MDB_CHANGE_RADAR_RULESET_1.0
52004,0.0045662100456620447,-0.02092846270928464,0.025494672754946685,0.036529680365296802,-0.027397260273972601,-0.0068493150684931503,-0.003424657534246589,-0.052511415525114152,False,False,False,False,False,0,2022,2023,MDB_CHANGE_RADAR_RULESET_1.0
52005,-0.063926940639269403,0.020928462709284612,-0.084855403348554015,-0.11643835616438358,-0.011415525114155278,0.041095890410958846,-0.003424657534246589,0.025114155251141468,False,False,False,False,False,0,2022,2023,MDB_CHANGE_RADAR_RULESET_1.0
52006,0.090182648401826493,-0.011415525114155278,0.10159817351598177,0.19178082191780821,-0.011415525114155278,-0.031963470319634757,-0.003424657534246589,0.0011415525114155251,False,False,False,False,False,0,2022,2023,MDB_CHANGE_RADAR_RULESET_1.0
52007,-0.045662100456621113,0.0019025875190258612,-0.047564687975646947,-0.15753424657534248,0.066210045662100425,0,-0.003424657534246589,0.0091324200913242004,False,False,False,False,False,0,2022,2023,MDB_CHANGE_RADAR_RULESET_1.0
52008,0.037671232876712368,0.0076103500761035558,0.030060882800608812,0.098173515981735071,-0.022831050228310501,-0.047945205479452024,0,0.070776255707762553,False,False,False,False,False,0,2022,2023,MDB_CHANGE_RADAR_RULESET_1.0
52009,-0.063926940639269403,0.072678843226788414,-0.13660578386605782,-0.038812785388127824,-0.089041095890410926,-0.0022831050228310501,-0.003424657534246589,0.22374429223744291,False,False,False,False,False,0,2022,2023,MDB_CHANGE_RADAR_RULESET_1.0
52010,-0.23858447488584478,-0.035388127853881235,-0.20319634703196354,-0.33333333333333337,-0.14383561643835618,-0.036529680365296802,-0.003424657534246589,-0.066210045662100425,False,False,False,False,False,0,2022,2023,MDB_CHANGE_RADAR_RULESET_1.0
52011,0.0057077625570776114,-0.036910197869101935,0.042617960426179546,0,0.011415525114155223,-0.04337899543378998,-0.003424657534246589,-0.063926940639269403,False,False,False,False,False,0,2022,2023,MDB_CHANGE_RADAR_RULESET_1.0
52012,-0.031963470319634646,0.08028919330289197,-0.11225266362252662,-0.0091324200913242004,-0.054794520547945202,0.18264840182648401,-0.003424657534246589,0.06164383561643838,False,False,False,False,False,0,2022,2023,MDB_CHANGE_RADAR_RULESET_1.0
52013,-0.010273972602739767,0.085996955859969471,-0.096270928462709238,-0.0045662100456620447,-0.015981735159817378,-0.015981735159817267,0,0.27397260273972601,False,False,False,False,False,0,2022,2023,MDB_CHANGE_RADAR_RULESET_1.0
52014,0.12899543378995437,0.091704718417047193,0.037290715372907179,0.15296803652968038,0.10502283105022836,-0.029680365296803624,-0.003424657534246589,0.30821917808219179,False,False,False,False,False,0,2022,2023,MDB_CHANGE_RADAR_RULESET_1.0
52015,0.0045662100456620447,-0.02130898021308969,0.025875190258751735,0.025114155251141579,-0.015981735159817378,-0.047945205479452024,-0.0022831050228310223,-0.013698630136986245,False,False,False,False,False,0,2022,2023,MDB_CHANGE_RADAR_RULESET_1.0
52016,-0.14611872146118721,-0.0060882800608829113,-0.1400304414003043,-0.19634703196347036,-0.095890410958904049,-0.031963470319634701,-0.0045662100456621557,0.018264840182648401,False,False,False,False,False,0,2022,2023,MDB_CHANGE_RADAR_RULESET_1.0
52017,-0.028538812785388057,-0.021689497716895045,-0.0068493150684930115,-0.066210045662100536,0.0091324200913242004,-0.038812785388127824,-0.003424657534246589,-0.022831050228310557,False,False,False,False,False,0,2022,2023,MDB_CHANGE_RADAR_RULESET_1.0
52018,-0.070776255707762581,0.067351598173515936,-0.13812785388127852,-0.24200913242009126,0.1004566210045662,0.16894977168949771,-0.003424657534246589,0.036529680365296802,False,False,False,False,False,0,2022,2023,MDB_CHANGE_RADAR_RULESET_1.0
53001,0.033105022831050213,0.0091324200913240894,0.023972602739726123,0.066210045662100425,0,-0.0022831050228310501,-0.0045662100456620447,0.034246575342465668,False,False,False,False,False,0,2022,2023,MDB_CHANGE_RADAR_RULESET_1.0
11001,0.081050228310502292,0.028538812785388085,0.052511415525114208,0.15753424657534254,0.0045662100456621002,0.16438356164383564,-0.0079908675799086892,-0.070776255707762553,False,False,False,False,False,0,2022,2024,MDB_CHANGE_RADAR_RULESET_1.0
11002,-0.083333333333333259,0.083333333333333315,-0.16666666666666657,-0.23287671232876717,0.066210045662100481,-0.070776255707762525,-0.0079908675799086892,0.32876712328767121,False,False,False,False,False,0,2022,2024,MDB_CHANGE_RADAR_RULESET_1.0
11003,0.1404109589041096,-0.038051750380517502,0.1784627092846271,0.20091324200913246,0.079908675799086726,0.086757990867579904,-0.0091324200913242004,-0.19178082191780824,False,False,False,True,False,1,2022,2024,MDB_CHANGE_RADAR_RULESET_1.0
11004,-0.019406392694063967,0.033105022831050268,-0.052511415525114236,-0.036529680365296802,-0.0022831050228311334,0.025114155251141551,-0.0079908675799086892,0.082191780821917804,False,False,False,False,False,0,2022,2024,MDB_CHANGE_RADAR_RULESET_1.0
11005,0.03082191780821919,-0.017123287671232862,0.047945205479452024,-0.15981735159817345,0.22146118721461183,-0.041095890410958902,-0.0079908675799086892,-0.0022831050228310501,False,False,False,True,False,1,2022,2024,MDB_CHANGE_RADAR_RULESET_1.0
11006,-0.086757990867579848,0.13394216133942166,-0.22070015220700151,-0.16894977168949765,-0.0045662100456620447,-0.079908675799086781,-0.011415525114155223,0.49315068493150682,False,False,False,False,False,0,2022,2024,MDB_CHANGE_RADAR_RULESET_1.0
11007,0.36301369863013694,-0.0022831050228310223,0.36529680365296796,0.62100456621004563,0.1050228310502283,0,-0.0079908675799086892,0.0011415525114155251,True,False,True,True,False,3,2022,2024,MDB_CHANGE_RADAR_RULESET_1.0
12001,-0.22374429223744297,-0.022070015220700123,-0.20167427701674284,-0.40639269406392697,-0.04109589041095893,-0.059360730593607358,-0.0079908675799086892,0.0011415525114155251,False,False,False,False,False,0,2022,2024,MDB_CHANGE_RADAR_RULESET_1.0
12002,0.14269406392694062,-0.081430745814307481,0.2241248097412481,0.25114155251141557,0.034246575342465779,-0.0091324200913242004,-0.011415525114155223,-0.22374429223744294,False,False,True,True,True,3,2022,2024,MDB_CHANGE_RADAR_RULESET_1.0
12003,0.2226027397260274,0.11986301369863014,0.10273972602739725,0.41095890410958902,0.034246575342465724,0.29680365296803657,-0.0079908675799086892,0.070776255707762553,True,False,False,True,False,2,2022,2024,MDB_CHANGE_RADAR_RULESET_1.0
13001,-0.053652968036529691,-0.014840182648401812,-0.038812785388127879,-0.091324200913242032,-0.015981735159817351,0.0022831050228310501,-0.0079908675799086892,-0.038812785388127852,False,False,False,False,False,0,2022,2024,MDB_CHANGE_RADAR_RULESET_1.0
13002,-0.066210045662100439,-0.022450532724505368,-0.043759512937595071,-0.12785388127853881,-0.0045662100456621002,-0.04566210045662103,-0.0079908675799086892,-0.013698630136986301,False,False,False,False,False,0,2022,2024,MDB_CHANGE_RADAR_RULESET_1.0
13003,0.043378995433789952,-0.069634703196346959,0.11301369863013688,0.079908675799086754,0.0068493150684931503,-0.073059360730593603,-0.0079908675799086892,-0.12785388127853883,False,False,False,False,False,0,2022,2024,MDB_CHANGE_RADAR_RULESET_1.0
13004,0.023972602739726026,0.014840182648401812,0.0091324200913242143,0.034246575342465752,0.013698630136986301,0.0022831050228310501,-0.0079908675799086892,0.050228310502283102,False,False,False,False,False,0,2022,2024,MDB_CHANGE_RADAR_RULESET_1.0
13005,0.27853881278538817,-0.011796042617960384,0.29033485540334858,0.36301369863013699,0.19406392694063929,-0.038812785388127852,-0.0079908675799086892,0.011415525114155251,True,False,True,True,False,3,2022,2024,MDB_CHANGE_RADAR_RULESET_1.0
13006,0.028538812785388126,-0.03158295281582954,0.060121765601217667,0.070776255707762553,-0.013698630136986301,-0.063926940639269431,-0.0079908675799086892,-0.022831050228310501,False,False,False,False,False,0,2022,2024,MDB_CHANGE_RADAR_RULESET_1.0
13007,0.12899543378995432,-0.023972602739726012,0.1529680365296803,0.27168949771689488,-0.013698630136986301,-0.05707762557077628,-0.0079908675799086892,-0.0068493150684931503,False,False,False,True,False,1,2022,2024,MDB_CHANGE_RADAR_RULESET_1.0
13008,-0.21118721461187218,-0.014079147640791476,-0.19710806697108069,-0.41552511415525117,-0.0068493150684931503,-0.0045662100456621002,-0.0079908675799086892,-0.029680365296803651,False,False,False,False,False,0,2022,2024,MDB_CHANGE_RADAR_RULESET_1.0
13009,0.0068493150684931225,-0.003424657534246589,0.010273972602739712,0.013698630136986245,0,0.0022831050228310501,-0.0079908675799086892,-0.0045662100456621002,False,False,False,False,False,0,2022,2024,MDB_CHANGE_RADAR_RULESET_1.0
14001,-0.029680365296803679,-0.097412480974124693,0.067732115677321014,0,-0.059360730593607303,-0.093607305936073026,-0.020547945205479534,-0.17808219178082185,False,False,False,False,False,0,2022,2024,MDB_CHANGE_RADAR_RULESET_1.0
14002,0.095890410958904104,-0.040715372907153713,0.13660578386605779,0.16210045662100456,0.029680365296803651,-0.10502283105022836,-0.0079908675799086892,-0.0091324200913242004,False,False,False,False,False,0,2022,2024,MDB_CHANGE_RADAR_RULESET_1.0
15001,0.10730593607305938,-0.011035007610350034,0.11834094368340942,0.089041095890410982,0.12557077625570776,-0.06164383561643838,-0.0079908675799086892,0.036529680365296802,False,False,False,False,False,0,2022,2024,MDB_CHANGE_RADAR_RULESET_1.0
15002,0.052511415525114152,-0.0049467275494672891,0.057458143074581441,0.098173515981735127,0.0068493150684931503,-0.0022831050228310501,-0.0079908675799086892,-0.0045662100456621002,False,False,False,False,False,0,2022,2024,MDB_CHANGE_RADAR_RULESET_1.0
15003,0.033105022831050268,0.0098934550989345782,0.02321156773211569,0.05707762557077628,0.0091324200913242004,0.027397260273972601,-0.011415525114155223,0.013698630136986301,False,False,False,False,False,0,2022,2024,MDB_CHANGE_RADAR_RULESET_1.0
15004,0.049086757990867605,-0.022450532724505312,0.071537290715372903,0.10045662100456623,-0.0022831050228310501,-0.054794520547945202,-0.0079908675799086892,-0.0045662100456621002,False,False,False,False,False,0,2022,2024,MDB_CHANGE_RADAR_RULESET_1.0
15006,0.0045662100456621002,-0.029299847792998518,0.033866057838660618,0.020547945205479451,-0.011415525114155223,0,-0.0079908675799086892,-0.079908675799086754,False,False,False,False,False,0,2022,2024,MDB_CHANGE_RADAR_RULESET_1.0
15007,0.010273972602739725,0.019406392694064023,-0.0091324200913242837,0.031963470319634701,-0.011415525114155251,0.14611872146118726,-0.0079908675799086892,-0.079908675799086754,False,False,False,False,False,0,2022,2024,MDB_CHANGE_RADAR_RULESET_1.0
15008,-0.014840182648401812,0.003424657534246589,-0.018264840182648401,-0.013698630136986301,-0.015981735159817351,0.041095890410958902,-0.0079908675799086892,-0.022831050228310501,False,False,False,False,False,0,2022,2024,MDB_CHANGE_RADAR_RULESET_1.0
15009,0.025114155251141579,-0.040334855403348469,0.065449010654490047,0.041095890410958902,0.0091324200913242004,-0.059360730593607247,-0.0068493150684931781,-0.054794520547945202,False,False,False,False,False,0,2022,2024,MDB_CHANGE_RADAR_RULESET_1.0
15010,0.055936073059360714,-0.02092846270928464,0.076864535768645353,0.10730593607305933,0.0045662100456621002,-0.045662100456621002,-0.0079908675799086892,-0.0091324200913242004,False,False,False,False,False,0,2022,2024,MDB_CHANGE_RADAR_RULESET_1.0
15011,-0.0068493150684931642,-0.034627092846270968,0.027777777777777804,0.0068493150684931503,-0.020547945205479451,-0.068493150684931503,-0.0079908675799086892,-0.027397260273972601,False,False,False,False,False,0,2022,2024,MDB_CHANGE_RADAR_RULESET_1.0
15012,-0.053652968036529691,0.0057077625570776114,-0.059360730593607303,-0.05707762557077628,-0.050228310502283102,0.011415525114155223,-0.0079908675799086892,0.013698630136986301,False,False,False,False,False,0,2022,2024,MDB_CHANGE_RADAR_RULESET_1.0
15013,0.0057077625570776253,-0.018264840182648373,0.023972602739725998,0.020547945205479451,-0.0091324200913242004,-0.047945205479452052,-0.0079908675799086892,0.0011415525114155251,False,False,False,False,False,0,2022,2024,MDB_CHANGE_RADAR_RULESET_1.0
15014,-0.033105022831050226,-0.025494672754946712,-0.0076103500761035142,-0.079908675799086781,0.013698630136986301,-0.070776255707762581,-0.0079908675799086892,0.0022831050228310501,False,False,False,False,False,0,2022,2024,MDB_CHANGE_RADAR_RULESET_1.0
16001,0.035388127853881235,0.036149162861491613,-0.00076103500761037779,0.077625570776255703,-0.0068493150684931503,-0.018264840182648401,-0.0079908675799086892,0.13470319634703196,False,False,False,False,False,0,2022,2024,MDB_CHANGE_RADAR_RULESET_1.0
16002,0.12100456621004563,-0.023592085235920879,0.14459665144596653,0.20776255707762559,0.034246575342465752,-0.063926940639269403,-0.0079908675799086892,0.0011415525114155251,False,False,False,True,False,1,2022,2024,MDB_CHANGE_RADAR_RULESET_1.0
16003,-0.089041095890410954,-0.0064687975646879892,-0.082572298325722965,-0.16210045662100458,-0.015981735159817351,-0.066210045662100536,-0.0079908675799086892,0.054794520547945202,False,False,False,False,False,0,2022,2024,MDB_CHANGE_RADAR_RULESET_1.0
17001,-0.11757990867579915,0.066971080669710914,-0.18455098934551006,-0.17808219178082196,-0.05707762557077628,0.084474885844748854,-0.0045662100456620447,0.12100456621004563,False,False,False,False,False,0,2022,2024,MDB_CHANGE_RADAR_RULESET_1.0
17002,-0.003424657534246589,0.08181126331811267,-0.085235920852359259,-0.036529680365296829,0.029680365296803651,-0.045662100456621002,-0.0079908675799086892,0.29908675799086759,False,False,False,False,False,0,2022,2024,MDB_CHANGE_RADAR_RULESET_1.0
17003,0.050228310502283158,-0.061263318112633192,0.11149162861491635,0.25114155251141546,-0.15068493150684931,-0.063926940639269403,-0.0079908675799086892,-0.11187214611872145,False,False,False,True,False,1,2022,2024,MDB_CHANGE_RADAR_RULESET_1.0
17004,0.0022831050228310223,0.082572298325722937,-0.080289193302891915,0.0091324200913242004,-0.0045662100456621002,-0.070776255707762525,-0.0079908675799086892,0.32648401826484019,False,False,False,False,False,0,2022,2024,MDB_CHANGE_RADAR_RULESET_1.0
17005,0.17922374429223753,0.0049467275494672336,0.1742770167427703,0.12557077625570778,0.23287671232876711,-0.05707762557077628,-0.0079908675799086892,0.079908675799086781,True,False,False,True,False,2,2022,2024,MDB_CHANGE_RADAR_RULESET_1.0
17006,0.11187214611872143,-0.0030441400304412891,0.11491628614916272,0.15753424657534243,0.066210045662100425,0.057077625570776253,-0.013698630136986245,-0.05251141552511418,False,False,False,False,False,0,2022,2024,MDB_CHANGE_RADAR_RULESET_1.0
17007,0.18378995433789957,-0.02473363774733639,0.20852359208523596,0.43835616438356162,-0.070776255707762525,-0.0068493150684931503,-0.0079908675799086892,-0.059360730593607303,True,False,True,True,False,3,2022,2024,MDB_CHANGE_RADAR_RULESET_1.0
17008,-0.10502283105022836,-0.043759512937595141,-0.061263318112633192,-0.077625570776255759,-0.13242009132420091,-0.011415525114155251,-0.0079908675799086892,-0.11187214611872145,False,False,False,False,False,0,2022,2024,MDB_CHANGE_RADAR_RULESET_1.0
21001,-0.020547945205479479,0.14117199391171997,-0.16171993911719945,0.04794520547945208,-0.089041095890410982,0.25114155251141557,-0.0079908675799086892,0.18036529680365296,False,False,False,False,False,0,2022,2024,MDB_CHANGE_RADAR_RULESET_1.0
21002,0.070776255707762525,-0.076484018264840248,0.14726027397260277,0.14840182648401826,-0.0068493150684931225,0.10273972602739723,-0.0079908675799086892,-0.32420091324200917,False,False,False,False,True,1,2022,2024,MDB_CHANGE_RADAR_RULESET_1.0
21003,-0.033105022831050213,-0.035388127853881235,0.0022831050228310223,0.015981735159817378,-0.082191780821917804,-0.041095890410958902,-0.0079908675799086892,-0.057077625570776253,False,False,False,False,False,0,2022,2024,MDB_CHANGE_RADAR_RULESET_1.0
21004,0.04337899543378998,0.083333333333333343,-0.039954337899543363,0.15068493150684931,-0.063926940639269403,0.16210045662100456,-0.0079908675799086892,0.095890410958904104,False,False,False,False,False,0,2022,2024,MDB_CHANGE_RADAR_RULESET_1.0
21005,-0.042237442922374413,0.063546423135464269,-0.10578386605783868,0.073059360730593659,-0.15753424657534248,0.11415525114155256,-0.0079908675799086892,0.084474885844748854,False,False,False,False,False,0,2022,2024,MDB_CHANGE_RADAR_RULESET_1.0
21006,-0.042237442922374413,-0.03082191780821919,-0.011415525114155223,-0.018264840182648401,-0.066210045662100453,-0.0068493150684931503,-0.0079908675799086892,-0.077625570776255703,False,False,False,False,False,0,2022,2024,MDB_CHANGE_RADAR_RULESET_1.0
21007,0.028538812785388168,0.011035007610350034,0.017503805175038134,0.0045662100456621002,0.052511415525114236,0.13242009132420091,-0.0079908675799086892,-0.091324200913242004,False,False,False,False,False,0,2022,2024,MDB_CHANGE_RADAR_RULESET_1.0
21008,-0.065068493150684942,0.003424657534246589,-0.068493150684931531,-0.095890410958904104,-0.034246575342465752,-0.04794520547945208,-0.0079908675799086892,0.066210045662100425,False,False,False,False,False,0,2022,2024,MDB_CHANGE_RADAR_RULESET_1.0
21009,-0.017123287671232834,0.017123287671232834,-0.034246575342465668,-0.013698630136986301,-0.020547945205479423,0.045662100456621002,-0.0079908675799086892,0.013698630136986301,False,False,False,False,False,0,2022,2024,MDB_CHANGE_RADAR_RULESET_1.0
21010,-0.18378995433789952,-0.11149162861491629,-0.072298325722983225,-0.18721461187214611,-0.18036529680365293,-0.12557077625570767,-0.0079908675799086892,-0.20091324200913241,False,False,False,False,True,1,2022,2024,MDB_CHANGE_RADAR_RULESET_1.0
21011,-0.018264840182648401,0.080289193302891915,-0.098554033485540316,-0.015981735159817351,-0.020547945205479423,0.23972602739726023,-0.0079908675799086892,0.0091324200913242004,False,False,False,False,False,0,2022,2024,MDB_CHANGE_RADAR_RULESET_1.0
21012,0.023972602739726012,-0.0064687975646879892,0.030441400304414001,0.091324200913242004,-0.043378995433789924,-0.038812785388127824,-0.0079908675799086892,0.027397260273972601,False,False,False,False,False,0,2022,2024,MDB_CHANGE_RADAR_RULESET_1.0
21013,0.0022831050228311334,-0.013318112633181167,0.015601217656012301,-0.0022831050228310501,0.0068493150684932336,-0.061643835616438436,-0.0079908675799086892,0.029680365296803679,False,False,False,False,False,0,2022,2024,MDB_CHANGE_RADAR_RULESET_1.0
21014,-0.050228310502283102,-0.027016742770167468,-0.023211567732115634,-0.11872146118721461,0.018264840182648401,0.0045662100456621002,-0.0079908675799086892,-0.077625570776255703,False,False,False,False,False,0,2022,2024,MDB_CHANGE_RADAR_RULESET_1.0
21015,0.029680365296803624,0.027777777777777846,0.0019025875190257779,0.034246575342465779,0.025114155251141551,-0.029680365296803624,-0.0079908675799086892,0.12100456621004566,False,False,False,False,False,0,2022,2024,MDB_CHANGE_RADAR_RULESET_1.0
21016,0.027397260273972546,-0.016362252663622567,0.043759512937595113,0.052511415525114152,0.0022831050228310223,-0.0068493150684931503,-0.0079908675799086892,-0.034246575342465779,False,False,False,False,False,0,2022,2024,MDB_CHANGE_RADAR_RULESET_1.0
21017,-0.18493150684931514,-0.07724505327245057,-0.10768645357686457,-0.093607305936073026,-0.27625570776255709,-0.073059360730593659,-0.0079908675799086892,-0.15068493150684931,False,False,False,False,False,0,2022,2024,MDB_CHANGE_RADAR_RULESET_1.0
21018,0,-0.047564687975646891,0.047564687975646891,-0.031963470319634701,0.031963470319634701,-0.036529680365296802,-0.0079908675799086892,-0.098173515981735154,False,False,False,False,False,0,2022,2024,MDB_CHANGE_RADAR_RULESET_1.0
21019,0.16894977168949771,0.044520547945205463,0.12442922374429224,0.23059360730593606,0.10730593607305938,0.091324200913242004,-0.0079908675799086892,0.050228310502283102,True,False,False,True,False,2,2022,2024,MDB_CHANGE_RADAR_RULESET_1.0
22001,0.089041095890410982,-0.13660578386605787,0.22564687975646885,0.26940639269406397,-0.091324200913242032,-0.066210045662100536,-0.0079908675799086892,-0.33561643835616439,False,False,True,True,True,3,2022,2024,MDB_CHANGE_RADAR_RULESET_1.0
22002,0.0045662100456621002,0.16095890410958902,-0.15639269406392692,-0.011415525114155223,0.020547945205479451,-0.038812785388127935,0.56278538812785384,-0.041095890410958902,False,False,False,False,False,0,2022,2024,MDB_CHANGE_RADAR_RULESET_1.0
22003,-0.09132420091324206,-0.078767123287671215,-0.012557077625570845,-0.10730593607305938,-0.075342465753424653,-0.075342465753424626,-0.0079908675799086892,-0.15296803652968036,False,False,False,False,False,0,2022,2024,MDB_CHANGE_RADAR_RULESET_1.0
22004,-0.10388127853881279,-0.006849315068493067,-0.097031963470319726,-0.11643835616438358,-0.091324200913242004,-0.050228310502283102,-0.013698630136986245,0.04337899543378998,False,False,False,False,False,0,2022,2024,MDB_CHANGE_RADAR_RULESET_1.0
22005,-0.057077625570776225,0.042237442922374413,-0.099315068493150638,-0.098173515981735127,-0.015981735159817378,-0.066210045662100481,-0.0079908675799086892,0.20091324200913246,False,False,False,False,False,0,2022,2024,MDB_CHANGE_RADAR_RULESET_1.0
22006,-0.046803652968036569,-0.0068493150684931781,-0.039954337899543391,0.018264840182648401,-0.11187214611872145,-0.038812785388127852,-0.0045662100456620447,0.022831050228310501,False,False,False,False,False,0,2022,2024,MDB_CHANGE_RADAR_RULESET_1.0
22007,-0.085616438356164393,-0.06811263318112637,-0.017503805175038023,-0.1095890410958904,-0.06164383561643838,-0.079908675799086837,-0.0079908675799086892,-0.11643835616438356,False,False,False,False,False,0,2022,2024,MDB_CHANGE_RADAR_RULESET_1.0
22008,-0.017123287671232834,-0.11757990867579904,0.1004566210045662,-0.059360730593607247,0.025114155251141523,-0.050228310502283047,-0.0079908675799086892,-0.29452054794520555,False,False,False,False,True,1,2022,2024,MDB_CHANGE_RADAR_RULESET_1.0
22009,-0.038812785388127824,-0.042998477929984791,0.0041856925418569668,0.047945205479452024,-0.12557077625570776,-0.054794520547945202,-0.0079908675799086892,-0.066210045662100453,False,False,False,False,False,0,2022,2024,MDB_CHANGE_RADAR_RULESET_1.0
22010,0.018264840182648401,-0.072678843226788303,0.090943683409436704,0.0091324200913242004,0.027397260273972601,-0.018264840182648401,-0.0079908675799086892,-0.19178082191780821,False,False,False,False,False,0,2022,2024,MDB_CHANGE_RADAR_RULESET_1.0
22011,0.025114155251141579,-0.058219178082191847,0.083333333333333426,0.11415525114155256,-0.063926940639269403,-0.05251141552511418,-0.0079908675799086892,-0.11415525114155251,False,False,False,False,False,0,2022,2024,MDB_CHANGE_RADAR_RULESET_1.0
22012,-0.023972602739726012,-0.035768645357686535,0.011796042617960523,0.054794520547945202,-0.10273972602739728,-0.025114155251141579,-0.013698630136986356,-0.068493150684931503,False,False,False,False,False,0,2022,2024,MDB_CHANGE_RADAR_RULESET_1.0
23001,0.014840182648401812,-0.0076103500761035003,0.022450532724505312,0.052511415525114152,-0.022831050228310557,-0.0045662100456621002,-0.013698630136986356,-0.0045662100456621557,False,False,False,False,False,0,2022,2024,MDB_CHANGE_RADAR_RULESET_1.0
23011,-0.078767123287671215,0.012176560121765712,-0.090943683409436926,-0.15068493150684936,-0.0068493150684931781,0.031963470319634646,-0.011415525114155223,0.015981735159817378,False,False,False,False,False,0,2022,2024,MDB_CHANGE_RADAR_RULESET_1.0
23023,0.027397260273972601,-0.020547945205479423,0.047945205479452024,-0.077625570776255648,0.13242009132420091,-0.04337899543378998,-0.013698630136986356,-0.0045662100456621557,False,False,False,False,False,0,2022,2024,MDB_CHANGE_RADAR_RULESET_1.0
23024,-0.017123287671232834,0.047184170471841758,-0.064307458143074592,-0.086757990867579959,0.052511415525114069,0.025114155251141579,-0.0091324200913242004,0.12557077625570773,False,False,False,False,False,0,2022,2024,MDB_CHANGE_RADAR_RULESET_1.0
23025,-0.003424657534246589,-0.0019025875190258335,-0.0015220700152207556,-0.10273972602739723,0.095890410958904104,-0.0045662100456621557,-0.0079908675799086892,0.0068493150684931781,False,False,False,False,False,0,2022,2024,MDB_CHANGE_RADAR_RULESET_1.0
24001,-0.066210045662100481,0.040715372907153657,-0.10692541856925414,-0.066210045662100453,-0.066210045662100425,0.068493150684931531,-0.0079908675799086892,0.06164383561643838,False,False,False,False,False,0,2022,2024,MDB_CHANGE_RADAR_RULESET_1.0
24002,-0.023972602739726012,-0.010273972602739767,-0.013698630136986245,0.041095890410958957,-0.089041095890410871,-0.068493150684931559,-0.0079908675799086892,0.045662100456621002,False,False,False,False,False,0,2022,2024,MDB_CHANGE_RADAR_RULESET_1.0
24003,-0.0057077625570776669,0.074961948249619492,-0.080669710806697159,-0.015981735159817351,0.0045662100456620447,0.029680365296803679,-0.0079908675799086892,0.20319634703196343,False,False,False,False,False,0,2022,2024,MDB_CHANGE_RADAR_RULESET_1.0
24004,-0.078767123287671215,0.094748858447488649,-0.17351598173515986,-0.054794520547945202,-0.10273972602739723,0.19863013698630139,-0.0079908675799086892,0.093607305936073026,False,False,False,False,False,0,2022,2024,MDB_CHANGE_RADAR_RULESET_1.0
24005,0.030821917808219135,0.056697108066971036,-0.025875190258751901,0.14383561643835616,-0.082191780821917859,0.11187214611872143,-0.0079908675799086892,0.066210045662100481,False,False,False,False,False,0,2022,2024,MDB_CHANGE_RADAR_RULESET_1.0
24006,-0.14269406392694073,0.055936073059360769,-0.1986301369863015,-0.23515981735159819,-0.050228310502283102,0.093607305936073137,-0.0079908675799086892,0.082191780821917804,False,False,False,False,False,0,2022,2024,MDB_CHANGE_RADAR_RULESET_1.0
24007,-0.039954337899543391,-0.013698630136986245,-0.026255707762557146,0.027397260273972601,-0.10730593607305938,-0.0091324200913242004,-0.013698630136986245,-0.018264840182648401,False,False,False,False,False,0,2022,2024,MDB_CHANGE_RADAR_RULESET_1.0
24008,-0.069634703196347042,0.045281582952815813,-0.11491628614916286,0.034246575342465752,-0.17351598173515981,-0.0022831050228310501,-0.0079908675799086892,0.14611872146118721,False,False,False,False,False,0,2022,2024,MDB_CHANGE_RADAR_RULESET_1.0
25001,-0.014840182648401812,-0.039193302891933124,0.024353120243531312,0.066210045662100453,-0.095890410958904104,-0.084474885844748882,-0.0079908675799086892,-0.025114155251141579,False,False,False,False,False,0,2022,2024,MDB_CHANGE_RADAR_RULESET_1.0
25002,-0.042237442922374413,-0.046042617960426302,0.0038051750380518889,-0.013698630136986301,-0.070776255707762525,0.018264840182648401,-0.0079908675799086892,-0.14840182648401834,False,False,False,False,False,0,2022,2024,MDB_CHANGE_RADAR_RULESET_1.0
25003,0.11187214611872143,-0.055175038051750336,0.16704718417047176,0.25570776255707761,-0.031963470319634757,-0.045662100456621002,-0.0079908675799086892,-0.11187214611872143,False,False,False,True,False,1,2022,2024,MDB_CHANGE_RADAR_RULESET_1.0
25004,0.07420091324200917,0.070395738203957392,0.0038051750380517779,0.22831050228310507,-0.079908675799086781,0.036529680365296802,-0.0079908675799086892,0.18264840182648401,False,False,False,True,False,1,2022,2024,MDB_CHANGE_RADAR_RULESET_1.0
25005,0.038812785388127824,0.033866057838660479,0.0049467275494673446,0.036529680365296802,0.041095890410958846,-0.0068493150684931781,-0.0079908675799086892,0.11643835616438347,False,False,False,False,False,0,2022,2024,MDB_CHANGE_RADAR_RULESET_1.0
25006,-0.031963470319634757,0.042237442922374413,-0.07420091324200917,0.015981735159817378,-0.079908675799086837,-0.045662100456621002,-0.0079908675799086892,0.18036529680365299,False,False,False,False,False,0,2022,2024,MDB_CHANGE_RADAR_RULESET_1.0
25007,0.11529680365296802,0.011035007610349923,0.10426179604261809,0.063926940639269403,0.16666666666666663,0,-0.0079908675799086892,0.041095890410958846,False,False,False,False,False,0,2022,2024,MDB_CHANGE_RADAR_RULESET_1.0
25008,0.052511415525114236,-0.044520547945205546,0.097031963470319782,0.12100456621004574,-0.015981735159817351,0.0022831050228311334,-0.0079908675799086892,-0.12785388127853881,False,False,False,False,False,0,2022,2024,MDB_CHANGE_RADAR_RULESET_1.0
25009,0.013698630136986301,0.041476407914764035,-0.027777777777777735,0.091324200913242004,-0.063926940639269403,-0.025114155251141579,-0.0079908675799086892,0.15753424657534243,False,False,False,False,False,0,2022,2024,MDB_CHANGE_RADAR_RULESET_1.0
25010,-0.085616438356164393,0.035388127853881235,-0.12100456621004563,-0.27853881278538806,0.10730593607305935,0.031963470319634757,-0.0079908675799086892,0.082191780821917804,False,False,False,False,False,0,2022,2024,MDB_CHANGE_RADAR_RULESET_1.0
25011,0.1050228310502283,-0.05213089802130888,0.15715372907153718,0.05251141552511418,0.15753424657534248,0,-0.0079908675799086892,-0.14840182648401823,False,False,False,False,False,0,2022,2024,MDB_CHANGE_RADAR_RULESET_1.0
25012,-0.010273972602739712,-0.017884322678843323,0.0076103500761036114,-0.0022831050228310501,-0.018264840182648401,-0.21689497716894979,-0.0079908675799086892,0.17123287671232867,False,False,False,False,True,1,2022,2024,MDB_CHANGE_RADAR_RULESET_1.0
25013,-0.063926940639269403,-0.081050228310502237,0.017123287671232834,-0.034246575342465779,-0.093607305936073082,-0.018264840182648401,-0.0079908675799086892,-0.21689497716894973,False,False,False,False,True,1,2022,2024,MDB_CHANGE_RADAR_RULESET_1.0
25014,0.03538812785388129,-0.12214611872146119,0.15753424657534248,0.077625570776255703,-0.0068493150684931781,-0.025114155251141579,-0.0079908675799086892,-0.33333333333333337,False,False,False,False,True,1,2022,2024,MDB_CHANGE_RADAR_RULESET_1.0
25015,-0.011415525114155223,0.038432267884322635,-0.049847792998477858,0.011415525114155223,-0.034246575342465779,0.0068493150684931781,-0.0079908675799086892,0.11643835616438358,False,False,False,False,False,0,2022,2024,MDB_CHANGE_RADAR_RULESET_1.0
25016,0.08333333333333337,-0.019786910197869045,0.10312024353120242,0.16438356164383561,0.0022831050228311334,-0.020547945205479423,-0.0068493150684931781,-0.031963470319634646,False,False,False,False,False,0,2022,2024,MDB_CHANGE_RADAR_RULESET_1.0
26001,-0.063926940639269403,-0.012937595129375756,-0.050989345509893647,-0.13698630136986301,0.0091324200913242004,-0.027397260273972601,-0.011415525114155223,0,False,False,False,False,False,0,2022,2024,MDB_CHANGE_RADAR_RULESET_1.0
26002,0.074200913242009114,0.12823439878234399,-0.05403348554033488,0.0045662100456621002,0.14383561643835613,-0.04337899543378998,0.53995433789954339,-0.11187214611872148,False,False,False,False,False,0,2022,2024,MDB_CHANGE_RADAR_RULESET_1.0
26003,0.0045662100456621002,0.099695585996955882,-0.095129375951293782,0.031963470319634701,-0.022831050228310501,0.19863013698630136,-0.013698630136986245,0.11415525114155251,False,False,False,False,False,0,2022,2024,MDB_CHANGE_RADAR_RULESET_1.0
26004,0.0045662100456621002,0.027397260273972601,-0.022831050228310557,0.013698630136986301,-0.0045662100456621002,0.013698630136986245,-0.013698630136986356,0.082191780821917804,False,False,False,False,False,0,2022,2024,MDB_CHANGE_RADAR_RULESET_1.0
26005,0.023972602739726068,-0.031963470319634757,0.055936073059360825,0.054794520547945202,-0.0068493150684931225,-0.079908675799086781,-0.0091324200913242004,-0.0068493150684931781,False,False,False,False,False,0,2022,2024,MDB_CHANGE_RADAR_RULESET_1.0
26006,0.015981735159817378,0.046042617960426135,-0.030060882800608757,0.082191780821917804,-0.050228310502283102,0.13698630136986301,-0.0079908675799086892,0.0091324200913242004,False,False,False,False,False,0,2022,2024,MDB_CHANGE_RADAR_RULESET_1.0
26007,-0.049086757990867591,-0.010654490106544956,-0.038432267884322635,-0.06164383561643838,-0.036529680365296802,-0.06164383561643838,-0.011415525114155223,0.041095890410958902,False,False,False,False,False,0,2022,2024,MDB_CHANGE_RADAR_RULESET_1.0
26008,-0.079908675799086767,0.0087519025875190115,-0.088660578386605737,-0.025114155251141551,-0.13470319634703198,0.086757990867579848,-0.0079908675799086892,-0.052511415525114069,False,False,False,False,False,0,2022,2024,MDB_CHANGE_RADAR_RULESET_1.0
26009,0.054794520547945202,-0.10920852359208522,0.16400304414003042,0.13926940639269403,-0.029680365296803679,-0.23059360730593614,-0.0079908675799086892,-0.089041095890410926,False,False,False,False,True,1,2022,2024,MDB_CHANGE_RADAR_RULESET_1.0
26010,-0.044520547945205491,-0.019786910197869045,-0.024733637747336445,0.029680365296803651,-0.11872146118721461,-0.018264840182648401,-0.011415525114155223,-0.029680365296803624,False,False,False,False,False,0,2022,2024,MDB_CHANGE_RADAR_RULESET_1.0
26011,0.14269406392694073,-0.015981735159817378,0.15867579908675811,0.23515981735159819,0.050228310502283158,-0.052511415525114152,-0.0022831050228310223,0.0068493150684931781,False,False,False,True,False,1,2022,2024,MDB_CHANGE_RADAR_RULESET_1.0
26012,-0.010273972602739656,-0.04033485540334858,0.030060882800608923,0.0045662100456621002,-0.025114155251141579,-0.063926940639269403,-0.011415525114155334,-0.045662100456621002,False,False,False,False,False,0,2022,2024,MDB_CHANGE_RADAR_RULESET_1.0
27001,-0.019406392694063967,0.006849315068493067,-0.026255707762557035,0.0022831050228310501,-0.041095890410958957,0.0045662100456621002,-0.015981735159817378,0.031963470319634646,False,False,False,False,False,0,2022,2024,MDB_CHANGE_RADAR_RULESET_1.0
27002,-0.0057077625570776114,-0.0019025875190258335,-0.0038051750380517779,-0.036529680365296802,0.025114155251141468,-0.029680365296803624,-0.0079908675799086892,0.031963470319634701,False,False,False,False,False,0,2022,2024,MDB_CHANGE_RADAR_RULESET_1.0
27003,-0.03082191780821919,0.025114155251141579,-0.055936073059360769,0.082191780821917804,-0.14383561643835618,-0.025114155251141579,-0.0045662100456621557,0.10502283105022836,False,False,False,False,False,0,2022,2024,MDB_CHANGE_RADAR_RULESET_1.0
27004,0.034246575342465779,-0.068493150684931559,0.10273972602739734,0.045662100456621002,0.022831050228310557,-0.025114155251141579,-0.0022831050228310223,-0.17808219178082185,False,False,False,False,False,0,2022,2024,MDB_CHANGE_RADAR_RULESET_1.0
27005,0.013698630136986356,-0.028919330289193357,0.042617960426179713,-0.086757990867579904,0.11415525114155256,-0.022831050228310557,-0.0045662100456620447,-0.059360730593607247,False,False,False,False,False,0,2022,2024,MDB_CHANGE_RADAR_RULESET_1.0
27006,-0.027397260273972601,0.01560121765601219,-0.042998477929984791,-0.0091324200913242004,-0.045662100456621002,-0.047945205479452024,-0.0079908675799086892,0.10273972602739734,False,False,False,False,False,0,2022,2024,MDB_CHANGE_RADAR_RULESET_1.0
27007,-0.097031963470319671,0.0026636225266363223,-0.099695585996955993,-0.17123287671232879,-0.022831050228310557,-0.073059360730593603,-0.0079908675799086892,0.089041095890410982,False,False,False,False,False,0,2022,2024,MDB_CHANGE_RADAR_RULESET_1.0
27008,-0.10844748858447484,-0.097792998477929882,-0.010654490106544956,-0.11643835616438353,-0.1004566210045662,-0.05251141552511418,-0.0079908675799086892,-0.23287671232876717,False,False,False,False,True,1,2022,2024,MDB_CHANGE_RADAR_RULESET_1.0
27009,-0.013698630136986301,-0.031582952815829568,0.017884322678843267,0.077625570776255703,-0.1050228310502283,-0.038812785388127824,-0.0079908675799086892,-0.04794520547945208,False,False,False,False,False,0,2022,2024,MDB_CHANGE_RADAR_RULESET_1.0
27010,0.042237442922374413,-0.033105022831050324,0.075342465753424737,0.12100456621004566,-0.036529680365296829,-0.031963470319634757,-0.0079908675799086892,-0.059360730593607303,False,False,False,False,False,0,2022,2024,MDB_CHANGE_RADAR_RULESET_1.0
28001,0.012557077625570734,-0.028158295281582979,0.040715372907153713,0.018264840182648401,0.0068493150684931225,-0.047945205479452052,-0.0091324200913242004,-0.027397260273972601,False,False,False,False,False,0,2022,2024,MDB_CHANGE_RADAR_RULESET_1.0
28002,-0.13356164383561642,0.22184170471841708,-0.35540334855403349,-0.23972602739726026,-0.027397260273972601,-0.07077625570776247,0.62899543378995426,0.10730593607305938,False,False,False,False,False,0,2022,2024,MDB_CHANGE_RADAR_RULESET_1.0
28003,-0.018264840182648345,-0.054414003044140069,0.036149162861491724,-0.047945205479452024,0.011415525114155251,-0.079908675799086781,-0.0079908675799086892,-0.075342465753424626,False,False,False,False,False,0,2022,2024,MDB_CHANGE_RADAR_RULESET_1.0
28004,-0.02168949771689499,0.0087519025875190115,-0.030441400304414001,0.018264840182648401,-0.061643835616438325,-0.06164383561643838,-0.0079908675799086892,0.095890410958904049,False,False,False,False,False,0,2022,2024,MDB_CHANGE_RADAR_RULESET_1.0
28005,0.071917808219178037,-0.020928462709284612,0.092846270928462649,0.093607305936073082,0.050228310502283102,-0.070776255707762581,-0.0079908675799086892,0.015981735159817351,False,False,False,False,False,0,2022,2024,MDB_CHANGE_RADAR_RULESET_1.0
28006,0.0057077625570776114,-0.012557077625570845,0.018264840182648456,-0.013698630136986301,0.025114155251141523,-0.073059360730593603,-0.0079908675799086892,0.043378995433789952,False,False,False,False,False,0,2022,2024,MDB_CHANGE_RADAR_RULESET_1.0
28007,0.038812785388127879,-0.030060882800608812,0.068873668188736692,0.04337899543378998,0.034246575342465779,-0.029680365296803624,-0.0079908675799086892,-0.05251141552511418,False,False,False,False,False,0,2022,2024,MDB_CHANGE_RADAR_RULESET_1.0
29001,0.025114155251141551,0.012557077625570789,0.012557077625570734,0.054794520547945202,-0.0045662100456621002,-0.0068493150684931781,-0.0079908675799086892,0.052511415525114125,False,False,False,False,False,0,2022,2024,MDB_CHANGE_RADAR_RULESET_1.0
29002,0.058219178082191764,-0.008751902587519067,0.066971080669710831,0.066210045662100425,0.050228310502283102,-0.070776255707762581,-0.0079908675799086892,0.052511415525114125,False,False,False,False,False,0,2022,2024,MDB_CHANGE_RADAR_RULESET_1.0
29003,-0.085616438356164448,-0.014079147640791434,-0.071537290715373014,-0.16438356164383566,-0.0068493150684931503,-0.047945205479452024,-0.0079908675799086892,0.013698630136986301,False,False,False,False,False,0,2022,2024,MDB_CHANGE_RADAR_RULESET_1.0
29004,-0.010273972602739725,-0.036149162861491668,0.025875190258751929,0.020547945205479451,-0.041095890410958902,-0.050228310502283102,-0.0079908675799086892,-0.050228310502283102,False,False,False,False,False,0,2022,2024,MDB_CHANGE_RADAR_RULESET_1.0
29005,-0.050228310502283102,-0.023972602739726068,-0.026255707762557035,-0.038812785388127852,-0.061643835616438353,-0.031963470319634757,-0.0079908675799086892,-0.031963470319634701,False,False,False,False,False,0,2022,2024,MDB_CHANGE_RADAR_RULESET_1.0
29006,-0.094748858447488593,-0.038051750380517446,-0.056697108066971147,-0.045662100456621002,-0.14383561643835618,-0.066210045662100481,-0.011415525114155223,-0.036529680365296802,False,False,False,False,False,0,2022,2024,MDB_CHANGE_RADAR_RULESET_1.0
29007,-0.043378995433789952,-0.0049467275494672336,-0.038432267884322718,-0.075342465753424626,-0.011415525114155251,-0.077625570776255759,-0.0079908675799086892,0.070776255707762553,False,False,False,False,False,0,2022,2024,MDB_CHANGE_RADAR_RULESET_1.0
29008,-0.03538812785388129,-0.031582952815829457,-0.0038051750380518334,-0.073059360730593603,0.0022831050228310501,-0.06164383561643838,-0.0079908675799086892,-0.025114155251141551,False,False,False,False,False,0,2022,2024,MDB_CHANGE_RADAR_RULESET_1.0
29009,-0.019406392694063912,-0.0011415525114155112,-0.018264840182648401,-0.054794520547945202,0.015981735159817351,-0.066210045662100425,-0.0079908675799086892,0.070776255707762553,False,False,False,False,False,0,2022,2024,MDB_CHANGE_RADAR_RULESET_1.0
29010,0.028538812785388112,0.14269406392694056,-0.11415525114155245,0.06164383561643838,-0.0045662100456621002,0.45890410958904115,-0.0079908675799086892,-0.022831050228310501,False,False,False,False,False,0,2022,2024,MDB_CHANGE_RADAR_RULESET_1.0
29011,-0.14155251141552505,0.030060882800608812,-0.17161339421613386,-0.19406392694063929,-0.089041095890410982,0.036529680365296802,-0.0079908675799086892,0.06164383561643838,False,False,False,False,False,0,2022,2024,MDB_CHANGE_RADAR_RULESET_1.0
29012,-0.0045662100456621002,-0.10083713850837145,0.096270928462709349,-0.011415525114155251,0.0022831050228310501,0.091324200913242004,-0.0079908675799086892,-0.38584474885844749,False,False,False,False,True,1,2022,2024,MDB_CHANGE_RADAR_RULESET_1.0
29013,-0.033105022831050268,0.011796042617960412,-0.04490106544901068,-0.06164383561643838,-0.0045662100456621002,-0.029680365296803624,-0.0079908675799086892,0.073059360730593603,False,False,False,False,False,0,2022,2024,MDB_CHANGE_RADAR_RULESET_1.0
29014,-0.13926940639269406,-0.13584474885844755,-0.0034246575342465058,-0.18721461187214611,-0.091324200913242004,-0.038812785388127824,-0.0079908675799086892,-0.36073059360730597,False,False,False,False,True,1,2022,2024,MDB_CHANGE_RADAR_RULESET_1.0
29015,-0.0068493150684931503,-0.056697108066971036,0.049847792998477886,-0.013698630136986301,0,-0.04337899543378998,-0.0079908675799086892,-0.11872146118721466,False,False,False,False,False,0,2022,2024,MDB_CHANGE_RADAR_RULESET_1.0
29016,-0.0022831050228310779,-0.033105022831050157,0.030821917808219079,0.12785388127853883,-0.13242009132420096,-0.077625570776255648,-0.0079908675799086892,-0.013698630136986301,False,False,False,False,False,0,2022,2024,MDB_CHANGE_RADAR_RULESET_1.0
29017,0,-0.0041856925418569113,0.0041856925418569113,0.013698630136986301,-0.013698630136986301,-0.057077625570776225,-0.0079908675799086892,0.052511415525114152,False,False,False,False,False,0,2022,2024,MDB_CHANGE_RADAR_RULESET_1.0
29018,-0.042237442922374427,-0.091704718417047304,0.049467275494672891,-0.059360730593607303,-0.025114155251141551,-0.075342465753424626,-0.0079908675799086892,-0.19178082191780826,False,False,False,False,False,0,2022,2024,MDB_CHANGE_RADAR_RULESET_1.0
29019,0.03538812785388129,-0.053652968036529636,0.089041095890410926,0.084474885844748826,-0.013698630136986301,-0.063926940639269403,-0.0079908675799086892,-0.089041095890410982,False,False,False,False,False,0,2022,2024,MDB_CHANGE_RADAR_RULESET_1.0
29020,0.015981735159817378,0.015601217656012245,0.00038051750380513338,0.0091324200913242004,0.022831050228310557,-0.0091324200913242004,-0.0079908675799086892,0.063926940639269403,False,False,False,False,False,0,2022,2024,MDB_CHANGE_RADAR_RULESET_1.0
29021,-0.055936073059360741,-0.029299847792998546,-0.026636225266362168,-0.1095890410958904,-0.0022831050228310501,-0.047945205479452024,-0.0079908675799086892,-0.031963470319634757,False,False,False,False,False,0,2022,2024,MDB_CHANGE_RADAR_RULESET_1.0
29022,-0.076484018264840165,-0.046803652968036513,-0.029680365296803651,-0.12557077625570776,-0.027397260273972601,-0.06164383561643838,-0.0079908675799086892,-0.070776255707762525,False,False,False,False,False,0,2022,2024,MDB_CHANGE_RADAR_RULESET_1.0
29023,-0.065068493150684914,-0.05136986301369878,-0.013698630136986134,-0.19406392694063923,0.063926940639269403,-0.015981735159817378,-0.0079908675799086892,-0.13013698630136986,False,False,False,False,False,0,2022,2024,MDB_CHANGE_RADAR_RULESET_1.0
29024,-0.081050228310502292,-0.014840182648401756,-0.066210045662100536,-0.21461187214611874,0.05251141552511418,0.020547945205479423,-0.0079908675799086892,-0.057077625570776253,False,False,False,False,False,0,2022,2024,MDB_CHANGE_RADAR_RULESET_1.0
29025,0.034246575342465738,-0.06811263318112637,0.10235920852359209,0.057077625570776253,0.011415525114155251,-0.0091324200913242004,-0.0079908675799086892,-0.18721461187214611,False,False,False,False,False,0,2022,2024,MDB_CHANGE_RADAR_RULESET_1.0
29026,-0.017123287671232876,0.0019025875190258335,-0.019025875190258723,0.0091324200913242004,-0.043378995433789952,-0.057077625570776225,-0.0079908675799086892,0.070776255707762525,False,False,False,False,False,0,2022,2024,MDB_CHANGE_RADAR_RULESET_1.0
29027,0.038812785388127838,-0.017884322678843267,0.056697108066971091,0.11872146118721461,-0.041095890410958902,-0.070776255707762581,-0.0079908675799086892,0.025114155251141551,False,False,False,False,False,0,2022,2024,MDB_CHANGE_RADAR_RULESET_1.0
29028,-0.012557077625570789,-0.036149162861491613,0.023592085235920823,0.10273972602739725,-0.12785388127853883,-0.073059360730593603,-0.0079908675799086892,-0.027397260273972601,False,False,False,False,False,0,2022,2024,MDB_CHANGE_RADAR_RULESET_1.0
31001,-0.060502283105022814,0.032724505327244913,-0.093226788432267726,0.031963470319634646,-0.15296803652968038,0.061643835616438325,-0.0068493150684931781,0.04337899543378998,False,False,False,False,False,0,2022,2024,MDB_CHANGE_RADAR_RULESET_1.0
31002,-0.19748858447488582,-0.058219178082191847,-0.13926940639269397,-0.18264840182648401,-0.21232876712328763,-0.038812785388127879,-0.0079908675799086892,-0.12785388127853886,False,False,False,False,False,0,2022,2024,MDB_CHANGE_RADAR_RULESET_1.0
31003,0.046803652968036569,-0.051369863013698669,0.098173515981735238,0.054794520547945202,0.038812785388127852,-0.015981735159817351,-0.0079908675799086892,-0.13013698630136983,False,False,False,False,False,0,2022,2024,MDB_CHANGE_RADAR_RULESET_1.0
31004,-0.2363013698630137,0.008751902587518956,-0.24505327245053266,-0.038812785388127824,-0.43378995433789957,-0.077625570776255759,-0.0079908675799086892,0.11187214611872143,False,False,False,False,False,0,2022,2024,MDB_CHANGE_RADAR_RULESET_1.0
31006,-0.12328767123287671,0.05403348554033488,-0.17732115677321159,-0.050228310502283158,-0.19634703196347034,0.15525114155251141,-0.0045662100456620447,0.011415525114155278,False,False,False,False,False,0,2022,2024,MDB_CHANGE_RADAR_RULESET_1.0
31007,0.0091324200913242004,0.070015220700152259,-0.060882800608828058,-0.0091324200913242004,0.027397260273972601,0.098173515981735154,-0.015981735159817378,0.12785388127853881,False,False,False,False,False,0,2022,2024,MDB_CHANGE_RADAR_RULESET_1.0
31008,0.013698630136986356,0.04033485540334858,-0.026636225266362223,0.13013698630136983,-0.10273972602739734,-0.0045662100456621557,-0.0091324200913242004,0.13470319634703193,False,False,False,False,False,0,2022,2024,MDB_CHANGE_RADAR_RULESET_1.0
31009,-0.098173515981735182,-0.050228310502283158,-0.047945205479452024,0.21232876712328763,-0.408675799086758,-0.045662100456621002,-0.013698630136986245,-0.091324200913242004,False,False,False,True,False,1,2022,2024,MDB_CHANGE_RADAR_RULESET_1.0
31010,-0.13812785388127852,-0.039954337899543391,-0.098173515981735127,0.029680365296803624,-0.30593607305936077,-0.034246575342465779,-0.0079908675799086892,-0.077625570776255759,False,False,False,False,False,0,2022,2024,MDB_CHANGE_RADAR_RULESET_1.0
31011,-0.13698630136986301,1.1102230246251565e-16,-0.13698630136986312,-0.15981735159817356,-0.11415525114155245,-0.06164383561643838,-0.006849315068493067,0.068493150684931448,False,False,False,False,False,0,2022,2024,MDB_CHANGE_RADAR_RULESET_1.0
31012,0.029680365296803513,-0.04946727549467278,0.079147640791476292,0.30821917808219168,-0.24885844748858449,-0.068493150684931559,-0.015981735159817378,-0.063926940639269403,False,False,False,True,False,1,2022,2024,MDB_CHANGE_RADAR_RULESET_1.0
31013,0.11872146118721449,-0.021308980213089801,0.1400304414003043,0.27853881278538806,-0.041095890410958957,-0.054794520547945202,-0.0045662100456621557,-0.0045662100456621557,False,False,False,True,False,1,2022,2024,MDB_CHANGE_RADAR_RULESET_1.0
31015,0.010273972602739767,-0.13850837138508382,0.14878234398782358,-0.015981735159817378,0.036529680365296802,-0.063926940639269403,-0.013698630136986356,-0.33789954337899542,False,False,False,False,True,1,2022,2024,MDB_CHANGE_RADAR_RULESET_1.0
31016,-0.065068493150684914,-0.014459665144596678,-0.050608828006088236,-0.10273972602739725,-0.027397260273972601,-0.011415525114155251,-0.015981735159817378,-0.015981735159817378,False,False,False,False,False,0,2022,2024,MDB_CHANGE_RADAR_RULESET_1.0
31017,0.061643835616438325,-0.021308980213089912,0.082952815829528237,0.12785388127853881,-0.0045662100456621002,-0.015981735159817378,-0.013698630136986245,-0.034246575342465779,False,False,False,False,False,0,2022,2024,MDB_CHANGE_RADAR_RULESET_1.0
31018,-0.035388127853881277,-0.0038051750380517779,-0.031582952815829513,-0.045662100456621002,-0.025114155251141551,-0.031963470319634701,-0.011415525114155334,0.031963470319634646,False,False,False,False,False,0,2022,2024,MDB_CHANGE_RADAR_RULESET_1.0
31019,-0.010273972602739656,-0.015981735159817267,0.0057077625570776114,-0.11643835616438347,0.095890410958904104,-0.073059360730593603,-0.011415525114155223,0.036529680365296802,False,False,False,False,False,0,2022,2024,MDB_CHANGE_RADAR_RULESET_1.0
31020,-0.11073059360730592,-0.028158295281582979,-0.082572298325722937,-0.36073059360730597,0.13926940639269408,-0.066210045662100425,-0.013698630136986245,-0.0045662100456621557,False,False,False,False,False,0,2022,2024,MDB_CHANGE_RADAR_RULESET_1.0
31021,0.09589041095890416,0.015981735159817378,0.079908675799086781,0.082191780821917859,0.1095890410958904,-0.059360730593607247,-0.011415525114155223,0.11872146118721461,False,False,False,False,False,0,2022,2024,MDB_CHANGE_RADAR_RULESET_1.0
31022,-0.06506849315068497,-0.016742770167427645,-0.048325722983257324,0.0045662100456621002,-0.13470319634703204,-0.0022831050228310223,-0.0091324200913242004,-0.038812785388127824,False,False,False,False,False,0,2022,2024,MDB_CHANGE_RADAR_RULESET_1.0
31023,-0.02625570776255709,0.028919330289193246,-0.055175038051750336,-0.079908675799086726,0.027397260273972601,0.14155251141552516,-0.013698630136986356,-0.041095890410958846,False,False,False,False,False,0,2022,2024,MDB_CHANGE_RADAR_RULESET_1.0
31024,-0.05251141552511418,0.061643835616438436,-0.11415525114155262,-0.14840182648401823,0.04337899543378998,0.05707762557077628,-0.011415525114155223,0.13926940639269406,False,False,False,False,False,0,2022,2024,MDB_CHANGE_RADAR_RULESET_1.0
31025,0.055936073059360714,-0.08333333333333337,0.13926940639269403,0.041095890410958902,0.070776255707762525,0.0045662100456621557,-0.0079908675799086892,-0.24657534246575341,False,False,False,False,True,1,2022,2024,MDB_CHANGE_RADAR_RULESET_1.0
31026,-0.038812785388127824,0.020547945205479423,-0.059360730593607247,-0.17351598173515986,0.09589041095890416,-0.047945205479452052,-0.0045662100456620447,0.11415525114155256,False,False,False,False,False,0,2022,2024,MDB_CHANGE_RADAR_RULESET_1.0
31027,0.12557077625570778,0.053272450532724447,0.072298325722983336,0.17808219178082196,0.073059360730593603,0.034246575342465668,-0.0045662100456620447,0.13013698630136983,False,False,False,False,False,0,2022,2024,MDB_CHANGE_RADAR_RULESET_1.0
31028,0.1678082191780822,-0.042998477929984791,0.21080669710806699,-0.022831050228310501,0.35844748858447489,-0.073059360730593603,-0.0079908675799086892,-0.047945205479452024,True,False,True,True,False,3,2022,2024,MDB_CHANGE_RADAR_RULESET_1.0
31030,0.023972602739726012,-0.10540334855403355,0.12937595129375956,-0.22602739726027399,0.27397260273972601,-0.05707762557077628,-0.0079908675799086892,-0.25114155251141557,False,False,False,True,True,2,2022,2024,MDB_CHANGE_RADAR_RULESET_1.0
31031,-0.098173515981735182,-0.029299847792998546,-0.068873668188736636,-0.23287671232876717,0.036529680365296802,-0.06164383561643838,-0.0079908675799086892,-0.018264840182648401,False,False,False,False,False,0,2022,2024,MDB_CHANGE_RADAR_RULESET_1.0
31032,0.04337899543378998,0.01864535768645359,0.02473363774733639,0.0068493150684931781,0.079908675799086754,0.022831050228310446,-0.0079908675799086892,0.041095890410958957,False,False,False,False,False,0,2022,2024,MDB_CHANGE_RADAR_RULESET_1.0
31034,-0.029680365296803735,0.019406392694063856,-0.049086757990867591,-0.21917808219178087,0.15981735159817345,0.031963470319634646,-0.0079908675799086892,0.034246575342465779,False,False,False,False,False,0,2022,2024,MDB_CHANGE_RADAR_RULESET_1.0
31035,-0.011415525114155167,0.027777777777777735,-0.039193302891932902,-0.061643835616438269,0.038812785388127852,0.093607305936073137,-0.0079908675799086892,-0.0022831050228311334,False,False,False,False,False,0,2022,2024,MDB_CHANGE_RADAR_RULESET_1.0
31036,0.1050228310502283,-0.021308980213089912,0.12633181126331822,0.036529680365296802,0.17351598173515984,-0.041095890410958902,-0.0068493150684931781,-0.015981735159817323,False,False,False,False,False,0,2022,2024,MDB_CHANGE_RADAR_RULESET_1.0
31037,0.13812785388127857,0.063926940639269514,0.074200913242009059,0.18036529680365299,0.095890410958904049,0.059360730593607303,-0.0091324200913242004,0.14155251141552516,False,False,False,False,False,0,2022,2024,MDB_CHANGE_RADAR_RULESET_1.0
31038,0.01712328767123289,0.016362252663622567,0.00076103500761032228,-0.14840182648401823,0.18264840182648401,0.034246575342465779,-0.0079908675799086892,0.022831050228310557,False,False,False,False,False,0,2022,2024,MDB_CHANGE_RADAR_RULESET_1.0
31040,0.018264840182648401,-0.1035007610350076,0.12176560121765601,0.0022831050228310779,0.034246575342465779,-0.018264840182648401,-0.0045662100456621557,-0.28767123287671231,False,False,False,False,True,1,2022,2024,MDB_CHANGE_RADAR_RULESET_1.0
31041,-0.010273972602739712,0.088280060882800604,-0.098554033485540316,-0.10273972602739725,0.082191780821917804,-0.020547945205479534,-0.0068493150684931781,0.29223744292237441,False,False,False,False,False,0,2022,2024,MDB_CHANGE_RADAR_RULESET_1.0
31042,-0.12785388127853881,-0.0045662100456621557,-0.12328767123287665,-0.28767123287671231,0.031963470319634757,-0.013698630136986356,-0.0022831050228310223,0.0022831050228310223,False,False,False,False,False,0,2022,2024,MDB_CHANGE_RADAR_RULESET_1.0
31044,0.02168949771689499,0.10121765601217658,-0.079528158295281592,0.045662100456621002,-0.0022831050228310223,-0.050228310502283158,-0.0045662100456620447,0.35844748858447489,False,False,False,False,False,0,2022,2024,MDB_CHANGE_RADAR_RULESET_1.0
31045,0.028538812785388057,0.041856925418569335,-0.013318112633181278,0.0091324200913242004,0.047945205479452024,0.05251141552511418,-0.0045662100456621557,0.077625570776255648,False,False,False,False,False,0,2022,2024,MDB_CHANGE_RADAR_RULESET_1.0
31046,-0.014840182648401867,-0.22260273972602745,0.20776255707762559,-0.050228310502283158,0.020547945205479451,-0.05251141552511418,-0.0079908675799086892,-0.60730593607305938,False,True,True,False,True,3,2022,2024,MDB_CHANGE_RADAR_RULESET_1.0
31047,-0.003424657534246589,0.049086757990867591,-0.05251141552511418,0.10730593607305938,-0.11415525114155251,-0.050228310502283102,-0.0079908675799086892,0.20547945205479454,False,False,False,False,False,0,2022,2024,MDB_CHANGE_RADAR_RULESET_1.0
31048,0.11073059360730597,0.036529680365296802,0.07420091324200917,0.020547945205479423,0.20091324200913246,0.022831050228310446,-0.0091324200913242004,0.09589041095890416,False,False,False,True,False,1,2022,2024,MDB_CHANGE_RADAR_RULESET_1.0
31050,0.17808219178082196,0.12937595129375945,0.048706240487062513,-0.041095890410958957,0.39726027397260277,0.29452054794520544,-0.0022831050228310223,0.09589041095890416,True,False,False,True,False,2,2022,2024,MDB_CHANGE_RADAR_RULESET_1.0
31051,-0.12671232876712324,-0.044901065449010624,-0.081811263318112615,-0.32420091324200911,0.070776255707762581,0.034246575342465779,-0.0045662100456621557,-0.16438356164383561,False,False,False,False,False,0,2022,2024,MDB_CHANGE_RADAR_RULESET_1.0
31052,0.051369863013698613,0.028919330289193246,0.022450532724505368,-0.041095890410958957,0.14383561643835618,0.12100456621004574,-0.011415525114155334,-0.022831050228310501,False,False,False,False,False,0,2022,2024,MDB_CHANGE_RADAR_RULESET_1.0
31053,0.047945205479452024,-0.034627092846270857,0.082572298325722882,0.13698630136986301,-0.041095890410958902,-0.052511415525114069,-0.0079908675799086892,-0.043378995433789952,False,False,False,False,False,0,2022,2024,MDB_CHANGE_RADAR_RULESET_1.0
31055,0.19520547945205483,-0.020928462709284612,0.21613394216133941,0.4041095890410959,-0.013698630136986301,0.018264840182648401,-0.0079908675799086892,-0.073059360730593603,True,False,True,True,False,3,2022,2024,MDB_CHANGE_RADAR_RULESET_1.0
31057,0.046803652968036569,0.0057077625570776114,0.041095890410958957,0.10502283105022836,-0.011415525114155251,0.18493150684931514,-0.0079908675799086892,-0.15981735159817351,False,False,False,False,False,0,2022,2024,MDB_CHANGE_RADAR_RULESET_1.0
31058,0.039954337899543335,0.19140030441400302,-0.15144596651445968,0.036529680365296802,0.043378995433789952,0.38356164383561653,-0.0079908675799086892,0.19863013698630144,False,False,False,False,False,0,2022,2024,MDB_CHANGE_RADAR_RULESET_1.0
31059,-0.036529680365296802,0.045662100456621002,-0.082191780821917804,-0.041095890410958902,-0.031963470319634701,0.011415525114155223,0.098173515981735182,0.027397260273972601,False,False,False,False,False,0,2022,2024,MDB_CHANGE_RADAR_RULESET_1.0
31060,-0.036529680365296802,-0.017123287671232834,-0.019406392694063967,-0.034246575342465724,-0.038812785388127852,-0.052511415525114069,-0.0079908675799086892,0.0091324200913242004,False,False,False,False,False,0,2022,2024,MDB_CHANGE_RADAR_RULESET_1.0
31061,0.26598173515981738,-0.056316590563166069,0.32229832572298345,0.23059360730593609,0.30136986301369861,-0.022831050228310557,-0.0045662100456621557,-0.14155251141552516,True,False,True,True,False,3,2022,2024,MDB_CHANGE_RADAR_RULESET_1.0
31062,-0.36872146118721461,-0.082191780821917804,-0.2865296803652968,-0.67351598173515981,-0.063926940639269403,-0.011415525114155223,-0.0068493150684931781,-0.22831050228310501,False,False,False,False,True,1,2022,2024,MDB_CHANGE_RADAR_RULESET_1.0
31064,0.018264840182648456,0.15372907153729065,-0.1354642313546422,-0.034246575342465752,0.070776255707762581,0.073059360730593603,-0.0022831050228310223,0.3904109589041096,False,False,False,False,False,0,2022,2024,MDB_CHANGE_RADAR_RULESET_1.0
31065,-0.11643835616438356,-0.051750380517503691,-0.064687975646879892,-0.26484018264840181,0.031963470319634701,-0.0045662100456620447,-0.011415525114155334,-0.13926940639269403,False,False,False,False,False,0,2022,2024,MDB_CHANGE_RADAR_RULESET_1.0
31066,0.10045662100456623,0.19901065449010652,-0.09855403348554026,-0.1050228310502283,0.30593607305936077,0.45662100456621008,-0.0079908675799086892,0.14840182648401823,False,False,False,True,False,1,2022,2024,MDB_CHANGE_RADAR_RULESET_1.0
31067,0.13584474885844749,-0.11187214611872143,0.24771689497716887,0.057077625570776253,0.21461187214611874,-0.0091324200913242004,-0.0091324200913242004,-0.31735159817351588,False,False,True,True,True,3,2022,2024,MDB_CHANGE_RADAR_RULESET_1.0
31068,-0.082191780821917859,0.042237442922374413,-0.12442922374429227,-0.18721461187214616,0.022831050228310501,0,-0.0079908675799086892,0.13470319634703198,False,False,False,False,False,0,2022,2024,MDB_CHANGE_RADAR_RULESET_1.0
31070,-0.006849315068493067,-0.10235920852359215,0.095509893455099082,-0.14155251141552505,0.12785388127853881,-0.077625570776255759,-0.0079908675799086892,-0.22146118721461183,False,False,False,False,True,1,2022,2024,MDB_CHANGE_RADAR_RULESET_1.0
31071,-0.019406392694063967,0.062785388127853892,-0.082191780821917859,-0.04337899543378998,0.0045662100456621002,-0.063926940639269403,-0.0079908675799086892,0.26027397260273977,False,False,False,False,False,0,2022,2024,MDB_CHANGE_RADAR_RULESET_1.0
31072,0.045662100456621113,-0.085996955859969582,0.13165905631659069,-0.015981735159817323,0.10730593607305938,-0.073059360730593631,-0.011415525114155334,-0.17351598173515981,False,False,False,False,False,0,2022,2024,MDB_CHANGE_RADAR_RULESET_1.0
31073,0.07420091324200917,0.0026636225266362112,0.071537290715373014,0.17351598173515981,-0.025114155251141579,0.16210045662100458,-0.0079908675799086892,-0.14611872146118721,False,False,False,False,False,0,2022,2024,MDB_CHANGE_RADAR_RULESET_1.0
31074,0.0045662100456621557,-0.11719939117199407,0.12176560121765623,0.013698630136986356,-0.0045662100456620447,-0.073059360730593603,-0.0045662100456621557,-0.27397260273972601,False,False,False,False,True,1,2022,2024,MDB_CHANGE_RADAR_RULESET_1.0
31075,-0.044520547945205546,-0.012176560121765601,-0.032343987823439946,-0.022831050228310446,-0.066210045662100425,-0.041095890410958902,-0.011415525114155223,0.015981735159817378,False,False,False,False,False,0,2022,2024,MDB_CHANGE_RADAR_RULESET_1.0
31076,0.29337899543378987,0.19292237442922378,0.10045662100456609,0.26940639269406386,0.31735159817351594,0.52511415525114158,-0.0079908675799086892,0.06164383561643838,True,False,False,True,False,2,2022,2024,MDB_CHANGE_RADAR_RULESET_1.0
31077,-0.035388127853881235,0.064307458143074592,-0.099695585996955827,-0.020547945205479423,-0.050228310502283102,-0.054794520547945202,-0.0079908675799086892,0.25570776255707761,False,False,False,False,False,0,2022,2024,MDB_CHANGE_RADAR_RULESET_1.0
31078,-0.08333333333333337,0.056316590563165736,-0.13964992389649911,-0.25799086757990863,0.091324200913242004,0.13698630136986301,-0.013698630136986356,0.045662100456621002,False,False,False,False,False,0,2022,2024,MDB_CHANGE_RADAR_RULESET_1.0
31079,-0.098173515981735182,0.044901065449010624,-0.14307458143074581,-0.15296803652968038,-0.043378995433789952,-0.075342465753424626,-0.011415525114155223,0.22146118721461186,False,False,False,False,False,0,2022,2024,MDB_CHANGE_RADAR_RULESET_1.0
31082,0.083333333333333259,0.081050228310502348,0.0022831050228309113,0.0091324200913242004,0.15753424657534246,-0.073059360730593603,-0.0079908675799086892,0.32420091324200917,False,False,False,False,False,0,2022,2024,MDB_CHANGE_RADAR_RULESET_1.0
31083,-0.079908675799086781,0.011415525114155223,-0.091324200913242004,-0.19634703196347036,0.036529680365296802,-0.05251141552511418,-0.0068493150684931781,0.093607305936073054,False,False,False,False,False,0,2022,2024,MDB_CHANGE_RADAR_RULESET_1.0
31084,0.053652968036529747,0.015981735159817378,0.037671232876712368,0.020547945205479479,0.086757990867579848,-0.041095890410958902,-0.0091324200913242004,0.098173515981735182,False,False,False,False,False,0,2022,2024,MDB_CHANGE_RADAR_RULESET_1.0
31085,0.12557077625570773,0.085616438356164337,0.039954337899543391,-0.13926940639269406,0.3904109589041096,0.23744292237442921,-0.0079908675799086892,0.027397260273972601,False,False,False,True,False,1,2022,2024,MDB_CHANGE_RADAR_RULESET_1.0
31086,-0.02168949771689499,0.018264840182648401,-0.039954337899543391,-0.18493150684931514,0.14155251141552513,-0.054794520547945202,-0.011415525114155223,0.12100456621004566,False,False,False,False,False,0,2022,2024,MDB_CHANGE_RADAR_RULESET_1.0
31087,-0.09703196347031956,-0.02321156773211569,-0.07382039573820387,-0.18036529680365287,-0.013698630136986301,-0.079908675799086781,-0.0079908675799086892,0.018264840182648401,False,False,False,False,False,0,2022,2024,MDB_CHANGE_RADAR_RULESET_1.0
31088,-0.025114155251141579,0.029299847792998657,-0.054414003044140236,-0.11872146118721461,0.068493150684931503,-0.018264840182648401,-0.0079908675799086892,0.11415525114155256,False,False,False,False,False,0,2022,2024,MDB_CHANGE_RADAR_RULESET_1.0
31089,0.2408675799086758,-0.0079908675799087447,0.24885844748858454,0.20319634703196354,0.27853881278538811,-0.041095890410958957,-0.0079908675799086892,0.025114155251141468,True,False,True,True,False,3,2022,2024,MDB_CHANGE_RADAR_RULESET_1.0
31090,0.28196347031963465,-0.027777777777777901,0.30974124809741255,0.5547945205479452,0.0091324200913242004,-0.025114155251141579,-0.0079908675799086892,-0.050228310502283158,True,False,True,True,False,3,2022,2024,MDB_CHANGE_RADAR_RULESET_1.0
31091,-0.095890410958904049,0.079147640791476515,-0.17503805175038056,-0.066210045662100425,-0.12557077625570767,0.34018264840182655,-0.0091324200913242004,-0.093607305936073137,False,False,False,False,False,0,2022,2024,MDB_CHANGE_RADAR_RULESET_1.0
31092,-0.10502283105022825,0.15791476407914762,-0.26293759512937587,0.0045662100456621557,-0.21461187214611877,0.23287671232876705,-0.0079908675799086892,0.24885844748858443,False,False,False,False,False,0,2022,2024,MDB_CHANGE_RADAR_RULESET_1.0
31093,0.071917808219178037,-0.010273972602739767,0.082191780821917804,0.04337899543378998,0.1004566210045662,-0.029680365296803624,-0.0079908675799086892,0.006849315068493067,False,False,False,False,False,0,2022,2024,MDB_CHANGE_RADAR_RULESET_1.0
31094,-0.085616438356164393,-0.0030441400304414001,-0.082572298325722993,-0.098173515981735154,-0.073059360730593603,-0.018264840182648401,-0.0045662100456620447,0.013698630136986301,False,False,False,False,False,0,2022,2024,MDB_CHANGE_RADAR_RULESET_1.0
31095,0.19178082191780826,0.12366818873668173,0.068112633181126536,0.061643835616438269,0.32191780821917815,0.39041095890410965,-0.0079908675799086892,-0.011415525114155334,True,False,False,True,False,2,2022,2024,MDB_CHANGE_RADAR_RULESET_1.0
31096,-0.014840182648401812,0.0068493150684931781,-0.02168949771689499,-0.011415525114155251,-0.018264840182648401,-0.052511415525114069,-0.0045662100456620447,0.077625570776255703,False,False,False,False,False,0,2022,2024,MDB_CHANGE_RADAR_RULESET_1.0
31097,0.06506849315068497,-0.05251141552511418,0.11757990867579915,0.12785388127853881,0.0022831050228310223,-0.029680365296803651,-0.0091324200913242004,-0.11872146118721461,False,False,False,False,False,0,2022,2024,MDB_CHANGE_RADAR_RULESET_1.0
31098,-0.075342465753424737,0.028158295281582979,-0.10350076103500772,-0.13013698630136994,-0.020547945205479423,-0.025114155251141579,-0.0045662100456620447,0.11415525114155253,False,False,False,False,False,0,2022,2024,MDB_CHANGE_RADAR_RULESET_1.0
31099,0.094748858447488593,-0.0098934550989344672,0.10464231354642306,-0.05707762557077628,0.24657534246575341,0.059360730593607358,-0.0068493150684931781,-0.082191780821917804,False,False,False,True,False,1,2022,2024,MDB_CHANGE_RADAR_RULESET_1.0
31100,0.027397260273972629,0.098554033485540343,-0.071156773211567714,-0.26712328767123283,0.32191780821917809,0.34931506849315064,-0.0079908675799086892,-0.045662100456621002,False,False,False,True,False,1,2022,2024,MDB_CHANGE_RADAR_RULESET_1.0
31101,0.042237442922374469,0.039954337899543446,0.0022831050228310223,-0.15981735159817345,0.24429223744292236,0.034246575342465779,-0.0079908675799086892,0.093607305936073026,False,False,False,True,False,1,2022,2024,MDB_CHANGE_RADAR_RULESET_1.0
31102,-0.033105022831050226,0.077245053272450459,-0.11035007610350067,-0.054794520547945202,-0.011415525114155251,0.036529680365296802,-0.0079908675799086892,0.20319634703196354,False,False,False,False,False,0,2022,2024,MDB_CHANGE_RADAR_RULESET_1.0
32001,0.053652968036529691,0.037671232876712285,0.015981735159817406,0.14840182648401826,-0.041095890410958902,-0.036529680365296802,-0.0079908675799086892,0.15753424657534246,False,False,False,False,False,0,2022,2024,MDB_CHANGE_RADAR_RULESET_1.0
32002,-0.10388127853881279,0.00076103500761037779,-0.10464231354642317,-0.052511415525114152,-0.15525114155251141,0.0068493150684931503,-0.015981735159817378,0.011415525114155223,False,False,False,False,False,0,2022,2024,MDB_CHANGE_RADAR_RULESET_1.0
32003,0.083333333333333315,-0.048706240487062402,0.13203957382039572,0.15753424657534248,0.0091324200913242004,-0.054794520547945202,-0.011415525114155223,-0.079908675799086726,False,False,False,False,False,0,2022,2024,MDB_CHANGE_RADAR_RULESET_1.0
32004,0.10159817351598166,0.03386605783866059,0.06773211567732107,0.23515981735159816,-0.031963470319634757,-0.05707762557077628,-0.0079908675799086892,0.16666666666666669,False,False,False,True,False,1,2022,2024,MDB_CHANGE_RADAR_RULESET_1.0
33001,-0.011415525114155223,-0.0098934550989344672,-0.0015220700152207556,-0.036529680365296802,0.013698630136986356,-0.061643835616438325,-0.013698630136986245,0.045662100456621002,False,False,False,False,False,0,2022,2024,MDB_CHANGE_RADAR_RULESET_1.0
33002,0.034246575342465724,0.0030441400304415112,0.031202435312024213,0,0.068493150684931503,-0.052511415525114125,-0.011415525114155334,0.073059360730593603,False,False,False,False,False,0,2022,2024,MDB_CHANGE_RADAR_RULESET_1.0
33003,-0.23858447488584478,-0.0076103500761034448,-0.23097412480974133,-0.15068493150684931,-0.32648401826484019,-0.0045662100456620447,-0.0068493150684931781,-0.011415525114155223,False,False,False,False,False,0,2022,2024,MDB_CHANGE_RADAR_RULESET_1.0
33004,-0.017123287671232834,-0.0030441400304412891,-0.014079147640791545,-0.031963470319634701,-0.0022831050228310223,-0.057077625570776225,-0.0022831050228311334,0.050228310502283158,False,False,False,False,False,0,2022,2024,MDB_CHANGE_RADAR_RULESET_1.0
33005,-0.070776255707762525,-0.049467275494672724,-0.021308980213089801,-0.031963470319634701,-0.1095890410958904,0.013698630136986301,-0.013698630136986356,-0.14840182648401823,False,False,False,False,False,0,2022,2024,MDB_CHANGE_RADAR_RULESET_1.0
33006,-0.066210045662100425,-0.0045662100456620447,-0.06164383561643838,-0.022831050228310501,-0.1095890410958904,-0.013698630136986301,0.036529680365296802,-0.036529680365296802,False,False,False,False,False,0,2022,2024,MDB_CHANGE_RADAR_RULESET_1.0
33007,-0.11757990867579915,-0.018264840182648512,-0.099315068493150638,-0.23744292237442924,0.0022831050228310223,-0.034246575342465779,-0.011415525114155223,-0.0091324200913242004,False,False,False,False,False,0,2022,2024,MDB_CHANGE_RADAR_RULESET_1.0
33008,-0.14269406392694062,-0.047184170471841647,-0.095509893455098971,0.077625570776255731,-0.36301369863013694,-0.018264840182648401,-0.015981735159817267,-0.10730593607305927,False,False,False,False,False,0,2022,2024,MDB_CHANGE_RADAR_RULESET_1.0
33009,-0.035388127853881235,-0.023592085235920823,-0.011796042617960412,-0.0022831050228310779,-0.068493150684931448,-0.10730593607305938,-0.011415525114155223,0.047945205479452024,False,False,False,False,False,0,2022,2024,MDB_CHANGE_RADAR_RULESET_1.0
35011,-0.074200913242009114,0.13736681887366819,-0.21156773211567731,-0.079908675799086754,-0.068493150684931448,0.015981735159817351,0.34589041095890405,0.050228310502283102,False,False,False,False,False,0,2022,2024,MDB_CHANGE_RADAR_RULESET_1.0
35012,-0.047945205479452024,0.011796042617960412,-0.059741248097412436,-0.027397260273972601,-0.068493150684931448,-0.0022831050228310223,-0.0079908675799086892,0.045662100456621002,False,False,False,False,False,0,2022,2024,MDB_CHANGE_RADAR_RULESET_1.0
35013,0.0011415525114155112,-0.027777777777777846,0.028919330289193357,-0.013698630136986301,0.015981735159817323,-0.011415525114155251,-0.0079908675799086892,-0.063926940639269403,False,False,False,False,False,0,2022,2024,MDB_CHANGE_RADAR_RULESET_1.0
35014,-0.010273972602739712,-0.022450532724505368,0.012176560121765656,-0.011415525114155251,-0.0091324200913242004,-0.0045662100456621002,-0.0079908675799086892,-0.054794520547945202,False,False,False,False,False,0,2022,2024,MDB_CHANGE_RADAR_RULESET_1.0
35015,0.0068493150684931781,0.070015220700152203,-0.063165905631659025,-0.011415525114155251,0.025114155251141579,-0.013698630136986301,0.041095890410958957,0.18264840182648401,False,False,False,False,False,0,2022,2024,MDB_CHANGE_RADAR_RULESET_1.0
35016,-0.025114155251141579,0.10159817351598172,-0.12671232876712329,-0.0022831050228310501,-0.047945205479452135,-0.0022831050228310501,0.30936073059360725,-0.0022831050228310223,False,False,False,False,False,0,2022,2024,MDB_CHANGE_RADAR_RULESET_1.0
35021,0.018264840182648401,0.050608828006088347,-0.032343987823439946,-0.050228310502283102,0.086757990867579904,-0.054794520547945202,-0.0079908675799086892,0.21461187214611874,False,False,False,False,False,0,2022,2024,MDB_CHANGE_RADAR_RULESET_1.0
35022,0.055936073059360769,0.039954337899543391,0.015981735159817378,0.15068493150684936,-0.038812785388127824,-0.063926940639269403,-0.0079908675799086892,0.19178082191780821,False,False,False,False,False,0,2022,2024,MDB_CHANGE_RADAR_RULESET_1.0
35023,0.10730593607305933,-0.073439878234398792,0.18074581430745812,0.21232876712328766,0.0022831050228311334,-0.038812785388127852,-0.0079908675799086892,-0.17351598173515981,False,False,False,True,False,1,2022,2024,MDB_CHANGE_RADAR_RULESET_1.0
35031,-0.035388127853881235,-0.10692541856925414,0.071537290715372903,0.054794520547945202,-0.12557077625570778,-0.015981735159817351,-0.0079908675799086892,-0.29680365296803651,False,False,False,False,True,1,2022,2024,MDB_CHANGE_RADAR_RULESET_1.0
35032,-0.13926940639269414,-0.028158295281582979,-0.11111111111111116,-0.17579908675799083,-0.10273972602739728,-0.038812785388127852,-0.013698630136986245,-0.031963470319634701,False,False,False,False,False,0,2022,2024,MDB_CHANGE_RADAR_RULESET_1.0
35033,-0.086757990867579959,0.038051750380517557,-0.12480974124809752,-0.17123287671232879,-0.0022831050228311334,-0.06164383561643838,0.15525114155251141,0.020547945205479423,False,False,False,False,False,0,2022,2024,MDB_CHANGE_RADAR_RULESET_1.0
35041,-0.07876712328767127,0.14649923896499234,-0.22526636225266361,-0.13242009132420091,-0.025114155251141579,-0.029680365296803624,0.33675799086757985,0.13242009132420096,False,False,False,False,False,0,2022,2024,MDB_CHANGE_RADAR_RULESET_1.0
35051,-0.011415525114155223,-0.0076103500761035558,-0.0038051750380516669,-0.13013698630136983,0.10730593607305938,-0.025114155251141551,-0.0022831050228310223,0.0045662100456621557,False,False,False,False,False,0,2022,2024,MDB_CHANGE_RADAR_RULESET_1.0
35052,-0.029680365296803624,0.065068493150684914,-0.094748858447488538,-0.022831050228310501,-0.036529680365296802,-0.038812785388127852,-0.0079908675799086892,0.24200913242009137,False,False,False,False,False,0,2022,2024,MDB_CHANGE_RADAR_RULESET_1.0
35061,-0.0011415525114155667,0.039193302891933068,-0.040334855403348635,-0.070776255707762581,0.068493150684931448,0.1004566210045662,-0.0079908675799086892,0.025114155251141579,False,False,False,False,False,0,2022,2024,MDB_CHANGE_RADAR_RULESET_1.0
35062,-0.0068493150684931781,-0.03538812785388129,0.028538812785388112,0.020547945205479423,-0.034246575342465779,-0.0045662100456621002,-0.0079908675799086892,-0.093607305936073026,False,False,False,False,False,0,2022,2024,MDB_CHANGE_RADAR_RULESET_1.0
35063,-0.037671232876712257,-0.025494672754946768,-0.01217656012176549,-0.1004566210045662,0.025114155251141579,-0.068493150684931559,-0.0079908675799086892,0,False,False,False,False,False,0,2022,2024,MDB_CHANGE_RADAR_RULESET_1.0
35064,-0.10388127853881279,-0.02473363774733639,-0.079147640791476404,-0.20547945205479456,-0.0022831050228310223,0.025114155251141579,-0.0079908675799086892,-0.091324200913242004,False,False,False,False,False,0,2022,2024,MDB_CHANGE_RADAR_RULESET_1.0
35065,-0.14383561643835618,0.061263318112633192,-0.20509893455098938,-0.22831050228310501,-0.059360730593607358,-0.036529680365296802,-0.0079908675799086892,0.22831050228310501,False,False,False,False,False,0,2022,2024,MDB_CHANGE_RADAR_RULESET_1.0
35071,-0.035388127853881346,-0.033866057838660646,-0.0015220700152207001,0.013698630136986245,-0.084474885844748826,0.022831050228310501,-0.0079908675799086892,-0.11643835616438358,False,False,False,False,False,0,2022,2024,MDB_CHANGE_RADAR_RULESET_1.0
35072,-0.062785388127853836,-0.019025875190258668,-0.043759512937595169,-0.041095890410958902,-0.084474885844748826,-0.038812785388127879,-0.011415525114155223,-0.0068493150684931781,False,False,False,False,False,0,2022,2024,MDB_CHANGE_RADAR_RULESET_1.0
35073,-0.046803652968036513,-0.043378995433789924,-0.003424657534246589,-0.10273972602739725,0.0091324200913242004,-0.045662100456621002,-0.0091324200913242004,-0.075342465753424737,False,False,False,False,False,0,2022,2024,MDB_CHANGE_RADAR_RULESET_1.0
35074,-0.03082191780821919,-0.019406392694063967,-0.011415525114155223,-0.073059360730593603,0.011415525114155223,-0.043378995433789869,-0.0079908675799086892,-0.006849315068493067,False,False,False,False,False,0,2022,2024,MDB_CHANGE_RADAR_RULESET_1.0
35081,-0.14726027397260277,0.0011415525114155667,-0.14840182648401834,-0.21689497716894984,-0.077625570776255759,0.020547945205479451,-0.0079908675799086892,-0.0091324200913242004,False,False,False,False,False,0,2022,2024,MDB_CHANGE_RADAR_RULESET_1.0
35082,-0.06164383561643838,0.0087519025875190115,-0.070395738203957392,-0.11872146118721461,-0.0045662100456621557,-0.031963470319634757,-0.0079908675799086892,0.066210045662100536,False,False,False,False,False,0,2022,2024,MDB_CHANGE_RADAR_RULESET_1.0
35083,-0.02168949771689499,0.030441400304414001,-0.052130898021308991,-0.06164383561643838,0.018264840182648401,0.10730593607305938,-0.0045662100456620447,-0.011415525114155334,False,False,False,False,False,0,2022,2024,MDB_CHANGE_RADAR_RULESET_1.0
35091,0.14383561643835618,0.010273972602739767,0.13356164383561642,0.28767123287671237,0,-0.029680365296803624,-0.0079908675799086892,0.068493150684931559,False,False,False,True,False,1,2022,2024,MDB_CHANGE_RADAR_RULESET_1.0
35092,0.054794520547945202,-0.047564687975646947,0.10235920852359215,0.09589041095890416,0.013698630136986245,0.031963470319634646,-0.0079908675799086892,-0.16666666666666674,False,False,False,False,False,0,2022,2024,MDB_CHANGE_RADAR_RULESET_1.0
35093,0.039954337899543502,-0.041476407914764035,0.081430745814307537,0.082191780821917804,-0.0022831050228310223,-0.050228310502283102,-0.0079908675799086892,-0.066210045662100536,False,False,False,False,False,0,2022,2024,MDB_CHANGE_RADAR_RULESET_1.0
35094,-0.11073059360730597,0.074961948249619437,-0.18569254185692541,-0.19634703196347036,-0.025114155251141579,0.17123287671232867,-0.0079908675799086892,0.06164383561643838,False,False,False,False,False,0,2022,2024,MDB_CHANGE_RADAR_RULESET_1.0
35095,-0.053652968036529636,-0.046042617960426191,-0.0076103500761034448,-0.11415525114155245,0.0068493150684931781,-0.059360730593607358,-0.0079908675799086892,-0.070776255707762581,False,False,False,False,False,0,2022,2024,MDB_CHANGE_RADAR_RULESET_1.0
35101,-0.13812785388127857,0.021689497716895101,-0.15981735159817367,-0.1004566210045662,-0.17579908675799083,-0.013698630136986245,-0.0079908675799086892,0.086757990867579959,False,False,False,False,False,0,2022,2024,MDB_CHANGE_RADAR_RULESET_1.0
35102,-0.019406392694063856,0.0053272450532724225,-0.024733637747336279,-0.025114155251141523,-0.013698630136986245,-0.057077625570776225,-0.0068493150684931781,0.079908675799086726,False,False,False,False,False,0,2022,2024,MDB_CHANGE_RADAR_RULESET_1.0
35103,-0.041095890410958846,0.011035007610350089,-0.052130898021308936,-0.041095890410958902,-0.041095890410958902,0.075342465753424653,-0.0079908675799086892,-0.034246575342465752,False,False,False,False,False,0,2022,2024,MDB_CHANGE_RADAR_RULESET_1.0
35104,-0.085616438356164393,0.020167427701674345,-0.10578386605783874,-0.089041095890410926,-0.082191780821917804,-0.057077625570776225,-0.0079908675799086892,0.12557077625570778,False,False,False,False,False,0,2022,2024,MDB_CHANGE_RADAR_RULESET_1.0
35111,-0.1004566210045662,0.039573820395738091,-0.1400304414003043,-0.20547945205479454,0.0045662100456621557,0.13013698630136983,-0.011415525114155223,0,False,False,False,False,False,0,2022,2024,MDB_CHANGE_RADAR_RULESET_1.0
35112,-0.037671232876712257,0.012557077625570789,-0.050228310502283047,-0.073059360730593659,-0.0022831050228310223,0.047945205479452024,-0.0079908675799086892,-0.0022831050228310223,False,False,False,False,False,0,2022,2024,MDB_CHANGE_RADAR_RULESET_1.0
35113,0.36872146118721461,-0.033866057838660368,0.40258751902587497,0.71461187214611865,0.022831050228310557,-0.0091324200913242004,-0.0079908675799086892,-0.084474885844748826,True,False,True,True,False,3,2022,2024,MDB_CHANGE_RADAR_RULESET_1.0
35114,0.25684931506849318,-0.017503805175038023,0.2743531202435312,0.45205479452054792,0.06164383561643838,-0.06164383561643838,-0.0045662100456621557,0.013698630136986301,True,False,True,True,False,3,2022,2024,MDB_CHANGE_RADAR_RULESET_1.0
35115,0.10388127853881268,0.19140030441400296,-0.087519025875190282,0.17351598173515981,0.034246575342465668,0.59589041095890416,-0.0079908675799086892,-0.013698630136986245,False,False,False,False,False,0,2022,2024,MDB_CHANGE_RADAR_RULESET_1.0
35121,-0.025114155251141579,0.050989345509893425,-0.076103500761035003,-0.098173515981735182,0.047945205479452024,-0.063926940639269403,-0.011415525114155223,0.22831050228310507,False,False,False,False,False,0,2022,2024,MDB_CHANGE_RADAR_RULESET_1.0
35131,0.012557077625570789,-0.059741248097412492,0.072298325722983281,0.047945205479452024,-0.022831050228310446,-0.054794520547945202,-0.0079908675799086892,-0.11643835616438358,False,False,False,False,False,0,2022,2024,MDB_CHANGE_RADAR_RULESET_1.0
35132,-0.1004566210045662,-0.0026636225266362112,-0.097792998477929993,-0.11872146118721466,-0.082191780821917804,0.011415525114155251,-0.0079908675799086892,-0.011415525114155223,False,False,False,False,False,0,2022,2024,MDB_CHANGE_RADAR_RULESET_1.0
35133,-0.03995433789954328,0.017884322678843212,-0.057838660578386492,-0.050228310502283102,-0.029680365296803624,0,-0.0079908675799086892,0.061643835616438269,False,False,False,False,False,0,2022,2024,MDB_CHANGE_RADAR_RULESET_1.0
35141,-0.041095890410958846,-0.017884322678843212,-0.023211567732115634,-0.079908675799086781,-0.0022831050228310223,-0.073059360730593603,-0.0079908675799086892,0.027397260273972601,False,False,False,False,False,0,2022,2024,MDB_CHANGE_RADAR_RULESET_1.0
35142,0.073059360730593603,-0.01560121765601219,0.088660578386605793,0.14383561643835618,0.0022831050228310223,-0.047945205479452024,-0.0079908675799086892,0.0091324200913242004,False,False,False,False,False,0,2022,2024,MDB_CHANGE_RADAR_RULESET_1.0
35143,-0.03082191780821919,0.0026636225266362112,-0.033485540334855401,-0.06164383561643838,0,0.0022831050228310223,-0.0079908675799086892,0.013698630136986356,False,False,False,False,False,0,2022,2024,MDB_CHANGE_RADAR_RULESET_1.0
35151,-0.028538812785388057,0.096270928462709293,-0.12480974124809735,-0.068493150684931503,0.011415525114155334,0.23287671232876714,-0.0079908675799086892,0.063926940639269403,False,False,False,False,False,0,2022,2024,MDB_CHANGE_RADAR_RULESET_1.0
35152,-0.13926940639269403,-0.04299847792998468,-0.096270928462709349,-0.086757990867579848,-0.19178082191780821,-0.075342465753424681,-0.0079908675799086892,-0.045662100456621002,False,False,False,False,False,0,2022,2024,MDB_CHANGE_RADAR_RULESET_1.0
35153,-0.10730593607305927,0.081050228310502265,-0.18835616438356151,-0.17123287671232879,-0.04337899543378998,-0.018264840182648401,-0.0079908675799086892,0.26940639269406391,False,False,False,False,False,0,2022,2024,MDB_CHANGE_RADAR_RULESET_1.0
35154,-0.21575342465753428,0.045281582952815869,-0.26103500761035014,-0.29223744292237447,-0.13926940639269408,-0.057077625570776225,-0.0079908675799086892,0.20091324200913241,False,False,False,False,False,0,2022,2024,MDB_CHANGE_RADAR_RULESET_1.0
35155,-0.068493150684931448,-0.01864535768645359,-0.049847792998477858,-0.11187214611872148,-0.025114155251141579,-0.066210045662100481,-0.0079908675799086892,0.018264840182648401,False,False,False,False,False,0,2022,2024,MDB_CHANGE_RADAR_RULESET_1.0
35156,-0.23287671232876711,0.029299847792998546,-0.26217656012176566,-0.4269406392694064,-0.038812785388127824,0,-0.0079908675799086892,0.095890410958904049,False,False,False,False,False,0,2022,2024,MDB_CHANGE_RADAR_RULESET_1.0
35157,0.057077625570776336,0.24086757990867574,-0.18378995433789941,0.14155251141552516,-0.027397260273972601,0.34474885844748859,-0.0079908675799086892,0.38584474885844744,False,False,False,False,False,0,2022,2024,MDB_CHANGE_RADAR_RULESET_1.0
35161,-0.0045662100456620447,-0.025875190258751957,0.021308980213089912,-0.059360730593607247,0.050228310502283102,-0.006849315068493067,-0.013698630136986356,-0.057077625570776336,False,False,False,False,False,0,2022,2024,MDB_CHANGE_RADAR_RULESET_1.0
35162,0.061643835616438436,-0.015601217656012134,0.07724505327245057,0.13470319634703198,-0.011415525114155251,-0.054794520547945202,-0.0079908675799086892,0.015981735159817378,False,False,False,False,False,0,2022,2024,MDB_CHANGE_RADAR_RULESET_1.0
35163,0.031963470319634757,0.024353120243531201,0.0076103500761035558,0.15525114155251141,-0.091324200913242004,-0.041095890410958902,-0.011415525114155223,0.12557077625570778,False,False,False,False,False,0,2022,2024,MDB_CHANGE_RADAR_RULESET_1.0
35171,0.019406392694063912,-0.011035007610350089,0.030441400304414001,0.066210045662100453,-0.027397260273972601,-0.022831050228310501,-0.0079908675799086892,-0.0022831050228310223,False,False,False,False,False,0,2022,2024,MDB_CHANGE_RADAR_RULESET_1.0
35172,-0.079908675799086726,-0.047564687975646891,-0.032343987823439835,0.020547945205479451,-0.18036529680365293,-0.05707762557077628,-0.0079908675799086892,-0.077625570776255648,False,False,False,False,False,0,2022,2024,MDB_CHANGE_RADAR_RULESET_1.0
35173,0.055936073059360658,-0.011796042617960523,0.067732115677321181,0.054794520547945202,0.057077625570776225,0.015981735159817323,-0.0079908675799086892,-0.04337899543378998,False,False,False,False,False,0,2022,2024,MDB_CHANGE_RADAR_RULESET_1.0
35174,0.010273972602739712,0.0091324200913242559,0.0011415525114154557,0.031963470319634701,-0.011415525114155223,-0.041095890410958902,-0.0091324200913242004,0.077625570776255759,False,False,False,False,False,0,2022,2024,MDB_CHANGE_RADAR_RULESET_1.0
41001,-0.033105022831050213,-0.068873668188736692,0.035768645357686479,-0.07990867579908667,0.013698630136986245,-0.073059360730593603,-0.0079908675799086892,-0.12557077625570778,False,False,False,False,False,0,2022,2024,MDB_CHANGE_RADAR_RULESET_1.0
41002,0.019406392694063967,-0.0076103500761034448,0.027016742770167412,0.038812785388127879,0,0.0068493150684931503,-0.013698630136986245,-0.015981735159817323,False,False,False,False,False,0,2022,2024,MDB_CHANGE_RADAR_RULESET_1.0
41003,0.13698630136986301,-0.020167427701674318,0.15715372907153732,0.23744292237442927,0.036529680365296802,-0.061643835616438353,-0.0079908675799086892,0.0091324200913242004,False,False,False,True,False,1,2022,2024,MDB_CHANGE_RADAR_RULESET_1.0
41004,0.17237442922374424,0.080669710806697104,0.091704718417047137,0.077625570776255648,0.26712328767123289,0.21917808219178081,-0.0045662100456621557,0.027397260273972601,True,False,False,True,False,2,2022,2024,MDB_CHANGE_RADAR_RULESET_1.0
41005,0.0045662100456621557,-0.012937595129375978,0.017503805175038134,-0.018264840182648401,0.027397260273972601,0.015981735159817267,-0.013698630136986245,-0.041095890410958902,False,False,False,False,False,0,2022,2024,MDB_CHANGE_RADAR_RULESET_1.0
41006,-0.0022831050228311334,-0.056697108066971091,0.054414003044140014,0.068493150684931448,-0.073059360730593603,-0.031963470319634701,-0.0079908675799086892,-0.13013698630136988,False,False,False,False,False,0,2022,2024,MDB_CHANGE_RADAR_RULESET_1.0
41007,0.030821917808219079,-0.035768645357686424,0.066590563165905503,0.050228310502283047,0.011415525114155278,0.036529680365296802,-0.0091324200913242004,-0.13470319634703198,False,False,False,False,False,0,2022,2024,MDB_CHANGE_RADAR_RULESET_1.0
41008,0.0057077625570776114,0.0087519025875190115,-0.0030441400304414001,-0.031963470319634757,0.043378995433789924,0.015981735159817378,-0.0079908675799086892,0.018264840182648401,False,False,False,False,False,0,2022,2024,MDB_CHANGE_RADAR_RULESET_1.0
41009,0.10159817351598177,-0.052130898021308936,0.15372907153729071,0.020547945205479423,0.18264840182648401,-0.066210045662100481,-0.0079908675799086892,-0.082191780821917804,False,False,False,False,False,0,2022,2024,MDB_CHANGE_RADAR_RULESET_1.0
41010,-0.11073059360730586,-0.017884322678843212,-0.092846270928462649,-0.17351598173515981,-0.047945205479452024,-0.027397260273972601,-0.0079908675799086892,-0.018264840182648401,False,False,False,False,False,0,2022,2024,MDB_CHANGE_RADAR_RULESET_1.0
41011,0.047945205479452135,0.060502283105022814,-0.012557077625570678,0.13470319634703204,-0.038812785388127824,0.14155251141552511,-0.0079908675799086892,0.047945205479452024,False,False,False,False,False,0,2022,2024,MDB_CHANGE_RADAR_RULESET_1.0
41012,0.03082191780821919,-0.0072298325722983114,0.038051750380517502,0.066210045662100425,-0.0045662100456621557,-0.0045662100456621002,-0.0079908675799086892,-0.0091324200913242004,False,False,False,False,False,0,2022,2024,MDB_CHANGE_RADAR_RULESET_1.0
41013,0.1678082191780822,-0.070395738203957336,0.23820395738203953,0.37442922374429222,-0.038812785388127824,-0.038812785388127852,-0.0079908675799086892,-0.16438356164383561,True,False,True,True,False,3,2022,2024,MDB_CHANGE_RADAR_RULESET_1.0
41014,0.034246575342465779,-0.024733637747336334,0.058980213089802169,0.084474885844748826,-0.015981735159817378,-0.052511415525114152,-0.0079908675799086892,-0.013698630136986301,False,False,False,False,False,0,2022,2024,MDB_CHANGE_RADAR_RULESET_1.0
41015,-0.035388127853881235,-0.18264840182648401,0.14726027397260277,0.0091324200913242004,-0.07990867579908667,0,-0.22146118721461183,-0.32648401826484019,False,True,False,False,True,2,2022,2024,MDB_CHANGE_RADAR_RULESET_1.0
41016,0.011415525114155223,-0.0041856925418569668,0.01560121765601219,0.020547945205479423,0.0022831050228310223,0.011415525114155223,-0.0079908675799086892,-0.015981735159817378,False,False,False,False,False,0,2022,2024,MDB_CHANGE_RADAR_RULESET_1.0
41017,0.0045662100456620447,0.020928462709284668,-0.016362252663622623,0.0068493150684931225,0.0022831050228310223,0,-0.0079908675799086892,0.070776255707762581,False,False,False,False,False,0,2022,2024,MDB_CHANGE_RADAR_RULESET_1.0
41018,-0.017123287671232834,-0.077625570776255759,0.060502283105022925,-0.10730593607305938,0.073059360730593603,-0.057077625570776225,-0.0045662100456621557,-0.17123287671232879,False,False,False,False,False,0,2022,2024,MDB_CHANGE_RADAR_RULESET_1.0
41019,0.045662100456620891,-0.011796042617960412,0.057458143074581303,0.11643835616438358,-0.025114155251141579,-0.029680365296803651,-0.0079908675799086892,0.0022831050228310501,False,False,False,False,False,0,2022,2024,MDB_CHANGE_RADAR_RULESET_1.0
41020,-0.063926940639269514,0.027016742770167412,-0.090943683409436926,-0.16210045662100458,0.034246575342465668,0.013698630136986356,-0.0079908675799086892,0.075342465753424681,False,False,False,False,False,0,2022,2024,MDB_CHANGE_RADAR_RULESET_1.0
41021,0.077625570776255759,-0.078767123287671242,0.15639269406392697,0.18721461187214611,-0.031963470319634646,-0.050228310502283102,-0.0079908675799086892,-0.17808219178082191,False,False,False,False,False,0,2022,2024,MDB_CHANGE_RADAR_RULESET_1.0
41022,-0.13812785388127857,0.06506849315068497,-0.2031963470319636,-0.26255707762557079,-0.013698630136986245,0.13926940639269403,-0.0079908675799086892,0.063926940639269403,False,False,False,False,False,0,2022,2024,MDB_CHANGE_RADAR_RULESET_1.0
42001,0.026255707762557035,-0.059741248097412436,0.085996955859969526,0.0022831050228310223,0.050228310502283047,-0.066210045662100425,-0.0079908675799086892,-0.1050228310502283,False,False,False,False,False,0,2022,2024,MDB_CHANGE_RADAR_RULESET_1.0
42002,0.06506849315068497,-0.042998477929984791,0.10806697108066976,-0.011415525114155223,0.14155251141552511,-0.091324200913242004,-0.0079908675799086892,-0.029680365296803624,False,False,False,False,False,0,2022,2024,MDB_CHANGE_RADAR_RULESET_1.0
42003,0.062785388127853947,-0.051369863013698613,0.11415525114155256,0.075342465753424737,0.050228310502283158,-0.082191780821917804,-0.0079908675799086892,-0.063926940639269403,False,False,False,False,False,0,2022,2024,MDB_CHANGE_RADAR_RULESET_1.0
42004,0.068493150684931448,0.040334855403348635,0.028158295281582812,0.1004566210045662,0.036529680365296802,0.18949771689497719,-0.0091324200913242004,-0.059360730593607303,False,False,False,False,False,0,2022,2024,MDB_CHANGE_RADAR_RULESET_1.0
42005,-0.0068493150684931225,-0.049086757990867591,0.042237442922374469,0,-0.013698630136986301,-0.068493150684931503,-0.0079908675799086892,-0.070776255707762581,False,False,False,False,False,0,2022,2024,MDB_CHANGE_RADAR_RULESET_1.0
42006,0.071917808219178037,0.025114155251141523,0.046803652968036513,0.07077625570776247,0.073059360730593603,-0.011415525114155278,-0.013698630136986356,0.1004566210045662,False,False,False,False,False,0,2022,2024,MDB_CHANGE_RADAR_RULESET_1.0
42007,-0.031963470319634646,-0.01560121765601219,-0.016362252663622456,-0.059360730593607303,-0.0045662100456620447,-0.0022831050228310501,-0.0079908675799086892,-0.036529680365296802,False,False,False,False,False,0,2022,2024,MDB_CHANGE_RADAR_RULESET_1.0
42008,0.036529680365296802,-0.011796042617960412,0.048325722983257213,0.041095890410958957,0.031963470319634646,-0.050228310502283047,-0.0079908675799086892,0.022831050228310557,False,False,False,False,False,0,2022,2024,MDB_CHANGE_RADAR_RULESET_1.0
42009,0.047945205479452024,0.052130898021309047,-0.0041856925418570223,0.057077625570776225,0.038812785388127824,-0.06164383561643838,-0.0079908675799086892,0.22602739726027399,False,False,False,False,False,0,2022,2024,MDB_CHANGE_RADAR_RULESET_1.0
42010,-0.042237442922374413,-0.10502283105022836,0.062785388127853947,0.011415525114155334,-0.09589041095890416,-0.075342465753424681,-0.0091324200913242004,-0.23059360730593609,False,False,False,False,True,1,2022,2024,MDB_CHANGE_RADAR_RULESET_1.0
42011,-0.022831050228310557,-0.046803652968036541,0.023972602739726012,-0.098173515981735182,0.05251141552511418,0.018264840182648401,-0.0079908675799086892,-0.15068493150684931,False,False,False,False,False,0,2022,2024,MDB_CHANGE_RADAR_RULESET_1.0
42012,-0.079908675799086781,-0.058599695585996869,-0.021308980213089912,-0.089041095890410982,-0.070776255707762581,-0.073059360730593603,-0.006849315068493067,-0.095890410958904104,False,False,False,False,False,0,2022,2024,MDB_CHANGE_RADAR_RULESET_1.0
42013,0.12214611872146108,0.18683409436834092,-0.064687975646879836,0.0045662100456620447,0.23972602739726023,-0.050228310502283102,0.51255707762557079,0.098173515981735071,False,False,False,True,False,1,2022,2024,MDB_CHANGE_RADAR_RULESET_1.0
42014,0.026255707762557146,0.10426179604261798,-0.078006088280060837,0.031963470319634757,0.020547945205479534,-0.015981735159817351,-0.018264840182648401,0.34703196347031967,False,False,False,False,False,0,2022,2024,MDB_CHANGE_RADAR_RULESET_1.0
42015,-0.0079908675799087447,-0.007229832572298367,-0.00076103500761037779,-0.12557077625570778,0.1095890410958904,-0.022831050228310557,-0.0079908675799086892,0.0091324200913242004,False,False,False,False,False,0,2022,2024,MDB_CHANGE_RADAR_RULESET_1.0
42016,0.019406392694063967,-0.015220700152207001,0.034627092846270968,0.0045662100456620447,0.034246575342465668,0.045662100456621002,-0.0091324200913242004,-0.082191780821917804,False,False,False,False,False,0,2022,2024,MDB_CHANGE_RADAR_RULESET_1.0
42017,0.039954337899543391,-0.028538812785388057,0.068493150684931448,-0.10273972602739723,0.18264840182648406,0,-0.0079908675799086892,-0.077625570776255703,False,False,False,False,False,0,2022,2024,MDB_CHANGE_RADAR_RULESET_1.0
43001,0.047945205479452024,0.0060882800608826892,0.041856925418569335,-0.020547945205479534,0.11643835616438358,0.022831050228310446,-0.0045662100456621557,0,False,False,False,False,False,0,2022,2024,MDB_CHANGE_RADAR_RULESET_1.0
43002,0.14497716894977164,0.031202435312024379,0.11377473363774726,0.21917808219178081,0.070776255707762581,-0.029680365296803624,0,0.12328767123287676,False,False,False,True,False,1,2022,2024,MDB_CHANGE_RADAR_RULESET_1.0
43003,0.014840182648401923,-0.025114155251141579,0.039954337899543502,-0.0045662100456620447,0.034246575342465779,-0.0045662100456620447,-0.0068493150684931781,-0.063926940639269403,False,False,False,False,False,0,2022,2024,MDB_CHANGE_RADAR_RULESET_1.0
43004,-0.034246575342465668,-0.073059360730593603,0.038812785388127935,-0.073059360730593603,0.0045662100456621557,0.11415525114155256,-0.11643835616438358,-0.21689497716894968,False,False,False,False,True,1,2022,2024,MDB_CHANGE_RADAR_RULESET_1.0
43005,-0.046803652968036569,0.069254185692541825,-0.11605783866057839,-0.10273972602739723,0.0091324200913242004,0.24429223744292244,-0.015981735159817378,-0.020547945205479423,False,False,False,False,False,0,2022,2024,MDB_CHANGE_RADAR_RULESET_1.0
43006,0.03424657534246589,0.039573820395738091,-0.0053272450532722004,0.054794520547945202,0.013698630136986356,0.011415525114155334,-0.0022831050228310223,0.1095890410958904,False,False,False,False,False,0,2022,2024,MDB_CHANGE_RADAR_RULESET_1.0
43007,0.0057077625570776114,-0.057838660578386714,0.063546423135464325,0.0091324200913242004,0.0022831050228310223,-0.061643835616438325,-0.036529680365296802,-0.075342465753424626,False,False,False,False,False,0,2022,2024,MDB_CHANGE_RADAR_RULESET_1.0
43008,-0.0045662100456620447,-0.05555555555555558,0.050989345509893536,0.0022831050228311334,-0.011415525114155223,-0.0068493150684931781,-0.013698630136986356,-0.14611872146118721,False,False,False,False,False,0,2022,2024,MDB_CHANGE_RADAR_RULESET_1.0
43009,0.054794520547945202,0.0068493150684932891,0.047945205479451913,0.031963470319634646,0.077625570776255648,0.0068493150684931781,-0.011415525114155223,0.025114155251141579,False,False,False,False,False,0,2022,2024,MDB_CHANGE_RADAR_RULESET_1.0
43010,0.026255707762557035,0.0045662100456620447,0.02168949771689499,0.077625570776255703,-0.025114155251141579,-0.0068493150684931781,0.020547945205479423,0,False,False,False,False,False,0,2022,2024,MDB_CHANGE_RADAR_RULESET_1.0
43011,-0.028538812785388057,-0.010654490106544845,-0.017884322678843212,-0.0091324200913242004,-0.047945205479452024,-0.031963470319634646,-0.0045662100456620447,0.0045662100456620447,False,False,False,False,False,0,2022,2024,MDB_CHANGE_RADAR_RULESET_1.0
43012,0.063926940639269514,-0.013698630136986245,0.077625570776255759,0.045662100456621002,0.082191780821917804,-0.029680365296803735,-0.0091324200913242004,-0.0022831050228311334,False,False,False,False,False,0,2022,2024,MDB_CHANGE_RADAR_RULESET_1.0
43013,0.0022831050228310223,-0.015981735159817378,0.018264840182648401,0.027397260273972601,-0.022831050228310446,-0.06164383561643838,0,0.013698630136986356,False,False,False,False,False,0,2022,2024,MDB_CHANGE_RADAR_RULESET_1.0
43014,0.015981735159817267,0.076103500761035003,-0.060121765601217736,-0.061643835616438269,0.093607305936073026,0.061643835616438269,0.14155251141552505,0.025114155251141551,False,False,False,False,False,0,2022,2024,MDB_CHANGE_RADAR_RULESET_1.0
43015,0.0091324200913242004,-0.035007610350076157,0.044140030441400357,0.0045662100456621557,0.013698630136986245,-0.059360730593607303,-0.0068493150684931781,-0.038812785388127824,False,False,False,False,False,0,2022,2024,MDB_CHANGE_RADAR_RULESET_1.0
43016,0.021689497716894879,0.12480974124809735,-0.10312024353120247,0.011415525114155223,0.031963470319634757,0.29908675799086759,0.0091324200913242004,0.066210045662100425,False,False,False,False,False,0,2022,2024,MDB_CHANGE_RADAR_RULESET_1.0
43017,-0.0045662100456620447,-0.017503805175038134,0.012937595129376089,-0.029680365296803624,0.020547945205479534,-0.068493150684931503,-0.013698630136986356,0.029680365296803624,False,False,False,False,False,0,2022,2024,MDB_CHANGE_RADAR_RULESET_1.0
43018,0.068493150684931448,0.015220700152206945,0.053272450532724558,0.020547945205479423,0.11643835616438358,-0.054794520547945202,-0.0091324200913242004,0.1095890410958904,False,False,False,False,False,0,2022,2024,MDB_CHANGE_RADAR_RULESET_1.0
43019,0.010273972602739656,-0.079908675799086726,0.090182648401826437,-0.0022831050228310223,0.022831050228310446,-0.0068493150684931503,-0.006849315068493067,-0.22602739726027396,False,False,False,False,True,1,2022,2024,MDB_CHANGE_RADAR_RULESET_1.0
43020,0.012557077625570789,0.10502283105022825,-0.09246575342465746,0.018264840182648401,0.006849315068493067,-0.027397260273972601,0.045662100456621002,0.29680365296803646,False,False,False,False,False,0,2022,2024,MDB_CHANGE_RADAR_RULESET_1.0
43021,-0.012557077625570678,-0.063926940639269514,0.051369863013698835,-0.036529680365296802,0.011415525114155334,-0.05251141552511418,-0.0091324200913242004,-0.13013698630136983,False,False,False,False,False,0,2022,2024,MDB_CHANGE_RADAR_RULESET_1.0
43022,0.15981735159817356,-0.12480974124809741,0.28462709284627097,0.31506849315068497,0.0045662100456621557,-0.073059360730593603,-0.011415525114155223,-0.28995433789954345,True,False,True,True,True,4,2022,2024,MDB_CHANGE_RADAR_RULESET_1.0
43023,-0.015981735159817378,-0.031202435312024379,0.015220700152207001,-0.034246575342465779,0.0022831050228311334,-0.054794520547945202,-0.020547945205479423,-0.018264840182648401,False,False,False,False,False,0,2022,2024,MDB_CHANGE_RADAR_RULESET_1.0
43024,-0.055936073059360769,-0.059360730593607358,0.003424657534246589,-0.18721461187214605,0.075342465753424626,-0.066210045662100481,-0.0091324200913242004,-0.10273972602739728,False,False,False,False,False,0,2022,2024,MDB_CHANGE_RADAR_RULESET_1.0
43025,-0.03082191780821919,0.026636225266362223,-0.057458143074581414,-0.047945205479452135,-0.013698630136986245,-0.073059360730593603,0.13698630136986301,0.015981735159817267,False,False,False,False,False,0,2022,2024,MDB_CHANGE_RADAR_RULESET_1.0
43026,-0.025114155251141579,0.052511415525114069,-0.077625570776255648,-0.0068493150684931781,-0.043378995433789869,0.093607305936073026,-0.0068493150684931781,0.070776255707762581,False,False,False,False,False,0,2022,2024,MDB_CHANGE_RADAR_RULESET_1.0
43027,0.0068493150684931781,-0.15220700152207012,0.1590563165905633,0.0022831050228311334,0.011415525114155223,-0.052511415525114069,-0.0045662100456620447,-0.3995433789954338,False,True,False,False,True,2,2022,2024,MDB_CHANGE_RADAR_RULESET_1.0
43028,-0.019406392694063967,-0.083713850837138448,0.064307458143074481,-0.0091324200913242004,-0.029680365296803624,-0.031963470319634646,-0.0068493150684931781,-0.21232876712328763,False,False,False,False,True,1,2022,2024,MDB_CHANGE_RADAR_RULESET_1.0
43029,0.003424657534246478,0.025875190258751735,-0.022450532724505257,-0.015981735159817378,0.022831050228310446,0.079908675799086837,0.027397260273972601,-0.029680365296803624,False,False,False,False,False,0,2022,2024,MDB_CHANGE_RADAR_RULESET_1.0
43030,-0.0091324200913242004,0.073820395738203981,-0.082952815829528181,-0.013698630136986356,-0.0045662100456621557,0.24429223744292239,-0.0091324200913242004,-0.013698630136986245,False,False,False,False,False,0,2022,2024,MDB_CHANGE_RADAR_RULESET_1.0
50009,0.17808219178082196,-0.11986301369863023,0.29794520547945219,0.21461187214611877,0.14155251141552511,-0.057077625570776225,-0.0079908675799086892,-0.29452054794520549,True,False,True,True,True,4,2022,2024,MDB_CHANGE_RADAR_RULESET_1.0
50010,0.031963470319634646,-0.033105022831050268,0.065068493150684914,0.24200913242009131,-0.17808219178082191,-0.050228310502283158,-0.0079908675799086892,-0.041095890410958902,False,False,False,True,False,1,2022,2024,MDB_CHANGE_RADAR_RULESET_1.0
50011,0.052511415525114291,0.025494672754946712,0.027016742770167579,0.068493150684931559,0.036529680365296802,0.011415525114155251,-0.0079908675799086892,0.073059360730593603,False,False,False,False,False,0,2022,2024,MDB_CHANGE_RADAR_RULESET_1.0
50012,-0.0079908675799086337,0.041856925418569224,-0.049847792998477858,-0.027397260273972601,0.011415525114155251,0.1050228310502283,-0.015981735159817378,0.036529680365296802,False,False,False,False,False,0,2022,2024,MDB_CHANGE_RADAR_RULESET_1.0
50013,0.04337899543378998,-0.057458143074581469,0.10083713850837145,0.14155251141552516,-0.054794520547945202,-0.093607305936073082,-0.0079908675799086892,-0.070776255707762581,False,False,False,False,False,0,2022,2024,MDB_CHANGE_RADAR_RULESET_1.0
50014,-0.0045662100456621557,0.072298325722983225,-0.076864535768645381,-0.14155251141552516,0.13242009132420085,-0.063926940639269403,-0.011415525114155223,0.29223744292237441,False,False,False,False,False,0,2022,2024,MDB_CHANGE_RADAR_RULESET_1.0
50015,0.14497716894977164,-0.14041095890410954,0.28538812785388123,0.17351598173515981,0.11643835616438347,-0.036529680365296802,-0.0079908675799086892,-0.37671232876712329,False,False,True,False,True,2,2022,2024,MDB_CHANGE_RADAR_RULESET_1.0
50016,-0.097031963470319615,-0.02549467275494674,-0.071537290715372848,-0.22374429223744285,0.029680365296803624,-0.013698630136986301,-0.0079908675799086892,-0.054794520547945202,False,False,False,False,False,0,2022,2024,MDB_CHANGE_RADAR_RULESET_1.0
50017,0.028538812785388168,0.02321156773211569,0.005327245053272478,0.045662100456621002,0.011415525114155251,0.068493150684931503,-0.0079908675799086892,0.0091324200913242004,False,False,False,False,False,0,2022,2024,MDB_CHANGE_RADAR_RULESET_1.0
51001,-0.084474885844748826,-0.0087519025875190115,-0.075722983257229814,-0.0091324200913242004,-0.15981735159817345,-0.013698630136986301,-0.0079908675799086892,-0.0045662100456621002,False,False,False,False,False,0,2022,2024,MDB_CHANGE_RADAR_RULESET_1.0
51002,-0.057077625570776225,0.01407914764079149,-0.071156773211567714,-0.020547945205479479,-0.093607305936073026,-0.013698630136986301,-0.0079908675799086892,0.063926940639269458,False,False,False,False,False,0,2022,2024,MDB_CHANGE_RADAR_RULESET_1.0
51003,0.31392694063926935,-0.034627092846270913,0.34855403348554026,0.56849315068493145,0.059360730593607303,-0.093607305936073137,-0.0079908675799086892,-0.0022831050228310501,True,False,True,True,False,3,2022,2024,MDB_CHANGE_RADAR_RULESET_1.0
51004,-0.04337899543378998,0.20814307458143075,-0.25152207001522076,-0.091324200913242004,0.0045662100456621002,0.42465753424657537,-0.0079908675799086892,0.20776255707762556,False,False,False,False,False,0,2022,2024,MDB_CHANGE_RADAR_RULESET_1.0
51005,-0.031963470319634701,-0.01560121765601219,-0.016362252663622512,0.020547945205479479,-0.084474885844748854,-0.06164383561643838,-0.0079908675799086892,0.022831050228310501,False,False,False,False,False,0,2022,2024,MDB_CHANGE_RADAR_RULESET_1.0
51006,-0.14041095890410954,-0.039954337899543335,-0.1004566210045662,-0.27168949771689488,-0.0091324200913242004,-0.10502283105022825,-0.0079908675799086892,-0.0068493150684931503,False,False,False,False,False,0,2022,2024,MDB_CHANGE_RADAR_RULESET_1.0
51007,-0.089041095890410926,0.16628614916286152,-0.25532724505327242,-0.1050228310502283,-0.073059360730593603,0.40410958904109595,-0.0079908675799086892,0.10273972602739725,False,False,False,False,False,0,2022,2024,MDB_CHANGE_RADAR_RULESET_1.0
51008,0.095890410958904104,0.024733637747336362,0.071156773211567742,0.17351598173515981,0.018264840182648401,-0.0022831050228310501,-0.0079908675799086892,0.084474885844748854,False,False,False,False,False,0,2022,2024,MDB_CHANGE_RADAR_RULESET_1.0
51009,0.2591324200913242,-0.015220700152207001,0.27435312024353115,0.62785388127853881,-0.1095890410958904,-0.038812785388127824,-0.0079908675799086892,0.0011415525114155251,True,False,True,True,False,3,2022,2024,MDB_CHANGE_RADAR_RULESET_1.0
51010,0.090182648401826465,0.0064687975646879892,0.083713850837138476,0.19406392694063926,-0.013698630136986301,-0.043378995433789924,-0.0079908675799086892,0.070776255707762581,False,False,False,False,False,0,2022,2024,MDB_CHANGE_RADAR_RULESET_1.0
51011,-0.053652968036529691,-0.020928462709284612,-0.032724505327245079,-0.0068493150684931781,-0.1004566210045662,-0.073059360730593603,-0.0079908675799086892,0.018264840182648401,False,False,False,False,False,0,2022,2024,MDB_CHANGE_RADAR_RULESET_1.0
51012,0.02168949771689499,0.00038051750380516114,0.021308980213089829,0.063926940639269403,-0.020547945205479451,-0.0068493150684931503,-0.0079908675799086892,0.015981735159817351,False,False,False,False,False,0,2022,2024,MDB_CHANGE_RADAR_RULESET_1.0
51013,0.071917808219178148,-0.025494672754946768,0.097412480974124915,0.15296803652968033,-0.0091324200913242004,-0.077625570776255703,-0.0079908675799086892,0.0091324200913242004,False,False,False,False,False,0,2022,2024,MDB_CHANGE_RADAR_RULESET_1.0
51014,-0.034246575342465724,0.03082191780821919,-0.065068493150684914,-0.10273972602739723,0.034246575342465752,0.052511415525114152,-0.0079908675799086892,0.047945205479452052,False,False,False,False,False,0,2022,2024,MDB_CHANGE_RADAR_RULESET_1.0
51015,0.028538812785388112,-0.012557077625570789,0.041095890410958902,0.15753424657534243,-0.1004566210045662,-0.068493150684931503,-0.0079908675799086892,0.038812785388127852,False,False,False,False,False,0,2022,2024,MDB_CHANGE_RADAR_RULESET_1.0
51016,-0.0022831050228309113,0.02625570776255709,-0.028538812785388001,-0.079908675799086781,0.075342465753424737,-0.070776255707762525,-0.0079908675799086892,0.15753424657534246,False,False,False,False,False,0,2022,2024,MDB_CHANGE_RADAR_RULESET_1.0
52001,-0.0057077625570776114,-0.022450532724505368,0.016742770167427756,0.079908675799086781,-0.091324200913242004,-0.022831050228310501,-0.0079908675799086892,-0.036529680365296802,False,False,False,False,False,0,2022,2024,MDB_CHANGE_RADAR_RULESET_1.0
52002,-0.003424657534246589,0.017503805175037912,-0.020928462709284501,0.025114155251141579,-0.031963470319634757,-0.073059360730593603,-0.018264840182648401,0.14383561643835618,False,False,False,False,False,0,2022,2024,MDB_CHANGE_RADAR_RULESET_1.0
52003,0.13127853881278539,0.0011415525114155112,0.13013698630136988,0.11415525114155245,0.14840182648401828,-0.082191780821917804,-0.0079908675799086892,0.093607305936073026,False,False,False,False,False,0,2022,2024,MDB_CHANGE_RADAR_RULESET_1.0
52004,-0.0045662100456621557,-0.025494672754946712,0.020928462709284557,0.050228310502283102,-0.059360730593607303,-0.0091324200913242004,-0.0079908675799086892,-0.059360730593607303,False,False,False,False,False,0,2022,2024,MDB_CHANGE_RADAR_RULESET_1.0
52005,-0.097031963470319615,0.03082191780821919,-0.12785388127853881,-0.17123287671232879,-0.022831050228310501,0.054794520547945202,-0.0079908675799086892,0.045662100456621002,False,False,False,False,False,0,2022,2024,MDB_CHANGE_RADAR_RULESET_1.0
52006,0.12442922374429222,-0.018264840182648401,0.14269406392694062,0.22374429223744291,0.025114155251141523,-0.047945205479452135,-0.0079908675799086892,0.0011415525114155251,False,False,False,True,False,1,2022,2024,MDB_CHANGE_RADAR_RULESET_1.0
52007,-0.12899543378995443,-0.014079147640791476,-0.11491628614916294,-0.41552511415525117,0.15753424657534243,0,-0.0079908675799086892,-0.034246575342465752,False,False,False,False,False,0,2022,2024,MDB_CHANGE_RADAR_RULESET_1.0
52008,0.05251141552511418,0.0060882800608828003,0.04642313546423138,0.17808219178082185,-0.073059360730593603,-0.059360730593607247,-0.0091324200913242004,0.086757990867579932,False,False,False,False,False,0,2022,2024,MDB_CHANGE_RADAR_RULESET_1.0
52009,-0.069634703196347014,0.019406392694063967,-0.089041095890410982,0,-0.13926940639269403,-0.0068493150684931503,-0.0079908675799086892,0.073059360730593659,False,False,False,False,False,0,2022,2024,MDB_CHANGE_RADAR_RULESET_1.0
52010,-0.27625570776255715,-0.080289193302891915,-0.19596651445966523,-0.34703196347031962,-0.20547945205479456,-0.066210045662100425,-0.0079908675799086892,-0.16666666666666669,False,False,False,False,False,0,2022,2024,MDB_CHANGE_RADAR_RULESET_1.0
52011,-0.044520547945205546,-0.040715372907153657,-0.0038051750380518889,-0.075342465753424681,-0.013698630136986356,-0.068493150684931531,-0.0079908675799086892,-0.045662100456621002,False,False,False,False,False,0,2022,2024,MDB_CHANGE_RADAR_RULESET_1.0
52012,-0.050228310502283047,0.011035007610350089,-0.061263318112633136,-0.038812785388127824,-0.06164383561643838,-0.050228310502283102,-0.0079908675799086892,0.091324200913242004,False,False,False,False,False,0,2022,2024,MDB_CHANGE_RADAR_RULESET_1.0
52013,-0.031963470319634757,0.10197869101978685,-0.13394216133942161,-0.075342465753424626,0.011415525114155223,0.0091324200913242004,-0.0091324200913242004,0.30593607305936071,False,False,False,False,False,0,2022,2024,MDB_CHANGE_RADAR_RULESET_1.0
52014,0.16210045662100458,0.1404109589041096,0.02168949771689499,0.15525114155251141,0.16894977168949776,-0.038812785388127824,-0.0079908675799086892,0.46803652968036535,True,False,False,False,False,1,2022,2024,MDB_CHANGE_RADAR_RULESET_1.0
52015,0.0079908675799086337,0.0045662100456621557,0.003424657534246478,-0.0045662100456620447,0.020547945205479423,-0.0022831050228310223,-0.013698630136986245,0.029680365296803624,False,False,False,False,False,0,2022,2024,MDB_CHANGE_RADAR_RULESET_1.0
52016,-0.098173515981735071,-0.0038051750380517779,-0.094368340943683293,-0.063926940639269403,-0.13242009132420085,-0.047945205479452052,-0.015981735159817378,0.05251141552511418,False,False,False,False,False,0,2022,2024,MDB_CHANGE_RADAR_RULESET_1.0
52017,-0.012557077625570789,-0.024733637747336501,0.012176560121765712,-0.045662100456621002,0.020547945205479423,-0.061643835616438325,-0.0079908675799086892,-0.0045662100456621557,False,False,False,False,False,0,2022,2024,MDB_CHANGE_RADAR_RULESET_1.0
52018,-0.17009132420091322,0.064307458143074647,-0.23439878234398787,-0.4269406392694064,0.086757990867579959,0.13926940639269408,-0.0079908675799086892,0.06164383561643838,False,False,False,False,False,0,2022,2024,MDB_CHANGE_RADAR_RULESET_1.0
53001,0.071917808219178037,-0.018264840182648456,0.090182648401826493,0.15296803652968033,-0.0091324200913242004,0.0022831050228310501,-0.011415525114155223,-0.045662100456621002,False,False,False,False,False,0,2022,2024,MDB_CHANGE_RADAR_RULESET_1.0
11001,0.1050228310502283,0.064687975646879725,0.04033485540334858,0.24200913242009137,-0.031963470319634701,0.18721461187214614,-0.0045662100456621002,0.011415525114155251,False,False,False,True,False,1,2023,2024,MDB_CHANGE_RADAR_RULESET_1.0
11002,-0.0068493150684931225,0.089802130898021304,-0.096651445966514427,-0.073059360730593603,0.059360730593607303,-0.022831050228310501,-0.0045662100456621002,0.29680365296803646,False,False,False,False,False,0,2023,2024,MDB_CHANGE_RADAR_RULESET_1.0
11003,0.031963470319634646,-0.022831050228310501,0.054794520547945147,0.034246575342465779,0.029680365296803624,-0.029680365296803624,-0.006849315068493067,-0.031963470319634701,False,False,False,False,False,0,2023,2024,MDB_CHANGE_RADAR_RULESET_1.0
11004,-0.029680365296803624,0.035007610350076102,-0.064687975646879725,-0.047945205479452024,-0.011415525114155334,0.043378995433789952,-0.0045662100456621002,0.066210045662100425,False,False,False,False,False,0,2023,2024,MDB_CHANGE_RADAR_RULESET_1.0
11005,0.033105022831050324,5.5511151231257827e-17,0.033105022831050213,-0.063926940639269403,0.13013698630136983,-0.011415525114155223,-0.0045662100456621002,0.015981735159817351,False,False,False,False,False,0,2023,2024,MDB_CHANGE_RADAR_RULESET_1.0
11006,-0.011415525114155223,0.041856925418569335,-0.053272450532724558,-0.029680365296803624,0.0068493150684931781,-0.036529680365296802,-0.0045662100456621557,0.16666666666666669,False,False,False,False,False,0,2023,2024,MDB_CHANGE_RADAR_RULESET_1.0
11007,0.27511415525114152,-0.0015220700152206862,0.27663622526636222,0.46347031963470314,0.086757990867579904,0,-0.0045662100456621002,0,True,False,True,True,False,3,2023,2024,MDB_CHANGE_RADAR_RULESET_1.0
12001,-0.11757990867579909,-0.065449010654490103,-0.052130898021308991,-0.24885844748858454,0.013698630136986301,-0.19178082191780821,-0.0045662100456621002,0,False,False,False,False,False,0,2023,2024,MDB_CHANGE_RADAR_RULESET_1.0
12002,0.10388127853881268,-0.04033485540334858,0.14421613394216126,0.16666666666666663,0.041095890410958846,-0.057077625570776253,-0.0091324200913242004,-0.054794520547945202,False,False,False,False,False,0,2023,2024,MDB_CHANGE_RADAR_RULESET_1.0
12003,0.03082191780821919,0.05479452054794523,-0.023972602739726068,0.073059360730593603,-0.011415525114155278,0.13470319634703198,-0.0045662100456621002,0.034246575342465752,False,False,False,False,False,0,2023,2024,MDB_CHANGE_RADAR_RULESET_1.0
13001,-0.029680365296803679,-0.012937595129375951,-0.016742770167427729,-0.04566210045662103,-0.013698630136986301,0.0045662100456621002,-0.0045662100456621002,-0.038812785388127852,False,False,False,False,False,0,2023,2024,MDB_CHANGE_RADAR_RULESET_1.0
13002,-0.028538812785388126,-0.0091324200913242282,-0.019406392694063898,-0.043378995433789952,-0.013698630136986301,-0.015981735159817351,-0.0045662100456621002,-0.0068493150684931503,False,False,False,False,False,0,2023,2024,MDB_CHANGE_RADAR_RULESET_1.0
13003,0.043378995433789952,-0.005327245053272367,0.048706240487062291,0.075342465753424653,0.011415525114155251,-0.022831050228310446,-0.0045662100456621002,0.011415525114155251,False,False,False,False,False,0,2023,2024,MDB_CHANGE_RADAR_RULESET_1.0
13004,0.015981735159817351,0.016742770167427687,-0.00076103500761033616,0.018264840182648401,0.013698630136986301,0.0045662100456621002,-0.0045662100456621002,0.050228310502283102,False,False,False,False,False,0,2023,2024,MDB_CHANGE_RADAR_RULESET_1.0
13005,0.18835616438356168,0.0068493150684931781,0.18150684931506852,0.28082191780821919,0.095890410958904132,-0.015981735159817351,-0.0045662100456621002,0.041095890410958902,True,False,False,True,False,2,2023,2024,MDB_CHANGE_RADAR_RULESET_1.0
13006,0.029680365296803651,-0.021308980213089801,0.050989345509893438,0.066210045662100453,-0.0068493150684931503,-0.031963470319634729,-0.0045662100456621002,-0.027397260273972601,False,False,False,False,False,0,2023,2024,MDB_CHANGE_RADAR_RULESET_1.0
13007,0.11757990867579909,-0.0091324200913242004,0.12671232876712327,0.23059360730593603,0.0045662100456621002,-0.015981735159817378,-0.0045662100456621002,-0.0068493150684931503,False,False,False,True,False,1,2023,2024,MDB_CHANGE_RADAR_RULESET_1.0
13008,-0.025114155251141579,-0.0015220700152207001,-0.023592085235920865,-0.04337899543378998,-0.0068493150684931503,0,-0.0045662100456621002,0,False,False,False,False,False,0,2023,2024,MDB_CHANGE_RADAR_RULESET_1.0
13009,0.0022831050228310223,-0.0015220700152207139,0.0038051750380517224,0.0045662100456620447,0,0.0022831050228310501,-0.0045662100456621002,-0.0022831050228310501,False,False,False,False,False,0,2023,2024,MDB_CHANGE_RADAR_RULESET_1.0
14001,-0.065068493150684914,-0.029680365296803513,-0.035388127853881401,-0.086757990867579848,-0.043378995433789952,-0.036529680365296802,-0.011415525114155334,-0.041095890410958846,False,False,False,False,False,0,2023,2024,MDB_CHANGE_RADAR_RULESET_1.0
14002,0.055936073059360727,-0.081430745814307481,0.13736681887366822,0.10730593607305935,0.0045662100456621002,-0.038812785388127935,-0.0045662100456621002,-0.20091324200913241,False,False,False,False,True,1,2023,2024,MDB_CHANGE_RADAR_RULESET_1.0
15001,-0.014840182648401812,0.0030441400304414001,-0.017884322678843212,-0.09589041095890416,0.066210045662100425,-0.020547945205479534,-0.0045662100456621002,0.034246575342465752,False,False,False,False,False,0,2023,2024,MDB_CHANGE_RADAR_RULESET_1.0
15002,-0.012557077625570789,-0.0076103500761035003,-0.0049467275494672891,-0.029680365296803679,0.0045662100456621002,-0.0091324200913242004,-0.0045662100456621002,-0.0091324200913242004,False,False,False,False,False,0,2023,2024,MDB_CHANGE_RADAR_RULESET_1.0
15003,0.020547945205479479,0.0060882800608828003,0.014459665144596678,0.034246575342465779,0.0068493150684931781,0.011415525114155251,-0.006849315068493067,0.013698630136986301,False,False,False,False,False,0,2023,2024,MDB_CHANGE_RADAR_RULESET_1.0
15004,0.02625570776255709,-0.0091324200913241449,0.035388127853881235,0.05022831050228313,0.0022831050228310501,-0.020547945205479423,-0.0045662100456621002,-0.0022831050228310501,False,False,False,False,False,0,2023,2024,MDB_CHANGE_RADAR_RULESET_1.0
15006,0.0022831050228310779,-0.0068493150684931781,0.0091324200913242559,0.011415525114155251,-0.006849315068493067,0.0022831050228310501,-0.0045662100456621002,-0.018264840182648401,False,False,False,False,False,0,2023,2024,MDB_CHANGE_RADAR_RULESET_1.0
15007,0.021689497716894976,-0.0098934550989345227,0.031582952815829513,0.025114155251141551,0.018264840182648401,-0.034246575342465779,-0.0045662100456621002,0.0091324200913242004,False,False,False,False,False,0,2023,2024,MDB_CHANGE_RADAR_RULESET_1.0
15008,0.003424657534246589,-0.0068493150684931781,0.010273972602739767,0.015981735159817351,-0.0091324200913242004,0.0045662100456621002,-0.0045662100456621002,-0.020547945205479451,False,False,False,False,False,0,2023,2024,MDB_CHANGE_RADAR_RULESET_1.0
15009,0.010273972602739712,0.0098934550989345782,0.00038051750380513338,0.029680365296803651,-0.0091324200913242004,0.047945205479452135,-0.0045662100456620447,-0.013698630136986301,False,False,False,False,False,0,2023,2024,MDB_CHANGE_RADAR_RULESET_1.0
15010,0.099315068493150638,-0.010654490106544873,0.10996955859969551,0.18493150684931503,0.013698630136986301,-0.022831050228310501,-0.0045662100456621002,-0.0045662100456621002,False,False,False,False,False,0,2023,2024,MDB_CHANGE_RADAR_RULESET_1.0
15011,0.0034246575342465752,-0.013698630136986328,0.017123287671232904,0,0.0068493150684931503,-0.025114155251141579,-0.0045662100456621002,-0.011415525114155251,False,False,False,False,False,0,2023,2024,MDB_CHANGE_RADAR_RULESET_1.0
15012,0.021689497716894962,-0.030441400304414001,0.052130898021308963,0.063926940639269403,-0.020547945205479451,-0.029680365296803624,-0.0045662100456621002,-0.057077625570776253,False,False,False,False,False,0,2023,2024,MDB_CHANGE_RADAR_RULESET_1.0
15013,0.0034246575342465752,-0.015220700152207001,0.018645357686453576,0.011415525114155251,-0.0045662100456621002,-0.041095890410958902,-0.0045662100456621002,0,False,False,False,False,False,0,2023,2024,MDB_CHANGE_RADAR_RULESET_1.0
15014,-0.023972602739726026,-0.014459665144596623,-0.0095129375951294032,-0.068493150684931503,0.020547945205479451,-0.029680365296803679,-0.0045662100456621002,-0.0091324200913242004,False,False,False,False,False,0,2023,2024,MDB_CHANGE_RADAR_RULESET_1.0
16001,-0.0068493150684931781,0.0022831050228310223,-0.0091324200913242004,-0.0068493150684931781,-0.0068493150684931503,-0.0022831050228310501,-0.0045662100456621002,0.013698630136986301,False,False,False,False,False,0,2023,2024,MDB_CHANGE_RADAR_RULESET_1.0
16002,0.063926940639269347,-0.0083713850837138781,0.072298325722983253,0.12328767123287665,0.0045662100456621002,-0.020547945205479423,-0.0045662100456621002,0,False,False,False,False,False,0,2023,2024,MDB_CHANGE_RADAR_RULESET_1.0
16003,-0.066210045662100425,0.0106544901065449,-0.076864535768645326,-0.11872146118721461,-0.013698630136986301,-0.018264840182648401,-0.0045662100456621002,0.054794520547945202,False,False,False,False,False,0,2023,2024,MDB_CHANGE_RADAR_RULESET_1.0
17001,-0.046803652968036569,0.022831050228310668,-0.069634703196347236,-0.098173515981735182,0.0045662100456621002,-0.015981735159817351,-0.0022831050228310223,0.086757990867579959,False,False,False,False,False,0,2023,2024,MDB_CHANGE_RADAR_RULESET_1.0
17002,-0.012557077625570762,0.044140030441400302,-0.056697108066971091,-0.061643835616438353,0.036529680365296802,-0.015981735159817378,-0.0045662100456621002,0.15296803652968038,False,False,False,False,False,0,2023,2024,MDB_CHANGE_RADAR_RULESET_1.0
17003,0.015981735159817378,-0.038051750380517502,0.05403348554033488,0.13698630136986301,-0.1050228310502283,-0.018264840182648401,-0.0045662100456621002,-0.091324200913242004,False,False,False,False,False,0,2023,2024,MDB_CHANGE_RADAR_RULESET_1.0
17004,-0.0045662100456620447,0.052511415525114125,-0.057077625570776169,-0.031963470319634646,0.022831050228310501,-0.031963470319634701,-0.0045662100456621002,0.19406392694063923,False,False,False,False,False,0,2023,2024,MDB_CHANGE_RADAR_RULESET_1.0
17005,0.042237442922374413,0.0060882800608828003,0.036149162861491613,0.0022831050228310223,0.082191780821917804,-0.022831050228310501,-0.0045662100456621002,0.045662100456621002,False,False,False,False,False,0,2023,2024,MDB_CHANGE_RADAR_RULESET_1.0
17006,0.047945205479452024,-0.026636225266362223,0.074581430745814248,0.089041095890410871,0.0068493150684931781,-0.011415525114155251,-0.0091324200913242004,-0.059360730593607247,False,False,False,False,False,0,2023,2024,MDB_CHANGE_RADAR_RULESET_1.0
17007,0.13127853881278534,-0.004566210045662128,0.13584474885844744,0.27168949771689488,-0.0091324200913242004,-0.0022831050228310501,-0.0045662100456621002,-0.0068493150684931503,False,False,False,True,False,1,2023,2024,MDB_CHANGE_RADAR_RULESET_1.0
17008,-0.034246575342465668,-0.028158295281582951,-0.0060882800608826892,0,-0.068493150684931503,-0.0045662100456621002,-0.0045662100456621002,-0.075342465753424653,False,False,False,False,False,0,2023,2024,MDB_CHANGE_RADAR_RULESET_1.0
21001,-0.022831050228310501,0.065449010654490103,-0.088280060882800604,-0.0022831050228310223,-0.043378995433789952,0.12100456621004568,-0.0045662100456621002,0.079908675799086754,False,False,False,False,False,0,2023,2024,MDB_CHANGE_RADAR_RULESET_1.0
21002,0.073059360730593603,-0.0083713850837138781,0.081430745814307481,0.15525114155251141,-0.0091324200913242004,-0.029680365296803679,-0.0045662100456621002,0.0091324200913242004,False,False,False,False,False,0,2023,2024,MDB_CHANGE_RADAR_RULESET_1.0
21003,-0.020547945205479479,-0.025875190258751873,0.0053272450532723947,-0.0045662100456621557,-0.036529680365296802,-0.018264840182648401,-0.0045662100456621002,-0.054794520547945202,False,False,False,False,False,0,2023,2024,MDB_CHANGE_RADAR_RULESET_1.0
21004,-0.010273972602739712,0.010654490106544956,-0.020928462709284668,0,-0.020547945205479451,-0.031963470319634701,-0.0045662100456621002,0.068493150684931503,False,False,False,False,False,0,2023,2024,MDB_CHANGE_RADAR_RULESET_1.0
21005,-0.019406392694063856,0.035768645357686479,-0.055175038051750336,0.0068493150684931781,-0.045662100456621002,0.15068493150684936,-0.0045662100456621002,-0.038812785388127852,False,False,False,False,False,0,2023,2024,MDB_CHANGE_RADAR_RULESET_1.0
21006,-0.01712328767123289,-0.0030441400304414001,-0.01407914764079149,-0.0068493150684931503,-0.027397260273972629,-0.0045662100456621002,-0.0045662100456621002,0,False,False,False,False,False,0,2023,2024,MDB_CHANGE_RADAR_RULESET_1.0
21007,0.0079908675799086892,0.023592085235920879,-0.01560121765601219,0.013698630136986301,0.0022831050228311334,0.16210045662100458,-0.0045662100456621002,-0.086757990867579904,False,False,False,False,False,0,2023,2024,MDB_CHANGE_RADAR_RULESET_1.0
21008,-0.03538812785388129,0.037290715372907179,-0.07267884322678847,-0.06164383561643838,-0.0091324200913242004,-0.015981735159817378,-0.0045662100456621002,0.13242009132420091,False,False,False,False,False,0,2023,2024,MDB_CHANGE_RADAR_RULESET_1.0
21009,-0.0034246575342465335,0.038812785388127796,-0.04223744292237433,0,-0.0068493150684931225,0.068493150684931503,-0.0045662100456621002,0.052511415525114152,False,False,False,False,False,0,2023,2024,MDB_CHANGE_RADAR_RULESET_1.0
21010,-0.086757990867579904,-0.013698630136986356,-0.073059360730593548,-0.1050228310502283,-0.068493150684931503,-0.1095890410958904,-0.0045662100456621002,0.073059360730593603,False,False,False,False,False,0,2023,2024,MDB_CHANGE_RADAR_RULESET_1.0
21011,-0.0045662100456621002,-0.047184170471841758,0.042617960426179657,0.0045662100456621002,-0.013698630136986301,-0.013698630136986356,-0.0045662100456621002,-0.12328767123287671,False,False,False,False,False,0,2023,2024,MDB_CHANGE_RADAR_RULESET_1.0
21012,0,0,0,0.052511415525114152,-0.052511415525114125,-0.013698630136986245,-0.0045662100456621002,0.018264840182648401,False,False,False,False,False,0,2023,2024,MDB_CHANGE_RADAR_RULESET_1.0
21013,0.019406392694063967,-0.011415525114155223,0.03082191780821919,-0.0045662100456621002,0.043378995433790035,-0.020547945205479479,-0.0045662100456621002,-0.0091324200913242004,False,False,False,False,False,0,2023,2024,MDB_CHANGE_RADAR_RULESET_1.0
21014,-0.046803652968036569,-0.025114155251141551,-0.021689497716895018,-0.11187214611872145,0.018264840182648401,0,-0.0045662100456621002,-0.070776255707762553,False,False,False,False,False,0,2023,2024,MDB_CHANGE_RADAR_RULESET_1.0
21015,0.044520547945205491,0.050228310502283102,-0.0057077625570776114,0.12100456621004568,-0.031963470319634701,0.075342465753424626,-0.0045662100456621002,0.079908675799086754,False,False,False,False,False,0,2023,2024,MDB_CHANGE_RADAR_RULESET_1.0
21016,0.0022831050228310223,0,0.0022831050228310223,0.0045662100456621002,0,-0.0022831050228310501,-0.0045662100456621002,0.0068493150684931781,False,False,False,False,False,0,2023,2024,MDB_CHANGE_RADAR_RULESET_1.0
21017,-0.10273972602739734,-0.035007610350076046,-0.067732115677321292,-0.022831050228310557,-0.18264840182648406,-0.031963470319634701,-0.0045662100456621002,-0.068493150684931503,False,False,False,False,False,0,2023,2024,MDB_CHANGE_RADAR_RULESET_1.0
21018,0,-0.018264840182648456,0.018264840182648456,-0.015981735159817351,0.015981735159817323,-0.013698630136986356,-0.0045662100456621002,-0.036529680365296802,False,False,False,False,False,0,2023,2024,MDB_CHANGE_RADAR_RULESET_1.0
21019,0.092465753424657571,0.065449010654490103,0.027016742770167468,0.11872146118721461,0.066210045662100481,0.093607305936073054,-0.0045662100456621002,0.10730593607305935,False,False,False,False,False,0,2023,2024,MDB_CHANGE_RADAR_RULESET_1.0
22001,-0.022831050228310557,-0.054033485540334936,0.031202435312024379,0.036529680365296802,-0.082191780821917831,-0.022831050228310557,-0.0045662100456621002,-0.13470319634703196,False,False,False,False,False,0,2023,2024,MDB_CHANGE_RADAR_RULESET_1.0
22002,0.038812785388127879,0.18873668188736692,-0.14992389649923904,0.06164383561643838,0.015981735159817351,-0.015981735159817378,0.56621004566210043,0.015981735159817351,False,False,False,False,False,0,2023,2024,MDB_CHANGE_RADAR_RULESET_1.0
22003,-0.1050228310502283,-0.039573820395738202,-0.065449010654490103,-0.14611872146118721,-0.063926940639269403,-0.029680365296803624,-0.0045662100456621002,-0.084474885844748854,False,False,False,False,False,0,2023,2024,MDB_CHANGE_RADAR_RULESET_1.0
22004,-0.042237442922374413,-0.012176560121765601,-0.030060882800608812,-0.034246575342465779,-0.050228310502283047,-0.020547945205479451,-0.0068493150684931781,-0.0091324200913242004,False,False,False,False,False,0,2023,2024,MDB_CHANGE_RADAR_RULESET_1.0
22005,-0.053652968036529747,0.016742770167427756,-0.070395738203957503,-0.093607305936073026,-0.013698630136986356,-0.027397260273972601,-0.0045662100456621002,0.082191780821917804,False,False,False,False,False,0,2023,2024,MDB_CHANGE_RADAR_RULESET_1.0
22006,-0.021689497716894934,-0.0079908675799086892,-0.013698630136986245,0.034246575342465779,-0.077625570776255703,-0.015981735159817351,-0.003424657534246589,-0.0045662100456621002,False,False,False,False,False,0,2023,2024,MDB_CHANGE_RADAR_RULESET_1.0
22007,0.076484018264840192,0.026636225266362223,0.049847792998477969,0.18264840182648401,-0.029680365296803679,-0.038812785388127879,-0.0045662100456621002,0.12328767123287671,False,False,False,False,False,0,2023,2024,MDB_CHANGE_RADAR_RULESET_1.0
22008,-0.017123287671232834,-0.041095890410958846,0.023972602739726012,-0.05251141552511418,0.018264840182648401,-0.015981735159817267,-0.0045662100456621002,-0.10273972602739728,False,False,False,False,False,0,2023,2024,MDB_CHANGE_RADAR_RULESET_1.0
22009,-0.033105022831050213,-0.011415525114155278,-0.021689497716894934,0.015981735159817267,-0.082191780821917831,-0.022831050228310501,-0.0045662100456621002,-0.0068493150684931503,False,False,False,False,False,0,2023,2024,MDB_CHANGE_RADAR_RULESET_1.0
22010,0.033105022831050102,-0.022831050228310446,0.055936073059360547,0.075342465753424626,-0.0091324200913242004,-0.0068493150684931781,-0.0045662100456621002,-0.057077625570776225,False,False,False,False,False,0,2023,2024,MDB_CHANGE_RADAR_RULESET_1.0
22011,0.038812785388127879,-0.061643835616438436,0.10045662100456632,0.1095890410958904,-0.031963470319634701,-0.020547945205479534,-0.0045662100456621002,-0.15981735159817351,False,False,False,False,False,0,2023,2024,MDB_CHANGE_RADAR_RULESET_1.0
22012,-0.029680365296803624,-0.028919330289193468,-0.00076103500761015574,0.015981735159817378,-0.075342465753424681,-0.0091324200913242004,-0.011415525114155334,-0.066210045662100453,False,False,False,False,False,0,2023,2024,MDB_CHANGE_RADAR_RULESET_1.0
23001,-0.026255707762557146,-0.028158295281582923,0.0019025875190257779,-0.029680365296803651,-0.022831050228310557,-0.025114155251141579,-0.0068493150684931781,-0.05251141552511418,False,False,False,False,False,0,2023,2024,MDB_CHANGE_RADAR_RULESET_1.0
23011,-0.034246575342465779,0.0045662100456622667,-0.038812785388128046,-0.059360730593607358,-0.0091324200913242004,0.054794520547945202,-0.006849315068493067,-0.034246575342465724,False,False,False,False,False,0,2023,2024,MDB_CHANGE_RADAR_RULESET_1.0
23023,0.0022831050228310223,0.0076103500761035558,-0.0053272450532725335,-0.057077625570776225,0.06164383561643838,-0.031963470319634757,-0.0068493150684931781,0.06164383561643838,False,False,False,False,False,0,2023,2024,MDB_CHANGE_RADAR_RULESET_1.0
23024,-0.010273972602739656,0.019786910197869156,-0.030060882800608812,-0.029680365296803624,0.0091324200913242004,-0.011415525114155223,-0.0091324200913242004,0.079908675799086726,False,False,False,False,False,0,2023,2024,MDB_CHANGE_RADAR_RULESET_1.0
23025,0.0045662100456621557,0.024353120243531201,-0.019786910197869045,-0.027397260273972601,0.036529680365296802,0.034246575342465668,-0.0045662100456621002,0.04337899543378998,False,False,False,False,False,0,2023,2024,MDB_CHANGE_RADAR_RULESET_1.0
24001,-0.019406392694063967,-0.04185692541856928,0.022450532724505312,0.013698630136986301,-0.05251141552511418,-0.025114155251141523,-0.0045662100456621002,-0.095890410958904049,False,False,False,False,False,0,2023,2024,MDB_CHANGE_RADAR_RULESET_1.0
24002,0.010273972602739656,-0.0076103500761034448,0.017884322678843101,0.059360730593607358,-0.038812785388127824,-0.031963470319634701,-0.0045662100456621002,0.013698630136986356,False,False,False,False,False,0,2023,2024,MDB_CHANGE_RADAR_RULESET_1.0
24003,-0.029680365296803679,0.033485540334855401,-0.063165905631659081,-0.061643835616438353,0.0022831050228310223,-0.022831050228310501,-0.0045662100456621002,0.12785388127853881,False,False,False,False,False,0,2023,2024,MDB_CHANGE_RADAR_RULESET_1.0
24004,-0.061643835616438269,-0.0038051750380516669,-0.057838660578386603,-0.070776255707762581,-0.052511415525114125,-0.015981735159817378,-0.0045662100456621002,0.0091324200913242004,False,False,False,False,False,0,2023,2024,MDB_CHANGE_RADAR_RULESET_1.0
24005,-0.0068493150684931781,-0.038051750380517502,0.031202435312024324,0.068493150684931503,-0.082191780821917859,-0.022831050228310557,-0.0045662100456621002,-0.086757990867579904,False,False,False,False,False,0,2023,2024,MDB_CHANGE_RADAR_RULESET_1.0
24006,-0.025114155251141579,-0.033485540334855457,0.0083713850837138781,-0.020547945205479534,-0.029680365296803624,-0.015981735159817267,-0.0045662100456621002,-0.079908675799086781,False,False,False,False,False,0,2023,2024,MDB_CHANGE_RADAR_RULESET_1.0
24007,-0.042237442922374413,-0.0091324200913240894,-0.033105022831050324,0,-0.084474885844748937,0.0091324200913242004,-0.006849315068493067,-0.029680365296803624,False,False,False,False,False,0,2023,2024,MDB_CHANGE_RADAR_RULESET_1.0
24008,-0.047945205479452052,0.016742770167427701,-0.064687975646879753,0,-0.095890410958904104,0.0022831050228310501,-0.0045662100456621002,0.052511415525114152,False,False,False,False,False,0,2023,2024,MDB_CHANGE_RADAR_RULESET_1.0
25001,0,-0.023592085235920934,0.023592085235920934,0.043378995433789952,-0.04337899543378998,-0.018264840182648401,-0.0045662100456621002,-0.047945205479452135,False,False,False,False,False,0,2023,2024,MDB_CHANGE_RADAR_RULESET_1.0
25002,-0.043378995433789924,-0.03120243531202449,-0.012176560121765434,-0.036529680365296802,-0.050228310502283102,0.006849315068493067,-0.0045662100456621002,-0.09589041095890416,False,False,False,False,False,0,2023,2024,MDB_CHANGE_RADAR_RULESET_1.0
25003,0.038812785388127824,-0.082191780821917859,0.12100456621004568,0.10502283105022825,-0.027397260273972601,-0.018264840182648401,-0.0045662100456621002,-0.22374429223744291,False,False,False,False,True,1,2023,2024,MDB_CHANGE_RADAR_RULESET_1.0
25004,-0.082191780821917804,0.086757990867579904,-0.16894977168949771,-0.12100456621004563,-0.04337899543378998,0.050228310502283047,-0.0045662100456621002,0.21461187214611871,False,False,False,False,False,0,2023,2024,MDB_CHANGE_RADAR_RULESET_1.0
25005,-0.14383561643835618,0.0091324200913242004,-0.15296803652968038,-0.25342465753424659,-0.034246575342465779,-0.0022831050228310223,-0.0045662100456621002,0.034246575342465668,False,False,False,False,False,0,2023,2024,MDB_CHANGE_RADAR_RULESET_1.0
25006,0.055936073059360658,0.0030441400304414001,0.052891933028919258,0.16438356164383561,-0.052511415525114236,-0.013698630136986245,-0.0045662100456621002,0.027397260273972601,False,False,False,False,False,0,2023,2024,MDB_CHANGE_RADAR_RULESET_1.0
25007,0.079908675799086781,0.028919330289193135,0.050989345509893647,0.082191780821917804,0.077625570776255703,0.0022831050228310223,-0.0045662100456621002,0.089041095890410982,False,False,False,False,False,0,2023,2024,MDB_CHANGE_RADAR_RULESET_1.0
25008,-0.017123287671232834,0.049467275494672669,-0.066590563165905503,-0.022831050228310446,-0.011415525114155251,0.013698630136986356,-0.0045662100456621002,0.13926940639269403,False,False,False,False,False,0,2023,2024,MDB_CHANGE_RADAR_RULESET_1.0
25009,-0.0091324200913242004,0.028919330289193357,-0.038051750380517557,0,-0.018264840182648401,-0.0091324200913242004,-0.0045662100456621002,0.1004566210045662,False,False,False,False,False,0,2023,2024,MDB_CHANGE_RADAR_RULESET_1.0
25010,-0.010273972602739712,0.038051750380517668,-0.04832572298325738,-0.15753424657534243,0.13698630136986301,0.05251141552511418,-0.0045662100456621002,0.066210045662100536,False,False,False,False,False,0,2023,2024,MDB_CHANGE_RADAR_RULESET_1.0
25011,0.028538812785388057,-0.045662100456620891,0.074200913242008948,-0.041095890410958957,0.098173515981735182,0,-0.0045662100456621002,-0.13242009132420096,False,False,False,False,False,0,2023,2024,MDB_CHANGE_RADAR_RULESET_1.0
25012,-0.042237442922374357,-0.0098934550989345782,-0.032343987823439779,-0.034246575342465752,-0.050228310502283047,-0.025114155251141579,-0.0045662100456621002,0,False,False,False,False,False,0,2023,2024,MDB_CHANGE_RADAR_RULESET_1.0
25013,-0.0045662100456620447,-0.057077625570776225,0.05251141552511418,-0.013698630136986301,0.0045662100456621002,-0.0068493150684931781,-0.0045662100456621002,-0.15981735159817351,False,False,False,False,False,0,2023,2024,MDB_CHANGE_RADAR_RULESET_1.0
25014,0.10159817351598172,-0.07077625570776247,0.17237442922374419,0.18721461187214611,0.015981735159817378,-0.0045662100456620447,-0.0045662100456621002,-0.20319634703196343,False,False,False,False,True,1,2023,2024,MDB_CHANGE_RADAR_RULESET_1.0
25015,-0.0079908675799086337,0.077625570776255759,-0.085616438356164393,0.027397260273972601,-0.04337899543378998,0.025114155251141579,-0.0045662100456621002,0.21232876712328769,False,False,False,False,False,0,2023,2024,MDB_CHANGE_RADAR_RULESET_1.0
25016,0.049086757990867591,0.017503805175038134,0.031582952815829457,0.095890410958904104,0.0022831050228311334,-0.022831050228310446,-0.0022831050228310223,0.077625570776255759,False,False,False,False,False,0,2023,2024,MDB_CHANGE_RADAR_RULESET_1.0
26001,0.018264840182648401,0.013698630136986356,0.0045662100456620447,0.036529680365296802,0,-0.0068493150684931781,-0.0091324200913242004,0.057077625570776225,False,False,False,False,False,0,2023,2024,MDB_CHANGE_RADAR_RULESET_1.0
26002,0.013698630136986301,-0.027397260273972601,0.041095890410958902,-0.045662100456621002,0.073059360730593603,-0.015981735159817378,-0.006849315068493067,-0.059360730593607303,False,False,False,False,False,0,2023,2024,MDB_CHANGE_RADAR_RULESET_1.0
26003,-0.018264840182648401,0.038812785388127824,-0.057077625570776225,-0.027397260273972601,-0.0091324200913242004,0.045662100456621002,-0.006849315068493067,0.077625570776255703,False,False,False,False,False,0,2023,2024,MDB_CHANGE_RADAR_RULESET_1.0
26004,0.036529680365296816,0.033485540334855401,0.0030441400304414001,0.068493150684931503,0.0045662100456621002,0.038812785388127824,-0.0068493150684931781,0.068493150684931503,False,False,False,False,False,0,2023,2024,MDB_CHANGE_RADAR_RULESET_1.0
26005,0.036529680365296802,-0.016742770167427645,0.053272450532724447,0.068493150684931503,0.0045662100456621002,-0.025114155251141579,-0.0091324200913242004,-0.015981735159817378,False,False,False,False,False,0,2023,2024,MDB_CHANGE_RADAR_RULESET_1.0
26006,0.039954337899543391,-0.057838660578386603,0.097792998477929993,0.089041095890410954,-0.0091324200913242004,-0.018264840182648401,-0.0045662100456621002,-0.15068493150684931,False,False,False,False,False,0,2023,2024,MDB_CHANGE_RADAR_RULESET_1.0
26007,-0.014840182648401812,0.0015220700152206446,-0.016362252663622456,-0.0022831050228311334,-0.027397260273972601,-0.036529680365296802,-0.0068493150684931781,0.04794520547945208,False,False,False,False,False,0,2023,2024,MDB_CHANGE_RADAR_RULESET_1.0
26008,-0.041095890410958916,0.044140030441400302,-0.085235920852359204,-0.018264840182648401,-0.063926940639269403,0.054794520547945202,-0.0045662100456621002,0.082191780821917859,False,False,False,False,False,0,2023,2024,MDB_CHANGE_RADAR_RULESET_1.0
26009,-0.031963470319634701,-0.0045662100456621557,-0.027397260273972546,0.031963470319634701,-0.095890410958904104,-0.036529680365296802,-0.0045662100456621002,0.027397260273972601,False,False,False,False,False,0,2023,2024,MDB_CHANGE_RADAR_RULESET_1.0
26010,-0.02168949771689499,-0.011415525114155112,-0.010273972602739878,0.011415525114155251,-0.054794520547945202,-0.0045662100456621002,-0.006849315068493067,-0.022831050228310446,False,False,False,False,False,0,2023,2024,MDB_CHANGE_RADAR_RULESET_1.0
26011,0.071917808219178037,-0.043378995433790091,0.11529680365296813,0.14611872146118721,-0.0022831050228310223,-0.020547945205479451,0,-0.1095890410958904,False,False,False,False,False,0,2023,2024,MDB_CHANGE_RADAR_RULESET_1.0
26012,0.047945205479452024,0.0015220700152207556,0.046423135464231269,0.1095890410958904,-0.013698630136986356,-0.018264840182648401,-0.0091324200913242004,0.031963470319634757,False,False,False,False,False,0,2023,2024,MDB_CHANGE_RADAR_RULESET_1.0
27001,0.0022831050228310223,0.0083713850837138226,-0.0060882800608828003,0.022831050228310501,-0.018264840182648401,0.018264840182648401,-0.0091324200913242004,0.015981735159817267,False,False,False,False,False,0,2023,2024,MDB_CHANGE_RADAR_RULESET_1.0
27002,0.010273972602739712,-0.0083713850837137116,0.018645357686453423,-0.0045662100456621002,0.025114155251141468,-0.013698630136986245,-0.0045662100456621002,-0.0068493150684931225,False,False,False,False,False,0,2023,2024,MDB_CHANGE_RADAR_RULESET_1.0
27003,-0.022831050228310501,0.0076103500761034448,-0.030441400304413946,0.041095890410958902,-0.086757990867579848,-0.0091324200913242004,-0.0022831050228311334,0.034246575342465779,False,False,False,False,False,0,2023,2024,MDB_CHANGE_RADAR_RULESET_1.0
27004,0.029680365296803735,-0.030441400304414001,0.060121765601217736,0.031963470319634701,0.027397260273972601,-0.0091324200913242004,0,-0.082191780821917804,False,False,False,False,False,0,2023,2024,MDB_CHANGE_RADAR_RULESET_1.0
27005,-0.027397260273972601,0.0045662100456619337,-0.031963470319634535,-0.089041095890410954,0.034246575342465779,-0.0091324200913242004,-0.0068493150684931781,0.029680365296803624,False,False,False,False,False,0,2023,2024,MDB_CHANGE_RADAR_RULESET_1.0
27006,0.0022831050228310779,0.0076103500761035558,-0.005327245053272478,0.027397260273972601,-0.022831050228310446,-0.013698630136986245,-0.0045662100456621002,0.041095890410958957,False,False,False,False,False,0,2023,2024,MDB_CHANGE_RADAR_RULESET_1.0
27007,-0.045662100456621002,0.032724505327245079,-0.078386605783866081,-0.075342465753424653,-0.015981735159817378,-0.022831050228310557,-0.0045662100456621002,0.12557077625570778,False,False,False,False,False,0,2023,2024,MDB_CHANGE_RADAR_RULESET_1.0
27008,-0.02168949771689499,-0.07077625570776247,0.04908675799086748,0.018264840182648401,-0.061643835616438269,-0.015981735159817378,-0.0045662100456621002,-0.19178082191780821,False,False,False,False,False,0,2023,2024,MDB_CHANGE_RADAR_RULESET_1.0
27009,-0.082191780821917859,-0.0076103500761035558,-0.074581430745814303,-0.12785388127853886,-0.036529680365296802,-0.011415525114155223,-0.0045662100456621002,-0.0068493150684931781,False,False,False,False,False,0,2023,2024,MDB_CHANGE_RADAR_RULESET_1.0
27010,0.043378995433789952,-0.029680365296803624,0.073059360730593548,0.091324200913242004,-0.004566210045662128,-0.011415525114155223,-0.0045662100456621002,-0.073059360730593603,False,False,False,False,False,0,2023,2024,MDB_CHANGE_RADAR_RULESET_1.0
28001,0.029680365296803624,-0.018264840182648401,0.047945205479452024,0.029680365296803651,0.029680365296803624,-0.020547945205479451,-0.0068493150684931781,-0.027397260273972601,False,False,False,False,False,0,2023,2024,MDB_CHANGE_RADAR_RULESET_1.0
28002,-0.070776255707762525,0.16818873668188739,-0.23896499238964991,-0.12557077625570776,-0.015981735159817378,-0.022831050228310446,0.63242009132420085,-0.10502283105022825,False,False,False,False,False,0,2023,2024,MDB_CHANGE_RADAR_RULESET_1.0
28003,-0.010273972602739712,0.038051750380517502,-0.048325722983257213,-0.038812785388127824,0.018264840182648401,-0.041095890410958902,-0.0045662100456621002,0.15981735159817351,False,False,False,False,False,0,2023,2024,MDB_CHANGE_RADAR_RULESET_1.0
28004,-0.034246575342465779,-0.006849315068493067,-0.027397260273972712,-0.052511415525114152,-0.015981735159817323,-0.027397260273972601,-0.0045662100456621002,0.011415525114155223,False,False,False,False,False,0,2023,2024,MDB_CHANGE_RADAR_RULESET_1.0
28005,0.13013698630136983,-0.00076103500761032228,0.13089802130898015,0.22374429223744294,0.036529680365296802,-0.034246575342465779,-0.0045662100456621002,0.036529680365296802,False,False,False,True,False,1,2023,2024,MDB_CHANGE_RADAR_RULESET_1.0
28006,-5.5511151231257827e-17,-0.057838660578386603,0.057838660578386547,-0.011415525114155251,0.011415525114155223,-0.027397260273972601,-0.0045662100456621002,-0.14155251141552511,False,False,False,False,False,0,2023,2024,MDB_CHANGE_RADAR_RULESET_1.0
28007,0.0011415525114155112,-0.016742770167427645,0.017884322678843156,-0.025114155251141523,0.027397260273972601,-0.0091324200913242004,-0.0045662100456621002,-0.036529680365296802,False,False,False,False,False,0,2023,2024,MDB_CHANGE_RADAR_RULESET_1.0
29001,0.0079908675799086754,0.036529680365296802,-0.02853881278538814,0.0022831050228310501,0.013698630136986301,0.034246575342465724,-0.0045662100456621002,0.079908675799086726,False,False,False,False,False,0,2023,2024,MDB_CHANGE_RADAR_RULESET_1.0
29002,0.037671232876712313,0.020547945205479423,0.01712328767123289,0.018264840182648401,0.057077625570776253,0.054794520547945202,-0.0045662100456621002,0.011415525114155223,False,False,False,False,False,0,2023,2024,MDB_CHANGE_RADAR_RULESET_1.0
29003,-0.071917808219178092,-0.0083713850837137671,-0.063546423135464325,-0.14611872146118726,0.0022831050228310501,-0.013698630136986245,-0.0045662100456621002,-0.0068493150684931781,False,False,False,False,False,0,2023,2024,MDB_CHANGE_RADAR_RULESET_1.0
29004,-0.0011415525114155251,-0.025114155251141579,0.02397260273972604,0.018264840182648401,-0.020547945205479451,-0.020547945205479451,-0.0045662100456621002,-0.050228310502283102,False,False,False,False,False,0,2023,2024,MDB_CHANGE_RADAR_RULESET_1.0
29005,-0.02625570776255709,-0.0038051750380517779,-0.022450532724505312,-0.018264840182648401,-0.034246575342465752,-0.013698630136986356,-0.0045662100456621002,0.0068493150684931225,False,False,False,False,False,0,2023,2024,MDB_CHANGE_RADAR_RULESET_1.0
29006,-0.023972602739726068,-0.012937595129375978,-0.011035007610350089,0,-0.04794520547945208,-0.029680365296803679,-0.0068493150684931781,-0.0022831050228311334,False,False,False,False,False,0,2023,2024,MDB_CHANGE_RADAR_RULESET_1.0
29007,-0.050228310502283074,0.016742770167427756,-0.066971080669710831,-0.089041095890410926,-0.011415525114155251,-0.027397260273972601,-0.0045662100456621002,0.082191780821917804,False,False,False,False,False,0,2023,2024,MDB_CHANGE_RADAR_RULESET_1.0
29008,0.010273972602739739,-0.02587519025875179,0.036149162861491529,0.015981735159817378,0.0045662100456621002,-0.020547945205479423,-0.0045662100456621002,-0.052511415525114152,False,False,False,False,False,0,2023,2024,MDB_CHANGE_RADAR_RULESET_1.0
29009,0.037671232876712313,-0.027397260273972601,0.065068493150684914,-0.0045662100456621002,0.079908675799086754,-0.018264840182648401,-0.0045662100456621002,-0.059360730593607303,False,False,False,False,False,0,2023,2024,MDB_CHANGE_RADAR_RULESET_1.0
29010,-0.014840182648401867,0.011415525114155223,-0.02625570776255709,-0.027397260273972601,-0.0022831050228310501,0.06164383561643838,-0.0045662100456621002,-0.022831050228310501,False,False,False,False,False,0,2023,2024,MDB_CHANGE_RADAR_RULESET_1.0
29011,-0.13470319634703198,0.020547945205479423,-0.15525114155251141,-0.15296803652968038,-0.11643835616438358,-0.013698630136986356,-0.0045662100456621002,0.079908675799086781,False,False,False,False,False,0,2023,2024,MDB_CHANGE_RADAR_RULESET_1.0
29012,-0.028538812785388126,-0.089802130898021304,0.061263318112633192,-0.052511415525114152,-0.0045662100456621002,-0.013698630136986356,-0.0045662100456621002,-0.25114155251141551,False,False,False,False,True,1,2023,2024,MDB_CHANGE_RADAR_RULESET_1.0
29013,-0.04794520547945208,0.012937595129375978,-0.060882800608828058,-0.098173515981735182,0.0022831050228310501,-0.011415525114155223,-0.0045662100456621002,0.054794520547945202,False,False,False,False,False,0,2023,2024,MDB_CHANGE_RADAR_RULESET_1.0
29014,-0.075342465753424653,-0.086757990867579959,0.011415525114155306,-0.1050228310502283,-0.045662100456621002,-0.011415525114155223,-0.0045662100456621002,-0.24429223744292236,False,False,False,False,True,1,2023,2024,MDB_CHANGE_RADAR_RULESET_1.0
29015,-0.0022831050228310501,-0.063165905631659025,0.060882800608827975,0.027397260273972601,-0.031963470319634701,-0.013698630136986301,-0.0045662100456621002,-0.17123287671232884,False,False,False,False,False,0,2023,2024,MDB_CHANGE_RADAR_RULESET_1.0
29016,-0.055936073059360714,-0.044901065449010624,-0.011035007610350089,0.05479452054794523,-0.16666666666666663,-0.027397260273972601,-0.0045662100456621002,-0.10273972602739728,False,False,False,False,False,0,2023,2024,MDB_CHANGE_RADAR_RULESET_1.0
29017,-0.055936073059360714,-0.0083713850837138226,-0.047564687975646891,-0.013698630136986301,-0.098173515981735182,-0.022831050228310501,-0.0045662100456621002,0.0022831050228310501,False,False,False,False,False,0,2023,2024,MDB_CHANGE_RADAR_RULESET_1.0
29018,-0.017123287671232876,-0.035007610350076102,0.017884322678843212,-0.018264840182648401,-0.015981735159817351,-0.022831050228310557,-0.0045662100456621002,-0.077625570776255703,False,False,False,False,False,0,2023,2024,MDB_CHANGE_RADAR_RULESET_1.0
29019,0.04337899543378998,0.0015220700152207001,0.04185692541856928,0.086757990867579904,0,-0.020547945205479423,-0.0045662100456621002,0.029680365296803651,False,False,False,False,False,0,2023,2024,MDB_CHANGE_RADAR_RULESET_1.0
29020,0.0034246575342466445,0.012176560121765601,-0.008751902587518956,-0.0068493150684931503,0.013698630136986356,-0.0022831050228310501,-0.0045662100456621002,0.04337899543378998,False,False,False,False,False,0,2023,2024,MDB_CHANGE_RADAR_RULESET_1.0
29021,0.010273972602739739,0.038051750380517446,-0.027777777777777679,0.018264840182648401,0.0022831050228310501,-0.013698630136986356,-0.0045662100456621002,0.13242009132420091,False,False,False,False,False,0,2023,2024,MDB_CHANGE_RADAR_RULESET_1.0
29022,-0.029680365296803651,-0.028919330289193301,-0.00076103500761035003,-0.066210045662100453,0.0068493150684931781,-0.013698630136986356,-0.0045662100456621002,-0.068493150684931503,False,False,False,False,False,0,2023,2024,MDB_CHANGE_RADAR_RULESET_1.0
29023,-0.076484018264840137,-0.048706240487062458,-0.027777777777777679,-0.15981735159817345,0.0068493150684931503,-0.013698630136986356,-0.0045662100456621002,-0.12785388127853883,False,False,False,False,False,0,2023,2024,MDB_CHANGE_RADAR_RULESET_1.0
29024,-0.047945205479452024,-0.011415525114155223,-0.036529680365296802,-0.020547945205479451,-0.075342465753424626,0.05251141552511418,-0.0045662100456621002,-0.082191780821917804,False,False,False,False,False,0,2023,2024,MDB_CHANGE_RADAR_RULESET_1.0
29025,0.0045662100456621002,-0.04490106544901068,0.04946727549467278,0,0.0091324200913242004,-0.013698630136986245,-0.0045662100456621002,-0.11643835616438358,False,False,False,False,False,0,2023,2024,MDB_CHANGE_RADAR_RULESET_1.0
29026,-0.018264840182648401,-0.028158295281582923,0.0098934550989345227,-0.0045662100456621002,-0.031963470319634701,-0.025114155251141579,-0.0045662100456621002,-0.054794520547945202,False,False,False,False,False,0,2023,2024,MDB_CHANGE_RADAR_RULESET_1.0
29027,0.012557077625570762,-0.010654490106544956,0.023211567732115718,0.047945205479452052,-0.022831050228310501,-0.029680365296803679,-0.0045662100456621002,0.0022831050228310501,False,False,False,False,False,0,2023,2024,MDB_CHANGE_RADAR_RULESET_1.0
29028,0.034246575342465752,-0.00076103500761026677,0.035007610350076018,0.12557077625570776,-0.057077625570776253,-0.034246575342465724,-0.0045662100456621002,0.036529680365296802,False,False,False,False,False,0,2023,2024,MDB_CHANGE_RADAR_RULESET_1.0
31001,-0.049086757990867591,0.037290715372906957,-0.086377473363774548,-0.0068493150684931781,-0.091324200913242004,0.093607305936073026,-0.0045662100456621557,0.022831050228310446,False,False,False,False,False,0,2023,2024,MDB_CHANGE_RADAR_RULESET_1.0
31002,-0.071917808219178148,-0.0083713850837138781,-0.063546423135464269,-0.0091324200913242004,-0.13470319634703198,-0.0068493150684931503,-0.0045662100456621002,-0.013698630136986301,False,False,False,False,False,0,2023,2024,MDB_CHANGE_RADAR_RULESET_1.0
31003,-0.043378995433789869,-0.056316590563165958,0.012937595129376089,-0.086757990867579848,0,0,-0.0045662100456621002,-0.16438356164383561,False,False,False,False,False,0,2023,2024,MDB_CHANGE_RADAR_RULESET_1.0
31004,-0.1541095890410959,0.022831050228310446,-0.17694063926940634,-0.05251141552511418,-0.25570776255707761,-0.025114155251141579,-0.0045662100456621002,0.098173515981735071,False,False,False,False,False,0,2023,2024,MDB_CHANGE_RADAR_RULESET_1.0
31006,-0.051369863013698669,0.0091324200913242004,-0.060502283105022869,-0.034246575342465779,-0.068493150684931531,-0.027397260273972601,-0.0045662100456620447,0.059360730593607303,False,False,False,False,False,0,2023,2024,MDB_CHANGE_RADAR_RULESET_1.0
31007,0.076484018264840192,0.050989345509893369,0.025494672754946823,0.11187214611872154,0.041095890410958846,0.11872146118721461,-0.011415525114155334,0.045662100456621002,False,False,False,False,False,0,2023,2024,MDB_CHANGE_RADAR_RULESET_1.0
31008,-0.015981735159817267,0.015220700152207001,-0.031202435312024268,0.047945205479452024,-0.079908675799086781,-0.0068493150684931781,-0.0091324200913242004,0.061643835616438269,False,False,False,False,False,0,2023,2024,MDB_CHANGE_RADAR_RULESET_1.0
31009,-0.054794520547945202,-0.050228310502282936,-0.0045662100456622667,0.13013698630136983,-0.23972602739726034,-0.015981735159817267,-0.006849315068493067,-0.12785388127853881,False,False,False,False,False,0,2023,2024,MDB_CHANGE_RADAR_RULESET_1.0
31010,-0.061643835616438325,-0.039573820395738313,-0.022070015220700012,0.068493150684931559,-0.19178082191780824,-0.013698630136986356,-0.0045662100456621002,-0.1004566210045662,False,False,False,False,False,0,2023,2024,MDB_CHANGE_RADAR_RULESET_1.0
31011,-0.10045662100456632,0.0015220700152207556,-0.10197869101978707,-0.11187214611872154,-0.089041095890410982,-0.018264840182648401,0,0.022831050228310446,False,False,False,False,False,0,2023,2024,MDB_CHANGE_RADAR_RULESET_1.0
31012,-0.089041095890410982,-0.0015220700152207556,-0.087519025875190226,-0.015981735159817378,-0.16210045662100453,-0.022831050228310557,-0.0091324200913242004,0.027397260273972601,False,False,False,False,False,0,2023,2024,MDB_CHANGE_RADAR_RULESET_1.0
31013,-0.0011415525114155667,-0.006849315068493067,0.0057077625570775004,0.034246575342465668,-0.036529680365296802,-0.020547945205479423,-0.0022831050228310223,0.0022831050228310223,False,False,False,False,False,0,2023,2024,MDB_CHANGE_RADAR_RULESET_1.0
31015,0.041095890410958957,-0.067732115677321236,0.10882800608828019,0.05251141552511418,0.029680365296803679,-0.015981735159817378,-0.0091324200913242004,-0.17808219178082194,False,False,False,False,False,0,2023,2024,MDB_CHANGE_RADAR_RULESET_1.0
31016,-0.042237442922374413,0.012176560121765601,-0.054414003044140014,-0.089041095890410954,0.0045662100456621002,-0.0022831050228310501,-0.0091324200913242004,0.047945205479452024,False,False,False,False,False,0,2023,2024,MDB_CHANGE_RADAR_RULESET_1.0
31017,0.0068493150684931225,0.015981735159817267,-0.0091324200913241449,0.013698630136986301,0,0.029680365296803624,-0.0068493150684931781,0.025114155251141579,False,False,False,False,False,0,2023,2024,MDB_CHANGE_RADAR_RULESET_1.0
31018,-0.0091324200913242004,-0.026636225266362334,0.017503805175038134,-0.022831050228310501,0.0045662100456621002,-0.011415525114155251,-0.0068493150684931781,-0.06164383561643838,False,False,False,False,False,0,2023,2024,MDB_CHANGE_RADAR_RULESET_1.0
31019,0.0079908675799087447,0.019786910197869267,-0.011796042617960523,-0.020547945205479423,0.036529680365296802,-0.029680365296803624,-0.0091324200913242004,0.098173515981735238,False,False,False,False,False,0,2023,2024,MDB_CHANGE_RADAR_RULESET_1.0
31020,-0.013698630136986301,-0.027397260273972601,0.013698630136986301,-0.086757990867579904,0.05936073059360733,-0.027397260273972601,-0.006849315068493067,-0.047945205479452135,False,False,False,False,False,0,2023,2024,MDB_CHANGE_RADAR_RULESET_1.0
31021,0.073059360730593603,-0.0076103500761035558,0.080669710806697159,0.11187214611872148,0.034246575342465779,-0.020547945205479423,-0.0091324200913242004,0.006849315068493067,False,False,False,False,False,0,2023,2024,MDB_CHANGE_RADAR_RULESET_1.0
31022,-0.082191780821917804,-0.019025875190258668,-0.063165905631659136,-0.12328767123287671,-0.041095890410958902,-0.011415525114155223,-0.0068493150684931781,-0.038812785388127824,False,False,False,False,False,0,2023,2024,MDB_CHANGE_RADAR_RULESET_1.0
31023,0.084474885844748826,0.13850837138508365,-0.054033485540334825,0.13470319634703198,0.034246575342465752,0.19406392694063923,-0.0068493150684931781,0.22831050228310507,False,False,False,False,False,0,2023,2024,MDB_CHANGE_RADAR_RULESET_1.0
31024,-0.03082191780821919,-0.0076103500761033893,-0.023211567732115801,-0.077625570776255648,0.015981735159817378,-0.025114155251141523,-0.0091324200913242004,0.011415525114155251,False,False,False,False,False,0,2023,2024,MDB_CHANGE_RADAR_RULESET_1.0
31025,0.017123287671232862,-0.04033485540334858,0.057458143074581414,-0.015981735159817351,0.050228310502283102,-0.027397260273972601,-0.0045662100456621002,-0.089041095890410871,False,False,False,False,False,0,2023,2024,MDB_CHANGE_RADAR_RULESET_1.0
31026,0.019406392694063967,0.035007610350076046,-0.015601217656012079,-0.011415525114155278,0.050228310502283158,-0.018264840182648429,-0.0022831050228310223,0.12557077625570778,False,False,False,False,False,0,2023,2024,MDB_CHANGE_RADAR_RULESET_1.0
31027,0.035388127853881235,0.056316590563165958,-0.020928462709284723,0.04337899543378998,0.027397260273972601,-0.0045662100456621557,-0.0045662100456620447,0.17808219178082191,False,False,False,False,False,0,2023,2024,MDB_CHANGE_RADAR_RULESET_1.0
31028,0.049086757990867591,-0.013698630136986245,0.062785388127853836,-0.0045662100456621002,0.10273972602739723,-0.031963470319634701,-0.0045662100456621002,-0.0045662100456620447,False,False,False,False,False,0,2023,2024,MDB_CHANGE_RADAR_RULESET_1.0
31030,0.071917808219178037,-0.019786910197869101,0.091704718417047137,-0.054794520547945202,0.19863013698630139,-0.018264840182648401,-0.0045662100456621002,-0.036529680365296802,False,False,False,False,False,0,2023,2024,MDB_CHANGE_RADAR_RULESET_1.0
31031,-0.0057077625570776114,0.10273972602739717,-0.10844748858447478,-0.018264840182648401,0.0068493150684931503,-0.022831050228310557,-0.0045662100456621002,0.33561643835616439,False,False,False,False,False,0,2023,2024,MDB_CHANGE_RADAR_RULESET_1.0
31032,-0.014840182648401812,-0.028158295281582979,0.013318112633181167,-0.089041095890410982,0.059360730593607303,-0.041095890410958957,-0.0045662100456621002,-0.038812785388127824,False,False,False,False,False,0,2023,2024,MDB_CHANGE_RADAR_RULESET_1.0
31034,-0.022831050228310557,0.034246575342465668,-0.057077625570776225,-0.059360730593607303,0.013698630136986245,-0.013698630136986356,-0.0045662100456621002,0.12100456621004563,False,False,False,False,False,0,2023,2024,MDB_CHANGE_RADAR_RULESET_1.0
31035,-0.043378995433789924,0.031202435312024379,-0.074581430745814303,-0.073059360730593603,-0.013698630136986301,0.13470319634703204,-0.0045662100456621002,-0.036529680365296802,False,False,False,False,False,0,2023,2024,MDB_CHANGE_RADAR_RULESET_1.0
31036,0.014840182648401867,-0.030441400304414001,0.045281582952815869,-0.045662100456621002,0.075342465753424681,-0.015981735159817378,-0.0091324200913242004,-0.066210045662100481,False,False,False,False,False,0,2023,2024,MDB_CHANGE_RADAR_RULESET_1.0
31037,0.03082191780821919,0.08066971080669727,-0.04984779299847808,0.027397260273972601,0.034246575342465779,0.089041095890410926,-0.0091324200913242004,0.16210045662100458,False,False,False,False,False,0,2023,2024,MDB_CHANGE_RADAR_RULESET_1.0
31038,0.06164383561643838,0.0030441400304415112,0.058599695585996869,0.022831050228310557,0.1004566210045662,0.0091324200913242004,-0.0045662100456621002,0.0045662100456621557,False,False,False,False,False,0,2023,2024,MDB_CHANGE_RADAR_RULESET_1.0
31040,0.042237442922374413,-0.015220700152207112,0.057458143074581525,0.073059360730593631,0.011415525114155223,-0.0068493150684931781,-0.0045662100456621557,-0.034246575342465779,False,False,False,False,False,0,2023,2024,MDB_CHANGE_RADAR_RULESET_1.0
31041,-0.010273972602739767,0.0015220700152206446,-0.011796042617960412,-0.070776255707762553,0.050228310502283047,-0.011415525114155334,-0.0068493150684931781,0.022831050228310446,False,False,False,False,False,0,2023,2024,MDB_CHANGE_RADAR_RULESET_1.0
31042,-0.003424657534246589,0.020547945205479423,-0.023972602739726012,-0.025114155251141551,0.018264840182648401,0,0,0.061643835616438269,False,False,False,False,False,0,2023,2024,MDB_CHANGE_RADAR_RULESET_1.0
31044,0.05251141552511418,0.039573820395738202,0.012937595129375978,0.1004566210045662,0.0045662100456621557,-0.015981735159817378,-0.0022831050228310223,0.13698630136986301,False,False,False,False,False,0,2023,2024,MDB_CHANGE_RADAR_RULESET_1.0
31045,0.031963470319634646,0.0091324200913243114,0.022831050228310334,0.059360730593607303,0.0045662100456620447,-0.015981735159817267,-0.0022831050228311334,0.045662100456621002,False,False,False,False,False,0,2023,2024,MDB_CHANGE_RADAR_RULESET_1.0
31046,-0.0068493150684931225,-0.019786910197869156,0.012937595129376034,-0.0068493150684931781,-0.0068493150684931503,-0.020547945205479423,-0.0045662100456621002,-0.034246575342465779,False,False,False,False,False,0,2023,2024,MDB_CHANGE_RADAR_RULESET_1.0
31047,0.027397260273972601,0.074581430745814303,-0.047184170471841702,0.12557077625570778,-0.070776255707762553,-0.020547945205479451,-0.0045662100456621002,0.24885844748858449,False,False,False,False,False,0,2023,2024,MDB_CHANGE_RADAR_RULESET_1.0
31048,0.07420091324200917,0.043378995433789758,0.030821917808219412,0.031963470319634701,0.11643835616438358,0.059360730593607247,-0.0068493150684931781,0.077625570776255759,False,False,False,False,False,0,2023,2024,MDB_CHANGE_RADAR_RULESET_1.0
31050,0.1038812785388129,0.0015220700152207556,0.10235920852359215,-0.020547945205479423,0.22831050228310507,-0.0045662100456621557,0,0.0091324200913242004,False,False,False,True,False,1,2023,2024,MDB_CHANGE_RADAR_RULESET_1.0
31051,-0.0045662100456620447,-0.042617960426179491,0.038051750380517446,-0.038812785388127824,0.029680365296803624,0,0,-0.12785388127853881,False,False,False,False,False,0,2023,2024,MDB_CHANGE_RADAR_RULESET_1.0
31052,0.028538812785388168,0.0045662100456620447,0.023972602739726123,-0.0045662100456621557,0.06164383561643838,0.070776255707762581,-0.0091324200913242004,-0.047945205479452135,False,False,False,False,False,0,2023,2024,MDB_CHANGE_RADAR_RULESET_1.0
31053,0.034246575342465724,-0.012176560121765545,0.046423135464231269,0.084474885844748826,-0.015981735159817351,-0.022831050228310446,-0.0045662100456621002,-0.0091324200913242004,False,False,False,False,False,0,2023,2024,MDB_CHANGE_RADAR_RULESET_1.0
31055,0.087899543378995471,-0.0015220700152207556,0.089421613394216226,0.18721461187214611,-0.011415525114155251,0.034246575342465779,-0.0045662100456621002,-0.034246575342465779,False,False,False,False,False,0,2023,2024,MDB_CHANGE_RADAR_RULESET_1.0
31057,0.015981735159817378,0.005327245053272478,0.0106544901065449,0.013698630136986356,0.018264840182648401,0.093607305936073137,-0.0045662100456621002,-0.073059360730593603,False,False,False,False,False,0,2023,2024,MDB_CHANGE_RADAR_RULESET_1.0
31058,0.061643835616438325,0.030441400304414001,0.031202435312024324,0.079908675799086781,0.043378995433789952,0.10502283105022836,-0.0045662100456621002,-0.0091324200913242004,False,False,False,False,False,0,2023,2024,MDB_CHANGE_RADAR_RULESET_1.0
31059,-0.0022831050228310223,0.036529680365296802,-0.038812785388127824,-0.0022831050228310779,-0.0022831050228310223,0.0068493150684931781,0.1004566210045662,0.0022831050228310223,False,False,False,False,False,0,2023,2024,MDB_CHANGE_RADAR_RULESET_1.0
31060,0.036529680365296802,-0.054033485540334825,0.090563165905631626,0.050228310502283102,0.022831050228310501,-0.018264840182648401,-0.0045662100456621002,-0.13926940639269406,False,False,False,False,False,0,2023,2024,MDB_CHANGE_RADAR_RULESET_1.0
31061,0.16324200913242015,0.0091324200913240894,0.15410958904109606,0.13470319634703198,0.19178082191780821,-0.0045662100456621557,0,0.031963470319634646,True,False,False,False,False,1,2023,2024,MDB_CHANGE_RADAR_RULESET_1.0
31062,-0.1815068493150685,-0.083713850837138559,-0.097792998477929993,-0.30593607305936077,-0.057077625570776225,0,-0.0045662100456621557,-0.24657534246575341,False,False,False,False,True,1,2023,2024,MDB_CHANGE_RADAR_RULESET_1.0
31064,0.0057077625570777224,0.04033485540334858,-0.034627092846270857,0.0091324200913242004,0.0022831050228311334,-0.0022831050228311334,-0.0022831050228310223,0.12557077625570778,False,False,False,False,False,0,2023,2024,MDB_CHANGE_RADAR_RULESET_1.0
31065,0.017123287671232876,-0.041856925418569224,0.058980213089802169,0.013698630136986301,0.020547945205479451,-0.0022831050228310223,-0.0091324200913242004,-0.11415525114155256,False,False,False,False,False,0,2023,2024,MDB_CHANGE_RADAR_RULESET_1.0
31066,0.038812785388127879,0.015981735159817378,0.022831050228310501,-0.059360730593607303,0.13698630136986301,-0.0091324200913242004,-0.0045662100456621002,0.06164383561643838,False,False,False,False,False,0,2023,2024,MDB_CHANGE_RADAR_RULESET_1.0
31067,-0.12785388127853881,-0.10197869101978685,-0.025875190258751957,-0.34018264840182644,0.084474885844748882,0,-0.006849315068493067,-0.29908675799086748,False,False,False,False,True,1,2023,2024,MDB_CHANGE_RADAR_RULESET_1.0
31068,-0.18378995433789952,0.014459665144596623,-0.19824961948249614,-0.36529680365296802,-0.0022831050228310501,0,-0.0045662100456621002,0.047945205479452024,False,False,False,False,False,0,2023,2024,MDB_CHANGE_RADAR_RULESET_1.0
31070,0.003424657534246589,-0.068493150684931559,0.071917808219178148,-0.018264840182648401,0.025114155251141579,-0.031963470319634757,-0.0045662100456621002,-0.16894977168949765,False,False,False,False,False,0,2023,2024,MDB_CHANGE_RADAR_RULESET_1.0
31071,-0.0091324200913242004,0.068493150684931503,-0.077625570776255703,-0.027397260273972601,0.0091324200913242004,-0.034246575342465779,-0.0045662100456621002,0.24429223744292239,False,False,False,False,False,0,2023,2024,MDB_CHANGE_RADAR_RULESET_1.0
31072,0.029680365296803735,-0.05555555555555558,0.085235920852359315,0.0068493150684931781,0.05251141552511418,-0.027397260273972601,-0.0068493150684931781,-0.13242009132420096,False,False,False,False,False,0,2023,2024,MDB_CHANGE_RADAR_RULESET_1.0
31073,0.034246575342465779,0.022831050228310501,0.011415525114155334,0.089041095890410982,-0.020547945205479534,0.17808219178082194,-0.0045662100456621002,-0.1050228310502283,False,False,False,False,False,0,2023,2024,MDB_CHANGE_RADAR_RULESET_1.0
31074,-0.02739726027397249,-0.038051750380517446,0.010654490106544956,-0.052511415525114069,-0.0022831050228310223,-0.022831050228310557,0,-0.091324200913242004,False,False,False,False,False,0,2023,2024,MDB_CHANGE_RADAR_RULESET_1.0
31075,-0.038812785388127935,0.012176560121765601,-0.050989345509893536,-0.034246575342465668,-0.04337899543378998,-0.015981735159817351,-0.0045662100456620447,0.057077625570776225,False,False,False,False,False,0,2023,2024,MDB_CHANGE_RADAR_RULESET_1.0
31076,0.15296803652968027,-0.088280060882800493,0.24124809741248077,0.15068493150684925,0.15525114155251141,-0.0045662100456620447,-0.0045662100456621002,-0.25570776255707761,True,False,True,False,True,3,2023,2024,MDB_CHANGE_RADAR_RULESET_1.0
31077,-0.0079908675799086337,0.12176560121765598,-0.12975646879756458,0.0068493150684931781,-0.022831050228310501,-0.022831050228310501,-0.0045662100456621002,0.39269406392694062,False,False,False,False,False,0,2023,2024,MDB_CHANGE_RADAR_RULESET_1.0
31078,-0.03082191780821919,0.060121765601217514,-0.090943683409436704,-0.15068493150684936,0.089041095890410982,0.18264840182648401,-0.0068493150684931781,0.0045662100456620447,False,False,False,False,False,0,2023,2024,MDB_CHANGE_RADAR_RULESET_1.0
31079,-0.022831050228310501,0.071537290715372959,-0.09436834094368346,-0.031963470319634701,-0.013698630136986301,-0.022831050228310446,-0.0091324200913242004,0.24657534246575341,False,False,False,False,False,0,2023,2024,MDB_CHANGE_RADAR_RULESET_1.0
31082,0.055936073059360658,-0.012937595129375978,0.068873668188736636,0,0.11187214611872145,-0.031963470319634701,-0.0045662100456621002,-0.0022831050228310223,False,False,False,False,False,0,2023,2024,MDB_CHANGE_RADAR_RULESET_1.0
31083,0.085616438356164282,-0.029680365296803735,0.11529680365296802,0.13470319634703193,0.036529680365296802,-0.025114155251141579,-0.0045662100456620447,-0.05936073059360733,False,False,False,False,False,0,2023,2024,MDB_CHANGE_RADAR_RULESET_1.0
31084,0.034246575342465779,-0.0022831050228309113,0.036529680365296691,0.045662100456621002,0.022831050228310446,-0.015981735159817351,-0.0022831050228310223,0.011415525114155334,False,False,False,False,False,0,2023,2024,MDB_CHANGE_RADAR_RULESET_1.0
31085,0.11301369863013697,0.038051750380517502,0.074961948249619437,-0.16666666666666666,0.39269406392694062,0.091324200913242004,-0.0045662100456621002,0.027397260273972601,False,False,False,True,False,1,2023,2024,MDB_CHANGE_RADAR_RULESET_1.0
31086,-0.027397260273972657,0.022070015220700123,-0.04946727549467278,-0.16666666666666674,0.11187214611872148,-0.020547945205479451,-0.006849315068493067,0.093607305936073026,False,False,False,False,False,0,2023,2024,MDB_CHANGE_RADAR_RULESET_1.0
31087,-0.079908675799086726,-0.022070015220700123,-0.057838660578386603,-0.14840182648401823,-0.011415525114155251,-0.029680365296803735,-0.0045662100456621002,-0.031963470319634701,False,False,False,False,False,0,2023,2024,MDB_CHANGE_RADAR_RULESET_1.0
31088,-0.054794520547945202,-0.0060882800608826892,-0.048706240487062513,-0.17579908675799083,0.066210045662100453,-0.0068493150684931781,-0.0045662100456621002,-0.0068493150684931781,False,False,False,False,False,0,2023,2024,MDB_CHANGE_RADAR_RULESET_1.0
31089,0.10159817351598166,0.0038051750380517779,0.097792998477929882,0.031963470319634757,0.17123287671232876,-0.013698630136986356,-0.0045662100456621002,0.029680365296803624,False,False,False,False,False,0,2023,2024,MDB_CHANGE_RADAR_RULESET_1.0
31090,0.074200913242009059,-0.019786910197869156,0.093987823439878215,0.13926940639269403,0.0091324200913242004,-0.0068493150684931781,-0.0045662100456621002,-0.047945205479452024,False,False,False,False,False,0,2023,2024,MDB_CHANGE_RADAR_RULESET_1.0
31091,-0.090182648401826437,0.18264840182648412,-0.27283105022831056,-0.059360730593607247,-0.12100456621004563,0.37671232876712335,-0.006849315068493067,0.17808219178082185,False,False,False,False,False,0,2023,2024,MDB_CHANGE_RADAR_RULESET_1.0
31092,-0.065068493150684859,-0.034246575342465779,-0.030821917808219079,-0.011415525114155223,-0.11872146118721461,-0.018264840182648401,-0.0045662100456621002,-0.079908675799086781,False,False,False,False,False,0,2023,2024,MDB_CHANGE_RADAR_RULESET_1.0
31093,0.1906392694063927,-0.0053272450532725335,0.19596651445966523,0.28767123287671237,0.093607305936073082,-0.015981735159817378,-0.0045662100456621002,0.0045662100456620447,True,False,False,True,False,2,2023,2024,MDB_CHANGE_RADAR_RULESET_1.0
31094,-0.041095890410958902,-0.065449010654489936,0.024353120243531035,-0.061643835616438353,-0.020547945205479479,-0.006849315068493067,-0.0022831050228310223,-0.18721461187214616,False,False,False,False,False,0,2023,2024,MDB_CHANGE_RADAR_RULESET_1.0
31095,0.22831050228310512,-0.012176560121765601,0.24048706240487072,0.13242009132420091,0.32420091324200917,-0.015981735159817267,-0.0045662100456621002,-0.015981735159817378,True,False,True,True,False,3,2023,2024,MDB_CHANGE_RADAR_RULESET_1.0
31096,-0.0045662100456621002,-0.024353120243531201,0.019786910197869101,-0.0045662100456621002,-0.0045662100456621002,-0.015981735159817267,-0.0022831050228310223,-0.054794520547945202,False,False,False,False,False,0,2023,2024,MDB_CHANGE_RADAR_RULESET_1.0
31097,-0.012557077625570789,0.025875190258751957,-0.038432267884322746,-0.022831050228310501,-0.0022831050228310223,-0.0068493150684931503,-0.0068493150684931781,0.091324200913242004,False,False,False,False,False,0,2023,2024,MDB_CHANGE_RADAR_RULESET_1.0
31098,-0.027397260273972601,0.012176560121765601,-0.039573820395738202,-0.068493150684931559,0.013698630136986356,-0.0068493150684931781,-0.0022831050228310223,0.04566210045662103,False,False,False,False,False,0,2023,2024,MDB_CHANGE_RADAR_RULESET_1.0
31099,0.0045662100456621002,-0.020547945205479423,0.025114155251141523,-0.066210045662100481,0.075342465753424626,-0.011415525114155223,-0.0045662100456621557,-0.045662100456621002,False,False,False,False,False,0,2023,2024,MDB_CHANGE_RADAR_RULESET_1.0
31100,0.03538812785388129,0.12176560121765603,-0.086377473363774743,-0.16438356164383564,0.23515981735159819,0.36529680365296802,-0.0045662100456621002,0.0045662100456621002,False,False,False,True,False,1,2023,2024,MDB_CHANGE_RADAR_RULESET_1.0
31101,0.055936073059360769,0.05707762557077628,-0.0011415525114155112,-0.034246575342465668,0.14611872146118721,-0.0091324200913242004,-0.0045662100456621002,0.18493150684931506,False,False,False,False,False,0,2023,2024,MDB_CHANGE_RADAR_RULESET_1.0
31102,0.0057077625570776253,0.011415525114155223,-0.0057077625570776114,0.011415525114155251,0,0,-0.0045662100456621002,0.038812785388127935,False,False,False,False,False,0,2023,2024,MDB_CHANGE_RADAR_RULESET_1.0
32001,0.042237442922374413,0.039573820395738146,0.0026636225266362668,0.084474885844748826,0,-0.015981735159817351,-0.0045662100456621002,0.13926940639269403,False,False,False,False,False,0,2023,2024,MDB_CHANGE_RADAR_RULESET_1.0
32002,-0.03082191780821919,-0.0022831050228310779,-0.028538812785388112,-0.011415525114155251,-0.050228310502283102,0.013698630136986301,-0.0091324200913242004,-0.011415525114155278,False,False,False,False,False,0,2023,2024,MDB_CHANGE_RADAR_RULESET_1.0
32003,0.077625570776255703,-0.00076103500761032228,0.078386605783866026,0.16894977168949774,-0.013698630136986301,-0.018264840182648401,-0.011415525114155223,0.027397260273972601,False,False,False,False,False,0,2023,2024,MDB_CHANGE_RADAR_RULESET_1.0
32004,0.070776255707762525,-0.015981735159817323,0.086757990867579848,0.15981735159817351,-0.018264840182648401,-0.022831050228310501,-0.0045662100456621002,-0.020547945205479423,False,False,False,False,False,0,2023,2024,MDB_CHANGE_RADAR_RULESET_1.0
33001,-0.010273972602739656,-0.036529680365296802,0.026255707762557146,-0.031963470319634701,0.011415525114155334,-0.020547945205479423,-0.0091324200913242004,-0.079908675799086781,False,False,False,False,False,0,2023,2024,MDB_CHANGE_RADAR_RULESET_1.0
33002,-2.7755575615628914e-17,-0.0083713850837138226,0.0083713850837137671,-0.034246575342465752,0.034246575342465724,-0.041095890410958902,-0.0068493150684931781,0.022831050228310557,False,False,False,False,False,0,2023,2024,MDB_CHANGE_RADAR_RULESET_1.0
33003,-0.055936073059360714,0.0083713850837137116,-0.06430745814307437,-0.036529680365296802,-0.075342465753424626,0.0068493150684931781,0,0.018264840182648401,False,False,False,False,False,0,2023,2024,MDB_CHANGE_RADAR_RULESET_1.0
33004,0.0091324200913242004,-0.0045662100456619337,0.013698630136986134,0.0068493150684931503,0.011415525114155223,-0.022831050228310557,0,0.0091324200913242004,False,False,False,False,False,0,2023,2024,MDB_CHANGE_RADAR_RULESET_1.0
33005,-0.045662100456621002,-0.0030441400304413446,-0.042617960426179657,-0.025114155251141551,-0.066210045662100425,0.0091324200913242004,-0.0068493150684931781,-0.011415525114155223,False,False,False,False,False,0,2023,2024,MDB_CHANGE_RADAR_RULESET_1.0
33006,-0.041095890410958957,-0.0083713850837138226,-0.032724505327245135,-0.022831050228310501,-0.059360730593607358,-0.0022831050228310501,-0.0068493150684931781,-0.015981735159817378,False,False,False,False,False,0,2023,2024,MDB_CHANGE_RADAR_RULESET_1.0
33007,-0.087899543378995415,-0.028158295281582979,-0.059741248097412436,-0.16438356164383564,-0.011415525114155223,-0.011415525114155223,-0.0068493150684931781,-0.066210045662100425,False,False,False,False,False,0,2023,2024,MDB_CHANGE_RADAR_RULESET_1.0
33008,-0.10730593607305933,-0.015220700152207001,-0.092085235920852326,0.0022831050228310779,-0.21689497716894973,0.018264840182648401,-0.0091324200913242004,-0.054794520547945202,False,False,False,False,False,0,2023,2024,MDB_CHANGE_RADAR_RULESET_1.0
33009,-0.060502283105022814,0.0076103500761035558,-0.06811263318112637,-0.06164383561643838,-0.059360730593607247,-0.029680365296803624,-0.0068493150684931781,0.059360730593607247,False,False,False,False,False,0,2023,2024,MDB_CHANGE_RADAR_RULESET_1.0
35011,-0.026255707762557035,0.0106544901065449,-0.036910197869101935,-0.018264840182648401,-0.034246575342465668,0.0022831050228310501,-0.0068493150684931781,0.036529680365296802,False,False,False,False,False,0,2023,2024,MDB_CHANGE_RADAR_RULESET_1.0
35012,-0.019406392694063856,-0.0015220700152207556,-0.017884322678843101,-0.029680365296803651,-0.0091324200913242004,-0.029680365296803624,-0.0045662100456621002,0.029680365296803735,False,False,False,False,False,0,2023,2024,MDB_CHANGE_RADAR_RULESET_1.0
35013,0,-0.018264840182648512,0.018264840182648512,-0.0022831050228310501,0.0022831050228310223,0.0091324200913242004,-0.0045662100456621002,-0.059360730593607358,False,False,False,False,False,0,2023,2024,MDB_CHANGE_RADAR_RULESET_1.0
35014,-0.017123287671232834,-0.0022831050228310779,-0.014840182648401756,-0.022831050228310501,-0.011415525114155223,0.0022831050228310501,-0.0045662100456621002,-0.0045662100456621557,False,False,False,False,False,0,2023,2024,MDB_CHANGE_RADAR_RULESET_1.0
35015,0.015981735159817378,0.023592085235920823,-0.0076103500761034448,0.015981735159817351,0.015981735159817378,0.0045662100456621002,-0.0068493150684931781,0.073059360730593603,False,False,False,False,False,0,2023,2024,MDB_CHANGE_RADAR_RULESET_1.0
35016,-0.012557077625570789,-0.0045662100456621557,-0.0079908675799086337,0,-0.025114155251141579,-0.0045662100456621002,-0.0091324200913242004,0,False,False,False,False,False,0,2023,2024,MDB_CHANGE_RADAR_RULESET_1.0
35021,-0.053652968036529747,0.048706240487062402,-0.10235920852359215,-0.18264840182648406,0.075342465753424626,-0.018264840182648401,-0.0045662100456621002,0.16894977168949771,False,False,False,False,False,0,2023,2024,MDB_CHANGE_RADAR_RULESET_1.0
35022,-0.039954337899543391,-0.0060882800608828003,-0.03386605783866059,-0.063926940639269403,-0.015981735159817378,-0.020547945205479534,-0.0045662100456621002,0.0068493150684931781,False,False,False,False,False,0,2023,2024,MDB_CHANGE_RADAR_RULESET_1.0
35023,0.0045662100456620447,-0.031202435312024324,0.035768645357686368,0.0091324200913242004,0,-0.018264840182648401,-0.0045662100456621002,-0.070776255707762525,False,False,False,False,False,0,2023,2024,MDB_CHANGE_RADAR_RULESET_1.0
35031,0.012557077625570789,0.00076103500761037779,0.011796042617960412,0.075342465753424626,-0.050228310502283158,-0.0022831050228310501,-0.0045662100456621002,0.0091324200913242004,False,False,False,False,False,0,2023,2024,MDB_CHANGE_RADAR_RULESET_1.0
35032,-0.099315068493150749,-0.019025875190258779,-0.08028919330289197,-0.18264840182648401,-0.015981735159817378,-0.015981735159817351,-0.0091324200913242004,-0.031963470319634701,False,False,False,False,False,0,2023,2024,MDB_CHANGE_RADAR_RULESET_1.0
35033,-0.045662100456621002,0.035007610350076046,-0.080669710806697048,-0.10502283105022836,0.013698630136986245,-0.018264840182648401,0.15525114155251141,-0.031963470319634701,False,False,False,False,False,0,2023,2024,MDB_CHANGE_RADAR_RULESET_1.0
35041,-0.059360730593607303,0.15372907153729065,-0.21308980213089795,-0.1004566210045662,-0.018264840182648401,0.0068493150684931781,0.34018264840182644,0.11415525114155256,False,False,False,False,False,0,2023,2024,MDB_CHANGE_RADAR_RULESET_1.0
35051,-0.014840182648401812,-0.0045662100456620447,-0.010273972602739767,-0.093607305936073026,0.063926940639269403,-0.0091324200913242004,0.0022831050228311334,-0.0068493150684931781,False,False,False,False,False,0,2023,2024,MDB_CHANGE_RADAR_RULESET_1.0
35052,0.019406392694063912,-0.015981735159817323,0.035388127853881235,0.020547945205479423,0.018264840182648401,-0.0091324200913242004,-0.0045662100456621002,-0.034246575342465668,False,False,False,False,False,0,2023,2024,MDB_CHANGE_RADAR_RULESET_1.0
35061,0.023972602739726012,0,0.023972602739726012,0.027397260273972601,0.020547945205479423,-0.015981735159817378,-0.0045662100456621002,0.020547945205479479,False,False,False,False,False,0,2023,2024,MDB_CHANGE_RADAR_RULESET_1.0
35062,0.017123287671232834,-0.029680365296803679,0.046803652968036513,0.047945205479452024,-0.013698630136986356,-0.031963470319634701,-0.0045662100456621002,-0.05251141552511418,False,False,False,False,False,0,2023,2024,MDB_CHANGE_RADAR_RULESET_1.0
35063,-0.069634703196346903,-0.014459665144596734,-0.055175038051750169,-0.15525114155251141,0.015981735159817378,-0.036529680365296802,-0.0045662100456621002,-0.0022831050228310223,False,False,False,False,False,0,2023,2024,MDB_CHANGE_RADAR_RULESET_1.0
35064,-0.05251141552511418,-0.0030441400304415112,-0.049467275494672669,-0.095890410958904104,-0.0091324200913242004,0.17351598173515981,-0.0045662100456621002,-0.17808219178082185,False,False,False,False,False,0,2023,2024,MDB_CHANGE_RADAR_RULESET_1.0
35065,-0.086757990867579848,0.013698630136986356,-0.1004566210045662,-0.13698630136986301,-0.036529680365296802,-0.011415525114155334,-0.0045662100456621002,0.057077625570776225,False,False,False,False,False,0,2023,2024,MDB_CHANGE_RADAR_RULESET_1.0
35071,-0.0022831050228310223,-0.0022831050228310779,5.5511151231257827e-17,0.022831050228310446,-0.027397260273972601,-0.029680365296803651,-0.0045662100456621002,0.027397260273972601,False,False,False,False,False,0,2023,2024,MDB_CHANGE_RADAR_RULESET_1.0
35072,-0.017123287671232834,-0.015220700152207001,-0.0019025875190258335,-0.0045662100456621002,-0.029680365296803624,-0.031963470319634701,-0.0068493150684931781,-0.0068493150684931781,False,False,False,False,False,0,2023,2024,MDB_CHANGE_RADAR_RULESET_1.0
35073,0.0034246575342465335,-0.0053272450532724225,0.008751902587518956,-0.025114155251141551,0.031963470319634646,-0.018264840182648401,-0.0068493150684931781,0.0091324200913242004,False,False,False,False,False,0,2023,2024,MDB_CHANGE_RADAR_RULESET_1.0
35074,0.044520547945205546,-0.0076103500761034448,0.052130898021308991,0.047945205479452024,0.041095890410958846,-0.013698630136986245,-0.0045662100456621002,-0.0045662100456620447,False,False,False,False,False,0,2023,2024,MDB_CHANGE_RADAR_RULESET_1.0
35081,-0.099315068493150749,0.025875190258751901,-0.12519025875190265,-0.15296803652968044,-0.045662100456621002,0,-0.0045662100456621002,0.082191780821917804,False,False,False,False,False,0,2023,2024,MDB_CHANGE_RADAR_RULESET_1.0
35082,0.075342465753424626,-0.06164383561643838,0.13698630136986301,0.15981735159817351,-0.0091324200913242004,-0.015981735159817378,-0.0045662100456621002,-0.16438356164383561,False,False,False,False,False,0,2023,2024,MDB_CHANGE_RADAR_RULESET_1.0
35083,-0.06164383561643838,0.044140030441400357,-0.10578386605783874,-0.15296803652968038,0.029680365296803624,0.13242009132420096,0,0,False,False,False,False,False,0,2023,2024,MDB_CHANGE_RADAR_RULESET_1.0
35091,0.060502283105022925,0.017503805175038134,0.042998477929984791,0.12100456621004574,0,-0.013698630136986245,-0.0045662100456621002,0.070776255707762581,False,False,False,False,False,0,2023,2024,MDB_CHANGE_RADAR_RULESET_1.0
35092,0.018264840182648401,-0.021308980213089801,0.039573820395738202,0.06164383561643838,-0.025114155251141579,-0.011415525114155223,-0.0045662100456621002,-0.047945205479452135,False,False,False,False,False,0,2023,2024,MDB_CHANGE_RADAR_RULESET_1.0
35093,0.025114155251141579,-0.029680365296803735,0.054794520547945313,0.050228310502283158,0,-0.018264840182648401,-0.0045662100456621002,-0.066210045662100536,False,False,False,False,False,0,2023,2024,MDB_CHANGE_RADAR_RULESET_1.0
35094,-0.052511415525114069,0.021308980213089912,-0.073820395738203981,-0.084474885844748826,-0.020547945205479423,0.084474885844748826,-0.0045662100456621002,-0.015981735159817267,False,False,False,False,False,0,2023,2024,MDB_CHANGE_RADAR_RULESET_1.0
35095,-0.0057077625570776114,-0.014459665144596623,0.0087519025875190115,-0.011415525114155223,0,-0.018264840182648401,-0.0045662100456621002,-0.020547945205479423,False,False,False,False,False,0,2023,2024,MDB_CHANGE_RADAR_RULESET_1.0
35101,-0.1404109589041096,0.051750380517503913,-0.19216133942161351,-0.14840182648401823,-0.13242009132420085,0.029680365296803735,-0.0045662100456621002,0.13013698630136988,False,False,False,False,False,0,2023,2024,MDB_CHANGE_RADAR_RULESET_1.0
35102,-0.038812785388127824,0.040334855403348524,-0.079147640791476348,-0.036529680365296802,-0.041095890410958846,-0.020547945205479423,-0.0045662100456621557,0.14611872146118721,False,False,False,False,False,0,2023,2024,MDB_CHANGE_RADAR_RULESET_1.0
35103,0.011415525114155278,-0.054794520547945202,0.066210045662100481,0.020547945205479479,0.0022831050228310223,-0.027397260273972601,-0.0045662100456621002,-0.13242009132420093,False,False,False,False,False,0,2023,2024,MDB_CHANGE_RADAR_RULESET_1.0
35104,-0.042237442922374469,-0.023592085235920823,-0.018645357686453645,-0.041095890410958902,-0.04337899543378998,-0.022831050228310501,-0.0045662100456621002,-0.04337899543378998,False,False,False,False,False,0,2023,2024,MDB_CHANGE_RADAR_RULESET_1.0
35111,-0.044520547945205546,0.0091324200913242004,-0.053652968036529747,-0.098173515981735154,0.0091324200913242004,-0.015981735159817378,-0.0091324200913242004,0.052511415525114069,False,False,False,False,False,0,2023,2024,MDB_CHANGE_RADAR_RULESET_1.0
35112,-0.058219178082191791,0.0022831050228311334,-0.060502283105022925,-0.11415525114155251,-0.0022831050228310223,0.013698630136986245,-0.0045662100456621002,-0.0022831050228310223,False,False,False,False,False,0,2023,2024,MDB_CHANGE_RADAR_RULESET_1.0
35113,0.12557077625570767,-0.023592085235920601,0.14916286149162827,0.23515981735159808,0.015981735159817378,0,-0.0045662100456621002,-0.066210045662100425,False,False,False,True,False,1,2023,2024,MDB_CHANGE_RADAR_RULESET_1.0
35114,0.11187214611872154,0.054794520547945202,0.057077625570776336,0.19178082191780821,0.031963470319634757,-0.018264840182648401,-0.0022831050228310223,0.18493150684931509,False,False,False,False,False,0,2023,2024,MDB_CHANGE_RADAR_RULESET_1.0
35115,0.0079908675799086337,-0.018264840182648512,0.026255707762557146,0.0045662100456621557,0.011415525114155223,-0.006849315068493067,-0.0045662100456621002,-0.04337899543378998,False,False,False,False,False,0,2023,2024,MDB_CHANGE_RADAR_RULESET_1.0
35121,-0.083333333333333259,0.0038051750380517779,-0.087138508371385037,-0.20319634703196343,0.036529680365296802,-0.020547945205479423,-0.0091324200913242004,0.041095890410958957,False,False,False,False,False,0,2023,2024,MDB_CHANGE_RADAR_RULESET_1.0
35131,-0.025114155251141579,0.054794520547945202,-0.079908675799086781,-0.050228310502283158,0,-0.022831050228310501,-0.0045662100456621002,0.19178082191780821,False,False,False,False,False,0,2023,2024,MDB_CHANGE_RADAR_RULESET_1.0
35132,-0.039954337899543391,0.0068493150684931225,-0.046803652968036513,-0.057077625570776225,-0.022831050228310446,0.020547945205479451,-0.0045662100456621002,0.0045662100456621557,False,False,False,False,False,0,2023,2024,MDB_CHANGE_RADAR_RULESET_1.0
35133,0.0045662100456621557,0.028158295281582923,-0.023592085235920768,0.034246575342465724,-0.025114155251141579,0.0022831050228310501,-0.0045662100456621002,0.086757990867579848,False,False,False,False,False,0,2023,2024,MDB_CHANGE_RADAR_RULESET_1.0
35141,-0.039954337899543391,0.047945205479452135,-0.087899543378995526,-0.075342465753424681,-0.0045662100456620447,-0.022831050228310446,-0.0045662100456621002,0.17123287671232879,False,False,False,False,False,0,2023,2024,MDB_CHANGE_RADAR_RULESET_1.0
35142,0.039954337899543391,-0.016742770167427645,0.056697108066971036,0.079908675799086781,0,-0.011415525114155223,-0.0045662100456621002,-0.034246575342465779,False,False,False,False,False,0,2023,2024,MDB_CHANGE_RADAR_RULESET_1.0
35143,-0.041095890410958846,0.027397260273972601,-0.068493150684931448,-0.082191780821917804,0,-0.0045662100456620447,-0.0045662100456621002,0.091324200913242004,False,False,False,False,False,0,2023,2024,MDB_CHANGE_RADAR_RULESET_1.0
35151,-0.017123287671232834,0.016742770167427756,-0.03386605783866059,-0.041095890410958902,0.0068493150684931781,0.091324200913242004,-0.0045662100456621002,-0.036529680365296802,False,False,False,False,False,0,2023,2024,MDB_CHANGE_RADAR_RULESET_1.0
35152,-0.086757990867579959,0.015220700152207001,-0.10197869101978696,-0.098173515981735071,-0.075342465753424737,-0.034246575342465779,-0.0045662100456621002,0.084474885844748937,False,False,False,False,False,0,2023,2024,MDB_CHANGE_RADAR_RULESET_1.0
35153,-0.1095890410958904,0.058599695585996953,-0.16818873668188739,-0.19178082191780821,-0.027397260273972601,-0.0022831050228310501,-0.0045662100456621002,0.18264840182648401,False,False,False,False,False,0,2023,2024,MDB_CHANGE_RADAR_RULESET_1.0
35154,-0.052511415525114125,0.0083713850837138226,-0.060882800608827947,-0.068493150684931503,-0.036529680365296802,-0.022831050228310501,-0.0045662100456621002,0.05251141552511418,False,False,False,False,False,0,2023,2024,MDB_CHANGE_RADAR_RULESET_1.0
35155,-0.017123287671232834,-0.0053272450532724225,-0.011796042617960412,-0.022831050228310501,-0.011415525114155223,-0.034246575342465779,-0.0045662100456621002,0.022831050228310557,False,False,False,False,False,0,2023,2024,MDB_CHANGE_RADAR_RULESET_1.0
35156,-0.071917808219178092,0.037290715372907179,-0.10920852359208527,-0.11187214611872148,-0.031963470319634646,0,-0.0045662100456621002,0.11643835616438358,False,False,False,False,False,0,2023,2024,MDB_CHANGE_RADAR_RULESET_1.0
35157,0.07420091324200917,0.15829528158295275,-0.084094368340943582,0.17123287671232879,-0.022831050228310446,0.17808219178082191,-0.0045662100456621002,0.30136986301369861,False,False,False,False,False,0,2023,2024,MDB_CHANGE_RADAR_RULESET_1.0
35161,0.015981735159817323,-0.0053272450532724225,0.021308980213089745,-0.025114155251141579,0.057077625570776225,0.04337899543378998,-0.0068493150684931781,-0.05251141552511418,False,False,False,False,False,0,2023,2024,MDB_CHANGE_RADAR_RULESET_1.0
35162,0.010273972602739767,-0.036529680365296802,0.046803652968036569,0.027397260273972601,-0.0068493150684931503,-0.013698630136986245,-0.0045662100456621002,-0.091324200913242004,False,False,False,False,False,0,2023,2024,MDB_CHANGE_RADAR_RULESET_1.0
35163,-0.0022831050228310223,0.0060882800608828003,-0.0083713850837138226,0.050228310502283102,-0.054794520547945202,-0.020547945205479423,-0.0068493150684931781,0.045662100456621002,False,False,False,False,False,0,2023,2024,MDB_CHANGE_RADAR_RULESET_1.0
35171,-0.0057077625570776669,-0.012937595129375978,0.0072298325722983114,0.0068493150684931503,-0.018264840182648401,-0.0068493150684931503,-0.0045662100456621002,-0.027397260273972601,False,False,False,False,False,0,2023,2024,MDB_CHANGE_RADAR_RULESET_1.0
35172,-0.050228310502283158,-0.04946727549467278,-0.00076103500761037779,-0.015981735159817378,-0.084474885844748882,-0.020547945205479423,-0.0045662100456621002,-0.12328767123287665,False,False,False,False,False,0,2023,2024,MDB_CHANGE_RADAR_RULESET_1.0
35173,-0.018264840182648512,0.0091324200913242004,-0.027397260273972712,-0.050228310502283102,0.013698630136986245,0.054794520547945202,-0.0045662100456621002,-0.022831050228310557,False,False,False,False,False,0,2023,2024,MDB_CHANGE_RADAR_RULESET_1.0
35174,0,-0.00076103500761032228,0.00076103500761032228,0,0,-0.018264840182648401,-0.006849315068493067,0.022831050228310557,False,False,False,False,False,0,2023,2024,MDB_CHANGE_RADAR_RULESET_1.0
41001,-0.0068493150684931781,0.028919330289193301,-0.035768645357686479,-0.018264840182648401,0.0045662100456620447,-0.025114155251141523,-0.0045662100456621002,0.11643835616438356,False,False,False,False,False,0,2023,2024,MDB_CHANGE_RADAR_RULESET_1.0
41002,0.0057077625570776114,-0.011415525114155167,0.017123287671232779,0.015981735159817378,-0.0045662100456620447,0,-0.0091324200913242004,-0.025114155251141523,False,False,False,False,False,0,2023,2024,MDB_CHANGE_RADAR_RULESET_1.0
41003,0.058219178082191791,-0.0076103500761035281,0.065829528158295347,0.079908675799086781,0.036529680365296802,-0.027397260273972601,-0.0045662100456621002,0.0091324200913242004,False,False,False,False,False,0,2023,2024,MDB_CHANGE_RADAR_RULESET_1.0
41004,0.029680365296803624,0.085235920852359148,-0.055555555555555525,-0.036529680365296802,0.09589041095890416,0.23972602739726026,-0.0045662100456621557,0.020547945205479451,False,False,False,False,False,0,2023,2024,MDB_CHANGE_RADAR_RULESET_1.0
41005,0.003424657534246589,-0.030441400304414057,0.033866057838660646,-0.013698630136986245,0.020547945205479423,-0.029680365296803735,-0.0068493150684931781,-0.054794520547945202,False,False,False,False,False,0,2023,2024,MDB_CHANGE_RADAR_RULESET_1.0
41006,-0.011415525114155334,-0.070776255707762525,0.059360730593607247,0.011415525114155223,-0.034246575342465779,-0.011415525114155251,-0.0045662100456621002,-0.19634703196347031,False,False,False,False,False,0,2023,2024,MDB_CHANGE_RADAR_RULESET_1.0
41007,0.041095890410958846,-0.04642313546423138,0.087519025875190226,0.068493150684931448,0.013698630136986301,-0.022831050228310557,-0.0091324200913242004,-0.10730593607305938,False,False,False,False,False,0,2023,2024,MDB_CHANGE_RADAR_RULESET_1.0
41008,0.02168949771689499,-0.025114155251141523,0.046803652968036513,-0.013698630136986356,0.057077625570776225,-0.029680365296803624,-0.0045662100456621002,-0.041095890410958902,False,False,False,False,False,0,2023,2024,MDB_CHANGE_RADAR_RULESET_1.0
41009,0.03082191780821919,-0.079908675799086726,0.11073059360730592,-0.045662100456621002,0.10730593607305938,-0.027397260273972601,-0.0045662100456621002,-0.20776255707762553,False,False,False,False,True,1,2023,2024,MDB_CHANGE_RADAR_RULESET_1.0
41010,-0.086757990867579848,-0.0022831050228310223,-0.084474885844748826,-0.13926940639269403,-0.034246575342465779,-0.011415525114155251,-0.0045662100456621002,0.0091324200913242004,False,False,False,False,False,0,2023,2024,MDB_CHANGE_RADAR_RULESET_1.0
41011,0.041095890410958957,0.024353120243531201,0.016742770167427756,0.10502283105022836,-0.022831050228310446,-0.018264840182648401,-0.0045662100456621002,0.095890410958904104,False,False,False,False,False,0,2023,2024,MDB_CHANGE_RADAR_RULESET_1.0
41012,0.047945205479452024,-0.013698630136986301,0.061643835616438325,0.1004566210045662,-0.0045662100456621557,0.0022831050228310501,-0.0045662100456621002,-0.038812785388127824,False,False,False,False,False,0,2023,2024,MDB_CHANGE_RADAR_RULESET_1.0
41013,0.094748858447488593,0.00076103500761037779,0.093987823439878215,0.19863013698630136,-0.0091324200913242004,-0.018264840182648401,-0.0045662100456621002,0.025114155251141579,False,False,False,False,False,0,2023,2024,MDB_CHANGE_RADAR_RULESET_1.0
41014,0.03082191780821919,0.015220700152207056,0.01560121765601219,0.059360730593607358,0.0022831050228310223,-0.015981735159817351,-0.0045662100456621002,0.066210045662100453,False,False,False,False,False,0,2023,2024,MDB_CHANGE_RADAR_RULESET_1.0
41015,-0.023972602739726012,-0.064687975646879781,0.040715372907153768,0.0022831050228310779,-0.050228310502283047,0.04109589041095893,-0.011415525114155223,-0.22374429223744297,False,False,False,False,True,1,2023,2024,MDB_CHANGE_RADAR_RULESET_1.0
41016,0.069634703196347014,0.022070015220700068,0.047564687975646947,0.13698630136986301,0.0022831050228310223,0.057077625570776225,-0.0045662100456621002,0.013698630136986245,False,False,False,False,False,0,2023,2024,MDB_CHANGE_RADAR_RULESET_1.0
41017,0.0022831050228310223,0.011415525114155334,-0.0091324200913243114,-0.0022831050228310779,0.0068493150684931781,0.018264840182648401,-0.0045662100456621002,0.020547945205479479,False,False,False,False,False,0,2023,2024,MDB_CHANGE_RADAR_RULESET_1.0
41018,0.0022831050228310223,-0.069254185692541825,0.071537290715372848,-0.015981735159817378,0.020547945205479423,-0.020547945205479423,-0.0022831050228310223,-0.18493150684931509,False,False,False,False,False,0,2023,2024,MDB_CHANGE_RADAR_RULESET_1.0
41019,0.013698630136986245,-0.00076103500761032228,0.014459665144596512,0.05251141552511418,-0.025114155251141579,-0.011415525114155251,-0.0045662100456621002,0.013698630136986301,False,False,False,False,False,0,2023,2024,MDB_CHANGE_RADAR_RULESET_1.0
41020,-0.055936073059360769,0.018264840182648345,-0.074200913242009114,-0.12100456621004563,0.0091324200913242004,-0.029680365296803624,-0.0045662100456621002,0.089041095890410982,False,False,False,False,False,0,2023,2024,MDB_CHANGE_RADAR_RULESET_1.0
41021,-0.04337899543378998,-0.011415525114155223,-0.031963470319634757,-0.079908675799086781,-0.0068493150684931781,-0.018264840182648401,-0.0045662100456621002,-0.011415525114155251,False,False,False,False,False,0,2023,2024,MDB_CHANGE_RADAR_RULESET_1.0
41022,-0.11415525114155256,0.015220700152207056,-0.12937595129375962,-0.22374429223744297,-0.0045662100456620447,-0.0068493150684931781,-0.0045662100456621002,0.05707762557077628,False,False,False,False,False,0,2023,2024,MDB_CHANGE_RADAR_RULESET_1.0
42001,0.011415525114155223,-0.0015220700152206446,0.012937595129375978,0.0022831050228310223,0.020547945205479423,-0.020547945205479423,-0.0045662100456621002,0.020547945205479479,False,False,False,False,False,0,2023,2024,MDB_CHANGE_RADAR_RULESET_1.0
42002,0.034246575342465779,-0.046423135464231435,0.080669710806697215,0.015981735159817378,0.052511415525114069,-0.045662100456621002,-0.0045662100456621002,-0.089041095890410926,False,False,False,False,False,0,2023,2024,MDB_CHANGE_RADAR_RULESET_1.0
42003,0.06164383561643838,-0.031202435312024379,0.09284627092846276,0.1095890410958904,0.013698630136986356,-0.025114155251141579,-0.0045662100456621002,-0.063926940639269403,False,False,False,False,False,0,2023,2024,MDB_CHANGE_RADAR_RULESET_1.0
42004,0.047945205479452024,-0.016742770167427645,0.06468797564687967,0.075342465753424626,0.020547945205479423,-0.031963470319634701,-0.0022831050228311334,-0.015981735159817323,False,False,False,False,False,0,2023,2024,MDB_CHANGE_RADAR_RULESET_1.0
42005,0.0011415525114155112,-0.021308980213089801,0.022450532724505312,0.0091324200913242004,-0.0068493150684931781,-0.027397260273972601,-0.0045662100456621002,-0.031963470319634701,False,False,False,False,False,0,2023,2024,MDB_CHANGE_RADAR_RULESET_1.0
42006,0.03082191780821919,0.014459665144596678,0.016362252663622512,0.034246575342465668,0.027397260273972601,-0.029680365296803679,-0.011415525114155334,0.084474885844748826,False,False,False,False,False,0,2023,2024,MDB_CHANGE_RADAR_RULESET_1.0
42007,-0.025114155251141468,-0.0045662100456621557,-0.020547945205479312,-0.050228310502283102,0,-0.0045662100456621002,-0.0045662100456621002,-0.0045662100456621557,False,False,False,False,False,0,2023,2024,MDB_CHANGE_RADAR_RULESET_1.0
42008,0.0068493150684931781,0.0015220700152207556,0.0053272450532724225,-0.038812785388127824,0.05251141552511418,-0.018264840182648401,-0.0045662100456621002,0.027397260273972657,False,False,False,False,False,0,2023,2024,MDB_CHANGE_RADAR_RULESET_1.0
42009,0.015981735159817378,0.085235920852359315,-0.069254185692541992,0.006849315068493067,0.025114155251141579,-0.020547945205479423,-0.0045662100456621002,0.28082191780821919,False,False,False,False,False,0,2023,2024,MDB_CHANGE_RADAR_RULESET_1.0
42010,-0.010273972602739767,-0.083713850837138448,0.073439878234398681,0.0022831050228311334,-0.022831050228310557,-0.034246575342465779,-0.0045662100456621557,-0.21232876712328763,False,False,False,False,True,1,2023,2024,MDB_CHANGE_RADAR_RULESET_1.0
42011,0.022831050228310557,-0.0076103500761035003,0.030441400304414112,0.0022831050228310223,0.04337899543378998,-0.013698630136986301,-0.0045662100456621002,-0.0045662100456621002,False,False,False,False,False,0,2023,2024,MDB_CHANGE_RADAR_RULESET_1.0
42012,-0.073059360730593603,-0.06468797564687967,-0.0083713850837139336,-0.10502283105022836,-0.041095890410958902,-0.022831050228310557,-0.0045662100456620447,-0.16666666666666669,False,False,False,False,False,0,2023,2024,MDB_CHANGE_RADAR_RULESET_1.0
42013,0.095890410958904049,0.16818873668188739,-0.072298325722983336,0.054794520547945202,0.13698630136986301,-0.020547945205479451,0.51598173515981738,0.0091324200913242004,False,False,False,False,False,0,2023,2024,MDB_CHANGE_RADAR_RULESET_1.0
42014,-0.015981735159817378,0.025875190258751901,-0.04185692541856928,-0.025114155251141579,-0.006849315068493067,-0.0068493150684931503,-0.011415525114155334,0.09589041095890416,False,False,False,False,False,0,2023,2024,MDB_CHANGE_RADAR_RULESET_1.0
42015,-0.021689497716895101,-0.011415525114155223,-0.010273972602739878,-0.10273972602739723,0.059360730593607247,-0.015981735159817378,-0.0045662100456621002,-0.013698630136986356,False,False,False,False,False,0,2023,2024,MDB_CHANGE_RADAR_RULESET_1.0
42016,0.018264840182648401,0.0060882800608826892,0.012176560121765712,0.018264840182648401,0.018264840182648401,0.084474885844748882,-0.0068493150684931781,-0.059360730593607358,False,False,False,False,False,0,2023,2024,MDB_CHANGE_RADAR_RULESET_1.0
42017,0.0057077625570776114,-0.04490106544901068,0.050608828006088291,-0.091324200913242004,0.10273972602739723,-0.043378995433790035,-0.0045662100456621002,-0.086757990867579904,False,False,False,False,False,0,2023,2024,MDB_CHANGE_RADAR_RULESET_1.0
43001,0.020547945205479423,0.018264840182648401,0.0022831050228310223,-0.0068493150684931781,0.047945205479452135,0.06164383561643838,-0.0045662100456621557,-0.0022831050228310223,False,False,False,False,False,0,2023,2024,MDB_CHANGE_RADAR_RULESET_1.0
43002,0.028538812785388057,0.025875190258751957,0.0026636225266361002,0.027397260273972601,0.029680365296803624,-0.013698630136986245,0,0.091324200913242004,False,False,False,False,False,0,2023,2024,MDB_CHANGE_RADAR_RULESET_1.0
43003,-0.067351598173515881,-0.0030441400304415112,-0.06430745814307437,-0.15068493150684925,0.015981735159817378,0.029680365296803624,-0.0045662100456621557,-0.034246575342465752,False,False,False,False,False,0,2023,2024,MDB_CHANGE_RADAR_RULESET_1.0
43004,-0.04337899543378998,-0.13622526636225274,0.09284627092846276,-0.079908675799086781,-0.006849315068493067,-0.041095890410958846,-0.11187214611872154,-0.25570776255707761,False,False,False,False,True,1,2023,2024,MDB_CHANGE_RADAR_RULESET_1.0
43005,-0.090182648401826548,0.046423135464231269,-0.13660578386605782,-0.18264840182648401,0.0022831050228310223,0.12557077625570778,-0.0091324200913242004,0.022831050228310446,False,False,False,False,False,0,2023,2024,MDB_CHANGE_RADAR_RULESET_1.0
43006,0.0079908675799087447,0.059360730593607247,-0.051369863013698502,0.0091324200913242004,0.0068493150684931781,0.034246575342465779,0,0.14383561643835618,False,False,False,False,False,0,2023,2024,MDB_CHANGE_RADAR_RULESET_1.0
43007,-0.0045662100456621557,-0.047945205479452024,0.043378995433789869,-0.018264840182648401,0.0091324200913242004,-0.029680365296803624,-0.036529680365296802,-0.077625570776255648,False,False,False,False,False,0,2023,2024,MDB_CHANGE_RADAR_RULESET_1.0
43008,-0.006849315068493067,-0.035007610350076157,0.02815829528158309,-0.013698630136986245,0,-0.015981735159817378,-0.0068493150684931781,-0.082191780821917804,False,False,False,False,False,0,2023,2024,MDB_CHANGE_RADAR_RULESET_1.0
43009,0.054794520547945202,-0.012937595129375978,0.067732115677321181,0.059360730593607247,0.050228310502283047,-0.054794520547945202,-0.0068493150684931781,0.022831050228310557,False,False,False,False,False,0,2023,2024,MDB_CHANGE_RADAR_RULESET_1.0
43010,-0.0011415525114155667,0.0091324200913242004,-0.010273972602739767,0.018264840182648401,-0.020547945205479534,0.0045662100456621002,0.022831050228310557,0,False,False,False,False,False,0,2023,2024,MDB_CHANGE_RADAR_RULESET_1.0
43011,-0.014840182648401701,-0.020547945205479423,0.0057077625570777224,-0.0045662100456620447,-0.025114155251141468,-0.0091324200913242004,0,-0.05251141552511418,False,False,False,False,False,0,2023,2024,MDB_CHANGE_RADAR_RULESET_1.0
43012,0.039954337899543502,-0.015981735159817378,0.05593607305936088,0.015981735159817378,0.063926940639269403,-0.0091324200913242004,-0.006849315068493067,-0.031963470319634757,False,False,False,False,False,0,2023,2024,MDB_CHANGE_RADAR_RULESET_1.0
43013,0.0011415525114154557,-0.0030441400304415112,0.0041856925418569668,0.0091324200913242004,-0.0068493150684931781,-0.020547945205479423,0,0.011415525114155334,False,False,False,False,False,0,2023,2024,MDB_CHANGE_RADAR_RULESET_1.0
43014,0.0022831050228310223,-0.0045662100456620447,0.006849315068493067,-0.034246575342465668,0.038812785388127824,-0.018264840182648401,0,0.0045662100456621002,False,False,False,False,False,0,2023,2024,MDB_CHANGE_RADAR_RULESET_1.0
43015,0.003424657534246589,-0.018264840182648401,0.02168949771689499,0,0.0068493150684931781,-0.027397260273972601,0,-0.027397260273972601,False,False,False,False,False,0,2023,2024,MDB_CHANGE_RADAR_RULESET_1.0
43016,-0.0079908675799087447,-0.010654490106544956,0.0026636225266362112,-0.029680365296803735,0.013698630136986356,-0.029680365296803624,0,-0.0022831050228310779,False,False,False,False,False,0,2023,2024,MDB_CHANGE_RADAR_RULESET_1.0
43017,-0.0022831050228310223,-0.017503805175038134,0.015220700152207112,-0.015981735159817378,0.011415525114155334,-0.029680365296803679,-0.011415525114155223,-0.011415525114155223,False,False,False,False,False,0,2023,2024,MDB_CHANGE_RADAR_RULESET_1.0
43018,0.029680365296803624,-0.0060882800608828003,0.035768645357686479,0.0045662100456620447,0.054794520547945202,-0.018264840182648401,-0.0068493150684931781,0.0068493150684931225,False,False,False,False,False,0,2023,2024,MDB_CHANGE_RADAR_RULESET_1.0
43019,-0.0022831050228311334,-0.04946727549467278,0.047184170471841702,0,-0.0045662100456621557,-0.0045662100456621002,-0.0045662100456620447,-0.13926940639269406,False,False,False,False,False,0,2023,2024,MDB_CHANGE_RADAR_RULESET_1.0
43020,0.0091324200913242004,0.046423135464231269,-0.037290715372907068,0.0091324200913242004,0.0091324200913242004,-0.0091324200913242004,0,0.14840182648401823,False,False,False,False,False,0,2023,2024,MDB_CHANGE_RADAR_RULESET_1.0
43021,-0.011415525114155223,-0.025875190258751957,0.014459665144596734,-0.027397260273972601,0.0045662100456621557,-0.018264840182648401,-0.006849315068493067,-0.05251141552511418,False,False,False,False,False,0,2023,2024,MDB_CHANGE_RADAR_RULESET_1.0
43022,0.06506849315068497,-0.038051750380517446,0.10312024353120242,0.14155251141552516,-0.011415525114155223,-0.025114155251141579,-0.0091324200913242004,-0.079908675799086781,False,False,False,False,False,0,2023,2024,MDB_CHANGE_RADAR_RULESET_1.0
43023,-0.010273972602739767,-0.039573820395738202,0.029299847792998435,-0.029680365296803624,0.0091324200913242004,-0.020547945205479451,-0.015981735159817378,-0.082191780821917804,False,False,False,False,False,0,2023,2024,MDB_CHANGE_RADAR_RULESET_1.0
43024,-0.077625570776255759,-0.041095890410959068,-0.036529680365296691,-0.17351598173515981,0.018264840182648401,-0.020547945205479479,-0.0068493150684931781,-0.095890410958904104,False,False,False,False,False,0,2023,2024,MDB_CHANGE_RADAR_RULESET_1.0
43025,-0.044520547945205546,-0.014079147640791434,-0.030441400304414112,-0.082191780821917804,-0.006849315068493067,-0.034246575342465724,-0.0057077625570777224,-0.0022831050228311334,False,False,False,False,False,0,2023,2024,MDB_CHANGE_RADAR_RULESET_1.0
43026,-0.026255707762557146,0.025875190258751735,-0.05213089802130888,-0.013698630136986356,-0.038812785388127824,0.14840182648401823,0,-0.070776255707762581,False,False,False,False,False,0,2023,2024,MDB_CHANGE_RADAR_RULESET_1.0
43027,0.042237442922374413,-0.074581430745814359,0.11681887366818877,0.089041095890410982,-0.0045662100456621557,-0.018264840182648401,-0.0045662100456620447,-0.20091324200913241,False,False,False,False,True,1,2023,2024,MDB_CHANGE_RADAR_RULESET_1.0
43028,0.0022831050228309113,-0.060121765601217625,0.062404870624048536,0,0.0045662100456620447,-0.011415525114155223,-0.0045662100456621557,-0.16438356164383561,False,False,False,False,False,0,2023,2024,MDB_CHANGE_RADAR_RULESET_1.0
43029,-0.0022831050228311334,0.028158295281582868,-0.030441400304414001,-0.011415525114155223,0.006849315068493067,0.10958904109589046,0,-0.025114155251141468,False,False,False,False,False,0,2023,2024,MDB_CHANGE_RADAR_RULESET_1.0
43030,-0.003424657534246478,0.11339421613394218,-0.11681887366818866,-0.011415525114155223,0.0045662100456620447,0.28082191780821919,-0.006849315068493067,0.066210045662100425,False,False,False,False,False,0,2023,2024,MDB_CHANGE_RADAR_RULESET_1.0
50009,0.12100456621004574,-0.022831050228310501,0.14383561643835624,0.16666666666666674,0.075342465753424626,-0.022831050228310501,-0.0045662100456621002,-0.041095890410958902,False,False,False,False,False,0,2023,2024,MDB_CHANGE_RADAR_RULESET_1.0
50010,0.028538812785388057,-0.013698630136986356,0.042237442922374413,0.10730593607305933,-0.050228310502283102,-0.013698630136986356,-0.0045662100456621002,-0.022831050228310501,False,False,False,False,False,0,2023,2024,MDB_CHANGE_RADAR_RULESET_1.0
50011,0.027397260273972712,-0.013698630136986356,0.041095890410959068,0.022831050228310557,0.031963470319634701,-0.0068493150684931503,-0.0045662100456621002,-0.029680365296803735,False,False,False,False,False,0,2023,2024,MDB_CHANGE_RADAR_RULESET_1.0
50012,-0.036529680365296802,-0.0022831050228310779,-0.034246575342465724,-0.073059360730593603,0,-0.020547945205479451,-0.011415525114155223,0.025114155251141551,False,False,False,False,False,0,2023,2024,MDB_CHANGE_RADAR_RULESET_1.0
50013,0.027397260273972601,-0.018264840182648401,0.045662100456621002,0.10273972602739734,-0.04794520547945208,-0.045662100456621002,-0.0045662100456621002,-0.0045662100456621557,False,False,False,False,False,0,2023,2024,MDB_CHANGE_RADAR_RULESET_1.0
50014,-0.015981735159817378,0.0038051750380517779,-0.019786910197869156,-0.10730593607305938,0.075342465753424626,-0.029680365296803624,-0.0091324200913242004,0.050228310502283047,False,False,False,False,False,0,2023,2024,MDB_CHANGE_RADAR_RULESET_1.0
50015,0.10958904109589029,0.00076103500761037779,0.10882800608827997,0.18493150684931503,0.034246575342465668,-0.018264840182648401,-0.0045662100456621002,0.025114155251141551,False,False,False,False,False,0,2023,2024,MDB_CHANGE_RADAR_RULESET_1.0
50016,-0.066210045662100425,-0.0083713850837138781,-0.057838660578386492,-0.15068493150684925,0.018264840182648401,-0.0045662100456621002,-0.0045662100456621002,-0.015981735159817351,False,False,False,False,False,0,2023,2024,MDB_CHANGE_RADAR_RULESET_1.0
50017,0.015981735159817378,0.035768645357686424,-0.019786910197869045,0.0091324200913242004,0.022831050228310501,0.1050228310502283,-0.0045662100456621002,0.0068493150684931503,False,False,False,False,False,0,2023,2024,MDB_CHANGE_RADAR_RULESET_1.0
51001,-0.066210045662100425,-0.00076103500761032228,-0.065449010654490158,0.0045662100456620447,-0.13698630136986301,-0.0045662100456621002,-0.0045662100456621002,0.0068493150684931503,False,False,False,False,False,0,2023,2024,MDB_CHANGE_RADAR_RULESET_1.0
51002,-0.044520547945205435,0.031963470319634757,-0.076484018264840192,-0.031963470319634701,-0.057077625570776225,0,-0.0045662100456621002,0.10045662100456626,False,False,False,False,False,0,2023,2024,MDB_CHANGE_RADAR_RULESET_1.0
51003,0.28082191780821913,-0.015220700152207001,0.29604261796042614,0.6004566210045662,-0.038812785388127879,-0.036529680365296802,-0.0045662100456621002,-0.0045662100456621002,True,False,True,True,False,3,2023,2024,MDB_CHANGE_RADAR_RULESET_1.0
51004,0.034246575342465724,0.18721461187214614,-0.15296803652968041,0.084474885844748854,-0.015981735159817378,0.43607305936073065,-0.0045662100456621002,0.13013698630136986,False,False,False,False,False,0,2023,2024,MDB_CHANGE_RADAR_RULESET_1.0
51005,0,-0.015981735159817323,0.015981735159817323,0.086757990867579904,-0.086757990867579904,-0.025114155251141579,-0.0045662100456621002,-0.018264840182648401,False,False,False,False,False,0,2023,2024,MDB_CHANGE_RADAR_RULESET_1.0
51006,-0.065068493150684914,-0.0106544901065449,-0.054414003044140014,-0.13242009132420085,0.0022831050228310501,-0.038812785388127824,-0.0045662100456621002,0.011415525114155251,False,False,False,False,False,0,2023,2024,MDB_CHANGE_RADAR_RULESET_1.0
51007,-0.079908675799086726,0.066210045662100481,-0.14611872146118721,-0.086757990867579904,-0.073059360730593603,0.11187214611872154,-0.0045662100456621002,0.091324200913242004,False,False,False,False,False,0,2023,2024,MDB_CHANGE_RADAR_RULESET_1.0
51008,0.11187214611872148,0.0038051750380517502,0.10806697108066973,0.19406392694063934,0.029680365296803651,0,-0.0045662100456621002,0.015981735159817351,False,False,False,False,False,0,2023,2024,MDB_CHANGE_RADAR_RULESET_1.0
51009,0.29794520547945202,-0.0068493150684931225,0.30479452054794515,0.62557077625570778,-0.029680365296803651,-0.015981735159817378,-0.0045662100456621002,0,True,False,True,True,False,3,2023,2024,MDB_CHANGE_RADAR_RULESET_1.0
51010,-0.049086757990867563,0.0030441400304414001,-0.052130898021308963,-0.063926940639269403,-0.034246575342465752,-0.0091324200913242004,-0.0045662100456621002,0.022831050228310501,False,False,False,False,False,0,2023,2024,MDB_CHANGE_RADAR_RULESET_1.0
51011,-0.068493150684931503,-0.0106544901065449,-0.057838660578386603,-0.077625570776255648,-0.059360730593607303,-0.022831050228310557,-0.0045662100456621002,-0.0045662100456621002,False,False,False,False,False,0,2023,2024,MDB_CHANGE_RADAR_RULESET_1.0
51012,0.03082191780821919,0.0015220700152206723,0.029299847792998518,0.073059360730593603,-0.011415525114155251,0,-0.0045662100456621002,0.0091324200913242004,False,False,False,False,False,0,2023,2024,MDB_CHANGE_RADAR_RULESET_1.0
51013,0.060502283105022814,0.022070015220700151,0.038432267884322635,0.11643835616438347,0.0045662100456621557,-0.025114155251141551,-0.0045662100456621002,0.095890410958904132,False,False,False,False,False,0,2023,2024,MDB_CHANGE_RADAR_RULESET_1.0
51014,-0.047945205479452024,-0.027397260273972601,-0.020547945205479423,-0.11415525114155251,0.018264840182648401,-0.034246575342465752,-0.0045662100456621002,-0.043378995433789952,False,False,False,False,False,0,2023,2024,MDB_CHANGE_RADAR_RULESET_1.0
51015,0.074200913242009114,-0.015220700152207056,0.089421613394216171,0.17579908675799083,-0.027397260273972601,-0.034246575342465779,-0.0045662100456621002,-0.0068493150684931503,False,False,False,False,False,0,2023,2024,MDB_CHANGE_RADAR_RULESET_1.0
51016,-0.038812785388127713,0.019786910197869156,-0.058599695585996869,-0.095890410958904049,0.018264840182648401,-0.031963470319634701,-0.0045662100456621002,0.095890410958904104,False,False,False,False,False,0,2023,2024,MDB_CHANGE_RADAR_RULESET_1.0
52001,0.0045662100456620447,-0.0083713850837138781,0.012937595129375923,0.06164383561643838,-0.05251141552511418,-0.0045662100456621002,-0.0045662100456621002,-0.015981735159817378,False,False,False,False,False,0,2023,2024,MDB_CHANGE_RADAR_RULESET_1.0
52002,0.027397260273972601,-0.0053272450532725335,0.032724505327245135,0.075342465753424681,-0.020547945205479423,0.020547945205479479,-0.0091324200913242004,-0.027397260273972601,False,False,False,False,False,0,2023,2024,MDB_CHANGE_RADAR_RULESET_1.0
52003,0.044520547945205435,0.025875190258751901,0.018645357686453534,0.057077625570776225,0.031963470319634701,-0.038812785388127824,-0.0045662100456621002,0.12100456621004563,False,False,False,False,False,0,2023,2024,MDB_CHANGE_RADAR_RULESET_1.0
52004,-0.0091324200913242004,-0.0045662100456620724,-0.004566210045662128,0.013698630136986301,-0.031963470319634701,-0.0022831050228310501,-0.0045662100456621002,-0.0068493150684931503,False,False,False,False,False,0,2023,2024,MDB_CHANGE_RADAR_RULESET_1.0
52005,-0.033105022831050213,0.0098934550989345782,-0.042998477929984791,-0.054794520547945202,-0.011415525114155223,0.013698630136986356,-0.0045662100456621002,0.020547945205479534,False,False,False,False,False,0,2023,2024,MDB_CHANGE_RADAR_RULESET_1.0
52006,0.034246575342465724,-0.0068493150684931225,0.041095890410958846,0.031963470319634701,0.036529680365296802,-0.015981735159817378,-0.0045662100456621002,0,False,False,False,False,False,0,2023,2024,MDB_CHANGE_RADAR_RULESET_1.0
52007,-0.083333333333333315,-0.015981735159817337,-0.067351598173515992,-0.25799086757990869,0.091324200913242004,0,-0.0045662100456621002,-0.043378995433789952,False,False,False,False,False,0,2023,2024,MDB_CHANGE_RADAR_RULESET_1.0
52008,0.014840182648401812,-0.0015220700152207556,0.016362252663622567,0.079908675799086781,-0.050228310502283102,-0.011415525114155223,-0.0091324200913242004,0.015981735159817378,False,False,False,False,False,0,2023,2024,MDB_CHANGE_RADAR_RULESET_1.0
52009,-0.0057077625570776114,-0.053272450532724447,0.047564687975646835,0.038812785388127824,-0.050228310502283102,-0.0045662100456621002,-0.0045662100456621002,-0.15068493150684925,False,False,False,False,False,0,2023,2024,MDB_CHANGE_RADAR_RULESET_1.0
52010,-0.037671232876712368,-0.04490106544901068,0.0072298325722983114,-0.013698630136986245,-0.06164383561643838,-0.029680365296803624,-0.0045662100456621002,-0.10045662100456626,False,False,False,False,False,0,2023,2024,MDB_CHANGE_RADAR_RULESET_1.0
52011,-0.050228310502283158,-0.0038051750380517224,-0.046423135464231435,-0.075342465753424681,-0.025114155251141579,-0.025114155251141551,-0.0045662100456621002,0.018264840182648401,False,False,False,False,False,0,2023,2024,MDB_CHANGE_RADAR_RULESET_1.0
52012,-0.018264840182648401,-0.069254185692541881,0.05098934550989348,-0.029680365296803624,-0.0068493150684931781,-0.23287671232876711,-0.0045662100456621002,0.029680365296803624,False,False,False,False,True,1,2023,2024,MDB_CHANGE_RADAR_RULESET_1.0
52013,-0.02168949771689499,0.015981735159817378,-0.037671232876712368,-0.070776255707762581,0.027397260273972601,0.025114155251141468,-0.0091324200913242004,0.031963470319634701,False,False,False,False,False,0,2023,2024,MDB_CHANGE_RADAR_RULESET_1.0
52014,0.033105022831050213,0.048706240487062402,-0.01560121765601219,0.0022831050228310223,0.063926940639269403,-0.0091324200913242004,-0.0045662100456621002,0.15981735159817356,False,False,False,False,False,0,2023,2024,MDB_CHANGE_RADAR_RULESET_1.0
52015,0.003424657534246589,0.025875190258751846,-0.022450532724505257,-0.029680365296803624,0.036529680365296802,0.045662100456621002,-0.011415525114155223,0.043378995433789869,False,False,False,False,False,0,2023,2024,MDB_CHANGE_RADAR_RULESET_1.0
52016,0.047945205479452135,0.0022831050228311334,0.045662100456621002,0.13242009132420096,-0.036529680365296802,-0.015981735159817351,-0.011415525114155223,0.034246575342465779,False,False,False,False,False,0,2023,2024,MDB_CHANGE_RADAR_RULESET_1.0
52017,0.015981735159817267,-0.0030441400304414556,0.019025875190258723,0.020547945205479534,0.011415525114155223,-0.022831050228310501,-0.0045662100456621002,0.018264840182648401,False,False,False,False,False,0,2023,2024,MDB_CHANGE_RADAR_RULESET_1.0
52018,-0.099315068493150638,-0.0030441400304412891,-0.096270928462709349,-0.18493150684931514,-0.013698630136986245,-0.029680365296803624,-0.0045662100456621002,0.025114155251141579,False,False,False,False,False,0,2023,2024,MDB_CHANGE_RADAR_RULESET_1.0
53001,0.038812785388127824,-0.027397260273972546,0.06621004566210037,0.086757990867579904,-0.0091324200913242004,0.0045662100456621002,-0.0068493150684931781,-0.07990867579908667,False,False,False,False,False,0,2023,2024,MDB_CHANGE_RADAR_RULESET_1.0
