origin_region,destination_region,admissions,flow_version,contribution_id
11005,11005,61,MDB_HOSPITAL_FLOW_METHOD_1.0,0
11005,11004,17,MDB_HOSPITAL_FLOW_METHOD_1.0,1
11001,11001,11,MDB_HOSPITAL_FLOW_METHOD_1.0,2
11001,11004,167,MDB_HOSPITAL_FLOW_METHOD_1.0,3
11006,11006,9,MDB_HOSPITAL_FLOW_METHOD_1.0,8
11002,11002,102,MDB_HOSPITAL_FLOW_METHOD_1.0,9
11002,11004,113,MDB_HOSPITAL_FLOW_METHOD_1.0,11
11002,51002,6,MDB_HOSPITAL_FLOW_METHOD_1.0,14
11006,11004,14,MDB_HOSPITAL_FLOW_METHOD_1.0,16
11006,11006,5,MDB_HOSPITAL_FLOW_METHOD_1.0,17
11006,11006,5,MDB_HOSPITAL_FLOW_METHOD_1.0,18
11006,11004,9,MDB_HOSPITAL_FLOW_METHOD_1.0,19
11006,11006,7,MDB_HOSPITAL_FLOW_METHOD_1.0,20
11002,11004,31,MDB_HOSPITAL_FLOW_METHOD_1.0,27
11004,11004,58,MDB_HOSPITAL_FLOW_METHOD_1.0,29
11003,11003,32,MDB_HOSPITAL_FLOW_METHOD_1.0,30
11003,11003,11,MDB_HOSPITAL_FLOW_METHOD_1.0,31
11003,11004,103,MDB_HOSPITAL_FLOW_METHOD_1.0,33
11003,11003,294,MDB_HOSPITAL_FLOW_METHOD_1.0,35
11003,11004,43,MDB_HOSPITAL_FLOW_METHOD_1.0,36
11001,11001,12,MDB_HOSPITAL_FLOW_METHOD_1.0,40
11001,11004,37,MDB_HOSPITAL_FLOW_METHOD_1.0,41
11005,11005,17,MDB_HOSPITAL_FLOW_METHOD_1.0,43
11005,11004,15,MDB_HOSPITAL_FLOW_METHOD_1.0,44
11003,11003,85,MDB_HOSPITAL_FLOW_METHOD_1.0,46
11003,11004,25,MDB_HOSPITAL_FLOW_METHOD_1.0,47
11002,11002,93,MDB_HOSPITAL_FLOW_METHOD_1.0,50
11002,11004,6,MDB_HOSPITAL_FLOW_METHOD_1.0,51
11004,11004,2073,MDB_HOSPITAL_FLOW_METHOD_1.0,56
11004,12002,19,MDB_HOSPITAL_FLOW_METHOD_1.0,59
11003,11003,6,MDB_HOSPITAL_FLOW_METHOD_1.0,65
11003,11004,9,MDB_HOSPITAL_FLOW_METHOD_1.0,66
11003,11003,29,MDB_HOSPITAL_FLOW_METHOD_1.0,67
11001,11004,5,MDB_HOSPITAL_FLOW_METHOD_1.0,69
11005,11004,72,MDB_HOSPITAL_FLOW_METHOD_1.0,74
11005,11005,131,MDB_HOSPITAL_FLOW_METHOD_1.0,75
11005,11004,35,MDB_HOSPITAL_FLOW_METHOD_1.0,76
11006,11004,13,MDB_HOSPITAL_FLOW_METHOD_1.0,78
11006,11006,583,MDB_HOSPITAL_FLOW_METHOD_1.0,79
11003,11004,27,MDB_HOSPITAL_FLOW_METHOD_1.0,83
11003,11003,15,MDB_HOSPITAL_FLOW_METHOD_1.0,85
11004,11004,39,MDB_HOSPITAL_FLOW_METHOD_1.0,87
11003,11004,7,MDB_HOSPITAL_FLOW_METHOD_1.0,92
11005,11004,11,MDB_HOSPITAL_FLOW_METHOD_1.0,94
11005,11005,5,MDB_HOSPITAL_FLOW_METHOD_1.0,96
11001,11004,17,MDB_HOSPITAL_FLOW_METHOD_1.0,97
11001,11004,46,MDB_HOSPITAL_FLOW_METHOD_1.0,100
11001,11001,36,MDB_HOSPITAL_FLOW_METHOD_1.0,101
11005,11004,41,MDB_HOSPITAL_FLOW_METHOD_1.0,102
11001,11004,7,MDB_HOSPITAL_FLOW_METHOD_1.0,105
11004,11004,73,MDB_HOSPITAL_FLOW_METHOD_1.0,109
11006,11006,12,MDB_HOSPITAL_FLOW_METHOD_1.0,115
11001,11004,19,MDB_HOSPITAL_FLOW_METHOD_1.0,116
11001,11001,13,MDB_HOSPITAL_FLOW_METHOD_1.0,117
11004,11004,17,MDB_HOSPITAL_FLOW_METHOD_1.0,120
11002,11004,10,MDB_HOSPITAL_FLOW_METHOD_1.0,122
11003,11004,21,MDB_HOSPITAL_FLOW_METHOD_1.0,125
11001,11004,24,MDB_HOSPITAL_FLOW_METHOD_1.0,126
11003,11004,6,MDB_HOSPITAL_FLOW_METHOD_1.0,132
11005,11005,14,MDB_HOSPITAL_FLOW_METHOD_1.0,134
11007,11004,8,MDB_HOSPITAL_FLOW_METHOD_1.0,143
11007,11007,19,MDB_HOSPITAL_FLOW_METHOD_1.0,144
11007,11004,19,MDB_HOSPITAL_FLOW_METHOD_1.0,146
11003,11004,18,MDB_HOSPITAL_FLOW_METHOD_1.0,150
11003,11003,5,MDB_HOSPITAL_FLOW_METHOD_1.0,153
11003,11004,7,MDB_HOSPITAL_FLOW_METHOD_1.0,155
12002,12002,14,MDB_HOSPITAL_FLOW_METHOD_1.0,159
12001,12002,9,MDB_HOSPITAL_FLOW_METHOD_1.0,163
12001,12001,5,MDB_HOSPITAL_FLOW_METHOD_1.0,164
12001,12002,29,MDB_HOSPITAL_FLOW_METHOD_1.0,166
12002,12002,38,MDB_HOSPITAL_FLOW_METHOD_1.0,167
12002,12002,27,MDB_HOSPITAL_FLOW_METHOD_1.0,168
12003,12003,238,MDB_HOSPITAL_FLOW_METHOD_1.0,169
12003,12002,13,MDB_HOSPITAL_FLOW_METHOD_1.0,170
12001,12002,19,MDB_HOSPITAL_FLOW_METHOD_1.0,171
12003,12003,8,MDB_HOSPITAL_FLOW_METHOD_1.0,172
12003,12003,7,MDB_HOSPITAL_FLOW_METHOD_1.0,173
12003,12002,25,MDB_HOSPITAL_FLOW_METHOD_1.0,174
12003,12003,7,MDB_HOSPITAL_FLOW_METHOD_1.0,177
12002,12002,24,MDB_HOSPITAL_FLOW_METHOD_1.0,179
12003,12003,14,MDB_HOSPITAL_FLOW_METHOD_1.0,180
12003,12003,8,MDB_HOSPITAL_FLOW_METHOD_1.0,181
12002,12002,22,MDB_HOSPITAL_FLOW_METHOD_1.0,184
12003,12003,9,MDB_HOSPITAL_FLOW_METHOD_1.0,185
12002,12002,2608,MDB_HOSPITAL_FLOW_METHOD_1.0,189
12003,12003,9,MDB_HOSPITAL_FLOW_METHOD_1.0,196
12002,12002,58,MDB_HOSPITAL_FLOW_METHOD_1.0,199
12002,12002,71,MDB_HOSPITAL_FLOW_METHOD_1.0,200
12002,12002,18,MDB_HOSPITAL_FLOW_METHOD_1.0,201
12003,12003,9,MDB_HOSPITAL_FLOW_METHOD_1.0,202
12003,12002,36,MDB_HOSPITAL_FLOW_METHOD_1.0,203
12003,12003,42,MDB_HOSPITAL_FLOW_METHOD_1.0,204
12001,12002,24,MDB_HOSPITAL_FLOW_METHOD_1.0,205
12001,12001,14,MDB_HOSPITAL_FLOW_METHOD_1.0,206
12002,12002,31,MDB_HOSPITAL_FLOW_METHOD_1.0,207
13001,13001,11,MDB_HOSPITAL_FLOW_METHOD_1.0,218
13001,13001,14,MDB_HOSPITAL_FLOW_METHOD_1.0,219
13005,13005,21,MDB_HOSPITAL_FLOW_METHOD_1.0,220
13005,13005,17,MDB_HOSPITAL_FLOW_METHOD_1.0,221
13002,13001,5,MDB_HOSPITAL_FLOW_METHOD_1.0,223
13006,12002,27,MDB_HOSPITAL_FLOW_METHOD_1.0,225
13007,13007,28,MDB_HOSPITAL_FLOW_METHOD_1.0,229
13002,13002,90,MDB_HOSPITAL_FLOW_METHOD_1.0,233
13007,12002,10,MDB_HOSPITAL_FLOW_METHOD_1.0,236
13007,12003,7,MDB_HOSPITAL_FLOW_METHOD_1.0,238
13003,11004,25,MDB_HOSPITAL_FLOW_METHOD_1.0,239
13003,13003,12,MDB_HOSPITAL_FLOW_METHOD_1.0,240
13007,12003,7,MDB_HOSPITAL_FLOW_METHOD_1.0,243
13007,12002,13,MDB_HOSPITAL_FLOW_METHOD_1.0,244
13001,13001,12,MDB_HOSPITAL_FLOW_METHOD_1.0,248
13004,13001,21,MDB_HOSPITAL_FLOW_METHOD_1.0,250
13006,11004,6,MDB_HOSPITAL_FLOW_METHOD_1.0,257
13002,13002,160,MDB_HOSPITAL_FLOW_METHOD_1.0,259
13002,13001,12,MDB_HOSPITAL_FLOW_METHOD_1.0,260
13001,13001,1254,MDB_HOSPITAL_FLOW_METHOD_1.0,265
13001,35016,5,MDB_HOSPITAL_FLOW_METHOD_1.0,273
13001,52001,5,MDB_HOSPITAL_FLOW_METHOD_1.0,277
13005,13005,25,MDB_HOSPITAL_FLOW_METHOD_1.0,284
13005,13005,5,MDB_HOSPITAL_FLOW_METHOD_1.0,285
13005,13005,352,MDB_HOSPITAL_FLOW_METHOD_1.0,290
13006,12002,7,MDB_HOSPITAL_FLOW_METHOD_1.0,291
13001,13001,11,MDB_HOSPITAL_FLOW_METHOD_1.0,292
13001,13001,12,MDB_HOSPITAL_FLOW_METHOD_1.0,294
13009,13009,5,MDB_HOSPITAL_FLOW_METHOD_1.0,295
13001,13001,9,MDB_HOSPITAL_FLOW_METHOD_1.0,297
13009,13009,7,MDB_HOSPITAL_FLOW_METHOD_1.0,298
13008,13008,12,MDB_HOSPITAL_FLOW_METHOD_1.0,305
14001,14001,491,MDB_HOSPITAL_FLOW_METHOD_1.0,315
14001,14001,16,MDB_HOSPITAL_FLOW_METHOD_1.0,320
14001,14001,8,MDB_HOSPITAL_FLOW_METHOD_1.0,321
14002,14001,6,MDB_HOSPITAL_FLOW_METHOD_1.0,322
14002,14001,12,MDB_HOSPITAL_FLOW_METHOD_1.0,331
14002,14002,9,MDB_HOSPITAL_FLOW_METHOD_1.0,332
14002,14001,5,MDB_HOSPITAL_FLOW_METHOD_1.0,333
15011,15006,187,MDB_HOSPITAL_FLOW_METHOD_1.0,337
15007,15006,46,MDB_HOSPITAL_FLOW_METHOD_1.0,338
15001,15001,32,MDB_HOSPITAL_FLOW_METHOD_1.0,340
15002,15002,22,MDB_HOSPITAL_FLOW_METHOD_1.0,344
15014,15006,23,MDB_HOSPITAL_FLOW_METHOD_1.0,349
15006,15006,1335,MDB_HOSPITAL_FLOW_METHOD_1.0,351
15009,15009,150,MDB_HOSPITAL_FLOW_METHOD_1.0,361
15008,15006,19,MDB_HOSPITAL_FLOW_METHOD_1.0,363
15011,15006,20,MDB_HOSPITAL_FLOW_METHOD_1.0,365
15001,15001,14,MDB_HOSPITAL_FLOW_METHOD_1.0,366
15011,15006,219,MDB_HOSPITAL_FLOW_METHOD_1.0,367
15006,15006,3831,MDB_HOSPITAL_FLOW_METHOD_1.0,370
15006,33005,7,MDB_HOSPITAL_FLOW_METHOD_1.0,379
15006,15006,160,MDB_HOSPITAL_FLOW_METHOD_1.0,386
15009,15009,31,MDB_HOSPITAL_FLOW_METHOD_1.0,390
15009,15006,12,MDB_HOSPITAL_FLOW_METHOD_1.0,391
15009,15009,738,MDB_HOSPITAL_FLOW_METHOD_1.0,392
15004,15006,31,MDB_HOSPITAL_FLOW_METHOD_1.0,395
15014,15006,29,MDB_HOSPITAL_FLOW_METHOD_1.0,398
15014,15014,14,MDB_HOSPITAL_FLOW_METHOD_1.0,399
15007,15006,26,MDB_HOSPITAL_FLOW_METHOD_1.0,400
15009,15009,47,MDB_HOSPITAL_FLOW_METHOD_1.0,402
15013,15006,9,MDB_HOSPITAL_FLOW_METHOD_1.0,403
15011,15006,78,MDB_HOSPITAL_FLOW_METHOD_1.0,404
15003,15003,72,MDB_HOSPITAL_FLOW_METHOD_1.0,406
15003,15003,8,MDB_HOSPITAL_FLOW_METHOD_1.0,408
15009,15009,220,MDB_HOSPITAL_FLOW_METHOD_1.0,412
15008,15006,71,MDB_HOSPITAL_FLOW_METHOD_1.0,414
15008,15006,269,MDB_HOSPITAL_FLOW_METHOD_1.0,417
15008,15009,5,MDB_HOSPITAL_FLOW_METHOD_1.0,418
15001,15006,5,MDB_HOSPITAL_FLOW_METHOD_1.0,424
15007,15006,49,MDB_HOSPITAL_FLOW_METHOD_1.0,428
15003,15003,21,MDB_HOSPITAL_FLOW_METHOD_1.0,431
15014,15006,13,MDB_HOSPITAL_FLOW_METHOD_1.0,434
15008,15006,39,MDB_HOSPITAL_FLOW_METHOD_1.0,435
15003,15006,16,MDB_HOSPITAL_FLOW_METHOD_1.0,436
15003,15003,6,MDB_HOSPITAL_FLOW_METHOD_1.0,437
15003,15003,9,MDB_HOSPITAL_FLOW_METHOD_1.0,440
15003,15003,5,MDB_HOSPITAL_FLOW_METHOD_1.0,442
15008,15006,53,MDB_HOSPITAL_FLOW_METHOD_1.0,448
15008,15006,42,MDB_HOSPITAL_FLOW_METHOD_1.0,453
15011,15006,73,MDB_HOSPITAL_FLOW_METHOD_1.0,455
15011,15011,9,MDB_HOSPITAL_FLOW_METHOD_1.0,457
15008,15006,10,MDB_HOSPITAL_FLOW_METHOD_1.0,458
15008,15006,31,MDB_HOSPITAL_FLOW_METHOD_1.0,459
15008,15006,26,MDB_HOSPITAL_FLOW_METHOD_1.0,462
15003,15006,7,MDB_HOSPITAL_FLOW_METHOD_1.0,471
15003,15003,12,MDB_HOSPITAL_FLOW_METHOD_1.0,473
15004,15006,8,MDB_HOSPITAL_FLOW_METHOD_1.0,474
15008,15006,29,MDB_HOSPITAL_FLOW_METHOD_1.0,480
15008,15008,6,MDB_HOSPITAL_FLOW_METHOD_1.0,481
15008,15006,7,MDB_HOSPITAL_FLOW_METHOD_1.0,482
15003,15003,298,MDB_HOSPITAL_FLOW_METHOD_1.0,485
15008,15006,28,MDB_HOSPITAL_FLOW_METHOD_1.0,488
15008,15006,13,MDB_HOSPITAL_FLOW_METHOD_1.0,490
15006,15006,233,MDB_HOSPITAL_FLOW_METHOD_1.0,493
15011,15006,25,MDB_HOSPITAL_FLOW_METHOD_1.0,499
15011,15006,81,MDB_HOSPITAL_FLOW_METHOD_1.0,500
15002,15006,40,MDB_HOSPITAL_FLOW_METHOD_1.0,503
15002,15002,39,MDB_HOSPITAL_FLOW_METHOD_1.0,504
15013,15006,11,MDB_HOSPITAL_FLOW_METHOD_1.0,505
15008,15006,47,MDB_HOSPITAL_FLOW_METHOD_1.0,507
15009,15009,43,MDB_HOSPITAL_FLOW_METHOD_1.0,513
15010,15010,30,MDB_HOSPITAL_FLOW_METHOD_1.0,514
15004,15006,27,MDB_HOSPITAL_FLOW_METHOD_1.0,516
15002,15006,7,MDB_HOSPITAL_FLOW_METHOD_1.0,522
15011,15006,8,MDB_HOSPITAL_FLOW_METHOD_1.0,524
15009,15009,27,MDB_HOSPITAL_FLOW_METHOD_1.0,528
15001,15006,18,MDB_HOSPITAL_FLOW_METHOD_1.0,530
15012,15006,23,MDB_HOSPITAL_FLOW_METHOD_1.0,535
15012,15012,90,MDB_HOSPITAL_FLOW_METHOD_1.0,536
15003,15003,7,MDB_HOSPITAL_FLOW_METHOD_1.0,538
15008,15006,132,MDB_HOSPITAL_FLOW_METHOD_1.0,540
15003,15003,6,MDB_HOSPITAL_FLOW_METHOD_1.0,545
15003,15003,1073,MDB_HOSPITAL_FLOW_METHOD_1.0,546
15009,15009,13,MDB_HOSPITAL_FLOW_METHOD_1.0,554
15013,15006,9,MDB_HOSPITAL_FLOW_METHOD_1.0,558
15014,15006,5,MDB_HOSPITAL_FLOW_METHOD_1.0,559
15014,15014,26,MDB_HOSPITAL_FLOW_METHOD_1.0,560
15009,15009,22,MDB_HOSPITAL_FLOW_METHOD_1.0,565
15009,15009,34,MDB_HOSPITAL_FLOW_METHOD_1.0,567
15001,15001,85,MDB_HOSPITAL_FLOW_METHOD_1.0,571
15001,52001,5,MDB_HOSPITAL_FLOW_METHOD_1.0,576
15001,15001,22,MDB_HOSPITAL_FLOW_METHOD_1.0,577
15003,15003,9,MDB_HOSPITAL_FLOW_METHOD_1.0,582
15010,15010,11,MDB_HOSPITAL_FLOW_METHOD_1.0,585
15009,15009,75,MDB_HOSPITAL_FLOW_METHOD_1.0,587
15013,15006,10,MDB_HOSPITAL_FLOW_METHOD_1.0,589
15006,15006,40,MDB_HOSPITAL_FLOW_METHOD_1.0,590
15013,15006,5,MDB_HOSPITAL_FLOW_METHOD_1.0,593
15007,15006,163,MDB_HOSPITAL_FLOW_METHOD_1.0,595
15007,15007,16,MDB_HOSPITAL_FLOW_METHOD_1.0,596
15009,15009,56,MDB_HOSPITAL_FLOW_METHOD_1.0,599
15008,15006,23,MDB_HOSPITAL_FLOW_METHOD_1.0,602
15008,15008,8,MDB_HOSPITAL_FLOW_METHOD_1.0,604
15001,15001,61,MDB_HOSPITAL_FLOW_METHOD_1.0,607
15002,15006,25,MDB_HOSPITAL_FLOW_METHOD_1.0,609
15002,15002,25,MDB_HOSPITAL_FLOW_METHOD_1.0,610
15002,16001,5,MDB_HOSPITAL_FLOW_METHOD_1.0,611
15009,15009,10,MDB_HOSPITAL_FLOW_METHOD_1.0,613
15007,15006,24,MDB_HOSPITAL_FLOW_METHOD_1.0,614
15007,15006,25,MDB_HOSPITAL_FLOW_METHOD_1.0,615
15003,15003,5,MDB_HOSPITAL_FLOW_METHOD_1.0,616
15008,15006,22,MDB_HOSPITAL_FLOW_METHOD_1.0,618
15001,15006,6,MDB_HOSPITAL_FLOW_METHOD_1.0,619
15008,15006,18,MDB_HOSPITAL_FLOW_METHOD_1.0,623
15003,15003,6,MDB_HOSPITAL_FLOW_METHOD_1.0,624
15009,15009,38,MDB_HOSPITAL_FLOW_METHOD_1.0,628
15008,15006,50,MDB_HOSPITAL_FLOW_METHOD_1.0,631
15008,15008,7,MDB_HOSPITAL_FLOW_METHOD_1.0,632
15013,15006,6,MDB_HOSPITAL_FLOW_METHOD_1.0,634
15001,15001,17,MDB_HOSPITAL_FLOW_METHOD_1.0,636
15013,15006,13,MDB_HOSPITAL_FLOW_METHOD_1.0,640
15011,15006,61,MDB_HOSPITAL_FLOW_METHOD_1.0,642
15011,22004,5,MDB_HOSPITAL_FLOW_METHOD_1.0,643
15008,15006,23,MDB_HOSPITAL_FLOW_METHOD_1.0,644
15007,15006,47,MDB_HOSPITAL_FLOW_METHOD_1.0,646
15009,15009,75,MDB_HOSPITAL_FLOW_METHOD_1.0,649
15010,15010,6,MDB_HOSPITAL_FLOW_METHOD_1.0,650
15004,15006,13,MDB_HOSPITAL_FLOW_METHOD_1.0,655
15008,15006,54,MDB_HOSPITAL_FLOW_METHOD_1.0,658
15008,15008,37,MDB_HOSPITAL_FLOW_METHOD_1.0,660
15012,15012,8,MDB_HOSPITAL_FLOW_METHOD_1.0,662
15007,15006,67,MDB_HOSPITAL_FLOW_METHOD_1.0,664
15009,15009,93,MDB_HOSPITAL_FLOW_METHOD_1.0,665
15012,15012,9,MDB_HOSPITAL_FLOW_METHOD_1.0,667
15001,15006,15,MDB_HOSPITAL_FLOW_METHOD_1.0,668
15001,15001,506,MDB_HOSPITAL_FLOW_METHOD_1.0,669
16002,16002,18,MDB_HOSPITAL_FLOW_METHOD_1.0,671
16003,16001,6,MDB_HOSPITAL_FLOW_METHOD_1.0,674
16001,16001,185,MDB_HOSPITAL_FLOW_METHOD_1.0,676
16002,16002,44,MDB_HOSPITAL_FLOW_METHOD_1.0,682
16001,16001,5,MDB_HOSPITAL_FLOW_METHOD_1.0,683
16003,16001,26,MDB_HOSPITAL_FLOW_METHOD_1.0,684
17005,17005,8,MDB_HOSPITAL_FLOW_METHOD_1.0,691
17002,17001,13,MDB_HOSPITAL_FLOW_METHOD_1.0,695
17002,17001,6,MDB_HOSPITAL_FLOW_METHOD_1.0,696
17006,17006,9,MDB_HOSPITAL_FLOW_METHOD_1.0,698
17007,17007,8,MDB_HOSPITAL_FLOW_METHOD_1.0,700
17005,17005,5,MDB_HOSPITAL_FLOW_METHOD_1.0,703
17005,52001,5,MDB_HOSPITAL_FLOW_METHOD_1.0,705
17001,15003,8,MDB_HOSPITAL_FLOW_METHOD_1.0,706
17001,17001,550,MDB_HOSPITAL_FLOW_METHOD_1.0,707
17001,17006,7,MDB_HOSPITAL_FLOW_METHOD_1.0,709
17001,52001,7,MDB_HOSPITAL_FLOW_METHOD_1.0,712
17002,15003,5,MDB_HOSPITAL_FLOW_METHOD_1.0,715
17002,17001,15,MDB_HOSPITAL_FLOW_METHOD_1.0,716
17003,17008,5,MDB_HOSPITAL_FLOW_METHOD_1.0,719
17003,17006,5,MDB_HOSPITAL_FLOW_METHOD_1.0,720
17001,17001,16,MDB_HOSPITAL_FLOW_METHOD_1.0,725
17004,17001,9,MDB_HOSPITAL_FLOW_METHOD_1.0,726
17002,17001,5,MDB_HOSPITAL_FLOW_METHOD_1.0,733
17001,17001,8,MDB_HOSPITAL_FLOW_METHOD_1.0,739
17007,17007,5,MDB_HOSPITAL_FLOW_METHOD_1.0,744
17004,17001,17,MDB_HOSPITAL_FLOW_METHOD_1.0,747
17003,17006,6,MDB_HOSPITAL_FLOW_METHOD_1.0,754
17007,17007,6,MDB_HOSPITAL_FLOW_METHOD_1.0,756
17001,17001,6,MDB_HOSPITAL_FLOW_METHOD_1.0,760
17003,17008,18,MDB_HOSPITAL_FLOW_METHOD_1.0,762
17003,17006,6,MDB_HOSPITAL_FLOW_METHOD_1.0,763
17007,17007,6,MDB_HOSPITAL_FLOW_METHOD_1.0,765
17005,17005,5,MDB_HOSPITAL_FLOW_METHOD_1.0,775
17001,17001,10,MDB_HOSPITAL_FLOW_METHOD_1.0,776
17005,17005,6,MDB_HOSPITAL_FLOW_METHOD_1.0,779
17005,17005,12,MDB_HOSPITAL_FLOW_METHOD_1.0,780
17004,17001,6,MDB_HOSPITAL_FLOW_METHOD_1.0,784
17004,17001,12,MDB_HOSPITAL_FLOW_METHOD_1.0,788
17004,17004,19,MDB_HOSPITAL_FLOW_METHOD_1.0,789
17004,17006,7,MDB_HOSPITAL_FLOW_METHOD_1.0,791
17004,52001,6,MDB_HOSPITAL_FLOW_METHOD_1.0,792
17005,17005,336,MDB_HOSPITAL_FLOW_METHOD_1.0,794
17005,17006,14,MDB_HOSPITAL_FLOW_METHOD_1.0,797
17005,52001,5,MDB_HOSPITAL_FLOW_METHOD_1.0,798
17004,17001,6,MDB_HOSPITAL_FLOW_METHOD_1.0,801
17005,17005,5,MDB_HOSPITAL_FLOW_METHOD_1.0,807
17007,17007,7,MDB_HOSPITAL_FLOW_METHOD_1.0,811
17007,51009,7,MDB_HOSPITAL_FLOW_METHOD_1.0,814
17006,17006,8,MDB_HOSPITAL_FLOW_METHOD_1.0,815
17006,17006,9,MDB_HOSPITAL_FLOW_METHOD_1.0,816
17007,17007,15,MDB_HOSPITAL_FLOW_METHOD_1.0,819
17006,17006,31,MDB_HOSPITAL_FLOW_METHOD_1.0,823
17006,17006,7,MDB_HOSPITAL_FLOW_METHOD_1.0,824
17008,17008,8,MDB_HOSPITAL_FLOW_METHOD_1.0,832
17008,17006,5,MDB_HOSPITAL_FLOW_METHOD_1.0,833
17001,17001,13,MDB_HOSPITAL_FLOW_METHOD_1.0,836
17006,17006,7,MDB_HOSPITAL_FLOW_METHOD_1.0,838
17004,17001,6,MDB_HOSPITAL_FLOW_METHOD_1.0,845
17005,17005,6,MDB_HOSPITAL_FLOW_METHOD_1.0,846
17007,17007,101,MDB_HOSPITAL_FLOW_METHOD_1.0,849
17007,17006,20,MDB_HOSPITAL_FLOW_METHOD_1.0,850
17001,17001,5,MDB_HOSPITAL_FLOW_METHOD_1.0,853
17004,17006,7,MDB_HOSPITAL_FLOW_METHOD_1.0,856
17001,17001,6,MDB_HOSPITAL_FLOW_METHOD_1.0,867
17007,17007,6,MDB_HOSPITAL_FLOW_METHOD_1.0,868
17007,17007,34,MDB_HOSPITAL_FLOW_METHOD_1.0,869
17008,17008,8,MDB_HOSPITAL_FLOW_METHOD_1.0,872
17008,17008,103,MDB_HOSPITAL_FLOW_METHOD_1.0,879
17008,17006,71,MDB_HOSPITAL_FLOW_METHOD_1.0,880
17002,17001,16,MDB_HOSPITAL_FLOW_METHOD_1.0,889
17006,17006,11,MDB_HOSPITAL_FLOW_METHOD_1.0,893
17001,17001,13,MDB_HOSPITAL_FLOW_METHOD_1.0,896
17008,17008,11,MDB_HOSPITAL_FLOW_METHOD_1.0,899
17006,17006,13,MDB_HOSPITAL_FLOW_METHOD_1.0,900
17005,17005,13,MDB_HOSPITAL_FLOW_METHOD_1.0,906
17008,17008,9,MDB_HOSPITAL_FLOW_METHOD_1.0,907
17006,17001,5,MDB_HOSPITAL_FLOW_METHOD_1.0,917
17006,17005,5,MDB_HOSPITAL_FLOW_METHOD_1.0,918
17006,17006,1038,MDB_HOSPITAL_FLOW_METHOD_1.0,921
17006,52001,5,MDB_HOSPITAL_FLOW_METHOD_1.0,927
17006,17006,8,MDB_HOSPITAL_FLOW_METHOD_1.0,931
17002,17001,15,MDB_HOSPITAL_FLOW_METHOD_1.0,932
17002,17002,43,MDB_HOSPITAL_FLOW_METHOD_1.0,933
17004,17001,5,MDB_HOSPITAL_FLOW_METHOD_1.0,936
17001,17001,25,MDB_HOSPITAL_FLOW_METHOD_1.0,938
17001,17001,9,MDB_HOSPITAL_FLOW_METHOD_1.0,940
21001,21001,18,MDB_HOSPITAL_FLOW_METHOD_1.0,943
21001,21016,90,MDB_HOSPITAL_FLOW_METHOD_1.0,944
21006,21016,5,MDB_HOSPITAL_FLOW_METHOD_1.0,945
21016,21016,57,MDB_HOSPITAL_FLOW_METHOD_1.0,947
21005,21016,11,MDB_HOSPITAL_FLOW_METHOD_1.0,948
21002,21016,22,MDB_HOSPITAL_FLOW_METHOD_1.0,950
21007,21016,97,MDB_HOSPITAL_FLOW_METHOD_1.0,952
21014,21014,123,MDB_HOSPITAL_FLOW_METHOD_1.0,953
21014,21016,67,MDB_HOSPITAL_FLOW_METHOD_1.0,954
21003,21016,19,MDB_HOSPITAL_FLOW_METHOD_1.0,955
21008,21008,45,MDB_HOSPITAL_FLOW_METHOD_1.0,958
21008,21016,12,MDB_HOSPITAL_FLOW_METHOD_1.0,959
21009,21009,5,MDB_HOSPITAL_FLOW_METHOD_1.0,960
21009,21016,40,MDB_HOSPITAL_FLOW_METHOD_1.0,961
21011,21011,8,MDB_HOSPITAL_FLOW_METHOD_1.0,965
21011,21016,16,MDB_HOSPITAL_FLOW_METHOD_1.0,966
21006,21016,54,MDB_HOSPITAL_FLOW_METHOD_1.0,969
21006,22005,9,MDB_HOSPITAL_FLOW_METHOD_1.0,970
21004,21016,41,MDB_HOSPITAL_FLOW_METHOD_1.0,972
21009,21016,62,MDB_HOSPITAL_FLOW_METHOD_1.0,973
21013,21016,29,MDB_HOSPITAL_FLOW_METHOD_1.0,975
21002,21002,70,MDB_HOSPITAL_FLOW_METHOD_1.0,976
21002,21016,131,MDB_HOSPITAL_FLOW_METHOD_1.0,977
21002,22004,14,MDB_HOSPITAL_FLOW_METHOD_1.0,978
21013,21016,56,MDB_HOSPITAL_FLOW_METHOD_1.0,979
21011,21011,10,MDB_HOSPITAL_FLOW_METHOD_1.0,980
21011,21016,62,MDB_HOSPITAL_FLOW_METHOD_1.0,981
21018,21016,18,MDB_HOSPITAL_FLOW_METHOD_1.0,982
21003,21003,12,MDB_HOSPITAL_FLOW_METHOD_1.0,983
21003,21016,15,MDB_HOSPITAL_FLOW_METHOD_1.0,984
21015,22004,29,MDB_HOSPITAL_FLOW_METHOD_1.0,986
21004,21016,95,MDB_HOSPITAL_FLOW_METHOD_1.0,988
21013,21016,115,MDB_HOSPITAL_FLOW_METHOD_1.0,991
21009,21016,7,MDB_HOSPITAL_FLOW_METHOD_1.0,992
21014,21016,8,MDB_HOSPITAL_FLOW_METHOD_1.0,995
21011,21016,52,MDB_HOSPITAL_FLOW_METHOD_1.0,996
21010,21010,16,MDB_HOSPITAL_FLOW_METHOD_1.0,997
21010,21016,15,MDB_HOSPITAL_FLOW_METHOD_1.0,998
21019,21016,52,MDB_HOSPITAL_FLOW_METHOD_1.0,999
21014,21016,62,MDB_HOSPITAL_FLOW_METHOD_1.0,1001
21001,21016,23,MDB_HOSPITAL_FLOW_METHOD_1.0,1003
21002,21016,9,MDB_HOSPITAL_FLOW_METHOD_1.0,1005
21006,21016,74,MDB_HOSPITAL_FLOW_METHOD_1.0,1008
21002,21016,7,MDB_HOSPITAL_FLOW_METHOD_1.0,1011
21005,21016,10,MDB_HOSPITAL_FLOW_METHOD_1.0,1013
21015,21016,44,MDB_HOSPITAL_FLOW_METHOD_1.0,1015
21001,21001,5,MDB_HOSPITAL_FLOW_METHOD_1.0,1016
21001,21016,142,MDB_HOSPITAL_FLOW_METHOD_1.0,1017
21013,21016,52,MDB_HOSPITAL_FLOW_METHOD_1.0,1021
21018,21016,7,MDB_HOSPITAL_FLOW_METHOD_1.0,1022
21018,21016,43,MDB_HOSPITAL_FLOW_METHOD_1.0,1024
21008,21008,19,MDB_HOSPITAL_FLOW_METHOD_1.0,1025
21019,21016,45,MDB_HOSPITAL_FLOW_METHOD_1.0,1026
21009,21016,48,MDB_HOSPITAL_FLOW_METHOD_1.0,1027
21012,21016,23,MDB_HOSPITAL_FLOW_METHOD_1.0,1028
21008,21016,23,MDB_HOSPITAL_FLOW_METHOD_1.0,1029
21019,21016,42,MDB_HOSPITAL_FLOW_METHOD_1.0,1031
21005,21016,91,MDB_HOSPITAL_FLOW_METHOD_1.0,1033
21005,22004,8,MDB_HOSPITAL_FLOW_METHOD_1.0,1034
21011,21016,7,MDB_HOSPITAL_FLOW_METHOD_1.0,1035
21011,21016,28,MDB_HOSPITAL_FLOW_METHOD_1.0,1036
21019,21016,24,MDB_HOSPITAL_FLOW_METHOD_1.0,1038
21019,21016,58,MDB_HOSPITAL_FLOW_METHOD_1.0,1041
21006,21016,150,MDB_HOSPITAL_FLOW_METHOD_1.0,1042
21007,21007,238,MDB_HOSPITAL_FLOW_METHOD_1.0,1045
21007,21016,112,MDB_HOSPITAL_FLOW_METHOD_1.0,1046
21005,21005,7,MDB_HOSPITAL_FLOW_METHOD_1.0,1049
21005,21016,88,MDB_HOSPITAL_FLOW_METHOD_1.0,1050
21005,22004,26,MDB_HOSPITAL_FLOW_METHOD_1.0,1051
21015,21016,23,MDB_HOSPITAL_FLOW_METHOD_1.0,1053
21002,21016,70,MDB_HOSPITAL_FLOW_METHOD_1.0,1054
21007,21016,68,MDB_HOSPITAL_FLOW_METHOD_1.0,1056
21011,21016,52,MDB_HOSPITAL_FLOW_METHOD_1.0,1058
21012,21016,22,MDB_HOSPITAL_FLOW_METHOD_1.0,1060
21010,21010,8,MDB_HOSPITAL_FLOW_METHOD_1.0,1064
21010,21016,37,MDB_HOSPITAL_FLOW_METHOD_1.0,1065
21008,21016,10,MDB_HOSPITAL_FLOW_METHOD_1.0,1066
21004,21004,6,MDB_HOSPITAL_FLOW_METHOD_1.0,1069
21003,21016,12,MDB_HOSPITAL_FLOW_METHOD_1.0,1072
21003,21016,19,MDB_HOSPITAL_FLOW_METHOD_1.0,1073
21012,21012,6,MDB_HOSPITAL_FLOW_METHOD_1.0,1074
21012,21016,30,MDB_HOSPITAL_FLOW_METHOD_1.0,1075
21019,21016,36,MDB_HOSPITAL_FLOW_METHOD_1.0,1076
21012,21012,13,MDB_HOSPITAL_FLOW_METHOD_1.0,1077
21012,21016,24,MDB_HOSPITAL_FLOW_METHOD_1.0,1078
21012,21016,28,MDB_HOSPITAL_FLOW_METHOD_1.0,1080
21012,21016,32,MDB_HOSPITAL_FLOW_METHOD_1.0,1083
21012,21016,14,MDB_HOSPITAL_FLOW_METHOD_1.0,1084
21014,21016,26,MDB_HOSPITAL_FLOW_METHOD_1.0,1087
21019,21019,36,MDB_HOSPITAL_FLOW_METHOD_1.0,1088
21019,21016,34,MDB_HOSPITAL_FLOW_METHOD_1.0,1090
21004,21004,15,MDB_HOSPITAL_FLOW_METHOD_1.0,1091
21004,21016,44,MDB_HOSPITAL_FLOW_METHOD_1.0,1092
21011,21016,22,MDB_HOSPITAL_FLOW_METHOD_1.0,1094
21013,21016,50,MDB_HOSPITAL_FLOW_METHOD_1.0,1097
21013,21016,15,MDB_HOSPITAL_FLOW_METHOD_1.0,1098
21014,21016,28,MDB_HOSPITAL_FLOW_METHOD_1.0,1099
21010,21010,7,MDB_HOSPITAL_FLOW_METHOD_1.0,1100
21010,21016,5,MDB_HOSPITAL_FLOW_METHOD_1.0,1101
21008,21008,14,MDB_HOSPITAL_FLOW_METHOD_1.0,1104
21008,21016,16,MDB_HOSPITAL_FLOW_METHOD_1.0,1105
21004,21004,11,MDB_HOSPITAL_FLOW_METHOD_1.0,1106
21004,21016,18,MDB_HOSPITAL_FLOW_METHOD_1.0,1107
21009,21016,242,MDB_HOSPITAL_FLOW_METHOD_1.0,1109
21001,21016,9,MDB_HOSPITAL_FLOW_METHOD_1.0,1111
21015,21016,11,MDB_HOSPITAL_FLOW_METHOD_1.0,1112
21004,21016,11,MDB_HOSPITAL_FLOW_METHOD_1.0,1115
21012,21016,13,MDB_HOSPITAL_FLOW_METHOD_1.0,1118
21019,21016,21,MDB_HOSPITAL_FLOW_METHOD_1.0,1119
21010,21010,5,MDB_HOSPITAL_FLOW_METHOD_1.0,1120
21010,21016,74,MDB_HOSPITAL_FLOW_METHOD_1.0,1121
21010,21016,9,MDB_HOSPITAL_FLOW_METHOD_1.0,1122
21002,21016,32,MDB_HOSPITAL_FLOW_METHOD_1.0,1124
21015,21016,10,MDB_HOSPITAL_FLOW_METHOD_1.0,1125
21010,21016,25,MDB_HOSPITAL_FLOW_METHOD_1.0,1126
21010,21016,21,MDB_HOSPITAL_FLOW_METHOD_1.0,1129
21008,21016,36,MDB_HOSPITAL_FLOW_METHOD_1.0,1131
21010,21016,25,MDB_HOSPITAL_FLOW_METHOD_1.0,1133
21019,21016,17,MDB_HOSPITAL_FLOW_METHOD_1.0,1136
21019,21016,87,MDB_HOSPITAL_FLOW_METHOD_1.0,1140
21019,21016,55,MDB_HOSPITAL_FLOW_METHOD_1.0,1143
21006,21016,9,MDB_HOSPITAL_FLOW_METHOD_1.0,1145
21018,21016,60,MDB_HOSPITAL_FLOW_METHOD_1.0,1146
21017,22004,5,MDB_HOSPITAL_FLOW_METHOD_1.0,1149
21009,21016,21,MDB_HOSPITAL_FLOW_METHOD_1.0,1150
21015,21016,15,MDB_HOSPITAL_FLOW_METHOD_1.0,1153
21009,21016,50,MDB_HOSPITAL_FLOW_METHOD_1.0,1154
21011,21016,43,MDB_HOSPITAL_FLOW_METHOD_1.0,1155
21014,21014,9,MDB_HOSPITAL_FLOW_METHOD_1.0,1156
21014,21016,139,MDB_HOSPITAL_FLOW_METHOD_1.0,1157
21008,21016,6,MDB_HOSPITAL_FLOW_METHOD_1.0,1158
21013,21016,44,MDB_HOSPITAL_FLOW_METHOD_1.0,1160
21009,21016,34,MDB_HOSPITAL_FLOW_METHOD_1.0,1162
21015,21016,21,MDB_HOSPITAL_FLOW_METHOD_1.0,1163
21019,21016,38,MDB_HOSPITAL_FLOW_METHOD_1.0,1165
21002,21016,27,MDB_HOSPITAL_FLOW_METHOD_1.0,1166
21018,21016,14,MDB_HOSPITAL_FLOW_METHOD_1.0,1167
21016,21016,833,MDB_HOSPITAL_FLOW_METHOD_1.0,1168
21018,21016,30,MDB_HOSPITAL_FLOW_METHOD_1.0,1171
21015,21015,9,MDB_HOSPITAL_FLOW_METHOD_1.0,1172
21015,21016,71,MDB_HOSPITAL_FLOW_METHOD_1.0,1173
21017,22004,16,MDB_HOSPITAL_FLOW_METHOD_1.0,1176
21015,21016,11,MDB_HOSPITAL_FLOW_METHOD_1.0,1177
21015,21016,37,MDB_HOSPITAL_FLOW_METHOD_1.0,1178
21006,21016,6,MDB_HOSPITAL_FLOW_METHOD_1.0,1179
21002,21016,14,MDB_HOSPITAL_FLOW_METHOD_1.0,1180
21010,21010,16,MDB_HOSPITAL_FLOW_METHOD_1.0,1181
21010,21016,122,MDB_HOSPITAL_FLOW_METHOD_1.0,1182
21011,21016,54,MDB_HOSPITAL_FLOW_METHOD_1.0,1183
21018,21016,40,MDB_HOSPITAL_FLOW_METHOD_1.0,1184
21011,21016,15,MDB_HOSPITAL_FLOW_METHOD_1.0,1186
21007,21016,57,MDB_HOSPITAL_FLOW_METHOD_1.0,1187
21014,21016,77,MDB_HOSPITAL_FLOW_METHOD_1.0,1190
21011,21016,66,MDB_HOSPITAL_FLOW_METHOD_1.0,1193
21014,21014,19,MDB_HOSPITAL_FLOW_METHOD_1.0,1195
21014,21016,108,MDB_HOSPITAL_FLOW_METHOD_1.0,1196
21009,21016,77,MDB_HOSPITAL_FLOW_METHOD_1.0,1197
21010,21016,18,MDB_HOSPITAL_FLOW_METHOD_1.0,1200
21008,21008,96,MDB_HOSPITAL_FLOW_METHOD_1.0,1204
21011,21016,15,MDB_HOSPITAL_FLOW_METHOD_1.0,1207
21012,21016,79,MDB_HOSPITAL_FLOW_METHOD_1.0,1208
21013,21016,9,MDB_HOSPITAL_FLOW_METHOD_1.0,1210
21019,21019,7,MDB_HOSPITAL_FLOW_METHOD_1.0,1212
21019,21016,8,MDB_HOSPITAL_FLOW_METHOD_1.0,1213
21011,21016,16,MDB_HOSPITAL_FLOW_METHOD_1.0,1216
21009,21016,20,MDB_HOSPITAL_FLOW_METHOD_1.0,1218
21013,21016,11,MDB_HOSPITAL_FLOW_METHOD_1.0,1220
21016,21016,180,MDB_HOSPITAL_FLOW_METHOD_1.0,1222
21003,21016,9,MDB_HOSPITAL_FLOW_METHOD_1.0,1225
21008,21008,5,MDB_HOSPITAL_FLOW_METHOD_1.0,1228
21013,21016,266,MDB_HOSPITAL_FLOW_METHOD_1.0,1230
21012,21016,5,MDB_HOSPITAL_FLOW_METHOD_1.0,1232
21011,21011,38,MDB_HOSPITAL_FLOW_METHOD_1.0,1233
21011,21016,75,MDB_HOSPITAL_FLOW_METHOD_1.0,1234
21014,21014,13,MDB_HOSPITAL_FLOW_METHOD_1.0,1236
21014,21016,161,MDB_HOSPITAL_FLOW_METHOD_1.0,1237
21014,21014,5,MDB_HOSPITAL_FLOW_METHOD_1.0,1241
21014,21016,142,MDB_HOSPITAL_FLOW_METHOD_1.0,1242
21019,21016,29,MDB_HOSPITAL_FLOW_METHOD_1.0,1244
21006,21016,30,MDB_HOSPITAL_FLOW_METHOD_1.0,1245
21013,21016,89,MDB_HOSPITAL_FLOW_METHOD_1.0,1247
21013,21016,15,MDB_HOSPITAL_FLOW_METHOD_1.0,1250
21012,21016,32,MDB_HOSPITAL_FLOW_METHOD_1.0,1251
21009,21016,36,MDB_HOSPITAL_FLOW_METHOD_1.0,1253
21018,21018,13,MDB_HOSPITAL_FLOW_METHOD_1.0,1255
21018,21016,71,MDB_HOSPITAL_FLOW_METHOD_1.0,1256
21006,21016,37,MDB_HOSPITAL_FLOW_METHOD_1.0,1259
21015,21016,7,MDB_HOSPITAL_FLOW_METHOD_1.0,1260
21012,21016,33,MDB_HOSPITAL_FLOW_METHOD_1.0,1261
21003,21016,33,MDB_HOSPITAL_FLOW_METHOD_1.0,1263
21018,21016,47,MDB_HOSPITAL_FLOW_METHOD_1.0,1267
21008,21008,20,MDB_HOSPITAL_FLOW_METHOD_1.0,1269
21005,21016,20,MDB_HOSPITAL_FLOW_METHOD_1.0,1271
21015,21016,17,MDB_HOSPITAL_FLOW_METHOD_1.0,1272
21016,21016,1802,MDB_HOSPITAL_FLOW_METHOD_1.0,1274
21012,21016,82,MDB_HOSPITAL_FLOW_METHOD_1.0,1275
21016,21016,11462,MDB_HOSPITAL_FLOW_METHOD_1.0,1278
21016,31016,11,MDB_HOSPITAL_FLOW_METHOD_1.0,1284
21002,21016,83,MDB_HOSPITAL_FLOW_METHOD_1.0,1290
21007,21016,78,MDB_HOSPITAL_FLOW_METHOD_1.0,1292
21007,21007,61,MDB_HOSPITAL_FLOW_METHOD_1.0,1293
21003,21016,10,MDB_HOSPITAL_FLOW_METHOD_1.0,1297
21010,21016,8,MDB_HOSPITAL_FLOW_METHOD_1.0,1299
21018,21016,28,MDB_HOSPITAL_FLOW_METHOD_1.0,1301
21018,21018,26,MDB_HOSPITAL_FLOW_METHOD_1.0,1302
21012,21016,6,MDB_HOSPITAL_FLOW_METHOD_1.0,1304
21011,21016,27,MDB_HOSPITAL_FLOW_METHOD_1.0,1309
21015,21016,5,MDB_HOSPITAL_FLOW_METHOD_1.0,1315
21007,21016,69,MDB_HOSPITAL_FLOW_METHOD_1.0,1317
21007,21007,19,MDB_HOSPITAL_FLOW_METHOD_1.0,1318
21017,21016,69,MDB_HOSPITAL_FLOW_METHOD_1.0,1319
21017,22004,382,MDB_HOSPITAL_FLOW_METHOD_1.0,1321
21010,21016,32,MDB_HOSPITAL_FLOW_METHOD_1.0,1324
21012,21016,76,MDB_HOSPITAL_FLOW_METHOD_1.0,1326
21012,21012,57,MDB_HOSPITAL_FLOW_METHOD_1.0,1327
21011,21016,53,MDB_HOSPITAL_FLOW_METHOD_1.0,1329
21011,21016,35,MDB_HOSPITAL_FLOW_METHOD_1.0,1331
21006,21016,89,MDB_HOSPITAL_FLOW_METHOD_1.0,1332
21009,21016,52,MDB_HOSPITAL_FLOW_METHOD_1.0,1335
21009,21016,120,MDB_HOSPITAL_FLOW_METHOD_1.0,1336
21018,21016,112,MDB_HOSPITAL_FLOW_METHOD_1.0,1339
21009,21016,87,MDB_HOSPITAL_FLOW_METHOD_1.0,1343
21002,21016,69,MDB_HOSPITAL_FLOW_METHOD_1.0,1344
21019,21016,126,MDB_HOSPITAL_FLOW_METHOD_1.0,1349
21019,21019,5,MDB_HOSPITAL_FLOW_METHOD_1.0,1350
22012,22012,10,MDB_HOSPITAL_FLOW_METHOD_1.0,1351
22012,22004,46,MDB_HOSPITAL_FLOW_METHOD_1.0,1352
22004,22004,15,MDB_HOSPITAL_FLOW_METHOD_1.0,1353
22004,22004,34,MDB_HOSPITAL_FLOW_METHOD_1.0,1355
22004,22004,10,MDB_HOSPITAL_FLOW_METHOD_1.0,1358
22004,22004,163,MDB_HOSPITAL_FLOW_METHOD_1.0,1360
22004,22004,11,MDB_HOSPITAL_FLOW_METHOD_1.0,1362
22004,22004,7,MDB_HOSPITAL_FLOW_METHOD_1.0,1363
22007,22004,5,MDB_HOSPITAL_FLOW_METHOD_1.0,1364
22007,22004,5,MDB_HOSPITAL_FLOW_METHOD_1.0,1368
22003,22004,73,MDB_HOSPITAL_FLOW_METHOD_1.0,1370
22004,22004,47,MDB_HOSPITAL_FLOW_METHOD_1.0,1372
22003,22004,11,MDB_HOSPITAL_FLOW_METHOD_1.0,1374
22012,22004,7,MDB_HOSPITAL_FLOW_METHOD_1.0,1375
22004,22004,8,MDB_HOSPITAL_FLOW_METHOD_1.0,1376
22011,22004,19,MDB_HOSPITAL_FLOW_METHOD_1.0,1377
22012,22012,13,MDB_HOSPITAL_FLOW_METHOD_1.0,1378
22001,22004,39,MDB_HOSPITAL_FLOW_METHOD_1.0,1379
22002,22004,9,MDB_HOSPITAL_FLOW_METHOD_1.0,1380
22005,22005,10,MDB_HOSPITAL_FLOW_METHOD_1.0,1382
22003,22004,5,MDB_HOSPITAL_FLOW_METHOD_1.0,1385
22005,22005,12,MDB_HOSPITAL_FLOW_METHOD_1.0,1386
22005,22004,6,MDB_HOSPITAL_FLOW_METHOD_1.0,1387
22001,22004,18,MDB_HOSPITAL_FLOW_METHOD_1.0,1389
22008,22004,6,MDB_HOSPITAL_FLOW_METHOD_1.0,1392
22009,22004,5,MDB_HOSPITAL_FLOW_METHOD_1.0,1394
22003,22004,7,MDB_HOSPITAL_FLOW_METHOD_1.0,1395
22001,22004,54,MDB_HOSPITAL_FLOW_METHOD_1.0,1396
22011,22004,15,MDB_HOSPITAL_FLOW_METHOD_1.0,1398
22003,22004,19,MDB_HOSPITAL_FLOW_METHOD_1.0,1399
22005,22005,6,MDB_HOSPITAL_FLOW_METHOD_1.0,1402
22001,22004,19,MDB_HOSPITAL_FLOW_METHOD_1.0,1404
22005,22005,10,MDB_HOSPITAL_FLOW_METHOD_1.0,1406
22005,22004,5,MDB_HOSPITAL_FLOW_METHOD_1.0,1407
22005,22005,24,MDB_HOSPITAL_FLOW_METHOD_1.0,1408
22005,22005,12,MDB_HOSPITAL_FLOW_METHOD_1.0,1409
22005,22004,10,MDB_HOSPITAL_FLOW_METHOD_1.0,1410
22001,22004,8,MDB_HOSPITAL_FLOW_METHOD_1.0,1411
22005,22005,7,MDB_HOSPITAL_FLOW_METHOD_1.0,1412
22008,22004,18,MDB_HOSPITAL_FLOW_METHOD_1.0,1418
22002,22004,12,MDB_HOSPITAL_FLOW_METHOD_1.0,1419
22012,22004,7,MDB_HOSPITAL_FLOW_METHOD_1.0,1424
22004,22004,8,MDB_HOSPITAL_FLOW_METHOD_1.0,1425
22009,22004,10,MDB_HOSPITAL_FLOW_METHOD_1.0,1428
22010,22004,51,MDB_HOSPITAL_FLOW_METHOD_1.0,1431
22003,22004,38,MDB_HOSPITAL_FLOW_METHOD_1.0,1433
22006,22004,8,MDB_HOSPITAL_FLOW_METHOD_1.0,1434
22011,22004,5,MDB_HOSPITAL_FLOW_METHOD_1.0,1435
22011,22004,10,MDB_HOSPITAL_FLOW_METHOD_1.0,1438
22010,22004,6,MDB_HOSPITAL_FLOW_METHOD_1.0,1439
22011,22004,5,MDB_HOSPITAL_FLOW_METHOD_1.0,1440
22009,22004,7,MDB_HOSPITAL_FLOW_METHOD_1.0,1441
22009,22004,10,MDB_HOSPITAL_FLOW_METHOD_1.0,1442
22009,22004,42,MDB_HOSPITAL_FLOW_METHOD_1.0,1444
22004,22004,8,MDB_HOSPITAL_FLOW_METHOD_1.0,1448
22005,22005,51,MDB_HOSPITAL_FLOW_METHOD_1.0,1449
22010,22004,18,MDB_HOSPITAL_FLOW_METHOD_1.0,1450
22009,22004,8,MDB_HOSPITAL_FLOW_METHOD_1.0,1452
22008,22004,17,MDB_HOSPITAL_FLOW_METHOD_1.0,1454
22011,22004,20,MDB_HOSPITAL_FLOW_METHOD_1.0,1456
22012,22004,10,MDB_HOSPITAL_FLOW_METHOD_1.0,1459
22011,22004,16,MDB_HOSPITAL_FLOW_METHOD_1.0,1462
22003,22004,31,MDB_HOSPITAL_FLOW_METHOD_1.0,1464
22003,22004,5,MDB_HOSPITAL_FLOW_METHOD_1.0,1465
22004,22004,103,MDB_HOSPITAL_FLOW_METHOD_1.0,1466
22001,22004,9,MDB_HOSPITAL_FLOW_METHOD_1.0,1467
22004,22004,14,MDB_HOSPITAL_FLOW_METHOD_1.0,1470
22006,22012,6,MDB_HOSPITAL_FLOW_METHOD_1.0,1471
22004,22004,7,MDB_HOSPITAL_FLOW_METHOD_1.0,1476
22011,22004,25,MDB_HOSPITAL_FLOW_METHOD_1.0,1477
22005,22005,5,MDB_HOSPITAL_FLOW_METHOD_1.0,1478
22005,22005,56,MDB_HOSPITAL_FLOW_METHOD_1.0,1479
22005,22004,47,MDB_HOSPITAL_FLOW_METHOD_1.0,1480
22003,22004,6,MDB_HOSPITAL_FLOW_METHOD_1.0,1483
22003,22004,7,MDB_HOSPITAL_FLOW_METHOD_1.0,1485
22011,22004,20,MDB_HOSPITAL_FLOW_METHOD_1.0,1486
22012,22004,5,MDB_HOSPITAL_FLOW_METHOD_1.0,1488
22011,22004,12,MDB_HOSPITAL_FLOW_METHOD_1.0,1490
22012,22004,6,MDB_HOSPITAL_FLOW_METHOD_1.0,1491
22003,22004,6,MDB_HOSPITAL_FLOW_METHOD_1.0,1492
22004,22004,49,MDB_HOSPITAL_FLOW_METHOD_1.0,1493
22004,22004,15,MDB_HOSPITAL_FLOW_METHOD_1.0,1497
22009,22004,9,MDB_HOSPITAL_FLOW_METHOD_1.0,1498
22002,22004,6,MDB_HOSPITAL_FLOW_METHOD_1.0,1499
22011,22004,9,MDB_HOSPITAL_FLOW_METHOD_1.0,1501
22004,22004,23,MDB_HOSPITAL_FLOW_METHOD_1.0,1502
22008,22004,72,MDB_HOSPITAL_FLOW_METHOD_1.0,1507
22011,22004,10,MDB_HOSPITAL_FLOW_METHOD_1.0,1509
22004,22004,18,MDB_HOSPITAL_FLOW_METHOD_1.0,1511
22009,22004,43,MDB_HOSPITAL_FLOW_METHOD_1.0,1512
22002,22004,16,MDB_HOSPITAL_FLOW_METHOD_1.0,1513
22005,21016,9,MDB_HOSPITAL_FLOW_METHOD_1.0,1514
22005,22005,1922,MDB_HOSPITAL_FLOW_METHOD_1.0,1515
22005,22004,159,MDB_HOSPITAL_FLOW_METHOD_1.0,1516
22012,22012,7,MDB_HOSPITAL_FLOW_METHOD_1.0,1517
22012,22004,7,MDB_HOSPITAL_FLOW_METHOD_1.0,1518
22012,22012,71,MDB_HOSPITAL_FLOW_METHOD_1.0,1520
22003,22003,16,MDB_HOSPITAL_FLOW_METHOD_1.0,1523
22003,22004,52,MDB_HOSPITAL_FLOW_METHOD_1.0,1524
22009,22004,148,MDB_HOSPITAL_FLOW_METHOD_1.0,1527
22003,22004,35,MDB_HOSPITAL_FLOW_METHOD_1.0,1532
22003,22004,57,MDB_HOSPITAL_FLOW_METHOD_1.0,1535
22012,22012,21,MDB_HOSPITAL_FLOW_METHOD_1.0,1540
22004,22004,42,MDB_HOSPITAL_FLOW_METHOD_1.0,1541
22007,22004,12,MDB_HOSPITAL_FLOW_METHOD_1.0,1542
22011,22004,22,MDB_HOSPITAL_FLOW_METHOD_1.0,1543
22009,22004,8,MDB_HOSPITAL_FLOW_METHOD_1.0,1544
22010,22004,15,MDB_HOSPITAL_FLOW_METHOD_1.0,1545
22009,22004,7,MDB_HOSPITAL_FLOW_METHOD_1.0,1548
22008,22004,6,MDB_HOSPITAL_FLOW_METHOD_1.0,1550
22010,22004,10,MDB_HOSPITAL_FLOW_METHOD_1.0,1551
22011,22004,38,MDB_HOSPITAL_FLOW_METHOD_1.0,1554
22004,22004,19,MDB_HOSPITAL_FLOW_METHOD_1.0,1555
22003,22004,7,MDB_HOSPITAL_FLOW_METHOD_1.0,1557
22001,22004,13,MDB_HOSPITAL_FLOW_METHOD_1.0,1558
22003,22004,15,MDB_HOSPITAL_FLOW_METHOD_1.0,1560
22006,22004,21,MDB_HOSPITAL_FLOW_METHOD_1.0,1563
22009,22004,11,MDB_HOSPITAL_FLOW_METHOD_1.0,1565
22006,26010,5,MDB_HOSPITAL_FLOW_METHOD_1.0,1568
22011,22004,8,MDB_HOSPITAL_FLOW_METHOD_1.0,1571
22001,22004,41,MDB_HOSPITAL_FLOW_METHOD_1.0,1572
22004,22004,10,MDB_HOSPITAL_FLOW_METHOD_1.0,1573
22006,22006,26,MDB_HOSPITAL_FLOW_METHOD_1.0,1574
22006,22004,48,MDB_HOSPITAL_FLOW_METHOD_1.0,1575
22001,22004,7,MDB_HOSPITAL_FLOW_METHOD_1.0,1577
22012,22004,9,MDB_HOSPITAL_FLOW_METHOD_1.0,1578
22008,21016,36,MDB_HOSPITAL_FLOW_METHOD_1.0,1579
22008,22004,10,MDB_HOSPITAL_FLOW_METHOD_1.0,1580
22009,22004,14,MDB_HOSPITAL_FLOW_METHOD_1.0,1582
22004,22004,3030,MDB_HOSPITAL_FLOW_METHOD_1.0,1585
22004,35016,5,MDB_HOSPITAL_FLOW_METHOD_1.0,1589
22004,22004,90,MDB_HOSPITAL_FLOW_METHOD_1.0,1590
22007,22004,51,MDB_HOSPITAL_FLOW_METHOD_1.0,1592
22010,22004,25,MDB_HOSPITAL_FLOW_METHOD_1.0,1593
22009,22004,7,MDB_HOSPITAL_FLOW_METHOD_1.0,1595
23023,23023,20,MDB_HOSPITAL_FLOW_METHOD_1.0,1597
23023,23001,6,MDB_HOSPITAL_FLOW_METHOD_1.0,1598
23001,23001,33,MDB_HOSPITAL_FLOW_METHOD_1.0,1599
23001,23001,26,MDB_HOSPITAL_FLOW_METHOD_1.0,1600
23011,23011,50,MDB_HOSPITAL_FLOW_METHOD_1.0,1601
23011,23001,67,MDB_HOSPITAL_FLOW_METHOD_1.0,1604
23011,23011,18,MDB_HOSPITAL_FLOW_METHOD_1.0,1605
23023,23023,70,MDB_HOSPITAL_FLOW_METHOD_1.0,1606
23023,23001,35,MDB_HOSPITAL_FLOW_METHOD_1.0,1607
23024,23024,5,MDB_HOSPITAL_FLOW_METHOD_1.0,1612
23024,23001,17,MDB_HOSPITAL_FLOW_METHOD_1.0,1613
23024,23024,11,MDB_HOSPITAL_FLOW_METHOD_1.0,1614
23011,23011,30,MDB_HOSPITAL_FLOW_METHOD_1.0,1615
23023,23001,17,MDB_HOSPITAL_FLOW_METHOD_1.0,1617
23025,23001,28,MDB_HOSPITAL_FLOW_METHOD_1.0,1618
23025,23025,12,MDB_HOSPITAL_FLOW_METHOD_1.0,1619
23001,23001,53,MDB_HOSPITAL_FLOW_METHOD_1.0,1620
23023,23001,5,MDB_HOSPITAL_FLOW_METHOD_1.0,1621
23001,23001,13,MDB_HOSPITAL_FLOW_METHOD_1.0,1623
23001,23001,282,MDB_HOSPITAL_FLOW_METHOD_1.0,1626
23025,23025,5,MDB_HOSPITAL_FLOW_METHOD_1.0,1628
23025,23001,134,MDB_HOSPITAL_FLOW_METHOD_1.0,1630
23001,23001,58,MDB_HOSPITAL_FLOW_METHOD_1.0,1634
23011,23011,5,MDB_HOSPITAL_FLOW_METHOD_1.0,1638
23011,23001,9,MDB_HOSPITAL_FLOW_METHOD_1.0,1639
23023,23001,5,MDB_HOSPITAL_FLOW_METHOD_1.0,1641
23001,23001,7,MDB_HOSPITAL_FLOW_METHOD_1.0,1644
23024,23001,27,MDB_HOSPITAL_FLOW_METHOD_1.0,1646
23024,23024,11,MDB_HOSPITAL_FLOW_METHOD_1.0,1647
23023,23001,6,MDB_HOSPITAL_FLOW_METHOD_1.0,1649
23023,23023,9,MDB_HOSPITAL_FLOW_METHOD_1.0,1651
23023,23023,9,MDB_HOSPITAL_FLOW_METHOD_1.0,1652
23023,23001,9,MDB_HOSPITAL_FLOW_METHOD_1.0,1653
23023,23001,5,MDB_HOSPITAL_FLOW_METHOD_1.0,1656
23023,23023,10,MDB_HOSPITAL_FLOW_METHOD_1.0,1657
23024,23001,23,MDB_HOSPITAL_FLOW_METHOD_1.0,1660
23023,23001,47,MDB_HOSPITAL_FLOW_METHOD_1.0,1663
23001,23001,42,MDB_HOSPITAL_FLOW_METHOD_1.0,1666
23023,23023,18,MDB_HOSPITAL_FLOW_METHOD_1.0,1670
23023,23001,10,MDB_HOSPITAL_FLOW_METHOD_1.0,1671
23011,23001,5,MDB_HOSPITAL_FLOW_METHOD_1.0,1674
23011,23011,8,MDB_HOSPITAL_FLOW_METHOD_1.0,1675
23001,23001,135,MDB_HOSPITAL_FLOW_METHOD_1.0,1677
23001,23001,6,MDB_HOSPITAL_FLOW_METHOD_1.0,1679
23001,23001,103,MDB_HOSPITAL_FLOW_METHOD_1.0,1680
23011,23011,7,MDB_HOSPITAL_FLOW_METHOD_1.0,1682
23011,23001,14,MDB_HOSPITAL_FLOW_METHOD_1.0,1684
23011,23011,11,MDB_HOSPITAL_FLOW_METHOD_1.0,1685
23024,23024,31,MDB_HOSPITAL_FLOW_METHOD_1.0,1686
23024,23001,127,MDB_HOSPITAL_FLOW_METHOD_1.0,1687
23023,23023,427,MDB_HOSPITAL_FLOW_METHOD_1.0,1691
23023,23001,40,MDB_HOSPITAL_FLOW_METHOD_1.0,1692
23011,23011,55,MDB_HOSPITAL_FLOW_METHOD_1.0,1695
23011,23001,13,MDB_HOSPITAL_FLOW_METHOD_1.0,1697
23011,23011,26,MDB_HOSPITAL_FLOW_METHOD_1.0,1698
23023,23023,11,MDB_HOSPITAL_FLOW_METHOD_1.0,1699
23023,23001,30,MDB_HOSPITAL_FLOW_METHOD_1.0,1700
23024,23024,424,MDB_HOSPITAL_FLOW_METHOD_1.0,1705
23024,23001,68,MDB_HOSPITAL_FLOW_METHOD_1.0,1706
23001,23001,96,MDB_HOSPITAL_FLOW_METHOD_1.0,1710
23024,23024,14,MDB_HOSPITAL_FLOW_METHOD_1.0,1712
23024,23001,11,MDB_HOSPITAL_FLOW_METHOD_1.0,1713
23011,23011,8,MDB_HOSPITAL_FLOW_METHOD_1.0,1716
23011,23001,10,MDB_HOSPITAL_FLOW_METHOD_1.0,1718
23011,23011,32,MDB_HOSPITAL_FLOW_METHOD_1.0,1719
23023,23001,31,MDB_HOSPITAL_FLOW_METHOD_1.0,1721
23023,23023,17,MDB_HOSPITAL_FLOW_METHOD_1.0,1726
23023,23001,5,MDB_HOSPITAL_FLOW_METHOD_1.0,1727
23011,23011,28,MDB_HOSPITAL_FLOW_METHOD_1.0,1730
23011,23001,6,MDB_HOSPITAL_FLOW_METHOD_1.0,1732
23011,23011,29,MDB_HOSPITAL_FLOW_METHOD_1.0,1733
23001,23001,187,MDB_HOSPITAL_FLOW_METHOD_1.0,1735
23023,23001,7,MDB_HOSPITAL_FLOW_METHOD_1.0,1736
23011,23011,15,MDB_HOSPITAL_FLOW_METHOD_1.0,1738
23001,22004,5,MDB_HOSPITAL_FLOW_METHOD_1.0,1740
23001,23001,45,MDB_HOSPITAL_FLOW_METHOD_1.0,1741
23001,23001,1357,MDB_HOSPITAL_FLOW_METHOD_1.0,1742
23023,23023,20,MDB_HOSPITAL_FLOW_METHOD_1.0,1745
23023,23001,28,MDB_HOSPITAL_FLOW_METHOD_1.0,1746
23023,23023,20,MDB_HOSPITAL_FLOW_METHOD_1.0,1747
23011,23011,5,MDB_HOSPITAL_FLOW_METHOD_1.0,1754
23024,23001,13,MDB_HOSPITAL_FLOW_METHOD_1.0,1756
23001,23001,56,MDB_HOSPITAL_FLOW_METHOD_1.0,1759
23011,23011,7,MDB_HOSPITAL_FLOW_METHOD_1.0,1761
23011,23011,30,MDB_HOSPITAL_FLOW_METHOD_1.0,1764
23011,23011,257,MDB_HOSPITAL_FLOW_METHOD_1.0,1766
23011,23001,17,MDB_HOSPITAL_FLOW_METHOD_1.0,1767
23023,23023,12,MDB_HOSPITAL_FLOW_METHOD_1.0,1770
23023,23001,34,MDB_HOSPITAL_FLOW_METHOD_1.0,1771
23011,23011,5,MDB_HOSPITAL_FLOW_METHOD_1.0,1773
23011,23001,31,MDB_HOSPITAL_FLOW_METHOD_1.0,1774
23011,23011,27,MDB_HOSPITAL_FLOW_METHOD_1.0,1775
23011,23011,76,MDB_HOSPITAL_FLOW_METHOD_1.0,1778
23011,23011,18,MDB_HOSPITAL_FLOW_METHOD_1.0,1780
23023,23023,5,MDB_HOSPITAL_FLOW_METHOD_1.0,1781
23025,23001,6,MDB_HOSPITAL_FLOW_METHOD_1.0,1782
23001,23001,5,MDB_HOSPITAL_FLOW_METHOD_1.0,1783
23001,23001,232,MDB_HOSPITAL_FLOW_METHOD_1.0,1784
23023,23023,19,MDB_HOSPITAL_FLOW_METHOD_1.0,1785
23023,23001,6,MDB_HOSPITAL_FLOW_METHOD_1.0,1786
23011,23001,6,MDB_HOSPITAL_FLOW_METHOD_1.0,1787
23011,23011,50,MDB_HOSPITAL_FLOW_METHOD_1.0,1788
23001,23001,16646,MDB_HOSPITAL_FLOW_METHOD_1.0,1796
23001,23001,9,MDB_HOSPITAL_FLOW_METHOD_1.0,1797
23001,25001,5,MDB_HOSPITAL_FLOW_METHOD_1.0,1800
23001,33006,9,MDB_HOSPITAL_FLOW_METHOD_1.0,1803
23001,33005,38,MDB_HOSPITAL_FLOW_METHOD_1.0,1804
23001,35016,7,MDB_HOSPITAL_FLOW_METHOD_1.0,1806
23025,23001,37,MDB_HOSPITAL_FLOW_METHOD_1.0,1807
23025,23025,10,MDB_HOSPITAL_FLOW_METHOD_1.0,1809
23011,23011,9,MDB_HOSPITAL_FLOW_METHOD_1.0,1814
23011,23011,15,MDB_HOSPITAL_FLOW_METHOD_1.0,1815
23001,23001,33,MDB_HOSPITAL_FLOW_METHOD_1.0,1816
23011,23001,16,MDB_HOSPITAL_FLOW_METHOD_1.0,1817
23011,23011,9,MDB_HOSPITAL_FLOW_METHOD_1.0,1818
23011,23001,5,MDB_HOSPITAL_FLOW_METHOD_1.0,1820
23011,23011,39,MDB_HOSPITAL_FLOW_METHOD_1.0,1822
23023,23001,7,MDB_HOSPITAL_FLOW_METHOD_1.0,1823
23011,23011,13,MDB_HOSPITAL_FLOW_METHOD_1.0,1827
23001,23001,67,MDB_HOSPITAL_FLOW_METHOD_1.0,1828
23001,23001,5,MDB_HOSPITAL_FLOW_METHOD_1.0,1830
23011,23001,8,MDB_HOSPITAL_FLOW_METHOD_1.0,1831
23011,23011,29,MDB_HOSPITAL_FLOW_METHOD_1.0,1833
23001,23001,13,MDB_HOSPITAL_FLOW_METHOD_1.0,1836
23011,23001,6,MDB_HOSPITAL_FLOW_METHOD_1.0,1837
23011,23011,9,MDB_HOSPITAL_FLOW_METHOD_1.0,1838
23001,23001,143,MDB_HOSPITAL_FLOW_METHOD_1.0,1840
23024,23001,11,MDB_HOSPITAL_FLOW_METHOD_1.0,1841
23011,23001,5,MDB_HOSPITAL_FLOW_METHOD_1.0,1842
23011,23011,67,MDB_HOSPITAL_FLOW_METHOD_1.0,1843
23011,23011,15,MDB_HOSPITAL_FLOW_METHOD_1.0,1844
23024,23001,47,MDB_HOSPITAL_FLOW_METHOD_1.0,1845
23024,23025,5,MDB_HOSPITAL_FLOW_METHOD_1.0,1846
23025,23001,33,MDB_HOSPITAL_FLOW_METHOD_1.0,1848
23023,23001,99,MDB_HOSPITAL_FLOW_METHOD_1.0,1852
23023,23023,232,MDB_HOSPITAL_FLOW_METHOD_1.0,1853
23023,23001,134,MDB_HOSPITAL_FLOW_METHOD_1.0,1856
23023,23023,55,MDB_HOSPITAL_FLOW_METHOD_1.0,1858
23011,23011,13,MDB_HOSPITAL_FLOW_METHOD_1.0,1860
23011,23001,10,MDB_HOSPITAL_FLOW_METHOD_1.0,1861
23023,23001,22,MDB_HOSPITAL_FLOW_METHOD_1.0,1868
23023,23023,11,MDB_HOSPITAL_FLOW_METHOD_1.0,1869
23011,23011,59,MDB_HOSPITAL_FLOW_METHOD_1.0,1872
23011,23011,27,MDB_HOSPITAL_FLOW_METHOD_1.0,1874
23011,23001,31,MDB_HOSPITAL_FLOW_METHOD_1.0,1875
23011,23011,5,MDB_HOSPITAL_FLOW_METHOD_1.0,1876
23011,23011,7,MDB_HOSPITAL_FLOW_METHOD_1.0,1877
23025,23001,30,MDB_HOSPITAL_FLOW_METHOD_1.0,1878
23025,23025,8,MDB_HOSPITAL_FLOW_METHOD_1.0,1879
23025,23025,13,MDB_HOSPITAL_FLOW_METHOD_1.0,1880
23011,23001,6,MDB_HOSPITAL_FLOW_METHOD_1.0,1883
23011,23011,7,MDB_HOSPITAL_FLOW_METHOD_1.0,1884
23011,23011,28,MDB_HOSPITAL_FLOW_METHOD_1.0,1885
23025,23001,12,MDB_HOSPITAL_FLOW_METHOD_1.0,1886
23025,23025,6,MDB_HOSPITAL_FLOW_METHOD_1.0,1887
23001,23001,158,MDB_HOSPITAL_FLOW_METHOD_1.0,1890
23001,23001,149,MDB_HOSPITAL_FLOW_METHOD_1.0,1891
23001,23001,7,MDB_HOSPITAL_FLOW_METHOD_1.0,1893
23001,23001,209,MDB_HOSPITAL_FLOW_METHOD_1.0,1896
23001,23001,20,MDB_HOSPITAL_FLOW_METHOD_1.0,1897
23001,23001,39,MDB_HOSPITAL_FLOW_METHOD_1.0,1902
23011,23001,104,MDB_HOSPITAL_FLOW_METHOD_1.0,1904
23011,23011,5,MDB_HOSPITAL_FLOW_METHOD_1.0,1905
23011,23011,6,MDB_HOSPITAL_FLOW_METHOD_1.0,1906
23024,23024,21,MDB_HOSPITAL_FLOW_METHOD_1.0,1907
23024,23001,84,MDB_HOSPITAL_FLOW_METHOD_1.0,1908
23025,23001,21,MDB_HOSPITAL_FLOW_METHOD_1.0,1913
23025,23025,33,MDB_HOSPITAL_FLOW_METHOD_1.0,1914
23025,23025,8,MDB_HOSPITAL_FLOW_METHOD_1.0,1915
23025,23001,24,MDB_HOSPITAL_FLOW_METHOD_1.0,1917
23025,23001,43,MDB_HOSPITAL_FLOW_METHOD_1.0,1919
23025,23025,23,MDB_HOSPITAL_FLOW_METHOD_1.0,1922
23025,23001,61,MDB_HOSPITAL_FLOW_METHOD_1.0,1925
23025,23025,9,MDB_HOSPITAL_FLOW_METHOD_1.0,1926
23023,23001,5,MDB_HOSPITAL_FLOW_METHOD_1.0,1927
23023,23023,23,MDB_HOSPITAL_FLOW_METHOD_1.0,1928
23011,23001,25,MDB_HOSPITAL_FLOW_METHOD_1.0,1932
23011,23011,20,MDB_HOSPITAL_FLOW_METHOD_1.0,1934
23023,23001,86,MDB_HOSPITAL_FLOW_METHOD_1.0,1936
23023,35016,5,MDB_HOSPITAL_FLOW_METHOD_1.0,1942
23023,23001,32,MDB_HOSPITAL_FLOW_METHOD_1.0,1943
23023,23001,8,MDB_HOSPITAL_FLOW_METHOD_1.0,1948
23023,23023,11,MDB_HOSPITAL_FLOW_METHOD_1.0,1949
23025,23001,117,MDB_HOSPITAL_FLOW_METHOD_1.0,1952
23025,23025,329,MDB_HOSPITAL_FLOW_METHOD_1.0,1953
23024,23024,7,MDB_HOSPITAL_FLOW_METHOD_1.0,1955
23024,23001,34,MDB_HOSPITAL_FLOW_METHOD_1.0,1956
23024,23024,11,MDB_HOSPITAL_FLOW_METHOD_1.0,1957
23001,23001,1043,MDB_HOSPITAL_FLOW_METHOD_1.0,1959
23001,23001,237,MDB_HOSPITAL_FLOW_METHOD_1.0,1960
23001,23001,382,MDB_HOSPITAL_FLOW_METHOD_1.0,1962
23001,23001,6,MDB_HOSPITAL_FLOW_METHOD_1.0,1963
23011,23001,9,MDB_HOSPITAL_FLOW_METHOD_1.0,1965
23011,23011,22,MDB_HOSPITAL_FLOW_METHOD_1.0,1966
23011,23011,19,MDB_HOSPITAL_FLOW_METHOD_1.0,1967
23011,23001,5,MDB_HOSPITAL_FLOW_METHOD_1.0,1969
23011,23011,24,MDB_HOSPITAL_FLOW_METHOD_1.0,1971
23011,23001,12,MDB_HOSPITAL_FLOW_METHOD_1.0,1972
23011,23011,12,MDB_HOSPITAL_FLOW_METHOD_1.0,1973
23011,23011,71,MDB_HOSPITAL_FLOW_METHOD_1.0,1974
23023,23023,7,MDB_HOSPITAL_FLOW_METHOD_1.0,1975
23023,23001,20,MDB_HOSPITAL_FLOW_METHOD_1.0,1976
23023,23023,82,MDB_HOSPITAL_FLOW_METHOD_1.0,1977
23011,23011,19,MDB_HOSPITAL_FLOW_METHOD_1.0,1980
23023,23023,6,MDB_HOSPITAL_FLOW_METHOD_1.0,1981
23023,23001,8,MDB_HOSPITAL_FLOW_METHOD_1.0,1982
23023,23023,709,MDB_HOSPITAL_FLOW_METHOD_1.0,1983
23024,23001,10,MDB_HOSPITAL_FLOW_METHOD_1.0,1984
23001,23001,20,MDB_HOSPITAL_FLOW_METHOD_1.0,1987
23023,23001,28,MDB_HOSPITAL_FLOW_METHOD_1.0,1990
23023,23023,12,MDB_HOSPITAL_FLOW_METHOD_1.0,1991
23023,23001,30,MDB_HOSPITAL_FLOW_METHOD_1.0,1993
23011,23011,7,MDB_HOSPITAL_FLOW_METHOD_1.0,1999
23011,23001,18,MDB_HOSPITAL_FLOW_METHOD_1.0,2000
23011,23011,5,MDB_HOSPITAL_FLOW_METHOD_1.0,2001
23025,23001,122,MDB_HOSPITAL_FLOW_METHOD_1.0,2002
23025,23025,18,MDB_HOSPITAL_FLOW_METHOD_1.0,2003
23025,23025,5,MDB_HOSPITAL_FLOW_METHOD_1.0,2004
23011,23001,7,MDB_HOSPITAL_FLOW_METHOD_1.0,2006
23011,23011,8,MDB_HOSPITAL_FLOW_METHOD_1.0,2007
23011,23001,14,MDB_HOSPITAL_FLOW_METHOD_1.0,2008
23011,23011,18,MDB_HOSPITAL_FLOW_METHOD_1.0,2009
23011,23011,13,MDB_HOSPITAL_FLOW_METHOD_1.0,2012
23001,23001,18,MDB_HOSPITAL_FLOW_METHOD_1.0,2013
23023,23001,6,MDB_HOSPITAL_FLOW_METHOD_1.0,2015
23011,23011,28,MDB_HOSPITAL_FLOW_METHOD_1.0,2017
23011,23001,25,MDB_HOSPITAL_FLOW_METHOD_1.0,2018
23011,23011,39,MDB_HOSPITAL_FLOW_METHOD_1.0,2019
23011,23011,6,MDB_HOSPITAL_FLOW_METHOD_1.0,2020
23011,23011,15,MDB_HOSPITAL_FLOW_METHOD_1.0,2021
23011,23001,15,MDB_HOSPITAL_FLOW_METHOD_1.0,2022
23011,23011,24,MDB_HOSPITAL_FLOW_METHOD_1.0,2023
23001,23001,67,MDB_HOSPITAL_FLOW_METHOD_1.0,2025
23023,23001,23,MDB_HOSPITAL_FLOW_METHOD_1.0,2028
23023,23023,25,MDB_HOSPITAL_FLOW_METHOD_1.0,2029
23001,23001,236,MDB_HOSPITAL_FLOW_METHOD_1.0,2031
23001,23001,5,MDB_HOSPITAL_FLOW_METHOD_1.0,2034
23001,23001,352,MDB_HOSPITAL_FLOW_METHOD_1.0,2035
23001,23001,50,MDB_HOSPITAL_FLOW_METHOD_1.0,2036
23001,51002,6,MDB_HOSPITAL_FLOW_METHOD_1.0,2038
23001,23001,17,MDB_HOSPITAL_FLOW_METHOD_1.0,2039
23011,23011,5,MDB_HOSPITAL_FLOW_METHOD_1.0,2042
23011,23011,5,MDB_HOSPITAL_FLOW_METHOD_1.0,2043
23025,23001,18,MDB_HOSPITAL_FLOW_METHOD_1.0,2044
23001,23001,52,MDB_HOSPITAL_FLOW_METHOD_1.0,2047
23001,23001,85,MDB_HOSPITAL_FLOW_METHOD_1.0,2052
23001,23001,44,MDB_HOSPITAL_FLOW_METHOD_1.0,2055
23024,23001,61,MDB_HOSPITAL_FLOW_METHOD_1.0,2056
23024,23024,16,MDB_HOSPITAL_FLOW_METHOD_1.0,2059
23024,23024,6,MDB_HOSPITAL_FLOW_METHOD_1.0,2062
23024,23001,30,MDB_HOSPITAL_FLOW_METHOD_1.0,2063
23024,23001,29,MDB_HOSPITAL_FLOW_METHOD_1.0,2066
23024,23024,5,MDB_HOSPITAL_FLOW_METHOD_1.0,2067
23023,23023,10,MDB_HOSPITAL_FLOW_METHOD_1.0,2069
23001,23001,62,MDB_HOSPITAL_FLOW_METHOD_1.0,2071
23025,23001,27,MDB_HOSPITAL_FLOW_METHOD_1.0,2072
23025,23025,6,MDB_HOSPITAL_FLOW_METHOD_1.0,2074
23025,23025,7,MDB_HOSPITAL_FLOW_METHOD_1.0,2075
23001,23001,84,MDB_HOSPITAL_FLOW_METHOD_1.0,2076
23023,23001,25,MDB_HOSPITAL_FLOW_METHOD_1.0,2077
23023,23023,5,MDB_HOSPITAL_FLOW_METHOD_1.0,2080
23011,23011,7,MDB_HOSPITAL_FLOW_METHOD_1.0,2082
23011,23011,10,MDB_HOSPITAL_FLOW_METHOD_1.0,2083
23011,23001,9,MDB_HOSPITAL_FLOW_METHOD_1.0,2084
23023,23023,36,MDB_HOSPITAL_FLOW_METHOD_1.0,2087
23023,23001,14,MDB_HOSPITAL_FLOW_METHOD_1.0,2088
23023,23001,17,MDB_HOSPITAL_FLOW_METHOD_1.0,2090
23025,23001,35,MDB_HOSPITAL_FLOW_METHOD_1.0,2094
23025,23025,5,MDB_HOSPITAL_FLOW_METHOD_1.0,2095
23011,23011,11,MDB_HOSPITAL_FLOW_METHOD_1.0,2096
23011,23011,6,MDB_HOSPITAL_FLOW_METHOD_1.0,2098
23024,23001,124,MDB_HOSPITAL_FLOW_METHOD_1.0,2100
23024,23025,10,MDB_HOSPITAL_FLOW_METHOD_1.0,2101
23024,23024,56,MDB_HOSPITAL_FLOW_METHOD_1.0,2102
23024,23024,5,MDB_HOSPITAL_FLOW_METHOD_1.0,2103
23023,23001,13,MDB_HOSPITAL_FLOW_METHOD_1.0,2104
23024,23001,82,MDB_HOSPITAL_FLOW_METHOD_1.0,2107
23024,23025,18,MDB_HOSPITAL_FLOW_METHOD_1.0,2108
23024,23024,216,MDB_HOSPITAL_FLOW_METHOD_1.0,2109
23025,23001,16,MDB_HOSPITAL_FLOW_METHOD_1.0,2110
23025,23025,15,MDB_HOSPITAL_FLOW_METHOD_1.0,2111
23025,23025,14,MDB_HOSPITAL_FLOW_METHOD_1.0,2112
23001,23001,116,MDB_HOSPITAL_FLOW_METHOD_1.0,2113
23001,23001,7,MDB_HOSPITAL_FLOW_METHOD_1.0,2115
23011,23001,7,MDB_HOSPITAL_FLOW_METHOD_1.0,2118
23011,23011,40,MDB_HOSPITAL_FLOW_METHOD_1.0,2121
23025,23001,135,MDB_HOSPITAL_FLOW_METHOD_1.0,2122
23025,23025,33,MDB_HOSPITAL_FLOW_METHOD_1.0,2123
23025,23025,6,MDB_HOSPITAL_FLOW_METHOD_1.0,2125
23023,23001,8,MDB_HOSPITAL_FLOW_METHOD_1.0,2126
23023,23001,9,MDB_HOSPITAL_FLOW_METHOD_1.0,2128
23011,23001,8,MDB_HOSPITAL_FLOW_METHOD_1.0,2132
23011,23011,37,MDB_HOSPITAL_FLOW_METHOD_1.0,2134
23023,23001,10,MDB_HOSPITAL_FLOW_METHOD_1.0,2136
23023,23023,9,MDB_HOSPITAL_FLOW_METHOD_1.0,2138
23011,23001,16,MDB_HOSPITAL_FLOW_METHOD_1.0,2139
23011,23011,59,MDB_HOSPITAL_FLOW_METHOD_1.0,2140
23011,23011,49,MDB_HOSPITAL_FLOW_METHOD_1.0,2141
23011,23011,5,MDB_HOSPITAL_FLOW_METHOD_1.0,2142
23011,23001,25,MDB_HOSPITAL_FLOW_METHOD_1.0,2143
23011,23011,14,MDB_HOSPITAL_FLOW_METHOD_1.0,2145
23001,23001,170,MDB_HOSPITAL_FLOW_METHOD_1.0,2146
23001,23001,65,MDB_HOSPITAL_FLOW_METHOD_1.0,2147
23025,23001,10,MDB_HOSPITAL_FLOW_METHOD_1.0,2149
23025,23025,10,MDB_HOSPITAL_FLOW_METHOD_1.0,2150
23001,23001,40,MDB_HOSPITAL_FLOW_METHOD_1.0,2151
23024,23001,60,MDB_HOSPITAL_FLOW_METHOD_1.0,2152
23024,23025,5,MDB_HOSPITAL_FLOW_METHOD_1.0,2153
23024,23024,47,MDB_HOSPITAL_FLOW_METHOD_1.0,2155
23011,23011,11,MDB_HOSPITAL_FLOW_METHOD_1.0,2157
23011,23001,12,MDB_HOSPITAL_FLOW_METHOD_1.0,2158
23011,23011,707,MDB_HOSPITAL_FLOW_METHOD_1.0,2159
23024,23001,46,MDB_HOSPITAL_FLOW_METHOD_1.0,2160
23024,23024,8,MDB_HOSPITAL_FLOW_METHOD_1.0,2163
23025,23001,25,MDB_HOSPITAL_FLOW_METHOD_1.0,2164
23025,23025,15,MDB_HOSPITAL_FLOW_METHOD_1.0,2165
23025,23025,24,MDB_HOSPITAL_FLOW_METHOD_1.0,2167
23011,23011,22,MDB_HOSPITAL_FLOW_METHOD_1.0,2168
23011,23001,7,MDB_HOSPITAL_FLOW_METHOD_1.0,2169
23024,23001,60,MDB_HOSPITAL_FLOW_METHOD_1.0,2174
23024,23024,552,MDB_HOSPITAL_FLOW_METHOD_1.0,2177
23001,23001,69,MDB_HOSPITAL_FLOW_METHOD_1.0,2178
23011,23011,6,MDB_HOSPITAL_FLOW_METHOD_1.0,2179
23011,23001,61,MDB_HOSPITAL_FLOW_METHOD_1.0,2180
23011,23011,47,MDB_HOSPITAL_FLOW_METHOD_1.0,2181
23011,23011,10,MDB_HOSPITAL_FLOW_METHOD_1.0,2182
23001,23001,87,MDB_HOSPITAL_FLOW_METHOD_1.0,2183
23001,23001,9,MDB_HOSPITAL_FLOW_METHOD_1.0,2184
23001,23001,43,MDB_HOSPITAL_FLOW_METHOD_1.0,2185
23011,23001,13,MDB_HOSPITAL_FLOW_METHOD_1.0,2188
23011,23011,40,MDB_HOSPITAL_FLOW_METHOD_1.0,2189
23011,23011,42,MDB_HOSPITAL_FLOW_METHOD_1.0,2190
23023,23001,8,MDB_HOSPITAL_FLOW_METHOD_1.0,2192
23001,23001,17,MDB_HOSPITAL_FLOW_METHOD_1.0,2196
23001,23001,42,MDB_HOSPITAL_FLOW_METHOD_1.0,2197
23011,23011,21,MDB_HOSPITAL_FLOW_METHOD_1.0,2199
23011,23011,16,MDB_HOSPITAL_FLOW_METHOD_1.0,2202
23011,23011,7,MDB_HOSPITAL_FLOW_METHOD_1.0,2203
23023,23001,16,MDB_HOSPITAL_FLOW_METHOD_1.0,2204
23023,23023,60,MDB_HOSPITAL_FLOW_METHOD_1.0,2206
23011,23001,65,MDB_HOSPITAL_FLOW_METHOD_1.0,2209
23011,23011,35,MDB_HOSPITAL_FLOW_METHOD_1.0,2210
24004,24004,10,MDB_HOSPITAL_FLOW_METHOD_1.0,2211
24004,24007,16,MDB_HOSPITAL_FLOW_METHOD_1.0,2212
24008,24002,68,MDB_HOSPITAL_FLOW_METHOD_1.0,2214
24008,24007,12,MDB_HOSPITAL_FLOW_METHOD_1.0,2215
24003,24007,13,MDB_HOSPITAL_FLOW_METHOD_1.0,2219
24006,24002,5,MDB_HOSPITAL_FLOW_METHOD_1.0,2221
24006,24007,12,MDB_HOSPITAL_FLOW_METHOD_1.0,2222
24008,24002,11,MDB_HOSPITAL_FLOW_METHOD_1.0,2226
24008,24007,7,MDB_HOSPITAL_FLOW_METHOD_1.0,2227
24008,24002,7,MDB_HOSPITAL_FLOW_METHOD_1.0,2228
24006,24002,8,MDB_HOSPITAL_FLOW_METHOD_1.0,2230
24002,24002,6,MDB_HOSPITAL_FLOW_METHOD_1.0,2233
24002,24002,25,MDB_HOSPITAL_FLOW_METHOD_1.0,2234
24002,24002,20,MDB_HOSPITAL_FLOW_METHOD_1.0,2235
24002,24002,44,MDB_HOSPITAL_FLOW_METHOD_1.0,2236
24002,24007,7,MDB_HOSPITAL_FLOW_METHOD_1.0,2237
24001,24007,14,MDB_HOSPITAL_FLOW_METHOD_1.0,2238
24002,24002,11,MDB_HOSPITAL_FLOW_METHOD_1.0,2239
24002,24007,9,MDB_HOSPITAL_FLOW_METHOD_1.0,2240
24001,24007,7,MDB_HOSPITAL_FLOW_METHOD_1.0,2241
24002,24002,46,MDB_HOSPITAL_FLOW_METHOD_1.0,2242
24002,24007,5,MDB_HOSPITAL_FLOW_METHOD_1.0,2243
24005,24007,6,MDB_HOSPITAL_FLOW_METHOD_1.0,2244
24003,24007,53,MDB_HOSPITAL_FLOW_METHOD_1.0,2245
24004,24007,15,MDB_HOSPITAL_FLOW_METHOD_1.0,2246
24005,24007,40,MDB_HOSPITAL_FLOW_METHOD_1.0,2248
24001,24007,34,MDB_HOSPITAL_FLOW_METHOD_1.0,2249
24003,24007,10,MDB_HOSPITAL_FLOW_METHOD_1.0,2251
24003,24007,23,MDB_HOSPITAL_FLOW_METHOD_1.0,2252
24004,24004,21,MDB_HOSPITAL_FLOW_METHOD_1.0,2253
24004,24007,33,MDB_HOSPITAL_FLOW_METHOD_1.0,2256
24005,24007,10,MDB_HOSPITAL_FLOW_METHOD_1.0,2258
24001,24007,74,MDB_HOSPITAL_FLOW_METHOD_1.0,2259
24002,24002,28,MDB_HOSPITAL_FLOW_METHOD_1.0,2260
24002,24007,6,MDB_HOSPITAL_FLOW_METHOD_1.0,2261
24004,24007,14,MDB_HOSPITAL_FLOW_METHOD_1.0,2263
24003,24003,68,MDB_HOSPITAL_FLOW_METHOD_1.0,2266
24003,24007,266,MDB_HOSPITAL_FLOW_METHOD_1.0,2267
24004,24007,32,MDB_HOSPITAL_FLOW_METHOD_1.0,2269
24004,24004,6,MDB_HOSPITAL_FLOW_METHOD_1.0,2274
24004,24007,24,MDB_HOSPITAL_FLOW_METHOD_1.0,2275
24004,24004,83,MDB_HOSPITAL_FLOW_METHOD_1.0,2276
24004,24007,72,MDB_HOSPITAL_FLOW_METHOD_1.0,2277
24007,24007,765,MDB_HOSPITAL_FLOW_METHOD_1.0,2280
24004,24007,6,MDB_HOSPITAL_FLOW_METHOD_1.0,2286
24001,24007,53,MDB_HOSPITAL_FLOW_METHOD_1.0,2287
24007,24007,311,MDB_HOSPITAL_FLOW_METHOD_1.0,2288
24002,24002,7,MDB_HOSPITAL_FLOW_METHOD_1.0,2290
24008,24002,5,MDB_HOSPITAL_FLOW_METHOD_1.0,2291
24004,24004,11,MDB_HOSPITAL_FLOW_METHOD_1.0,2293
24004,24007,11,MDB_HOSPITAL_FLOW_METHOD_1.0,2294
24006,24002,14,MDB_HOSPITAL_FLOW_METHOD_1.0,2297
24003,24007,8,MDB_HOSPITAL_FLOW_METHOD_1.0,2298
24001,24007,76,MDB_HOSPITAL_FLOW_METHOD_1.0,2299
24002,24002,27,MDB_HOSPITAL_FLOW_METHOD_1.0,2300
24002,24002,6,MDB_HOSPITAL_FLOW_METHOD_1.0,2301
24003,24003,10,MDB_HOSPITAL_FLOW_METHOD_1.0,2302
24003,24007,76,MDB_HOSPITAL_FLOW_METHOD_1.0,2303
24003,24007,31,MDB_HOSPITAL_FLOW_METHOD_1.0,2304
24008,24002,11,MDB_HOSPITAL_FLOW_METHOD_1.0,2305
24008,24007,7,MDB_HOSPITAL_FLOW_METHOD_1.0,2306
24008,24007,11,MDB_HOSPITAL_FLOW_METHOD_1.0,2308
24006,24002,6,MDB_HOSPITAL_FLOW_METHOD_1.0,2309
24005,24007,30,MDB_HOSPITAL_FLOW_METHOD_1.0,2312
24003,24007,9,MDB_HOSPITAL_FLOW_METHOD_1.0,2313
24002,24002,7,MDB_HOSPITAL_FLOW_METHOD_1.0,2315
24005,24007,28,MDB_HOSPITAL_FLOW_METHOD_1.0,2316
24005,24007,11,MDB_HOSPITAL_FLOW_METHOD_1.0,2317
24003,24007,5,MDB_HOSPITAL_FLOW_METHOD_1.0,2318
24004,24007,8,MDB_HOSPITAL_FLOW_METHOD_1.0,2324
24003,24007,87,MDB_HOSPITAL_FLOW_METHOD_1.0,2326
24006,24002,6,MDB_HOSPITAL_FLOW_METHOD_1.0,2327
24001,24007,47,MDB_HOSPITAL_FLOW_METHOD_1.0,2332
24001,24007,11,MDB_HOSPITAL_FLOW_METHOD_1.0,2334
24001,24007,5,MDB_HOSPITAL_FLOW_METHOD_1.0,2335
24005,24007,10,MDB_HOSPITAL_FLOW_METHOD_1.0,2337
24004,24004,17,MDB_HOSPITAL_FLOW_METHOD_1.0,2339
24004,24007,31,MDB_HOSPITAL_FLOW_METHOD_1.0,2341
24001,24007,60,MDB_HOSPITAL_FLOW_METHOD_1.0,2342
24003,24007,10,MDB_HOSPITAL_FLOW_METHOD_1.0,2344
24005,24007,21,MDB_HOSPITAL_FLOW_METHOD_1.0,2346
24006,24002,13,MDB_HOSPITAL_FLOW_METHOD_1.0,2347
24007,24007,231,MDB_HOSPITAL_FLOW_METHOD_1.0,2350
24003,24007,85,MDB_HOSPITAL_FLOW_METHOD_1.0,2353
24006,24002,5,MDB_HOSPITAL_FLOW_METHOD_1.0,2356
24003,24007,23,MDB_HOSPITAL_FLOW_METHOD_1.0,2359
24001,24007,20,MDB_HOSPITAL_FLOW_METHOD_1.0,2361
24001,24007,98,MDB_HOSPITAL_FLOW_METHOD_1.0,2363
24001,24007,5,MDB_HOSPITAL_FLOW_METHOD_1.0,2364
24002,24002,1224,MDB_HOSPITAL_FLOW_METHOD_1.0,2367
24002,24007,5,MDB_HOSPITAL_FLOW_METHOD_1.0,2368
24007,24007,4400,MDB_HOSPITAL_FLOW_METHOD_1.0,2374
24007,24007,13,MDB_HOSPITAL_FLOW_METHOD_1.0,2375
24001,24007,108,MDB_HOSPITAL_FLOW_METHOD_1.0,2383
24001,24007,156,MDB_HOSPITAL_FLOW_METHOD_1.0,2384
24001,24001,14,MDB_HOSPITAL_FLOW_METHOD_1.0,2385
24006,24002,25,MDB_HOSPITAL_FLOW_METHOD_1.0,2387
24006,24007,37,MDB_HOSPITAL_FLOW_METHOD_1.0,2388
24008,24002,11,MDB_HOSPITAL_FLOW_METHOD_1.0,2390
24003,24007,5,MDB_HOSPITAL_FLOW_METHOD_1.0,2391
24004,24007,13,MDB_HOSPITAL_FLOW_METHOD_1.0,2393
24003,24007,53,MDB_HOSPITAL_FLOW_METHOD_1.0,2396
24001,24007,5,MDB_HOSPITAL_FLOW_METHOD_1.0,2397
24001,24007,7,MDB_HOSPITAL_FLOW_METHOD_1.0,2398
24006,24002,45,MDB_HOSPITAL_FLOW_METHOD_1.0,2399
24005,21016,15,MDB_HOSPITAL_FLOW_METHOD_1.0,2402
24005,24007,14,MDB_HOSPITAL_FLOW_METHOD_1.0,2403
24006,24002,17,MDB_HOSPITAL_FLOW_METHOD_1.0,2405
24006,24006,5,MDB_HOSPITAL_FLOW_METHOD_1.0,2406
24003,24007,10,MDB_HOSPITAL_FLOW_METHOD_1.0,2407
24003,24007,9,MDB_HOSPITAL_FLOW_METHOD_1.0,2409
24001,24007,45,MDB_HOSPITAL_FLOW_METHOD_1.0,2410
24008,24002,6,MDB_HOSPITAL_FLOW_METHOD_1.0,2411
24003,24007,52,MDB_HOSPITAL_FLOW_METHOD_1.0,2415
24006,24002,19,MDB_HOSPITAL_FLOW_METHOD_1.0,2416
24005,24007,13,MDB_HOSPITAL_FLOW_METHOD_1.0,2419
24003,24007,19,MDB_HOSPITAL_FLOW_METHOD_1.0,2422
24003,24007,13,MDB_HOSPITAL_FLOW_METHOD_1.0,2428
24006,24002,5,MDB_HOSPITAL_FLOW_METHOD_1.0,2429
24002,24002,21,MDB_HOSPITAL_FLOW_METHOD_1.0,2430
24005,24007,9,MDB_HOSPITAL_FLOW_METHOD_1.0,2431
24005,24007,71,MDB_HOSPITAL_FLOW_METHOD_1.0,2434
24004,24007,5,MDB_HOSPITAL_FLOW_METHOD_1.0,2436
24001,24007,51,MDB_HOSPITAL_FLOW_METHOD_1.0,2439
24001,24001,7,MDB_HOSPITAL_FLOW_METHOD_1.0,2440
24006,24002,9,MDB_HOSPITAL_FLOW_METHOD_1.0,2443
24007,24007,347,MDB_HOSPITAL_FLOW_METHOD_1.0,2444
24007,24007,203,MDB_HOSPITAL_FLOW_METHOD_1.0,2445
24004,24007,5,MDB_HOSPITAL_FLOW_METHOD_1.0,2447
24001,24007,210,MDB_HOSPITAL_FLOW_METHOD_1.0,2448
24005,24007,33,MDB_HOSPITAL_FLOW_METHOD_1.0,2450
24006,24002,53,MDB_HOSPITAL_FLOW_METHOD_1.0,2452
24006,24007,11,MDB_HOSPITAL_FLOW_METHOD_1.0,2453
24003,24007,21,MDB_HOSPITAL_FLOW_METHOD_1.0,2455
24005,24007,25,MDB_HOSPITAL_FLOW_METHOD_1.0,2457
24005,24007,9,MDB_HOSPITAL_FLOW_METHOD_1.0,2460
24008,24002,6,MDB_HOSPITAL_FLOW_METHOD_1.0,2462
24008,24007,6,MDB_HOSPITAL_FLOW_METHOD_1.0,2463
24005,24007,38,MDB_HOSPITAL_FLOW_METHOD_1.0,2465
24004,24004,21,MDB_HOSPITAL_FLOW_METHOD_1.0,2466
24004,24007,34,MDB_HOSPITAL_FLOW_METHOD_1.0,2467
24005,24007,9,MDB_HOSPITAL_FLOW_METHOD_1.0,2469
24001,24007,5,MDB_HOSPITAL_FLOW_METHOD_1.0,2470
24001,24007,8,MDB_HOSPITAL_FLOW_METHOD_1.0,2471
24002,24002,55,MDB_HOSPITAL_FLOW_METHOD_1.0,2472
24001,24007,14,MDB_HOSPITAL_FLOW_METHOD_1.0,2478
24005,24007,8,MDB_HOSPITAL_FLOW_METHOD_1.0,2483
24003,24007,45,MDB_HOSPITAL_FLOW_METHOD_1.0,2485
24005,24007,46,MDB_HOSPITAL_FLOW_METHOD_1.0,2487
24005,24005,5,MDB_HOSPITAL_FLOW_METHOD_1.0,2488
24006,24002,14,MDB_HOSPITAL_FLOW_METHOD_1.0,2490
24004,24007,7,MDB_HOSPITAL_FLOW_METHOD_1.0,2492
24001,24007,21,MDB_HOSPITAL_FLOW_METHOD_1.0,2493
24003,24007,120,MDB_HOSPITAL_FLOW_METHOD_1.0,2495
24003,24003,62,MDB_HOSPITAL_FLOW_METHOD_1.0,2496
24008,24002,5,MDB_HOSPITAL_FLOW_METHOD_1.0,2497
24006,24002,31,MDB_HOSPITAL_FLOW_METHOD_1.0,2498
24002,24002,28,MDB_HOSPITAL_FLOW_METHOD_1.0,2499
24001,24007,8,MDB_HOSPITAL_FLOW_METHOD_1.0,2500
24006,23001,7,MDB_HOSPITAL_FLOW_METHOD_1.0,2501
24001,24007,52,MDB_HOSPITAL_FLOW_METHOD_1.0,2502
24001,24007,42,MDB_HOSPITAL_FLOW_METHOD_1.0,2505
25011,25016,40,MDB_HOSPITAL_FLOW_METHOD_1.0,2507
25011,25001,5,MDB_HOSPITAL_FLOW_METHOD_1.0,2508
25007,25007,10,MDB_HOSPITAL_FLOW_METHOD_1.0,2510
25003,25016,57,MDB_HOSPITAL_FLOW_METHOD_1.0,2511
25003,25001,47,MDB_HOSPITAL_FLOW_METHOD_1.0,2512
25003,25016,216,MDB_HOSPITAL_FLOW_METHOD_1.0,2513
25002,25001,47,MDB_HOSPITAL_FLOW_METHOD_1.0,2517
25015,25016,28,MDB_HOSPITAL_FLOW_METHOD_1.0,2518
25003,25016,19,MDB_HOSPITAL_FLOW_METHOD_1.0,2519
25001,25001,46,MDB_HOSPITAL_FLOW_METHOD_1.0,2520
25009,25001,12,MDB_HOSPITAL_FLOW_METHOD_1.0,2523
25005,25016,17,MDB_HOSPITAL_FLOW_METHOD_1.0,2525
25010,25010,6,MDB_HOSPITAL_FLOW_METHOD_1.0,2528
25002,25001,42,MDB_HOSPITAL_FLOW_METHOD_1.0,2529
25003,25016,114,MDB_HOSPITAL_FLOW_METHOD_1.0,2530
25002,25001,25,MDB_HOSPITAL_FLOW_METHOD_1.0,2532
25003,25016,61,MDB_HOSPITAL_FLOW_METHOD_1.0,2534
25006,25016,5,MDB_HOSPITAL_FLOW_METHOD_1.0,2535
25003,25016,33,MDB_HOSPITAL_FLOW_METHOD_1.0,2537
25015,25016,108,MDB_HOSPITAL_FLOW_METHOD_1.0,2539
25016,25016,23,MDB_HOSPITAL_FLOW_METHOD_1.0,2541
25014,25001,38,MDB_HOSPITAL_FLOW_METHOD_1.0,2542
25002,25001,22,MDB_HOSPITAL_FLOW_METHOD_1.0,2543
25004,25016,28,MDB_HOSPITAL_FLOW_METHOD_1.0,2545
25015,25016,50,MDB_HOSPITAL_FLOW_METHOD_1.0,2546
25004,25016,20,MDB_HOSPITAL_FLOW_METHOD_1.0,2548
25015,25016,27,MDB_HOSPITAL_FLOW_METHOD_1.0,2549
25001,25001,235,MDB_HOSPITAL_FLOW_METHOD_1.0,2552
25002,25016,7,MDB_HOSPITAL_FLOW_METHOD_1.0,2554
25002,25001,31,MDB_HOSPITAL_FLOW_METHOD_1.0,2555
25008,25001,11,MDB_HOSPITAL_FLOW_METHOD_1.0,2557
25007,25007,15,MDB_HOSPITAL_FLOW_METHOD_1.0,2562
25016,25016,17,MDB_HOSPITAL_FLOW_METHOD_1.0,2563
25009,25001,5,MDB_HOSPITAL_FLOW_METHOD_1.0,2564
25008,25001,6,MDB_HOSPITAL_FLOW_METHOD_1.0,2565
25009,25001,9,MDB_HOSPITAL_FLOW_METHOD_1.0,2566
25015,25016,64,MDB_HOSPITAL_FLOW_METHOD_1.0,2568
25007,25007,13,MDB_HOSPITAL_FLOW_METHOD_1.0,2572
25002,25001,14,MDB_HOSPITAL_FLOW_METHOD_1.0,2573
25008,25016,9,MDB_HOSPITAL_FLOW_METHOD_1.0,2574
25008,25001,14,MDB_HOSPITAL_FLOW_METHOD_1.0,2575
25001,25001,39,MDB_HOSPITAL_FLOW_METHOD_1.0,2580
25015,25016,24,MDB_HOSPITAL_FLOW_METHOD_1.0,2581
25001,25001,107,MDB_HOSPITAL_FLOW_METHOD_1.0,2583
25002,25016,7,MDB_HOSPITAL_FLOW_METHOD_1.0,2589
25002,25001,32,MDB_HOSPITAL_FLOW_METHOD_1.0,2590
25006,25016,30,MDB_HOSPITAL_FLOW_METHOD_1.0,2591
25002,25001,20,MDB_HOSPITAL_FLOW_METHOD_1.0,2592
25009,25009,12,MDB_HOSPITAL_FLOW_METHOD_1.0,2593
25009,25016,7,MDB_HOSPITAL_FLOW_METHOD_1.0,2594
25009,25001,29,MDB_HOSPITAL_FLOW_METHOD_1.0,2595
25012,25001,14,MDB_HOSPITAL_FLOW_METHOD_1.0,2600
25005,25016,9,MDB_HOSPITAL_FLOW_METHOD_1.0,2601
25016,25016,3949,MDB_HOSPITAL_FLOW_METHOD_1.0,2605
25016,25001,19,MDB_HOSPITAL_FLOW_METHOD_1.0,2606
25014,25001,7,MDB_HOSPITAL_FLOW_METHOD_1.0,2608
25005,25016,5,MDB_HOSPITAL_FLOW_METHOD_1.0,2610
25002,25016,17,MDB_HOSPITAL_FLOW_METHOD_1.0,2611
25008,25001,28,MDB_HOSPITAL_FLOW_METHOD_1.0,2617
25015,25016,21,MDB_HOSPITAL_FLOW_METHOD_1.0,2620
25007,25001,20,MDB_HOSPITAL_FLOW_METHOD_1.0,2621
25007,25007,12,MDB_HOSPITAL_FLOW_METHOD_1.0,2622
25006,25016,45,MDB_HOSPITAL_FLOW_METHOD_1.0,2624
25001,25001,177,MDB_HOSPITAL_FLOW_METHOD_1.0,2627
25007,25016,47,MDB_HOSPITAL_FLOW_METHOD_1.0,2629
25007,25007,8,MDB_HOSPITAL_FLOW_METHOD_1.0,2631
25001,25001,49,MDB_HOSPITAL_FLOW_METHOD_1.0,2632
25004,25016,31,MDB_HOSPITAL_FLOW_METHOD_1.0,2634
25004,25016,62,MDB_HOSPITAL_FLOW_METHOD_1.0,2635
25002,25001,16,MDB_HOSPITAL_FLOW_METHOD_1.0,2638
25014,25001,37,MDB_HOSPITAL_FLOW_METHOD_1.0,2641
25014,25001,17,MDB_HOSPITAL_FLOW_METHOD_1.0,2643
25004,25016,13,MDB_HOSPITAL_FLOW_METHOD_1.0,2645
25006,25016,19,MDB_HOSPITAL_FLOW_METHOD_1.0,2646
25006,25001,6,MDB_HOSPITAL_FLOW_METHOD_1.0,2647
25007,25001,5,MDB_HOSPITAL_FLOW_METHOD_1.0,2651
25002,25001,17,MDB_HOSPITAL_FLOW_METHOD_1.0,2654
25002,25001,25,MDB_HOSPITAL_FLOW_METHOD_1.0,2655
25003,25016,150,MDB_HOSPITAL_FLOW_METHOD_1.0,2658
25016,25016,55,MDB_HOSPITAL_FLOW_METHOD_1.0,2661
25004,25016,6,MDB_HOSPITAL_FLOW_METHOD_1.0,2663
25015,25016,77,MDB_HOSPITAL_FLOW_METHOD_1.0,2664
25002,25001,75,MDB_HOSPITAL_FLOW_METHOD_1.0,2668
25012,25001,44,MDB_HOSPITAL_FLOW_METHOD_1.0,2669
25011,25016,19,MDB_HOSPITAL_FLOW_METHOD_1.0,2674
25012,25016,57,MDB_HOSPITAL_FLOW_METHOD_1.0,2677
25012,25001,6,MDB_HOSPITAL_FLOW_METHOD_1.0,2678
25012,25001,59,MDB_HOSPITAL_FLOW_METHOD_1.0,2680
25007,25016,13,MDB_HOSPITAL_FLOW_METHOD_1.0,2681
25007,25001,6,MDB_HOSPITAL_FLOW_METHOD_1.0,2682
25007,25007,20,MDB_HOSPITAL_FLOW_METHOD_1.0,2683
25014,25001,38,MDB_HOSPITAL_FLOW_METHOD_1.0,2684
25012,25016,41,MDB_HOSPITAL_FLOW_METHOD_1.0,2686
25014,25001,35,MDB_HOSPITAL_FLOW_METHOD_1.0,2689
25008,25001,8,MDB_HOSPITAL_FLOW_METHOD_1.0,2691
25001,25016,11,MDB_HOSPITAL_FLOW_METHOD_1.0,2694
25001,25001,2029,MDB_HOSPITAL_FLOW_METHOD_1.0,2695
25001,35016,6,MDB_HOSPITAL_FLOW_METHOD_1.0,2701
25012,25016,18,MDB_HOSPITAL_FLOW_METHOD_1.0,2704
25016,25016,11,MDB_HOSPITAL_FLOW_METHOD_1.0,2705
25016,25001,36,MDB_HOSPITAL_FLOW_METHOD_1.0,2706
25006,25016,24,MDB_HOSPITAL_FLOW_METHOD_1.0,2707
25012,25001,32,MDB_HOSPITAL_FLOW_METHOD_1.0,2709
25002,25001,30,MDB_HOSPITAL_FLOW_METHOD_1.0,2714
25003,25016,272,MDB_HOSPITAL_FLOW_METHOD_1.0,2715
25010,25010,5,MDB_HOSPITAL_FLOW_METHOD_1.0,2718
25016,25016,30,MDB_HOSPITAL_FLOW_METHOD_1.0,2719
25002,25001,10,MDB_HOSPITAL_FLOW_METHOD_1.0,2721
25001,25001,13,MDB_HOSPITAL_FLOW_METHOD_1.0,2722
25006,25016,5,MDB_HOSPITAL_FLOW_METHOD_1.0,2723
25006,25001,11,MDB_HOSPITAL_FLOW_METHOD_1.0,2724
25006,25016,20,MDB_HOSPITAL_FLOW_METHOD_1.0,2725
25006,25001,5,MDB_HOSPITAL_FLOW_METHOD_1.0,2726
25014,25001,118,MDB_HOSPITAL_FLOW_METHOD_1.0,2728
25014,25014,10,MDB_HOSPITAL_FLOW_METHOD_1.0,2729
25011,25001,5,MDB_HOSPITAL_FLOW_METHOD_1.0,2730
25014,25001,28,MDB_HOSPITAL_FLOW_METHOD_1.0,2732
25001,25001,31,MDB_HOSPITAL_FLOW_METHOD_1.0,2734
25016,25016,66,MDB_HOSPITAL_FLOW_METHOD_1.0,2737
25014,25001,33,MDB_HOSPITAL_FLOW_METHOD_1.0,2739
25003,25016,9,MDB_HOSPITAL_FLOW_METHOD_1.0,2740
25006,25016,18,MDB_HOSPITAL_FLOW_METHOD_1.0,2741
25012,25016,7,MDB_HOSPITAL_FLOW_METHOD_1.0,2743
25012,25001,21,MDB_HOSPITAL_FLOW_METHOD_1.0,2744
25003,25016,62,MDB_HOSPITAL_FLOW_METHOD_1.0,2745
25009,25001,10,MDB_HOSPITAL_FLOW_METHOD_1.0,2746
25005,25016,110,MDB_HOSPITAL_FLOW_METHOD_1.0,2747
25005,25001,15,MDB_HOSPITAL_FLOW_METHOD_1.0,2748
25005,25005,12,MDB_HOSPITAL_FLOW_METHOD_1.0,2749
25002,25001,13,MDB_HOSPITAL_FLOW_METHOD_1.0,2750
25015,25016,22,MDB_HOSPITAL_FLOW_METHOD_1.0,2751
25004,25016,59,MDB_HOSPITAL_FLOW_METHOD_1.0,2754
25004,25001,13,MDB_HOSPITAL_FLOW_METHOD_1.0,2755
25007,25007,19,MDB_HOSPITAL_FLOW_METHOD_1.0,2758
25004,25016,9,MDB_HOSPITAL_FLOW_METHOD_1.0,2759
25004,25001,5,MDB_HOSPITAL_FLOW_METHOD_1.0,2760
25007,25001,11,MDB_HOSPITAL_FLOW_METHOD_1.0,2762
25007,25007,11,MDB_HOSPITAL_FLOW_METHOD_1.0,2763
25016,25016,6,MDB_HOSPITAL_FLOW_METHOD_1.0,2764
25005,25016,25,MDB_HOSPITAL_FLOW_METHOD_1.0,2765
25006,25016,114,MDB_HOSPITAL_FLOW_METHOD_1.0,2768
25006,25001,86,MDB_HOSPITAL_FLOW_METHOD_1.0,2769
25006,25007,7,MDB_HOSPITAL_FLOW_METHOD_1.0,2771
25013,25016,11,MDB_HOSPITAL_FLOW_METHOD_1.0,2773
25013,25001,10,MDB_HOSPITAL_FLOW_METHOD_1.0,2774
25007,25007,8,MDB_HOSPITAL_FLOW_METHOD_1.0,2778
25004,25016,29,MDB_HOSPITAL_FLOW_METHOD_1.0,2779
25012,25001,77,MDB_HOSPITAL_FLOW_METHOD_1.0,2781
25012,25012,15,MDB_HOSPITAL_FLOW_METHOD_1.0,2782
25007,25016,7,MDB_HOSPITAL_FLOW_METHOD_1.0,2783
25007,25001,11,MDB_HOSPITAL_FLOW_METHOD_1.0,2784
25007,25007,61,MDB_HOSPITAL_FLOW_METHOD_1.0,2785
25004,25016,37,MDB_HOSPITAL_FLOW_METHOD_1.0,2786
25004,25001,10,MDB_HOSPITAL_FLOW_METHOD_1.0,2787
25012,25001,26,MDB_HOSPITAL_FLOW_METHOD_1.0,2788
25002,25001,10,MDB_HOSPITAL_FLOW_METHOD_1.0,2793
25002,25001,15,MDB_HOSPITAL_FLOW_METHOD_1.0,2795
25001,25001,43,MDB_HOSPITAL_FLOW_METHOD_1.0,2796
25016,25016,66,MDB_HOSPITAL_FLOW_METHOD_1.0,2797
25016,25001,6,MDB_HOSPITAL_FLOW_METHOD_1.0,2798
25013,25016,43,MDB_HOSPITAL_FLOW_METHOD_1.0,2799
25013,25001,8,MDB_HOSPITAL_FLOW_METHOD_1.0,2800
25005,25016,5,MDB_HOSPITAL_FLOW_METHOD_1.0,2803
25011,25001,28,MDB_HOSPITAL_FLOW_METHOD_1.0,2806
25016,25016,83,MDB_HOSPITAL_FLOW_METHOD_1.0,2811
25015,25016,229,MDB_HOSPITAL_FLOW_METHOD_1.0,2812
25003,25016,99,MDB_HOSPITAL_FLOW_METHOD_1.0,2814
25014,25001,16,MDB_HOSPITAL_FLOW_METHOD_1.0,2816
25002,25001,7,MDB_HOSPITAL_FLOW_METHOD_1.0,2819
25012,25016,12,MDB_HOSPITAL_FLOW_METHOD_1.0,2820
25001,25001,13,MDB_HOSPITAL_FLOW_METHOD_1.0,2822
25015,25016,13,MDB_HOSPITAL_FLOW_METHOD_1.0,2823
25008,25001,6,MDB_HOSPITAL_FLOW_METHOD_1.0,2824
25014,25001,45,MDB_HOSPITAL_FLOW_METHOD_1.0,2827
25012,25001,48,MDB_HOSPITAL_FLOW_METHOD_1.0,2834
25015,25016,29,MDB_HOSPITAL_FLOW_METHOD_1.0,2835
25007,25016,8,MDB_HOSPITAL_FLOW_METHOD_1.0,2841
25006,24007,5,MDB_HOSPITAL_FLOW_METHOD_1.0,2844
25006,25016,9,MDB_HOSPITAL_FLOW_METHOD_1.0,2845
25006,25001,8,MDB_HOSPITAL_FLOW_METHOD_1.0,2846
25007,25007,19,MDB_HOSPITAL_FLOW_METHOD_1.0,2851
25001,25001,306,MDB_HOSPITAL_FLOW_METHOD_1.0,2855
25001,25001,5,MDB_HOSPITAL_FLOW_METHOD_1.0,2856
25016,25016,29,MDB_HOSPITAL_FLOW_METHOD_1.0,2859
25008,25016,27,MDB_HOSPITAL_FLOW_METHOD_1.0,2860
25005,25016,65,MDB_HOSPITAL_FLOW_METHOD_1.0,2868
25005,25016,7,MDB_HOSPITAL_FLOW_METHOD_1.0,2869
25010,25001,6,MDB_HOSPITAL_FLOW_METHOD_1.0,2870
25010,25010,7,MDB_HOSPITAL_FLOW_METHOD_1.0,2871
25006,25016,11,MDB_HOSPITAL_FLOW_METHOD_1.0,2873
25012,25001,44,MDB_HOSPITAL_FLOW_METHOD_1.0,2875
25009,25001,11,MDB_HOSPITAL_FLOW_METHOD_1.0,2878
25006,25016,7,MDB_HOSPITAL_FLOW_METHOD_1.0,2881
25006,25001,5,MDB_HOSPITAL_FLOW_METHOD_1.0,2883
25005,25016,17,MDB_HOSPITAL_FLOW_METHOD_1.0,2885
25006,25016,28,MDB_HOSPITAL_FLOW_METHOD_1.0,2886
25006,25001,11,MDB_HOSPITAL_FLOW_METHOD_1.0,2887
25012,25001,27,MDB_HOSPITAL_FLOW_METHOD_1.0,2889
25003,25016,59,MDB_HOSPITAL_FLOW_METHOD_1.0,2890
25005,25016,7,MDB_HOSPITAL_FLOW_METHOD_1.0,2892
25001,25001,95,MDB_HOSPITAL_FLOW_METHOD_1.0,2893
25004,25016,20,MDB_HOSPITAL_FLOW_METHOD_1.0,2894
25002,25001,8,MDB_HOSPITAL_FLOW_METHOD_1.0,2896
25016,25016,92,MDB_HOSPITAL_FLOW_METHOD_1.0,2898
25016,25001,10,MDB_HOSPITAL_FLOW_METHOD_1.0,2899
25002,25001,12,MDB_HOSPITAL_FLOW_METHOD_1.0,2901
25001,25001,11,MDB_HOSPITAL_FLOW_METHOD_1.0,2902
25002,25016,162,MDB_HOSPITAL_FLOW_METHOD_1.0,2903
25002,25001,21,MDB_HOSPITAL_FLOW_METHOD_1.0,2904
25016,25016,18,MDB_HOSPITAL_FLOW_METHOD_1.0,2905
25016,25001,19,MDB_HOSPITAL_FLOW_METHOD_1.0,2906
25010,25001,11,MDB_HOSPITAL_FLOW_METHOD_1.0,2912
25010,25010,69,MDB_HOSPITAL_FLOW_METHOD_1.0,2913
25005,25016,17,MDB_HOSPITAL_FLOW_METHOD_1.0,2915
25002,25001,13,MDB_HOSPITAL_FLOW_METHOD_1.0,2917
25016,25016,48,MDB_HOSPITAL_FLOW_METHOD_1.0,2918
25011,25001,23,MDB_HOSPITAL_FLOW_METHOD_1.0,2921
25011,25011,17,MDB_HOSPITAL_FLOW_METHOD_1.0,2923
25006,25016,6,MDB_HOSPITAL_FLOW_METHOD_1.0,2924
25006,25001,12,MDB_HOSPITAL_FLOW_METHOD_1.0,2925
25016,25016,14,MDB_HOSPITAL_FLOW_METHOD_1.0,2927
25009,25016,5,MDB_HOSPITAL_FLOW_METHOD_1.0,2928
25009,25001,18,MDB_HOSPITAL_FLOW_METHOD_1.0,2929
25015,25016,22,MDB_HOSPITAL_FLOW_METHOD_1.0,2930
25006,25016,12,MDB_HOSPITAL_FLOW_METHOD_1.0,2932
26010,26010,192,MDB_HOSPITAL_FLOW_METHOD_1.0,2939
26010,26010,19,MDB_HOSPITAL_FLOW_METHOD_1.0,2940
26001,26001,124,MDB_HOSPITAL_FLOW_METHOD_1.0,2942
26001,26010,10,MDB_HOSPITAL_FLOW_METHOD_1.0,2943
26001,26012,60,MDB_HOSPITAL_FLOW_METHOD_1.0,2944
26001,26010,12,MDB_HOSPITAL_FLOW_METHOD_1.0,2945
26009,26010,7,MDB_HOSPITAL_FLOW_METHOD_1.0,2947
26009,29016,69,MDB_HOSPITAL_FLOW_METHOD_1.0,2948
26003,26010,9,MDB_HOSPITAL_FLOW_METHOD_1.0,2952
26008,26010,17,MDB_HOSPITAL_FLOW_METHOD_1.0,2955
26004,26010,8,MDB_HOSPITAL_FLOW_METHOD_1.0,2959
26003,26010,5,MDB_HOSPITAL_FLOW_METHOD_1.0,2960
26005,26005,9,MDB_HOSPITAL_FLOW_METHOD_1.0,2961
26005,26010,70,MDB_HOSPITAL_FLOW_METHOD_1.0,2962
26003,26010,16,MDB_HOSPITAL_FLOW_METHOD_1.0,2965
26008,26010,30,MDB_HOSPITAL_FLOW_METHOD_1.0,2966
26010,26010,12,MDB_HOSPITAL_FLOW_METHOD_1.0,2971
26007,26007,299,MDB_HOSPITAL_FLOW_METHOD_1.0,2973
26007,26012,47,MDB_HOSPITAL_FLOW_METHOD_1.0,2976
26007,29016,28,MDB_HOSPITAL_FLOW_METHOD_1.0,2977
26002,26002,245,MDB_HOSPITAL_FLOW_METHOD_1.0,2980
26002,26010,19,MDB_HOSPITAL_FLOW_METHOD_1.0,2982
26002,26012,40,MDB_HOSPITAL_FLOW_METHOD_1.0,2983
26008,26010,44,MDB_HOSPITAL_FLOW_METHOD_1.0,2987
26011,26011,21,MDB_HOSPITAL_FLOW_METHOD_1.0,2990
26011,26012,28,MDB_HOSPITAL_FLOW_METHOD_1.0,2991
26011,29016,12,MDB_HOSPITAL_FLOW_METHOD_1.0,2993
26003,26010,48,MDB_HOSPITAL_FLOW_METHOD_1.0,2996
26003,26010,7,MDB_HOSPITAL_FLOW_METHOD_1.0,2997
26012,26012,6,MDB_HOSPITAL_FLOW_METHOD_1.0,2998
26012,26012,33,MDB_HOSPITAL_FLOW_METHOD_1.0,3000
26003,26003,47,MDB_HOSPITAL_FLOW_METHOD_1.0,3002
26003,26010,44,MDB_HOSPITAL_FLOW_METHOD_1.0,3004
26007,26007,33,MDB_HOSPITAL_FLOW_METHOD_1.0,3006
26007,26012,15,MDB_HOSPITAL_FLOW_METHOD_1.0,3009
26007,29016,34,MDB_HOSPITAL_FLOW_METHOD_1.0,3010
26004,26010,11,MDB_HOSPITAL_FLOW_METHOD_1.0,3014
26006,26010,38,MDB_HOSPITAL_FLOW_METHOD_1.0,3017
26003,26010,36,MDB_HOSPITAL_FLOW_METHOD_1.0,3020
26004,26004,9,MDB_HOSPITAL_FLOW_METHOD_1.0,3023
26001,26001,11,MDB_HOSPITAL_FLOW_METHOD_1.0,3027
26001,26010,5,MDB_HOSPITAL_FLOW_METHOD_1.0,3029
26003,26010,18,MDB_HOSPITAL_FLOW_METHOD_1.0,3034
26006,26010,27,MDB_HOSPITAL_FLOW_METHOD_1.0,3036
26002,26002,31,MDB_HOSPITAL_FLOW_METHOD_1.0,3037
26002,26010,63,MDB_HOSPITAL_FLOW_METHOD_1.0,3039
26002,26010,13,MDB_HOSPITAL_FLOW_METHOD_1.0,3040
26010,26010,8,MDB_HOSPITAL_FLOW_METHOD_1.0,3045
26010,26010,319,MDB_HOSPITAL_FLOW_METHOD_1.0,3046
26010,26010,13,MDB_HOSPITAL_FLOW_METHOD_1.0,3047
26009,26012,30,MDB_HOSPITAL_FLOW_METHOD_1.0,3052
26009,29016,76,MDB_HOSPITAL_FLOW_METHOD_1.0,3053
26003,26010,11,MDB_HOSPITAL_FLOW_METHOD_1.0,3055
26004,26010,8,MDB_HOSPITAL_FLOW_METHOD_1.0,3058
26012,26012,45,MDB_HOSPITAL_FLOW_METHOD_1.0,3064
26010,26010,8,MDB_HOSPITAL_FLOW_METHOD_1.0,3067
26010,26010,332,MDB_HOSPITAL_FLOW_METHOD_1.0,3068
26005,26010,15,MDB_HOSPITAL_FLOW_METHOD_1.0,3073
26004,26004,7,MDB_HOSPITAL_FLOW_METHOD_1.0,3074
26004,26010,6,MDB_HOSPITAL_FLOW_METHOD_1.0,3076
26004,26010,19,MDB_HOSPITAL_FLOW_METHOD_1.0,3081
26001,26001,22,MDB_HOSPITAL_FLOW_METHOD_1.0,3082
26001,26010,7,MDB_HOSPITAL_FLOW_METHOD_1.0,3083
26001,26012,34,MDB_HOSPITAL_FLOW_METHOD_1.0,3084
26012,26012,8,MDB_HOSPITAL_FLOW_METHOD_1.0,3086
26012,26012,25,MDB_HOSPITAL_FLOW_METHOD_1.0,3088
26006,26010,74,MDB_HOSPITAL_FLOW_METHOD_1.0,3090
26003,26003,30,MDB_HOSPITAL_FLOW_METHOD_1.0,3093
26003,26003,25,MDB_HOSPITAL_FLOW_METHOD_1.0,3094
26003,26010,24,MDB_HOSPITAL_FLOW_METHOD_1.0,3095
26003,26010,6,MDB_HOSPITAL_FLOW_METHOD_1.0,3096
26006,26010,25,MDB_HOSPITAL_FLOW_METHOD_1.0,3101
26008,26010,26,MDB_HOSPITAL_FLOW_METHOD_1.0,3104
26011,26011,28,MDB_HOSPITAL_FLOW_METHOD_1.0,3108
26011,26012,25,MDB_HOSPITAL_FLOW_METHOD_1.0,3109
26010,26010,7,MDB_HOSPITAL_FLOW_METHOD_1.0,3114
26005,26005,9,MDB_HOSPITAL_FLOW_METHOD_1.0,3116
26005,26010,27,MDB_HOSPITAL_FLOW_METHOD_1.0,3117
26004,26010,9,MDB_HOSPITAL_FLOW_METHOD_1.0,3121
26006,26010,6,MDB_HOSPITAL_FLOW_METHOD_1.0,3124
26003,26010,69,MDB_HOSPITAL_FLOW_METHOD_1.0,3126
26002,26002,196,MDB_HOSPITAL_FLOW_METHOD_1.0,3128
26002,26012,35,MDB_HOSPITAL_FLOW_METHOD_1.0,3130
26009,26009,11,MDB_HOSPITAL_FLOW_METHOD_1.0,3134
26009,29016,7,MDB_HOSPITAL_FLOW_METHOD_1.0,3135
26008,26010,107,MDB_HOSPITAL_FLOW_METHOD_1.0,3137
26007,26012,34,MDB_HOSPITAL_FLOW_METHOD_1.0,3142
26006,26010,47,MDB_HOSPITAL_FLOW_METHOD_1.0,3143
26010,26010,23,MDB_HOSPITAL_FLOW_METHOD_1.0,3146
26005,26010,5,MDB_HOSPITAL_FLOW_METHOD_1.0,3148
26012,26010,18,MDB_HOSPITAL_FLOW_METHOD_1.0,3151
26012,26012,86,MDB_HOSPITAL_FLOW_METHOD_1.0,3152
26012,26012,63,MDB_HOSPITAL_FLOW_METHOD_1.0,3154
26012,26012,75,MDB_HOSPITAL_FLOW_METHOD_1.0,3157
26008,26010,43,MDB_HOSPITAL_FLOW_METHOD_1.0,3161
26004,26004,57,MDB_HOSPITAL_FLOW_METHOD_1.0,3165
26004,26010,10,MDB_HOSPITAL_FLOW_METHOD_1.0,3166
26004,26010,6,MDB_HOSPITAL_FLOW_METHOD_1.0,3167
26010,26010,24,MDB_HOSPITAL_FLOW_METHOD_1.0,3168
26005,26005,133,MDB_HOSPITAL_FLOW_METHOD_1.0,3171
26005,26010,60,MDB_HOSPITAL_FLOW_METHOD_1.0,3173
26007,26012,7,MDB_HOSPITAL_FLOW_METHOD_1.0,3175
26003,26010,55,MDB_HOSPITAL_FLOW_METHOD_1.0,3180
26004,26010,7,MDB_HOSPITAL_FLOW_METHOD_1.0,3183
26002,26002,5,MDB_HOSPITAL_FLOW_METHOD_1.0,3184
26002,26002,13,MDB_HOSPITAL_FLOW_METHOD_1.0,3186
26002,26010,5,MDB_HOSPITAL_FLOW_METHOD_1.0,3187
26002,26012,22,MDB_HOSPITAL_FLOW_METHOD_1.0,3188
26010,26010,151,MDB_HOSPITAL_FLOW_METHOD_1.0,3193
26010,26010,198,MDB_HOSPITAL_FLOW_METHOD_1.0,3195
26010,26010,19,MDB_HOSPITAL_FLOW_METHOD_1.0,3196
26001,26001,30,MDB_HOSPITAL_FLOW_METHOD_1.0,3198
26001,26012,42,MDB_HOSPITAL_FLOW_METHOD_1.0,3200
26001,26001,6,MDB_HOSPITAL_FLOW_METHOD_1.0,3204
26010,26010,110,MDB_HOSPITAL_FLOW_METHOD_1.0,3208
26007,26007,93,MDB_HOSPITAL_FLOW_METHOD_1.0,3210
26007,26012,5,MDB_HOSPITAL_FLOW_METHOD_1.0,3213
26007,29016,27,MDB_HOSPITAL_FLOW_METHOD_1.0,3214
26004,26004,6,MDB_HOSPITAL_FLOW_METHOD_1.0,3220
26004,26010,16,MDB_HOSPITAL_FLOW_METHOD_1.0,3221
26004,26012,16,MDB_HOSPITAL_FLOW_METHOD_1.0,3222
26010,26010,61,MDB_HOSPITAL_FLOW_METHOD_1.0,3224
26005,26005,13,MDB_HOSPITAL_FLOW_METHOD_1.0,3227
26005,26010,29,MDB_HOSPITAL_FLOW_METHOD_1.0,3228
26001,26001,13,MDB_HOSPITAL_FLOW_METHOD_1.0,3230
26001,26010,6,MDB_HOSPITAL_FLOW_METHOD_1.0,3232
26001,26012,13,MDB_HOSPITAL_FLOW_METHOD_1.0,3233
26010,26010,32,MDB_HOSPITAL_FLOW_METHOD_1.0,3236
26005,26005,5,MDB_HOSPITAL_FLOW_METHOD_1.0,3237
26005,26010,17,MDB_HOSPITAL_FLOW_METHOD_1.0,3238
26010,26010,389,MDB_HOSPITAL_FLOW_METHOD_1.0,3241
26010,26010,1287,MDB_HOSPITAL_FLOW_METHOD_1.0,3242
26010,26010,52,MDB_HOSPITAL_FLOW_METHOD_1.0,3243
26008,26010,17,MDB_HOSPITAL_FLOW_METHOD_1.0,3253
26003,26010,16,MDB_HOSPITAL_FLOW_METHOD_1.0,3255
26002,26002,7,MDB_HOSPITAL_FLOW_METHOD_1.0,3257
26002,26010,13,MDB_HOSPITAL_FLOW_METHOD_1.0,3258
26002,26012,21,MDB_HOSPITAL_FLOW_METHOD_1.0,3259
26006,26010,9,MDB_HOSPITAL_FLOW_METHOD_1.0,3262
26003,26010,17,MDB_HOSPITAL_FLOW_METHOD_1.0,3274
26006,26010,54,MDB_HOSPITAL_FLOW_METHOD_1.0,3275
26006,26010,25,MDB_HOSPITAL_FLOW_METHOD_1.0,3276
26004,26004,7,MDB_HOSPITAL_FLOW_METHOD_1.0,3279
26008,26010,8,MDB_HOSPITAL_FLOW_METHOD_1.0,3283
26009,26009,7,MDB_HOSPITAL_FLOW_METHOD_1.0,3284
26009,29016,36,MDB_HOSPITAL_FLOW_METHOD_1.0,3287
26004,26004,9,MDB_HOSPITAL_FLOW_METHOD_1.0,3292
26004,26010,35,MDB_HOSPITAL_FLOW_METHOD_1.0,3293
26006,26010,26,MDB_HOSPITAL_FLOW_METHOD_1.0,3296
26005,26010,18,MDB_HOSPITAL_FLOW_METHOD_1.0,3299
26005,26010,7,MDB_HOSPITAL_FLOW_METHOD_1.0,3300
26008,26010,5,MDB_HOSPITAL_FLOW_METHOD_1.0,3306
26011,26011,30,MDB_HOSPITAL_FLOW_METHOD_1.0,3307
26011,26012,153,MDB_HOSPITAL_FLOW_METHOD_1.0,3308
26010,26010,7,MDB_HOSPITAL_FLOW_METHOD_1.0,3310
26010,26010,85,MDB_HOSPITAL_FLOW_METHOD_1.0,3311
26006,26010,34,MDB_HOSPITAL_FLOW_METHOD_1.0,3315
26010,26010,16,MDB_HOSPITAL_FLOW_METHOD_1.0,3319
26010,26010,38,MDB_HOSPITAL_FLOW_METHOD_1.0,3320
26010,26010,660,MDB_HOSPITAL_FLOW_METHOD_1.0,3322
26010,26010,59,MDB_HOSPITAL_FLOW_METHOD_1.0,3323
26006,26010,42,MDB_HOSPITAL_FLOW_METHOD_1.0,3324
26006,26010,8,MDB_HOSPITAL_FLOW_METHOD_1.0,3325
26009,26012,7,MDB_HOSPITAL_FLOW_METHOD_1.0,3327
26009,29016,5,MDB_HOSPITAL_FLOW_METHOD_1.0,3328
26007,26007,50,MDB_HOSPITAL_FLOW_METHOD_1.0,3331
26007,26011,6,MDB_HOSPITAL_FLOW_METHOD_1.0,3333
26007,26012,73,MDB_HOSPITAL_FLOW_METHOD_1.0,3334
26007,29016,23,MDB_HOSPITAL_FLOW_METHOD_1.0,3335
26008,26010,42,MDB_HOSPITAL_FLOW_METHOD_1.0,3337
26004,26010,9,MDB_HOSPITAL_FLOW_METHOD_1.0,3341
26003,26010,15,MDB_HOSPITAL_FLOW_METHOD_1.0,3344
26004,26010,7,MDB_HOSPITAL_FLOW_METHOD_1.0,3345
26007,26011,7,MDB_HOSPITAL_FLOW_METHOD_1.0,3349
26007,26012,44,MDB_HOSPITAL_FLOW_METHOD_1.0,3350
26007,29016,20,MDB_HOSPITAL_FLOW_METHOD_1.0,3351
26006,26010,23,MDB_HOSPITAL_FLOW_METHOD_1.0,3353
26006,26010,45,MDB_HOSPITAL_FLOW_METHOD_1.0,3355
26006,26010,9,MDB_HOSPITAL_FLOW_METHOD_1.0,3356
26010,26010,692,MDB_HOSPITAL_FLOW_METHOD_1.0,3360
26010,26010,16,MDB_HOSPITAL_FLOW_METHOD_1.0,3361
26002,26002,16,MDB_HOSPITAL_FLOW_METHOD_1.0,3365
26002,26002,5,MDB_HOSPITAL_FLOW_METHOD_1.0,3367
26002,26010,8,MDB_HOSPITAL_FLOW_METHOD_1.0,3368
26002,26012,10,MDB_HOSPITAL_FLOW_METHOD_1.0,3369
26003,26002,5,MDB_HOSPITAL_FLOW_METHOD_1.0,3370
26003,26010,47,MDB_HOSPITAL_FLOW_METHOD_1.0,3374
26003,26010,12,MDB_HOSPITAL_FLOW_METHOD_1.0,3375
26002,26002,67,MDB_HOSPITAL_FLOW_METHOD_1.0,3377
26002,26012,22,MDB_HOSPITAL_FLOW_METHOD_1.0,3379
26009,26009,95,MDB_HOSPITAL_FLOW_METHOD_1.0,3382
26009,26011,10,MDB_HOSPITAL_FLOW_METHOD_1.0,3384
26009,26012,34,MDB_HOSPITAL_FLOW_METHOD_1.0,3385
26009,29016,289,MDB_HOSPITAL_FLOW_METHOD_1.0,3386
26003,26010,47,MDB_HOSPITAL_FLOW_METHOD_1.0,3393
26010,26010,30,MDB_HOSPITAL_FLOW_METHOD_1.0,3395
26008,26010,9,MDB_HOSPITAL_FLOW_METHOD_1.0,3398
26008,26010,6,MDB_HOSPITAL_FLOW_METHOD_1.0,3400
26001,26001,10,MDB_HOSPITAL_FLOW_METHOD_1.0,3401
26001,26012,20,MDB_HOSPITAL_FLOW_METHOD_1.0,3403
26010,21016,10,MDB_HOSPITAL_FLOW_METHOD_1.0,3406
26010,26010,38,MDB_HOSPITAL_FLOW_METHOD_1.0,3409
26010,26010,4036,MDB_HOSPITAL_FLOW_METHOD_1.0,3411
26010,26010,43,MDB_HOSPITAL_FLOW_METHOD_1.0,3413
26010,33006,5,MDB_HOSPITAL_FLOW_METHOD_1.0,3418
26008,26010,42,MDB_HOSPITAL_FLOW_METHOD_1.0,3426
26008,26010,29,MDB_HOSPITAL_FLOW_METHOD_1.0,3428
26003,26010,13,MDB_HOSPITAL_FLOW_METHOD_1.0,3431
26006,26010,9,MDB_HOSPITAL_FLOW_METHOD_1.0,3433
26011,26011,348,MDB_HOSPITAL_FLOW_METHOD_1.0,3434
26011,26012,62,MDB_HOSPITAL_FLOW_METHOD_1.0,3435
26011,29016,7,MDB_HOSPITAL_FLOW_METHOD_1.0,3436
26004,26010,12,MDB_HOSPITAL_FLOW_METHOD_1.0,3441
26003,26010,26,MDB_HOSPITAL_FLOW_METHOD_1.0,3443
26007,26007,14,MDB_HOSPITAL_FLOW_METHOD_1.0,3445
26007,26012,7,MDB_HOSPITAL_FLOW_METHOD_1.0,3446
26012,26012,120,MDB_HOSPITAL_FLOW_METHOD_1.0,3450
26003,25016,9,MDB_HOSPITAL_FLOW_METHOD_1.0,3452
26003,26010,44,MDB_HOSPITAL_FLOW_METHOD_1.0,3455
26007,26007,12,MDB_HOSPITAL_FLOW_METHOD_1.0,3458
26007,29016,8,MDB_HOSPITAL_FLOW_METHOD_1.0,3459
26009,26010,6,MDB_HOSPITAL_FLOW_METHOD_1.0,3463
26009,26011,6,MDB_HOSPITAL_FLOW_METHOD_1.0,3464
26009,26009,15,MDB_HOSPITAL_FLOW_METHOD_1.0,3465
26009,26012,6,MDB_HOSPITAL_FLOW_METHOD_1.0,3466
26009,29016,133,MDB_HOSPITAL_FLOW_METHOD_1.0,3467
26003,26010,20,MDB_HOSPITAL_FLOW_METHOD_1.0,3470
26001,25016,5,MDB_HOSPITAL_FLOW_METHOD_1.0,3472
26001,26001,9,MDB_HOSPITAL_FLOW_METHOD_1.0,3473
26001,26010,5,MDB_HOSPITAL_FLOW_METHOD_1.0,3474
26008,26010,9,MDB_HOSPITAL_FLOW_METHOD_1.0,3477
26003,26010,18,MDB_HOSPITAL_FLOW_METHOD_1.0,3479
26003,26010,13,MDB_HOSPITAL_FLOW_METHOD_1.0,3483
26004,26010,17,MDB_HOSPITAL_FLOW_METHOD_1.0,3484
26003,26010,8,MDB_HOSPITAL_FLOW_METHOD_1.0,3487
26008,26010,18,MDB_HOSPITAL_FLOW_METHOD_1.0,3488
26012,26010,7,MDB_HOSPITAL_FLOW_METHOD_1.0,3490
26012,26011,7,MDB_HOSPITAL_FLOW_METHOD_1.0,3491
26012,26012,191,MDB_HOSPITAL_FLOW_METHOD_1.0,3493
26001,26001,16,MDB_HOSPITAL_FLOW_METHOD_1.0,3495
26001,26012,22,MDB_HOSPITAL_FLOW_METHOD_1.0,3498
26010,26010,227,MDB_HOSPITAL_FLOW_METHOD_1.0,3501
26005,26005,5,MDB_HOSPITAL_FLOW_METHOD_1.0,3503
26005,26010,9,MDB_HOSPITAL_FLOW_METHOD_1.0,3504
26012,26010,6,MDB_HOSPITAL_FLOW_METHOD_1.0,3507
26012,26012,848,MDB_HOSPITAL_FLOW_METHOD_1.0,3508
26011,26011,45,MDB_HOSPITAL_FLOW_METHOD_1.0,3510
26011,26012,67,MDB_HOSPITAL_FLOW_METHOD_1.0,3511
26002,26002,16,MDB_HOSPITAL_FLOW_METHOD_1.0,3513
26002,26010,24,MDB_HOSPITAL_FLOW_METHOD_1.0,3514
26002,26012,25,MDB_HOSPITAL_FLOW_METHOD_1.0,3515
26002,26002,9,MDB_HOSPITAL_FLOW_METHOD_1.0,3516
26008,26010,63,MDB_HOSPITAL_FLOW_METHOD_1.0,3518
26007,26007,5,MDB_HOSPITAL_FLOW_METHOD_1.0,3520
26007,26012,26,MDB_HOSPITAL_FLOW_METHOD_1.0,3522
26001,26001,17,MDB_HOSPITAL_FLOW_METHOD_1.0,3524
26001,26010,7,MDB_HOSPITAL_FLOW_METHOD_1.0,3525
26001,26012,27,MDB_HOSPITAL_FLOW_METHOD_1.0,3526
26006,26010,44,MDB_HOSPITAL_FLOW_METHOD_1.0,3529
26006,26010,5,MDB_HOSPITAL_FLOW_METHOD_1.0,3531
26001,26001,15,MDB_HOSPITAL_FLOW_METHOD_1.0,3532
26001,26010,10,MDB_HOSPITAL_FLOW_METHOD_1.0,3534
26001,26012,129,MDB_HOSPITAL_FLOW_METHOD_1.0,3535
26003,26010,7,MDB_HOSPITAL_FLOW_METHOD_1.0,3540
26002,26012,20,MDB_HOSPITAL_FLOW_METHOD_1.0,3543
26008,26010,32,MDB_HOSPITAL_FLOW_METHOD_1.0,3545
26003,26010,8,MDB_HOSPITAL_FLOW_METHOD_1.0,3550
26011,26011,20,MDB_HOSPITAL_FLOW_METHOD_1.0,3551
26011,26012,9,MDB_HOSPITAL_FLOW_METHOD_1.0,3552
26005,26010,39,MDB_HOSPITAL_FLOW_METHOD_1.0,3554
26006,26010,12,MDB_HOSPITAL_FLOW_METHOD_1.0,3560
26006,26010,9,MDB_HOSPITAL_FLOW_METHOD_1.0,3561
26007,26007,49,MDB_HOSPITAL_FLOW_METHOD_1.0,3563
26007,26012,24,MDB_HOSPITAL_FLOW_METHOD_1.0,3565
26007,29016,6,MDB_HOSPITAL_FLOW_METHOD_1.0,3566
26012,26010,9,MDB_HOSPITAL_FLOW_METHOD_1.0,3568
26012,26012,138,MDB_HOSPITAL_FLOW_METHOD_1.0,3569
26002,26002,12,MDB_HOSPITAL_FLOW_METHOD_1.0,3571
26002,26010,38,MDB_HOSPITAL_FLOW_METHOD_1.0,3572
26002,26012,37,MDB_HOSPITAL_FLOW_METHOD_1.0,3573
26001,26001,5,MDB_HOSPITAL_FLOW_METHOD_1.0,3575
26002,26002,5,MDB_HOSPITAL_FLOW_METHOD_1.0,3577
26011,26011,16,MDB_HOSPITAL_FLOW_METHOD_1.0,3582
26006,26010,9,MDB_HOSPITAL_FLOW_METHOD_1.0,3583
26003,26010,5,MDB_HOSPITAL_FLOW_METHOD_1.0,3584
26006,26010,34,MDB_HOSPITAL_FLOW_METHOD_1.0,3586
26006,26010,11,MDB_HOSPITAL_FLOW_METHOD_1.0,3587
26010,26010,5,MDB_HOSPITAL_FLOW_METHOD_1.0,3590
26010,26010,150,MDB_HOSPITAL_FLOW_METHOD_1.0,3591
26010,26010,45,MDB_HOSPITAL_FLOW_METHOD_1.0,3592
26008,26010,10,MDB_HOSPITAL_FLOW_METHOD_1.0,3595
27010,27007,23,MDB_HOSPITAL_FLOW_METHOD_1.0,3597
27010,27001,7,MDB_HOSPITAL_FLOW_METHOD_1.0,3598
27005,27001,12,MDB_HOSPITAL_FLOW_METHOD_1.0,3600
27007,27007,1066,MDB_HOSPITAL_FLOW_METHOD_1.0,3604
27007,27001,98,MDB_HOSPITAL_FLOW_METHOD_1.0,3605
27004,27004,37,MDB_HOSPITAL_FLOW_METHOD_1.0,3608
27004,27001,89,MDB_HOSPITAL_FLOW_METHOD_1.0,3609
27001,27001,104,MDB_HOSPITAL_FLOW_METHOD_1.0,3612
27001,27001,20,MDB_HOSPITAL_FLOW_METHOD_1.0,3614
27007,27001,7,MDB_HOSPITAL_FLOW_METHOD_1.0,3618
27008,27007,25,MDB_HOSPITAL_FLOW_METHOD_1.0,3619
27008,27001,5,MDB_HOSPITAL_FLOW_METHOD_1.0,3620
27005,27007,8,MDB_HOSPITAL_FLOW_METHOD_1.0,3622
27005,27001,97,MDB_HOSPITAL_FLOW_METHOD_1.0,3623
27003,27001,48,MDB_HOSPITAL_FLOW_METHOD_1.0,3627
27003,27003,30,MDB_HOSPITAL_FLOW_METHOD_1.0,3628
27008,27007,35,MDB_HOSPITAL_FLOW_METHOD_1.0,3629
27008,27001,37,MDB_HOSPITAL_FLOW_METHOD_1.0,3630
27004,27004,14,MDB_HOSPITAL_FLOW_METHOD_1.0,3631
27004,27001,42,MDB_HOSPITAL_FLOW_METHOD_1.0,3632
27003,27001,8,MDB_HOSPITAL_FLOW_METHOD_1.0,3633
27005,27007,94,MDB_HOSPITAL_FLOW_METHOD_1.0,3635
27005,27001,91,MDB_HOSPITAL_FLOW_METHOD_1.0,3636
27005,27005,37,MDB_HOSPITAL_FLOW_METHOD_1.0,3638
27007,27007,23,MDB_HOSPITAL_FLOW_METHOD_1.0,3639
27007,27001,7,MDB_HOSPITAL_FLOW_METHOD_1.0,3640
27009,27007,6,MDB_HOSPITAL_FLOW_METHOD_1.0,3642
27009,27001,13,MDB_HOSPITAL_FLOW_METHOD_1.0,3643
27004,27004,104,MDB_HOSPITAL_FLOW_METHOD_1.0,3645
27009,27001,13,MDB_HOSPITAL_FLOW_METHOD_1.0,3647
27004,27004,25,MDB_HOSPITAL_FLOW_METHOD_1.0,3648
27004,27001,72,MDB_HOSPITAL_FLOW_METHOD_1.0,3649
27007,27007,59,MDB_HOSPITAL_FLOW_METHOD_1.0,3650
27003,27001,66,MDB_HOSPITAL_FLOW_METHOD_1.0,3652
27001,27001,74,MDB_HOSPITAL_FLOW_METHOD_1.0,3653
27006,27007,11,MDB_HOSPITAL_FLOW_METHOD_1.0,3654
27006,27001,305,MDB_HOSPITAL_FLOW_METHOD_1.0,3655
27007,27007,70,MDB_HOSPITAL_FLOW_METHOD_1.0,3657
27007,27001,14,MDB_HOSPITAL_FLOW_METHOD_1.0,3658
27010,27007,16,MDB_HOSPITAL_FLOW_METHOD_1.0,3659
27010,27001,46,MDB_HOSPITAL_FLOW_METHOD_1.0,3661
27009,27007,8,MDB_HOSPITAL_FLOW_METHOD_1.0,3665
27009,27001,11,MDB_HOSPITAL_FLOW_METHOD_1.0,3666
27008,22004,5,MDB_HOSPITAL_FLOW_METHOD_1.0,3667
27008,27007,55,MDB_HOSPITAL_FLOW_METHOD_1.0,3668
27008,27001,11,MDB_HOSPITAL_FLOW_METHOD_1.0,3669
27007,27007,53,MDB_HOSPITAL_FLOW_METHOD_1.0,3670
27007,27001,22,MDB_HOSPITAL_FLOW_METHOD_1.0,3671
27006,27001,31,MDB_HOSPITAL_FLOW_METHOD_1.0,3672
27001,27001,31,MDB_HOSPITAL_FLOW_METHOD_1.0,3673
27007,27007,63,MDB_HOSPITAL_FLOW_METHOD_1.0,3674
27007,27001,6,MDB_HOSPITAL_FLOW_METHOD_1.0,3675
27003,27001,37,MDB_HOSPITAL_FLOW_METHOD_1.0,3676
27008,27007,74,MDB_HOSPITAL_FLOW_METHOD_1.0,3678
27008,27001,24,MDB_HOSPITAL_FLOW_METHOD_1.0,3679
27006,27007,32,MDB_HOSPITAL_FLOW_METHOD_1.0,3681
27010,27007,10,MDB_HOSPITAL_FLOW_METHOD_1.0,3683
27007,27007,5,MDB_HOSPITAL_FLOW_METHOD_1.0,3685
27007,27001,15,MDB_HOSPITAL_FLOW_METHOD_1.0,3686
27002,27001,15,MDB_HOSPITAL_FLOW_METHOD_1.0,3687
27002,27001,18,MDB_HOSPITAL_FLOW_METHOD_1.0,3688
27006,27001,7,MDB_HOSPITAL_FLOW_METHOD_1.0,3691
27003,27001,87,MDB_HOSPITAL_FLOW_METHOD_1.0,3695
27003,27001,6,MDB_HOSPITAL_FLOW_METHOD_1.0,3697
27005,27007,35,MDB_HOSPITAL_FLOW_METHOD_1.0,3701
27005,27001,7,MDB_HOSPITAL_FLOW_METHOD_1.0,3703
27005,27005,19,MDB_HOSPITAL_FLOW_METHOD_1.0,3704
27007,27007,79,MDB_HOSPITAL_FLOW_METHOD_1.0,3706
27007,27007,249,MDB_HOSPITAL_FLOW_METHOD_1.0,3709
27001,27001,8207,MDB_HOSPITAL_FLOW_METHOD_1.0,3714
27001,27001,8,MDB_HOSPITAL_FLOW_METHOD_1.0,3716
27007,27007,28,MDB_HOSPITAL_FLOW_METHOD_1.0,3721
27007,27001,31,MDB_HOSPITAL_FLOW_METHOD_1.0,3722
27002,27001,31,MDB_HOSPITAL_FLOW_METHOD_1.0,3724
27009,27007,28,MDB_HOSPITAL_FLOW_METHOD_1.0,3726
27001,27001,312,MDB_HOSPITAL_FLOW_METHOD_1.0,3728
27008,27007,27,MDB_HOSPITAL_FLOW_METHOD_1.0,3730
27008,27001,61,MDB_HOSPITAL_FLOW_METHOD_1.0,3731
27004,27001,5,MDB_HOSPITAL_FLOW_METHOD_1.0,3733
27010,27001,16,MDB_HOSPITAL_FLOW_METHOD_1.0,3735
27002,27001,96,MDB_HOSPITAL_FLOW_METHOD_1.0,3738
27001,27001,89,MDB_HOSPITAL_FLOW_METHOD_1.0,3740
27008,27007,5,MDB_HOSPITAL_FLOW_METHOD_1.0,3742
27009,27001,22,MDB_HOSPITAL_FLOW_METHOD_1.0,3745
27003,27001,71,MDB_HOSPITAL_FLOW_METHOD_1.0,3747
27003,27003,68,MDB_HOSPITAL_FLOW_METHOD_1.0,3748
27003,27001,62,MDB_HOSPITAL_FLOW_METHOD_1.0,3749
27009,27007,16,MDB_HOSPITAL_FLOW_METHOD_1.0,3750
27009,27001,16,MDB_HOSPITAL_FLOW_METHOD_1.0,3751
27010,27001,15,MDB_HOSPITAL_FLOW_METHOD_1.0,3753
27007,27007,38,MDB_HOSPITAL_FLOW_METHOD_1.0,3754
27007,27001,5,MDB_HOSPITAL_FLOW_METHOD_1.0,3755
27009,27007,15,MDB_HOSPITAL_FLOW_METHOD_1.0,3756
27009,27001,6,MDB_HOSPITAL_FLOW_METHOD_1.0,3757
27009,27001,38,MDB_HOSPITAL_FLOW_METHOD_1.0,3759
27009,27007,6,MDB_HOSPITAL_FLOW_METHOD_1.0,3760
27008,27007,215,MDB_HOSPITAL_FLOW_METHOD_1.0,3761
27008,27001,145,MDB_HOSPITAL_FLOW_METHOD_1.0,3762
27009,27007,29,MDB_HOSPITAL_FLOW_METHOD_1.0,3765
27010,27007,6,MDB_HOSPITAL_FLOW_METHOD_1.0,3768
27010,27001,11,MDB_HOSPITAL_FLOW_METHOD_1.0,3769
27001,27001,75,MDB_HOSPITAL_FLOW_METHOD_1.0,3770
27002,27001,42,MDB_HOSPITAL_FLOW_METHOD_1.0,3773
27004,27001,60,MDB_HOSPITAL_FLOW_METHOD_1.0,3776
27006,27007,17,MDB_HOSPITAL_FLOW_METHOD_1.0,3777
27006,27001,68,MDB_HOSPITAL_FLOW_METHOD_1.0,3778
27006,27006,20,MDB_HOSPITAL_FLOW_METHOD_1.0,3779
27006,27007,8,MDB_HOSPITAL_FLOW_METHOD_1.0,3780
27006,27001,19,MDB_HOSPITAL_FLOW_METHOD_1.0,3782
27001,27001,228,MDB_HOSPITAL_FLOW_METHOD_1.0,3785
27004,27004,7,MDB_HOSPITAL_FLOW_METHOD_1.0,3786
27004,27001,28,MDB_HOSPITAL_FLOW_METHOD_1.0,3787
27010,27007,40,MDB_HOSPITAL_FLOW_METHOD_1.0,3788
27010,27001,16,MDB_HOSPITAL_FLOW_METHOD_1.0,3789
27009,27001,19,MDB_HOSPITAL_FLOW_METHOD_1.0,3791
27002,27001,45,MDB_HOSPITAL_FLOW_METHOD_1.0,3792
27002,27001,11,MDB_HOSPITAL_FLOW_METHOD_1.0,3794
27006,27001,31,MDB_HOSPITAL_FLOW_METHOD_1.0,3795
27004,27001,57,MDB_HOSPITAL_FLOW_METHOD_1.0,3797
27001,27001,650,MDB_HOSPITAL_FLOW_METHOD_1.0,3798
27001,27001,37,MDB_HOSPITAL_FLOW_METHOD_1.0,3799
27005,27001,30,MDB_HOSPITAL_FLOW_METHOD_1.0,3800
27005,27005,5,MDB_HOSPITAL_FLOW_METHOD_1.0,3802
27001,27001,29,MDB_HOSPITAL_FLOW_METHOD_1.0,3804
27009,27007,10,MDB_HOSPITAL_FLOW_METHOD_1.0,3805
27009,27001,58,MDB_HOSPITAL_FLOW_METHOD_1.0,3807
27003,27001,17,MDB_HOSPITAL_FLOW_METHOD_1.0,3808
27003,27003,12,MDB_HOSPITAL_FLOW_METHOD_1.0,3809
27003,27001,49,MDB_HOSPITAL_FLOW_METHOD_1.0,3813
27003,27003,8,MDB_HOSPITAL_FLOW_METHOD_1.0,3814
27009,27007,70,MDB_HOSPITAL_FLOW_METHOD_1.0,3817
27009,27001,19,MDB_HOSPITAL_FLOW_METHOD_1.0,3818
27002,27001,164,MDB_HOSPITAL_FLOW_METHOD_1.0,3820
27005,27007,5,MDB_HOSPITAL_FLOW_METHOD_1.0,3823
27005,27001,146,MDB_HOSPITAL_FLOW_METHOD_1.0,3824
27005,27005,126,MDB_HOSPITAL_FLOW_METHOD_1.0,3827
27005,27005,30,MDB_HOSPITAL_FLOW_METHOD_1.0,3828
27002,27001,76,MDB_HOSPITAL_FLOW_METHOD_1.0,3829
27007,27007,113,MDB_HOSPITAL_FLOW_METHOD_1.0,3831
27007,27001,12,MDB_HOSPITAL_FLOW_METHOD_1.0,3832
27001,27001,119,MDB_HOSPITAL_FLOW_METHOD_1.0,3834
27009,27007,14,MDB_HOSPITAL_FLOW_METHOD_1.0,3835
27009,27001,56,MDB_HOSPITAL_FLOW_METHOD_1.0,3836
27008,27001,21,MDB_HOSPITAL_FLOW_METHOD_1.0,3838
27007,27007,72,MDB_HOSPITAL_FLOW_METHOD_1.0,3839
27007,27001,13,MDB_HOSPITAL_FLOW_METHOD_1.0,3840
27005,27007,18,MDB_HOSPITAL_FLOW_METHOD_1.0,3844
27005,27001,41,MDB_HOSPITAL_FLOW_METHOD_1.0,3845
27005,27005,539,MDB_HOSPITAL_FLOW_METHOD_1.0,3847
27007,27007,37,MDB_HOSPITAL_FLOW_METHOD_1.0,3848
27007,27001,11,MDB_HOSPITAL_FLOW_METHOD_1.0,3849
27003,27001,276,MDB_HOSPITAL_FLOW_METHOD_1.0,3850
27003,27003,74,MDB_HOSPITAL_FLOW_METHOD_1.0,3851
27003,27003,5,MDB_HOSPITAL_FLOW_METHOD_1.0,3852
27004,27004,29,MDB_HOSPITAL_FLOW_METHOD_1.0,3853
27004,27001,87,MDB_HOSPITAL_FLOW_METHOD_1.0,3854
28007,28001,81,MDB_HOSPITAL_FLOW_METHOD_1.0,3858
28001,28001,1273,MDB_HOSPITAL_FLOW_METHOD_1.0,3860
28002,28001,56,MDB_HOSPITAL_FLOW_METHOD_1.0,3868
28003,28001,14,MDB_HOSPITAL_FLOW_METHOD_1.0,3869
28001,28001,98,MDB_HOSPITAL_FLOW_METHOD_1.0,3871
28002,28001,34,MDB_HOSPITAL_FLOW_METHOD_1.0,3873
28007,28001,20,MDB_HOSPITAL_FLOW_METHOD_1.0,3876
28003,28001,8,MDB_HOSPITAL_FLOW_METHOD_1.0,3877
28005,28001,41,MDB_HOSPITAL_FLOW_METHOD_1.0,3879
28006,28001,66,MDB_HOSPITAL_FLOW_METHOD_1.0,3881
28006,28006,6,MDB_HOSPITAL_FLOW_METHOD_1.0,3882
28003,28001,20,MDB_HOSPITAL_FLOW_METHOD_1.0,3884
28006,28001,50,MDB_HOSPITAL_FLOW_METHOD_1.0,3886
28007,28001,24,MDB_HOSPITAL_FLOW_METHOD_1.0,3887
28002,28001,55,MDB_HOSPITAL_FLOW_METHOD_1.0,3888
28001,28001,9,MDB_HOSPITAL_FLOW_METHOD_1.0,3891
28001,28001,7,MDB_HOSPITAL_FLOW_METHOD_1.0,3892
28002,28001,79,MDB_HOSPITAL_FLOW_METHOD_1.0,3893
28002,28002,9,MDB_HOSPITAL_FLOW_METHOD_1.0,3894
28003,28001,14,MDB_HOSPITAL_FLOW_METHOD_1.0,3900
28005,28001,49,MDB_HOSPITAL_FLOW_METHOD_1.0,3902
28006,28001,17,MDB_HOSPITAL_FLOW_METHOD_1.0,3903
28005,28001,8,MDB_HOSPITAL_FLOW_METHOD_1.0,3904
28007,28001,7,MDB_HOSPITAL_FLOW_METHOD_1.0,3906
28002,28001,10,MDB_HOSPITAL_FLOW_METHOD_1.0,3908
28003,28001,142,MDB_HOSPITAL_FLOW_METHOD_1.0,3910
28003,28003,23,MDB_HOSPITAL_FLOW_METHOD_1.0,3911
28002,28001,61,MDB_HOSPITAL_FLOW_METHOD_1.0,3912
28005,28001,12,MDB_HOSPITAL_FLOW_METHOD_1.0,3914
28001,28001,84,MDB_HOSPITAL_FLOW_METHOD_1.0,3915
28006,28001,56,MDB_HOSPITAL_FLOW_METHOD_1.0,3918
28007,28001,44,MDB_HOSPITAL_FLOW_METHOD_1.0,3919
28004,28001,200,MDB_HOSPITAL_FLOW_METHOD_1.0,3920
28004,28004,7,MDB_HOSPITAL_FLOW_METHOD_1.0,3922
28001,28001,28,MDB_HOSPITAL_FLOW_METHOD_1.0,3925
28003,28001,5,MDB_HOSPITAL_FLOW_METHOD_1.0,3928
28003,28001,11,MDB_HOSPITAL_FLOW_METHOD_1.0,3931
28006,28001,75,MDB_HOSPITAL_FLOW_METHOD_1.0,3934
28003,28001,17,MDB_HOSPITAL_FLOW_METHOD_1.0,3935
28005,28001,32,MDB_HOSPITAL_FLOW_METHOD_1.0,3937
28007,28001,9,MDB_HOSPITAL_FLOW_METHOD_1.0,3940
28007,28001,34,MDB_HOSPITAL_FLOW_METHOD_1.0,3941
28003,28001,17,MDB_HOSPITAL_FLOW_METHOD_1.0,3942
28005,28001,53,MDB_HOSPITAL_FLOW_METHOD_1.0,3943
28006,28001,70,MDB_HOSPITAL_FLOW_METHOD_1.0,3946
28007,28001,5,MDB_HOSPITAL_FLOW_METHOD_1.0,3947
28006,28001,424,MDB_HOSPITAL_FLOW_METHOD_1.0,3948
28007,28001,23,MDB_HOSPITAL_FLOW_METHOD_1.0,3950
28006,28001,29,MDB_HOSPITAL_FLOW_METHOD_1.0,3954
28005,28001,34,MDB_HOSPITAL_FLOW_METHOD_1.0,3955
28004,28001,19,MDB_HOSPITAL_FLOW_METHOD_1.0,3957
28005,28001,30,MDB_HOSPITAL_FLOW_METHOD_1.0,3961
28007,28001,64,MDB_HOSPITAL_FLOW_METHOD_1.0,3962
28004,28001,54,MDB_HOSPITAL_FLOW_METHOD_1.0,3963
28001,28001,5,MDB_HOSPITAL_FLOW_METHOD_1.0,3965
28001,28001,18,MDB_HOSPITAL_FLOW_METHOD_1.0,3966
28003,28001,8,MDB_HOSPITAL_FLOW_METHOD_1.0,3967
28006,28001,20,MDB_HOSPITAL_FLOW_METHOD_1.0,3970
28004,28001,31,MDB_HOSPITAL_FLOW_METHOD_1.0,3971
28002,28001,83,MDB_HOSPITAL_FLOW_METHOD_1.0,3973
28002,28002,7,MDB_HOSPITAL_FLOW_METHOD_1.0,3974
28001,28001,6,MDB_HOSPITAL_FLOW_METHOD_1.0,3976
28006,28001,28,MDB_HOSPITAL_FLOW_METHOD_1.0,3978
28001,28001,313,MDB_HOSPITAL_FLOW_METHOD_1.0,3979
28003,28001,5,MDB_HOSPITAL_FLOW_METHOD_1.0,3985
28004,28001,74,MDB_HOSPITAL_FLOW_METHOD_1.0,3986
28006,28001,8,MDB_HOSPITAL_FLOW_METHOD_1.0,3989
28004,28001,43,MDB_HOSPITAL_FLOW_METHOD_1.0,3990
28002,28001,10,MDB_HOSPITAL_FLOW_METHOD_1.0,3991
28002,28001,53,MDB_HOSPITAL_FLOW_METHOD_1.0,3994
29017,29016,51,MDB_HOSPITAL_FLOW_METHOD_1.0,3998
29001,29020,6,MDB_HOSPITAL_FLOW_METHOD_1.0,4001
29025,29006,6,MDB_HOSPITAL_FLOW_METHOD_1.0,4004
29001,29020,59,MDB_HOSPITAL_FLOW_METHOD_1.0,4012
29022,29022,21,MDB_HOSPITAL_FLOW_METHOD_1.0,4015
29006,29006,12,MDB_HOSPITAL_FLOW_METHOD_1.0,4018
29010,29020,11,MDB_HOSPITAL_FLOW_METHOD_1.0,4021
29028,29028,10,MDB_HOSPITAL_FLOW_METHOD_1.0,4024
29011,29006,14,MDB_HOSPITAL_FLOW_METHOD_1.0,4025
29011,29020,14,MDB_HOSPITAL_FLOW_METHOD_1.0,4028
29024,29016,40,MDB_HOSPITAL_FLOW_METHOD_1.0,4030
29002,29002,5,MDB_HOSPITAL_FLOW_METHOD_1.0,4031
29006,29006,12,MDB_HOSPITAL_FLOW_METHOD_1.0,4034
29019,29019,11,MDB_HOSPITAL_FLOW_METHOD_1.0,4035
29006,29006,21,MDB_HOSPITAL_FLOW_METHOD_1.0,4037
29006,29020,5,MDB_HOSPITAL_FLOW_METHOD_1.0,4038
29024,29016,14,MDB_HOSPITAL_FLOW_METHOD_1.0,4039
29001,29020,10,MDB_HOSPITAL_FLOW_METHOD_1.0,4041
29015,29015,14,MDB_HOSPITAL_FLOW_METHOD_1.0,4042
29003,29003,9,MDB_HOSPITAL_FLOW_METHOD_1.0,4043
29003,29028,9,MDB_HOSPITAL_FLOW_METHOD_1.0,4045
29025,29006,9,MDB_HOSPITAL_FLOW_METHOD_1.0,4049
29025,29020,5,MDB_HOSPITAL_FLOW_METHOD_1.0,4050
29009,29009,5,MDB_HOSPITAL_FLOW_METHOD_1.0,4051
29022,29022,115,MDB_HOSPITAL_FLOW_METHOD_1.0,4052
29022,29020,5,MDB_HOSPITAL_FLOW_METHOD_1.0,4053
29019,29006,5,MDB_HOSPITAL_FLOW_METHOD_1.0,4062
29003,29028,5,MDB_HOSPITAL_FLOW_METHOD_1.0,4067
29028,29028,5,MDB_HOSPITAL_FLOW_METHOD_1.0,4068
29028,29028,13,MDB_HOSPITAL_FLOW_METHOD_1.0,4070
29002,29002,201,MDB_HOSPITAL_FLOW_METHOD_1.0,4075
29002,52001,10,MDB_HOSPITAL_FLOW_METHOD_1.0,4078
29010,29020,8,MDB_HOSPITAL_FLOW_METHOD_1.0,4081
29025,29020,8,MDB_HOSPITAL_FLOW_METHOD_1.0,4083
29025,29025,8,MDB_HOSPITAL_FLOW_METHOD_1.0,4084
29028,29028,74,MDB_HOSPITAL_FLOW_METHOD_1.0,4087
29028,29028,19,MDB_HOSPITAL_FLOW_METHOD_1.0,4089
29025,29025,7,MDB_HOSPITAL_FLOW_METHOD_1.0,4092
29015,29028,6,MDB_HOSPITAL_FLOW_METHOD_1.0,4095
29011,29006,8,MDB_HOSPITAL_FLOW_METHOD_1.0,4096
29011,29011,19,MDB_HOSPITAL_FLOW_METHOD_1.0,4097
29021,29021,43,MDB_HOSPITAL_FLOW_METHOD_1.0,4098
29003,29003,37,MDB_HOSPITAL_FLOW_METHOD_1.0,4114
29003,29020,6,MDB_HOSPITAL_FLOW_METHOD_1.0,4115
29005,29020,14,MDB_HOSPITAL_FLOW_METHOD_1.0,4124
29005,29006,5,MDB_HOSPITAL_FLOW_METHOD_1.0,4127
29007,29028,12,MDB_HOSPITAL_FLOW_METHOD_1.0,4134
29010,29020,7,MDB_HOSPITAL_FLOW_METHOD_1.0,4136
29027,29006,7,MDB_HOSPITAL_FLOW_METHOD_1.0,4137
29027,29020,10,MDB_HOSPITAL_FLOW_METHOD_1.0,4138
29004,29004,5,MDB_HOSPITAL_FLOW_METHOD_1.0,4141
29004,29006,5,MDB_HOSPITAL_FLOW_METHOD_1.0,4142
29004,29020,179,MDB_HOSPITAL_FLOW_METHOD_1.0,4144
29027,29006,8,MDB_HOSPITAL_FLOW_METHOD_1.0,4146
29016,29016,40,MDB_HOSPITAL_FLOW_METHOD_1.0,4152
29024,29016,65,MDB_HOSPITAL_FLOW_METHOD_1.0,4155
29009,29020,11,MDB_HOSPITAL_FLOW_METHOD_1.0,4160
29006,29006,18,MDB_HOSPITAL_FLOW_METHOD_1.0,4162
29020,29020,10,MDB_HOSPITAL_FLOW_METHOD_1.0,4163
29020,29020,62,MDB_HOSPITAL_FLOW_METHOD_1.0,4164
29007,29020,5,MDB_HOSPITAL_FLOW_METHOD_1.0,4168
29028,29028,10,MDB_HOSPITAL_FLOW_METHOD_1.0,4169
29025,29006,21,MDB_HOSPITAL_FLOW_METHOD_1.0,4170
29025,29020,6,MDB_HOSPITAL_FLOW_METHOD_1.0,4172
29016,29016,28,MDB_HOSPITAL_FLOW_METHOD_1.0,4173
29014,29020,8,MDB_HOSPITAL_FLOW_METHOD_1.0,4177
29028,29028,5,MDB_HOSPITAL_FLOW_METHOD_1.0,4178
29016,29016,158,MDB_HOSPITAL_FLOW_METHOD_1.0,4189
29022,29006,5,MDB_HOSPITAL_FLOW_METHOD_1.0,4190
29022,29020,10,MDB_HOSPITAL_FLOW_METHOD_1.0,4191
29001,29001,58,MDB_HOSPITAL_FLOW_METHOD_1.0,4193
29001,29006,6,MDB_HOSPITAL_FLOW_METHOD_1.0,4194
29001,29020,19,MDB_HOSPITAL_FLOW_METHOD_1.0,4195
29010,29020,5,MDB_HOSPITAL_FLOW_METHOD_1.0,4198
29017,29016,62,MDB_HOSPITAL_FLOW_METHOD_1.0,4200
29019,29006,6,MDB_HOSPITAL_FLOW_METHOD_1.0,4203
29019,29020,9,MDB_HOSPITAL_FLOW_METHOD_1.0,4204
29012,29012,7,MDB_HOSPITAL_FLOW_METHOD_1.0,4206
29005,29006,13,MDB_HOSPITAL_FLOW_METHOD_1.0,4210
29025,29025,9,MDB_HOSPITAL_FLOW_METHOD_1.0,4213
29025,29006,9,MDB_HOSPITAL_FLOW_METHOD_1.0,4214
29006,29006,14,MDB_HOSPITAL_FLOW_METHOD_1.0,4217
29004,28001,6,MDB_HOSPITAL_FLOW_METHOD_1.0,4219
29004,29020,19,MDB_HOSPITAL_FLOW_METHOD_1.0,4220
29028,29028,13,MDB_HOSPITAL_FLOW_METHOD_1.0,4221
29006,29006,21,MDB_HOSPITAL_FLOW_METHOD_1.0,4225
29006,29020,10,MDB_HOSPITAL_FLOW_METHOD_1.0,4226
29021,29021,9,MDB_HOSPITAL_FLOW_METHOD_1.0,4233
29001,29006,6,MDB_HOSPITAL_FLOW_METHOD_1.0,4237
29001,29020,16,MDB_HOSPITAL_FLOW_METHOD_1.0,4238
29005,29006,7,MDB_HOSPITAL_FLOW_METHOD_1.0,4241
29016,29016,96,MDB_HOSPITAL_FLOW_METHOD_1.0,4246
29004,29004,6,MDB_HOSPITAL_FLOW_METHOD_1.0,4250
29004,29020,56,MDB_HOSPITAL_FLOW_METHOD_1.0,4253
29003,29028,6,MDB_HOSPITAL_FLOW_METHOD_1.0,4255
29001,29006,21,MDB_HOSPITAL_FLOW_METHOD_1.0,4260
29001,29020,19,MDB_HOSPITAL_FLOW_METHOD_1.0,4262
29001,28001,24,MDB_HOSPITAL_FLOW_METHOD_1.0,4263
29001,29020,14,MDB_HOSPITAL_FLOW_METHOD_1.0,4266
29025,29006,9,MDB_HOSPITAL_FLOW_METHOD_1.0,4267
29025,29016,5,MDB_HOSPITAL_FLOW_METHOD_1.0,4268
29025,29020,8,MDB_HOSPITAL_FLOW_METHOD_1.0,4270
29025,35016,7,MDB_HOSPITAL_FLOW_METHOD_1.0,4271
29018,29018,15,MDB_HOSPITAL_FLOW_METHOD_1.0,4272
29006,29006,1390,MDB_HOSPITAL_FLOW_METHOD_1.0,4280
29006,29022,7,MDB_HOSPITAL_FLOW_METHOD_1.0,4281
29006,29020,11,MDB_HOSPITAL_FLOW_METHOD_1.0,4282
29006,35072,5,MDB_HOSPITAL_FLOW_METHOD_1.0,4287
29024,29016,35,MDB_HOSPITAL_FLOW_METHOD_1.0,4290
29027,29006,6,MDB_HOSPITAL_FLOW_METHOD_1.0,4295
29005,29006,10,MDB_HOSPITAL_FLOW_METHOD_1.0,4300
29007,29028,15,MDB_HOSPITAL_FLOW_METHOD_1.0,4305
29011,29006,10,MDB_HOSPITAL_FLOW_METHOD_1.0,4308
29007,29007,7,MDB_HOSPITAL_FLOW_METHOD_1.0,4313
29013,29028,8,MDB_HOSPITAL_FLOW_METHOD_1.0,4316
29003,29003,7,MDB_HOSPITAL_FLOW_METHOD_1.0,4321
29023,29023,18,MDB_HOSPITAL_FLOW_METHOD_1.0,4335
29013,29013,9,MDB_HOSPITAL_FLOW_METHOD_1.0,4344
29013,29015,9,MDB_HOSPITAL_FLOW_METHOD_1.0,4345
29013,29028,8,MDB_HOSPITAL_FLOW_METHOD_1.0,4346
29009,29009,364,MDB_HOSPITAL_FLOW_METHOD_1.0,4348
29009,29015,5,MDB_HOSPITAL_FLOW_METHOD_1.0,4349
29009,29020,39,MDB_HOSPITAL_FLOW_METHOD_1.0,4350
29001,29006,7,MDB_HOSPITAL_FLOW_METHOD_1.0,4352
29006,29006,22,MDB_HOSPITAL_FLOW_METHOD_1.0,4354
29015,29015,14,MDB_HOSPITAL_FLOW_METHOD_1.0,4356
29015,29015,11,MDB_HOSPITAL_FLOW_METHOD_1.0,4357
29015,29028,5,MDB_HOSPITAL_FLOW_METHOD_1.0,4359
29006,29006,40,MDB_HOSPITAL_FLOW_METHOD_1.0,4362
29006,29006,21,MDB_HOSPITAL_FLOW_METHOD_1.0,4372
29010,29020,10,MDB_HOSPITAL_FLOW_METHOD_1.0,4375
29018,29018,16,MDB_HOSPITAL_FLOW_METHOD_1.0,4377
29011,29006,11,MDB_HOSPITAL_FLOW_METHOD_1.0,4380
29011,29011,16,MDB_HOSPITAL_FLOW_METHOD_1.0,4382
29012,29009,11,MDB_HOSPITAL_FLOW_METHOD_1.0,4385
29012,29012,72,MDB_HOSPITAL_FLOW_METHOD_1.0,4386
29012,29020,5,MDB_HOSPITAL_FLOW_METHOD_1.0,4387
29015,29015,10,MDB_HOSPITAL_FLOW_METHOD_1.0,4397
29026,29026,8,MDB_HOSPITAL_FLOW_METHOD_1.0,4403
29026,29028,8,MDB_HOSPITAL_FLOW_METHOD_1.0,4404
29015,29015,7,MDB_HOSPITAL_FLOW_METHOD_1.0,4407
29013,29013,10,MDB_HOSPITAL_FLOW_METHOD_1.0,4408
29013,29028,8,MDB_HOSPITAL_FLOW_METHOD_1.0,4410
29026,29028,5,MDB_HOSPITAL_FLOW_METHOD_1.0,4413
29020,29020,7,MDB_HOSPITAL_FLOW_METHOD_1.0,4414
29020,29020,54,MDB_HOSPITAL_FLOW_METHOD_1.0,4415
29013,29020,6,MDB_HOSPITAL_FLOW_METHOD_1.0,4422
29024,29006,10,MDB_HOSPITAL_FLOW_METHOD_1.0,4435
29024,29016,100,MDB_HOSPITAL_FLOW_METHOD_1.0,4437
29003,29028,12,MDB_HOSPITAL_FLOW_METHOD_1.0,4440
29027,29006,10,MDB_HOSPITAL_FLOW_METHOD_1.0,4441
29021,29021,7,MDB_HOSPITAL_FLOW_METHOD_1.0,4445
29014,29014,23,MDB_HOSPITAL_FLOW_METHOD_1.0,4448
29014,29020,6,MDB_HOSPITAL_FLOW_METHOD_1.0,4450
29015,29015,24,MDB_HOSPITAL_FLOW_METHOD_1.0,4453
29015,29015,8,MDB_HOSPITAL_FLOW_METHOD_1.0,4454
29024,29016,33,MDB_HOSPITAL_FLOW_METHOD_1.0,4457
29022,29022,110,MDB_HOSPITAL_FLOW_METHOD_1.0,4459
29015,29015,473,MDB_HOSPITAL_FLOW_METHOD_1.0,4461
29017,29016,67,MDB_HOSPITAL_FLOW_METHOD_1.0,4465
29015,29015,7,MDB_HOSPITAL_FLOW_METHOD_1.0,4469
29016,26009,5,MDB_HOSPITAL_FLOW_METHOD_1.0,4472
29016,26010,6,MDB_HOSPITAL_FLOW_METHOD_1.0,4473
29016,26011,5,MDB_HOSPITAL_FLOW_METHOD_1.0,4474
29016,29016,967,MDB_HOSPITAL_FLOW_METHOD_1.0,4475
29010,29006,7,MDB_HOSPITAL_FLOW_METHOD_1.0,4480
29015,29015,5,MDB_HOSPITAL_FLOW_METHOD_1.0,4485
29007,29028,7,MDB_HOSPITAL_FLOW_METHOD_1.0,4487
29011,29011,10,MDB_HOSPITAL_FLOW_METHOD_1.0,4490
29011,29020,5,MDB_HOSPITAL_FLOW_METHOD_1.0,4491
29025,29025,6,MDB_HOSPITAL_FLOW_METHOD_1.0,4492
29010,29020,6,MDB_HOSPITAL_FLOW_METHOD_1.0,4493
29020,29016,7,MDB_HOSPITAL_FLOW_METHOD_1.0,4497
29020,29020,7,MDB_HOSPITAL_FLOW_METHOD_1.0,4498
29020,29020,404,MDB_HOSPITAL_FLOW_METHOD_1.0,4500
29007,29007,6,MDB_HOSPITAL_FLOW_METHOD_1.0,4505
29003,29028,10,MDB_HOSPITAL_FLOW_METHOD_1.0,4510
29013,29028,5,MDB_HOSPITAL_FLOW_METHOD_1.0,4516
29017,29016,17,MDB_HOSPITAL_FLOW_METHOD_1.0,4519
29020,29020,6,MDB_HOSPITAL_FLOW_METHOD_1.0,4521
29014,29020,5,MDB_HOSPITAL_FLOW_METHOD_1.0,4526
29003,29028,6,MDB_HOSPITAL_FLOW_METHOD_1.0,4530
29015,29015,21,MDB_HOSPITAL_FLOW_METHOD_1.0,4531
29005,29022,19,MDB_HOSPITAL_FLOW_METHOD_1.0,4537
29005,29020,14,MDB_HOSPITAL_FLOW_METHOD_1.0,4538
29004,29004,77,MDB_HOSPITAL_FLOW_METHOD_1.0,4547
29004,29020,48,MDB_HOSPITAL_FLOW_METHOD_1.0,4548
29014,29014,105,MDB_HOSPITAL_FLOW_METHOD_1.0,4553
29014,29020,8,MDB_HOSPITAL_FLOW_METHOD_1.0,4554
29022,29006,7,MDB_HOSPITAL_FLOW_METHOD_1.0,4556
29025,29020,10,MDB_HOSPITAL_FLOW_METHOD_1.0,4563
29014,29016,6,MDB_HOSPITAL_FLOW_METHOD_1.0,4568
29014,29020,5,MDB_HOSPITAL_FLOW_METHOD_1.0,4570
29007,29007,5,MDB_HOSPITAL_FLOW_METHOD_1.0,4571
29026,29020,5,MDB_HOSPITAL_FLOW_METHOD_1.0,4576
29006,29011,12,MDB_HOSPITAL_FLOW_METHOD_1.0,4584
29006,29020,8,MDB_HOSPITAL_FLOW_METHOD_1.0,4585
29022,29022,47,MDB_HOSPITAL_FLOW_METHOD_1.0,4586
29005,29006,10,MDB_HOSPITAL_FLOW_METHOD_1.0,4588
29005,29020,5,MDB_HOSPITAL_FLOW_METHOD_1.0,4589
29022,29020,6,MDB_HOSPITAL_FLOW_METHOD_1.0,4590
29022,29022,425,MDB_HOSPITAL_FLOW_METHOD_1.0,4591
29013,29028,6,MDB_HOSPITAL_FLOW_METHOD_1.0,4600
29015,29015,14,MDB_HOSPITAL_FLOW_METHOD_1.0,4606
29019,29020,8,MDB_HOSPITAL_FLOW_METHOD_1.0,4614
29023,29023,10,MDB_HOSPITAL_FLOW_METHOD_1.0,4619
29023,29023,6,MDB_HOSPITAL_FLOW_METHOD_1.0,4620
29019,29006,12,MDB_HOSPITAL_FLOW_METHOD_1.0,4622
29019,29020,9,MDB_HOSPITAL_FLOW_METHOD_1.0,4623
29008,29008,14,MDB_HOSPITAL_FLOW_METHOD_1.0,4625
29014,29014,9,MDB_HOSPITAL_FLOW_METHOD_1.0,4629
29007,29007,5,MDB_HOSPITAL_FLOW_METHOD_1.0,4631
29023,29023,5,MDB_HOSPITAL_FLOW_METHOD_1.0,4635
29019,28001,5,MDB_HOSPITAL_FLOW_METHOD_1.0,4640
29017,29016,138,MDB_HOSPITAL_FLOW_METHOD_1.0,4647
29017,29017,141,MDB_HOSPITAL_FLOW_METHOD_1.0,4648
29017,29016,33,MDB_HOSPITAL_FLOW_METHOD_1.0,4655
29023,29028,5,MDB_HOSPITAL_FLOW_METHOD_1.0,4656
29016,29016,63,MDB_HOSPITAL_FLOW_METHOD_1.0,4657
29024,29016,36,MDB_HOSPITAL_FLOW_METHOD_1.0,4662
29028,29028,7,MDB_HOSPITAL_FLOW_METHOD_1.0,4668
29014,29006,9,MDB_HOSPITAL_FLOW_METHOD_1.0,4669
29014,29014,9,MDB_HOSPITAL_FLOW_METHOD_1.0,4671
29015,29015,5,MDB_HOSPITAL_FLOW_METHOD_1.0,4673
29028,29028,304,MDB_HOSPITAL_FLOW_METHOD_1.0,4679
29028,29028,7,MDB_HOSPITAL_FLOW_METHOD_1.0,4680
29004,29004,7,MDB_HOSPITAL_FLOW_METHOD_1.0,4685
29004,29020,10,MDB_HOSPITAL_FLOW_METHOD_1.0,4686
29024,29016,67,MDB_HOSPITAL_FLOW_METHOD_1.0,4687
29018,29018,20,MDB_HOSPITAL_FLOW_METHOD_1.0,4693
29018,29020,6,MDB_HOSPITAL_FLOW_METHOD_1.0,4694
29018,29028,5,MDB_HOSPITAL_FLOW_METHOD_1.0,4695
29022,29020,12,MDB_HOSPITAL_FLOW_METHOD_1.0,4706
29025,29006,17,MDB_HOSPITAL_FLOW_METHOD_1.0,4708
29006,29006,16,MDB_HOSPITAL_FLOW_METHOD_1.0,4713
29016,29016,45,MDB_HOSPITAL_FLOW_METHOD_1.0,4716
29025,29006,6,MDB_HOSPITAL_FLOW_METHOD_1.0,4717
29006,29020,7,MDB_HOSPITAL_FLOW_METHOD_1.0,4723
29007,29020,8,MDB_HOSPITAL_FLOW_METHOD_1.0,4725
29007,29028,5,MDB_HOSPITAL_FLOW_METHOD_1.0,4726
29019,29006,13,MDB_HOSPITAL_FLOW_METHOD_1.0,4727
29019,29020,7,MDB_HOSPITAL_FLOW_METHOD_1.0,4729
29007,29028,5,MDB_HOSPITAL_FLOW_METHOD_1.0,4735
29001,29020,5,MDB_HOSPITAL_FLOW_METHOD_1.0,4740
29017,29016,56,MDB_HOSPITAL_FLOW_METHOD_1.0,4742
29011,29011,1137,MDB_HOSPITAL_FLOW_METHOD_1.0,4745
29022,29022,5,MDB_HOSPITAL_FLOW_METHOD_1.0,4747
29020,29006,19,MDB_HOSPITAL_FLOW_METHOD_1.0,4755
29020,29020,30,MDB_HOSPITAL_FLOW_METHOD_1.0,4758
29020,29020,7341,MDB_HOSPITAL_FLOW_METHOD_1.0,4762
29020,31016,31,MDB_HOSPITAL_FLOW_METHOD_1.0,4765
29006,29006,8,MDB_HOSPITAL_FLOW_METHOD_1.0,4778
29021,29021,19,MDB_HOSPITAL_FLOW_METHOD_1.0,4796
29021,29021,12,MDB_HOSPITAL_FLOW_METHOD_1.0,4799
29002,29002,7,MDB_HOSPITAL_FLOW_METHOD_1.0,4800
29020,29006,55,MDB_HOSPITAL_FLOW_METHOD_1.0,4803
29020,33006,5,MDB_HOSPITAL_FLOW_METHOD_1.0,4806
29022,29020,25,MDB_HOSPITAL_FLOW_METHOD_1.0,4810
29006,29006,29,MDB_HOSPITAL_FLOW_METHOD_1.0,4811
29005,29020,10,MDB_HOSPITAL_FLOW_METHOD_1.0,4816
29021,29021,11,MDB_HOSPITAL_FLOW_METHOD_1.0,4817
29020,29020,14,MDB_HOSPITAL_FLOW_METHOD_1.0,4822
29006,29006,13,MDB_HOSPITAL_FLOW_METHOD_1.0,4827
29020,29020,23,MDB_HOSPITAL_FLOW_METHOD_1.0,4836
29005,29006,10,MDB_HOSPITAL_FLOW_METHOD_1.0,4838
29005,29020,12,MDB_HOSPITAL_FLOW_METHOD_1.0,4839
29020,29020,5,MDB_HOSPITAL_FLOW_METHOD_1.0,4843
29014,29020,9,MDB_HOSPITAL_FLOW_METHOD_1.0,4845
29023,29006,10,MDB_HOSPITAL_FLOW_METHOD_1.0,4847
29023,29023,78,MDB_HOSPITAL_FLOW_METHOD_1.0,4848
29024,29006,5,MDB_HOSPITAL_FLOW_METHOD_1.0,4854
29024,29016,145,MDB_HOSPITAL_FLOW_METHOD_1.0,4855
29024,29020,6,MDB_HOSPITAL_FLOW_METHOD_1.0,4857
29016,29016,64,MDB_HOSPITAL_FLOW_METHOD_1.0,4860
29016,29016,6,MDB_HOSPITAL_FLOW_METHOD_1.0,4862
29021,29006,5,MDB_HOSPITAL_FLOW_METHOD_1.0,4864
29006,29006,19,MDB_HOSPITAL_FLOW_METHOD_1.0,4865
29025,29006,13,MDB_HOSPITAL_FLOW_METHOD_1.0,4867
29025,29025,212,MDB_HOSPITAL_FLOW_METHOD_1.0,4869
29004,29020,257,MDB_HOSPITAL_FLOW_METHOD_1.0,4875
29016,29016,89,MDB_HOSPITAL_FLOW_METHOD_1.0,4882
29023,29006,9,MDB_HOSPITAL_FLOW_METHOD_1.0,4884
29002,29002,8,MDB_HOSPITAL_FLOW_METHOD_1.0,4886
29003,29003,10,MDB_HOSPITAL_FLOW_METHOD_1.0,4887
29003,29028,6,MDB_HOSPITAL_FLOW_METHOD_1.0,4888
29006,29006,7,MDB_HOSPITAL_FLOW_METHOD_1.0,4891
29014,29006,7,MDB_HOSPITAL_FLOW_METHOD_1.0,4899
29026,29006,5,MDB_HOSPITAL_FLOW_METHOD_1.0,4900
29026,29020,6,MDB_HOSPITAL_FLOW_METHOD_1.0,4901
29006,29020,5,MDB_HOSPITAL_FLOW_METHOD_1.0,4907
29025,29025,21,MDB_HOSPITAL_FLOW_METHOD_1.0,4908
29022,29006,8,MDB_HOSPITAL_FLOW_METHOD_1.0,4909
29006,29020,9,MDB_HOSPITAL_FLOW_METHOD_1.0,4913
29028,29028,6,MDB_HOSPITAL_FLOW_METHOD_1.0,4914
29028,29028,5,MDB_HOSPITAL_FLOW_METHOD_1.0,4915
29016,29016,113,MDB_HOSPITAL_FLOW_METHOD_1.0,4922
29022,29006,7,MDB_HOSPITAL_FLOW_METHOD_1.0,4925
29012,29015,8,MDB_HOSPITAL_FLOW_METHOD_1.0,4933
29014,29016,32,MDB_HOSPITAL_FLOW_METHOD_1.0,4936
29027,29006,6,MDB_HOSPITAL_FLOW_METHOD_1.0,4946
29027,29020,31,MDB_HOSPITAL_FLOW_METHOD_1.0,4950
29027,29027,19,MDB_HOSPITAL_FLOW_METHOD_1.0,4951
29025,29006,8,MDB_HOSPITAL_FLOW_METHOD_1.0,4954
29014,29020,6,MDB_HOSPITAL_FLOW_METHOD_1.0,4957
29020,29020,6,MDB_HOSPITAL_FLOW_METHOD_1.0,4961
29020,29020,34,MDB_HOSPITAL_FLOW_METHOD_1.0,4963
29028,29006,19,MDB_HOSPITAL_FLOW_METHOD_1.0,4966
29028,29028,471,MDB_HOSPITAL_FLOW_METHOD_1.0,4969
29011,29006,5,MDB_HOSPITAL_FLOW_METHOD_1.0,4975
29027,29006,14,MDB_HOSPITAL_FLOW_METHOD_1.0,4976
29027,29020,15,MDB_HOSPITAL_FLOW_METHOD_1.0,4977
29010,29006,9,MDB_HOSPITAL_FLOW_METHOD_1.0,4978
29010,29010,7,MDB_HOSPITAL_FLOW_METHOD_1.0,4981
31074,31074,11,MDB_HOSPITAL_FLOW_METHOD_1.0,4984
31024,31024,244,MDB_HOSPITAL_FLOW_METHOD_1.0,4985
31024,31016,5,MDB_HOSPITAL_FLOW_METHOD_1.0,4986
31037,31037,19,MDB_HOSPITAL_FLOW_METHOD_1.0,4996
31102,31027,5,MDB_HOSPITAL_FLOW_METHOD_1.0,4998
31062,31062,71,MDB_HOSPITAL_FLOW_METHOD_1.0,5001
31062,31016,9,MDB_HOSPITAL_FLOW_METHOD_1.0,5002
31040,31040,154,MDB_HOSPITAL_FLOW_METHOD_1.0,5006
31040,31016,11,MDB_HOSPITAL_FLOW_METHOD_1.0,5007
31008,31008,34,MDB_HOSPITAL_FLOW_METHOD_1.0,5011
31008,31009,15,MDB_HOSPITAL_FLOW_METHOD_1.0,5012
31041,31041,111,MDB_HOSPITAL_FLOW_METHOD_1.0,5017
31041,33009,5,MDB_HOSPITAL_FLOW_METHOD_1.0,5018
31041,33009,34,MDB_HOSPITAL_FLOW_METHOD_1.0,5019
31001,31001,15,MDB_HOSPITAL_FLOW_METHOD_1.0,5020
31001,31001,5,MDB_HOSPITAL_FLOW_METHOD_1.0,5021
31001,31009,35,MDB_HOSPITAL_FLOW_METHOD_1.0,5024
31013,31013,16,MDB_HOSPITAL_FLOW_METHOD_1.0,5027
31094,31094,68,MDB_HOSPITAL_FLOW_METHOD_1.0,5028
31094,31016,6,MDB_HOSPITAL_FLOW_METHOD_1.0,5029
31036,31036,7,MDB_HOSPITAL_FLOW_METHOD_1.0,5033
31092,31092,59,MDB_HOSPITAL_FLOW_METHOD_1.0,5034
31092,31009,37,MDB_HOSPITAL_FLOW_METHOD_1.0,5036
31001,31001,14,MDB_HOSPITAL_FLOW_METHOD_1.0,5037
31001,31009,39,MDB_HOSPITAL_FLOW_METHOD_1.0,5038
31059,31059,19,MDB_HOSPITAL_FLOW_METHOD_1.0,5042
31013,31013,49,MDB_HOSPITAL_FLOW_METHOD_1.0,5043
31095,31016,7,MDB_HOSPITAL_FLOW_METHOD_1.0,5048
31095,31026,6,MDB_HOSPITAL_FLOW_METHOD_1.0,5049
31095,31095,13,MDB_HOSPITAL_FLOW_METHOD_1.0,5050
31006,31006,14,MDB_HOSPITAL_FLOW_METHOD_1.0,5053
31006,31009,8,MDB_HOSPITAL_FLOW_METHOD_1.0,5057
31068,31068,12,MDB_HOSPITAL_FLOW_METHOD_1.0,5059
31068,31068,20,MDB_HOSPITAL_FLOW_METHOD_1.0,5061
31090,31090,10,MDB_HOSPITAL_FLOW_METHOD_1.0,5062
31090,31097,6,MDB_HOSPITAL_FLOW_METHOD_1.0,5065
31099,31099,11,MDB_HOSPITAL_FLOW_METHOD_1.0,5067
31013,31013,5,MDB_HOSPITAL_FLOW_METHOD_1.0,5068
31013,31013,90,MDB_HOSPITAL_FLOW_METHOD_1.0,5069
31035,31016,8,MDB_HOSPITAL_FLOW_METHOD_1.0,5072
31035,31037,7,MDB_HOSPITAL_FLOW_METHOD_1.0,5073
31045,31045,9,MDB_HOSPITAL_FLOW_METHOD_1.0,5074
31024,31024,9,MDB_HOSPITAL_FLOW_METHOD_1.0,5076
31064,31064,160,MDB_HOSPITAL_FLOW_METHOD_1.0,5078
31075,31075,426,MDB_HOSPITAL_FLOW_METHOD_1.0,5084
31075,31075,5,MDB_HOSPITAL_FLOW_METHOD_1.0,5086
31061,31061,30,MDB_HOSPITAL_FLOW_METHOD_1.0,5093
31075,31075,7,MDB_HOSPITAL_FLOW_METHOD_1.0,5094
31075,31075,19,MDB_HOSPITAL_FLOW_METHOD_1.0,5095
31070,31070,199,MDB_HOSPITAL_FLOW_METHOD_1.0,5101
31070,31072,66,MDB_HOSPITAL_FLOW_METHOD_1.0,5102
31002,31009,47,MDB_HOSPITAL_FLOW_METHOD_1.0,5105
31087,31016,5,MDB_HOSPITAL_FLOW_METHOD_1.0,5108
31001,31009,18,MDB_HOSPITAL_FLOW_METHOD_1.0,5113
31044,31044,33,MDB_HOSPITAL_FLOW_METHOD_1.0,5114
31027,31027,19,MDB_HOSPITAL_FLOW_METHOD_1.0,5115
31044,31044,40,MDB_HOSPITAL_FLOW_METHOD_1.0,5122
31008,31008,20,MDB_HOSPITAL_FLOW_METHOD_1.0,5128
31008,31013,16,MDB_HOSPITAL_FLOW_METHOD_1.0,5129
31008,31009,31,MDB_HOSPITAL_FLOW_METHOD_1.0,5131
31024,31024,10,MDB_HOSPITAL_FLOW_METHOD_1.0,5134
31030,31030,111,MDB_HOSPITAL_FLOW_METHOD_1.0,5135
31001,31001,18,MDB_HOSPITAL_FLOW_METHOD_1.0,5144
31001,31009,10,MDB_HOSPITAL_FLOW_METHOD_1.0,5145
31021,31016,13,MDB_HOSPITAL_FLOW_METHOD_1.0,5147
31021,31021,92,MDB_HOSPITAL_FLOW_METHOD_1.0,5149
31045,31045,23,MDB_HOSPITAL_FLOW_METHOD_1.0,5151
31045,31045,26,MDB_HOSPITAL_FLOW_METHOD_1.0,5152
31013,31013,1700,MDB_HOSPITAL_FLOW_METHOD_1.0,5153
31013,31016,21,MDB_HOSPITAL_FLOW_METHOD_1.0,5154
31015,31013,31,MDB_HOSPITAL_FLOW_METHOD_1.0,5162
31015,31015,102,MDB_HOSPITAL_FLOW_METHOD_1.0,5163
31023,31023,7,MDB_HOSPITAL_FLOW_METHOD_1.0,5167
31016,31013,62,MDB_HOSPITAL_FLOW_METHOD_1.0,5172
31016,31016,1130,MDB_HOSPITAL_FLOW_METHOD_1.0,5173
31016,31017,14,MDB_HOSPITAL_FLOW_METHOD_1.0,5174
31016,31018,7,MDB_HOSPITAL_FLOW_METHOD_1.0,5178
31016,31007,5,MDB_HOSPITAL_FLOW_METHOD_1.0,5191
31016,31016,13,MDB_HOSPITAL_FLOW_METHOD_1.0,5192
31016,33006,6,MDB_HOSPITAL_FLOW_METHOD_1.0,5201
31016,33005,13,MDB_HOSPITAL_FLOW_METHOD_1.0,5202
31016,35016,5,MDB_HOSPITAL_FLOW_METHOD_1.0,5207
31016,53001,5,MDB_HOSPITAL_FLOW_METHOD_1.0,5211
31037,31037,6,MDB_HOSPITAL_FLOW_METHOD_1.0,5212
31037,31037,53,MDB_HOSPITAL_FLOW_METHOD_1.0,5213
31016,31016,6,MDB_HOSPITAL_FLOW_METHOD_1.0,5214
31016,31016,54,MDB_HOSPITAL_FLOW_METHOD_1.0,5215
31064,31064,34,MDB_HOSPITAL_FLOW_METHOD_1.0,5216
31085,31085,9,MDB_HOSPITAL_FLOW_METHOD_1.0,5219
31017,31016,70,MDB_HOSPITAL_FLOW_METHOD_1.0,5220
31017,31017,98,MDB_HOSPITAL_FLOW_METHOD_1.0,5221
31017,33005,11,MDB_HOSPITAL_FLOW_METHOD_1.0,5227
31011,31016,7,MDB_HOSPITAL_FLOW_METHOD_1.0,5234
31011,31011,30,MDB_HOSPITAL_FLOW_METHOD_1.0,5237
31083,31083,169,MDB_HOSPITAL_FLOW_METHOD_1.0,5240
31083,31084,7,MDB_HOSPITAL_FLOW_METHOD_1.0,5242
31028,31028,293,MDB_HOSPITAL_FLOW_METHOD_1.0,5245
31021,31021,5,MDB_HOSPITAL_FLOW_METHOD_1.0,5251
31034,31034,39,MDB_HOSPITAL_FLOW_METHOD_1.0,5252
31034,31037,11,MDB_HOSPITAL_FLOW_METHOD_1.0,5253
31007,31007,7,MDB_HOSPITAL_FLOW_METHOD_1.0,5254
31015,31013,25,MDB_HOSPITAL_FLOW_METHOD_1.0,5255
31015,31015,7,MDB_HOSPITAL_FLOW_METHOD_1.0,5256
31017,31016,21,MDB_HOSPITAL_FLOW_METHOD_1.0,5257
31007,31007,38,MDB_HOSPITAL_FLOW_METHOD_1.0,5260
31007,31009,18,MDB_HOSPITAL_FLOW_METHOD_1.0,5261
31001,31009,31,MDB_HOSPITAL_FLOW_METHOD_1.0,5265
31051,31051,6,MDB_HOSPITAL_FLOW_METHOD_1.0,5268
31051,31051,25,MDB_HOSPITAL_FLOW_METHOD_1.0,5269
31051,31084,7,MDB_HOSPITAL_FLOW_METHOD_1.0,5270
31077,31072,5,MDB_HOSPITAL_FLOW_METHOD_1.0,5272
31101,31101,126,MDB_HOSPITAL_FLOW_METHOD_1.0,5274
31101,31084,5,MDB_HOSPITAL_FLOW_METHOD_1.0,5275
31048,31048,21,MDB_HOSPITAL_FLOW_METHOD_1.0,5276
31037,31037,22,MDB_HOSPITAL_FLOW_METHOD_1.0,5277
31017,31016,16,MDB_HOSPITAL_FLOW_METHOD_1.0,5280
31017,31017,139,MDB_HOSPITAL_FLOW_METHOD_1.0,5281
31007,31007,96,MDB_HOSPITAL_FLOW_METHOD_1.0,5282
31019,31019,5,MDB_HOSPITAL_FLOW_METHOD_1.0,5285
31037,31037,22,MDB_HOSPITAL_FLOW_METHOD_1.0,5287
31058,31072,5,MDB_HOSPITAL_FLOW_METHOD_1.0,5289
31058,53001,6,MDB_HOSPITAL_FLOW_METHOD_1.0,5292
31055,31016,5,MDB_HOSPITAL_FLOW_METHOD_1.0,5293
31055,31055,8,MDB_HOSPITAL_FLOW_METHOD_1.0,5296
31002,31001,8,MDB_HOSPITAL_FLOW_METHOD_1.0,5302
31002,31009,17,MDB_HOSPITAL_FLOW_METHOD_1.0,5304
31007,31007,5,MDB_HOSPITAL_FLOW_METHOD_1.0,5306
31007,31007,19,MDB_HOSPITAL_FLOW_METHOD_1.0,5307
31073,31073,12,MDB_HOSPITAL_FLOW_METHOD_1.0,5310
31024,31024,88,MDB_HOSPITAL_FLOW_METHOD_1.0,5312
31016,31016,44,MDB_HOSPITAL_FLOW_METHOD_1.0,5314
31016,31016,166,MDB_HOSPITAL_FLOW_METHOD_1.0,5315
31042,31042,13,MDB_HOSPITAL_FLOW_METHOD_1.0,5317
31042,31042,20,MDB_HOSPITAL_FLOW_METHOD_1.0,5318
31061,31061,9,MDB_HOSPITAL_FLOW_METHOD_1.0,5320
31006,31009,14,MDB_HOSPITAL_FLOW_METHOD_1.0,5324
31089,31089,5,MDB_HOSPITAL_FLOW_METHOD_1.0,5325
31089,31086,7,MDB_HOSPITAL_FLOW_METHOD_1.0,5326
31007,31007,7,MDB_HOSPITAL_FLOW_METHOD_1.0,5330
31007,35141,8,MDB_HOSPITAL_FLOW_METHOD_1.0,5333
31010,31009,21,MDB_HOSPITAL_FLOW_METHOD_1.0,5335
31096,31096,6,MDB_HOSPITAL_FLOW_METHOD_1.0,5337
31012,31012,50,MDB_HOSPITAL_FLOW_METHOD_1.0,5338
31012,31009,34,MDB_HOSPITAL_FLOW_METHOD_1.0,5340
31001,31001,207,MDB_HOSPITAL_FLOW_METHOD_1.0,5341
31001,31009,25,MDB_HOSPITAL_FLOW_METHOD_1.0,5342
31073,31073,16,MDB_HOSPITAL_FLOW_METHOD_1.0,5343
31101,31101,6,MDB_HOSPITAL_FLOW_METHOD_1.0,5344
31089,31016,8,MDB_HOSPITAL_FLOW_METHOD_1.0,5345
31089,31089,20,MDB_HOSPITAL_FLOW_METHOD_1.0,5347
31089,31089,6,MDB_HOSPITAL_FLOW_METHOD_1.0,5348
31072,31072,16,MDB_HOSPITAL_FLOW_METHOD_1.0,5354
31070,31072,11,MDB_HOSPITAL_FLOW_METHOD_1.0,5357
31001,31001,8,MDB_HOSPITAL_FLOW_METHOD_1.0,5360
31001,31009,23,MDB_HOSPITAL_FLOW_METHOD_1.0,5361
31061,31061,12,MDB_HOSPITAL_FLOW_METHOD_1.0,5362
31073,31073,5,MDB_HOSPITAL_FLOW_METHOD_1.0,5364
31073,31073,15,MDB_HOSPITAL_FLOW_METHOD_1.0,5366
31089,31004,6,MDB_HOSPITAL_FLOW_METHOD_1.0,5372
31089,31089,91,MDB_HOSPITAL_FLOW_METHOD_1.0,5374
31042,31042,20,MDB_HOSPITAL_FLOW_METHOD_1.0,5378
31042,31042,22,MDB_HOSPITAL_FLOW_METHOD_1.0,5379
31027,31013,6,MDB_HOSPITAL_FLOW_METHOD_1.0,5382
31027,31016,18,MDB_HOSPITAL_FLOW_METHOD_1.0,5383
31027,31027,378,MDB_HOSPITAL_FLOW_METHOD_1.0,5384
31091,31091,10,MDB_HOSPITAL_FLOW_METHOD_1.0,5388
31091,31009,23,MDB_HOSPITAL_FLOW_METHOD_1.0,5389
31024,31024,7,MDB_HOSPITAL_FLOW_METHOD_1.0,5390
31073,31073,24,MDB_HOSPITAL_FLOW_METHOD_1.0,5391
31073,31073,43,MDB_HOSPITAL_FLOW_METHOD_1.0,5392
31051,31051,30,MDB_HOSPITAL_FLOW_METHOD_1.0,5396
31093,31093,64,MDB_HOSPITAL_FLOW_METHOD_1.0,5399
31093,31009,7,MDB_HOSPITAL_FLOW_METHOD_1.0,5401
31067,31067,46,MDB_HOSPITAL_FLOW_METHOD_1.0,5405
31013,31013,49,MDB_HOSPITAL_FLOW_METHOD_1.0,5408
31042,31042,315,MDB_HOSPITAL_FLOW_METHOD_1.0,5412
31034,31016,13,MDB_HOSPITAL_FLOW_METHOD_1.0,5415
31034,31034,443,MDB_HOSPITAL_FLOW_METHOD_1.0,5416
31026,31016,14,MDB_HOSPITAL_FLOW_METHOD_1.0,5419
31007,31007,7,MDB_HOSPITAL_FLOW_METHOD_1.0,5423
31066,31066,5,MDB_HOSPITAL_FLOW_METHOD_1.0,5425
31008,31008,89,MDB_HOSPITAL_FLOW_METHOD_1.0,5434
31008,31009,19,MDB_HOSPITAL_FLOW_METHOD_1.0,5437
31086,31030,11,MDB_HOSPITAL_FLOW_METHOD_1.0,5438
31082,31082,57,MDB_HOSPITAL_FLOW_METHOD_1.0,5443
31082,31072,22,MDB_HOSPITAL_FLOW_METHOD_1.0,5447
31092,31092,6,MDB_HOSPITAL_FLOW_METHOD_1.0,5448
31092,31009,79,MDB_HOSPITAL_FLOW_METHOD_1.0,5451
31088,31016,10,MDB_HOSPITAL_FLOW_METHOD_1.0,5453
31088,31028,6,MDB_HOSPITAL_FLOW_METHOD_1.0,5454
31088,31088,17,MDB_HOSPITAL_FLOW_METHOD_1.0,5457
31071,31072,16,MDB_HOSPITAL_FLOW_METHOD_1.0,5458
31008,31008,14,MDB_HOSPITAL_FLOW_METHOD_1.0,5462
31008,31009,8,MDB_HOSPITAL_FLOW_METHOD_1.0,5463
31091,31091,89,MDB_HOSPITAL_FLOW_METHOD_1.0,5465
31091,31009,66,MDB_HOSPITAL_FLOW_METHOD_1.0,5466
31044,31044,301,MDB_HOSPITAL_FLOW_METHOD_1.0,5470
31044,31044,5,MDB_HOSPITAL_FLOW_METHOD_1.0,5471
31044,33006,8,MDB_HOSPITAL_FLOW_METHOD_1.0,5473
31021,31021,41,MDB_HOSPITAL_FLOW_METHOD_1.0,5476
31052,31052,5,MDB_HOSPITAL_FLOW_METHOD_1.0,5481
31008,31008,6,MDB_HOSPITAL_FLOW_METHOD_1.0,5482
31008,31009,17,MDB_HOSPITAL_FLOW_METHOD_1.0,5486
31024,31024,22,MDB_HOSPITAL_FLOW_METHOD_1.0,5487
31073,31073,22,MDB_HOSPITAL_FLOW_METHOD_1.0,5489
31097,31097,5,MDB_HOSPITAL_FLOW_METHOD_1.0,5491
31027,31027,74,MDB_HOSPITAL_FLOW_METHOD_1.0,5500
31027,31027,7,MDB_HOSPITAL_FLOW_METHOD_1.0,5501
31013,31013,10,MDB_HOSPITAL_FLOW_METHOD_1.0,5508
31091,31091,8,MDB_HOSPITAL_FLOW_METHOD_1.0,5509
31091,31009,7,MDB_HOSPITAL_FLOW_METHOD_1.0,5510
31084,31084,45,MDB_HOSPITAL_FLOW_METHOD_1.0,5513
31086,31086,274,MDB_HOSPITAL_FLOW_METHOD_1.0,5517
31048,31048,12,MDB_HOSPITAL_FLOW_METHOD_1.0,5520
31048,31048,7,MDB_HOSPITAL_FLOW_METHOD_1.0,5521
31026,31026,13,MDB_HOSPITAL_FLOW_METHOD_1.0,5524
31065,31065,34,MDB_HOSPITAL_FLOW_METHOD_1.0,5527
31001,31009,21,MDB_HOSPITAL_FLOW_METHOD_1.0,5528
31072,31072,143,MDB_HOSPITAL_FLOW_METHOD_1.0,5530
31072,31072,62,MDB_HOSPITAL_FLOW_METHOD_1.0,5531
31095,31016,9,MDB_HOSPITAL_FLOW_METHOD_1.0,5534
31008,31009,28,MDB_HOSPITAL_FLOW_METHOD_1.0,5543
31007,31007,9,MDB_HOSPITAL_FLOW_METHOD_1.0,5545
31025,31016,7,MDB_HOSPITAL_FLOW_METHOD_1.0,5547
31007,31007,25,MDB_HOSPITAL_FLOW_METHOD_1.0,5550
31078,31013,62,MDB_HOSPITAL_FLOW_METHOD_1.0,5551
31078,31016,8,MDB_HOSPITAL_FLOW_METHOD_1.0,5552
31026,31026,5,MDB_HOSPITAL_FLOW_METHOD_1.0,5554
31072,31072,11,MDB_HOSPITAL_FLOW_METHOD_1.0,5556
31079,31013,45,MDB_HOSPITAL_FLOW_METHOD_1.0,5557
31079,31079,17,MDB_HOSPITAL_FLOW_METHOD_1.0,5560
31040,31016,12,MDB_HOSPITAL_FLOW_METHOD_1.0,5564
31040,31040,171,MDB_HOSPITAL_FLOW_METHOD_1.0,5565
31018,31016,103,MDB_HOSPITAL_FLOW_METHOD_1.0,5570
31018,31017,18,MDB_HOSPITAL_FLOW_METHOD_1.0,5571
31018,31018,85,MDB_HOSPITAL_FLOW_METHOD_1.0,5574
31011,31011,21,MDB_HOSPITAL_FLOW_METHOD_1.0,5586
31050,31050,137,MDB_HOSPITAL_FLOW_METHOD_1.0,5587
31050,31084,6,MDB_HOSPITAL_FLOW_METHOD_1.0,5589
31012,31011,8,MDB_HOSPITAL_FLOW_METHOD_1.0,5593
31019,31016,5,MDB_HOSPITAL_FLOW_METHOD_1.0,5594
31019,31019,21,MDB_HOSPITAL_FLOW_METHOD_1.0,5595
31036,31036,5,MDB_HOSPITAL_FLOW_METHOD_1.0,5596
31074,31074,6,MDB_HOSPITAL_FLOW_METHOD_1.0,5597
31074,31074,19,MDB_HOSPITAL_FLOW_METHOD_1.0,5598
31035,31035,186,MDB_HOSPITAL_FLOW_METHOD_1.0,5603
31035,31037,21,MDB_HOSPITAL_FLOW_METHOD_1.0,5604
31064,31064,12,MDB_HOSPITAL_FLOW_METHOD_1.0,5608
31030,31052,6,MDB_HOSPITAL_FLOW_METHOD_1.0,5612
31030,31028,9,MDB_HOSPITAL_FLOW_METHOD_1.0,5613
31026,31026,9,MDB_HOSPITAL_FLOW_METHOD_1.0,5620
31062,31062,13,MDB_HOSPITAL_FLOW_METHOD_1.0,5621
31051,31051,12,MDB_HOSPITAL_FLOW_METHOD_1.0,5628
31008,31008,9,MDB_HOSPITAL_FLOW_METHOD_1.0,5631
31008,31009,20,MDB_HOSPITAL_FLOW_METHOD_1.0,5632
31017,31016,6,MDB_HOSPITAL_FLOW_METHOD_1.0,5633
31057,31057,6,MDB_HOSPITAL_FLOW_METHOD_1.0,5634
31008,31008,8,MDB_HOSPITAL_FLOW_METHOD_1.0,5637
31008,31008,23,MDB_HOSPITAL_FLOW_METHOD_1.0,5638
31008,31009,43,MDB_HOSPITAL_FLOW_METHOD_1.0,5639
31040,31040,5,MDB_HOSPITAL_FLOW_METHOD_1.0,5642
31085,31098,9,MDB_HOSPITAL_FLOW_METHOD_1.0,5643
31085,31085,10,MDB_HOSPITAL_FLOW_METHOD_1.0,5644
31019,31016,17,MDB_HOSPITAL_FLOW_METHOD_1.0,5646
31019,31019,176,MDB_HOSPITAL_FLOW_METHOD_1.0,5647
31026,31026,23,MDB_HOSPITAL_FLOW_METHOD_1.0,5650
31091,31091,12,MDB_HOSPITAL_FLOW_METHOD_1.0,5655
31091,31009,26,MDB_HOSPITAL_FLOW_METHOD_1.0,5657
31072,31072,22,MDB_HOSPITAL_FLOW_METHOD_1.0,5658
31078,31078,19,MDB_HOSPITAL_FLOW_METHOD_1.0,5662
31026,31016,20,MDB_HOSPITAL_FLOW_METHOD_1.0,5664
31026,31026,274,MDB_HOSPITAL_FLOW_METHOD_1.0,5665
31048,31048,14,MDB_HOSPITAL_FLOW_METHOD_1.0,5668
31042,31042,72,MDB_HOSPITAL_FLOW_METHOD_1.0,5669
31036,31020,15,MDB_HOSPITAL_FLOW_METHOD_1.0,5674
31086,31016,11,MDB_HOSPITAL_FLOW_METHOD_1.0,5678
31086,31086,11,MDB_HOSPITAL_FLOW_METHOD_1.0,5682
31001,31009,18,MDB_HOSPITAL_FLOW_METHOD_1.0,5688
31037,31037,14,MDB_HOSPITAL_FLOW_METHOD_1.0,5694
31037,31036,10,MDB_HOSPITAL_FLOW_METHOD_1.0,5695
31008,31008,7,MDB_HOSPITAL_FLOW_METHOD_1.0,5699
31044,31044,10,MDB_HOSPITAL_FLOW_METHOD_1.0,5701
31015,31013,23,MDB_HOSPITAL_FLOW_METHOD_1.0,5704
31020,31016,5,MDB_HOSPITAL_FLOW_METHOD_1.0,5707
31020,31020,6,MDB_HOSPITAL_FLOW_METHOD_1.0,5709
31028,31030,5,MDB_HOSPITAL_FLOW_METHOD_1.0,5710
31028,31028,20,MDB_HOSPITAL_FLOW_METHOD_1.0,5712
31028,31028,8,MDB_HOSPITAL_FLOW_METHOD_1.0,5713
31048,31048,23,MDB_HOSPITAL_FLOW_METHOD_1.0,5718
31059,31059,12,MDB_HOSPITAL_FLOW_METHOD_1.0,5723
31012,31009,17,MDB_HOSPITAL_FLOW_METHOD_1.0,5724
31012,31011,41,MDB_HOSPITAL_FLOW_METHOD_1.0,5725
31036,31036,8,MDB_HOSPITAL_FLOW_METHOD_1.0,5727
31083,31083,32,MDB_HOSPITAL_FLOW_METHOD_1.0,5731
31034,31034,20,MDB_HOSPITAL_FLOW_METHOD_1.0,5732
31078,31078,66,MDB_HOSPITAL_FLOW_METHOD_1.0,5735
31048,31048,174,MDB_HOSPITAL_FLOW_METHOD_1.0,5737
31017,31016,82,MDB_HOSPITAL_FLOW_METHOD_1.0,5738
31042,31042,44,MDB_HOSPITAL_FLOW_METHOD_1.0,5743
31042,31042,136,MDB_HOSPITAL_FLOW_METHOD_1.0,5744
31007,31007,15,MDB_HOSPITAL_FLOW_METHOD_1.0,5750
31007,31007,6,MDB_HOSPITAL_FLOW_METHOD_1.0,5751
31007,31007,9,MDB_HOSPITAL_FLOW_METHOD_1.0,5752
31074,31075,5,MDB_HOSPITAL_FLOW_METHOD_1.0,5757
31074,31074,5,MDB_HOSPITAL_FLOW_METHOD_1.0,5759
31045,31045,111,MDB_HOSPITAL_FLOW_METHOD_1.0,5761
31045,31045,11,MDB_HOSPITAL_FLOW_METHOD_1.0,5762
31007,31009,5,MDB_HOSPITAL_FLOW_METHOD_1.0,5767
31042,31042,27,MDB_HOSPITAL_FLOW_METHOD_1.0,5772
31026,31026,17,MDB_HOSPITAL_FLOW_METHOD_1.0,5774
31026,31026,9,MDB_HOSPITAL_FLOW_METHOD_1.0,5776
31094,31016,6,MDB_HOSPITAL_FLOW_METHOD_1.0,5777
31019,31019,9,MDB_HOSPITAL_FLOW_METHOD_1.0,5780
31036,31036,7,MDB_HOSPITAL_FLOW_METHOD_1.0,5782
31021,31016,18,MDB_HOSPITAL_FLOW_METHOD_1.0,5783
31042,31042,29,MDB_HOSPITAL_FLOW_METHOD_1.0,5789
31017,31016,11,MDB_HOSPITAL_FLOW_METHOD_1.0,5791
31030,31017,5,MDB_HOSPITAL_FLOW_METHOD_1.0,5794
31030,31030,38,MDB_HOSPITAL_FLOW_METHOD_1.0,5797
31030,35132,5,MDB_HOSPITAL_FLOW_METHOD_1.0,5800
31092,31009,28,MDB_HOSPITAL_FLOW_METHOD_1.0,5806
31064,31064,15,MDB_HOSPITAL_FLOW_METHOD_1.0,5809
31083,31083,8,MDB_HOSPITAL_FLOW_METHOD_1.0,5811
31051,31051,182,MDB_HOSPITAL_FLOW_METHOD_1.0,5814
31099,31099,5,MDB_HOSPITAL_FLOW_METHOD_1.0,5817
31096,31096,6,MDB_HOSPITAL_FLOW_METHOD_1.0,5820
31071,31072,47,MDB_HOSPITAL_FLOW_METHOD_1.0,5827
31098,31098,28,MDB_HOSPITAL_FLOW_METHOD_1.0,5829
31071,31071,21,MDB_HOSPITAL_FLOW_METHOD_1.0,5831
31071,31072,23,MDB_HOSPITAL_FLOW_METHOD_1.0,5832
31024,31024,5,MDB_HOSPITAL_FLOW_METHOD_1.0,5834
31036,31036,8,MDB_HOSPITAL_FLOW_METHOD_1.0,5835
31052,31052,6,MDB_HOSPITAL_FLOW_METHOD_1.0,5836
31084,31084,17,MDB_HOSPITAL_FLOW_METHOD_1.0,5837
31097,31097,10,MDB_HOSPITAL_FLOW_METHOD_1.0,5839
31003,31003,8,MDB_HOSPITAL_FLOW_METHOD_1.0,5840
31003,31009,16,MDB_HOSPITAL_FLOW_METHOD_1.0,5843
31036,31036,6,MDB_HOSPITAL_FLOW_METHOD_1.0,5844
31026,31016,7,MDB_HOSPITAL_FLOW_METHOD_1.0,5846
31026,31026,7,MDB_HOSPITAL_FLOW_METHOD_1.0,5847
31036,31016,14,MDB_HOSPITAL_FLOW_METHOD_1.0,5848
31036,31036,572,MDB_HOSPITAL_FLOW_METHOD_1.0,5850
31051,31051,81,MDB_HOSPITAL_FLOW_METHOD_1.0,5856
31051,31084,6,MDB_HOSPITAL_FLOW_METHOD_1.0,5857
31051,31098,6,MDB_HOSPITAL_FLOW_METHOD_1.0,5858
31020,31016,5,MDB_HOSPITAL_FLOW_METHOD_1.0,5860
31020,31020,19,MDB_HOSPITAL_FLOW_METHOD_1.0,5863
31020,31020,20,MDB_HOSPITAL_FLOW_METHOD_1.0,5864
31093,31009,10,MDB_HOSPITAL_FLOW_METHOD_1.0,5868
31083,31083,12,MDB_HOSPITAL_FLOW_METHOD_1.0,5872
31002,31001,6,MDB_HOSPITAL_FLOW_METHOD_1.0,5875
31002,31009,33,MDB_HOSPITAL_FLOW_METHOD_1.0,5877
31048,31048,15,MDB_HOSPITAL_FLOW_METHOD_1.0,5879
31057,31072,8,MDB_HOSPITAL_FLOW_METHOD_1.0,5883
31002,31001,7,MDB_HOSPITAL_FLOW_METHOD_1.0,5885
31002,31002,43,MDB_HOSPITAL_FLOW_METHOD_1.0,5886
31002,31009,83,MDB_HOSPITAL_FLOW_METHOD_1.0,5887
31048,31048,20,MDB_HOSPITAL_FLOW_METHOD_1.0,5890
31073,31073,6,MDB_HOSPITAL_FLOW_METHOD_1.0,5895
31007,31007,16,MDB_HOSPITAL_FLOW_METHOD_1.0,5896
31037,31037,37,MDB_HOSPITAL_FLOW_METHOD_1.0,5898
31013,31013,8,MDB_HOSPITAL_FLOW_METHOD_1.0,5900
31013,31013,15,MDB_HOSPITAL_FLOW_METHOD_1.0,5901
31070,31070,8,MDB_HOSPITAL_FLOW_METHOD_1.0,5902
31070,31072,20,MDB_HOSPITAL_FLOW_METHOD_1.0,5904
31101,31101,8,MDB_HOSPITAL_FLOW_METHOD_1.0,5907
31091,31091,10,MDB_HOSPITAL_FLOW_METHOD_1.0,5909
31091,31009,13,MDB_HOSPITAL_FLOW_METHOD_1.0,5910
31018,31016,94,MDB_HOSPITAL_FLOW_METHOD_1.0,5913
31018,31018,206,MDB_HOSPITAL_FLOW_METHOD_1.0,5917
31100,31100,6,MDB_HOSPITAL_FLOW_METHOD_1.0,5921
31017,31016,42,MDB_HOSPITAL_FLOW_METHOD_1.0,5922
31030,31030,5,MDB_HOSPITAL_FLOW_METHOD_1.0,5933
31030,31030,12,MDB_HOSPITAL_FLOW_METHOD_1.0,5934
31011,31009,7,MDB_HOSPITAL_FLOW_METHOD_1.0,5938
31011,31011,40,MDB_HOSPITAL_FLOW_METHOD_1.0,5939
31034,31034,30,MDB_HOSPITAL_FLOW_METHOD_1.0,5942
31007,31007,19,MDB_HOSPITAL_FLOW_METHOD_1.0,5943
31007,31009,18,MDB_HOSPITAL_FLOW_METHOD_1.0,5946
31085,31085,18,MDB_HOSPITAL_FLOW_METHOD_1.0,5947
31075,31075,7,MDB_HOSPITAL_FLOW_METHOD_1.0,5948
31034,31034,90,MDB_HOSPITAL_FLOW_METHOD_1.0,5951
31024,31024,8,MDB_HOSPITAL_FLOW_METHOD_1.0,5957
31019,31019,15,MDB_HOSPITAL_FLOW_METHOD_1.0,5958
31037,31037,92,MDB_HOSPITAL_FLOW_METHOD_1.0,5960
31059,31016,10,MDB_HOSPITAL_FLOW_METHOD_1.0,5961
31059,31059,38,MDB_HOSPITAL_FLOW_METHOD_1.0,5963
31037,31016,18,MDB_HOSPITAL_FLOW_METHOD_1.0,5964
31037,31037,1712,MDB_HOSPITAL_FLOW_METHOD_1.0,5969
31073,31073,27,MDB_HOSPITAL_FLOW_METHOD_1.0,5976
31007,31007,12,MDB_HOSPITAL_FLOW_METHOD_1.0,5978
31007,31009,15,MDB_HOSPITAL_FLOW_METHOD_1.0,5979
31074,31074,9,MDB_HOSPITAL_FLOW_METHOD_1.0,5981
31021,31016,34,MDB_HOSPITAL_FLOW_METHOD_1.0,5984
31021,31021,505,MDB_HOSPITAL_FLOW_METHOD_1.0,5986
31022,31016,10,MDB_HOSPITAL_FLOW_METHOD_1.0,5990
31022,31022,145,MDB_HOSPITAL_FLOW_METHOD_1.0,5991
31084,31084,30,MDB_HOSPITAL_FLOW_METHOD_1.0,5992
31053,31053,9,MDB_HOSPITAL_FLOW_METHOD_1.0,5994
31031,31088,6,MDB_HOSPITAL_FLOW_METHOD_1.0,5998
31003,31003,45,MDB_HOSPITAL_FLOW_METHOD_1.0,6002
31003,31003,22,MDB_HOSPITAL_FLOW_METHOD_1.0,6003
31003,31003,22,MDB_HOSPITAL_FLOW_METHOD_1.0,6004
31003,31009,24,MDB_HOSPITAL_FLOW_METHOD_1.0,6006
31026,31016,9,MDB_HOSPITAL_FLOW_METHOD_1.0,6010
31026,31026,222,MDB_HOSPITAL_FLOW_METHOD_1.0,6013
31044,31044,6,MDB_HOSPITAL_FLOW_METHOD_1.0,6015
31096,31096,56,MDB_HOSPITAL_FLOW_METHOD_1.0,6017
31021,31021,7,MDB_HOSPITAL_FLOW_METHOD_1.0,6019
31009,31009,14,MDB_HOSPITAL_FLOW_METHOD_1.0,6020
31008,31008,17,MDB_HOSPITAL_FLOW_METHOD_1.0,6024
31008,31009,9,MDB_HOSPITAL_FLOW_METHOD_1.0,6025
31008,31008,9,MDB_HOSPITAL_FLOW_METHOD_1.0,6029
31071,31072,17,MDB_HOSPITAL_FLOW_METHOD_1.0,6035
31086,31016,7,MDB_HOSPITAL_FLOW_METHOD_1.0,6036
31086,31028,13,MDB_HOSPITAL_FLOW_METHOD_1.0,6037
31086,31086,154,MDB_HOSPITAL_FLOW_METHOD_1.0,6040
31092,31009,49,MDB_HOSPITAL_FLOW_METHOD_1.0,6048
31031,31016,14,MDB_HOSPITAL_FLOW_METHOD_1.0,6052
31031,31028,14,MDB_HOSPITAL_FLOW_METHOD_1.0,6053
31031,31031,13,MDB_HOSPITAL_FLOW_METHOD_1.0,6057
31031,31032,7,MDB_HOSPITAL_FLOW_METHOD_1.0,6059
31031,31088,7,MDB_HOSPITAL_FLOW_METHOD_1.0,6060
31040,31040,13,MDB_HOSPITAL_FLOW_METHOD_1.0,6068
31073,31073,960,MDB_HOSPITAL_FLOW_METHOD_1.0,6072
31071,31071,45,MDB_HOSPITAL_FLOW_METHOD_1.0,6075
31071,31072,52,MDB_HOSPITAL_FLOW_METHOD_1.0,6076
31016,31016,9,MDB_HOSPITAL_FLOW_METHOD_1.0,6077
31016,31016,23,MDB_HOSPITAL_FLOW_METHOD_1.0,6078
31016,31025,5,MDB_HOSPITAL_FLOW_METHOD_1.0,6079
31016,31016,6,MDB_HOSPITAL_FLOW_METHOD_1.0,6080
31007,31009,30,MDB_HOSPITAL_FLOW_METHOD_1.0,6089
31035,31037,13,MDB_HOSPITAL_FLOW_METHOD_1.0,6092
31052,31052,38,MDB_HOSPITAL_FLOW_METHOD_1.0,6095
31052,31052,11,MDB_HOSPITAL_FLOW_METHOD_1.0,6096
31036,31036,8,MDB_HOSPITAL_FLOW_METHOD_1.0,6100
31052,31052,568,MDB_HOSPITAL_FLOW_METHOD_1.0,6102
31101,31101,14,MDB_HOSPITAL_FLOW_METHOD_1.0,6109
31078,31013,17,MDB_HOSPITAL_FLOW_METHOD_1.0,6111
31078,31078,9,MDB_HOSPITAL_FLOW_METHOD_1.0,6113
31064,31064,25,MDB_HOSPITAL_FLOW_METHOD_1.0,6114
31064,31016,9,MDB_HOSPITAL_FLOW_METHOD_1.0,6115
31050,31050,6,MDB_HOSPITAL_FLOW_METHOD_1.0,6119
31024,31024,8,MDB_HOSPITAL_FLOW_METHOD_1.0,6122
31094,31094,97,MDB_HOSPITAL_FLOW_METHOD_1.0,6124
31094,31016,20,MDB_HOSPITAL_FLOW_METHOD_1.0,6129
31094,31094,89,MDB_HOSPITAL_FLOW_METHOD_1.0,6131
31037,31037,11,MDB_HOSPITAL_FLOW_METHOD_1.0,6132
31023,31016,25,MDB_HOSPITAL_FLOW_METHOD_1.0,6133
31023,31017,7,MDB_HOSPITAL_FLOW_METHOD_1.0,6134
31023,31023,90,MDB_HOSPITAL_FLOW_METHOD_1.0,6137
31077,31072,6,MDB_HOSPITAL_FLOW_METHOD_1.0,6142
31083,31083,16,MDB_HOSPITAL_FLOW_METHOD_1.0,6145
31027,31027,23,MDB_HOSPITAL_FLOW_METHOD_1.0,6151
31102,31016,6,MDB_HOSPITAL_FLOW_METHOD_1.0,6152
31051,31051,5,MDB_HOSPITAL_FLOW_METHOD_1.0,6153
31051,31098,18,MDB_HOSPITAL_FLOW_METHOD_1.0,6154
31016,31016,13,MDB_HOSPITAL_FLOW_METHOD_1.0,6157
31017,31016,22,MDB_HOSPITAL_FLOW_METHOD_1.0,6158
31097,21016,36,MDB_HOSPITAL_FLOW_METHOD_1.0,6161
31097,31013,5,MDB_HOSPITAL_FLOW_METHOD_1.0,6163
31097,31016,14,MDB_HOSPITAL_FLOW_METHOD_1.0,6164
31097,31097,2336,MDB_HOSPITAL_FLOW_METHOD_1.0,6165
31097,33006,5,MDB_HOSPITAL_FLOW_METHOD_1.0,6170
31097,33009,36,MDB_HOSPITAL_FLOW_METHOD_1.0,6171
31097,33005,5,MDB_HOSPITAL_FLOW_METHOD_1.0,6172
31084,31084,14,MDB_HOSPITAL_FLOW_METHOD_1.0,6175
31002,31001,6,MDB_HOSPITAL_FLOW_METHOD_1.0,6176
31002,31009,6,MDB_HOSPITAL_FLOW_METHOD_1.0,6179
31076,31076,12,MDB_HOSPITAL_FLOW_METHOD_1.0,6183
31099,31099,9,MDB_HOSPITAL_FLOW_METHOD_1.0,6186
31057,31072,6,MDB_HOSPITAL_FLOW_METHOD_1.0,6189
31057,31057,5,MDB_HOSPITAL_FLOW_METHOD_1.0,6190
31087,31028,12,MDB_HOSPITAL_FLOW_METHOD_1.0,6193
31087,31028,12,MDB_HOSPITAL_FLOW_METHOD_1.0,6195
31050,31050,10,MDB_HOSPITAL_FLOW_METHOD_1.0,6198
31015,31013,12,MDB_HOSPITAL_FLOW_METHOD_1.0,6200
31015,31078,9,MDB_HOSPITAL_FLOW_METHOD_1.0,6202
31057,31057,22,MDB_HOSPITAL_FLOW_METHOD_1.0,6204
31057,31072,9,MDB_HOSPITAL_FLOW_METHOD_1.0,6206
31025,31016,53,MDB_HOSPITAL_FLOW_METHOD_1.0,6209
31025,31025,278,MDB_HOSPITAL_FLOW_METHOD_1.0,6210
31059,31059,5,MDB_HOSPITAL_FLOW_METHOD_1.0,6212
31008,31008,16,MDB_HOSPITAL_FLOW_METHOD_1.0,6218
31008,31009,9,MDB_HOSPITAL_FLOW_METHOD_1.0,6219
31004,31004,6,MDB_HOSPITAL_FLOW_METHOD_1.0,6231
31004,31009,88,MDB_HOSPITAL_FLOW_METHOD_1.0,6232
31027,31027,28,MDB_HOSPITAL_FLOW_METHOD_1.0,6237
31044,31044,188,MDB_HOSPITAL_FLOW_METHOD_1.0,6240
31090,31097,17,MDB_HOSPITAL_FLOW_METHOD_1.0,6245
31101,31101,7,MDB_HOSPITAL_FLOW_METHOD_1.0,6248
31101,31084,9,MDB_HOSPITAL_FLOW_METHOD_1.0,6249
31101,31101,26,MDB_HOSPITAL_FLOW_METHOD_1.0,6255
31028,31028,5,MDB_HOSPITAL_FLOW_METHOD_1.0,6258
31028,31028,153,MDB_HOSPITAL_FLOW_METHOD_1.0,6259
31001,31001,21,MDB_HOSPITAL_FLOW_METHOD_1.0,6263
31001,31009,32,MDB_HOSPITAL_FLOW_METHOD_1.0,6265
31015,31013,23,MDB_HOSPITAL_FLOW_METHOD_1.0,6266
31015,31015,6,MDB_HOSPITAL_FLOW_METHOD_1.0,6267
31099,31099,35,MDB_HOSPITAL_FLOW_METHOD_1.0,6269
31052,31052,25,MDB_HOSPITAL_FLOW_METHOD_1.0,6272
31076,31076,143,MDB_HOSPITAL_FLOW_METHOD_1.0,6276
31059,31016,14,MDB_HOSPITAL_FLOW_METHOD_1.0,6277
31059,31059,7,MDB_HOSPITAL_FLOW_METHOD_1.0,6280
31059,31059,48,MDB_HOSPITAL_FLOW_METHOD_1.0,6282
31059,31059,174,MDB_HOSPITAL_FLOW_METHOD_1.0,6286
31038,31038,67,MDB_HOSPITAL_FLOW_METHOD_1.0,6289
31047,31097,9,MDB_HOSPITAL_FLOW_METHOD_1.0,6295
31047,33009,36,MDB_HOSPITAL_FLOW_METHOD_1.0,6296
31022,31016,7,MDB_HOSPITAL_FLOW_METHOD_1.0,6299
31022,31022,48,MDB_HOSPITAL_FLOW_METHOD_1.0,6300
31017,31016,10,MDB_HOSPITAL_FLOW_METHOD_1.0,6304
31017,31017,7,MDB_HOSPITAL_FLOW_METHOD_1.0,6306
31028,31016,7,MDB_HOSPITAL_FLOW_METHOD_1.0,6312
31028,31028,18,MDB_HOSPITAL_FLOW_METHOD_1.0,6313
31059,31059,23,MDB_HOSPITAL_FLOW_METHOD_1.0,6317
31017,31016,24,MDB_HOSPITAL_FLOW_METHOD_1.0,6323
31097,31097,57,MDB_HOSPITAL_FLOW_METHOD_1.0,6327
31059,31059,5,MDB_HOSPITAL_FLOW_METHOD_1.0,6334
31059,31059,11,MDB_HOSPITAL_FLOW_METHOD_1.0,6335
31025,31016,42,MDB_HOSPITAL_FLOW_METHOD_1.0,6339
31065,31065,38,MDB_HOSPITAL_FLOW_METHOD_1.0,6349
31038,31016,6,MDB_HOSPITAL_FLOW_METHOD_1.0,6350
31048,31048,24,MDB_HOSPITAL_FLOW_METHOD_1.0,6353
31037,31037,20,MDB_HOSPITAL_FLOW_METHOD_1.0,6355
31027,31016,12,MDB_HOSPITAL_FLOW_METHOD_1.0,6356
31027,31027,10,MDB_HOSPITAL_FLOW_METHOD_1.0,6357
31027,31027,377,MDB_HOSPITAL_FLOW_METHOD_1.0,6359
31027,31027,9,MDB_HOSPITAL_FLOW_METHOD_1.0,6361
31008,31009,6,MDB_HOSPITAL_FLOW_METHOD_1.0,6363
31084,31084,40,MDB_HOSPITAL_FLOW_METHOD_1.0,6364
31045,31045,58,MDB_HOSPITAL_FLOW_METHOD_1.0,6366
31045,31045,38,MDB_HOSPITAL_FLOW_METHOD_1.0,6367
31045,31045,8,MDB_HOSPITAL_FLOW_METHOD_1.0,6368
31076,31076,13,MDB_HOSPITAL_FLOW_METHOD_1.0,6369
31016,31016,16,MDB_HOSPITAL_FLOW_METHOD_1.0,6371
31016,31016,10,MDB_HOSPITAL_FLOW_METHOD_1.0,6372
31028,31028,13,MDB_HOSPITAL_FLOW_METHOD_1.0,6374
31028,31028,7,MDB_HOSPITAL_FLOW_METHOD_1.0,6377
31012,31011,15,MDB_HOSPITAL_FLOW_METHOD_1.0,6382
31076,31076,12,MDB_HOSPITAL_FLOW_METHOD_1.0,6384
31075,31075,16,MDB_HOSPITAL_FLOW_METHOD_1.0,6385
31075,31073,13,MDB_HOSPITAL_FLOW_METHOD_1.0,6386
31052,31052,73,MDB_HOSPITAL_FLOW_METHOD_1.0,6391
31002,31001,34,MDB_HOSPITAL_FLOW_METHOD_1.0,6393
31002,31009,20,MDB_HOSPITAL_FLOW_METHOD_1.0,6395
31074,31074,151,MDB_HOSPITAL_FLOW_METHOD_1.0,6398
31074,31074,58,MDB_HOSPITAL_FLOW_METHOD_1.0,6399
31009,31009,67,MDB_HOSPITAL_FLOW_METHOD_1.0,6403
31009,31009,46,MDB_HOSPITAL_FLOW_METHOD_1.0,6404
31084,31016,23,MDB_HOSPITAL_FLOW_METHOD_1.0,6407
31084,31084,2926,MDB_HOSPITAL_FLOW_METHOD_1.0,6414
31007,31007,5,MDB_HOSPITAL_FLOW_METHOD_1.0,6422
31007,31009,41,MDB_HOSPITAL_FLOW_METHOD_1.0,6424
31085,31085,6,MDB_HOSPITAL_FLOW_METHOD_1.0,6427
31024,31024,100,MDB_HOSPITAL_FLOW_METHOD_1.0,6430
31021,31021,5,MDB_HOSPITAL_FLOW_METHOD_1.0,6433
31007,31007,5,MDB_HOSPITAL_FLOW_METHOD_1.0,6434
31045,31045,1014,MDB_HOSPITAL_FLOW_METHOD_1.0,6438
31059,31059,12,MDB_HOSPITAL_FLOW_METHOD_1.0,6442
31059,31059,11,MDB_HOSPITAL_FLOW_METHOD_1.0,6443
31002,31001,12,MDB_HOSPITAL_FLOW_METHOD_1.0,6445
31002,31009,32,MDB_HOSPITAL_FLOW_METHOD_1.0,6447
31002,35016,6,MDB_HOSPITAL_FLOW_METHOD_1.0,6448
31066,31016,25,MDB_HOSPITAL_FLOW_METHOD_1.0,6450
31066,31066,100,MDB_HOSPITAL_FLOW_METHOD_1.0,6451
31037,31037,24,MDB_HOSPITAL_FLOW_METHOD_1.0,6453
31007,31007,14,MDB_HOSPITAL_FLOW_METHOD_1.0,6457
31015,31015,6,MDB_HOSPITAL_FLOW_METHOD_1.0,6459
31004,31009,25,MDB_HOSPITAL_FLOW_METHOD_1.0,6464
31085,31085,17,MDB_HOSPITAL_FLOW_METHOD_1.0,6465
31023,31016,14,MDB_HOSPITAL_FLOW_METHOD_1.0,6469
31016,31016,51,MDB_HOSPITAL_FLOW_METHOD_1.0,6472
31016,31016,7,MDB_HOSPITAL_FLOW_METHOD_1.0,6473
31075,31075,11,MDB_HOSPITAL_FLOW_METHOD_1.0,6476
31075,31075,7,MDB_HOSPITAL_FLOW_METHOD_1.0,6479
31052,31052,55,MDB_HOSPITAL_FLOW_METHOD_1.0,6483
31092,31001,12,MDB_HOSPITAL_FLOW_METHOD_1.0,6485
31092,31009,18,MDB_HOSPITAL_FLOW_METHOD_1.0,6486
31032,31016,5,MDB_HOSPITAL_FLOW_METHOD_1.0,6490
31032,31028,35,MDB_HOSPITAL_FLOW_METHOD_1.0,6491
31032,31032,64,MDB_HOSPITAL_FLOW_METHOD_1.0,6497
31032,31088,8,MDB_HOSPITAL_FLOW_METHOD_1.0,6499
31099,31016,9,MDB_HOSPITAL_FLOW_METHOD_1.0,6502
31099,31099,124,MDB_HOSPITAL_FLOW_METHOD_1.0,6503
31099,31099,9,MDB_HOSPITAL_FLOW_METHOD_1.0,6509
31098,31098,38,MDB_HOSPITAL_FLOW_METHOD_1.0,6510
31083,31083,17,MDB_HOSPITAL_FLOW_METHOD_1.0,6514
31088,31016,6,MDB_HOSPITAL_FLOW_METHOD_1.0,6519
31088,31088,5,MDB_HOSPITAL_FLOW_METHOD_1.0,6521
31088,35141,5,MDB_HOSPITAL_FLOW_METHOD_1.0,6523
31088,35062,9,MDB_HOSPITAL_FLOW_METHOD_1.0,6524
31060,31060,5,MDB_HOSPITAL_FLOW_METHOD_1.0,6526
31042,31042,44,MDB_HOSPITAL_FLOW_METHOD_1.0,6527
31078,31013,21,MDB_HOSPITAL_FLOW_METHOD_1.0,6528
31078,31078,133,MDB_HOSPITAL_FLOW_METHOD_1.0,6530
31007,31007,19,MDB_HOSPITAL_FLOW_METHOD_1.0,6531
31007,31007,7,MDB_HOSPITAL_FLOW_METHOD_1.0,6532
31007,31007,10,MDB_HOSPITAL_FLOW_METHOD_1.0,6533
31007,31009,69,MDB_HOSPITAL_FLOW_METHOD_1.0,6534
31022,31016,13,MDB_HOSPITAL_FLOW_METHOD_1.0,6537
31022,31022,150,MDB_HOSPITAL_FLOW_METHOD_1.0,6541
31099,31099,8,MDB_HOSPITAL_FLOW_METHOD_1.0,6543
31098,31098,24,MDB_HOSPITAL_FLOW_METHOD_1.0,6544
31067,31067,25,MDB_HOSPITAL_FLOW_METHOD_1.0,6547
31013,31013,8,MDB_HOSPITAL_FLOW_METHOD_1.0,6553
31044,31044,13,MDB_HOSPITAL_FLOW_METHOD_1.0,6554
31024,31024,16,MDB_HOSPITAL_FLOW_METHOD_1.0,6559
31058,31058,19,MDB_HOSPITAL_FLOW_METHOD_1.0,6561
31058,31072,29,MDB_HOSPITAL_FLOW_METHOD_1.0,6564
31032,31030,5,MDB_HOSPITAL_FLOW_METHOD_1.0,6567
31032,31016,8,MDB_HOSPITAL_FLOW_METHOD_1.0,6568
31032,31028,39,MDB_HOSPITAL_FLOW_METHOD_1.0,6569
31032,31032,12,MDB_HOSPITAL_FLOW_METHOD_1.0,6574
31032,31088,19,MDB_HOSPITAL_FLOW_METHOD_1.0,6576
31001,31001,10,MDB_HOSPITAL_FLOW_METHOD_1.0,6580
31001,31009,31,MDB_HOSPITAL_FLOW_METHOD_1.0,6581
31003,31003,37,MDB_HOSPITAL_FLOW_METHOD_1.0,6583
31003,31009,29,MDB_HOSPITAL_FLOW_METHOD_1.0,6584
31024,31016,14,MDB_HOSPITAL_FLOW_METHOD_1.0,6585
31024,31024,54,MDB_HOSPITAL_FLOW_METHOD_1.0,6586
31021,31021,6,MDB_HOSPITAL_FLOW_METHOD_1.0,6587
31008,31008,12,MDB_HOSPITAL_FLOW_METHOD_1.0,6589
31088,31016,7,MDB_HOSPITAL_FLOW_METHOD_1.0,6591
31088,31088,45,MDB_HOSPITAL_FLOW_METHOD_1.0,6593
31092,31092,7,MDB_HOSPITAL_FLOW_METHOD_1.0,6594
31092,31092,9,MDB_HOSPITAL_FLOW_METHOD_1.0,6596
31092,31009,139,MDB_HOSPITAL_FLOW_METHOD_1.0,6597
31057,31057,11,MDB_HOSPITAL_FLOW_METHOD_1.0,6603
31057,31074,13,MDB_HOSPITAL_FLOW_METHOD_1.0,6604
31057,31072,65,MDB_HOSPITAL_FLOW_METHOD_1.0,6605
31074,31074,366,MDB_HOSPITAL_FLOW_METHOD_1.0,6609
31045,31045,23,MDB_HOSPITAL_FLOW_METHOD_1.0,6613
31045,31045,11,MDB_HOSPITAL_FLOW_METHOD_1.0,6614
31061,31061,33,MDB_HOSPITAL_FLOW_METHOD_1.0,6617
31102,31016,6,MDB_HOSPITAL_FLOW_METHOD_1.0,6620
31102,31102,27,MDB_HOSPITAL_FLOW_METHOD_1.0,6621
31068,31016,5,MDB_HOSPITAL_FLOW_METHOD_1.0,6623
31068,31068,30,MDB_HOSPITAL_FLOW_METHOD_1.0,6624
31042,31042,36,MDB_HOSPITAL_FLOW_METHOD_1.0,6625
31061,31061,7,MDB_HOSPITAL_FLOW_METHOD_1.0,6627
31042,31042,18,MDB_HOSPITAL_FLOW_METHOD_1.0,6628
31003,31003,15,MDB_HOSPITAL_FLOW_METHOD_1.0,6630
31070,31072,17,MDB_HOSPITAL_FLOW_METHOD_1.0,6634
31025,31016,37,MDB_HOSPITAL_FLOW_METHOD_1.0,6635
31025,31025,45,MDB_HOSPITAL_FLOW_METHOD_1.0,6636
31086,31016,5,MDB_HOSPITAL_FLOW_METHOD_1.0,6641
31086,31032,8,MDB_HOSPITAL_FLOW_METHOD_1.0,6645
31070,31072,8,MDB_HOSPITAL_FLOW_METHOD_1.0,6647
31037,31037,13,MDB_HOSPITAL_FLOW_METHOD_1.0,6651
31097,31097,45,MDB_HOSPITAL_FLOW_METHOD_1.0,6653
31034,31034,38,MDB_HOSPITAL_FLOW_METHOD_1.0,6654
31015,31015,5,MDB_HOSPITAL_FLOW_METHOD_1.0,6656
31035,31037,11,MDB_HOSPITAL_FLOW_METHOD_1.0,6664
31100,31100,6,MDB_HOSPITAL_FLOW_METHOD_1.0,6666
31071,31072,14,MDB_HOSPITAL_FLOW_METHOD_1.0,6670
31079,31013,32,MDB_HOSPITAL_FLOW_METHOD_1.0,6672
31003,31003,9,MDB_HOSPITAL_FLOW_METHOD_1.0,6675
31041,31041,13,MDB_HOSPITAL_FLOW_METHOD_1.0,6679
31055,31016,8,MDB_HOSPITAL_FLOW_METHOD_1.0,6680
31055,31055,80,MDB_HOSPITAL_FLOW_METHOD_1.0,6681
31048,31048,37,MDB_HOSPITAL_FLOW_METHOD_1.0,6683
31032,31028,5,MDB_HOSPITAL_FLOW_METHOD_1.0,6687
31093,31093,22,MDB_HOSPITAL_FLOW_METHOD_1.0,6694
31093,31093,55,MDB_HOSPITAL_FLOW_METHOD_1.0,6695
31093,31009,16,MDB_HOSPITAL_FLOW_METHOD_1.0,6696
31071,31072,23,MDB_HOSPITAL_FLOW_METHOD_1.0,6697
31001,31001,47,MDB_HOSPITAL_FLOW_METHOD_1.0,6700
31006,31006,178,MDB_HOSPITAL_FLOW_METHOD_1.0,6703
31006,31009,87,MDB_HOSPITAL_FLOW_METHOD_1.0,6704
31024,31016,11,MDB_HOSPITAL_FLOW_METHOD_1.0,6715
31024,31024,278,MDB_HOSPITAL_FLOW_METHOD_1.0,6716
31060,31016,15,MDB_HOSPITAL_FLOW_METHOD_1.0,6718
31060,31060,48,MDB_HOSPITAL_FLOW_METHOD_1.0,6720
31052,31016,5,MDB_HOSPITAL_FLOW_METHOD_1.0,6725
31052,31052,9,MDB_HOSPITAL_FLOW_METHOD_1.0,6726
31061,31061,42,MDB_HOSPITAL_FLOW_METHOD_1.0,6728
31099,31099,109,MDB_HOSPITAL_FLOW_METHOD_1.0,6731
31007,31016,13,MDB_HOSPITAL_FLOW_METHOD_1.0,6735
31007,31007,660,MDB_HOSPITAL_FLOW_METHOD_1.0,6738
31007,31009,87,MDB_HOSPITAL_FLOW_METHOD_1.0,6739
31008,31008,54,MDB_HOSPITAL_FLOW_METHOD_1.0,6742
31008,31009,22,MDB_HOSPITAL_FLOW_METHOD_1.0,6743
31015,31013,34,MDB_HOSPITAL_FLOW_METHOD_1.0,6744
31075,31075,7,MDB_HOSPITAL_FLOW_METHOD_1.0,6746
31075,31073,7,MDB_HOSPITAL_FLOW_METHOD_1.0,6747
31075,31072,9,MDB_HOSPITAL_FLOW_METHOD_1.0,6749
31009,31009,57,MDB_HOSPITAL_FLOW_METHOD_1.0,6752
31070,31070,10,MDB_HOSPITAL_FLOW_METHOD_1.0,6754
31070,31072,7,MDB_HOSPITAL_FLOW_METHOD_1.0,6755
31048,31048,10,MDB_HOSPITAL_FLOW_METHOD_1.0,6756
31026,31016,8,MDB_HOSPITAL_FLOW_METHOD_1.0,6759
31026,31026,5,MDB_HOSPITAL_FLOW_METHOD_1.0,6760
31059,31042,6,MDB_HOSPITAL_FLOW_METHOD_1.0,6765
31059,31059,32,MDB_HOSPITAL_FLOW_METHOD_1.0,6766
31024,31016,7,MDB_HOSPITAL_FLOW_METHOD_1.0,6768
31024,31024,8,MDB_HOSPITAL_FLOW_METHOD_1.0,6769
31024,31024,36,MDB_HOSPITAL_FLOW_METHOD_1.0,6770
31016,31016,27,MDB_HOSPITAL_FLOW_METHOD_1.0,6773
31060,31016,7,MDB_HOSPITAL_FLOW_METHOD_1.0,6774
31060,31034,6,MDB_HOSPITAL_FLOW_METHOD_1.0,6775
31044,31044,13,MDB_HOSPITAL_FLOW_METHOD_1.0,6776
31059,31059,6,MDB_HOSPITAL_FLOW_METHOD_1.0,6781
31015,31013,10,MDB_HOSPITAL_FLOW_METHOD_1.0,6782
31040,31040,64,MDB_HOSPITAL_FLOW_METHOD_1.0,6787
31013,31013,12,MDB_HOSPITAL_FLOW_METHOD_1.0,6788
31058,31072,7,MDB_HOSPITAL_FLOW_METHOD_1.0,6791
31052,31052,11,MDB_HOSPITAL_FLOW_METHOD_1.0,6793
31016,31016,335,MDB_HOSPITAL_FLOW_METHOD_1.0,6795
31016,31016,39,MDB_HOSPITAL_FLOW_METHOD_1.0,6799
31016,31016,38,MDB_HOSPITAL_FLOW_METHOD_1.0,6810
31060,31016,7,MDB_HOSPITAL_FLOW_METHOD_1.0,6811
31079,31013,5,MDB_HOSPITAL_FLOW_METHOD_1.0,6815
31097,31097,22,MDB_HOSPITAL_FLOW_METHOD_1.0,6817
31082,31072,13,MDB_HOSPITAL_FLOW_METHOD_1.0,6820
31085,31085,26,MDB_HOSPITAL_FLOW_METHOD_1.0,6821
31085,31085,8,MDB_HOSPITAL_FLOW_METHOD_1.0,6823
31023,31016,18,MDB_HOSPITAL_FLOW_METHOD_1.0,6825
31048,31048,153,MDB_HOSPITAL_FLOW_METHOD_1.0,6829
31048,31048,5,MDB_HOSPITAL_FLOW_METHOD_1.0,6830
31015,31013,7,MDB_HOSPITAL_FLOW_METHOD_1.0,6838
31015,31016,5,MDB_HOSPITAL_FLOW_METHOD_1.0,6839
31048,31048,7,MDB_HOSPITAL_FLOW_METHOD_1.0,6840
31074,31074,14,MDB_HOSPITAL_FLOW_METHOD_1.0,6842
31045,31045,30,MDB_HOSPITAL_FLOW_METHOD_1.0,6843
31098,31098,24,MDB_HOSPITAL_FLOW_METHOD_1.0,6844
31094,31094,10,MDB_HOSPITAL_FLOW_METHOD_1.0,6847
31016,31016,218,MDB_HOSPITAL_FLOW_METHOD_1.0,6848
31016,31016,323,MDB_HOSPITAL_FLOW_METHOD_1.0,6851
31020,31020,10,MDB_HOSPITAL_FLOW_METHOD_1.0,6854
31072,31072,80,MDB_HOSPITAL_FLOW_METHOD_1.0,6855
31072,31072,42,MDB_HOSPITAL_FLOW_METHOD_1.0,6856
31072,35081,21,MDB_HOSPITAL_FLOW_METHOD_1.0,6857
31098,31098,311,MDB_HOSPITAL_FLOW_METHOD_1.0,6858
31094,31016,7,MDB_HOSPITAL_FLOW_METHOD_1.0,6862
31021,31016,7,MDB_HOSPITAL_FLOW_METHOD_1.0,6865
31021,31021,168,MDB_HOSPITAL_FLOW_METHOD_1.0,6868
31034,31034,29,MDB_HOSPITAL_FLOW_METHOD_1.0,6869
31013,31013,5,MDB_HOSPITAL_FLOW_METHOD_1.0,6871
31015,31013,8,MDB_HOSPITAL_FLOW_METHOD_1.0,6872
31098,31098,14,MDB_HOSPITAL_FLOW_METHOD_1.0,6873
31036,31036,5,MDB_HOSPITAL_FLOW_METHOD_1.0,6876
31070,31072,25,MDB_HOSPITAL_FLOW_METHOD_1.0,6881
31016,31016,62,MDB_HOSPITAL_FLOW_METHOD_1.0,6882
31016,31016,241,MDB_HOSPITAL_FLOW_METHOD_1.0,6886
31059,31016,6,MDB_HOSPITAL_FLOW_METHOD_1.0,6888
31059,31042,9,MDB_HOSPITAL_FLOW_METHOD_1.0,6889
31059,31059,5,MDB_HOSPITAL_FLOW_METHOD_1.0,6892
31021,31021,12,MDB_HOSPITAL_FLOW_METHOD_1.0,6893
31011,31011,25,MDB_HOSPITAL_FLOW_METHOD_1.0,6897
31044,31044,9,MDB_HOSPITAL_FLOW_METHOD_1.0,6898
31024,31016,15,MDB_HOSPITAL_FLOW_METHOD_1.0,6900
31097,31097,11,MDB_HOSPITAL_FLOW_METHOD_1.0,6902
31059,31059,5,MDB_HOSPITAL_FLOW_METHOD_1.0,6908
31037,31037,185,MDB_HOSPITAL_FLOW_METHOD_1.0,6911
31006,31006,5,MDB_HOSPITAL_FLOW_METHOD_1.0,6916
31006,31009,8,MDB_HOSPITAL_FLOW_METHOD_1.0,6918
31034,31034,39,MDB_HOSPITAL_FLOW_METHOD_1.0,6919
31013,31013,22,MDB_HOSPITAL_FLOW_METHOD_1.0,6920
31013,31013,18,MDB_HOSPITAL_FLOW_METHOD_1.0,6921
31007,31007,5,MDB_HOSPITAL_FLOW_METHOD_1.0,6925
31007,31007,199,MDB_HOSPITAL_FLOW_METHOD_1.0,6926
31073,31073,31,MDB_HOSPITAL_FLOW_METHOD_1.0,6931
31088,31089,5,MDB_HOSPITAL_FLOW_METHOD_1.0,6934
31088,31088,12,MDB_HOSPITAL_FLOW_METHOD_1.0,6935
31088,31088,5,MDB_HOSPITAL_FLOW_METHOD_1.0,6936
31041,31041,8,MDB_HOSPITAL_FLOW_METHOD_1.0,6937
31095,31095,8,MDB_HOSPITAL_FLOW_METHOD_1.0,6939
31094,31094,6,MDB_HOSPITAL_FLOW_METHOD_1.0,6944
31087,31028,25,MDB_HOSPITAL_FLOW_METHOD_1.0,6946
31087,31030,6,MDB_HOSPITAL_FLOW_METHOD_1.0,6947
31021,31021,6,MDB_HOSPITAL_FLOW_METHOD_1.0,6952
31019,31019,12,MDB_HOSPITAL_FLOW_METHOD_1.0,6953
31046,31097,12,MDB_HOSPITAL_FLOW_METHOD_1.0,6954
31078,31078,11,MDB_HOSPITAL_FLOW_METHOD_1.0,6959
31034,31034,32,MDB_HOSPITAL_FLOW_METHOD_1.0,6961
31023,31016,15,MDB_HOSPITAL_FLOW_METHOD_1.0,6963
31023,31023,28,MDB_HOSPITAL_FLOW_METHOD_1.0,6965
31100,31100,145,MDB_HOSPITAL_FLOW_METHOD_1.0,6970
31045,31045,13,MDB_HOSPITAL_FLOW_METHOD_1.0,6973
31048,31048,12,MDB_HOSPITAL_FLOW_METHOD_1.0,6975
31021,31016,8,MDB_HOSPITAL_FLOW_METHOD_1.0,6980
31012,31009,37,MDB_HOSPITAL_FLOW_METHOD_1.0,6983
31012,31011,10,MDB_HOSPITAL_FLOW_METHOD_1.0,6984
31082,31082,38,MDB_HOSPITAL_FLOW_METHOD_1.0,6989
31092,31009,11,MDB_HOSPITAL_FLOW_METHOD_1.0,6993
31050,31050,23,MDB_HOSPITAL_FLOW_METHOD_1.0,6994
31101,31101,14,MDB_HOSPITAL_FLOW_METHOD_1.0,7000
31076,31076,64,MDB_HOSPITAL_FLOW_METHOD_1.0,7004
31015,31013,164,MDB_HOSPITAL_FLOW_METHOD_1.0,7006
31015,31016,5,MDB_HOSPITAL_FLOW_METHOD_1.0,7007
31059,31042,16,MDB_HOSPITAL_FLOW_METHOD_1.0,7010
31037,31034,10,MDB_HOSPITAL_FLOW_METHOD_1.0,7017
31037,31037,30,MDB_HOSPITAL_FLOW_METHOD_1.0,7018
31050,31050,14,MDB_HOSPITAL_FLOW_METHOD_1.0,7019
31085,31085,50,MDB_HOSPITAL_FLOW_METHOD_1.0,7021
31047,31097,14,MDB_HOSPITAL_FLOW_METHOD_1.0,7025
31017,31016,17,MDB_HOSPITAL_FLOW_METHOD_1.0,7027
31092,31009,17,MDB_HOSPITAL_FLOW_METHOD_1.0,7032
31025,31016,19,MDB_HOSPITAL_FLOW_METHOD_1.0,7033
31025,31025,5,MDB_HOSPITAL_FLOW_METHOD_1.0,7034
31008,26010,5,MDB_HOSPITAL_FLOW_METHOD_1.0,7045
31008,31013,31,MDB_HOSPITAL_FLOW_METHOD_1.0,7047
31008,31008,50,MDB_HOSPITAL_FLOW_METHOD_1.0,7048
31008,31008,48,MDB_HOSPITAL_FLOW_METHOD_1.0,7049
31008,31009,79,MDB_HOSPITAL_FLOW_METHOD_1.0,7050
31061,31061,13,MDB_HOSPITAL_FLOW_METHOD_1.0,7057
31002,22004,8,MDB_HOSPITAL_FLOW_METHOD_1.0,7058
31002,31009,6,MDB_HOSPITAL_FLOW_METHOD_1.0,7062
31060,31034,5,MDB_HOSPITAL_FLOW_METHOD_1.0,7064
31100,31100,15,MDB_HOSPITAL_FLOW_METHOD_1.0,7071
31007,31007,9,MDB_HOSPITAL_FLOW_METHOD_1.0,7074
31045,31045,7,MDB_HOSPITAL_FLOW_METHOD_1.0,7077
31034,31034,13,MDB_HOSPITAL_FLOW_METHOD_1.0,7078
31009,31009,141,MDB_HOSPITAL_FLOW_METHOD_1.0,7083
31021,31021,5,MDB_HOSPITAL_FLOW_METHOD_1.0,7085
31008,31008,5,MDB_HOSPITAL_FLOW_METHOD_1.0,7086
31009,31009,12,MDB_HOSPITAL_FLOW_METHOD_1.0,7088
31010,31009,13,MDB_HOSPITAL_FLOW_METHOD_1.0,7089
31015,31015,23,MDB_HOSPITAL_FLOW_METHOD_1.0,7092
31036,31036,10,MDB_HOSPITAL_FLOW_METHOD_1.0,7095
31018,31016,33,MDB_HOSPITAL_FLOW_METHOD_1.0,7097
31099,31099,20,MDB_HOSPITAL_FLOW_METHOD_1.0,7104
31048,31048,41,MDB_HOSPITAL_FLOW_METHOD_1.0,7109
31007,31007,7,MDB_HOSPITAL_FLOW_METHOD_1.0,7110
31026,31026,9,MDB_HOSPITAL_FLOW_METHOD_1.0,7113
31013,31013,9,MDB_HOSPITAL_FLOW_METHOD_1.0,7118
31008,31008,10,MDB_HOSPITAL_FLOW_METHOD_1.0,7122
31095,31095,18,MDB_HOSPITAL_FLOW_METHOD_1.0,7125
31028,31016,6,MDB_HOSPITAL_FLOW_METHOD_1.0,7126
31066,31066,19,MDB_HOSPITAL_FLOW_METHOD_1.0,7129
31057,31057,33,MDB_HOSPITAL_FLOW_METHOD_1.0,7131
31008,35016,5,MDB_HOSPITAL_FLOW_METHOD_1.0,7137
31095,31016,15,MDB_HOSPITAL_FLOW_METHOD_1.0,7138
31095,31026,5,MDB_HOSPITAL_FLOW_METHOD_1.0,7139
31095,31095,98,MDB_HOSPITAL_FLOW_METHOD_1.0,7140
31024,31016,45,MDB_HOSPITAL_FLOW_METHOD_1.0,7141
31024,31024,350,MDB_HOSPITAL_FLOW_METHOD_1.0,7143
31048,31048,15,MDB_HOSPITAL_FLOW_METHOD_1.0,7144
31007,31007,20,MDB_HOSPITAL_FLOW_METHOD_1.0,7145
31097,31097,7,MDB_HOSPITAL_FLOW_METHOD_1.0,7147
31059,31059,11,MDB_HOSPITAL_FLOW_METHOD_1.0,7149
31008,31009,14,MDB_HOSPITAL_FLOW_METHOD_1.0,7156
31048,31048,32,MDB_HOSPITAL_FLOW_METHOD_1.0,7159
31085,31085,160,MDB_HOSPITAL_FLOW_METHOD_1.0,7162
31059,31059,6,MDB_HOSPITAL_FLOW_METHOD_1.0,7165
31070,31072,5,MDB_HOSPITAL_FLOW_METHOD_1.0,7167
31036,31036,158,MDB_HOSPITAL_FLOW_METHOD_1.0,7174
31061,31061,33,MDB_HOSPITAL_FLOW_METHOD_1.0,7175
31099,31099,316,MDB_HOSPITAL_FLOW_METHOD_1.0,7183
31035,31016,8,MDB_HOSPITAL_FLOW_METHOD_1.0,7184
31035,31034,10,MDB_HOSPITAL_FLOW_METHOD_1.0,7185
31035,31035,15,MDB_HOSPITAL_FLOW_METHOD_1.0,7186
31035,31037,27,MDB_HOSPITAL_FLOW_METHOD_1.0,7187
31035,31097,7,MDB_HOSPITAL_FLOW_METHOD_1.0,7188
31035,31035,13,MDB_HOSPITAL_FLOW_METHOD_1.0,7189
31048,31048,34,MDB_HOSPITAL_FLOW_METHOD_1.0,7195
31007,31007,8,MDB_HOSPITAL_FLOW_METHOD_1.0,7197
31042,31042,7,MDB_HOSPITAL_FLOW_METHOD_1.0,7200
31010,31009,20,MDB_HOSPITAL_FLOW_METHOD_1.0,7205
31019,31016,12,MDB_HOSPITAL_FLOW_METHOD_1.0,7210
31019,31019,16,MDB_HOSPITAL_FLOW_METHOD_1.0,7213
31011,31011,284,MDB_HOSPITAL_FLOW_METHOD_1.0,7217
31036,31036,12,MDB_HOSPITAL_FLOW_METHOD_1.0,7218
31075,31075,24,MDB_HOSPITAL_FLOW_METHOD_1.0,7219
31075,31075,86,MDB_HOSPITAL_FLOW_METHOD_1.0,7222
31075,31075,6,MDB_HOSPITAL_FLOW_METHOD_1.0,7224
31027,31016,6,MDB_HOSPITAL_FLOW_METHOD_1.0,7225
31027,31027,156,MDB_HOSPITAL_FLOW_METHOD_1.0,7227
31007,31007,15,MDB_HOSPITAL_FLOW_METHOD_1.0,7230
31048,31048,265,MDB_HOSPITAL_FLOW_METHOD_1.0,7237
31101,31101,20,MDB_HOSPITAL_FLOW_METHOD_1.0,7239
31034,31034,66,MDB_HOSPITAL_FLOW_METHOD_1.0,7242
31072,31013,6,MDB_HOSPITAL_FLOW_METHOD_1.0,7244
31072,31072,2079,MDB_HOSPITAL_FLOW_METHOD_1.0,7246
31075,31075,13,MDB_HOSPITAL_FLOW_METHOD_1.0,7253
31075,31013,10,MDB_HOSPITAL_FLOW_METHOD_1.0,7254
31075,31016,6,MDB_HOSPITAL_FLOW_METHOD_1.0,7255
31075,31073,20,MDB_HOSPITAL_FLOW_METHOD_1.0,7257
31075,31072,7,MDB_HOSPITAL_FLOW_METHOD_1.0,7259
31075,31075,2301,MDB_HOSPITAL_FLOW_METHOD_1.0,7260
31058,31074,6,MDB_HOSPITAL_FLOW_METHOD_1.0,7270
31058,31072,30,MDB_HOSPITAL_FLOW_METHOD_1.0,7272
31058,31058,130,MDB_HOSPITAL_FLOW_METHOD_1.0,7273
31058,53001,8,MDB_HOSPITAL_FLOW_METHOD_1.0,7274
31060,31060,10,MDB_HOSPITAL_FLOW_METHOD_1.0,7280
31034,31034,46,MDB_HOSPITAL_FLOW_METHOD_1.0,7284
31085,31085,8,MDB_HOSPITAL_FLOW_METHOD_1.0,7287
31012,31013,6,MDB_HOSPITAL_FLOW_METHOD_1.0,7288
31012,31009,21,MDB_HOSPITAL_FLOW_METHOD_1.0,7291
31012,31011,83,MDB_HOSPITAL_FLOW_METHOD_1.0,7292
31057,31072,7,MDB_HOSPITAL_FLOW_METHOD_1.0,7296
31101,31084,5,MDB_HOSPITAL_FLOW_METHOD_1.0,7300
31057,31072,11,MDB_HOSPITAL_FLOW_METHOD_1.0,7302
31057,31057,37,MDB_HOSPITAL_FLOW_METHOD_1.0,7303
31052,31052,43,MDB_HOSPITAL_FLOW_METHOD_1.0,7305
31027,31027,51,MDB_HOSPITAL_FLOW_METHOD_1.0,7308
31072,31072,10,MDB_HOSPITAL_FLOW_METHOD_1.0,7309
31034,31034,13,MDB_HOSPITAL_FLOW_METHOD_1.0,7310
31025,31016,179,MDB_HOSPITAL_FLOW_METHOD_1.0,7311
31025,31025,27,MDB_HOSPITAL_FLOW_METHOD_1.0,7313
31061,31016,8,MDB_HOSPITAL_FLOW_METHOD_1.0,7315
31061,31061,349,MDB_HOSPITAL_FLOW_METHOD_1.0,7316
31045,31045,27,MDB_HOSPITAL_FLOW_METHOD_1.0,7319
31064,31064,49,MDB_HOSPITAL_FLOW_METHOD_1.0,7325
31008,31008,5,MDB_HOSPITAL_FLOW_METHOD_1.0,7326
31020,31016,12,MDB_HOSPITAL_FLOW_METHOD_1.0,7328
31020,31020,48,MDB_HOSPITAL_FLOW_METHOD_1.0,7329
31036,31036,5,MDB_HOSPITAL_FLOW_METHOD_1.0,7331
31048,31048,104,MDB_HOSPITAL_FLOW_METHOD_1.0,7336
31041,31041,11,MDB_HOSPITAL_FLOW_METHOD_1.0,7337
32002,32004,5,MDB_HOSPITAL_FLOW_METHOD_1.0,7343
32002,32002,11,MDB_HOSPITAL_FLOW_METHOD_1.0,7344
32002,32002,6,MDB_HOSPITAL_FLOW_METHOD_1.0,7348
32003,32002,5,MDB_HOSPITAL_FLOW_METHOD_1.0,7354
32003,32002,5,MDB_HOSPITAL_FLOW_METHOD_1.0,7356
32004,32004,90,MDB_HOSPITAL_FLOW_METHOD_1.0,7358
32004,32004,22,MDB_HOSPITAL_FLOW_METHOD_1.0,7363
32004,32004,71,MDB_HOSPITAL_FLOW_METHOD_1.0,7369
32004,32002,6,MDB_HOSPITAL_FLOW_METHOD_1.0,7373
32002,32002,19,MDB_HOSPITAL_FLOW_METHOD_1.0,7377
32002,32002,79,MDB_HOSPITAL_FLOW_METHOD_1.0,7378
32002,32001,23,MDB_HOSPITAL_FLOW_METHOD_1.0,7379
32002,32002,5,MDB_HOSPITAL_FLOW_METHOD_1.0,7383
32002,32002,20,MDB_HOSPITAL_FLOW_METHOD_1.0,7384
32004,32004,64,MDB_HOSPITAL_FLOW_METHOD_1.0,7385
32004,32001,5,MDB_HOSPITAL_FLOW_METHOD_1.0,7386
32001,31040,13,MDB_HOSPITAL_FLOW_METHOD_1.0,7388
32001,32001,26,MDB_HOSPITAL_FLOW_METHOD_1.0,7389
32003,32002,33,MDB_HOSPITAL_FLOW_METHOD_1.0,7396
32003,32001,9,MDB_HOSPITAL_FLOW_METHOD_1.0,7397
32003,32003,8,MDB_HOSPITAL_FLOW_METHOD_1.0,7398
32003,32003,15,MDB_HOSPITAL_FLOW_METHOD_1.0,7404
32004,32004,12,MDB_HOSPITAL_FLOW_METHOD_1.0,7406
32002,32002,5,MDB_HOSPITAL_FLOW_METHOD_1.0,7410
32004,32004,798,MDB_HOSPITAL_FLOW_METHOD_1.0,7415
32004,32002,33,MDB_HOSPITAL_FLOW_METHOD_1.0,7420
32004,33008,9,MDB_HOSPITAL_FLOW_METHOD_1.0,7421
32002,32002,486,MDB_HOSPITAL_FLOW_METHOD_1.0,7425
32002,32004,18,MDB_HOSPITAL_FLOW_METHOD_1.0,7427
32002,32002,166,MDB_HOSPITAL_FLOW_METHOD_1.0,7430
32004,32004,111,MDB_HOSPITAL_FLOW_METHOD_1.0,7433
32004,32004,7,MDB_HOSPITAL_FLOW_METHOD_1.0,7434
32001,32002,80,MDB_HOSPITAL_FLOW_METHOD_1.0,7439
32001,32001,267,MDB_HOSPITAL_FLOW_METHOD_1.0,7440
32001,32004,5,MDB_HOSPITAL_FLOW_METHOD_1.0,7441
32001,32002,14,MDB_HOSPITAL_FLOW_METHOD_1.0,7444
32001,32002,21,MDB_HOSPITAL_FLOW_METHOD_1.0,7445
32003,32002,5,MDB_HOSPITAL_FLOW_METHOD_1.0,7446
32003,32003,19,MDB_HOSPITAL_FLOW_METHOD_1.0,7448
32003,32003,6,MDB_HOSPITAL_FLOW_METHOD_1.0,7449
32002,32002,14,MDB_HOSPITAL_FLOW_METHOD_1.0,7451
32002,32002,6,MDB_HOSPITAL_FLOW_METHOD_1.0,7455
32004,32004,7,MDB_HOSPITAL_FLOW_METHOD_1.0,7456
32002,32002,17,MDB_HOSPITAL_FLOW_METHOD_1.0,7459
32002,32002,10,MDB_HOSPITAL_FLOW_METHOD_1.0,7460
32002,32002,8,MDB_HOSPITAL_FLOW_METHOD_1.0,7462
32002,32002,9,MDB_HOSPITAL_FLOW_METHOD_1.0,7463
32004,32004,19,MDB_HOSPITAL_FLOW_METHOD_1.0,7466
32003,32003,23,MDB_HOSPITAL_FLOW_METHOD_1.0,7470
32002,32002,7,MDB_HOSPITAL_FLOW_METHOD_1.0,7474
32002,32001,7,MDB_HOSPITAL_FLOW_METHOD_1.0,7475
32001,32002,6,MDB_HOSPITAL_FLOW_METHOD_1.0,7477
32004,32004,44,MDB_HOSPITAL_FLOW_METHOD_1.0,7481
32002,32004,13,MDB_HOSPITAL_FLOW_METHOD_1.0,7485
32002,32002,118,MDB_HOSPITAL_FLOW_METHOD_1.0,7486
32002,32002,6,MDB_HOSPITAL_FLOW_METHOD_1.0,7488
32002,32002,35,MDB_HOSPITAL_FLOW_METHOD_1.0,7491
32002,31016,6,MDB_HOSPITAL_FLOW_METHOD_1.0,7494
32002,32002,19,MDB_HOSPITAL_FLOW_METHOD_1.0,7496
32002,32002,5,MDB_HOSPITAL_FLOW_METHOD_1.0,7501
32002,32002,9,MDB_HOSPITAL_FLOW_METHOD_1.0,7503
32004,32004,12,MDB_HOSPITAL_FLOW_METHOD_1.0,7510
32004,32004,20,MDB_HOSPITAL_FLOW_METHOD_1.0,7511
32004,32002,5,MDB_HOSPITAL_FLOW_METHOD_1.0,7512
32004,32004,20,MDB_HOSPITAL_FLOW_METHOD_1.0,7513
32004,32001,5,MDB_HOSPITAL_FLOW_METHOD_1.0,7515
32002,32002,7,MDB_HOSPITAL_FLOW_METHOD_1.0,7518
32004,32004,105,MDB_HOSPITAL_FLOW_METHOD_1.0,7521
32004,32002,7,MDB_HOSPITAL_FLOW_METHOD_1.0,7525
32004,32004,30,MDB_HOSPITAL_FLOW_METHOD_1.0,7530
32003,32003,22,MDB_HOSPITAL_FLOW_METHOD_1.0,7536
32003,32003,23,MDB_HOSPITAL_FLOW_METHOD_1.0,7537
32004,32004,29,MDB_HOSPITAL_FLOW_METHOD_1.0,7541
32002,32002,17,MDB_HOSPITAL_FLOW_METHOD_1.0,7544
32002,32001,9,MDB_HOSPITAL_FLOW_METHOD_1.0,7545
32002,32002,5,MDB_HOSPITAL_FLOW_METHOD_1.0,7547
32001,32002,33,MDB_HOSPITAL_FLOW_METHOD_1.0,7556
32001,32001,32,MDB_HOSPITAL_FLOW_METHOD_1.0,7558
32001,32001,65,MDB_HOSPITAL_FLOW_METHOD_1.0,7559
32001,32002,27,MDB_HOSPITAL_FLOW_METHOD_1.0,7562
32001,32002,12,MDB_HOSPITAL_FLOW_METHOD_1.0,7564
32004,32004,141,MDB_HOSPITAL_FLOW_METHOD_1.0,7566
32004,32002,7,MDB_HOSPITAL_FLOW_METHOD_1.0,7570
32002,32002,12,MDB_HOSPITAL_FLOW_METHOD_1.0,7572
32002,32002,5,MDB_HOSPITAL_FLOW_METHOD_1.0,7574
32002,32002,14,MDB_HOSPITAL_FLOW_METHOD_1.0,7576
32001,32001,15,MDB_HOSPITAL_FLOW_METHOD_1.0,7579
32004,32004,57,MDB_HOSPITAL_FLOW_METHOD_1.0,7583
32004,32004,54,MDB_HOSPITAL_FLOW_METHOD_1.0,7584
32003,32002,19,MDB_HOSPITAL_FLOW_METHOD_1.0,7587
32003,32001,11,MDB_HOSPITAL_FLOW_METHOD_1.0,7588
32003,32003,52,MDB_HOSPITAL_FLOW_METHOD_1.0,7591
32003,32003,5,MDB_HOSPITAL_FLOW_METHOD_1.0,7592
32003,32002,9,MDB_HOSPITAL_FLOW_METHOD_1.0,7593
32003,32003,5,MDB_HOSPITAL_FLOW_METHOD_1.0,7595
32004,32004,50,MDB_HOSPITAL_FLOW_METHOD_1.0,7597
32004,32002,13,MDB_HOSPITAL_FLOW_METHOD_1.0,7599
32004,32004,76,MDB_HOSPITAL_FLOW_METHOD_1.0,7600
32004,32002,12,MDB_HOSPITAL_FLOW_METHOD_1.0,7602
32003,32002,20,MDB_HOSPITAL_FLOW_METHOD_1.0,7603
32003,32001,9,MDB_HOSPITAL_FLOW_METHOD_1.0,7604
32003,32003,192,MDB_HOSPITAL_FLOW_METHOD_1.0,7606
32003,32003,5,MDB_HOSPITAL_FLOW_METHOD_1.0,7607
32001,32002,12,MDB_HOSPITAL_FLOW_METHOD_1.0,7609
32001,32001,10,MDB_HOSPITAL_FLOW_METHOD_1.0,7610
32001,32002,5,MDB_HOSPITAL_FLOW_METHOD_1.0,7612
32003,32002,13,MDB_HOSPITAL_FLOW_METHOD_1.0,7613
32003,32003,17,MDB_HOSPITAL_FLOW_METHOD_1.0,7614
32003,32001,6,MDB_HOSPITAL_FLOW_METHOD_1.0,7619
32003,32003,9,MDB_HOSPITAL_FLOW_METHOD_1.0,7620
32003,32003,6,MDB_HOSPITAL_FLOW_METHOD_1.0,7621
32004,32004,94,MDB_HOSPITAL_FLOW_METHOD_1.0,7623
32003,32003,5,MDB_HOSPITAL_FLOW_METHOD_1.0,7630
32004,32004,52,MDB_HOSPITAL_FLOW_METHOD_1.0,7633
32001,32001,5,MDB_HOSPITAL_FLOW_METHOD_1.0,7637
32004,32004,36,MDB_HOSPITAL_FLOW_METHOD_1.0,7639
32004,32004,6,MDB_HOSPITAL_FLOW_METHOD_1.0,7641
32004,32002,6,MDB_HOSPITAL_FLOW_METHOD_1.0,7642
32002,32002,7,MDB_HOSPITAL_FLOW_METHOD_1.0,7643
32002,32002,12,MDB_HOSPITAL_FLOW_METHOD_1.0,7646
32002,32001,5,MDB_HOSPITAL_FLOW_METHOD_1.0,7647
32002,32002,102,MDB_HOSPITAL_FLOW_METHOD_1.0,7648
32002,32002,8,MDB_HOSPITAL_FLOW_METHOD_1.0,7651
32002,32002,7,MDB_HOSPITAL_FLOW_METHOD_1.0,7655
32001,32001,5,MDB_HOSPITAL_FLOW_METHOD_1.0,7658
32001,32003,5,MDB_HOSPITAL_FLOW_METHOD_1.0,7659
32001,32002,11,MDB_HOSPITAL_FLOW_METHOD_1.0,7663
32001,32001,16,MDB_HOSPITAL_FLOW_METHOD_1.0,7664
32001,32003,15,MDB_HOSPITAL_FLOW_METHOD_1.0,7665
32004,32004,14,MDB_HOSPITAL_FLOW_METHOD_1.0,7669
32003,32002,24,MDB_HOSPITAL_FLOW_METHOD_1.0,7671
32003,32001,18,MDB_HOSPITAL_FLOW_METHOD_1.0,7672
32003,32004,6,MDB_HOSPITAL_FLOW_METHOD_1.0,7673
32003,32003,87,MDB_HOSPITAL_FLOW_METHOD_1.0,7674
32003,32003,249,MDB_HOSPITAL_FLOW_METHOD_1.0,7675
32003,32002,7,MDB_HOSPITAL_FLOW_METHOD_1.0,7676
32003,32002,5,MDB_HOSPITAL_FLOW_METHOD_1.0,7677
32001,32001,6,MDB_HOSPITAL_FLOW_METHOD_1.0,7681
32002,31016,13,MDB_HOSPITAL_FLOW_METHOD_1.0,7686
32002,32004,6,MDB_HOSPITAL_FLOW_METHOD_1.0,7690
32002,32002,549,MDB_HOSPITAL_FLOW_METHOD_1.0,7691
32002,32001,33,MDB_HOSPITAL_FLOW_METHOD_1.0,7692
32002,32002,5,MDB_HOSPITAL_FLOW_METHOD_1.0,7695
32002,32002,228,MDB_HOSPITAL_FLOW_METHOD_1.0,7696
32001,32002,12,MDB_HOSPITAL_FLOW_METHOD_1.0,7702
32001,32001,8,MDB_HOSPITAL_FLOW_METHOD_1.0,7703
32001,32002,7,MDB_HOSPITAL_FLOW_METHOD_1.0,7707
32004,32004,55,MDB_HOSPITAL_FLOW_METHOD_1.0,7708
32002,32004,10,MDB_HOSPITAL_FLOW_METHOD_1.0,7712
32002,32002,6,MDB_HOSPITAL_FLOW_METHOD_1.0,7713
32002,32002,21,MDB_HOSPITAL_FLOW_METHOD_1.0,7715
32002,32002,93,MDB_HOSPITAL_FLOW_METHOD_1.0,7717
32002,32002,40,MDB_HOSPITAL_FLOW_METHOD_1.0,7720
32003,32003,25,MDB_HOSPITAL_FLOW_METHOD_1.0,7723
32001,32003,12,MDB_HOSPITAL_FLOW_METHOD_1.0,7726
32002,32002,456,MDB_HOSPITAL_FLOW_METHOD_1.0,7731
32002,32001,21,MDB_HOSPITAL_FLOW_METHOD_1.0,7732
32002,32002,5,MDB_HOSPITAL_FLOW_METHOD_1.0,7737
32002,32002,238,MDB_HOSPITAL_FLOW_METHOD_1.0,7738
32002,32002,7,MDB_HOSPITAL_FLOW_METHOD_1.0,7739
32002,33005,7,MDB_HOSPITAL_FLOW_METHOD_1.0,7740
32002,32002,306,MDB_HOSPITAL_FLOW_METHOD_1.0,7749
32002,32004,14,MDB_HOSPITAL_FLOW_METHOD_1.0,7750
32002,32002,122,MDB_HOSPITAL_FLOW_METHOD_1.0,7754
32002,33005,5,MDB_HOSPITAL_FLOW_METHOD_1.0,7756
33001,33001,544,MDB_HOSPITAL_FLOW_METHOD_1.0,7762
33001,33005,5,MDB_HOSPITAL_FLOW_METHOD_1.0,7764
33007,33007,14,MDB_HOSPITAL_FLOW_METHOD_1.0,7767
33007,33009,9,MDB_HOSPITAL_FLOW_METHOD_1.0,7768
33002,33006,8,MDB_HOSPITAL_FLOW_METHOD_1.0,7769
33002,33005,5,MDB_HOSPITAL_FLOW_METHOD_1.0,7770
33003,33009,16,MDB_HOSPITAL_FLOW_METHOD_1.0,7772
33002,33002,273,MDB_HOSPITAL_FLOW_METHOD_1.0,7775
33002,33005,9,MDB_HOSPITAL_FLOW_METHOD_1.0,7778
33002,33002,85,MDB_HOSPITAL_FLOW_METHOD_1.0,7779
33002,33005,5,MDB_HOSPITAL_FLOW_METHOD_1.0,7782
33004,33004,256,MDB_HOSPITAL_FLOW_METHOD_1.0,7783
33004,33004,6,MDB_HOSPITAL_FLOW_METHOD_1.0,7788
33004,33004,667,MDB_HOSPITAL_FLOW_METHOD_1.0,7792
33004,33005,8,MDB_HOSPITAL_FLOW_METHOD_1.0,7796
33004,33004,9,MDB_HOSPITAL_FLOW_METHOD_1.0,7797
33005,33005,9,MDB_HOSPITAL_FLOW_METHOD_1.0,7801
33005,33005,68,MDB_HOSPITAL_FLOW_METHOD_1.0,7802
33005,33009,61,MDB_HOSPITAL_FLOW_METHOD_1.0,7807
33005,33005,240,MDB_HOSPITAL_FLOW_METHOD_1.0,7808
33009,33009,7,MDB_HOSPITAL_FLOW_METHOD_1.0,7811
33009,33009,62,MDB_HOSPITAL_FLOW_METHOD_1.0,7812
33007,33007,14,MDB_HOSPITAL_FLOW_METHOD_1.0,7814
33002,33002,548,MDB_HOSPITAL_FLOW_METHOD_1.0,7820
33002,33005,14,MDB_HOSPITAL_FLOW_METHOD_1.0,7825
33009,33009,341,MDB_HOSPITAL_FLOW_METHOD_1.0,7828
33009,33009,99,MDB_HOSPITAL_FLOW_METHOD_1.0,7833
33008,33008,25,MDB_HOSPITAL_FLOW_METHOD_1.0,7837
33008,33008,351,MDB_HOSPITAL_FLOW_METHOD_1.0,7842
33008,33007,37,MDB_HOSPITAL_FLOW_METHOD_1.0,7844
33008,33005,7,MDB_HOSPITAL_FLOW_METHOD_1.0,7848
33008,33008,9,MDB_HOSPITAL_FLOW_METHOD_1.0,7849
33009,33009,104,MDB_HOSPITAL_FLOW_METHOD_1.0,7851
33009,33009,36,MDB_HOSPITAL_FLOW_METHOD_1.0,7852
33009,33009,206,MDB_HOSPITAL_FLOW_METHOD_1.0,7854
33002,33002,158,MDB_HOSPITAL_FLOW_METHOD_1.0,7855
33008,33008,9,MDB_HOSPITAL_FLOW_METHOD_1.0,7860
33009,33009,13,MDB_HOSPITAL_FLOW_METHOD_1.0,7864
33009,33009,49,MDB_HOSPITAL_FLOW_METHOD_1.0,7865
33009,33009,92,MDB_HOSPITAL_FLOW_METHOD_1.0,7868
33009,33005,13,MDB_HOSPITAL_FLOW_METHOD_1.0,7869
33005,33005,1458,MDB_HOSPITAL_FLOW_METHOD_1.0,7871
33005,33005,22,MDB_HOSPITAL_FLOW_METHOD_1.0,7872
33005,33006,8,MDB_HOSPITAL_FLOW_METHOD_1.0,7874
33005,33009,74,MDB_HOSPITAL_FLOW_METHOD_1.0,7876
33005,33005,399,MDB_HOSPITAL_FLOW_METHOD_1.0,7877
33003,33003,46,MDB_HOSPITAL_FLOW_METHOD_1.0,7883
33009,33009,159,MDB_HOSPITAL_FLOW_METHOD_1.0,7888
33009,33005,11,MDB_HOSPITAL_FLOW_METHOD_1.0,7889
33006,33006,655,MDB_HOSPITAL_FLOW_METHOD_1.0,7895
33006,33006,26,MDB_HOSPITAL_FLOW_METHOD_1.0,7898
33006,33005,8,MDB_HOSPITAL_FLOW_METHOD_1.0,7900
33006,33006,6,MDB_HOSPITAL_FLOW_METHOD_1.0,7901
33005,33005,310,MDB_HOSPITAL_FLOW_METHOD_1.0,7903
33005,33005,46,MDB_HOSPITAL_FLOW_METHOD_1.0,7906
33007,33007,128,MDB_HOSPITAL_FLOW_METHOD_1.0,7909
33007,33007,1480,MDB_HOSPITAL_FLOW_METHOD_1.0,7911
33004,33004,33,MDB_HOSPITAL_FLOW_METHOD_1.0,7913
33004,33004,5,MDB_HOSPITAL_FLOW_METHOD_1.0,7915
33005,33005,62,MDB_HOSPITAL_FLOW_METHOD_1.0,7919
33005,33009,9,MDB_HOSPITAL_FLOW_METHOD_1.0,7921
33005,33005,33,MDB_HOSPITAL_FLOW_METHOD_1.0,7924
33007,33007,22,MDB_HOSPITAL_FLOW_METHOD_1.0,7926
33008,33008,122,MDB_HOSPITAL_FLOW_METHOD_1.0,7929
33008,33008,21,MDB_HOSPITAL_FLOW_METHOD_1.0,7930
33008,33005,6,MDB_HOSPITAL_FLOW_METHOD_1.0,7933
33009,33009,14,MDB_HOSPITAL_FLOW_METHOD_1.0,7935
33005,33005,18,MDB_HOSPITAL_FLOW_METHOD_1.0,7937
33005,33005,936,MDB_HOSPITAL_FLOW_METHOD_1.0,7939
33005,33009,18,MDB_HOSPITAL_FLOW_METHOD_1.0,7940
33005,33005,30,MDB_HOSPITAL_FLOW_METHOD_1.0,7942
33001,33001,69,MDB_HOSPITAL_FLOW_METHOD_1.0,7945
33006,33006,457,MDB_HOSPITAL_FLOW_METHOD_1.0,7949
33006,33006,19,MDB_HOSPITAL_FLOW_METHOD_1.0,7950
33006,33005,40,MDB_HOSPITAL_FLOW_METHOD_1.0,7951
33003,33003,50,MDB_HOSPITAL_FLOW_METHOD_1.0,7956
33005,33005,44,MDB_HOSPITAL_FLOW_METHOD_1.0,7963
33003,33003,191,MDB_HOSPITAL_FLOW_METHOD_1.0,7966
33003,33009,8,MDB_HOSPITAL_FLOW_METHOD_1.0,7967
33007,33007,117,MDB_HOSPITAL_FLOW_METHOD_1.0,7973
33005,33005,88,MDB_HOSPITAL_FLOW_METHOD_1.0,7980
33006,33006,5353,MDB_HOSPITAL_FLOW_METHOD_1.0,7987
33006,33009,17,MDB_HOSPITAL_FLOW_METHOD_1.0,7988
33006,33005,54,MDB_HOSPITAL_FLOW_METHOD_1.0,7989
33006,33006,11,MDB_HOSPITAL_FLOW_METHOD_1.0,7990
33009,33009,1184,MDB_HOSPITAL_FLOW_METHOD_1.0,7995
33009,33005,13,MDB_HOSPITAL_FLOW_METHOD_1.0,7996
33005,33004,9,MDB_HOSPITAL_FLOW_METHOD_1.0,8001
33005,33005,13,MDB_HOSPITAL_FLOW_METHOD_1.0,8002
33005,33006,9,MDB_HOSPITAL_FLOW_METHOD_1.0,8008
33005,33005,23,MDB_HOSPITAL_FLOW_METHOD_1.0,8009
33005,33009,8,MDB_HOSPITAL_FLOW_METHOD_1.0,8010
33005,33005,216,MDB_HOSPITAL_FLOW_METHOD_1.0,8011
33003,33003,172,MDB_HOSPITAL_FLOW_METHOD_1.0,8014
33003,33003,48,MDB_HOSPITAL_FLOW_METHOD_1.0,8019
33001,33001,265,MDB_HOSPITAL_FLOW_METHOD_1.0,8022
33003,33003,152,MDB_HOSPITAL_FLOW_METHOD_1.0,8023
33009,33005,6,MDB_HOSPITAL_FLOW_METHOD_1.0,8026
33009,33009,3888,MDB_HOSPITAL_FLOW_METHOD_1.0,8030
33009,33005,10,MDB_HOSPITAL_FLOW_METHOD_1.0,8032
33004,33004,48,MDB_HOSPITAL_FLOW_METHOD_1.0,8033
33004,33004,102,MDB_HOSPITAL_FLOW_METHOD_1.0,8037
33007,33008,6,MDB_HOSPITAL_FLOW_METHOD_1.0,8041
33004,33004,72,MDB_HOSPITAL_FLOW_METHOD_1.0,8045
33004,33004,91,MDB_HOSPITAL_FLOW_METHOD_1.0,8048
33004,33004,5,MDB_HOSPITAL_FLOW_METHOD_1.0,8049
33005,33005,9,MDB_HOSPITAL_FLOW_METHOD_1.0,8052
33005,33005,81,MDB_HOSPITAL_FLOW_METHOD_1.0,8058
33008,33006,5,MDB_HOSPITAL_FLOW_METHOD_1.0,8063
33008,33008,76,MDB_HOSPITAL_FLOW_METHOD_1.0,8064
33004,33004,589,MDB_HOSPITAL_FLOW_METHOD_1.0,8069
33006,33006,164,MDB_HOSPITAL_FLOW_METHOD_1.0,8074
33004,33004,83,MDB_HOSPITAL_FLOW_METHOD_1.0,8079
33004,33004,66,MDB_HOSPITAL_FLOW_METHOD_1.0,8080
33002,33002,303,MDB_HOSPITAL_FLOW_METHOD_1.0,8087
33002,33005,10,MDB_HOSPITAL_FLOW_METHOD_1.0,8088
33005,15006,7,MDB_HOSPITAL_FLOW_METHOD_1.0,8091
33005,24007,15,MDB_HOSPITAL_FLOW_METHOD_1.0,8092
33005,28001,6,MDB_HOSPITAL_FLOW_METHOD_1.0,8093
33005,31013,7,MDB_HOSPITAL_FLOW_METHOD_1.0,8095
33005,31016,6,MDB_HOSPITAL_FLOW_METHOD_1.0,8096
33005,33004,53,MDB_HOSPITAL_FLOW_METHOD_1.0,8110
33005,33005,66,MDB_HOSPITAL_FLOW_METHOD_1.0,8113
33005,33005,7,MDB_HOSPITAL_FLOW_METHOD_1.0,8117
33005,33007,36,MDB_HOSPITAL_FLOW_METHOD_1.0,8118
33005,33005,19,MDB_HOSPITAL_FLOW_METHOD_1.0,8120
33005,33001,6,MDB_HOSPITAL_FLOW_METHOD_1.0,8121
33005,33006,139,MDB_HOSPITAL_FLOW_METHOD_1.0,8124
33005,33009,6,MDB_HOSPITAL_FLOW_METHOD_1.0,8125
33005,33009,78,MDB_HOSPITAL_FLOW_METHOD_1.0,8127
33005,33005,16673,MDB_HOSPITAL_FLOW_METHOD_1.0,8132
33005,35016,17,MDB_HOSPITAL_FLOW_METHOD_1.0,8145
33005,42007,6,MDB_HOSPITAL_FLOW_METHOD_1.0,8146
33009,33009,68,MDB_HOSPITAL_FLOW_METHOD_1.0,8150
33007,33007,318,MDB_HOSPITAL_FLOW_METHOD_1.0,8153
33008,33008,95,MDB_HOSPITAL_FLOW_METHOD_1.0,8154
33008,33008,116,MDB_HOSPITAL_FLOW_METHOD_1.0,8155
33008,33008,103,MDB_HOSPITAL_FLOW_METHOD_1.0,8156
33008,33008,144,MDB_HOSPITAL_FLOW_METHOD_1.0,8157
33006,33006,8,MDB_HOSPITAL_FLOW_METHOD_1.0,8161
33006,33005,5,MDB_HOSPITAL_FLOW_METHOD_1.0,8162
33006,33006,277,MDB_HOSPITAL_FLOW_METHOD_1.0,8164
33006,33009,62,MDB_HOSPITAL_FLOW_METHOD_1.0,8165
33006,33005,88,MDB_HOSPITAL_FLOW_METHOD_1.0,8168
33006,33006,3018,MDB_HOSPITAL_FLOW_METHOD_1.0,8169
33008,33008,72,MDB_HOSPITAL_FLOW_METHOD_1.0,8171
33008,33008,269,MDB_HOSPITAL_FLOW_METHOD_1.0,8173
33005,33004,15,MDB_HOSPITAL_FLOW_METHOD_1.0,8176
33005,33005,22,MDB_HOSPITAL_FLOW_METHOD_1.0,8179
33005,33006,6,MDB_HOSPITAL_FLOW_METHOD_1.0,8183
33005,33005,156,MDB_HOSPITAL_FLOW_METHOD_1.0,8185
33005,33005,63,MDB_HOSPITAL_FLOW_METHOD_1.0,8186
33009,33009,19,MDB_HOSPITAL_FLOW_METHOD_1.0,8189
33009,33009,12,MDB_HOSPITAL_FLOW_METHOD_1.0,8190
33009,33009,20,MDB_HOSPITAL_FLOW_METHOD_1.0,8192
33002,26010,6,MDB_HOSPITAL_FLOW_METHOD_1.0,8193
33002,33005,8,MDB_HOSPITAL_FLOW_METHOD_1.0,8200
33002,33002,52,MDB_HOSPITAL_FLOW_METHOD_1.0,8202
33009,33009,22,MDB_HOSPITAL_FLOW_METHOD_1.0,8204
33003,33003,5,MDB_HOSPITAL_FLOW_METHOD_1.0,8210
33002,33005,6,MDB_HOSPITAL_FLOW_METHOD_1.0,8213
33002,33002,94,MDB_HOSPITAL_FLOW_METHOD_1.0,8214
33005,33005,57,MDB_HOSPITAL_FLOW_METHOD_1.0,8220
33006,33006,95,MDB_HOSPITAL_FLOW_METHOD_1.0,8225
33009,33009,19,MDB_HOSPITAL_FLOW_METHOD_1.0,8227
33006,33006,13,MDB_HOSPITAL_FLOW_METHOD_1.0,8230
33006,33006,21,MDB_HOSPITAL_FLOW_METHOD_1.0,8233
33009,33009,9,MDB_HOSPITAL_FLOW_METHOD_1.0,8236
33009,33009,511,MDB_HOSPITAL_FLOW_METHOD_1.0,8238
33009,33009,115,MDB_HOSPITAL_FLOW_METHOD_1.0,8239
33009,33005,10,MDB_HOSPITAL_FLOW_METHOD_1.0,8240
33009,33009,25,MDB_HOSPITAL_FLOW_METHOD_1.0,8243
33009,35016,7,MDB_HOSPITAL_FLOW_METHOD_1.0,8244
33009,33009,41,MDB_HOSPITAL_FLOW_METHOD_1.0,8245
33003,33003,14,MDB_HOSPITAL_FLOW_METHOD_1.0,8248
33003,33003,10,MDB_HOSPITAL_FLOW_METHOD_1.0,8250
33004,22004,12,MDB_HOSPITAL_FLOW_METHOD_1.0,8251
33004,33004,7,MDB_HOSPITAL_FLOW_METHOD_1.0,8252
33004,33004,262,MDB_HOSPITAL_FLOW_METHOD_1.0,8253
33007,33007,9,MDB_HOSPITAL_FLOW_METHOD_1.0,8257
33003,33003,126,MDB_HOSPITAL_FLOW_METHOD_1.0,8262
33004,33004,6,MDB_HOSPITAL_FLOW_METHOD_1.0,8267
33004,33004,794,MDB_HOSPITAL_FLOW_METHOD_1.0,8274
35091,35091,1093,MDB_HOSPITAL_FLOW_METHOD_1.0,8277
35091,35093,7,MDB_HOSPITAL_FLOW_METHOD_1.0,8280
35091,35093,7,MDB_HOSPITAL_FLOW_METHOD_1.0,8281
35156,35155,24,MDB_HOSPITAL_FLOW_METHOD_1.0,8284
35142,35072,5,MDB_HOSPITAL_FLOW_METHOD_1.0,8285
35142,35142,131,MDB_HOSPITAL_FLOW_METHOD_1.0,8286
35142,35141,175,MDB_HOSPITAL_FLOW_METHOD_1.0,8287
35142,35142,52,MDB_HOSPITAL_FLOW_METHOD_1.0,8291
35142,35141,26,MDB_HOSPITAL_FLOW_METHOD_1.0,8293
35074,35074,29,MDB_HOSPITAL_FLOW_METHOD_1.0,8295
35074,35074,72,MDB_HOSPITAL_FLOW_METHOD_1.0,8297
35074,35072,48,MDB_HOSPITAL_FLOW_METHOD_1.0,8299
35074,35141,19,MDB_HOSPITAL_FLOW_METHOD_1.0,8300
35061,35063,6,MDB_HOSPITAL_FLOW_METHOD_1.0,8301
35061,35064,9,MDB_HOSPITAL_FLOW_METHOD_1.0,8302
35103,35104,12,MDB_HOSPITAL_FLOW_METHOD_1.0,8305
35062,35063,26,MDB_HOSPITAL_FLOW_METHOD_1.0,8308
35062,35064,129,MDB_HOSPITAL_FLOW_METHOD_1.0,8309
35112,35112,53,MDB_HOSPITAL_FLOW_METHOD_1.0,8313
35133,35133,163,MDB_HOSPITAL_FLOW_METHOD_1.0,8315
35133,35132,55,MDB_HOSPITAL_FLOW_METHOD_1.0,8318
35133,35132,9,MDB_HOSPITAL_FLOW_METHOD_1.0,8319
35133,35132,15,MDB_HOSPITAL_FLOW_METHOD_1.0,8320
35023,35023,7,MDB_HOSPITAL_FLOW_METHOD_1.0,8322
35163,35163,9,MDB_HOSPITAL_FLOW_METHOD_1.0,8325
35157,35151,13,MDB_HOSPITAL_FLOW_METHOD_1.0,8326
35112,35112,72,MDB_HOSPITAL_FLOW_METHOD_1.0,8328
35112,35112,314,MDB_HOSPITAL_FLOW_METHOD_1.0,8329
35093,35093,16,MDB_HOSPITAL_FLOW_METHOD_1.0,8331
35093,35093,36,MDB_HOSPITAL_FLOW_METHOD_1.0,8332
35093,35091,5,MDB_HOSPITAL_FLOW_METHOD_1.0,8334
35093,35093,28,MDB_HOSPITAL_FLOW_METHOD_1.0,8336
35072,35072,1050,MDB_HOSPITAL_FLOW_METHOD_1.0,8338
35072,35074,37,MDB_HOSPITAL_FLOW_METHOD_1.0,8339
35072,35072,11,MDB_HOSPITAL_FLOW_METHOD_1.0,8340
35072,35072,89,MDB_HOSPITAL_FLOW_METHOD_1.0,8342
35072,35141,12,MDB_HOSPITAL_FLOW_METHOD_1.0,8343
35031,35031,22,MDB_HOSPITAL_FLOW_METHOD_1.0,8348
35031,35031,44,MDB_HOSPITAL_FLOW_METHOD_1.0,8349
35031,35033,9,MDB_HOSPITAL_FLOW_METHOD_1.0,8351
35031,35032,12,MDB_HOSPITAL_FLOW_METHOD_1.0,8352
35157,35151,8,MDB_HOSPITAL_FLOW_METHOD_1.0,8353
35074,35074,345,MDB_HOSPITAL_FLOW_METHOD_1.0,8357
35074,35072,7,MDB_HOSPITAL_FLOW_METHOD_1.0,8359
35074,35141,26,MDB_HOSPITAL_FLOW_METHOD_1.0,8360
35022,35022,11,MDB_HOSPITAL_FLOW_METHOD_1.0,8363
35022,35023,126,MDB_HOSPITAL_FLOW_METHOD_1.0,8365
35161,35161,29,MDB_HOSPITAL_FLOW_METHOD_1.0,8368
35161,35163,19,MDB_HOSPITAL_FLOW_METHOD_1.0,8372
35063,35063,10,MDB_HOSPITAL_FLOW_METHOD_1.0,8373
35112,35112,63,MDB_HOSPITAL_FLOW_METHOD_1.0,8376
35172,33005,6,MDB_HOSPITAL_FLOW_METHOD_1.0,8379
35172,35172,5,MDB_HOSPITAL_FLOW_METHOD_1.0,8380
35172,35141,28,MDB_HOSPITAL_FLOW_METHOD_1.0,8381
35172,35016,5,MDB_HOSPITAL_FLOW_METHOD_1.0,8382
35162,35162,39,MDB_HOSPITAL_FLOW_METHOD_1.0,8386
35162,35163,33,MDB_HOSPITAL_FLOW_METHOD_1.0,8387
35163,35014,6,MDB_HOSPITAL_FLOW_METHOD_1.0,8388
35163,35163,9,MDB_HOSPITAL_FLOW_METHOD_1.0,8390
35021,35021,249,MDB_HOSPITAL_FLOW_METHOD_1.0,8392
35021,35065,32,MDB_HOSPITAL_FLOW_METHOD_1.0,8393
35021,35023,298,MDB_HOSPITAL_FLOW_METHOD_1.0,8395
35163,35163,15,MDB_HOSPITAL_FLOW_METHOD_1.0,8397
35083,35081,19,MDB_HOSPITAL_FLOW_METHOD_1.0,8398
35083,35083,16,MDB_HOSPITAL_FLOW_METHOD_1.0,8400
35061,35063,9,MDB_HOSPITAL_FLOW_METHOD_1.0,8402
35061,35064,10,MDB_HOSPITAL_FLOW_METHOD_1.0,8403
35172,33004,9,MDB_HOSPITAL_FLOW_METHOD_1.0,8404
35031,35031,18,MDB_HOSPITAL_FLOW_METHOD_1.0,8405
35031,35031,541,MDB_HOSPITAL_FLOW_METHOD_1.0,8406
35031,35033,54,MDB_HOSPITAL_FLOW_METHOD_1.0,8409
35031,35032,46,MDB_HOSPITAL_FLOW_METHOD_1.0,8412
35101,35101,277,MDB_HOSPITAL_FLOW_METHOD_1.0,8414
35101,35142,30,MDB_HOSPITAL_FLOW_METHOD_1.0,8416
35101,35104,131,MDB_HOSPITAL_FLOW_METHOD_1.0,8417
35095,35091,7,MDB_HOSPITAL_FLOW_METHOD_1.0,8420
35095,35093,34,MDB_HOSPITAL_FLOW_METHOD_1.0,8421
35062,35062,16,MDB_HOSPITAL_FLOW_METHOD_1.0,8423
35062,35063,17,MDB_HOSPITAL_FLOW_METHOD_1.0,8424
35062,35064,6,MDB_HOSPITAL_FLOW_METHOD_1.0,8425
35172,35141,28,MDB_HOSPITAL_FLOW_METHOD_1.0,8428
35063,35063,22,MDB_HOSPITAL_FLOW_METHOD_1.0,8429
35063,35064,9,MDB_HOSPITAL_FLOW_METHOD_1.0,8430
35063,35063,16,MDB_HOSPITAL_FLOW_METHOD_1.0,8431
35151,35151,33,MDB_HOSPITAL_FLOW_METHOD_1.0,8432
35072,35072,5,MDB_HOSPITAL_FLOW_METHOD_1.0,8436
35072,35074,90,MDB_HOSPITAL_FLOW_METHOD_1.0,8437
35072,35072,14,MDB_HOSPITAL_FLOW_METHOD_1.0,8438
35072,35072,31,MDB_HOSPITAL_FLOW_METHOD_1.0,8439
35072,35141,35,MDB_HOSPITAL_FLOW_METHOD_1.0,8440
35011,35011,27,MDB_HOSPITAL_FLOW_METHOD_1.0,8443
35011,35011,42,MDB_HOSPITAL_FLOW_METHOD_1.0,8445
35011,35011,11,MDB_HOSPITAL_FLOW_METHOD_1.0,8447
35011,35011,163,MDB_HOSPITAL_FLOW_METHOD_1.0,8448
35011,35016,44,MDB_HOSPITAL_FLOW_METHOD_1.0,8449
35153,35151,8,MDB_HOSPITAL_FLOW_METHOD_1.0,8450
35092,35091,130,MDB_HOSPITAL_FLOW_METHOD_1.0,8454
35092,35092,163,MDB_HOSPITAL_FLOW_METHOD_1.0,8456
35092,35093,103,MDB_HOSPITAL_FLOW_METHOD_1.0,8457
35092,35093,79,MDB_HOSPITAL_FLOW_METHOD_1.0,8459
35071,35072,8,MDB_HOSPITAL_FLOW_METHOD_1.0,8465
35071,35074,90,MDB_HOSPITAL_FLOW_METHOD_1.0,8466
35071,35071,24,MDB_HOSPITAL_FLOW_METHOD_1.0,8467
35071,35072,12,MDB_HOSPITAL_FLOW_METHOD_1.0,8472
35071,35141,6,MDB_HOSPITAL_FLOW_METHOD_1.0,8473
35071,35016,54,MDB_HOSPITAL_FLOW_METHOD_1.0,8475
35021,35023,10,MDB_HOSPITAL_FLOW_METHOD_1.0,8477
35062,35064,6,MDB_HOSPITAL_FLOW_METHOD_1.0,8481
35023,35065,12,MDB_HOSPITAL_FLOW_METHOD_1.0,8484
35023,35023,51,MDB_HOSPITAL_FLOW_METHOD_1.0,8485
35061,35063,96,MDB_HOSPITAL_FLOW_METHOD_1.0,8487
35061,35064,81,MDB_HOSPITAL_FLOW_METHOD_1.0,8488
35061,35065,18,MDB_HOSPITAL_FLOW_METHOD_1.0,8489
35061,35016,5,MDB_HOSPITAL_FLOW_METHOD_1.0,8491
35155,35155,54,MDB_HOSPITAL_FLOW_METHOD_1.0,8492
35062,35016,16,MDB_HOSPITAL_FLOW_METHOD_1.0,8498
35155,35155,41,MDB_HOSPITAL_FLOW_METHOD_1.0,8499
35172,35141,19,MDB_HOSPITAL_FLOW_METHOD_1.0,8501
35061,35063,5,MDB_HOSPITAL_FLOW_METHOD_1.0,8503
35061,35061,20,MDB_HOSPITAL_FLOW_METHOD_1.0,8504
35023,35023,7,MDB_HOSPITAL_FLOW_METHOD_1.0,8506
35064,35063,23,MDB_HOSPITAL_FLOW_METHOD_1.0,8508
35064,35064,40,MDB_HOSPITAL_FLOW_METHOD_1.0,8509
35064,35063,25,MDB_HOSPITAL_FLOW_METHOD_1.0,8512
35064,35064,170,MDB_HOSPITAL_FLOW_METHOD_1.0,8513
35162,35162,5,MDB_HOSPITAL_FLOW_METHOD_1.0,8515
35162,35163,6,MDB_HOSPITAL_FLOW_METHOD_1.0,8516
35121,35121,7,MDB_HOSPITAL_FLOW_METHOD_1.0,8518
35051,35051,627,MDB_HOSPITAL_FLOW_METHOD_1.0,8520
35131,35132,100,MDB_HOSPITAL_FLOW_METHOD_1.0,8523
35131,35132,13,MDB_HOSPITAL_FLOW_METHOD_1.0,8524
35014,35014,1261,MDB_HOSPITAL_FLOW_METHOD_1.0,8526
35014,35014,87,MDB_HOSPITAL_FLOW_METHOD_1.0,8527
35014,35013,35,MDB_HOSPITAL_FLOW_METHOD_1.0,8528
35014,35014,44,MDB_HOSPITAL_FLOW_METHOD_1.0,8530
35014,35141,6,MDB_HOSPITAL_FLOW_METHOD_1.0,8531
35014,35014,7,MDB_HOSPITAL_FLOW_METHOD_1.0,8534
35014,35016,98,MDB_HOSPITAL_FLOW_METHOD_1.0,8536
35014,35013,17,MDB_HOSPITAL_FLOW_METHOD_1.0,8537
35095,35091,31,MDB_HOSPITAL_FLOW_METHOD_1.0,8538
35095,35093,46,MDB_HOSPITAL_FLOW_METHOD_1.0,8539
35095,35095,36,MDB_HOSPITAL_FLOW_METHOD_1.0,8541
35133,35133,128,MDB_HOSPITAL_FLOW_METHOD_1.0,8544
35133,35132,54,MDB_HOSPITAL_FLOW_METHOD_1.0,8545
35133,35132,17,MDB_HOSPITAL_FLOW_METHOD_1.0,8546
35062,35062,22,MDB_HOSPITAL_FLOW_METHOD_1.0,8551
35062,35063,291,MDB_HOSPITAL_FLOW_METHOD_1.0,8552
35062,35064,1002,MDB_HOSPITAL_FLOW_METHOD_1.0,8557
35062,35065,106,MDB_HOSPITAL_FLOW_METHOD_1.0,8559
35062,35132,13,MDB_HOSPITAL_FLOW_METHOD_1.0,8561
35062,35016,11,MDB_HOSPITAL_FLOW_METHOD_1.0,8562
35052,35051,108,MDB_HOSPITAL_FLOW_METHOD_1.0,8563
35052,35052,17,MDB_HOSPITAL_FLOW_METHOD_1.0,8564
35052,35132,15,MDB_HOSPITAL_FLOW_METHOD_1.0,8567
35094,35091,16,MDB_HOSPITAL_FLOW_METHOD_1.0,8570
35094,35093,12,MDB_HOSPITAL_FLOW_METHOD_1.0,8573
35041,35041,166,MDB_HOSPITAL_FLOW_METHOD_1.0,8575
35041,35041,42,MDB_HOSPITAL_FLOW_METHOD_1.0,8578
35021,35021,7,MDB_HOSPITAL_FLOW_METHOD_1.0,8579
35021,35023,5,MDB_HOSPITAL_FLOW_METHOD_1.0,8581
35023,35021,83,MDB_HOSPITAL_FLOW_METHOD_1.0,8583
35023,35023,322,MDB_HOSPITAL_FLOW_METHOD_1.0,8584
35011,35011,60,MDB_HOSPITAL_FLOW_METHOD_1.0,8587
35011,35016,14,MDB_HOSPITAL_FLOW_METHOD_1.0,8588
35064,35064,180,MDB_HOSPITAL_FLOW_METHOD_1.0,8594
35063,35063,36,MDB_HOSPITAL_FLOW_METHOD_1.0,8595
35063,35064,6,MDB_HOSPITAL_FLOW_METHOD_1.0,8596
35163,35163,53,MDB_HOSPITAL_FLOW_METHOD_1.0,8597
35163,35016,7,MDB_HOSPITAL_FLOW_METHOD_1.0,8600
35163,35163,53,MDB_HOSPITAL_FLOW_METHOD_1.0,8601
35071,35074,23,MDB_HOSPITAL_FLOW_METHOD_1.0,8603
35071,35141,10,MDB_HOSPITAL_FLOW_METHOD_1.0,8607
35064,35063,7,MDB_HOSPITAL_FLOW_METHOD_1.0,8610
35064,35064,5,MDB_HOSPITAL_FLOW_METHOD_1.0,8611
35033,35033,21,MDB_HOSPITAL_FLOW_METHOD_1.0,8615
35033,35033,7,MDB_HOSPITAL_FLOW_METHOD_1.0,8618
35062,35063,15,MDB_HOSPITAL_FLOW_METHOD_1.0,8620
35062,35064,12,MDB_HOSPITAL_FLOW_METHOD_1.0,8621
35063,35063,702,MDB_HOSPITAL_FLOW_METHOD_1.0,8622
35063,35064,100,MDB_HOSPITAL_FLOW_METHOD_1.0,8623
35071,35072,23,MDB_HOSPITAL_FLOW_METHOD_1.0,8627
35071,35074,361,MDB_HOSPITAL_FLOW_METHOD_1.0,8628
35071,35071,402,MDB_HOSPITAL_FLOW_METHOD_1.0,8629
35071,35072,8,MDB_HOSPITAL_FLOW_METHOD_1.0,8630
35071,35012,7,MDB_HOSPITAL_FLOW_METHOD_1.0,8631
35071,35072,54,MDB_HOSPITAL_FLOW_METHOD_1.0,8632
35071,35141,31,MDB_HOSPITAL_FLOW_METHOD_1.0,8633
35071,35016,10,MDB_HOSPITAL_FLOW_METHOD_1.0,8634
35023,35023,17,MDB_HOSPITAL_FLOW_METHOD_1.0,8635
35133,35132,59,MDB_HOSPITAL_FLOW_METHOD_1.0,8638
35133,35132,19,MDB_HOSPITAL_FLOW_METHOD_1.0,8639
35064,35063,14,MDB_HOSPITAL_FLOW_METHOD_1.0,8640
35064,35064,34,MDB_HOSPITAL_FLOW_METHOD_1.0,8641
35064,35065,5,MDB_HOSPITAL_FLOW_METHOD_1.0,8642
35064,35016,5,MDB_HOSPITAL_FLOW_METHOD_1.0,8643
35162,35163,34,MDB_HOSPITAL_FLOW_METHOD_1.0,8644
35023,35023,12,MDB_HOSPITAL_FLOW_METHOD_1.0,8646
35083,35083,10,MDB_HOSPITAL_FLOW_METHOD_1.0,8649
35062,35063,14,MDB_HOSPITAL_FLOW_METHOD_1.0,8651
35062,35062,16,MDB_HOSPITAL_FLOW_METHOD_1.0,8652
35062,35064,5,MDB_HOSPITAL_FLOW_METHOD_1.0,8653
35073,35072,8,MDB_HOSPITAL_FLOW_METHOD_1.0,8656
35073,35074,41,MDB_HOSPITAL_FLOW_METHOD_1.0,8657
35073,35072,5,MDB_HOSPITAL_FLOW_METHOD_1.0,8659
35073,35072,35,MDB_HOSPITAL_FLOW_METHOD_1.0,8660
35073,35141,10,MDB_HOSPITAL_FLOW_METHOD_1.0,8661
35073,35073,19,MDB_HOSPITAL_FLOW_METHOD_1.0,8663
35171,35171,25,MDB_HOSPITAL_FLOW_METHOD_1.0,8667
35171,35141,151,MDB_HOSPITAL_FLOW_METHOD_1.0,8668
35171,35171,5,MDB_HOSPITAL_FLOW_METHOD_1.0,8669
35171,35174,11,MDB_HOSPITAL_FLOW_METHOD_1.0,8671
35172,35172,6,MDB_HOSPITAL_FLOW_METHOD_1.0,8674
35172,35012,10,MDB_HOSPITAL_FLOW_METHOD_1.0,8675
35172,35141,61,MDB_HOSPITAL_FLOW_METHOD_1.0,8676
35172,35174,6,MDB_HOSPITAL_FLOW_METHOD_1.0,8677
35143,35143,591,MDB_HOSPITAL_FLOW_METHOD_1.0,8678
35143,35142,77,MDB_HOSPITAL_FLOW_METHOD_1.0,8679
35143,35141,44,MDB_HOSPITAL_FLOW_METHOD_1.0,8680
35065,35064,30,MDB_HOSPITAL_FLOW_METHOD_1.0,8682
35065,35065,48,MDB_HOSPITAL_FLOW_METHOD_1.0,8683
35112,35112,23,MDB_HOSPITAL_FLOW_METHOD_1.0,8685
35112,35112,21,MDB_HOSPITAL_FLOW_METHOD_1.0,8686
35012,35012,306,MDB_HOSPITAL_FLOW_METHOD_1.0,8692
35012,35016,32,MDB_HOSPITAL_FLOW_METHOD_1.0,8694
35114,35112,10,MDB_HOSPITAL_FLOW_METHOD_1.0,8697
35114,35114,28,MDB_HOSPITAL_FLOW_METHOD_1.0,8698
35012,35012,346,MDB_HOSPITAL_FLOW_METHOD_1.0,8700
35012,35012,193,MDB_HOSPITAL_FLOW_METHOD_1.0,8703
35012,35016,26,MDB_HOSPITAL_FLOW_METHOD_1.0,8707
35121,35121,23,MDB_HOSPITAL_FLOW_METHOD_1.0,8710
35121,35163,20,MDB_HOSPITAL_FLOW_METHOD_1.0,8711
35051,35051,13,MDB_HOSPITAL_FLOW_METHOD_1.0,8712
35133,35133,332,MDB_HOSPITAL_FLOW_METHOD_1.0,8714
35133,35132,120,MDB_HOSPITAL_FLOW_METHOD_1.0,8715
35133,35132,27,MDB_HOSPITAL_FLOW_METHOD_1.0,8716
35072,24007,5,MDB_HOSPITAL_FLOW_METHOD_1.0,8719
35072,35074,50,MDB_HOSPITAL_FLOW_METHOD_1.0,8725
35072,35072,2433,MDB_HOSPITAL_FLOW_METHOD_1.0,8726
35072,35072,28,MDB_HOSPITAL_FLOW_METHOD_1.0,8733
35072,35141,16,MDB_HOSPITAL_FLOW_METHOD_1.0,8734
35072,35065,36,MDB_HOSPITAL_FLOW_METHOD_1.0,8738
35072,35072,12,MDB_HOSPITAL_FLOW_METHOD_1.0,8741
35072,35016,55,MDB_HOSPITAL_FLOW_METHOD_1.0,8745
35073,35074,9,MDB_HOSPITAL_FLOW_METHOD_1.0,8750
35073,35072,40,MDB_HOSPITAL_FLOW_METHOD_1.0,8754
35073,35073,22,MDB_HOSPITAL_FLOW_METHOD_1.0,8755
35073,35073,7,MDB_HOSPITAL_FLOW_METHOD_1.0,8757
35174,35141,42,MDB_HOSPITAL_FLOW_METHOD_1.0,8759
35174,35174,11,MDB_HOSPITAL_FLOW_METHOD_1.0,8761
35093,35091,6,MDB_HOSPITAL_FLOW_METHOD_1.0,8763
35093,35093,8,MDB_HOSPITAL_FLOW_METHOD_1.0,8764
35093,35093,17,MDB_HOSPITAL_FLOW_METHOD_1.0,8766
35121,35121,14,MDB_HOSPITAL_FLOW_METHOD_1.0,8768
35121,35163,14,MDB_HOSPITAL_FLOW_METHOD_1.0,8770
35092,35091,21,MDB_HOSPITAL_FLOW_METHOD_1.0,8773
35092,35092,15,MDB_HOSPITAL_FLOW_METHOD_1.0,8774
35092,35092,32,MDB_HOSPITAL_FLOW_METHOD_1.0,8775
35092,35093,57,MDB_HOSPITAL_FLOW_METHOD_1.0,8776
35092,35093,5,MDB_HOSPITAL_FLOW_METHOD_1.0,8777
35033,35033,6,MDB_HOSPITAL_FLOW_METHOD_1.0,8781
35094,35091,11,MDB_HOSPITAL_FLOW_METHOD_1.0,8782
35161,35161,10,MDB_HOSPITAL_FLOW_METHOD_1.0,8785
35161,35161,5,MDB_HOSPITAL_FLOW_METHOD_1.0,8786
35161,35163,18,MDB_HOSPITAL_FLOW_METHOD_1.0,8788
35163,35163,48,MDB_HOSPITAL_FLOW_METHOD_1.0,8792
35103,35103,18,MDB_HOSPITAL_FLOW_METHOD_1.0,8795
35103,35104,79,MDB_HOSPITAL_FLOW_METHOD_1.0,8796
35173,35173,435,MDB_HOSPITAL_FLOW_METHOD_1.0,8798
35173,35141,90,MDB_HOSPITAL_FLOW_METHOD_1.0,8800
35173,35171,36,MDB_HOSPITAL_FLOW_METHOD_1.0,8805
35173,35174,9,MDB_HOSPITAL_FLOW_METHOD_1.0,8807
35014,35014,81,MDB_HOSPITAL_FLOW_METHOD_1.0,8809
35014,35014,159,MDB_HOSPITAL_FLOW_METHOD_1.0,8810
35014,35013,11,MDB_HOSPITAL_FLOW_METHOD_1.0,8811
35014,35012,6,MDB_HOSPITAL_FLOW_METHOD_1.0,8812
35014,35014,28,MDB_HOSPITAL_FLOW_METHOD_1.0,8815
35014,35014,12,MDB_HOSPITAL_FLOW_METHOD_1.0,8816
35014,35016,101,MDB_HOSPITAL_FLOW_METHOD_1.0,8817
35014,35013,25,MDB_HOSPITAL_FLOW_METHOD_1.0,8818
35157,35151,65,MDB_HOSPITAL_FLOW_METHOD_1.0,8819
35157,35155,14,MDB_HOSPITAL_FLOW_METHOD_1.0,8821
35143,35143,2477,MDB_HOSPITAL_FLOW_METHOD_1.0,8822
35143,35142,59,MDB_HOSPITAL_FLOW_METHOD_1.0,8823
35143,35141,78,MDB_HOSPITAL_FLOW_METHOD_1.0,8824
35133,35132,8,MDB_HOSPITAL_FLOW_METHOD_1.0,8828
35022,35023,43,MDB_HOSPITAL_FLOW_METHOD_1.0,8830
35151,35151,895,MDB_HOSPITAL_FLOW_METHOD_1.0,8832
35151,35151,11,MDB_HOSPITAL_FLOW_METHOD_1.0,8833
35151,35155,10,MDB_HOSPITAL_FLOW_METHOD_1.0,8836
35151,35151,75,MDB_HOSPITAL_FLOW_METHOD_1.0,8837
35155,35155,33,MDB_HOSPITAL_FLOW_METHOD_1.0,8840
35061,35063,24,MDB_HOSPITAL_FLOW_METHOD_1.0,8841
35061,35064,61,MDB_HOSPITAL_FLOW_METHOD_1.0,8843
35161,35163,21,MDB_HOSPITAL_FLOW_METHOD_1.0,8849
35161,35163,11,MDB_HOSPITAL_FLOW_METHOD_1.0,8852
35103,35104,73,MDB_HOSPITAL_FLOW_METHOD_1.0,8853
35023,35023,7,MDB_HOSPITAL_FLOW_METHOD_1.0,8855
35051,35051,39,MDB_HOSPITAL_FLOW_METHOD_1.0,8856
35051,35051,6,MDB_HOSPITAL_FLOW_METHOD_1.0,8858
35101,35101,24,MDB_HOSPITAL_FLOW_METHOD_1.0,8860
35101,35101,31,MDB_HOSPITAL_FLOW_METHOD_1.0,8862
35101,35104,60,MDB_HOSPITAL_FLOW_METHOD_1.0,8864
35063,35063,38,MDB_HOSPITAL_FLOW_METHOD_1.0,8865
35063,35063,23,MDB_HOSPITAL_FLOW_METHOD_1.0,8866
35063,35064,22,MDB_HOSPITAL_FLOW_METHOD_1.0,8867
35102,35104,65,MDB_HOSPITAL_FLOW_METHOD_1.0,8871
35023,35021,36,MDB_HOSPITAL_FLOW_METHOD_1.0,8873
35023,35023,41,MDB_HOSPITAL_FLOW_METHOD_1.0,8874
35061,35063,10,MDB_HOSPITAL_FLOW_METHOD_1.0,8875
35061,35064,5,MDB_HOSPITAL_FLOW_METHOD_1.0,8876
35061,35061,16,MDB_HOSPITAL_FLOW_METHOD_1.0,8877
35072,35072,14,MDB_HOSPITAL_FLOW_METHOD_1.0,8878
35072,35074,255,MDB_HOSPITAL_FLOW_METHOD_1.0,8879
35072,35072,14,MDB_HOSPITAL_FLOW_METHOD_1.0,8880
35072,35072,21,MDB_HOSPITAL_FLOW_METHOD_1.0,8881
35072,35072,6,MDB_HOSPITAL_FLOW_METHOD_1.0,8883
35072,35141,6,MDB_HOSPITAL_FLOW_METHOD_1.0,8884
35157,35151,16,MDB_HOSPITAL_FLOW_METHOD_1.0,8886
35013,35014,10,MDB_HOSPITAL_FLOW_METHOD_1.0,8889
35013,35014,32,MDB_HOSPITAL_FLOW_METHOD_1.0,8890
35013,35013,133,MDB_HOSPITAL_FLOW_METHOD_1.0,8891
35013,35013,9,MDB_HOSPITAL_FLOW_METHOD_1.0,8892
35013,35014,19,MDB_HOSPITAL_FLOW_METHOD_1.0,8894
35013,35141,5,MDB_HOSPITAL_FLOW_METHOD_1.0,8895
35013,35016,160,MDB_HOSPITAL_FLOW_METHOD_1.0,8898
35013,35013,41,MDB_HOSPITAL_FLOW_METHOD_1.0,8900
35132,35132,146,MDB_HOSPITAL_FLOW_METHOD_1.0,8903
35132,35132,39,MDB_HOSPITAL_FLOW_METHOD_1.0,8905
35081,35081,38,MDB_HOSPITAL_FLOW_METHOD_1.0,8906
35172,35172,191,MDB_HOSPITAL_FLOW_METHOD_1.0,8911
35172,35141,160,MDB_HOSPITAL_FLOW_METHOD_1.0,8912
35041,35041,295,MDB_HOSPITAL_FLOW_METHOD_1.0,8916
35041,35041,143,MDB_HOSPITAL_FLOW_METHOD_1.0,8917
35041,35016,7,MDB_HOSPITAL_FLOW_METHOD_1.0,8918
35172,35172,8,MDB_HOSPITAL_FLOW_METHOD_1.0,8920
35172,35141,13,MDB_HOSPITAL_FLOW_METHOD_1.0,8921
35032,35031,30,MDB_HOSPITAL_FLOW_METHOD_1.0,8925
35032,35032,62,MDB_HOSPITAL_FLOW_METHOD_1.0,8926
35032,35033,5,MDB_HOSPITAL_FLOW_METHOD_1.0,8928
35032,35032,10,MDB_HOSPITAL_FLOW_METHOD_1.0,8929
35015,35015,1201,MDB_HOSPITAL_FLOW_METHOD_1.0,8931
35015,35015,48,MDB_HOSPITAL_FLOW_METHOD_1.0,8937
35015,35015,38,MDB_HOSPITAL_FLOW_METHOD_1.0,8938
35015,35016,85,MDB_HOSPITAL_FLOW_METHOD_1.0,8939
35153,35151,21,MDB_HOSPITAL_FLOW_METHOD_1.0,8942
35143,35143,106,MDB_HOSPITAL_FLOW_METHOD_1.0,8944
35143,35142,7,MDB_HOSPITAL_FLOW_METHOD_1.0,8945
35143,35141,23,MDB_HOSPITAL_FLOW_METHOD_1.0,8946
35033,35033,30,MDB_HOSPITAL_FLOW_METHOD_1.0,8951
35064,35063,18,MDB_HOSPITAL_FLOW_METHOD_1.0,8952
35064,35064,8,MDB_HOSPITAL_FLOW_METHOD_1.0,8953
35064,35064,93,MDB_HOSPITAL_FLOW_METHOD_1.0,8954
35153,35151,17,MDB_HOSPITAL_FLOW_METHOD_1.0,8957
35032,35032,6,MDB_HOSPITAL_FLOW_METHOD_1.0,8961
35111,35111,7,MDB_HOSPITAL_FLOW_METHOD_1.0,8963
35111,35111,39,MDB_HOSPITAL_FLOW_METHOD_1.0,8964
35111,35112,258,MDB_HOSPITAL_FLOW_METHOD_1.0,8965
35062,35063,10,MDB_HOSPITAL_FLOW_METHOD_1.0,8968
35062,35062,53,MDB_HOSPITAL_FLOW_METHOD_1.0,8969
35062,35064,42,MDB_HOSPITAL_FLOW_METHOD_1.0,8970
35131,35132,60,MDB_HOSPITAL_FLOW_METHOD_1.0,8972
35131,35132,7,MDB_HOSPITAL_FLOW_METHOD_1.0,8973
35093,35091,10,MDB_HOSPITAL_FLOW_METHOD_1.0,8974
35093,35093,17,MDB_HOSPITAL_FLOW_METHOD_1.0,8975
35093,35093,28,MDB_HOSPITAL_FLOW_METHOD_1.0,8976
35121,35121,17,MDB_HOSPITAL_FLOW_METHOD_1.0,8979
35103,35072,8,MDB_HOSPITAL_FLOW_METHOD_1.0,8982
35103,35104,12,MDB_HOSPITAL_FLOW_METHOD_1.0,8983
35151,35151,19,MDB_HOSPITAL_FLOW_METHOD_1.0,8985
35013,35014,29,MDB_HOSPITAL_FLOW_METHOD_1.0,8989
35013,35013,15,MDB_HOSPITAL_FLOW_METHOD_1.0,8990
35013,35013,253,MDB_HOSPITAL_FLOW_METHOD_1.0,8992
35013,35014,22,MDB_HOSPITAL_FLOW_METHOD_1.0,8996
35013,35141,6,MDB_HOSPITAL_FLOW_METHOD_1.0,8997
35013,35016,202,MDB_HOSPITAL_FLOW_METHOD_1.0,9002
35013,35013,206,MDB_HOSPITAL_FLOW_METHOD_1.0,9003
35013,35013,167,MDB_HOSPITAL_FLOW_METHOD_1.0,9007
35013,35016,39,MDB_HOSPITAL_FLOW_METHOD_1.0,9010
35013,35013,14,MDB_HOSPITAL_FLOW_METHOD_1.0,9011
35112,35112,9,MDB_HOSPITAL_FLOW_METHOD_1.0,9012
35102,35104,43,MDB_HOSPITAL_FLOW_METHOD_1.0,9013
35142,35142,2367,MDB_HOSPITAL_FLOW_METHOD_1.0,9014
35142,35141,34,MDB_HOSPITAL_FLOW_METHOD_1.0,9015
35094,35091,9,MDB_HOSPITAL_FLOW_METHOD_1.0,9016
35094,35065,13,MDB_HOSPITAL_FLOW_METHOD_1.0,9019
35154,35151,45,MDB_HOSPITAL_FLOW_METHOD_1.0,9021
35112,35112,44,MDB_HOSPITAL_FLOW_METHOD_1.0,9024
35115,35112,74,MDB_HOSPITAL_FLOW_METHOD_1.0,9025
35115,35115,55,MDB_HOSPITAL_FLOW_METHOD_1.0,9026
35061,35063,26,MDB_HOSPITAL_FLOW_METHOD_1.0,9028
35061,35061,12,MDB_HOSPITAL_FLOW_METHOD_1.0,9029
35061,35064,10,MDB_HOSPITAL_FLOW_METHOD_1.0,9030
35061,35065,7,MDB_HOSPITAL_FLOW_METHOD_1.0,9031
35154,35151,104,MDB_HOSPITAL_FLOW_METHOD_1.0,9032
35154,35154,7,MDB_HOSPITAL_FLOW_METHOD_1.0,9034
35154,35155,8,MDB_HOSPITAL_FLOW_METHOD_1.0,9037
35151,35151,11,MDB_HOSPITAL_FLOW_METHOD_1.0,9038
35093,35093,21,MDB_HOSPITAL_FLOW_METHOD_1.0,9042
35011,35011,323,MDB_HOSPITAL_FLOW_METHOD_1.0,9043
35011,35011,12,MDB_HOSPITAL_FLOW_METHOD_1.0,9044
35011,35011,52,MDB_HOSPITAL_FLOW_METHOD_1.0,9046
35011,35011,10,MDB_HOSPITAL_FLOW_METHOD_1.0,9047
35011,35016,84,MDB_HOSPITAL_FLOW_METHOD_1.0,9048
35111,35112,8,MDB_HOSPITAL_FLOW_METHOD_1.0,9051
35157,35151,9,MDB_HOSPITAL_FLOW_METHOD_1.0,9052
35091,35091,99,MDB_HOSPITAL_FLOW_METHOD_1.0,9053
35091,35091,25,MDB_HOSPITAL_FLOW_METHOD_1.0,9055
35091,35093,7,MDB_HOSPITAL_FLOW_METHOD_1.0,9056
35092,35091,7,MDB_HOSPITAL_FLOW_METHOD_1.0,9060
35092,35092,8,MDB_HOSPITAL_FLOW_METHOD_1.0,9061
35092,35093,11,MDB_HOSPITAL_FLOW_METHOD_1.0,9062
35092,35093,7,MDB_HOSPITAL_FLOW_METHOD_1.0,9063
35081,35081,2736,MDB_HOSPITAL_FLOW_METHOD_1.0,9066
35081,35132,5,MDB_HOSPITAL_FLOW_METHOD_1.0,9069
35081,35016,6,MDB_HOSPITAL_FLOW_METHOD_1.0,9070
35012,35012,105,MDB_HOSPITAL_FLOW_METHOD_1.0,9074
35012,35012,591,MDB_HOSPITAL_FLOW_METHOD_1.0,9075
35012,35011,10,MDB_HOSPITAL_FLOW_METHOD_1.0,9076
35012,35073,15,MDB_HOSPITAL_FLOW_METHOD_1.0,9078
35012,35016,64,MDB_HOSPITAL_FLOW_METHOD_1.0,9081
35012,35012,898,MDB_HOSPITAL_FLOW_METHOD_1.0,9089
35012,35016,83,MDB_HOSPITAL_FLOW_METHOD_1.0,9094
35093,35091,7,MDB_HOSPITAL_FLOW_METHOD_1.0,9097
35093,35093,16,MDB_HOSPITAL_FLOW_METHOD_1.0,9099
35093,35093,23,MDB_HOSPITAL_FLOW_METHOD_1.0,9100
35093,35091,18,MDB_HOSPITAL_FLOW_METHOD_1.0,9102
35093,35093,1218,MDB_HOSPITAL_FLOW_METHOD_1.0,9104
35093,35093,48,MDB_HOSPITAL_FLOW_METHOD_1.0,9105
35157,35023,5,MDB_HOSPITAL_FLOW_METHOD_1.0,9113
35065,35063,11,MDB_HOSPITAL_FLOW_METHOD_1.0,9117
35065,35065,12,MDB_HOSPITAL_FLOW_METHOD_1.0,9118
35065,35064,13,MDB_HOSPITAL_FLOW_METHOD_1.0,9119
35065,35065,91,MDB_HOSPITAL_FLOW_METHOD_1.0,9120
35023,35023,10,MDB_HOSPITAL_FLOW_METHOD_1.0,9122
35065,35064,6,MDB_HOSPITAL_FLOW_METHOD_1.0,9124
35065,35065,17,MDB_HOSPITAL_FLOW_METHOD_1.0,9125
35093,35093,38,MDB_HOSPITAL_FLOW_METHOD_1.0,9131
35051,35051,127,MDB_HOSPITAL_FLOW_METHOD_1.0,9132
35051,35051,6,MDB_HOSPITAL_FLOW_METHOD_1.0,9134
35155,35155,87,MDB_HOSPITAL_FLOW_METHOD_1.0,9135
35162,35162,5,MDB_HOSPITAL_FLOW_METHOD_1.0,9136
35162,35163,22,MDB_HOSPITAL_FLOW_METHOD_1.0,9137
35083,35081,61,MDB_HOSPITAL_FLOW_METHOD_1.0,9138
35083,35083,27,MDB_HOSPITAL_FLOW_METHOD_1.0,9139
35083,35083,14,MDB_HOSPITAL_FLOW_METHOD_1.0,9140
35022,35023,11,MDB_HOSPITAL_FLOW_METHOD_1.0,9144
35051,35051,27,MDB_HOSPITAL_FLOW_METHOD_1.0,9145
35154,35151,14,MDB_HOSPITAL_FLOW_METHOD_1.0,9147
35093,35093,9,MDB_HOSPITAL_FLOW_METHOD_1.0,9150
35093,35093,34,MDB_HOSPITAL_FLOW_METHOD_1.0,9151
35021,35021,8,MDB_HOSPITAL_FLOW_METHOD_1.0,9152
35021,35023,62,MDB_HOSPITAL_FLOW_METHOD_1.0,9153
35011,35011,7,MDB_HOSPITAL_FLOW_METHOD_1.0,9155
35011,35011,21,MDB_HOSPITAL_FLOW_METHOD_1.0,9156
35011,35011,63,MDB_HOSPITAL_FLOW_METHOD_1.0,9159
35011,35016,5,MDB_HOSPITAL_FLOW_METHOD_1.0,9160
35172,35172,7,MDB_HOSPITAL_FLOW_METHOD_1.0,9162
35172,35141,165,MDB_HOSPITAL_FLOW_METHOD_1.0,9163
35172,35174,11,MDB_HOSPITAL_FLOW_METHOD_1.0,9164
35161,35163,6,MDB_HOSPITAL_FLOW_METHOD_1.0,9166
35131,35131,31,MDB_HOSPITAL_FLOW_METHOD_1.0,9167
35131,35132,69,MDB_HOSPITAL_FLOW_METHOD_1.0,9169
35131,35132,15,MDB_HOSPITAL_FLOW_METHOD_1.0,9171
35041,35141,54,MDB_HOSPITAL_FLOW_METHOD_1.0,9175
35041,35041,217,MDB_HOSPITAL_FLOW_METHOD_1.0,9177
35041,35016,12,MDB_HOSPITAL_FLOW_METHOD_1.0,9178
35011,35012,11,MDB_HOSPITAL_FLOW_METHOD_1.0,9191
35011,35011,2113,MDB_HOSPITAL_FLOW_METHOD_1.0,9192
35011,35141,19,MDB_HOSPITAL_FLOW_METHOD_1.0,9194
35011,35011,27,MDB_HOSPITAL_FLOW_METHOD_1.0,9195
35011,35011,9,MDB_HOSPITAL_FLOW_METHOD_1.0,9199
35011,35041,5,MDB_HOSPITAL_FLOW_METHOD_1.0,9201
35011,35016,399,MDB_HOSPITAL_FLOW_METHOD_1.0,9203
35132,35132,36,MDB_HOSPITAL_FLOW_METHOD_1.0,9209
35021,35023,19,MDB_HOSPITAL_FLOW_METHOD_1.0,9211
35095,35091,45,MDB_HOSPITAL_FLOW_METHOD_1.0,9212
35095,35093,23,MDB_HOSPITAL_FLOW_METHOD_1.0,9213
35095,35093,12,MDB_HOSPITAL_FLOW_METHOD_1.0,9214
35072,35074,19,MDB_HOSPITAL_FLOW_METHOD_1.0,9216
35072,35072,11,MDB_HOSPITAL_FLOW_METHOD_1.0,9217
35072,35072,15,MDB_HOSPITAL_FLOW_METHOD_1.0,9218
35072,35141,18,MDB_HOSPITAL_FLOW_METHOD_1.0,9219
35072,35074,15,MDB_HOSPITAL_FLOW_METHOD_1.0,9221
35072,35072,99,MDB_HOSPITAL_FLOW_METHOD_1.0,9223
35072,35072,13,MDB_HOSPITAL_FLOW_METHOD_1.0,9226
35072,35072,52,MDB_HOSPITAL_FLOW_METHOD_1.0,9227
35072,35141,7,MDB_HOSPITAL_FLOW_METHOD_1.0,9228
35072,35016,41,MDB_HOSPITAL_FLOW_METHOD_1.0,9230
35062,35063,8,MDB_HOSPITAL_FLOW_METHOD_1.0,9234
35062,35062,32,MDB_HOSPITAL_FLOW_METHOD_1.0,9235
35062,35064,21,MDB_HOSPITAL_FLOW_METHOD_1.0,9236
35095,35091,19,MDB_HOSPITAL_FLOW_METHOD_1.0,9238
35095,35093,12,MDB_HOSPITAL_FLOW_METHOD_1.0,9239
35095,52011,41,MDB_HOSPITAL_FLOW_METHOD_1.0,9241
35061,35064,6,MDB_HOSPITAL_FLOW_METHOD_1.0,9243
35032,35031,25,MDB_HOSPITAL_FLOW_METHOD_1.0,9248
35032,35033,5,MDB_HOSPITAL_FLOW_METHOD_1.0,9251
35032,35032,22,MDB_HOSPITAL_FLOW_METHOD_1.0,9252
35155,35155,69,MDB_HOSPITAL_FLOW_METHOD_1.0,9255
35033,35031,8,MDB_HOSPITAL_FLOW_METHOD_1.0,9261
35033,35033,246,MDB_HOSPITAL_FLOW_METHOD_1.0,9262
35163,35163,16,MDB_HOSPITAL_FLOW_METHOD_1.0,9267
35155,35155,31,MDB_HOSPITAL_FLOW_METHOD_1.0,9268
35113,35113,17,MDB_HOSPITAL_FLOW_METHOD_1.0,9269
35113,35112,44,MDB_HOSPITAL_FLOW_METHOD_1.0,9270
35064,35063,35,MDB_HOSPITAL_FLOW_METHOD_1.0,9274
35064,35064,34,MDB_HOSPITAL_FLOW_METHOD_1.0,9275
35083,35081,14,MDB_HOSPITAL_FLOW_METHOD_1.0,9276
35083,35083,75,MDB_HOSPITAL_FLOW_METHOD_1.0,9277
35171,35141,6,MDB_HOSPITAL_FLOW_METHOD_1.0,9281
35171,35171,16,MDB_HOSPITAL_FLOW_METHOD_1.0,9282
35121,35121,18,MDB_HOSPITAL_FLOW_METHOD_1.0,9285
35121,35163,12,MDB_HOSPITAL_FLOW_METHOD_1.0,9286
35173,35173,211,MDB_HOSPITAL_FLOW_METHOD_1.0,9287
35121,35121,31,MDB_HOSPITAL_FLOW_METHOD_1.0,9289
35121,35163,9,MDB_HOSPITAL_FLOW_METHOD_1.0,9291
35022,35022,94,MDB_HOSPITAL_FLOW_METHOD_1.0,9293
35022,35023,67,MDB_HOSPITAL_FLOW_METHOD_1.0,9294
35072,35074,9,MDB_HOSPITAL_FLOW_METHOD_1.0,9298
35072,35072,18,MDB_HOSPITAL_FLOW_METHOD_1.0,9299
35072,35072,1743,MDB_HOSPITAL_FLOW_METHOD_1.0,9301
35072,35016,9,MDB_HOSPITAL_FLOW_METHOD_1.0,9303
35112,35112,31,MDB_HOSPITAL_FLOW_METHOD_1.0,9306
35112,35112,49,MDB_HOSPITAL_FLOW_METHOD_1.0,9307
35154,35151,8,MDB_HOSPITAL_FLOW_METHOD_1.0,9309
35091,35091,40,MDB_HOSPITAL_FLOW_METHOD_1.0,9311
35091,35093,6,MDB_HOSPITAL_FLOW_METHOD_1.0,9313
35094,35091,27,MDB_HOSPITAL_FLOW_METHOD_1.0,9314
35094,35093,20,MDB_HOSPITAL_FLOW_METHOD_1.0,9316
35094,35093,9,MDB_HOSPITAL_FLOW_METHOD_1.0,9318
35163,35016,11,MDB_HOSPITAL_FLOW_METHOD_1.0,9321
35163,35163,16,MDB_HOSPITAL_FLOW_METHOD_1.0,9322
35104,35104,8,MDB_HOSPITAL_FLOW_METHOD_1.0,9324
35155,35152,17,MDB_HOSPITAL_FLOW_METHOD_1.0,9325
35155,35155,5,MDB_HOSPITAL_FLOW_METHOD_1.0,9326
35082,35081,18,MDB_HOSPITAL_FLOW_METHOD_1.0,9328
35082,35083,10,MDB_HOSPITAL_FLOW_METHOD_1.0,9329
35082,35082,97,MDB_HOSPITAL_FLOW_METHOD_1.0,9330
35082,35132,12,MDB_HOSPITAL_FLOW_METHOD_1.0,9331
35102,35104,18,MDB_HOSPITAL_FLOW_METHOD_1.0,9333
35151,35151,60,MDB_HOSPITAL_FLOW_METHOD_1.0,9334
35111,35111,8,MDB_HOSPITAL_FLOW_METHOD_1.0,9336
35111,35112,38,MDB_HOSPITAL_FLOW_METHOD_1.0,9337
35162,35163,9,MDB_HOSPITAL_FLOW_METHOD_1.0,9338
35061,35063,48,MDB_HOSPITAL_FLOW_METHOD_1.0,9339
35061,35064,27,MDB_HOSPITAL_FLOW_METHOD_1.0,9341
35151,35151,42,MDB_HOSPITAL_FLOW_METHOD_1.0,9343
35151,35151,18,MDB_HOSPITAL_FLOW_METHOD_1.0,9344
35041,35041,6,MDB_HOSPITAL_FLOW_METHOD_1.0,9348
35041,35141,5,MDB_HOSPITAL_FLOW_METHOD_1.0,9349
35041,35041,163,MDB_HOSPITAL_FLOW_METHOD_1.0,9351
35041,35016,10,MDB_HOSPITAL_FLOW_METHOD_1.0,9353
35013,35014,31,MDB_HOSPITAL_FLOW_METHOD_1.0,9358
35013,35013,21,MDB_HOSPITAL_FLOW_METHOD_1.0,9359
35013,35013,14,MDB_HOSPITAL_FLOW_METHOD_1.0,9361
35013,35014,17,MDB_HOSPITAL_FLOW_METHOD_1.0,9362
35013,35016,280,MDB_HOSPITAL_FLOW_METHOD_1.0,9366
35013,35013,112,MDB_HOSPITAL_FLOW_METHOD_1.0,9367
35161,35161,84,MDB_HOSPITAL_FLOW_METHOD_1.0,9369
35161,35161,44,MDB_HOSPITAL_FLOW_METHOD_1.0,9370
35161,35016,15,MDB_HOSPITAL_FLOW_METHOD_1.0,9371
35161,35163,36,MDB_HOSPITAL_FLOW_METHOD_1.0,9372
35162,35163,79,MDB_HOSPITAL_FLOW_METHOD_1.0,9377
35014,35014,43,MDB_HOSPITAL_FLOW_METHOD_1.0,9379
35014,35014,47,MDB_HOSPITAL_FLOW_METHOD_1.0,9380
35014,35013,72,MDB_HOSPITAL_FLOW_METHOD_1.0,9381
35014,35011,6,MDB_HOSPITAL_FLOW_METHOD_1.0,9382
35014,35014,109,MDB_HOSPITAL_FLOW_METHOD_1.0,9383
35014,35065,10,MDB_HOSPITAL_FLOW_METHOD_1.0,9386
35014,35014,8,MDB_HOSPITAL_FLOW_METHOD_1.0,9387
35014,35016,131,MDB_HOSPITAL_FLOW_METHOD_1.0,9389
35014,35013,9,MDB_HOSPITAL_FLOW_METHOD_1.0,9390
35141,35142,162,MDB_HOSPITAL_FLOW_METHOD_1.0,9392
35141,35141,1334,MDB_HOSPITAL_FLOW_METHOD_1.0,9393
35033,35031,22,MDB_HOSPITAL_FLOW_METHOD_1.0,9396
35033,35033,41,MDB_HOSPITAL_FLOW_METHOD_1.0,9398
35033,35033,12,MDB_HOSPITAL_FLOW_METHOD_1.0,9399
35061,35063,28,MDB_HOSPITAL_FLOW_METHOD_1.0,9403
35061,35061,103,MDB_HOSPITAL_FLOW_METHOD_1.0,9404
35061,35064,26,MDB_HOSPITAL_FLOW_METHOD_1.0,9405
35064,35063,17,MDB_HOSPITAL_FLOW_METHOD_1.0,9408
35064,35064,22,MDB_HOSPITAL_FLOW_METHOD_1.0,9409
35064,35064,13,MDB_HOSPITAL_FLOW_METHOD_1.0,9410
35022,35022,12,MDB_HOSPITAL_FLOW_METHOD_1.0,9412
35022,35023,12,MDB_HOSPITAL_FLOW_METHOD_1.0,9413
35011,35011,25,MDB_HOSPITAL_FLOW_METHOD_1.0,9420
35011,35011,73,MDB_HOSPITAL_FLOW_METHOD_1.0,9422
35011,35141,19,MDB_HOSPITAL_FLOW_METHOD_1.0,9423
35011,35011,1500,MDB_HOSPITAL_FLOW_METHOD_1.0,9424
35011,35011,13,MDB_HOSPITAL_FLOW_METHOD_1.0,9426
35011,35016,96,MDB_HOSPITAL_FLOW_METHOD_1.0,9429
35162,35162,10,MDB_HOSPITAL_FLOW_METHOD_1.0,9431
35162,35163,54,MDB_HOSPITAL_FLOW_METHOD_1.0,9433
35121,35121,9,MDB_HOSPITAL_FLOW_METHOD_1.0,9437
35072,35072,10,MDB_HOSPITAL_FLOW_METHOD_1.0,9440
35072,35074,44,MDB_HOSPITAL_FLOW_METHOD_1.0,9441
35072,35072,6,MDB_HOSPITAL_FLOW_METHOD_1.0,9442
35072,35072,16,MDB_HOSPITAL_FLOW_METHOD_1.0,9444
35072,35141,6,MDB_HOSPITAL_FLOW_METHOD_1.0,9445
35072,35072,32,MDB_HOSPITAL_FLOW_METHOD_1.0,9446
35072,35016,5,MDB_HOSPITAL_FLOW_METHOD_1.0,9450
35063,35063,25,MDB_HOSPITAL_FLOW_METHOD_1.0,9453
35063,35063,25,MDB_HOSPITAL_FLOW_METHOD_1.0,9454
35063,35064,21,MDB_HOSPITAL_FLOW_METHOD_1.0,9455
35104,35104,9,MDB_HOSPITAL_FLOW_METHOD_1.0,9459
35104,35016,11,MDB_HOSPITAL_FLOW_METHOD_1.0,9461
35081,35081,7,MDB_HOSPITAL_FLOW_METHOD_1.0,9462
35143,35142,16,MDB_HOSPITAL_FLOW_METHOD_1.0,9464
35143,35141,16,MDB_HOSPITAL_FLOW_METHOD_1.0,9465
35163,35101,18,MDB_HOSPITAL_FLOW_METHOD_1.0,9467
35163,35163,2553,MDB_HOSPITAL_FLOW_METHOD_1.0,9470
35163,35161,16,MDB_HOSPITAL_FLOW_METHOD_1.0,9475
35163,35016,8,MDB_HOSPITAL_FLOW_METHOD_1.0,9476
35163,35163,97,MDB_HOSPITAL_FLOW_METHOD_1.0,9477
35073,35072,5,MDB_HOSPITAL_FLOW_METHOD_1.0,9480
35073,35074,7,MDB_HOSPITAL_FLOW_METHOD_1.0,9481
35073,35072,30,MDB_HOSPITAL_FLOW_METHOD_1.0,9484
35073,35141,9,MDB_HOSPITAL_FLOW_METHOD_1.0,9485
35073,35073,145,MDB_HOSPITAL_FLOW_METHOD_1.0,9486
35073,35073,6,MDB_HOSPITAL_FLOW_METHOD_1.0,9487
35083,35081,91,MDB_HOSPITAL_FLOW_METHOD_1.0,9489
35083,35083,35,MDB_HOSPITAL_FLOW_METHOD_1.0,9490
35083,35083,214,MDB_HOSPITAL_FLOW_METHOD_1.0,9491
35083,35065,12,MDB_HOSPITAL_FLOW_METHOD_1.0,9492
35051,35051,19,MDB_HOSPITAL_FLOW_METHOD_1.0,9496
35131,35132,202,MDB_HOSPITAL_FLOW_METHOD_1.0,9499
35131,35132,29,MDB_HOSPITAL_FLOW_METHOD_1.0,9500
35171,35141,5,MDB_HOSPITAL_FLOW_METHOD_1.0,9504
35171,35171,1728,MDB_HOSPITAL_FLOW_METHOD_1.0,9505
35171,35171,35,MDB_HOSPITAL_FLOW_METHOD_1.0,9509
35171,35016,19,MDB_HOSPITAL_FLOW_METHOD_1.0,9510
35156,35156,144,MDB_HOSPITAL_FLOW_METHOD_1.0,9511
35156,35155,13,MDB_HOSPITAL_FLOW_METHOD_1.0,9512
35121,35121,20,MDB_HOSPITAL_FLOW_METHOD_1.0,9514
35121,35163,15,MDB_HOSPITAL_FLOW_METHOD_1.0,9516
35072,35074,73,MDB_HOSPITAL_FLOW_METHOD_1.0,9518
35072,35072,12,MDB_HOSPITAL_FLOW_METHOD_1.0,9519
35072,35072,53,MDB_HOSPITAL_FLOW_METHOD_1.0,9520
35072,35141,51,MDB_HOSPITAL_FLOW_METHOD_1.0,9521
35072,35072,83,MDB_HOSPITAL_FLOW_METHOD_1.0,9522
35153,35151,165,MDB_HOSPITAL_FLOW_METHOD_1.0,9523
35153,35155,16,MDB_HOSPITAL_FLOW_METHOD_1.0,9527
35171,35171,17,MDB_HOSPITAL_FLOW_METHOD_1.0,9529
35014,35014,58,MDB_HOSPITAL_FLOW_METHOD_1.0,9531
35014,35014,16,MDB_HOSPITAL_FLOW_METHOD_1.0,9532
35014,35014,12,MDB_HOSPITAL_FLOW_METHOD_1.0,9534
35014,35016,28,MDB_HOSPITAL_FLOW_METHOD_1.0,9536
35014,35013,14,MDB_HOSPITAL_FLOW_METHOD_1.0,9537
35132,35132,130,MDB_HOSPITAL_FLOW_METHOD_1.0,9539
35132,35132,6,MDB_HOSPITAL_FLOW_METHOD_1.0,9540
35132,35132,29,MDB_HOSPITAL_FLOW_METHOD_1.0,9541
35073,35074,20,MDB_HOSPITAL_FLOW_METHOD_1.0,9542
35073,35073,52,MDB_HOSPITAL_FLOW_METHOD_1.0,9546
35073,35073,8,MDB_HOSPITAL_FLOW_METHOD_1.0,9547
35064,35063,84,MDB_HOSPITAL_FLOW_METHOD_1.0,9551
35064,35064,1851,MDB_HOSPITAL_FLOW_METHOD_1.0,9552
35064,35065,31,MDB_HOSPITAL_FLOW_METHOD_1.0,9553
35064,35093,5,MDB_HOSPITAL_FLOW_METHOD_1.0,9554
35064,35016,8,MDB_HOSPITAL_FLOW_METHOD_1.0,9556
35071,35074,6,MDB_HOSPITAL_FLOW_METHOD_1.0,9560
35071,35072,9,MDB_HOSPITAL_FLOW_METHOD_1.0,9563
35071,35141,9,MDB_HOSPITAL_FLOW_METHOD_1.0,9564
35113,35065,36,MDB_HOSPITAL_FLOW_METHOD_1.0,9566
35113,35112,31,MDB_HOSPITAL_FLOW_METHOD_1.0,9567
35113,35113,16,MDB_HOSPITAL_FLOW_METHOD_1.0,9568
35156,35155,81,MDB_HOSPITAL_FLOW_METHOD_1.0,9572
35093,35093,22,MDB_HOSPITAL_FLOW_METHOD_1.0,9576
35093,35093,17,MDB_HOSPITAL_FLOW_METHOD_1.0,9577
35073,35072,8,MDB_HOSPITAL_FLOW_METHOD_1.0,9581
35073,35074,75,MDB_HOSPITAL_FLOW_METHOD_1.0,9582
35073,35011,8,MDB_HOSPITAL_FLOW_METHOD_1.0,9587
35073,35072,51,MDB_HOSPITAL_FLOW_METHOD_1.0,9588
35073,35141,16,MDB_HOSPITAL_FLOW_METHOD_1.0,9589
35073,35073,2066,MDB_HOSPITAL_FLOW_METHOD_1.0,9592
35073,35016,23,MDB_HOSPITAL_FLOW_METHOD_1.0,9594
35073,35073,15,MDB_HOSPITAL_FLOW_METHOD_1.0,9595
35111,35111,79,MDB_HOSPITAL_FLOW_METHOD_1.0,9596
35111,35112,68,MDB_HOSPITAL_FLOW_METHOD_1.0,9597
35111,35095,37,MDB_HOSPITAL_FLOW_METHOD_1.0,9599
35121,35121,20,MDB_HOSPITAL_FLOW_METHOD_1.0,9600
35121,35163,26,MDB_HOSPITAL_FLOW_METHOD_1.0,9602
35013,35013,5,MDB_HOSPITAL_FLOW_METHOD_1.0,9604
35013,35016,14,MDB_HOSPITAL_FLOW_METHOD_1.0,9608
35013,35013,17,MDB_HOSPITAL_FLOW_METHOD_1.0,9609
35063,35063,45,MDB_HOSPITAL_FLOW_METHOD_1.0,9612
35063,35064,22,MDB_HOSPITAL_FLOW_METHOD_1.0,9613
35063,35063,31,MDB_HOSPITAL_FLOW_METHOD_1.0,9614
35063,35016,13,MDB_HOSPITAL_FLOW_METHOD_1.0,9615
35022,35016,12,MDB_HOSPITAL_FLOW_METHOD_1.0,9618
35172,35172,18,MDB_HOSPITAL_FLOW_METHOD_1.0,9619
35172,35141,8,MDB_HOSPITAL_FLOW_METHOD_1.0,9620
35101,35141,10,MDB_HOSPITAL_FLOW_METHOD_1.0,9625
35101,35101,67,MDB_HOSPITAL_FLOW_METHOD_1.0,9627
35101,35104,291,MDB_HOSPITAL_FLOW_METHOD_1.0,9628
35062,35063,79,MDB_HOSPITAL_FLOW_METHOD_1.0,9631
35062,35064,119,MDB_HOSPITAL_FLOW_METHOD_1.0,9632
35102,35101,89,MDB_HOSPITAL_FLOW_METHOD_1.0,9636
35102,35102,731,MDB_HOSPITAL_FLOW_METHOD_1.0,9639
35102,35132,10,MDB_HOSPITAL_FLOW_METHOD_1.0,9641
35102,35104,56,MDB_HOSPITAL_FLOW_METHOD_1.0,9642
35074,35074,11,MDB_HOSPITAL_FLOW_METHOD_1.0,9643
35074,35074,19,MDB_HOSPITAL_FLOW_METHOD_1.0,9645
35074,35072,7,MDB_HOSPITAL_FLOW_METHOD_1.0,9647
35065,35063,41,MDB_HOSPITAL_FLOW_METHOD_1.0,9649
35065,35064,100,MDB_HOSPITAL_FLOW_METHOD_1.0,9650
35065,35065,405,MDB_HOSPITAL_FLOW_METHOD_1.0,9651
35065,35093,8,MDB_HOSPITAL_FLOW_METHOD_1.0,9652
35172,33005,5,MDB_HOSPITAL_FLOW_METHOD_1.0,9656
35172,35141,80,MDB_HOSPITAL_FLOW_METHOD_1.0,9658
35172,35172,23,MDB_HOSPITAL_FLOW_METHOD_1.0,9659
35172,35174,10,MDB_HOSPITAL_FLOW_METHOD_1.0,9660
35073,35074,50,MDB_HOSPITAL_FLOW_METHOD_1.0,9663
35073,35072,20,MDB_HOSPITAL_FLOW_METHOD_1.0,9665
35073,35141,17,MDB_HOSPITAL_FLOW_METHOD_1.0,9666
35073,35073,7,MDB_HOSPITAL_FLOW_METHOD_1.0,9667
35091,35091,231,MDB_HOSPITAL_FLOW_METHOD_1.0,9670
35091,35093,56,MDB_HOSPITAL_FLOW_METHOD_1.0,9671
35091,35091,10,MDB_HOSPITAL_FLOW_METHOD_1.0,9672
35062,35062,10,MDB_HOSPITAL_FLOW_METHOD_1.0,9675
35132,35132,32,MDB_HOSPITAL_FLOW_METHOD_1.0,9677
35132,35132,10,MDB_HOSPITAL_FLOW_METHOD_1.0,9678
35093,35093,12,MDB_HOSPITAL_FLOW_METHOD_1.0,9682
35093,35093,28,MDB_HOSPITAL_FLOW_METHOD_1.0,9683
35092,35093,10,MDB_HOSPITAL_FLOW_METHOD_1.0,9686
35062,35063,16,MDB_HOSPITAL_FLOW_METHOD_1.0,9688
35062,35064,59,MDB_HOSPITAL_FLOW_METHOD_1.0,9689
35062,35062,19,MDB_HOSPITAL_FLOW_METHOD_1.0,9691
35157,35151,6,MDB_HOSPITAL_FLOW_METHOD_1.0,9692
35157,35151,19,MDB_HOSPITAL_FLOW_METHOD_1.0,9698
35163,35163,6,MDB_HOSPITAL_FLOW_METHOD_1.0,9702
35163,35163,33,MDB_HOSPITAL_FLOW_METHOD_1.0,9703
35012,35012,315,MDB_HOSPITAL_FLOW_METHOD_1.0,9705
35012,35012,246,MDB_HOSPITAL_FLOW_METHOD_1.0,9708
35012,35016,44,MDB_HOSPITAL_FLOW_METHOD_1.0,9709
35061,35063,7,MDB_HOSPITAL_FLOW_METHOD_1.0,9711
35061,35064,39,MDB_HOSPITAL_FLOW_METHOD_1.0,9712
35114,35112,8,MDB_HOSPITAL_FLOW_METHOD_1.0,9714
35114,35114,38,MDB_HOSPITAL_FLOW_METHOD_1.0,9715
35092,35091,35,MDB_HOSPITAL_FLOW_METHOD_1.0,9717
35092,35092,16,MDB_HOSPITAL_FLOW_METHOD_1.0,9718
35092,35093,32,MDB_HOSPITAL_FLOW_METHOD_1.0,9719
35151,35151,15,MDB_HOSPITAL_FLOW_METHOD_1.0,9723
35151,35151,10,MDB_HOSPITAL_FLOW_METHOD_1.0,9724
35091,35091,73,MDB_HOSPITAL_FLOW_METHOD_1.0,9725
35093,35091,111,MDB_HOSPITAL_FLOW_METHOD_1.0,9727
35093,35093,397,MDB_HOSPITAL_FLOW_METHOD_1.0,9729
35093,35065,6,MDB_HOSPITAL_FLOW_METHOD_1.0,9730
35093,35093,2770,MDB_HOSPITAL_FLOW_METHOD_1.0,9731
35093,35016,13,MDB_HOSPITAL_FLOW_METHOD_1.0,9734
35093,35095,18,MDB_HOSPITAL_FLOW_METHOD_1.0,9735
35112,35112,96,MDB_HOSPITAL_FLOW_METHOD_1.0,9740
35112,35112,98,MDB_HOSPITAL_FLOW_METHOD_1.0,9741
35033,35031,29,MDB_HOSPITAL_FLOW_METHOD_1.0,9744
35033,35033,230,MDB_HOSPITAL_FLOW_METHOD_1.0,9746
35033,35032,11,MDB_HOSPITAL_FLOW_METHOD_1.0,9747
35015,35015,11,MDB_HOSPITAL_FLOW_METHOD_1.0,9750
35015,35015,849,MDB_HOSPITAL_FLOW_METHOD_1.0,9753
35015,35132,5,MDB_HOSPITAL_FLOW_METHOD_1.0,9754
35015,35015,21,MDB_HOSPITAL_FLOW_METHOD_1.0,9755
35015,35015,5,MDB_HOSPITAL_FLOW_METHOD_1.0,9756
35015,35016,52,MDB_HOSPITAL_FLOW_METHOD_1.0,9758
35156,35155,23,MDB_HOSPITAL_FLOW_METHOD_1.0,9762
35153,35151,6,MDB_HOSPITAL_FLOW_METHOD_1.0,9766
35083,35081,29,MDB_HOSPITAL_FLOW_METHOD_1.0,9768
35083,35083,22,MDB_HOSPITAL_FLOW_METHOD_1.0,9769
35083,35083,14,MDB_HOSPITAL_FLOW_METHOD_1.0,9771
35064,35063,30,MDB_HOSPITAL_FLOW_METHOD_1.0,9773
35064,35064,196,MDB_HOSPITAL_FLOW_METHOD_1.0,9775
35121,35141,10,MDB_HOSPITAL_FLOW_METHOD_1.0,9778
35121,35121,11,MDB_HOSPITAL_FLOW_METHOD_1.0,9780
35121,35016,6,MDB_HOSPITAL_FLOW_METHOD_1.0,9781
35121,35163,6,MDB_HOSPITAL_FLOW_METHOD_1.0,9782
35154,35151,5,MDB_HOSPITAL_FLOW_METHOD_1.0,9783
35022,35022,28,MDB_HOSPITAL_FLOW_METHOD_1.0,9784
35022,35023,21,MDB_HOSPITAL_FLOW_METHOD_1.0,9785
35022,35016,8,MDB_HOSPITAL_FLOW_METHOD_1.0,9786
35115,35065,36,MDB_HOSPITAL_FLOW_METHOD_1.0,9787
35115,35112,107,MDB_HOSPITAL_FLOW_METHOD_1.0,9788
35155,35155,301,MDB_HOSPITAL_FLOW_METHOD_1.0,9792
35155,35155,68,MDB_HOSPITAL_FLOW_METHOD_1.0,9793
35143,35142,31,MDB_HOSPITAL_FLOW_METHOD_1.0,9796
35143,35141,158,MDB_HOSPITAL_FLOW_METHOD_1.0,9798
35143,35143,320,MDB_HOSPITAL_FLOW_METHOD_1.0,9799
35143,35132,9,MDB_HOSPITAL_FLOW_METHOD_1.0,9800
35011,35015,11,MDB_HOSPITAL_FLOW_METHOD_1.0,9803
35011,35011,10,MDB_HOSPITAL_FLOW_METHOD_1.0,9804
35011,35011,126,MDB_HOSPITAL_FLOW_METHOD_1.0,9806
35011,35011,19,MDB_HOSPITAL_FLOW_METHOD_1.0,9808
35011,35011,1314,MDB_HOSPITAL_FLOW_METHOD_1.0,9810
35011,35016,140,MDB_HOSPITAL_FLOW_METHOD_1.0,9813
35141,35072,7,MDB_HOSPITAL_FLOW_METHOD_1.0,9816
35141,35142,501,MDB_HOSPITAL_FLOW_METHOD_1.0,9817
35141,35141,856,MDB_HOSPITAL_FLOW_METHOD_1.0,9818
35141,35142,154,MDB_HOSPITAL_FLOW_METHOD_1.0,9824
35141,35141,457,MDB_HOSPITAL_FLOW_METHOD_1.0,9825
35141,35141,113,MDB_HOSPITAL_FLOW_METHOD_1.0,9826
35103,35104,14,MDB_HOSPITAL_FLOW_METHOD_1.0,9829
35041,35041,14,MDB_HOSPITAL_FLOW_METHOD_1.0,9833
35041,35041,84,MDB_HOSPITAL_FLOW_METHOD_1.0,9836
35074,35074,50,MDB_HOSPITAL_FLOW_METHOD_1.0,9840
35074,35072,14,MDB_HOSPITAL_FLOW_METHOD_1.0,9842
35131,35131,45,MDB_HOSPITAL_FLOW_METHOD_1.0,9845
35131,35132,74,MDB_HOSPITAL_FLOW_METHOD_1.0,9846
35131,35132,13,MDB_HOSPITAL_FLOW_METHOD_1.0,9847
35156,35155,55,MDB_HOSPITAL_FLOW_METHOD_1.0,9848
35156,35155,38,MDB_HOSPITAL_FLOW_METHOD_1.0,9849
35052,35051,14,MDB_HOSPITAL_FLOW_METHOD_1.0,9850
35111,35112,23,MDB_HOSPITAL_FLOW_METHOD_1.0,9855
35072,35072,10,MDB_HOSPITAL_FLOW_METHOD_1.0,9858
35072,35074,22,MDB_HOSPITAL_FLOW_METHOD_1.0,9859
35072,35072,42,MDB_HOSPITAL_FLOW_METHOD_1.0,9860
35072,35072,69,MDB_HOSPITAL_FLOW_METHOD_1.0,9862
35072,35141,41,MDB_HOSPITAL_FLOW_METHOD_1.0,9863
35072,35072,37,MDB_HOSPITAL_FLOW_METHOD_1.0,9864
35082,35081,32,MDB_HOSPITAL_FLOW_METHOD_1.0,9867
35082,35083,6,MDB_HOSPITAL_FLOW_METHOD_1.0,9868
35082,35082,106,MDB_HOSPITAL_FLOW_METHOD_1.0,9870
35082,35132,5,MDB_HOSPITAL_FLOW_METHOD_1.0,9871
35072,35074,34,MDB_HOSPITAL_FLOW_METHOD_1.0,9873
35072,35072,7,MDB_HOSPITAL_FLOW_METHOD_1.0,9875
35031,35031,12,MDB_HOSPITAL_FLOW_METHOD_1.0,9878
35031,35032,5,MDB_HOSPITAL_FLOW_METHOD_1.0,9880
35113,35113,6,MDB_HOSPITAL_FLOW_METHOD_1.0,9884
35113,35112,20,MDB_HOSPITAL_FLOW_METHOD_1.0,9885
35112,35112,109,MDB_HOSPITAL_FLOW_METHOD_1.0,9886
35174,35141,14,MDB_HOSPITAL_FLOW_METHOD_1.0,9887
35174,35174,5,MDB_HOSPITAL_FLOW_METHOD_1.0,9888
35071,35074,20,MDB_HOSPITAL_FLOW_METHOD_1.0,9890
35071,35072,18,MDB_HOSPITAL_FLOW_METHOD_1.0,9891
35071,35141,9,MDB_HOSPITAL_FLOW_METHOD_1.0,9892
35155,35155,44,MDB_HOSPITAL_FLOW_METHOD_1.0,9894
35157,35151,33,MDB_HOSPITAL_FLOW_METHOD_1.0,9895
35157,35157,397,MDB_HOSPITAL_FLOW_METHOD_1.0,9896
35156,35155,5,MDB_HOSPITAL_FLOW_METHOD_1.0,9900
35155,35155,29,MDB_HOSPITAL_FLOW_METHOD_1.0,9901
35033,35031,6,MDB_HOSPITAL_FLOW_METHOD_1.0,9905
35033,35033,20,MDB_HOSPITAL_FLOW_METHOD_1.0,9906
35155,35155,118,MDB_HOSPITAL_FLOW_METHOD_1.0,9910
35111,35112,34,MDB_HOSPITAL_FLOW_METHOD_1.0,9913
35151,35151,27,MDB_HOSPITAL_FLOW_METHOD_1.0,9916
35072,35072,15,MDB_HOSPITAL_FLOW_METHOD_1.0,9920
35072,35074,104,MDB_HOSPITAL_FLOW_METHOD_1.0,9921
35072,35072,10,MDB_HOSPITAL_FLOW_METHOD_1.0,9922
35072,35072,39,MDB_HOSPITAL_FLOW_METHOD_1.0,9924
35072,35141,22,MDB_HOSPITAL_FLOW_METHOD_1.0,9925
35072,35072,83,MDB_HOSPITAL_FLOW_METHOD_1.0,9926
35151,35151,145,MDB_HOSPITAL_FLOW_METHOD_1.0,9929
35082,35081,16,MDB_HOSPITAL_FLOW_METHOD_1.0,9933
35082,35083,6,MDB_HOSPITAL_FLOW_METHOD_1.0,9934
35093,35093,40,MDB_HOSPITAL_FLOW_METHOD_1.0,9939
35094,35091,9,MDB_HOSPITAL_FLOW_METHOD_1.0,9940
35094,35093,19,MDB_HOSPITAL_FLOW_METHOD_1.0,9941
35051,35051,122,MDB_HOSPITAL_FLOW_METHOD_1.0,9942
35155,35155,16,MDB_HOSPITAL_FLOW_METHOD_1.0,9947
35093,35091,5,MDB_HOSPITAL_FLOW_METHOD_1.0,9948
35093,35093,6,MDB_HOSPITAL_FLOW_METHOD_1.0,9949
35093,35093,28,MDB_HOSPITAL_FLOW_METHOD_1.0,9950
35155,35155,11,MDB_HOSPITAL_FLOW_METHOD_1.0,9951
35082,35081,118,MDB_HOSPITAL_FLOW_METHOD_1.0,9952
35082,35083,35,MDB_HOSPITAL_FLOW_METHOD_1.0,9953
35082,35082,57,MDB_HOSPITAL_FLOW_METHOD_1.0,9954
35082,35132,16,MDB_HOSPITAL_FLOW_METHOD_1.0,9955
35014,35014,53,MDB_HOSPITAL_FLOW_METHOD_1.0,9959
35014,35014,88,MDB_HOSPITAL_FLOW_METHOD_1.0,9962
35014,35013,11,MDB_HOSPITAL_FLOW_METHOD_1.0,9963
35014,35014,35,MDB_HOSPITAL_FLOW_METHOD_1.0,9967
35014,35141,8,MDB_HOSPITAL_FLOW_METHOD_1.0,9968
35014,35014,376,MDB_HOSPITAL_FLOW_METHOD_1.0,9970
35014,35016,264,MDB_HOSPITAL_FLOW_METHOD_1.0,9974
35014,35013,13,MDB_HOSPITAL_FLOW_METHOD_1.0,9975
35093,35093,9,MDB_HOSPITAL_FLOW_METHOD_1.0,9978
35091,35091,270,MDB_HOSPITAL_FLOW_METHOD_1.0,9979
35091,35093,65,MDB_HOSPITAL_FLOW_METHOD_1.0,9982
35091,35093,32,MDB_HOSPITAL_FLOW_METHOD_1.0,9984
35091,35091,10,MDB_HOSPITAL_FLOW_METHOD_1.0,9985
35094,35091,83,MDB_HOSPITAL_FLOW_METHOD_1.0,9987
35094,35092,12,MDB_HOSPITAL_FLOW_METHOD_1.0,9988
35094,35093,76,MDB_HOSPITAL_FLOW_METHOD_1.0,9989
35094,35093,27,MDB_HOSPITAL_FLOW_METHOD_1.0,9990
35094,35094,23,MDB_HOSPITAL_FLOW_METHOD_1.0,9991
35154,35151,24,MDB_HOSPITAL_FLOW_METHOD_1.0,9994
35111,35111,10,MDB_HOSPITAL_FLOW_METHOD_1.0,9999
35111,35112,54,MDB_HOSPITAL_FLOW_METHOD_1.0,10000
35091,35091,78,MDB_HOSPITAL_FLOW_METHOD_1.0,10001
35091,35093,18,MDB_HOSPITAL_FLOW_METHOD_1.0,10003
35091,35093,7,MDB_HOSPITAL_FLOW_METHOD_1.0,10004
35091,35016,14,MDB_HOSPITAL_FLOW_METHOD_1.0,10006
35155,35155,90,MDB_HOSPITAL_FLOW_METHOD_1.0,10007
35151,35151,21,MDB_HOSPITAL_FLOW_METHOD_1.0,10008
35153,35151,29,MDB_HOSPITAL_FLOW_METHOD_1.0,10010
35153,35155,13,MDB_HOSPITAL_FLOW_METHOD_1.0,10012
35092,35091,30,MDB_HOSPITAL_FLOW_METHOD_1.0,10013
35092,35092,15,MDB_HOSPITAL_FLOW_METHOD_1.0,10014
35092,35093,35,MDB_HOSPITAL_FLOW_METHOD_1.0,10015
35092,35093,13,MDB_HOSPITAL_FLOW_METHOD_1.0,10016
35111,35111,12,MDB_HOSPITAL_FLOW_METHOD_1.0,10018
35111,35112,112,MDB_HOSPITAL_FLOW_METHOD_1.0,10020
35092,35091,73,MDB_HOSPITAL_FLOW_METHOD_1.0,10022
35092,35092,11,MDB_HOSPITAL_FLOW_METHOD_1.0,10023
35092,35093,136,MDB_HOSPITAL_FLOW_METHOD_1.0,10024
35092,35093,9,MDB_HOSPITAL_FLOW_METHOD_1.0,10025
35092,35092,15,MDB_HOSPITAL_FLOW_METHOD_1.0,10026
35171,35171,21,MDB_HOSPITAL_FLOW_METHOD_1.0,10027
35151,35151,12,MDB_HOSPITAL_FLOW_METHOD_1.0,10028
35061,35063,22,MDB_HOSPITAL_FLOW_METHOD_1.0,10030
35061,35064,20,MDB_HOSPITAL_FLOW_METHOD_1.0,10031
35153,35151,15,MDB_HOSPITAL_FLOW_METHOD_1.0,10034
35095,35091,95,MDB_HOSPITAL_FLOW_METHOD_1.0,10035
35095,35092,5,MDB_HOSPITAL_FLOW_METHOD_1.0,10036
35095,35093,28,MDB_HOSPITAL_FLOW_METHOD_1.0,10037
35095,35095,5,MDB_HOSPITAL_FLOW_METHOD_1.0,10039
35063,35063,25,MDB_HOSPITAL_FLOW_METHOD_1.0,10040
35121,35121,18,MDB_HOSPITAL_FLOW_METHOD_1.0,10044
35121,35121,25,MDB_HOSPITAL_FLOW_METHOD_1.0,10045
35157,35151,5,MDB_HOSPITAL_FLOW_METHOD_1.0,10047
35081,35081,62,MDB_HOSPITAL_FLOW_METHOD_1.0,10051
35111,35112,70,MDB_HOSPITAL_FLOW_METHOD_1.0,10054
35072,35074,45,MDB_HOSPITAL_FLOW_METHOD_1.0,10056
35072,35072,16,MDB_HOSPITAL_FLOW_METHOD_1.0,10057
35072,35072,9,MDB_HOSPITAL_FLOW_METHOD_1.0,10058
35072,35141,27,MDB_HOSPITAL_FLOW_METHOD_1.0,10059
35072,35072,290,MDB_HOSPITAL_FLOW_METHOD_1.0,10060
35072,35016,8,MDB_HOSPITAL_FLOW_METHOD_1.0,10061
35155,35155,35,MDB_HOSPITAL_FLOW_METHOD_1.0,10063
35062,35063,38,MDB_HOSPITAL_FLOW_METHOD_1.0,10064
35062,35064,126,MDB_HOSPITAL_FLOW_METHOD_1.0,10065
35071,35074,20,MDB_HOSPITAL_FLOW_METHOD_1.0,10068
35071,35071,11,MDB_HOSPITAL_FLOW_METHOD_1.0,10069
35081,35081,27,MDB_HOSPITAL_FLOW_METHOD_1.0,10073
35072,35072,12,MDB_HOSPITAL_FLOW_METHOD_1.0,10076
35072,35074,249,MDB_HOSPITAL_FLOW_METHOD_1.0,10077
35072,35072,8,MDB_HOSPITAL_FLOW_METHOD_1.0,10078
35072,35072,60,MDB_HOSPITAL_FLOW_METHOD_1.0,10079
35072,35141,59,MDB_HOSPITAL_FLOW_METHOD_1.0,10080
35121,35121,5,MDB_HOSPITAL_FLOW_METHOD_1.0,10085
35023,35023,272,MDB_HOSPITAL_FLOW_METHOD_1.0,10087
35022,35023,15,MDB_HOSPITAL_FLOW_METHOD_1.0,10090
35063,35063,24,MDB_HOSPITAL_FLOW_METHOD_1.0,10091
35063,35064,12,MDB_HOSPITAL_FLOW_METHOD_1.0,10093
35041,35041,128,MDB_HOSPITAL_FLOW_METHOD_1.0,10097
35163,35163,78,MDB_HOSPITAL_FLOW_METHOD_1.0,10103
35163,35163,17,MDB_HOSPITAL_FLOW_METHOD_1.0,10105
35163,35163,21,MDB_HOSPITAL_FLOW_METHOD_1.0,10107
35163,35163,8,MDB_HOSPITAL_FLOW_METHOD_1.0,10109
35174,35141,327,MDB_HOSPITAL_FLOW_METHOD_1.0,10114
35174,35065,7,MDB_HOSPITAL_FLOW_METHOD_1.0,10116
35174,35016,7,MDB_HOSPITAL_FLOW_METHOD_1.0,10118
35174,35174,27,MDB_HOSPITAL_FLOW_METHOD_1.0,10119
35151,35151,81,MDB_HOSPITAL_FLOW_METHOD_1.0,10121
35071,35074,33,MDB_HOSPITAL_FLOW_METHOD_1.0,10122
35071,35071,13,MDB_HOSPITAL_FLOW_METHOD_1.0,10123
35071,35072,9,MDB_HOSPITAL_FLOW_METHOD_1.0,10124
35071,35141,14,MDB_HOSPITAL_FLOW_METHOD_1.0,10125
35114,35112,6,MDB_HOSPITAL_FLOW_METHOD_1.0,10127
35114,35114,30,MDB_HOSPITAL_FLOW_METHOD_1.0,10128
35172,35141,14,MDB_HOSPITAL_FLOW_METHOD_1.0,10130
35071,35074,21,MDB_HOSPITAL_FLOW_METHOD_1.0,10132
35071,35141,21,MDB_HOSPITAL_FLOW_METHOD_1.0,10134
35071,35071,31,MDB_HOSPITAL_FLOW_METHOD_1.0,10135
35103,35072,6,MDB_HOSPITAL_FLOW_METHOD_1.0,10137
35103,35101,24,MDB_HOSPITAL_FLOW_METHOD_1.0,10138
35103,35072,8,MDB_HOSPITAL_FLOW_METHOD_1.0,10139
35103,35141,13,MDB_HOSPITAL_FLOW_METHOD_1.0,10141
35103,35103,37,MDB_HOSPITAL_FLOW_METHOD_1.0,10145
35103,35104,691,MDB_HOSPITAL_FLOW_METHOD_1.0,10146
35103,35016,26,MDB_HOSPITAL_FLOW_METHOD_1.0,10148
35061,35063,22,MDB_HOSPITAL_FLOW_METHOD_1.0,10152
35061,35064,49,MDB_HOSPITAL_FLOW_METHOD_1.0,10153
35062,35063,18,MDB_HOSPITAL_FLOW_METHOD_1.0,10158
35062,35064,32,MDB_HOSPITAL_FLOW_METHOD_1.0,10160
35062,35062,94,MDB_HOSPITAL_FLOW_METHOD_1.0,10162
35062,35016,5,MDB_HOSPITAL_FLOW_METHOD_1.0,10163
35151,35151,48,MDB_HOSPITAL_FLOW_METHOD_1.0,10164
35014,35016,5,MDB_HOSPITAL_FLOW_METHOD_1.0,10173
35112,35112,213,MDB_HOSPITAL_FLOW_METHOD_1.0,10174
35101,35141,6,MDB_HOSPITAL_FLOW_METHOD_1.0,10177
35101,35101,48,MDB_HOSPITAL_FLOW_METHOD_1.0,10178
35101,35104,82,MDB_HOSPITAL_FLOW_METHOD_1.0,10179
35062,35064,15,MDB_HOSPITAL_FLOW_METHOD_1.0,10182
35131,35131,133,MDB_HOSPITAL_FLOW_METHOD_1.0,10188
35131,35132,75,MDB_HOSPITAL_FLOW_METHOD_1.0,10189
35131,35132,12,MDB_HOSPITAL_FLOW_METHOD_1.0,10190
35156,35155,21,MDB_HOSPITAL_FLOW_METHOD_1.0,10191
35092,35091,17,MDB_HOSPITAL_FLOW_METHOD_1.0,10192
35092,35092,5,MDB_HOSPITAL_FLOW_METHOD_1.0,10193
35092,35093,23,MDB_HOSPITAL_FLOW_METHOD_1.0,10194
35011,35011,128,MDB_HOSPITAL_FLOW_METHOD_1.0,10197
35011,35011,8,MDB_HOSPITAL_FLOW_METHOD_1.0,10198
35011,35011,79,MDB_HOSPITAL_FLOW_METHOD_1.0,10199
35011,35011,11,MDB_HOSPITAL_FLOW_METHOD_1.0,10201
35011,35016,33,MDB_HOSPITAL_FLOW_METHOD_1.0,10202
35156,35155,24,MDB_HOSPITAL_FLOW_METHOD_1.0,10203
35093,35091,5,MDB_HOSPITAL_FLOW_METHOD_1.0,10204
35093,35093,21,MDB_HOSPITAL_FLOW_METHOD_1.0,10205
35093,35093,33,MDB_HOSPITAL_FLOW_METHOD_1.0,10206
35065,35062,21,MDB_HOSPITAL_FLOW_METHOD_1.0,10214
35131,31016,5,MDB_HOSPITAL_FLOW_METHOD_1.0,10215
35131,35132,115,MDB_HOSPITAL_FLOW_METHOD_1.0,10216
35131,35132,22,MDB_HOSPITAL_FLOW_METHOD_1.0,10217
35153,35151,7,MDB_HOSPITAL_FLOW_METHOD_1.0,10218
35153,35155,5,MDB_HOSPITAL_FLOW_METHOD_1.0,10220
35063,35063,19,MDB_HOSPITAL_FLOW_METHOD_1.0,10226
35163,35163,39,MDB_HOSPITAL_FLOW_METHOD_1.0,10229
35163,35163,22,MDB_HOSPITAL_FLOW_METHOD_1.0,10232
35032,35031,51,MDB_HOSPITAL_FLOW_METHOD_1.0,10233
35032,35033,5,MDB_HOSPITAL_FLOW_METHOD_1.0,10234
35032,35033,7,MDB_HOSPITAL_FLOW_METHOD_1.0,10235
35032,35132,15,MDB_HOSPITAL_FLOW_METHOD_1.0,10237
35032,35032,6,MDB_HOSPITAL_FLOW_METHOD_1.0,10238
35172,35141,44,MDB_HOSPITAL_FLOW_METHOD_1.0,10241
35155,35155,138,MDB_HOSPITAL_FLOW_METHOD_1.0,10245
35091,35091,40,MDB_HOSPITAL_FLOW_METHOD_1.0,10246
35091,35016,7,MDB_HOSPITAL_FLOW_METHOD_1.0,10248
35131,35132,52,MDB_HOSPITAL_FLOW_METHOD_1.0,10249
35131,35132,14,MDB_HOSPITAL_FLOW_METHOD_1.0,10250
35041,35141,38,MDB_HOSPITAL_FLOW_METHOD_1.0,10255
35041,35041,1316,MDB_HOSPITAL_FLOW_METHOD_1.0,10257
35041,35041,38,MDB_HOSPITAL_FLOW_METHOD_1.0,10259
35041,35016,19,MDB_HOSPITAL_FLOW_METHOD_1.0,10261
35063,35063,7,MDB_HOSPITAL_FLOW_METHOD_1.0,10264
35063,35064,14,MDB_HOSPITAL_FLOW_METHOD_1.0,10265
35063,35063,18,MDB_HOSPITAL_FLOW_METHOD_1.0,10266
35062,35062,6,MDB_HOSPITAL_FLOW_METHOD_1.0,10270
35112,35112,97,MDB_HOSPITAL_FLOW_METHOD_1.0,10271
35114,35114,52,MDB_HOSPITAL_FLOW_METHOD_1.0,10275
35114,35112,139,MDB_HOSPITAL_FLOW_METHOD_1.0,10276
35114,35114,24,MDB_HOSPITAL_FLOW_METHOD_1.0,10277
35112,35112,2077,MDB_HOSPITAL_FLOW_METHOD_1.0,10280
35112,35132,6,MDB_HOSPITAL_FLOW_METHOD_1.0,10282
35112,35095,17,MDB_HOSPITAL_FLOW_METHOD_1.0,10285
35114,35112,122,MDB_HOSPITAL_FLOW_METHOD_1.0,10291
35114,35114,383,MDB_HOSPITAL_FLOW_METHOD_1.0,10292
35065,35063,26,MDB_HOSPITAL_FLOW_METHOD_1.0,10295
35065,35064,23,MDB_HOSPITAL_FLOW_METHOD_1.0,10296
35065,35065,44,MDB_HOSPITAL_FLOW_METHOD_1.0,10297
35065,35065,16,MDB_HOSPITAL_FLOW_METHOD_1.0,10298
35113,35112,19,MDB_HOSPITAL_FLOW_METHOD_1.0,10301
35113,35113,41,MDB_HOSPITAL_FLOW_METHOD_1.0,10302
35095,35091,9,MDB_HOSPITAL_FLOW_METHOD_1.0,10303
35172,35141,21,MDB_HOSPITAL_FLOW_METHOD_1.0,10308
35172,35172,11,MDB_HOSPITAL_FLOW_METHOD_1.0,10309
35093,35091,24,MDB_HOSPITAL_FLOW_METHOD_1.0,10312
35093,35093,28,MDB_HOSPITAL_FLOW_METHOD_1.0,10314
35103,35104,7,MDB_HOSPITAL_FLOW_METHOD_1.0,10316
35113,35112,119,MDB_HOSPITAL_FLOW_METHOD_1.0,10318
35113,35113,155,MDB_HOSPITAL_FLOW_METHOD_1.0,10319
35174,35141,8,MDB_HOSPITAL_FLOW_METHOD_1.0,10321
35112,35112,131,MDB_HOSPITAL_FLOW_METHOD_1.0,10323
35112,35112,5,MDB_HOSPITAL_FLOW_METHOD_1.0,10325
35062,35016,6,MDB_HOSPITAL_FLOW_METHOD_1.0,10330
35121,35143,13,MDB_HOSPITAL_FLOW_METHOD_1.0,10331
35121,35121,34,MDB_HOSPITAL_FLOW_METHOD_1.0,10334
35121,35163,36,MDB_HOSPITAL_FLOW_METHOD_1.0,10336
35081,35081,7,MDB_HOSPITAL_FLOW_METHOD_1.0,10337
35032,35031,12,MDB_HOSPITAL_FLOW_METHOD_1.0,10340
35162,35163,8,MDB_HOSPITAL_FLOW_METHOD_1.0,10344
35094,35091,6,MDB_HOSPITAL_FLOW_METHOD_1.0,10347
35094,35093,5,MDB_HOSPITAL_FLOW_METHOD_1.0,10349
35112,35112,14,MDB_HOSPITAL_FLOW_METHOD_1.0,10351
35015,35011,21,MDB_HOSPITAL_FLOW_METHOD_1.0,10355
35015,35015,149,MDB_HOSPITAL_FLOW_METHOD_1.0,10357
35015,35015,15,MDB_HOSPITAL_FLOW_METHOD_1.0,10358
35015,35016,14,MDB_HOSPITAL_FLOW_METHOD_1.0,10360
35132,26010,6,MDB_HOSPITAL_FLOW_METHOD_1.0,10361
35132,35081,5,MDB_HOSPITAL_FLOW_METHOD_1.0,10368
35132,35141,5,MDB_HOSPITAL_FLOW_METHOD_1.0,10371
35132,35065,69,MDB_HOSPITAL_FLOW_METHOD_1.0,10373
35132,35132,2606,MDB_HOSPITAL_FLOW_METHOD_1.0,10376
35132,35132,66,MDB_HOSPITAL_FLOW_METHOD_1.0,10377
35132,35016,25,MDB_HOSPITAL_FLOW_METHOD_1.0,10378
35132,35132,91,MDB_HOSPITAL_FLOW_METHOD_1.0,10379
35132,35095,36,MDB_HOSPITAL_FLOW_METHOD_1.0,10380
35162,35163,8,MDB_HOSPITAL_FLOW_METHOD_1.0,10384
35031,35031,19,MDB_HOSPITAL_FLOW_METHOD_1.0,10388
35095,35091,13,MDB_HOSPITAL_FLOW_METHOD_1.0,10392
35095,35093,5,MDB_HOSPITAL_FLOW_METHOD_1.0,10394
35104,35104,304,MDB_HOSPITAL_FLOW_METHOD_1.0,10399
35103,35104,98,MDB_HOSPITAL_FLOW_METHOD_1.0,10402
35103,35103,26,MDB_HOSPITAL_FLOW_METHOD_1.0,10403
35015,35015,71,MDB_HOSPITAL_FLOW_METHOD_1.0,10406
35015,35015,12,MDB_HOSPITAL_FLOW_METHOD_1.0,10407
35157,35151,16,MDB_HOSPITAL_FLOW_METHOD_1.0,10410
35157,35157,5,MDB_HOSPITAL_FLOW_METHOD_1.0,10411
35115,35112,133,MDB_HOSPITAL_FLOW_METHOD_1.0,10413
35115,35115,137,MDB_HOSPITAL_FLOW_METHOD_1.0,10415
35172,35141,18,MDB_HOSPITAL_FLOW_METHOD_1.0,10418
35021,35023,5,MDB_HOSPITAL_FLOW_METHOD_1.0,10420
35065,35065,83,MDB_HOSPITAL_FLOW_METHOD_1.0,10426
35091,35091,7,MDB_HOSPITAL_FLOW_METHOD_1.0,10427
35151,35151,38,MDB_HOSPITAL_FLOW_METHOD_1.0,10428
35082,35081,17,MDB_HOSPITAL_FLOW_METHOD_1.0,10432
35082,35083,9,MDB_HOSPITAL_FLOW_METHOD_1.0,10433
35082,35082,32,MDB_HOSPITAL_FLOW_METHOD_1.0,10435
35011,35141,20,MDB_HOSPITAL_FLOW_METHOD_1.0,10437
35011,35011,31,MDB_HOSPITAL_FLOW_METHOD_1.0,10438
35011,35011,5,MDB_HOSPITAL_FLOW_METHOD_1.0,10439
35011,35016,5,MDB_HOSPITAL_FLOW_METHOD_1.0,10440
35091,35091,21,MDB_HOSPITAL_FLOW_METHOD_1.0,10441
35091,35093,13,MDB_HOSPITAL_FLOW_METHOD_1.0,10443
35091,35093,6,MDB_HOSPITAL_FLOW_METHOD_1.0,10444
35103,35101,16,MDB_HOSPITAL_FLOW_METHOD_1.0,10446
35103,35104,21,MDB_HOSPITAL_FLOW_METHOD_1.0,10447
35163,35072,6,MDB_HOSPITAL_FLOW_METHOD_1.0,10450
35163,35072,9,MDB_HOSPITAL_FLOW_METHOD_1.0,10451
35163,35163,361,MDB_HOSPITAL_FLOW_METHOD_1.0,10453
35163,35163,11,MDB_HOSPITAL_FLOW_METHOD_1.0,10456
35163,35065,18,MDB_HOSPITAL_FLOW_METHOD_1.0,10458
35163,35132,16,MDB_HOSPITAL_FLOW_METHOD_1.0,10459
35163,35163,147,MDB_HOSPITAL_FLOW_METHOD_1.0,10460
35163,35163,9,MDB_HOSPITAL_FLOW_METHOD_1.0,10461
35094,35091,5,MDB_HOSPITAL_FLOW_METHOD_1.0,10462
35094,35093,39,MDB_HOSPITAL_FLOW_METHOD_1.0,10464
35094,35093,6,MDB_HOSPITAL_FLOW_METHOD_1.0,10465
35094,35094,20,MDB_HOSPITAL_FLOW_METHOD_1.0,10467
35112,35112,35,MDB_HOSPITAL_FLOW_METHOD_1.0,10468
35151,35151,59,MDB_HOSPITAL_FLOW_METHOD_1.0,10471
35153,35151,8,MDB_HOSPITAL_FLOW_METHOD_1.0,10474
35072,35072,33,MDB_HOSPITAL_FLOW_METHOD_1.0,10476
35072,35074,203,MDB_HOSPITAL_FLOW_METHOD_1.0,10477
35072,35072,13,MDB_HOSPITAL_FLOW_METHOD_1.0,10478
35072,35072,170,MDB_HOSPITAL_FLOW_METHOD_1.0,10480
35072,35141,40,MDB_HOSPITAL_FLOW_METHOD_1.0,10481
35171,35171,12,MDB_HOSPITAL_FLOW_METHOD_1.0,10484
35152,35151,6,MDB_HOSPITAL_FLOW_METHOD_1.0,10486
35101,35104,10,MDB_HOSPITAL_FLOW_METHOD_1.0,10488
35133,35133,5,MDB_HOSPITAL_FLOW_METHOD_1.0,10489
35142,35142,64,MDB_HOSPITAL_FLOW_METHOD_1.0,10492
35142,35141,42,MDB_HOSPITAL_FLOW_METHOD_1.0,10493
35142,35142,6,MDB_HOSPITAL_FLOW_METHOD_1.0,10494
35094,35091,54,MDB_HOSPITAL_FLOW_METHOD_1.0,10495
35094,35092,5,MDB_HOSPITAL_FLOW_METHOD_1.0,10496
35094,35093,75,MDB_HOSPITAL_FLOW_METHOD_1.0,10497
35094,35093,26,MDB_HOSPITAL_FLOW_METHOD_1.0,10499
35094,35094,9,MDB_HOSPITAL_FLOW_METHOD_1.0,10501
35033,35031,5,MDB_HOSPITAL_FLOW_METHOD_1.0,10502
35033,35132,5,MDB_HOSPITAL_FLOW_METHOD_1.0,10504
35152,35151,100,MDB_HOSPITAL_FLOW_METHOD_1.0,10506
35152,35065,36,MDB_HOSPITAL_FLOW_METHOD_1.0,10507
35152,35155,5,MDB_HOSPITAL_FLOW_METHOD_1.0,10511
35104,35104,38,MDB_HOSPITAL_FLOW_METHOD_1.0,10513
35011,35141,15,MDB_HOSPITAL_FLOW_METHOD_1.0,10515
35011,35011,70,MDB_HOSPITAL_FLOW_METHOD_1.0,10517
35011,35016,9,MDB_HOSPITAL_FLOW_METHOD_1.0,10518
35011,52011,7,MDB_HOSPITAL_FLOW_METHOD_1.0,10519
35031,35031,8,MDB_HOSPITAL_FLOW_METHOD_1.0,10520
35103,35101,24,MDB_HOSPITAL_FLOW_METHOD_1.0,10523
35103,35104,22,MDB_HOSPITAL_FLOW_METHOD_1.0,10525
35111,35112,15,MDB_HOSPITAL_FLOW_METHOD_1.0,10527
35153,35151,9,MDB_HOSPITAL_FLOW_METHOD_1.0,10528
35014,35014,23,MDB_HOSPITAL_FLOW_METHOD_1.0,10530
35014,35012,12,MDB_HOSPITAL_FLOW_METHOD_1.0,10531
35014,35014,29,MDB_HOSPITAL_FLOW_METHOD_1.0,10532
35014,35012,9,MDB_HOSPITAL_FLOW_METHOD_1.0,10535
35014,35014,12,MDB_HOSPITAL_FLOW_METHOD_1.0,10537
35014,35014,49,MDB_HOSPITAL_FLOW_METHOD_1.0,10540
35014,35016,32,MDB_HOSPITAL_FLOW_METHOD_1.0,10541
35014,35013,10,MDB_HOSPITAL_FLOW_METHOD_1.0,10542
35132,35132,22,MDB_HOSPITAL_FLOW_METHOD_1.0,10544
35132,35132,586,MDB_HOSPITAL_FLOW_METHOD_1.0,10545
35132,35132,8,MDB_HOSPITAL_FLOW_METHOD_1.0,10546
35132,35132,44,MDB_HOSPITAL_FLOW_METHOD_1.0,10548
35132,35132,79,MDB_HOSPITAL_FLOW_METHOD_1.0,10549
35132,35132,5,MDB_HOSPITAL_FLOW_METHOD_1.0,10550
35153,35151,6,MDB_HOSPITAL_FLOW_METHOD_1.0,10551
35112,35112,193,MDB_HOSPITAL_FLOW_METHOD_1.0,10553
35112,35112,20,MDB_HOSPITAL_FLOW_METHOD_1.0,10555
35015,31016,5,MDB_HOSPITAL_FLOW_METHOD_1.0,10560
35015,35011,7,MDB_HOSPITAL_FLOW_METHOD_1.0,10565
35015,35015,11,MDB_HOSPITAL_FLOW_METHOD_1.0,10567
35015,35015,2265,MDB_HOSPITAL_FLOW_METHOD_1.0,10570
35015,35015,22,MDB_HOSPITAL_FLOW_METHOD_1.0,10572
35015,35016,140,MDB_HOSPITAL_FLOW_METHOD_1.0,10574
35133,35132,31,MDB_HOSPITAL_FLOW_METHOD_1.0,10576
35133,35133,10,MDB_HOSPITAL_FLOW_METHOD_1.0,10577
35133,35132,9,MDB_HOSPITAL_FLOW_METHOD_1.0,10578
35072,35074,36,MDB_HOSPITAL_FLOW_METHOD_1.0,10580
35072,35072,10,MDB_HOSPITAL_FLOW_METHOD_1.0,10582
35072,35072,19,MDB_HOSPITAL_FLOW_METHOD_1.0,10583
35072,35141,61,MDB_HOSPITAL_FLOW_METHOD_1.0,10584
35142,35142,139,MDB_HOSPITAL_FLOW_METHOD_1.0,10586
35142,35141,37,MDB_HOSPITAL_FLOW_METHOD_1.0,10587
35174,35141,54,MDB_HOSPITAL_FLOW_METHOD_1.0,10588
35112,35112,66,MDB_HOSPITAL_FLOW_METHOD_1.0,10591
35041,33005,13,MDB_HOSPITAL_FLOW_METHOD_1.0,10594
35041,35141,50,MDB_HOSPITAL_FLOW_METHOD_1.0,10599
35041,35041,6,MDB_HOSPITAL_FLOW_METHOD_1.0,10601
35041,35041,797,MDB_HOSPITAL_FLOW_METHOD_1.0,10602
35041,35016,10,MDB_HOSPITAL_FLOW_METHOD_1.0,10603
35041,35041,6,MDB_HOSPITAL_FLOW_METHOD_1.0,10604
35174,35141,40,MDB_HOSPITAL_FLOW_METHOD_1.0,10607
35015,35015,14,MDB_HOSPITAL_FLOW_METHOD_1.0,10612
35015,35011,5,MDB_HOSPITAL_FLOW_METHOD_1.0,10616
35015,35015,92,MDB_HOSPITAL_FLOW_METHOD_1.0,10618
35015,35015,1636,MDB_HOSPITAL_FLOW_METHOD_1.0,10619
35015,35016,112,MDB_HOSPITAL_FLOW_METHOD_1.0,10620
35015,35015,7,MDB_HOSPITAL_FLOW_METHOD_1.0,10624
35015,35015,142,MDB_HOSPITAL_FLOW_METHOD_1.0,10628
35015,35015,375,MDB_HOSPITAL_FLOW_METHOD_1.0,10630
35015,35016,77,MDB_HOSPITAL_FLOW_METHOD_1.0,10631
35032,35031,131,MDB_HOSPITAL_FLOW_METHOD_1.0,10633
35032,35072,7,MDB_HOSPITAL_FLOW_METHOD_1.0,10634
35032,35033,5,MDB_HOSPITAL_FLOW_METHOD_1.0,10635
35032,35065,28,MDB_HOSPITAL_FLOW_METHOD_1.0,10637
35032,35033,37,MDB_HOSPITAL_FLOW_METHOD_1.0,10639
35032,35104,9,MDB_HOSPITAL_FLOW_METHOD_1.0,10641
35032,35032,350,MDB_HOSPITAL_FLOW_METHOD_1.0,10642
35032,35016,7,MDB_HOSPITAL_FLOW_METHOD_1.0,10643
35153,35151,6,MDB_HOSPITAL_FLOW_METHOD_1.0,10644
35142,35142,494,MDB_HOSPITAL_FLOW_METHOD_1.0,10647
35142,35141,385,MDB_HOSPITAL_FLOW_METHOD_1.0,10648
35142,35142,13,MDB_HOSPITAL_FLOW_METHOD_1.0,10649
35142,35016,13,MDB_HOSPITAL_FLOW_METHOD_1.0,10650
35154,35151,12,MDB_HOSPITAL_FLOW_METHOD_1.0,10651
35154,35041,5,MDB_HOSPITAL_FLOW_METHOD_1.0,10652
35111,35112,8,MDB_HOSPITAL_FLOW_METHOD_1.0,10655
35082,35081,123,MDB_HOSPITAL_FLOW_METHOD_1.0,10656
35082,35083,29,MDB_HOSPITAL_FLOW_METHOD_1.0,10657
35082,35132,13,MDB_HOSPITAL_FLOW_METHOD_1.0,10658
35082,35082,7,MDB_HOSPITAL_FLOW_METHOD_1.0,10659
35081,35081,10,MDB_HOSPITAL_FLOW_METHOD_1.0,10660
35172,35141,8,MDB_HOSPITAL_FLOW_METHOD_1.0,10662
35143,35142,158,MDB_HOSPITAL_FLOW_METHOD_1.0,10666
35143,35141,94,MDB_HOSPITAL_FLOW_METHOD_1.0,10667
35155,35151,34,MDB_HOSPITAL_FLOW_METHOD_1.0,10675
35155,35062,36,MDB_HOSPITAL_FLOW_METHOD_1.0,10678
35155,35152,18,MDB_HOSPITAL_FLOW_METHOD_1.0,10680
35155,35155,3911,MDB_HOSPITAL_FLOW_METHOD_1.0,10682
35171,35141,5,MDB_HOSPITAL_FLOW_METHOD_1.0,10693
35171,35171,41,MDB_HOSPITAL_FLOW_METHOD_1.0,10694
35171,35171,3635,MDB_HOSPITAL_FLOW_METHOD_1.0,10696
35171,35016,33,MDB_HOSPITAL_FLOW_METHOD_1.0,10697
35013,35016,8,MDB_HOSPITAL_FLOW_METHOD_1.0,10704
35013,35013,5,MDB_HOSPITAL_FLOW_METHOD_1.0,10705
35174,35141,23,MDB_HOSPITAL_FLOW_METHOD_1.0,10706
35174,35174,8,MDB_HOSPITAL_FLOW_METHOD_1.0,10708
35063,35063,79,MDB_HOSPITAL_FLOW_METHOD_1.0,10710
35063,35064,48,MDB_HOSPITAL_FLOW_METHOD_1.0,10711
35063,35063,78,MDB_HOSPITAL_FLOW_METHOD_1.0,10713
35161,35161,111,MDB_HOSPITAL_FLOW_METHOD_1.0,10714
35016,31016,6,MDB_HOSPITAL_FLOW_METHOD_1.0,10725
35016,31007,9,MDB_HOSPITAL_FLOW_METHOD_1.0,10732
35016,33005,19,MDB_HOSPITAL_FLOW_METHOD_1.0,10741
35016,35014,7,MDB_HOSPITAL_FLOW_METHOD_1.0,10746
35016,35063,11,MDB_HOSPITAL_FLOW_METHOD_1.0,10748
35016,35012,13,MDB_HOSPITAL_FLOW_METHOD_1.0,10751
35016,35014,5,MDB_HOSPITAL_FLOW_METHOD_1.0,10753
35016,35013,9,MDB_HOSPITAL_FLOW_METHOD_1.0,10754
35016,35015,94,MDB_HOSPITAL_FLOW_METHOD_1.0,10757
35016,35013,6,MDB_HOSPITAL_FLOW_METHOD_1.0,10758
35016,35011,66,MDB_HOSPITAL_FLOW_METHOD_1.0,10759
35016,35012,105,MDB_HOSPITAL_FLOW_METHOD_1.0,10761
35016,35011,126,MDB_HOSPITAL_FLOW_METHOD_1.0,10762
35016,35141,246,MDB_HOSPITAL_FLOW_METHOD_1.0,10767
35016,35011,174,MDB_HOSPITAL_FLOW_METHOD_1.0,10768
35016,35171,5,MDB_HOSPITAL_FLOW_METHOD_1.0,10769
35016,35073,8,MDB_HOSPITAL_FLOW_METHOD_1.0,10770
35016,35065,61,MDB_HOSPITAL_FLOW_METHOD_1.0,10771
35016,35015,28,MDB_HOSPITAL_FLOW_METHOD_1.0,10774
35016,35011,67,MDB_HOSPITAL_FLOW_METHOD_1.0,10775
35016,35014,8,MDB_HOSPITAL_FLOW_METHOD_1.0,10776
35016,35041,8,MDB_HOSPITAL_FLOW_METHOD_1.0,10778
35016,35015,112,MDB_HOSPITAL_FLOW_METHOD_1.0,10785
35016,35015,25,MDB_HOSPITAL_FLOW_METHOD_1.0,10787
35016,35015,19,MDB_HOSPITAL_FLOW_METHOD_1.0,10788
35016,35171,5,MDB_HOSPITAL_FLOW_METHOD_1.0,10791
35016,35016,33231,MDB_HOSPITAL_FLOW_METHOD_1.0,10792
35016,35013,48,MDB_HOSPITAL_FLOW_METHOD_1.0,10795
35016,41017,8,MDB_HOSPITAL_FLOW_METHOD_1.0,10799
35016,42007,5,MDB_HOSPITAL_FLOW_METHOD_1.0,10801
35103,35104,105,MDB_HOSPITAL_FLOW_METHOD_1.0,10810
35103,35103,25,MDB_HOSPITAL_FLOW_METHOD_1.0,10811
35094,35091,6,MDB_HOSPITAL_FLOW_METHOD_1.0,10813
35094,35093,9,MDB_HOSPITAL_FLOW_METHOD_1.0,10815
35163,35163,90,MDB_HOSPITAL_FLOW_METHOD_1.0,10820
35163,35163,17,MDB_HOSPITAL_FLOW_METHOD_1.0,10821
35173,35173,5,MDB_HOSPITAL_FLOW_METHOD_1.0,10823
35143,35142,7,MDB_HOSPITAL_FLOW_METHOD_1.0,10827
35143,35141,27,MDB_HOSPITAL_FLOW_METHOD_1.0,10828
35143,35143,13,MDB_HOSPITAL_FLOW_METHOD_1.0,10829
35132,35132,26,MDB_HOSPITAL_FLOW_METHOD_1.0,10830
35132,35132,10,MDB_HOSPITAL_FLOW_METHOD_1.0,10831
35041,35141,117,MDB_HOSPITAL_FLOW_METHOD_1.0,10833
35041,35041,22,MDB_HOSPITAL_FLOW_METHOD_1.0,10836
35041,35041,166,MDB_HOSPITAL_FLOW_METHOD_1.0,10838
35041,35016,8,MDB_HOSPITAL_FLOW_METHOD_1.0,10839
35041,35041,999,MDB_HOSPITAL_FLOW_METHOD_1.0,10840
35132,35132,49,MDB_HOSPITAL_FLOW_METHOD_1.0,10847
35132,35016,7,MDB_HOSPITAL_FLOW_METHOD_1.0,10848
35132,35132,11,MDB_HOSPITAL_FLOW_METHOD_1.0,10849
35132,35132,113,MDB_HOSPITAL_FLOW_METHOD_1.0,10851
35132,35132,97,MDB_HOSPITAL_FLOW_METHOD_1.0,10852
35074,35074,78,MDB_HOSPITAL_FLOW_METHOD_1.0,10853
35074,35072,5,MDB_HOSPITAL_FLOW_METHOD_1.0,10854
35074,35141,20,MDB_HOSPITAL_FLOW_METHOD_1.0,10855
35074,35074,20,MDB_HOSPITAL_FLOW_METHOD_1.0,10856
35131,35132,442,MDB_HOSPITAL_FLOW_METHOD_1.0,10858
35131,35132,49,MDB_HOSPITAL_FLOW_METHOD_1.0,10859
35121,35121,25,MDB_HOSPITAL_FLOW_METHOD_1.0,10862
35121,35163,13,MDB_HOSPITAL_FLOW_METHOD_1.0,10863
35051,35051,14,MDB_HOSPITAL_FLOW_METHOD_1.0,10864
35172,35141,18,MDB_HOSPITAL_FLOW_METHOD_1.0,10867
35172,35172,8,MDB_HOSPITAL_FLOW_METHOD_1.0,10868
35071,35074,84,MDB_HOSPITAL_FLOW_METHOD_1.0,10871
35071,35072,9,MDB_HOSPITAL_FLOW_METHOD_1.0,10874
35071,35141,23,MDB_HOSPITAL_FLOW_METHOD_1.0,10876
35163,35016,61,MDB_HOSPITAL_FLOW_METHOD_1.0,10886
35163,35163,705,MDB_HOSPITAL_FLOW_METHOD_1.0,10887
35022,35023,12,MDB_HOSPITAL_FLOW_METHOD_1.0,10891
35072,35072,46,MDB_HOSPITAL_FLOW_METHOD_1.0,10892
35072,35074,327,MDB_HOSPITAL_FLOW_METHOD_1.0,10893
35072,35072,137,MDB_HOSPITAL_FLOW_METHOD_1.0,10894
35072,35012,5,MDB_HOSPITAL_FLOW_METHOD_1.0,10895
35072,35072,98,MDB_HOSPITAL_FLOW_METHOD_1.0,10896
35072,35141,55,MDB_HOSPITAL_FLOW_METHOD_1.0,10897
35072,35072,16,MDB_HOSPITAL_FLOW_METHOD_1.0,10899
35072,35095,14,MDB_HOSPITAL_FLOW_METHOD_1.0,10903
35011,35011,193,MDB_HOSPITAL_FLOW_METHOD_1.0,10907
35011,35011,25,MDB_HOSPITAL_FLOW_METHOD_1.0,10908
35011,35011,172,MDB_HOSPITAL_FLOW_METHOD_1.0,10909
35011,35015,9,MDB_HOSPITAL_FLOW_METHOD_1.0,10910
35011,35011,51,MDB_HOSPITAL_FLOW_METHOD_1.0,10911
35011,35016,69,MDB_HOSPITAL_FLOW_METHOD_1.0,10914
35022,35022,10,MDB_HOSPITAL_FLOW_METHOD_1.0,10917
35022,35023,9,MDB_HOSPITAL_FLOW_METHOD_1.0,10918
35151,35151,45,MDB_HOSPITAL_FLOW_METHOD_1.0,10919
35033,35031,10,MDB_HOSPITAL_FLOW_METHOD_1.0,10922
35033,35033,24,MDB_HOSPITAL_FLOW_METHOD_1.0,10923
35013,35014,35,MDB_HOSPITAL_FLOW_METHOD_1.0,10926
35013,35013,13,MDB_HOSPITAL_FLOW_METHOD_1.0,10927
35013,35013,8,MDB_HOSPITAL_FLOW_METHOD_1.0,10928
35013,35014,19,MDB_HOSPITAL_FLOW_METHOD_1.0,10931
35013,35016,205,MDB_HOSPITAL_FLOW_METHOD_1.0,10935
35013,35013,589,MDB_HOSPITAL_FLOW_METHOD_1.0,10937
35112,35112,56,MDB_HOSPITAL_FLOW_METHOD_1.0,10940
35061,35063,10,MDB_HOSPITAL_FLOW_METHOD_1.0,10942
35061,35064,17,MDB_HOSPITAL_FLOW_METHOD_1.0,10943
35061,35061,49,MDB_HOSPITAL_FLOW_METHOD_1.0,10945
35052,35051,21,MDB_HOSPITAL_FLOW_METHOD_1.0,10949
35052,35016,5,MDB_HOSPITAL_FLOW_METHOD_1.0,10951
35142,35142,44,MDB_HOSPITAL_FLOW_METHOD_1.0,10952
35142,35141,6,MDB_HOSPITAL_FLOW_METHOD_1.0,10953
35155,35155,118,MDB_HOSPITAL_FLOW_METHOD_1.0,10956
35155,35155,19,MDB_HOSPITAL_FLOW_METHOD_1.0,10957
35163,35163,19,MDB_HOSPITAL_FLOW_METHOD_1.0,10958
35143,35142,46,MDB_HOSPITAL_FLOW_METHOD_1.0,10960
35143,35141,73,MDB_HOSPITAL_FLOW_METHOD_1.0,10961
35033,35031,30,MDB_HOSPITAL_FLOW_METHOD_1.0,10962
35033,35033,21,MDB_HOSPITAL_FLOW_METHOD_1.0,10965
35033,35032,7,MDB_HOSPITAL_FLOW_METHOD_1.0,10966
35033,35033,50,MDB_HOSPITAL_FLOW_METHOD_1.0,10967
35061,35063,20,MDB_HOSPITAL_FLOW_METHOD_1.0,10968
35061,35064,25,MDB_HOSPITAL_FLOW_METHOD_1.0,10969
35061,35016,8,MDB_HOSPITAL_FLOW_METHOD_1.0,10970
35061,35061,64,MDB_HOSPITAL_FLOW_METHOD_1.0,10971
35112,35112,138,MDB_HOSPITAL_FLOW_METHOD_1.0,10973
35092,35091,60,MDB_HOSPITAL_FLOW_METHOD_1.0,10974
35092,35092,11,MDB_HOSPITAL_FLOW_METHOD_1.0,10975
35092,35093,104,MDB_HOSPITAL_FLOW_METHOD_1.0,10976
35092,35093,17,MDB_HOSPITAL_FLOW_METHOD_1.0,10977
35161,35163,43,MDB_HOSPITAL_FLOW_METHOD_1.0,10981
35161,35161,471,MDB_HOSPITAL_FLOW_METHOD_1.0,10982
35174,35142,36,MDB_HOSPITAL_FLOW_METHOD_1.0,10984
35174,35141,555,MDB_HOSPITAL_FLOW_METHOD_1.0,10985
35174,35174,212,MDB_HOSPITAL_FLOW_METHOD_1.0,10990
35061,35063,10,MDB_HOSPITAL_FLOW_METHOD_1.0,10992
35061,35064,6,MDB_HOSPITAL_FLOW_METHOD_1.0,10993
35115,35112,135,MDB_HOSPITAL_FLOW_METHOD_1.0,10995
35115,35115,81,MDB_HOSPITAL_FLOW_METHOD_1.0,10998
35052,35051,17,MDB_HOSPITAL_FLOW_METHOD_1.0,10999
35163,35163,9,MDB_HOSPITAL_FLOW_METHOD_1.0,11004
35094,35091,20,MDB_HOSPITAL_FLOW_METHOD_1.0,11005
35094,35093,39,MDB_HOSPITAL_FLOW_METHOD_1.0,11008
35094,35093,21,MDB_HOSPITAL_FLOW_METHOD_1.0,11009
35063,35063,11,MDB_HOSPITAL_FLOW_METHOD_1.0,11011
35064,35064,5,MDB_HOSPITAL_FLOW_METHOD_1.0,11014
35174,35141,77,MDB_HOSPITAL_FLOW_METHOD_1.0,11017
35174,35016,7,MDB_HOSPITAL_FLOW_METHOD_1.0,11019
35174,35174,14,MDB_HOSPITAL_FLOW_METHOD_1.0,11020
35152,35151,17,MDB_HOSPITAL_FLOW_METHOD_1.0,11022
35071,35074,13,MDB_HOSPITAL_FLOW_METHOD_1.0,11024
35095,35091,456,MDB_HOSPITAL_FLOW_METHOD_1.0,11026
35095,35092,7,MDB_HOSPITAL_FLOW_METHOD_1.0,11027
35095,35093,245,MDB_HOSPITAL_FLOW_METHOD_1.0,11028
35095,35065,257,MDB_HOSPITAL_FLOW_METHOD_1.0,11029
35095,35093,26,MDB_HOSPITAL_FLOW_METHOD_1.0,11030
35095,35095,145,MDB_HOSPITAL_FLOW_METHOD_1.0,11031
35111,35111,13,MDB_HOSPITAL_FLOW_METHOD_1.0,11033
35111,35112,47,MDB_HOSPITAL_FLOW_METHOD_1.0,11034
35111,35016,10,MDB_HOSPITAL_FLOW_METHOD_1.0,11035
35154,35151,5,MDB_HOSPITAL_FLOW_METHOD_1.0,11036
35156,35155,14,MDB_HOSPITAL_FLOW_METHOD_1.0,11037
35173,35141,217,MDB_HOSPITAL_FLOW_METHOD_1.0,11042
35173,35174,9,MDB_HOSPITAL_FLOW_METHOD_1.0,11043
35173,35173,673,MDB_HOSPITAL_FLOW_METHOD_1.0,11044
35093,35093,15,MDB_HOSPITAL_FLOW_METHOD_1.0,11046
35155,35155,37,MDB_HOSPITAL_FLOW_METHOD_1.0,11047
35153,35151,63,MDB_HOSPITAL_FLOW_METHOD_1.0,11049
35153,35155,7,MDB_HOSPITAL_FLOW_METHOD_1.0,11051
35151,35151,61,MDB_HOSPITAL_FLOW_METHOD_1.0,11053
35157,35151,45,MDB_HOSPITAL_FLOW_METHOD_1.0,11056
35072,35072,7,MDB_HOSPITAL_FLOW_METHOD_1.0,11058
35072,35074,79,MDB_HOSPITAL_FLOW_METHOD_1.0,11059
35072,35072,15,MDB_HOSPITAL_FLOW_METHOD_1.0,11060
35072,35072,70,MDB_HOSPITAL_FLOW_METHOD_1.0,11063
35072,35141,22,MDB_HOSPITAL_FLOW_METHOD_1.0,11064
35021,35023,29,MDB_HOSPITAL_FLOW_METHOD_1.0,11066
35021,35016,8,MDB_HOSPITAL_FLOW_METHOD_1.0,11067
35071,35074,6,MDB_HOSPITAL_FLOW_METHOD_1.0,11069
35071,35071,6,MDB_HOSPITAL_FLOW_METHOD_1.0,11070
35142,35142,86,MDB_HOSPITAL_FLOW_METHOD_1.0,11074
35142,35141,84,MDB_HOSPITAL_FLOW_METHOD_1.0,11075
35013,35013,16,MDB_HOSPITAL_FLOW_METHOD_1.0,11080
35013,35073,15,MDB_HOSPITAL_FLOW_METHOD_1.0,11085
35013,35016,13,MDB_HOSPITAL_FLOW_METHOD_1.0,11087
35013,35013,14,MDB_HOSPITAL_FLOW_METHOD_1.0,11090
35073,35074,14,MDB_HOSPITAL_FLOW_METHOD_1.0,11092
35073,35141,18,MDB_HOSPITAL_FLOW_METHOD_1.0,11097
35073,35073,58,MDB_HOSPITAL_FLOW_METHOD_1.0,11098
35073,35073,349,MDB_HOSPITAL_FLOW_METHOD_1.0,11103
35093,35093,10,MDB_HOSPITAL_FLOW_METHOD_1.0,11105
35093,35093,52,MDB_HOSPITAL_FLOW_METHOD_1.0,11106
35093,35095,36,MDB_HOSPITAL_FLOW_METHOD_1.0,11107
35072,35074,49,MDB_HOSPITAL_FLOW_METHOD_1.0,11109
35072,35072,10,MDB_HOSPITAL_FLOW_METHOD_1.0,11110
35072,35072,23,MDB_HOSPITAL_FLOW_METHOD_1.0,11111
35072,35141,8,MDB_HOSPITAL_FLOW_METHOD_1.0,11112
35072,35072,72,MDB_HOSPITAL_FLOW_METHOD_1.0,11115
35052,35051,19,MDB_HOSPITAL_FLOW_METHOD_1.0,11116
35052,35052,30,MDB_HOSPITAL_FLOW_METHOD_1.0,11119
35153,35151,16,MDB_HOSPITAL_FLOW_METHOD_1.0,11121
35163,35163,30,MDB_HOSPITAL_FLOW_METHOD_1.0,11129
35163,35163,189,MDB_HOSPITAL_FLOW_METHOD_1.0,11130
35157,35151,265,MDB_HOSPITAL_FLOW_METHOD_1.0,11132
35157,35155,11,MDB_HOSPITAL_FLOW_METHOD_1.0,11134
35157,35157,28,MDB_HOSPITAL_FLOW_METHOD_1.0,11135
35094,35091,18,MDB_HOSPITAL_FLOW_METHOD_1.0,11137
35141,35142,37,MDB_HOSPITAL_FLOW_METHOD_1.0,11142
35141,35141,49,MDB_HOSPITAL_FLOW_METHOD_1.0,11143
41018,41017,15,MDB_HOSPITAL_FLOW_METHOD_1.0,11145
41018,41017,5,MDB_HOSPITAL_FLOW_METHOD_1.0,11146
41018,41018,8,MDB_HOSPITAL_FLOW_METHOD_1.0,11147
41002,41002,20,MDB_HOSPITAL_FLOW_METHOD_1.0,11150
41002,41017,10,MDB_HOSPITAL_FLOW_METHOD_1.0,11152
41002,41002,10,MDB_HOSPITAL_FLOW_METHOD_1.0,11155
41002,41002,38,MDB_HOSPITAL_FLOW_METHOD_1.0,11156
41002,41002,49,MDB_HOSPITAL_FLOW_METHOD_1.0,11160
41002,41002,80,MDB_HOSPITAL_FLOW_METHOD_1.0,11162
41002,41002,300,MDB_HOSPITAL_FLOW_METHOD_1.0,11163
41002,41003,65,MDB_HOSPITAL_FLOW_METHOD_1.0,11164
41011,41016,27,MDB_HOSPITAL_FLOW_METHOD_1.0,11170
41011,41017,8,MDB_HOSPITAL_FLOW_METHOD_1.0,11172
41012,41016,7,MDB_HOSPITAL_FLOW_METHOD_1.0,11176
41012,41014,15,MDB_HOSPITAL_FLOW_METHOD_1.0,11177
41012,41017,33,MDB_HOSPITAL_FLOW_METHOD_1.0,11178
41012,41002,7,MDB_HOSPITAL_FLOW_METHOD_1.0,11180
41012,41017,8,MDB_HOSPITAL_FLOW_METHOD_1.0,11181
41012,41012,101,MDB_HOSPITAL_FLOW_METHOD_1.0,11182
41014,41016,19,MDB_HOSPITAL_FLOW_METHOD_1.0,11184
41014,41014,26,MDB_HOSPITAL_FLOW_METHOD_1.0,11185
41014,41017,32,MDB_HOSPITAL_FLOW_METHOD_1.0,11186
41014,41017,14,MDB_HOSPITAL_FLOW_METHOD_1.0,11189
41012,41017,6,MDB_HOSPITAL_FLOW_METHOD_1.0,11193
41012,41012,116,MDB_HOSPITAL_FLOW_METHOD_1.0,11198
41017,41017,6,MDB_HOSPITAL_FLOW_METHOD_1.0,11200
41017,41016,6,MDB_HOSPITAL_FLOW_METHOD_1.0,11201
41017,41017,13,MDB_HOSPITAL_FLOW_METHOD_1.0,11202
41017,41017,6,MDB_HOSPITAL_FLOW_METHOD_1.0,11204
41017,41012,5,MDB_HOSPITAL_FLOW_METHOD_1.0,11205
41014,41014,19,MDB_HOSPITAL_FLOW_METHOD_1.0,11207
41014,41017,10,MDB_HOSPITAL_FLOW_METHOD_1.0,11208
41008,41016,76,MDB_HOSPITAL_FLOW_METHOD_1.0,11215
41010,41016,62,MDB_HOSPITAL_FLOW_METHOD_1.0,11221
41018,41014,12,MDB_HOSPITAL_FLOW_METHOD_1.0,11225
41018,41017,71,MDB_HOSPITAL_FLOW_METHOD_1.0,11226
41018,41017,24,MDB_HOSPITAL_FLOW_METHOD_1.0,11228
41018,41006,7,MDB_HOSPITAL_FLOW_METHOD_1.0,11229
41018,41018,10,MDB_HOSPITAL_FLOW_METHOD_1.0,11230
41015,41015,23,MDB_HOSPITAL_FLOW_METHOD_1.0,11231
41015,41016,5,MDB_HOSPITAL_FLOW_METHOD_1.0,11233
41001,41002,72,MDB_HOSPITAL_FLOW_METHOD_1.0,11236
41001,41003,12,MDB_HOSPITAL_FLOW_METHOD_1.0,11237
41001,41017,7,MDB_HOSPITAL_FLOW_METHOD_1.0,11238
41006,41002,9,MDB_HOSPITAL_FLOW_METHOD_1.0,11241
41006,41006,8,MDB_HOSPITAL_FLOW_METHOD_1.0,11244
41016,41016,35,MDB_HOSPITAL_FLOW_METHOD_1.0,11247
41016,41016,1018,MDB_HOSPITAL_FLOW_METHOD_1.0,11249
41016,41014,11,MDB_HOSPITAL_FLOW_METHOD_1.0,11250
41016,41017,61,MDB_HOSPITAL_FLOW_METHOD_1.0,11251
41016,41002,8,MDB_HOSPITAL_FLOW_METHOD_1.0,11252
41016,41017,15,MDB_HOSPITAL_FLOW_METHOD_1.0,11253
41016,41012,14,MDB_HOSPITAL_FLOW_METHOD_1.0,11254
41016,41016,14,MDB_HOSPITAL_FLOW_METHOD_1.0,11258
41016,41016,707,MDB_HOSPITAL_FLOW_METHOD_1.0,11259
41016,41014,11,MDB_HOSPITAL_FLOW_METHOD_1.0,11260
41016,41017,58,MDB_HOSPITAL_FLOW_METHOD_1.0,11261
41016,41017,40,MDB_HOSPITAL_FLOW_METHOD_1.0,11266
41003,41003,10,MDB_HOSPITAL_FLOW_METHOD_1.0,11267
41003,41014,6,MDB_HOSPITAL_FLOW_METHOD_1.0,11269
41003,41017,24,MDB_HOSPITAL_FLOW_METHOD_1.0,11270
41003,41002,30,MDB_HOSPITAL_FLOW_METHOD_1.0,11272
41003,41003,38,MDB_HOSPITAL_FLOW_METHOD_1.0,11273
41003,41012,7,MDB_HOSPITAL_FLOW_METHOD_1.0,11275
41022,41016,16,MDB_HOSPITAL_FLOW_METHOD_1.0,11277
41011,41011,7,MDB_HOSPITAL_FLOW_METHOD_1.0,11281
41011,41016,45,MDB_HOSPITAL_FLOW_METHOD_1.0,11282
41011,41017,11,MDB_HOSPITAL_FLOW_METHOD_1.0,11283
41011,41017,19,MDB_HOSPITAL_FLOW_METHOD_1.0,11285
41002,41002,41,MDB_HOSPITAL_FLOW_METHOD_1.0,11287
41002,41002,18,MDB_HOSPITAL_FLOW_METHOD_1.0,11288
41002,41017,8,MDB_HOSPITAL_FLOW_METHOD_1.0,11290
41002,41002,63,MDB_HOSPITAL_FLOW_METHOD_1.0,11291
41002,41002,191,MDB_HOSPITAL_FLOW_METHOD_1.0,11292
41002,41003,71,MDB_HOSPITAL_FLOW_METHOD_1.0,11293
41002,41017,15,MDB_HOSPITAL_FLOW_METHOD_1.0,11294
41022,41016,41,MDB_HOSPITAL_FLOW_METHOD_1.0,11296
41022,41017,6,MDB_HOSPITAL_FLOW_METHOD_1.0,11297
41017,41017,21,MDB_HOSPITAL_FLOW_METHOD_1.0,11299
41017,41014,5,MDB_HOSPITAL_FLOW_METHOD_1.0,11301
41017,41017,8,MDB_HOSPITAL_FLOW_METHOD_1.0,11302
41017,41017,11,MDB_HOSPITAL_FLOW_METHOD_1.0,11306
41020,41014,7,MDB_HOSPITAL_FLOW_METHOD_1.0,11312
41020,41017,74,MDB_HOSPITAL_FLOW_METHOD_1.0,11313
41020,41002,6,MDB_HOSPITAL_FLOW_METHOD_1.0,11314
41020,41002,36,MDB_HOSPITAL_FLOW_METHOD_1.0,11315
41020,41003,20,MDB_HOSPITAL_FLOW_METHOD_1.0,11316
41020,41017,25,MDB_HOSPITAL_FLOW_METHOD_1.0,11317
41020,41012,20,MDB_HOSPITAL_FLOW_METHOD_1.0,11318
41020,41006,6,MDB_HOSPITAL_FLOW_METHOD_1.0,11319
41015,41015,236,MDB_HOSPITAL_FLOW_METHOD_1.0,11320
41015,41016,43,MDB_HOSPITAL_FLOW_METHOD_1.0,11322
41015,41017,11,MDB_HOSPITAL_FLOW_METHOD_1.0,11323
41015,41015,5,MDB_HOSPITAL_FLOW_METHOD_1.0,11326
41015,41016,7,MDB_HOSPITAL_FLOW_METHOD_1.0,11328
41015,41017,9,MDB_HOSPITAL_FLOW_METHOD_1.0,11329
41002,41002,9,MDB_HOSPITAL_FLOW_METHOD_1.0,11333
41002,41003,7,MDB_HOSPITAL_FLOW_METHOD_1.0,11334
41018,41018,10,MDB_HOSPITAL_FLOW_METHOD_1.0,11338
41018,41016,52,MDB_HOSPITAL_FLOW_METHOD_1.0,11339
41018,41017,121,MDB_HOSPITAL_FLOW_METHOD_1.0,11341
41018,41017,69,MDB_HOSPITAL_FLOW_METHOD_1.0,11343
41018,41012,5,MDB_HOSPITAL_FLOW_METHOD_1.0,11344
41018,41018,30,MDB_HOSPITAL_FLOW_METHOD_1.0,11345
41011,41016,99,MDB_HOSPITAL_FLOW_METHOD_1.0,11347
41019,41016,12,MDB_HOSPITAL_FLOW_METHOD_1.0,11360
41017,41017,40,MDB_HOSPITAL_FLOW_METHOD_1.0,11364
41017,41014,11,MDB_HOSPITAL_FLOW_METHOD_1.0,11366
41017,41017,39,MDB_HOSPITAL_FLOW_METHOD_1.0,11367
41017,41017,9,MDB_HOSPITAL_FLOW_METHOD_1.0,11369
41006,41006,14,MDB_HOSPITAL_FLOW_METHOD_1.0,11370
41006,41017,11,MDB_HOSPITAL_FLOW_METHOD_1.0,11371
41006,41002,5,MDB_HOSPITAL_FLOW_METHOD_1.0,11373
41006,41003,11,MDB_HOSPITAL_FLOW_METHOD_1.0,11374
41006,41006,12,MDB_HOSPITAL_FLOW_METHOD_1.0,11376
41011,41011,7,MDB_HOSPITAL_FLOW_METHOD_1.0,11378
41008,41008,7,MDB_HOSPITAL_FLOW_METHOD_1.0,11383
41005,41016,37,MDB_HOSPITAL_FLOW_METHOD_1.0,11385
41010,41017,20,MDB_HOSPITAL_FLOW_METHOD_1.0,11389
41016,41016,165,MDB_HOSPITAL_FLOW_METHOD_1.0,11399
41007,41017,5,MDB_HOSPITAL_FLOW_METHOD_1.0,11404
41016,41016,97,MDB_HOSPITAL_FLOW_METHOD_1.0,11406
41010,41016,8,MDB_HOSPITAL_FLOW_METHOD_1.0,11410
41010,41017,7,MDB_HOSPITAL_FLOW_METHOD_1.0,11411
41012,41012,79,MDB_HOSPITAL_FLOW_METHOD_1.0,11415
41017,41016,8,MDB_HOSPITAL_FLOW_METHOD_1.0,11416
41017,41017,5,MDB_HOSPITAL_FLOW_METHOD_1.0,11417
41017,41017,7,MDB_HOSPITAL_FLOW_METHOD_1.0,11418
41010,41017,29,MDB_HOSPITAL_FLOW_METHOD_1.0,11421
41010,41017,11,MDB_HOSPITAL_FLOW_METHOD_1.0,11425
41010,41012,9,MDB_HOSPITAL_FLOW_METHOD_1.0,11426
41012,41012,49,MDB_HOSPITAL_FLOW_METHOD_1.0,11431
41016,41016,197,MDB_HOSPITAL_FLOW_METHOD_1.0,11433
41019,41014,7,MDB_HOSPITAL_FLOW_METHOD_1.0,11439
41019,41017,65,MDB_HOSPITAL_FLOW_METHOD_1.0,11440
41019,41017,31,MDB_HOSPITAL_FLOW_METHOD_1.0,11442
41019,41012,6,MDB_HOSPITAL_FLOW_METHOD_1.0,11443
41017,41017,448,MDB_HOSPITAL_FLOW_METHOD_1.0,11447
41017,41016,10,MDB_HOSPITAL_FLOW_METHOD_1.0,11450
41017,41014,10,MDB_HOSPITAL_FLOW_METHOD_1.0,11451
41017,41017,391,MDB_HOSPITAL_FLOW_METHOD_1.0,11452
41017,41002,8,MDB_HOSPITAL_FLOW_METHOD_1.0,11455
41017,41003,5,MDB_HOSPITAL_FLOW_METHOD_1.0,11456
41017,41017,95,MDB_HOSPITAL_FLOW_METHOD_1.0,11457
41017,41012,18,MDB_HOSPITAL_FLOW_METHOD_1.0,11458
41017,41006,5,MDB_HOSPITAL_FLOW_METHOD_1.0,11459
41016,41016,78,MDB_HOSPITAL_FLOW_METHOD_1.0,11461
41011,41016,58,MDB_HOSPITAL_FLOW_METHOD_1.0,11464
41011,41017,11,MDB_HOSPITAL_FLOW_METHOD_1.0,11466
41005,41016,11,MDB_HOSPITAL_FLOW_METHOD_1.0,11469
41002,41002,19,MDB_HOSPITAL_FLOW_METHOD_1.0,11472
41002,41002,11,MDB_HOSPITAL_FLOW_METHOD_1.0,11473
41002,41002,42,MDB_HOSPITAL_FLOW_METHOD_1.0,11474
41002,41002,199,MDB_HOSPITAL_FLOW_METHOD_1.0,11475
41002,41003,38,MDB_HOSPITAL_FLOW_METHOD_1.0,11476
41002,41017,6,MDB_HOSPITAL_FLOW_METHOD_1.0,11477
41010,41016,13,MDB_HOSPITAL_FLOW_METHOD_1.0,11478
41010,41017,5,MDB_HOSPITAL_FLOW_METHOD_1.0,11479
41002,41002,6,MDB_HOSPITAL_FLOW_METHOD_1.0,11482
41002,41002,28,MDB_HOSPITAL_FLOW_METHOD_1.0,11483
41002,41002,8,MDB_HOSPITAL_FLOW_METHOD_1.0,11485
41002,41015,6,MDB_HOSPITAL_FLOW_METHOD_1.0,11486
41002,41002,13,MDB_HOSPITAL_FLOW_METHOD_1.0,11487
41002,41017,6,MDB_HOSPITAL_FLOW_METHOD_1.0,11491
41002,41002,41,MDB_HOSPITAL_FLOW_METHOD_1.0,11492
41002,41002,110,MDB_HOSPITAL_FLOW_METHOD_1.0,11493
41002,41003,54,MDB_HOSPITAL_FLOW_METHOD_1.0,11494
41002,41017,19,MDB_HOSPITAL_FLOW_METHOD_1.0,11497
41002,41002,21,MDB_HOSPITAL_FLOW_METHOD_1.0,11498
41002,41002,131,MDB_HOSPITAL_FLOW_METHOD_1.0,11499
41002,41003,27,MDB_HOSPITAL_FLOW_METHOD_1.0,11500
41011,41011,15,MDB_HOSPITAL_FLOW_METHOD_1.0,11503
41011,41016,13,MDB_HOSPITAL_FLOW_METHOD_1.0,11504
41011,41014,21,MDB_HOSPITAL_FLOW_METHOD_1.0,11505
41011,41017,107,MDB_HOSPITAL_FLOW_METHOD_1.0,11506
41011,41002,5,MDB_HOSPITAL_FLOW_METHOD_1.0,11508
41011,41002,35,MDB_HOSPITAL_FLOW_METHOD_1.0,11509
41011,41003,5,MDB_HOSPITAL_FLOW_METHOD_1.0,11510
41011,41017,27,MDB_HOSPITAL_FLOW_METHOD_1.0,11511
41011,41012,26,MDB_HOSPITAL_FLOW_METHOD_1.0,11512
41022,41016,84,MDB_HOSPITAL_FLOW_METHOD_1.0,11514
41022,41017,7,MDB_HOSPITAL_FLOW_METHOD_1.0,11515
41005,41017,15,MDB_HOSPITAL_FLOW_METHOD_1.0,11520
41005,41002,6,MDB_HOSPITAL_FLOW_METHOD_1.0,11521
41005,41003,5,MDB_HOSPITAL_FLOW_METHOD_1.0,11522
41005,41016,20,MDB_HOSPITAL_FLOW_METHOD_1.0,11524
41005,41017,14,MDB_HOSPITAL_FLOW_METHOD_1.0,11525
41005,41002,8,MDB_HOSPITAL_FLOW_METHOD_1.0,11527
41005,41003,8,MDB_HOSPITAL_FLOW_METHOD_1.0,11528
41008,41014,12,MDB_HOSPITAL_FLOW_METHOD_1.0,11532
41008,41017,18,MDB_HOSPITAL_FLOW_METHOD_1.0,11533
41008,41002,5,MDB_HOSPITAL_FLOW_METHOD_1.0,11534
41008,41017,21,MDB_HOSPITAL_FLOW_METHOD_1.0,11536
41010,41017,30,MDB_HOSPITAL_FLOW_METHOD_1.0,11539
41010,41002,12,MDB_HOSPITAL_FLOW_METHOD_1.0,11540
41010,41017,5,MDB_HOSPITAL_FLOW_METHOD_1.0,11542
41003,41017,10,MDB_HOSPITAL_FLOW_METHOD_1.0,11546
41003,41002,5,MDB_HOSPITAL_FLOW_METHOD_1.0,11548
41003,41003,35,MDB_HOSPITAL_FLOW_METHOD_1.0,11549
41019,41017,39,MDB_HOSPITAL_FLOW_METHOD_1.0,11554
41019,41017,29,MDB_HOSPITAL_FLOW_METHOD_1.0,11557
41010,41010,9,MDB_HOSPITAL_FLOW_METHOD_1.0,11562
41010,41009,5,MDB_HOSPITAL_FLOW_METHOD_1.0,11564
41010,41014,64,MDB_HOSPITAL_FLOW_METHOD_1.0,11565
41010,41017,163,MDB_HOSPITAL_FLOW_METHOD_1.0,11566
41010,41015,7,MDB_HOSPITAL_FLOW_METHOD_1.0,11567
41010,41002,8,MDB_HOSPITAL_FLOW_METHOD_1.0,11568
41010,41002,75,MDB_HOSPITAL_FLOW_METHOD_1.0,11569
41010,41003,13,MDB_HOSPITAL_FLOW_METHOD_1.0,11570
41010,41017,73,MDB_HOSPITAL_FLOW_METHOD_1.0,11571
41010,41012,98,MDB_HOSPITAL_FLOW_METHOD_1.0,11572
41003,41003,10,MDB_HOSPITAL_FLOW_METHOD_1.0,11582
41003,41002,8,MDB_HOSPITAL_FLOW_METHOD_1.0,11583
41003,41014,7,MDB_HOSPITAL_FLOW_METHOD_1.0,11585
41003,41017,17,MDB_HOSPITAL_FLOW_METHOD_1.0,11586
41003,41002,58,MDB_HOSPITAL_FLOW_METHOD_1.0,11588
41003,41003,97,MDB_HOSPITAL_FLOW_METHOD_1.0,11589
41003,41017,12,MDB_HOSPITAL_FLOW_METHOD_1.0,11590
41010,41017,22,MDB_HOSPITAL_FLOW_METHOD_1.0,11595
41010,41002,6,MDB_HOSPITAL_FLOW_METHOD_1.0,11596
41010,41003,5,MDB_HOSPITAL_FLOW_METHOD_1.0,11597
41017,41017,106,MDB_HOSPITAL_FLOW_METHOD_1.0,11603
41017,41002,10,MDB_HOSPITAL_FLOW_METHOD_1.0,11604
41017,41017,38,MDB_HOSPITAL_FLOW_METHOD_1.0,11606
41017,41012,7,MDB_HOSPITAL_FLOW_METHOD_1.0,11607
41002,41002,5,MDB_HOSPITAL_FLOW_METHOD_1.0,11609
41002,41002,5,MDB_HOSPITAL_FLOW_METHOD_1.0,11610
41002,41002,44,MDB_HOSPITAL_FLOW_METHOD_1.0,11611
41010,41017,10,MDB_HOSPITAL_FLOW_METHOD_1.0,11614
41007,41007,26,MDB_HOSPITAL_FLOW_METHOD_1.0,11618
41007,41017,6,MDB_HOSPITAL_FLOW_METHOD_1.0,11620
41013,41013,15,MDB_HOSPITAL_FLOW_METHOD_1.0,11624
41013,41016,40,MDB_HOSPITAL_FLOW_METHOD_1.0,11625
41013,41014,41,MDB_HOSPITAL_FLOW_METHOD_1.0,11626
41013,41017,69,MDB_HOSPITAL_FLOW_METHOD_1.0,11627
41013,41015,11,MDB_HOSPITAL_FLOW_METHOD_1.0,11628
41013,41002,5,MDB_HOSPITAL_FLOW_METHOD_1.0,11629
41013,41002,12,MDB_HOSPITAL_FLOW_METHOD_1.0,11630
41013,41003,8,MDB_HOSPITAL_FLOW_METHOD_1.0,11631
41013,41017,26,MDB_HOSPITAL_FLOW_METHOD_1.0,11632
41013,41012,46,MDB_HOSPITAL_FLOW_METHOD_1.0,11633
41013,41017,17,MDB_HOSPITAL_FLOW_METHOD_1.0,11635
41013,41017,6,MDB_HOSPITAL_FLOW_METHOD_1.0,11638
41013,41012,22,MDB_HOSPITAL_FLOW_METHOD_1.0,11639
41007,41017,27,MDB_HOSPITAL_FLOW_METHOD_1.0,11643
41007,41002,14,MDB_HOSPITAL_FLOW_METHOD_1.0,11647
41007,41003,5,MDB_HOSPITAL_FLOW_METHOD_1.0,11648
41007,41017,8,MDB_HOSPITAL_FLOW_METHOD_1.0,11649
41007,41012,18,MDB_HOSPITAL_FLOW_METHOD_1.0,11650
41002,41002,68,MDB_HOSPITAL_FLOW_METHOD_1.0,11657
41002,41014,5,MDB_HOSPITAL_FLOW_METHOD_1.0,11660
41002,41002,124,MDB_HOSPITAL_FLOW_METHOD_1.0,11662
41002,41002,425,MDB_HOSPITAL_FLOW_METHOD_1.0,11664
41002,41003,95,MDB_HOSPITAL_FLOW_METHOD_1.0,11665
41002,41012,10,MDB_HOSPITAL_FLOW_METHOD_1.0,11667
41015,41015,293,MDB_HOSPITAL_FLOW_METHOD_1.0,11669
41015,41016,13,MDB_HOSPITAL_FLOW_METHOD_1.0,11670
41015,41014,6,MDB_HOSPITAL_FLOW_METHOD_1.0,11671
41015,41017,8,MDB_HOSPITAL_FLOW_METHOD_1.0,11672
41018,41017,28,MDB_HOSPITAL_FLOW_METHOD_1.0,11676
41018,41017,8,MDB_HOSPITAL_FLOW_METHOD_1.0,11677
41018,41018,6,MDB_HOSPITAL_FLOW_METHOD_1.0,11678
41019,41016,49,MDB_HOSPITAL_FLOW_METHOD_1.0,11679
41019,41017,14,MDB_HOSPITAL_FLOW_METHOD_1.0,11681
41002,41002,9,MDB_HOSPITAL_FLOW_METHOD_1.0,11687
41002,41002,52,MDB_HOSPITAL_FLOW_METHOD_1.0,11688
41002,41003,11,MDB_HOSPITAL_FLOW_METHOD_1.0,11689
41010,41017,31,MDB_HOSPITAL_FLOW_METHOD_1.0,11692
41010,41017,7,MDB_HOSPITAL_FLOW_METHOD_1.0,11695
41018,41018,15,MDB_HOSPITAL_FLOW_METHOD_1.0,11696
41018,41017,39,MDB_HOSPITAL_FLOW_METHOD_1.0,11699
41018,41002,9,MDB_HOSPITAL_FLOW_METHOD_1.0,11701
41018,41017,32,MDB_HOSPITAL_FLOW_METHOD_1.0,11703
41018,41018,26,MDB_HOSPITAL_FLOW_METHOD_1.0,11706
41007,41007,7,MDB_HOSPITAL_FLOW_METHOD_1.0,11710
41007,41007,24,MDB_HOSPITAL_FLOW_METHOD_1.0,11712
41007,41017,24,MDB_HOSPITAL_FLOW_METHOD_1.0,11714
41007,41002,12,MDB_HOSPITAL_FLOW_METHOD_1.0,11716
41007,41017,11,MDB_HOSPITAL_FLOW_METHOD_1.0,11718
41011,41016,27,MDB_HOSPITAL_FLOW_METHOD_1.0,11720
41008,41008,6,MDB_HOSPITAL_FLOW_METHOD_1.0,11722
41012,41012,16,MDB_HOSPITAL_FLOW_METHOD_1.0,11726
41012,41014,12,MDB_HOSPITAL_FLOW_METHOD_1.0,11727
41012,41017,50,MDB_HOSPITAL_FLOW_METHOD_1.0,11728
41012,41002,18,MDB_HOSPITAL_FLOW_METHOD_1.0,11729
41012,41017,23,MDB_HOSPITAL_FLOW_METHOD_1.0,11731
41012,41012,67,MDB_HOSPITAL_FLOW_METHOD_1.0,11732
41012,41006,7,MDB_HOSPITAL_FLOW_METHOD_1.0,11733
41014,41014,13,MDB_HOSPITAL_FLOW_METHOD_1.0,11736
41014,41017,12,MDB_HOSPITAL_FLOW_METHOD_1.0,11737
41006,41002,5,MDB_HOSPITAL_FLOW_METHOD_1.0,11743
41002,13001,5,MDB_HOSPITAL_FLOW_METHOD_1.0,11747
41002,35016,11,MDB_HOSPITAL_FLOW_METHOD_1.0,11756
41002,41002,6812,MDB_HOSPITAL_FLOW_METHOD_1.0,11760
41002,41017,14,MDB_HOSPITAL_FLOW_METHOD_1.0,11763
41002,41002,41,MDB_HOSPITAL_FLOW_METHOD_1.0,11765
41002,41002,378,MDB_HOSPITAL_FLOW_METHOD_1.0,11766
41002,41003,20,MDB_HOSPITAL_FLOW_METHOD_1.0,11767
41021,41016,79,MDB_HOSPITAL_FLOW_METHOD_1.0,11781
41021,41017,18,MDB_HOSPITAL_FLOW_METHOD_1.0,11782
41021,41017,12,MDB_HOSPITAL_FLOW_METHOD_1.0,11785
41021,41012,5,MDB_HOSPITAL_FLOW_METHOD_1.0,11786
41014,41014,30,MDB_HOSPITAL_FLOW_METHOD_1.0,11789
41014,41017,10,MDB_HOSPITAL_FLOW_METHOD_1.0,11790
41014,41012,6,MDB_HOSPITAL_FLOW_METHOD_1.0,11793
41010,41016,44,MDB_HOSPITAL_FLOW_METHOD_1.0,11794
41020,41002,7,MDB_HOSPITAL_FLOW_METHOD_1.0,11797
41008,41008,92,MDB_HOSPITAL_FLOW_METHOD_1.0,11798
41008,41017,24,MDB_HOSPITAL_FLOW_METHOD_1.0,11799
41008,41002,9,MDB_HOSPITAL_FLOW_METHOD_1.0,11801
41012,41017,6,MDB_HOSPITAL_FLOW_METHOD_1.0,11806
41012,41017,9,MDB_HOSPITAL_FLOW_METHOD_1.0,11807
41012,41012,92,MDB_HOSPITAL_FLOW_METHOD_1.0,11808
41015,41017,5,MDB_HOSPITAL_FLOW_METHOD_1.0,11810
41015,41017,7,MDB_HOSPITAL_FLOW_METHOD_1.0,11812
41011,41016,5,MDB_HOSPITAL_FLOW_METHOD_1.0,11819
41011,41017,25,MDB_HOSPITAL_FLOW_METHOD_1.0,11821
41011,41002,9,MDB_HOSPITAL_FLOW_METHOD_1.0,11823
41011,41002,9,MDB_HOSPITAL_FLOW_METHOD_1.0,11824
41011,41017,9,MDB_HOSPITAL_FLOW_METHOD_1.0,11826
41011,41012,13,MDB_HOSPITAL_FLOW_METHOD_1.0,11827
41012,41012,16,MDB_HOSPITAL_FLOW_METHOD_1.0,11830
41010,41017,16,MDB_HOSPITAL_FLOW_METHOD_1.0,11832
41016,41016,145,MDB_HOSPITAL_FLOW_METHOD_1.0,11838
41016,41014,5,MDB_HOSPITAL_FLOW_METHOD_1.0,11839
41016,41017,25,MDB_HOSPITAL_FLOW_METHOD_1.0,11840
41016,41017,12,MDB_HOSPITAL_FLOW_METHOD_1.0,11843
41002,41002,49,MDB_HOSPITAL_FLOW_METHOD_1.0,11849
41002,41002,82,MDB_HOSPITAL_FLOW_METHOD_1.0,11851
41002,41002,239,MDB_HOSPITAL_FLOW_METHOD_1.0,11852
41002,41003,69,MDB_HOSPITAL_FLOW_METHOD_1.0,11853
41011,41016,7,MDB_HOSPITAL_FLOW_METHOD_1.0,11856
41004,41004,26,MDB_HOSPITAL_FLOW_METHOD_1.0,11860
41019,41019,5,MDB_HOSPITAL_FLOW_METHOD_1.0,11861
41019,41016,5,MDB_HOSPITAL_FLOW_METHOD_1.0,11862
41019,41017,22,MDB_HOSPITAL_FLOW_METHOD_1.0,11864
41019,41002,10,MDB_HOSPITAL_FLOW_METHOD_1.0,11865
41019,41003,9,MDB_HOSPITAL_FLOW_METHOD_1.0,11866
41019,41017,10,MDB_HOSPITAL_FLOW_METHOD_1.0,11867
41019,41012,5,MDB_HOSPITAL_FLOW_METHOD_1.0,11868
41015,41015,25,MDB_HOSPITAL_FLOW_METHOD_1.0,11869
41015,41017,12,MDB_HOSPITAL_FLOW_METHOD_1.0,11870
41015,41015,15,MDB_HOSPITAL_FLOW_METHOD_1.0,11879
41015,41015,10,MDB_HOSPITAL_FLOW_METHOD_1.0,11880
41015,41016,37,MDB_HOSPITAL_FLOW_METHOD_1.0,11881
41015,41015,7,MDB_HOSPITAL_FLOW_METHOD_1.0,11883
41017,41016,57,MDB_HOSPITAL_FLOW_METHOD_1.0,11890
41017,41017,28,MDB_HOSPITAL_FLOW_METHOD_1.0,11892
41017,41017,5,MDB_HOSPITAL_FLOW_METHOD_1.0,11896
41015,41015,29,MDB_HOSPITAL_FLOW_METHOD_1.0,11898
41015,41016,6,MDB_HOSPITAL_FLOW_METHOD_1.0,11900
41010,41012,5,MDB_HOSPITAL_FLOW_METHOD_1.0,11903
41009,41009,1813,MDB_HOSPITAL_FLOW_METHOD_1.0,11911
41009,41014,12,MDB_HOSPITAL_FLOW_METHOD_1.0,11912
41009,41017,56,MDB_HOSPITAL_FLOW_METHOD_1.0,11913
41009,41015,5,MDB_HOSPITAL_FLOW_METHOD_1.0,11914
41009,41002,10,MDB_HOSPITAL_FLOW_METHOD_1.0,11915
41009,41002,57,MDB_HOSPITAL_FLOW_METHOD_1.0,11916
41009,41017,13,MDB_HOSPITAL_FLOW_METHOD_1.0,11918
41009,41012,35,MDB_HOSPITAL_FLOW_METHOD_1.0,11919
41009,41006,5,MDB_HOSPITAL_FLOW_METHOD_1.0,11920
41012,41016,19,MDB_HOSPITAL_FLOW_METHOD_1.0,11922
41012,41017,7,MDB_HOSPITAL_FLOW_METHOD_1.0,11926
41012,41012,91,MDB_HOSPITAL_FLOW_METHOD_1.0,11927
41008,41008,42,MDB_HOSPITAL_FLOW_METHOD_1.0,11928
41008,41008,10,MDB_HOSPITAL_FLOW_METHOD_1.0,11929
41008,41014,13,MDB_HOSPITAL_FLOW_METHOD_1.0,11931
41008,41017,28,MDB_HOSPITAL_FLOW_METHOD_1.0,11932
41008,41002,36,MDB_HOSPITAL_FLOW_METHOD_1.0,11934
41008,41003,8,MDB_HOSPITAL_FLOW_METHOD_1.0,11935
41008,41017,23,MDB_HOSPITAL_FLOW_METHOD_1.0,11937
41008,41012,7,MDB_HOSPITAL_FLOW_METHOD_1.0,11938
41005,41017,14,MDB_HOSPITAL_FLOW_METHOD_1.0,11944
41005,41003,5,MDB_HOSPITAL_FLOW_METHOD_1.0,11945
41005,41017,9,MDB_HOSPITAL_FLOW_METHOD_1.0,11946
41005,41012,10,MDB_HOSPITAL_FLOW_METHOD_1.0,11947
41006,41002,12,MDB_HOSPITAL_FLOW_METHOD_1.0,11950
41006,41003,5,MDB_HOSPITAL_FLOW_METHOD_1.0,11951
41006,41017,5,MDB_HOSPITAL_FLOW_METHOD_1.0,11952
41006,41006,6,MDB_HOSPITAL_FLOW_METHOD_1.0,11953
41022,41016,87,MDB_HOSPITAL_FLOW_METHOD_1.0,11955
41022,41017,12,MDB_HOSPITAL_FLOW_METHOD_1.0,11956
41011,41011,94,MDB_HOSPITAL_FLOW_METHOD_1.0,11959
41011,41016,19,MDB_HOSPITAL_FLOW_METHOD_1.0,11960
41011,41017,32,MDB_HOSPITAL_FLOW_METHOD_1.0,11962
41011,41017,10,MDB_HOSPITAL_FLOW_METHOD_1.0,11966
41011,41012,9,MDB_HOSPITAL_FLOW_METHOD_1.0,11967
41005,41017,12,MDB_HOSPITAL_FLOW_METHOD_1.0,11969
41005,41003,6,MDB_HOSPITAL_FLOW_METHOD_1.0,11971
41005,41017,9,MDB_HOSPITAL_FLOW_METHOD_1.0,11972
41016,41016,66,MDB_HOSPITAL_FLOW_METHOD_1.0,11974
41020,41020,88,MDB_HOSPITAL_FLOW_METHOD_1.0,11979
41020,41014,9,MDB_HOSPITAL_FLOW_METHOD_1.0,11980
41020,41017,28,MDB_HOSPITAL_FLOW_METHOD_1.0,11981
41020,41017,11,MDB_HOSPITAL_FLOW_METHOD_1.0,11983
41020,41012,35,MDB_HOSPITAL_FLOW_METHOD_1.0,11984
41020,41006,11,MDB_HOSPITAL_FLOW_METHOD_1.0,11985
41014,41014,10,MDB_HOSPITAL_FLOW_METHOD_1.0,11987
41014,41017,6,MDB_HOSPITAL_FLOW_METHOD_1.0,11988
41014,41017,7,MDB_HOSPITAL_FLOW_METHOD_1.0,11989
41004,41004,32,MDB_HOSPITAL_FLOW_METHOD_1.0,11990
41004,41005,6,MDB_HOSPITAL_FLOW_METHOD_1.0,11993
41019,41016,5,MDB_HOSPITAL_FLOW_METHOD_1.0,11994
41019,41017,14,MDB_HOSPITAL_FLOW_METHOD_1.0,11996
41019,41002,10,MDB_HOSPITAL_FLOW_METHOD_1.0,11998
41019,41017,6,MDB_HOSPITAL_FLOW_METHOD_1.0,11999
41017,41017,27,MDB_HOSPITAL_FLOW_METHOD_1.0,12003
41017,41017,36,MDB_HOSPITAL_FLOW_METHOD_1.0,12006
41010,41016,91,MDB_HOSPITAL_FLOW_METHOD_1.0,12009
41010,41017,9,MDB_HOSPITAL_FLOW_METHOD_1.0,12011
41005,41005,9,MDB_HOSPITAL_FLOW_METHOD_1.0,12015
41005,41014,19,MDB_HOSPITAL_FLOW_METHOD_1.0,12017
41005,41017,128,MDB_HOSPITAL_FLOW_METHOD_1.0,12018
41005,41002,12,MDB_HOSPITAL_FLOW_METHOD_1.0,12020
41005,41002,119,MDB_HOSPITAL_FLOW_METHOD_1.0,12021
41005,41003,149,MDB_HOSPITAL_FLOW_METHOD_1.0,12022
41005,41017,69,MDB_HOSPITAL_FLOW_METHOD_1.0,12023
41005,41012,28,MDB_HOSPITAL_FLOW_METHOD_1.0,12024
41005,41006,8,MDB_HOSPITAL_FLOW_METHOD_1.0,12025
41001,41002,20,MDB_HOSPITAL_FLOW_METHOD_1.0,12034
41001,41002,106,MDB_HOSPITAL_FLOW_METHOD_1.0,12035
41001,41003,10,MDB_HOSPITAL_FLOW_METHOD_1.0,12036
41019,41016,18,MDB_HOSPITAL_FLOW_METHOD_1.0,12042
41019,41017,65,MDB_HOSPITAL_FLOW_METHOD_1.0,12044
41019,41002,24,MDB_HOSPITAL_FLOW_METHOD_1.0,12046
41019,41017,26,MDB_HOSPITAL_FLOW_METHOD_1.0,12048
41019,41012,6,MDB_HOSPITAL_FLOW_METHOD_1.0,12049
41010,41016,5,MDB_HOSPITAL_FLOW_METHOD_1.0,12050
41010,41017,23,MDB_HOSPITAL_FLOW_METHOD_1.0,12052
41010,41012,5,MDB_HOSPITAL_FLOW_METHOD_1.0,12057
41017,41017,339,MDB_HOSPITAL_FLOW_METHOD_1.0,12059
41017,41014,5,MDB_HOSPITAL_FLOW_METHOD_1.0,12060
41017,41017,162,MDB_HOSPITAL_FLOW_METHOD_1.0,12061
41017,41002,14,MDB_HOSPITAL_FLOW_METHOD_1.0,12064
41017,41017,29,MDB_HOSPITAL_FLOW_METHOD_1.0,12066
41017,41012,6,MDB_HOSPITAL_FLOW_METHOD_1.0,12067
41017,41006,22,MDB_HOSPITAL_FLOW_METHOD_1.0,12068
41012,41017,24,MDB_HOSPITAL_FLOW_METHOD_1.0,12069
41012,41017,7,MDB_HOSPITAL_FLOW_METHOD_1.0,12070
41012,41012,45,MDB_HOSPITAL_FLOW_METHOD_1.0,12071
41015,41015,29,MDB_HOSPITAL_FLOW_METHOD_1.0,12072
41010,41017,7,MDB_HOSPITAL_FLOW_METHOD_1.0,12075
41021,41016,45,MDB_HOSPITAL_FLOW_METHOD_1.0,12078
41021,41017,11,MDB_HOSPITAL_FLOW_METHOD_1.0,12079
41021,41002,14,MDB_HOSPITAL_FLOW_METHOD_1.0,12080
41021,41003,11,MDB_HOSPITAL_FLOW_METHOD_1.0,12081
41004,41004,13,MDB_HOSPITAL_FLOW_METHOD_1.0,12083
41004,41016,7,MDB_HOSPITAL_FLOW_METHOD_1.0,12084
41004,41014,6,MDB_HOSPITAL_FLOW_METHOD_1.0,12085
41004,41017,35,MDB_HOSPITAL_FLOW_METHOD_1.0,12086
41004,41002,49,MDB_HOSPITAL_FLOW_METHOD_1.0,12087
41004,41003,38,MDB_HOSPITAL_FLOW_METHOD_1.0,12088
41004,41017,12,MDB_HOSPITAL_FLOW_METHOD_1.0,12089
41004,41004,16,MDB_HOSPITAL_FLOW_METHOD_1.0,12090
41004,41017,23,MDB_HOSPITAL_FLOW_METHOD_1.0,12092
41004,41002,8,MDB_HOSPITAL_FLOW_METHOD_1.0,12094
41004,41002,18,MDB_HOSPITAL_FLOW_METHOD_1.0,12095
41004,41003,17,MDB_HOSPITAL_FLOW_METHOD_1.0,12096
41004,41017,13,MDB_HOSPITAL_FLOW_METHOD_1.0,12097
41014,41014,5,MDB_HOSPITAL_FLOW_METHOD_1.0,12100
41014,41017,8,MDB_HOSPITAL_FLOW_METHOD_1.0,12101
41014,41017,5,MDB_HOSPITAL_FLOW_METHOD_1.0,12104
41013,41017,10,MDB_HOSPITAL_FLOW_METHOD_1.0,12106
41013,41012,5,MDB_HOSPITAL_FLOW_METHOD_1.0,12111
41003,41016,30,MDB_HOSPITAL_FLOW_METHOD_1.0,12112
41003,41003,9,MDB_HOSPITAL_FLOW_METHOD_1.0,12114
41012,41016,42,MDB_HOSPITAL_FLOW_METHOD_1.0,12117
41012,41014,6,MDB_HOSPITAL_FLOW_METHOD_1.0,12118
41012,41017,10,MDB_HOSPITAL_FLOW_METHOD_1.0,12119
41012,41012,135,MDB_HOSPITAL_FLOW_METHOD_1.0,12122
41010,41016,9,MDB_HOSPITAL_FLOW_METHOD_1.0,12123
41004,41004,256,MDB_HOSPITAL_FLOW_METHOD_1.0,12126
41004,41002,6,MDB_HOSPITAL_FLOW_METHOD_1.0,12129
41004,41003,5,MDB_HOSPITAL_FLOW_METHOD_1.0,12131
41004,41006,8,MDB_HOSPITAL_FLOW_METHOD_1.0,12132
41011,41016,26,MDB_HOSPITAL_FLOW_METHOD_1.0,12133
41011,41017,7,MDB_HOSPITAL_FLOW_METHOD_1.0,12135
41011,41012,6,MDB_HOSPITAL_FLOW_METHOD_1.0,12139
41015,41015,27,MDB_HOSPITAL_FLOW_METHOD_1.0,12141
41015,41016,5,MDB_HOSPITAL_FLOW_METHOD_1.0,12142
41009,41017,12,MDB_HOSPITAL_FLOW_METHOD_1.0,12146
41018,41017,11,MDB_HOSPITAL_FLOW_METHOD_1.0,12149
41018,41017,5,MDB_HOSPITAL_FLOW_METHOD_1.0,12150
41018,41018,10,MDB_HOSPITAL_FLOW_METHOD_1.0,12151
41015,41016,9,MDB_HOSPITAL_FLOW_METHOD_1.0,12152
41007,41017,15,MDB_HOSPITAL_FLOW_METHOD_1.0,12156
41007,41017,14,MDB_HOSPITAL_FLOW_METHOD_1.0,12159
41002,41002,17,MDB_HOSPITAL_FLOW_METHOD_1.0,12161
41002,41002,10,MDB_HOSPITAL_FLOW_METHOD_1.0,12162
41002,41002,25,MDB_HOSPITAL_FLOW_METHOD_1.0,12163
41002,41003,9,MDB_HOSPITAL_FLOW_METHOD_1.0,12164
41014,41017,8,MDB_HOSPITAL_FLOW_METHOD_1.0,12169
41014,41002,6,MDB_HOSPITAL_FLOW_METHOD_1.0,12171
41014,41012,14,MDB_HOSPITAL_FLOW_METHOD_1.0,12172
41003,41003,5,MDB_HOSPITAL_FLOW_METHOD_1.0,12174
41003,41016,30,MDB_HOSPITAL_FLOW_METHOD_1.0,12175
41003,41002,5,MDB_HOSPITAL_FLOW_METHOD_1.0,12176
41022,41016,50,MDB_HOSPITAL_FLOW_METHOD_1.0,12178
41022,41017,60,MDB_HOSPITAL_FLOW_METHOD_1.0,12180
41022,41002,11,MDB_HOSPITAL_FLOW_METHOD_1.0,12183
41022,41017,16,MDB_HOSPITAL_FLOW_METHOD_1.0,12185
41022,41012,11,MDB_HOSPITAL_FLOW_METHOD_1.0,12186
41012,41012,42,MDB_HOSPITAL_FLOW_METHOD_1.0,12190
41015,41015,5,MDB_HOSPITAL_FLOW_METHOD_1.0,12192
41019,41016,5,MDB_HOSPITAL_FLOW_METHOD_1.0,12195
41019,41017,5,MDB_HOSPITAL_FLOW_METHOD_1.0,12196
41019,41017,5,MDB_HOSPITAL_FLOW_METHOD_1.0,12200
41019,41019,14,MDB_HOSPITAL_FLOW_METHOD_1.0,12201
41019,41016,19,MDB_HOSPITAL_FLOW_METHOD_1.0,12202
41019,41014,11,MDB_HOSPITAL_FLOW_METHOD_1.0,12203
41019,41017,95,MDB_HOSPITAL_FLOW_METHOD_1.0,12204
41019,41002,6,MDB_HOSPITAL_FLOW_METHOD_1.0,12206
41019,41017,66,MDB_HOSPITAL_FLOW_METHOD_1.0,12208
41017,41017,80,MDB_HOSPITAL_FLOW_METHOD_1.0,12212
41017,41017,17,MDB_HOSPITAL_FLOW_METHOD_1.0,12215
41003,41014,7,MDB_HOSPITAL_FLOW_METHOD_1.0,12217
41003,41017,14,MDB_HOSPITAL_FLOW_METHOD_1.0,12218
41003,41002,10,MDB_HOSPITAL_FLOW_METHOD_1.0,12220
41003,41003,28,MDB_HOSPITAL_FLOW_METHOD_1.0,12221
41016,41016,574,MDB_HOSPITAL_FLOW_METHOD_1.0,12225
41011,41011,15,MDB_HOSPITAL_FLOW_METHOD_1.0,12227
41011,41016,18,MDB_HOSPITAL_FLOW_METHOD_1.0,12228
41019,41017,7,MDB_HOSPITAL_FLOW_METHOD_1.0,12230
41019,41002,6,MDB_HOSPITAL_FLOW_METHOD_1.0,12232
41019,41017,6,MDB_HOSPITAL_FLOW_METHOD_1.0,12233
41013,41014,6,MDB_HOSPITAL_FLOW_METHOD_1.0,12235
41013,41017,8,MDB_HOSPITAL_FLOW_METHOD_1.0,12236
41013,41012,15,MDB_HOSPITAL_FLOW_METHOD_1.0,12238
41022,41016,166,MDB_HOSPITAL_FLOW_METHOD_1.0,12240
41022,41017,17,MDB_HOSPITAL_FLOW_METHOD_1.0,12241
41022,41017,7,MDB_HOSPITAL_FLOW_METHOD_1.0,12244
41017,41017,62,MDB_HOSPITAL_FLOW_METHOD_1.0,12247
41017,41017,73,MDB_HOSPITAL_FLOW_METHOD_1.0,12249
41017,41002,9,MDB_HOSPITAL_FLOW_METHOD_1.0,12251
41017,41017,8,MDB_HOSPITAL_FLOW_METHOD_1.0,12253
41010,41016,96,MDB_HOSPITAL_FLOW_METHOD_1.0,12256
41010,41012,36,MDB_HOSPITAL_FLOW_METHOD_1.0,12260
41019,41016,5,MDB_HOSPITAL_FLOW_METHOD_1.0,12261
41019,41017,28,MDB_HOSPITAL_FLOW_METHOD_1.0,12262
41019,41002,6,MDB_HOSPITAL_FLOW_METHOD_1.0,12263
41019,41003,5,MDB_HOSPITAL_FLOW_METHOD_1.0,12264
41019,41017,12,MDB_HOSPITAL_FLOW_METHOD_1.0,12265
41019,41017,6,MDB_HOSPITAL_FLOW_METHOD_1.0,12267
41011,41011,18,MDB_HOSPITAL_FLOW_METHOD_1.0,12270
41011,41016,20,MDB_HOSPITAL_FLOW_METHOD_1.0,12271
41011,41017,6,MDB_HOSPITAL_FLOW_METHOD_1.0,12272
41011,41002,5,MDB_HOSPITAL_FLOW_METHOD_1.0,12273
41016,41016,68,MDB_HOSPITAL_FLOW_METHOD_1.0,12281
41016,41017,6,MDB_HOSPITAL_FLOW_METHOD_1.0,12282
41002,41002,7,MDB_HOSPITAL_FLOW_METHOD_1.0,12287
41002,41002,24,MDB_HOSPITAL_FLOW_METHOD_1.0,12289
41002,41002,94,MDB_HOSPITAL_FLOW_METHOD_1.0,12290
41002,41003,54,MDB_HOSPITAL_FLOW_METHOD_1.0,12291
41005,41016,10,MDB_HOSPITAL_FLOW_METHOD_1.0,12294
41005,41017,17,MDB_HOSPITAL_FLOW_METHOD_1.0,12300
41005,41002,6,MDB_HOSPITAL_FLOW_METHOD_1.0,12301
41005,41002,10,MDB_HOSPITAL_FLOW_METHOD_1.0,12302
41005,41003,10,MDB_HOSPITAL_FLOW_METHOD_1.0,12303
41005,41017,10,MDB_HOSPITAL_FLOW_METHOD_1.0,12304
41018,41017,9,MDB_HOSPITAL_FLOW_METHOD_1.0,12307
41018,41017,5,MDB_HOSPITAL_FLOW_METHOD_1.0,12310
41022,41016,45,MDB_HOSPITAL_FLOW_METHOD_1.0,12313
41010,41017,6,MDB_HOSPITAL_FLOW_METHOD_1.0,12316
41010,41012,7,MDB_HOSPITAL_FLOW_METHOD_1.0,12319
41014,41014,164,MDB_HOSPITAL_FLOW_METHOD_1.0,12321
41014,41017,19,MDB_HOSPITAL_FLOW_METHOD_1.0,12322
41014,41017,10,MDB_HOSPITAL_FLOW_METHOD_1.0,12324
41014,41012,19,MDB_HOSPITAL_FLOW_METHOD_1.0,12325
41015,41015,52,MDB_HOSPITAL_FLOW_METHOD_1.0,12326
41015,41016,10,MDB_HOSPITAL_FLOW_METHOD_1.0,12327
41017,41017,17,MDB_HOSPITAL_FLOW_METHOD_1.0,12335
41017,41017,7,MDB_HOSPITAL_FLOW_METHOD_1.0,12336
41017,41016,37,MDB_HOSPITAL_FLOW_METHOD_1.0,12337
41017,41014,52,MDB_HOSPITAL_FLOW_METHOD_1.0,12338
41017,41017,3583,MDB_HOSPITAL_FLOW_METHOD_1.0,12339
41017,41002,8,MDB_HOSPITAL_FLOW_METHOD_1.0,12342
41017,41003,14,MDB_HOSPITAL_FLOW_METHOD_1.0,12343
41017,41017,298,MDB_HOSPITAL_FLOW_METHOD_1.0,12344
41017,41017,5,MDB_HOSPITAL_FLOW_METHOD_1.0,12345
41017,41012,22,MDB_HOSPITAL_FLOW_METHOD_1.0,12346
41017,41006,8,MDB_HOSPITAL_FLOW_METHOD_1.0,12347
41011,41002,6,MDB_HOSPITAL_FLOW_METHOD_1.0,12354
41022,41016,35,MDB_HOSPITAL_FLOW_METHOD_1.0,12357
41017,41017,15,MDB_HOSPITAL_FLOW_METHOD_1.0,12360
41017,41017,5,MDB_HOSPITAL_FLOW_METHOD_1.0,12361
41017,41017,8,MDB_HOSPITAL_FLOW_METHOD_1.0,12363
41004,41004,6,MDB_HOSPITAL_FLOW_METHOD_1.0,12367
41011,41016,83,MDB_HOSPITAL_FLOW_METHOD_1.0,12371
41011,41017,9,MDB_HOSPITAL_FLOW_METHOD_1.0,12373
41015,41015,59,MDB_HOSPITAL_FLOW_METHOD_1.0,12376
41015,41015,5,MDB_HOSPITAL_FLOW_METHOD_1.0,12377
41015,41016,151,MDB_HOSPITAL_FLOW_METHOD_1.0,12378
41015,41017,14,MDB_HOSPITAL_FLOW_METHOD_1.0,12380
41015,41015,7,MDB_HOSPITAL_FLOW_METHOD_1.0,12381
41015,41015,7,MDB_HOSPITAL_FLOW_METHOD_1.0,12382
41015,41017,8,MDB_HOSPITAL_FLOW_METHOD_1.0,12383
41015,41012,12,MDB_HOSPITAL_FLOW_METHOD_1.0,12384
41002,41002,9,MDB_HOSPITAL_FLOW_METHOD_1.0,12385
41002,41002,26,MDB_HOSPITAL_FLOW_METHOD_1.0,12388
41002,41002,22,MDB_HOSPITAL_FLOW_METHOD_1.0,12389
41002,41002,50,MDB_HOSPITAL_FLOW_METHOD_1.0,12390
41002,41003,14,MDB_HOSPITAL_FLOW_METHOD_1.0,12391
41007,41014,7,MDB_HOSPITAL_FLOW_METHOD_1.0,12395
41007,41017,23,MDB_HOSPITAL_FLOW_METHOD_1.0,12396
41007,41007,7,MDB_HOSPITAL_FLOW_METHOD_1.0,12397
41007,41002,5,MDB_HOSPITAL_FLOW_METHOD_1.0,12399
41007,41002,25,MDB_HOSPITAL_FLOW_METHOD_1.0,12400
41007,41017,12,MDB_HOSPITAL_FLOW_METHOD_1.0,12402
41022,41017,22,MDB_HOSPITAL_FLOW_METHOD_1.0,12405
41022,41002,13,MDB_HOSPITAL_FLOW_METHOD_1.0,12406
41022,41017,22,MDB_HOSPITAL_FLOW_METHOD_1.0,12408
41022,41012,7,MDB_HOSPITAL_FLOW_METHOD_1.0,12409
41020,41014,20,MDB_HOSPITAL_FLOW_METHOD_1.0,12411
41020,41017,64,MDB_HOSPITAL_FLOW_METHOD_1.0,12412
41020,41020,6,MDB_HOSPITAL_FLOW_METHOD_1.0,12413
41020,41002,9,MDB_HOSPITAL_FLOW_METHOD_1.0,12414
41020,41002,39,MDB_HOSPITAL_FLOW_METHOD_1.0,12415
41020,41003,16,MDB_HOSPITAL_FLOW_METHOD_1.0,12416
41020,41017,38,MDB_HOSPITAL_FLOW_METHOD_1.0,12417
41020,41012,50,MDB_HOSPITAL_FLOW_METHOD_1.0,12418
41012,41012,96,MDB_HOSPITAL_FLOW_METHOD_1.0,12420
41015,41015,9,MDB_HOSPITAL_FLOW_METHOD_1.0,12421
41015,41016,114,MDB_HOSPITAL_FLOW_METHOD_1.0,12422
41015,41017,9,MDB_HOSPITAL_FLOW_METHOD_1.0,12424
41015,41015,11,MDB_HOSPITAL_FLOW_METHOD_1.0,12425
41016,41016,80,MDB_HOSPITAL_FLOW_METHOD_1.0,12429
41016,41017,5,MDB_HOSPITAL_FLOW_METHOD_1.0,12434
41014,41014,69,MDB_HOSPITAL_FLOW_METHOD_1.0,12436
41014,41017,5,MDB_HOSPITAL_FLOW_METHOD_1.0,12437
41014,41017,15,MDB_HOSPITAL_FLOW_METHOD_1.0,12439
41014,41012,18,MDB_HOSPITAL_FLOW_METHOD_1.0,12440
41012,41017,5,MDB_HOSPITAL_FLOW_METHOD_1.0,12444
41012,41012,70,MDB_HOSPITAL_FLOW_METHOD_1.0,12445
41015,24007,9,MDB_HOSPITAL_FLOW_METHOD_1.0,12446
41015,41016,32,MDB_HOSPITAL_FLOW_METHOD_1.0,12452
41015,41017,63,MDB_HOSPITAL_FLOW_METHOD_1.0,12453
41015,41015,1714,MDB_HOSPITAL_FLOW_METHOD_1.0,12454
41015,41017,14,MDB_HOSPITAL_FLOW_METHOD_1.0,12457
41020,41017,5,MDB_HOSPITAL_FLOW_METHOD_1.0,12465
41008,41017,6,MDB_HOSPITAL_FLOW_METHOD_1.0,12468
41005,41016,27,MDB_HOSPITAL_FLOW_METHOD_1.0,12472
41016,41016,118,MDB_HOSPITAL_FLOW_METHOD_1.0,12475
41009,41014,8,MDB_HOSPITAL_FLOW_METHOD_1.0,12479
41009,41017,29,MDB_HOSPITAL_FLOW_METHOD_1.0,12480
41009,41009,64,MDB_HOSPITAL_FLOW_METHOD_1.0,12481
41009,41002,8,MDB_HOSPITAL_FLOW_METHOD_1.0,12482
41009,41017,9,MDB_HOSPITAL_FLOW_METHOD_1.0,12484
41009,41012,6,MDB_HOSPITAL_FLOW_METHOD_1.0,12485
41001,41002,39,MDB_HOSPITAL_FLOW_METHOD_1.0,12491
41001,41002,118,MDB_HOSPITAL_FLOW_METHOD_1.0,12492
41001,41003,21,MDB_HOSPITAL_FLOW_METHOD_1.0,12493
41001,41006,5,MDB_HOSPITAL_FLOW_METHOD_1.0,12494
41022,41016,33,MDB_HOSPITAL_FLOW_METHOD_1.0,12495
41016,41016,56,MDB_HOSPITAL_FLOW_METHOD_1.0,12497
41016,41017,5,MDB_HOSPITAL_FLOW_METHOD_1.0,12499
41009,41014,6,MDB_HOSPITAL_FLOW_METHOD_1.0,12501
41009,41017,70,MDB_HOSPITAL_FLOW_METHOD_1.0,12502
41009,41002,8,MDB_HOSPITAL_FLOW_METHOD_1.0,12505
41009,41003,7,MDB_HOSPITAL_FLOW_METHOD_1.0,12506
41009,41017,32,MDB_HOSPITAL_FLOW_METHOD_1.0,12507
41009,41012,12,MDB_HOSPITAL_FLOW_METHOD_1.0,12508
41020,41017,12,MDB_HOSPITAL_FLOW_METHOD_1.0,12512
41020,41006,5,MDB_HOSPITAL_FLOW_METHOD_1.0,12514
41014,41002,6,MDB_HOSPITAL_FLOW_METHOD_1.0,12516
41017,41017,10,MDB_HOSPITAL_FLOW_METHOD_1.0,12520
41011,41011,17,MDB_HOSPITAL_FLOW_METHOD_1.0,12525
41011,41016,20,MDB_HOSPITAL_FLOW_METHOD_1.0,12526
41011,41017,7,MDB_HOSPITAL_FLOW_METHOD_1.0,12527
41011,41012,77,MDB_HOSPITAL_FLOW_METHOD_1.0,12528
41001,41002,13,MDB_HOSPITAL_FLOW_METHOD_1.0,12532
41001,41002,27,MDB_HOSPITAL_FLOW_METHOD_1.0,12533
41001,41003,7,MDB_HOSPITAL_FLOW_METHOD_1.0,12534
41015,41015,23,MDB_HOSPITAL_FLOW_METHOD_1.0,12535
41015,41016,8,MDB_HOSPITAL_FLOW_METHOD_1.0,12536
41015,41015,43,MDB_HOSPITAL_FLOW_METHOD_1.0,12537
41018,41018,6,MDB_HOSPITAL_FLOW_METHOD_1.0,12546
41010,41016,79,MDB_HOSPITAL_FLOW_METHOD_1.0,12547
41010,41014,6,MDB_HOSPITAL_FLOW_METHOD_1.0,12548
41010,41017,11,MDB_HOSPITAL_FLOW_METHOD_1.0,12549
41010,41017,15,MDB_HOSPITAL_FLOW_METHOD_1.0,12552
41011,41016,5,MDB_HOSPITAL_FLOW_METHOD_1.0,12553
41011,41017,18,MDB_HOSPITAL_FLOW_METHOD_1.0,12554
41015,41015,26,MDB_HOSPITAL_FLOW_METHOD_1.0,12556
41015,41014,8,MDB_HOSPITAL_FLOW_METHOD_1.0,12558
41015,41017,42,MDB_HOSPITAL_FLOW_METHOD_1.0,12559
41015,41015,7,MDB_HOSPITAL_FLOW_METHOD_1.0,12560
41015,41015,65,MDB_HOSPITAL_FLOW_METHOD_1.0,12561
41015,41002,6,MDB_HOSPITAL_FLOW_METHOD_1.0,12562
41015,41017,9,MDB_HOSPITAL_FLOW_METHOD_1.0,12563
41008,41008,8,MDB_HOSPITAL_FLOW_METHOD_1.0,12566
41018,41016,39,MDB_HOSPITAL_FLOW_METHOD_1.0,12570
41018,41017,11,MDB_HOSPITAL_FLOW_METHOD_1.0,12572
41018,41018,14,MDB_HOSPITAL_FLOW_METHOD_1.0,12573
41005,41016,14,MDB_HOSPITAL_FLOW_METHOD_1.0,12574
41014,41014,49,MDB_HOSPITAL_FLOW_METHOD_1.0,12578
41014,41017,21,MDB_HOSPITAL_FLOW_METHOD_1.0,12579
41014,41017,11,MDB_HOSPITAL_FLOW_METHOD_1.0,12580
41014,41012,18,MDB_HOSPITAL_FLOW_METHOD_1.0,12581
41012,41017,8,MDB_HOSPITAL_FLOW_METHOD_1.0,12583
41012,41017,6,MDB_HOSPITAL_FLOW_METHOD_1.0,12584
41012,41012,42,MDB_HOSPITAL_FLOW_METHOD_1.0,12585
41018,41017,21,MDB_HOSPITAL_FLOW_METHOD_1.0,12588
41020,41017,14,MDB_HOSPITAL_FLOW_METHOD_1.0,12591
41020,41017,5,MDB_HOSPITAL_FLOW_METHOD_1.0,12594
41008,41017,13,MDB_HOSPITAL_FLOW_METHOD_1.0,12599
41022,41016,35,MDB_HOSPITAL_FLOW_METHOD_1.0,12603
41022,41017,9,MDB_HOSPITAL_FLOW_METHOD_1.0,12604
41016,41016,26,MDB_HOSPITAL_FLOW_METHOD_1.0,12608
41021,41016,285,MDB_HOSPITAL_FLOW_METHOD_1.0,12609
41021,41017,15,MDB_HOSPITAL_FLOW_METHOD_1.0,12611
41021,41002,5,MDB_HOSPITAL_FLOW_METHOD_1.0,12612
41021,41003,5,MDB_HOSPITAL_FLOW_METHOD_1.0,12613
41015,41015,7,MDB_HOSPITAL_FLOW_METHOD_1.0,12617
41015,41017,11,MDB_HOSPITAL_FLOW_METHOD_1.0,12619
41020,41017,15,MDB_HOSPITAL_FLOW_METHOD_1.0,12622
41015,41017,11,MDB_HOSPITAL_FLOW_METHOD_1.0,12625
41015,41015,8,MDB_HOSPITAL_FLOW_METHOD_1.0,12626
41015,41015,85,MDB_HOSPITAL_FLOW_METHOD_1.0,12627
41015,41002,6,MDB_HOSPITAL_FLOW_METHOD_1.0,12629
41015,41017,9,MDB_HOSPITAL_FLOW_METHOD_1.0,12630
41007,41017,11,MDB_HOSPITAL_FLOW_METHOD_1.0,12634
41007,41007,5,MDB_HOSPITAL_FLOW_METHOD_1.0,12635
41007,41002,11,MDB_HOSPITAL_FLOW_METHOD_1.0,12636
41007,41002,48,MDB_HOSPITAL_FLOW_METHOD_1.0,12637
41007,41003,13,MDB_HOSPITAL_FLOW_METHOD_1.0,12638
41007,41017,19,MDB_HOSPITAL_FLOW_METHOD_1.0,12639
41007,41006,9,MDB_HOSPITAL_FLOW_METHOD_1.0,12641
41003,41003,70,MDB_HOSPITAL_FLOW_METHOD_1.0,12645
41003,41002,9,MDB_HOSPITAL_FLOW_METHOD_1.0,12646
41003,41003,18,MDB_HOSPITAL_FLOW_METHOD_1.0,12647
41005,41016,29,MDB_HOSPITAL_FLOW_METHOD_1.0,12649
41005,41017,5,MDB_HOSPITAL_FLOW_METHOD_1.0,12650
41005,41003,11,MDB_HOSPITAL_FLOW_METHOD_1.0,12653
41005,41017,6,MDB_HOSPITAL_FLOW_METHOD_1.0,12654
41005,41012,6,MDB_HOSPITAL_FLOW_METHOD_1.0,12655
41020,41017,16,MDB_HOSPITAL_FLOW_METHOD_1.0,12659
41020,41002,5,MDB_HOSPITAL_FLOW_METHOD_1.0,12661
41020,41012,20,MDB_HOSPITAL_FLOW_METHOD_1.0,12664
41014,41014,17,MDB_HOSPITAL_FLOW_METHOD_1.0,12665
41014,41017,38,MDB_HOSPITAL_FLOW_METHOD_1.0,12666
41014,41017,8,MDB_HOSPITAL_FLOW_METHOD_1.0,12672
41014,41012,5,MDB_HOSPITAL_FLOW_METHOD_1.0,12673
41015,41015,77,MDB_HOSPITAL_FLOW_METHOD_1.0,12674
41015,41017,13,MDB_HOSPITAL_FLOW_METHOD_1.0,12676
41015,41015,8,MDB_HOSPITAL_FLOW_METHOD_1.0,12677
41015,41017,11,MDB_HOSPITAL_FLOW_METHOD_1.0,12679
41001,41002,7,MDB_HOSPITAL_FLOW_METHOD_1.0,12680
41001,41001,46,MDB_HOSPITAL_FLOW_METHOD_1.0,12683
41001,41002,48,MDB_HOSPITAL_FLOW_METHOD_1.0,12684
41001,41002,242,MDB_HOSPITAL_FLOW_METHOD_1.0,12685
41001,41003,27,MDB_HOSPITAL_FLOW_METHOD_1.0,12686
41014,41015,6,MDB_HOSPITAL_FLOW_METHOD_1.0,12688
41014,41016,58,MDB_HOSPITAL_FLOW_METHOD_1.0,12694
41014,41014,65,MDB_HOSPITAL_FLOW_METHOD_1.0,12695
41014,41017,57,MDB_HOSPITAL_FLOW_METHOD_1.0,12696
41014,41014,9,MDB_HOSPITAL_FLOW_METHOD_1.0,12698
41014,41002,12,MDB_HOSPITAL_FLOW_METHOD_1.0,12699
41014,41017,29,MDB_HOSPITAL_FLOW_METHOD_1.0,12701
41014,41012,14,MDB_HOSPITAL_FLOW_METHOD_1.0,12702
41007,41016,6,MDB_HOSPITAL_FLOW_METHOD_1.0,12707
41007,41014,19,MDB_HOSPITAL_FLOW_METHOD_1.0,12708
41007,41017,51,MDB_HOSPITAL_FLOW_METHOD_1.0,12709
41007,41007,11,MDB_HOSPITAL_FLOW_METHOD_1.0,12711
41007,41002,22,MDB_HOSPITAL_FLOW_METHOD_1.0,12713
41007,41003,9,MDB_HOSPITAL_FLOW_METHOD_1.0,12714
41007,41017,11,MDB_HOSPITAL_FLOW_METHOD_1.0,12715
41007,41012,15,MDB_HOSPITAL_FLOW_METHOD_1.0,12716
41006,41006,25,MDB_HOSPITAL_FLOW_METHOD_1.0,12724
41006,41017,13,MDB_HOSPITAL_FLOW_METHOD_1.0,12725
41006,41002,6,MDB_HOSPITAL_FLOW_METHOD_1.0,12726
41006,41003,12,MDB_HOSPITAL_FLOW_METHOD_1.0,12727
41011,41016,124,MDB_HOSPITAL_FLOW_METHOD_1.0,12731
41011,41017,6,MDB_HOSPITAL_FLOW_METHOD_1.0,12732
41011,41017,17,MDB_HOSPITAL_FLOW_METHOD_1.0,12734
41012,41017,6,MDB_HOSPITAL_FLOW_METHOD_1.0,12736
41012,41017,7,MDB_HOSPITAL_FLOW_METHOD_1.0,12737
41012,41012,61,MDB_HOSPITAL_FLOW_METHOD_1.0,12738
41012,41014,5,MDB_HOSPITAL_FLOW_METHOD_1.0,12739
41012,41017,21,MDB_HOSPITAL_FLOW_METHOD_1.0,12740
41012,41002,5,MDB_HOSPITAL_FLOW_METHOD_1.0,12741
41012,41012,101,MDB_HOSPITAL_FLOW_METHOD_1.0,12744
41002,41017,7,MDB_HOSPITAL_FLOW_METHOD_1.0,12747
41002,41002,76,MDB_HOSPITAL_FLOW_METHOD_1.0,12748
41002,41002,8,MDB_HOSPITAL_FLOW_METHOD_1.0,12749
41002,41002,20,MDB_HOSPITAL_FLOW_METHOD_1.0,12750
41002,41003,5,MDB_HOSPITAL_FLOW_METHOD_1.0,12751
41002,41002,28,MDB_HOSPITAL_FLOW_METHOD_1.0,12754
41002,41017,27,MDB_HOSPITAL_FLOW_METHOD_1.0,12756
41002,41002,523,MDB_HOSPITAL_FLOW_METHOD_1.0,12757
41002,41002,228,MDB_HOSPITAL_FLOW_METHOD_1.0,12758
41002,41003,75,MDB_HOSPITAL_FLOW_METHOD_1.0,12759
41002,41017,11,MDB_HOSPITAL_FLOW_METHOD_1.0,12760
41019,41014,6,MDB_HOSPITAL_FLOW_METHOD_1.0,12762
41019,41017,34,MDB_HOSPITAL_FLOW_METHOD_1.0,12763
41019,41017,8,MDB_HOSPITAL_FLOW_METHOD_1.0,12764
41005,41016,11,MDB_HOSPITAL_FLOW_METHOD_1.0,12769
41005,41017,25,MDB_HOSPITAL_FLOW_METHOD_1.0,12771
41005,41002,5,MDB_HOSPITAL_FLOW_METHOD_1.0,12772
41005,41002,14,MDB_HOSPITAL_FLOW_METHOD_1.0,12773
41005,41003,25,MDB_HOSPITAL_FLOW_METHOD_1.0,12774
41005,41017,12,MDB_HOSPITAL_FLOW_METHOD_1.0,12775
41005,41006,22,MDB_HOSPITAL_FLOW_METHOD_1.0,12776
41003,41017,17,MDB_HOSPITAL_FLOW_METHOD_1.0,12777
41003,41003,8,MDB_HOSPITAL_FLOW_METHOD_1.0,12778
41003,41002,6,MDB_HOSPITAL_FLOW_METHOD_1.0,12779
41003,41003,23,MDB_HOSPITAL_FLOW_METHOD_1.0,12780
41003,41017,5,MDB_HOSPITAL_FLOW_METHOD_1.0,12781
41002,41002,32,MDB_HOSPITAL_FLOW_METHOD_1.0,12785
41002,41014,6,MDB_HOSPITAL_FLOW_METHOD_1.0,12787
41002,41017,10,MDB_HOSPITAL_FLOW_METHOD_1.0,12788
41002,41002,113,MDB_HOSPITAL_FLOW_METHOD_1.0,12790
41002,41002,485,MDB_HOSPITAL_FLOW_METHOD_1.0,12791
41002,41003,63,MDB_HOSPITAL_FLOW_METHOD_1.0,12792
41005,41016,69,MDB_HOSPITAL_FLOW_METHOD_1.0,12796
41005,41014,6,MDB_HOSPITAL_FLOW_METHOD_1.0,12797
41005,41017,34,MDB_HOSPITAL_FLOW_METHOD_1.0,12798
41005,41002,8,MDB_HOSPITAL_FLOW_METHOD_1.0,12800
41005,41005,8,MDB_HOSPITAL_FLOW_METHOD_1.0,12801
41005,41003,10,MDB_HOSPITAL_FLOW_METHOD_1.0,12802
41005,41017,14,MDB_HOSPITAL_FLOW_METHOD_1.0,12803
41017,41017,16,MDB_HOSPITAL_FLOW_METHOD_1.0,12808
41014,41014,5,MDB_HOSPITAL_FLOW_METHOD_1.0,12809
41014,41017,10,MDB_HOSPITAL_FLOW_METHOD_1.0,12810
41008,41008,8,MDB_HOSPITAL_FLOW_METHOD_1.0,12814
41003,41002,6,MDB_HOSPITAL_FLOW_METHOD_1.0,12821
41003,41004,5,MDB_HOSPITAL_FLOW_METHOD_1.0,12822
41003,41017,89,MDB_HOSPITAL_FLOW_METHOD_1.0,12824
41003,41002,41,MDB_HOSPITAL_FLOW_METHOD_1.0,12826
41003,41002,203,MDB_HOSPITAL_FLOW_METHOD_1.0,12827
41003,41003,615,MDB_HOSPITAL_FLOW_METHOD_1.0,12828
41003,41017,84,MDB_HOSPITAL_FLOW_METHOD_1.0,12830
41003,41012,19,MDB_HOSPITAL_FLOW_METHOD_1.0,12831
41003,41006,11,MDB_HOSPITAL_FLOW_METHOD_1.0,12832
41001,41017,6,MDB_HOSPITAL_FLOW_METHOD_1.0,12840
41001,41002,36,MDB_HOSPITAL_FLOW_METHOD_1.0,12842
41001,41002,100,MDB_HOSPITAL_FLOW_METHOD_1.0,12843
41001,41003,9,MDB_HOSPITAL_FLOW_METHOD_1.0,12844
41017,41016,7,MDB_HOSPITAL_FLOW_METHOD_1.0,12847
41017,41017,45,MDB_HOSPITAL_FLOW_METHOD_1.0,12849
41017,41002,15,MDB_HOSPITAL_FLOW_METHOD_1.0,12850
41017,41003,6,MDB_HOSPITAL_FLOW_METHOD_1.0,12851
41017,41017,15,MDB_HOSPITAL_FLOW_METHOD_1.0,12853
41003,41003,8,MDB_HOSPITAL_FLOW_METHOD_1.0,12857
41003,41017,5,MDB_HOSPITAL_FLOW_METHOD_1.0,12858
41006,41006,8,MDB_HOSPITAL_FLOW_METHOD_1.0,12864
41017,41017,18,MDB_HOSPITAL_FLOW_METHOD_1.0,12867
41017,41017,22,MDB_HOSPITAL_FLOW_METHOD_1.0,12869
41008,41017,7,MDB_HOSPITAL_FLOW_METHOD_1.0,12871
41015,41015,39,MDB_HOSPITAL_FLOW_METHOD_1.0,12872
41015,41016,9,MDB_HOSPITAL_FLOW_METHOD_1.0,12873
41017,41017,40,MDB_HOSPITAL_FLOW_METHOD_1.0,12879
41005,41003,7,MDB_HOSPITAL_FLOW_METHOD_1.0,12886
41005,41005,425,MDB_HOSPITAL_FLOW_METHOD_1.0,12887
41011,41011,14,MDB_HOSPITAL_FLOW_METHOD_1.0,12889
41011,41016,17,MDB_HOSPITAL_FLOW_METHOD_1.0,12890
41019,41016,10,MDB_HOSPITAL_FLOW_METHOD_1.0,12893
41019,41017,12,MDB_HOSPITAL_FLOW_METHOD_1.0,12894
41002,41002,5,MDB_HOSPITAL_FLOW_METHOD_1.0,12900
41002,41017,12,MDB_HOSPITAL_FLOW_METHOD_1.0,12902
41002,41002,23,MDB_HOSPITAL_FLOW_METHOD_1.0,12903
41002,41002,49,MDB_HOSPITAL_FLOW_METHOD_1.0,12904
41002,41003,16,MDB_HOSPITAL_FLOW_METHOD_1.0,12905
41002,41006,6,MDB_HOSPITAL_FLOW_METHOD_1.0,12907
41010,41014,13,MDB_HOSPITAL_FLOW_METHOD_1.0,12911
41010,41017,57,MDB_HOSPITAL_FLOW_METHOD_1.0,12912
41010,41015,6,MDB_HOSPITAL_FLOW_METHOD_1.0,12913
41010,41002,5,MDB_HOSPITAL_FLOW_METHOD_1.0,12914
41010,41002,19,MDB_HOSPITAL_FLOW_METHOD_1.0,12915
41010,41003,6,MDB_HOSPITAL_FLOW_METHOD_1.0,12916
41010,41017,19,MDB_HOSPITAL_FLOW_METHOD_1.0,12918
41010,41012,5,MDB_HOSPITAL_FLOW_METHOD_1.0,12919
41014,41014,26,MDB_HOSPITAL_FLOW_METHOD_1.0,12921
41014,41017,27,MDB_HOSPITAL_FLOW_METHOD_1.0,12922
41014,41017,9,MDB_HOSPITAL_FLOW_METHOD_1.0,12926
41011,41016,27,MDB_HOSPITAL_FLOW_METHOD_1.0,12929
41011,41017,5,MDB_HOSPITAL_FLOW_METHOD_1.0,12930
41002,41017,8,MDB_HOSPITAL_FLOW_METHOD_1.0,12934
41002,41002,12,MDB_HOSPITAL_FLOW_METHOD_1.0,12936
41002,41002,53,MDB_HOSPITAL_FLOW_METHOD_1.0,12937
41002,41003,17,MDB_HOSPITAL_FLOW_METHOD_1.0,12938
41009,41009,21,MDB_HOSPITAL_FLOW_METHOD_1.0,12942
41018,41017,6,MDB_HOSPITAL_FLOW_METHOD_1.0,12946
41018,41018,12,MDB_HOSPITAL_FLOW_METHOD_1.0,12948
41011,41011,15,MDB_HOSPITAL_FLOW_METHOD_1.0,12949
41011,41016,11,MDB_HOSPITAL_FLOW_METHOD_1.0,12950
41011,41017,5,MDB_HOSPITAL_FLOW_METHOD_1.0,12951
41008,41008,6,MDB_HOSPITAL_FLOW_METHOD_1.0,12954
41008,41017,14,MDB_HOSPITAL_FLOW_METHOD_1.0,12957
41008,41017,18,MDB_HOSPITAL_FLOW_METHOD_1.0,12960
41008,41012,8,MDB_HOSPITAL_FLOW_METHOD_1.0,12961
41004,41004,18,MDB_HOSPITAL_FLOW_METHOD_1.0,12962
41004,41016,8,MDB_HOSPITAL_FLOW_METHOD_1.0,12963
41004,41002,6,MDB_HOSPITAL_FLOW_METHOD_1.0,12965
41004,41003,12,MDB_HOSPITAL_FLOW_METHOD_1.0,12966
41004,41004,7,MDB_HOSPITAL_FLOW_METHOD_1.0,12967
41004,41017,6,MDB_HOSPITAL_FLOW_METHOD_1.0,12968
41008,41017,10,MDB_HOSPITAL_FLOW_METHOD_1.0,12971
41021,41016,230,MDB_HOSPITAL_FLOW_METHOD_1.0,12976
41021,41017,6,MDB_HOSPITAL_FLOW_METHOD_1.0,12978
41005,41017,24,MDB_HOSPITAL_FLOW_METHOD_1.0,12982
41005,41003,5,MDB_HOSPITAL_FLOW_METHOD_1.0,12984
41019,41017,12,MDB_HOSPITAL_FLOW_METHOD_1.0,12987
41018,41014,6,MDB_HOSPITAL_FLOW_METHOD_1.0,12990
41018,41017,27,MDB_HOSPITAL_FLOW_METHOD_1.0,12991
41018,41017,9,MDB_HOSPITAL_FLOW_METHOD_1.0,12993
41018,41018,16,MDB_HOSPITAL_FLOW_METHOD_1.0,12994
41004,41004,7,MDB_HOSPITAL_FLOW_METHOD_1.0,12995
41004,41017,6,MDB_HOSPITAL_FLOW_METHOD_1.0,12998
41004,41002,24,MDB_HOSPITAL_FLOW_METHOD_1.0,12999
41004,41003,15,MDB_HOSPITAL_FLOW_METHOD_1.0,13000
41016,41016,70,MDB_HOSPITAL_FLOW_METHOD_1.0,13004
41016,41017,5,MDB_HOSPITAL_FLOW_METHOD_1.0,13005
41005,41016,6,MDB_HOSPITAL_FLOW_METHOD_1.0,13007
41005,41017,5,MDB_HOSPITAL_FLOW_METHOD_1.0,13008
41005,41003,6,MDB_HOSPITAL_FLOW_METHOD_1.0,13010
41022,41016,6,MDB_HOSPITAL_FLOW_METHOD_1.0,13013
41002,41002,14,MDB_HOSPITAL_FLOW_METHOD_1.0,13016
41002,41002,39,MDB_HOSPITAL_FLOW_METHOD_1.0,13017
41002,41003,8,MDB_HOSPITAL_FLOW_METHOD_1.0,13018
41002,41002,110,MDB_HOSPITAL_FLOW_METHOD_1.0,13019
41002,41002,24,MDB_HOSPITAL_FLOW_METHOD_1.0,13025
41002,41003,5,MDB_HOSPITAL_FLOW_METHOD_1.0,13026
41002,41002,7,MDB_HOSPITAL_FLOW_METHOD_1.0,13027
41017,41016,18,MDB_HOSPITAL_FLOW_METHOD_1.0,13036
41017,41014,6,MDB_HOSPITAL_FLOW_METHOD_1.0,13037
41017,41017,123,MDB_HOSPITAL_FLOW_METHOD_1.0,13038
41017,41017,453,MDB_HOSPITAL_FLOW_METHOD_1.0,13042
41011,41016,12,MDB_HOSPITAL_FLOW_METHOD_1.0,13044
41011,41017,24,MDB_HOSPITAL_FLOW_METHOD_1.0,13046
41011,41002,7,MDB_HOSPITAL_FLOW_METHOD_1.0,13048
41011,41017,7,MDB_HOSPITAL_FLOW_METHOD_1.0,13050
41011,41012,5,MDB_HOSPITAL_FLOW_METHOD_1.0,13051
41013,41017,12,MDB_HOSPITAL_FLOW_METHOD_1.0,13054
41013,41012,6,MDB_HOSPITAL_FLOW_METHOD_1.0,13057
41022,41016,79,MDB_HOSPITAL_FLOW_METHOD_1.0,13058
41022,41014,5,MDB_HOSPITAL_FLOW_METHOD_1.0,13059
41022,41002,7,MDB_HOSPITAL_FLOW_METHOD_1.0,13061
41016,41016,61,MDB_HOSPITAL_FLOW_METHOD_1.0,13064
41016,41017,7,MDB_HOSPITAL_FLOW_METHOD_1.0,13066
41016,41002,5,MDB_HOSPITAL_FLOW_METHOD_1.0,13067
41016,41017,7,MDB_HOSPITAL_FLOW_METHOD_1.0,13068
41008,41008,9,MDB_HOSPITAL_FLOW_METHOD_1.0,13074
41008,41017,14,MDB_HOSPITAL_FLOW_METHOD_1.0,13076
41018,41017,7,MDB_HOSPITAL_FLOW_METHOD_1.0,13082
41018,41002,6,MDB_HOSPITAL_FLOW_METHOD_1.0,13083
41018,41017,6,MDB_HOSPITAL_FLOW_METHOD_1.0,13084
41018,41012,5,MDB_HOSPITAL_FLOW_METHOD_1.0,13085
41018,41016,6,MDB_HOSPITAL_FLOW_METHOD_1.0,13087
41018,41017,12,MDB_HOSPITAL_FLOW_METHOD_1.0,13088
41018,41018,12,MDB_HOSPITAL_FLOW_METHOD_1.0,13089
41014,41014,16,MDB_HOSPITAL_FLOW_METHOD_1.0,13090
41014,41017,13,MDB_HOSPITAL_FLOW_METHOD_1.0,13091
41014,41017,11,MDB_HOSPITAL_FLOW_METHOD_1.0,13093
41014,41012,6,MDB_HOSPITAL_FLOW_METHOD_1.0,13094
41015,41015,10,MDB_HOSPITAL_FLOW_METHOD_1.0,13095
41015,41015,65,MDB_HOSPITAL_FLOW_METHOD_1.0,13096
41015,41016,15,MDB_HOSPITAL_FLOW_METHOD_1.0,13097
41015,41017,11,MDB_HOSPITAL_FLOW_METHOD_1.0,13099
41015,41015,8,MDB_HOSPITAL_FLOW_METHOD_1.0,13100
41020,41017,16,MDB_HOSPITAL_FLOW_METHOD_1.0,13103
41020,41017,9,MDB_HOSPITAL_FLOW_METHOD_1.0,13106
41020,41012,7,MDB_HOSPITAL_FLOW_METHOD_1.0,13107
41015,41015,23,MDB_HOSPITAL_FLOW_METHOD_1.0,13109
41014,41014,36,MDB_HOSPITAL_FLOW_METHOD_1.0,13114
41014,41017,5,MDB_HOSPITAL_FLOW_METHOD_1.0,13115
41014,41017,7,MDB_HOSPITAL_FLOW_METHOD_1.0,13117
41008,41008,26,MDB_HOSPITAL_FLOW_METHOD_1.0,13127
41010,41016,9,MDB_HOSPITAL_FLOW_METHOD_1.0,13129
41022,41016,98,MDB_HOSPITAL_FLOW_METHOD_1.0,13132
41022,41017,17,MDB_HOSPITAL_FLOW_METHOD_1.0,13133
41022,41017,11,MDB_HOSPITAL_FLOW_METHOD_1.0,13135
41018,41017,72,MDB_HOSPITAL_FLOW_METHOD_1.0,13137
41018,41015,6,MDB_HOSPITAL_FLOW_METHOD_1.0,13138
41018,41017,22,MDB_HOSPITAL_FLOW_METHOD_1.0,13141
41018,41018,9,MDB_HOSPITAL_FLOW_METHOD_1.0,13142
41014,41014,12,MDB_HOSPITAL_FLOW_METHOD_1.0,13143
41019,41006,5,MDB_HOSPITAL_FLOW_METHOD_1.0,13148
41010,41017,18,MDB_HOSPITAL_FLOW_METHOD_1.0,13150
41010,41017,18,MDB_HOSPITAL_FLOW_METHOD_1.0,13152
41009,41009,26,MDB_HOSPITAL_FLOW_METHOD_1.0,13154
41009,41014,8,MDB_HOSPITAL_FLOW_METHOD_1.0,13156
41009,41017,76,MDB_HOSPITAL_FLOW_METHOD_1.0,13157
41009,41002,18,MDB_HOSPITAL_FLOW_METHOD_1.0,13159
41009,41003,9,MDB_HOSPITAL_FLOW_METHOD_1.0,13160
41009,41017,12,MDB_HOSPITAL_FLOW_METHOD_1.0,13161
41009,41012,13,MDB_HOSPITAL_FLOW_METHOD_1.0,13162
41019,41014,10,MDB_HOSPITAL_FLOW_METHOD_1.0,13164
41019,41017,64,MDB_HOSPITAL_FLOW_METHOD_1.0,13165
41019,41002,13,MDB_HOSPITAL_FLOW_METHOD_1.0,13166
41019,41017,32,MDB_HOSPITAL_FLOW_METHOD_1.0,13168
41018,41018,5,MDB_HOSPITAL_FLOW_METHOD_1.0,13173
41015,41015,102,MDB_HOSPITAL_FLOW_METHOD_1.0,13182
41015,41017,6,MDB_HOSPITAL_FLOW_METHOD_1.0,13184
41014,41016,23,MDB_HOSPITAL_FLOW_METHOD_1.0,13186
41014,41017,5,MDB_HOSPITAL_FLOW_METHOD_1.0,13188
41014,41017,8,MDB_HOSPITAL_FLOW_METHOD_1.0,13191
41018,41017,39,MDB_HOSPITAL_FLOW_METHOD_1.0,13194
41018,41017,5,MDB_HOSPITAL_FLOW_METHOD_1.0,13196
41018,41018,6,MDB_HOSPITAL_FLOW_METHOD_1.0,13198
41007,41002,12,MDB_HOSPITAL_FLOW_METHOD_1.0,13200
41014,41016,11,MDB_HOSPITAL_FLOW_METHOD_1.0,13203
41014,41014,16,MDB_HOSPITAL_FLOW_METHOD_1.0,13204
41014,41017,13,MDB_HOSPITAL_FLOW_METHOD_1.0,13205
41014,41012,9,MDB_HOSPITAL_FLOW_METHOD_1.0,13208
41022,41016,143,MDB_HOSPITAL_FLOW_METHOD_1.0,13209
41022,41017,7,MDB_HOSPITAL_FLOW_METHOD_1.0,13210
41022,41022,5,MDB_HOSPITAL_FLOW_METHOD_1.0,13211
41003,41003,11,MDB_HOSPITAL_FLOW_METHOD_1.0,13215
41008,41008,9,MDB_HOSPITAL_FLOW_METHOD_1.0,13217
41008,41017,15,MDB_HOSPITAL_FLOW_METHOD_1.0,13218
41008,41002,6,MDB_HOSPITAL_FLOW_METHOD_1.0,13219
41008,41006,5,MDB_HOSPITAL_FLOW_METHOD_1.0,13223
41015,41016,9,MDB_HOSPITAL_FLOW_METHOD_1.0,13224
41012,41017,9,MDB_HOSPITAL_FLOW_METHOD_1.0,13230
41012,41012,8,MDB_HOSPITAL_FLOW_METHOD_1.0,13233
41012,41012,19,MDB_HOSPITAL_FLOW_METHOD_1.0,13234
41019,41017,14,MDB_HOSPITAL_FLOW_METHOD_1.0,13236
41019,41006,6,MDB_HOSPITAL_FLOW_METHOD_1.0,13240
41020,41017,8,MDB_HOSPITAL_FLOW_METHOD_1.0,13242
41020,41002,11,MDB_HOSPITAL_FLOW_METHOD_1.0,13243
41020,41012,6,MDB_HOSPITAL_FLOW_METHOD_1.0,13246
41002,41002,5,MDB_HOSPITAL_FLOW_METHOD_1.0,13251
41002,41002,55,MDB_HOSPITAL_FLOW_METHOD_1.0,13253
41002,41017,11,MDB_HOSPITAL_FLOW_METHOD_1.0,13256
41002,41002,117,MDB_HOSPITAL_FLOW_METHOD_1.0,13257
41002,41002,678,MDB_HOSPITAL_FLOW_METHOD_1.0,13258
41002,41003,33,MDB_HOSPITAL_FLOW_METHOD_1.0,13259
41002,41017,6,MDB_HOSPITAL_FLOW_METHOD_1.0,13260
41002,41012,6,MDB_HOSPITAL_FLOW_METHOD_1.0,13262
41002,41006,16,MDB_HOSPITAL_FLOW_METHOD_1.0,13263
41013,41017,7,MDB_HOSPITAL_FLOW_METHOD_1.0,13268
41006,41017,11,MDB_HOSPITAL_FLOW_METHOD_1.0,13270
41006,41002,5,MDB_HOSPITAL_FLOW_METHOD_1.0,13271
41006,41002,74,MDB_HOSPITAL_FLOW_METHOD_1.0,13272
41006,41003,23,MDB_HOSPITAL_FLOW_METHOD_1.0,13273
41006,41006,19,MDB_HOSPITAL_FLOW_METHOD_1.0,13275
41006,41006,21,MDB_HOSPITAL_FLOW_METHOD_1.0,13276
41009,41014,18,MDB_HOSPITAL_FLOW_METHOD_1.0,13278
41009,41017,55,MDB_HOSPITAL_FLOW_METHOD_1.0,13279
41009,41003,7,MDB_HOSPITAL_FLOW_METHOD_1.0,13281
41009,41017,19,MDB_HOSPITAL_FLOW_METHOD_1.0,13282
41009,41009,22,MDB_HOSPITAL_FLOW_METHOD_1.0,13283
41009,41012,6,MDB_HOSPITAL_FLOW_METHOD_1.0,13284
41020,41017,14,MDB_HOSPITAL_FLOW_METHOD_1.0,13286
41020,41002,6,MDB_HOSPITAL_FLOW_METHOD_1.0,13287
41016,41016,204,MDB_HOSPITAL_FLOW_METHOD_1.0,13289
41016,41017,11,MDB_HOSPITAL_FLOW_METHOD_1.0,13290
41014,41016,25,MDB_HOSPITAL_FLOW_METHOD_1.0,13294
41014,41014,9,MDB_HOSPITAL_FLOW_METHOD_1.0,13295
41018,41014,10,MDB_HOSPITAL_FLOW_METHOD_1.0,13298
41018,41017,35,MDB_HOSPITAL_FLOW_METHOD_1.0,13299
41018,41015,5,MDB_HOSPITAL_FLOW_METHOD_1.0,13300
41018,41017,17,MDB_HOSPITAL_FLOW_METHOD_1.0,13303
41018,41012,5,MDB_HOSPITAL_FLOW_METHOD_1.0,13304
41018,41018,11,MDB_HOSPITAL_FLOW_METHOD_1.0,13305
41013,41017,10,MDB_HOSPITAL_FLOW_METHOD_1.0,13311
41018,41017,15,MDB_HOSPITAL_FLOW_METHOD_1.0,13313
41018,41017,5,MDB_HOSPITAL_FLOW_METHOD_1.0,13317
41018,41018,7,MDB_HOSPITAL_FLOW_METHOD_1.0,13320
41015,41015,16,MDB_HOSPITAL_FLOW_METHOD_1.0,13321
41015,41016,112,MDB_HOSPITAL_FLOW_METHOD_1.0,13322
41015,41014,22,MDB_HOSPITAL_FLOW_METHOD_1.0,13323
41015,41017,71,MDB_HOSPITAL_FLOW_METHOD_1.0,13324
41015,41015,48,MDB_HOSPITAL_FLOW_METHOD_1.0,13325
41015,41002,33,MDB_HOSPITAL_FLOW_METHOD_1.0,13327
41015,41003,10,MDB_HOSPITAL_FLOW_METHOD_1.0,13328
41015,41017,64,MDB_HOSPITAL_FLOW_METHOD_1.0,13329
41015,41012,48,MDB_HOSPITAL_FLOW_METHOD_1.0,13330
41015,41006,19,MDB_HOSPITAL_FLOW_METHOD_1.0,13331
41007,41007,7,MDB_HOSPITAL_FLOW_METHOD_1.0,13334
41003,41003,10,MDB_HOSPITAL_FLOW_METHOD_1.0,13337
41003,41006,13,MDB_HOSPITAL_FLOW_METHOD_1.0,13339
41018,41014,5,MDB_HOSPITAL_FLOW_METHOD_1.0,13344
41018,41017,20,MDB_HOSPITAL_FLOW_METHOD_1.0,13345
41018,41017,14,MDB_HOSPITAL_FLOW_METHOD_1.0,13347
41018,41018,11,MDB_HOSPITAL_FLOW_METHOD_1.0,13349
41017,41017,18,MDB_HOSPITAL_FLOW_METHOD_1.0,13351
41017,41017,62,MDB_HOSPITAL_FLOW_METHOD_1.0,13353
41017,41017,15,MDB_HOSPITAL_FLOW_METHOD_1.0,13357
41017,41017,26,MDB_HOSPITAL_FLOW_METHOD_1.0,13358
41019,41017,68,MDB_HOSPITAL_FLOW_METHOD_1.0,13360
41019,41002,27,MDB_HOSPITAL_FLOW_METHOD_1.0,13362
41019,41003,7,MDB_HOSPITAL_FLOW_METHOD_1.0,13363
41019,41017,34,MDB_HOSPITAL_FLOW_METHOD_1.0,13364
41019,41012,12,MDB_HOSPITAL_FLOW_METHOD_1.0,13365
41017,41017,54,MDB_HOSPITAL_FLOW_METHOD_1.0,13368
41017,41002,6,MDB_HOSPITAL_FLOW_METHOD_1.0,13370
41017,41017,26,MDB_HOSPITAL_FLOW_METHOD_1.0,13371
41017,41017,35,MDB_HOSPITAL_FLOW_METHOD_1.0,13372
41014,41014,7,MDB_HOSPITAL_FLOW_METHOD_1.0,13374
41014,41012,5,MDB_HOSPITAL_FLOW_METHOD_1.0,13379
41013,41016,30,MDB_HOSPITAL_FLOW_METHOD_1.0,13381
41013,41014,7,MDB_HOSPITAL_FLOW_METHOD_1.0,13382
41013,41017,8,MDB_HOSPITAL_FLOW_METHOD_1.0,13383
41013,41017,6,MDB_HOSPITAL_FLOW_METHOD_1.0,13385
41013,41012,33,MDB_HOSPITAL_FLOW_METHOD_1.0,13386
41012,41012,23,MDB_HOSPITAL_FLOW_METHOD_1.0,13391
41004,41004,35,MDB_HOSPITAL_FLOW_METHOD_1.0,13392
41021,41016,134,MDB_HOSPITAL_FLOW_METHOD_1.0,13399
41021,41014,11,MDB_HOSPITAL_FLOW_METHOD_1.0,13400
41021,41017,53,MDB_HOSPITAL_FLOW_METHOD_1.0,13401
41021,41002,13,MDB_HOSPITAL_FLOW_METHOD_1.0,13402
41021,41002,58,MDB_HOSPITAL_FLOW_METHOD_1.0,13403
41021,41003,17,MDB_HOSPITAL_FLOW_METHOD_1.0,13404
41021,41017,19,MDB_HOSPITAL_FLOW_METHOD_1.0,13405
41011,41016,28,MDB_HOSPITAL_FLOW_METHOD_1.0,13410
41011,41014,6,MDB_HOSPITAL_FLOW_METHOD_1.0,13411
41011,41017,6,MDB_HOSPITAL_FLOW_METHOD_1.0,13412
41011,41015,16,MDB_HOSPITAL_FLOW_METHOD_1.0,13413
41011,41017,10,MDB_HOSPITAL_FLOW_METHOD_1.0,13414
41011,41011,36,MDB_HOSPITAL_FLOW_METHOD_1.0,13415
41014,41016,16,MDB_HOSPITAL_FLOW_METHOD_1.0,13417
41014,41014,21,MDB_HOSPITAL_FLOW_METHOD_1.0,13418
41014,41017,28,MDB_HOSPITAL_FLOW_METHOD_1.0,13419
41014,41017,15,MDB_HOSPITAL_FLOW_METHOD_1.0,13423
41014,41012,15,MDB_HOSPITAL_FLOW_METHOD_1.0,13425
41020,41014,6,MDB_HOSPITAL_FLOW_METHOD_1.0,13427
41020,41017,12,MDB_HOSPITAL_FLOW_METHOD_1.0,13428
41020,41017,8,MDB_HOSPITAL_FLOW_METHOD_1.0,13430
41020,41012,56,MDB_HOSPITAL_FLOW_METHOD_1.0,13431
41021,41017,17,MDB_HOSPITAL_FLOW_METHOD_1.0,13433
41021,41002,5,MDB_HOSPITAL_FLOW_METHOD_1.0,13434
41021,41002,16,MDB_HOSPITAL_FLOW_METHOD_1.0,13435
41021,41003,13,MDB_HOSPITAL_FLOW_METHOD_1.0,13436
41021,41017,22,MDB_HOSPITAL_FLOW_METHOD_1.0,13437
41021,41012,11,MDB_HOSPITAL_FLOW_METHOD_1.0,13439
41002,41002,11,MDB_HOSPITAL_FLOW_METHOD_1.0,13442
41002,41002,46,MDB_HOSPITAL_FLOW_METHOD_1.0,13443
41002,41003,20,MDB_HOSPITAL_FLOW_METHOD_1.0,13444
41002,41002,20,MDB_HOSPITAL_FLOW_METHOD_1.0,13446
41020,41014,35,MDB_HOSPITAL_FLOW_METHOD_1.0,13450
41020,41017,177,MDB_HOSPITAL_FLOW_METHOD_1.0,13451
41020,41015,5,MDB_HOSPITAL_FLOW_METHOD_1.0,13452
41020,41002,14,MDB_HOSPITAL_FLOW_METHOD_1.0,13453
41020,41002,89,MDB_HOSPITAL_FLOW_METHOD_1.0,13454
41020,41003,31,MDB_HOSPITAL_FLOW_METHOD_1.0,13455
41020,41017,50,MDB_HOSPITAL_FLOW_METHOD_1.0,13456
41020,41012,54,MDB_HOSPITAL_FLOW_METHOD_1.0,13457
41020,41006,9,MDB_HOSPITAL_FLOW_METHOD_1.0,13458
41019,41003,5,MDB_HOSPITAL_FLOW_METHOD_1.0,13463
41019,41019,6,MDB_HOSPITAL_FLOW_METHOD_1.0,13465
41010,41014,6,MDB_HOSPITAL_FLOW_METHOD_1.0,13467
41010,41017,13,MDB_HOSPITAL_FLOW_METHOD_1.0,13468
41010,41002,5,MDB_HOSPITAL_FLOW_METHOD_1.0,13470
41010,41017,5,MDB_HOSPITAL_FLOW_METHOD_1.0,13472
41002,41002,8,MDB_HOSPITAL_FLOW_METHOD_1.0,13477
41002,41003,5,MDB_HOSPITAL_FLOW_METHOD_1.0,13478
41002,41017,9,MDB_HOSPITAL_FLOW_METHOD_1.0,13479
41013,41014,10,MDB_HOSPITAL_FLOW_METHOD_1.0,13481
41013,41017,7,MDB_HOSPITAL_FLOW_METHOD_1.0,13482
41013,41012,23,MDB_HOSPITAL_FLOW_METHOD_1.0,13486
41020,41017,5,MDB_HOSPITAL_FLOW_METHOD_1.0,13488
41005,41016,48,MDB_HOSPITAL_FLOW_METHOD_1.0,13494
41005,41017,15,MDB_HOSPITAL_FLOW_METHOD_1.0,13496
41005,41002,21,MDB_HOSPITAL_FLOW_METHOD_1.0,13498
41005,41003,6,MDB_HOSPITAL_FLOW_METHOD_1.0,13499
41005,41017,6,MDB_HOSPITAL_FLOW_METHOD_1.0,13500
41005,41005,28,MDB_HOSPITAL_FLOW_METHOD_1.0,13501
41011,41016,5,MDB_HOSPITAL_FLOW_METHOD_1.0,13505
41011,41014,5,MDB_HOSPITAL_FLOW_METHOD_1.0,13506
41011,41017,17,MDB_HOSPITAL_FLOW_METHOD_1.0,13507
41011,41002,17,MDB_HOSPITAL_FLOW_METHOD_1.0,13509
41011,41003,10,MDB_HOSPITAL_FLOW_METHOD_1.0,13510
41011,41017,8,MDB_HOSPITAL_FLOW_METHOD_1.0,13511
41011,41011,19,MDB_HOSPITAL_FLOW_METHOD_1.0,13512
41011,41012,13,MDB_HOSPITAL_FLOW_METHOD_1.0,13513
41012,41016,114,MDB_HOSPITAL_FLOW_METHOD_1.0,13514
41012,41014,31,MDB_HOSPITAL_FLOW_METHOD_1.0,13515
41012,41017,68,MDB_HOSPITAL_FLOW_METHOD_1.0,13516
41012,41002,31,MDB_HOSPITAL_FLOW_METHOD_1.0,13518
41012,41003,8,MDB_HOSPITAL_FLOW_METHOD_1.0,13519
41012,41017,58,MDB_HOSPITAL_FLOW_METHOD_1.0,13520
41012,41012,1155,MDB_HOSPITAL_FLOW_METHOD_1.0,13521
41012,41006,5,MDB_HOSPITAL_FLOW_METHOD_1.0,13522
41006,41017,10,MDB_HOSPITAL_FLOW_METHOD_1.0,13524
41006,41002,7,MDB_HOSPITAL_FLOW_METHOD_1.0,13525
41006,41002,23,MDB_HOSPITAL_FLOW_METHOD_1.0,13526
41006,41003,16,MDB_HOSPITAL_FLOW_METHOD_1.0,13527
41006,41006,168,MDB_HOSPITAL_FLOW_METHOD_1.0,13528
41015,41015,6,MDB_HOSPITAL_FLOW_METHOD_1.0,13530
41018,41017,19,MDB_HOSPITAL_FLOW_METHOD_1.0,13535
41018,41015,9,MDB_HOSPITAL_FLOW_METHOD_1.0,13536
41018,41018,60,MDB_HOSPITAL_FLOW_METHOD_1.0,13539
41019,41017,28,MDB_HOSPITAL_FLOW_METHOD_1.0,13542
41019,41002,5,MDB_HOSPITAL_FLOW_METHOD_1.0,13545
41019,41003,8,MDB_HOSPITAL_FLOW_METHOD_1.0,13546
41019,41017,8,MDB_HOSPITAL_FLOW_METHOD_1.0,13547
41021,41017,15,MDB_HOSPITAL_FLOW_METHOD_1.0,13551
41021,41003,6,MDB_HOSPITAL_FLOW_METHOD_1.0,13553
41021,41017,5,MDB_HOSPITAL_FLOW_METHOD_1.0,13554
41010,41016,17,MDB_HOSPITAL_FLOW_METHOD_1.0,13556
41010,41012,9,MDB_HOSPITAL_FLOW_METHOD_1.0,13559
41008,41008,5,MDB_HOSPITAL_FLOW_METHOD_1.0,13561
41008,41017,7,MDB_HOSPITAL_FLOW_METHOD_1.0,13562
41012,41014,8,MDB_HOSPITAL_FLOW_METHOD_1.0,13564
41012,41012,27,MDB_HOSPITAL_FLOW_METHOD_1.0,13565
41002,41002,12,MDB_HOSPITAL_FLOW_METHOD_1.0,13567
41002,41003,5,MDB_HOSPITAL_FLOW_METHOD_1.0,13568
41005,41017,14,MDB_HOSPITAL_FLOW_METHOD_1.0,13572
41005,41002,12,MDB_HOSPITAL_FLOW_METHOD_1.0,13573
41007,41017,6,MDB_HOSPITAL_FLOW_METHOD_1.0,13576
41012,41017,12,MDB_HOSPITAL_FLOW_METHOD_1.0,13583
41012,41017,5,MDB_HOSPITAL_FLOW_METHOD_1.0,13585
41012,41012,80,MDB_HOSPITAL_FLOW_METHOD_1.0,13586
42008,42008,11,MDB_HOSPITAL_FLOW_METHOD_1.0,13589
42003,42003,52,MDB_HOSPITAL_FLOW_METHOD_1.0,13595
42003,42001,5,MDB_HOSPITAL_FLOW_METHOD_1.0,13599
42003,42002,11,MDB_HOSPITAL_FLOW_METHOD_1.0,13600
42003,42003,15,MDB_HOSPITAL_FLOW_METHOD_1.0,13601
42003,42002,5,MDB_HOSPITAL_FLOW_METHOD_1.0,13602
42004,42004,21,MDB_HOSPITAL_FLOW_METHOD_1.0,13604
42004,42004,56,MDB_HOSPITAL_FLOW_METHOD_1.0,13607
42004,42004,28,MDB_HOSPITAL_FLOW_METHOD_1.0,13608
42004,42004,47,MDB_HOSPITAL_FLOW_METHOD_1.0,13611
42008,42008,9,MDB_HOSPITAL_FLOW_METHOD_1.0,13618
42008,42009,16,MDB_HOSPITAL_FLOW_METHOD_1.0,13619
42002,42001,6,MDB_HOSPITAL_FLOW_METHOD_1.0,13622
42002,42002,7,MDB_HOSPITAL_FLOW_METHOD_1.0,13623
42007,42007,20,MDB_HOSPITAL_FLOW_METHOD_1.0,13630
42007,42007,17,MDB_HOSPITAL_FLOW_METHOD_1.0,13633
42010,42010,8,MDB_HOSPITAL_FLOW_METHOD_1.0,13635
42007,42007,57,MDB_HOSPITAL_FLOW_METHOD_1.0,13642
42013,42013,19,MDB_HOSPITAL_FLOW_METHOD_1.0,13643
42007,42007,20,MDB_HOSPITAL_FLOW_METHOD_1.0,13653
42007,42007,8,MDB_HOSPITAL_FLOW_METHOD_1.0,13654
42007,42007,28,MDB_HOSPITAL_FLOW_METHOD_1.0,13655
42006,42004,64,MDB_HOSPITAL_FLOW_METHOD_1.0,13656
42006,42004,27,MDB_HOSPITAL_FLOW_METHOD_1.0,13661
42010,42010,8,MDB_HOSPITAL_FLOW_METHOD_1.0,13664
42011,42011,122,MDB_HOSPITAL_FLOW_METHOD_1.0,13671
42011,42007,35,MDB_HOSPITAL_FLOW_METHOD_1.0,13675
42011,42012,6,MDB_HOSPITAL_FLOW_METHOD_1.0,13676
42014,42014,187,MDB_HOSPITAL_FLOW_METHOD_1.0,13678
42014,42016,7,MDB_HOSPITAL_FLOW_METHOD_1.0,13679
42014,42005,8,MDB_HOSPITAL_FLOW_METHOD_1.0,13681
42014,42011,5,MDB_HOSPITAL_FLOW_METHOD_1.0,13683
42014,42013,5,MDB_HOSPITAL_FLOW_METHOD_1.0,13684
42014,42016,18,MDB_HOSPITAL_FLOW_METHOD_1.0,13685
42014,42015,38,MDB_HOSPITAL_FLOW_METHOD_1.0,13688
42014,42014,43,MDB_HOSPITAL_FLOW_METHOD_1.0,13689
42014,42007,8,MDB_HOSPITAL_FLOW_METHOD_1.0,13690
42014,42015,37,MDB_HOSPITAL_FLOW_METHOD_1.0,13692
42016,42016,38,MDB_HOSPITAL_FLOW_METHOD_1.0,13695
42016,42016,7,MDB_HOSPITAL_FLOW_METHOD_1.0,13697
42016,42015,6,MDB_HOSPITAL_FLOW_METHOD_1.0,13702
42009,42009,6,MDB_HOSPITAL_FLOW_METHOD_1.0,13703
42006,42004,35,MDB_HOSPITAL_FLOW_METHOD_1.0,13711
42006,42004,22,MDB_HOSPITAL_FLOW_METHOD_1.0,13715
42006,42006,6,MDB_HOSPITAL_FLOW_METHOD_1.0,13716
42004,42004,8,MDB_HOSPITAL_FLOW_METHOD_1.0,13718
42004,42004,7,MDB_HOSPITAL_FLOW_METHOD_1.0,13719
42004,42004,11,MDB_HOSPITAL_FLOW_METHOD_1.0,13720
42004,42004,12,MDB_HOSPITAL_FLOW_METHOD_1.0,13722
42004,42004,5,MDB_HOSPITAL_FLOW_METHOD_1.0,13724
42014,42014,47,MDB_HOSPITAL_FLOW_METHOD_1.0,13725
42014,42014,11,MDB_HOSPITAL_FLOW_METHOD_1.0,13732
42014,42015,8,MDB_HOSPITAL_FLOW_METHOD_1.0,13734
42005,42005,36,MDB_HOSPITAL_FLOW_METHOD_1.0,13737
42005,42005,24,MDB_HOSPITAL_FLOW_METHOD_1.0,13741
42005,42011,11,MDB_HOSPITAL_FLOW_METHOD_1.0,13742
42005,42007,228,MDB_HOSPITAL_FLOW_METHOD_1.0,13744
42011,42011,32,MDB_HOSPITAL_FLOW_METHOD_1.0,13747
42014,42014,6,MDB_HOSPITAL_FLOW_METHOD_1.0,13749
42014,42015,7,MDB_HOSPITAL_FLOW_METHOD_1.0,13753
42014,42014,38,MDB_HOSPITAL_FLOW_METHOD_1.0,13754
42014,42014,87,MDB_HOSPITAL_FLOW_METHOD_1.0,13755
42014,42015,11,MDB_HOSPITAL_FLOW_METHOD_1.0,13756
42001,42003,5,MDB_HOSPITAL_FLOW_METHOD_1.0,13762
42001,42001,8,MDB_HOSPITAL_FLOW_METHOD_1.0,13763
42001,42001,5,MDB_HOSPITAL_FLOW_METHOD_1.0,13765
42017,42011,71,MDB_HOSPITAL_FLOW_METHOD_1.0,13771
42017,42007,25,MDB_HOSPITAL_FLOW_METHOD_1.0,13772
42017,42007,25,MDB_HOSPITAL_FLOW_METHOD_1.0,13773
42012,42011,5,MDB_HOSPITAL_FLOW_METHOD_1.0,13774
42012,42012,8,MDB_HOSPITAL_FLOW_METHOD_1.0,13776
42001,42001,23,MDB_HOSPITAL_FLOW_METHOD_1.0,13778
42006,42006,15,MDB_HOSPITAL_FLOW_METHOD_1.0,13785
42006,42004,10,MDB_HOSPITAL_FLOW_METHOD_1.0,13786
42006,42006,54,MDB_HOSPITAL_FLOW_METHOD_1.0,13787
42007,42007,54,MDB_HOSPITAL_FLOW_METHOD_1.0,13788
42007,42011,15,MDB_HOSPITAL_FLOW_METHOD_1.0,13789
42007,42007,444,MDB_HOSPITAL_FLOW_METHOD_1.0,13791
42007,42007,12,MDB_HOSPITAL_FLOW_METHOD_1.0,13792
42006,42006,3400,MDB_HOSPITAL_FLOW_METHOD_1.0,13794
42006,42005,14,MDB_HOSPITAL_FLOW_METHOD_1.0,13797
42006,42011,10,MDB_HOSPITAL_FLOW_METHOD_1.0,13799
42006,42006,10,MDB_HOSPITAL_FLOW_METHOD_1.0,13802
42006,42004,6,MDB_HOSPITAL_FLOW_METHOD_1.0,13805
42005,42005,8,MDB_HOSPITAL_FLOW_METHOD_1.0,13820
42005,42007,58,MDB_HOSPITAL_FLOW_METHOD_1.0,13821
42013,42013,13,MDB_HOSPITAL_FLOW_METHOD_1.0,13827
42013,42013,9,MDB_HOSPITAL_FLOW_METHOD_1.0,13833
42013,42013,43,MDB_HOSPITAL_FLOW_METHOD_1.0,13834
42006,42006,35,MDB_HOSPITAL_FLOW_METHOD_1.0,13840
42016,42016,10,MDB_HOSPITAL_FLOW_METHOD_1.0,13843
42016,42016,114,MDB_HOSPITAL_FLOW_METHOD_1.0,13844
42016,42016,36,MDB_HOSPITAL_FLOW_METHOD_1.0,13848
42016,42015,5,MDB_HOSPITAL_FLOW_METHOD_1.0,13849
42016,42015,10,MDB_HOSPITAL_FLOW_METHOD_1.0,13850
42016,42014,11,MDB_HOSPITAL_FLOW_METHOD_1.0,13852
42016,42015,25,MDB_HOSPITAL_FLOW_METHOD_1.0,13855
42004,42004,7,MDB_HOSPITAL_FLOW_METHOD_1.0,13858
42004,42004,27,MDB_HOSPITAL_FLOW_METHOD_1.0,13859
42008,42009,40,MDB_HOSPITAL_FLOW_METHOD_1.0,13860
42006,42006,9,MDB_HOSPITAL_FLOW_METHOD_1.0,13864
42006,42006,1025,MDB_HOSPITAL_FLOW_METHOD_1.0,13865
42006,42005,18,MDB_HOSPITAL_FLOW_METHOD_1.0,13868
42006,42011,7,MDB_HOSPITAL_FLOW_METHOD_1.0,13869
42006,42006,14,MDB_HOSPITAL_FLOW_METHOD_1.0,13871
42006,42004,11,MDB_HOSPITAL_FLOW_METHOD_1.0,13872
42006,42007,94,MDB_HOSPITAL_FLOW_METHOD_1.0,13873
42006,42007,16,MDB_HOSPITAL_FLOW_METHOD_1.0,13874
42009,42009,201,MDB_HOSPITAL_FLOW_METHOD_1.0,13876
42009,42009,14,MDB_HOSPITAL_FLOW_METHOD_1.0,13877
42009,42010,5,MDB_HOSPITAL_FLOW_METHOD_1.0,13879
42009,42010,23,MDB_HOSPITAL_FLOW_METHOD_1.0,13880
42009,42008,27,MDB_HOSPITAL_FLOW_METHOD_1.0,13881
42009,42009,47,MDB_HOSPITAL_FLOW_METHOD_1.0,13884
42002,42002,15,MDB_HOSPITAL_FLOW_METHOD_1.0,13886
42002,42002,5,MDB_HOSPITAL_FLOW_METHOD_1.0,13888
42002,42001,10,MDB_HOSPITAL_FLOW_METHOD_1.0,13891
42002,42002,6,MDB_HOSPITAL_FLOW_METHOD_1.0,13892
42002,42003,6,MDB_HOSPITAL_FLOW_METHOD_1.0,13893
42009,42009,8,MDB_HOSPITAL_FLOW_METHOD_1.0,13895
42005,42005,14,MDB_HOSPITAL_FLOW_METHOD_1.0,13899
42005,42005,16,MDB_HOSPITAL_FLOW_METHOD_1.0,13901
42005,42007,179,MDB_HOSPITAL_FLOW_METHOD_1.0,13904
42005,42007,27,MDB_HOSPITAL_FLOW_METHOD_1.0,13905
42013,42013,12,MDB_HOSPITAL_FLOW_METHOD_1.0,13910
42013,42009,5,MDB_HOSPITAL_FLOW_METHOD_1.0,13911
42013,42008,5,MDB_HOSPITAL_FLOW_METHOD_1.0,13913
42012,42011,16,MDB_HOSPITAL_FLOW_METHOD_1.0,13920
42012,42007,36,MDB_HOSPITAL_FLOW_METHOD_1.0,13921
42013,42013,9,MDB_HOSPITAL_FLOW_METHOD_1.0,13924
42013,42010,6,MDB_HOSPITAL_FLOW_METHOD_1.0,13928
42003,42003,5,MDB_HOSPITAL_FLOW_METHOD_1.0,13933
42003,42001,6,MDB_HOSPITAL_FLOW_METHOD_1.0,13937
42003,42002,10,MDB_HOSPITAL_FLOW_METHOD_1.0,13938
42003,42003,16,MDB_HOSPITAL_FLOW_METHOD_1.0,13939
42003,42007,48,MDB_HOSPITAL_FLOW_METHOD_1.0,13941
42003,42007,15,MDB_HOSPITAL_FLOW_METHOD_1.0,13942
42003,42001,8,MDB_HOSPITAL_FLOW_METHOD_1.0,13943
42008,42008,185,MDB_HOSPITAL_FLOW_METHOD_1.0,13944
42008,42009,13,MDB_HOSPITAL_FLOW_METHOD_1.0,13945
42008,42010,18,MDB_HOSPITAL_FLOW_METHOD_1.0,13947
42008,42008,28,MDB_HOSPITAL_FLOW_METHOD_1.0,13948
42008,42009,19,MDB_HOSPITAL_FLOW_METHOD_1.0,13949
42008,42007,5,MDB_HOSPITAL_FLOW_METHOD_1.0,13951
42007,42007,5,MDB_HOSPITAL_FLOW_METHOD_1.0,13955
42007,42007,55,MDB_HOSPITAL_FLOW_METHOD_1.0,13957
42012,42011,37,MDB_HOSPITAL_FLOW_METHOD_1.0,13962
42012,42007,37,MDB_HOSPITAL_FLOW_METHOD_1.0,13965
42012,42007,14,MDB_HOSPITAL_FLOW_METHOD_1.0,13966
42012,42012,52,MDB_HOSPITAL_FLOW_METHOD_1.0,13967
42008,42008,32,MDB_HOSPITAL_FLOW_METHOD_1.0,13968
42008,42009,14,MDB_HOSPITAL_FLOW_METHOD_1.0,13970
42008,42010,16,MDB_HOSPITAL_FLOW_METHOD_1.0,13974
42008,42008,19,MDB_HOSPITAL_FLOW_METHOD_1.0,13975
42008,42009,14,MDB_HOSPITAL_FLOW_METHOD_1.0,13976
42016,42011,5,MDB_HOSPITAL_FLOW_METHOD_1.0,13979
42016,42016,48,MDB_HOSPITAL_FLOW_METHOD_1.0,13980
42016,42015,10,MDB_HOSPITAL_FLOW_METHOD_1.0,13982
42016,42014,12,MDB_HOSPITAL_FLOW_METHOD_1.0,13983
42016,42016,110,MDB_HOSPITAL_FLOW_METHOD_1.0,13985
42016,42015,16,MDB_HOSPITAL_FLOW_METHOD_1.0,13986
42008,42009,7,MDB_HOSPITAL_FLOW_METHOD_1.0,13988
42008,42008,7,MDB_HOSPITAL_FLOW_METHOD_1.0,13990
42008,42011,5,MDB_HOSPITAL_FLOW_METHOD_1.0,13991
42008,42010,13,MDB_HOSPITAL_FLOW_METHOD_1.0,13992
42008,42008,17,MDB_HOSPITAL_FLOW_METHOD_1.0,13993
42002,42003,7,MDB_HOSPITAL_FLOW_METHOD_1.0,13999
42004,42004,29,MDB_HOSPITAL_FLOW_METHOD_1.0,14010
42004,42004,17,MDB_HOSPITAL_FLOW_METHOD_1.0,14013
42002,42002,219,MDB_HOSPITAL_FLOW_METHOD_1.0,14017
42002,42002,54,MDB_HOSPITAL_FLOW_METHOD_1.0,14018
42002,42001,40,MDB_HOSPITAL_FLOW_METHOD_1.0,14019
42002,42013,10,MDB_HOSPITAL_FLOW_METHOD_1.0,14024
42002,42001,81,MDB_HOSPITAL_FLOW_METHOD_1.0,14025
42002,42002,97,MDB_HOSPITAL_FLOW_METHOD_1.0,14027
42002,42003,48,MDB_HOSPITAL_FLOW_METHOD_1.0,14028
42002,42002,50,MDB_HOSPITAL_FLOW_METHOD_1.0,14029
42002,42007,9,MDB_HOSPITAL_FLOW_METHOD_1.0,14030
42002,42001,70,MDB_HOSPITAL_FLOW_METHOD_1.0,14031
42015,42015,21,MDB_HOSPITAL_FLOW_METHOD_1.0,14040
42015,42014,7,MDB_HOSPITAL_FLOW_METHOD_1.0,14041
42015,42015,47,MDB_HOSPITAL_FLOW_METHOD_1.0,14043
42010,42010,251,MDB_HOSPITAL_FLOW_METHOD_1.0,14044
42010,42009,10,MDB_HOSPITAL_FLOW_METHOD_1.0,14046
42010,42010,34,MDB_HOSPITAL_FLOW_METHOD_1.0,14050
42010,42008,18,MDB_HOSPITAL_FLOW_METHOD_1.0,14051
42010,42009,13,MDB_HOSPITAL_FLOW_METHOD_1.0,14052
42002,42002,10,MDB_HOSPITAL_FLOW_METHOD_1.0,14065
42002,42002,8,MDB_HOSPITAL_FLOW_METHOD_1.0,14069
42002,42003,10,MDB_HOSPITAL_FLOW_METHOD_1.0,14070
42003,42003,12,MDB_HOSPITAL_FLOW_METHOD_1.0,14075
42017,42017,8,MDB_HOSPITAL_FLOW_METHOD_1.0,14077
42017,42011,5,MDB_HOSPITAL_FLOW_METHOD_1.0,14078
42013,42009,18,MDB_HOSPITAL_FLOW_METHOD_1.0,14083
42013,42013,8,MDB_HOSPITAL_FLOW_METHOD_1.0,14087
42013,42010,12,MDB_HOSPITAL_FLOW_METHOD_1.0,14088
42013,42008,16,MDB_HOSPITAL_FLOW_METHOD_1.0,14089
42013,42009,21,MDB_HOSPITAL_FLOW_METHOD_1.0,14091
42013,42007,5,MDB_HOSPITAL_FLOW_METHOD_1.0,14092
42015,42016,6,MDB_HOSPITAL_FLOW_METHOD_1.0,14093
42015,42015,8,MDB_HOSPITAL_FLOW_METHOD_1.0,14095
42015,42015,27,MDB_HOSPITAL_FLOW_METHOD_1.0,14097
42015,42005,9,MDB_HOSPITAL_FLOW_METHOD_1.0,14098
42015,42011,13,MDB_HOSPITAL_FLOW_METHOD_1.0,14099
42015,42016,29,MDB_HOSPITAL_FLOW_METHOD_1.0,14101
42015,42015,7,MDB_HOSPITAL_FLOW_METHOD_1.0,14102
42015,42015,75,MDB_HOSPITAL_FLOW_METHOD_1.0,14103
42015,42015,17,MDB_HOSPITAL_FLOW_METHOD_1.0,14104
42015,42014,20,MDB_HOSPITAL_FLOW_METHOD_1.0,14107
42015,42007,65,MDB_HOSPITAL_FLOW_METHOD_1.0,14108
42015,42015,70,MDB_HOSPITAL_FLOW_METHOD_1.0,14112
42002,42002,46,MDB_HOSPITAL_FLOW_METHOD_1.0,14116
42002,42001,7,MDB_HOSPITAL_FLOW_METHOD_1.0,14117
42002,42001,6,MDB_HOSPITAL_FLOW_METHOD_1.0,14119
42002,42002,17,MDB_HOSPITAL_FLOW_METHOD_1.0,14120
42002,42003,11,MDB_HOSPITAL_FLOW_METHOD_1.0,14121
42009,42009,308,MDB_HOSPITAL_FLOW_METHOD_1.0,14129
42009,42007,46,MDB_HOSPITAL_FLOW_METHOD_1.0,14134
42001,42001,36,MDB_HOSPITAL_FLOW_METHOD_1.0,14135
42001,42001,7,MDB_HOSPITAL_FLOW_METHOD_1.0,14136
42001,42002,6,MDB_HOSPITAL_FLOW_METHOD_1.0,14137
42001,42001,9,MDB_HOSPITAL_FLOW_METHOD_1.0,14140
42001,42001,5,MDB_HOSPITAL_FLOW_METHOD_1.0,14144
42004,42004,12,MDB_HOSPITAL_FLOW_METHOD_1.0,14150
42004,42004,12,MDB_HOSPITAL_FLOW_METHOD_1.0,14152
42004,42004,14,MDB_HOSPITAL_FLOW_METHOD_1.0,14153
42006,42006,7,MDB_HOSPITAL_FLOW_METHOD_1.0,14155
42006,42006,20,MDB_HOSPITAL_FLOW_METHOD_1.0,14158
42003,42003,7,MDB_HOSPITAL_FLOW_METHOD_1.0,14165
42008,42009,5,MDB_HOSPITAL_FLOW_METHOD_1.0,14172
42008,42010,9,MDB_HOSPITAL_FLOW_METHOD_1.0,14175
42008,42008,7,MDB_HOSPITAL_FLOW_METHOD_1.0,14176
42008,42009,6,MDB_HOSPITAL_FLOW_METHOD_1.0,14177
42003,42003,11,MDB_HOSPITAL_FLOW_METHOD_1.0,14184
42003,42002,5,MDB_HOSPITAL_FLOW_METHOD_1.0,14185
42001,42002,7,MDB_HOSPITAL_FLOW_METHOD_1.0,14188
42007,42007,336,MDB_HOSPITAL_FLOW_METHOD_1.0,14201
42007,42011,10,MDB_HOSPITAL_FLOW_METHOD_1.0,14203
42007,42007,2450,MDB_HOSPITAL_FLOW_METHOD_1.0,14207
42007,42007,25,MDB_HOSPITAL_FLOW_METHOD_1.0,14208
42002,42002,21,MDB_HOSPITAL_FLOW_METHOD_1.0,14218
42015,42015,6,MDB_HOSPITAL_FLOW_METHOD_1.0,14229
42015,42015,8,MDB_HOSPITAL_FLOW_METHOD_1.0,14230
42015,42014,9,MDB_HOSPITAL_FLOW_METHOD_1.0,14231
42015,42015,13,MDB_HOSPITAL_FLOW_METHOD_1.0,14235
42009,42009,21,MDB_HOSPITAL_FLOW_METHOD_1.0,14238
42009,42009,91,MDB_HOSPITAL_FLOW_METHOD_1.0,14239
42009,42010,25,MDB_HOSPITAL_FLOW_METHOD_1.0,14244
42009,42008,36,MDB_HOSPITAL_FLOW_METHOD_1.0,14245
42009,42009,24,MDB_HOSPITAL_FLOW_METHOD_1.0,14246
42009,42009,8,MDB_HOSPITAL_FLOW_METHOD_1.0,14250
42003,42003,17,MDB_HOSPITAL_FLOW_METHOD_1.0,14255
42007,42007,83,MDB_HOSPITAL_FLOW_METHOD_1.0,14261
42011,42011,52,MDB_HOSPITAL_FLOW_METHOD_1.0,14265
42006,42006,37,MDB_HOSPITAL_FLOW_METHOD_1.0,14267
42006,42006,5,MDB_HOSPITAL_FLOW_METHOD_1.0,14268
42006,42006,21,MDB_HOSPITAL_FLOW_METHOD_1.0,14269
42006,42005,6,MDB_HOSPITAL_FLOW_METHOD_1.0,14270
42006,42011,8,MDB_HOSPITAL_FLOW_METHOD_1.0,14271
42006,42006,7,MDB_HOSPITAL_FLOW_METHOD_1.0,14274
42006,42004,19,MDB_HOSPITAL_FLOW_METHOD_1.0,14275
42007,42007,7,MDB_HOSPITAL_FLOW_METHOD_1.0,14279
42007,42007,100,MDB_HOSPITAL_FLOW_METHOD_1.0,14280
42016,42016,11,MDB_HOSPITAL_FLOW_METHOD_1.0,14283
42016,42016,9,MDB_HOSPITAL_FLOW_METHOD_1.0,14286
42016,42015,5,MDB_HOSPITAL_FLOW_METHOD_1.0,14290
42016,42016,23,MDB_HOSPITAL_FLOW_METHOD_1.0,14291
42016,42016,9,MDB_HOSPITAL_FLOW_METHOD_1.0,14292
42016,42016,10,MDB_HOSPITAL_FLOW_METHOD_1.0,14295
42016,42007,26,MDB_HOSPITAL_FLOW_METHOD_1.0,14299
42016,42016,16,MDB_HOSPITAL_FLOW_METHOD_1.0,14300
42016,42015,18,MDB_HOSPITAL_FLOW_METHOD_1.0,14301
42006,42006,157,MDB_HOSPITAL_FLOW_METHOD_1.0,14302
42001,42002,5,MDB_HOSPITAL_FLOW_METHOD_1.0,14309
42001,42001,9,MDB_HOSPITAL_FLOW_METHOD_1.0,14312
42001,42002,9,MDB_HOSPITAL_FLOW_METHOD_1.0,14313
42001,42001,16,MDB_HOSPITAL_FLOW_METHOD_1.0,14315
42017,42017,83,MDB_HOSPITAL_FLOW_METHOD_1.0,14316
42017,42017,13,MDB_HOSPITAL_FLOW_METHOD_1.0,14318
42017,42011,46,MDB_HOSPITAL_FLOW_METHOD_1.0,14319
42017,42012,10,MDB_HOSPITAL_FLOW_METHOD_1.0,14323
42001,42002,5,MDB_HOSPITAL_FLOW_METHOD_1.0,14324
42001,42001,54,MDB_HOSPITAL_FLOW_METHOD_1.0,14326
42002,42002,5,MDB_HOSPITAL_FLOW_METHOD_1.0,14332
42008,42009,12,MDB_HOSPITAL_FLOW_METHOD_1.0,14340
42008,42010,7,MDB_HOSPITAL_FLOW_METHOD_1.0,14342
42008,42008,22,MDB_HOSPITAL_FLOW_METHOD_1.0,14343
42008,42010,28,MDB_HOSPITAL_FLOW_METHOD_1.0,14345
42008,42008,63,MDB_HOSPITAL_FLOW_METHOD_1.0,14346
42008,42009,30,MDB_HOSPITAL_FLOW_METHOD_1.0,14347
42008,42008,6,MDB_HOSPITAL_FLOW_METHOD_1.0,14352
42008,42010,9,MDB_HOSPITAL_FLOW_METHOD_1.0,14353
42008,42008,8,MDB_HOSPITAL_FLOW_METHOD_1.0,14354
42008,42009,6,MDB_HOSPITAL_FLOW_METHOD_1.0,14355
42004,42004,142,MDB_HOSPITAL_FLOW_METHOD_1.0,14359
42004,42011,5,MDB_HOSPITAL_FLOW_METHOD_1.0,14361
42004,42004,77,MDB_HOSPITAL_FLOW_METHOD_1.0,14364
42004,42004,36,MDB_HOSPITAL_FLOW_METHOD_1.0,14365
42015,42015,206,MDB_HOSPITAL_FLOW_METHOD_1.0,14370
42015,42016,9,MDB_HOSPITAL_FLOW_METHOD_1.0,14374
42015,42015,5,MDB_HOSPITAL_FLOW_METHOD_1.0,14375
42015,42015,51,MDB_HOSPITAL_FLOW_METHOD_1.0,14376
42015,42014,26,MDB_HOSPITAL_FLOW_METHOD_1.0,14378
42015,42007,10,MDB_HOSPITAL_FLOW_METHOD_1.0,14379
42015,42015,37,MDB_HOSPITAL_FLOW_METHOD_1.0,14380
42005,42007,21,MDB_HOSPITAL_FLOW_METHOD_1.0,14387
42016,42016,12,MDB_HOSPITAL_FLOW_METHOD_1.0,14392
42016,42014,6,MDB_HOSPITAL_FLOW_METHOD_1.0,14394
42016,42007,60,MDB_HOSPITAL_FLOW_METHOD_1.0,14395
42016,42016,5,MDB_HOSPITAL_FLOW_METHOD_1.0,14397
42016,42015,9,MDB_HOSPITAL_FLOW_METHOD_1.0,14398
42016,42016,42,MDB_HOSPITAL_FLOW_METHOD_1.0,14401
42016,42005,6,MDB_HOSPITAL_FLOW_METHOD_1.0,14402
42016,42016,44,MDB_HOSPITAL_FLOW_METHOD_1.0,14405
42016,42015,6,MDB_HOSPITAL_FLOW_METHOD_1.0,14407
42016,42014,5,MDB_HOSPITAL_FLOW_METHOD_1.0,14408
42016,42007,122,MDB_HOSPITAL_FLOW_METHOD_1.0,14409
42016,42015,11,MDB_HOSPITAL_FLOW_METHOD_1.0,14411
42004,42004,10,MDB_HOSPITAL_FLOW_METHOD_1.0,14412
42004,42004,27,MDB_HOSPITAL_FLOW_METHOD_1.0,14415
42006,42006,500,MDB_HOSPITAL_FLOW_METHOD_1.0,14421
42006,42006,26,MDB_HOSPITAL_FLOW_METHOD_1.0,14424
42006,42004,7,MDB_HOSPITAL_FLOW_METHOD_1.0,14425
42006,42007,14,MDB_HOSPITAL_FLOW_METHOD_1.0,14427
42006,42006,6,MDB_HOSPITAL_FLOW_METHOD_1.0,14428
42010,42010,5,MDB_HOSPITAL_FLOW_METHOD_1.0,14430
42001,42001,7,MDB_HOSPITAL_FLOW_METHOD_1.0,14434
42001,42001,44,MDB_HOSPITAL_FLOW_METHOD_1.0,14435
42001,42001,6,MDB_HOSPITAL_FLOW_METHOD_1.0,14437
42001,42002,5,MDB_HOSPITAL_FLOW_METHOD_1.0,14438
42001,42001,14,MDB_HOSPITAL_FLOW_METHOD_1.0,14441
42003,42002,7,MDB_HOSPITAL_FLOW_METHOD_1.0,14442
42003,42001,6,MDB_HOSPITAL_FLOW_METHOD_1.0,14445
42003,42002,7,MDB_HOSPITAL_FLOW_METHOD_1.0,14446
42003,42003,10,MDB_HOSPITAL_FLOW_METHOD_1.0,14447
42003,42002,10,MDB_HOSPITAL_FLOW_METHOD_1.0,14448
42010,42010,9,MDB_HOSPITAL_FLOW_METHOD_1.0,14451
42010,42010,17,MDB_HOSPITAL_FLOW_METHOD_1.0,14453
42010,42010,6,MDB_HOSPITAL_FLOW_METHOD_1.0,14455
42010,42008,7,MDB_HOSPITAL_FLOW_METHOD_1.0,14456
42010,42010,10,MDB_HOSPITAL_FLOW_METHOD_1.0,14461
42002,42002,6,MDB_HOSPITAL_FLOW_METHOD_1.0,14468
42012,42012,14,MDB_HOSPITAL_FLOW_METHOD_1.0,14470
42010,42010,7,MDB_HOSPITAL_FLOW_METHOD_1.0,14474
42010,42010,45,MDB_HOSPITAL_FLOW_METHOD_1.0,14476
42010,42010,9,MDB_HOSPITAL_FLOW_METHOD_1.0,14479
42010,42008,5,MDB_HOSPITAL_FLOW_METHOD_1.0,14480
42010,42009,7,MDB_HOSPITAL_FLOW_METHOD_1.0,14481
42012,42011,17,MDB_HOSPITAL_FLOW_METHOD_1.0,14482
42012,42007,36,MDB_HOSPITAL_FLOW_METHOD_1.0,14485
42012,42012,7,MDB_HOSPITAL_FLOW_METHOD_1.0,14486
42005,42006,12,MDB_HOSPITAL_FLOW_METHOD_1.0,14489
42005,42005,89,MDB_HOSPITAL_FLOW_METHOD_1.0,14492
42005,42011,10,MDB_HOSPITAL_FLOW_METHOD_1.0,14493
42005,42007,274,MDB_HOSPITAL_FLOW_METHOD_1.0,14495
42005,42007,16,MDB_HOSPITAL_FLOW_METHOD_1.0,14496
42005,42005,5,MDB_HOSPITAL_FLOW_METHOD_1.0,14502
42005,42005,39,MDB_HOSPITAL_FLOW_METHOD_1.0,14503
42005,42007,101,MDB_HOSPITAL_FLOW_METHOD_1.0,14505
42005,42007,6,MDB_HOSPITAL_FLOW_METHOD_1.0,14506
42001,42001,6,MDB_HOSPITAL_FLOW_METHOD_1.0,14510
42001,42001,47,MDB_HOSPITAL_FLOW_METHOD_1.0,14511
42001,42001,9,MDB_HOSPITAL_FLOW_METHOD_1.0,14512
42001,42002,7,MDB_HOSPITAL_FLOW_METHOD_1.0,14513
42001,42001,19,MDB_HOSPITAL_FLOW_METHOD_1.0,14517
42011,42011,39,MDB_HOSPITAL_FLOW_METHOD_1.0,14519
42011,42012,16,MDB_HOSPITAL_FLOW_METHOD_1.0,14521
42004,42004,175,MDB_HOSPITAL_FLOW_METHOD_1.0,14523
42004,42011,5,MDB_HOSPITAL_FLOW_METHOD_1.0,14524
42004,42004,96,MDB_HOSPITAL_FLOW_METHOD_1.0,14525
42004,42007,16,MDB_HOSPITAL_FLOW_METHOD_1.0,14526
42014,42015,9,MDB_HOSPITAL_FLOW_METHOD_1.0,14539
42014,42014,13,MDB_HOSPITAL_FLOW_METHOD_1.0,14540
42014,42007,14,MDB_HOSPITAL_FLOW_METHOD_1.0,14541
42014,42015,15,MDB_HOSPITAL_FLOW_METHOD_1.0,14543
42016,42016,18,MDB_HOSPITAL_FLOW_METHOD_1.0,14547
42016,42016,13,MDB_HOSPITAL_FLOW_METHOD_1.0,14549
42016,42015,7,MDB_HOSPITAL_FLOW_METHOD_1.0,14551
42016,42014,6,MDB_HOSPITAL_FLOW_METHOD_1.0,14552
42016,42015,14,MDB_HOSPITAL_FLOW_METHOD_1.0,14555
42017,42005,14,MDB_HOSPITAL_FLOW_METHOD_1.0,14561
42017,42017,449,MDB_HOSPITAL_FLOW_METHOD_1.0,14562
42017,42011,168,MDB_HOSPITAL_FLOW_METHOD_1.0,14563
42017,42012,15,MDB_HOSPITAL_FLOW_METHOD_1.0,14564
42017,42012,36,MDB_HOSPITAL_FLOW_METHOD_1.0,14568
42008,42009,9,MDB_HOSPITAL_FLOW_METHOD_1.0,14575
42008,42010,6,MDB_HOSPITAL_FLOW_METHOD_1.0,14576
42008,42008,33,MDB_HOSPITAL_FLOW_METHOD_1.0,14578
42008,42010,26,MDB_HOSPITAL_FLOW_METHOD_1.0,14580
42008,42008,56,MDB_HOSPITAL_FLOW_METHOD_1.0,14581
42008,42009,22,MDB_HOSPITAL_FLOW_METHOD_1.0,14582
42011,42011,3212,MDB_HOSPITAL_FLOW_METHOD_1.0,14593
42011,42007,118,MDB_HOSPITAL_FLOW_METHOD_1.0,14596
42011,42012,14,MDB_HOSPITAL_FLOW_METHOD_1.0,14597
42004,42004,22,MDB_HOSPITAL_FLOW_METHOD_1.0,14600
42004,42004,12,MDB_HOSPITAL_FLOW_METHOD_1.0,14603
42003,42003,15,MDB_HOSPITAL_FLOW_METHOD_1.0,14608
42013,42013,215,MDB_HOSPITAL_FLOW_METHOD_1.0,14614
42013,42013,34,MDB_HOSPITAL_FLOW_METHOD_1.0,14616
42013,42013,61,MDB_HOSPITAL_FLOW_METHOD_1.0,14617
42013,42009,43,MDB_HOSPITAL_FLOW_METHOD_1.0,14618
42013,42010,19,MDB_HOSPITAL_FLOW_METHOD_1.0,14619
42013,42011,15,MDB_HOSPITAL_FLOW_METHOD_1.0,14621
42013,42013,107,MDB_HOSPITAL_FLOW_METHOD_1.0,14622
42013,42010,43,MDB_HOSPITAL_FLOW_METHOD_1.0,14623
42013,42008,83,MDB_HOSPITAL_FLOW_METHOD_1.0,14624
42013,42013,110,MDB_HOSPITAL_FLOW_METHOD_1.0,14625
42013,42009,112,MDB_HOSPITAL_FLOW_METHOD_1.0,14626
42013,42013,24,MDB_HOSPITAL_FLOW_METHOD_1.0,14627
42013,42007,66,MDB_HOSPITAL_FLOW_METHOD_1.0,14628
42013,42007,16,MDB_HOSPITAL_FLOW_METHOD_1.0,14629
42013,42013,32,MDB_HOSPITAL_FLOW_METHOD_1.0,14630
42016,42016,5,MDB_HOSPITAL_FLOW_METHOD_1.0,14634
42016,42016,650,MDB_HOSPITAL_FLOW_METHOD_1.0,14640
42016,42015,6,MDB_HOSPITAL_FLOW_METHOD_1.0,14642
42016,42014,5,MDB_HOSPITAL_FLOW_METHOD_1.0,14643
42016,42007,74,MDB_HOSPITAL_FLOW_METHOD_1.0,14644
42016,42007,19,MDB_HOSPITAL_FLOW_METHOD_1.0,14645
42016,42016,8,MDB_HOSPITAL_FLOW_METHOD_1.0,14646
42016,42015,15,MDB_HOSPITAL_FLOW_METHOD_1.0,14647
42004,42004,77,MDB_HOSPITAL_FLOW_METHOD_1.0,14655
42004,42007,8,MDB_HOSPITAL_FLOW_METHOD_1.0,14656
42004,42004,10,MDB_HOSPITAL_FLOW_METHOD_1.0,14657
42015,42015,69,MDB_HOSPITAL_FLOW_METHOD_1.0,14662
42015,42014,7,MDB_HOSPITAL_FLOW_METHOD_1.0,14665
42015,42015,7,MDB_HOSPITAL_FLOW_METHOD_1.0,14668
42009,42009,7,MDB_HOSPITAL_FLOW_METHOD_1.0,14671
42009,42010,6,MDB_HOSPITAL_FLOW_METHOD_1.0,14672
42009,42008,11,MDB_HOSPITAL_FLOW_METHOD_1.0,14673
42009,42009,6,MDB_HOSPITAL_FLOW_METHOD_1.0,14674
42007,42007,7,MDB_HOSPITAL_FLOW_METHOD_1.0,14679
42010,42010,6,MDB_HOSPITAL_FLOW_METHOD_1.0,14680
42010,42010,55,MDB_HOSPITAL_FLOW_METHOD_1.0,14683
42004,42004,84,MDB_HOSPITAL_FLOW_METHOD_1.0,14685
42004,42004,43,MDB_HOSPITAL_FLOW_METHOD_1.0,14687
42004,42004,6,MDB_HOSPITAL_FLOW_METHOD_1.0,14689
42005,42007,16,MDB_HOSPITAL_FLOW_METHOD_1.0,14692
42008,42008,5,MDB_HOSPITAL_FLOW_METHOD_1.0,14696
42008,42010,10,MDB_HOSPITAL_FLOW_METHOD_1.0,14697
42008,42008,25,MDB_HOSPITAL_FLOW_METHOD_1.0,14698
42012,42011,49,MDB_HOSPITAL_FLOW_METHOD_1.0,14703
42012,42007,37,MDB_HOSPITAL_FLOW_METHOD_1.0,14705
42012,42012,19,MDB_HOSPITAL_FLOW_METHOD_1.0,14706
42007,42007,11,MDB_HOSPITAL_FLOW_METHOD_1.0,14707
42012,42011,7,MDB_HOSPITAL_FLOW_METHOD_1.0,14709
42014,42014,19,MDB_HOSPITAL_FLOW_METHOD_1.0,14713
42014,42014,18,MDB_HOSPITAL_FLOW_METHOD_1.0,14715
42014,42007,36,MDB_HOSPITAL_FLOW_METHOD_1.0,14716
42014,42015,5,MDB_HOSPITAL_FLOW_METHOD_1.0,14717
42001,42002,11,MDB_HOSPITAL_FLOW_METHOD_1.0,14718
42001,42001,16,MDB_HOSPITAL_FLOW_METHOD_1.0,14720
42001,42001,15,MDB_HOSPITAL_FLOW_METHOD_1.0,14721
42001,42002,7,MDB_HOSPITAL_FLOW_METHOD_1.0,14722
42001,42003,10,MDB_HOSPITAL_FLOW_METHOD_1.0,14723
42001,42002,5,MDB_HOSPITAL_FLOW_METHOD_1.0,14724
42001,42007,15,MDB_HOSPITAL_FLOW_METHOD_1.0,14726
42001,42001,10,MDB_HOSPITAL_FLOW_METHOD_1.0,14727
42017,42017,6,MDB_HOSPITAL_FLOW_METHOD_1.0,14730
42017,42011,27,MDB_HOSPITAL_FLOW_METHOD_1.0,14731
42017,42017,12,MDB_HOSPITAL_FLOW_METHOD_1.0,14732
42014,42014,9,MDB_HOSPITAL_FLOW_METHOD_1.0,14740
42014,42015,6,MDB_HOSPITAL_FLOW_METHOD_1.0,14741
42004,42004,16,MDB_HOSPITAL_FLOW_METHOD_1.0,14745
42004,42004,9,MDB_HOSPITAL_FLOW_METHOD_1.0,14746
42001,42002,10,MDB_HOSPITAL_FLOW_METHOD_1.0,14756
42001,42001,8,MDB_HOSPITAL_FLOW_METHOD_1.0,14757
42001,42001,63,MDB_HOSPITAL_FLOW_METHOD_1.0,14762
42001,42001,9,MDB_HOSPITAL_FLOW_METHOD_1.0,14766
42008,42009,28,MDB_HOSPITAL_FLOW_METHOD_1.0,14767
42008,42010,5,MDB_HOSPITAL_FLOW_METHOD_1.0,14771
42008,42008,8,MDB_HOSPITAL_FLOW_METHOD_1.0,14772
42008,42009,7,MDB_HOSPITAL_FLOW_METHOD_1.0,14773
42012,42011,7,MDB_HOSPITAL_FLOW_METHOD_1.0,14774
42012,42012,5,MDB_HOSPITAL_FLOW_METHOD_1.0,14777
42015,42005,5,MDB_HOSPITAL_FLOW_METHOD_1.0,14782
42015,42016,5,MDB_HOSPITAL_FLOW_METHOD_1.0,14785
42015,42015,29,MDB_HOSPITAL_FLOW_METHOD_1.0,14787
42015,42014,6,MDB_HOSPITAL_FLOW_METHOD_1.0,14788
42015,42015,6,MDB_HOSPITAL_FLOW_METHOD_1.0,14790
42005,42005,13,MDB_HOSPITAL_FLOW_METHOD_1.0,14796
42005,42011,13,MDB_HOSPITAL_FLOW_METHOD_1.0,14797
42005,42007,145,MDB_HOSPITAL_FLOW_METHOD_1.0,14801
42007,42007,42,MDB_HOSPITAL_FLOW_METHOD_1.0,14817
42015,42015,20,MDB_HOSPITAL_FLOW_METHOD_1.0,14824
42015,42015,7,MDB_HOSPITAL_FLOW_METHOD_1.0,14826
42003,42003,9,MDB_HOSPITAL_FLOW_METHOD_1.0,14828
42015,42016,13,MDB_HOSPITAL_FLOW_METHOD_1.0,14833
42015,42015,6,MDB_HOSPITAL_FLOW_METHOD_1.0,14834
42015,42015,15,MDB_HOSPITAL_FLOW_METHOD_1.0,14835
42015,42015,220,MDB_HOSPITAL_FLOW_METHOD_1.0,14836
42015,42014,16,MDB_HOSPITAL_FLOW_METHOD_1.0,14837
42015,42015,25,MDB_HOSPITAL_FLOW_METHOD_1.0,14839
42013,42013,33,MDB_HOSPITAL_FLOW_METHOD_1.0,14840
42013,42009,8,MDB_HOSPITAL_FLOW_METHOD_1.0,14842
42013,42013,12,MDB_HOSPITAL_FLOW_METHOD_1.0,14845
42013,42013,83,MDB_HOSPITAL_FLOW_METHOD_1.0,14848
42013,42009,6,MDB_HOSPITAL_FLOW_METHOD_1.0,14850
42013,42007,6,MDB_HOSPITAL_FLOW_METHOD_1.0,14851
42013,42004,5,MDB_HOSPITAL_FLOW_METHOD_1.0,14852
42008,42008,12,MDB_HOSPITAL_FLOW_METHOD_1.0,14853
42008,42008,6,MDB_HOSPITAL_FLOW_METHOD_1.0,14857
42013,42013,5,MDB_HOSPITAL_FLOW_METHOD_1.0,14867
42013,42010,6,MDB_HOSPITAL_FLOW_METHOD_1.0,14873
42007,42007,147,MDB_HOSPITAL_FLOW_METHOD_1.0,14878
42007,42011,18,MDB_HOSPITAL_FLOW_METHOD_1.0,14880
42007,42007,1382,MDB_HOSPITAL_FLOW_METHOD_1.0,14885
42007,43017,6,MDB_HOSPITAL_FLOW_METHOD_1.0,14887
42001,42001,5,MDB_HOSPITAL_FLOW_METHOD_1.0,14889
42001,42001,11,MDB_HOSPITAL_FLOW_METHOD_1.0,14891
42001,42002,6,MDB_HOSPITAL_FLOW_METHOD_1.0,14893
42001,42003,12,MDB_HOSPITAL_FLOW_METHOD_1.0,14894
42013,42013,6,MDB_HOSPITAL_FLOW_METHOD_1.0,14897
42013,42013,9,MDB_HOSPITAL_FLOW_METHOD_1.0,14901
42002,42002,11,MDB_HOSPITAL_FLOW_METHOD_1.0,14905
42002,42001,8,MDB_HOSPITAL_FLOW_METHOD_1.0,14906
42002,42001,12,MDB_HOSPITAL_FLOW_METHOD_1.0,14908
42002,42002,37,MDB_HOSPITAL_FLOW_METHOD_1.0,14909
42002,42003,10,MDB_HOSPITAL_FLOW_METHOD_1.0,14910
42002,42007,10,MDB_HOSPITAL_FLOW_METHOD_1.0,14912
42002,42001,10,MDB_HOSPITAL_FLOW_METHOD_1.0,14913
42012,42011,7,MDB_HOSPITAL_FLOW_METHOD_1.0,14915
42012,42012,106,MDB_HOSPITAL_FLOW_METHOD_1.0,14916
42012,42007,6,MDB_HOSPITAL_FLOW_METHOD_1.0,14918
42012,42012,9,MDB_HOSPITAL_FLOW_METHOD_1.0,14919
42001,42001,5,MDB_HOSPITAL_FLOW_METHOD_1.0,14921
42001,42001,6,MDB_HOSPITAL_FLOW_METHOD_1.0,14924
42001,42001,5,MDB_HOSPITAL_FLOW_METHOD_1.0,14928
42014,42014,13,MDB_HOSPITAL_FLOW_METHOD_1.0,14933
42014,42014,17,MDB_HOSPITAL_FLOW_METHOD_1.0,14934
42014,43004,5,MDB_HOSPITAL_FLOW_METHOD_1.0,14936
42003,42003,11,MDB_HOSPITAL_FLOW_METHOD_1.0,14937
42007,42007,5,MDB_HOSPITAL_FLOW_METHOD_1.0,14938
42007,42007,31,MDB_HOSPITAL_FLOW_METHOD_1.0,14939
42016,42016,10,MDB_HOSPITAL_FLOW_METHOD_1.0,14943
42005,42011,6,MDB_HOSPITAL_FLOW_METHOD_1.0,14948
42005,42007,68,MDB_HOSPITAL_FLOW_METHOD_1.0,14949
42010,42010,5,MDB_HOSPITAL_FLOW_METHOD_1.0,14950
42016,42016,55,MDB_HOSPITAL_FLOW_METHOD_1.0,14957
42016,42016,21,MDB_HOSPITAL_FLOW_METHOD_1.0,14961
42016,42015,8,MDB_HOSPITAL_FLOW_METHOD_1.0,14962
42004,42004,14,MDB_HOSPITAL_FLOW_METHOD_1.0,14964
42004,42004,16,MDB_HOSPITAL_FLOW_METHOD_1.0,14965
42005,42005,6,MDB_HOSPITAL_FLOW_METHOD_1.0,14967
42005,42007,71,MDB_HOSPITAL_FLOW_METHOD_1.0,14970
42002,42002,6,MDB_HOSPITAL_FLOW_METHOD_1.0,14972
42002,42002,14,MDB_HOSPITAL_FLOW_METHOD_1.0,14977
42002,42002,12,MDB_HOSPITAL_FLOW_METHOD_1.0,14978
42002,42001,14,MDB_HOSPITAL_FLOW_METHOD_1.0,14981
42009,42010,5,MDB_HOSPITAL_FLOW_METHOD_1.0,14985
42010,42010,5,MDB_HOSPITAL_FLOW_METHOD_1.0,14989
42010,42010,10,MDB_HOSPITAL_FLOW_METHOD_1.0,14993
42010,42008,6,MDB_HOSPITAL_FLOW_METHOD_1.0,14994
42006,42006,214,MDB_HOSPITAL_FLOW_METHOD_1.0,15002
42013,42013,6,MDB_HOSPITAL_FLOW_METHOD_1.0,15005
42009,42009,44,MDB_HOSPITAL_FLOW_METHOD_1.0,15014
42003,42003,61,MDB_HOSPITAL_FLOW_METHOD_1.0,15022
42003,42001,5,MDB_HOSPITAL_FLOW_METHOD_1.0,15024
42005,42005,8,MDB_HOSPITAL_FLOW_METHOD_1.0,15027
42005,42007,86,MDB_HOSPITAL_FLOW_METHOD_1.0,15030
42012,41006,5,MDB_HOSPITAL_FLOW_METHOD_1.0,15031
42004,42004,110,MDB_HOSPITAL_FLOW_METHOD_1.0,15041
42004,42004,49,MDB_HOSPITAL_FLOW_METHOD_1.0,15043
42004,42004,5,MDB_HOSPITAL_FLOW_METHOD_1.0,15047
42014,42014,131,MDB_HOSPITAL_FLOW_METHOD_1.0,15050
42010,42010,7,MDB_HOSPITAL_FLOW_METHOD_1.0,15052
42004,42004,11,MDB_HOSPITAL_FLOW_METHOD_1.0,15053
42004,42004,166,MDB_HOSPITAL_FLOW_METHOD_1.0,15057
42004,42004,78,MDB_HOSPITAL_FLOW_METHOD_1.0,15058
42004,42004,12,MDB_HOSPITAL_FLOW_METHOD_1.0,15060
42004,42004,9,MDB_HOSPITAL_FLOW_METHOD_1.0,15061
42002,42002,5,MDB_HOSPITAL_FLOW_METHOD_1.0,15069
42002,42003,15,MDB_HOSPITAL_FLOW_METHOD_1.0,15070
42002,42002,41,MDB_HOSPITAL_FLOW_METHOD_1.0,15071
42002,42001,5,MDB_HOSPITAL_FLOW_METHOD_1.0,15072
42007,42007,12,MDB_HOSPITAL_FLOW_METHOD_1.0,15074
42009,42010,5,MDB_HOSPITAL_FLOW_METHOD_1.0,15079
42009,42008,13,MDB_HOSPITAL_FLOW_METHOD_1.0,15080
42009,42009,11,MDB_HOSPITAL_FLOW_METHOD_1.0,15081
42004,42004,44,MDB_HOSPITAL_FLOW_METHOD_1.0,15084
42004,42004,20,MDB_HOSPITAL_FLOW_METHOD_1.0,15085
42004,42004,56,MDB_HOSPITAL_FLOW_METHOD_1.0,15089
42004,42004,47,MDB_HOSPITAL_FLOW_METHOD_1.0,15091
42006,42006,87,MDB_HOSPITAL_FLOW_METHOD_1.0,15096
42006,42006,11,MDB_HOSPITAL_FLOW_METHOD_1.0,15098
42004,42005,8,MDB_HOSPITAL_FLOW_METHOD_1.0,15101
42004,42011,11,MDB_HOSPITAL_FLOW_METHOD_1.0,15102
42004,42013,8,MDB_HOSPITAL_FLOW_METHOD_1.0,15103
42004,42004,565,MDB_HOSPITAL_FLOW_METHOD_1.0,15104
42004,42009,19,MDB_HOSPITAL_FLOW_METHOD_1.0,15105
42004,42004,62,MDB_HOSPITAL_FLOW_METHOD_1.0,15107
42012,42011,28,MDB_HOSPITAL_FLOW_METHOD_1.0,15115
42012,42012,31,MDB_HOSPITAL_FLOW_METHOD_1.0,15118
42012,42012,10,MDB_HOSPITAL_FLOW_METHOD_1.0,15120
42013,42007,13,MDB_HOSPITAL_FLOW_METHOD_1.0,15123
42002,42001,10,MDB_HOSPITAL_FLOW_METHOD_1.0,15128
42002,42002,32,MDB_HOSPITAL_FLOW_METHOD_1.0,15129
42006,42006,22,MDB_HOSPITAL_FLOW_METHOD_1.0,15136
42006,42004,12,MDB_HOSPITAL_FLOW_METHOD_1.0,15137
42006,42007,46,MDB_HOSPITAL_FLOW_METHOD_1.0,15138
42006,42006,58,MDB_HOSPITAL_FLOW_METHOD_1.0,15139
42004,42004,31,MDB_HOSPITAL_FLOW_METHOD_1.0,15149
42004,42004,58,MDB_HOSPITAL_FLOW_METHOD_1.0,15150
42009,42010,6,MDB_HOSPITAL_FLOW_METHOD_1.0,15156
42009,42008,5,MDB_HOSPITAL_FLOW_METHOD_1.0,15157
42009,42009,36,MDB_HOSPITAL_FLOW_METHOD_1.0,15158
42016,42016,17,MDB_HOSPITAL_FLOW_METHOD_1.0,15165
42016,42015,11,MDB_HOSPITAL_FLOW_METHOD_1.0,15167
42016,42014,8,MDB_HOSPITAL_FLOW_METHOD_1.0,15168
42016,42015,11,MDB_HOSPITAL_FLOW_METHOD_1.0,15171
42009,42009,9,MDB_HOSPITAL_FLOW_METHOD_1.0,15173
42009,42010,15,MDB_HOSPITAL_FLOW_METHOD_1.0,15178
42009,42008,19,MDB_HOSPITAL_FLOW_METHOD_1.0,15179
42009,42009,51,MDB_HOSPITAL_FLOW_METHOD_1.0,15180
42001,42001,18,MDB_HOSPITAL_FLOW_METHOD_1.0,15182
42014,42014,35,MDB_HOSPITAL_FLOW_METHOD_1.0,15191
42014,42014,38,MDB_HOSPITAL_FLOW_METHOD_1.0,15192
42014,42015,7,MDB_HOSPITAL_FLOW_METHOD_1.0,15193
42004,42012,19,MDB_HOSPITAL_FLOW_METHOD_1.0,15195
42004,42004,25,MDB_HOSPITAL_FLOW_METHOD_1.0,15196
42004,42004,11,MDB_HOSPITAL_FLOW_METHOD_1.0,15197
42002,42002,7,MDB_HOSPITAL_FLOW_METHOD_1.0,15205
42007,42007,11,MDB_HOSPITAL_FLOW_METHOD_1.0,15206
42007,42007,228,MDB_HOSPITAL_FLOW_METHOD_1.0,15208
42012,42011,46,MDB_HOSPITAL_FLOW_METHOD_1.0,15218
42012,42012,10,MDB_HOSPITAL_FLOW_METHOD_1.0,15220
42012,42012,18,MDB_HOSPITAL_FLOW_METHOD_1.0,15221
42012,42012,8,MDB_HOSPITAL_FLOW_METHOD_1.0,15223
42007,42007,9,MDB_HOSPITAL_FLOW_METHOD_1.0,15224
42002,42001,8,MDB_HOSPITAL_FLOW_METHOD_1.0,15233
42009,42009,37,MDB_HOSPITAL_FLOW_METHOD_1.0,15235
42003,42003,8,MDB_HOSPITAL_FLOW_METHOD_1.0,15239
42011,42005,6,MDB_HOSPITAL_FLOW_METHOD_1.0,15243
42011,42011,78,MDB_HOSPITAL_FLOW_METHOD_1.0,15245
42011,42011,6,MDB_HOSPITAL_FLOW_METHOD_1.0,15247
42011,42007,75,MDB_HOSPITAL_FLOW_METHOD_1.0,15248
42011,42012,6,MDB_HOSPITAL_FLOW_METHOD_1.0,15249
42001,42001,5,MDB_HOSPITAL_FLOW_METHOD_1.0,15251
42001,42001,11,MDB_HOSPITAL_FLOW_METHOD_1.0,15252
42001,42001,24,MDB_HOSPITAL_FLOW_METHOD_1.0,15254
42001,42001,10,MDB_HOSPITAL_FLOW_METHOD_1.0,15255
42007,42007,14,MDB_HOSPITAL_FLOW_METHOD_1.0,15256
42007,42011,5,MDB_HOSPITAL_FLOW_METHOD_1.0,15257
42007,42007,29,MDB_HOSPITAL_FLOW_METHOD_1.0,15258
42007,42007,76,MDB_HOSPITAL_FLOW_METHOD_1.0,15259
42017,42011,5,MDB_HOSPITAL_FLOW_METHOD_1.0,15263
42014,42014,85,MDB_HOSPITAL_FLOW_METHOD_1.0,15268
42014,42014,5,MDB_HOSPITAL_FLOW_METHOD_1.0,15269
42013,42013,19,MDB_HOSPITAL_FLOW_METHOD_1.0,15272
42013,42009,5,MDB_HOSPITAL_FLOW_METHOD_1.0,15273
42013,42010,7,MDB_HOSPITAL_FLOW_METHOD_1.0,15274
42013,42013,7,MDB_HOSPITAL_FLOW_METHOD_1.0,15275
42013,42010,8,MDB_HOSPITAL_FLOW_METHOD_1.0,15276
42013,42008,10,MDB_HOSPITAL_FLOW_METHOD_1.0,15277
42013,42009,15,MDB_HOSPITAL_FLOW_METHOD_1.0,15278
42013,42013,196,MDB_HOSPITAL_FLOW_METHOD_1.0,15279
42007,42007,159,MDB_HOSPITAL_FLOW_METHOD_1.0,15284
42007,42011,18,MDB_HOSPITAL_FLOW_METHOD_1.0,15287
42007,42007,2718,MDB_HOSPITAL_FLOW_METHOD_1.0,15288
42007,42007,177,MDB_HOSPITAL_FLOW_METHOD_1.0,15289
42001,42002,5,MDB_HOSPITAL_FLOW_METHOD_1.0,15291
42001,42001,5,MDB_HOSPITAL_FLOW_METHOD_1.0,15294
42001,42002,8,MDB_HOSPITAL_FLOW_METHOD_1.0,15295
42001,42001,18,MDB_HOSPITAL_FLOW_METHOD_1.0,15298
42001,42001,5,MDB_HOSPITAL_FLOW_METHOD_1.0,15300
42003,42001,7,MDB_HOSPITAL_FLOW_METHOD_1.0,15315
42003,42002,11,MDB_HOSPITAL_FLOW_METHOD_1.0,15316
42003,42002,10,MDB_HOSPITAL_FLOW_METHOD_1.0,15318
42003,42003,170,MDB_HOSPITAL_FLOW_METHOD_1.0,15319
42003,42001,8,MDB_HOSPITAL_FLOW_METHOD_1.0,15320
42016,42016,34,MDB_HOSPITAL_FLOW_METHOD_1.0,15322
42016,42011,5,MDB_HOSPITAL_FLOW_METHOD_1.0,15323
42016,42016,21,MDB_HOSPITAL_FLOW_METHOD_1.0,15324
42016,42015,6,MDB_HOSPITAL_FLOW_METHOD_1.0,15326
42016,42014,10,MDB_HOSPITAL_FLOW_METHOD_1.0,15328
42016,42015,13,MDB_HOSPITAL_FLOW_METHOD_1.0,15330
42001,42002,10,MDB_HOSPITAL_FLOW_METHOD_1.0,15339
42001,42002,22,MDB_HOSPITAL_FLOW_METHOD_1.0,15342
42001,42001,28,MDB_HOSPITAL_FLOW_METHOD_1.0,15343
42001,42001,23,MDB_HOSPITAL_FLOW_METHOD_1.0,15348
42001,42002,26,MDB_HOSPITAL_FLOW_METHOD_1.0,15349
42001,42003,13,MDB_HOSPITAL_FLOW_METHOD_1.0,15350
42001,42001,44,MDB_HOSPITAL_FLOW_METHOD_1.0,15353
42007,42007,25,MDB_HOSPITAL_FLOW_METHOD_1.0,15355
42007,42007,314,MDB_HOSPITAL_FLOW_METHOD_1.0,15356
42001,42002,5,MDB_HOSPITAL_FLOW_METHOD_1.0,15357
42001,42001,6,MDB_HOSPITAL_FLOW_METHOD_1.0,15359
42001,42002,5,MDB_HOSPITAL_FLOW_METHOD_1.0,15360
42001,42003,8,MDB_HOSPITAL_FLOW_METHOD_1.0,15361
42001,42001,5,MDB_HOSPITAL_FLOW_METHOD_1.0,15363
42017,42017,35,MDB_HOSPITAL_FLOW_METHOD_1.0,15366
42017,42011,16,MDB_HOSPITAL_FLOW_METHOD_1.0,15367
42010,42010,7,MDB_HOSPITAL_FLOW_METHOD_1.0,15371
42010,42010,25,MDB_HOSPITAL_FLOW_METHOD_1.0,15375
42010,42008,7,MDB_HOSPITAL_FLOW_METHOD_1.0,15376
42010,42009,5,MDB_HOSPITAL_FLOW_METHOD_1.0,15377
42010,42007,23,MDB_HOSPITAL_FLOW_METHOD_1.0,15378
42010,42010,28,MDB_HOSPITAL_FLOW_METHOD_1.0,15379
42015,42015,19,MDB_HOSPITAL_FLOW_METHOD_1.0,15385
42015,42014,7,MDB_HOSPITAL_FLOW_METHOD_1.0,15387
42015,42015,11,MDB_HOSPITAL_FLOW_METHOD_1.0,15389
42014,42014,14,MDB_HOSPITAL_FLOW_METHOD_1.0,15390
42014,42016,5,MDB_HOSPITAL_FLOW_METHOD_1.0,15394
42014,42015,5,MDB_HOSPITAL_FLOW_METHOD_1.0,15396
42014,42014,76,MDB_HOSPITAL_FLOW_METHOD_1.0,15397
42014,42007,5,MDB_HOSPITAL_FLOW_METHOD_1.0,15398
42014,42014,152,MDB_HOSPITAL_FLOW_METHOD_1.0,15399
42014,42015,21,MDB_HOSPITAL_FLOW_METHOD_1.0,15400
42004,42004,57,MDB_HOSPITAL_FLOW_METHOD_1.0,15404
42004,42004,130,MDB_HOSPITAL_FLOW_METHOD_1.0,15407
42004,42004,16,MDB_HOSPITAL_FLOW_METHOD_1.0,15408
42009,42009,5,MDB_HOSPITAL_FLOW_METHOD_1.0,15409
42009,42008,12,MDB_HOSPITAL_FLOW_METHOD_1.0,15412
42009,42009,10,MDB_HOSPITAL_FLOW_METHOD_1.0,15413
42009,42009,48,MDB_HOSPITAL_FLOW_METHOD_1.0,15414
42007,42007,13,MDB_HOSPITAL_FLOW_METHOD_1.0,15421
42007,42007,140,MDB_HOSPITAL_FLOW_METHOD_1.0,15423
42007,42007,36,MDB_HOSPITAL_FLOW_METHOD_1.0,15424
42014,42014,10,MDB_HOSPITAL_FLOW_METHOD_1.0,15430
42014,42014,16,MDB_HOSPITAL_FLOW_METHOD_1.0,15432
42006,42011,7,MDB_HOSPITAL_FLOW_METHOD_1.0,15437
42006,42006,112,MDB_HOSPITAL_FLOW_METHOD_1.0,15439
42006,42004,18,MDB_HOSPITAL_FLOW_METHOD_1.0,15440
42006,42007,7,MDB_HOSPITAL_FLOW_METHOD_1.0,15441
42006,42006,321,MDB_HOSPITAL_FLOW_METHOD_1.0,15442
42009,42009,5,MDB_HOSPITAL_FLOW_METHOD_1.0,15446
42009,42004,17,MDB_HOSPITAL_FLOW_METHOD_1.0,15448
42012,42011,20,MDB_HOSPITAL_FLOW_METHOD_1.0,15450
42012,42012,32,MDB_HOSPITAL_FLOW_METHOD_1.0,15453
42016,42015,6,MDB_HOSPITAL_FLOW_METHOD_1.0,15465
42008,42008,8,MDB_HOSPITAL_FLOW_METHOD_1.0,15468
42008,42010,9,MDB_HOSPITAL_FLOW_METHOD_1.0,15469
42008,42008,10,MDB_HOSPITAL_FLOW_METHOD_1.0,15470
42004,42004,39,MDB_HOSPITAL_FLOW_METHOD_1.0,15474
42004,42004,105,MDB_HOSPITAL_FLOW_METHOD_1.0,15475
42016,42016,15,MDB_HOSPITAL_FLOW_METHOD_1.0,15476
42016,42005,6,MDB_HOSPITAL_FLOW_METHOD_1.0,15481
42016,42011,14,MDB_HOSPITAL_FLOW_METHOD_1.0,15482
42016,42016,210,MDB_HOSPITAL_FLOW_METHOD_1.0,15483
42016,42015,10,MDB_HOSPITAL_FLOW_METHOD_1.0,15484
42016,42015,159,MDB_HOSPITAL_FLOW_METHOD_1.0,15485
42016,42014,43,MDB_HOSPITAL_FLOW_METHOD_1.0,15486
42016,42007,108,MDB_HOSPITAL_FLOW_METHOD_1.0,15487
42016,42007,16,MDB_HOSPITAL_FLOW_METHOD_1.0,15488
42016,42016,491,MDB_HOSPITAL_FLOW_METHOD_1.0,15489
42016,42015,92,MDB_HOSPITAL_FLOW_METHOD_1.0,15491
42001,42001,44,MDB_HOSPITAL_FLOW_METHOD_1.0,15495
42014,42011,6,MDB_HOSPITAL_FLOW_METHOD_1.0,15499
42014,42016,7,MDB_HOSPITAL_FLOW_METHOD_1.0,15500
42014,42014,14,MDB_HOSPITAL_FLOW_METHOD_1.0,15504
42014,42015,8,MDB_HOSPITAL_FLOW_METHOD_1.0,15506
42013,42013,5,MDB_HOSPITAL_FLOW_METHOD_1.0,15513
42013,42007,11,MDB_HOSPITAL_FLOW_METHOD_1.0,15522
42013,42013,30,MDB_HOSPITAL_FLOW_METHOD_1.0,15523
42015,42011,5,MDB_HOSPITAL_FLOW_METHOD_1.0,15536
42015,42015,10,MDB_HOSPITAL_FLOW_METHOD_1.0,15540
42015,42014,9,MDB_HOSPITAL_FLOW_METHOD_1.0,15541
42015,42015,108,MDB_HOSPITAL_FLOW_METHOD_1.0,15543
42008,42008,11,MDB_HOSPITAL_FLOW_METHOD_1.0,15546
42008,42010,5,MDB_HOSPITAL_FLOW_METHOD_1.0,15550
42008,42008,5,MDB_HOSPITAL_FLOW_METHOD_1.0,15551
42008,42008,5,MDB_HOSPITAL_FLOW_METHOD_1.0,15554
42008,42008,7,MDB_HOSPITAL_FLOW_METHOD_1.0,15556
42008,42009,5,MDB_HOSPITAL_FLOW_METHOD_1.0,15557
42004,42004,7,MDB_HOSPITAL_FLOW_METHOD_1.0,15562
42009,42009,17,MDB_HOSPITAL_FLOW_METHOD_1.0,15564
42009,42010,8,MDB_HOSPITAL_FLOW_METHOD_1.0,15566
42009,42010,53,MDB_HOSPITAL_FLOW_METHOD_1.0,15570
42009,42008,57,MDB_HOSPITAL_FLOW_METHOD_1.0,15571
42009,42009,41,MDB_HOSPITAL_FLOW_METHOD_1.0,15573
42009,42007,9,MDB_HOSPITAL_FLOW_METHOD_1.0,15574
42009,42009,8,MDB_HOSPITAL_FLOW_METHOD_1.0,15576
42004,42004,6,MDB_HOSPITAL_FLOW_METHOD_1.0,15577
42004,42004,5,MDB_HOSPITAL_FLOW_METHOD_1.0,15579
42004,42004,16,MDB_HOSPITAL_FLOW_METHOD_1.0,15580
42004,42004,5,MDB_HOSPITAL_FLOW_METHOD_1.0,15581
42004,42004,7,MDB_HOSPITAL_FLOW_METHOD_1.0,15583
42004,42004,10,MDB_HOSPITAL_FLOW_METHOD_1.0,15585
42003,42002,6,MDB_HOSPITAL_FLOW_METHOD_1.0,15587
42003,42001,14,MDB_HOSPITAL_FLOW_METHOD_1.0,15588
42003,42001,11,MDB_HOSPITAL_FLOW_METHOD_1.0,15590
42003,42002,22,MDB_HOSPITAL_FLOW_METHOD_1.0,15591
42003,42003,64,MDB_HOSPITAL_FLOW_METHOD_1.0,15592
42003,42002,22,MDB_HOSPITAL_FLOW_METHOD_1.0,15593
42003,42007,36,MDB_HOSPITAL_FLOW_METHOD_1.0,15594
42003,42001,13,MDB_HOSPITAL_FLOW_METHOD_1.0,15595
42003,42003,47,MDB_HOSPITAL_FLOW_METHOD_1.0,15596
42003,42002,8,MDB_HOSPITAL_FLOW_METHOD_1.0,15602
42003,42001,8,MDB_HOSPITAL_FLOW_METHOD_1.0,15603
42003,42001,10,MDB_HOSPITAL_FLOW_METHOD_1.0,15604
42003,42002,12,MDB_HOSPITAL_FLOW_METHOD_1.0,15605
42003,42003,6,MDB_HOSPITAL_FLOW_METHOD_1.0,15606
42003,42002,5,MDB_HOSPITAL_FLOW_METHOD_1.0,15607
42003,42001,6,MDB_HOSPITAL_FLOW_METHOD_1.0,15608
42003,42003,38,MDB_HOSPITAL_FLOW_METHOD_1.0,15609
42008,42008,7,MDB_HOSPITAL_FLOW_METHOD_1.0,15611
42008,42010,6,MDB_HOSPITAL_FLOW_METHOD_1.0,15614
42015,42015,85,MDB_HOSPITAL_FLOW_METHOD_1.0,15617
42015,42005,6,MDB_HOSPITAL_FLOW_METHOD_1.0,15618
42015,42011,6,MDB_HOSPITAL_FLOW_METHOD_1.0,15619
42015,42016,15,MDB_HOSPITAL_FLOW_METHOD_1.0,15621
42015,42015,12,MDB_HOSPITAL_FLOW_METHOD_1.0,15623
42015,42014,7,MDB_HOSPITAL_FLOW_METHOD_1.0,15624
42015,42007,34,MDB_HOSPITAL_FLOW_METHOD_1.0,15625
42015,42015,8,MDB_HOSPITAL_FLOW_METHOD_1.0,15627
43022,43022,11,MDB_HOSPITAL_FLOW_METHOD_1.0,15628
43018,43018,10,MDB_HOSPITAL_FLOW_METHOD_1.0,15634
43001,43001,17,MDB_HOSPITAL_FLOW_METHOD_1.0,15639
43001,43001,15,MDB_HOSPITAL_FLOW_METHOD_1.0,15640
43001,43002,5,MDB_HOSPITAL_FLOW_METHOD_1.0,15641
43001,43001,5,MDB_HOSPITAL_FLOW_METHOD_1.0,15643
43013,43013,25,MDB_HOSPITAL_FLOW_METHOD_1.0,15644
43013,43013,18,MDB_HOSPITAL_FLOW_METHOD_1.0,15647
43014,43014,132,MDB_HOSPITAL_FLOW_METHOD_1.0,15652
43014,43014,16,MDB_HOSPITAL_FLOW_METHOD_1.0,15653
43014,43014,5,MDB_HOSPITAL_FLOW_METHOD_1.0,15654
43014,43014,19,MDB_HOSPITAL_FLOW_METHOD_1.0,15657
43003,43003,523,MDB_HOSPITAL_FLOW_METHOD_1.0,15659
43003,43010,5,MDB_HOSPITAL_FLOW_METHOD_1.0,15662
43003,43001,10,MDB_HOSPITAL_FLOW_METHOD_1.0,15663
43014,43014,11,MDB_HOSPITAL_FLOW_METHOD_1.0,15668
43014,43014,7,MDB_HOSPITAL_FLOW_METHOD_1.0,15669
43014,43014,15,MDB_HOSPITAL_FLOW_METHOD_1.0,15671
43014,43013,7,MDB_HOSPITAL_FLOW_METHOD_1.0,15672
43017,43017,10,MDB_HOSPITAL_FLOW_METHOD_1.0,15674
43015,43015,31,MDB_HOSPITAL_FLOW_METHOD_1.0,15678
43015,43015,7,MDB_HOSPITAL_FLOW_METHOD_1.0,15681
43015,43015,31,MDB_HOSPITAL_FLOW_METHOD_1.0,15683
43019,43019,5,MDB_HOSPITAL_FLOW_METHOD_1.0,15685
43026,43023,6,MDB_HOSPITAL_FLOW_METHOD_1.0,15687
43026,43026,6,MDB_HOSPITAL_FLOW_METHOD_1.0,15688
43026,43026,11,MDB_HOSPITAL_FLOW_METHOD_1.0,15689
43010,43010,43,MDB_HOSPITAL_FLOW_METHOD_1.0,15694
43010,43009,8,MDB_HOSPITAL_FLOW_METHOD_1.0,15695
43010,43008,6,MDB_HOSPITAL_FLOW_METHOD_1.0,15696
43010,43023,14,MDB_HOSPITAL_FLOW_METHOD_1.0,15697
43010,43007,7,MDB_HOSPITAL_FLOW_METHOD_1.0,15699
43010,43008,32,MDB_HOSPITAL_FLOW_METHOD_1.0,15705
43010,43010,352,MDB_HOSPITAL_FLOW_METHOD_1.0,15709
43010,43008,54,MDB_HOSPITAL_FLOW_METHOD_1.0,15714
43010,43008,30,MDB_HOSPITAL_FLOW_METHOD_1.0,15715
43010,43006,5,MDB_HOSPITAL_FLOW_METHOD_1.0,15717
43010,43010,119,MDB_HOSPITAL_FLOW_METHOD_1.0,15718
43021,43021,11,MDB_HOSPITAL_FLOW_METHOD_1.0,15721
43021,43021,16,MDB_HOSPITAL_FLOW_METHOD_1.0,15724
43015,43015,6,MDB_HOSPITAL_FLOW_METHOD_1.0,15726
43015,43015,17,MDB_HOSPITAL_FLOW_METHOD_1.0,15727
43015,43015,14,MDB_HOSPITAL_FLOW_METHOD_1.0,15728
43015,43015,6,MDB_HOSPITAL_FLOW_METHOD_1.0,15729
43015,43015,7,MDB_HOSPITAL_FLOW_METHOD_1.0,15730
43015,43015,5,MDB_HOSPITAL_FLOW_METHOD_1.0,15731
43018,43023,7,MDB_HOSPITAL_FLOW_METHOD_1.0,15733
43018,43025,7,MDB_HOSPITAL_FLOW_METHOD_1.0,15734
43029,43029,15,MDB_HOSPITAL_FLOW_METHOD_1.0,15736
43029,43030,6,MDB_HOSPITAL_FLOW_METHOD_1.0,15738
43029,43029,6,MDB_HOSPITAL_FLOW_METHOD_1.0,15739
43026,43026,86,MDB_HOSPITAL_FLOW_METHOD_1.0,15743
43026,43023,20,MDB_HOSPITAL_FLOW_METHOD_1.0,15744
43009,43009,9,MDB_HOSPITAL_FLOW_METHOD_1.0,15749
43009,43021,9,MDB_HOSPITAL_FLOW_METHOD_1.0,15750
43007,43010,5,MDB_HOSPITAL_FLOW_METHOD_1.0,15758
43007,43007,19,MDB_HOSPITAL_FLOW_METHOD_1.0,15760
43007,43006,9,MDB_HOSPITAL_FLOW_METHOD_1.0,15762
43016,43016,5,MDB_HOSPITAL_FLOW_METHOD_1.0,15766
43029,43029,189,MDB_HOSPITAL_FLOW_METHOD_1.0,15771
43029,43023,8,MDB_HOSPITAL_FLOW_METHOD_1.0,15773
43029,43029,9,MDB_HOSPITAL_FLOW_METHOD_1.0,15776
43029,43021,14,MDB_HOSPITAL_FLOW_METHOD_1.0,15778
43004,43023,7,MDB_HOSPITAL_FLOW_METHOD_1.0,15783
43004,43005,5,MDB_HOSPITAL_FLOW_METHOD_1.0,15784
43004,43010,7,MDB_HOSPITAL_FLOW_METHOD_1.0,15785
43004,43004,16,MDB_HOSPITAL_FLOW_METHOD_1.0,15790
43021,43021,5,MDB_HOSPITAL_FLOW_METHOD_1.0,15791
43021,43021,7,MDB_HOSPITAL_FLOW_METHOD_1.0,15792
43009,43009,17,MDB_HOSPITAL_FLOW_METHOD_1.0,15793
43009,43010,23,MDB_HOSPITAL_FLOW_METHOD_1.0,15795
43009,43009,24,MDB_HOSPITAL_FLOW_METHOD_1.0,15797
43027,43027,82,MDB_HOSPITAL_FLOW_METHOD_1.0,15804
43021,43021,193,MDB_HOSPITAL_FLOW_METHOD_1.0,15815
43021,43021,20,MDB_HOSPITAL_FLOW_METHOD_1.0,15816
43019,43029,18,MDB_HOSPITAL_FLOW_METHOD_1.0,15819
43019,43017,7,MDB_HOSPITAL_FLOW_METHOD_1.0,15827
43013,43013,103,MDB_HOSPITAL_FLOW_METHOD_1.0,15830
43013,43013,16,MDB_HOSPITAL_FLOW_METHOD_1.0,15833
43016,43016,11,MDB_HOSPITAL_FLOW_METHOD_1.0,15836
43022,43022,277,MDB_HOSPITAL_FLOW_METHOD_1.0,15839
43022,43021,112,MDB_HOSPITAL_FLOW_METHOD_1.0,15845
43022,43010,23,MDB_HOSPITAL_FLOW_METHOD_1.0,15847
43022,43021,5,MDB_HOSPITAL_FLOW_METHOD_1.0,15848
43005,43005,23,MDB_HOSPITAL_FLOW_METHOD_1.0,15856
43005,43010,11,MDB_HOSPITAL_FLOW_METHOD_1.0,15857
43005,43005,9,MDB_HOSPITAL_FLOW_METHOD_1.0,15859
43005,43004,6,MDB_HOSPITAL_FLOW_METHOD_1.0,15863
43008,43008,11,MDB_HOSPITAL_FLOW_METHOD_1.0,15866
43016,43016,6,MDB_HOSPITAL_FLOW_METHOD_1.0,15867
43016,43016,18,MDB_HOSPITAL_FLOW_METHOD_1.0,15869
43009,43009,9,MDB_HOSPITAL_FLOW_METHOD_1.0,15877
43018,43018,9,MDB_HOSPITAL_FLOW_METHOD_1.0,15880
43018,43017,7,MDB_HOSPITAL_FLOW_METHOD_1.0,15881
43018,43018,5,MDB_HOSPITAL_FLOW_METHOD_1.0,15882
43015,43015,5,MDB_HOSPITAL_FLOW_METHOD_1.0,15888
43015,43015,6,MDB_HOSPITAL_FLOW_METHOD_1.0,15891
43003,43021,15,MDB_HOSPITAL_FLOW_METHOD_1.0,15893
43003,43003,6,MDB_HOSPITAL_FLOW_METHOD_1.0,15895
43009,43009,9,MDB_HOSPITAL_FLOW_METHOD_1.0,15896
43009,43010,11,MDB_HOSPITAL_FLOW_METHOD_1.0,15902
43020,43020,7,MDB_HOSPITAL_FLOW_METHOD_1.0,15910
43019,43017,27,MDB_HOSPITAL_FLOW_METHOD_1.0,15916
43019,43029,7,MDB_HOSPITAL_FLOW_METHOD_1.0,15918
43019,43017,9,MDB_HOSPITAL_FLOW_METHOD_1.0,15920
43019,43019,11,MDB_HOSPITAL_FLOW_METHOD_1.0,15921
43025,43025,375,MDB_HOSPITAL_FLOW_METHOD_1.0,15926
43025,43023,37,MDB_HOSPITAL_FLOW_METHOD_1.0,15927
43025,43026,6,MDB_HOSPITAL_FLOW_METHOD_1.0,15929
43020,43020,5,MDB_HOSPITAL_FLOW_METHOD_1.0,15936
43020,43020,5,MDB_HOSPITAL_FLOW_METHOD_1.0,15938
43014,43014,11,MDB_HOSPITAL_FLOW_METHOD_1.0,15939
43014,43014,13,MDB_HOSPITAL_FLOW_METHOD_1.0,15940
43014,43014,20,MDB_HOSPITAL_FLOW_METHOD_1.0,15943
43025,43025,12,MDB_HOSPITAL_FLOW_METHOD_1.0,15952
43024,43024,11,MDB_HOSPITAL_FLOW_METHOD_1.0,15954
43024,43023,79,MDB_HOSPITAL_FLOW_METHOD_1.0,15955
43026,43026,9,MDB_HOSPITAL_FLOW_METHOD_1.0,15962
43026,43023,9,MDB_HOSPITAL_FLOW_METHOD_1.0,15963
43026,43026,13,MDB_HOSPITAL_FLOW_METHOD_1.0,15965
43026,43008,30,MDB_HOSPITAL_FLOW_METHOD_1.0,15969
43015,43015,14,MDB_HOSPITAL_FLOW_METHOD_1.0,15974
43030,43029,8,MDB_HOSPITAL_FLOW_METHOD_1.0,15975
43030,43029,8,MDB_HOSPITAL_FLOW_METHOD_1.0,15979
43030,43030,8,MDB_HOSPITAL_FLOW_METHOD_1.0,15980
43030,43029,29,MDB_HOSPITAL_FLOW_METHOD_1.0,15981
43030,43010,6,MDB_HOSPITAL_FLOW_METHOD_1.0,15983
43030,43030,14,MDB_HOSPITAL_FLOW_METHOD_1.0,15987
43029,43029,93,MDB_HOSPITAL_FLOW_METHOD_1.0,15990
43011,43011,8,MDB_HOSPITAL_FLOW_METHOD_1.0,15996
43013,43013,12,MDB_HOSPITAL_FLOW_METHOD_1.0,15998
43020,43013,7,MDB_HOSPITAL_FLOW_METHOD_1.0,16006
43008,43008,28,MDB_HOSPITAL_FLOW_METHOD_1.0,16007
43009,43009,9,MDB_HOSPITAL_FLOW_METHOD_1.0,16012
43009,43008,7,MDB_HOSPITAL_FLOW_METHOD_1.0,16014
43009,43010,33,MDB_HOSPITAL_FLOW_METHOD_1.0,16015
43009,43008,11,MDB_HOSPITAL_FLOW_METHOD_1.0,16021
43027,43027,132,MDB_HOSPITAL_FLOW_METHOD_1.0,16026
43027,43027,10,MDB_HOSPITAL_FLOW_METHOD_1.0,16027
43027,43021,5,MDB_HOSPITAL_FLOW_METHOD_1.0,16029
43002,43002,50,MDB_HOSPITAL_FLOW_METHOD_1.0,16034
43002,43001,15,MDB_HOSPITAL_FLOW_METHOD_1.0,16036
43027,43027,16,MDB_HOSPITAL_FLOW_METHOD_1.0,16040
43027,43027,9,MDB_HOSPITAL_FLOW_METHOD_1.0,16041
43027,43027,329,MDB_HOSPITAL_FLOW_METHOD_1.0,16042
43027,43028,5,MDB_HOSPITAL_FLOW_METHOD_1.0,16043
43027,43029,5,MDB_HOSPITAL_FLOW_METHOD_1.0,16044
43027,43021,11,MDB_HOSPITAL_FLOW_METHOD_1.0,16046
43027,43010,22,MDB_HOSPITAL_FLOW_METHOD_1.0,16047
43027,43028,7,MDB_HOSPITAL_FLOW_METHOD_1.0,16048
43010,43009,6,MDB_HOSPITAL_FLOW_METHOD_1.0,16055
43010,43008,13,MDB_HOSPITAL_FLOW_METHOD_1.0,16056
43010,43023,48,MDB_HOSPITAL_FLOW_METHOD_1.0,16057
43010,43007,5,MDB_HOSPITAL_FLOW_METHOD_1.0,16059
43010,43008,20,MDB_HOSPITAL_FLOW_METHOD_1.0,16063
43010,43010,134,MDB_HOSPITAL_FLOW_METHOD_1.0,16066
43010,43006,5,MDB_HOSPITAL_FLOW_METHOD_1.0,16067
43010,43021,15,MDB_HOSPITAL_FLOW_METHOD_1.0,16068
43010,43008,12,MDB_HOSPITAL_FLOW_METHOD_1.0,16070
43010,43008,9,MDB_HOSPITAL_FLOW_METHOD_1.0,16072
43010,43006,14,MDB_HOSPITAL_FLOW_METHOD_1.0,16073
43010,43006,12,MDB_HOSPITAL_FLOW_METHOD_1.0,16075
43010,43010,13,MDB_HOSPITAL_FLOW_METHOD_1.0,16077
43018,43018,10,MDB_HOSPITAL_FLOW_METHOD_1.0,16079
43018,43018,7,MDB_HOSPITAL_FLOW_METHOD_1.0,16081
43011,43011,9,MDB_HOSPITAL_FLOW_METHOD_1.0,16086
43015,43015,47,MDB_HOSPITAL_FLOW_METHOD_1.0,16087
43015,43015,7,MDB_HOSPITAL_FLOW_METHOD_1.0,16089
43015,43015,10,MDB_HOSPITAL_FLOW_METHOD_1.0,16090
43015,43015,5,MDB_HOSPITAL_FLOW_METHOD_1.0,16091
43009,43009,323,MDB_HOSPITAL_FLOW_METHOD_1.0,16095
43009,43021,53,MDB_HOSPITAL_FLOW_METHOD_1.0,16099
43009,43010,24,MDB_HOSPITAL_FLOW_METHOD_1.0,16100
43009,43021,55,MDB_HOSPITAL_FLOW_METHOD_1.0,16103
43009,43008,8,MDB_HOSPITAL_FLOW_METHOD_1.0,16104
43017,43017,17,MDB_HOSPITAL_FLOW_METHOD_1.0,16107
43006,43006,41,MDB_HOSPITAL_FLOW_METHOD_1.0,16111
43006,43023,12,MDB_HOSPITAL_FLOW_METHOD_1.0,16112
43006,43006,8,MDB_HOSPITAL_FLOW_METHOD_1.0,16115
43006,43006,5,MDB_HOSPITAL_FLOW_METHOD_1.0,16118
43024,43023,9,MDB_HOSPITAL_FLOW_METHOD_1.0,16119
43014,43014,58,MDB_HOSPITAL_FLOW_METHOD_1.0,16121
43014,43011,12,MDB_HOSPITAL_FLOW_METHOD_1.0,16123
43014,43014,18,MDB_HOSPITAL_FLOW_METHOD_1.0,16126
43007,43007,65,MDB_HOSPITAL_FLOW_METHOD_1.0,16130
43007,43008,7,MDB_HOSPITAL_FLOW_METHOD_1.0,16131
43007,43007,15,MDB_HOSPITAL_FLOW_METHOD_1.0,16133
43007,43006,9,MDB_HOSPITAL_FLOW_METHOD_1.0,16135
43007,43007,15,MDB_HOSPITAL_FLOW_METHOD_1.0,16136
43007,43008,6,MDB_HOSPITAL_FLOW_METHOD_1.0,16137
43007,43007,12,MDB_HOSPITAL_FLOW_METHOD_1.0,16138
43007,43010,41,MDB_HOSPITAL_FLOW_METHOD_1.0,16140
43007,43005,5,MDB_HOSPITAL_FLOW_METHOD_1.0,16141
43007,43006,11,MDB_HOSPITAL_FLOW_METHOD_1.0,16142
43007,43008,21,MDB_HOSPITAL_FLOW_METHOD_1.0,16144
43007,43007,25,MDB_HOSPITAL_FLOW_METHOD_1.0,16145
43007,43008,10,MDB_HOSPITAL_FLOW_METHOD_1.0,16146
43007,43006,19,MDB_HOSPITAL_FLOW_METHOD_1.0,16147
43007,43006,39,MDB_HOSPITAL_FLOW_METHOD_1.0,16148
43013,43013,14,MDB_HOSPITAL_FLOW_METHOD_1.0,16151
43013,43013,12,MDB_HOSPITAL_FLOW_METHOD_1.0,16155
43028,43028,207,MDB_HOSPITAL_FLOW_METHOD_1.0,16164
43028,43028,9,MDB_HOSPITAL_FLOW_METHOD_1.0,16166
43014,43014,16,MDB_HOSPITAL_FLOW_METHOD_1.0,16168
43014,43014,84,MDB_HOSPITAL_FLOW_METHOD_1.0,16169
43014,43014,11,MDB_HOSPITAL_FLOW_METHOD_1.0,16171
43022,43022,9,MDB_HOSPITAL_FLOW_METHOD_1.0,16173
43023,43023,273,MDB_HOSPITAL_FLOW_METHOD_1.0,16178
43023,43023,78,MDB_HOSPITAL_FLOW_METHOD_1.0,16179
43023,43026,5,MDB_HOSPITAL_FLOW_METHOD_1.0,16181
43023,43006,5,MDB_HOSPITAL_FLOW_METHOD_1.0,16183
43023,43010,9,MDB_HOSPITAL_FLOW_METHOD_1.0,16189
43023,43006,10,MDB_HOSPITAL_FLOW_METHOD_1.0,16192
43021,43021,225,MDB_HOSPITAL_FLOW_METHOD_1.0,16193
43021,43021,33,MDB_HOSPITAL_FLOW_METHOD_1.0,16195
43021,43021,10,MDB_HOSPITAL_FLOW_METHOD_1.0,16198
43008,43008,1212,MDB_HOSPITAL_FLOW_METHOD_1.0,16205
43008,43009,13,MDB_HOSPITAL_FLOW_METHOD_1.0,16206
43008,43010,58,MDB_HOSPITAL_FLOW_METHOD_1.0,16213
43008,43008,12,MDB_HOSPITAL_FLOW_METHOD_1.0,16218
43029,43029,8,MDB_HOSPITAL_FLOW_METHOD_1.0,16225
43029,43029,7,MDB_HOSPITAL_FLOW_METHOD_1.0,16226
43029,43021,9,MDB_HOSPITAL_FLOW_METHOD_1.0,16228
43029,43029,5,MDB_HOSPITAL_FLOW_METHOD_1.0,16229
43004,43004,6,MDB_HOSPITAL_FLOW_METHOD_1.0,16238
43004,43023,10,MDB_HOSPITAL_FLOW_METHOD_1.0,16239
43004,43005,50,MDB_HOSPITAL_FLOW_METHOD_1.0,16242
43004,43010,42,MDB_HOSPITAL_FLOW_METHOD_1.0,16243
43004,43005,45,MDB_HOSPITAL_FLOW_METHOD_1.0,16244
43004,43006,6,MDB_HOSPITAL_FLOW_METHOD_1.0,16245
43004,43006,6,MDB_HOSPITAL_FLOW_METHOD_1.0,16247
43004,43004,17,MDB_HOSPITAL_FLOW_METHOD_1.0,16248
43002,43002,5,MDB_HOSPITAL_FLOW_METHOD_1.0,16254
43021,43021,49,MDB_HOSPITAL_FLOW_METHOD_1.0,16258
43021,43021,114,MDB_HOSPITAL_FLOW_METHOD_1.0,16259
43021,43021,8,MDB_HOSPITAL_FLOW_METHOD_1.0,16260
43021,43021,19,MDB_HOSPITAL_FLOW_METHOD_1.0,16264
43008,43008,59,MDB_HOSPITAL_FLOW_METHOD_1.0,16268
43029,43029,24,MDB_HOSPITAL_FLOW_METHOD_1.0,16272
43017,43017,303,MDB_HOSPITAL_FLOW_METHOD_1.0,16275
43017,43019,6,MDB_HOSPITAL_FLOW_METHOD_1.0,16276
43017,43017,65,MDB_HOSPITAL_FLOW_METHOD_1.0,16281
43017,43017,8,MDB_HOSPITAL_FLOW_METHOD_1.0,16286
43005,43005,75,MDB_HOSPITAL_FLOW_METHOD_1.0,16289
43025,43025,34,MDB_HOSPITAL_FLOW_METHOD_1.0,16291
43025,43025,130,MDB_HOSPITAL_FLOW_METHOD_1.0,16292
43025,43023,60,MDB_HOSPITAL_FLOW_METHOD_1.0,16293
43025,43026,8,MDB_HOSPITAL_FLOW_METHOD_1.0,16294
43025,43026,7,MDB_HOSPITAL_FLOW_METHOD_1.0,16295
43016,43016,5,MDB_HOSPITAL_FLOW_METHOD_1.0,16300
43017,43017,42,MDB_HOSPITAL_FLOW_METHOD_1.0,16304
43018,43018,5,MDB_HOSPITAL_FLOW_METHOD_1.0,16307
43018,43017,10,MDB_HOSPITAL_FLOW_METHOD_1.0,16310
43013,43013,16,MDB_HOSPITAL_FLOW_METHOD_1.0,16315
43013,43013,48,MDB_HOSPITAL_FLOW_METHOD_1.0,16318
43023,43023,3939,MDB_HOSPITAL_FLOW_METHOD_1.0,16330
43023,43010,11,MDB_HOSPITAL_FLOW_METHOD_1.0,16337
43016,43016,7,MDB_HOSPITAL_FLOW_METHOD_1.0,16342
43021,43021,40,MDB_HOSPITAL_FLOW_METHOD_1.0,16344
43027,43027,17,MDB_HOSPITAL_FLOW_METHOD_1.0,16348
43020,43020,9,MDB_HOSPITAL_FLOW_METHOD_1.0,16354
43020,43020,5,MDB_HOSPITAL_FLOW_METHOD_1.0,16355
43020,43017,5,MDB_HOSPITAL_FLOW_METHOD_1.0,16356
43009,43009,30,MDB_HOSPITAL_FLOW_METHOD_1.0,16362
43009,43021,9,MDB_HOSPITAL_FLOW_METHOD_1.0,16365
43009,43010,12,MDB_HOSPITAL_FLOW_METHOD_1.0,16366
43009,43021,28,MDB_HOSPITAL_FLOW_METHOD_1.0,16367
43011,43011,6,MDB_HOSPITAL_FLOW_METHOD_1.0,16374
43011,43011,9,MDB_HOSPITAL_FLOW_METHOD_1.0,16375
43011,43011,5,MDB_HOSPITAL_FLOW_METHOD_1.0,16376
43020,43020,5,MDB_HOSPITAL_FLOW_METHOD_1.0,16380
43020,43020,16,MDB_HOSPITAL_FLOW_METHOD_1.0,16382
43020,43020,9,MDB_HOSPITAL_FLOW_METHOD_1.0,16383
43009,43009,5,MDB_HOSPITAL_FLOW_METHOD_1.0,16384
43009,43009,395,MDB_HOSPITAL_FLOW_METHOD_1.0,16386
43009,43008,6,MDB_HOSPITAL_FLOW_METHOD_1.0,16387
43009,43010,46,MDB_HOSPITAL_FLOW_METHOD_1.0,16389
43009,43009,5,MDB_HOSPITAL_FLOW_METHOD_1.0,16392
43009,43021,6,MDB_HOSPITAL_FLOW_METHOD_1.0,16393
43009,43008,6,MDB_HOSPITAL_FLOW_METHOD_1.0,16394
43013,43013,5,MDB_HOSPITAL_FLOW_METHOD_1.0,16402
43013,43013,7,MDB_HOSPITAL_FLOW_METHOD_1.0,16408
43021,43021,14,MDB_HOSPITAL_FLOW_METHOD_1.0,16411
43009,43009,15,MDB_HOSPITAL_FLOW_METHOD_1.0,16412
43009,43021,19,MDB_HOSPITAL_FLOW_METHOD_1.0,16416
43005,43005,19,MDB_HOSPITAL_FLOW_METHOD_1.0,16420
43005,43010,27,MDB_HOSPITAL_FLOW_METHOD_1.0,16421
43005,43005,18,MDB_HOSPITAL_FLOW_METHOD_1.0,16422
43005,43004,8,MDB_HOSPITAL_FLOW_METHOD_1.0,16425
43017,43020,7,MDB_HOSPITAL_FLOW_METHOD_1.0,16431
43030,43030,18,MDB_HOSPITAL_FLOW_METHOD_1.0,16433
43012,43019,5,MDB_HOSPITAL_FLOW_METHOD_1.0,16435
43013,43013,31,MDB_HOSPITAL_FLOW_METHOD_1.0,16440
43013,43013,12,MDB_HOSPITAL_FLOW_METHOD_1.0,16442
43020,43020,13,MDB_HOSPITAL_FLOW_METHOD_1.0,16451
43020,43020,31,MDB_HOSPITAL_FLOW_METHOD_1.0,16454
43020,43020,9,MDB_HOSPITAL_FLOW_METHOD_1.0,16455
43017,43017,5,MDB_HOSPITAL_FLOW_METHOD_1.0,16461
43013,43013,17,MDB_HOSPITAL_FLOW_METHOD_1.0,16465
43020,43013,5,MDB_HOSPITAL_FLOW_METHOD_1.0,16476
43020,43020,5,MDB_HOSPITAL_FLOW_METHOD_1.0,16477
43025,43025,11,MDB_HOSPITAL_FLOW_METHOD_1.0,16478
43025,43023,14,MDB_HOSPITAL_FLOW_METHOD_1.0,16480
43025,43025,15,MDB_HOSPITAL_FLOW_METHOD_1.0,16485
43017,43017,5,MDB_HOSPITAL_FLOW_METHOD_1.0,16488
43017,43017,13,MDB_HOSPITAL_FLOW_METHOD_1.0,16490
43013,43013,54,MDB_HOSPITAL_FLOW_METHOD_1.0,16495
43013,43013,6,MDB_HOSPITAL_FLOW_METHOD_1.0,16497
43013,43010,7,MDB_HOSPITAL_FLOW_METHOD_1.0,16499
43013,43013,6,MDB_HOSPITAL_FLOW_METHOD_1.0,16501
43013,43015,6,MDB_HOSPITAL_FLOW_METHOD_1.0,16503
43009,43009,11,MDB_HOSPITAL_FLOW_METHOD_1.0,16504
43009,43021,40,MDB_HOSPITAL_FLOW_METHOD_1.0,16510
43015,43015,6,MDB_HOSPITAL_FLOW_METHOD_1.0,16512
43015,43015,10,MDB_HOSPITAL_FLOW_METHOD_1.0,16517
43012,43013,5,MDB_HOSPITAL_FLOW_METHOD_1.0,16519
43012,43013,5,MDB_HOSPITAL_FLOW_METHOD_1.0,16521
43012,43013,24,MDB_HOSPITAL_FLOW_METHOD_1.0,16523
43012,43017,16,MDB_HOSPITAL_FLOW_METHOD_1.0,16526
43012,43010,15,MDB_HOSPITAL_FLOW_METHOD_1.0,16527
43012,43012,26,MDB_HOSPITAL_FLOW_METHOD_1.0,16529
43012,43014,23,MDB_HOSPITAL_FLOW_METHOD_1.0,16530
43012,43001,6,MDB_HOSPITAL_FLOW_METHOD_1.0,16535
43029,43029,15,MDB_HOSPITAL_FLOW_METHOD_1.0,16541
43029,43029,68,MDB_HOSPITAL_FLOW_METHOD_1.0,16542
43029,43029,9,MDB_HOSPITAL_FLOW_METHOD_1.0,16543
43029,43030,13,MDB_HOSPITAL_FLOW_METHOD_1.0,16544
43029,43029,30,MDB_HOSPITAL_FLOW_METHOD_1.0,16545
43029,43030,6,MDB_HOSPITAL_FLOW_METHOD_1.0,16548
43017,43023,7,MDB_HOSPITAL_FLOW_METHOD_1.0,16550
43015,43015,5,MDB_HOSPITAL_FLOW_METHOD_1.0,16560
43011,43011,5,MDB_HOSPITAL_FLOW_METHOD_1.0,16564
43001,43001,16,MDB_HOSPITAL_FLOW_METHOD_1.0,16566
43001,43001,13,MDB_HOSPITAL_FLOW_METHOD_1.0,16568
43007,43007,160,MDB_HOSPITAL_FLOW_METHOD_1.0,16570
43009,43009,16,MDB_HOSPITAL_FLOW_METHOD_1.0,16584
43009,43021,8,MDB_HOSPITAL_FLOW_METHOD_1.0,16587
43009,43010,7,MDB_HOSPITAL_FLOW_METHOD_1.0,16588
43009,43021,10,MDB_HOSPITAL_FLOW_METHOD_1.0,16589
43004,43004,19,MDB_HOSPITAL_FLOW_METHOD_1.0,16594
43022,43022,5,MDB_HOSPITAL_FLOW_METHOD_1.0,16595
43022,43022,309,MDB_HOSPITAL_FLOW_METHOD_1.0,16596
43022,43021,48,MDB_HOSPITAL_FLOW_METHOD_1.0,16597
43001,43001,10,MDB_HOSPITAL_FLOW_METHOD_1.0,16602
43001,43001,9,MDB_HOSPITAL_FLOW_METHOD_1.0,16604
43014,43014,20,MDB_HOSPITAL_FLOW_METHOD_1.0,16608
43014,43014,6,MDB_HOSPITAL_FLOW_METHOD_1.0,16610
43014,43014,6,MDB_HOSPITAL_FLOW_METHOD_1.0,16612
43029,43029,11,MDB_HOSPITAL_FLOW_METHOD_1.0,16616
43009,43009,14,MDB_HOSPITAL_FLOW_METHOD_1.0,16618
43009,43008,5,MDB_HOSPITAL_FLOW_METHOD_1.0,16619
43009,43023,6,MDB_HOSPITAL_FLOW_METHOD_1.0,16620
43009,43009,12,MDB_HOSPITAL_FLOW_METHOD_1.0,16621
43009,43008,14,MDB_HOSPITAL_FLOW_METHOD_1.0,16624
43009,43021,28,MDB_HOSPITAL_FLOW_METHOD_1.0,16626
43009,43010,96,MDB_HOSPITAL_FLOW_METHOD_1.0,16627
43009,43021,15,MDB_HOSPITAL_FLOW_METHOD_1.0,16631
43009,43008,11,MDB_HOSPITAL_FLOW_METHOD_1.0,16632
43009,43006,6,MDB_HOSPITAL_FLOW_METHOD_1.0,16634
43009,43006,6,MDB_HOSPITAL_FLOW_METHOD_1.0,16636
43009,43010,6,MDB_HOSPITAL_FLOW_METHOD_1.0,16637
43029,43029,14,MDB_HOSPITAL_FLOW_METHOD_1.0,16638
43029,43023,7,MDB_HOSPITAL_FLOW_METHOD_1.0,16641
43029,43029,190,MDB_HOSPITAL_FLOW_METHOD_1.0,16642
43029,43030,13,MDB_HOSPITAL_FLOW_METHOD_1.0,16643
43029,43029,6,MDB_HOSPITAL_FLOW_METHOD_1.0,16644
43029,43010,6,MDB_HOSPITAL_FLOW_METHOD_1.0,16645
43029,43029,7,MDB_HOSPITAL_FLOW_METHOD_1.0,16646
43027,43027,10,MDB_HOSPITAL_FLOW_METHOD_1.0,16651
43027,43021,9,MDB_HOSPITAL_FLOW_METHOD_1.0,16654
43027,43028,6,MDB_HOSPITAL_FLOW_METHOD_1.0,16656
43011,43011,72,MDB_HOSPITAL_FLOW_METHOD_1.0,16664
43016,43016,13,MDB_HOSPITAL_FLOW_METHOD_1.0,16669
43016,43016,8,MDB_HOSPITAL_FLOW_METHOD_1.0,16670
43016,43020,9,MDB_HOSPITAL_FLOW_METHOD_1.0,16673
43016,43023,10,MDB_HOSPITAL_FLOW_METHOD_1.0,16677
43016,43016,9,MDB_HOSPITAL_FLOW_METHOD_1.0,16678
43016,43023,7,MDB_HOSPITAL_FLOW_METHOD_1.0,16690
43016,43016,43,MDB_HOSPITAL_FLOW_METHOD_1.0,16691
43016,43016,19,MDB_HOSPITAL_FLOW_METHOD_1.0,16692
43016,43015,6,MDB_HOSPITAL_FLOW_METHOD_1.0,16693
43016,43016,40,MDB_HOSPITAL_FLOW_METHOD_1.0,16696
43016,43016,39,MDB_HOSPITAL_FLOW_METHOD_1.0,16697
43016,43017,35,MDB_HOSPITAL_FLOW_METHOD_1.0,16699
43016,43020,43,MDB_HOSPITAL_FLOW_METHOD_1.0,16702
43017,43017,17,MDB_HOSPITAL_FLOW_METHOD_1.0,16712
43021,43021,9,MDB_HOSPITAL_FLOW_METHOD_1.0,16719
43021,43021,6,MDB_HOSPITAL_FLOW_METHOD_1.0,16722
43016,43016,8,MDB_HOSPITAL_FLOW_METHOD_1.0,16725
43016,43016,7,MDB_HOSPITAL_FLOW_METHOD_1.0,16726
43015,43015,8,MDB_HOSPITAL_FLOW_METHOD_1.0,16731
43015,43015,14,MDB_HOSPITAL_FLOW_METHOD_1.0,16733
43015,43015,12,MDB_HOSPITAL_FLOW_METHOD_1.0,16734
43015,43015,10,MDB_HOSPITAL_FLOW_METHOD_1.0,16735
43024,43023,14,MDB_HOSPITAL_FLOW_METHOD_1.0,16738
43015,43015,33,MDB_HOSPITAL_FLOW_METHOD_1.0,16744
43019,43019,46,MDB_HOSPITAL_FLOW_METHOD_1.0,16745
43019,43017,9,MDB_HOSPITAL_FLOW_METHOD_1.0,16748
43016,43016,5,MDB_HOSPITAL_FLOW_METHOD_1.0,16753
43007,43007,390,MDB_HOSPITAL_FLOW_METHOD_1.0,16762
43007,43010,16,MDB_HOSPITAL_FLOW_METHOD_1.0,16767
43007,43008,6,MDB_HOSPITAL_FLOW_METHOD_1.0,16772
43007,43006,10,MDB_HOSPITAL_FLOW_METHOD_1.0,16775
43008,43008,9,MDB_HOSPITAL_FLOW_METHOD_1.0,16779
43008,43008,572,MDB_HOSPITAL_FLOW_METHOD_1.0,16780
43008,43008,6,MDB_HOSPITAL_FLOW_METHOD_1.0,16782
43008,43010,43,MDB_HOSPITAL_FLOW_METHOD_1.0,16783
43008,43008,29,MDB_HOSPITAL_FLOW_METHOD_1.0,16787
43030,43029,22,MDB_HOSPITAL_FLOW_METHOD_1.0,16788
43030,43023,31,MDB_HOSPITAL_FLOW_METHOD_1.0,16790
43030,43030,254,MDB_HOSPITAL_FLOW_METHOD_1.0,16792
43030,43029,28,MDB_HOSPITAL_FLOW_METHOD_1.0,16793
43027,43027,25,MDB_HOSPITAL_FLOW_METHOD_1.0,16800
43011,43011,17,MDB_HOSPITAL_FLOW_METHOD_1.0,16809
43025,43023,14,MDB_HOSPITAL_FLOW_METHOD_1.0,16811
43025,43025,11,MDB_HOSPITAL_FLOW_METHOD_1.0,16814
43026,43023,71,MDB_HOSPITAL_FLOW_METHOD_1.0,16816
43026,43026,304,MDB_HOSPITAL_FLOW_METHOD_1.0,16817
43026,43026,7,MDB_HOSPITAL_FLOW_METHOD_1.0,16818
43001,43001,29,MDB_HOSPITAL_FLOW_METHOD_1.0,16825
43001,43001,11,MDB_HOSPITAL_FLOW_METHOD_1.0,16827
43001,43001,26,MDB_HOSPITAL_FLOW_METHOD_1.0,16828
43016,43016,6,MDB_HOSPITAL_FLOW_METHOD_1.0,16832
43030,43029,6,MDB_HOSPITAL_FLOW_METHOD_1.0,16834
43030,43030,37,MDB_HOSPITAL_FLOW_METHOD_1.0,16837
43030,43030,7,MDB_HOSPITAL_FLOW_METHOD_1.0,16840
43026,43026,79,MDB_HOSPITAL_FLOW_METHOD_1.0,16845
43026,43023,64,MDB_HOSPITAL_FLOW_METHOD_1.0,16847
43026,43026,5,MDB_HOSPITAL_FLOW_METHOD_1.0,16849
43026,43026,195,MDB_HOSPITAL_FLOW_METHOD_1.0,16850
43016,43016,5,MDB_HOSPITAL_FLOW_METHOD_1.0,16851
43019,43017,7,MDB_HOSPITAL_FLOW_METHOD_1.0,16863
43019,43019,5,MDB_HOSPITAL_FLOW_METHOD_1.0,16866
43001,43023,7,MDB_HOSPITAL_FLOW_METHOD_1.0,16870
43001,43001,7,MDB_HOSPITAL_FLOW_METHOD_1.0,16871
43001,43001,19,MDB_HOSPITAL_FLOW_METHOD_1.0,16873
43029,43030,12,MDB_HOSPITAL_FLOW_METHOD_1.0,16878
43012,43012,10,MDB_HOSPITAL_FLOW_METHOD_1.0,16885
43015,43015,22,MDB_HOSPITAL_FLOW_METHOD_1.0,16889
43015,43015,180,MDB_HOSPITAL_FLOW_METHOD_1.0,16891
43015,43015,30,MDB_HOSPITAL_FLOW_METHOD_1.0,16892
43015,43015,21,MDB_HOSPITAL_FLOW_METHOD_1.0,16895
43015,43017,18,MDB_HOSPITAL_FLOW_METHOD_1.0,16896
43015,43015,6,MDB_HOSPITAL_FLOW_METHOD_1.0,16903
43025,43023,47,MDB_HOSPITAL_FLOW_METHOD_1.0,16908
43025,43026,6,MDB_HOSPITAL_FLOW_METHOD_1.0,16910
43025,43025,278,MDB_HOSPITAL_FLOW_METHOD_1.0,16911
43011,43011,5,MDB_HOSPITAL_FLOW_METHOD_1.0,16915
43011,43011,12,MDB_HOSPITAL_FLOW_METHOD_1.0,16916
43016,43016,17,MDB_HOSPITAL_FLOW_METHOD_1.0,16918
43009,43008,8,MDB_HOSPITAL_FLOW_METHOD_1.0,16929
43009,43010,5,MDB_HOSPITAL_FLOW_METHOD_1.0,16930
43009,43009,17,MDB_HOSPITAL_FLOW_METHOD_1.0,16932
43017,43017,9,MDB_HOSPITAL_FLOW_METHOD_1.0,16939
43016,43023,5,MDB_HOSPITAL_FLOW_METHOD_1.0,16943
43016,43016,33,MDB_HOSPITAL_FLOW_METHOD_1.0,16944
43016,43016,6,MDB_HOSPITAL_FLOW_METHOD_1.0,16945
43016,43017,12,MDB_HOSPITAL_FLOW_METHOD_1.0,16947
43016,43017,5,MDB_HOSPITAL_FLOW_METHOD_1.0,16949
43014,43014,93,MDB_HOSPITAL_FLOW_METHOD_1.0,16951
43014,43014,51,MDB_HOSPITAL_FLOW_METHOD_1.0,16952
43014,43014,29,MDB_HOSPITAL_FLOW_METHOD_1.0,16953
43014,43014,48,MDB_HOSPITAL_FLOW_METHOD_1.0,16957
43014,43011,6,MDB_HOSPITAL_FLOW_METHOD_1.0,16958
43023,43023,68,MDB_HOSPITAL_FLOW_METHOD_1.0,16965
43023,43026,5,MDB_HOSPITAL_FLOW_METHOD_1.0,16966
43023,43026,6,MDB_HOSPITAL_FLOW_METHOD_1.0,16967
43023,43010,12,MDB_HOSPITAL_FLOW_METHOD_1.0,16971
43023,43006,9,MDB_HOSPITAL_FLOW_METHOD_1.0,16975
43020,43020,12,MDB_HOSPITAL_FLOW_METHOD_1.0,16978
43028,43028,8,MDB_HOSPITAL_FLOW_METHOD_1.0,16981
43028,43028,5,MDB_HOSPITAL_FLOW_METHOD_1.0,16985
43028,43028,6,MDB_HOSPITAL_FLOW_METHOD_1.0,16986
43028,43028,5,MDB_HOSPITAL_FLOW_METHOD_1.0,16987
43010,43009,6,MDB_HOSPITAL_FLOW_METHOD_1.0,16992
43010,43023,6,MDB_HOSPITAL_FLOW_METHOD_1.0,16995
43010,43010,183,MDB_HOSPITAL_FLOW_METHOD_1.0,16999
43010,43006,8,MDB_HOSPITAL_FLOW_METHOD_1.0,17000
43010,43008,15,MDB_HOSPITAL_FLOW_METHOD_1.0,17002
43010,43010,161,MDB_HOSPITAL_FLOW_METHOD_1.0,17005
43010,43005,8,MDB_HOSPITAL_FLOW_METHOD_1.0,17007
43010,43008,22,MDB_HOSPITAL_FLOW_METHOD_1.0,17011
43010,43008,15,MDB_HOSPITAL_FLOW_METHOD_1.0,17013
43010,43006,18,MDB_HOSPITAL_FLOW_METHOD_1.0,17014
43010,43006,13,MDB_HOSPITAL_FLOW_METHOD_1.0,17015
43010,43010,13,MDB_HOSPITAL_FLOW_METHOD_1.0,17016
43009,43009,6,MDB_HOSPITAL_FLOW_METHOD_1.0,17020
43009,43009,37,MDB_HOSPITAL_FLOW_METHOD_1.0,17022
43009,43009,290,MDB_HOSPITAL_FLOW_METHOD_1.0,17024
43009,43008,15,MDB_HOSPITAL_FLOW_METHOD_1.0,17026
43009,43021,51,MDB_HOSPITAL_FLOW_METHOD_1.0,17027
43009,43010,104,MDB_HOSPITAL_FLOW_METHOD_1.0,17028
43009,43021,24,MDB_HOSPITAL_FLOW_METHOD_1.0,17030
43009,43008,26,MDB_HOSPITAL_FLOW_METHOD_1.0,17031
43009,43006,8,MDB_HOSPITAL_FLOW_METHOD_1.0,17034
43009,43010,9,MDB_HOSPITAL_FLOW_METHOD_1.0,17036
43025,43023,48,MDB_HOSPITAL_FLOW_METHOD_1.0,17037
43025,43026,7,MDB_HOSPITAL_FLOW_METHOD_1.0,17039
43025,43025,260,MDB_HOSPITAL_FLOW_METHOD_1.0,17040
43025,43017,6,MDB_HOSPITAL_FLOW_METHOD_1.0,17043
43025,43010,7,MDB_HOSPITAL_FLOW_METHOD_1.0,17044
43011,43011,16,MDB_HOSPITAL_FLOW_METHOD_1.0,17049
43008,43008,30,MDB_HOSPITAL_FLOW_METHOD_1.0,17055
43028,43028,19,MDB_HOSPITAL_FLOW_METHOD_1.0,17060
43014,43014,70,MDB_HOSPITAL_FLOW_METHOD_1.0,17062
43014,43014,60,MDB_HOSPITAL_FLOW_METHOD_1.0,17064
43014,43014,20,MDB_HOSPITAL_FLOW_METHOD_1.0,17066
43014,43014,25,MDB_HOSPITAL_FLOW_METHOD_1.0,17067
43022,43022,6,MDB_HOSPITAL_FLOW_METHOD_1.0,17069
43022,43022,8,MDB_HOSPITAL_FLOW_METHOD_1.0,17070
43013,43013,5,MDB_HOSPITAL_FLOW_METHOD_1.0,17075
43013,43013,31,MDB_HOSPITAL_FLOW_METHOD_1.0,17077
43013,43013,6,MDB_HOSPITAL_FLOW_METHOD_1.0,17078
43013,43013,8,MDB_HOSPITAL_FLOW_METHOD_1.0,17080
43027,43027,9,MDB_HOSPITAL_FLOW_METHOD_1.0,17082
43018,43018,5,MDB_HOSPITAL_FLOW_METHOD_1.0,17092
43018,43018,9,MDB_HOSPITAL_FLOW_METHOD_1.0,17094
43018,43017,10,MDB_HOSPITAL_FLOW_METHOD_1.0,17096
43012,43013,8,MDB_HOSPITAL_FLOW_METHOD_1.0,17107
43012,43013,10,MDB_HOSPITAL_FLOW_METHOD_1.0,17109
43012,43017,19,MDB_HOSPITAL_FLOW_METHOD_1.0,17114
43012,43012,12,MDB_HOSPITAL_FLOW_METHOD_1.0,17116
43006,43006,640,MDB_HOSPITAL_FLOW_METHOD_1.0,17124
43006,43010,8,MDB_HOSPITAL_FLOW_METHOD_1.0,17128
43006,43006,9,MDB_HOSPITAL_FLOW_METHOD_1.0,17129
43006,43006,28,MDB_HOSPITAL_FLOW_METHOD_1.0,17134
43013,43013,30,MDB_HOSPITAL_FLOW_METHOD_1.0,17136
43013,43013,9,MDB_HOSPITAL_FLOW_METHOD_1.0,17138
43013,43013,16,MDB_HOSPITAL_FLOW_METHOD_1.0,17139
43013,43013,888,MDB_HOSPITAL_FLOW_METHOD_1.0,17140
43013,43010,6,MDB_HOSPITAL_FLOW_METHOD_1.0,17144
43013,43011,5,MDB_HOSPITAL_FLOW_METHOD_1.0,17147
43013,43013,18,MDB_HOSPITAL_FLOW_METHOD_1.0,17148
43029,43029,7,MDB_HOSPITAL_FLOW_METHOD_1.0,17154
43005,43005,32,MDB_HOSPITAL_FLOW_METHOD_1.0,17160
43005,43010,32,MDB_HOSPITAL_FLOW_METHOD_1.0,17163
43005,43005,35,MDB_HOSPITAL_FLOW_METHOD_1.0,17164
43005,43006,7,MDB_HOSPITAL_FLOW_METHOD_1.0,17165
43005,43004,15,MDB_HOSPITAL_FLOW_METHOD_1.0,17169
43030,43030,15,MDB_HOSPITAL_FLOW_METHOD_1.0,17171
43014,43014,7,MDB_HOSPITAL_FLOW_METHOD_1.0,17173
43014,43014,20,MDB_HOSPITAL_FLOW_METHOD_1.0,17174
43014,43014,19,MDB_HOSPITAL_FLOW_METHOD_1.0,17175
43014,43014,15,MDB_HOSPITAL_FLOW_METHOD_1.0,17178
43014,43014,8,MDB_HOSPITAL_FLOW_METHOD_1.0,17180
43013,43013,14,MDB_HOSPITAL_FLOW_METHOD_1.0,17183
43026,43026,40,MDB_HOSPITAL_FLOW_METHOD_1.0,17184
43026,43023,12,MDB_HOSPITAL_FLOW_METHOD_1.0,17185
43015,43015,15,MDB_HOSPITAL_FLOW_METHOD_1.0,17193
43015,43015,71,MDB_HOSPITAL_FLOW_METHOD_1.0,17194
43015,43015,6,MDB_HOSPITAL_FLOW_METHOD_1.0,17196
43015,43015,7,MDB_HOSPITAL_FLOW_METHOD_1.0,17198
43001,43001,31,MDB_HOSPITAL_FLOW_METHOD_1.0,17201
43003,43003,141,MDB_HOSPITAL_FLOW_METHOD_1.0,17211
43003,43021,12,MDB_HOSPITAL_FLOW_METHOD_1.0,17212
43003,43011,6,MDB_HOSPITAL_FLOW_METHOD_1.0,17214
43003,43003,5,MDB_HOSPITAL_FLOW_METHOD_1.0,17215
43016,43016,15,MDB_HOSPITAL_FLOW_METHOD_1.0,17224
43001,43001,12,MDB_HOSPITAL_FLOW_METHOD_1.0,17226
43001,43001,5,MDB_HOSPITAL_FLOW_METHOD_1.0,17228
43007,43007,98,MDB_HOSPITAL_FLOW_METHOD_1.0,17231
43007,43010,7,MDB_HOSPITAL_FLOW_METHOD_1.0,17232
43007,43008,5,MDB_HOSPITAL_FLOW_METHOD_1.0,17233
43020,43020,30,MDB_HOSPITAL_FLOW_METHOD_1.0,17238
43021,43021,250,MDB_HOSPITAL_FLOW_METHOD_1.0,17248
43021,43021,10,MDB_HOSPITAL_FLOW_METHOD_1.0,17249
43002,43002,78,MDB_HOSPITAL_FLOW_METHOD_1.0,17252
43002,43001,16,MDB_HOSPITAL_FLOW_METHOD_1.0,17254
43002,43002,5,MDB_HOSPITAL_FLOW_METHOD_1.0,17255
43024,43023,28,MDB_HOSPITAL_FLOW_METHOD_1.0,17258
43002,43001,5,MDB_HOSPITAL_FLOW_METHOD_1.0,17264
43002,43001,5,MDB_HOSPITAL_FLOW_METHOD_1.0,17268
43013,43013,15,MDB_HOSPITAL_FLOW_METHOD_1.0,17269
43013,43013,25,MDB_HOSPITAL_FLOW_METHOD_1.0,17272
43013,43014,5,MDB_HOSPITAL_FLOW_METHOD_1.0,17274
43001,43001,148,MDB_HOSPITAL_FLOW_METHOD_1.0,17280
43001,43001,17,MDB_HOSPITAL_FLOW_METHOD_1.0,17281
43001,43001,57,MDB_HOSPITAL_FLOW_METHOD_1.0,17284
43001,43002,5,MDB_HOSPITAL_FLOW_METHOD_1.0,17285
43001,43001,11,MDB_HOSPITAL_FLOW_METHOD_1.0,17287
43019,43019,5,MDB_HOSPITAL_FLOW_METHOD_1.0,17294
43019,43017,12,MDB_HOSPITAL_FLOW_METHOD_1.0,17295
43018,43017,6,MDB_HOSPITAL_FLOW_METHOD_1.0,17302
43018,43023,31,MDB_HOSPITAL_FLOW_METHOD_1.0,17303
43018,43018,115,MDB_HOSPITAL_FLOW_METHOD_1.0,17304
43018,43018,9,MDB_HOSPITAL_FLOW_METHOD_1.0,17306
43018,43017,44,MDB_HOSPITAL_FLOW_METHOD_1.0,17307
43018,43010,5,MDB_HOSPITAL_FLOW_METHOD_1.0,17308
43018,43018,15,MDB_HOSPITAL_FLOW_METHOD_1.0,17310
43029,43029,61,MDB_HOSPITAL_FLOW_METHOD_1.0,17314
43029,43028,5,MDB_HOSPITAL_FLOW_METHOD_1.0,17315
43029,43023,46,MDB_HOSPITAL_FLOW_METHOD_1.0,17316
43029,43029,50,MDB_HOSPITAL_FLOW_METHOD_1.0,17318
43029,43030,48,MDB_HOSPITAL_FLOW_METHOD_1.0,17319
43029,43029,579,MDB_HOSPITAL_FLOW_METHOD_1.0,17320
43029,43021,20,MDB_HOSPITAL_FLOW_METHOD_1.0,17323
43029,43029,19,MDB_HOSPITAL_FLOW_METHOD_1.0,17325
43029,43030,26,MDB_HOSPITAL_FLOW_METHOD_1.0,17328
43029,43030,38,MDB_HOSPITAL_FLOW_METHOD_1.0,17329
43020,43020,5,MDB_HOSPITAL_FLOW_METHOD_1.0,17333
43020,43020,7,MDB_HOSPITAL_FLOW_METHOD_1.0,17335
43022,43022,5,MDB_HOSPITAL_FLOW_METHOD_1.0,17337
43022,43022,14,MDB_HOSPITAL_FLOW_METHOD_1.0,17338
43015,43015,5,MDB_HOSPITAL_FLOW_METHOD_1.0,17342
43015,43020,5,MDB_HOSPITAL_FLOW_METHOD_1.0,17346
43007,43023,6,MDB_HOSPITAL_FLOW_METHOD_1.0,17347
43007,43007,52,MDB_HOSPITAL_FLOW_METHOD_1.0,17348
43023,43023,6,MDB_HOSPITAL_FLOW_METHOD_1.0,17355
43018,43018,6,MDB_HOSPITAL_FLOW_METHOD_1.0,17356
43018,43018,30,MDB_HOSPITAL_FLOW_METHOD_1.0,17358
43003,43011,19,MDB_HOSPITAL_FLOW_METHOD_1.0,17360
43004,42014,35,MDB_HOSPITAL_FLOW_METHOD_1.0,17362
43004,43005,5,MDB_HOSPITAL_FLOW_METHOD_1.0,17374
43008,43008,25,MDB_HOSPITAL_FLOW_METHOD_1.0,17380
43017,43017,188,MDB_HOSPITAL_FLOW_METHOD_1.0,17385
43017,43017,34,MDB_HOSPITAL_FLOW_METHOD_1.0,17387
43016,43016,20,MDB_HOSPITAL_FLOW_METHOD_1.0,17397
43009,43010,10,MDB_HOSPITAL_FLOW_METHOD_1.0,17405
43029,43029,5,MDB_HOSPITAL_FLOW_METHOD_1.0,17414
43029,43029,28,MDB_HOSPITAL_FLOW_METHOD_1.0,17419
43029,43030,6,MDB_HOSPITAL_FLOW_METHOD_1.0,17423
43002,43001,16,MDB_HOSPITAL_FLOW_METHOD_1.0,17425
43017,43017,12,MDB_HOSPITAL_FLOW_METHOD_1.0,17430
43028,43028,9,MDB_HOSPITAL_FLOW_METHOD_1.0,17435
43028,43028,29,MDB_HOSPITAL_FLOW_METHOD_1.0,17436
43018,43018,15,MDB_HOSPITAL_FLOW_METHOD_1.0,17442
43018,43017,9,MDB_HOSPITAL_FLOW_METHOD_1.0,17443
43009,43008,5,MDB_HOSPITAL_FLOW_METHOD_1.0,17449
43009,43010,9,MDB_HOSPITAL_FLOW_METHOD_1.0,17450
43009,43028,13,MDB_HOSPITAL_FLOW_METHOD_1.0,17451
43009,43009,12,MDB_HOSPITAL_FLOW_METHOD_1.0,17453
43020,43015,5,MDB_HOSPITAL_FLOW_METHOD_1.0,17458
43020,43020,5,MDB_HOSPITAL_FLOW_METHOD_1.0,17460
43020,43015,6,MDB_HOSPITAL_FLOW_METHOD_1.0,17461
43020,43020,10,MDB_HOSPITAL_FLOW_METHOD_1.0,17462
43017,43017,12,MDB_HOSPITAL_FLOW_METHOD_1.0,17465
43024,43023,34,MDB_HOSPITAL_FLOW_METHOD_1.0,17466
43008,43008,501,MDB_HOSPITAL_FLOW_METHOD_1.0,17476
43008,43010,33,MDB_HOSPITAL_FLOW_METHOD_1.0,17477
43008,43008,5,MDB_HOSPITAL_FLOW_METHOD_1.0,17480
43019,43017,6,MDB_HOSPITAL_FLOW_METHOD_1.0,17483
43004,42014,20,MDB_HOSPITAL_FLOW_METHOD_1.0,17485
43021,43021,5,MDB_HOSPITAL_FLOW_METHOD_1.0,17488
43021,43021,12,MDB_HOSPITAL_FLOW_METHOD_1.0,17493
43007,43007,9,MDB_HOSPITAL_FLOW_METHOD_1.0,17494
43007,43007,16,MDB_HOSPITAL_FLOW_METHOD_1.0,17497
43005,43005,10,MDB_HOSPITAL_FLOW_METHOD_1.0,17501
43005,43021,13,MDB_HOSPITAL_FLOW_METHOD_1.0,17505
43029,43023,16,MDB_HOSPITAL_FLOW_METHOD_1.0,17510
43029,43029,7,MDB_HOSPITAL_FLOW_METHOD_1.0,17511
43029,43029,7,MDB_HOSPITAL_FLOW_METHOD_1.0,17515
43024,43023,9,MDB_HOSPITAL_FLOW_METHOD_1.0,17520
43017,43017,17,MDB_HOSPITAL_FLOW_METHOD_1.0,17529
43017,43017,23,MDB_HOSPITAL_FLOW_METHOD_1.0,17537
43017,43017,5,MDB_HOSPITAL_FLOW_METHOD_1.0,17543
43017,43017,14,MDB_HOSPITAL_FLOW_METHOD_1.0,17544
43016,43015,5,MDB_HOSPITAL_FLOW_METHOD_1.0,17549
43016,43016,14,MDB_HOSPITAL_FLOW_METHOD_1.0,17551
43016,43016,31,MDB_HOSPITAL_FLOW_METHOD_1.0,17552
43016,43015,8,MDB_HOSPITAL_FLOW_METHOD_1.0,17555
43016,43020,5,MDB_HOSPITAL_FLOW_METHOD_1.0,17556
43025,43023,17,MDB_HOSPITAL_FLOW_METHOD_1.0,17566
43025,43025,7,MDB_HOSPITAL_FLOW_METHOD_1.0,17569
43025,43023,23,MDB_HOSPITAL_FLOW_METHOD_1.0,17571
43025,43025,23,MDB_HOSPITAL_FLOW_METHOD_1.0,17573
43020,43020,5,MDB_HOSPITAL_FLOW_METHOD_1.0,17578
43020,43020,5,MDB_HOSPITAL_FLOW_METHOD_1.0,17579
43029,43029,6,MDB_HOSPITAL_FLOW_METHOD_1.0,17580
43014,43014,5,MDB_HOSPITAL_FLOW_METHOD_1.0,17586
43014,43014,6,MDB_HOSPITAL_FLOW_METHOD_1.0,17591
43002,43002,8,MDB_HOSPITAL_FLOW_METHOD_1.0,17594
43002,43001,9,MDB_HOSPITAL_FLOW_METHOD_1.0,17596
43002,43002,19,MDB_HOSPITAL_FLOW_METHOD_1.0,17598
43007,43023,8,MDB_HOSPITAL_FLOW_METHOD_1.0,17603
43007,43006,8,MDB_HOSPITAL_FLOW_METHOD_1.0,17609
43007,43010,13,MDB_HOSPITAL_FLOW_METHOD_1.0,17610
43007,43006,7,MDB_HOSPITAL_FLOW_METHOD_1.0,17612
43007,43008,5,MDB_HOSPITAL_FLOW_METHOD_1.0,17613
43007,43007,58,MDB_HOSPITAL_FLOW_METHOD_1.0,17614
43007,43006,9,MDB_HOSPITAL_FLOW_METHOD_1.0,17616
43026,43026,6,MDB_HOSPITAL_FLOW_METHOD_1.0,17617
43001,43001,66,MDB_HOSPITAL_FLOW_METHOD_1.0,17619
43001,43001,8,MDB_HOSPITAL_FLOW_METHOD_1.0,17621
43023,43023,56,MDB_HOSPITAL_FLOW_METHOD_1.0,17625
43023,43026,10,MDB_HOSPITAL_FLOW_METHOD_1.0,17628
43023,43023,68,MDB_HOSPITAL_FLOW_METHOD_1.0,17631
43025,43023,98,MDB_HOSPITAL_FLOW_METHOD_1.0,17634
43025,43026,8,MDB_HOSPITAL_FLOW_METHOD_1.0,17636
43025,43025,20,MDB_HOSPITAL_FLOW_METHOD_1.0,17639
43025,43025,107,MDB_HOSPITAL_FLOW_METHOD_1.0,17641
43025,43010,10,MDB_HOSPITAL_FLOW_METHOD_1.0,17644
43025,43025,7,MDB_HOSPITAL_FLOW_METHOD_1.0,17646
43013,43013,8,MDB_HOSPITAL_FLOW_METHOD_1.0,17648
43008,43008,33,MDB_HOSPITAL_FLOW_METHOD_1.0,17651
43008,43010,5,MDB_HOSPITAL_FLOW_METHOD_1.0,17657
43008,43008,7,MDB_HOSPITAL_FLOW_METHOD_1.0,17660
43008,43008,18,MDB_HOSPITAL_FLOW_METHOD_1.0,17661
43027,43027,19,MDB_HOSPITAL_FLOW_METHOD_1.0,17665
43027,43028,5,MDB_HOSPITAL_FLOW_METHOD_1.0,17666
43007,43008,10,MDB_HOSPITAL_FLOW_METHOD_1.0,17677
43007,43023,40,MDB_HOSPITAL_FLOW_METHOD_1.0,17679
43007,43007,15,MDB_HOSPITAL_FLOW_METHOD_1.0,17680
43007,43007,10,MDB_HOSPITAL_FLOW_METHOD_1.0,17681
43007,43007,16,MDB_HOSPITAL_FLOW_METHOD_1.0,17684
43007,43008,19,MDB_HOSPITAL_FLOW_METHOD_1.0,17685
43007,43007,1310,MDB_HOSPITAL_FLOW_METHOD_1.0,17686
43007,43010,63,MDB_HOSPITAL_FLOW_METHOD_1.0,17689
43007,43006,12,MDB_HOSPITAL_FLOW_METHOD_1.0,17692
43007,43007,7,MDB_HOSPITAL_FLOW_METHOD_1.0,17693
43007,43021,5,MDB_HOSPITAL_FLOW_METHOD_1.0,17694
43007,43008,53,MDB_HOSPITAL_FLOW_METHOD_1.0,17695
43007,43007,6,MDB_HOSPITAL_FLOW_METHOD_1.0,17696
43007,43008,9,MDB_HOSPITAL_FLOW_METHOD_1.0,17697
43007,43006,14,MDB_HOSPITAL_FLOW_METHOD_1.0,17698
43007,43006,13,MDB_HOSPITAL_FLOW_METHOD_1.0,17700
43014,43014,14,MDB_HOSPITAL_FLOW_METHOD_1.0,17707
43014,43014,10,MDB_HOSPITAL_FLOW_METHOD_1.0,17709
43015,43015,5,MDB_HOSPITAL_FLOW_METHOD_1.0,17712
43015,43015,10,MDB_HOSPITAL_FLOW_METHOD_1.0,17716
43020,43020,5,MDB_HOSPITAL_FLOW_METHOD_1.0,17722
43020,43020,7,MDB_HOSPITAL_FLOW_METHOD_1.0,17726
43020,43020,19,MDB_HOSPITAL_FLOW_METHOD_1.0,17730
43020,43020,9,MDB_HOSPITAL_FLOW_METHOD_1.0,17731
43005,43023,7,MDB_HOSPITAL_FLOW_METHOD_1.0,17732
43005,43005,231,MDB_HOSPITAL_FLOW_METHOD_1.0,17734
43005,43010,33,MDB_HOSPITAL_FLOW_METHOD_1.0,17735
43005,43005,48,MDB_HOSPITAL_FLOW_METHOD_1.0,17737
43005,43008,7,MDB_HOSPITAL_FLOW_METHOD_1.0,17739
43005,43006,8,MDB_HOSPITAL_FLOW_METHOD_1.0,17740
43005,43004,16,MDB_HOSPITAL_FLOW_METHOD_1.0,17741
43018,43018,24,MDB_HOSPITAL_FLOW_METHOD_1.0,17745
43018,43017,6,MDB_HOSPITAL_FLOW_METHOD_1.0,17746
43018,43018,7,MDB_HOSPITAL_FLOW_METHOD_1.0,17750
43005,43005,16,MDB_HOSPITAL_FLOW_METHOD_1.0,17752
43005,43010,7,MDB_HOSPITAL_FLOW_METHOD_1.0,17753
43020,43015,5,MDB_HOSPITAL_FLOW_METHOD_1.0,17763
43020,43020,38,MDB_HOSPITAL_FLOW_METHOD_1.0,17764
43020,43020,90,MDB_HOSPITAL_FLOW_METHOD_1.0,17765
43020,43020,44,MDB_HOSPITAL_FLOW_METHOD_1.0,17768
43020,43020,26,MDB_HOSPITAL_FLOW_METHOD_1.0,17771
43015,43015,7,MDB_HOSPITAL_FLOW_METHOD_1.0,17773
43015,43015,7,MDB_HOSPITAL_FLOW_METHOD_1.0,17775
43015,43015,57,MDB_HOSPITAL_FLOW_METHOD_1.0,17776
43015,43017,13,MDB_HOSPITAL_FLOW_METHOD_1.0,17777
43013,43013,23,MDB_HOSPITAL_FLOW_METHOD_1.0,17782
43013,43013,52,MDB_HOSPITAL_FLOW_METHOD_1.0,17784
43013,43013,11,MDB_HOSPITAL_FLOW_METHOD_1.0,17785
43013,43013,25,MDB_HOSPITAL_FLOW_METHOD_1.0,17786
43013,43013,124,MDB_HOSPITAL_FLOW_METHOD_1.0,17788
43013,43012,9,MDB_HOSPITAL_FLOW_METHOD_1.0,17792
43013,43013,17,MDB_HOSPITAL_FLOW_METHOD_1.0,17795
43028,43028,5,MDB_HOSPITAL_FLOW_METHOD_1.0,17799
43028,43028,47,MDB_HOSPITAL_FLOW_METHOD_1.0,17803
43025,43025,36,MDB_HOSPITAL_FLOW_METHOD_1.0,17810
43001,43001,14,MDB_HOSPITAL_FLOW_METHOD_1.0,17816
43008,43008,11,MDB_HOSPITAL_FLOW_METHOD_1.0,17817
43006,43023,5,MDB_HOSPITAL_FLOW_METHOD_1.0,17821
43006,43007,14,MDB_HOSPITAL_FLOW_METHOD_1.0,17823
43006,43006,79,MDB_HOSPITAL_FLOW_METHOD_1.0,17827
43006,43007,5,MDB_HOSPITAL_FLOW_METHOD_1.0,17828
43006,43008,8,MDB_HOSPITAL_FLOW_METHOD_1.0,17830
43006,43006,527,MDB_HOSPITAL_FLOW_METHOD_1.0,17833
43006,43010,31,MDB_HOSPITAL_FLOW_METHOD_1.0,17834
43006,43006,23,MDB_HOSPITAL_FLOW_METHOD_1.0,17836
43006,43008,23,MDB_HOSPITAL_FLOW_METHOD_1.0,17838
43006,43007,26,MDB_HOSPITAL_FLOW_METHOD_1.0,17839
43006,43006,22,MDB_HOSPITAL_FLOW_METHOD_1.0,17840
43006,43006,91,MDB_HOSPITAL_FLOW_METHOD_1.0,17841
43027,43027,28,MDB_HOSPITAL_FLOW_METHOD_1.0,17843
43028,43028,5,MDB_HOSPITAL_FLOW_METHOD_1.0,17849
43028,43028,18,MDB_HOSPITAL_FLOW_METHOD_1.0,17851
43017,43017,32,MDB_HOSPITAL_FLOW_METHOD_1.0,17852
43017,43017,5,MDB_HOSPITAL_FLOW_METHOD_1.0,17853
43017,43018,13,MDB_HOSPITAL_FLOW_METHOD_1.0,17858
43017,43017,991,MDB_HOSPITAL_FLOW_METHOD_1.0,17859
43017,43010,12,MDB_HOSPITAL_FLOW_METHOD_1.0,17860
43017,43018,10,MDB_HOSPITAL_FLOW_METHOD_1.0,17862
43017,43014,9,MDB_HOSPITAL_FLOW_METHOD_1.0,17863
43017,43017,9,MDB_HOSPITAL_FLOW_METHOD_1.0,17864
43017,43019,14,MDB_HOSPITAL_FLOW_METHOD_1.0,17865
43030,43029,9,MDB_HOSPITAL_FLOW_METHOD_1.0,17870
43030,43029,5,MDB_HOSPITAL_FLOW_METHOD_1.0,17873
43030,43030,26,MDB_HOSPITAL_FLOW_METHOD_1.0,17880
43021,43021,7,MDB_HOSPITAL_FLOW_METHOD_1.0,17883
43021,43021,102,MDB_HOSPITAL_FLOW_METHOD_1.0,17888
43021,43021,9,MDB_HOSPITAL_FLOW_METHOD_1.0,17889
43013,43013,9,MDB_HOSPITAL_FLOW_METHOD_1.0,17897
43021,43021,3917,MDB_HOSPITAL_FLOW_METHOD_1.0,17904
43021,43010,5,MDB_HOSPITAL_FLOW_METHOD_1.0,17905
43021,43021,79,MDB_HOSPITAL_FLOW_METHOD_1.0,17907
43023,43023,11,MDB_HOSPITAL_FLOW_METHOD_1.0,17912
43015,43015,5,MDB_HOSPITAL_FLOW_METHOD_1.0,17916
43015,43015,7,MDB_HOSPITAL_FLOW_METHOD_1.0,17917
43015,43015,7,MDB_HOSPITAL_FLOW_METHOD_1.0,17921
43024,43023,16,MDB_HOSPITAL_FLOW_METHOD_1.0,17923
43001,43001,6,MDB_HOSPITAL_FLOW_METHOD_1.0,17928
43015,43015,10,MDB_HOSPITAL_FLOW_METHOD_1.0,17930
43015,43015,5,MDB_HOSPITAL_FLOW_METHOD_1.0,17931
43015,43015,6,MDB_HOSPITAL_FLOW_METHOD_1.0,17932
43015,43015,39,MDB_HOSPITAL_FLOW_METHOD_1.0,17933
43021,43021,5,MDB_HOSPITAL_FLOW_METHOD_1.0,17936
43021,43021,18,MDB_HOSPITAL_FLOW_METHOD_1.0,17937
43021,43021,11,MDB_HOSPITAL_FLOW_METHOD_1.0,17938
43011,43011,9,MDB_HOSPITAL_FLOW_METHOD_1.0,17941
43021,43021,41,MDB_HOSPITAL_FLOW_METHOD_1.0,17944
43021,43021,309,MDB_HOSPITAL_FLOW_METHOD_1.0,17945
43015,43015,5,MDB_HOSPITAL_FLOW_METHOD_1.0,17950
43015,43015,69,MDB_HOSPITAL_FLOW_METHOD_1.0,17953
43030,43030,9,MDB_HOSPITAL_FLOW_METHOD_1.0,17959
43017,43017,13,MDB_HOSPITAL_FLOW_METHOD_1.0,17962
43017,43020,19,MDB_HOSPITAL_FLOW_METHOD_1.0,17964
43017,43018,5,MDB_HOSPITAL_FLOW_METHOD_1.0,17967
43007,43007,5,MDB_HOSPITAL_FLOW_METHOD_1.0,17971
43007,43007,9,MDB_HOSPITAL_FLOW_METHOD_1.0,17975
43007,43008,13,MDB_HOSPITAL_FLOW_METHOD_1.0,17976
43007,43007,347,MDB_HOSPITAL_FLOW_METHOD_1.0,17978
43007,43010,16,MDB_HOSPITAL_FLOW_METHOD_1.0,17979
43007,43008,26,MDB_HOSPITAL_FLOW_METHOD_1.0,17983
43010,24007,38,MDB_HOSPITAL_FLOW_METHOD_1.0,17990
43010,42007,9,MDB_HOSPITAL_FLOW_METHOD_1.0,18003
43010,43008,7,MDB_HOSPITAL_FLOW_METHOD_1.0,18005
43010,43009,7,MDB_HOSPITAL_FLOW_METHOD_1.0,18006
43010,43008,9,MDB_HOSPITAL_FLOW_METHOD_1.0,18011
43010,43007,5,MDB_HOSPITAL_FLOW_METHOD_1.0,18013
43010,43010,10478,MDB_HOSPITAL_FLOW_METHOD_1.0,18017
43010,43005,5,MDB_HOSPITAL_FLOW_METHOD_1.0,18019
43010,43021,7,MDB_HOSPITAL_FLOW_METHOD_1.0,18023
43010,43008,7,MDB_HOSPITAL_FLOW_METHOD_1.0,18026
43010,43010,9,MDB_HOSPITAL_FLOW_METHOD_1.0,18029
43014,43014,8,MDB_HOSPITAL_FLOW_METHOD_1.0,18031
43014,43014,22,MDB_HOSPITAL_FLOW_METHOD_1.0,18033
43014,43014,27,MDB_HOSPITAL_FLOW_METHOD_1.0,18034
43014,43014,5,MDB_HOSPITAL_FLOW_METHOD_1.0,18037
43014,43014,7,MDB_HOSPITAL_FLOW_METHOD_1.0,18042
43011,43011,22,MDB_HOSPITAL_FLOW_METHOD_1.0,18046
43011,43011,12,MDB_HOSPITAL_FLOW_METHOD_1.0,18047
43029,43029,6,MDB_HOSPITAL_FLOW_METHOD_1.0,18053
43029,43029,24,MDB_HOSPITAL_FLOW_METHOD_1.0,18054
43007,43007,16,MDB_HOSPITAL_FLOW_METHOD_1.0,18058
43029,43029,11,MDB_HOSPITAL_FLOW_METHOD_1.0,18060
43029,43023,7,MDB_HOSPITAL_FLOW_METHOD_1.0,18062
43029,43030,6,MDB_HOSPITAL_FLOW_METHOD_1.0,18064
43029,43029,5,MDB_HOSPITAL_FLOW_METHOD_1.0,18065
43029,43029,165,MDB_HOSPITAL_FLOW_METHOD_1.0,18066
43025,43023,5,MDB_HOSPITAL_FLOW_METHOD_1.0,18070
43025,43025,5,MDB_HOSPITAL_FLOW_METHOD_1.0,18072
43025,43025,13,MDB_HOSPITAL_FLOW_METHOD_1.0,18073
43029,43029,12,MDB_HOSPITAL_FLOW_METHOD_1.0,18076
43029,43029,6,MDB_HOSPITAL_FLOW_METHOD_1.0,18079
43003,43003,223,MDB_HOSPITAL_FLOW_METHOD_1.0,18086
43003,43003,8,MDB_HOSPITAL_FLOW_METHOD_1.0,18091
43016,43016,9,MDB_HOSPITAL_FLOW_METHOD_1.0,18093
43001,43001,8,MDB_HOSPITAL_FLOW_METHOD_1.0,18101
43020,43020,14,MDB_HOSPITAL_FLOW_METHOD_1.0,18112
43020,43013,7,MDB_HOSPITAL_FLOW_METHOD_1.0,18115
43020,43015,7,MDB_HOSPITAL_FLOW_METHOD_1.0,18117
43029,43029,8,MDB_HOSPITAL_FLOW_METHOD_1.0,18118
43029,43029,12,MDB_HOSPITAL_FLOW_METHOD_1.0,18120
43001,43001,17,MDB_HOSPITAL_FLOW_METHOD_1.0,18126
43001,43001,29,MDB_HOSPITAL_FLOW_METHOD_1.0,18130
43001,43001,7,MDB_HOSPITAL_FLOW_METHOD_1.0,18134
43016,43016,8,MDB_HOSPITAL_FLOW_METHOD_1.0,18138
43021,35016,11,MDB_HOSPITAL_FLOW_METHOD_1.0,18140
43021,43021,5,MDB_HOSPITAL_FLOW_METHOD_1.0,18141
43021,43021,38,MDB_HOSPITAL_FLOW_METHOD_1.0,18142
43021,43021,1306,MDB_HOSPITAL_FLOW_METHOD_1.0,18145
43021,43021,6,MDB_HOSPITAL_FLOW_METHOD_1.0,18147
43028,43028,164,MDB_HOSPITAL_FLOW_METHOD_1.0,18152
43006,43023,9,MDB_HOSPITAL_FLOW_METHOD_1.0,18154
43029,43029,10,MDB_HOSPITAL_FLOW_METHOD_1.0,18160
43029,43029,11,MDB_HOSPITAL_FLOW_METHOD_1.0,18162
43029,43029,5,MDB_HOSPITAL_FLOW_METHOD_1.0,18164
43029,43029,71,MDB_HOSPITAL_FLOW_METHOD_1.0,18165
43015,43015,14,MDB_HOSPITAL_FLOW_METHOD_1.0,18166
43015,43015,20,MDB_HOSPITAL_FLOW_METHOD_1.0,18167
43015,43015,9,MDB_HOSPITAL_FLOW_METHOD_1.0,18168
43015,43020,13,MDB_HOSPITAL_FLOW_METHOD_1.0,18169
43015,43015,9,MDB_HOSPITAL_FLOW_METHOD_1.0,18170
43015,43015,29,MDB_HOSPITAL_FLOW_METHOD_1.0,18173
43011,43011,7,MDB_HOSPITAL_FLOW_METHOD_1.0,18177
43006,43010,19,MDB_HOSPITAL_FLOW_METHOD_1.0,18189
43006,43006,7,MDB_HOSPITAL_FLOW_METHOD_1.0,18190
43006,43006,11,MDB_HOSPITAL_FLOW_METHOD_1.0,18192
43006,43006,10,MDB_HOSPITAL_FLOW_METHOD_1.0,18195
43006,43006,20,MDB_HOSPITAL_FLOW_METHOD_1.0,18196
43020,43017,10,MDB_HOSPITAL_FLOW_METHOD_1.0,18198
43020,43020,95,MDB_HOSPITAL_FLOW_METHOD_1.0,18200
43020,43020,15,MDB_HOSPITAL_FLOW_METHOD_1.0,18205
43020,43020,7,MDB_HOSPITAL_FLOW_METHOD_1.0,18206
43011,43011,30,MDB_HOSPITAL_FLOW_METHOD_1.0,18212
43003,43021,83,MDB_HOSPITAL_FLOW_METHOD_1.0,18215
43003,43003,275,MDB_HOSPITAL_FLOW_METHOD_1.0,18217
43003,43003,11,MDB_HOSPITAL_FLOW_METHOD_1.0,18220
43020,43020,6,MDB_HOSPITAL_FLOW_METHOD_1.0,18222
43012,43012,5,MDB_HOSPITAL_FLOW_METHOD_1.0,18228
43012,43027,10,MDB_HOSPITAL_FLOW_METHOD_1.0,18232
43012,43013,5,MDB_HOSPITAL_FLOW_METHOD_1.0,18235
43012,43017,16,MDB_HOSPITAL_FLOW_METHOD_1.0,18236
43012,43010,6,MDB_HOSPITAL_FLOW_METHOD_1.0,18237
43012,43012,11,MDB_HOSPITAL_FLOW_METHOD_1.0,18238
43012,43001,5,MDB_HOSPITAL_FLOW_METHOD_1.0,18242
43011,43014,6,MDB_HOSPITAL_FLOW_METHOD_1.0,18243
43008,43008,39,MDB_HOSPITAL_FLOW_METHOD_1.0,18248
43018,43017,11,MDB_HOSPITAL_FLOW_METHOD_1.0,18255
43018,43018,134,MDB_HOSPITAL_FLOW_METHOD_1.0,18256
43018,43018,5,MDB_HOSPITAL_FLOW_METHOD_1.0,18257
43012,43012,64,MDB_HOSPITAL_FLOW_METHOD_1.0,18264
43029,43029,6,MDB_HOSPITAL_FLOW_METHOD_1.0,18271
43029,43029,22,MDB_HOSPITAL_FLOW_METHOD_1.0,18273
43028,43028,34,MDB_HOSPITAL_FLOW_METHOD_1.0,18281
43028,43010,15,MDB_HOSPITAL_FLOW_METHOD_1.0,18285
43028,43028,59,MDB_HOSPITAL_FLOW_METHOD_1.0,18287
43028,43028,411,MDB_HOSPITAL_FLOW_METHOD_1.0,18288
43028,43028,7,MDB_HOSPITAL_FLOW_METHOD_1.0,18291
43001,43002,42,MDB_HOSPITAL_FLOW_METHOD_1.0,18292
43001,43028,7,MDB_HOSPITAL_FLOW_METHOD_1.0,18293
43001,43002,7,MDB_HOSPITAL_FLOW_METHOD_1.0,18298
43001,43001,120,MDB_HOSPITAL_FLOW_METHOD_1.0,18299
43001,43021,19,MDB_HOSPITAL_FLOW_METHOD_1.0,18301
43001,43010,25,MDB_HOSPITAL_FLOW_METHOD_1.0,18302
43001,43001,1401,MDB_HOSPITAL_FLOW_METHOD_1.0,18304
43001,43014,12,MDB_HOSPITAL_FLOW_METHOD_1.0,18306
43001,43002,53,MDB_HOSPITAL_FLOW_METHOD_1.0,18307
43001,43002,64,MDB_HOSPITAL_FLOW_METHOD_1.0,18309
43001,43003,9,MDB_HOSPITAL_FLOW_METHOD_1.0,18310
43001,43001,64,MDB_HOSPITAL_FLOW_METHOD_1.0,18311
43001,43021,6,MDB_HOSPITAL_FLOW_METHOD_1.0,18312
43001,43001,75,MDB_HOSPITAL_FLOW_METHOD_1.0,18313
43007,43007,11,MDB_HOSPITAL_FLOW_METHOD_1.0,18316
43003,43003,9,MDB_HOSPITAL_FLOW_METHOD_1.0,18322
43021,43021,8,MDB_HOSPITAL_FLOW_METHOD_1.0,18324
43021,43021,5,MDB_HOSPITAL_FLOW_METHOD_1.0,18325
43021,43021,7,MDB_HOSPITAL_FLOW_METHOD_1.0,18326
43021,43021,8,MDB_HOSPITAL_FLOW_METHOD_1.0,18333
43003,43022,9,MDB_HOSPITAL_FLOW_METHOD_1.0,18335
43003,43021,88,MDB_HOSPITAL_FLOW_METHOD_1.0,18339
43003,43010,5,MDB_HOSPITAL_FLOW_METHOD_1.0,18340
43003,43003,509,MDB_HOSPITAL_FLOW_METHOD_1.0,18344
43003,43011,5,MDB_HOSPITAL_FLOW_METHOD_1.0,18347
43003,43003,23,MDB_HOSPITAL_FLOW_METHOD_1.0,18349
43003,43021,8,MDB_HOSPITAL_FLOW_METHOD_1.0,18350
43014,43014,36,MDB_HOSPITAL_FLOW_METHOD_1.0,18354
43014,43014,123,MDB_HOSPITAL_FLOW_METHOD_1.0,18355
43014,43014,6,MDB_HOSPITAL_FLOW_METHOD_1.0,18359
43014,43014,38,MDB_HOSPITAL_FLOW_METHOD_1.0,18361
43014,43014,32,MDB_HOSPITAL_FLOW_METHOD_1.0,18365
43014,43014,429,MDB_HOSPITAL_FLOW_METHOD_1.0,18366
43021,43021,33,MDB_HOSPITAL_FLOW_METHOD_1.0,18373
43021,43021,87,MDB_HOSPITAL_FLOW_METHOD_1.0,18376
43002,43002,7,MDB_HOSPITAL_FLOW_METHOD_1.0,18378
43002,43001,19,MDB_HOSPITAL_FLOW_METHOD_1.0,18384
43002,43002,346,MDB_HOSPITAL_FLOW_METHOD_1.0,18385
43002,43002,15,MDB_HOSPITAL_FLOW_METHOD_1.0,18387
43011,43011,546,MDB_HOSPITAL_FLOW_METHOD_1.0,18398
43017,43017,11,MDB_HOSPITAL_FLOW_METHOD_1.0,18401
43005,43005,6,MDB_HOSPITAL_FLOW_METHOD_1.0,18404
43005,43010,15,MDB_HOSPITAL_FLOW_METHOD_1.0,18405
43005,43005,387,MDB_HOSPITAL_FLOW_METHOD_1.0,18406
43011,43011,6,MDB_HOSPITAL_FLOW_METHOD_1.0,18412
43011,43011,33,MDB_HOSPITAL_FLOW_METHOD_1.0,18413
43017,43017,12,MDB_HOSPITAL_FLOW_METHOD_1.0,18414
43017,43017,5,MDB_HOSPITAL_FLOW_METHOD_1.0,18415
43013,43013,7,MDB_HOSPITAL_FLOW_METHOD_1.0,18420
43013,43013,114,MDB_HOSPITAL_FLOW_METHOD_1.0,18424
43014,43014,29,MDB_HOSPITAL_FLOW_METHOD_1.0,18426
43014,43014,15,MDB_HOSPITAL_FLOW_METHOD_1.0,18427
43014,43014,10,MDB_HOSPITAL_FLOW_METHOD_1.0,18430
43014,43014,9,MDB_HOSPITAL_FLOW_METHOD_1.0,18431
43014,43014,21,MDB_HOSPITAL_FLOW_METHOD_1.0,18432
43018,43018,5,MDB_HOSPITAL_FLOW_METHOD_1.0,18436
43011,43011,418,MDB_HOSPITAL_FLOW_METHOD_1.0,18444
43017,43017,18,MDB_HOSPITAL_FLOW_METHOD_1.0,18448
43002,43002,6,MDB_HOSPITAL_FLOW_METHOD_1.0,18454
43002,43001,14,MDB_HOSPITAL_FLOW_METHOD_1.0,18455
43002,43001,21,MDB_HOSPITAL_FLOW_METHOD_1.0,18456
43002,43002,8,MDB_HOSPITAL_FLOW_METHOD_1.0,18458
43002,43002,59,MDB_HOSPITAL_FLOW_METHOD_1.0,18460
43006,43023,6,MDB_HOSPITAL_FLOW_METHOD_1.0,18463
43006,43006,157,MDB_HOSPITAL_FLOW_METHOD_1.0,18468
43006,43006,7,MDB_HOSPITAL_FLOW_METHOD_1.0,18472
43003,43021,12,MDB_HOSPITAL_FLOW_METHOD_1.0,18475
43003,43003,358,MDB_HOSPITAL_FLOW_METHOD_1.0,18478
43009,43023,5,MDB_HOSPITAL_FLOW_METHOD_1.0,18482
43009,43009,18,MDB_HOSPITAL_FLOW_METHOD_1.0,18483
43009,43008,24,MDB_HOSPITAL_FLOW_METHOD_1.0,18487
43009,43010,29,MDB_HOSPITAL_FLOW_METHOD_1.0,18490
43009,43028,9,MDB_HOSPITAL_FLOW_METHOD_1.0,18491
43009,43009,63,MDB_HOSPITAL_FLOW_METHOD_1.0,18493
43009,43008,42,MDB_HOSPITAL_FLOW_METHOD_1.0,18496
43009,43030,5,MDB_HOSPITAL_FLOW_METHOD_1.0,18499
43018,43018,27,MDB_HOSPITAL_FLOW_METHOD_1.0,18503
43018,43018,14,MDB_HOSPITAL_FLOW_METHOD_1.0,18505
43001,43001,8,MDB_HOSPITAL_FLOW_METHOD_1.0,18511
43025,43023,7,MDB_HOSPITAL_FLOW_METHOD_1.0,18512
43020,43020,5,MDB_HOSPITAL_FLOW_METHOD_1.0,18525
43029,43029,8,MDB_HOSPITAL_FLOW_METHOD_1.0,18527
43029,43029,5,MDB_HOSPITAL_FLOW_METHOD_1.0,18533
43007,43007,16,MDB_HOSPITAL_FLOW_METHOD_1.0,18534
43007,43008,15,MDB_HOSPITAL_FLOW_METHOD_1.0,18535
43021,43021,10,MDB_HOSPITAL_FLOW_METHOD_1.0,18541
43021,43021,436,MDB_HOSPITAL_FLOW_METHOD_1.0,18542
43018,43018,5,MDB_HOSPITAL_FLOW_METHOD_1.0,18545
43018,43018,6,MDB_HOSPITAL_FLOW_METHOD_1.0,18546
43018,43017,10,MDB_HOSPITAL_FLOW_METHOD_1.0,18547
43018,43018,6,MDB_HOSPITAL_FLOW_METHOD_1.0,18549
43018,43018,39,MDB_HOSPITAL_FLOW_METHOD_1.0,18550
43018,43018,6,MDB_HOSPITAL_FLOW_METHOD_1.0,18552
43008,43008,11,MDB_HOSPITAL_FLOW_METHOD_1.0,18553
43024,43023,37,MDB_HOSPITAL_FLOW_METHOD_1.0,18554
43007,43008,5,MDB_HOSPITAL_FLOW_METHOD_1.0,18562
43007,43023,28,MDB_HOSPITAL_FLOW_METHOD_1.0,18563
43007,43007,5,MDB_HOSPITAL_FLOW_METHOD_1.0,18564
43007,43008,8,MDB_HOSPITAL_FLOW_METHOD_1.0,18566
43007,43007,9,MDB_HOSPITAL_FLOW_METHOD_1.0,18568
43007,43008,23,MDB_HOSPITAL_FLOW_METHOD_1.0,18570
43007,43007,9,MDB_HOSPITAL_FLOW_METHOD_1.0,18571
43007,43010,68,MDB_HOSPITAL_FLOW_METHOD_1.0,18574
43007,43007,516,MDB_HOSPITAL_FLOW_METHOD_1.0,18577
43007,43008,42,MDB_HOSPITAL_FLOW_METHOD_1.0,18579
43007,43008,47,MDB_HOSPITAL_FLOW_METHOD_1.0,18581
43007,43006,5,MDB_HOSPITAL_FLOW_METHOD_1.0,18582
43021,43021,633,MDB_HOSPITAL_FLOW_METHOD_1.0,18587
43011,43014,6,MDB_HOSPITAL_FLOW_METHOD_1.0,18588
43011,43011,169,MDB_HOSPITAL_FLOW_METHOD_1.0,18593
43026,43023,58,MDB_HOSPITAL_FLOW_METHOD_1.0,18595
43026,43026,9,MDB_HOSPITAL_FLOW_METHOD_1.0,18603
43013,43013,6,MDB_HOSPITAL_FLOW_METHOD_1.0,18606
43013,43013,8,MDB_HOSPITAL_FLOW_METHOD_1.0,18608
43013,43013,22,MDB_HOSPITAL_FLOW_METHOD_1.0,18610
43013,43013,20,MDB_HOSPITAL_FLOW_METHOD_1.0,18611
43001,43001,24,MDB_HOSPITAL_FLOW_METHOD_1.0,18614
43001,43021,7,MDB_HOSPITAL_FLOW_METHOD_1.0,18618
43011,43011,5,MDB_HOSPITAL_FLOW_METHOD_1.0,18622
43011,43011,24,MDB_HOSPITAL_FLOW_METHOD_1.0,18628
43014,43014,18,MDB_HOSPITAL_FLOW_METHOD_1.0,18629
43014,43014,10,MDB_HOSPITAL_FLOW_METHOD_1.0,18631
43014,43014,12,MDB_HOSPITAL_FLOW_METHOD_1.0,18632
43014,43014,9,MDB_HOSPITAL_FLOW_METHOD_1.0,18633
43008,43008,20,MDB_HOSPITAL_FLOW_METHOD_1.0,18634
43020,43020,6,MDB_HOSPITAL_FLOW_METHOD_1.0,18638
43020,43020,14,MDB_HOSPITAL_FLOW_METHOD_1.0,18640
43011,43014,5,MDB_HOSPITAL_FLOW_METHOD_1.0,18642
43001,43001,6,MDB_HOSPITAL_FLOW_METHOD_1.0,18649
43001,43001,46,MDB_HOSPITAL_FLOW_METHOD_1.0,18651
43001,43002,9,MDB_HOSPITAL_FLOW_METHOD_1.0,18652
43001,43002,14,MDB_HOSPITAL_FLOW_METHOD_1.0,18654
43001,43001,58,MDB_HOSPITAL_FLOW_METHOD_1.0,18656
43008,43010,7,MDB_HOSPITAL_FLOW_METHOD_1.0,18667
43008,43008,233,MDB_HOSPITAL_FLOW_METHOD_1.0,18668
43001,43001,52,MDB_HOSPITAL_FLOW_METHOD_1.0,18675
43001,43001,58,MDB_HOSPITAL_FLOW_METHOD_1.0,18678
43013,43013,7,MDB_HOSPITAL_FLOW_METHOD_1.0,18692
43026,43023,11,MDB_HOSPITAL_FLOW_METHOD_1.0,18695
43002,43001,27,MDB_HOSPITAL_FLOW_METHOD_1.0,18701
43002,43002,5,MDB_HOSPITAL_FLOW_METHOD_1.0,18702
43007,43023,17,MDB_HOSPITAL_FLOW_METHOD_1.0,18711
43007,43007,7,MDB_HOSPITAL_FLOW_METHOD_1.0,18712
43007,43006,5,MDB_HOSPITAL_FLOW_METHOD_1.0,18715
43007,43007,8,MDB_HOSPITAL_FLOW_METHOD_1.0,18716
43007,43008,9,MDB_HOSPITAL_FLOW_METHOD_1.0,18717
43007,43010,47,MDB_HOSPITAL_FLOW_METHOD_1.0,18721
43007,43006,8,MDB_HOSPITAL_FLOW_METHOD_1.0,18722
43007,43008,21,MDB_HOSPITAL_FLOW_METHOD_1.0,18724
43007,43007,341,MDB_HOSPITAL_FLOW_METHOD_1.0,18725
43007,43006,11,MDB_HOSPITAL_FLOW_METHOD_1.0,18727
43007,43006,22,MDB_HOSPITAL_FLOW_METHOD_1.0,18729
43008,43008,15,MDB_HOSPITAL_FLOW_METHOD_1.0,18734
43008,43010,19,MDB_HOSPITAL_FLOW_METHOD_1.0,18740
43008,43007,5,MDB_HOSPITAL_FLOW_METHOD_1.0,18742
43008,43008,7,MDB_HOSPITAL_FLOW_METHOD_1.0,18743
43008,43008,1244,MDB_HOSPITAL_FLOW_METHOD_1.0,18744
43020,43020,12,MDB_HOSPITAL_FLOW_METHOD_1.0,18751
43020,43020,39,MDB_HOSPITAL_FLOW_METHOD_1.0,18754
43020,43020,63,MDB_HOSPITAL_FLOW_METHOD_1.0,18756
43015,43015,24,MDB_HOSPITAL_FLOW_METHOD_1.0,18757
43015,43015,11,MDB_HOSPITAL_FLOW_METHOD_1.0,18758
43015,43015,19,MDB_HOSPITAL_FLOW_METHOD_1.0,18759
43015,43015,12,MDB_HOSPITAL_FLOW_METHOD_1.0,18761
43015,43017,7,MDB_HOSPITAL_FLOW_METHOD_1.0,18762
43015,43015,11,MDB_HOSPITAL_FLOW_METHOD_1.0,18763
43015,43015,34,MDB_HOSPITAL_FLOW_METHOD_1.0,18767
43015,43015,9,MDB_HOSPITAL_FLOW_METHOD_1.0,18769
43013,43015,13,MDB_HOSPITAL_FLOW_METHOD_1.0,18772
43027,43027,48,MDB_HOSPITAL_FLOW_METHOD_1.0,18778
43012,43012,6,MDB_HOSPITAL_FLOW_METHOD_1.0,18783
43009,43009,19,MDB_HOSPITAL_FLOW_METHOD_1.0,18790
43009,43010,6,MDB_HOSPITAL_FLOW_METHOD_1.0,18792
43009,43021,6,MDB_HOSPITAL_FLOW_METHOD_1.0,18794
43017,43023,17,MDB_HOSPITAL_FLOW_METHOD_1.0,18797
43017,43017,10,MDB_HOSPITAL_FLOW_METHOD_1.0,18803
43029,43029,15,MDB_HOSPITAL_FLOW_METHOD_1.0,18816
43017,43017,101,MDB_HOSPITAL_FLOW_METHOD_1.0,18820
43009,43009,9,MDB_HOSPITAL_FLOW_METHOD_1.0,18821
43009,43021,5,MDB_HOSPITAL_FLOW_METHOD_1.0,18824
43028,43028,23,MDB_HOSPITAL_FLOW_METHOD_1.0,18844
43027,43027,11,MDB_HOSPITAL_FLOW_METHOD_1.0,18846
43027,43027,16,MDB_HOSPITAL_FLOW_METHOD_1.0,18848
43027,43028,8,MDB_HOSPITAL_FLOW_METHOD_1.0,18849
43027,43010,5,MDB_HOSPITAL_FLOW_METHOD_1.0,18850
43027,43027,9,MDB_HOSPITAL_FLOW_METHOD_1.0,18853
43019,43017,11,MDB_HOSPITAL_FLOW_METHOD_1.0,18856
43019,43019,15,MDB_HOSPITAL_FLOW_METHOD_1.0,18859
43019,43017,82,MDB_HOSPITAL_FLOW_METHOD_1.0,18863
43019,43018,5,MDB_HOSPITAL_FLOW_METHOD_1.0,18865
43019,43017,8,MDB_HOSPITAL_FLOW_METHOD_1.0,18867
43019,43019,60,MDB_HOSPITAL_FLOW_METHOD_1.0,18868
43008,43008,8,MDB_HOSPITAL_FLOW_METHOD_1.0,18870
43018,43018,7,MDB_HOSPITAL_FLOW_METHOD_1.0,18873
43018,43018,7,MDB_HOSPITAL_FLOW_METHOD_1.0,18874
43018,43017,32,MDB_HOSPITAL_FLOW_METHOD_1.0,18875
43018,43018,13,MDB_HOSPITAL_FLOW_METHOD_1.0,18877
43018,43017,10,MDB_HOSPITAL_FLOW_METHOD_1.0,18878
43018,43018,43,MDB_HOSPITAL_FLOW_METHOD_1.0,18880
43019,43017,18,MDB_HOSPITAL_FLOW_METHOD_1.0,18883
43019,43014,5,MDB_HOSPITAL_FLOW_METHOD_1.0,18885
43019,43019,56,MDB_HOSPITAL_FLOW_METHOD_1.0,18889
43009,43009,34,MDB_HOSPITAL_FLOW_METHOD_1.0,18890
43009,43021,39,MDB_HOSPITAL_FLOW_METHOD_1.0,18895
43009,43010,25,MDB_HOSPITAL_FLOW_METHOD_1.0,18896
43009,43021,59,MDB_HOSPITAL_FLOW_METHOD_1.0,18897
43006,43006,44,MDB_HOSPITAL_FLOW_METHOD_1.0,18905
43006,43008,6,MDB_HOSPITAL_FLOW_METHOD_1.0,18908
43006,43006,9,MDB_HOSPITAL_FLOW_METHOD_1.0,18910
43006,43010,33,MDB_HOSPITAL_FLOW_METHOD_1.0,18913
43006,43006,18,MDB_HOSPITAL_FLOW_METHOD_1.0,18915
43006,43008,7,MDB_HOSPITAL_FLOW_METHOD_1.0,18917
43006,43007,6,MDB_HOSPITAL_FLOW_METHOD_1.0,18918
43006,43006,241,MDB_HOSPITAL_FLOW_METHOD_1.0,18920
43006,43006,32,MDB_HOSPITAL_FLOW_METHOD_1.0,18921
43030,43023,17,MDB_HOSPITAL_FLOW_METHOD_1.0,18925
43030,43029,18,MDB_HOSPITAL_FLOW_METHOD_1.0,18928
43030,43010,6,MDB_HOSPITAL_FLOW_METHOD_1.0,18930
43030,43030,288,MDB_HOSPITAL_FLOW_METHOD_1.0,18931
43015,43015,5,MDB_HOSPITAL_FLOW_METHOD_1.0,18935
43015,43015,6,MDB_HOSPITAL_FLOW_METHOD_1.0,18936
43005,43021,25,MDB_HOSPITAL_FLOW_METHOD_1.0,18945
43015,43015,8,MDB_HOSPITAL_FLOW_METHOD_1.0,18946
43015,43015,18,MDB_HOSPITAL_FLOW_METHOD_1.0,18948
43015,43015,9,MDB_HOSPITAL_FLOW_METHOD_1.0,18949
43015,43015,10,MDB_HOSPITAL_FLOW_METHOD_1.0,18952
43004,43005,15,MDB_HOSPITAL_FLOW_METHOD_1.0,18954
43004,43010,8,MDB_HOSPITAL_FLOW_METHOD_1.0,18955
43004,43005,23,MDB_HOSPITAL_FLOW_METHOD_1.0,18956
43030,43029,15,MDB_HOSPITAL_FLOW_METHOD_1.0,18960
43030,43023,29,MDB_HOSPITAL_FLOW_METHOD_1.0,18962
43030,43030,18,MDB_HOSPITAL_FLOW_METHOD_1.0,18964
43030,43029,13,MDB_HOSPITAL_FLOW_METHOD_1.0,18965
43030,43029,7,MDB_HOSPITAL_FLOW_METHOD_1.0,18969
43030,43030,191,MDB_HOSPITAL_FLOW_METHOD_1.0,18971
43019,43017,17,MDB_HOSPITAL_FLOW_METHOD_1.0,18972
43015,43015,8,MDB_HOSPITAL_FLOW_METHOD_1.0,18977
43015,43015,29,MDB_HOSPITAL_FLOW_METHOD_1.0,18981
43001,43001,6,MDB_HOSPITAL_FLOW_METHOD_1.0,18984
43001,43001,15,MDB_HOSPITAL_FLOW_METHOD_1.0,18987
43004,43023,24,MDB_HOSPITAL_FLOW_METHOD_1.0,18992
43004,43005,21,MDB_HOSPITAL_FLOW_METHOD_1.0,18997
43004,43010,15,MDB_HOSPITAL_FLOW_METHOD_1.0,18999
43004,43005,36,MDB_HOSPITAL_FLOW_METHOD_1.0,19000
43004,43006,13,MDB_HOSPITAL_FLOW_METHOD_1.0,19001
43004,43006,6,MDB_HOSPITAL_FLOW_METHOD_1.0,19002
43004,43004,296,MDB_HOSPITAL_FLOW_METHOD_1.0,19003
43005,43005,59,MDB_HOSPITAL_FLOW_METHOD_1.0,19013
43005,43010,46,MDB_HOSPITAL_FLOW_METHOD_1.0,19014
43005,43005,48,MDB_HOSPITAL_FLOW_METHOD_1.0,19015
43005,43006,5,MDB_HOSPITAL_FLOW_METHOD_1.0,19016
43005,43006,6,MDB_HOSPITAL_FLOW_METHOD_1.0,19018
43005,43004,14,MDB_HOSPITAL_FLOW_METHOD_1.0,19019
43029,43029,14,MDB_HOSPITAL_FLOW_METHOD_1.0,19024
43004,43005,8,MDB_HOSPITAL_FLOW_METHOD_1.0,19031
43004,43010,10,MDB_HOSPITAL_FLOW_METHOD_1.0,19032
43004,43005,8,MDB_HOSPITAL_FLOW_METHOD_1.0,19033
43004,43004,43,MDB_HOSPITAL_FLOW_METHOD_1.0,19035
43006,43023,5,MDB_HOSPITAL_FLOW_METHOD_1.0,19036
43006,43006,13,MDB_HOSPITAL_FLOW_METHOD_1.0,19039
43006,43006,251,MDB_HOSPITAL_FLOW_METHOD_1.0,19047
43014,43014,71,MDB_HOSPITAL_FLOW_METHOD_1.0,19048
43014,43014,14,MDB_HOSPITAL_FLOW_METHOD_1.0,19051
43014,43014,10,MDB_HOSPITAL_FLOW_METHOD_1.0,19054
43014,43014,32,MDB_HOSPITAL_FLOW_METHOD_1.0,19055
43014,43014,16,MDB_HOSPITAL_FLOW_METHOD_1.0,19056
43020,43020,29,MDB_HOSPITAL_FLOW_METHOD_1.0,19066
43020,43020,5,MDB_HOSPITAL_FLOW_METHOD_1.0,19067
43020,43020,10,MDB_HOSPITAL_FLOW_METHOD_1.0,19068
43015,43015,11,MDB_HOSPITAL_FLOW_METHOD_1.0,19069
43015,43013,9,MDB_HOSPITAL_FLOW_METHOD_1.0,19070
43015,43015,6,MDB_HOSPITAL_FLOW_METHOD_1.0,19071
43015,43015,15,MDB_HOSPITAL_FLOW_METHOD_1.0,19074
43015,43015,9,MDB_HOSPITAL_FLOW_METHOD_1.0,19075
43015,43017,11,MDB_HOSPITAL_FLOW_METHOD_1.0,19076
43015,43015,235,MDB_HOSPITAL_FLOW_METHOD_1.0,19079
43020,43020,7,MDB_HOSPITAL_FLOW_METHOD_1.0,19080
43020,43020,24,MDB_HOSPITAL_FLOW_METHOD_1.0,19084
43020,43020,14,MDB_HOSPITAL_FLOW_METHOD_1.0,19085
43020,43020,20,MDB_HOSPITAL_FLOW_METHOD_1.0,19086
43008,43008,81,MDB_HOSPITAL_FLOW_METHOD_1.0,19091
43008,43010,13,MDB_HOSPITAL_FLOW_METHOD_1.0,19093
43008,43008,10,MDB_HOSPITAL_FLOW_METHOD_1.0,19096
43008,43006,5,MDB_HOSPITAL_FLOW_METHOD_1.0,19097
43014,43014,38,MDB_HOSPITAL_FLOW_METHOD_1.0,19100
43014,43014,9,MDB_HOSPITAL_FLOW_METHOD_1.0,19104
43014,43014,22,MDB_HOSPITAL_FLOW_METHOD_1.0,19105
43019,43017,15,MDB_HOSPITAL_FLOW_METHOD_1.0,19109
43018,43018,5,MDB_HOSPITAL_FLOW_METHOD_1.0,19113
43001,43001,6,MDB_HOSPITAL_FLOW_METHOD_1.0,19122
43001,43002,7,MDB_HOSPITAL_FLOW_METHOD_1.0,19123
43001,43001,77,MDB_HOSPITAL_FLOW_METHOD_1.0,19126
43008,43008,16,MDB_HOSPITAL_FLOW_METHOD_1.0,19129
43008,43008,16,MDB_HOSPITAL_FLOW_METHOD_1.0,19131
43014,43014,5,MDB_HOSPITAL_FLOW_METHOD_1.0,19132
43014,43014,33,MDB_HOSPITAL_FLOW_METHOD_1.0,19133
43014,43014,14,MDB_HOSPITAL_FLOW_METHOD_1.0,19137
43014,43014,14,MDB_HOSPITAL_FLOW_METHOD_1.0,19138
43021,43021,7,MDB_HOSPITAL_FLOW_METHOD_1.0,19142
43021,43021,22,MDB_HOSPITAL_FLOW_METHOD_1.0,19144
43003,43003,8,MDB_HOSPITAL_FLOW_METHOD_1.0,19152
43003,43003,15,MDB_HOSPITAL_FLOW_METHOD_1.0,19153
43003,43021,34,MDB_HOSPITAL_FLOW_METHOD_1.0,19155
43003,43010,13,MDB_HOSPITAL_FLOW_METHOD_1.0,19156
43003,43011,10,MDB_HOSPITAL_FLOW_METHOD_1.0,19161
43003,43003,292,MDB_HOSPITAL_FLOW_METHOD_1.0,19164
43024,43023,214,MDB_HOSPITAL_FLOW_METHOD_1.0,19171
43024,43018,7,MDB_HOSPITAL_FLOW_METHOD_1.0,19174
43024,43010,5,MDB_HOSPITAL_FLOW_METHOD_1.0,19181
43028,43028,10,MDB_HOSPITAL_FLOW_METHOD_1.0,19189
43028,43028,39,MDB_HOSPITAL_FLOW_METHOD_1.0,19192
43026,43023,14,MDB_HOSPITAL_FLOW_METHOD_1.0,19194
43026,43026,14,MDB_HOSPITAL_FLOW_METHOD_1.0,19196
43028,43028,44,MDB_HOSPITAL_FLOW_METHOD_1.0,19206
43028,43023,11,MDB_HOSPITAL_FLOW_METHOD_1.0,19207
43028,43017,6,MDB_HOSPITAL_FLOW_METHOD_1.0,19212
43028,43010,5,MDB_HOSPITAL_FLOW_METHOD_1.0,19214
43028,43028,40,MDB_HOSPITAL_FLOW_METHOD_1.0,19215
43028,43028,374,MDB_HOSPITAL_FLOW_METHOD_1.0,19219
43028,33009,36,MDB_HOSPITAL_FLOW_METHOD_1.0,19220
43028,43027,5,MDB_HOSPITAL_FLOW_METHOD_1.0,19222
43028,43028,31,MDB_HOSPITAL_FLOW_METHOD_1.0,19224
43028,43021,11,MDB_HOSPITAL_FLOW_METHOD_1.0,19229
43028,43010,10,MDB_HOSPITAL_FLOW_METHOD_1.0,19230
43028,43028,34,MDB_HOSPITAL_FLOW_METHOD_1.0,19231
43028,43028,5,MDB_HOSPITAL_FLOW_METHOD_1.0,19234
43028,43028,23,MDB_HOSPITAL_FLOW_METHOD_1.0,19235
43025,43023,50,MDB_HOSPITAL_FLOW_METHOD_1.0,19237
43025,43025,80,MDB_HOSPITAL_FLOW_METHOD_1.0,19243
43029,43029,8,MDB_HOSPITAL_FLOW_METHOD_1.0,19245
43016,43016,8,MDB_HOSPITAL_FLOW_METHOD_1.0,19252
43010,43008,5,MDB_HOSPITAL_FLOW_METHOD_1.0,19257
43010,43023,8,MDB_HOSPITAL_FLOW_METHOD_1.0,19258
43010,43008,15,MDB_HOSPITAL_FLOW_METHOD_1.0,19261
43010,43010,153,MDB_HOSPITAL_FLOW_METHOD_1.0,19264
43010,43008,11,MDB_HOSPITAL_FLOW_METHOD_1.0,19268
43010,43008,9,MDB_HOSPITAL_FLOW_METHOD_1.0,19269
43010,43006,11,MDB_HOSPITAL_FLOW_METHOD_1.0,19270
43010,43010,782,MDB_HOSPITAL_FLOW_METHOD_1.0,19273
43015,43015,9,MDB_HOSPITAL_FLOW_METHOD_1.0,19275
43015,43015,6,MDB_HOSPITAL_FLOW_METHOD_1.0,19276
43015,43015,21,MDB_HOSPITAL_FLOW_METHOD_1.0,19277
43025,43025,9,MDB_HOSPITAL_FLOW_METHOD_1.0,19288
43017,43017,7,MDB_HOSPITAL_FLOW_METHOD_1.0,19293
43001,43001,8,MDB_HOSPITAL_FLOW_METHOD_1.0,19296
43015,43015,6,MDB_HOSPITAL_FLOW_METHOD_1.0,19301
43025,43025,11,MDB_HOSPITAL_FLOW_METHOD_1.0,19305
43011,43011,10,MDB_HOSPITAL_FLOW_METHOD_1.0,19308
43011,43011,5,MDB_HOSPITAL_FLOW_METHOD_1.0,19310
43030,43029,7,MDB_HOSPITAL_FLOW_METHOD_1.0,19311
43030,43030,14,MDB_HOSPITAL_FLOW_METHOD_1.0,19315
43004,43005,11,MDB_HOSPITAL_FLOW_METHOD_1.0,19317
43004,43010,10,MDB_HOSPITAL_FLOW_METHOD_1.0,19318
43004,43005,13,MDB_HOSPITAL_FLOW_METHOD_1.0,19319
50013,50014,15,MDB_HOSPITAL_FLOW_METHOD_1.0,19322
50015,50011,6,MDB_HOSPITAL_FLOW_METHOD_1.0,19324
50017,50017,14,MDB_HOSPITAL_FLOW_METHOD_1.0,19326
50017,50011,20,MDB_HOSPITAL_FLOW_METHOD_1.0,19327
50009,50009,51,MDB_HOSPITAL_FLOW_METHOD_1.0,19332
50009,50011,32,MDB_HOSPITAL_FLOW_METHOD_1.0,19333
50009,50014,7,MDB_HOSPITAL_FLOW_METHOD_1.0,19334
50016,50012,5,MDB_HOSPITAL_FLOW_METHOD_1.0,19338
50017,50011,5,MDB_HOSPITAL_FLOW_METHOD_1.0,19341
50017,50014,5,MDB_HOSPITAL_FLOW_METHOD_1.0,19342
50014,50014,21,MDB_HOSPITAL_FLOW_METHOD_1.0,19345
50014,50011,10,MDB_HOSPITAL_FLOW_METHOD_1.0,19346
50014,50014,16,MDB_HOSPITAL_FLOW_METHOD_1.0,19348
50009,50009,342,MDB_HOSPITAL_FLOW_METHOD_1.0,19349
50009,50011,30,MDB_HOSPITAL_FLOW_METHOD_1.0,19350
50009,50014,28,MDB_HOSPITAL_FLOW_METHOD_1.0,19351
50017,50011,21,MDB_HOSPITAL_FLOW_METHOD_1.0,19353
50011,50011,7,MDB_HOSPITAL_FLOW_METHOD_1.0,19356
50013,50011,7,MDB_HOSPITAL_FLOW_METHOD_1.0,19358
50013,50014,10,MDB_HOSPITAL_FLOW_METHOD_1.0,19360
50016,50011,8,MDB_HOSPITAL_FLOW_METHOD_1.0,19361
50016,50012,7,MDB_HOSPITAL_FLOW_METHOD_1.0,19362
50016,50016,13,MDB_HOSPITAL_FLOW_METHOD_1.0,19363
50009,50011,23,MDB_HOSPITAL_FLOW_METHOD_1.0,19365
50009,50014,8,MDB_HOSPITAL_FLOW_METHOD_1.0,19366
50009,50011,25,MDB_HOSPITAL_FLOW_METHOD_1.0,19368
50009,50014,9,MDB_HOSPITAL_FLOW_METHOD_1.0,19369
50009,50011,10,MDB_HOSPITAL_FLOW_METHOD_1.0,19370
50013,50011,27,MDB_HOSPITAL_FLOW_METHOD_1.0,19373
50013,50014,8,MDB_HOSPITAL_FLOW_METHOD_1.0,19374
50012,50011,5,MDB_HOSPITAL_FLOW_METHOD_1.0,19377
50012,50012,12,MDB_HOSPITAL_FLOW_METHOD_1.0,19378
50011,50011,8,MDB_HOSPITAL_FLOW_METHOD_1.0,19380
50011,50014,11,MDB_HOSPITAL_FLOW_METHOD_1.0,19381
50011,35101,24,MDB_HOSPITAL_FLOW_METHOD_1.0,19389
50011,50011,1688,MDB_HOSPITAL_FLOW_METHOD_1.0,19396
50011,50015,9,MDB_HOSPITAL_FLOW_METHOD_1.0,19401
50011,53001,20,MDB_HOSPITAL_FLOW_METHOD_1.0,19407
50014,50011,17,MDB_HOSPITAL_FLOW_METHOD_1.0,19411
50014,50014,35,MDB_HOSPITAL_FLOW_METHOD_1.0,19413
50014,50011,20,MDB_HOSPITAL_FLOW_METHOD_1.0,19415
50014,50014,63,MDB_HOSPITAL_FLOW_METHOD_1.0,19416
50014,50014,10,MDB_HOSPITAL_FLOW_METHOD_1.0,19418
50011,50011,13,MDB_HOSPITAL_FLOW_METHOD_1.0,19419
50011,50014,5,MDB_HOSPITAL_FLOW_METHOD_1.0,19420
50010,50011,14,MDB_HOSPITAL_FLOW_METHOD_1.0,19423
50010,50010,82,MDB_HOSPITAL_FLOW_METHOD_1.0,19424
50010,50014,5,MDB_HOSPITAL_FLOW_METHOD_1.0,19425
50014,50011,10,MDB_HOSPITAL_FLOW_METHOD_1.0,19426
50014,50014,311,MDB_HOSPITAL_FLOW_METHOD_1.0,19427
50014,50014,9,MDB_HOSPITAL_FLOW_METHOD_1.0,19429
50015,50011,62,MDB_HOSPITAL_FLOW_METHOD_1.0,19430
50015,50015,153,MDB_HOSPITAL_FLOW_METHOD_1.0,19431
50015,50014,6,MDB_HOSPITAL_FLOW_METHOD_1.0,19432
50012,50012,5,MDB_HOSPITAL_FLOW_METHOD_1.0,19436
50009,50011,11,MDB_HOSPITAL_FLOW_METHOD_1.0,19438
50012,50012,9,MDB_HOSPITAL_FLOW_METHOD_1.0,19440
50012,35016,8,MDB_HOSPITAL_FLOW_METHOD_1.0,19445
50012,50011,12,MDB_HOSPITAL_FLOW_METHOD_1.0,19446
50012,50012,348,MDB_HOSPITAL_FLOW_METHOD_1.0,19447
50012,50014,11,MDB_HOSPITAL_FLOW_METHOD_1.0,19448
50017,50012,7,MDB_HOSPITAL_FLOW_METHOD_1.0,19450
50012,50012,38,MDB_HOSPITAL_FLOW_METHOD_1.0,19453
50012,50014,6,MDB_HOSPITAL_FLOW_METHOD_1.0,19454
50015,50011,18,MDB_HOSPITAL_FLOW_METHOD_1.0,19455
50015,50014,5,MDB_HOSPITAL_FLOW_METHOD_1.0,19457
50012,50012,6,MDB_HOSPITAL_FLOW_METHOD_1.0,19459
50009,50011,11,MDB_HOSPITAL_FLOW_METHOD_1.0,19460
50017,50012,8,MDB_HOSPITAL_FLOW_METHOD_1.0,19462
50012,50012,16,MDB_HOSPITAL_FLOW_METHOD_1.0,19466
50016,50012,19,MDB_HOSPITAL_FLOW_METHOD_1.0,19471
50016,50016,69,MDB_HOSPITAL_FLOW_METHOD_1.0,19472
50016,50014,24,MDB_HOSPITAL_FLOW_METHOD_1.0,19473
50011,50011,14,MDB_HOSPITAL_FLOW_METHOD_1.0,19476
50009,50011,27,MDB_HOSPITAL_FLOW_METHOD_1.0,19480
50017,50017,9,MDB_HOSPITAL_FLOW_METHOD_1.0,19487
50010,50010,11,MDB_HOSPITAL_FLOW_METHOD_1.0,19489
50009,50011,20,MDB_HOSPITAL_FLOW_METHOD_1.0,19491
50009,50009,13,MDB_HOSPITAL_FLOW_METHOD_1.0,19492
50010,50009,6,MDB_HOSPITAL_FLOW_METHOD_1.0,19495
50010,50011,6,MDB_HOSPITAL_FLOW_METHOD_1.0,19496
50017,50012,10,MDB_HOSPITAL_FLOW_METHOD_1.0,19499
50017,50014,11,MDB_HOSPITAL_FLOW_METHOD_1.0,19501
50017,50011,15,MDB_HOSPITAL_FLOW_METHOD_1.0,19503
50017,50012,20,MDB_HOSPITAL_FLOW_METHOD_1.0,19504
50017,50017,18,MDB_HOSPITAL_FLOW_METHOD_1.0,19505
50017,50014,19,MDB_HOSPITAL_FLOW_METHOD_1.0,19506
50009,50011,5,MDB_HOSPITAL_FLOW_METHOD_1.0,19508
50012,50011,9,MDB_HOSPITAL_FLOW_METHOD_1.0,19510
50016,50012,22,MDB_HOSPITAL_FLOW_METHOD_1.0,19513
50016,50016,98,MDB_HOSPITAL_FLOW_METHOD_1.0,19514
50016,50014,8,MDB_HOSPITAL_FLOW_METHOD_1.0,19515
50016,50014,5,MDB_HOSPITAL_FLOW_METHOD_1.0,19518
50014,50014,6,MDB_HOSPITAL_FLOW_METHOD_1.0,19519
50014,50011,5,MDB_HOSPITAL_FLOW_METHOD_1.0,19520
50014,50014,470,MDB_HOSPITAL_FLOW_METHOD_1.0,19521
50017,50011,8,MDB_HOSPITAL_FLOW_METHOD_1.0,19522
50015,50011,19,MDB_HOSPITAL_FLOW_METHOD_1.0,19525
50017,50011,26,MDB_HOSPITAL_FLOW_METHOD_1.0,19529
50017,50014,11,MDB_HOSPITAL_FLOW_METHOD_1.0,19531
50017,50017,180,MDB_HOSPITAL_FLOW_METHOD_1.0,19532
50009,50011,11,MDB_HOSPITAL_FLOW_METHOD_1.0,19533
50009,50014,6,MDB_HOSPITAL_FLOW_METHOD_1.0,19534
50011,50011,18,MDB_HOSPITAL_FLOW_METHOD_1.0,19535
50011,50014,11,MDB_HOSPITAL_FLOW_METHOD_1.0,19536
50012,50011,8,MDB_HOSPITAL_FLOW_METHOD_1.0,19538
50012,50012,10,MDB_HOSPITAL_FLOW_METHOD_1.0,19539
50012,50012,103,MDB_HOSPITAL_FLOW_METHOD_1.0,19541
50015,50011,12,MDB_HOSPITAL_FLOW_METHOD_1.0,19542
50015,50011,15,MDB_HOSPITAL_FLOW_METHOD_1.0,19546
50015,50014,5,MDB_HOSPITAL_FLOW_METHOD_1.0,19548
50015,50015,24,MDB_HOSPITAL_FLOW_METHOD_1.0,19549
50011,50011,11,MDB_HOSPITAL_FLOW_METHOD_1.0,19551
50013,50011,7,MDB_HOSPITAL_FLOW_METHOD_1.0,19553
50015,50011,9,MDB_HOSPITAL_FLOW_METHOD_1.0,19557
50015,50015,553,MDB_HOSPITAL_FLOW_METHOD_1.0,19559
50013,50011,7,MDB_HOSPITAL_FLOW_METHOD_1.0,19564
50013,50014,15,MDB_HOSPITAL_FLOW_METHOD_1.0,19565
50011,50011,29,MDB_HOSPITAL_FLOW_METHOD_1.0,19567
50011,50011,94,MDB_HOSPITAL_FLOW_METHOD_1.0,19570
50015,50011,10,MDB_HOSPITAL_FLOW_METHOD_1.0,19571
50015,50015,26,MDB_HOSPITAL_FLOW_METHOD_1.0,19574
50017,50011,8,MDB_HOSPITAL_FLOW_METHOD_1.0,19575
50017,50014,6,MDB_HOSPITAL_FLOW_METHOD_1.0,19577
50011,50011,14,MDB_HOSPITAL_FLOW_METHOD_1.0,19579
50013,50011,98,MDB_HOSPITAL_FLOW_METHOD_1.0,19585
50013,50014,32,MDB_HOSPITAL_FLOW_METHOD_1.0,19586
50013,50013,31,MDB_HOSPITAL_FLOW_METHOD_1.0,19587
50012,50012,9,MDB_HOSPITAL_FLOW_METHOD_1.0,19589
51006,51013,37,MDB_HOSPITAL_FLOW_METHOD_1.0,19594
51001,51001,153,MDB_HOSPITAL_FLOW_METHOD_1.0,19597
51001,51002,92,MDB_HOSPITAL_FLOW_METHOD_1.0,19598
51013,51002,7,MDB_HOSPITAL_FLOW_METHOD_1.0,19601
51013,51013,63,MDB_HOSPITAL_FLOW_METHOD_1.0,19602
51013,51013,49,MDB_HOSPITAL_FLOW_METHOD_1.0,19609
51004,51013,28,MDB_HOSPITAL_FLOW_METHOD_1.0,19611
51013,51013,34,MDB_HOSPITAL_FLOW_METHOD_1.0,19613
51001,51002,15,MDB_HOSPITAL_FLOW_METHOD_1.0,19615
51011,51002,41,MDB_HOSPITAL_FLOW_METHOD_1.0,19618
51007,51002,11,MDB_HOSPITAL_FLOW_METHOD_1.0,19620
51007,51013,31,MDB_HOSPITAL_FLOW_METHOD_1.0,19621
51008,51002,22,MDB_HOSPITAL_FLOW_METHOD_1.0,19623
51002,51002,10,MDB_HOSPITAL_FLOW_METHOD_1.0,19626
51007,51002,14,MDB_HOSPITAL_FLOW_METHOD_1.0,19627
51005,51005,19,MDB_HOSPITAL_FLOW_METHOD_1.0,19630
51005,51002,30,MDB_HOSPITAL_FLOW_METHOD_1.0,19631
51008,51008,9,MDB_HOSPITAL_FLOW_METHOD_1.0,19635
51008,51002,12,MDB_HOSPITAL_FLOW_METHOD_1.0,19636
51011,51002,51,MDB_HOSPITAL_FLOW_METHOD_1.0,19639
51005,51002,18,MDB_HOSPITAL_FLOW_METHOD_1.0,19642
51007,51007,40,MDB_HOSPITAL_FLOW_METHOD_1.0,19645
51007,51013,33,MDB_HOSPITAL_FLOW_METHOD_1.0,19647
51013,51013,22,MDB_HOSPITAL_FLOW_METHOD_1.0,19651
51013,51013,79,MDB_HOSPITAL_FLOW_METHOD_1.0,19653
51006,51002,9,MDB_HOSPITAL_FLOW_METHOD_1.0,19657
51006,51013,12,MDB_HOSPITAL_FLOW_METHOD_1.0,19659
51001,51001,6,MDB_HOSPITAL_FLOW_METHOD_1.0,19660
51001,51002,11,MDB_HOSPITAL_FLOW_METHOD_1.0,19661
51008,51002,6,MDB_HOSPITAL_FLOW_METHOD_1.0,19662
51002,51002,17,MDB_HOSPITAL_FLOW_METHOD_1.0,19663
51014,51014,18,MDB_HOSPITAL_FLOW_METHOD_1.0,19664
51014,51002,12,MDB_HOSPITAL_FLOW_METHOD_1.0,19665
51006,51006,14,MDB_HOSPITAL_FLOW_METHOD_1.0,19667
51010,51010,5,MDB_HOSPITAL_FLOW_METHOD_1.0,19668
51010,51002,25,MDB_HOSPITAL_FLOW_METHOD_1.0,19669
51008,11004,6,MDB_HOSPITAL_FLOW_METHOD_1.0,19670
51008,51002,18,MDB_HOSPITAL_FLOW_METHOD_1.0,19672
51012,51002,36,MDB_HOSPITAL_FLOW_METHOD_1.0,19675
51003,51003,45,MDB_HOSPITAL_FLOW_METHOD_1.0,19676
51003,51002,13,MDB_HOSPITAL_FLOW_METHOD_1.0,19677
51002,51002,1187,MDB_HOSPITAL_FLOW_METHOD_1.0,19685
51002,51013,8,MDB_HOSPITAL_FLOW_METHOD_1.0,19687
51011,51002,20,MDB_HOSPITAL_FLOW_METHOD_1.0,19689
51007,51013,22,MDB_HOSPITAL_FLOW_METHOD_1.0,19690
51004,51002,7,MDB_HOSPITAL_FLOW_METHOD_1.0,19691
51004,51013,34,MDB_HOSPITAL_FLOW_METHOD_1.0,19692
51013,51013,60,MDB_HOSPITAL_FLOW_METHOD_1.0,19693
51014,51002,8,MDB_HOSPITAL_FLOW_METHOD_1.0,19694
51006,51002,12,MDB_HOSPITAL_FLOW_METHOD_1.0,19696
51015,51015,15,MDB_HOSPITAL_FLOW_METHOD_1.0,19702
51013,51013,120,MDB_HOSPITAL_FLOW_METHOD_1.0,19707
51010,51002,9,MDB_HOSPITAL_FLOW_METHOD_1.0,19711
51013,51013,7,MDB_HOSPITAL_FLOW_METHOD_1.0,19713
51013,51013,42,MDB_HOSPITAL_FLOW_METHOD_1.0,19714
51013,51013,44,MDB_HOSPITAL_FLOW_METHOD_1.0,19716
51013,51013,114,MDB_HOSPITAL_FLOW_METHOD_1.0,19717
51002,51002,6,MDB_HOSPITAL_FLOW_METHOD_1.0,19718
51016,51002,41,MDB_HOSPITAL_FLOW_METHOD_1.0,19720
51016,51016,82,MDB_HOSPITAL_FLOW_METHOD_1.0,19721
51008,51002,7,MDB_HOSPITAL_FLOW_METHOD_1.0,19722
51008,51008,74,MDB_HOSPITAL_FLOW_METHOD_1.0,19723
51008,51002,13,MDB_HOSPITAL_FLOW_METHOD_1.0,19724
51008,51008,8,MDB_HOSPITAL_FLOW_METHOD_1.0,19725
51013,51013,24,MDB_HOSPITAL_FLOW_METHOD_1.0,19726
51013,51013,67,MDB_HOSPITAL_FLOW_METHOD_1.0,19727
51011,51002,17,MDB_HOSPITAL_FLOW_METHOD_1.0,19728
51014,51002,74,MDB_HOSPITAL_FLOW_METHOD_1.0,19730
51014,51014,216,MDB_HOSPITAL_FLOW_METHOD_1.0,19732
51015,51015,29,MDB_HOSPITAL_FLOW_METHOD_1.0,19738
51011,51002,7,MDB_HOSPITAL_FLOW_METHOD_1.0,19740
51011,51011,5,MDB_HOSPITAL_FLOW_METHOD_1.0,19741
51011,51013,52,MDB_HOSPITAL_FLOW_METHOD_1.0,19742
51004,51013,33,MDB_HOSPITAL_FLOW_METHOD_1.0,19745
51004,51013,29,MDB_HOSPITAL_FLOW_METHOD_1.0,19746
51001,51001,5,MDB_HOSPITAL_FLOW_METHOD_1.0,19749
51012,51002,8,MDB_HOSPITAL_FLOW_METHOD_1.0,19752
51010,51002,6,MDB_HOSPITAL_FLOW_METHOD_1.0,19753
51014,51002,27,MDB_HOSPITAL_FLOW_METHOD_1.0,19760
51014,51014,55,MDB_HOSPITAL_FLOW_METHOD_1.0,19761
51007,51013,69,MDB_HOSPITAL_FLOW_METHOD_1.0,19764
51014,51013,6,MDB_HOSPITAL_FLOW_METHOD_1.0,19766
51005,51005,33,MDB_HOSPITAL_FLOW_METHOD_1.0,19769
51005,51013,11,MDB_HOSPITAL_FLOW_METHOD_1.0,19770
51016,51002,32,MDB_HOSPITAL_FLOW_METHOD_1.0,19771
51016,51016,6,MDB_HOSPITAL_FLOW_METHOD_1.0,19773
51001,51001,5,MDB_HOSPITAL_FLOW_METHOD_1.0,19776
51001,51002,6,MDB_HOSPITAL_FLOW_METHOD_1.0,19777
51001,51001,23,MDB_HOSPITAL_FLOW_METHOD_1.0,19778
51013,51002,14,MDB_HOSPITAL_FLOW_METHOD_1.0,19779
51013,51013,14,MDB_HOSPITAL_FLOW_METHOD_1.0,19780
51013,51013,74,MDB_HOSPITAL_FLOW_METHOD_1.0,19782
51013,51013,9,MDB_HOSPITAL_FLOW_METHOD_1.0,19784
51013,51013,146,MDB_HOSPITAL_FLOW_METHOD_1.0,19785
51015,51002,15,MDB_HOSPITAL_FLOW_METHOD_1.0,19786
51015,51015,16,MDB_HOSPITAL_FLOW_METHOD_1.0,19790
51002,51002,10,MDB_HOSPITAL_FLOW_METHOD_1.0,19792
51012,51002,47,MDB_HOSPITAL_FLOW_METHOD_1.0,19798
51012,51012,5,MDB_HOSPITAL_FLOW_METHOD_1.0,19800
51016,51016,8,MDB_HOSPITAL_FLOW_METHOD_1.0,19805
51013,51013,110,MDB_HOSPITAL_FLOW_METHOD_1.0,19808
51013,51013,136,MDB_HOSPITAL_FLOW_METHOD_1.0,19809
51013,51013,289,MDB_HOSPITAL_FLOW_METHOD_1.0,19815
51006,51002,8,MDB_HOSPITAL_FLOW_METHOD_1.0,19816
51006,51013,8,MDB_HOSPITAL_FLOW_METHOD_1.0,19819
51011,51013,64,MDB_HOSPITAL_FLOW_METHOD_1.0,19823
51006,51002,9,MDB_HOSPITAL_FLOW_METHOD_1.0,19825
51005,51013,11,MDB_HOSPITAL_FLOW_METHOD_1.0,19827
51011,51002,16,MDB_HOSPITAL_FLOW_METHOD_1.0,19828
51011,51013,10,MDB_HOSPITAL_FLOW_METHOD_1.0,19829
51014,51013,9,MDB_HOSPITAL_FLOW_METHOD_1.0,19830
51007,51002,8,MDB_HOSPITAL_FLOW_METHOD_1.0,19832
51013,51013,45,MDB_HOSPITAL_FLOW_METHOD_1.0,19835
51004,51002,15,MDB_HOSPITAL_FLOW_METHOD_1.0,19836
51004,51004,11,MDB_HOSPITAL_FLOW_METHOD_1.0,19837
51003,51002,12,MDB_HOSPITAL_FLOW_METHOD_1.0,19838
51013,51013,39,MDB_HOSPITAL_FLOW_METHOD_1.0,19840
51013,51002,14,MDB_HOSPITAL_FLOW_METHOD_1.0,19844
51013,51013,2039,MDB_HOSPITAL_FLOW_METHOD_1.0,19847
51011,51002,10,MDB_HOSPITAL_FLOW_METHOD_1.0,19855
51003,51002,23,MDB_HOSPITAL_FLOW_METHOD_1.0,19857
51002,51002,9,MDB_HOSPITAL_FLOW_METHOD_1.0,19861
51007,51002,12,MDB_HOSPITAL_FLOW_METHOD_1.0,19865
51007,51013,5,MDB_HOSPITAL_FLOW_METHOD_1.0,19867
51007,51007,7,MDB_HOSPITAL_FLOW_METHOD_1.0,19868
51014,51002,37,MDB_HOSPITAL_FLOW_METHOD_1.0,19875
51014,51002,85,MDB_HOSPITAL_FLOW_METHOD_1.0,19882
51014,51013,108,MDB_HOSPITAL_FLOW_METHOD_1.0,19885
51014,51014,17,MDB_HOSPITAL_FLOW_METHOD_1.0,19886
51007,51002,51,MDB_HOSPITAL_FLOW_METHOD_1.0,19892
51007,51007,112,MDB_HOSPITAL_FLOW_METHOD_1.0,19895
51014,51002,7,MDB_HOSPITAL_FLOW_METHOD_1.0,19897
51014,51014,10,MDB_HOSPITAL_FLOW_METHOD_1.0,19899
51013,51013,9,MDB_HOSPITAL_FLOW_METHOD_1.0,19904
51002,51002,299,MDB_HOSPITAL_FLOW_METHOD_1.0,19913
51002,51002,25,MDB_HOSPITAL_FLOW_METHOD_1.0,19916
51002,52011,12,MDB_HOSPITAL_FLOW_METHOD_1.0,19917
51014,51002,37,MDB_HOSPITAL_FLOW_METHOD_1.0,19918
51003,51003,40,MDB_HOSPITAL_FLOW_METHOD_1.0,19925
51010,51002,7,MDB_HOSPITAL_FLOW_METHOD_1.0,19926
51007,51013,5,MDB_HOSPITAL_FLOW_METHOD_1.0,19928
51001,51013,7,MDB_HOSPITAL_FLOW_METHOD_1.0,19931
52001,52002,28,MDB_HOSPITAL_FLOW_METHOD_1.0,19935
52001,52001,66,MDB_HOSPITAL_FLOW_METHOD_1.0,19936
52001,53001,6,MDB_HOSPITAL_FLOW_METHOD_1.0,19937
52011,52011,72,MDB_HOSPITAL_FLOW_METHOD_1.0,19938
52015,52001,6,MDB_HOSPITAL_FLOW_METHOD_1.0,19945
52010,52002,6,MDB_HOSPITAL_FLOW_METHOD_1.0,19948
52004,52004,44,MDB_HOSPITAL_FLOW_METHOD_1.0,19952
52004,52011,11,MDB_HOSPITAL_FLOW_METHOD_1.0,19953
52004,52002,18,MDB_HOSPITAL_FLOW_METHOD_1.0,19954
52004,52001,8,MDB_HOSPITAL_FLOW_METHOD_1.0,19956
52004,52014,9,MDB_HOSPITAL_FLOW_METHOD_1.0,19957
52004,53001,269,MDB_HOSPITAL_FLOW_METHOD_1.0,19958
52011,52011,101,MDB_HOSPITAL_FLOW_METHOD_1.0,19959
52011,52002,6,MDB_HOSPITAL_FLOW_METHOD_1.0,19960
52011,52001,12,MDB_HOSPITAL_FLOW_METHOD_1.0,19961
52014,52002,5,MDB_HOSPITAL_FLOW_METHOD_1.0,19965
52014,52014,6,MDB_HOSPITAL_FLOW_METHOD_1.0,19967
52007,52007,40,MDB_HOSPITAL_FLOW_METHOD_1.0,19970
52007,52002,12,MDB_HOSPITAL_FLOW_METHOD_1.0,19971
52007,52001,21,MDB_HOSPITAL_FLOW_METHOD_1.0,19972
52012,52001,15,MDB_HOSPITAL_FLOW_METHOD_1.0,19977
52009,52002,9,MDB_HOSPITAL_FLOW_METHOD_1.0,19979
52011,52011,4077,MDB_HOSPITAL_FLOW_METHOD_1.0,19988
52011,52002,24,MDB_HOSPITAL_FLOW_METHOD_1.0,19989
52011,52001,57,MDB_HOSPITAL_FLOW_METHOD_1.0,19991
52001,52011,5,MDB_HOSPITAL_FLOW_METHOD_1.0,19996
52001,52002,9,MDB_HOSPITAL_FLOW_METHOD_1.0,19998
52001,52001,40,MDB_HOSPITAL_FLOW_METHOD_1.0,20000
52002,52002,4040,MDB_HOSPITAL_FLOW_METHOD_1.0,20009
52002,52001,853,MDB_HOSPITAL_FLOW_METHOD_1.0,20010
52002,52002,5,MDB_HOSPITAL_FLOW_METHOD_1.0,20011
52016,52002,11,MDB_HOSPITAL_FLOW_METHOD_1.0,20017
52016,52001,5,MDB_HOSPITAL_FLOW_METHOD_1.0,20018
52001,52002,6,MDB_HOSPITAL_FLOW_METHOD_1.0,20020
52001,52001,12,MDB_HOSPITAL_FLOW_METHOD_1.0,20021
52001,52001,7,MDB_HOSPITAL_FLOW_METHOD_1.0,20022
52009,52002,7,MDB_HOSPITAL_FLOW_METHOD_1.0,20025
52002,52002,24,MDB_HOSPITAL_FLOW_METHOD_1.0,20028
52002,52001,42,MDB_HOSPITAL_FLOW_METHOD_1.0,20029
52012,52001,11,MDB_HOSPITAL_FLOW_METHOD_1.0,20030
52012,52002,8,MDB_HOSPITAL_FLOW_METHOD_1.0,20033
52012,52001,11,MDB_HOSPITAL_FLOW_METHOD_1.0,20035
52010,52001,15,MDB_HOSPITAL_FLOW_METHOD_1.0,20037
52001,52001,13,MDB_HOSPITAL_FLOW_METHOD_1.0,20040
52018,52002,8,MDB_HOSPITAL_FLOW_METHOD_1.0,20043
52002,52002,20,MDB_HOSPITAL_FLOW_METHOD_1.0,20047
52002,52002,40,MDB_HOSPITAL_FLOW_METHOD_1.0,20048
52002,52001,23,MDB_HOSPITAL_FLOW_METHOD_1.0,20049
52009,52011,5,MDB_HOSPITAL_FLOW_METHOD_1.0,20052
52009,52001,12,MDB_HOSPITAL_FLOW_METHOD_1.0,20054
52017,52002,12,MDB_HOSPITAL_FLOW_METHOD_1.0,20058
52017,52017,33,MDB_HOSPITAL_FLOW_METHOD_1.0,20059
52017,52001,12,MDB_HOSPITAL_FLOW_METHOD_1.0,20060
52002,52002,13,MDB_HOSPITAL_FLOW_METHOD_1.0,20063
52002,52001,16,MDB_HOSPITAL_FLOW_METHOD_1.0,20064
52008,52002,7,MDB_HOSPITAL_FLOW_METHOD_1.0,20066
52001,52001,10,MDB_HOSPITAL_FLOW_METHOD_1.0,20070
52012,52002,12,MDB_HOSPITAL_FLOW_METHOD_1.0,20072
52017,52001,10,MDB_HOSPITAL_FLOW_METHOD_1.0,20079
52007,52002,12,MDB_HOSPITAL_FLOW_METHOD_1.0,20082
52017,52001,5,MDB_HOSPITAL_FLOW_METHOD_1.0,20090
52017,52017,20,MDB_HOSPITAL_FLOW_METHOD_1.0,20091
52015,52002,5,MDB_HOSPITAL_FLOW_METHOD_1.0,20093
52015,52015,17,MDB_HOSPITAL_FLOW_METHOD_1.0,20094
52016,52016,30,MDB_HOSPITAL_FLOW_METHOD_1.0,20097
52016,52001,7,MDB_HOSPITAL_FLOW_METHOD_1.0,20098
52016,52014,8,MDB_HOSPITAL_FLOW_METHOD_1.0,20099
52005,52002,13,MDB_HOSPITAL_FLOW_METHOD_1.0,20102
52005,52001,25,MDB_HOSPITAL_FLOW_METHOD_1.0,20103
52002,52002,8,MDB_HOSPITAL_FLOW_METHOD_1.0,20107
52002,52001,5,MDB_HOSPITAL_FLOW_METHOD_1.0,20108
52001,52002,6,MDB_HOSPITAL_FLOW_METHOD_1.0,20110
52001,52001,11,MDB_HOSPITAL_FLOW_METHOD_1.0,20111
52008,52008,9,MDB_HOSPITAL_FLOW_METHOD_1.0,20113
52008,52014,5,MDB_HOSPITAL_FLOW_METHOD_1.0,20115
52014,52011,5,MDB_HOSPITAL_FLOW_METHOD_1.0,20116
52014,52002,5,MDB_HOSPITAL_FLOW_METHOD_1.0,20117
52014,52014,13,MDB_HOSPITAL_FLOW_METHOD_1.0,20120
52005,52001,5,MDB_HOSPITAL_FLOW_METHOD_1.0,20123
52011,52011,33,MDB_HOSPITAL_FLOW_METHOD_1.0,20124
52006,52011,14,MDB_HOSPITAL_FLOW_METHOD_1.0,20128
52006,52002,7,MDB_HOSPITAL_FLOW_METHOD_1.0,20129
52006,52001,33,MDB_HOSPITAL_FLOW_METHOD_1.0,20132
52006,52014,5,MDB_HOSPITAL_FLOW_METHOD_1.0,20133
52013,52001,10,MDB_HOSPITAL_FLOW_METHOD_1.0,20138
52013,52014,5,MDB_HOSPITAL_FLOW_METHOD_1.0,20139
52013,52011,5,MDB_HOSPITAL_FLOW_METHOD_1.0,20140
52013,52013,7,MDB_HOSPITAL_FLOW_METHOD_1.0,20142
52013,52001,11,MDB_HOSPITAL_FLOW_METHOD_1.0,20143
52005,52011,10,MDB_HOSPITAL_FLOW_METHOD_1.0,20150
52005,52002,21,MDB_HOSPITAL_FLOW_METHOD_1.0,20151
52005,52005,18,MDB_HOSPITAL_FLOW_METHOD_1.0,20152
52005,52001,31,MDB_HOSPITAL_FLOW_METHOD_1.0,20153
52001,52011,5,MDB_HOSPITAL_FLOW_METHOD_1.0,20159
52001,52001,17,MDB_HOSPITAL_FLOW_METHOD_1.0,20162
52006,52002,6,MDB_HOSPITAL_FLOW_METHOD_1.0,20163
52006,52006,8,MDB_HOSPITAL_FLOW_METHOD_1.0,20164
52006,52001,8,MDB_HOSPITAL_FLOW_METHOD_1.0,20165
52013,52011,23,MDB_HOSPITAL_FLOW_METHOD_1.0,20167
52013,52013,118,MDB_HOSPITAL_FLOW_METHOD_1.0,20169
52013,52001,20,MDB_HOSPITAL_FLOW_METHOD_1.0,20171
52013,52014,5,MDB_HOSPITAL_FLOW_METHOD_1.0,20172
52002,52002,15,MDB_HOSPITAL_FLOW_METHOD_1.0,20174
52002,52001,10,MDB_HOSPITAL_FLOW_METHOD_1.0,20175
52016,52002,12,MDB_HOSPITAL_FLOW_METHOD_1.0,20176
52004,52011,8,MDB_HOSPITAL_FLOW_METHOD_1.0,20180
52004,52002,6,MDB_HOSPITAL_FLOW_METHOD_1.0,20181
52004,52001,12,MDB_HOSPITAL_FLOW_METHOD_1.0,20182
52004,53001,94,MDB_HOSPITAL_FLOW_METHOD_1.0,20183
52011,52011,35,MDB_HOSPITAL_FLOW_METHOD_1.0,20184
52011,52011,41,MDB_HOSPITAL_FLOW_METHOD_1.0,20186
52011,52001,5,MDB_HOSPITAL_FLOW_METHOD_1.0,20187
52011,53001,5,MDB_HOSPITAL_FLOW_METHOD_1.0,20190
52014,52001,5,MDB_HOSPITAL_FLOW_METHOD_1.0,20192
52010,52001,12,MDB_HOSPITAL_FLOW_METHOD_1.0,20194
52011,52011,27,MDB_HOSPITAL_FLOW_METHOD_1.0,20196
52011,52011,9,MDB_HOSPITAL_FLOW_METHOD_1.0,20197
52011,52001,33,MDB_HOSPITAL_FLOW_METHOD_1.0,20198
52005,52002,6,MDB_HOSPITAL_FLOW_METHOD_1.0,20201
52004,52004,5,MDB_HOSPITAL_FLOW_METHOD_1.0,20204
52004,52001,8,MDB_HOSPITAL_FLOW_METHOD_1.0,20206
52004,53001,17,MDB_HOSPITAL_FLOW_METHOD_1.0,20208
52002,52014,8,MDB_HOSPITAL_FLOW_METHOD_1.0,20214
52013,52011,10,MDB_HOSPITAL_FLOW_METHOD_1.0,20216
52013,52002,8,MDB_HOSPITAL_FLOW_METHOD_1.0,20217
52013,52013,29,MDB_HOSPITAL_FLOW_METHOD_1.0,20219
52013,52001,9,MDB_HOSPITAL_FLOW_METHOD_1.0,20220
52013,52014,11,MDB_HOSPITAL_FLOW_METHOD_1.0,20221
52002,52002,10,MDB_HOSPITAL_FLOW_METHOD_1.0,20222
52002,52001,5,MDB_HOSPITAL_FLOW_METHOD_1.0,20224
52007,52001,5,MDB_HOSPITAL_FLOW_METHOD_1.0,20225
52001,52001,10,MDB_HOSPITAL_FLOW_METHOD_1.0,20228
52002,52002,18,MDB_HOSPITAL_FLOW_METHOD_1.0,20236
52002,52002,8,MDB_HOSPITAL_FLOW_METHOD_1.0,20237
52002,52001,10,MDB_HOSPITAL_FLOW_METHOD_1.0,20238
52012,52002,11,MDB_HOSPITAL_FLOW_METHOD_1.0,20241
52012,52001,10,MDB_HOSPITAL_FLOW_METHOD_1.0,20242
52012,52014,7,MDB_HOSPITAL_FLOW_METHOD_1.0,20243
52010,52002,9,MDB_HOSPITAL_FLOW_METHOD_1.0,20248
52010,52010,6,MDB_HOSPITAL_FLOW_METHOD_1.0,20249
52010,52001,20,MDB_HOSPITAL_FLOW_METHOD_1.0,20250
52003,52001,11,MDB_HOSPITAL_FLOW_METHOD_1.0,20257
52003,52011,23,MDB_HOSPITAL_FLOW_METHOD_1.0,20261
52003,52002,38,MDB_HOSPITAL_FLOW_METHOD_1.0,20262
52003,52003,313,MDB_HOSPITAL_FLOW_METHOD_1.0,20263
52003,52001,23,MDB_HOSPITAL_FLOW_METHOD_1.0,20264
52003,52016,7,MDB_HOSPITAL_FLOW_METHOD_1.0,20265
52003,52014,62,MDB_HOSPITAL_FLOW_METHOD_1.0,20266
52003,53001,30,MDB_HOSPITAL_FLOW_METHOD_1.0,20267
52011,52011,16,MDB_HOSPITAL_FLOW_METHOD_1.0,20271
52011,52011,56,MDB_HOSPITAL_FLOW_METHOD_1.0,20274
52011,52002,8,MDB_HOSPITAL_FLOW_METHOD_1.0,20275
52011,52001,8,MDB_HOSPITAL_FLOW_METHOD_1.0,20277
52018,52011,9,MDB_HOSPITAL_FLOW_METHOD_1.0,20279
52018,52002,13,MDB_HOSPITAL_FLOW_METHOD_1.0,20280
52018,52018,256,MDB_HOSPITAL_FLOW_METHOD_1.0,20281
52018,52001,13,MDB_HOSPITAL_FLOW_METHOD_1.0,20282
52018,52014,19,MDB_HOSPITAL_FLOW_METHOD_1.0,20284
52001,52011,47,MDB_HOSPITAL_FLOW_METHOD_1.0,20297
52001,52002,1618,MDB_HOSPITAL_FLOW_METHOD_1.0,20298
52001,52001,6601,MDB_HOSPITAL_FLOW_METHOD_1.0,20300
52001,52015,6,MDB_HOSPITAL_FLOW_METHOD_1.0,20306
52001,52001,14,MDB_HOSPITAL_FLOW_METHOD_1.0,20309
52001,52014,8,MDB_HOSPITAL_FLOW_METHOD_1.0,20310
52001,52002,24,MDB_HOSPITAL_FLOW_METHOD_1.0,20314
52001,52001,195,MDB_HOSPITAL_FLOW_METHOD_1.0,20315
52012,52002,25,MDB_HOSPITAL_FLOW_METHOD_1.0,20318
52012,52001,34,MDB_HOSPITAL_FLOW_METHOD_1.0,20319
52012,53001,9,MDB_HOSPITAL_FLOW_METHOD_1.0,20321
52017,52002,5,MDB_HOSPITAL_FLOW_METHOD_1.0,20322
52017,52001,30,MDB_HOSPITAL_FLOW_METHOD_1.0,20323
52017,52017,10,MDB_HOSPITAL_FLOW_METHOD_1.0,20324
52017,52017,9,MDB_HOSPITAL_FLOW_METHOD_1.0,20325
52017,52001,6,MDB_HOSPITAL_FLOW_METHOD_1.0,20329
52001,52002,5,MDB_HOSPITAL_FLOW_METHOD_1.0,20331
52001,52001,39,MDB_HOSPITAL_FLOW_METHOD_1.0,20332
52012,52001,9,MDB_HOSPITAL_FLOW_METHOD_1.0,20333
52007,52007,5,MDB_HOSPITAL_FLOW_METHOD_1.0,20336
52002,52002,65,MDB_HOSPITAL_FLOW_METHOD_1.0,20340
52002,52001,70,MDB_HOSPITAL_FLOW_METHOD_1.0,20341
52002,52002,35,MDB_HOSPITAL_FLOW_METHOD_1.0,20342
52014,52001,12,MDB_HOSPITAL_FLOW_METHOD_1.0,20343
52014,52014,7,MDB_HOSPITAL_FLOW_METHOD_1.0,20345
52007,52011,5,MDB_HOSPITAL_FLOW_METHOD_1.0,20346
52007,52002,22,MDB_HOSPITAL_FLOW_METHOD_1.0,20347
52007,52007,16,MDB_HOSPITAL_FLOW_METHOD_1.0,20349
52002,52001,11,MDB_HOSPITAL_FLOW_METHOD_1.0,20357
52002,52002,5,MDB_HOSPITAL_FLOW_METHOD_1.0,20358
52001,52002,34,MDB_HOSPITAL_FLOW_METHOD_1.0,20363
52001,52001,155,MDB_HOSPITAL_FLOW_METHOD_1.0,20364
52005,52002,22,MDB_HOSPITAL_FLOW_METHOD_1.0,20369
52005,52001,37,MDB_HOSPITAL_FLOW_METHOD_1.0,20370
52005,52005,42,MDB_HOSPITAL_FLOW_METHOD_1.0,20371
52013,52013,7,MDB_HOSPITAL_FLOW_METHOD_1.0,20373
52009,52002,16,MDB_HOSPITAL_FLOW_METHOD_1.0,20376
52009,52001,24,MDB_HOSPITAL_FLOW_METHOD_1.0,20377
52009,52009,15,MDB_HOSPITAL_FLOW_METHOD_1.0,20378
52009,52001,10,MDB_HOSPITAL_FLOW_METHOD_1.0,20381
52012,52011,8,MDB_HOSPITAL_FLOW_METHOD_1.0,20382
52012,52002,17,MDB_HOSPITAL_FLOW_METHOD_1.0,20383
52012,52001,53,MDB_HOSPITAL_FLOW_METHOD_1.0,20384
52012,52014,5,MDB_HOSPITAL_FLOW_METHOD_1.0,20387
52001,52001,5,MDB_HOSPITAL_FLOW_METHOD_1.0,20389
52015,52001,9,MDB_HOSPITAL_FLOW_METHOD_1.0,20392
52015,52015,5,MDB_HOSPITAL_FLOW_METHOD_1.0,20393
52013,52011,38,MDB_HOSPITAL_FLOW_METHOD_1.0,20394
52013,52001,5,MDB_HOSPITAL_FLOW_METHOD_1.0,20396
52013,52013,13,MDB_HOSPITAL_FLOW_METHOD_1.0,20397
52012,52001,34,MDB_HOSPITAL_FLOW_METHOD_1.0,20401
52012,52012,10,MDB_HOSPITAL_FLOW_METHOD_1.0,20402
52012,52001,20,MDB_HOSPITAL_FLOW_METHOD_1.0,20405
52012,52014,6,MDB_HOSPITAL_FLOW_METHOD_1.0,20407
52015,52001,14,MDB_HOSPITAL_FLOW_METHOD_1.0,20408
52015,52015,7,MDB_HOSPITAL_FLOW_METHOD_1.0,20409
52001,52002,13,MDB_HOSPITAL_FLOW_METHOD_1.0,20412
52001,52001,10,MDB_HOSPITAL_FLOW_METHOD_1.0,20413
52017,52002,20,MDB_HOSPITAL_FLOW_METHOD_1.0,20417
52017,52001,28,MDB_HOSPITAL_FLOW_METHOD_1.0,20418
52017,52017,504,MDB_HOSPITAL_FLOW_METHOD_1.0,20419
52002,52001,16,MDB_HOSPITAL_FLOW_METHOD_1.0,20425
52018,52011,56,MDB_HOSPITAL_FLOW_METHOD_1.0,20430
52018,52001,21,MDB_HOSPITAL_FLOW_METHOD_1.0,20433
52018,52018,108,MDB_HOSPITAL_FLOW_METHOD_1.0,20434
52018,52014,22,MDB_HOSPITAL_FLOW_METHOD_1.0,20436
52016,52002,37,MDB_HOSPITAL_FLOW_METHOD_1.0,20441
52016,52001,39,MDB_HOSPITAL_FLOW_METHOD_1.0,20443
52016,52016,258,MDB_HOSPITAL_FLOW_METHOD_1.0,20445
52009,52001,7,MDB_HOSPITAL_FLOW_METHOD_1.0,20448
52012,52002,5,MDB_HOSPITAL_FLOW_METHOD_1.0,20455
52012,52001,31,MDB_HOSPITAL_FLOW_METHOD_1.0,20456
52002,52001,5,MDB_HOSPITAL_FLOW_METHOD_1.0,20460
52004,52011,131,MDB_HOSPITAL_FLOW_METHOD_1.0,20461
52004,52002,152,MDB_HOSPITAL_FLOW_METHOD_1.0,20462
52004,52001,33,MDB_HOSPITAL_FLOW_METHOD_1.0,20464
52004,52004,30,MDB_HOSPITAL_FLOW_METHOD_1.0,20465
52004,52014,6,MDB_HOSPITAL_FLOW_METHOD_1.0,20466
52004,53001,150,MDB_HOSPITAL_FLOW_METHOD_1.0,20467
52007,52002,5,MDB_HOSPITAL_FLOW_METHOD_1.0,20471
52007,52001,5,MDB_HOSPITAL_FLOW_METHOD_1.0,20473
52007,52007,6,MDB_HOSPITAL_FLOW_METHOD_1.0,20475
52014,52014,5,MDB_HOSPITAL_FLOW_METHOD_1.0,20480
52012,52001,5,MDB_HOSPITAL_FLOW_METHOD_1.0,20483
52008,52001,15,MDB_HOSPITAL_FLOW_METHOD_1.0,20486
52016,52002,64,MDB_HOSPITAL_FLOW_METHOD_1.0,20490
52016,52001,23,MDB_HOSPITAL_FLOW_METHOD_1.0,20491
52016,52016,124,MDB_HOSPITAL_FLOW_METHOD_1.0,20493
52016,52014,5,MDB_HOSPITAL_FLOW_METHOD_1.0,20495
52006,52011,5,MDB_HOSPITAL_FLOW_METHOD_1.0,20498
52006,52002,7,MDB_HOSPITAL_FLOW_METHOD_1.0,20499
52015,52015,16,MDB_HOSPITAL_FLOW_METHOD_1.0,20509
52015,52015,10,MDB_HOSPITAL_FLOW_METHOD_1.0,20510
52017,52011,5,MDB_HOSPITAL_FLOW_METHOD_1.0,20515
52017,52002,11,MDB_HOSPITAL_FLOW_METHOD_1.0,20516
52017,52001,26,MDB_HOSPITAL_FLOW_METHOD_1.0,20517
52017,52017,78,MDB_HOSPITAL_FLOW_METHOD_1.0,20519
52012,52002,11,MDB_HOSPITAL_FLOW_METHOD_1.0,20527
52012,52001,27,MDB_HOSPITAL_FLOW_METHOD_1.0,20528
52012,52014,5,MDB_HOSPITAL_FLOW_METHOD_1.0,20529
52008,52001,8,MDB_HOSPITAL_FLOW_METHOD_1.0,20531
52001,52001,17,MDB_HOSPITAL_FLOW_METHOD_1.0,20537
52001,52002,33,MDB_HOSPITAL_FLOW_METHOD_1.0,20540
52001,52001,31,MDB_HOSPITAL_FLOW_METHOD_1.0,20541
52014,52011,13,MDB_HOSPITAL_FLOW_METHOD_1.0,20543
52014,52002,8,MDB_HOSPITAL_FLOW_METHOD_1.0,20544
52014,52001,21,MDB_HOSPITAL_FLOW_METHOD_1.0,20546
52014,52014,48,MDB_HOSPITAL_FLOW_METHOD_1.0,20548
52014,52014,26,MDB_HOSPITAL_FLOW_METHOD_1.0,20549
52013,52013,7,MDB_HOSPITAL_FLOW_METHOD_1.0,20550
52013,52013,19,MDB_HOSPITAL_FLOW_METHOD_1.0,20554
52001,52001,11,MDB_HOSPITAL_FLOW_METHOD_1.0,20565
52009,52002,6,MDB_HOSPITAL_FLOW_METHOD_1.0,20568
52004,52011,11,MDB_HOSPITAL_FLOW_METHOD_1.0,20571
52004,52001,14,MDB_HOSPITAL_FLOW_METHOD_1.0,20573
52004,52014,7,MDB_HOSPITAL_FLOW_METHOD_1.0,20574
52004,53001,242,MDB_HOSPITAL_FLOW_METHOD_1.0,20575
52002,52001,15,MDB_HOSPITAL_FLOW_METHOD_1.0,20578
52002,52002,7,MDB_HOSPITAL_FLOW_METHOD_1.0,20579
52001,52002,10,MDB_HOSPITAL_FLOW_METHOD_1.0,20582
52001,52001,38,MDB_HOSPITAL_FLOW_METHOD_1.0,20583
52005,52002,21,MDB_HOSPITAL_FLOW_METHOD_1.0,20586
52005,52001,22,MDB_HOSPITAL_FLOW_METHOD_1.0,20587
52018,52011,27,MDB_HOSPITAL_FLOW_METHOD_1.0,20590
52018,52014,14,MDB_HOSPITAL_FLOW_METHOD_1.0,20594
52018,53001,21,MDB_HOSPITAL_FLOW_METHOD_1.0,20595
52009,52001,11,MDB_HOSPITAL_FLOW_METHOD_1.0,20596
52010,52002,11,MDB_HOSPITAL_FLOW_METHOD_1.0,20599
52010,52001,21,MDB_HOSPITAL_FLOW_METHOD_1.0,20601
52005,52001,8,MDB_HOSPITAL_FLOW_METHOD_1.0,20604
52005,52005,13,MDB_HOSPITAL_FLOW_METHOD_1.0,20606
52015,52015,19,MDB_HOSPITAL_FLOW_METHOD_1.0,20612
52010,52002,6,MDB_HOSPITAL_FLOW_METHOD_1.0,20613
52010,52001,6,MDB_HOSPITAL_FLOW_METHOD_1.0,20614
52016,52001,6,MDB_HOSPITAL_FLOW_METHOD_1.0,20616
52001,52011,37,MDB_HOSPITAL_FLOW_METHOD_1.0,20619
52001,52002,7,MDB_HOSPITAL_FLOW_METHOD_1.0,20620
52001,52001,11,MDB_HOSPITAL_FLOW_METHOD_1.0,20621
52002,52002,11,MDB_HOSPITAL_FLOW_METHOD_1.0,20626
52002,52001,25,MDB_HOSPITAL_FLOW_METHOD_1.0,20627
52002,52002,159,MDB_HOSPITAL_FLOW_METHOD_1.0,20630
52009,52002,10,MDB_HOSPITAL_FLOW_METHOD_1.0,20632
52009,52001,6,MDB_HOSPITAL_FLOW_METHOD_1.0,20633
52011,52011,72,MDB_HOSPITAL_FLOW_METHOD_1.0,20635
52011,52002,11,MDB_HOSPITAL_FLOW_METHOD_1.0,20636
52011,52001,19,MDB_HOSPITAL_FLOW_METHOD_1.0,20637
52011,52011,172,MDB_HOSPITAL_FLOW_METHOD_1.0,20638
52005,52002,13,MDB_HOSPITAL_FLOW_METHOD_1.0,20642
52005,52001,28,MDB_HOSPITAL_FLOW_METHOD_1.0,20644
52005,52005,91,MDB_HOSPITAL_FLOW_METHOD_1.0,20646
52003,52002,14,MDB_HOSPITAL_FLOW_METHOD_1.0,20650
52003,52001,6,MDB_HOSPITAL_FLOW_METHOD_1.0,20652
52003,52003,97,MDB_HOSPITAL_FLOW_METHOD_1.0,20653
52003,52014,5,MDB_HOSPITAL_FLOW_METHOD_1.0,20654
52003,53001,70,MDB_HOSPITAL_FLOW_METHOD_1.0,20655
52002,52001,24,MDB_HOSPITAL_FLOW_METHOD_1.0,20657
52002,52002,18,MDB_HOSPITAL_FLOW_METHOD_1.0,20658
52008,52001,53,MDB_HOSPITAL_FLOW_METHOD_1.0,20661
52008,52008,20,MDB_HOSPITAL_FLOW_METHOD_1.0,20662
52008,52014,12,MDB_HOSPITAL_FLOW_METHOD_1.0,20663
52016,52002,5,MDB_HOSPITAL_FLOW_METHOD_1.0,20665
52007,52002,17,MDB_HOSPITAL_FLOW_METHOD_1.0,20670
52007,52001,14,MDB_HOSPITAL_FLOW_METHOD_1.0,20672
52007,52007,77,MDB_HOSPITAL_FLOW_METHOD_1.0,20674
52002,52002,8,MDB_HOSPITAL_FLOW_METHOD_1.0,20677
52002,52001,5,MDB_HOSPITAL_FLOW_METHOD_1.0,20678
52015,52011,6,MDB_HOSPITAL_FLOW_METHOD_1.0,20680
52015,52001,26,MDB_HOSPITAL_FLOW_METHOD_1.0,20682
52015,52015,169,MDB_HOSPITAL_FLOW_METHOD_1.0,20685
52013,52011,15,MDB_HOSPITAL_FLOW_METHOD_1.0,20688
52013,52013,49,MDB_HOSPITAL_FLOW_METHOD_1.0,20690
52013,52014,8,MDB_HOSPITAL_FLOW_METHOD_1.0,20692
52013,52013,5,MDB_HOSPITAL_FLOW_METHOD_1.0,20695
52005,52005,5,MDB_HOSPITAL_FLOW_METHOD_1.0,20698
52015,52002,9,MDB_HOSPITAL_FLOW_METHOD_1.0,20702
52015,52001,23,MDB_HOSPITAL_FLOW_METHOD_1.0,20704
52015,52015,561,MDB_HOSPITAL_FLOW_METHOD_1.0,20707
52013,52013,6,MDB_HOSPITAL_FLOW_METHOD_1.0,20711
52013,52013,10,MDB_HOSPITAL_FLOW_METHOD_1.0,20713
52013,52014,6,MDB_HOSPITAL_FLOW_METHOD_1.0,20714
52010,52002,11,MDB_HOSPITAL_FLOW_METHOD_1.0,20715
52010,52001,22,MDB_HOSPITAL_FLOW_METHOD_1.0,20716
52001,52001,41,MDB_HOSPITAL_FLOW_METHOD_1.0,20720
52001,52014,5,MDB_HOSPITAL_FLOW_METHOD_1.0,20722
52012,52001,5,MDB_HOSPITAL_FLOW_METHOD_1.0,20723
52015,52002,5,MDB_HOSPITAL_FLOW_METHOD_1.0,20726
52015,52001,48,MDB_HOSPITAL_FLOW_METHOD_1.0,20727
52015,52015,15,MDB_HOSPITAL_FLOW_METHOD_1.0,20730
52013,52002,8,MDB_HOSPITAL_FLOW_METHOD_1.0,20733
52013,52013,7,MDB_HOSPITAL_FLOW_METHOD_1.0,20734
52013,52001,9,MDB_HOSPITAL_FLOW_METHOD_1.0,20736
52016,52002,7,MDB_HOSPITAL_FLOW_METHOD_1.0,20740
52016,52001,5,MDB_HOSPITAL_FLOW_METHOD_1.0,20741
52013,52002,12,MDB_HOSPITAL_FLOW_METHOD_1.0,20752
52013,52013,8,MDB_HOSPITAL_FLOW_METHOD_1.0,20754
52013,52014,10,MDB_HOSPITAL_FLOW_METHOD_1.0,20755
52001,52001,26,MDB_HOSPITAL_FLOW_METHOD_1.0,20759
52004,52011,26,MDB_HOSPITAL_FLOW_METHOD_1.0,20761
52004,52004,8,MDB_HOSPITAL_FLOW_METHOD_1.0,20763
52004,53001,65,MDB_HOSPITAL_FLOW_METHOD_1.0,20764
52001,52011,17,MDB_HOSPITAL_FLOW_METHOD_1.0,20767
52001,52001,8,MDB_HOSPITAL_FLOW_METHOD_1.0,20768
52010,52002,38,MDB_HOSPITAL_FLOW_METHOD_1.0,20777
52010,52001,54,MDB_HOSPITAL_FLOW_METHOD_1.0,20778
52010,52010,16,MDB_HOSPITAL_FLOW_METHOD_1.0,20780
52013,52001,5,MDB_HOSPITAL_FLOW_METHOD_1.0,20783
52008,52001,6,MDB_HOSPITAL_FLOW_METHOD_1.0,20787
52008,52008,64,MDB_HOSPITAL_FLOW_METHOD_1.0,20788
52008,52014,8,MDB_HOSPITAL_FLOW_METHOD_1.0,20789
52015,52015,37,MDB_HOSPITAL_FLOW_METHOD_1.0,20794
52002,52002,274,MDB_HOSPITAL_FLOW_METHOD_1.0,20797
52002,52001,334,MDB_HOSPITAL_FLOW_METHOD_1.0,20798
52016,52016,5,MDB_HOSPITAL_FLOW_METHOD_1.0,20801
52002,52011,13,MDB_HOSPITAL_FLOW_METHOD_1.0,20803
52002,52002,13,MDB_HOSPITAL_FLOW_METHOD_1.0,20804
52002,52001,11,MDB_HOSPITAL_FLOW_METHOD_1.0,20805
52007,52007,8,MDB_HOSPITAL_FLOW_METHOD_1.0,20810
52011,52011,46,MDB_HOSPITAL_FLOW_METHOD_1.0,20817
52011,52002,5,MDB_HOSPITAL_FLOW_METHOD_1.0,20818
52011,52001,10,MDB_HOSPITAL_FLOW_METHOD_1.0,20819
52001,52002,130,MDB_HOSPITAL_FLOW_METHOD_1.0,20824
52001,52001,380,MDB_HOSPITAL_FLOW_METHOD_1.0,20827
52001,52001,963,MDB_HOSPITAL_FLOW_METHOD_1.0,20831
52001,52014,19,MDB_HOSPITAL_FLOW_METHOD_1.0,20832
52010,52010,6,MDB_HOSPITAL_FLOW_METHOD_1.0,20834
52013,52001,6,MDB_HOSPITAL_FLOW_METHOD_1.0,20836
52014,52011,52,MDB_HOSPITAL_FLOW_METHOD_1.0,20838
52014,52001,9,MDB_HOSPITAL_FLOW_METHOD_1.0,20839
52014,52014,209,MDB_HOSPITAL_FLOW_METHOD_1.0,20841
52013,52011,22,MDB_HOSPITAL_FLOW_METHOD_1.0,20842
52013,52002,20,MDB_HOSPITAL_FLOW_METHOD_1.0,20843
52013,52013,14,MDB_HOSPITAL_FLOW_METHOD_1.0,20844
52013,52001,8,MDB_HOSPITAL_FLOW_METHOD_1.0,20845
52004,52011,62,MDB_HOSPITAL_FLOW_METHOD_1.0,20850
52004,52002,18,MDB_HOSPITAL_FLOW_METHOD_1.0,20851
52004,52001,26,MDB_HOSPITAL_FLOW_METHOD_1.0,20852
52004,52014,10,MDB_HOSPITAL_FLOW_METHOD_1.0,20854
52004,53001,301,MDB_HOSPITAL_FLOW_METHOD_1.0,20855
52002,52001,14,MDB_HOSPITAL_FLOW_METHOD_1.0,20857
52002,52002,17,MDB_HOSPITAL_FLOW_METHOD_1.0,20859
52002,52001,27,MDB_HOSPITAL_FLOW_METHOD_1.0,20860
52002,52002,23,MDB_HOSPITAL_FLOW_METHOD_1.0,20863
52002,52002,16,MDB_HOSPITAL_FLOW_METHOD_1.0,20865
52018,52018,10,MDB_HOSPITAL_FLOW_METHOD_1.0,20871
53001,22004,5,MDB_HOSPITAL_FLOW_METHOD_1.0,20878
53001,35016,5,MDB_HOSPITAL_FLOW_METHOD_1.0,20891
53001,52011,20,MDB_HOSPITAL_FLOW_METHOD_1.0,20897
53001,52002,13,MDB_HOSPITAL_FLOW_METHOD_1.0,20898
53001,52001,21,MDB_HOSPITAL_FLOW_METHOD_1.0,20900
53001,53001,11910,MDB_HOSPITAL_FLOW_METHOD_1.0,20906
