municipality_code_ibge,municipality_name,uf,health_region_code,health_region_name
1100015,Alta Floresta D'Oeste,RO,11005,Zona da Mata
1100023,Ariquemes,RO,11001,Vale do Jamari
1100031,Cabixi,RO,11006,Cone Sul
1100049,Cacoal,RO,11002,Café
1100056,Cerejeiras,RO,11006,Cone Sul
1100064,Colorado do Oeste,RO,11006,Cone Sul
1100072,Corumbiara,RO,11006,Cone Sul
1100080,Costa Marques,RO,11007,Vale do Guaporé
1100098,Espigão D'Oeste,RO,11002,Café
1100106,Guajará-Mirim,RO,11004,Madeira-Mamoré
1100114,Jaru,RO,11003,Central
1100122,Ji-Paraná,RO,11003,Central
1100130,Machadinho D'Oeste,RO,11001,Vale do Jamari
1100148,Nova Brasilândia D'Oeste,RO,11005,Zona da Mata
1100155,Ouro Preto do Oeste,RO,11003,Central
1100189,Pimenta Bueno,RO,11002,Café
1100205,Porto Velho,RO,11004,Madeira-Mamoré
1100254,Presidente Médici,RO,11003,Central
1100262,Rio Crespo,RO,11001,Vale do Jamari
1100288,Rolim de Moura,RO,11005,Zona da Mata
1100296,Santa Luzia D'Oeste,RO,11005,Zona da Mata
1100304,Vilhena,RO,11006,Cone Sul
1100320,São Miguel do Guaporé,RO,11003,Central
1100338,Nova Mamoré,RO,11004,Madeira-Mamoré
1100346,Alvorada D'Oeste,RO,11003,Central
1100379,Alto Alegre dos Parecis,RO,11005,Zona da Mata
1100403,Alto Paraíso,RO,11001,Vale do Jamari
1100452,Buritis,RO,11001,Vale do Jamari
1100502,Novo Horizonte do Oeste,RO,11005,Zona da Mata
1100601,Cacaulândia,RO,11001,Vale do Jamari
1100700,Campo Novo de Rondônia,RO,11001,Vale do Jamari
1100809,Candeias do Jamari,RO,11004,Madeira-Mamoré
1100908,Castanheiras,RO,11005,Zona da Mata
1100924,Chupinguaia,RO,11006,Cone Sul
1100940,Cujubim,RO,11001,Vale do Jamari
1101005,Governador Jorge Teixeira,RO,11003,Central
1101104,Itapuã do Oeste,RO,11004,Madeira-Mamoré
1101203,Ministro Andreazza,RO,11002,Café
1101302,Mirante da Serra,RO,11003,Central
1101401,Monte Negro,RO,11001,Vale do Jamari
1101435,Nova União,RO,11003,Central
1101450,Parecis,RO,11005,Zona da Mata
1101468,Pimenteiras do Oeste,RO,11006,Cone Sul
1101476,Primavera de Rondônia,RO,11002,Café
1101484,São Felipe D'Oeste,RO,11002,Café
1101492,São Francisco do Guaporé,RO,11007,Vale do Guaporé
1101500,Seringueiras,RO,11007,Vale do Guaporé
1101559,Teixeirópolis,RO,11003,Central
1101609,Theobroma,RO,11003,Central
1101708,Urupá,RO,11003,Central
1101757,Vale do Anari,RO,11003,Central
1101807,Vale do Paraíso,RO,11003,Central
1200013,Acrelândia,AC,12002,Baixo Acre e Purus
1200054,Assis Brasil,AC,12001,Alto Acre
1200104,Brasiléia,AC,12001,Alto Acre
1200138,Bujari,AC,12002,Baixo Acre e Purus
1200179,Capixaba,AC,12002,Baixo Acre e Purus
1200203,Cruzeiro do Sul,AC,12003,Juruá e Tarauacá/Envira
1200252,Epitaciolândia,AC,12001,Alto Acre
1200302,Feijó,AC,12003,Juruá e Tarauacá/Envira
1200328,Jordão,AC,12002,Baixo Acre e Purus
1200336,Mâncio Lima,AC,12003,Juruá e Tarauacá/Envira
1200344,Manoel Urbano,AC,12002,Baixo Acre e Purus
1200351,Marechal Thaumaturgo,AC,12003,Juruá e Tarauacá/Envira
1200385,Plácido de Castro,AC,12002,Baixo Acre e Purus
1200393,Porto Walter,AC,12003,Juruá e Tarauacá/Envira
1200401,Rio Branco,AC,12002,Baixo Acre e Purus
1200427,Rodrigues Alves,AC,12003,Juruá e Tarauacá/Envira
1200435,Santa Rosa do Purus,AC,12002,Baixo Acre e Purus
1200450,Senador Guiomard,AC,12002,Baixo Acre e Purus
1200500,Sena Madureira,AC,12002,Baixo Acre e Purus
1200609,Tarauacá,AC,12003,Juruá e Tarauacá/Envira
1200708,Xapuri,AC,12001,Alto Acre
1200807,Porto Acre,AC,12002,Baixo Acre e Purus
1300029,Alvarães,AM,13008,Triângulo
1300060,Amaturá,AM,13009,Alto Solimões
1300086,Anamã,AM,13002,Rio Negro e Solimões
1300102,Anori,AM,13002,Rio Negro e Solimões
1300144,Apuí,AM,13003,Rio Madeira
1300201,Atalaia do Norte,AM,13009,Alto Solimões
1300300,Autazes,AM,13001,"Manaus, Entorno e Alto Rio Negro"
1300409,Barcelos,AM,13001,"Manaus, Entorno e Alto Rio Negro"
1300508,Barreirinha,AM,13005,Baixo Amazonas
1300607,Benjamin Constant,AM,13009,Alto Solimões
1300631,Beruri,AM,13002,Rio Negro e Solimões
1300680,Boa Vista do Ramos,AM,13005,Baixo Amazonas
1300706,Boca do Acre,AM,13006,Regional Purus
1300805,Borba,AM,13003,Rio Madeira
1300839,Caapiranga,AM,13002,Rio Negro e Solimões
1300904,Canutama,AM,13006,Regional Purus
1301001,Carauari,AM,13007,Regional Juruá
1301100,Careiro,AM,13001,"Manaus, Entorno e Alto Rio Negro"
1301159,Careiro da Várzea,AM,13001,"Manaus, Entorno e Alto Rio Negro"
1301209,Coari,AM,13002,Rio Negro e Solimões
1301308,Codajás,AM,13002,Rio Negro e Solimões
1301407,Eirunepé,AM,13007,Regional Juruá
1301506,Envira,AM,13007,Regional Juruá
1301605,Fonte Boa,AM,13009,Alto Solimões
1301654,Guajará,AM,13007,Regional Juruá
1301704,Humaitá,AM,13003,Rio Madeira
1301803,Ipixuna,AM,13007,Regional Juruá
1301852,Iranduba,AM,13001,"Manaus, Entorno e Alto Rio Negro"
1301902,Itacoatiara,AM,13004,Médio Amazonas
1301951,Itamarati,AM,13007,Regional Juruá
1302009,Itapiranga,AM,13004,Médio Amazonas
1302108,Japurá,AM,13008,Triângulo
1302207,Juruá,AM,13008,Triângulo
1302306,Jutaí,AM,13009,Alto Solimões
1302405,Lábrea,AM,13006,Regional Purus
1302504,Manacapuru,AM,13002,Rio Negro e Solimões
1302553,Manaquiri,AM,13001,"Manaus, Entorno e Alto Rio Negro"
1302603,Manaus,AM,13001,"Manaus, Entorno e Alto Rio Negro"
1302702,Manicoré,AM,13003,Rio Madeira
1302801,Maraã,AM,13008,Triângulo
1302900,Maués,AM,13005,Baixo Amazonas
1303007,Nhamundá,AM,13005,Baixo Amazonas
1303106,Nova Olinda do Norte,AM,13001,"Manaus, Entorno e Alto Rio Negro"
1303205,Novo Airão,AM,13002,Rio Negro e Solimões
1303304,Novo Aripuanã,AM,13003,Rio Madeira
1303403,Parintins,AM,13005,Baixo Amazonas
1303502,Pauini,AM,13006,Regional Purus
1303536,Presidente Figueiredo,AM,13001,"Manaus, Entorno e Alto Rio Negro"
1303569,Rio Preto da Eva,AM,13001,"Manaus, Entorno e Alto Rio Negro"
1303601,Santa Isabel do Rio Negro,AM,13001,"Manaus, Entorno e Alto Rio Negro"
1303700,Santo Antônio do Içá,AM,13009,Alto Solimões
1303809,São Gabriel da Cachoeira,AM,13001,"Manaus, Entorno e Alto Rio Negro"
1303908,São Paulo de Olivença,AM,13009,Alto Solimões
1303957,São Sebastião do Uatumã,AM,13004,Médio Amazonas
1304005,Silves,AM,13004,Médio Amazonas
1304062,Tabatinga,AM,13009,Alto Solimões
1304104,Tapauá,AM,13006,Regional Purus
1304203,Tefé,AM,13008,Triângulo
1304237,Tonantins,AM,13009,Alto Solimões
1304260,Uarini,AM,13008,Triângulo
1304302,Urucará,AM,13004,Médio Amazonas
1304401,Urucurituba,AM,13004,Médio Amazonas
1400027,Amajari,RR,14001,Centro Norte
1400050,Alto Alegre,RR,14001,Centro Norte
1400100,Boa Vista,RR,14001,Centro Norte
1400159,Bonfim,RR,14001,Centro Norte
1400175,Cantá,RR,14001,Centro Norte
1400209,Caracaraí,RR,14002,Sul
1400233,Caroebe,RR,14002,Sul
1400282,Iracema,RR,14002,Sul
1400308,Mucajaí,RR,14001,Centro Norte
1400407,Normandia,RR,14001,Centro Norte
1400456,Pacaraima,RR,14001,Centro Norte
1400472,Rorainópolis,RR,14002,Sul
1400506,São João da Baliza,RR,14002,Sul
1400605,São Luiz,RR,14002,Sul
1400704,Uiramutã,RR,14001,Centro Norte
1500107,Abaetetuba,PA,15011,Tocantins
1500131,Abel Figueiredo,PA,15003,Carajás
1500206,Acará,PA,15007,Metropolitana II
1500305,Afuá,PA,15013,Marajó I
1500347,Água Azul do Norte,PA,15001,Araguaia
1500404,Alenquer,PA,15002,Baixo Amazonas
1500503,Almeirim,PA,15002,Baixo Amazonas
1500602,Altamira,PA,15012,Xingu
1500701,Anajás,PA,15014,Marajó II
1500800,Ananindeua,PA,15006,Metropolitana I
1500859,Anapu,PA,15012,Xingu
1500909,Augusto Corrêa,PA,15009,Rio Caetés
1500958,Aurora do Pará,PA,15008,Metropolitana III
1501006,Aveiro,PA,15010,Tapajós
1501105,Bagre,PA,15014,Marajó II
1501204,Baião,PA,15011,Tocantins
1501253,Bannach,PA,15001,Araguaia
1501303,Barcarena,PA,15011,Tocantins
1501402,Belém,PA,15006,Metropolitana I
1501451,Belterra,PA,15002,Baixo Amazonas
1501501,Benevides,PA,15006,Metropolitana I
1501576,Bom Jesus do Tocantins,PA,15003,Carajás
1501600,Bonito,PA,15009,Rio Caetés
1501709,Bragança,PA,15009,Rio Caetés
1501725,Brasil Novo,PA,15012,Xingu
1501758,Brejo Grande do Araguaia,PA,15003,Carajás
1501782,Breu Branco,PA,15004,Lago de Tucuruí
1501808,Breves,PA,15014,Marajó II
1501907,Bujaru,PA,15007,Metropolitana II
1501956,Cachoeira do Piriá,PA,15009,Rio Caetés
1502004,Cachoeira do Arari,PA,15013,Marajó I
1502103,Cametá,PA,15011,Tocantins
1502152,Canaã dos Carajás,PA,15003,Carajás
1502202,Capanema,PA,15009,Rio Caetés
1502301,Capitão Poço,PA,15008,Metropolitana III
1502400,Castanhal,PA,15008,Metropolitana III
1502509,Chaves,PA,15013,Marajó I
1502608,Colares,PA,15007,Metropolitana II
1502707,Conceição do Araguaia,PA,15001,Araguaia
1502756,Concórdia do Pará,PA,15007,Metropolitana II
1502764,Cumaru do Norte,PA,15001,Araguaia
1502772,Curionópolis,PA,15003,Carajás
1502806,Curralinho,PA,15014,Marajó II
1502855,Curuá,PA,15002,Baixo Amazonas
1502905,Curuçá,PA,15008,Metropolitana III
1502939,Dom Eliseu,PA,15003,Carajás
1502954,Eldorado do Carajás,PA,15003,Carajás
1503002,Faro,PA,15002,Baixo Amazonas
1503044,Floresta do Araguaia,PA,15001,Araguaia
1503077,Garrafão do Norte,PA,15008,Metropolitana III
1503093,Goianésia do Pará,PA,15004,Lago de Tucuruí
1503101,Gurupá,PA,15014,Marajó II
1503200,Igarapé-Açu,PA,15008,Metropolitana III
1503309,Igarapé-Miri,PA,15011,Tocantins
1503408,Inhangapi,PA,15008,Metropolitana III
1503457,Ipixuna do Pará,PA,15008,Metropolitana III
1503507,Irituia,PA,15008,Metropolitana III
1503606,Itaituba,PA,15010,Tapajós
1503705,Itupiranga,PA,15003,Carajás
1503754,Jacareacanga,PA,15010,Tapajós
1503804,Jacundá,PA,15004,Lago de Tucuruí
1503903,Juruti,PA,15002,Baixo Amazonas
1504000,Limoeiro do Ajuru,PA,15011,Tocantins
1504059,Mãe do Rio,PA,15008,Metropolitana III
1504109,Magalhães Barata,PA,15008,Metropolitana III
1504208,Marabá,PA,15003,Carajás
1504307,Maracanã,PA,15008,Metropolitana III
1504406,Marapanim,PA,15008,Metropolitana III
1504422,Marituba,PA,15006,Metropolitana I
1504455,Medicilândia,PA,15012,Xingu
1504505,Melgaço,PA,15014,Marajó II
1504604,Mocajuba,PA,15011,Tocantins
1504703,Moju,PA,15011,Tocantins
1504752,Mojuí dos Campos,PA,15002,Baixo Amazonas
1504802,Monte Alegre,PA,15002,Baixo Amazonas
1504901,Muaná,PA,15013,Marajó I
1504950,Nova Esperança do Piriá,PA,15008,Metropolitana III
1504976,Nova Ipixuna,PA,15003,Carajás
1505007,Nova Timboteua,PA,15009,Rio Caetés
1505031,Novo Progresso,PA,15010,Tapajós
1505064,Novo Repartimento,PA,15004,Lago de Tucuruí
1505106,Óbidos,PA,15002,Baixo Amazonas
1505205,Oeiras do Pará,PA,15011,Tocantins
1505304,Oriximiná,PA,15002,Baixo Amazonas
1505403,Ourém,PA,15009,Rio Caetés
1505437,Ourilândia do Norte,PA,15001,Araguaia
1505486,Pacajá,PA,15012,Xingu
1505494,Palestina do Pará,PA,15003,Carajás
1505502,Paragominas,PA,15008,Metropolitana III
1505536,Parauapebas,PA,15003,Carajás
1505551,Pau D'Arco,PA,15001,Araguaia
1505601,Peixe-Boi,PA,15009,Rio Caetés
1505635,Piçarra,PA,15003,Carajás
1505650,Placas,PA,15002,Baixo Amazonas
1505700,Ponta de Pedras,PA,15013,Marajó I
1505809,Portel,PA,15014,Marajó II
1505908,Porto de Moz,PA,15012,Xingu
1506005,Prainha,PA,15002,Baixo Amazonas
1506104,Primavera,PA,15009,Rio Caetés
1506112,Quatipuru,PA,15009,Rio Caetés
1506138,Redenção,PA,15001,Araguaia
1506161,Rio Maria,PA,15001,Araguaia
1506187,Rondon do Pará,PA,15003,Carajás
1506195,Rurópolis,PA,15010,Tapajós
1506203,Salinópolis,PA,15009,Rio Caetés
1506302,Salvaterra,PA,15013,Marajó I
1506351,Santa Bárbara do Pará,PA,15006,Metropolitana I
1506401,Santa Cruz do Arari,PA,15013,Marajó I
1506500,Santa Izabel do Pará,PA,15007,Metropolitana II
1506559,Santa Luzia do Pará,PA,15009,Rio Caetés
1506583,Santa Maria das Barreiras,PA,15001,Araguaia
1506609,Santa Maria do Pará,PA,15008,Metropolitana III
1506708,Santana do Araguaia,PA,15001,Araguaia
1506807,Santarém,PA,15002,Baixo Amazonas
1506906,Santarém Novo,PA,15009,Rio Caetés
1507003,Santo Antônio do Tauá,PA,15007,Metropolitana II
1507102,São Caetano de Odivelas,PA,15007,Metropolitana II
1507151,São Domingos do Araguaia,PA,15003,Carajás
1507201,São Domingos do Capim,PA,15008,Metropolitana III
1507300,São Félix do Xingu,PA,15001,Araguaia
1507409,São Francisco do Pará,PA,15008,Metropolitana III
1507458,São Geraldo do Araguaia,PA,15003,Carajás
1507466,São João da Ponta,PA,15008,Metropolitana III
1507474,São João de Pirabas,PA,15009,Rio Caetés
1507508,São João do Araguaia,PA,15003,Carajás
1507607,São Miguel do Guamá,PA,15008,Metropolitana III
1507706,São Sebastião da Boa Vista,PA,15013,Marajó I
1507755,Sapucaia,PA,15001,Araguaia
1507805,Senador José Porfírio,PA,15012,Xingu
1507904,Soure,PA,15013,Marajó I
1507953,Tailândia,PA,15011,Tocantins
1507961,Terra Alta,PA,15008,Metropolitana III
1507979,Terra Santa,PA,15002,Baixo Amazonas
1508001,Tomé-Açu,PA,15007,Metropolitana II
1508035,Tracuateua,PA,15009,Rio Caetés
1508050,Trairão,PA,15010,Tapajós
1508084,Tucumã,PA,15001,Araguaia
1508100,Tucuruí,PA,15004,Lago de Tucuruí
1508126,Ulianópolis,PA,15008,Metropolitana III
1508159,Uruará,PA,15012,Xingu
1508209,Vigia,PA,15007,Metropolitana II
1508308,Viseu,PA,15009,Rio Caetés
1508357,Vitória do Xingu,PA,15012,Xingu
1508407,Xinguara,PA,15001,Araguaia
1600055,Serra do Navio,AP,16001,Área Central
1600105,Amapá,AP,16002,Área Norte
1600154,Pedra Branca do Amapari,AP,16001,Área Central
1600204,Calçoene,AP,16002,Área Norte
1600212,Cutias,AP,16001,Área Central
1600238,Ferreira Gomes,AP,16001,Área Central
1600253,Itaubal,AP,16001,Área Central
1600279,Laranjal do Jari,AP,16003,Área Sudoeste
1600303,Macapá,AP,16001,Área Central
1600402,Mazagão,AP,16003,Área Sudoeste
1600501,Oiapoque,AP,16002,Área Norte
1600535,Porto Grande,AP,16001,Área Central
1600550,Pracuúba,AP,16002,Área Norte
1600600,Santana,AP,16003,Área Sudoeste
1600709,Tartarugalzinho,AP,16002,Área Norte
1600808,Vitória do Jari,AP,16003,Área Sudoeste
1700251,Abreulândia,TO,17007,Cantão
1700301,Aguiarnópolis,TO,17002,Bico do Papagaio
1700350,Aliança do Tocantins,TO,17005,Ilha do Bananal
1700400,Almas,TO,17003,Sudeste
1700707,Alvorada,TO,17005,Ilha do Bananal
1701002,Ananás,TO,17002,Bico do Papagaio
1701051,Angico,TO,17002,Bico do Papagaio
1701101,Aparecida do Rio Negro,TO,17006,Capim Dourado
1701309,Aragominas,TO,17001,Médio Norte Araguaia
1701903,Araguacema,TO,17007,Cantão
1702000,Araguaçu,TO,17005,Ilha do Bananal
1702109,Araguaína,TO,17001,Médio Norte Araguaia
1702158,Araguanã,TO,17001,Médio Norte Araguaia
1702208,Araguatins,TO,17002,Bico do Papagaio
1702307,Arapoema,TO,17004,Cerrado Tocantins Araguaia
1702406,Arraias,TO,17003,Sudeste
1702554,Augustinópolis,TO,17002,Bico do Papagaio
1702703,Aurora do Tocantins,TO,17003,Sudeste
1702901,Axixá do Tocantins,TO,17002,Bico do Papagaio
1703008,Babaçulândia,TO,17001,Médio Norte Araguaia
1703057,Bandeirantes do Tocantins,TO,17004,Cerrado Tocantins Araguaia
1703073,Barra do Ouro,TO,17001,Médio Norte Araguaia
1703107,Barrolândia,TO,17007,Cantão
1703206,Bernardo Sayão,TO,17004,Cerrado Tocantins Araguaia
1703305,Bom Jesus do Tocantins,TO,17004,Cerrado Tocantins Araguaia
1703602,Brasilândia do Tocantins,TO,17004,Cerrado Tocantins Araguaia
1703701,Brejinho de Nazaré,TO,17008,Amor Perfeito
1703800,Buriti do Tocantins,TO,17002,Bico do Papagaio
1703826,Cachoeirinha,TO,17002,Bico do Papagaio
1703842,Campos Lindos,TO,17001,Médio Norte Araguaia
1703867,Cariri do Tocantins,TO,17005,Ilha do Bananal
1703883,Carmolândia,TO,17001,Médio Norte Araguaia
1703891,Carrasco Bonito,TO,17002,Bico do Papagaio
1703909,Caseara,TO,17007,Cantão
1704105,Centenário,TO,17004,Cerrado Tocantins Araguaia
1704600,Chapada de Areia,TO,17007,Cantão
1705102,Chapada da Natividade,TO,17008,Amor Perfeito
1705508,Colinas do Tocantins,TO,17004,Cerrado Tocantins Araguaia
1705557,Combinado,TO,17003,Sudeste
1705607,Conceição do Tocantins,TO,17003,Sudeste
1706001,Couto Magalhães,TO,17004,Cerrado Tocantins Araguaia
1706100,Cristalândia,TO,17007,Cantão
1706258,Crixás do Tocantins,TO,17005,Ilha do Bananal
1706506,Darcinópolis,TO,17001,Médio Norte Araguaia
1707009,Dianópolis,TO,17003,Sudeste
1707108,Divinópolis do Tocantins,TO,17007,Cantão
1707207,Dois Irmãos do Tocantins,TO,17007,Cantão
1707306,Dueré,TO,17005,Ilha do Bananal
1707405,Esperantina,TO,17002,Bico do Papagaio
1707553,Fátima,TO,17008,Amor Perfeito
1707652,Figueirópolis,TO,17005,Ilha do Bananal
1707702,Filadélfia,TO,17001,Médio Norte Araguaia
1708205,Formoso do Araguaia,TO,17005,Ilha do Bananal
1708254,Tabocão,TO,17006,Capim Dourado
1708304,Goianorte,TO,17004,Cerrado Tocantins Araguaia
1709005,Goiatins,TO,17001,Médio Norte Araguaia
1709302,Guaraí,TO,17004,Cerrado Tocantins Araguaia
1709500,Gurupi,TO,17005,Ilha do Bananal
1709807,Ipueiras,TO,17008,Amor Perfeito
1710508,Itacajá,TO,17004,Cerrado Tocantins Araguaia
1710706,Itaguatins,TO,17002,Bico do Papagaio
1710904,Itapiratins,TO,17004,Cerrado Tocantins Araguaia
1711100,Itaporã do Tocantins,TO,17004,Cerrado Tocantins Araguaia
1711506,Jaú do Tocantins,TO,17005,Ilha do Bananal
1711803,Juarina,TO,17004,Cerrado Tocantins Araguaia
1711902,Lagoa da Confusão,TO,17007,Cantão
1711951,Lagoa do Tocantins,TO,17006,Capim Dourado
1712009,Lajeado,TO,17006,Capim Dourado
1712157,Lavandeira,TO,17003,Sudeste
1712405,Lizarda,TO,17006,Capim Dourado
1712454,Luzinópolis,TO,17002,Bico do Papagaio
1712504,Marianópolis do Tocantins,TO,17007,Cantão
1712702,Mateiros,TO,17008,Amor Perfeito
1712801,Maurilândia do Tocantins,TO,17002,Bico do Papagaio
1713205,Miracema do Tocantins,TO,17006,Capim Dourado
1713304,Miranorte,TO,17006,Capim Dourado
1713601,Monte do Carmo,TO,17008,Amor Perfeito
1713700,Monte Santo do Tocantins,TO,17007,Cantão
1713809,Palmeiras do Tocantins,TO,17002,Bico do Papagaio
1713957,Muricilândia,TO,17001,Médio Norte Araguaia
1714203,Natividade,TO,17008,Amor Perfeito
1714302,Nazaré,TO,17002,Bico do Papagaio
1714880,Nova Olinda,TO,17001,Médio Norte Araguaia
1715002,Nova Rosalândia,TO,17007,Cantão
1715101,Novo Acordo,TO,17006,Capim Dourado
1715150,Novo Alegre,TO,17003,Sudeste
1715259,Novo Jardim,TO,17003,Sudeste
1715507,Oliveira de Fátima,TO,17008,Amor Perfeito
1715705,Palmeirante,TO,17004,Cerrado Tocantins Araguaia
1715754,Palmeirópolis,TO,17005,Ilha do Bananal
1716109,Paraíso do Tocantins,TO,17007,Cantão
1716208,Paranã,TO,17003,Sudeste
1716307,Pau D'Arco,TO,17001,Médio Norte Araguaia
1716505,Pedro Afonso,TO,17004,Cerrado Tocantins Araguaia
1716604,Peixe,TO,17005,Ilha do Bananal
1716653,Pequizeiro,TO,17004,Cerrado Tocantins Araguaia
1716703,Colméia,TO,17004,Cerrado Tocantins Araguaia
1717008,Pindorama do Tocantins,TO,17008,Amor Perfeito
1717206,Piraquê,TO,17001,Médio Norte Araguaia
1717503,Pium,TO,17007,Cantão
1717800,Ponte Alta do Bom Jesus,TO,17003,Sudeste
1717909,Ponte Alta do Tocantins,TO,17008,Amor Perfeito
1718006,Porto Alegre do Tocantins,TO,17003,Sudeste
1718204,Porto Nacional,TO,17008,Amor Perfeito
1718303,Praia Norte,TO,17002,Bico do Papagaio
1718402,Presidente Kennedy,TO,17004,Cerrado Tocantins Araguaia
1718451,Pugmil,TO,17007,Cantão
1718501,Recursolândia,TO,17004,Cerrado Tocantins Araguaia
1718550,Riachinho,TO,17002,Bico do Papagaio
1718659,Rio da Conceição,TO,17003,Sudeste
1718709,Rio dos Bois,TO,17006,Capim Dourado
1718758,Rio Sono,TO,17006,Capim Dourado
1718808,Sampaio,TO,17002,Bico do Papagaio
1718840,Sandolândia,TO,17005,Ilha do Bananal
1718865,Santa Fé do Araguaia,TO,17001,Médio Norte Araguaia
1718881,Santa Maria do Tocantins,TO,17004,Cerrado Tocantins Araguaia
1718899,Santa Rita do Tocantins,TO,17005,Ilha do Bananal
1718907,Santa Rosa do Tocantins,TO,17008,Amor Perfeito
1719004,Santa Tereza do Tocantins,TO,17006,Capim Dourado
1720002,Santa Terezinha do Tocantins,TO,17002,Bico do Papagaio
1720101,São Bento do Tocantins,TO,17002,Bico do Papagaio
1720150,São Félix do Tocantins,TO,17006,Capim Dourado
1720200,São Miguel do Tocantins,TO,17002,Bico do Papagaio
1720259,São Salvador do Tocantins,TO,17005,Ilha do Bananal
1720309,São Sebastião do Tocantins,TO,17002,Bico do Papagaio
1720499,São Valério,TO,17005,Ilha do Bananal
1720655,Silvanópolis,TO,17008,Amor Perfeito
1720804,Sítio Novo do Tocantins,TO,17002,Bico do Papagaio
1720853,Sucupira,TO,17005,Ilha do Bananal
1720903,Taguatinga,TO,17003,Sudeste
1720937,Taipas do Tocantins,TO,17003,Sudeste
1720978,Talismã,TO,17005,Ilha do Bananal
1721000,Palmas,TO,17006,Capim Dourado
1721109,Tocantínia,TO,17006,Capim Dourado
1721208,Tocantinópolis,TO,17002,Bico do Papagaio
1721257,Tupirama,TO,17004,Cerrado Tocantins Araguaia
1721307,Tupiratins,TO,17004,Cerrado Tocantins Araguaia
1722081,Wanderlândia,TO,17001,Médio Norte Araguaia
1722107,Xambioá,TO,17001,Médio Norte Araguaia
2100055,Açailândia,MA,21001,Açailândia
2100105,Afonso Cunha,MA,21005,Caxias
2100154,Água Doce do Maranhão,MA,21006,Chapadinha
2100204,Alcântara,MA,21016,São Luís
2100303,Aldeias Altas,MA,21005,Caxias
2100402,Altamira do Maranhão,MA,21002,Bacabal
2100436,Alto Alegre do Maranhão,MA,21007,Codó
2100477,Alto Alegre do Pindaré,MA,21014,Santa Inês
2100501,Alto Parnaíba,MA,21003,Balsas
2100550,Amapá do Maranhão,MA,21019,Zé Doca
2100600,Amarante do Maranhão,MA,21008,Imperatriz
2100709,Anajatuba,MA,21009,Itapecuru Mirim
2100808,Anapurus,MA,21006,Chapadinha
2100832,Apicum-Açu,MA,21011,Pinheiro
2100873,Araguanã,MA,21019,Zé Doca
2100907,Araioses,MA,21006,Chapadinha
2100956,Arame,MA,21004,Barra do Corda
2101004,Arari,MA,21009,Itapecuru Mirim
2101103,Axixá,MA,21013,Rosário
2101202,Bacabal,MA,21002,Bacabal
2101251,Bacabeira,MA,21013,Rosário
2101301,Bacuri,MA,21011,Pinheiro
2101350,Bacurituba,MA,21018,Viana
2101400,Balsas,MA,21003,Balsas
2101509,Barão de Grajaú,MA,21015,São João dos Patos
2101608,Barra do Corda,MA,21004,Barra do Corda
2101707,Barreirinhas,MA,21013,Rosário
2101731,Belágua,MA,21009,Itapecuru Mirim
2101772,Bela Vista do Maranhão,MA,21014,Santa Inês
2101806,Benedito Leite,MA,21015,São João dos Patos
2101905,Bequimão,MA,21011,Pinheiro
2101939,Bernardo do Mearim,MA,21010,Pedreiras
2101970,Boa Vista do Gurupi,MA,21019,Zé Doca
2102002,Bom Jardim,MA,21014,Santa Inês
2102036,Bom Jesus das Selvas,MA,21001,Açailândia
2102077,Bom Lugar,MA,21002,Bacabal
2102101,Brejo,MA,21006,Chapadinha
2102150,Brejo de Areia,MA,21002,Bacabal
2102200,Buriti,MA,21005,Caxias
2102309,Buriti Bravo,MA,21015,São João dos Patos
2102325,Buriticupu,MA,21001,Açailândia
2102358,Buritirana,MA,21008,Imperatriz
2102374,Cachoeira Grande,MA,21013,Rosário
2102408,Cajapió,MA,21018,Viana
2102507,Cajari,MA,21018,Viana
2102556,Campestre do Maranhão,MA,21008,Imperatriz
2102606,Cândido Mendes,MA,21019,Zé Doca
2102705,Cantanhede,MA,21009,Itapecuru Mirim
2102754,Capinzal do Norte,MA,21012,Presidente Dutra
2102804,Carolina,MA,21008,Imperatriz
2102903,Carutapera,MA,21019,Zé Doca
2103000,Caxias,MA,21005,Caxias
2103109,Cedral,MA,21011,Pinheiro
2103125,Central do Maranhão,MA,21011,Pinheiro
2103158,Centro do Guilherme,MA,21019,Zé Doca
2103174,Centro Novo do Maranhão,MA,21019,Zé Doca
2103208,Chapadinha,MA,21006,Chapadinha
2103257,Cidelândia,MA,21001,Açailândia
2103307,Codó,MA,21007,Codó
2103406,Coelho Neto,MA,21005,Caxias
2103505,Colinas,MA,21015,São João dos Patos
2103554,Conceição do Lago-Açu,MA,21002,Bacabal
2103604,Coroatá,MA,21007,Codó
2103703,Cururupu,MA,21011,Pinheiro
2103752,Davinópolis,MA,21008,Imperatriz
2103802,Dom Pedro,MA,21012,Presidente Dutra
2103901,Duque Bacelar,MA,21005,Caxias
2104008,Esperantinópolis,MA,21010,Pedreiras
2104057,Estreito,MA,21008,Imperatriz
2104073,Feira Nova do Maranhão,MA,21003,Balsas
2104081,Fernando Falcão,MA,21004,Barra do Corda
2104099,Formosa da Serra Negra,MA,21003,Balsas
2104107,Fortaleza dos Nogueiras,MA,21003,Balsas
2104206,Fortuna,MA,21012,Presidente Dutra
2104305,Godofredo Viana,MA,21019,Zé Doca
2104404,Gonçalves Dias,MA,21012,Presidente Dutra
2104503,Governador Archer,MA,21012,Presidente Dutra
2104552,Governador Edison Lobão,MA,21008,Imperatriz
2104602,Governador Eugênio Barros,MA,21012,Presidente Dutra
2104628,Governador Luiz Rocha,MA,21012,Presidente Dutra
2104651,Governador Newton Bello,MA,21014,Santa Inês
2104677,Governador Nunes Freire,MA,21019,Zé Doca
2104701,Graça Aranha,MA,21012,Presidente Dutra
2104800,Grajaú,MA,21004,Barra do Corda
2104909,Guimarães,MA,21011,Pinheiro
2105005,Humberto de Campos,MA,21013,Rosário
2105104,Icatu,MA,21013,Rosário
2105153,Igarapé do Meio,MA,21014,Santa Inês
2105203,Igarapé Grande,MA,21010,Pedreiras
2105302,Imperatriz,MA,21008,Imperatriz
2105351,Itaipava do Grajaú,MA,21004,Barra do Corda
2105401,Itapecuru Mirim,MA,21009,Itapecuru Mirim
2105427,Itinga do Maranhão,MA,21001,Açailândia
2105450,Jatobá,MA,21015,São João dos Patos
2105476,Jenipapo dos Vieiras,MA,21004,Barra do Corda
2105500,João Lisboa,MA,21008,Imperatriz
2105609,Joselândia,MA,21012,Presidente Dutra
2105658,Junco do Maranhão,MA,21019,Zé Doca
2105708,Lago da Pedra,MA,21010,Pedreiras
2105807,Lago do Junco,MA,21010,Pedreiras
2105906,Lago Verde,MA,21002,Bacabal
2105922,Lagoa do Mato,MA,21015,São João dos Patos
2105948,Lago dos Rodrigues,MA,21010,Pedreiras
2105963,Lagoa Grande do Maranhão,MA,21010,Pedreiras
2105989,Lajeado Novo,MA,21008,Imperatriz
2106003,Lima Campos,MA,21010,Pedreiras
2106102,Loreto,MA,21003,Balsas
2106201,Luís Domingues,MA,21019,Zé Doca
2106300,Magalhães de Almeida,MA,21006,Chapadinha
2106326,Maracaçumé,MA,21019,Zé Doca
2106359,Marajá do Sena,MA,21002,Bacabal
2106375,Maranhãozinho,MA,21019,Zé Doca
2106409,Mata Roma,MA,21006,Chapadinha
2106508,Matinha,MA,21018,Viana
2106607,Matões,MA,21017,Timon
2106631,Matões do Norte,MA,21009,Itapecuru Mirim
2106672,Milagres do Maranhão,MA,21006,Chapadinha
2106706,Mirador,MA,21015,São João dos Patos
2106755,Miranda do Norte,MA,21009,Itapecuru Mirim
2106805,Mirinzal,MA,21011,Pinheiro
2106904,Monção,MA,21014,Santa Inês
2107001,Montes Altos,MA,21008,Imperatriz
2107100,Morros,MA,21013,Rosário
2107209,Nina Rodrigues,MA,21009,Itapecuru Mirim
2107258,Nova Colinas,MA,21003,Balsas
2107308,Nova Iorque,MA,21015,São João dos Patos
2107357,Nova Olinda do Maranhão,MA,21019,Zé Doca
2107407,Olho d'Água das Cunhãs,MA,21002,Bacabal
2107456,Olinda Nova do Maranhão,MA,21018,Viana
2107506,Paço do Lumiar,MA,21016,São Luís
2107605,Palmeirândia,MA,21018,Viana
2107704,Paraibano,MA,21015,São João dos Patos
2107803,Parnarama,MA,21017,Timon
2107902,Passagem Franca,MA,21015,São João dos Patos
2108009,Pastos Bons,MA,21015,São João dos Patos
2108058,Paulino Neves,MA,21006,Chapadinha
2108108,Paulo Ramos,MA,21002,Bacabal
2108207,Pedreiras,MA,21010,Pedreiras
2108256,Pedro do Rosário,MA,21011,Pinheiro
2108306,Penalva,MA,21018,Viana
2108405,Peri Mirim,MA,21011,Pinheiro
2108454,Peritoró,MA,21007,Codó
2108504,Pindaré-Mirim,MA,21014,Santa Inês
2108603,Pinheiro,MA,21011,Pinheiro
2108702,Pio XII,MA,21014,Santa Inês
2108801,Pirapemas,MA,21009,Itapecuru Mirim
2108900,Poção de Pedras,MA,21010,Pedreiras
2109007,Porto Franco,MA,21008,Imperatriz
2109056,Porto Rico do Maranhão,MA,21011,Pinheiro
2109106,Presidente Dutra,MA,21012,Presidente Dutra
2109205,Presidente Juscelino,MA,21013,Rosário
2109239,Presidente Médici,MA,21019,Zé Doca
2109270,Presidente Sarney,MA,21011,Pinheiro
2109304,Presidente Vargas,MA,21009,Itapecuru Mirim
2109403,Primeira Cruz,MA,21013,Rosário
2109452,Raposa,MA,21016,São Luís
2109502,Riachão,MA,21003,Balsas
2109551,Ribamar Fiquene,MA,21008,Imperatriz
2109601,Rosário,MA,21013,Rosário
2109700,Sambaíba,MA,21003,Balsas
2109759,Santa Filomena do Maranhão,MA,21012,Presidente Dutra
2109809,Santa Helena,MA,21011,Pinheiro
2109908,Santa Inês,MA,21014,Santa Inês
2110005,Santa Luzia,MA,21014,Santa Inês
2110039,Santa Luzia do Paruá,MA,21019,Zé Doca
2110104,Santa Quitéria do Maranhão,MA,21006,Chapadinha
2110203,Santa Rita,MA,21013,Rosário
2110237,Santana do Maranhão,MA,21006,Chapadinha
2110278,Santo Amaro do Maranhão,MA,21013,Rosário
2110302,Santo Antônio dos Lopes,MA,21012,Presidente Dutra
2110401,São Benedito do Rio Preto,MA,21009,Itapecuru Mirim
2110500,São Bento,MA,21018,Viana
2110609,São Bernardo,MA,21006,Chapadinha
2110658,São Domingos do Azeitão,MA,21015,São João dos Patos
2110708,São Domingos do Maranhão,MA,21012,Presidente Dutra
2110807,São Félix de Balsas,MA,21003,Balsas
2110856,São Francisco do Brejão,MA,21001,Açailândia
2110906,São Francisco do Maranhão,MA,21017,Timon
2111003,São João Batista,MA,21018,Viana
2111029,São João do Carú,MA,21014,Santa Inês
2111052,São João do Paraíso,MA,21008,Imperatriz
2111078,São João do Soter,MA,21005,Caxias
2111102,São João dos Patos,MA,21015,São João dos Patos
2111201,São José de Ribamar,MA,21016,São Luís
2111250,São José dos Basílios,MA,21012,Presidente Dutra
2111300,São Luís,MA,21016,São Luís
2111409,São Luís Gonzaga do Maranhão,MA,21002,Bacabal
2111508,São Mateus do Maranhão,MA,21007,Codó
2111532,São Pedro da Água Branca,MA,21001,Açailândia
2111573,São Pedro dos Crentes,MA,21003,Balsas
2111607,São Raimundo das Mangabeiras,MA,21003,Balsas
2111631,São Raimundo do Doca Bezerra,MA,21010,Pedreiras
2111672,São Roberto,MA,21010,Pedreiras
2111706,São Vicente Ferrer,MA,21018,Viana
2111722,Satubinha,MA,21014,Santa Inês
2111748,Senador Alexandre Costa,MA,21012,Presidente Dutra
2111763,Senador La Rocque,MA,21008,Imperatriz
2111789,Serrano do Maranhão,MA,21011,Pinheiro
2111805,Sítio Novo,MA,21008,Imperatriz
2111904,Sucupira do Norte,MA,21015,São João dos Patos
2111953,Sucupira do Riachão,MA,21015,São João dos Patos
2112001,Tasso Fragoso,MA,21003,Balsas
2112100,Timbiras,MA,21007,Codó
2112209,Timon,MA,21017,Timon
2112233,Trizidela do Vale,MA,21010,Pedreiras
2112274,Tufilândia,MA,21014,Santa Inês
2112308,Tuntum,MA,21012,Presidente Dutra
2112407,Turiaçu,MA,21011,Pinheiro
2112456,Turilândia,MA,21011,Pinheiro
2112506,Tutóia,MA,21006,Chapadinha
2112605,Urbano Santos,MA,21009,Itapecuru Mirim
2112704,Vargem Grande,MA,21009,Itapecuru Mirim
2112803,Viana,MA,21018,Viana
2112852,Vila Nova dos Martírios,MA,21001,Açailândia
2112902,Vitória do Mearim,MA,21009,Itapecuru Mirim
2113009,Vitorino Freire,MA,21002,Bacabal
2114007,Zé Doca,MA,21019,Zé Doca
2200053,Acauã,PI,22012,Chapada Vale do Rio Itaim
2200103,Agricolândia,PI,22004,Entre Rios
2200202,Água Branca,PI,22004,Entre Rios
2200251,Alagoinha do Piauí,PI,22009,Vale do Rio Guaribas
2200277,Alegrete do Piauí,PI,22009,Vale do Rio Guaribas
2200301,Alto Longá,PI,22004,Entre Rios
2200400,Altos,PI,22004,Entre Rios
2200459,Alvorada do Gurguéia,PI,22002,Chapada das Mangabeiras
2200509,Amarante,PI,22004,Entre Rios
2200608,Angical do Piauí,PI,22004,Entre Rios
2200707,Anísio de Abreu,PI,22006,Serra da Capivara
2200806,Antônio Almeida,PI,22007,Tabuleiros do Alto Parnaíba
2200905,Aroazes,PI,22010,Vale do Sambito
2200954,Aroeiras do Itaim,PI,22009,Vale do Rio Guaribas
2201002,Arraial,PI,22011,Vale dos Rios Piauí e Itaueiras
2201051,Assunção do Piauí,PI,22001,Carnaubais
2201101,Avelino Lopes,PI,22002,Chapada das Mangabeiras
2201150,Baixa Grande do Ribeiro,PI,22007,Tabuleiros do Alto Parnaíba
2201176,Barra D'Alcântara,PI,22010,Vale do Sambito
2201200,Barras,PI,22003,Cocais
2201309,Barreiras do Piauí,PI,22002,Chapada das Mangabeiras
2201408,Barro Duro,PI,22004,Entre Rios
2201507,Batalha,PI,22003,Cocais
2201556,Bela Vista do Piauí,PI,22008,Vale do Canindé
2201572,Belém do Piauí,PI,22012,Chapada Vale do Rio Itaim
2201606,Beneditinos,PI,22004,Entre Rios
2201705,Bertolínia,PI,22011,Vale dos Rios Piauí e Itaueiras
2201739,Betânia do Piauí,PI,22012,Chapada Vale do Rio Itaim
2201770,Boa Hora,PI,22001,Carnaubais
2201804,Bocaina,PI,22009,Vale do Rio Guaribas
2201903,Bom Jesus,PI,22002,Chapada das Mangabeiras
2201919,Bom Princípio do Piauí,PI,22005,Planície Litorânea
2201929,Bonfim do Piauí,PI,22006,Serra da Capivara
2201945,Boqueirão do Piauí,PI,22001,Carnaubais
2201960,Brasileira,PI,22003,Cocais
2201988,Brejo do Piauí,PI,22011,Vale dos Rios Piauí e Itaueiras
2202000,Buriti dos Lopes,PI,22005,Planície Litorânea
2202026,Buriti dos Montes,PI,22001,Carnaubais
2202059,Cabeceiras do Piauí,PI,22001,Carnaubais
2202075,Cajazeiras do Piauí,PI,22008,Vale do Canindé
2202083,Cajueiro da Praia,PI,22005,Planície Litorânea
2202091,Caldeirão Grande do Piauí,PI,22012,Chapada Vale do Rio Itaim
2202109,Campinas do Piauí,PI,22008,Vale do Canindé
2202117,Campo Alegre do Fidalgo,PI,22006,Serra da Capivara
2202133,Campo Grande do Piauí,PI,22009,Vale do Rio Guaribas
2202174,Campo Largo do Piauí,PI,22003,Cocais
2202208,Campo Maior,PI,22001,Carnaubais
2202251,Canavieira,PI,22011,Vale dos Rios Piauí e Itaueiras
2202307,Canto do Buriti,PI,22011,Vale dos Rios Piauí e Itaueiras
2202406,Capitão de Campos,PI,22003,Cocais
2202455,Capitão Gervásio Oliveira,PI,22006,Serra da Capivara
2202505,Caracol,PI,22006,Serra da Capivara
2202539,Caraúbas do Piauí,PI,22005,Planície Litorânea
2202554,Caridade do Piauí,PI,22012,Chapada Vale do Rio Itaim
2202604,Castelo do Piauí,PI,22001,Carnaubais
2202653,Caxingó,PI,22005,Planície Litorânea
2202703,Cocal,PI,22005,Planície Litorânea
2202711,Cocal de Telha,PI,22001,Carnaubais
2202729,Cocal dos Alves,PI,22005,Planície Litorânea
2202737,Coivaras,PI,22004,Entre Rios
2202752,Colônia do Gurguéia,PI,22011,Vale dos Rios Piauí e Itaueiras
2202778,Colônia do Piauí,PI,22008,Vale do Canindé
2202802,Conceição do Canindé,PI,22008,Vale do Canindé
2202851,Coronel José Dias,PI,22006,Serra da Capivara
2202901,Corrente,PI,22002,Chapada das Mangabeiras
2203008,Cristalândia do Piauí,PI,22002,Chapada das Mangabeiras
2203107,Cristino Castro,PI,22002,Chapada das Mangabeiras
2203206,Curimatá,PI,22002,Chapada das Mangabeiras
2203230,Currais,PI,22002,Chapada das Mangabeiras
2203255,Curralinhos,PI,22004,Entre Rios
2203271,Curral Novo do Piauí,PI,22012,Chapada Vale do Rio Itaim
2203305,Demerval Lobão,PI,22004,Entre Rios
2203354,Dirceu Arcoverde,PI,22006,Serra da Capivara
2203404,Dom Expedito Lopes,PI,22009,Vale do Rio Guaribas
2203420,Domingos Mourão,PI,22003,Cocais
2203453,Dom Inocêncio,PI,22006,Serra da Capivara
2203503,Elesbão Veloso,PI,22010,Vale do Sambito
2203602,Eliseu Martins,PI,22011,Vale dos Rios Piauí e Itaueiras
2203701,Esperantina,PI,22003,Cocais
2203750,Fartura do Piauí,PI,22006,Serra da Capivara
2203800,Flores do Piauí,PI,22011,Vale dos Rios Piauí e Itaueiras
2203859,Floresta do Piauí,PI,22008,Vale do Canindé
2203909,Floriano,PI,22011,Vale dos Rios Piauí e Itaueiras
2204006,Francinópolis,PI,22010,Vale do Sambito
2204105,Francisco Ayres,PI,22011,Vale dos Rios Piauí e Itaueiras
2204154,Francisco Macedo,PI,22012,Chapada Vale do Rio Itaim
2204204,Francisco Santos,PI,22009,Vale do Rio Guaribas
2204303,Fronteiras,PI,22009,Vale do Rio Guaribas
2204352,Geminiano,PI,22009,Vale do Rio Guaribas
2204402,Gilbués,PI,22002,Chapada das Mangabeiras
2204501,Guadalupe,PI,22011,Vale dos Rios Piauí e Itaueiras
2204550,Guaribas,PI,22006,Serra da Capivara
2204600,Hugo Napoleão,PI,22004,Entre Rios
2204659,Ilha Grande,PI,22005,Planície Litorânea
2204709,Inhuma,PI,22010,Vale do Sambito
2204808,Ipiranga do Piauí,PI,22009,Vale do Rio Guaribas
2204907,Isaías Coelho,PI,22008,Vale do Canindé
2205003,Itainópolis,PI,22009,Vale do Rio Guaribas
2205102,Itaueira,PI,22011,Vale dos Rios Piauí e Itaueiras
2205151,Jacobina do Piauí,PI,22012,Chapada Vale do Rio Itaim
2205201,Jaicós,PI,22012,Chapada Vale do Rio Itaim
2205250,Jardim do Mulato,PI,22004,Entre Rios
2205276,Jatobá do Piauí,PI,22001,Carnaubais
2205300,Jerumenha,PI,22011,Vale dos Rios Piauí e Itaueiras
2205359,João Costa,PI,22006,Serra da Capivara
2205409,Joaquim Pires,PI,22003,Cocais
2205458,Joca Marques,PI,22003,Cocais
2205508,José de Freitas,PI,22004,Entre Rios
2205516,Juazeiro do Piauí,PI,22001,Carnaubais
2205524,Júlio Borges,PI,22002,Chapada das Mangabeiras
2205532,Jurema,PI,22006,Serra da Capivara
2205540,Lagoinha do Piauí,PI,22004,Entre Rios
2205557,Lagoa Alegre,PI,22004,Entre Rios
2205565,Lagoa do Barro do Piauí,PI,22006,Serra da Capivara
2205573,Lagoa de São Francisco,PI,22003,Cocais
2205581,Lagoa do Piauí,PI,22004,Entre Rios
2205599,Lagoa do Sítio,PI,22010,Vale do Sambito
2205607,Landri Sales,PI,22011,Vale dos Rios Piauí e Itaueiras
2205706,Luís Correia,PI,22005,Planície Litorânea
2205805,Luzilândia,PI,22003,Cocais
2205854,Madeiro,PI,22003,Cocais
2205904,Manoel Emídio,PI,22011,Vale dos Rios Piauí e Itaueiras
2205953,Marcolândia,PI,22012,Chapada Vale do Rio Itaim
2206001,Marcos Parente,PI,22011,Vale dos Rios Piauí e Itaueiras
2206050,Massapê do Piauí,PI,22012,Chapada Vale do Rio Itaim
2206100,Matias Olímpio,PI,22003,Cocais
2206209,Miguel Alves,PI,22004,Entre Rios
2206308,Miguel Leão,PI,22004,Entre Rios
2206357,Milton Brandão,PI,22003,Cocais
2206407,Monsenhor Gil,PI,22004,Entre Rios
2206506,Monsenhor Hipólito,PI,22009,Vale do Rio Guaribas
2206605,Monte Alegre do Piauí,PI,22002,Chapada das Mangabeiras
2206654,Morro Cabeça no Tempo,PI,22002,Chapada das Mangabeiras
2206670,Morro do Chapéu do Piauí,PI,22003,Cocais
2206696,Murici dos Portelas,PI,22005,Planície Litorânea
2206704,Nazaré do Piauí,PI,22011,Vale dos Rios Piauí e Itaueiras
2206720,Nazária,PI,22004,Entre Rios
2206753,Nossa Senhora de Nazaré,PI,22001,Carnaubais
2206803,Nossa Senhora dos Remédios,PI,22003,Cocais
2206902,Novo Oriente do Piauí,PI,22010,Vale do Sambito
2206951,Novo Santo Antônio,PI,22001,Carnaubais
2207009,Oeiras,PI,22008,Vale do Canindé
2207108,Olho D'Água do Piauí,PI,22004,Entre Rios
2207207,Padre Marcos,PI,22012,Chapada Vale do Rio Itaim
2207306,Paes Landim,PI,22011,Vale dos Rios Piauí e Itaueiras
2207355,Pajeú do Piauí,PI,22011,Vale dos Rios Piauí e Itaueiras
2207405,Palmeira do Piauí,PI,22002,Chapada das Mangabeiras
2207504,Palmeirais,PI,22004,Entre Rios
2207553,Paquetá,PI,22009,Vale do Rio Guaribas
2207603,Parnaguá,PI,22002,Chapada das Mangabeiras
2207702,Parnaíba,PI,22005,Planície Litorânea
2207751,Passagem Franca do Piauí,PI,22004,Entre Rios
2207777,Patos do Piauí,PI,22012,Chapada Vale do Rio Itaim
2207793,Pau D'Arco do Piauí,PI,22004,Entre Rios
2207801,Paulistana,PI,22012,Chapada Vale do Rio Itaim
2207850,Pavussu,PI,22011,Vale dos Rios Piauí e Itaueiras
2207900,Pedro II,PI,22003,Cocais
2207934,Pedro Laurentino,PI,22006,Serra da Capivara
2207959,Nova Santa Rita,PI,22006,Serra da Capivara
2208007,Picos,PI,22009,Vale do Rio Guaribas
2208106,Pimenteiras,PI,22010,Vale do Sambito
2208205,Pio IX,PI,22009,Vale do Rio Guaribas
2208304,Piracuruca,PI,22003,Cocais
2208403,Piripiri,PI,22003,Cocais
2208502,Porto,PI,22003,Cocais
2208551,Porto Alegre do Piauí,PI,22011,Vale dos Rios Piauí e Itaueiras
2208601,Prata do Piauí,PI,22010,Vale do Sambito
2208650,Queimada Nova,PI,22012,Chapada Vale do Rio Itaim
2208700,Redenção do Gurguéia,PI,22002,Chapada das Mangabeiras
2208809,Regeneração,PI,22004,Entre Rios
2208858,Riacho Frio,PI,22002,Chapada das Mangabeiras
2208874,Ribeira do Piauí,PI,22011,Vale dos Rios Piauí e Itaueiras
2208908,Ribeiro Gonçalves,PI,22007,Tabuleiros do Alto Parnaíba
2209005,Rio Grande do Piauí,PI,22011,Vale dos Rios Piauí e Itaueiras
2209104,Santa Cruz do Piauí,PI,22009,Vale do Rio Guaribas
2209153,Santa Cruz dos Milagres,PI,22010,Vale do Sambito
2209203,Santa Filomena,PI,22002,Chapada das Mangabeiras
2209302,Santa Luz,PI,22002,Chapada das Mangabeiras
2209351,Santana do Piauí,PI,22009,Vale do Rio Guaribas
2209377,Santa Rosa do Piauí,PI,22008,Vale do Canindé
2209401,Santo Antônio de Lisboa,PI,22009,Vale do Rio Guaribas
2209450,Santo Antônio dos Milagres,PI,22004,Entre Rios
2209500,Santo Inácio do Piauí,PI,22008,Vale do Canindé
2209559,São Braz do Piauí,PI,22006,Serra da Capivara
2209609,São Félix do Piauí,PI,22010,Vale do Sambito
2209658,São Francisco de Assis do Piauí,PI,22008,Vale do Canindé
2209708,São Francisco do Piauí,PI,22011,Vale dos Rios Piauí e Itaueiras
2209757,São Gonçalo do Gurguéia,PI,22002,Chapada das Mangabeiras
2209807,São Gonçalo do Piauí,PI,22004,Entre Rios
2209856,São João da Canabrava,PI,22009,Vale do Rio Guaribas
2209872,São João da Fronteira,PI,22003,Cocais
2209906,São João da Serra,PI,22001,Carnaubais
2209955,São João da Varjota,PI,22008,Vale do Canindé
2209971,São João do Arraial,PI,22003,Cocais
2210003,São João do Piauí,PI,22006,Serra da Capivara
2210052,São José do Divino,PI,22003,Cocais
2210102,São José do Peixe,PI,22011,Vale dos Rios Piauí e Itaueiras
2210201,São José do Piauí,PI,22009,Vale do Rio Guaribas
2210300,São Julião,PI,22009,Vale do Rio Guaribas
2210359,São Lourenço do Piauí,PI,22006,Serra da Capivara
2210375,São Luis do Piauí,PI,22009,Vale do Rio Guaribas
2210383,São Miguel da Baixa Grande,PI,22010,Vale do Sambito
2210391,São Miguel do Fidalgo,PI,22011,Vale dos Rios Piauí e Itaueiras
2210409,São Miguel do Tapuio,PI,22001,Carnaubais
2210508,São Pedro do Piauí,PI,22004,Entre Rios
2210607,São Raimundo Nonato,PI,22006,Serra da Capivara
2210623,Sebastião Barros,PI,22002,Chapada das Mangabeiras
2210631,Sebastião Leal,PI,22007,Tabuleiros do Alto Parnaíba
2210656,Sigefredo Pacheco,PI,22001,Carnaubais
2210706,Simões,PI,22012,Chapada Vale do Rio Itaim
2210805,Simplício Mendes,PI,22008,Vale do Canindé
2210904,Socorro do Piauí,PI,22011,Vale dos Rios Piauí e Itaueiras
2210938,Sussuapara,PI,22009,Vale do Rio Guaribas
2210953,Tamboril do Piauí,PI,22011,Vale dos Rios Piauí e Itaueiras
2210979,Tanque do Piauí,PI,22008,Vale do Canindé
2211001,Teresina,PI,22004,Entre Rios
2211100,União,PI,22004,Entre Rios
2211209,Uruçuí,PI,22007,Tabuleiros do Alto Parnaíba
2211308,Valença do Piauí,PI,22010,Vale do Sambito
2211357,Várzea Branca,PI,22006,Serra da Capivara
2211407,Várzea Grande,PI,22010,Vale do Sambito
2211506,Vera Mendes,PI,22009,Vale do Rio Guaribas
2211605,Vila Nova do Piauí,PI,22009,Vale do Rio Guaribas
2211704,Wall Ferraz,PI,22009,Vale do Rio Guaribas
2300101,Abaiara,CE,23023,2ª RS Cariri
2300150,Acarape,CE,23001,1ª RS Fortaleza
2300200,Acaraú,CE,23011,5ª  RS Sobral
2300309,Acopiara,CE,23023,2ª RS Cariri
2300408,Aiuaba,CE,23024,3ª RS Sertão Central
2300507,Alcântaras,CE,23011,5ª  RS Sobral
2300606,Altaneira,CE,23023,2ª RS Cariri
2300705,Alto Santo,CE,23025,4ª RS Litoral Leste/Jaguaribe
2300754,Amontada,CE,23001,1ª RS Fortaleza
2300804,Antonina do Norte,CE,23023,2ª RS Cariri
2300903,Apuiarés,CE,23001,1ª RS Fortaleza
2301000,Aquiraz,CE,23001,1ª RS Fortaleza
2301109,Aracati,CE,23025,4ª RS Litoral Leste/Jaguaribe
2301208,Aracoiaba,CE,23001,1ª RS Fortaleza
2301257,Ararendá,CE,23011,5ª  RS Sobral
2301307,Araripe,CE,23023,2ª RS Cariri
2301406,Aratuba,CE,23001,1ª RS Fortaleza
2301505,Arneiroz,CE,23024,3ª RS Sertão Central
2301604,Assaré,CE,23023,2ª RS Cariri
2301703,Aurora,CE,23023,2ª RS Cariri
2301802,Baixio,CE,23023,2ª RS Cariri
2301851,Banabuiú,CE,23024,3ª RS Sertão Central
2301901,Barbalha,CE,23023,2ª RS Cariri
2301950,Barreira,CE,23001,1ª RS Fortaleza
2302008,Barro,CE,23023,2ª RS Cariri
2302057,Barroquinha,CE,23011,5ª  RS Sobral
2302107,Baturité,CE,23001,1ª RS Fortaleza
2302206,Beberibe,CE,23001,1ª RS Fortaleza
2302305,Bela Cruz,CE,23011,5ª  RS Sobral
2302404,Boa Viagem,CE,23024,3ª RS Sertão Central
2302503,Brejo Santo,CE,23023,2ª RS Cariri
2302602,Camocim,CE,23011,5ª  RS Sobral
2302701,Campos Sales,CE,23023,2ª RS Cariri
2302800,Canindé,CE,23024,3ª RS Sertão Central
2302909,Capistrano,CE,23001,1ª RS Fortaleza
2303006,Caridade,CE,23024,3ª RS Sertão Central
2303105,Cariré,CE,23011,5ª  RS Sobral
2303204,Caririaçu,CE,23023,2ª RS Cariri
2303303,Cariús,CE,23023,2ª RS Cariri
2303402,Carnaubal,CE,23011,5ª  RS Sobral
2303501,Cascavel,CE,23001,1ª RS Fortaleza
2303600,Catarina,CE,23023,2ª RS Cariri
2303659,Catunda,CE,23011,5ª  RS Sobral
2303709,Caucaia,CE,23001,1ª RS Fortaleza
2303808,Cedro,CE,23023,2ª RS Cariri
2303907,Chaval,CE,23011,5ª  RS Sobral
2303931,Choró,CE,23024,3ª RS Sertão Central
2303956,Chorozinho,CE,23001,1ª RS Fortaleza
2304004,Coreaú,CE,23011,5ª  RS Sobral
2304103,Crateús,CE,23011,5ª  RS Sobral
2304202,Crato,CE,23023,2ª RS Cariri
2304236,Croatá,CE,23011,5ª  RS Sobral
2304251,Cruz,CE,23011,5ª  RS Sobral
2304269,Deputado Irapuan Pinheiro,CE,23023,2ª RS Cariri
2304277,Ereré,CE,23025,4ª RS Litoral Leste/Jaguaribe
2304285,Eusébio,CE,23001,1ª RS Fortaleza
2304301,Farias Brito,CE,23023,2ª RS Cariri
2304350,Forquilha,CE,23011,5ª  RS Sobral
2304400,Fortaleza,CE,23001,1ª RS Fortaleza
2304459,Fortim,CE,23025,4ª RS Litoral Leste/Jaguaribe
2304509,Frecheirinha,CE,23011,5ª  RS Sobral
2304608,General Sampaio,CE,23001,1ª RS Fortaleza
2304657,Graça,CE,23011,5ª  RS Sobral
2304707,Granja,CE,23011,5ª  RS Sobral
2304806,Granjeiro,CE,23023,2ª RS Cariri
2304905,Groaíras,CE,23011,5ª  RS Sobral
2304954,Guaiúba,CE,23001,1ª RS Fortaleza
2305001,Guaraciaba do Norte,CE,23011,5ª  RS Sobral
2305100,Guaramiranga,CE,23001,1ª RS Fortaleza
2305209,Hidrolândia,CE,23011,5ª  RS Sobral
2305233,Horizonte,CE,23001,1ª RS Fortaleza
2305266,Ibaretama,CE,23024,3ª RS Sertão Central
2305308,Ibiapina,CE,23011,5ª  RS Sobral
2305332,Ibicuitinga,CE,23024,3ª RS Sertão Central
2305357,Icapuí,CE,23025,4ª RS Litoral Leste/Jaguaribe
2305407,Icó,CE,23023,2ª RS Cariri
2305506,Iguatu,CE,23023,2ª RS Cariri
2305605,Independência,CE,23011,5ª  RS Sobral
2305654,Ipaporanga,CE,23011,5ª  RS Sobral
2305704,Ipaumirim,CE,23023,2ª RS Cariri
2305803,Ipu,CE,23011,5ª  RS Sobral
2305902,Ipueiras,CE,23011,5ª  RS Sobral
2306009,Iracema,CE,23025,4ª RS Litoral Leste/Jaguaribe
2306108,Irauçuba,CE,23011,5ª  RS Sobral
2306207,Itaiçaba,CE,23025,4ª RS Litoral Leste/Jaguaribe
2306256,Itaitinga,CE,23001,1ª RS Fortaleza
2306306,Itapajé,CE,23001,1ª RS Fortaleza
2306405,Itapipoca,CE,23001,1ª RS Fortaleza
2306504,Itapiúna,CE,23001,1ª RS Fortaleza
2306553,Itarema,CE,23011,5ª  RS Sobral
2306603,Itatira,CE,23024,3ª RS Sertão Central
2306702,Jaguaretama,CE,23025,4ª RS Litoral Leste/Jaguaribe
2306801,Jaguaribara,CE,23025,4ª RS Litoral Leste/Jaguaribe
2306900,Jaguaribe,CE,23025,4ª RS Litoral Leste/Jaguaribe
2307007,Jaguaruana,CE,23025,4ª RS Litoral Leste/Jaguaribe
2307106,Jardim,CE,23023,2ª RS Cariri
2307205,Jati,CE,23023,2ª RS Cariri
2307254,Jijoca de Jericoacoara,CE,23011,5ª  RS Sobral
2307304,Juazeiro do Norte,CE,23023,2ª RS Cariri
2307403,Jucás,CE,23023,2ª RS Cariri
2307502,Lavras da Mangabeira,CE,23023,2ª RS Cariri
2307601,Limoeiro do Norte,CE,23025,4ª RS Litoral Leste/Jaguaribe
2307635,Madalena,CE,23024,3ª RS Sertão Central
2307650,Maracanaú,CE,23001,1ª RS Fortaleza
2307700,Maranguape,CE,23001,1ª RS Fortaleza
2307809,Marco,CE,23011,5ª  RS Sobral
2307908,Martinópole,CE,23011,5ª  RS Sobral
2308005,Massapê,CE,23011,5ª  RS Sobral
2308104,Mauriti,CE,23023,2ª RS Cariri
2308203,Meruoca,CE,23011,5ª  RS Sobral
2308302,Milagres,CE,23023,2ª RS Cariri
2308351,Milhã,CE,23024,3ª RS Sertão Central
2308377,Miraíma,CE,23001,1ª RS Fortaleza
2308401,Missão Velha,CE,23023,2ª RS Cariri
2308500,Mombaça,CE,23023,2ª RS Cariri
2308609,Monsenhor Tabosa,CE,23011,5ª  RS Sobral
2308708,Morada Nova,CE,23025,4ª RS Litoral Leste/Jaguaribe
2308807,Moraújo,CE,23011,5ª  RS Sobral
2308906,Morrinhos,CE,23011,5ª  RS Sobral
2309003,Mucambo,CE,23011,5ª  RS Sobral
2309102,Mulungu,CE,23001,1ª RS Fortaleza
2309201,Nova Olinda,CE,23023,2ª RS Cariri
2309300,Nova Russas,CE,23011,5ª  RS Sobral
2309409,Novo Oriente,CE,23011,5ª  RS Sobral
2309458,Ocara,CE,23001,1ª RS Fortaleza
2309508,Orós,CE,23023,2ª RS Cariri
2309607,Pacajus,CE,23001,1ª RS Fortaleza
2309706,Pacatuba,CE,23001,1ª RS Fortaleza
2309805,Pacoti,CE,23001,1ª RS Fortaleza
2309904,Pacujá,CE,23011,5ª  RS Sobral
2310001,Palhano,CE,23025,4ª RS Litoral Leste/Jaguaribe
2310100,Palmácia,CE,23001,1ª RS Fortaleza
2310209,Paracuru,CE,23001,1ª RS Fortaleza
2310258,Paraipaba,CE,23001,1ª RS Fortaleza
2310308,Parambu,CE,23024,3ª RS Sertão Central
2310407,Paramoti,CE,23024,3ª RS Sertão Central
2310506,Pedra Branca,CE,23024,3ª RS Sertão Central
2310605,Penaforte,CE,23023,2ª RS Cariri
2310704,Pentecoste,CE,23001,1ª RS Fortaleza
2310803,Pereiro,CE,23025,4ª RS Litoral Leste/Jaguaribe
2310852,Pindoretama,CE,23001,1ª RS Fortaleza
2310902,Piquet Carneiro,CE,23023,2ª RS Cariri
2310951,Pires Ferreira,CE,23011,5ª  RS Sobral
2311009,Poranga,CE,23011,5ª  RS Sobral
2311108,Porteiras,CE,23023,2ª RS Cariri
2311207,Potengi,CE,23023,2ª RS Cariri
2311231,Potiretama,CE,23025,4ª RS Litoral Leste/Jaguaribe
2311264,Quiterianópolis,CE,23011,5ª  RS Sobral
2311306,Quixadá,CE,23024,3ª RS Sertão Central
2311355,Quixelô,CE,23023,2ª RS Cariri
2311405,Quixeramobim,CE,23024,3ª RS Sertão Central
2311504,Quixeré,CE,23025,4ª RS Litoral Leste/Jaguaribe
2311603,Redenção,CE,23001,1ª RS Fortaleza
2311702,Reriutaba,CE,23011,5ª  RS Sobral
2311801,Russas,CE,23025,4ª RS Litoral Leste/Jaguaribe
2311900,Saboeiro,CE,23023,2ª RS Cariri
2311959,Salitre,CE,23023,2ª RS Cariri
2312007,Santana do Acaraú,CE,23011,5ª  RS Sobral
2312106,Santana do Cariri,CE,23023,2ª RS Cariri
2312205,Santa Quitéria,CE,23011,5ª  RS Sobral
2312304,São Benedito,CE,23011,5ª  RS Sobral
2312403,São Gonçalo do Amarante,CE,23001,1ª RS Fortaleza
2312502,São João do Jaguaribe,CE,23025,4ª RS Litoral Leste/Jaguaribe
2312601,São Luís do Curu,CE,23001,1ª RS Fortaleza
2312700,Senador Pompeu,CE,23024,3ª RS Sertão Central
2312809,Senador Sá,CE,23011,5ª  RS Sobral
2312908,Sobral,CE,23011,5ª  RS Sobral
2313005,Solonópole,CE,23024,3ª RS Sertão Central
2313104,Tabuleiro do Norte,CE,23025,4ª RS Litoral Leste/Jaguaribe
2313203,Tamboril,CE,23011,5ª  RS Sobral
2313252,Tarrafas,CE,23023,2ª RS Cariri
2313302,Tauá,CE,23024,3ª RS Sertão Central
2313351,Tejuçuoca,CE,23001,1ª RS Fortaleza
2313401,Tianguá,CE,23011,5ª  RS Sobral
2313500,Trairi,CE,23001,1ª RS Fortaleza
2313559,Tururu,CE,23001,1ª RS Fortaleza
2313609,Ubajara,CE,23011,5ª  RS Sobral
2313708,Umari,CE,23023,2ª RS Cariri
2313757,Umirim,CE,23001,1ª RS Fortaleza
2313807,Uruburetama,CE,23001,1ª RS Fortaleza
2313906,Uruoca,CE,23011,5ª  RS Sobral
2313955,Varjota,CE,23011,5ª  RS Sobral
2314003,Várzea Alegre,CE,23023,2ª RS Cariri
2314102,Viçosa do Ceará,CE,23011,5ª  RS Sobral
2400109,Acari,RN,24004,4ª Região de Saúde - Caicó
2400208,Açu,RN,24008,8ª Região de Saúde - Açu
2400307,Afonso Bezerra,RN,24003,3ª Região de Saúde - João Câmara
2400406,Água Nova,RN,24006,6ª Região de Saúde - Pau dos Ferros
2400505,Alexandria,RN,24006,6ª Região de Saúde - Pau dos Ferros
2400604,Almino Afonso,RN,24006,6ª Região de Saúde - Pau dos Ferros
2400703,Alto do Rodrigues,RN,24008,8ª Região de Saúde - Açu
2400802,Angicos,RN,24008,8ª Região de Saúde - Açu
2400901,Antônio Martins,RN,24006,6ª Região de Saúde - Pau dos Ferros
2401008,Apodi,RN,24002,2ª Região de Saúde - Mossoró
2401107,Areia Branca,RN,24002,2ª Região de Saúde - Mossoró
2401206,Arês,RN,24001,1ª Região de Saúde - São José de Mipibu
2401305,Campo Grande,RN,24002,2ª Região de Saúde - Mossoró
2401404,Baía Formosa,RN,24001,1ª Região de Saúde - São José de Mipibu
2401453,Baraúna,RN,24002,2ª Região de Saúde - Mossoró
2401503,Barcelona,RN,24005,5ª Região de Saúde - Santa Cruz
2401602,Bento Fernandes,RN,24003,3ª Região de Saúde - João Câmara
2401651,Bodó,RN,24004,4ª Região de Saúde - Caicó
2401701,Bom Jesus,RN,24005,5ª Região de Saúde - Santa Cruz
2401800,Brejinho,RN,24001,1ª Região de Saúde - São José de Mipibu
2401859,Caiçara do Norte,RN,24003,3ª Região de Saúde - João Câmara
2401909,Caiçara do Rio do Vento,RN,24003,3ª Região de Saúde - João Câmara
2402006,Caicó,RN,24004,4ª Região de Saúde - Caicó
2402105,Campo Redondo,RN,24005,5ª Região de Saúde - Santa Cruz
2402204,Canguaretama,RN,24001,1ª Região de Saúde - São José de Mipibu
2402303,Caraúbas,RN,24002,2ª Região de Saúde - Mossoró
2402402,Carnaúba dos Dantas,RN,24004,4ª Região de Saúde - Caicó
2402501,Carnaubais,RN,24008,8ª Região de Saúde - Açu
2402600,Ceará-Mirim,RN,24003,3ª Região de Saúde - João Câmara
2402709,Cerro Corá,RN,24004,4ª Região de Saúde - Caicó
2402808,Coronel Ezequiel,RN,24005,5ª Região de Saúde - Santa Cruz
2402907,Coronel João Pessoa,RN,24006,6ª Região de Saúde - Pau dos Ferros
2403004,Cruzeta,RN,24004,4ª Região de Saúde - Caicó
2403103,Currais Novos,RN,24004,4ª Região de Saúde - Caicó
2403202,Doutor Severiano,RN,24006,6ª Região de Saúde - Pau dos Ferros
2403251,Parnamirim,RN,24007,7ª Região de Saúde - Metropolitana
2403301,Encanto,RN,24006,6ª Região de Saúde - Pau dos Ferros
2403400,Equador,RN,24004,4ª Região de Saúde - Caicó
2403509,Espírito Santo,RN,24001,1ª Região de Saúde - São José de Mipibu
2403608,Extremoz,RN,24007,7ª Região de Saúde - Metropolitana
2403707,Felipe Guerra,RN,24002,2ª Região de Saúde - Mossoró
2403756,Fernando Pedroza,RN,24008,8ª Região de Saúde - Açu
2403806,Florânia,RN,24004,4ª Região de Saúde - Caicó
2403905,Francisco Dantas,RN,24006,6ª Região de Saúde - Pau dos Ferros
2404002,Frutuoso Gomes,RN,24006,6ª Região de Saúde - Pau dos Ferros
2404101,Galinhos,RN,24003,3ª Região de Saúde - João Câmara
2404200,Goianinha,RN,24001,1ª Região de Saúde - São José de Mipibu
2404309,Governador Dix-Sept Rosado,RN,24002,2ª Região de Saúde - Mossoró
2404408,Grossos,RN,24002,2ª Região de Saúde - Mossoró
2404507,Guamaré,RN,24003,3ª Região de Saúde - João Câmara
2404606,Ielmo Marinho,RN,24003,3ª Região de Saúde - João Câmara
2404705,Ipanguaçu,RN,24008,8ª Região de Saúde - Açu
2404804,Ipueira,RN,24004,4ª Região de Saúde - Caicó
2404853,Itajá,RN,24008,8ª Região de Saúde - Açu
2404903,Itaú,RN,24006,6ª Região de Saúde - Pau dos Ferros
2405009,Jaçanã,RN,24005,5ª Região de Saúde - Santa Cruz
2405108,Jandaíra,RN,24003,3ª Região de Saúde - João Câmara
2405207,Janduís,RN,24002,2ª Região de Saúde - Mossoró
2405306,Januário Cicco,RN,24005,5ª Região de Saúde - Santa Cruz
2405405,Japi,RN,24005,5ª Região de Saúde - Santa Cruz
2405504,Jardim de Angicos,RN,24003,3ª Região de Saúde - João Câmara
2405603,Jardim de Piranhas,RN,24004,4ª Região de Saúde - Caicó
2405702,Jardim do Seridó,RN,24004,4ª Região de Saúde - Caicó
2405801,João Câmara,RN,24003,3ª Região de Saúde - João Câmara
2405900,João Dias,RN,24006,6ª Região de Saúde - Pau dos Ferros
2406007,José da Penha,RN,24006,6ª Região de Saúde - Pau dos Ferros
2406106,Jucurutu,RN,24004,4ª Região de Saúde - Caicó
2406155,Jundiá,RN,24001,1ª Região de Saúde - São José de Mipibu
2406205,Lagoa d'Anta,RN,24001,1ª Região de Saúde - São José de Mipibu
2406304,Lagoa de Pedras,RN,24001,1ª Região de Saúde - São José de Mipibu
2406403,Lagoa de Velhos,RN,24005,5ª Região de Saúde - Santa Cruz
2406502,Lagoa Nova,RN,24004,4ª Região de Saúde - Caicó
2406601,Lagoa Salgada,RN,24001,1ª Região de Saúde - São José de Mipibu
2406700,Lajes,RN,24003,3ª Região de Saúde - João Câmara
2406809,Lajes Pintadas,RN,24005,5ª Região de Saúde - Santa Cruz
2406908,Lucrécia,RN,24006,6ª Região de Saúde - Pau dos Ferros
2407005,Luís Gomes,RN,24006,6ª Região de Saúde - Pau dos Ferros
2407104,Macaíba,RN,24007,7ª Região de Saúde - Metropolitana
2407203,Macau,RN,24003,3ª Região de Saúde - João Câmara
2407252,Major Sales,RN,24006,6ª Região de Saúde - Pau dos Ferros
2407302,Marcelino Vieira,RN,24006,6ª Região de Saúde - Pau dos Ferros
2407401,Martins,RN,24006,6ª Região de Saúde - Pau dos Ferros
2407500,Maxaranguape,RN,24003,3ª Região de Saúde - João Câmara
2407609,Messias Targino,RN,24002,2ª Região de Saúde - Mossoró
2407708,Montanhas,RN,24001,1ª Região de Saúde - São José de Mipibu
2407807,Monte Alegre,RN,24001,1ª Região de Saúde - São José de Mipibu
2407906,Monte das Gameleiras,RN,24001,1ª Região de Saúde - São José de Mipibu
2408003,Mossoró,RN,24002,2ª Região de Saúde - Mossoró
2408102,Natal,RN,24007,7ª Região de Saúde - Metropolitana
2408201,Nísia Floresta,RN,24001,1ª Região de Saúde - São José de Mipibu
2408300,Nova Cruz,RN,24001,1ª Região de Saúde - São José de Mipibu
2408409,Olho d'Água do Borges,RN,24006,6ª Região de Saúde - Pau dos Ferros
2408508,Ouro Branco,RN,24004,4ª Região de Saúde - Caicó
2408607,Paraná,RN,24006,6ª Região de Saúde - Pau dos Ferros
2408706,Paraú,RN,24008,8ª Região de Saúde - Açu
2408805,Parazinho,RN,24003,3ª Região de Saúde - João Câmara
2408904,Parelhas,RN,24004,4ª Região de Saúde - Caicó
2408953,Rio do Fogo,RN,24003,3ª Região de Saúde - João Câmara
2409100,Passa e Fica,RN,24001,1ª Região de Saúde - São José de Mipibu
2409209,Passagem,RN,24001,1ª Região de Saúde - São José de Mipibu
2409308,Patu,RN,24006,6ª Região de Saúde - Pau dos Ferros
2409332,Santa Maria,RN,24005,5ª Região de Saúde - Santa Cruz
2409407,Pau dos Ferros,RN,24006,6ª Região de Saúde - Pau dos Ferros
2409506,Pedra Grande,RN,24003,3ª Região de Saúde - João Câmara
2409605,Pedra Preta,RN,24003,3ª Região de Saúde - João Câmara
2409704,Pedro Avelino,RN,24003,3ª Região de Saúde - João Câmara
2409803,Pedro Velho,RN,24001,1ª Região de Saúde - São José de Mipibu
2409902,Pendências,RN,24008,8ª Região de Saúde - Açu
2410009,Pilões,RN,24006,6ª Região de Saúde - Pau dos Ferros
2410108,Poço Branco,RN,24003,3ª Região de Saúde - João Câmara
2410207,Portalegre,RN,24006,6ª Região de Saúde - Pau dos Ferros
2410256,Porto do Mangue,RN,24008,8ª Região de Saúde - Açu
2410306,Serra Caiada,RN,24005,5ª Região de Saúde - Santa Cruz
2410405,Pureza,RN,24003,3ª Região de Saúde - João Câmara
2410504,Rafael Fernandes,RN,24006,6ª Região de Saúde - Pau dos Ferros
2410603,Rafael Godeiro,RN,24006,6ª Região de Saúde - Pau dos Ferros
2410702,Riacho da Cruz,RN,24006,6ª Região de Saúde - Pau dos Ferros
2410801,Riacho de Santana,RN,24006,6ª Região de Saúde - Pau dos Ferros
2410900,Riachuelo,RN,24003,3ª Região de Saúde - João Câmara
2411007,Rodolfo Fernandes,RN,24006,6ª Região de Saúde - Pau dos Ferros
2411056,Tibau,RN,24002,2ª Região de Saúde - Mossoró
2411106,Ruy Barbosa,RN,24005,5ª Região de Saúde - Santa Cruz
2411205,Santa Cruz,RN,24005,5ª Região de Saúde - Santa Cruz
2411403,Santana do Matos,RN,24004,4ª Região de Saúde - Caicó
2411429,Santana do Seridó,RN,24004,4ª Região de Saúde - Caicó
2411502,Santo Antônio,RN,24001,1ª Região de Saúde - São José de Mipibu
2411601,São Bento do Norte,RN,24003,3ª Região de Saúde - João Câmara
2411700,São Bento do Trairí,RN,24005,5ª Região de Saúde - Santa Cruz
2411809,São Fernando,RN,24004,4ª Região de Saúde - Caicó
2411908,São Francisco do Oeste,RN,24006,6ª Região de Saúde - Pau dos Ferros
2412005,São Gonçalo do Amarante,RN,24007,7ª Região de Saúde - Metropolitana
2412104,São João do Sabugi,RN,24004,4ª Região de Saúde - Caicó
2412203,São José de Mipibu,RN,24001,1ª Região de Saúde - São José de Mipibu
2412302,São José do Campestre,RN,24005,5ª Região de Saúde - Santa Cruz
2412401,São José do Seridó,RN,24004,4ª Região de Saúde - Caicó
2412500,São Miguel,RN,24006,6ª Região de Saúde - Pau dos Ferros
2412559,São Miguel do Gostoso,RN,24003,3ª Região de Saúde - João Câmara
2412609,São Paulo do Potengi,RN,24005,5ª Região de Saúde - Santa Cruz
2412708,São Pedro,RN,24005,5ª Região de Saúde - Santa Cruz
2412807,São Rafael,RN,24008,8ª Região de Saúde - Açu
2412906,São Tomé,RN,24005,5ª Região de Saúde - Santa Cruz
2413003,São Vicente,RN,24004,4ª Região de Saúde - Caicó
2413102,Senador Elói de Souza,RN,24005,5ª Região de Saúde - Santa Cruz
2413201,Senador Georgino Avelino,RN,24001,1ª Região de Saúde - São José de Mipibu
2413300,Serra de São Bento,RN,24001,1ª Região de Saúde - São José de Mipibu
2413359,Serra do Mel,RN,24002,2ª Região de Saúde - Mossoró
2413409,Serra Negra do Norte,RN,24004,4ª Região de Saúde - Caicó
2413508,Serrinha,RN,24001,1ª Região de Saúde - São José de Mipibu
2413557,Serrinha dos Pintos,RN,24006,6ª Região de Saúde - Pau dos Ferros
2413607,Severiano Melo,RN,24006,6ª Região de Saúde - Pau dos Ferros
2413706,Sítio Novo,RN,24005,5ª Região de Saúde - Santa Cruz
2413805,Taboleiro Grande,RN,24006,6ª Região de Saúde - Pau dos Ferros
2413904,Taipu,RN,24003,3ª Região de Saúde - João Câmara
2414001,Tangará,RN,24005,5ª Região de Saúde - Santa Cruz
2414100,Tenente Ananias,RN,24006,6ª Região de Saúde - Pau dos Ferros
2414159,Tenente Laurentino Cruz,RN,24004,4ª Região de Saúde - Caicó
2414209,Tibau do Sul,RN,24001,1ª Região de Saúde - São José de Mipibu
2414308,Timbaúba dos Batistas,RN,24004,4ª Região de Saúde - Caicó
2414407,Touros,RN,24003,3ª Região de Saúde - João Câmara
2414456,Triunfo Potiguar,RN,24008,8ª Região de Saúde - Açu
2414506,Umarizal,RN,24006,6ª Região de Saúde - Pau dos Ferros
2414605,Upanema,RN,24002,2ª Região de Saúde - Mossoró
2414704,Várzea,RN,24001,1ª Região de Saúde - São José de Mipibu
2414753,Venha-Ver,RN,24006,6ª Região de Saúde - Pau dos Ferros
2414803,Vera Cruz,RN,24001,1ª Região de Saúde - São José de Mipibu
2414902,Viçosa,RN,24006,6ª Região de Saúde - Pau dos Ferros
2415008,Vila Flor,RN,24001,1ª Região de Saúde - São José de Mipibu
2500106,Água Branca,PB,25011,11ª Região
2500205,Aguiar,PB,25007,7ª Região
2500304,Alagoa Grande,PB,25003,3ª Região
2500403,Alagoa Nova,PB,25003,3ª Região
2500502,Alagoinha,PB,25002,2ª Região
2500536,Alcantil,PB,25015,15ª Região
2500577,Algodão de Jandaíra,PB,25003,3ª Região
2500601,Alhandra,PB,25001,1ª Região Mata Atlântica
2500700,São João do Rio do Peixe,PB,25009,9ª Região
2500734,Amparo,PB,25005,5ª Região
2500775,Aparecida,PB,25010,10ª Região
2500809,Araçagi,PB,25002,2ª Região
2500908,Arara,PB,25003,3ª Região
2501005,Araruna,PB,25002,2ª Região
2501104,Areia,PB,25003,3ª Região
2501153,Areia de Baraúnas,PB,25006,6ª Região
2501203,Areial,PB,25003,3ª Região
2501302,Aroeiras,PB,25015,15ª Região
2501351,Assunção,PB,25016,16ª Região
2501401,Baía da Traição,PB,25014,14ª Região
2501500,Bananeiras,PB,25002,2ª Região
2501534,Baraúna,PB,25004,4ª Região
2501575,Barra de Santana,PB,25015,15ª Região
2501609,Barra de Santa Rosa,PB,25004,4ª Região
2501708,Barra de São Miguel,PB,25015,15ª Região
2501807,Bayeux,PB,25001,1ª Região Mata Atlântica
2501906,Belém,PB,25002,2ª Região
2502003,Belém do Brejo do Cruz,PB,25008,8ª Região
2502052,Bernardino Batista,PB,25009,9ª Região
2502102,Boa Ventura,PB,25007,7ª Região
2502151,Boa Vista,PB,25016,16ª Região
2502201,Bom Jesus,PB,25009,9ª Região
2502300,Bom Sucesso,PB,25008,8ª Região
2502409,Bonito de Santa Fé,PB,25009,9ª Região
2502508,Boqueirão,PB,25015,15ª Região
2502607,Igaracy,PB,25007,7ª Região
2502706,Borborema,PB,25002,2ª Região
2502805,Brejo do Cruz,PB,25008,8ª Região
2502904,Brejo dos Santos,PB,25008,8ª Região
2503001,Caaporã,PB,25001,1ª Região Mata Atlântica
2503100,Cabaceiras,PB,25015,15ª Região
2503209,Cabedelo,PB,25001,1ª Região Mata Atlântica
2503308,Cachoeira dos Índios,PB,25009,9ª Região
2503407,Cacimba de Areia,PB,25006,6ª Região
2503506,Cacimba de Dentro,PB,25002,2ª Região
2503555,Cacimbas,PB,25006,6ª Região
2503605,Caiçara,PB,25002,2ª Região
2503704,Cajazeiras,PB,25009,9ª Região
2503753,Cajazeirinhas,PB,25013,13ª Região
2503803,Caldas Brandão,PB,25012,12ª Região
2503902,Camalaú,PB,25005,5ª Região
2504009,Campina Grande,PB,25016,16ª Região
2504033,Capim,PB,25014,14ª Região
2504074,Caraúbas,PB,25005,5ª Região
2504108,Carrapateira,PB,25009,9ª Região
2504157,Casserengue,PB,25002,2ª Região
2504207,Catingueira,PB,25006,6ª Região
2504306,Catolé do Rocha,PB,25008,8ª Região
2504355,Caturité,PB,25015,15ª Região
2504405,Conceição,PB,25007,7ª Região
2504504,Condado,PB,25006,6ª Região
2504603,Conde,PB,25001,1ª Região Mata Atlântica
2504702,Congo,PB,25005,5ª Região
2504801,Coremas,PB,25007,7ª Região
2504850,Coxixola,PB,25005,5ª Região
2504900,Cruz do Espírito Santo,PB,25001,1ª Região Mata Atlântica
2505006,Cubati,PB,25004,4ª Região
2505105,Cuité,PB,25004,4ª Região
2505204,Cuitegi,PB,25002,2ª Região
2505238,Cuité de Mamanguape,PB,25014,14ª Região
2505279,Curral de Cima,PB,25014,14ª Região
2505303,Curral Velho,PB,25007,7ª Região
2505352,Damião,PB,25004,4ª Região
2505402,Desterro,PB,25006,6ª Região
2505501,Vista Serrana,PB,25006,6ª Região
2505600,Diamante,PB,25007,7ª Região
2505709,Dona Inês,PB,25002,2ª Região
2505808,Duas Estradas,PB,25002,2ª Região
2505907,Emas,PB,25006,6ª Região
2506004,Esperança,PB,25003,3ª Região
2506103,Fagundes,PB,25016,16ª Região
2506202,Frei Martinho,PB,25004,4ª Região
2506251,Gado Bravo,PB,25015,15ª Região
2506301,Guarabira,PB,25002,2ª Região
2506400,Gurinhém,PB,25012,12ª Região
2506509,Gurjão,PB,25005,5ª Região
2506608,Ibiara,PB,25007,7ª Região
2506707,Imaculada,PB,25011,11ª Região
2506806,Ingá,PB,25012,12ª Região
2506905,Itabaiana,PB,25012,12ª Região
2507002,Itaporanga,PB,25007,7ª Região
2507101,Itapororoca,PB,25014,14ª Região
2507200,Itatuba,PB,25012,12ª Região
2507309,Jacaraú,PB,25014,14ª Região
2507408,Jericó,PB,25008,8ª Região
2507507,João Pessoa,PB,25001,1ª Região Mata Atlântica
2507606,Juarez Távora,PB,25012,12ª Região
2507705,Juazeirinho,PB,25016,16ª Região
2507804,Junco do Seridó,PB,25006,6ª Região
2507903,Juripiranga,PB,25012,12ª Região
2508000,Juru,PB,25011,11ª Região
2508109,Lagoa,PB,25013,13ª Região
2508208,Lagoa de Dentro,PB,25002,2ª Região
2508307,Lagoa Seca,PB,25003,3ª Região
2508406,Lastro,PB,25010,10ª Região
2508505,Livramento,PB,25016,16ª Região
2508554,Logradouro,PB,25002,2ª Região
2508604,Lucena,PB,25001,1ª Região Mata Atlântica
2508703,Mãe d'Água,PB,25006,6ª Região
2508802,Malta,PB,25006,6ª Região
2508901,Mamanguape,PB,25014,14ª Região
2509008,Manaíra,PB,25011,11ª Região
2509057,Marcação,PB,25014,14ª Região
2509107,Mari,PB,25001,1ª Região Mata Atlântica
2509156,Marizópolis,PB,25010,10ª Região
2509206,Massaranduba,PB,25016,16ª Região
2509305,Mataraca,PB,25014,14ª Região
2509339,Matinhas,PB,25003,3ª Região
2509370,Mato Grosso,PB,25008,8ª Região
2509396,Maturéia,PB,25006,6ª Região
2509404,Mogeiro,PB,25012,12ª Região
2509503,Montadas,PB,25003,3ª Região
2509602,Monte Horebe,PB,25009,9ª Região
2509701,Monteiro,PB,25005,5ª Região
2509800,Mulungu,PB,25002,2ª Região
2509909,Natuba,PB,25015,15ª Região
2510006,Nazarezinho,PB,25010,10ª Região
2510105,Nova Floresta,PB,25004,4ª Região
2510204,Nova Olinda,PB,25007,7ª Região
2510303,Nova Palmeira,PB,25004,4ª Região
2510402,Olho d'Água,PB,25007,7ª Região
2510501,Olivedos,PB,25016,16ª Região
2510600,Ouro Velho,PB,25005,5ª Região
2510659,Parari,PB,25005,5ª Região
2510709,Passagem,PB,25006,6ª Região
2510808,Patos,PB,25006,6ª Região
2510907,Paulista,PB,25013,13ª Região
2511004,Pedra Branca,PB,25007,7ª Região
2511103,Pedra Lavrada,PB,25004,4ª Região
2511202,Pedras de Fogo,PB,25012,12ª Região
2511301,Piancó,PB,25007,7ª Região
2511400,Picuí,PB,25004,4ª Região
2511509,Pilar,PB,25012,12ª Região
2511608,Pilões,PB,25002,2ª Região
2511707,Pilõezinhos,PB,25002,2ª Região
2511806,Pirpirituba,PB,25002,2ª Região
2511905,Pitimbu,PB,25001,1ª Região Mata Atlântica
2512002,Pocinhos,PB,25016,16ª Região
2512036,Poço Dantas,PB,25009,9ª Região
2512077,Poço de José de Moura,PB,25009,9ª Região
2512101,Pombal,PB,25013,13ª Região
2512200,Prata,PB,25005,5ª Região
2512309,Princesa Isabel,PB,25011,11ª Região
2512408,Puxinanã,PB,25016,16ª Região
2512507,Queimadas,PB,25015,15ª Região
2512606,Quixaba,PB,25006,6ª Região
2512705,Remígio,PB,25003,3ª Região
2512721,Pedro Régis,PB,25014,14ª Região
2512747,Riachão,PB,25002,2ª Região
2512754,Riachão do Bacamarte,PB,25012,12ª Região
2512762,Riachão do Poço,PB,25001,1ª Região Mata Atlântica
2512788,Riacho de Santo Antônio,PB,25015,15ª Região
2512804,Riacho dos Cavalos,PB,25008,8ª Região
2512903,Rio Tinto,PB,25014,14ª Região
2513000,Salgadinho,PB,25006,6ª Região
2513109,Salgado de São Félix,PB,25012,12ª Região
2513158,Santa Cecília,PB,25015,15ª Região
2513208,Santa Cruz,PB,25010,10ª Região
2513307,Santa Helena,PB,25009,9ª Região
2513356,Santa Inês,PB,25007,7ª Região
2513406,Santa Luzia,PB,25006,6ª Região
2513505,Santana de Mangueira,PB,25007,7ª Região
2513604,Santana dos Garrotes,PB,25007,7ª Região
2513653,Joca Claudino,PB,25009,9ª Região
2513703,Santa Rita,PB,25001,1ª Região Mata Atlântica
2513802,Santa Teresinha,PB,25006,6ª Região
2513851,Santo André,PB,25016,16ª Região
2513901,São Bento,PB,25008,8ª Região
2513927,São Bentinho,PB,25013,13ª Região
2513943,São Domingos do Cariri,PB,25015,15ª Região
2513968,São Domingos,PB,25013,13ª Região
2513984,São Francisco,PB,25010,10ª Região
2514008,São João do Cariri,PB,25005,5ª Região
2514107,São João do Tigre,PB,25005,5ª Região
2514206,São José da Lagoa Tapada,PB,25010,10ª Região
2514305,São José de Caiana,PB,25007,7ª Região
2514404,São José de Espinharas,PB,25006,6ª Região
2514453,São José dos Ramos,PB,25012,12ª Região
2514503,São José de Piranhas,PB,25009,9ª Região
2514552,São José de Princesa,PB,25011,11ª Região
2514602,São José do Bonfim,PB,25006,6ª Região
2514651,São José do Brejo do Cruz,PB,25008,8ª Região
2514701,São José do Sabugi,PB,25006,6ª Região
2514800,São José dos Cordeiros,PB,25005,5ª Região
2514909,São Mamede,PB,25006,6ª Região
2515005,São Miguel de Taipu,PB,25012,12ª Região
2515104,São Sebastião de Lagoa de Roça,PB,25003,3ª Região
2515203,São Sebastião do Umbuzeiro,PB,25005,5ª Região
2515302,Sapé,PB,25001,1ª Região Mata Atlântica
2515401,São Vicente do Seridó,PB,25004,4ª Região
2515500,Serra Branca,PB,25005,5ª Região
2515609,Serra da Raiz,PB,25002,2ª Região
2515708,Serra Grande,PB,25007,7ª Região
2515807,Serra Redonda,PB,25016,16ª Região
2515906,Serraria,PB,25002,2ª Região
2515930,Sertãozinho,PB,25002,2ª Região
2515971,Sobrado,PB,25001,1ª Região Mata Atlântica
2516003,Solânea,PB,25002,2ª Região
2516102,Soledade,PB,25016,16ª Região
2516151,Sossêgo,PB,25004,4ª Região
2516201,Sousa,PB,25010,10ª Região
2516300,Sumé,PB,25005,5ª Região
2516409,Tacima,PB,25002,2ª Região
2516508,Taperoá,PB,25016,16ª Região
2516607,Tavares,PB,25011,11ª Região
2516706,Teixeira,PB,25006,6ª Região
2516755,Tenório,PB,25016,16ª Região
2516805,Triunfo,PB,25009,9ª Região
2516904,Uiraúna,PB,25009,9ª Região
2517001,Umbuzeiro,PB,25015,15ª Região
2517100,Várzea,PB,25006,6ª Região
2517209,Vieirópolis,PB,25010,10ª Região
2517407,Zabelê,PB,25005,5ª Região
2600054,Abreu e Lima,PE,26010,Recife
2600104,Afogados da Ingazeira,PE,26001,Afogados da Ingazeira
2600203,Afrânio,PE,26009,Petrolina
2600302,Agrestina,PE,26003,Caruaru
2600401,Água Preta,PE,26008,Palmares
2600500,Águas Belas,PE,26004,Garanhuns
2600609,Alagoinha,PE,26003,Caruaru
2600708,Aliança,PE,26005,Goiana
2600807,Altinho,PE,26003,Caruaru
2600906,Amaraji,PE,26008,Palmares
2601003,Angelim,PE,26004,Garanhuns
2601052,Araçoiaba,PE,26010,Recife
2601102,Araripina,PE,26007,Ouricuri
2601201,Arcoverde,PE,26002,Arcoverde
2601300,Barra de Guabiraba,PE,26003,Caruaru
2601409,Barreiros,PE,26008,Palmares
2601508,Belém de Maria,PE,26008,Palmares
2601607,Belém do São Francisco,PE,26011,Salgueiro
2601706,Belo Jardim,PE,26003,Caruaru
2601805,Betânia,PE,26012,Serra Talhada
2601904,Bezerros,PE,26003,Caruaru
2602001,Bodocó,PE,26007,Ouricuri
2602100,Bom Conselho,PE,26004,Garanhuns
2602209,Bom Jardim,PE,26006,Limoeiro
2602308,Bonito,PE,26003,Caruaru
2602407,Brejão,PE,26004,Garanhuns
2602506,Brejinho,PE,26001,Afogados da Ingazeira
2602605,Brejo da Madre de Deus,PE,26003,Caruaru
2602704,Buenos Aires,PE,26006,Limoeiro
2602803,Buíque,PE,26002,Arcoverde
2602902,Cabo de Santo Agostinho,PE,26010,Recife
2603009,Cabrobó,PE,26009,Petrolina
2603108,Cachoeirinha,PE,26003,Caruaru
2603207,Caetés,PE,26004,Garanhuns
2603306,Calçado,PE,26004,Garanhuns
2603405,Calumbi,PE,26012,Serra Talhada
2603454,Camaragibe,PE,26010,Recife
2603504,Camocim de São Félix,PE,26003,Caruaru
2603603,Camutanga,PE,26005,Goiana
2603702,Canhotinho,PE,26004,Garanhuns
2603801,Capoeiras,PE,26004,Garanhuns
2603900,Carnaíba,PE,26001,Afogados da Ingazeira
2603926,Carnaubeira da Penha,PE,26012,Serra Talhada
2604007,Carpina,PE,26006,Limoeiro
2604106,Caruaru,PE,26003,Caruaru
2604155,Casinhas,PE,26006,Limoeiro
2604205,Catende,PE,26008,Palmares
2604304,Cedro,PE,26011,Salgueiro
2604403,Chã de Alegria,PE,26010,Recife
2604502,Chã Grande,PE,26010,Recife
2604601,Condado,PE,26005,Goiana
2604700,Correntes,PE,26004,Garanhuns
2604809,Cortês,PE,26008,Palmares
2604908,Cumaru,PE,26006,Limoeiro
2605004,Cupira,PE,26003,Caruaru
2605103,Custódia,PE,26002,Arcoverde
2605152,Dormentes,PE,26009,Petrolina
2605202,Escada,PE,26008,Palmares
2605301,Exu,PE,26007,Ouricuri
2605400,Feira Nova,PE,26006,Limoeiro
2605459,Fernando de Noronha,PE,26010,Recife
2605509,Ferreiros,PE,26005,Goiana
2605608,Flores,PE,26012,Serra Talhada
2605707,Floresta,PE,26012,Serra Talhada
2605806,Frei Miguelinho,PE,26003,Caruaru
2605905,Gameleira,PE,26008,Palmares
2606002,Garanhuns,PE,26004,Garanhuns
2606101,Glória do Goitá,PE,26010,Recife
2606200,Goiana,PE,26005,Goiana
2606309,Granito,PE,26007,Ouricuri
2606408,Gravatá,PE,26003,Caruaru
2606507,Iati,PE,26004,Garanhuns
2606606,Ibimirim,PE,26002,Arcoverde
2606705,Ibirajuba,PE,26003,Caruaru
2606804,Igarassu,PE,26010,Recife
2606903,Iguaracy,PE,26001,Afogados da Ingazeira
2607000,Inajá,PE,26002,Arcoverde
2607109,Ingazeira,PE,26001,Afogados da Ingazeira
2607208,Ipojuca,PE,26010,Recife
2607307,Ipubi,PE,26007,Ouricuri
2607406,Itacuruba,PE,26012,Serra Talhada
2607505,Itaíba,PE,26004,Garanhuns
2607604,Ilha de Itamaracá,PE,26010,Recife
2607653,Itambé,PE,26005,Goiana
2607703,Itapetim,PE,26001,Afogados da Ingazeira
2607752,Itapissuma,PE,26010,Recife
2607802,Itaquitinga,PE,26005,Goiana
2607901,Jaboatão dos Guararapes,PE,26010,Recife
2607950,Jaqueira,PE,26008,Palmares
2608008,Jataúba,PE,26003,Caruaru
2608057,Jatobá,PE,26002,Arcoverde
2608107,João Alfredo,PE,26006,Limoeiro
2608206,Joaquim Nabuco,PE,26008,Palmares
2608255,Jucati,PE,26004,Garanhuns
2608305,Jupi,PE,26004,Garanhuns
2608404,Jurema,PE,26003,Caruaru
2608453,Lagoa do Carro,PE,26006,Limoeiro
2608503,Lagoa de Itaenga,PE,26006,Limoeiro
2608602,Lagoa do Ouro,PE,26004,Garanhuns
2608701,Lagoa dos Gatos,PE,26008,Palmares
2608750,Lagoa Grande,PE,26009,Petrolina
2608800,Lajedo,PE,26004,Garanhuns
2608909,Limoeiro,PE,26006,Limoeiro
2609006,Macaparana,PE,26005,Goiana
2609105,Machados,PE,26006,Limoeiro
2609154,Manari,PE,26002,Arcoverde
2609204,Maraial,PE,26008,Palmares
2609303,Mirandiba,PE,26011,Salgueiro
2609402,Moreno,PE,26010,Recife
2609501,Nazaré da Mata,PE,26006,Limoeiro
2609600,Olinda,PE,26010,Recife
2609709,Orobó,PE,26006,Limoeiro
2609808,Orocó,PE,26009,Petrolina
2609907,Ouricuri,PE,26007,Ouricuri
2610004,Palmares,PE,26008,Palmares
2610103,Palmeirina,PE,26004,Garanhuns
2610202,Panelas,PE,26003,Caruaru
2610301,Paranatama,PE,26004,Garanhuns
2610400,Parnamirim,PE,26007,Ouricuri
2610509,Passira,PE,26006,Limoeiro
2610608,Paudalho,PE,26006,Limoeiro
2610707,Paulista,PE,26010,Recife
2610806,Pedra,PE,26002,Arcoverde
2610905,Pesqueira,PE,26003,Caruaru
2611002,Petrolândia,PE,26002,Arcoverde
2611101,Petrolina,PE,26009,Petrolina
2611200,Poção,PE,26003,Caruaru
2611309,Pombos,PE,26010,Recife
2611408,Primavera,PE,26008,Palmares
2611507,Quipapá,PE,26008,Palmares
2611533,Quixaba,PE,26001,Afogados da Ingazeira
2611606,Recife,PE,26010,Recife
2611705,Riacho das Almas,PE,26003,Caruaru
2611804,Ribeirão,PE,26008,Palmares
2611903,Rio Formoso,PE,26008,Palmares
2612000,Sairé,PE,26003,Caruaru
2612109,Salgadinho,PE,26006,Limoeiro
2612208,Salgueiro,PE,26011,Salgueiro
2612307,Saloá,PE,26004,Garanhuns
2612406,Sanharó,PE,26003,Caruaru
2612455,Santa Cruz,PE,26007,Ouricuri
2612471,Santa Cruz da Baixa Verde,PE,26012,Serra Talhada
2612505,Santa Cruz do Capibaribe,PE,26003,Caruaru
2612554,Santa Filomena,PE,26007,Ouricuri
2612604,Santa Maria da Boa Vista,PE,26009,Petrolina
2612703,Santa Maria do Cambucá,PE,26003,Caruaru
2612802,Santa Terezinha,PE,26001,Afogados da Ingazeira
2612901,São Benedito do Sul,PE,26008,Palmares
2613008,São Bento do Una,PE,26003,Caruaru
2613107,São Caitano,PE,26003,Caruaru
2613206,São João,PE,26004,Garanhuns
2613305,São Joaquim do Monte,PE,26003,Caruaru
2613404,São José da Coroa Grande,PE,26008,Palmares
2613503,São José do Belmonte,PE,26012,Serra Talhada
2613602,São José do Egito,PE,26001,Afogados da Ingazeira
2613701,São Lourenço da Mata,PE,26010,Recife
2613800,São Vicente Férrer,PE,26005,Goiana
2613909,Serra Talhada,PE,26012,Serra Talhada
2614006,Serrita,PE,26011,Salgueiro
2614105,Sertânia,PE,26002,Arcoverde
2614204,Sirinhaém,PE,26008,Palmares
2614303,Moreilândia,PE,26007,Ouricuri
2614402,Solidão,PE,26001,Afogados da Ingazeira
2614501,Surubim,PE,26006,Limoeiro
2614600,Tabira,PE,26001,Afogados da Ingazeira
2614709,Tacaimbó,PE,26003,Caruaru
2614808,Tacaratu,PE,26002,Arcoverde
2614857,Tamandaré,PE,26008,Palmares
2615003,Taquaritinga do Norte,PE,26003,Caruaru
2615102,Terezinha,PE,26004,Garanhuns
2615201,Terra Nova,PE,26011,Salgueiro
2615300,Timbaúba,PE,26005,Goiana
2615409,Toritama,PE,26003,Caruaru
2615508,Tracunhaém,PE,26006,Limoeiro
2615607,Trindade,PE,26007,Ouricuri
2615706,Triunfo,PE,26012,Serra Talhada
2615805,Tupanatinga,PE,26002,Arcoverde
2615904,Tuparetama,PE,26001,Afogados da Ingazeira
2616001,Venturosa,PE,26002,Arcoverde
2616100,Verdejante,PE,26011,Salgueiro
2616183,Vertente do Lério,PE,26006,Limoeiro
2616209,Vertentes,PE,26003,Caruaru
2616308,Vicência,PE,26006,Limoeiro
2616407,Vitória de Santo Antão,PE,26010,Recife
2616506,Xexéu,PE,26008,Palmares
2700102,Água Branca,AL,27010,10ª Região de Saúde
2700201,Anadia,AL,27005,5ª Região de Saúde
2700300,Arapiraca,AL,27007,7ª Região de Saúde
2700409,Atalaia,AL,27004,4ª Região de Saúde
2700508,Barra de Santo Antônio,AL,27001,1ª Região de Saúde
2700607,Barra de São Miguel,AL,27001,1ª Região de Saúde
2700706,Batalha,AL,27007,7ª Região de Saúde
2700805,Belém,AL,27008,8ª Região de Saúde
2700904,Belo Monte,AL,27007,7ª Região de Saúde
2701001,Boca da Mata,AL,27005,5ª Região de Saúde
2701100,Branquinha,AL,27003,3ª Região de Saúde
2701209,Cacimbinhas,AL,27008,8ª Região de Saúde
2701308,Cajueiro,AL,27004,4ª Região de Saúde
2701357,Campestre,AL,27003,3ª Região de Saúde
2701407,Campo Alegre,AL,27005,5ª Região de Saúde
2701506,Campo Grande,AL,27007,7ª Região de Saúde
2701605,Canapi,AL,27009,9ª Região de Saúde
2701704,Capela,AL,27004,4ª Região de Saúde
2701803,Carneiros,AL,27009,9ª Região de Saúde
2701902,Chã Preta,AL,27004,4ª Região de Saúde
2702009,Coité do Nóia,AL,27007,7ª Região de Saúde
2702108,Colônia Leopoldina,AL,27003,3ª Região de Saúde
2702207,Coqueiro Seco,AL,27001,1ª Região de Saúde
2702306,Coruripe,AL,27006,6ª Região de Saúde
2702355,Craíbas,AL,27007,7ª Região de Saúde
2702405,Delmiro Gouveia,AL,27010,10ª Região de Saúde
2702504,Dois Riachos,AL,27009,9ª Região de Saúde
2702553,Estrela de Alagoas,AL,27008,8ª Região de Saúde
2702603,Feira Grande,AL,27007,7ª Região de Saúde
2702702,Feliz Deserto,AL,27006,6ª Região de Saúde
2702801,Flexeiras,AL,27001,1ª Região de Saúde
2702900,Girau do Ponciano,AL,27007,7ª Região de Saúde
2703007,Ibateguara,AL,27003,3ª Região de Saúde
2703106,Igaci,AL,27008,8ª Região de Saúde
2703205,Igreja Nova,AL,27006,6ª Região de Saúde
2703304,Inhapi,AL,27010,10ª Região de Saúde
2703403,Jacaré dos Homens,AL,27007,7ª Região de Saúde
2703502,Jacuípe,AL,27002,2ª Região de Saúde
2703601,Japaratinga,AL,27002,2ª Região de Saúde
2703700,Jaramataia,AL,27007,7ª Região de Saúde
2703759,Jequiá da Praia,AL,27006,6ª Região de Saúde
2703809,Joaquim Gomes,AL,27003,3ª Região de Saúde
2703908,Jundiá,AL,27003,3ª Região de Saúde
2704005,Junqueiro,AL,27005,5ª Região de Saúde
2704104,Lagoa da Canoa,AL,27007,7ª Região de Saúde
2704203,Limoeiro de Anadia,AL,27007,7ª Região de Saúde
2704302,Maceió,AL,27001,1ª Região de Saúde
2704401,Major Isidoro,AL,27007,7ª Região de Saúde
2704500,Maragogi,AL,27002,2ª Região de Saúde
2704609,Maravilha,AL,27009,9ª Região de Saúde
2704708,Marechal Deodoro,AL,27001,1ª Região de Saúde
2704807,Maribondo,AL,27008,8ª Região de Saúde
2704906,Mar Vermelho,AL,27004,4ª Região de Saúde
2705002,Mata Grande,AL,27010,10ª Região de Saúde
2705101,Matriz de Camaragibe,AL,27002,2ª Região de Saúde
2705200,Messias,AL,27001,1ª Região de Saúde
2705309,Minador do Negrão,AL,27008,8ª Região de Saúde
2705408,Monteirópolis,AL,27009,9ª Região de Saúde
2705507,Murici,AL,27003,3ª Região de Saúde
2705606,Novo Lino,AL,27003,3ª Região de Saúde
2705705,Olho d'Água das Flores,AL,27009,9ª Região de Saúde
2705804,Olho d'Água do Casado,AL,27010,10ª Região de Saúde
2705903,Olho d'Água Grande,AL,27007,7ª Região de Saúde
2706000,Olivença,AL,27009,9ª Região de Saúde
2706109,Ouro Branco,AL,27009,9ª Região de Saúde
2706208,Palestina,AL,27009,9ª Região de Saúde
2706307,Palmeira dos Índios,AL,27008,8ª Região de Saúde
2706406,Pão de Açúcar,AL,27009,9ª Região de Saúde
2706422,Pariconha,AL,27010,10ª Região de Saúde
2706448,Paripueira,AL,27001,1ª Região de Saúde
2706505,Passo de Camaragibe,AL,27002,2ª Região de Saúde
2706604,Paulo Jacinto,AL,27004,4ª Região de Saúde
2706703,Penedo,AL,27006,6ª Região de Saúde
2706802,Piaçabuçu,AL,27006,6ª Região de Saúde
2706901,Pilar,AL,27001,1ª Região de Saúde
2707008,Pindoba,AL,27004,4ª Região de Saúde
2707107,Piranhas,AL,27010,10ª Região de Saúde
2707206,Poço das Trincheiras,AL,27009,9ª Região de Saúde
2707305,Porto Calvo,AL,27002,2ª Região de Saúde
2707404,Porto de Pedras,AL,27002,2ª Região de Saúde
2707503,Porto Real do Colégio,AL,27006,6ª Região de Saúde
2707602,Quebrangulo,AL,27004,4ª Região de Saúde
2707701,Rio Largo,AL,27001,1ª Região de Saúde
2707800,Roteiro,AL,27005,5ª Região de Saúde
2707909,Santa Luzia do Norte,AL,27001,1ª Região de Saúde
2708006,Santana do Ipanema,AL,27009,9ª Região de Saúde
2708105,Santana do Mundaú,AL,27003,3ª Região de Saúde
2708204,São Brás,AL,27006,6ª Região de Saúde
2708303,São José da Laje,AL,27003,3ª Região de Saúde
2708402,São José da Tapera,AL,27009,9ª Região de Saúde
2708501,São Luís do Quitunde,AL,27002,2ª Região de Saúde
2708600,São Miguel dos Campos,AL,27005,5ª Região de Saúde
2708709,São Miguel dos Milagres,AL,27002,2ª Região de Saúde
2708808,São Sebastião,AL,27007,7ª Região de Saúde
2708907,Satuba,AL,27001,1ª Região de Saúde
2708956,Senador Rui Palmeira,AL,27009,9ª Região de Saúde
2709004,Tanque d'Arca,AL,27008,8ª Região de Saúde
2709103,Taquarana,AL,27007,7ª Região de Saúde
2709152,Teotônio Vilela,AL,27005,5ª Região de Saúde
2709202,Traipu,AL,27007,7ª Região de Saúde
2709301,União dos Palmares,AL,27003,3ª Região de Saúde
2709400,Viçosa,AL,27004,4ª Região de Saúde
2800100,Amparo do São Francisco,SE,28007,Propriá
2800209,Aquidabã,SE,28007,Propriá
2800308,Aracaju,SE,28001,Aracaju
2800407,Arauá,SE,28002,Estância
2800506,Areia Branca,SE,28003,Itabaiana
2800605,Barra dos Coqueiros,SE,28001,Aracaju
2800670,Boquim,SE,28002,Estância
2800704,Brejo Grande,SE,28007,Propriá
2801009,Campo do Brito,SE,28003,Itabaiana
2801108,Canhoba,SE,28007,Propriá
2801207,Canindé de São Francisco,SE,28005,Nossa Senhora da Glória
2801306,Capela,SE,28006,Nossa Senhora do Socorro
2801405,Carira,SE,28003,Itabaiana
2801504,Carmópolis,SE,28006,Nossa Senhora do Socorro
2801603,Cedro de São João,SE,28007,Propriá
2801702,Cristinápolis,SE,28002,Estância
2801900,Cumbe,SE,28006,Nossa Senhora do Socorro
2802007,Divina Pastora,SE,28001,Aracaju
2802106,Estância,SE,28002,Estância
2802205,Feira Nova,SE,28005,Nossa Senhora da Glória
2802304,Frei Paulo,SE,28003,Itabaiana
2802403,Gararu,SE,28005,Nossa Senhora da Glória
2802502,General Maynard,SE,28006,Nossa Senhora do Socorro
2802601,Graccho Cardoso,SE,28005,Nossa Senhora da Glória
2802700,Ilha das Flores,SE,28007,Propriá
2802809,Indiaroba,SE,28002,Estância
2802908,Itabaiana,SE,28003,Itabaiana
2803005,Itabaianinha,SE,28002,Estância
2803104,Itabi,SE,28005,Nossa Senhora da Glória
2803203,Itaporanga d'Ajuda,SE,28001,Aracaju
2803302,Japaratuba,SE,28006,Nossa Senhora do Socorro
2803401,Japoatã,SE,28007,Propriá
2803500,Lagarto,SE,28004,Lagarto
2803609,Laranjeiras,SE,28001,Aracaju
2803708,Macambira,SE,28003,Itabaiana
2803807,Malhada dos Bois,SE,28007,Propriá
2803906,Malhador,SE,28003,Itabaiana
2804003,Maruim,SE,28006,Nossa Senhora do Socorro
2804102,Moita Bonita,SE,28003,Itabaiana
2804201,Monte Alegre de Sergipe,SE,28005,Nossa Senhora da Glória
2804300,Muribeca,SE,28007,Propriá
2804409,Neópolis,SE,28007,Propriá
2804458,Nossa Senhora Aparecida,SE,28003,Itabaiana
2804508,Nossa Senhora da Glória,SE,28005,Nossa Senhora da Glória
2804607,Nossa Senhora das Dores,SE,28006,Nossa Senhora do Socorro
2804706,Nossa Senhora de Lourdes,SE,28007,Propriá
2804805,Nossa Senhora do Socorro,SE,28006,Nossa Senhora do Socorro
2804904,Pacatuba,SE,28007,Propriá
2805000,Pedra Mole,SE,28003,Itabaiana
2805109,Pedrinhas,SE,28002,Estância
2805208,Pinhão,SE,28003,Itabaiana
2805307,Pirambu,SE,28006,Nossa Senhora do Socorro
2805406,Poço Redondo,SE,28005,Nossa Senhora da Glória
2805505,Poço Verde,SE,28004,Lagarto
2805604,Porto da Folha,SE,28005,Nossa Senhora da Glória
2805703,Propriá,SE,28007,Propriá
2805802,Riachão do Dantas,SE,28004,Lagarto
2805901,Riachuelo,SE,28001,Aracaju
2806008,Ribeirópolis,SE,28003,Itabaiana
2806107,Rosário do Catete,SE,28006,Nossa Senhora do Socorro
2806206,Salgado,SE,28004,Lagarto
2806305,Santa Luzia do Itanhy,SE,28002,Estância
2806404,Santana do São Francisco,SE,28007,Propriá
2806503,Santa Rosa de Lima,SE,28001,Aracaju
2806602,Santo Amaro das Brotas,SE,28006,Nossa Senhora do Socorro
2806701,São Cristóvão,SE,28001,Aracaju
2806800,São Domingos,SE,28003,Itabaiana
2806909,São Francisco,SE,28007,Propriá
2807006,São Miguel do Aleixo,SE,28003,Itabaiana
2807105,Simão Dias,SE,28004,Lagarto
2807204,Siriri,SE,28006,Nossa Senhora do Socorro
2807303,Telha,SE,28007,Propriá
2807402,Tobias Barreto,SE,28004,Lagarto
2807501,Tomar do Geru,SE,28002,Estância
2807600,Umbaúba,SE,28002,Estância
2900108,Abaíra,BA,29023,Seabra
2900207,Abaré,BA,29017,Paulo Afonso
2900306,Acajutiba,BA,29001,Alagoinhas
2900355,Adustina,BA,29019,Ribeira do Pombal
2900405,Água Fria,BA,29025,Serrinha
2900504,Érico Cardoso,BA,29003,Brumado
2900603,Aiquara,BA,29015,Jequié
2900702,Alagoinhas,BA,29001,Alagoinhas
2900801,Alcobaça,BA,29026,Teixeira de Freitas
2900900,Almadina,BA,29012,Itabuna
2901007,Amargosa,BA,29022,Santo Antônio de Jesus
2901106,Amélia Rodrigues,BA,29006,Feira de Santana
2901155,América Dourada,BA,29010,Irecê
2901205,Anagé,BA,29028,Vitória da Conquista
2901304,Andaraí,BA,29011,Itaberaba
2901353,Andorinha,BA,29024,Senhor do Bonfim
2901403,Angical,BA,29002,Barreiras
2901502,Anguera,BA,29006,Feira de Santana
2901601,Antas,BA,29019,Ribeira do Pombal
2901700,Antônio Cardoso,BA,29006,Feira de Santana
2901809,Antônio Gonçalves,BA,29024,Senhor do Bonfim
2901908,Aporá,BA,29001,Alagoinhas
2901957,Apuarema,BA,29015,Jequié
2902005,Aracatu,BA,29003,Brumado
2902054,Araçás,BA,29001,Alagoinhas
2902104,Araci,BA,29025,Serrinha
2902203,Aramari,BA,29001,Alagoinhas
2902252,Arataca,BA,29009,Ilhéus
2902302,Aratuípe,BA,29022,Santo Antônio de Jesus
2902401,Aurelino Leal,BA,29012,Itabuna
2902500,Baianópolis,BA,29002,Barreiras
2902609,Baixa Grande,BA,29006,Feira de Santana
2902658,Banzaê,BA,29019,Ribeira do Pombal
2902708,Barra,BA,29008,Ibotirama
2902807,Barra da Estiva,BA,29003,Brumado
2902906,Barra do Choça,BA,29028,Vitória da Conquista
2903003,Barra do Mendes,BA,29010,Irecê
2903102,Barra do Rocha,BA,29015,Jequié
2903201,Barreiras,BA,29002,Barreiras
2903235,Barro Alto,BA,29010,Irecê
2903276,Barrocas,BA,29025,Serrinha
2903300,Barro Preto,BA,29012,Itabuna
2903409,Belmonte,BA,29018,Porto Seguro
2903508,Belo Campo,BA,29028,Vitória da Conquista
2903607,Biritinga,BA,29025,Serrinha
2903706,Boa Nova,BA,29015,Jequié
2903805,Boa Vista do Tupim,BA,29011,Itaberaba
2903904,Bom Jesus da Lapa,BA,29021,Santa Maria da Vitória
2903953,Bom Jesus da Serra,BA,29028,Vitória da Conquista
2904001,Boninal,BA,29023,Seabra
2904050,Bonito,BA,29011,Itaberaba
2904100,Boquira,BA,29003,Brumado
2904209,Botuporã,BA,29007,Guanambi
2904308,Brejões,BA,29015,Jequié
2904407,Brejolândia,BA,29002,Barreiras
2904506,Brotas de Macaúbas,BA,29008,Ibotirama
2904605,Brumado,BA,29003,Brumado
2904704,Buerarema,BA,29012,Itabuna
2904753,Buritirama,BA,29008,Ibotirama
2904803,Caatiba,BA,29013,Itapetinga
2904852,Cabaceiras do Paraguaçu,BA,29005,Cruz das Almas
2904902,Cachoeira,BA,29005,Cruz das Almas
2905008,Caculé,BA,29007,Guanambi
2905107,Caém,BA,29014,Jacobina
2905156,Caetanos,BA,29028,Vitória da Conquista
2905206,Caetité,BA,29007,Guanambi
2905305,Cafarnaum,BA,29010,Irecê
2905404,Cairu,BA,29027,Valença
2905503,Caldeirão Grande,BA,29014,Jacobina
2905602,Camacan,BA,29012,Itabuna
2905701,Camaçari,BA,29004,Camaçari
2905800,Camamu,BA,29027,Valença
2905909,Campo Alegre de Lourdes,BA,29016,Juazeiro
2906006,Campo Formoso,BA,29024,Senhor do Bonfim
2906105,Canápolis,BA,29021,Santa Maria da Vitória
2906204,Canarana,BA,29010,Irecê
2906303,Canavieiras,BA,29009,Ilhéus
2906402,Candeal,BA,29006,Feira de Santana
2906501,Candeias,BA,29020,Salvador
2906600,Candiba,BA,29007,Guanambi
2906709,Cândido Sales,BA,29028,Vitória da Conquista
2906808,Cansanção,BA,29025,Serrinha
2906824,Canudos,BA,29016,Juazeiro
2906857,Capela do Alto Alegre,BA,29006,Feira de Santana
2906873,Capim Grosso,BA,29014,Jacobina
2906899,Caraíbas,BA,29028,Vitória da Conquista
2906907,Caravelas,BA,29026,Teixeira de Freitas
2907004,Cardeal da Silva,BA,29001,Alagoinhas
2907103,Carinhanha,BA,29007,Guanambi
2907202,Casa Nova,BA,29016,Juazeiro
2907301,Castro Alves,BA,29022,Santo Antônio de Jesus
2907400,Catolândia,BA,29002,Barreiras
2907509,Catu,BA,29001,Alagoinhas
2907558,Caturama,BA,29003,Brumado
2907608,Central,BA,29010,Irecê
2907707,Chorrochó,BA,29017,Paulo Afonso
2907806,Cícero Dantas,BA,29019,Ribeira do Pombal
2907905,Cipó,BA,29019,Ribeira do Pombal
2908002,Coaraci,BA,29012,Itabuna
2908101,Cocos,BA,29021,Santa Maria da Vitória
2908200,Conceição da Feira,BA,29005,Cruz das Almas
2908309,Conceição do Almeida,BA,29022,Santo Antônio de Jesus
2908408,Conceição do Coité,BA,29025,Serrinha
2908507,Conceição do Jacuípe,BA,29006,Feira de Santana
2908606,Conde,BA,29004,Camaçari
2908705,Condeúba,BA,29028,Vitória da Conquista
2908804,Contendas do Sincorá,BA,29003,Brumado
2908903,Coração de Maria,BA,29006,Feira de Santana
2909000,Cordeiros,BA,29028,Vitória da Conquista
2909109,Coribe,BA,29021,Santa Maria da Vitória
2909208,Coronel João Sá,BA,29019,Ribeira do Pombal
2909307,Correntina,BA,29021,Santa Maria da Vitória
2909406,Cotegipe,BA,29002,Barreiras
2909505,Cravolândia,BA,29015,Jequié
2909604,Crisópolis,BA,29001,Alagoinhas
2909703,Cristópolis,BA,29002,Barreiras
2909802,Cruz das Almas,BA,29005,Cruz das Almas
2909901,Curaçá,BA,29016,Juazeiro
2910008,Dário Meira,BA,29015,Jequié
2910057,Dias d'Ávila,BA,29004,Camaçari
2910107,Dom Basílio,BA,29003,Brumado
2910206,Dom Macedo Costa,BA,29022,Santo Antônio de Jesus
2910305,Elísio Medrado,BA,29022,Santo Antônio de Jesus
2910404,Encruzilhada,BA,29028,Vitória da Conquista
2910503,Entre Rios,BA,29001,Alagoinhas
2910602,Esplanada,BA,29001,Alagoinhas
2910701,Euclides da Cunha,BA,29025,Serrinha
2910727,Eunápolis,BA,29018,Porto Seguro
2910750,Fátima,BA,29019,Ribeira do Pombal
2910776,Feira da Mata,BA,29007,Guanambi
2910800,Feira de Santana,BA,29006,Feira de Santana
2910859,Filadélfia,BA,29024,Senhor do Bonfim
2910909,Firmino Alves,BA,29013,Itapetinga
2911006,Floresta Azul,BA,29012,Itabuna
2911105,Formosa do Rio Preto,BA,29002,Barreiras
2911204,Gandu,BA,29027,Valença
2911253,Gavião,BA,29006,Feira de Santana
2911303,Gentio do Ouro,BA,29010,Irecê
2911402,Glória,BA,29017,Paulo Afonso
2911501,Gongogi,BA,29012,Itabuna
2911600,Governador Mangabeira,BA,29005,Cruz das Almas
2911659,Guajeru,BA,29003,Brumado
2911709,Guanambi,BA,29007,Guanambi
2911808,Guaratinga,BA,29018,Porto Seguro
2911857,Heliópolis,BA,29019,Ribeira do Pombal
2911907,Iaçu,BA,29011,Itaberaba
2912004,Ibiassucê,BA,29007,Guanambi
2912103,Ibicaraí,BA,29012,Itabuna
2912202,Ibicoara,BA,29003,Brumado
2912301,Ibicuí,BA,29013,Itapetinga
2912400,Ibipeba,BA,29010,Irecê
2912509,Ibipitanga,BA,29003,Brumado
2912608,Ibiquera,BA,29011,Itaberaba
2912707,Ibirapitanga,BA,29012,Itabuna
2912806,Ibirapuã,BA,29026,Teixeira de Freitas
2912905,Ibirataia,BA,29015,Jequié
2913002,Ibitiara,BA,29023,Seabra
2913101,Ibititá,BA,29010,Irecê
2913200,Ibotirama,BA,29008,Ibotirama
2913309,Ichu,BA,29006,Feira de Santana
2913408,Igaporã,BA,29007,Guanambi
2913457,Igrapiúna,BA,29027,Valença
2913507,Iguaí,BA,29013,Itapetinga
2913606,Ilhéus,BA,29009,Ilhéus
2913705,Inhambupe,BA,29001,Alagoinhas
2913804,Ipecaetá,BA,29006,Feira de Santana
2913903,Ipiaú,BA,29015,Jequié
2914000,Ipirá,BA,29006,Feira de Santana
2914109,Ipupiara,BA,29008,Ibotirama
2914208,Irajuba,BA,29015,Jequié
2914307,Iramaia,BA,29015,Jequié
2914406,Iraquara,BA,29023,Seabra
2914505,Irará,BA,29006,Feira de Santana
2914604,Irecê,BA,29010,Irecê
2914653,Itabela,BA,29018,Porto Seguro
2914703,Itaberaba,BA,29011,Itaberaba
2914802,Itabuna,BA,29012,Itabuna
2914901,Itacaré,BA,29009,Ilhéus
2915007,Itaeté,BA,29011,Itaberaba
2915106,Itagi,BA,29015,Jequié
2915205,Itagibá,BA,29015,Jequié
2915304,Itagimirim,BA,29018,Porto Seguro
2915353,Itaguaçu da Bahia,BA,29010,Irecê
2915403,Itaju do Colônia,BA,29012,Itabuna
2915502,Itajuípe,BA,29012,Itabuna
2915601,Itamaraju,BA,29026,Teixeira de Freitas
2915700,Itamari,BA,29015,Jequié
2915809,Itambé,BA,29013,Itapetinga
2915908,Itanagra,BA,29001,Alagoinhas
2916005,Itanhém,BA,29026,Teixeira de Freitas
2916104,Itaparica,BA,29020,Salvador
2916203,Itapé,BA,29012,Itabuna
2916302,Itapebi,BA,29018,Porto Seguro
2916401,Itapetinga,BA,29013,Itapetinga
2916500,Itapicuru,BA,29001,Alagoinhas
2916609,Itapitanga,BA,29012,Itabuna
2916708,Itaquara,BA,29015,Jequié
2916807,Itarantim,BA,29013,Itapetinga
2916856,Itatim,BA,29022,Santo Antônio de Jesus
2916906,Itiruçu,BA,29015,Jequié
2917003,Itiúba,BA,29024,Senhor do Bonfim
2917102,Itororó,BA,29013,Itapetinga
2917201,Ituaçu,BA,29003,Brumado
2917300,Ituberá,BA,29027,Valença
2917334,Iuiu,BA,29007,Guanambi
2917359,Jaborandi,BA,29021,Santa Maria da Vitória
2917409,Jacaraci,BA,29007,Guanambi
2917508,Jacobina,BA,29014,Jacobina
2917607,Jaguaquara,BA,29015,Jequié
2917706,Jaguarari,BA,29024,Senhor do Bonfim
2917805,Jaguaripe,BA,29022,Santo Antônio de Jesus
2917904,Jandaíra,BA,29001,Alagoinhas
2918001,Jequié,BA,29015,Jequié
2918100,Jeremoabo,BA,29017,Paulo Afonso
2918209,Jiquiriçá,BA,29022,Santo Antônio de Jesus
2918308,Jitaúna,BA,29015,Jequié
2918357,João Dourado,BA,29010,Irecê
2918407,Juazeiro,BA,29016,Juazeiro
2918456,Jucuruçu,BA,29026,Teixeira de Freitas
2918506,Jussara,BA,29010,Irecê
2918555,Jussari,BA,29012,Itabuna
2918605,Jussiape,BA,29003,Brumado
2918704,Lafaiete Coutinho,BA,29015,Jequié
2918753,Lagoa Real,BA,29007,Guanambi
2918803,Laje,BA,29022,Santo Antônio de Jesus
2918902,Lajedão,BA,29026,Teixeira de Freitas
2919009,Lajedinho,BA,29011,Itaberaba
2919058,Lajedo do Tabocal,BA,29015,Jequié
2919108,Lamarão,BA,29025,Serrinha
2919157,Lapão,BA,29010,Irecê
2919207,Lauro de Freitas,BA,29020,Salvador
2919306,Lençóis,BA,29023,Seabra
2919405,Licínio de Almeida,BA,29007,Guanambi
2919504,Livramento de Nossa Senhora,BA,29003,Brumado
2919553,Luís Eduardo Magalhães,BA,29002,Barreiras
2919603,Macajuba,BA,29011,Itaberaba
2919702,Macarani,BA,29013,Itapetinga
2919801,Macaúbas,BA,29003,Brumado
2919900,Macururé,BA,29017,Paulo Afonso
2919926,Madre de Deus,BA,29020,Salvador
2919959,Maetinga,BA,29028,Vitória da Conquista
2920007,Maiquinique,BA,29013,Itapetinga
2920106,Mairi,BA,29014,Jacobina
2920205,Malhada,BA,29007,Guanambi
2920304,Malhada de Pedras,BA,29003,Brumado
2920403,Manoel Vitorino,BA,29015,Jequié
2920452,Mansidão,BA,29002,Barreiras
2920502,Maracás,BA,29015,Jequié
2920601,Maragogipe,BA,29005,Cruz das Almas
2920700,Maraú,BA,29012,Itabuna
2920809,Marcionílio Souza,BA,29011,Itaberaba
2920908,Mascote,BA,29009,Ilhéus
2921005,Mata de São João,BA,29004,Camaçari
2921054,Matina,BA,29007,Guanambi
2921104,Medeiros Neto,BA,29026,Teixeira de Freitas
2921203,Miguel Calmon,BA,29014,Jacobina
2921302,Milagres,BA,29022,Santo Antônio de Jesus
2921401,Mirangaba,BA,29014,Jacobina
2921450,Mirante,BA,29028,Vitória da Conquista
2921500,Monte Santo,BA,29025,Serrinha
2921609,Morpará,BA,29008,Ibotirama
2921708,Morro do Chapéu,BA,29014,Jacobina
2921807,Mortugaba,BA,29007,Guanambi
2921906,Mucugê,BA,29023,Seabra
2922003,Mucuri,BA,29026,Teixeira de Freitas
2922052,Mulungu do Morro,BA,29010,Irecê
2922102,Mundo Novo,BA,29006,Feira de Santana
2922201,Muniz Ferreira,BA,29022,Santo Antônio de Jesus
2922250,Muquém do São Francisco,BA,29008,Ibotirama
2922300,Muritiba,BA,29005,Cruz das Almas
2922409,Mutuípe,BA,29022,Santo Antônio de Jesus
2922508,Nazaré,BA,29022,Santo Antônio de Jesus
2922607,Nilo Peçanha,BA,29027,Valença
2922656,Nordestina,BA,29025,Serrinha
2922706,Nova Canaã,BA,29013,Itapetinga
2922730,Nova Fátima,BA,29006,Feira de Santana
2922755,Nova Ibiá,BA,29027,Valença
2922805,Nova Itarana,BA,29015,Jequié
2922854,Nova Redenção,BA,29011,Itaberaba
2922904,Nova Soure,BA,29019,Ribeira do Pombal
2923001,Nova Viçosa,BA,29026,Teixeira de Freitas
2923035,Novo Horizonte,BA,29023,Seabra
2923050,Novo Triunfo,BA,29019,Ribeira do Pombal
2923100,Olindina,BA,29019,Ribeira do Pombal
2923209,Oliveira dos Brejinhos,BA,29008,Ibotirama
2923308,Ouriçangas,BA,29001,Alagoinhas
2923357,Ourolândia,BA,29014,Jacobina
2923407,Palmas de Monte Alto,BA,29007,Guanambi
2923506,Palmeiras,BA,29023,Seabra
2923605,Paramirim,BA,29003,Brumado
2923704,Paratinga,BA,29008,Ibotirama
2923803,Paripiranga,BA,29019,Ribeira do Pombal
2923902,Pau Brasil,BA,29012,Itabuna
2924009,Paulo Afonso,BA,29017,Paulo Afonso
2924058,Pé de Serra,BA,29006,Feira de Santana
2924108,Pedrão,BA,29001,Alagoinhas
2924207,Pedro Alexandre,BA,29017,Paulo Afonso
2924306,Piatã,BA,29023,Seabra
2924405,Pilão Arcado,BA,29016,Juazeiro
2924504,Pindaí,BA,29007,Guanambi
2924603,Pindobaçu,BA,29024,Senhor do Bonfim
2924652,Pintadas,BA,29006,Feira de Santana
2924678,Piraí do Norte,BA,29027,Valença
2924702,Piripá,BA,29028,Vitória da Conquista
2924801,Piritiba,BA,29014,Jacobina
2924900,Planaltino,BA,29015,Jequié
2925006,Planalto,BA,29028,Vitória da Conquista
2925105,Poções,BA,29028,Vitória da Conquista
2925204,Pojuca,BA,29004,Camaçari
2925253,Ponto Novo,BA,29024,Senhor do Bonfim
2925303,Porto Seguro,BA,29018,Porto Seguro
2925402,Potiraguá,BA,29013,Itapetinga
2925501,Prado,BA,29026,Teixeira de Freitas
2925600,Presidente Dutra,BA,29010,Irecê
2925709,Presidente Jânio Quadros,BA,29028,Vitória da Conquista
2925758,Presidente Tancredo Neves,BA,29022,Santo Antônio de Jesus
2925808,Queimadas,BA,29025,Serrinha
2925907,Quijingue,BA,29025,Serrinha
2925931,Quixabeira,BA,29014,Jacobina
2925956,Rafael Jambeiro,BA,29006,Feira de Santana
2926004,Remanso,BA,29016,Juazeiro
2926103,Retirolândia,BA,29025,Serrinha
2926202,Riachão das Neves,BA,29002,Barreiras
2926301,Riachão do Jacuípe,BA,29006,Feira de Santana
2926400,Riacho de Santana,BA,29007,Guanambi
2926509,Ribeira do Amparo,BA,29019,Ribeira do Pombal
2926608,Ribeira do Pombal,BA,29019,Ribeira do Pombal
2926657,Ribeirão do Largo,BA,29028,Vitória da Conquista
2926707,Rio de Contas,BA,29003,Brumado
2926806,Rio do Antônio,BA,29007,Guanambi
2926905,Rio do Pires,BA,29003,Brumado
2927002,Rio Real,BA,29001,Alagoinhas
2927101,Rodelas,BA,29017,Paulo Afonso
2927200,Ruy Barbosa,BA,29011,Itaberaba
2927309,Salinas da Margarida,BA,29022,Santo Antônio de Jesus
2927408,Salvador,BA,29020,Salvador
2927507,Santa Bárbara,BA,29006,Feira de Santana
2927606,Santa Brígida,BA,29017,Paulo Afonso
2927705,Santa Cruz Cabrália,BA,29018,Porto Seguro
2927804,Santa Cruz da Vitória,BA,29012,Itabuna
2927903,Santa Inês,BA,29015,Jequié
2928000,Santaluz,BA,29025,Serrinha
2928059,Santa Luzia,BA,29009,Ilhéus
2928109,Santa Maria da Vitória,BA,29021,Santa Maria da Vitória
2928208,Santana,BA,29021,Santa Maria da Vitória
2928307,Santanópolis,BA,29006,Feira de Santana
2928406,Santa Rita de Cássia,BA,29002,Barreiras
2928505,Santa Terezinha,BA,29022,Santo Antônio de Jesus
2928604,Santo Amaro,BA,29020,Salvador
2928703,Santo Antônio de Jesus,BA,29022,Santo Antônio de Jesus
2928802,Santo Estêvão,BA,29006,Feira de Santana
2928901,São Desidério,BA,29002,Barreiras
2928950,São Domingos,BA,29025,Serrinha
2929008,São Félix,BA,29005,Cruz das Almas
2929057,São Félix do Coribe,BA,29021,Santa Maria da Vitória
2929107,São Felipe,BA,29022,Santo Antônio de Jesus
2929206,São Francisco do Conde,BA,29020,Salvador
2929255,São Gabriel,BA,29010,Irecê
2929305,São Gonçalo dos Campos,BA,29006,Feira de Santana
2929354,São José da Vitória,BA,29012,Itabuna
2929370,São José do Jacuípe,BA,29014,Jacobina
2929404,São Miguel das Matas,BA,29022,Santo Antônio de Jesus
2929503,São Sebastião do Passé,BA,29020,Salvador
2929602,Sapeaçu,BA,29005,Cruz das Almas
2929701,Sátiro Dias,BA,29001,Alagoinhas
2929750,Saubara,BA,29020,Salvador
2929800,Saúde,BA,29014,Jacobina
2929909,Seabra,BA,29023,Seabra
2930006,Sebastião Laranjeiras,BA,29007,Guanambi
2930105,Senhor do Bonfim,BA,29024,Senhor do Bonfim
2930154,Serra do Ramalho,BA,29021,Santa Maria da Vitória
2930204,Sento Sé,BA,29016,Juazeiro
2930303,Serra Dourada,BA,29021,Santa Maria da Vitória
2930402,Serra Preta,BA,29006,Feira de Santana
2930501,Serrinha,BA,29025,Serrinha
2930600,Serrolândia,BA,29014,Jacobina
2930709,Simões Filho,BA,29004,Camaçari
2930758,Sítio do Mato,BA,29021,Santa Maria da Vitória
2930766,Sítio do Quinto,BA,29019,Ribeira do Pombal
2930774,Sobradinho,BA,29016,Juazeiro
2930808,Souto Soares,BA,29023,Seabra
2930907,Tabocas do Brejo Velho,BA,29002,Barreiras
2931004,Tanhaçu,BA,29003,Brumado
2931053,Tanque Novo,BA,29007,Guanambi
2931103,Tanquinho,BA,29006,Feira de Santana
2931202,Taperoá,BA,29027,Valença
2931301,Tapiramutá,BA,29014,Jacobina
2931350,Teixeira de Freitas,BA,29026,Teixeira de Freitas
2931400,Teodoro Sampaio,BA,29006,Feira de Santana
2931509,Teofilândia,BA,29025,Serrinha
2931608,Teolândia,BA,29022,Santo Antônio de Jesus
2931707,Terra Nova,BA,29006,Feira de Santana
2931806,Tremedal,BA,29028,Vitória da Conquista
2931905,Tucano,BA,29019,Ribeira do Pombal
2932002,Uauá,BA,29016,Juazeiro
2932101,Ubaíra,BA,29022,Santo Antônio de Jesus
2932200,Ubaitaba,BA,29012,Itabuna
2932309,Ubatã,BA,29012,Itabuna
2932408,Uibaí,BA,29010,Irecê
2932457,Umburanas,BA,29014,Jacobina
2932507,Una,BA,29009,Ilhéus
2932606,Urandi,BA,29007,Guanambi
2932705,Uruçuca,BA,29009,Ilhéus
2932804,Utinga,BA,29011,Itaberaba
2932903,Valença,BA,29027,Valença
2933000,Valente,BA,29025,Serrinha
2933059,Várzea da Roça,BA,29014,Jacobina
2933109,Várzea do Poço,BA,29014,Jacobina
2933158,Várzea Nova,BA,29014,Jacobina
2933174,Varzedo,BA,29022,Santo Antônio de Jesus
2933208,Vera Cruz,BA,29020,Salvador
2933257,Vereda,BA,29026,Teixeira de Freitas
2933307,Vitória da Conquista,BA,29028,Vitória da Conquista
2933406,Wagner,BA,29011,Itaberaba
2933455,Wanderley,BA,29002,Barreiras
2933505,Wenceslau Guimarães,BA,29027,Valença
2933604,Xique-Xique,BA,29010,Irecê
3100104,Abadia dos Dourados,MG,31074,Patrocínio/Monte Carmelo
3100203,Abaeté,MG,31024,Sete Lagoas
3100302,Abre Campo,MG,31059,Manhuaçu
3100401,Acaiaca,MG,31060,Ponte Nova
3100500,Açucena,MG,31037,Ipatinga
3100609,Água Boa,MG,31102,Peçanha/São João Evangelista/Santa Maria do
3100708,Água Comprida,MG,31072,Uberaba
3100807,Aguanil,MG,31089,Campo Belo
3100906,Águas Formosas,MG,31062,Águas Formosas
3101003,Águas Vermelhas,MG,31068,Pedra azul
3101102,Aimorés,MG,31040,Resplendor
3101201,Aiuruoca,MG,31008,São Lourenço
3101300,Alagoa,MG,31008,São Lourenço
3101409,Albertina,MG,31006,Poços de Caldas
3101508,Além Paraíba,MG,31041,Além Paraíba
3101607,Alfenas,MG,31001,Alfenas/Machado
3101631,Alfredo Vasconcelos,MG,31013,Barbacena
3101706,Almenara,MG,31094,Almenara/Jacinto
3101805,Alpercata,MG,31036,Governador Valadares
3101904,Alpinópolis,MG,31092,Passos
3102001,Alterosa,MG,31001,Alfenas/Machado
3102050,Alto Caparaó,MG,31059,Manhuaçu
3102100,Alto Rio Doce,MG,31013,Barbacena
3102209,Alvarenga,MG,31036,Governador Valadares
3102308,Alvinópolis,MG,31060,Ponte Nova
3102407,Alvorada de Minas,MG,31095,Serro
3102506,Amparo do Serra,MG,31060,Ponte Nova
3102605,Andradas,MG,31006,Poços de Caldas
3102704,Cachoeira de Pajeú,MG,31068,Pedra azul
3102803,Andrelândia,MG,31090,Lima Duarte
3102852,Angelândia,MG,31099,Teófilo Otoni/Malacacheta
3102902,Antônio Carlos,MG,31013,Barbacena
3103009,Antônio Dias,MG,31035,Coronel Fabriciano/Timóteo
3103108,Antônio Prado de Minas,MG,31045,Muriaé
3103207,Araçaí,MG,31024,Sete Lagoas
3103306,Aracitaba,MG,31046,Santos Dumont
3103405,Araçuaí,MG,31064,Araçuaí
3103504,Araguari,MG,31075,Uberlândia/Araguari
3103603,Arantina,MG,31090,Lima Duarte
3103702,Araponga,MG,31061,Viçosa
3103751,Araporã,MG,31075,Uberlândia/Araguari
3103801,Arapuá,MG,31082,São Gotardo
3103900,Araújos,MG,31086,Divinópolis
3104007,Araxá,MG,31070,Araxá
3104106,Arceburgo,MG,31002,Guaxupé
3104205,Arcos,MG,31087,Lagoa da Prata/Santo Antônio do Monte
3104304,Areado,MG,31001,Alfenas/Machado
3104403,Argirita,MG,31044,Leopoldina/Cataguases
3104452,Aricanduva,MG,31027,Turmalina/Minas Novas/Capelinha
3104502,Arinos,MG,31058,Unaí/Paracatu
3104601,Astolfo Dutra,MG,31044,Leopoldina/Cataguases
3104700,Ataléia,MG,31099,Teófilo Otoni/Malacacheta
3104809,Augusto de Lima,MG,31019,Curvelo
3104908,Baependi,MG,31008,São Lourenço
3105004,Baldim,MG,31024,Sete Lagoas
3105103,Bambuí,MG,31030,Formiga
3105202,Bandeira,MG,31094,Almenara/Jacinto
3105301,Bandeira do Sul,MG,31001,Alfenas/Machado
3105400,Barão de Cocais,MG,31021,Itabira
3105509,Barão do Monte Alto,MG,31045,Muriaé
3105608,Barbacena,MG,31013,Barbacena
3105707,Barra Longa,MG,31060,Ponte Nova
3105905,Barroso,MG,31015,São João Del Rei
3106002,Bela Vista de Minas,MG,31023,João Monlevade
3106101,Belmiro Braga,MG,31097,Juiz de Fora
3106200,Belo Horizonte,MG,31016,Belo Horizonte/Nova Lima/Santa Luzia
3106309,Belo Oriente,MG,31037,Ipatinga
3106408,Belo Vale,MG,31016,Belo Horizonte/Nova Lima/Santa Luzia
3106507,Berilo,MG,31064,Araçuaí
3106606,Bertópolis,MG,31062,Águas Formosas
3106655,Berizal,MG,31085,Taiobeiras
3106705,Betim,MG,31017,Betim
3106804,Bias Fortes,MG,31090,Lima Duarte
3106903,Bicas,MG,31047,São João Nepomuceno/Bicas
3107000,Biquinhas,MG,31024,Sete Lagoas
3107109,Boa Esperança,MG,31011,Três Pontas
3107208,Bocaina de Minas,MG,31090,Lima Duarte
3107307,Bocaiúva,MG,31083,Bocaiúva
3107406,Bom Despacho,MG,31028,Bom Despacho
3107505,Bom Jardim de Minas,MG,31090,Lima Duarte
3107604,Bom Jesus da Penha,MG,31092,Passos
3107703,Bom Jesus do Amparo,MG,31021,Itabira
3107802,Bom Jesus do Galho,MG,31034,Caratinga
3107901,Bom Repouso,MG,31007,Pouso Alegre
3108008,Bom Sucesso,MG,31015,São João Del Rei
3108107,Bonfim,MG,31017,Betim
3108206,Bonfinópolis de Minas,MG,31058,Unaí/Paracatu
3108255,Bonito de Minas,MG,31053,Januária
3108305,Borda da Mata,MG,31007,Pouso Alegre
3108404,Botelhos,MG,31001,Alfenas/Machado
3108503,Botumirim,MG,31051,Francisco Sá
3108552,Brasilândia de Minas,MG,31077,João Pinheiro
3108602,Brasília de Minas,MG,31101,Brasília de Minas
3108701,Brás Pires,MG,31048,Ubá
3108800,Braúnas,MG,31037,Ipatinga
3108909,Brazópolis,MG,31003,Itajubá
3109006,Brumadinho,MG,31017,Betim
3109105,Bueno Brandão,MG,31007,Pouso Alegre
3109204,Buenópolis,MG,31019,Curvelo
3109253,Bugre,MG,31037,Ipatinga
3109303,Buritis,MG,31058,Unaí/Paracatu
3109402,Buritizeiro,MG,31055,Pirapora
3109451,Cabeceira Grande,MG,31058,Unaí/Paracatu
3109501,Cabo Verde,MG,31002,Guaxupé
3109600,Cachoeira da Prata,MG,31024,Sete Lagoas
3109709,Cachoeira de Minas,MG,31007,Pouso Alegre
3109808,Cachoeira Dourada,MG,31073,Ituiutaba
3109907,Caetanópolis,MG,31024,Sete Lagoas
3110004,Caeté,MG,31016,Belo Horizonte/Nova Lima/Santa Luzia
3110103,Caiana,MG,31042,Carangola
3110202,Cajuri,MG,31061,Viçosa
3110301,Caldas,MG,31006,Poços de Caldas
3110400,Camacho,MG,31089,Campo Belo
3110509,Camanducaia,MG,31007,Pouso Alegre
3110608,Cambuí,MG,31007,Pouso Alegre
3110707,Cambuquira,MG,31010,Três Corações
3110806,Campanário,MG,31096,Itambacuri
3110905,Campanha,MG,31012,Varginha
3111002,Campestre,MG,31001,Alfenas/Machado
3111101,Campina Verde,MG,31073,Ituiutaba
3111150,Campo Azul,MG,31101,Brasília de Minas
3111200,Campo Belo,MG,31089,Campo Belo
3111309,Campo do Meio,MG,31001,Alfenas/Machado
3111408,Campo Florido,MG,31072,Uberaba
3111507,Campos Altos,MG,31070,Araxá
3111606,Campos Gerais,MG,31001,Alfenas/Machado
3111705,Canaã,MG,31061,Viçosa
3111804,Canápolis,MG,31073,Ituiutaba
3111903,Cana Verde,MG,31089,Campo Belo
3112000,Candeias,MG,31089,Campo Belo
3112059,Cantagalo,MG,31102,Peçanha/São João Evangelista/Santa Maria do
3112109,Caparaó,MG,31042,Carangola
3112208,Capela Nova,MG,31013,Barbacena
3112307,Capelinha,MG,31027,Turmalina/Minas Novas/Capelinha
3112406,Capetinga,MG,31091,Cássia
3112505,Capim Branco,MG,31024,Sete Lagoas
3112604,Capinópolis,MG,31073,Ituiutaba
3112653,Capitão Andrade,MG,31036,Governador Valadares
3112703,Capitão Enéas,MG,31051,Francisco Sá
3112802,Capitólio,MG,31093,Piumhi
3112901,Caputira,MG,31059,Manhuaçu
3113008,Caraí,MG,31067,Padre Paraíso
3113107,Caranaíba,MG,31079,Conselheiro Lafaiete
3113206,Carandaí,MG,31013,Barbacena
3113305,Carangola,MG,31042,Carangola
3113404,Caratinga,MG,31034,Caratinga
3113503,Carbonita,MG,31026,Diamantina/Itamarandiba
3113602,Careaçu,MG,31007,Pouso Alegre
3113701,Carlos Chagas,MG,31066,Nanuque
3113800,Carmésia,MG,31020,Guanhães
3113909,Carmo da Cachoeira,MG,31010,Três Corações
3114006,Carmo da Mata,MG,31088,Oliveira/Santo Antônio do Amparo
3114105,Carmo de Minas,MG,31008,São Lourenço
3114204,Carmo do Cajuru,MG,31086,Divinópolis
3114303,Carmo do Paranaíba,MG,31082,São Gotardo
3114402,Carmo do Rio Claro,MG,31092,Passos
3114501,Carmópolis de Minas,MG,31088,Oliveira/Santo Antônio do Amparo
3114550,Carneirinho,MG,31071,Frutal/Iturama
3114600,Carrancas,MG,31004,Lavras
3114709,Carvalhópolis,MG,31001,Alfenas/Machado
3114808,Carvalhos,MG,31008,São Lourenço
3114907,Casa Grande,MG,31079,Conselheiro Lafaiete
3115003,Cascalho Rico,MG,31075,Uberlândia/Araguari
3115102,Cássia,MG,31091,Cássia
3115201,Conceição da Barra de Minas,MG,31015,São João Del Rei
3115300,Cataguases,MG,31044,Leopoldina/Cataguases
3115359,Catas Altas,MG,31021,Itabira
3115409,Catas Altas da Noruega,MG,31079,Conselheiro Lafaiete
3115458,Catuji,MG,31067,Padre Paraíso
3115474,Catuti,MG,31052,Janaúba/Monte Azul
3115508,Caxambu,MG,31008,São Lourenço
3115607,Cedro do Abaeté,MG,31024,Sete Lagoas
3115706,Central de Minas,MG,31038,Mantena
3115805,Centralina,MG,31073,Ituiutaba
3115904,Chácara,MG,31097,Juiz de Fora
3116001,Chalé,MG,31059,Manhuaçu
3116100,Chapada do Norte,MG,31027,Turmalina/Minas Novas/Capelinha
3116159,Chapada Gaúcha,MG,31058,Unaí/Paracatu
3116209,Chiador,MG,31097,Juiz de Fora
3116308,Cipotânea,MG,31013,Barbacena
3116407,Claraval,MG,31091,Cássia
3116506,Claro dos Poções,MG,31084,Montes Claros
3116605,Cláudio,MG,31086,Divinópolis
3116704,Coimbra,MG,31048,Ubá
3116803,Coluna,MG,31026,Diamantina/Itamarandiba
3116902,Comendador Gomes,MG,31071,Frutal/Iturama
3117009,Comercinho,MG,31065,Itaobim
3117108,Conceição da Aparecida,MG,31001,Alfenas/Machado
3117207,Conceição das Pedras,MG,31003,Itajubá
3117306,Conceição das Alagoas,MG,31072,Uberaba
3117405,Conceição de Ipanema,MG,31059,Manhuaçu
3117504,Conceição do Mato Dentro,MG,31095,Serro
3117603,Conceição do Pará,MG,31032,Pará de Minas/Nova Serrana
3117702,Conceição do Rio Verde,MG,31008,São Lourenço
3117801,Conceição dos Ouros,MG,31007,Pouso Alegre
3117836,Cônego Marinho,MG,31053,Januária
3117876,Confins,MG,31025,Vespasiano/Lagoa Santa
3117900,Congonhal,MG,31007,Pouso Alegre
3118007,Congonhas,MG,31078,Congonhas
3118106,Congonhas do Norte,MG,31026,Diamantina/Itamarandiba
3118205,Conquista,MG,31072,Uberaba
3118304,Conselheiro Lafaiete,MG,31079,Conselheiro Lafaiete
3118403,Conselheiro Pena,MG,31040,Resplendor
3118502,Consolação,MG,31003,Itajubá
3118601,Contagem,MG,31018,Contagem
3118700,Coqueiral,MG,31011,Três Pontas
3118809,Coração de Jesus,MG,31050,Coração de Jesus
3118908,Cordisburgo,MG,31024,Sete Lagoas
3119005,Cordislândia,MG,31012,Varginha
3119104,Corinto,MG,31019,Curvelo
3119203,Coroaci,MG,31036,Governador Valadares
3119302,Coromandel,MG,31074,Patrocínio/Monte Carmelo
3119401,Coronel Fabriciano,MG,31035,Coronel Fabriciano/Timóteo
3119500,Coronel Murta,MG,31064,Araçuaí
3119609,Coronel Pacheco,MG,31097,Juiz de Fora
3119708,Coronel Xavier Chaves,MG,31015,São João Del Rei
3119807,Córrego Danta,MG,31030,Formiga
3119906,Córrego do Bom Jesus,MG,31007,Pouso Alegre
3119955,Córrego Fundo,MG,31030,Formiga
3120003,Córrego Novo,MG,31035,Coronel Fabriciano/Timóteo
3120102,Couto de Magalhães de Minas,MG,31026,Diamantina/Itamarandiba
3120151,Crisólita,MG,31062,Águas Formosas
3120201,Cristais,MG,31089,Campo Belo
3120300,Cristália,MG,31051,Francisco Sá
3120409,Cristiano Otoni,MG,31079,Conselheiro Lafaiete
3120508,Cristina,MG,31008,São Lourenço
3120607,Crucilândia,MG,31017,Betim
3120706,Cruzeiro da Fortaleza,MG,31057,Patos de Minas
3120805,Cruzília,MG,31008,São Lourenço
3120839,Cuparaque,MG,31040,Resplendor
3120870,Curral de Dentro,MG,31085,Taiobeiras
3120904,Curvelo,MG,31019,Curvelo
3121001,Datas,MG,31026,Diamantina/Itamarandiba
3121100,Delfim Moreira,MG,31003,Itajubá
3121209,Delfinópolis,MG,31091,Cássia
3121258,Delta,MG,31072,Uberaba
3121308,Descoberto,MG,31047,São João Nepomuceno/Bicas
3121407,Desterro de Entre Rios,MG,31078,Congonhas
3121506,Desterro do Melo,MG,31013,Barbacena
3121605,Diamantina,MG,31026,Diamantina/Itamarandiba
3121704,Diogo de Vasconcelos,MG,31060,Ponte Nova
3121803,Dionísio,MG,31035,Coronel Fabriciano/Timóteo
3121902,Divinésia,MG,31048,Ubá
3122009,Divino,MG,31042,Carangola
3122108,Divino das Laranjeiras,MG,31038,Mantena
3122207,Divinolândia de Minas,MG,31036,Governador Valadares
3122306,Divinópolis,MG,31086,Divinópolis
3122355,Divisa Alegre,MG,31068,Pedra azul
3122405,Divisa Nova,MG,31001,Alfenas/Machado
3122454,Divisópolis,MG,31068,Pedra azul
3122470,Dom Bosco,MG,31058,Unaí/Paracatu
3122504,Dom Cavati,MG,31037,Ipatinga
3122603,Dom Joaquim,MG,31020,Guanhães
3122702,Dom Silvério,MG,31060,Ponte Nova
3122801,Dom Viçoso,MG,31008,São Lourenço
3122900,Dona Euzébia,MG,31044,Leopoldina/Cataguases
3123007,Dores de Campos,MG,31015,São João Del Rei
3123106,Dores de Guanhães,MG,31020,Guanhães
3123205,Dores do Indaiá,MG,31028,Bom Despacho
3123304,Dores do Turvo,MG,31048,Ubá
3123403,Doresópolis,MG,31093,Piumhi
3123502,Douradoquara,MG,31074,Patrocínio/Monte Carmelo
3123528,Durandé,MG,31059,Manhuaçu
3123601,Elói Mendes,MG,31012,Varginha
3123700,Engenheiro Caldas,MG,31036,Governador Valadares
3123809,Engenheiro Navarro,MG,31083,Bocaiúva
3123858,Entre Folhas,MG,31034,Caratinga
3123908,Entre Rios de Minas,MG,31078,Congonhas
3124005,Ervália,MG,31048,Ubá
3124104,Esmeraldas,MG,31017,Betim
3124203,Espera Feliz,MG,31042,Carangola
3124302,Espinosa,MG,31052,Janaúba/Monte Azul
3124401,Espírito Santo do Dourado,MG,31007,Pouso Alegre
3124500,Estiva,MG,31007,Pouso Alegre
3124609,Estrela Dalva,MG,31041,Além Paraíba
3124708,Estrela do Indaiá,MG,31028,Bom Despacho
3124807,Estrela do Sul,MG,31074,Patrocínio/Monte Carmelo
3124906,Eugenópolis,MG,31045,Muriaé
3125002,Ewbank da Câmara,MG,31097,Juiz de Fora
3125101,Extrema,MG,31007,Pouso Alegre
3125200,Fama,MG,31001,Alfenas/Machado
3125309,Faria Lemos,MG,31042,Carangola
3125408,Felício dos Santos,MG,31026,Diamantina/Itamarandiba
3125507,São Gonçalo do Rio Preto,MG,31026,Diamantina/Itamarandiba
3125606,Felisburgo,MG,31094,Almenara/Jacinto
3125705,Felixlândia,MG,31019,Curvelo
3125804,Fernandes Tourinho,MG,31036,Governador Valadares
3125903,Ferros,MG,31021,Itabira
3125952,Fervedouro,MG,31042,Carangola
3126000,Florestal,MG,31017,Betim
3126109,Formiga,MG,31030,Formiga
3126208,Formoso,MG,31058,Unaí/Paracatu
3126307,Fortaleza de Minas,MG,31092,Passos
3126406,Fortuna de Minas,MG,31024,Sete Lagoas
3126505,Francisco Badaró,MG,31064,Araçuaí
3126604,Francisco Dumont,MG,31083,Bocaiúva
3126703,Francisco Sá,MG,31051,Francisco Sá
3126752,Franciscópolis,MG,31099,Teófilo Otoni/Malacacheta
3126802,Frei Gaspar,MG,31096,Itambacuri
3126901,Frei Inocêncio,MG,31036,Governador Valadares
3126950,Frei Lagonegro,MG,31102,Peçanha/São João Evangelista/Santa Maria do
3127008,Fronteira,MG,31071,Frutal/Iturama
3127057,Fronteira dos Vales,MG,31062,Águas Formosas
3127073,Fruta de Leite,MG,31098,Salinas
3127107,Frutal,MG,31071,Frutal/Iturama
3127206,Funilândia,MG,31024,Sete Lagoas
3127305,Galiléia,MG,31036,Governador Valadares
3127339,Gameleiras,MG,31052,Janaúba/Monte Azul
3127354,Glaucilândia,MG,31084,Montes Claros
3127370,Goiabeira,MG,31040,Resplendor
3127388,Goianá,MG,31097,Juiz de Fora
3127404,Gonçalves,MG,31003,Itajubá
3127503,Gonzaga,MG,31036,Governador Valadares
3127602,Gouveia,MG,31026,Diamantina/Itamarandiba
3127701,Governador Valadares,MG,31036,Governador Valadares
3127800,Grão Mogol,MG,31051,Francisco Sá
3127909,Grupiara,MG,31074,Patrocínio/Monte Carmelo
3128006,Guanhães,MG,31020,Guanhães
3128105,Guapé,MG,31093,Piumhi
3128204,Guaraciaba,MG,31060,Ponte Nova
3128253,Guaraciama,MG,31083,Bocaiúva
3128303,Guaranésia,MG,31002,Guaxupé
3128402,Guarani,MG,31048,Ubá
3128501,Guarará,MG,31047,São João Nepomuceno/Bicas
3128600,Guarda-Mor,MG,31057,Patos de Minas
3128709,Guaxupé,MG,31002,Guaxupé
3128808,Guidoval,MG,31048,Ubá
3128907,Guimarânia,MG,31057,Patos de Minas
3129004,Guiricema,MG,31048,Ubá
3129103,Gurinhatã,MG,31073,Ituiutaba
3129202,Heliodora,MG,31007,Pouso Alegre
3129301,Iapu,MG,31037,Ipatinga
3129400,Ibertioga,MG,31013,Barbacena
3129509,Ibiá,MG,31070,Araxá
3129608,Ibiaí,MG,31055,Pirapora
3129657,Ibiracatu,MG,31101,Brasília de Minas
3129707,Ibiraci,MG,31091,Cássia
3129806,Ibirité,MG,31018,Contagem
3129905,Ibitiúra de Minas,MG,31006,Poços de Caldas
3130002,Ibituruna,MG,31015,São João Del Rei
3130051,Icaraí de Minas,MG,31100,São Francisco
3130101,Igarapé,MG,31017,Betim
3130200,Igaratinga,MG,31032,Pará de Minas/Nova Serrana
3130309,Iguatama,MG,31030,Formiga
3130408,Ijaci,MG,31004,Lavras
3130507,Ilicínea,MG,31011,Três Pontas
3130556,Imbé de Minas,MG,31034,Caratinga
3130606,Inconfidentes,MG,31007,Pouso Alegre
3130655,Indaiabira,MG,31085,Taiobeiras
3130705,Indianópolis,MG,31075,Uberlândia/Araguari
3130804,Ingaí,MG,31004,Lavras
3130903,Inhapim,MG,31034,Caratinga
3131000,Inhaúma,MG,31024,Sete Lagoas
3131109,Inimutaba,MG,31019,Curvelo
3131158,Ipaba,MG,31037,Ipatinga
3131208,Ipanema,MG,31059,Manhuaçu
3131307,Ipatinga,MG,31037,Ipatinga
3131406,Ipiaçu,MG,31073,Ituiutaba
3131505,Ipuiúna,MG,31007,Pouso Alegre
3131604,Iraí de Minas,MG,31074,Patrocínio/Monte Carmelo
3131703,Itabira,MG,31021,Itabira
3131802,Itabirinha,MG,31038,Mantena
3131901,Itabirito,MG,31022,Ouro Preto
3132008,Itacambira,MG,31084,Montes Claros
3132107,Itacarambi,MG,31053,Januária
3132206,Itaguara,MG,31031,Itaúna
3132305,Itaipé,MG,31067,Padre Paraíso
3132404,Itajubá,MG,31003,Itajubá
3132503,Itamarandiba,MG,31026,Diamantina/Itamarandiba
3132602,Itamarati de Minas,MG,31044,Leopoldina/Cataguases
3132701,Itambacuri,MG,31096,Itambacuri
3132800,Itambé do Mato Dentro,MG,31021,Itabira
3132909,Itamogi,MG,31009,São Sebastião do Paraíso
3133006,Itamonte,MG,31008,São Lourenço
3133105,Itanhandu,MG,31008,São Lourenço
3133204,Itanhomi,MG,31036,Governador Valadares
3133303,Itaobim,MG,31065,Itaobim
3133402,Itapagipe,MG,31071,Frutal/Iturama
3133501,Itapecerica,MG,31086,Divinópolis
3133600,Itapeva,MG,31007,Pouso Alegre
3133709,Itatiaiuçu,MG,31031,Itaúna
3133758,Itaú de Minas,MG,31092,Passos
3133808,Itaúna,MG,31031,Itaúna
3133907,Itaverava,MG,31079,Conselheiro Lafaiete
3134004,Itinga,MG,31065,Itaobim
3134103,Itueta,MG,31040,Resplendor
3134202,Ituiutaba,MG,31073,Ituiutaba
3134301,Itumirim,MG,31004,Lavras
3134400,Iturama,MG,31071,Frutal/Iturama
3134509,Itutinga,MG,31004,Lavras
3134608,Jaboticatubas,MG,31016,Belo Horizonte/Nova Lima/Santa Luzia
3134707,Jacinto,MG,31094,Almenara/Jacinto
3134806,Jacuí,MG,31009,São Sebastião do Paraíso
3134905,Jacutinga,MG,31007,Pouso Alegre
3135001,Jaguaraçu,MG,31035,Coronel Fabriciano/Timóteo
3135050,Jaíba,MG,31052,Janaúba/Monte Azul
3135076,Jampruca,MG,31036,Governador Valadares
3135100,Janaúba,MG,31052,Janaúba/Monte Azul
3135209,Januária,MG,31053,Januária
3135308,Japaraíba,MG,31087,Lagoa da Prata/Santo Antônio do Monte
3135357,Japonvar,MG,31101,Brasília de Minas
3135407,Jeceaba,MG,31078,Congonhas
3135456,Jenipapo de Minas,MG,31064,Araçuaí
3135506,Jequeri,MG,31060,Ponte Nova
3135605,Jequitaí,MG,31050,Coração de Jesus
3135704,Jequitibá,MG,31024,Sete Lagoas
3135803,Jequitinhonha,MG,31094,Almenara/Jacinto
3135902,Jesuânia,MG,31008,São Lourenço
3136009,Joaíma,MG,31094,Almenara/Jacinto
3136108,Joanésia,MG,31037,Ipatinga
3136207,João Monlevade,MG,31023,João Monlevade
3136306,João Pinheiro,MG,31077,João Pinheiro
3136405,Joaquim Felício,MG,31083,Bocaiúva
3136504,Jordânia,MG,31094,Almenara/Jacinto
3136520,José Gonçalves de Minas,MG,31027,Turmalina/Minas Novas/Capelinha
3136553,José Raydan,MG,31102,Peçanha/São João Evangelista/Santa Maria do
3136579,Josenópolis,MG,31051,Francisco Sá
3136603,Nova União,MG,31016,Belo Horizonte/Nova Lima/Santa Luzia
3136652,Juatuba,MG,31017,Betim
3136702,Juiz de Fora,MG,31097,Juiz de Fora
3136801,Juramento,MG,31084,Montes Claros
3136900,Juruaia,MG,31002,Guaxupé
3136959,Juvenília,MG,31076,Manga
3137007,Ladainha,MG,31099,Teófilo Otoni/Malacacheta
3137106,Lagamar,MG,31057,Patos de Minas
3137205,Lagoa da Prata,MG,31087,Lagoa da Prata/Santo Antônio do Monte
3137304,Lagoa dos Patos,MG,31050,Coração de Jesus
3137403,Lagoa Dourada,MG,31015,São João Del Rei
3137502,Lagoa Formosa,MG,31057,Patos de Minas
3137536,Lagoa Grande,MG,31077,João Pinheiro
3137601,Lagoa Santa,MG,31025,Vespasiano/Lagoa Santa
3137700,Lajinha,MG,31059,Manhuaçu
3137809,Lambari,MG,31008,São Lourenço
3137908,Lamim,MG,31079,Conselheiro Lafaiete
3138005,Laranjal,MG,31044,Leopoldina/Cataguases
3138104,Lassance,MG,31055,Pirapora
3138203,Lavras,MG,31004,Lavras
3138302,Leandro Ferreira,MG,31032,Pará de Minas/Nova Serrana
3138351,Leme do Prado,MG,31027,Turmalina/Minas Novas/Capelinha
3138401,Leopoldina,MG,31044,Leopoldina/Cataguases
3138500,Liberdade,MG,31090,Lima Duarte
3138609,Lima Duarte,MG,31090,Lima Duarte
3138625,Limeira do Oeste,MG,31071,Frutal/Iturama
3138658,Lontra,MG,31101,Brasília de Minas
3138674,Luisburgo,MG,31059,Manhuaçu
3138682,Luislândia,MG,31101,Brasília de Minas
3138708,Luminárias,MG,31004,Lavras
3138807,Luz,MG,31028,Bom Despacho
3138906,Machacalis,MG,31062,Águas Formosas
3139003,Machado,MG,31001,Alfenas/Machado
3139102,Madre de Deus de Minas,MG,31015,São João Del Rei
3139201,Malacacheta,MG,31099,Teófilo Otoni/Malacacheta
3139250,Mamonas,MG,31052,Janaúba/Monte Azul
3139300,Manga,MG,31076,Manga
3139409,Manhuaçu,MG,31059,Manhuaçu
3139508,Manhumirim,MG,31059,Manhuaçu
3139607,Mantena,MG,31038,Mantena
3139706,Maravilhas,MG,31024,Sete Lagoas
3139805,Mar de Espanha,MG,31047,São João Nepomuceno/Bicas
3139904,Maria da Fé,MG,31003,Itajubá
3140001,Mariana,MG,31022,Ouro Preto
3140100,Marilac,MG,31036,Governador Valadares
3140159,Mário Campos,MG,31017,Betim
3140209,Maripá de Minas,MG,31047,São João Nepomuceno/Bicas
3140308,Marliéria,MG,31035,Coronel Fabriciano/Timóteo
3140407,Marmelópolis,MG,31003,Itajubá
3140506,Martinho Campos,MG,31028,Bom Despacho
3140530,Martins Soares,MG,31059,Manhuaçu
3140555,Mata Verde,MG,31094,Almenara/Jacinto
3140605,Materlândia,MG,31020,Guanhães
3140704,Mateus Leme,MG,31017,Betim
3140803,Matias Barbosa,MG,31097,Juiz de Fora
3140852,Matias Cardoso,MG,31052,Janaúba/Monte Azul
3140902,Matipó,MG,31059,Manhuaçu
3141009,Mato Verde,MG,31052,Janaúba/Monte Azul
3141108,Matozinhos,MG,31025,Vespasiano/Lagoa Santa
3141207,Matutina,MG,31082,São Gotardo
3141306,Medeiros,MG,31030,Formiga
3141405,Medina,MG,31065,Itaobim
3141504,Mendes Pimentel,MG,31038,Mantena
3141603,Mercês,MG,31048,Ubá
3141702,Mesquita,MG,31037,Ipatinga
3141801,Minas Novas,MG,31027,Turmalina/Minas Novas/Capelinha
3141900,Minduri,MG,31008,São Lourenço
3142007,Mirabela,MG,31084,Montes Claros
3142106,Miradouro,MG,31045,Muriaé
3142205,Miraí,MG,31045,Muriaé
3142254,Miravânia,MG,31076,Manga
3142304,Moeda,MG,31016,Belo Horizonte/Nova Lima/Santa Luzia
3142403,Moema,MG,31028,Bom Despacho
3142502,Monjolos,MG,31019,Curvelo
3142601,Monsenhor Paulo,MG,31012,Varginha
3142700,Montalvânia,MG,31076,Manga
3142809,Monte Alegre de Minas,MG,31075,Uberlândia/Araguari
3142908,Monte Azul,MG,31052,Janaúba/Monte Azul
3143005,Monte Belo,MG,31002,Guaxupé
3143104,Monte Carmelo,MG,31074,Patrocínio/Monte Carmelo
3143153,Monte Formoso,MG,31065,Itaobim
3143203,Monte Santo de Minas,MG,31009,São Sebastião do Paraíso
3143302,Montes Claros,MG,31084,Montes Claros
3143401,Monte Sião,MG,31007,Pouso Alegre
3143450,Montezuma,MG,31085,Taiobeiras
3143500,Morada Nova de Minas,MG,31024,Sete Lagoas
3143609,Morro da Garça,MG,31019,Curvelo
3143708,Morro do Pilar,MG,31021,Itabira
3143807,Munhoz,MG,31007,Pouso Alegre
3143906,Muriaé,MG,31045,Muriaé
3144003,Mutum,MG,31059,Manhuaçu
3144102,Muzambinho,MG,31002,Guaxupé
3144201,Nacip Raydan,MG,31036,Governador Valadares
3144300,Nanuque,MG,31066,Nanuque
3144359,Naque,MG,31037,Ipatinga
3144375,Natalândia,MG,31058,Unaí/Paracatu
3144409,Natércia,MG,31007,Pouso Alegre
3144508,Nazareno,MG,31015,São João Del Rei
3144607,Nepomuceno,MG,31004,Lavras
3144656,Ninheira,MG,31085,Taiobeiras
3144672,Nova Belém,MG,31038,Mantena
3144706,Nova Era,MG,31023,João Monlevade
3144805,Nova Lima,MG,31016,Belo Horizonte/Nova Lima/Santa Luzia
3144904,Nova Módica,MG,31096,Itambacuri
3145000,Nova Ponte,MG,31075,Uberlândia/Araguari
3145059,Nova Porteirinha,MG,31052,Janaúba/Monte Azul
3145109,Nova Resende,MG,31092,Passos
3145208,Nova Serrana,MG,31032,Pará de Minas/Nova Serrana
3145307,Novo Cruzeiro,MG,31099,Teófilo Otoni/Malacacheta
3145356,Novo Oriente de Minas,MG,31099,Teófilo Otoni/Malacacheta
3145372,Novorizonte,MG,31098,Salinas
3145406,Olaria,MG,31090,Lima Duarte
3145455,Olhos-d'Água,MG,31083,Bocaiúva
3145505,Olímpio Noronha,MG,31008,São Lourenço
3145604,Oliveira,MG,31088,Oliveira/Santo Antônio do Amparo
3145703,Oliveira Fortes,MG,31046,Santos Dumont
3145802,Onça de Pitangui,MG,31032,Pará de Minas/Nova Serrana
3145851,Oratórios,MG,31060,Ponte Nova
3145877,Orizânia,MG,31042,Carangola
3145901,Ouro Branco,MG,31078,Congonhas
3146008,Ouro Fino,MG,31007,Pouso Alegre
3146107,Ouro Preto,MG,31022,Ouro Preto
3146206,Ouro Verde de Minas,MG,31099,Teófilo Otoni/Malacacheta
3146255,Padre Carvalho,MG,31098,Salinas
3146305,Padre Paraíso,MG,31067,Padre Paraíso
3146404,Paineiras,MG,31024,Sete Lagoas
3146503,Pains,MG,31030,Formiga
3146552,Pai Pedro,MG,31052,Janaúba/Monte Azul
3146602,Paiva,MG,31013,Barbacena
3146701,Palma,MG,31044,Leopoldina/Cataguases
3146750,Palmópolis,MG,31094,Almenara/Jacinto
3146909,Papagaios,MG,31024,Sete Lagoas
3147006,Paracatu,MG,31058,Unaí/Paracatu
3147105,Pará de Minas,MG,31032,Pará de Minas/Nova Serrana
3147204,Paraguaçu,MG,31001,Alfenas/Machado
3147303,Paraisópolis,MG,31003,Itajubá
3147402,Paraopeba,MG,31024,Sete Lagoas
3147501,Passabém,MG,31021,Itabira
3147600,Passa Quatro,MG,31008,São Lourenço
3147709,Passa Tempo,MG,31088,Oliveira/Santo Antônio do Amparo
3147808,Passa Vinte,MG,31090,Lima Duarte
3147907,Passos,MG,31092,Passos
3147956,Patis,MG,31101,Brasília de Minas
3148004,Patos de Minas,MG,31057,Patos de Minas
3148103,Patrocínio,MG,31074,Patrocínio/Monte Carmelo
3148202,Patrocínio do Muriaé,MG,31045,Muriaé
3148301,Paula Cândido,MG,31061,Viçosa
3148400,Paulistas,MG,31102,Peçanha/São João Evangelista/Santa Maria do
3148509,Pavão,MG,31062,Águas Formosas
3148608,Peçanha,MG,31102,Peçanha/São João Evangelista/Santa Maria do
3148707,Pedra Azul,MG,31068,Pedra azul
3148756,Pedra Bonita,MG,31042,Carangola
3148806,Pedra do Anta,MG,31061,Viçosa
3148905,Pedra do Indaiá,MG,31087,Lagoa da Prata/Santo Antônio do Monte
3149002,Pedra Dourada,MG,31042,Carangola
3149101,Pedralva,MG,31003,Itajubá
3149150,Pedras de Maria da Cruz,MG,31053,Januária
3149200,Pedrinópolis,MG,31070,Araxá
3149309,Pedro Leopoldo,MG,31025,Vespasiano/Lagoa Santa
3149408,Pedro Teixeira,MG,31090,Lima Duarte
3149507,Pequeri,MG,31047,São João Nepomuceno/Bicas
3149606,Pequi,MG,31024,Sete Lagoas
3149705,Perdigão,MG,31086,Divinópolis
3149804,Perdizes,MG,31070,Araxá
3149903,Perdões,MG,31004,Lavras
3149952,Periquito,MG,31037,Ipatinga
3150000,Pescador,MG,31096,Itambacuri
3150109,Piau,MG,31097,Juiz de Fora
3150158,Piedade de Caratinga,MG,31034,Caratinga
3150208,Piedade de Ponte Nova,MG,31060,Ponte Nova
3150307,Piedade do Rio Grande,MG,31015,São João Del Rei
3150406,Piedade dos Gerais,MG,31017,Betim
3150505,Pimenta,MG,31093,Piumhi
3150539,Pingo-d'Água,MG,31035,Coronel Fabriciano/Timóteo
3150570,Pintópolis,MG,31100,São Francisco
3150604,Piracema,MG,31031,Itaúna
3150703,Pirajuba,MG,31071,Frutal/Iturama
3150802,Piranga,MG,31079,Conselheiro Lafaiete
3150901,Piranguçu,MG,31003,Itajubá
3151008,Piranguinho,MG,31003,Itajubá
3151107,Pirapetinga,MG,31041,Além Paraíba
3151206,Pirapora,MG,31055,Pirapora
3151305,Piraúba,MG,31048,Ubá
3151404,Pitangui,MG,31032,Pará de Minas/Nova Serrana
3151503,Piumhi,MG,31093,Piumhi
3151602,Planura,MG,31071,Frutal/Iturama
3151701,Poço Fundo,MG,31001,Alfenas/Machado
3151800,Poços de Caldas,MG,31006,Poços de Caldas
3151909,Pocrane,MG,31059,Manhuaçu
3152006,Pompéu,MG,31024,Sete Lagoas
3152105,Ponte Nova,MG,31060,Ponte Nova
3152131,Ponto Chique,MG,31055,Pirapora
3152170,Ponto dos Volantes,MG,31065,Itaobim
3152204,Porteirinha,MG,31052,Janaúba/Monte Azul
3152303,Porto Firme,MG,31061,Viçosa
3152402,Poté,MG,31099,Teófilo Otoni/Malacacheta
3152501,Pouso Alegre,MG,31007,Pouso Alegre
3152600,Pouso Alto,MG,31008,São Lourenço
3152709,Prados,MG,31015,São João Del Rei
3152808,Prata,MG,31075,Uberlândia/Araguari
3152907,Pratápolis,MG,31009,São Sebastião do Paraíso
3153004,Pratinha,MG,31070,Araxá
3153103,Presidente Bernardes,MG,31048,Ubá
3153202,Presidente Juscelino,MG,31019,Curvelo
3153301,Presidente Kubitschek,MG,31026,Diamantina/Itamarandiba
3153400,Presidente Olegário,MG,31057,Patos de Minas
3153509,Alto Jequitibá,MG,31059,Manhuaçu
3153608,Prudente de Morais,MG,31024,Sete Lagoas
3153707,Quartel Geral,MG,31024,Sete Lagoas
3153806,Queluzito,MG,31079,Conselheiro Lafaiete
3153905,Raposos,MG,31016,Belo Horizonte/Nova Lima/Santa Luzia
3154002,Raul Soares,MG,31060,Ponte Nova
3154101,Recreio,MG,31044,Leopoldina/Cataguases
3154150,Reduto,MG,31059,Manhuaçu
3154200,Resende Costa,MG,31015,São João Del Rei
3154309,Resplendor,MG,31040,Resplendor
3154408,Ressaquinha,MG,31013,Barbacena
3154457,Riachinho,MG,31058,Unaí/Paracatu
3154507,Riacho dos Machados,MG,31052,Janaúba/Monte Azul
3154606,Ribeirão das Neves,MG,31016,Belo Horizonte/Nova Lima/Santa Luzia
3154705,Ribeirão Vermelho,MG,31004,Lavras
3154804,Rio Acima,MG,31016,Belo Horizonte/Nova Lima/Santa Luzia
3154903,Rio Casca,MG,31060,Ponte Nova
3155009,Rio Doce,MG,31060,Ponte Nova
3155108,Rio do Prado,MG,31094,Almenara/Jacinto
3155207,Rio Espera,MG,31079,Conselheiro Lafaiete
3155306,Rio Manso,MG,31017,Betim
3155405,Rio Novo,MG,31097,Juiz de Fora
3155504,Rio Paranaíba,MG,31082,São Gotardo
3155603,Rio Pardo de Minas,MG,31085,Taiobeiras
3155702,Rio Piracicaba,MG,31023,João Monlevade
3155801,Rio Pomba,MG,31048,Ubá
3155900,Rio Preto,MG,31090,Lima Duarte
3156007,Rio Vermelho,MG,31020,Guanhães
3156106,Ritápolis,MG,31015,São João Del Rei
3156205,Rochedo de Minas,MG,31047,São João Nepomuceno/Bicas
3156304,Rodeiro,MG,31048,Ubá
3156403,Romaria,MG,31074,Patrocínio/Monte Carmelo
3156452,Rosário da Limeira,MG,31045,Muriaé
3156502,Rubelita,MG,31098,Salinas
3156601,Rubim,MG,31094,Almenara/Jacinto
3156700,Sabará,MG,31016,Belo Horizonte/Nova Lima/Santa Luzia
3156809,Sabinópolis,MG,31020,Guanhães
3156908,Sacramento,MG,31072,Uberaba
3157005,Salinas,MG,31098,Salinas
3157104,Salto da Divisa,MG,31094,Almenara/Jacinto
3157203,Santa Bárbara,MG,31021,Itabira
3157252,Santa Bárbara do Leste,MG,31034,Caratinga
3157278,Santa Bárbara do Monte Verde,MG,31090,Lima Duarte
3157302,Santa Bárbara do Tugúrio,MG,31013,Barbacena
3157336,Santa Cruz de Minas,MG,31015,São João Del Rei
3157377,Santa Cruz de Salinas,MG,31098,Salinas
3157401,Santa Cruz do Escalvado,MG,31060,Ponte Nova
3157500,Santa Efigênia de Minas,MG,31036,Governador Valadares
3157609,Santa Fé de Minas,MG,31055,Pirapora
3157658,Santa Helena de Minas,MG,31062,Águas Formosas
3157708,Santa Juliana,MG,31070,Araxá
3157807,Santa Luzia,MG,31016,Belo Horizonte/Nova Lima/Santa Luzia
3157906,Santa Margarida,MG,31059,Manhuaçu
3158003,Santa Maria de Itabira,MG,31021,Itabira
3158102,Santa Maria do Salto,MG,31094,Almenara/Jacinto
3158201,Santa Maria do Suaçuí,MG,31102,Peçanha/São João Evangelista/Santa Maria do
3158300,Santana da Vargem,MG,31011,Três Pontas
3158409,Santana de Cataguases,MG,31044,Leopoldina/Cataguases
3158508,Santana de Pirapama,MG,31024,Sete Lagoas
3158607,Santana do Deserto,MG,31097,Juiz de Fora
3158706,Santana do Garambéu,MG,31013,Barbacena
3158805,Santana do Jacaré,MG,31089,Campo Belo
3158904,Santana do Manhuaçu,MG,31059,Manhuaçu
3158953,Santana do Paraíso,MG,31037,Ipatinga
3159001,Santana do Riacho,MG,31025,Vespasiano/Lagoa Santa
3159100,Santana dos Montes,MG,31079,Conselheiro Lafaiete
3159209,Santa Rita de Caldas,MG,31006,Poços de Caldas
3159308,Santa Rita de Jacutinga,MG,31090,Lima Duarte
3159357,Santa Rita de Minas,MG,31034,Caratinga
3159407,Santa Rita de Ibitipoca,MG,31013,Barbacena
3159506,Santa Rita do Itueto,MG,31040,Resplendor
3159605,Santa Rita do Sapucaí,MG,31007,Pouso Alegre
3159704,Santa Rosa da Serra,MG,31082,São Gotardo
3159803,Santa Vitória,MG,31073,Ituiutaba
3159902,Santo Antônio do Amparo,MG,31088,Oliveira/Santo Antônio do Amparo
3160009,Santo Antônio do Aventureiro,MG,31041,Além Paraíba
3160108,Santo Antônio do Grama,MG,31060,Ponte Nova
3160207,Santo Antônio do Itambé,MG,31095,Serro
3160306,Santo Antônio do Jacinto,MG,31094,Almenara/Jacinto
3160405,Santo Antônio do Monte,MG,31087,Lagoa da Prata/Santo Antônio do Monte
3160454,Santo Antônio do Retiro,MG,31085,Taiobeiras
3160504,Santo Antônio do Rio Abaixo,MG,31021,Itabira
3160603,Santo Hipólito,MG,31019,Curvelo
3160702,Santos Dumont,MG,31046,Santos Dumont
3160801,São Bento Abade,MG,31010,Três Corações
3160900,São Brás do Suaçuí,MG,31078,Congonhas
3160959,São Domingos das Dores,MG,31034,Caratinga
3161007,São Domingos do Prata,MG,31023,João Monlevade
3161056,São Félix de Minas,MG,31038,Mantena
3161106,São Francisco,MG,31100,São Francisco
3161205,São Francisco de Paula,MG,31088,Oliveira/Santo Antônio do Amparo
3161304,São Francisco de Sales,MG,31071,Frutal/Iturama
3161403,São Francisco do Glória,MG,31045,Muriaé
3161502,São Geraldo,MG,31048,Ubá
3161601,São Geraldo da Piedade,MG,31036,Governador Valadares
3161650,São Geraldo do Baixio,MG,31036,Governador Valadares
3161700,São Gonçalo do Abaeté,MG,31057,Patos de Minas
3161809,São Gonçalo do Pará,MG,31086,Divinópolis
3161908,São Gonçalo do Rio Abaixo,MG,31021,Itabira
3162005,São Gonçalo do Sapucaí,MG,31012,Varginha
3162104,São Gotardo,MG,31082,São Gotardo
3162203,São João Batista do Glória,MG,31092,Passos
3162252,São João da Lagoa,MG,31050,Coração de Jesus
3162302,São João da Mata,MG,31007,Pouso Alegre
3162401,São João da Ponte,MG,31101,Brasília de Minas
3162450,São João das Missões,MG,31076,Manga
3162500,São João del Rei,MG,31015,São João Del Rei
3162559,São João do Manhuaçu,MG,31059,Manhuaçu
3162575,São João do Manteninha,MG,31038,Mantena
3162609,São João do Oriente,MG,31037,Ipatinga
3162658,São João do Pacuí,MG,31050,Coração de Jesus
3162708,São João do Paraíso,MG,31085,Taiobeiras
3162807,São João Evangelista,MG,31102,Peçanha/São João Evangelista/Santa Maria do
3162906,São João Nepomuceno,MG,31047,São João Nepomuceno/Bicas
3162922,São Joaquim de Bicas,MG,31017,Betim
3162948,São José da Barra,MG,31092,Passos
3162955,São José da Lapa,MG,31025,Vespasiano/Lagoa Santa
3163003,São José da Safira,MG,31036,Governador Valadares
3163102,São José da Varginha,MG,31032,Pará de Minas/Nova Serrana
3163201,São José do Alegre,MG,31003,Itajubá
3163300,São José do Divino,MG,31096,Itambacuri
3163409,São José do Goiabal,MG,31060,Ponte Nova
3163508,São José do Jacuri,MG,31102,Peçanha/São João Evangelista/Santa Maria do
3163607,São José do Mantimento,MG,31059,Manhuaçu
3163706,São Lourenço,MG,31008,São Lourenço
3163805,São Miguel do Anta,MG,31061,Viçosa
3163904,São Pedro da União,MG,31002,Guaxupé
3164001,São Pedro dos Ferros,MG,31060,Ponte Nova
3164100,São Pedro do Suaçuí,MG,31102,Peçanha/São João Evangelista/Santa Maria do
3164209,São Romão,MG,31100,São Francisco
3164308,São Roque de Minas,MG,31093,Piumhi
3164407,São Sebastião da Bela Vista,MG,31007,Pouso Alegre
3164431,São Sebastião da Vargem Alegre,MG,31045,Muriaé
3164472,São Sebastião do Anta,MG,31034,Caratinga
3164506,São Sebastião do Maranhão,MG,31102,Peçanha/São João Evangelista/Santa Maria do
3164605,São Sebastião do Oeste,MG,31086,Divinópolis
3164704,São Sebastião do Paraíso,MG,31009,São Sebastião do Paraíso
3164803,São Sebastião do Rio Preto,MG,31021,Itabira
3164902,São Sebastião do Rio Verde,MG,31008,São Lourenço
3165008,São Tiago,MG,31015,São João Del Rei
3165107,São Tomás de Aquino,MG,31009,São Sebastião do Paraíso
3165206,São Tomé das Letras,MG,31010,Três Corações
3165305,São Vicente de Minas,MG,31015,São João Del Rei
3165404,Sapucaí-Mirim,MG,31003,Itajubá
3165503,Sardoá,MG,31036,Governador Valadares
3165537,Sarzedo,MG,31018,Contagem
3165552,Setubinha,MG,31099,Teófilo Otoni/Malacacheta
3165560,Sem-Peixe,MG,31060,Ponte Nova
3165578,Senador Amaral,MG,31007,Pouso Alegre
3165602,Senador Cortes,MG,31047,São João Nepomuceno/Bicas
3165701,Senador Firmino,MG,31048,Ubá
3165800,Senador José Bento,MG,31007,Pouso Alegre
3165909,Senador Modestino Gonçalves,MG,31026,Diamantina/Itamarandiba
3166006,Senhora de Oliveira,MG,31079,Conselheiro Lafaiete
3166105,Senhora do Porto,MG,31020,Guanhães
3166204,Senhora dos Remédios,MG,31013,Barbacena
3166303,Sericita,MG,31060,Ponte Nova
3166402,Seritinga,MG,31008,São Lourenço
3166501,Serra Azul de Minas,MG,31095,Serro
3166600,Serra da Saudade,MG,31028,Bom Despacho
3166709,Serra dos Aimorés,MG,31066,Nanuque
3166808,Serra do Salitre,MG,31057,Patos de Minas
3166907,Serrania,MG,31001,Alfenas/Machado
3166956,Serranópolis de Minas,MG,31052,Janaúba/Monte Azul
3167004,Serranos,MG,31008,São Lourenço
3167103,Serro,MG,31095,Serro
3167202,Sete Lagoas,MG,31024,Sete Lagoas
3167301,Silveirânia,MG,31048,Ubá
3167400,Silvianópolis,MG,31007,Pouso Alegre
3167509,Simão Pereira,MG,31097,Juiz de Fora
3167608,Simonésia,MG,31059,Manhuaçu
3167707,Sobrália,MG,31036,Governador Valadares
3167806,Soledade de Minas,MG,31008,São Lourenço
3167905,Tabuleiro,MG,31048,Ubá
3168002,Taiobeiras,MG,31085,Taiobeiras
3168051,Taparuba,MG,31059,Manhuaçu
3168101,Tapira,MG,31070,Araxá
3168200,Tapiraí,MG,31030,Formiga
3168309,Taquaraçu de Minas,MG,31016,Belo Horizonte/Nova Lima/Santa Luzia
3168408,Tarumirim,MG,31036,Governador Valadares
3168507,Teixeiras,MG,31061,Viçosa
3168606,Teófilo Otoni,MG,31099,Teófilo Otoni/Malacacheta
3168705,Timóteo,MG,31035,Coronel Fabriciano/Timóteo
3168804,Tiradentes,MG,31015,São João Del Rei
3168903,Tiros,MG,31082,São Gotardo
3169000,Tocantins,MG,31048,Ubá
3169059,Tocos do Moji,MG,31007,Pouso Alegre
3169109,Toledo,MG,31007,Pouso Alegre
3169208,Tombos,MG,31042,Carangola
3169307,Três Corações,MG,31010,Três Corações
3169356,Três Marias,MG,31019,Curvelo
3169406,Três Pontas,MG,31011,Três Pontas
3169505,Tumiritinga,MG,31036,Governador Valadares
3169604,Tupaciguara,MG,31075,Uberlândia/Araguari
3169703,Turmalina,MG,31027,Turmalina/Minas Novas/Capelinha
3169802,Turvolândia,MG,31007,Pouso Alegre
3169901,Ubá,MG,31048,Ubá
3170008,Ubaí,MG,31101,Brasília de Minas
3170057,Ubaporanga,MG,31034,Caratinga
3170107,Uberaba,MG,31072,Uberaba
3170206,Uberlândia,MG,31075,Uberlândia/Araguari
3170305,Umburatiba,MG,31062,Águas Formosas
3170404,Unaí,MG,31058,Unaí/Paracatu
3170438,União de Minas,MG,31071,Frutal/Iturama
3170479,Uruana de Minas,MG,31058,Unaí/Paracatu
3170503,Urucânia,MG,31060,Ponte Nova
3170529,Urucuia,MG,31100,São Francisco
3170578,Vargem Alegre,MG,31034,Caratinga
3170602,Vargem Bonita,MG,31093,Piumhi
3170651,Vargem Grande do Rio Pardo,MG,31085,Taiobeiras
3170701,Varginha,MG,31012,Varginha
3170750,Varjão de Minas,MG,31057,Patos de Minas
3170800,Várzea da Palma,MG,31055,Pirapora
3170909,Varzelândia,MG,31101,Brasília de Minas
3171006,Vazante,MG,31057,Patos de Minas
3171030,Verdelândia,MG,31052,Janaúba/Monte Azul
3171071,Veredinha,MG,31027,Turmalina/Minas Novas/Capelinha
3171105,Veríssimo,MG,31072,Uberaba
3171154,Vermelho Novo,MG,31034,Caratinga
3171204,Vespasiano,MG,31025,Vespasiano/Lagoa Santa
3171303,Viçosa,MG,31061,Viçosa
3171402,Vieiras,MG,31045,Muriaé
3171501,Mathias Lobato,MG,31036,Governador Valadares
3171600,Virgem da Lapa,MG,31064,Araçuaí
3171709,Virgínia,MG,31008,São Lourenço
3171808,Virginópolis,MG,31020,Guanhães
3171907,Virgolândia,MG,31036,Governador Valadares
3172004,Visconde do Rio Branco,MG,31048,Ubá
3172103,Volta Grande,MG,31041,Além Paraíba
3172202,Wenceslau Braz,MG,31003,Itajubá
3200102,Afonso Cláudio,ES,32002,Metropolitana
3200136,Águia Branca,ES,32001,Central
3200169,Água Doce do Norte,ES,32003,Norte
3200201,Alegre,ES,32004,Sul
3200300,Alfredo Chaves,ES,32004,Sul
3200359,Alto Rio Novo,ES,32001,Central
3200409,Anchieta,ES,32004,Sul
3200508,Apiacá,ES,32004,Sul
3200607,Aracruz,ES,32002,Metropolitana
3200706,Atílio Vivácqua,ES,32004,Sul
3200805,Baixo Guandu,ES,32001,Central
3200904,Barra de São Francisco,ES,32003,Norte
3201001,Boa Esperança,ES,32003,Norte
3201100,Bom Jesus do Norte,ES,32004,Sul
3201159,Brejetuba,ES,32002,Metropolitana
3201209,Cachoeiro de Itapemirim,ES,32004,Sul
3201308,Cariacica,ES,32002,Metropolitana
3201407,Castelo,ES,32004,Sul
3201506,Colatina,ES,32001,Central
3201605,Conceição da Barra,ES,32003,Norte
3201704,Conceição do Castelo,ES,32002,Metropolitana
3201803,Divino de São Lourenço,ES,32004,Sul
3201902,Domingos Martins,ES,32002,Metropolitana
3202009,Dores do Rio Preto,ES,32004,Sul
3202108,Ecoporanga,ES,32003,Norte
3202207,Fundão,ES,32002,Metropolitana
3202256,Governador Lindenberg,ES,32001,Central
3202306,Guaçuí,ES,32004,Sul
3202405,Guarapari,ES,32002,Metropolitana
3202454,Ibatiba,ES,32002,Metropolitana
3202504,Ibiraçu,ES,32002,Metropolitana
3202553,Ibitirama,ES,32004,Sul
3202603,Iconha,ES,32004,Sul
3202652,Irupi,ES,32004,Sul
3202702,Itaguaçu,ES,32002,Metropolitana
3202801,Itapemirim,ES,32004,Sul
3202900,Itarana,ES,32002,Metropolitana
3203007,Iúna,ES,32004,Sul
3203056,Jaguaré,ES,32003,Norte
3203106,Jerônimo Monteiro,ES,32004,Sul
3203130,João Neiva,ES,32002,Metropolitana
3203163,Laranja da Terra,ES,32002,Metropolitana
3203205,Linhares,ES,32001,Central
3203304,Mantenópolis,ES,32001,Central
3203320,Marataízes,ES,32004,Sul
3203346,Marechal Floriano,ES,32002,Metropolitana
3203353,Marilândia,ES,32001,Central
3203403,Mimoso do Sul,ES,32004,Sul
3203502,Montanha,ES,32003,Norte
3203601,Mucurici,ES,32003,Norte
3203700,Muniz Freire,ES,32004,Sul
3203809,Muqui,ES,32004,Sul
3203908,Nova Venécia,ES,32003,Norte
3204005,Pancas,ES,32001,Central
3204054,Pedro Canário,ES,32003,Norte
3204104,Pinheiros,ES,32003,Norte
3204203,Piúma,ES,32004,Sul
3204252,Ponto Belo,ES,32003,Norte
3204302,Presidente Kennedy,ES,32004,Sul
3204351,Rio Bananal,ES,32001,Central
3204401,Rio Novo do Sul,ES,32004,Sul
3204500,Santa Leopoldina,ES,32002,Metropolitana
3204559,Santa Maria de Jetibá,ES,32002,Metropolitana
3204609,Santa Teresa,ES,32002,Metropolitana
3204658,São Domingos do Norte,ES,32001,Central
3204708,São Gabriel da Palha,ES,32001,Central
3204807,São José do Calçado,ES,32004,Sul
3204906,São Mateus,ES,32003,Norte
3204955,São Roque do Canaã,ES,32001,Central
3205002,Serra,ES,32002,Metropolitana
3205010,Sooretama,ES,32001,Central
3205036,Vargem Alta,ES,32004,Sul
3205069,Venda Nova do Imigrante,ES,32002,Metropolitana
3205101,Viana,ES,32002,Metropolitana
3205150,Vila Pavão,ES,32003,Norte
3205176,Vila Valério,ES,32001,Central
3205200,Vila Velha,ES,32002,Metropolitana
3205309,Vitória,ES,32002,Metropolitana
3300100,Angra dos Reis,RJ,33001,Baia da Ilha Grande
3300159,Aperibé,RJ,33007,Noroeste
3300209,Araruama,RJ,33002,Baixada Litorânea
3300225,Areal,RJ,33003,Centro-Sul
3300233,Armação dos Búzios,RJ,33002,Baixada Litorânea
3300258,Arraial do Cabo,RJ,33002,Baixada Litorânea
3300308,Barra do Piraí,RJ,33004,Médio Paraíba
3300407,Barra Mansa,RJ,33004,Médio Paraíba
3300456,Belford Roxo,RJ,33005,Metropolitana I
3300506,Bom Jardim,RJ,33009,Serrana
3300605,Bom Jesus do Itabapoana,RJ,33007,Noroeste
3300704,Cabo Frio,RJ,33002,Baixada Litorânea
3300803,Cachoeiras de Macacu,RJ,33009,Serrana
3300902,Cambuci,RJ,33007,Noroeste
3300936,Carapebus,RJ,33008,Norte
3300951,Comendador Levy Gasparian,RJ,33003,Centro-Sul
3301009,Campos dos Goytacazes,RJ,33008,Norte
3301108,Cantagalo,RJ,33009,Serrana
3301157,Cardoso Moreira,RJ,33007,Noroeste
3301207,Carmo,RJ,33009,Serrana
3301306,Casimiro de Abreu,RJ,33002,Baixada Litorânea
3301405,Conceição de Macabu,RJ,33008,Norte
3301504,Cordeiro,RJ,33009,Serrana
3301603,Duas Barras,RJ,33009,Serrana
3301702,Duque de Caxias,RJ,33005,Metropolitana I
3301801,Engenheiro Paulo de Frontin,RJ,33003,Centro-Sul
3301850,Guapimirim,RJ,33009,Serrana
3301876,Iguaba Grande,RJ,33002,Baixada Litorânea
3301900,Itaboraí,RJ,33006,Metropolitana II
3302007,Itaguaí,RJ,33005,Metropolitana I
3302056,Italva,RJ,33007,Noroeste
3302106,Itaocara,RJ,33007,Noroeste
3302205,Itaperuna,RJ,33007,Noroeste
3302254,Itatiaia,RJ,33004,Médio Paraíba
3302270,Japeri,RJ,33005,Metropolitana I
3302304,Laje do Muriaé,RJ,33007,Noroeste
3302403,Macaé,RJ,33008,Norte
3302452,Macuco,RJ,33009,Serrana
3302502,Magé,RJ,33005,Metropolitana I
3302601,Mangaratiba,RJ,33001,Baia da Ilha Grande
3302700,Maricá,RJ,33006,Metropolitana II
3302809,Mendes,RJ,33003,Centro-Sul
3302858,Mesquita,RJ,33005,Metropolitana I
3302908,Miguel Pereira,RJ,33003,Centro-Sul
3303005,Miracema,RJ,33007,Noroeste
3303104,Natividade,RJ,33007,Noroeste
3303203,Nilópolis,RJ,33005,Metropolitana I
3303302,Niterói,RJ,33006,Metropolitana II
3303401,Nova Friburgo,RJ,33009,Serrana
3303500,Nova Iguaçu,RJ,33005,Metropolitana I
3303609,Paracambi,RJ,33003,Centro-Sul
3303708,Paraíba do Sul,RJ,33003,Centro-Sul
3303807,Paraty,RJ,33001,Baia da Ilha Grande
3303856,Paty do Alferes,RJ,33003,Centro-Sul
3303906,Petrópolis,RJ,33009,Serrana
3303955,Pinheiral,RJ,33004,Médio Paraíba
3304003,Piraí,RJ,33004,Médio Paraíba
3304102,Porciúncula,RJ,33007,Noroeste
3304110,Porto Real,RJ,33004,Médio Paraíba
3304128,Quatis,RJ,33004,Médio Paraíba
3304144,Queimados,RJ,33005,Metropolitana I
3304151,Quissamã,RJ,33008,Norte
3304201,Resende,RJ,33004,Médio Paraíba
3304300,Rio Bonito,RJ,33006,Metropolitana II
3304409,Rio Claro,RJ,33004,Médio Paraíba
3304508,Rio das Flores,RJ,33004,Médio Paraíba
3304524,Rio das Ostras,RJ,33002,Baixada Litorânea
3304557,Rio de Janeiro,RJ,33005,Metropolitana I
3304607,Santa Maria Madalena,RJ,33009,Serrana
3304706,Santo Antônio de Pádua,RJ,33007,Noroeste
3304755,São Francisco de Itabapoana,RJ,33008,Norte
3304805,São Fidélis,RJ,33008,Norte
3304904,São Gonçalo,RJ,33006,Metropolitana II
3305000,São João da Barra,RJ,33008,Norte
3305109,São João de Meriti,RJ,33005,Metropolitana I
3305133,São José de Ubá,RJ,33007,Noroeste
3305158,São José do Vale do Rio Preto,RJ,33009,Serrana
3305208,São Pedro da Aldeia,RJ,33002,Baixada Litorânea
3305307,São Sebastião do Alto,RJ,33009,Serrana
3305406,Sapucaia,RJ,33003,Centro-Sul
3305505,Saquarema,RJ,33002,Baixada Litorânea
3305554,Seropédica,RJ,33005,Metropolitana I
3305604,Silva Jardim,RJ,33006,Metropolitana II
3305703,Sumidouro,RJ,33009,Serrana
3305752,Tanguá,RJ,33006,Metropolitana II
3305802,Teresópolis,RJ,33009,Serrana
3305901,Trajano de Moraes,RJ,33009,Serrana
3306008,Três Rios,RJ,33003,Centro-Sul
3306107,Valença,RJ,33004,Médio Paraíba
3306156,Varre-Sai,RJ,33007,Noroeste
3306206,Vassouras,RJ,33003,Centro-Sul
3306305,Volta Redonda,RJ,33004,Médio Paraíba
3500105,Adamantina,SP,35091,Adamantina
3500204,Adolfo,SP,35156,José Bonifácio
3500303,Aguaí,SP,35142,Mantiqueira
3500402,Águas da Prata,SP,35142,Mantiqueira
3500501,Águas de Lindóia,SP,35074,Circuito das Águas
3500550,Águas de Santa Bárbara,SP,35061,Vale do Jurumirim
3500600,Águas de São Pedro,SP,35103,Piracicaba
3500709,Agudos,SP,35062,Bauru
3500758,Alambari,SP,35161,Itapetininga
3500808,Alfredo Marcondes,SP,35112,Alta Sorocabana
3500907,Altair,SP,35051,Norte - Barretos
3501004,Altinópolis,SP,35133,Vale das Cachoeiras
3501103,Alto Alegre,SP,35023,Consórcios do DRS II
3501152,Alumínio,SP,35163,Sorocaba
3501202,Álvares Florence,SP,35157,Votuporanga
3501301,Álvares Machado,SP,35112,Alta Sorocabana
3501400,Álvaro de Carvalho,SP,35093,Marília
3501509,Alvinlândia,SP,35093,Marília
3501608,Americana,SP,35072,Região Metropolitana de Campinas
3501707,Américo Brasiliense,SP,35031,Central do DRS III
3501806,Américo de Campos,SP,35157,Votuporanga
3501905,Amparo,SP,35074,Circuito das Águas
3502002,Analândia,SP,35104,Rio Claro
3502101,Andradina,SP,35022,Lagos do DRS II
3502200,Angatuba,SP,35161,Itapetininga
3502309,Anhembi,SP,35063,Polo Cuesta
3502408,Anhumas,SP,35112,Alta Sorocabana
3502507,Aparecida,SP,35172,Circuito da Fé e Vale Histórico
3502606,Aparecida d'Oeste,SP,35153,Jales
3502705,Apiaí,SP,35162,Itapeva
3502754,Araçariguama,SP,35163,Sorocaba
3502804,Araçatuba,SP,35021,Central do DRS II
3502903,Araçoiaba da Serra,SP,35163,Sorocaba
3503000,Aramina,SP,35083,Alta Mogiana
3503109,Arandu,SP,35061,Vale do Jurumirim
3503158,Arapeí,SP,35172,Circuito da Fé e Vale Histórico
3503208,Araraquara,SP,35031,Central do DRS III
3503307,Araras,SP,35101,Araras
3503356,Arco-Íris,SP,35095,Tupã
3503406,Arealva,SP,35062,Bauru
3503505,Areias,SP,35172,Circuito da Fé e Vale Histórico
3503604,Areiópolis,SP,35063,Polo Cuesta
3503703,Ariranha,SP,35151,Catanduva
3503802,Artur Nogueira,SP,35072,Região Metropolitana de Campinas
3503901,Arujá,SP,35011,Alto do Tietê
3503950,Aspásia,SP,35153,Jales
3504008,Assis,SP,35092,Assis
3504107,Atibaia,SP,35071,Bragança
3504206,Auriflama,SP,35021,Central do DRS II
3504305,Avaí,SP,35062,Bauru
3504404,Avanhandava,SP,35023,Consórcios do DRS II
3504503,Avaré,SP,35061,Vale do Jurumirim
3504602,Bady Bassitt,SP,35155,São José do Rio Preto
3504701,Balbinos,SP,35062,Bauru
3504800,Bálsamo,SP,35155,São José do Rio Preto
3504909,Bananal,SP,35172,Circuito da Fé e Vale Histórico
3505005,Barão de Antonina,SP,35061,Vale do Jurumirim
3505104,Barbosa,SP,35023,Consórcios do DRS II
3505203,Bariri,SP,35064,Jaú
3505302,Barra Bonita,SP,35064,Jaú
3505351,Barra do Chapéu,SP,35162,Itapeva
3505401,Barra do Turvo,SP,35121,Vale do Ribeira
3505500,Barretos,SP,35051,Norte - Barretos
3505609,Barrinha,SP,35131,Horizonte Verde
3505708,Barueri,SP,35014,Rota dos Bandeirantes
3505807,Bastos,SP,35095,Tupã
3505906,Batatais,SP,35133,Vale das Cachoeiras
3506003,Bauru,SP,35062,Bauru
3506102,Bebedouro,SP,35052,Sul - Barretos
3506201,Bento de Abreu,SP,35021,Central do DRS II
3506300,Bernardino de Campos,SP,35094,Ourinhos
3506359,Bertioga,SP,35041,Baixada Santista
3506409,Bilac,SP,35021,Central do DRS II
3506508,Birigui,SP,35023,Consórcios do DRS II
3506607,Biritiba Mirim,SP,35011,Alto do Tietê
3506706,Boa Esperança do Sul,SP,35031,Central do DRS III
3506805,Bocaina,SP,35064,Jaú
3506904,Bofete,SP,35063,Polo Cuesta
3507001,Boituva,SP,35163,Sorocaba
3507100,Bom Jesus dos Perdões,SP,35071,Bragança
3507159,Bom Sucesso de Itararé,SP,35162,Itapeva
3507209,Borá,SP,35092,Assis
3507308,Boracéia,SP,35064,Jaú
3507407,Borborema,SP,35033,Noroeste do DRS III
3507456,Borebi,SP,35062,Bauru
3507506,Botucatu,SP,35063,Polo Cuesta
3507605,Bragança Paulista,SP,35071,Bragança
3507704,Braúna,SP,35023,Consórcios do DRS II
3507753,Brejo Alegre,SP,35023,Consórcios do DRS II
3507803,Brodowski,SP,35133,Vale das Cachoeiras
3507902,Brotas,SP,35064,Jaú
3508009,Buri,SP,35162,Itapeva
3508108,Buritama,SP,35023,Consórcios do DRS II
3508207,Buritizal,SP,35083,Alta Mogiana
3508306,Cabrália Paulista,SP,35062,Bauru
3508405,Cabreúva,SP,35073,Jundiaí
3508504,Caçapava,SP,35171,Alto Vale do Paraíba
3508603,Cachoeira Paulista,SP,35172,Circuito da Fé e Vale Histórico
3508702,Caconde,SP,35143,Rio Pardo
3508801,Cafelândia,SP,35065,Lins
3508900,Caiabu,SP,35112,Alta Sorocabana
3509007,Caieiras,SP,35012,Franco da Rocha
3509106,Caiuá,SP,35114,Extremo Oeste Paulista
3509205,Cajamar,SP,35012,Franco da Rocha
3509254,Cajati,SP,35121,Vale do Ribeira
3509304,Cajobi,SP,35051,Norte - Barretos
3509403,Cajuru,SP,35133,Vale das Cachoeiras
3509452,Campina do Monte Alegre,SP,35161,Itapetininga
3509502,Campinas,SP,35072,Região Metropolitana de Campinas
3509601,Campo Limpo Paulista,SP,35073,Jundiaí
3509700,Campos do Jordão,SP,35174,Vale do Paraíba/Região Serrana
3509809,Campos Novos Paulista,SP,35093,Marília
3509908,Cananéia,SP,35121,Vale do Ribeira
3509957,Canas,SP,35172,Circuito da Fé e Vale Histórico
3510005,Cândido Mota,SP,35092,Assis
3510104,Cândido Rodrigues,SP,35033,Noroeste do DRS III
3510153,Canitar,SP,35094,Ourinhos
3510203,Capão Bonito,SP,35161,Itapetininga
3510302,Capela do Alto,SP,35163,Sorocaba
3510401,Capivari,SP,35103,Piracicaba
3510500,Caraguatatuba,SP,35173,Litoral Norte
3510609,Carapicuíba,SP,35014,Rota dos Bandeirantes
3510708,Cardoso,SP,35157,Votuporanga
3510807,Casa Branca,SP,35143,Rio Pardo
3510906,Cássia dos Coqueiros,SP,35133,Vale das Cachoeiras
3511003,Castilho,SP,35022,Lagos do DRS II
3511102,Catanduva,SP,35151,Catanduva
3511201,Catiguá,SP,35151,Catanduva
3511300,Cedral,SP,35155,São José do Rio Preto
3511409,Cerqueira César,SP,35061,Vale do Jurumirim
3511508,Cerquilho,SP,35161,Itapetininga
3511607,Cesário Lange,SP,35161,Itapetininga
3511706,Charqueada,SP,35103,Piracicaba
3511904,Clementina,SP,35023,Consórcios do DRS II
3512001,Colina,SP,35051,Norte - Barretos
3512100,Colômbia,SP,35051,Norte - Barretos
3512209,Conchal,SP,35101,Araras
3512308,Conchas,SP,35063,Polo Cuesta
3512407,Cordeirópolis,SP,35102,Limeira
3512506,Coroados,SP,35023,Consórcios do DRS II
3512605,Coronel Macedo,SP,35061,Vale do Jurumirim
3512704,Corumbataí,SP,35104,Rio Claro
3512803,Cosmópolis,SP,35072,Região Metropolitana de Campinas
3512902,Cosmorama,SP,35157,Votuporanga
3513009,Cotia,SP,35013,Mananciais
3513108,Cravinhos,SP,35132,Aquífero Guarani
3513207,Cristais Paulista,SP,35081,Três Colinas
3513306,Cruzália,SP,35092,Assis
3513405,Cruzeiro,SP,35172,Circuito da Fé e Vale Histórico
3513504,Cubatão,SP,35041,Baixada Santista
3513603,Cunha,SP,35172,Circuito da Fé e Vale Histórico
3513702,Descalvado,SP,35032,Coração do DRS III
3513801,Diadema,SP,35015,Grande ABC
3513850,Dirce Reis,SP,35153,Jales
3513900,Divinolândia,SP,35143,Rio Pardo
3514007,Dobrada,SP,35033,Noroeste do DRS III
3514106,Dois Córregos,SP,35064,Jaú
3514205,Dolcinópolis,SP,35153,Jales
3514304,Dourado,SP,35032,Coração do DRS III
3514403,Dracena,SP,35111,Alta Paulista
3514502,Duartina,SP,35062,Bauru
3514601,Dumont,SP,35131,Horizonte Verde
3514700,Echaporã,SP,35093,Marília
3514809,Eldorado,SP,35121,Vale do Ribeira
3514908,Elias Fausto,SP,35103,Piracicaba
3514924,Elisiário,SP,35151,Catanduva
3514957,Embaúba,SP,35151,Catanduva
3515004,Embu das Artes,SP,35013,Mananciais
3515103,Embu-Guaçu,SP,35013,Mananciais
3515129,Emilianópolis,SP,35112,Alta Sorocabana
3515152,Engenheiro Coelho,SP,35102,Limeira
3515186,Espírito Santo do Pinhal,SP,35142,Mantiqueira
3515194,Espírito Santo do Turvo,SP,35094,Ourinhos
3515202,Estrela d'Oeste,SP,35154,Fernandópolis
3515301,Estrela do Norte,SP,35112,Alta Sorocabana
3515350,Euclides da Cunha Paulista,SP,35115,Pontal do Paranapanema
3515400,Fartura,SP,35061,Vale do Jurumirim
3515509,Fernandópolis,SP,35154,Fernandópolis
3515608,Fernando Prestes,SP,35151,Catanduva
3515657,Fernão,SP,35093,Marília
3515707,Ferraz de Vasconcelos,SP,35011,Alto do Tietê
3515806,Flora Rica,SP,35111,Alta Paulista
3515905,Floreal,SP,35157,Votuporanga
3516002,Flórida Paulista,SP,35091,Adamantina
3516101,Florínea,SP,35092,Assis
3516200,Franca,SP,35081,Três Colinas
3516309,Francisco Morato,SP,35012,Franco da Rocha
3516408,Franco da Rocha,SP,35012,Franco da Rocha
3516507,Gabriel Monteiro,SP,35023,Consórcios do DRS II
3516606,Gália,SP,35093,Marília
3516705,Garça,SP,35093,Marília
3516804,Gastão Vidigal,SP,35157,Votuporanga
3516853,Gavião Peixoto,SP,35031,Central do DRS III
3516903,General Salgado,SP,35157,Votuporanga
3517000,Getulina,SP,35065,Lins
3517109,Glicério,SP,35023,Consórcios do DRS II
3517208,Guaiçara,SP,35065,Lins
3517307,Guaimbê,SP,35093,Marília
3517406,Guaíra,SP,35051,Norte - Barretos
3517505,Guapiaçu,SP,35155,São José do Rio Preto
3517604,Guapiara,SP,35162,Itapeva
3517703,Guará,SP,35083,Alta Mogiana
3517802,Guaraçaí,SP,35022,Lagos do DRS II
3517901,Guaraci,SP,35051,Norte - Barretos
3518008,Guarani d'Oeste,SP,35154,Fernandópolis
3518107,Guarantã,SP,35093,Marília
3518206,Guararapes,SP,35021,Central do DRS II
3518305,Guararema,SP,35011,Alto do Tietê
3518404,Guaratinguetá,SP,35172,Circuito da Fé e Vale Histórico
3518503,Guareí,SP,35161,Itapetininga
3518602,Guariba,SP,35131,Horizonte Verde
3518701,Guarujá,SP,35041,Baixada Santista
3518800,Guarulhos,SP,35011,Alto do Tietê
3518859,Guatapará,SP,35132,Aquífero Guarani
3518909,Guzolândia,SP,35021,Central do DRS II
3519006,Herculândia,SP,35095,Tupã
3519055,Holambra,SP,35072,Região Metropolitana de Campinas
3519071,Hortolândia,SP,35072,Região Metropolitana de Campinas
3519105,Iacanga,SP,35062,Bauru
3519204,Iacri,SP,35095,Tupã
3519253,Iaras,SP,35061,Vale do Jurumirim
3519303,Ibaté,SP,35032,Coração do DRS III
3519402,Ibirá,SP,35155,São José do Rio Preto
3519501,Ibirarema,SP,35094,Ourinhos
3519600,Ibitinga,SP,35033,Noroeste do DRS III
3519709,Ibiúna,SP,35163,Sorocaba
3519808,Icém,SP,35155,São José do Rio Preto
3519907,Iepê,SP,35113,Alto Capivari
3520004,Igaraçu do Tietê,SP,35064,Jaú
3520103,Igarapava,SP,35083,Alta Mogiana
3520202,Igaratá,SP,35171,Alto Vale do Paraíba
3520301,Iguape,SP,35121,Vale do Ribeira
3520400,Ilhabela,SP,35173,Litoral Norte
3520426,Ilha Comprida,SP,35121,Vale do Ribeira
3520442,Ilha Solteira,SP,35022,Lagos do DRS II
3520509,Indaiatuba,SP,35072,Região Metropolitana de Campinas
3520608,Indiana,SP,35112,Alta Sorocabana
3520707,Indiaporã,SP,35154,Fernandópolis
3520806,Inúbia Paulista,SP,35091,Adamantina
3520905,Ipaussu,SP,35094,Ourinhos
3521002,Iperó,SP,35163,Sorocaba
3521101,Ipeúna,SP,35104,Rio Claro
3521150,Ipiguá,SP,35155,São José do Rio Preto
3521200,Iporanga,SP,35121,Vale do Ribeira
3521309,Ipuã,SP,35082,Alta Anhanguera
3521408,Iracemápolis,SP,35102,Limeira
3521507,Irapuã,SP,35151,Catanduva
3521606,Irapuru,SP,35111,Alta Paulista
3521705,Itaberá,SP,35162,Itapeva
3521804,Itaí,SP,35061,Vale do Jurumirim
3521903,Itajobi,SP,35151,Catanduva
3522000,Itaju,SP,35064,Jaú
3522109,Itanhaém,SP,35041,Baixada Santista
3522158,Itaoca,SP,35162,Itapeva
3522208,Itapecerica da Serra,SP,35013,Mananciais
3522307,Itapetininga,SP,35161,Itapetininga
3522406,Itapeva,SP,35162,Itapeva
3522505,Itapevi,SP,35014,Rota dos Bandeirantes
3522604,Itapira,SP,35141,Baixa Mogiana
3522653,Itapirapuã Paulista,SP,35162,Itapeva
3522703,Itápolis,SP,35033,Noroeste do DRS III
3522802,Itaporanga,SP,35061,Vale do Jurumirim
3522901,Itapuí,SP,35064,Jaú
3523008,Itapura,SP,35022,Lagos do DRS II
3523107,Itaquaquecetuba,SP,35011,Alto do Tietê
3523206,Itararé,SP,35162,Itapeva
3523305,Itariri,SP,35121,Vale do Ribeira
3523404,Itatiba,SP,35072,Região Metropolitana de Campinas
3523503,Itatinga,SP,35063,Polo Cuesta
3523602,Itirapina,SP,35104,Rio Claro
3523701,Itirapuã,SP,35081,Três Colinas
3523800,Itobi,SP,35143,Rio Pardo
3523909,Itu,SP,35163,Sorocaba
3524006,Itupeva,SP,35073,Jundiaí
3524105,Ituverava,SP,35083,Alta Mogiana
3524204,Jaborandi,SP,35051,Norte - Barretos
3524303,Jaboticabal,SP,35131,Horizonte Verde
3524402,Jacareí,SP,35171,Alto Vale do Paraíba
3524501,Jaci,SP,35156,José Bonifácio
3524600,Jacupiranga,SP,35121,Vale do Ribeira
3524709,Jaguariúna,SP,35072,Região Metropolitana de Campinas
3524808,Jales,SP,35153,Jales
3524907,Jambeiro,SP,35171,Alto Vale do Paraíba
3525003,Jandira,SP,35014,Rota dos Bandeirantes
3525102,Jardinópolis,SP,35132,Aquífero Guarani
3525201,Jarinu,SP,35073,Jundiaí
3525300,Jaú,SP,35064,Jaú
3525409,Jeriquara,SP,35081,Três Colinas
3525508,Joanópolis,SP,35071,Bragança
3525607,João Ramalho,SP,35113,Alto Capivari
3525706,José Bonifácio,SP,35156,José Bonifácio
3525805,Júlio Mesquita,SP,35093,Marília
3525854,Jumirim,SP,35163,Sorocaba
3525904,Jundiaí,SP,35073,Jundiaí
3526001,Junqueirópolis,SP,35111,Alta Paulista
3526100,Juquiá,SP,35121,Vale do Ribeira
3526209,Juquitiba,SP,35013,Mananciais
3526308,Lagoinha,SP,35174,Vale do Paraíba/Região Serrana
3526407,Laranjal Paulista,SP,35063,Polo Cuesta
3526506,Lavínia,SP,35022,Lagos do DRS II
3526605,Lavrinhas,SP,35172,Circuito da Fé e Vale Histórico
3526704,Leme,SP,35101,Araras
3526803,Lençóis Paulista,SP,35062,Bauru
3526902,Limeira,SP,35102,Limeira
3527009,Lindóia,SP,35074,Circuito das Águas
3527108,Lins,SP,35065,Lins
3527207,Lorena,SP,35172,Circuito da Fé e Vale Histórico
3527256,Lourdes,SP,35023,Consórcios do DRS II
3527306,Louveira,SP,35073,Jundiaí
3527405,Lucélia,SP,35091,Adamantina
3527504,Lucianópolis,SP,35062,Bauru
3527603,Luís Antônio,SP,35132,Aquífero Guarani
3527702,Luiziânia,SP,35023,Consórcios do DRS II
3527801,Lupércio,SP,35093,Marília
3527900,Lutécia,SP,35092,Assis
3528007,Macatuba,SP,35062,Bauru
3528106,Macaubal,SP,35157,Votuporanga
3528205,Macedônia,SP,35154,Fernandópolis
3528304,Magda,SP,35157,Votuporanga
3528403,Mairinque,SP,35163,Sorocaba
3528502,Mairiporã,SP,35012,Franco da Rocha
3528601,Manduri,SP,35061,Vale do Jurumirim
3528700,Marabá Paulista,SP,35114,Extremo Oeste Paulista
3528809,Maracaí,SP,35092,Assis
3528858,Marapoama,SP,35151,Catanduva
3528908,Mariápolis,SP,35091,Adamantina
3529005,Marília,SP,35093,Marília
3529104,Marinópolis,SP,35153,Jales
3529203,Martinópolis,SP,35112,Alta Sorocabana
3529302,Matão,SP,35033,Noroeste do DRS III
3529401,Mauá,SP,35015,Grande ABC
3529500,Mendonça,SP,35156,José Bonifácio
3529609,Meridiano,SP,35154,Fernandópolis
3529658,Mesópolis,SP,35153,Jales
3529708,Miguelópolis,SP,35083,Alta Mogiana
3529807,Mineiros do Tietê,SP,35064,Jaú
3529906,Miracatu,SP,35121,Vale do Ribeira
3530003,Mira Estrela,SP,35154,Fernandópolis
3530102,Mirandópolis,SP,35022,Lagos do DRS II
3530201,Mirante do Paranapanema,SP,35115,Pontal do Paranapanema
3530300,Mirassol,SP,35155,São José do Rio Preto
3530409,Mirassolândia,SP,35155,São José do Rio Preto
3530508,Mococa,SP,35143,Rio Pardo
3530607,Mogi das Cruzes,SP,35011,Alto do Tietê
3530706,Mogi Guaçu,SP,35141,Baixa Mogiana
3530805,Mogi Mirim,SP,35141,Baixa Mogiana
3530904,Mombuca,SP,35103,Piracicaba
3531001,Monções,SP,35157,Votuporanga
3531100,Mongaguá,SP,35041,Baixada Santista
3531209,Monte Alegre do Sul,SP,35074,Circuito das Águas
3531308,Monte Alto,SP,35131,Horizonte Verde
3531407,Monte Aprazível,SP,35156,José Bonifácio
3531506,Monte Azul Paulista,SP,35052,Sul - Barretos
3531605,Monte Castelo,SP,35111,Alta Paulista
3531704,Monteiro Lobato,SP,35171,Alto Vale do Paraíba
3531803,Monte Mor,SP,35072,Região Metropolitana de Campinas
3531902,Morro Agudo,SP,35082,Alta Anhanguera
3532009,Morungaba,SP,35072,Região Metropolitana de Campinas
3532058,Motuca,SP,35031,Central do DRS III
3532108,Murutinga do Sul,SP,35022,Lagos do DRS II
3532157,Nantes,SP,35113,Alto Capivari
3532207,Narandiba,SP,35112,Alta Sorocabana
3532306,Natividade da Serra,SP,35174,Vale do Paraíba/Região Serrana
3532405,Nazaré Paulista,SP,35071,Bragança
3532504,Neves Paulista,SP,35155,São José do Rio Preto
3532603,Nhandeara,SP,35157,Votuporanga
3532702,Nipoã,SP,35156,José Bonifácio
3532801,Nova Aliança,SP,35155,São José do Rio Preto
3532827,Nova Campina,SP,35162,Itapeva
3532843,Nova Canaã Paulista,SP,35152,Santa Fé do Sul
3532868,Nova Castilho,SP,35021,Central do DRS II
3532900,Nova Europa,SP,35033,Noroeste do DRS III
3533007,Nova Granada,SP,35155,São José do Rio Preto
3533106,Nova Guataporanga,SP,35111,Alta Paulista
3533205,Nova Independência,SP,35022,Lagos do DRS II
3533254,Novais,SP,35151,Catanduva
3533304,Nova Luzitânia,SP,35021,Central do DRS II
3533403,Nova Odessa,SP,35072,Região Metropolitana de Campinas
3533502,Novo Horizonte,SP,35151,Catanduva
3533601,Nuporanga,SP,35082,Alta Anhanguera
3533700,Ocauçu,SP,35093,Marília
3533809,Óleo,SP,35094,Ourinhos
3533908,Olímpia,SP,35051,Norte - Barretos
3534005,Onda Verde,SP,35155,São José do Rio Preto
3534104,Oriente,SP,35093,Marília
3534203,Orindiúva,SP,35155,São José do Rio Preto
3534302,Orlândia,SP,35082,Alta Anhanguera
3534401,Osasco,SP,35014,Rota dos Bandeirantes
3534500,Oscar Bressane,SP,35093,Marília
3534609,Osvaldo Cruz,SP,35091,Adamantina
3534708,Ourinhos,SP,35094,Ourinhos
3534757,Ouroeste,SP,35154,Fernandópolis
3534807,Ouro Verde,SP,35111,Alta Paulista
3534906,Pacaembu,SP,35091,Adamantina
3535002,Palestina,SP,35155,São José do Rio Preto
3535101,Palmares Paulista,SP,35151,Catanduva
3535200,Palmeira d'Oeste,SP,35153,Jales
3535309,Palmital,SP,35092,Assis
3535408,Panorama,SP,35111,Alta Paulista
3535507,Paraguaçu Paulista,SP,35092,Assis
3535606,Paraibuna,SP,35171,Alto Vale do Paraíba
3535705,Paraíso,SP,35151,Catanduva
3535804,Paranapanema,SP,35061,Vale do Jurumirim
3535903,Paranapuã,SP,35153,Jales
3536000,Parapuã,SP,35095,Tupã
3536109,Pardinho,SP,35063,Polo Cuesta
3536208,Pariquera-Açu,SP,35121,Vale do Ribeira
3536257,Parisi,SP,35157,Votuporanga
3536307,Patrocínio Paulista,SP,35081,Três Colinas
3536406,Paulicéia,SP,35111,Alta Paulista
3536505,Paulínia,SP,35072,Região Metropolitana de Campinas
3536570,Paulistânia,SP,35062,Bauru
3536604,Paulo de Faria,SP,35155,São José do Rio Preto
3536703,Pederneiras,SP,35062,Bauru
3536802,Pedra Bela,SP,35071,Bragança
3536901,Pedranópolis,SP,35154,Fernandópolis
3537008,Pedregulho,SP,35081,Três Colinas
3537107,Pedreira,SP,35072,Região Metropolitana de Campinas
3537156,Pedrinhas Paulista,SP,35092,Assis
3537206,Pedro de Toledo,SP,35121,Vale do Ribeira
3537305,Penápolis,SP,35023,Consórcios do DRS II
3537404,Pereira Barreto,SP,35022,Lagos do DRS II
3537503,Pereiras,SP,35063,Polo Cuesta
3537602,Peruíbe,SP,35041,Baixada Santista
3537701,Piacatu,SP,35023,Consórcios do DRS II
3537800,Piedade,SP,35163,Sorocaba
3537909,Pilar do Sul,SP,35163,Sorocaba
3538006,Pindamonhangaba,SP,35174,Vale do Paraíba/Região Serrana
3538105,Pindorama,SP,35151,Catanduva
3538204,Pinhalzinho,SP,35071,Bragança
3538303,Piquerobi,SP,35114,Extremo Oeste Paulista
3538501,Piquete,SP,35172,Circuito da Fé e Vale Histórico
3538600,Piracaia,SP,35071,Bragança
3538709,Piracicaba,SP,35103,Piracicaba
3538808,Piraju,SP,35061,Vale do Jurumirim
3538907,Pirajuí,SP,35062,Bauru
3539004,Pirangi,SP,35151,Catanduva
3539103,Pirapora do Bom Jesus,SP,35014,Rota dos Bandeirantes
3539202,Pirapozinho,SP,35112,Alta Sorocabana
3539301,Pirassununga,SP,35101,Araras
3539400,Piratininga,SP,35062,Bauru
3539509,Pitangueiras,SP,35131,Horizonte Verde
3539608,Planalto,SP,35156,José Bonifácio
3539707,Platina,SP,35092,Assis
3539806,Poá,SP,35011,Alto do Tietê
3539905,Poloni,SP,35156,José Bonifácio
3540002,Pompéia,SP,35093,Marília
3540101,Pongaí,SP,35065,Lins
3540200,Pontal,SP,35131,Horizonte Verde
3540259,Pontalinda,SP,35153,Jales
3540309,Pontes Gestal,SP,35157,Votuporanga
3540408,Populina,SP,35154,Fernandópolis
3540507,Porangaba,SP,35063,Polo Cuesta
3540606,Porto Feliz,SP,35163,Sorocaba
3540705,Porto Ferreira,SP,35032,Coração do DRS III
3540754,Potim,SP,35172,Circuito da Fé e Vale Histórico
3540804,Potirendaba,SP,35155,São José do Rio Preto
3540853,Pracinha,SP,35091,Adamantina
3540903,Pradópolis,SP,35131,Horizonte Verde
3541000,Praia Grande,SP,35041,Baixada Santista
3541059,Pratânia,SP,35063,Polo Cuesta
3541109,Presidente Alves,SP,35062,Bauru
3541208,Presidente Bernardes,SP,35112,Alta Sorocabana
3541307,Presidente Epitácio,SP,35114,Extremo Oeste Paulista
3541406,Presidente Prudente,SP,35112,Alta Sorocabana
3541505,Presidente Venceslau,SP,35114,Extremo Oeste Paulista
3541604,Promissão,SP,35065,Lins
3541653,Quadra,SP,35161,Itapetininga
3541703,Quatá,SP,35113,Alto Capivari
3541802,Queiroz,SP,35095,Tupã
3541901,Queluz,SP,35172,Circuito da Fé e Vale Histórico
3542008,Quintana,SP,35093,Marília
3542107,Rafard,SP,35103,Piracicaba
3542206,Rancharia,SP,35113,Alto Capivari
3542305,Redenção da Serra,SP,35174,Vale do Paraíba/Região Serrana
3542404,Regente Feijó,SP,35112,Alta Sorocabana
3542503,Reginópolis,SP,35062,Bauru
3542602,Registro,SP,35121,Vale do Ribeira
3542701,Restinga,SP,35081,Três Colinas
3542800,Ribeira,SP,35162,Itapeva
3542909,Ribeirão Bonito,SP,35032,Coração do DRS III
3543006,Ribeirão Branco,SP,35162,Itapeva
3543105,Ribeirão Corrente,SP,35081,Três Colinas
3543204,Ribeirão do Sul,SP,35094,Ourinhos
3543238,Ribeirão dos Índios,SP,35112,Alta Sorocabana
3543253,Ribeirão Grande,SP,35161,Itapetininga
3543303,Ribeirão Pires,SP,35015,Grande ABC
3543402,Ribeirão Preto,SP,35132,Aquífero Guarani
3543501,Riversul,SP,35162,Itapeva
3543600,Rifaina,SP,35081,Três Colinas
3543709,Rincão,SP,35031,Central do DRS III
3543808,Rinópolis,SP,35095,Tupã
3543907,Rio Claro,SP,35104,Rio Claro
3544004,Rio das Pedras,SP,35103,Piracicaba
3544103,Rio Grande da Serra,SP,35015,Grande ABC
3544202,Riolândia,SP,35157,Votuporanga
3544251,Rosana,SP,35115,Pontal do Paranapanema
3544301,Roseira,SP,35172,Circuito da Fé e Vale Histórico
3544400,Rubiácea,SP,35021,Central do DRS II
3544509,Rubinéia,SP,35152,Santa Fé do Sul
3544608,Sabino,SP,35065,Lins
3544707,Sagres,SP,35091,Adamantina
3544806,Sales,SP,35151,Catanduva
3544905,Sales Oliveira,SP,35082,Alta Anhanguera
3545001,Salesópolis,SP,35011,Alto do Tietê
3545100,Salmourão,SP,35091,Adamantina
3545159,Saltinho,SP,35103,Piracicaba
3545209,Salto,SP,35163,Sorocaba
3545308,Salto de Pirapora,SP,35163,Sorocaba
3545407,Salto Grande,SP,35094,Ourinhos
3545506,Sandovalina,SP,35112,Alta Sorocabana
3545605,Santa Adélia,SP,35151,Catanduva
3545704,Santa Albertina,SP,35153,Jales
3545803,Santa Bárbara d'Oeste,SP,35072,Região Metropolitana de Campinas
3546009,Santa Branca,SP,35171,Alto Vale do Paraíba
3546108,Santa Clara d'Oeste,SP,35152,Santa Fé do Sul
3546207,Santa Cruz da Conceição,SP,35101,Araras
3546256,Santa Cruz da Esperança,SP,35133,Vale das Cachoeiras
3546306,Santa Cruz das Palmeiras,SP,35142,Mantiqueira
3546405,Santa Cruz do Rio Pardo,SP,35094,Ourinhos
3546504,Santa Ernestina,SP,35033,Noroeste do DRS III
3546603,Santa Fé do Sul,SP,35152,Santa Fé do Sul
3546702,Santa Gertrudes,SP,35104,Rio Claro
3546801,Santa Isabel,SP,35011,Alto do Tietê
3546900,Santa Lúcia,SP,35031,Central do DRS III
3547007,Santa Maria da Serra,SP,35103,Piracicaba
3547106,Santa Mercedes,SP,35111,Alta Paulista
3547205,Santana da Ponte Pensa,SP,35153,Jales
3547304,Santana de Parnaíba,SP,35014,Rota dos Bandeirantes
3547403,Santa Rita d'Oeste,SP,35152,Santa Fé do Sul
3547502,Santa Rita do Passa Quatro,SP,35132,Aquífero Guarani
3547601,Santa Rosa de Viterbo,SP,35132,Aquífero Guarani
3547650,Santa Salete,SP,35153,Jales
3547700,Santo Anastácio,SP,35112,Alta Sorocabana
3547809,Santo André,SP,35015,Grande ABC
3547908,Santo Antônio da Alegria,SP,35133,Vale das Cachoeiras
3548005,Santo Antônio de Posse,SP,35072,Região Metropolitana de Campinas
3548054,Santo Antônio do Aracanguá,SP,35021,Central do DRS II
3548104,Santo Antônio do Jardim,SP,35142,Mantiqueira
3548203,Santo Antônio do Pinhal,SP,35174,Vale do Paraíba/Região Serrana
3548302,Santo Expedito,SP,35112,Alta Sorocabana
3548401,Santópolis do Aguapeí,SP,35023,Consórcios do DRS II
3548500,Santos,SP,35041,Baixada Santista
3548609,São Bento do Sapucaí,SP,35174,Vale do Paraíba/Região Serrana
3548708,São Bernardo do Campo,SP,35015,Grande ABC
3548807,São Caetano do Sul,SP,35015,Grande ABC
3548906,São Carlos,SP,35032,Coração do DRS III
3549003,São Francisco,SP,35153,Jales
3549102,São João da Boa Vista,SP,35142,Mantiqueira
3549201,São João das Duas Pontes,SP,35154,Fernandópolis
3549250,São João de Iracema,SP,35154,Fernandópolis
3549300,São João do Pau d'Alho,SP,35111,Alta Paulista
3549409,São Joaquim da Barra,SP,35082,Alta Anhanguera
3549508,São José da Bela Vista,SP,35081,Três Colinas
3549607,São José do Barreiro,SP,35172,Circuito da Fé e Vale Histórico
3549706,São José do Rio Pardo,SP,35143,Rio Pardo
3549805,São José do Rio Preto,SP,35155,São José do Rio Preto
3549904,São José dos Campos,SP,35171,Alto Vale do Paraíba
3549953,São Lourenço da Serra,SP,35013,Mananciais
3550001,São Luiz do Paraitinga,SP,35174,Vale do Paraíba/Região Serrana
3550100,São Manuel,SP,35063,Polo Cuesta
3550209,São Miguel Arcanjo,SP,35161,Itapetininga
3550308,São Paulo,SP,35016,São Paulo
3550407,São Pedro,SP,35103,Piracicaba
3550506,São Pedro do Turvo,SP,35094,Ourinhos
3550605,São Roque,SP,35163,Sorocaba
3550704,São Sebastião,SP,35173,Litoral Norte
3550803,São Sebastião da Grama,SP,35143,Rio Pardo
3550902,São Simão,SP,35132,Aquífero Guarani
3551009,São Vicente,SP,35041,Baixada Santista
3551108,Sarapuí,SP,35161,Itapetininga
3551207,Sarutaiá,SP,35061,Vale do Jurumirim
3551306,Sebastianópolis do Sul,SP,35157,Votuporanga
3551405,Serra Azul,SP,35132,Aquífero Guarani
3551504,Serrana,SP,35132,Aquífero Guarani
3551603,Serra Negra,SP,35074,Circuito das Águas
3551702,Sertãozinho,SP,35131,Horizonte Verde
3551801,Sete Barras,SP,35121,Vale do Ribeira
3551900,Severínia,SP,35051,Norte - Barretos
3552007,Silveiras,SP,35172,Circuito da Fé e Vale Histórico
3552106,Socorro,SP,35071,Bragança
3552205,Sorocaba,SP,35163,Sorocaba
3552304,Sud Mennucci,SP,35022,Lagos do DRS II
3552403,Sumaré,SP,35072,Região Metropolitana de Campinas
3552502,Suzano,SP,35011,Alto do Tietê
3552551,Suzanápolis,SP,35022,Lagos do DRS II
3552601,Tabapuã,SP,35151,Catanduva
3552700,Tabatinga,SP,35033,Noroeste do DRS III
3552809,Taboão da Serra,SP,35013,Mananciais
3552908,Taciba,SP,35112,Alta Sorocabana
3553005,Taguaí,SP,35061,Vale do Jurumirim
3553104,Taiaçu,SP,35052,Sul - Barretos
3553203,Taiúva,SP,35052,Sul - Barretos
3553302,Tambaú,SP,35142,Mantiqueira
3553401,Tanabi,SP,35155,São José do Rio Preto
3553500,Tapiraí,SP,35163,Sorocaba
3553609,Tapiratiba,SP,35143,Rio Pardo
3553658,Taquaral,SP,35052,Sul - Barretos
3553708,Taquaritinga,SP,35033,Noroeste do DRS III
3553807,Taquarituba,SP,35061,Vale do Jurumirim
3553856,Taquarivaí,SP,35162,Itapeva
3553906,Tarabai,SP,35112,Alta Sorocabana
3553955,Tarumã,SP,35092,Assis
3554003,Tatuí,SP,35161,Itapetininga
3554102,Taubaté,SP,35174,Vale do Paraíba/Região Serrana
3554201,Tejupá,SP,35061,Vale do Jurumirim
3554300,Teodoro Sampaio,SP,35115,Pontal do Paranapanema
3554409,Terra Roxa,SP,35052,Sul - Barretos
3554508,Tietê,SP,35163,Sorocaba
3554607,Timburi,SP,35094,Ourinhos
3554656,Torre de Pedra,SP,35063,Polo Cuesta
3554706,Torrinha,SP,35064,Jaú
3554755,Trabiju,SP,35031,Central do DRS III
3554805,Tremembé,SP,35174,Vale do Paraíba/Região Serrana
3554904,Três Fronteiras,SP,35152,Santa Fé do Sul
3554953,Tuiuti,SP,35071,Bragança
3555000,Tupã,SP,35095,Tupã
3555109,Tupi Paulista,SP,35111,Alta Paulista
3555208,Turiúba,SP,35023,Consórcios do DRS II
3555307,Turmalina,SP,35154,Fernandópolis
3555356,Ubarana,SP,35156,José Bonifácio
3555406,Ubatuba,SP,35173,Litoral Norte
3555505,Ubirajara,SP,35093,Marília
3555604,Uchoa,SP,35155,São José do Rio Preto
3555703,União Paulista,SP,35156,José Bonifácio
3555802,Urânia,SP,35153,Jales
3555901,Uru,SP,35065,Lins
3556008,Urupês,SP,35151,Catanduva
3556107,Valentim Gentil,SP,35157,Votuporanga
3556206,Valinhos,SP,35072,Região Metropolitana de Campinas
3556305,Valparaíso,SP,35021,Central do DRS II
3556354,Vargem,SP,35071,Bragança
3556404,Vargem Grande do Sul,SP,35142,Mantiqueira
3556453,Vargem Grande Paulista,SP,35013,Mananciais
3556503,Várzea Paulista,SP,35073,Jundiaí
3556602,Vera Cruz,SP,35093,Marília
3556701,Vinhedo,SP,35072,Região Metropolitana de Campinas
3556800,Viradouro,SP,35052,Sul - Barretos
3556909,Vista Alegre do Alto,SP,35052,Sul - Barretos
3556958,Vitória Brasil,SP,35153,Jales
3557006,Votorantim,SP,35163,Sorocaba
3557105,Votuporanga,SP,35157,Votuporanga
3557154,Zacarias,SP,35156,José Bonifácio
3557204,Chavantes,SP,35094,Ourinhos
3557303,Estiva Gerbi,SP,35141,Baixa Mogiana
4100103,Abatiá,PR,41018,18ª RS Cornélio Procópio
4100202,Adrianópolis,PR,41002,2ª RS Metropolitana
4100301,Agudos do Sul,PR,41002,2ª RS Metropolitana
4100400,Almirante Tamandaré,PR,41002,2ª RS Metropolitana
4100459,Altamira do Paraná,PR,41011,11ª RS Campo Mourão
4100509,Altônia,PR,41012,12ª RS Umuarama
4100608,Alto Paraná,PR,41014,14ª RS Paranavaí
4100707,Alto Piquiri,PR,41012,12ª RS Umuarama
4100806,Alvorada do Sul,PR,41017,17ª RS Londrina
4100905,Amaporã,PR,41014,14ª RS Paranavaí
4101002,Ampére,PR,41008,8ª RS Francisco Beltrão
4101051,Anahy,PR,41010,10ª RS Cascavel
4101101,Andirá,PR,41018,18ª RS Cornélio Procópio
4101150,Ângulo,PR,41015,15ª RS Maringá
4101200,Antonina,PR,41001,1ª RS Paranaguá
4101309,Antônio Olinto,PR,41006,6ª RS União da Vitória
4101408,Apucarana,PR,41016,16ª RS Apucarana
4101507,Arapongas,PR,41016,16ª RS Apucarana
4101606,Arapoti,PR,41003,3ª RS Ponta Grossa
4101655,Arapuã,PR,41022,22ª RS Ivaiporã
4101705,Araruna,PR,41011,11ª RS Campo Mourão
4101804,Araucária,PR,41002,2ª RS Metropolitana
4101853,Ariranha do Ivaí,PR,41022,22ª RS Ivaiporã
4101903,Assaí,PR,41017,17ª RS Londrina
4102000,Assis Chateaubriand,PR,41020,20ª RS Toledo
4102109,Astorga,PR,41015,15ª RS Maringá
4102208,Atalaia,PR,41015,15ª RS Maringá
4102307,Balsa Nova,PR,41002,2ª RS Metropolitana
4102406,Bandeirantes,PR,41018,18ª RS Cornélio Procópio
4102505,Barbosa Ferraz,PR,41011,11ª RS Campo Mourão
4102604,Barracão,PR,41008,8ª RS Francisco Beltrão
4102703,Barra do Jacaré,PR,41019,19ª RS Jacarezinho
4102752,Bela Vista da Caroba,PR,41008,8ª RS Francisco Beltrão
4102802,Bela Vista do Paraíso,PR,41017,17ª RS Londrina
4102901,Bituruna,PR,41006,6ª RS União da Vitória
4103008,Boa Esperança,PR,41011,11ª RS Campo Mourão
4103024,Boa Esperança do Iguaçu,PR,41008,8ª RS Francisco Beltrão
4103040,Boa Ventura de São Roque,PR,41005,5ª RS Guarapuava
4103057,Boa Vista da Aparecida,PR,41010,10ª RS Cascavel
4103107,Bocaiúva do Sul,PR,41002,2ª RS Metropolitana
4103156,Bom Jesus do Sul,PR,41008,8ª RS Francisco Beltrão
4103206,Bom Sucesso,PR,41016,16ª RS Apucarana
4103222,Bom Sucesso do Sul,PR,41007,7ª RS Pato Branco
4103305,Borrazópolis,PR,41016,16ª RS Apucarana
4103354,Braganey,PR,41010,10ª RS Cascavel
4103370,Brasilândia do Sul,PR,41012,12ª RS Umuarama
4103404,Cafeara,PR,41017,17ª RS Londrina
4103453,Cafelândia,PR,41010,10ª RS Cascavel
4103479,Cafezal do Sul,PR,41012,12ª RS Umuarama
4103503,Califórnia,PR,41016,16ª RS Apucarana
4103602,Cambará,PR,41019,19ª RS Jacarezinho
4103701,Cambé,PR,41017,17ª RS Londrina
4103800,Cambira,PR,41016,16ª RS Apucarana
4103909,Campina da Lagoa,PR,41011,11ª RS Campo Mourão
4103958,Campina do Simão,PR,41005,5ª RS Guarapuava
4104006,Campina Grande do Sul,PR,41002,2ª RS Metropolitana
4104055,Campo Bonito,PR,41010,10ª RS Cascavel
4104105,Campo do Tenente,PR,41002,2ª RS Metropolitana
4104204,Campo Largo,PR,41002,2ª RS Metropolitana
4104253,Campo Magro,PR,41002,2ª RS Metropolitana
4104303,Campo Mourão,PR,41011,11ª RS Campo Mourão
4104402,Cândido de Abreu,PR,41022,22ª RS Ivaiporã
4104428,Candói,PR,41005,5ª RS Guarapuava
4104451,Cantagalo,PR,41005,5ª RS Guarapuava
4104501,Capanema,PR,41008,8ª RS Francisco Beltrão
4104600,Capitão Leônidas Marques,PR,41010,10ª RS Cascavel
4104659,Carambeí,PR,41003,3ª RS Ponta Grossa
4104709,Carlópolis,PR,41019,19ª RS Jacarezinho
4104808,Cascavel,PR,41010,10ª RS Cascavel
4104907,Castro,PR,41003,3ª RS Ponta Grossa
4105003,Catanduvas,PR,41010,10ª RS Cascavel
4105102,Centenário do Sul,PR,41017,17ª RS Londrina
4105201,Cerro Azul,PR,41002,2ª RS Metropolitana
4105300,Céu Azul,PR,41010,10ª RS Cascavel
4105409,Chopinzinho,PR,41007,7ª RS Pato Branco
4105508,Cianorte,PR,41013,13ª RS Cianorte
4105607,Cidade Gaúcha,PR,41013,13ª RS Cianorte
4105706,Clevelândia,PR,41007,7ª RS Pato Branco
4105805,Colombo,PR,41002,2ª RS Metropolitana
4105904,Colorado,PR,41015,15ª RS Maringá
4106001,Congonhinhas,PR,41018,18ª RS Cornélio Procópio
4106100,Conselheiro Mairinck,PR,41019,19ª RS Jacarezinho
4106209,Contenda,PR,41002,2ª RS Metropolitana
4106308,Corbélia,PR,41010,10ª RS Cascavel
4106407,Cornélio Procópio,PR,41018,18ª RS Cornélio Procópio
4106456,Coronel Domingos Soares,PR,41007,7ª RS Pato Branco
4106506,Coronel Vivida,PR,41007,7ª RS Pato Branco
4106555,Corumbataí do Sul,PR,41011,11ª RS Campo Mourão
4106571,Cruzeiro do Iguaçu,PR,41008,8ª RS Francisco Beltrão
4106605,Cruzeiro do Oeste,PR,41012,12ª RS Umuarama
4106704,Cruzeiro do Sul,PR,41014,14ª RS Paranavaí
4106803,Cruz Machado,PR,41006,6ª RS União da Vitória
4106852,Cruzmaltina,PR,41022,22ª RS Ivaiporã
4106902,Curitiba,PR,41002,2ª RS Metropolitana
4107009,Curiúva,PR,41021,21ª RS Telêmaco Borba
4107108,Diamante do Norte,PR,41014,14ª RS Paranavaí
4107124,Diamante do Sul,PR,41010,10ª RS Cascavel
4107157,Diamante D'Oeste,PR,41020,20ª RS Toledo
4107207,Dois Vizinhos,PR,41008,8ª RS Francisco Beltrão
4107256,Douradina,PR,41012,12ª RS Umuarama
4107306,Doutor Camargo,PR,41015,15ª RS Maringá
4107405,Enéas Marques,PR,41008,8ª RS Francisco Beltrão
4107504,Engenheiro Beltrão,PR,41011,11ª RS Campo Mourão
4107520,Esperança Nova,PR,41012,12ª RS Umuarama
4107538,Entre Rios do Oeste,PR,41020,20ª RS Toledo
4107546,Espigão Alto do Iguaçu,PR,41010,10ª RS Cascavel
4107553,Farol,PR,41011,11ª RS Campo Mourão
4107603,Faxinal,PR,41016,16ª RS Apucarana
4107652,Fazenda Rio Grande,PR,41002,2ª RS Metropolitana
4107702,Fênix,PR,41011,11ª RS Campo Mourão
4107736,Fernandes Pinheiro,PR,41004,4ª RS Irati
4107751,Figueira,PR,41019,19ª RS Jacarezinho
4107801,Floraí,PR,41015,15ª RS Maringá
4107850,Flor da Serra do Sul,PR,41008,8ª RS Francisco Beltrão
4107900,Floresta,PR,41015,15ª RS Maringá
4108007,Florestópolis,PR,41017,17ª RS Londrina
4108106,Flórida,PR,41015,15ª RS Maringá
4108205,Formosa do Oeste,PR,41010,10ª RS Cascavel
4108304,Foz do Iguaçu,PR,41009,9ª RS Foz do Iguaçu
4108320,Francisco Alves,PR,41012,12ª RS Umuarama
4108403,Francisco Beltrão,PR,41008,8ª RS Francisco Beltrão
4108452,Foz do Jordão,PR,41005,5ª RS Guarapuava
4108502,General Carneiro,PR,41006,6ª RS União da Vitória
4108551,Godoy Moreira,PR,41022,22ª RS Ivaiporã
4108601,Goioerê,PR,41011,11ª RS Campo Mourão
4108650,Goioxim,PR,41005,5ª RS Guarapuava
4108700,Grandes Rios,PR,41016,16ª RS Apucarana
4108809,Guaíra,PR,41020,20ª RS Toledo
4108908,Guairaçá,PR,41014,14ª RS Paranavaí
4108957,Guamiranga,PR,41004,4ª RS Irati
4109005,Guapirama,PR,41019,19ª RS Jacarezinho
4109104,Guaporema,PR,41013,13ª RS Cianorte
4109203,Guaraci,PR,41017,17ª RS Londrina
4109302,Guaraniaçu,PR,41010,10ª RS Cascavel
4109401,Guarapuava,PR,41005,5ª RS Guarapuava
4109500,Guaraqueçaba,PR,41001,1ª RS Paranaguá
4109609,Guaratuba,PR,41001,1ª RS Paranaguá
4109658,Honório Serpa,PR,41007,7ª RS Pato Branco
4109708,Ibaiti,PR,41019,19ª RS Jacarezinho
4109757,Ibema,PR,41010,10ª RS Cascavel
4109807,Ibiporã,PR,41017,17ª RS Londrina
4109906,Icaraíma,PR,41012,12ª RS Umuarama
4110003,Iguaraçu,PR,41015,15ª RS Maringá
4110052,Iguatu,PR,41010,10ª RS Cascavel
4110078,Imbaú,PR,41021,21ª RS Telêmaco Borba
4110102,Imbituva,PR,41004,4ª RS Irati
4110201,Inácio Martins,PR,41004,4ª RS Irati
4110300,Inajá,PR,41014,14ª RS Paranavaí
4110409,Indianópolis,PR,41013,13ª RS Cianorte
4110508,Ipiranga,PR,41003,3ª RS Ponta Grossa
4110607,Iporã,PR,41012,12ª RS Umuarama
4110656,Iracema do Oeste,PR,41010,10ª RS Cascavel
4110706,Irati,PR,41004,4ª RS Irati
4110805,Iretama,PR,41011,11ª RS Campo Mourão
4110904,Itaguajé,PR,41015,15ª RS Maringá
4110953,Itaipulândia,PR,41009,9ª RS Foz do Iguaçu
4111001,Itambaracá,PR,41018,18ª RS Cornélio Procópio
4111100,Itambé,PR,41015,15ª RS Maringá
4111209,Itapejara d'Oeste,PR,41007,7ª RS Pato Branco
4111258,Itaperuçu,PR,41002,2ª RS Metropolitana
4111308,Itaúna do Sul,PR,41014,14ª RS Paranavaí
4111407,Ivaí,PR,41003,3ª RS Ponta Grossa
4111506,Ivaiporã,PR,41022,22ª RS Ivaiporã
4111555,Ivaté,PR,41012,12ª RS Umuarama
4111605,Ivatuba,PR,41015,15ª RS Maringá
4111704,Jaboti,PR,41019,19ª RS Jacarezinho
4111803,Jacarezinho,PR,41019,19ª RS Jacarezinho
4111902,Jaguapitã,PR,41017,17ª RS Londrina
4112009,Jaguariaíva,PR,41003,3ª RS Ponta Grossa
4112108,Jandaia do Sul,PR,41016,16ª RS Apucarana
4112207,Janiópolis,PR,41011,11ª RS Campo Mourão
4112306,Japira,PR,41019,19ª RS Jacarezinho
4112405,Japurá,PR,41013,13ª RS Cianorte
4112504,Jardim Alegre,PR,41022,22ª RS Ivaiporã
4112603,Jardim Olinda,PR,41014,14ª RS Paranavaí
4112702,Jataizinho,PR,41017,17ª RS Londrina
4112751,Jesuítas,PR,41010,10ª RS Cascavel
4112801,Joaquim Távora,PR,41019,19ª RS Jacarezinho
4112900,Jundiaí do Sul,PR,41019,19ª RS Jacarezinho
4112959,Juranda,PR,41011,11ª RS Campo Mourão
4113007,Jussara,PR,41013,13ª RS Cianorte
4113106,Kaloré,PR,41016,16ª RS Apucarana
4113205,Lapa,PR,41002,2ª RS Metropolitana
4113254,Laranjal,PR,41005,5ª RS Guarapuava
4113304,Laranjeiras do Sul,PR,41005,5ª RS Guarapuava
4113403,Leópolis,PR,41018,18ª RS Cornélio Procópio
4113429,Lidianópolis,PR,41022,22ª RS Ivaiporã
4113452,Lindoeste,PR,41010,10ª RS Cascavel
4113502,Loanda,PR,41014,14ª RS Paranavaí
4113601,Lobato,PR,41015,15ª RS Maringá
4113700,Londrina,PR,41017,17ª RS Londrina
4113734,Luiziana,PR,41011,11ª RS Campo Mourão
4113759,Lunardelli,PR,41022,22ª RS Ivaiporã
4113809,Lupionópolis,PR,41017,17ª RS Londrina
4113908,Mallet,PR,41004,4ª RS Irati
4114005,Mamborê,PR,41011,11ª RS Campo Mourão
4114104,Mandaguaçu,PR,41015,15ª RS Maringá
4114203,Mandaguari,PR,41015,15ª RS Maringá
4114302,Mandirituba,PR,41002,2ª RS Metropolitana
4114351,Manfrinópolis,PR,41008,8ª RS Francisco Beltrão
4114401,Mangueirinha,PR,41007,7ª RS Pato Branco
4114500,Manoel Ribas,PR,41022,22ª RS Ivaiporã
4114609,Marechal Cândido Rondon,PR,41020,20ª RS Toledo
4114708,Maria Helena,PR,41012,12ª RS Umuarama
4114807,Marialva,PR,41015,15ª RS Maringá
4114906,Marilândia do Sul,PR,41016,16ª RS Apucarana
4115002,Marilena,PR,41014,14ª RS Paranavaí
4115101,Mariluz,PR,41012,12ª RS Umuarama
4115200,Maringá,PR,41015,15ª RS Maringá
4115309,Mariópolis,PR,41007,7ª RS Pato Branco
4115358,Maripá,PR,41020,20ª RS Toledo
4115408,Marmeleiro,PR,41008,8ª RS Francisco Beltrão
4115457,Marquinho,PR,41005,5ª RS Guarapuava
4115507,Marumbi,PR,41016,16ª RS Apucarana
4115606,Matelândia,PR,41009,9ª RS Foz do Iguaçu
4115705,Matinhos,PR,41001,1ª RS Paranaguá
4115739,Mato Rico,PR,41022,22ª RS Ivaiporã
4115754,Mauá da Serra,PR,41016,16ª RS Apucarana
4115804,Medianeira,PR,41009,9ª RS Foz do Iguaçu
4115853,Mercedes,PR,41020,20ª RS Toledo
4115903,Mirador,PR,41014,14ª RS Paranavaí
4116000,Miraselva,PR,41017,17ª RS Londrina
4116059,Missal,PR,41009,9ª RS Foz do Iguaçu
4116109,Moreira Sales,PR,41011,11ª RS Campo Mourão
4116208,Morretes,PR,41001,1ª RS Paranaguá
4116307,Munhoz de Melo,PR,41015,15ª RS Maringá
4116406,Nossa Senhora das Graças,PR,41015,15ª RS Maringá
4116505,Nova Aliança do Ivaí,PR,41014,14ª RS Paranavaí
4116604,Nova América da Colina,PR,41018,18ª RS Cornélio Procópio
4116703,Nova Aurora,PR,41010,10ª RS Cascavel
4116802,Nova Cantu,PR,41011,11ª RS Campo Mourão
4116901,Nova Esperança,PR,41015,15ª RS Maringá
4116950,Nova Esperança do Sudoeste,PR,41008,8ª RS Francisco Beltrão
4117008,Nova Fátima,PR,41018,18ª RS Cornélio Procópio
4117057,Nova Laranjeiras,PR,41005,5ª RS Guarapuava
4117107,Nova Londrina,PR,41014,14ª RS Paranavaí
4117206,Nova Olímpia,PR,41012,12ª RS Umuarama
4117214,Nova Santa Bárbara,PR,41018,18ª RS Cornélio Procópio
4117222,Nova Santa Rosa,PR,41020,20ª RS Toledo
4117255,Nova Prata do Iguaçu,PR,41008,8ª RS Francisco Beltrão
4117271,Nova Tebas,PR,41022,22ª RS Ivaiporã
4117297,Novo Itacolomi,PR,41016,16ª RS Apucarana
4117305,Ortigueira,PR,41021,21ª RS Telêmaco Borba
4117404,Ourizona,PR,41015,15ª RS Maringá
4117453,Ouro Verde do Oeste,PR,41020,20ª RS Toledo
4117503,Paiçandu,PR,41015,15ª RS Maringá
4117602,Palmas,PR,41007,7ª RS Pato Branco
4117701,Palmeira,PR,41003,3ª RS Ponta Grossa
4117800,Palmital,PR,41005,5ª RS Guarapuava
4117909,Palotina,PR,41020,20ª RS Toledo
4118006,Paraíso do Norte,PR,41014,14ª RS Paranavaí
4118105,Paranacity,PR,41015,15ª RS Maringá
4118204,Paranaguá,PR,41001,1ª RS Paranaguá
4118303,Paranapoema,PR,41014,14ª RS Paranavaí
4118402,Paranavaí,PR,41014,14ª RS Paranavaí
4118451,Pato Bragado,PR,41020,20ª RS Toledo
4118501,Pato Branco,PR,41007,7ª RS Pato Branco
4118600,Paula Freitas,PR,41006,6ª RS União da Vitória
4118709,Paulo Frontin,PR,41006,6ª RS União da Vitória
4118808,Peabiru,PR,41011,11ª RS Campo Mourão
4118857,Perobal,PR,41012,12ª RS Umuarama
4118907,Pérola,PR,41012,12ª RS Umuarama
4119004,Pérola d'Oeste,PR,41008,8ª RS Francisco Beltrão
4119103,Piên,PR,41002,2ª RS Metropolitana
4119152,Pinhais,PR,41002,2ª RS Metropolitana
4119202,Pinhalão,PR,41019,19ª RS Jacarezinho
4119251,Pinhal de São Bento,PR,41008,8ª RS Francisco Beltrão
4119301,Pinhão,PR,41005,5ª RS Guarapuava
4119400,Piraí do Sul,PR,41003,3ª RS Ponta Grossa
4119509,Piraquara,PR,41002,2ª RS Metropolitana
4119608,Pitanga,PR,41005,5ª RS Guarapuava
4119657,Pitangueiras,PR,41017,17ª RS Londrina
4119707,Planaltina do Paraná,PR,41014,14ª RS Paranavaí
4119806,Planalto,PR,41008,8ª RS Francisco Beltrão
4119905,Ponta Grossa,PR,41003,3ª RS Ponta Grossa
4119954,Pontal do Paraná,PR,41001,1ª RS Paranaguá
4120002,Porecatu,PR,41017,17ª RS Londrina
4120101,Porto Amazonas,PR,41003,3ª RS Ponta Grossa
4120150,Porto Barreiro,PR,41005,5ª RS Guarapuava
4120200,Porto Rico,PR,41014,14ª RS Paranavaí
4120309,Porto Vitória,PR,41006,6ª RS União da Vitória
4120333,Prado Ferreira,PR,41017,17ª RS Londrina
4120358,Pranchita,PR,41008,8ª RS Francisco Beltrão
4120408,Presidente Castelo Branco,PR,41015,15ª RS Maringá
4120507,Primeiro de Maio,PR,41017,17ª RS Londrina
4120606,Prudentópolis,PR,41005,5ª RS Guarapuava
4120655,Quarto Centenário,PR,41011,11ª RS Campo Mourão
4120705,Quatiguá,PR,41019,19ª RS Jacarezinho
4120804,Quatro Barras,PR,41002,2ª RS Metropolitana
4120853,Quatro Pontes,PR,41020,20ª RS Toledo
4120903,Quedas do Iguaçu,PR,41010,10ª RS Cascavel
4121000,Querência do Norte,PR,41014,14ª RS Paranavaí
4121109,Quinta do Sol,PR,41011,11ª RS Campo Mourão
4121208,Quitandinha,PR,41002,2ª RS Metropolitana
4121257,Ramilândia,PR,41009,9ª RS Foz do Iguaçu
4121307,Rancho Alegre,PR,41018,18ª RS Cornélio Procópio
4121356,Rancho Alegre D'Oeste,PR,41011,11ª RS Campo Mourão
4121406,Realeza,PR,41008,8ª RS Francisco Beltrão
4121505,Rebouças,PR,41004,4ª RS Irati
4121604,Renascença,PR,41008,8ª RS Francisco Beltrão
4121703,Reserva,PR,41021,21ª RS Telêmaco Borba
4121752,Reserva do Iguaçu,PR,41005,5ª RS Guarapuava
4121802,Ribeirão Claro,PR,41019,19ª RS Jacarezinho
4121901,Ribeirão do Pinhal,PR,41018,18ª RS Cornélio Procópio
4122008,Rio Azul,PR,41004,4ª RS Irati
4122107,Rio Bom,PR,41016,16ª RS Apucarana
4122156,Rio Bonito do Iguaçu,PR,41005,5ª RS Guarapuava
4122172,Rio Branco do Ivaí,PR,41022,22ª RS Ivaiporã
4122206,Rio Branco do Sul,PR,41002,2ª RS Metropolitana
4122305,Rio Negro,PR,41002,2ª RS Metropolitana
4122404,Rolândia,PR,41017,17ª RS Londrina
4122503,Roncador,PR,41011,11ª RS Campo Mourão
4122602,Rondon,PR,41013,13ª RS Cianorte
4122651,Rosário do Ivaí,PR,41022,22ª RS Ivaiporã
4122701,Sabáudia,PR,41016,16ª RS Apucarana
4122800,Salgado Filho,PR,41008,8ª RS Francisco Beltrão
4122909,Salto do Itararé,PR,41019,19ª RS Jacarezinho
4123006,Salto do Lontra,PR,41008,8ª RS Francisco Beltrão
4123105,Santa Amélia,PR,41018,18ª RS Cornélio Procópio
4123204,Santa Cecília do Pavão,PR,41018,18ª RS Cornélio Procópio
4123303,Santa Cruz de Monte Castelo,PR,41014,14ª RS Paranavaí
4123402,Santa Fé,PR,41015,15ª RS Maringá
4123501,Santa Helena,PR,41020,20ª RS Toledo
4123600,Santa Inês,PR,41015,15ª RS Maringá
4123709,Santa Isabel do Ivaí,PR,41014,14ª RS Paranavaí
4123808,Santa Izabel do Oeste,PR,41008,8ª RS Francisco Beltrão
4123824,Santa Lúcia,PR,41010,10ª RS Cascavel
4123857,Santa Maria do Oeste,PR,41022,22ª RS Ivaiporã
4123907,Santa Mariana,PR,41018,18ª RS Cornélio Procópio
4123956,Santa Mônica,PR,41014,14ª RS Paranavaí
4124004,Santana do Itararé,PR,41019,19ª RS Jacarezinho
4124020,Santa Tereza do Oeste,PR,41010,10ª RS Cascavel
4124053,Santa Terezinha de Itaipu,PR,41009,9ª RS Foz do Iguaçu
4124103,Santo Antônio da Platina,PR,41019,19ª RS Jacarezinho
4124202,Santo Antônio do Caiuá,PR,41014,14ª RS Paranavaí
4124301,Santo Antônio do Paraíso,PR,41018,18ª RS Cornélio Procópio
4124400,Santo Antônio do Sudoeste,PR,41008,8ª RS Francisco Beltrão
4124509,Santo Inácio,PR,41015,15ª RS Maringá
4124608,São Carlos do Ivaí,PR,41014,14ª RS Paranavaí
4124707,São Jerônimo da Serra,PR,41018,18ª RS Cornélio Procópio
4124806,São João,PR,41007,7ª RS Pato Branco
4124905,São João do Caiuá,PR,41014,14ª RS Paranavaí
4125001,São João do Ivaí,PR,41022,22ª RS Ivaiporã
4125100,São João do Triunfo,PR,41003,3ª RS Ponta Grossa
4125209,São Jorge d'Oeste,PR,41008,8ª RS Francisco Beltrão
4125308,São Jorge do Ivaí,PR,41015,15ª RS Maringá
4125357,São Jorge do Patrocínio,PR,41012,12ª RS Umuarama
4125407,São José da Boa Vista,PR,41019,19ª RS Jacarezinho
4125456,São José das Palmeiras,PR,41020,20ª RS Toledo
4125506,São José dos Pinhais,PR,41002,2ª RS Metropolitana
4125555,São Manoel do Paraná,PR,41013,13ª RS Cianorte
4125605,São Mateus do Sul,PR,41006,6ª RS União da Vitória
4125704,São Miguel do Iguaçu,PR,41009,9ª RS Foz do Iguaçu
4125753,São Pedro do Iguaçu,PR,41020,20ª RS Toledo
4125803,São Pedro do Ivaí,PR,41016,16ª RS Apucarana
4125902,São Pedro do Paraná,PR,41014,14ª RS Paranavaí
4126009,São Sebastião da Amoreira,PR,41018,18ª RS Cornélio Procópio
4126108,São Tomé,PR,41013,13ª RS Cianorte
4126207,Sapopema,PR,41018,18ª RS Cornélio Procópio
4126256,Sarandi,PR,41015,15ª RS Maringá
4126272,Saudade do Iguaçu,PR,41007,7ª RS Pato Branco
4126306,Sengés,PR,41003,3ª RS Ponta Grossa
4126355,Serranópolis do Iguaçu,PR,41009,9ª RS Foz do Iguaçu
4126405,Sertaneja,PR,41018,18ª RS Cornélio Procópio
4126504,Sertanópolis,PR,41017,17ª RS Londrina
4126603,Siqueira Campos,PR,41019,19ª RS Jacarezinho
4126652,Sulina,PR,41007,7ª RS Pato Branco
4126678,Tamarana,PR,41017,17ª RS Londrina
4126702,Tamboara,PR,41014,14ª RS Paranavaí
4126801,Tapejara,PR,41013,13ª RS Cianorte
4126900,Tapira,PR,41012,12ª RS Umuarama
4127007,Teixeira Soares,PR,41004,4ª RS Irati
4127106,Telêmaco Borba,PR,41021,21ª RS Telêmaco Borba
4127205,Terra Boa,PR,41011,11ª RS Campo Mourão
4127304,Terra Rica,PR,41014,14ª RS Paranavaí
4127403,Terra Roxa,PR,41020,20ª RS Toledo
4127502,Tibagi,PR,41021,21ª RS Telêmaco Borba
4127601,Tijucas do Sul,PR,41002,2ª RS Metropolitana
4127700,Toledo,PR,41020,20ª RS Toledo
4127809,Tomazina,PR,41019,19ª RS Jacarezinho
4127858,Três Barras do Paraná,PR,41010,10ª RS Cascavel
4127882,Tunas do Paraná,PR,41002,2ª RS Metropolitana
4127908,Tuneiras do Oeste,PR,41013,13ª RS Cianorte
4127957,Tupãssi,PR,41020,20ª RS Toledo
4127965,Turvo,PR,41005,5ª RS Guarapuava
4128005,Ubiratã,PR,41011,11ª RS Campo Mourão
4128104,Umuarama,PR,41012,12ª RS Umuarama
4128203,União da Vitória,PR,41006,6ª RS União da Vitória
4128302,Uniflor,PR,41015,15ª RS Maringá
4128401,Uraí,PR,41018,18ª RS Cornélio Procópio
4128500,Wenceslau Braz,PR,41019,19ª RS Jacarezinho
4128534,Ventania,PR,41021,21ª RS Telêmaco Borba
4128559,Vera Cruz do Oeste,PR,41010,10ª RS Cascavel
4128609,Verê,PR,41008,8ª RS Francisco Beltrão
4128625,Alto Paraíso,PR,41012,12ª RS Umuarama
4128633,Doutor Ulysses,PR,41002,2ª RS Metropolitana
4128658,Virmond,PR,41005,5ª RS Guarapuava
4128708,Vitorino,PR,41007,7ª RS Pato Branco
4128807,Xambrê,PR,41012,12ª RS Umuarama
4200051,Abdon Batista,SC,42008,Meio Oeste
4200101,Abelardo Luz,SC,42003,Xanxerê
4200200,Agrolândia,SC,42004,Alto Vale do Itajaí
4200309,Agronômica,SC,42004,Alto Vale do Itajaí
4200408,Água Doce,SC,42008,Meio Oeste
4200507,Águas de Chapecó,SC,42002,Oeste
4200556,Águas Frias,SC,42002,Oeste
4200606,Águas Mornas,SC,42007,Grande Florianópolis
4200705,Alfredo Wagner,SC,42007,Grande Florianópolis
4200754,Alto Bela Vista,SC,42010,Alto Uruguai Catarinense
4200804,Anchieta,SC,42001,Extremo Oeste
4200903,Angelina,SC,42007,Grande Florianópolis
4201000,Anita Garibaldi,SC,42013,Serra Catarinense
4201109,Anitápolis,SC,42007,Grande Florianópolis
4201208,Antônio Carlos,SC,42007,Grande Florianópolis
4201257,Apiúna,SC,42006,Médio Vale do Itajaí
4201273,Arabutã,SC,42010,Alto Uruguai Catarinense
4201307,Araquari,SC,42011,Nordeste
4201406,Araranguá,SC,42014,Extremo Sul Catarinense
4201505,Armazém,SC,42016,Laguna
4201604,Arroio Trinta,SC,42009,Alto Vale do Rio do Peixe
4201653,Arvoredo,SC,42002,Oeste
4201703,Ascurra,SC,42006,Médio Vale do Itajaí
4201802,Atalanta,SC,42004,Alto Vale do Itajaí
4201901,Aurora,SC,42004,Alto Vale do Itajaí
4201950,Balneário Arroio do Silva,SC,42014,Extremo Sul Catarinense
4202008,Balneário Camboriú,SC,42005,Foz do Rio Itajaí
4202057,Balneário Barra do Sul,SC,42011,Nordeste
4202073,Balneário Gaivota,SC,42014,Extremo Sul Catarinense
4202081,Bandeirante,SC,42001,Extremo Oeste
4202099,Barra Bonita,SC,42001,Extremo Oeste
4202107,Barra Velha,SC,42017,Vale do Itapocú
4202131,Bela Vista do Toldo,SC,42012,Planalto Norte
4202156,Belmonte,SC,42001,Extremo Oeste
4202206,Benedito Novo,SC,42006,Médio Vale do Itajaí
4202305,Biguaçu,SC,42007,Grande Florianópolis
4202404,Blumenau,SC,42006,Médio Vale do Itajaí
4202438,Bocaina do Sul,SC,42013,Serra Catarinense
4202453,Bombinhas,SC,42005,Foz do Rio Itajaí
4202503,Bom Jardim da Serra,SC,42013,Serra Catarinense
4202537,Bom Jesus,SC,42003,Xanxerê
4202578,Bom Jesus do Oeste,SC,42001,Extremo Oeste
4202602,Bom Retiro,SC,42013,Serra Catarinense
4202701,Botuverá,SC,42006,Médio Vale do Itajaí
4202800,Braço do Norte,SC,42016,Laguna
4202859,Braço do Trombudo,SC,42004,Alto Vale do Itajaí
4202875,Brunópolis,SC,42008,Meio Oeste
4202909,Brusque,SC,42006,Médio Vale do Itajaí
4203006,Caçador,SC,42009,Alto Vale do Rio do Peixe
4203105,Caibi,SC,42002,Oeste
4203154,Calmon,SC,42009,Alto Vale do Rio do Peixe
4203204,Camboriú,SC,42005,Foz do Rio Itajaí
4203253,Capão Alto,SC,42013,Serra Catarinense
4203303,Campo Alegre,SC,42012,Planalto Norte
4203402,Campo Belo do Sul,SC,42013,Serra Catarinense
4203501,Campo Erê,SC,42003,Xanxerê
4203600,Campos Novos,SC,42008,Meio Oeste
4203709,Canelinha,SC,42007,Grande Florianópolis
4203808,Canoinhas,SC,42012,Planalto Norte
4203907,Capinzal,SC,42008,Meio Oeste
4203956,Capivari de Baixo,SC,42016,Laguna
4204004,Catanduvas,SC,42008,Meio Oeste
4204103,Caxambu do Sul,SC,42002,Oeste
4204152,Celso Ramos,SC,42008,Meio Oeste
4204178,Cerro Negro,SC,42013,Serra Catarinense
4204194,Chapadão do Lageado,SC,42004,Alto Vale do Itajaí
4204202,Chapecó,SC,42002,Oeste
4204251,Cocal do Sul,SC,42015,Carbonífera
4204301,Concórdia,SC,42010,Alto Uruguai Catarinense
4204350,Cordilheira Alta,SC,42002,Oeste
4204400,Coronel Freitas,SC,42002,Oeste
4204459,Coronel Martins,SC,42003,Xanxerê
4204509,Corupá,SC,42017,Vale do Itapocú
4204558,Correia Pinto,SC,42013,Serra Catarinense
4204608,Criciúma,SC,42015,Carbonífera
4204707,Cunha Porã,SC,42002,Oeste
4204756,Cunhataí,SC,42002,Oeste
4204806,Curitibanos,SC,42009,Alto Vale do Rio do Peixe
4204905,Descanso,SC,42001,Extremo Oeste
4205001,Dionísio Cerqueira,SC,42001,Extremo Oeste
4205100,Dona Emma,SC,42004,Alto Vale do Itajaí
4205159,Doutor Pedrinho,SC,42006,Médio Vale do Itajaí
4205175,Entre Rios,SC,42003,Xanxerê
4205191,Ermo,SC,42014,Extremo Sul Catarinense
4205209,Erval Velho,SC,42008,Meio Oeste
4205308,Faxinal dos Guedes,SC,42003,Xanxerê
4205357,Flor do Sertão,SC,42001,Extremo Oeste
4205407,Florianópolis,SC,42007,Grande Florianópolis
4205431,Formosa do Sul,SC,42002,Oeste
4205456,Forquilhinha,SC,42015,Carbonífera
4205506,Fraiburgo,SC,42009,Alto Vale do Rio do Peixe
4205555,Frei Rogério,SC,42009,Alto Vale do Rio do Peixe
4205605,Galvão,SC,42003,Xanxerê
4205704,Garopaba,SC,42007,Grande Florianópolis
4205803,Garuva,SC,42011,Nordeste
4205902,Gaspar,SC,42006,Médio Vale do Itajaí
4206009,Governador Celso Ramos,SC,42007,Grande Florianópolis
4206108,Grão-Pará,SC,42016,Laguna
4206207,Gravatal,SC,42016,Laguna
4206306,Guabiruba,SC,42006,Médio Vale do Itajaí
4206405,Guaraciaba,SC,42001,Extremo Oeste
4206504,Guaramirim,SC,42017,Vale do Itapocú
4206603,Guarujá do Sul,SC,42001,Extremo Oeste
4206652,Guatambú,SC,42002,Oeste
4206702,Herval d'Oeste,SC,42008,Meio Oeste
4206751,Ibiam,SC,42009,Alto Vale do Rio do Peixe
4206801,Ibicaré,SC,42008,Meio Oeste
4206900,Ibirama,SC,42004,Alto Vale do Itajaí
4207007,Içara,SC,42015,Carbonífera
4207106,Ilhota,SC,42005,Foz do Rio Itajaí
4207205,Imaruí,SC,42016,Laguna
4207304,Imbituba,SC,42016,Laguna
4207403,Imbuia,SC,42004,Alto Vale do Itajaí
4207502,Indaial,SC,42006,Médio Vale do Itajaí
4207577,Iomerê,SC,42009,Alto Vale do Rio do Peixe
4207601,Ipira,SC,42010,Alto Uruguai Catarinense
4207650,Iporã do Oeste,SC,42001,Extremo Oeste
4207684,Ipuaçu,SC,42003,Xanxerê
4207700,Ipumirim,SC,42010,Alto Uruguai Catarinense
4207759,Iraceminha,SC,42001,Extremo Oeste
4207809,Irani,SC,42010,Alto Uruguai Catarinense
4207858,Irati,SC,42002,Oeste
4207908,Irineópolis,SC,42012,Planalto Norte
4208005,Itá,SC,42010,Alto Uruguai Catarinense
4208104,Itaiópolis,SC,42012,Planalto Norte
4208203,Itajaí,SC,42005,Foz do Rio Itajaí
4208302,Itapema,SC,42005,Foz do Rio Itajaí
4208401,Itapiranga,SC,42001,Extremo Oeste
4208450,Itapoá,SC,42011,Nordeste
4208500,Ituporanga,SC,42004,Alto Vale do Itajaí
4208609,Jaborá,SC,42008,Meio Oeste
4208708,Jacinto Machado,SC,42014,Extremo Sul Catarinense
4208807,Jaguaruna,SC,42016,Laguna
4208906,Jaraguá do Sul,SC,42017,Vale do Itapocú
4208955,Jardinópolis,SC,42002,Oeste
4209003,Joaçaba,SC,42008,Meio Oeste
4209102,Joinville,SC,42011,Nordeste
4209151,José Boiteux,SC,42004,Alto Vale do Itajaí
4209177,Jupiá,SC,42003,Xanxerê
4209201,Lacerdópolis,SC,42008,Meio Oeste
4209300,Lages,SC,42013,Serra Catarinense
4209409,Laguna,SC,42016,Laguna
4209458,Lajeado Grande,SC,42003,Xanxerê
4209508,Laurentino,SC,42004,Alto Vale do Itajaí
4209607,Lauro Müller,SC,42015,Carbonífera
4209706,Lebon Régis,SC,42009,Alto Vale do Rio do Peixe
4209805,Leoberto Leal,SC,42007,Grande Florianópolis
4209854,Lindóia do Sul,SC,42010,Alto Uruguai Catarinense
4209904,Lontras,SC,42004,Alto Vale do Itajaí
4210001,Luiz Alves,SC,42005,Foz do Rio Itajaí
4210035,Luzerna,SC,42008,Meio Oeste
4210050,Macieira,SC,42009,Alto Vale do Rio do Peixe
4210100,Mafra,SC,42012,Planalto Norte
4210209,Major Gercino,SC,42007,Grande Florianópolis
4210308,Major Vieira,SC,42012,Planalto Norte
4210407,Maracajá,SC,42014,Extremo Sul Catarinense
4210506,Maravilha,SC,42001,Extremo Oeste
4210555,Marema,SC,42003,Xanxerê
4210605,Massaranduba,SC,42017,Vale do Itapocú
4210704,Matos Costa,SC,42009,Alto Vale do Rio do Peixe
4210803,Meleiro,SC,42014,Extremo Sul Catarinense
4210852,Mirim Doce,SC,42004,Alto Vale do Itajaí
4210902,Modelo,SC,42001,Extremo Oeste
4211009,Mondaí,SC,42001,Extremo Oeste
4211058,Monte Carlo,SC,42008,Meio Oeste
4211108,Monte Castelo,SC,42012,Planalto Norte
4211207,Morro da Fumaça,SC,42015,Carbonífera
4211256,Morro Grande,SC,42014,Extremo Sul Catarinense
4211306,Navegantes,SC,42005,Foz do Rio Itajaí
4211405,Nova Erechim,SC,42002,Oeste
4211454,Nova Itaberaba,SC,42002,Oeste
4211504,Nova Trento,SC,42007,Grande Florianópolis
4211603,Nova Veneza,SC,42015,Carbonífera
4211652,Novo Horizonte,SC,42003,Xanxerê
4211702,Orleans,SC,42015,Carbonífera
4211751,Otacílio Costa,SC,42013,Serra Catarinense
4211801,Ouro,SC,42008,Meio Oeste
4211850,Ouro Verde,SC,42003,Xanxerê
4211876,Paial,SC,42002,Oeste
4211892,Painel,SC,42013,Serra Catarinense
4211900,Palhoça,SC,42007,Grande Florianópolis
4212007,Palma Sola,SC,42001,Extremo Oeste
4212056,Palmeira,SC,42013,Serra Catarinense
4212106,Palmitos,SC,42002,Oeste
4212205,Papanduva,SC,42012,Planalto Norte
4212239,Paraíso,SC,42001,Extremo Oeste
4212254,Passo de Torres,SC,42014,Extremo Sul Catarinense
4212270,Passos Maia,SC,42003,Xanxerê
4212304,Paulo Lopes,SC,42007,Grande Florianópolis
4212403,Pedras Grandes,SC,42016,Laguna
4212502,Penha,SC,42005,Foz do Rio Itajaí
4212601,Peritiba,SC,42010,Alto Uruguai Catarinense
4212650,Pescaria Brava,SC,42016,Laguna
4212700,Petrolândia,SC,42004,Alto Vale do Itajaí
4212809,Balneário Piçarras,SC,42005,Foz do Rio Itajaí
4212908,Pinhalzinho,SC,42002,Oeste
4213005,Pinheiro Preto,SC,42009,Alto Vale do Rio do Peixe
4213104,Piratuba,SC,42010,Alto Uruguai Catarinense
4213153,Planalto Alegre,SC,42002,Oeste
4213203,Pomerode,SC,42006,Médio Vale do Itajaí
4213302,Ponte Alta,SC,42013,Serra Catarinense
4213351,Ponte Alta do Norte,SC,42009,Alto Vale do Rio do Peixe
4213401,Ponte Serrada,SC,42003,Xanxerê
4213500,Porto Belo,SC,42005,Foz do Rio Itajaí
4213609,Porto União,SC,42012,Planalto Norte
4213708,Pouso Redondo,SC,42004,Alto Vale do Itajaí
4213807,Praia Grande,SC,42014,Extremo Sul Catarinense
4213906,Presidente Castello Branco,SC,42010,Alto Uruguai Catarinense
4214003,Presidente Getúlio,SC,42004,Alto Vale do Itajaí
4214102,Presidente Nereu,SC,42004,Alto Vale do Itajaí
4214151,Princesa,SC,42001,Extremo Oeste
4214201,Quilombo,SC,42002,Oeste
4214300,Rancho Queimado,SC,42007,Grande Florianópolis
4214409,Rio das Antas,SC,42009,Alto Vale do Rio do Peixe
4214508,Rio do Campo,SC,42004,Alto Vale do Itajaí
4214607,Rio do Oeste,SC,42004,Alto Vale do Itajaí
4214706,Rio dos Cedros,SC,42006,Médio Vale do Itajaí
4214805,Rio do Sul,SC,42004,Alto Vale do Itajaí
4214904,Rio Fortuna,SC,42016,Laguna
4215000,Rio Negrinho,SC,42012,Planalto Norte
4215059,Rio Rufino,SC,42013,Serra Catarinense
4215075,Riqueza,SC,42002,Oeste
4215109,Rodeio,SC,42006,Médio Vale do Itajaí
4215208,Romelândia,SC,42001,Extremo Oeste
4215307,Salete,SC,42004,Alto Vale do Itajaí
4215356,Saltinho,SC,42001,Extremo Oeste
4215406,Salto Veloso,SC,42009,Alto Vale do Rio do Peixe
4215455,Sangão,SC,42016,Laguna
4215505,Santa Cecília,SC,42009,Alto Vale do Rio do Peixe
4215554,Santa Helena,SC,42001,Extremo Oeste
4215604,Santa Rosa de Lima,SC,42016,Laguna
4215653,Santa Rosa do Sul,SC,42014,Extremo Sul Catarinense
4215679,Santa Terezinha,SC,42004,Alto Vale do Itajaí
4215687,Santa Terezinha do Progresso,SC,42001,Extremo Oeste
4215695,Santiago do Sul,SC,42002,Oeste
4215703,Santo Amaro da Imperatriz,SC,42007,Grande Florianópolis
4215752,São Bernardino,SC,42003,Xanxerê
4215802,São Bento do Sul,SC,42012,Planalto Norte
4215901,São Bonifácio,SC,42007,Grande Florianópolis
4216008,São Carlos,SC,42002,Oeste
4216057,São Cristóvão do Sul,SC,42009,Alto Vale do Rio do Peixe
4216107,São Domingos,SC,42003,Xanxerê
4216206,São Francisco do Sul,SC,42011,Nordeste
4216255,São João do Oeste,SC,42001,Extremo Oeste
4216305,São João Batista,SC,42007,Grande Florianópolis
4216354,São João do Itaperiú,SC,42017,Vale do Itapocú
4216404,São João do Sul,SC,42014,Extremo Sul Catarinense
4216503,São Joaquim,SC,42013,Serra Catarinense
4216602,São José,SC,42007,Grande Florianópolis
4216701,São José do Cedro,SC,42001,Extremo Oeste
4216800,São José do Cerrito,SC,42013,Serra Catarinense
4216909,São Lourenço do Oeste,SC,42003,Xanxerê
4217006,São Ludgero,SC,42016,Laguna
4217105,São Martinho,SC,42016,Laguna
4217154,São Miguel da Boa Vista,SC,42001,Extremo Oeste
4217204,São Miguel do Oeste,SC,42001,Extremo Oeste
4217253,São Pedro de Alcântara,SC,42007,Grande Florianópolis
4217303,Saudades,SC,42001,Extremo Oeste
4217402,Schroeder,SC,42017,Vale do Itapocú
4217501,Seara,SC,42010,Alto Uruguai Catarinense
4217550,Serra Alta,SC,42002,Oeste
4217600,Siderópolis,SC,42015,Carbonífera
4217709,Sombrio,SC,42014,Extremo Sul Catarinense
4217758,Sul Brasil,SC,42002,Oeste
4217808,Taió,SC,42004,Alto Vale do Itajaí
4217907,Tangará,SC,42009,Alto Vale do Rio do Peixe
4217956,Tigrinhos,SC,42001,Extremo Oeste
4218004,Tijucas,SC,42007,Grande Florianópolis
4218103,Timbé do Sul,SC,42014,Extremo Sul Catarinense
4218202,Timbó,SC,42006,Médio Vale do Itajaí
4218251,Timbó Grande,SC,42009,Alto Vale do Rio do Peixe
4218301,Três Barras,SC,42012,Planalto Norte
4218350,Treviso,SC,42015,Carbonífera
4218400,Treze de Maio,SC,42016,Laguna
4218509,Treze Tílias,SC,42008,Meio Oeste
4218608,Trombudo Central,SC,42004,Alto Vale do Itajaí
4218707,Tubarão,SC,42016,Laguna
4218756,Tunápolis,SC,42001,Extremo Oeste
4218806,Turvo,SC,42014,Extremo Sul Catarinense
4218855,União do Oeste,SC,42002,Oeste
4218905,Urubici,SC,42013,Serra Catarinense
4218954,Urupema,SC,42013,Serra Catarinense
4219002,Urussanga,SC,42015,Carbonífera
4219101,Vargeão,SC,42003,Xanxerê
4219150,Vargem,SC,42008,Meio Oeste
4219176,Vargem Bonita,SC,42008,Meio Oeste
4219200,Vidal Ramos,SC,42004,Alto Vale do Itajaí
4219309,Videira,SC,42009,Alto Vale do Rio do Peixe
4219358,Vitor Meireles,SC,42004,Alto Vale do Itajaí
4219408,Witmarsum,SC,42004,Alto Vale do Itajaí
4219507,Xanxerê,SC,42003,Xanxerê
4219606,Xavantina,SC,42010,Alto Uruguai Catarinense
4219705,Xaxim,SC,42003,Xanxerê
4219853,Zortéa,SC,42008,Meio Oeste
4220000,Balneário Rincão,SC,42015,Carbonífera
4300034,Aceguá,RS,43022,Região 22 - Pampa
4300059,Água Santa,RS,43018,Região 18 - Araucárias
4300109,Agudo,RS,43001,Região 01 - Verdes Campos
4300208,Ajuricaba,RS,43013,Região 13 - Diversidade
4300307,Alecrim,RS,43014,Região 14 - Fronteira Noroeste
4300406,Alegrete,RS,43003,Região 03 - Fronteira Oeste
4300455,Alegria,RS,43014,Região 14 - Fronteira Noroeste
4300471,Almirante Tamandaré do Sul,RS,43017,Região 17 - Planalto
4300505,Alpestre,RS,43015,Região 15 - Caminho das Águas
4300554,Alto Alegre,RS,43019,Região 19 - Botucaraí
4300570,Alto Feliz,RS,43026,Região 26 - Uva Vale
4300604,Alvorada,RS,43010,Região 10 - Capital e Vale do Gravataí
4300638,Amaral Ferrador,RS,43021,Região 21 - Sul
4300646,Ametista do Sul,RS,43015,Região 15 - Caminho das Águas
4300661,André da Rocha,RS,43018,Região 18 - Araucárias
4300703,Anta Gorda,RS,43029,Região 29 - Vales e Montanhas
4300802,Antônio Prado,RS,43026,Região 26 - Uva Vale
4300851,Arambaré,RS,43009,Região 09 - Carbonífera/Costa Doce
4300877,Araricá,RS,43007,Região 07 - Vale dos Sinos
4300901,Aratiba,RS,43016,Região 16 - Alto Uruguai Gaúcho
4301008,Arroio do Meio,RS,43029,Região 29 - Vales e Montanhas
4301057,Arroio do Sal,RS,43004,Região 04 - Belas Praias
4301073,Arroio do Padre,RS,43021,Região 21 - Sul
4301107,Arroio dos Ratos,RS,43009,Região 09 - Carbonífera/Costa Doce
4301206,Arroio do Tigre,RS,43027,Região 27 - Jacuí Centro
4301305,Arroio Grande,RS,43021,Região 21 - Sul
4301404,Arvorezinha,RS,43019,Região 19 - Botucaraí
4301503,Augusto Pestana,RS,43013,Região 13 - Diversidade
4301552,Áurea,RS,43016,Região 16 - Alto Uruguai Gaúcho
4301602,Bagé,RS,43022,Região 22 - Pampa
4301636,Balneário Pinhal,RS,43005,Região 05 - Bons Ventos
4301651,Barão,RS,43008,Região 08 - Vale do Caí e Metropolitana
4301701,Barão de Cotegipe,RS,43016,Região 16 - Alto Uruguai Gaúcho
4301750,Barão do Triunfo,RS,43009,Região 09 - Carbonífera/Costa Doce
4301800,Barracão,RS,43018,Região 18 - Araucárias
4301859,Barra do Guarita,RS,43015,Região 15 - Caminho das Águas
4301875,Barra do Quaraí,RS,43003,Região 03 - Fronteira Oeste
4301909,Barra do Ribeiro,RS,43009,Região 09 - Carbonífera/Costa Doce
4301925,Barra do Rio Azul,RS,43016,Região 16 - Alto Uruguai Gaúcho
4301958,Barra Funda,RS,43020,Região 20 - Rota da Produção
4302006,Barros Cassal,RS,43019,Região 19 - Botucaraí
4302055,Benjamin Constant do Sul,RS,43016,Região 16 - Alto Uruguai Gaúcho
4302105,Bento Gonçalves,RS,43025,Região 25 - Vinhedos e Basalto
4302154,Boa Vista das Missões,RS,43020,Região 20 - Rota da Produção
4302204,Boa Vista do Buricá,RS,43014,Região 14 - Fronteira Noroeste
4302220,Boa Vista do Cadeado,RS,43012,Região 12 - Portal das Missões
4302238,Boa Vista do Incra,RS,43012,Região 12 - Portal das Missões
4302253,Boa Vista do Sul,RS,43025,Região 25 - Vinhedos e Basalto
4302303,Bom Jesus,RS,43024,Região 24 - Campos de Cima da Serra
4302352,Bom Princípio,RS,43026,Região 26 - Uva Vale
4302378,Bom Progresso,RS,43015,Região 15 - Caminho das Águas
4302402,Bom Retiro do Sul,RS,43030,Região 30 - Vale da Luz
4302451,Boqueirão do Leão,RS,43029,Região 29 - Vales e Montanhas
4302501,Bossoroca,RS,43011,Região 11 - Sete Povos das Missões
4302584,Bozano,RS,43013,Região 13 - Diversidade
4302600,Braga,RS,43020,Região 20 - Rota da Produção
4302659,Brochier,RS,43008,Região 08 - Vale do Caí e Metropolitana
4302709,Butiá,RS,43009,Região 09 - Carbonífera/Costa Doce
4302808,Caçapava do Sul,RS,43027,Região 27 - Jacuí Centro
4302907,Cacequi,RS,43002,Região 02 - Entre Rios
4303004,Cachoeira do Sul,RS,43027,Região 27 - Jacuí Centro
4303103,Cachoeirinha,RS,43010,Região 10 - Capital e Vale do Gravataí
4303202,Cacique Doble,RS,43018,Região 18 - Araucárias
4303301,Caibaté,RS,43011,Região 11 - Sete Povos das Missões
4303400,Caiçara,RS,43015,Região 15 - Caminho das Águas
4303509,Camaquã,RS,43009,Região 09 - Carbonífera/Costa Doce
4303558,Camargo,RS,43017,Região 17 - Planalto
4303608,Cambará do Sul,RS,43006,Região 06 - Vale do Paranhana e Costa Serra
4303673,Campestre da Serra,RS,43024,Região 24 - Campos de Cima da Serra
4303707,Campina das Missões,RS,43014,Região 14 - Fronteira Noroeste
4303806,Campinas do Sul,RS,43016,Região 16 - Alto Uruguai Gaúcho
4303905,Campo Bom,RS,43007,Região 07 - Vale dos Sinos
4304002,Campo Novo,RS,43013,Região 13 - Diversidade
4304101,Campos Borges,RS,43019,Região 19 - Botucaraí
4304200,Candelária,RS,43028,Região 28 - Vinte e Oito
4304309,Cândido Godói,RS,43014,Região 14 - Fronteira Noroeste
4304358,Candiota,RS,43022,Região 22 - Pampa
4304408,Canela,RS,43023,Região 23 - Caxias e Hortênsias
4304507,Canguçu,RS,43021,Região 21 - Sul
4304606,Canoas,RS,43008,Região 08 - Vale do Caí e Metropolitana
4304614,Canudos do Vale,RS,43029,Região 29 - Vales e Montanhas
4304622,Capão Bonito do Sul,RS,43018,Região 18 - Araucárias
4304630,Capão da Canoa,RS,43004,Região 04 - Belas Praias
4304655,Capão do Cipó,RS,43002,Região 02 - Entre Rios
4304663,Capão do Leão,RS,43021,Região 21 - Sul
4304671,Capivari do Sul,RS,43005,Região 05 - Bons Ventos
4304689,Capela de Santana,RS,43008,Região 08 - Vale do Caí e Metropolitana
4304697,Capitão,RS,43029,Região 29 - Vales e Montanhas
4304705,Carazinho,RS,43017,Região 17 - Planalto
4304713,Caraá,RS,43005,Região 05 - Bons Ventos
4304804,Carlos Barbosa,RS,43025,Região 25 - Vinhedos e Basalto
4304853,Carlos Gomes,RS,43016,Região 16 - Alto Uruguai Gaúcho
4304903,Casca,RS,43017,Região 17 - Planalto
4304952,Caseiros,RS,43018,Região 18 - Araucárias
4305009,Catuípe,RS,43013,Região 13 - Diversidade
4305108,Caxias do Sul,RS,43023,Região 23 - Caxias e Hortênsias
4305116,Centenário,RS,43016,Região 16 - Alto Uruguai Gaúcho
4305124,Cerrito,RS,43021,Região 21 - Sul
4305132,Cerro Branco,RS,43027,Região 27 - Jacuí Centro
4305157,Cerro Grande,RS,43020,Região 20 - Rota da Produção
4305173,Cerro Grande do Sul,RS,43009,Região 09 - Carbonífera/Costa Doce
4305207,Cerro Largo,RS,43011,Região 11 - Sete Povos das Missões
4305306,Chapada,RS,43020,Região 20 - Rota da Produção
4305355,Charqueadas,RS,43009,Região 09 - Carbonífera/Costa Doce
4305371,Charrua,RS,43016,Região 16 - Alto Uruguai Gaúcho
4305405,Chiapetta,RS,43013,Região 13 - Diversidade
4305439,Chuí,RS,43021,Região 21 - Sul
4305447,Chuvisca,RS,43009,Região 09 - Carbonífera/Costa Doce
4305454,Cidreira,RS,43005,Região 05 - Bons Ventos
4305504,Ciríaco,RS,43017,Região 17 - Planalto
4305587,Colinas,RS,43030,Região 30 - Vale da Luz
4305603,Colorado,RS,43012,Região 12 - Portal das Missões
4305702,Condor,RS,43013,Região 13 - Diversidade
4305801,Constantina,RS,43020,Região 20 - Rota da Produção
4305835,Coqueiro Baixo,RS,43029,Região 29 - Vales e Montanhas
4305850,Coqueiros do Sul,RS,43017,Região 17 - Planalto
4305871,Coronel Barros,RS,43013,Região 13 - Diversidade
4305900,Coronel Bicaco,RS,43020,Região 20 - Rota da Produção
4305934,Coronel Pilar,RS,43025,Região 25 - Vinhedos e Basalto
4305959,Cotiporã,RS,43025,Região 25 - Vinhedos e Basalto
4305975,Coxilha,RS,43017,Região 17 - Planalto
4306007,Crissiumal,RS,43013,Região 13 - Diversidade
4306056,Cristal,RS,43009,Região 09 - Carbonífera/Costa Doce
4306072,Cristal do Sul,RS,43015,Região 15 - Caminho das Águas
4306106,Cruz Alta,RS,43012,Região 12 - Portal das Missões
4306130,Cruzaltense,RS,43016,Região 16 - Alto Uruguai Gaúcho
4306205,Cruzeiro do Sul,RS,43029,Região 29 - Vales e Montanhas
4306304,David Canabarro,RS,43017,Região 17 - Planalto
4306320,Derrubadas,RS,43015,Região 15 - Caminho das Águas
4306353,Dezesseis de Novembro,RS,43011,Região 11 - Sete Povos das Missões
4306379,Dilermando de Aguiar,RS,43001,Região 01 - Verdes Campos
4306403,Dois Irmãos,RS,43007,Região 07 - Vale dos Sinos
4306429,Dois Irmãos das Missões,RS,43020,Região 20 - Rota da Produção
4306452,Dois Lajeados,RS,43029,Região 29 - Vales e Montanhas
4306502,Dom Feliciano,RS,43009,Região 09 - Carbonífera/Costa Doce
4306551,Dom Pedro de Alcântara,RS,43004,Região 04 - Belas Praias
4306601,Dom Pedrito,RS,43022,Região 22 - Pampa
4306700,Dona Francisca,RS,43001,Região 01 - Verdes Campos
4306734,Doutor Maurício Cardoso,RS,43014,Região 14 - Fronteira Noroeste
4306759,Doutor Ricardo,RS,43029,Região 29 - Vales e Montanhas
4306767,Eldorado do Sul,RS,43009,Região 09 - Carbonífera/Costa Doce
4306809,Encantado,RS,43029,Região 29 - Vales e Montanhas
4306908,Encruzilhada do Sul,RS,43027,Região 27 - Jacuí Centro
4306924,Engenho Velho,RS,43020,Região 20 - Rota da Produção
4306932,Entre-Ijuís,RS,43011,Região 11 - Sete Povos das Missões
4306957,Entre Rios do Sul,RS,43016,Região 16 - Alto Uruguai Gaúcho
4306973,Erebango,RS,43016,Região 16 - Alto Uruguai Gaúcho
4307005,Erechim,RS,43016,Região 16 - Alto Uruguai Gaúcho
4307054,Ernestina,RS,43017,Região 17 - Planalto
4307104,Herval,RS,43021,Região 21 - Sul
4307203,Erval Grande,RS,43016,Região 16 - Alto Uruguai Gaúcho
4307302,Erval Seco,RS,43015,Região 15 - Caminho das Águas
4307401,Esmeralda,RS,43024,Região 24 - Campos de Cima da Serra
4307450,Esperança do Sul,RS,43015,Região 15 - Caminho das Águas
4307500,Espumoso,RS,43019,Região 19 - Botucaraí
4307559,Estação,RS,43016,Região 16 - Alto Uruguai Gaúcho
4307609,Estância Velha,RS,43007,Região 07 - Vale dos Sinos
4307708,Esteio,RS,43008,Região 08 - Vale do Caí e Metropolitana
4307807,Estrela,RS,43030,Região 30 - Vale da Luz
4307815,Estrela Velha,RS,43027,Região 27 - Jacuí Centro
4307831,Eugênio de Castro,RS,43011,Região 11 - Sete Povos das Missões
4307864,Fagundes Varela,RS,43025,Região 25 - Vinhedos e Basalto
4307906,Farroupilha,RS,43026,Região 26 - Uva Vale
4308003,Faxinal do Soturno,RS,43001,Região 01 - Verdes Campos
4308052,Faxinalzinho,RS,43016,Região 16 - Alto Uruguai Gaúcho
4308078,Fazenda Vilanova,RS,43030,Região 30 - Vale da Luz
4308102,Feliz,RS,43026,Região 26 - Uva Vale
4308201,Flores da Cunha,RS,43026,Região 26 - Uva Vale
4308250,Floriano Peixoto,RS,43016,Região 16 - Alto Uruguai Gaúcho
4308300,Fontoura Xavier,RS,43019,Região 19 - Botucaraí
4308409,Formigueiro,RS,43001,Região 01 - Verdes Campos
4308433,Forquetinha,RS,43029,Região 29 - Vales e Montanhas
4308458,Fortaleza dos Valos,RS,43012,Região 12 - Portal das Missões
4308508,Frederico Westphalen,RS,43015,Região 15 - Caminho das Águas
4308607,Garibaldi,RS,43025,Região 25 - Vinhedos e Basalto
4308656,Garruchos,RS,43011,Região 11 - Sete Povos das Missões
4308706,Gaurama,RS,43016,Região 16 - Alto Uruguai Gaúcho
4308805,General Câmara,RS,43009,Região 09 - Carbonífera/Costa Doce
4308854,Gentil,RS,43017,Região 17 - Planalto
4308904,Getúlio Vargas,RS,43016,Região 16 - Alto Uruguai Gaúcho
4309001,Giruá,RS,43014,Região 14 - Fronteira Noroeste
4309050,Glorinha,RS,43010,Região 10 - Capital e Vale do Gravataí
4309100,Gramado,RS,43023,Região 23 - Caxias e Hortênsias
4309126,Gramado dos Loureiros,RS,43020,Região 20 - Rota da Produção
4309159,Gramado Xavier,RS,43028,Região 28 - Vinte e Oito
4309209,Gravataí,RS,43010,Região 10 - Capital e Vale do Gravataí
4309258,Guabiju,RS,43025,Região 25 - Vinhedos e Basalto
4309308,Guaíba,RS,43009,Região 09 - Carbonífera/Costa Doce
4309407,Guaporé,RS,43025,Região 25 - Vinhedos e Basalto
4309506,Guarani das Missões,RS,43011,Região 11 - Sete Povos das Missões
4309555,Harmonia,RS,43008,Região 08 - Vale do Caí e Metropolitana
4309571,Herveiras,RS,43028,Região 28 - Vinte e Oito
4309605,Horizontina,RS,43014,Região 14 - Fronteira Noroeste
4309654,Hulha Negra,RS,43022,Região 22 - Pampa
4309704,Humaitá,RS,43013,Região 13 - Diversidade
4309753,Ibarama,RS,43027,Região 27 - Jacuí Centro
4309803,Ibiaçá,RS,43018,Região 18 - Araucárias
4309902,Ibiraiaras,RS,43018,Região 18 - Araucárias
4309951,Ibirapuitã,RS,43019,Região 19 - Botucaraí
4310009,Ibirubá,RS,43012,Região 12 - Portal das Missões
4310108,Igrejinha,RS,43006,Região 06 - Vale do Paranhana e Costa Serra
4310207,Ijuí,RS,43013,Região 13 - Diversidade
4310306,Ilópolis,RS,43029,Região 29 - Vales e Montanhas
4310330,Imbé,RS,43005,Região 05 - Bons Ventos
4310363,Imigrante,RS,43030,Região 30 - Vale da Luz
4310405,Independência,RS,43014,Região 14 - Fronteira Noroeste
4310413,Inhacorá,RS,43013,Região 13 - Diversidade
4310439,Ipê,RS,43026,Região 26 - Uva Vale
4310462,Ipiranga do Sul,RS,43016,Região 16 - Alto Uruguai Gaúcho
4310504,Iraí,RS,43015,Região 15 - Caminho das Águas
4310538,Itaara,RS,43001,Região 01 - Verdes Campos
4310553,Itacurubi,RS,43002,Região 02 - Entre Rios
4310579,Itapuca,RS,43019,Região 19 - Botucaraí
4310603,Itaqui,RS,43003,Região 03 - Fronteira Oeste
4310652,Itati,RS,43004,Região 04 - Belas Praias
4310702,Itatiba do Sul,RS,43016,Região 16 - Alto Uruguai Gaúcho
4310751,Ivorá,RS,43001,Região 01 - Verdes Campos
4310801,Ivoti,RS,43007,Região 07 - Vale dos Sinos
4310850,Jaboticaba,RS,43020,Região 20 - Rota da Produção
4310876,Jacuizinho,RS,43012,Região 12 - Portal das Missões
4310900,Jacutinga,RS,43016,Região 16 - Alto Uruguai Gaúcho
4311007,Jaguarão,RS,43021,Região 21 - Sul
4311106,Jaguari,RS,43002,Região 02 - Entre Rios
4311122,Jaquirana,RS,43024,Região 24 - Campos de Cima da Serra
4311130,Jari,RS,43002,Região 02 - Entre Rios
4311155,Jóia,RS,43013,Região 13 - Diversidade
4311205,Júlio de Castilhos,RS,43001,Região 01 - Verdes Campos
4311239,Lagoa Bonita do Sul,RS,43027,Região 27 - Jacuí Centro
4311254,Lagoão,RS,43019,Região 19 - Botucaraí
4311270,Lagoa dos Três Cantos,RS,43017,Região 17 - Planalto
4311304,Lagoa Vermelha,RS,43018,Região 18 - Araucárias
4311403,Lajeado,RS,43029,Região 29 - Vales e Montanhas
4311429,Lajeado do Bugre,RS,43020,Região 20 - Rota da Produção
4311502,Lavras do Sul,RS,43022,Região 22 - Pampa
4311601,Liberato Salzano,RS,43015,Região 15 - Caminho das Águas
4311627,Lindolfo Collor,RS,43007,Região 07 - Vale dos Sinos
4311643,Linha Nova,RS,43023,Região 23 - Caxias e Hortênsias
4311700,Machadinho,RS,43018,Região 18 - Araucárias
4311718,Maçambará,RS,43003,Região 03 - Fronteira Oeste
4311734,Mampituba,RS,43004,Região 04 - Belas Praias
4311759,Manoel Viana,RS,43003,Região 03 - Fronteira Oeste
4311775,Maquiné,RS,43004,Região 04 - Belas Praias
4311791,Maratá,RS,43008,Região 08 - Vale do Caí e Metropolitana
4311809,Marau,RS,43017,Região 17 - Planalto
4311908,Marcelino Ramos,RS,43016,Região 16 - Alto Uruguai Gaúcho
4311981,Mariana Pimentel,RS,43009,Região 09 - Carbonífera/Costa Doce
4312005,Mariano Moro,RS,43016,Região 16 - Alto Uruguai Gaúcho
4312054,Marques de Souza,RS,43029,Região 29 - Vales e Montanhas
4312104,Mata,RS,43002,Região 02 - Entre Rios
4312138,Mato Castelhano,RS,43017,Região 17 - Planalto
4312153,Mato Leitão,RS,43028,Região 28 - Vinte e Oito
4312179,Mato Queimado,RS,43011,Região 11 - Sete Povos das Missões
4312203,Maximiliano de Almeida,RS,43018,Região 18 - Araucárias
4312252,Minas do Leão,RS,43009,Região 09 - Carbonífera/Costa Doce
4312302,Miraguaí,RS,43020,Região 20 - Rota da Produção
4312351,Montauri,RS,43017,Região 17 - Planalto
4312377,Monte Alegre dos Campos,RS,43024,Região 24 - Campos de Cima da Serra
4312385,Monte Belo do Sul,RS,43025,Região 25 - Vinhedos e Basalto
4312401,Montenegro,RS,43008,Região 08 - Vale do Caí e Metropolitana
4312427,Mormaço,RS,43019,Região 19 - Botucaraí
4312443,Morrinhos do Sul,RS,43004,Região 04 - Belas Praias
4312450,Morro Redondo,RS,43021,Região 21 - Sul
4312476,Morro Reuter,RS,43007,Região 07 - Vale dos Sinos
4312500,Mostardas,RS,43005,Região 05 - Bons Ventos
4312609,Muçum,RS,43029,Região 29 - Vales e Montanhas
4312617,Muitos Capões,RS,43024,Região 24 - Campos de Cima da Serra
4312625,Muliterno,RS,43017,Região 17 - Planalto
4312658,Não-Me-Toque,RS,43017,Região 17 - Planalto
4312674,Nicolau Vergueiro,RS,43017,Região 17 - Planalto
4312708,Nonoai,RS,43016,Região 16 - Alto Uruguai Gaúcho
4312757,Nova Alvorada,RS,43017,Região 17 - Planalto
4312807,Nova Araçá,RS,43025,Região 25 - Vinhedos e Basalto
4312906,Nova Bassano,RS,43025,Região 25 - Vinhedos e Basalto
4312955,Nova Boa Vista,RS,43020,Região 20 - Rota da Produção
4313003,Nova Bréscia,RS,43029,Região 29 - Vales e Montanhas
4313011,Nova Candelária,RS,43014,Região 14 - Fronteira Noroeste
4313037,Nova Esperança do Sul,RS,43002,Região 02 - Entre Rios
4313060,Nova Hartz,RS,43007,Região 07 - Vale dos Sinos
4313086,Nova Pádua,RS,43026,Região 26 - Uva Vale
4313102,Nova Palma,RS,43001,Região 01 - Verdes Campos
4313201,Nova Petrópolis,RS,43023,Região 23 - Caxias e Hortênsias
4313300,Nova Prata,RS,43025,Região 25 - Vinhedos e Basalto
4313334,Nova Ramada,RS,43013,Região 13 - Diversidade
4313359,Nova Roma do Sul,RS,43026,Região 26 - Uva Vale
4313375,Nova Santa Rita,RS,43008,Região 08 - Vale do Caí e Metropolitana
4313391,Novo Cabrais,RS,43027,Região 27 - Jacuí Centro
4313409,Novo Hamburgo,RS,43007,Região 07 - Vale dos Sinos
4313425,Novo Machado,RS,43014,Região 14 - Fronteira Noroeste
4313441,Novo Tiradentes,RS,43015,Região 15 - Caminho das Águas
4313466,Novo Xingu,RS,43020,Região 20 - Rota da Produção
4313490,Novo Barreiro,RS,43020,Região 20 - Rota da Produção
4313508,Osório,RS,43005,Região 05 - Bons Ventos
4313607,Paim Filho,RS,43018,Região 18 - Araucárias
4313656,Palmares do Sul,RS,43005,Região 05 - Bons Ventos
4313706,Palmeira das Missões,RS,43020,Região 20 - Rota da Produção
4313805,Palmitinho,RS,43015,Região 15 - Caminho das Águas
4313904,Panambi,RS,43013,Região 13 - Diversidade
4313953,Pantano Grande,RS,43028,Região 28 - Vinte e Oito
4314001,Paraí,RS,43025,Região 25 - Vinhedos e Basalto
4314027,Paraíso do Sul,RS,43001,Região 01 - Verdes Campos
4314035,Pareci Novo,RS,43008,Região 08 - Vale do Caí e Metropolitana
4314050,Parobé,RS,43006,Região 06 - Vale do Paranhana e Costa Serra
4314068,Passa Sete,RS,43027,Região 27 - Jacuí Centro
4314076,Passo do Sobrado,RS,43028,Região 28 - Vinte e Oito
4314100,Passo Fundo,RS,43017,Região 17 - Planalto
4314134,Paulo Bento,RS,43016,Região 16 - Alto Uruguai Gaúcho
4314159,Paverama,RS,43030,Região 30 - Vale da Luz
4314175,Pedras Altas,RS,43021,Região 21 - Sul
4314209,Pedro Osório,RS,43021,Região 21 - Sul
4314308,Pejuçara,RS,43013,Região 13 - Diversidade
4314407,Pelotas,RS,43021,Região 21 - Sul
4314423,Picada Café,RS,43023,Região 23 - Caxias e Hortênsias
4314456,Pinhal,RS,43015,Região 15 - Caminho das Águas
4314464,Pinhal da Serra,RS,43024,Região 24 - Campos de Cima da Serra
4314472,Pinhal Grande,RS,43001,Região 01 - Verdes Campos
4314498,Pinheirinho do Vale,RS,43015,Região 15 - Caminho das Águas
4314506,Pinheiro Machado,RS,43021,Região 21 - Sul
4314548,Pinto Bandeira,RS,43025,Região 25 - Vinhedos e Basalto
4314555,Pirapó,RS,43011,Região 11 - Sete Povos das Missões
4314605,Piratini,RS,43021,Região 21 - Sul
4314704,Planalto,RS,43015,Região 15 - Caminho das Águas
4314753,Poço das Antas,RS,43030,Região 30 - Vale da Luz
4314779,Pontão,RS,43017,Região 17 - Planalto
4314787,Ponte Preta,RS,43016,Região 16 - Alto Uruguai Gaúcho
4314803,Portão,RS,43007,Região 07 - Vale dos Sinos
4314902,Porto Alegre,RS,43010,Região 10 - Capital e Vale do Gravataí
4315008,Porto Lucena,RS,43014,Região 14 - Fronteira Noroeste
4315057,Porto Mauá,RS,43014,Região 14 - Fronteira Noroeste
4315073,Porto Vera Cruz,RS,43014,Região 14 - Fronteira Noroeste
4315107,Porto Xavier,RS,43011,Região 11 - Sete Povos das Missões
4315131,Pouso Novo,RS,43029,Região 29 - Vales e Montanhas
4315149,Presidente Lucena,RS,43007,Região 07 - Vale dos Sinos
4315156,Progresso,RS,43029,Região 29 - Vales e Montanhas
4315172,Protásio Alves,RS,43025,Região 25 - Vinhedos e Basalto
4315206,Putinga,RS,43029,Região 29 - Vales e Montanhas
4315305,Quaraí,RS,43003,Região 03 - Fronteira Oeste
4315313,Quatro Irmãos,RS,43016,Região 16 - Alto Uruguai Gaúcho
4315321,Quevedos,RS,43001,Região 01 - Verdes Campos
4315354,Quinze de Novembro,RS,43012,Região 12 - Portal das Missões
4315404,Redentora,RS,43020,Região 20 - Rota da Produção
4315453,Relvado,RS,43029,Região 29 - Vales e Montanhas
4315503,Restinga Sêca,RS,43001,Região 01 - Verdes Campos
4315552,Rio dos Índios,RS,43016,Região 16 - Alto Uruguai Gaúcho
4315602,Rio Grande,RS,43021,Região 21 - Sul
4315701,Rio Pardo,RS,43028,Região 28 - Vinte e Oito
4315750,Riozinho,RS,43006,Região 06 - Vale do Paranhana e Costa Serra
4315800,Roca Sales,RS,43029,Região 29 - Vales e Montanhas
4315909,Rodeio Bonito,RS,43015,Região 15 - Caminho das Águas
4315958,Rolador,RS,43011,Região 11 - Sete Povos das Missões
4316006,Rolante,RS,43006,Região 06 - Vale do Paranhana e Costa Serra
4316105,Ronda Alta,RS,43020,Região 20 - Rota da Produção
4316204,Rondinha,RS,43020,Região 20 - Rota da Produção
4316303,Roque Gonzales,RS,43011,Região 11 - Sete Povos das Missões
4316402,Rosário do Sul,RS,43003,Região 03 - Fronteira Oeste
4316428,Sagrada Família,RS,43020,Região 20 - Rota da Produção
4316436,Saldanha Marinho,RS,43012,Região 12 - Portal das Missões
4316451,Salto do Jacuí,RS,43012,Região 12 - Portal das Missões
4316477,Salvador das Missões,RS,43011,Região 11 - Sete Povos das Missões
4316501,Salvador do Sul,RS,43008,Região 08 - Vale do Caí e Metropolitana
4316600,Sananduva,RS,43018,Região 18 - Araucárias
4316709,Santa Bárbara do Sul,RS,43012,Região 12 - Portal das Missões
4316733,Santa Cecília do Sul,RS,43018,Região 18 - Araucárias
4316758,Santa Clara do Sul,RS,43029,Região 29 - Vales e Montanhas
4316808,Santa Cruz do Sul,RS,43028,Região 28 - Vinte e Oito
4316907,Santa Maria,RS,43001,Região 01 - Verdes Campos
4316956,Santa Maria do Herval,RS,43007,Região 07 - Vale dos Sinos
4316972,Santa Margarida do Sul,RS,43003,Região 03 - Fronteira Oeste
4317004,Santana da Boa Vista,RS,43021,Região 21 - Sul
4317103,Sant'Ana do Livramento,RS,43003,Região 03 - Fronteira Oeste
4317202,Santa Rosa,RS,43014,Região 14 - Fronteira Noroeste
4317251,Santa Tereza,RS,43025,Região 25 - Vinhedos e Basalto
4317301,Santa Vitória do Palmar,RS,43021,Região 21 - Sul
4317400,Santiago,RS,43002,Região 02 - Entre Rios
4317509,Santo Ângelo,RS,43011,Região 11 - Sete Povos das Missões
4317558,Santo Antônio do Palma,RS,43017,Região 17 - Planalto
4317608,Santo Antônio da Patrulha,RS,43005,Região 05 - Bons Ventos
4317707,Santo Antônio das Missões,RS,43011,Região 11 - Sete Povos das Missões
4317756,Santo Antônio do Planalto,RS,43017,Região 17 - Planalto
4317806,Santo Augusto,RS,43013,Região 13 - Diversidade
4317905,Santo Cristo,RS,43014,Região 14 - Fronteira Noroeste
4317954,Santo Expedito do Sul,RS,43018,Região 18 - Araucárias
4318002,São Borja,RS,43011,Região 11 - Sete Povos das Missões
4318051,São Domingos do Sul,RS,43017,Região 17 - Planalto
4318101,São Francisco de Assis,RS,43002,Região 02 - Entre Rios
4318200,São Francisco de Paula,RS,43006,Região 06 - Vale do Paranhana e Costa Serra
4318309,São Gabriel,RS,43003,Região 03 - Fronteira Oeste
4318408,São Jerônimo,RS,43009,Região 09 - Carbonífera/Costa Doce
4318424,São João da Urtiga,RS,43018,Região 18 - Araucárias
4318432,São João do Polêsine,RS,43001,Região 01 - Verdes Campos
4318440,São Jorge,RS,43025,Região 25 - Vinhedos e Basalto
4318457,São José das Missões,RS,43020,Região 20 - Rota da Produção
4318465,São José do Herval,RS,43029,Região 29 - Vales e Montanhas
4318481,São José do Hortêncio,RS,43007,Região 07 - Vale dos Sinos
4318499,São José do Inhacorá,RS,43014,Região 14 - Fronteira Noroeste
4318507,São José do Norte,RS,43021,Região 21 - Sul
4318606,São José do Ouro,RS,43018,Região 18 - Araucárias
4318614,São José do Sul,RS,43008,Região 08 - Vale do Caí e Metropolitana
4318622,São José dos Ausentes,RS,43024,Região 24 - Campos de Cima da Serra
4318705,São Leopoldo,RS,43007,Região 07 - Vale dos Sinos
4318804,São Lourenço do Sul,RS,43021,Região 21 - Sul
4318903,São Luiz Gonzaga,RS,43011,Região 11 - Sete Povos das Missões
4319000,São Marcos,RS,43026,Região 26 - Uva Vale
4319109,São Martinho,RS,43013,Região 13 - Diversidade
4319125,São Martinho da Serra,RS,43001,Região 01 - Verdes Campos
4319158,São Miguel das Missões,RS,43011,Região 11 - Sete Povos das Missões
4319208,São Nicolau,RS,43011,Região 11 - Sete Povos das Missões
4319307,São Paulo das Missões,RS,43014,Região 14 - Fronteira Noroeste
4319356,São Pedro da Serra,RS,43008,Região 08 - Vale do Caí e Metropolitana
4319364,São Pedro das Missões,RS,43020,Região 20 - Rota da Produção
4319372,São Pedro do Butiá,RS,43011,Região 11 - Sete Povos das Missões
4319406,São Pedro do Sul,RS,43001,Região 01 - Verdes Campos
4319505,São Sebastião do Caí,RS,43008,Região 08 - Vale do Caí e Metropolitana
4319604,São Sepé,RS,43001,Região 01 - Verdes Campos
4319703,São Valentim,RS,43016,Região 16 - Alto Uruguai Gaúcho
4319711,São Valentim do Sul,RS,43029,Região 29 - Vales e Montanhas
4319737,São Valério do Sul,RS,43013,Região 13 - Diversidade
4319752,São Vendelino,RS,43026,Região 26 - Uva Vale
4319802,São Vicente do Sul,RS,43002,Região 02 - Entre Rios
4319901,Sapiranga,RS,43007,Região 07 - Vale dos Sinos
4320008,Sapucaia do Sul,RS,43008,Região 08 - Vale do Caí e Metropolitana
4320107,Sarandi,RS,43020,Região 20 - Rota da Produção
4320206,Seberi,RS,43015,Região 15 - Caminho das Águas
4320230,Sede Nova,RS,43013,Região 13 - Diversidade
4320263,Segredo,RS,43027,Região 27 - Jacuí Centro
4320305,Selbach,RS,43012,Região 12 - Portal das Missões
4320321,Senador Salgado Filho,RS,43014,Região 14 - Fronteira Noroeste
4320354,Sentinela do Sul,RS,43009,Região 09 - Carbonífera/Costa Doce
4320404,Serafina Corrêa,RS,43017,Região 17 - Planalto
4320453,Sério,RS,43029,Região 29 - Vales e Montanhas
4320503,Sertão,RS,43017,Região 17 - Planalto
4320552,Sertão Santana,RS,43009,Região 09 - Carbonífera/Costa Doce
4320578,Sete de Setembro,RS,43011,Região 11 - Sete Povos das Missões
4320602,Severiano de Almeida,RS,43016,Região 16 - Alto Uruguai Gaúcho
4320651,Silveira Martins,RS,43001,Região 01 - Verdes Campos
4320677,Sinimbu,RS,43028,Região 28 - Vinte e Oito
4320701,Sobradinho,RS,43027,Região 27 - Jacuí Centro
4320800,Soledade,RS,43019,Região 19 - Botucaraí
4320859,Tabaí,RS,43008,Região 08 - Vale do Caí e Metropolitana
4320909,Tapejara,RS,43018,Região 18 - Araucárias
4321006,Tapera,RS,43019,Região 19 - Botucaraí
4321105,Tapes,RS,43009,Região 09 - Carbonífera/Costa Doce
4321204,Taquara,RS,43006,Região 06 - Vale do Paranhana e Costa Serra
4321303,Taquari,RS,43030,Região 30 - Vale da Luz
4321329,Taquaruçu do Sul,RS,43015,Região 15 - Caminho das Águas
4321352,Tavares,RS,43005,Região 05 - Bons Ventos
4321402,Tenente Portela,RS,43015,Região 15 - Caminho das Águas
4321436,Terra de Areia,RS,43004,Região 04 - Belas Praias
4321451,Teutônia,RS,43030,Região 30 - Vale da Luz
4321469,Tio Hugo,RS,43019,Região 19 - Botucaraí
4321477,Tiradentes do Sul,RS,43015,Região 15 - Caminho das Águas
4321493,Toropi,RS,43001,Região 01 - Verdes Campos
4321501,Torres,RS,43004,Região 04 - Belas Praias
4321600,Tramandaí,RS,43005,Região 05 - Bons Ventos
4321626,Travesseiro,RS,43029,Região 29 - Vales e Montanhas
4321634,Três Arroios,RS,43016,Região 16 - Alto Uruguai Gaúcho
4321667,Três Cachoeiras,RS,43004,Região 04 - Belas Praias
4321709,Três Coroas,RS,43006,Região 06 - Vale do Paranhana e Costa Serra
4321808,Três de Maio,RS,43014,Região 14 - Fronteira Noroeste
4321832,Três Forquilhas,RS,43004,Região 04 - Belas Praias
4321857,Três Palmeiras,RS,43020,Região 20 - Rota da Produção
4321907,Três Passos,RS,43015,Região 15 - Caminho das Águas
4321956,Trindade do Sul,RS,43020,Região 20 - Rota da Produção
4322004,Triunfo,RS,43008,Região 08 - Vale do Caí e Metropolitana
4322103,Tucunduva,RS,43014,Região 14 - Fronteira Noroeste
4322152,Tunas,RS,43019,Região 19 - Botucaraí
4322186,Tupanci do Sul,RS,43018,Região 18 - Araucárias
4322202,Tupanciretã,RS,43001,Região 01 - Verdes Campos
4322251,Tupandi,RS,43008,Região 08 - Vale do Caí e Metropolitana
4322301,Tuparendi,RS,43014,Região 14 - Fronteira Noroeste
4322327,Turuçu,RS,43021,Região 21 - Sul
4322343,Ubiretama,RS,43011,Região 11 - Sete Povos das Missões
4322350,União da Serra,RS,43025,Região 25 - Vinhedos e Basalto
4322376,Unistalda,RS,43002,Região 02 - Entre Rios
4322400,Uruguaiana,RS,43003,Região 03 - Fronteira Oeste
4322509,Vacaria,RS,43024,Região 24 - Campos de Cima da Serra
4322525,Vale Verde,RS,43028,Região 28 - Vinte e Oito
4322533,Vale do Sol,RS,43028,Região 28 - Vinte e Oito
4322541,Vale Real,RS,43026,Região 26 - Uva Vale
4322558,Vanini,RS,43017,Região 17 - Planalto
4322608,Venâncio Aires,RS,43028,Região 28 - Vinte e Oito
4322707,Vera Cruz,RS,43028,Região 28 - Vinte e Oito
4322806,Veranópolis,RS,43025,Região 25 - Vinhedos e Basalto
4322855,Vespasiano Corrêa,RS,43029,Região 29 - Vales e Montanhas
4322905,Viadutos,RS,43016,Região 16 - Alto Uruguai Gaúcho
4323002,Viamão,RS,43010,Região 10 - Capital e Vale do Gravataí
4323101,Vicente Dutra,RS,43015,Região 15 - Caminho das Águas
4323200,Victor Graeff,RS,43017,Região 17 - Planalto
4323309,Vila Flores,RS,43025,Região 25 - Vinhedos e Basalto
4323358,Vila Lângaro,RS,43018,Região 18 - Araucárias
4323408,Vila Maria,RS,43017,Região 17 - Planalto
4323457,Vila Nova do Sul,RS,43001,Região 01 - Verdes Campos
4323507,Vista Alegre,RS,43015,Região 15 - Caminho das Águas
4323606,Vista Alegre do Prata,RS,43025,Região 25 - Vinhedos e Basalto
4323705,Vista Gaúcha,RS,43015,Região 15 - Caminho das Águas
4323754,Vitória das Missões,RS,43011,Região 11 - Sete Povos das Missões
4323770,Westfália,RS,43030,Região 30 - Vale da Luz
4323804,Xangri-lá,RS,43004,Região 04 - Belas Praias
5000203,Água Clara,MS,50013,Leste
5000252,Alcinópolis,MS,50015,Norte
5000609,Amambai,MS,50017,Sul Fronteira
5000708,Anastácio,MS,50009,Baixo Pantanal
5000807,Anaurilândia,MS,50016,Sudeste
5000856,Angélica,MS,50016,Sudeste
5000906,Antônio João,MS,50017,Sul Fronteira
5001003,Aparecida do Taboado,MS,50014,Nordeste
5001102,Aquidauana,MS,50009,Baixo Pantanal
5001243,Aral Moreira,MS,50017,Sul Fronteira
5001508,Bandeirantes,MS,50011,Centro
5001904,Bataguassu,MS,50013,Leste
5002001,Batayporã,MS,50016,Sudeste
5002100,Bela Vista,MS,50009,Baixo Pantanal
5002159,Bodoquena,MS,50009,Baixo Pantanal
5002209,Bonito,MS,50009,Baixo Pantanal
5002308,Brasilândia,MS,50013,Leste
5002407,Caarapó,MS,50012,Centro Sul
5002605,Camapuã,MS,50011,Centro
5002704,Campo Grande,MS,50011,Centro
5002803,Caracol,MS,50009,Baixo Pantanal
5002902,Cassilândia,MS,50014,Nordeste
5002951,Chapadão do Sul,MS,50014,Nordeste
5003108,Corguinho,MS,50011,Centro
5003157,Coronel Sapucaia,MS,50017,Sul Fronteira
5003207,Corumbá,MS,50010,Pantanal
5003256,Costa Rica,MS,50014,Nordeste
5003306,Coxim,MS,50015,Norte
5003454,Deodápolis,MS,50012,Centro Sul
5003488,Dois Irmãos do Buriti,MS,50009,Baixo Pantanal
5003504,Douradina,MS,50012,Centro Sul
5003702,Dourados,MS,50012,Centro Sul
5003751,Eldorado,MS,50017,Sul Fronteira
5003801,Fátima do Sul,MS,50012,Centro Sul
5003900,Figueirão,MS,50015,Norte
5004007,Glória de Dourados,MS,50012,Centro Sul
5004106,Guia Lopes da Laguna,MS,50009,Baixo Pantanal
5004304,Iguatemi,MS,50017,Sul Fronteira
5004403,Inocência,MS,50014,Nordeste
5004502,Itaporã,MS,50012,Centro Sul
5004601,Itaquiraí,MS,50017,Sul Fronteira
5004700,Ivinhema,MS,50016,Sudeste
5004809,Japorã,MS,50017,Sul Fronteira
5004908,Jaraguari,MS,50011,Centro
5005004,Jardim,MS,50009,Baixo Pantanal
5005103,Jateí,MS,50012,Centro Sul
5005152,Juti,MS,50017,Sul Fronteira
5005202,Ladário,MS,50010,Pantanal
5005251,Laguna Carapã,MS,50012,Centro Sul
5005400,Maracaju,MS,50009,Baixo Pantanal
5005608,Miranda,MS,50010,Pantanal
5005681,Mundo Novo,MS,50017,Sul Fronteira
5005707,Naviraí,MS,50017,Sul Fronteira
5005806,Nioaque,MS,50009,Baixo Pantanal
5006002,Nova Alvorada do Sul,MS,50012,Centro Sul
5006200,Nova Andradina,MS,50016,Sudeste
5006259,Novo Horizonte do Sul,MS,50016,Sudeste
5006275,Paraíso das Águas,MS,50014,Nordeste
5006309,Paranaíba,MS,50014,Nordeste
5006358,Paranhos,MS,50017,Sul Fronteira
5006408,Pedro Gomes,MS,50015,Norte
5006606,Ponta Porã,MS,50017,Sul Fronteira
5006903,Porto Murtinho,MS,50009,Baixo Pantanal
5007109,Ribas do Rio Pardo,MS,50011,Centro
5007208,Rio Brilhante,MS,50012,Centro Sul
5007307,Rio Negro,MS,50015,Norte
5007406,Rio Verde de Mato Grosso,MS,50015,Norte
5007505,Rochedo,MS,50011,Centro
5007554,Santa Rita do Pardo,MS,50013,Leste
5007695,São Gabriel do Oeste,MS,50015,Norte
5007703,Sete Quedas,MS,50017,Sul Fronteira
5007802,Selvíria,MS,50013,Leste
5007901,Sidrolândia,MS,50011,Centro
5007935,Sonora,MS,50015,Norte
5007950,Tacuru,MS,50017,Sul Fronteira
5007976,Taquarussu,MS,50016,Sudeste
5008008,Terenos,MS,50011,Centro
5008305,Três Lagoas,MS,50013,Leste
5008404,Vicentina,MS,50012,Centro Sul
5100102,Acorizal,MT,51002,Baixada Cuiabana
5100201,Água Boa,MT,51006,Médio Araguaia
5100250,Alta Floresta,MT,51001,Alto Tapajós
5100300,Alto Araguaia,MT,51013,Sul Matogrossense
5100359,Alto Boa Vista,MT,51009,Norte Araguaia Karajá
5100409,Alto Garças,MT,51013,Sul Matogrossense
5100508,Alto Paraguai,MT,51004,Centro Norte
5100607,Alto Taquari,MT,51013,Sul Matogrossense
5100805,Apiacás,MT,51001,Alto Tapajós
5101001,Araguaiana,MT,51005,Garças Araguaia
5101209,Araguainha,MT,51013,Sul Matogrossense
5101258,Araputanga,MT,51011,Oeste Matogrossense
5101308,Arenápolis,MT,51007,Médio Norte Matogrossense
5101407,Aripuanã,MT,51008,Noroeste Matogrossense
5101605,Barão de Melgaço,MT,51002,Baixada Cuiabana
5101704,Barra do Bugres,MT,51007,Médio Norte Matogrossense
5101803,Barra do Garças,MT,51005,Garças Araguaia
5101852,Bom Jesus do Araguaia,MT,51006,Médio Araguaia
5101902,Brasnorte,MT,51008,Noroeste Matogrossense
5102504,Cáceres,MT,51011,Oeste Matogrossense
5102603,Campinápolis,MT,51005,Garças Araguaia
5102637,Campo Novo do Parecis,MT,51007,Médio Norte Matogrossense
5102678,Campo Verde,MT,51013,Sul Matogrossense
5102686,Campos de Júlio,MT,51012,Sudoeste Matogrossense
5102694,Canabrava do Norte,MT,51003,Araguaia Xingu
5102702,Canarana,MT,51006,Médio Araguaia
5102793,Carlinda,MT,51001,Alto Tapajós
5102850,Castanheira,MT,51008,Noroeste Matogrossense
5103007,Chapada dos Guimarães,MT,51002,Baixada Cuiabana
5103056,Cláudia,MT,51014,Teles Pires
5103106,Cocalinho,MT,51006,Médio Araguaia
5103205,Colíder,MT,51010,Norte Matogrossense
5103254,Colniza,MT,51008,Noroeste Matogrossense
5103304,Comodoro,MT,51012,Sudoeste Matogrossense
5103353,Confresa,MT,51003,Araguaia Xingu
5103361,Conquista D'Oeste,MT,51012,Sudoeste Matogrossense
5103379,Cotriguaçu,MT,51008,Noroeste Matogrossense
5103403,Cuiabá,MT,51002,Baixada Cuiabana
5103437,Curvelândia,MT,51011,Oeste Matogrossense
5103452,Denise,MT,51007,Médio Norte Matogrossense
5103502,Diamantino,MT,51004,Centro Norte
5103601,Dom Aquino,MT,51013,Sul Matogrossense
5103700,Feliz Natal,MT,51014,Teles Pires
5103809,Figueirópolis D'Oeste,MT,51012,Sudoeste Matogrossense
5103858,Gaúcha do Norte,MT,51006,Médio Araguaia
5103908,General Carneiro,MT,51005,Garças Araguaia
5103957,Glória D'Oeste,MT,51011,Oeste Matogrossense
5104104,Guarantã do Norte,MT,51015,Vale do Peixoto
5104203,Guiratinga,MT,51013,Sul Matogrossense
5104500,Indiavaí,MT,51011,Oeste Matogrossense
5104526,Ipiranga do Norte,MT,51014,Teles Pires
5104542,Itanhangá,MT,51014,Teles Pires
5104559,Itaúba,MT,51010,Norte Matogrossense
5104609,Itiquira,MT,51013,Sul Matogrossense
5104807,Jaciara,MT,51013,Sul Matogrossense
5104906,Jangada,MT,51002,Baixada Cuiabana
5105002,Jauru,MT,51012,Sudoeste Matogrossense
5105101,Juara,MT,51016,Vale dos Arinos
5105150,Juína,MT,51008,Noroeste Matogrossense
5105176,Juruena,MT,51008,Noroeste Matogrossense
5105200,Juscimeira,MT,51013,Sul Matogrossense
5105234,Lambari D'Oeste,MT,51011,Oeste Matogrossense
5105259,Lucas do Rio Verde,MT,51014,Teles Pires
5105309,Luciara,MT,51009,Norte Araguaia Karajá
5105507,Vila Bela da Santíssima Trindade,MT,51012,Sudoeste Matogrossense
5105580,Marcelândia,MT,51010,Norte Matogrossense
5105606,Matupá,MT,51015,Vale do Peixoto
5105622,Mirassol d'Oeste,MT,51011,Oeste Matogrossense
5105903,Nobres,MT,51004,Centro Norte
5106000,Nortelândia,MT,51004,Centro Norte
5106109,Nossa Senhora do Livramento,MT,51002,Baixada Cuiabana
5106158,Nova Bandeirantes,MT,51001,Alto Tapajós
5106174,Nova Nazaré,MT,51006,Médio Araguaia
5106182,Nova Lacerda,MT,51012,Sudoeste Matogrossense
5106190,Nova Santa Helena,MT,51010,Norte Matogrossense
5106208,Nova Brasilândia,MT,51002,Baixada Cuiabana
5106216,Nova Canaã do Norte,MT,51010,Norte Matogrossense
5106224,Nova Mutum,MT,51014,Teles Pires
5106232,Nova Olímpia,MT,51007,Médio Norte Matogrossense
5106240,Nova Ubiratã,MT,51014,Teles Pires
5106257,Nova Xavantina,MT,51005,Garças Araguaia
5106265,Novo Mundo,MT,51015,Vale do Peixoto
5106273,Novo Horizonte do Norte,MT,51016,Vale dos Arinos
5106281,Novo São Joaquim,MT,51005,Garças Araguaia
5106299,Paranaíta,MT,51001,Alto Tapajós
5106307,Paranatinga,MT,51013,Sul Matogrossense
5106315,Novo Santo Antônio,MT,51009,Norte Araguaia Karajá
5106372,Pedra Preta,MT,51013,Sul Matogrossense
5106422,Peixoto de Azevedo,MT,51015,Vale do Peixoto
5106455,Planalto da Serra,MT,51002,Baixada Cuiabana
5106505,Poconé,MT,51002,Baixada Cuiabana
5106653,Pontal do Araguaia,MT,51005,Garças Araguaia
5106703,Ponte Branca,MT,51005,Garças Araguaia
5106752,Pontes e Lacerda,MT,51012,Sudoeste Matogrossense
5106778,Porto Alegre do Norte,MT,51003,Araguaia Xingu
5106802,Porto dos Gaúchos,MT,51016,Vale dos Arinos
5106828,Porto Esperidião,MT,51011,Oeste Matogrossense
5106851,Porto Estrela,MT,51007,Médio Norte Matogrossense
5107008,Poxoréu,MT,51013,Sul Matogrossense
5107040,Primavera do Leste,MT,51013,Sul Matogrossense
5107065,Querência,MT,51006,Médio Araguaia
5107107,São José dos Quatro Marcos,MT,51011,Oeste Matogrossense
5107156,Reserva do Cabaçal,MT,51011,Oeste Matogrossense
5107180,Ribeirão Cascalheira,MT,51006,Médio Araguaia
5107198,Ribeirãozinho,MT,51005,Garças Araguaia
5107206,Rio Branco,MT,51011,Oeste Matogrossense
5107248,Santa Carmem,MT,51014,Teles Pires
5107263,Santo Afonso,MT,51007,Médio Norte Matogrossense
5107297,São José do Povo,MT,51013,Sul Matogrossense
5107305,São José do Rio Claro,MT,51004,Centro Norte
5107354,São José do Xingu,MT,51003,Araguaia Xingu
5107404,São Pedro da Cipa,MT,51013,Sul Matogrossense
5107578,Rondolândia,MT,51012,Sudoeste Matogrossense
5107602,Rondonópolis,MT,51013,Sul Matogrossense
5107701,Rosário Oeste,MT,51004,Centro Norte
5107743,Santa Cruz do Xingu,MT,51003,Araguaia Xingu
5107750,Salto do Céu,MT,51011,Oeste Matogrossense
5107768,Santa Rita do Trivelato,MT,51014,Teles Pires
5107776,Santa Terezinha,MT,51003,Araguaia Xingu
5107792,Santo Antônio do Leste,MT,51013,Sul Matogrossense
5107800,Santo Antônio de Leverger,MT,51002,Baixada Cuiabana
5107859,São Félix do Araguaia,MT,51009,Norte Araguaia Karajá
5107875,Sapezal,MT,51007,Médio Norte Matogrossense
5107883,Serra Nova Dourada,MT,51009,Norte Araguaia Karajá
5107909,Sinop,MT,51014,Teles Pires
5107925,Sorriso,MT,51014,Teles Pires
5107941,Tabaporã,MT,51016,Vale dos Arinos
5107958,Tangará da Serra,MT,51007,Médio Norte Matogrossense
5108006,Tapurah,MT,51014,Teles Pires
5108055,Terra Nova do Norte,MT,51015,Vale do Peixoto
5108105,Tesouro,MT,51013,Sul Matogrossense
5108204,Torixoréu,MT,51005,Garças Araguaia
5108303,União do Sul,MT,51014,Teles Pires
5108352,Vale de São Domingos,MT,51012,Sudoeste Matogrossense
5108402,Várzea Grande,MT,51002,Baixada Cuiabana
5108501,Vera,MT,51014,Teles Pires
5108600,Vila Rica,MT,51003,Araguaia Xingu
5108808,Nova Guarita,MT,51010,Norte Matogrossense
5108857,Nova Marilândia,MT,51007,Médio Norte Matogrossense
5108907,Nova Maringá,MT,51004,Centro Norte
5108956,Nova Monte Verde,MT,51001,Alto Tapajós
5200050,Abadia de Goiás,GO,52001,Central
5200100,Abadiânia,GO,52011,Pirineus
5200134,Acreúna,GO,52015,Sudoeste I
5200159,Adelândia,GO,52010,Oeste II
5200175,Água Fria de Goiás,GO,52003,Entorno Norte
5200209,Água Limpa,GO,52017,Sul
5200258,Águas Lindas de Goiás,GO,52004,Entorno Sul
5200308,Alexânia,GO,52011,Pirineus
5200506,Aloândia,GO,52017,Sul
5200555,Alto Horizonte,GO,52014,Serra da Mesa
5200605,Alto Paraíso de Goiás,GO,52003,Entorno Norte
5200803,Alvorada do Norte,GO,52007,Nordeste II
5200829,Amaralina,GO,52014,Serra da Mesa
5200852,Americano do Brasil,GO,52012,Rio Vermelho
5200902,Amorinópolis,GO,52009,Oeste I
5201108,Anápolis,GO,52011,Pirineus
5201207,Anhanguera,GO,52005,Estrada de Ferro
5201306,Anicuns,GO,52001,Central
5201405,Aparecida de Goiânia,GO,52002,Centro Sul
5201454,Aparecida do Rio Doce,GO,52015,Sudoeste I
5201504,Aporé,GO,52016,Sudoeste II
5201603,Araçu,GO,52001,Central
5201702,Aragarças,GO,52009,Oeste I
5201801,Aragoiânia,GO,52002,Centro Sul
5202155,Araguapaz,GO,52012,Rio Vermelho
5202353,Arenópolis,GO,52009,Oeste I
5202502,Aruanã,GO,52012,Rio Vermelho
5202601,Aurilândia,GO,52010,Oeste II
5202809,Avelinópolis,GO,52001,Central
5203104,Baliza,GO,52009,Oeste I
5203203,Barro Alto,GO,52018,São Patrício II
5203302,Bela Vista de Goiás,GO,52002,Centro Sul
5203401,Bom Jardim de Goiás,GO,52009,Oeste I
5203500,Bom Jesus de Goiás,GO,52017,Sul
5203559,Bonfinópolis,GO,52002,Centro Sul
5203575,Bonópolis,GO,52008,Norte
5203609,Brazabrantes,GO,52001,Central
5203807,Britânia,GO,52012,Rio Vermelho
5203906,Buriti Alegre,GO,52017,Sul
5203939,Buriti de Goiás,GO,52010,Oeste II
5203962,Buritinópolis,GO,52007,Nordeste II
5204003,Cabeceiras,GO,52003,Entorno Norte
5204102,Cachoeira Alta,GO,52015,Sudoeste I
5204201,Cachoeira de Goiás,GO,52010,Oeste II
5204250,Cachoeira Dourada,GO,52017,Sul
5204300,Caçu,GO,52015,Sudoeste I
5204409,Caiapônia,GO,52016,Sudoeste II
5204508,Caldas Novas,GO,52005,Estrada de Ferro
5204557,Caldazinha,GO,52002,Centro Sul
5204607,Campestre de Goiás,GO,52001,Central
5204656,Campinaçu,GO,52008,Norte
5204706,Campinorte,GO,52014,Serra da Mesa
5204805,Campo Alegre de Goiás,GO,52005,Estrada de Ferro
5204854,Campo Limpo de Goiás,GO,52011,Pirineus
5204904,Campos Belos,GO,52006,Nordeste I
5204953,Campos Verdes,GO,52013,São Patrício I
5205000,Carmo do Rio Verde,GO,52013,São Patrício I
5205059,Castelândia,GO,52015,Sudoeste I
5205109,Catalão,GO,52005,Estrada de Ferro
5205208,Caturaí,GO,52001,Central
5205307,Cavalcante,GO,52006,Nordeste I
5205406,Ceres,GO,52013,São Patrício I
5205455,Cezarina,GO,52002,Centro Sul
5205471,Chapadão do Céu,GO,52016,Sudoeste II
5205497,Cidade Ocidental,GO,52004,Entorno Sul
5205513,Cocalzinho de Goiás,GO,52011,Pirineus
5205521,Colinas do Sul,GO,52014,Serra da Mesa
5205703,Córrego do Ouro,GO,52010,Oeste II
5205802,Corumbá de Goiás,GO,52011,Pirineus
5205901,Corumbaíba,GO,52005,Estrada de Ferro
5206206,Cristalina,GO,52004,Entorno Sul
5206305,Cristianópolis,GO,52002,Centro Sul
5206404,Crixás,GO,52013,São Patrício I
5206503,Cromínia,GO,52002,Centro Sul
5206602,Cumari,GO,52005,Estrada de Ferro
5206701,Damianópolis,GO,52007,Nordeste II
5206800,Damolândia,GO,52001,Central
5206909,Davinópolis,GO,52005,Estrada de Ferro
5207105,Diorama,GO,52009,Oeste I
5207253,Doverlândia,GO,52016,Sudoeste II
5207352,Edealina,GO,52002,Centro Sul
5207402,Edéia,GO,52002,Centro Sul
5207501,Estrela do Norte,GO,52008,Norte
5207535,Faina,GO,52012,Rio Vermelho
5207600,Fazenda Nova,GO,52009,Oeste I
5207808,Firminópolis,GO,52010,Oeste II
5207907,Flores de Goiás,GO,52003,Entorno Norte
5208004,Formosa,GO,52003,Entorno Norte
5208103,Formoso,GO,52008,Norte
5208152,Gameleira de Goiás,GO,52011,Pirineus
5208301,Divinópolis de Goiás,GO,52006,Nordeste I
5208400,Goianápolis,GO,52011,Pirineus
5208509,Goiandira,GO,52005,Estrada de Ferro
5208608,Goianésia,GO,52018,São Patrício II
5208707,Goiânia,GO,52001,Central
5208806,Goianira,GO,52001,Central
5208905,Goiás,GO,52012,Rio Vermelho
5209101,Goiatuba,GO,52017,Sul
5209150,Gouvelândia,GO,52017,Sul
5209200,Guapó,GO,52001,Central
5209291,Guaraíta,GO,52012,Rio Vermelho
5209408,Guarani de Goiás,GO,52007,Nordeste II
5209457,Guarinos,GO,52013,São Patrício I
5209606,Heitoraí,GO,52012,Rio Vermelho
5209705,Hidrolândia,GO,52002,Centro Sul
5209804,Hidrolina,GO,52014,Serra da Mesa
5209903,Iaciara,GO,52007,Nordeste II
5209937,Inaciolândia,GO,52017,Sul
5209952,Indiara,GO,52002,Centro Sul
5210000,Inhumas,GO,52001,Central
5210109,Ipameri,GO,52005,Estrada de Ferro
5210158,Ipiranga de Goiás,GO,52013,São Patrício I
5210208,Iporá,GO,52009,Oeste I
5210307,Israelândia,GO,52009,Oeste I
5210406,Itaberaí,GO,52012,Rio Vermelho
5210562,Itaguari,GO,52001,Central
5210604,Itaguaru,GO,52018,São Patrício II
5210802,Itajá,GO,52015,Sudoeste I
5210901,Itapaci,GO,52013,São Patrício I
5211008,Itapirapuã,GO,52012,Rio Vermelho
5211206,Itapuranga,GO,52012,Rio Vermelho
5211305,Itarumã,GO,52015,Sudoeste I
5211404,Itauçu,GO,52001,Central
5211503,Itumbiara,GO,52017,Sul
5211602,Ivolândia,GO,52009,Oeste I
5211701,Jandaia,GO,52002,Centro Sul
5211800,Jaraguá,GO,52018,São Patrício II
5211909,Jataí,GO,52016,Sudoeste II
5212006,Jaupaci,GO,52009,Oeste I
5212055,Jesúpolis,GO,52001,Central
5212105,Joviânia,GO,52017,Sul
5212204,Jussara,GO,52012,Rio Vermelho
5212253,Lagoa Santa,GO,52015,Sudoeste I
5212303,Leopoldo de Bulhões,GO,52002,Centro Sul
5212501,Luziânia,GO,52004,Entorno Sul
5212600,Mairipotaba,GO,52002,Centro Sul
5212709,Mambaí,GO,52007,Nordeste II
5212808,Mara Rosa,GO,52014,Serra da Mesa
5212907,Marzagão,GO,52005,Estrada de Ferro
5212956,Matrinchã,GO,52012,Rio Vermelho
5213004,Maurilândia,GO,52015,Sudoeste I
5213053,Mimoso de Goiás,GO,52018,São Patrício II
5213087,Minaçu,GO,52008,Norte
5213103,Mineiros,GO,52016,Sudoeste II
5213400,Moiporá,GO,52009,Oeste I
5213509,Monte Alegre de Goiás,GO,52006,Nordeste I
5213707,Montes Claros de Goiás,GO,52009,Oeste I
5213756,Montividiu,GO,52015,Sudoeste I
5213772,Montividiu do Norte,GO,52008,Norte
5213806,Morrinhos,GO,52017,Sul
5213855,Morro Agudo de Goiás,GO,52013,São Patrício I
5213905,Mossâmedes,GO,52012,Rio Vermelho
5214002,Mozarlândia,GO,52012,Rio Vermelho
5214051,Mundo Novo,GO,52008,Norte
5214101,Mutunópolis,GO,52008,Norte
5214408,Nazário,GO,52001,Central
5214507,Nerópolis,GO,52001,Central
5214606,Niquelândia,GO,52014,Serra da Mesa
5214705,Nova América,GO,52013,São Patrício I
5214804,Nova Aurora,GO,52005,Estrada de Ferro
5214838,Nova Crixás,GO,52012,Rio Vermelho
5214861,Nova Glória,GO,52013,São Patrício I
5214879,Nova Iguaçu de Goiás,GO,52014,Serra da Mesa
5214903,Nova Roma,GO,52007,Nordeste II
5215009,Nova Veneza,GO,52001,Central
5215207,Novo Brasil,GO,52009,Oeste I
5215231,Novo Gama,GO,52004,Entorno Sul
5215256,Novo Planalto,GO,52008,Norte
5215306,Orizona,GO,52002,Centro Sul
5215405,Ouro Verde de Goiás,GO,52001,Central
5215504,Ouvidor,GO,52005,Estrada de Ferro
5215603,Padre Bernardo,GO,52018,São Patrício II
5215652,Palestina de Goiás,GO,52009,Oeste I
5215702,Palmeiras de Goiás,GO,52010,Oeste II
5215801,Palmelo,GO,52005,Estrada de Ferro
5215900,Palminópolis,GO,52010,Oeste II
5216007,Panamá,GO,52017,Sul
5216304,Paranaiguara,GO,52015,Sudoeste I
5216403,Paraúna,GO,52010,Oeste II
5216452,Perolândia,GO,52016,Sudoeste II
5216809,Petrolina de Goiás,GO,52001,Central
5216908,Pilar de Goiás,GO,52013,São Patrício I
5217104,Piracanjuba,GO,52002,Centro Sul
5217203,Piranhas,GO,52009,Oeste I
5217302,Pirenópolis,GO,52011,Pirineus
5217401,Pires do Rio,GO,52005,Estrada de Ferro
5217609,Planaltina,GO,52003,Entorno Norte
5217708,Pontalina,GO,52002,Centro Sul
5218003,Porangatu,GO,52008,Norte
5218052,Porteirão,GO,52015,Sudoeste I
5218102,Portelândia,GO,52016,Sudoeste II
5218300,Posse,GO,52007,Nordeste II
5218391,Professor Jamil,GO,52002,Centro Sul
5218508,Quirinópolis,GO,52015,Sudoeste I
5218607,Rialma,GO,52013,São Patrício I
5218706,Rianápolis,GO,52013,São Patrício I
5218789,Rio Quente,GO,52005,Estrada de Ferro
5218805,Rio Verde,GO,52015,Sudoeste I
5218904,Rubiataba,GO,52013,São Patrício I
5219001,Sanclerlândia,GO,52010,Oeste II
5219100,Santa Bárbara de Goiás,GO,52001,Central
5219209,Santa Cruz de Goiás,GO,52005,Estrada de Ferro
5219258,Santa Fé de Goiás,GO,52012,Rio Vermelho
5219308,Santa Helena de Goiás,GO,52015,Sudoeste I
5219357,Santa Isabel,GO,52013,São Patrício I
5219407,Santa Rita do Araguaia,GO,52016,Sudoeste II
5219456,Santa Rita do Novo Destino,GO,52018,São Patrício II
5219506,Santa Rosa de Goiás,GO,52001,Central
5219605,Santa Tereza de Goiás,GO,52008,Norte
5219704,Santa Terezinha de Goiás,GO,52013,São Patrício I
5219712,Santo Antônio da Barra,GO,52015,Sudoeste I
5219738,Santo Antônio de Goiás,GO,52001,Central
5219753,Santo Antônio do Descoberto,GO,52004,Entorno Sul
5219803,São Domingos,GO,52007,Nordeste II
5219902,São Francisco de Goiás,GO,52001,Central
5220009,São João d'Aliança,GO,52003,Entorno Norte
5220058,São João da Paraúna,GO,52010,Oeste II
5220108,São Luís de Montes Belos,GO,52010,Oeste II
5220157,São Luiz do Norte,GO,52013,São Patrício I
5220207,São Miguel do Araguaia,GO,52008,Norte
5220264,São Miguel do Passa Quatro,GO,52002,Centro Sul
5220280,São Patrício,GO,52013,São Patrício I
5220405,São Simão,GO,52015,Sudoeste I
5220454,Senador Canedo,GO,52002,Centro Sul
5220504,Serranópolis,GO,52016,Sudoeste II
5220603,Silvânia,GO,52002,Centro Sul
5220686,Simolândia,GO,52007,Nordeste II
5220702,Sítio d'Abadia,GO,52007,Nordeste II
5221007,Taquaral de Goiás,GO,52001,Central
5221080,Teresina de Goiás,GO,52006,Nordeste I
5221197,Terezópolis de Goiás,GO,52011,Pirineus
5221304,Três Ranchos,GO,52005,Estrada de Ferro
5221403,Trindade,GO,52001,Central
5221452,Trombas,GO,52008,Norte
5221502,Turvânia,GO,52010,Oeste II
5221551,Turvelândia,GO,52015,Sudoeste I
5221577,Uirapuru,GO,52013,São Patrício I
5221601,Uruaçu,GO,52014,Serra da Mesa
5221700,Uruana,GO,52013,São Patrício I
5221809,Urutaí,GO,52005,Estrada de Ferro
5221858,Valparaíso de Goiás,GO,52004,Entorno Sul
5221908,Varjão,GO,52002,Centro Sul
5222005,Vianópolis,GO,52002,Centro Sul
5222054,Vicentinópolis,GO,52002,Centro Sul
5222203,Vila Boa,GO,52003,Entorno Norte
5222302,Vila Propício,GO,52018,São Patrício II
5300108,Brasília,DF,53001,Distrito Federal
