release_id,geography_version,intelligence_version,radar_ruleset_version,decomposition_version,peer_method_version,health_region_code,health_region_name,uf,need_high,capacity_low,mismatch_marked_positive,capacity_component_low,spatial_hh_mismatch,zero_registered_beds,small_suicide_count,matched_signal_families,suicide_contribution,admissions_contribution,caps_contribution,beds_contribution,psychiatrist_contribution,decomposition_sum
MDB_ANALYTICAL_2024_2,BR_HEALTH_REGIONS_END2024_V1,MDB_TERRITORIAL_INTELLIGENCE_1.1,MDB_RADAR_RULESET_1.0,MDB_MISMATCH_DECOMPOSITION_1.0,MDB_PEER_METHOD_1.0,11001,Vale do Jamari,RO,False,True,False,True,False,True,False,2,0.029680365296803679,-0.085616438356164393,0.039573820395738202,0.062404870624048703,0.15296803652968036,0.19901065449010655
MDB_ANALYTICAL_2024_2,BR_HEALTH_REGIONS_END2024_V1,MDB_TERRITORIAL_INTELLIGENCE_1.1,MDB_RADAR_RULESET_1.0,MDB_MISMATCH_DECOMPOSITION_1.0,MDB_PEER_METHOD_1.0,11002,Café,RO,False,False,False,False,False,True,False,0,0.0057077625570776114,-0.047945205479452052,0.051750380517503802,0.062404870624048703,-0.106544901065449,-0.03462709284627094
MDB_ANALYTICAL_2024_2,BR_HEALTH_REGIONS_END2024_V1,MDB_TERRITORIAL_INTELLIGENCE_1.1,MDB_RADAR_RULESET_1.0,MDB_MISMATCH_DECOMPOSITION_1.0,MDB_PEER_METHOD_1.0,11003,Central,RO,False,False,False,True,True,False,False,2,0.038812785388127879,-0.03310502283105024,0.041095890410958902,-0.077625570776255717,0.10350076103500763,0.072678843226788456
MDB_ANALYTICAL_2024_2,BR_HEALTH_REGIONS_END2024_V1,MDB_TERRITORIAL_INTELLIGENCE_1.1,MDB_RADAR_RULESET_1.0,MDB_MISMATCH_DECOMPOSITION_1.0,MDB_PEER_METHOD_1.0,11004,Madeira-Mamoré,RO,False,False,False,True,False,True,False,1,-0.093607305936073054,0.087899543378995415,0.11796042617960426,0.062404870624048703,-0.13165905631659053,0.042998477929984791
MDB_ANALYTICAL_2024_2,BR_HEALTH_REGIONS_END2024_V1,MDB_TERRITORIAL_INTELLIGENCE_1.1,MDB_RADAR_RULESET_1.0,MDB_MISMATCH_DECOMPOSITION_1.0,MDB_PEER_METHOD_1.0,11005,Zona da Mata,RO,False,True,True,True,False,True,False,3,0.12100456621004568,0.051369863013698613,0.079147640791476404,0.062404870624048703,0.11567732115677323,0.42960426179604261
MDB_ANALYTICAL_2024_2,BR_HEALTH_REGIONS_END2024_V1,MDB_TERRITORIAL_INTELLIGENCE_1.1,MDB_RADAR_RULESET_1.0,MDB_MISMATCH_DECOMPOSITION_1.0,MDB_PEER_METHOD_1.0,11006,Cone Sul,RO,False,False,False,False,False,False,False,0,0.03538812785388129,0.10273972602739728,0.032724505327245058,-0.11872146118721461,-0.030441400304414001,0.021689497716895018
MDB_ANALYTICAL_2024_2,BR_HEALTH_REGIONS_END2024_V1,MDB_TERRITORIAL_INTELLIGENCE_1.1,MDB_RADAR_RULESET_1.0,MDB_MISMATCH_DECOMPOSITION_1.0,MDB_PEER_METHOD_1.0,11007,Vale do Guaporé,RO,False,True,True,True,False,True,False,3,0.16552511415525112,-0.14840182648401828,0.16590563165905631,0.062404870624048703,0.16438356164383561,0.40981735159817345
MDB_ANALYTICAL_2024_2,BR_HEALTH_REGIONS_END2024_V1,MDB_TERRITORIAL_INTELLIGENCE_1.1,MDB_RADAR_RULESET_1.0,MDB_MISMATCH_DECOMPOSITION_1.0,MDB_PEER_METHOD_1.0,12001,Alto Acre,AC,False,False,False,True,False,True,False,1,-0.03082191780821919,-0.13698630136986306,-0.073820395738203939,0.062404870624048703,0.16438356164383561,-0.014840182648401867
MDB_ANALYTICAL_2024_2,BR_HEALTH_REGIONS_END2024_V1,MDB_TERRITORIAL_INTELLIGENCE_1.1,MDB_RADAR_RULESET_1.0,MDB_MISMATCH_DECOMPOSITION_1.0,MDB_PEER_METHOD_1.0,12002,Baixo Acre e Purus,AC,True,False,True,True,False,False,False,3,0.1815068493150685,0.14611872146118721,0.13926940639269406,-0.10806697108066972,0.11719939117199392,0.47602739726027399
MDB_ANALYTICAL_2024_2,BR_HEALTH_REGIONS_END2024_V1,MDB_TERRITORIAL_INTELLIGENCE_1.1,MDB_RADAR_RULESET_1.0,MDB_MISMATCH_DECOMPOSITION_1.0,MDB_PEER_METHOD_1.0,12003,Juruá e Tarauacá/Envira,AC,False,False,False,True,True,True,False,2,0.12442922374429222,-0.087899543378995443,0.0015220700152207001,0.062404870624048703,0.13546423135464231,0.23592085235920848
MDB_ANALYTICAL_2024_2,BR_HEALTH_REGIONS_END2024_V1,MDB_TERRITORIAL_INTELLIGENCE_1.1,MDB_RADAR_RULESET_1.0,MDB_MISMATCH_DECOMPOSITION_1.0,MDB_PEER_METHOD_1.0,13001,"Manaus, Entorno e Alto Rio Negro",AM,False,True,False,True,False,True,False,2,-0.14611872146118721,-0.21689497716894979,0.15981735159817351,0.062404870624048703,0.12861491628614916,-0.012176560121765628
MDB_ANALYTICAL_2024_2,BR_HEALTH_REGIONS_END2024_V1,MDB_TERRITORIAL_INTELLIGENCE_1.1,MDB_RADAR_RULESET_1.0,MDB_MISMATCH_DECOMPOSITION_1.0,MDB_PEER_METHOD_1.0,13002,Rio Negro e Solimões,AM,False,True,False,True,False,True,False,2,-0.20547945205479451,-0.1769406392694064,0.088280060882800632,0.062404870624048703,0.13926940639269406,-0.092465753424657487
MDB_ANALYTICAL_2024_2,BR_HEALTH_REGIONS_END2024_V1,MDB_TERRITORIAL_INTELLIGENCE_1.1,MDB_RADAR_RULESET_1.0,MDB_MISMATCH_DECOMPOSITION_1.0,MDB_PEER_METHOD_1.0,13003,Rio Madeira,AM,False,False,False,True,False,True,False,1,-0.17922374429223745,-0.2363013698630137,-0.053272450532724516,0.062404870624048703,0.086757990867579918,-0.31963470319634707
MDB_ANALYTICAL_2024_2,BR_HEALTH_REGIONS_END2024_V1,MDB_TERRITORIAL_INTELLIGENCE_1.1,MDB_RADAR_RULESET_1.0,MDB_MISMATCH_DECOMPOSITION_1.0,MDB_PEER_METHOD_1.0,13004,Médio Amazonas,AM,False,True,False,True,False,True,False,2,-0.2134703196347032,-0.24200913242009134,0.16210045662100456,0.062404870624048703,0.14459665144596651,-0.08637747336377477
MDB_ANALYTICAL_2024_2,BR_HEALTH_REGIONS_END2024_V1,MDB_TERRITORIAL_INTELLIGENCE_1.1,MDB_RADAR_RULESET_1.0,MDB_MISMATCH_DECOMPOSITION_1.0,MDB_PEER_METHOD_1.0,13005,Baixo Amazonas,AM,False,True,True,True,False,True,False,3,0.16894977168949771,-0.089041095890410954,0.11415525114155252,0.062404870624048703,0.14383561643835616,0.40030441400304417
MDB_ANALYTICAL_2024_2,BR_HEALTH_REGIONS_END2024_V1,MDB_TERRITORIAL_INTELLIGENCE_1.1,MDB_RADAR_RULESET_1.0,MDB_MISMATCH_DECOMPOSITION_1.0,MDB_PEER_METHOD_1.0,13006,Regional Purus,AM,False,True,False,True,False,True,False,2,-0.19863013698630139,-0.2271689497716895,0.092846270928462718,0.062404870624048703,0.16438356164383561,-0.10616438356164387
MDB_ANALYTICAL_2024_2,BR_HEALTH_REGIONS_END2024_V1,MDB_TERRITORIAL_INTELLIGENCE_1.1,MDB_RADAR_RULESET_1.0,MDB_MISMATCH_DECOMPOSITION_1.0,MDB_PEER_METHOD_1.0,13007,Regional Juruá,AM,False,True,True,True,False,True,False,3,0.20205479452054792,-0.21461187214611877,0.075342465753424653,0.062404870624048703,0.15068493150684931,0.27587519025875185
MDB_ANALYTICAL_2024_2,BR_HEALTH_REGIONS_END2024_V1,MDB_TERRITORIAL_INTELLIGENCE_1.1,MDB_RADAR_RULESET_1.0,MDB_MISMATCH_DECOMPOSITION_1.0,MDB_PEER_METHOD_1.0,13008,Triângulo,AM,False,True,False,True,False,True,False,2,-0.01712328767123289,-0.24885844748858449,0.15753424657534246,0.062404870624048703,0.15905631659056316,0.11301369863013694
MDB_ANALYTICAL_2024_2,BR_HEALTH_REGIONS_END2024_V1,MDB_TERRITORIAL_INTELLIGENCE_1.1,MDB_RADAR_RULESET_1.0,MDB_MISMATCH_DECOMPOSITION_1.0,MDB_PEER_METHOD_1.0,13009,Alto Solimões,AM,False,True,True,True,False,True,False,3,0.24657534246575341,-0.25,0.16362252663622526,0.062404870624048703,0.16133942161339421,0.38394216133942161
MDB_ANALYTICAL_2024_2,BR_HEALTH_REGIONS_END2024_V1,MDB_TERRITORIAL_INTELLIGENCE_1.1,MDB_RADAR_RULESET_1.0,MDB_MISMATCH_DECOMPOSITION_1.0,MDB_PEER_METHOD_1.0,14001,Centro Norte,RR,False,False,False,False,False,False,False,0,0.05251141552511418,-0.1815068493150685,0.077625570776255703,-0.07990867579908674,-0.035768645357686459,-0.16704718417047179
MDB_ANALYTICAL_2024_2,BR_HEALTH_REGIONS_END2024_V1,MDB_TERRITORIAL_INTELLIGENCE_1.1,MDB_RADAR_RULESET_1.0,MDB_MISMATCH_DECOMPOSITION_1.0,MDB_PEER_METHOD_1.0,14002,Sul,RR,False,False,False,True,False,True,False,1,-0.13356164383561644,-0.2226027397260274,0.0022831050228310592,0.062404870624048703,0.13318112633181126,-0.15829528158295278
MDB_ANALYTICAL_2024_2,BR_HEALTH_REGIONS_END2024_V1,MDB_TERRITORIAL_INTELLIGENCE_1.1,MDB_RADAR_RULESET_1.0,MDB_MISMATCH_DECOMPOSITION_1.0,MDB_PEER_METHOD_1.0,15001,Araguaia,PA,False,False,False,True,False,True,False,1,0.068493150684931503,-0.083333333333333343,-0.034246575342465738,0.062404870624048703,0.13394216133942163,0.14726027397260277
MDB_ANALYTICAL_2024_2,BR_HEALTH_REGIONS_END2024_V1,MDB_TERRITORIAL_INTELLIGENCE_1.1,MDB_RADAR_RULESET_1.0,MDB_MISMATCH_DECOMPOSITION_1.0,MDB_PEER_METHOD_1.0,15002,Baixo Amazonas,PA,False,True,False,True,False,True,False,2,-0.03310502283105024,-0.2408675799086758,0.11567732115677323,0.062404870624048703,0.15372907153729071,0.05783866057838663
MDB_ANALYTICAL_2024_2,BR_HEALTH_REGIONS_END2024_V1,MDB_TERRITORIAL_INTELLIGENCE_1.1,MDB_RADAR_RULESET_1.0,MDB_MISMATCH_DECOMPOSITION_1.0,MDB_PEER_METHOD_1.0,15003,Carajás,PA,False,False,False,True,False,False,False,1,-0.1095890410958904,-0.1050228310502283,0.12557077625570776,-0.056316590563165916,0.13622526636225266,-0.0091324200913242282
MDB_ANALYTICAL_2024_2,BR_HEALTH_REGIONS_END2024_V1,MDB_TERRITORIAL_INTELLIGENCE_1.1,MDB_RADAR_RULESET_1.0,MDB_MISMATCH_DECOMPOSITION_1.0,MDB_PEER_METHOD_1.0,15004,Lago de Tucuruí,PA,False,False,False,True,False,True,False,1,-0.11643835616438356,-0.22602739726027399,0.025875190258751901,0.062404870624048703,0.14003044140030443,-0.11415525114155253
MDB_ANALYTICAL_2024_2,BR_HEALTH_REGIONS_END2024_V1,MDB_TERRITORIAL_INTELLIGENCE_1.1,MDB_RADAR_RULESET_1.0,MDB_MISMATCH_DECOMPOSITION_1.0,MDB_PEER_METHOD_1.0,15006,Metropolitana I,PA,False,True,False,True,False,True,False,2,-0.23059360730593609,0.011415525114155278,0.15449010654490106,0.062404870624048703,0.10654490106544903,0.10426179604261798
MDB_ANALYTICAL_2024_2,BR_HEALTH_REGIONS_END2024_V1,MDB_TERRITORIAL_INTELLIGENCE_1.1,MDB_RADAR_RULESET_1.0,MDB_MISMATCH_DECOMPOSITION_1.0,MDB_PEER_METHOD_1.0,15007,Metropolitana II,PA,False,False,False,True,False,True,False,1,-0.22831050228310501,-0.1495433789954338,-0.008371385083713859,0.062404870624048703,0.14307458143074583,-0.18074581430745815
MDB_ANALYTICAL_2024_2,BR_HEALTH_REGIONS_END2024_V1,MDB_TERRITORIAL_INTELLIGENCE_1.1,MDB_RADAR_RULESET_1.0,MDB_MISMATCH_DECOMPOSITION_1.0,MDB_PEER_METHOD_1.0,15008,Metropolitana III,PA,False,False,False,True,False,True,False,1,-0.1860730593607306,-0.15068493150684936,0.030441400304414001,0.062404870624048703,0.14687975646879756,-0.097031963470319699
MDB_ANALYTICAL_2024_2,BR_HEALTH_REGIONS_END2024_V1,MDB_TERRITORIAL_INTELLIGENCE_1.1,MDB_RADAR_RULESET_1.0,MDB_MISMATCH_DECOMPOSITION_1.0,MDB_PEER_METHOD_1.0,15009,Rio Caetés,PA,False,False,False,True,False,False,False,1,-0.21917808219178081,0.050228310502283102,-0.0015220700152207185,-0.13013698630136986,0.11643835616438356,-0.18417047184170474
MDB_ANALYTICAL_2024_2,BR_HEALTH_REGIONS_END2024_V1,MDB_TERRITORIAL_INTELLIGENCE_1.1,MDB_RADAR_RULESET_1.0,MDB_MISMATCH_DECOMPOSITION_1.0,MDB_PEER_METHOD_1.0,15010,Tapajós,PA,False,True,False,True,False,True,False,2,0.033105022831050213,-0.23972602739726029,0.12176560121765603,0.062404870624048703,0.15449010654490106,0.13203957382039572
MDB_ANALYTICAL_2024_2,BR_HEALTH_REGIONS_END2024_V1,MDB_TERRITORIAL_INTELLIGENCE_1.1,MDB_RADAR_RULESET_1.0,MDB_MISMATCH_DECOMPOSITION_1.0,MDB_PEER_METHOD_1.0,15011,Tocantins,PA,False,True,False,True,False,True,False,2,-0.20205479452054795,-0.17808219178082196,0.084474885844748854,0.062404870624048703,0.15981735159817351,-0.073439878234398903
MDB_ANALYTICAL_2024_2,BR_HEALTH_REGIONS_END2024_V1,MDB_TERRITORIAL_INTELLIGENCE_1.1,MDB_RADAR_RULESET_1.0,MDB_MISMATCH_DECOMPOSITION_1.0,MDB_PEER_METHOD_1.0,15012,Xingu,PA,False,False,False,True,False,True,False,1,-0.14269406392694065,-0.22374429223744297,-0.027397260273972601,0.062404870624048703,0.14231354642313546,-0.18911719939117203
MDB_ANALYTICAL_2024_2,BR_HEALTH_REGIONS_END2024_V1,MDB_TERRITORIAL_INTELLIGENCE_1.1,MDB_RADAR_RULESET_1.0,MDB_MISMATCH_DECOMPOSITION_1.0,MDB_PEER_METHOD_1.0,15013,Marajó I,PA,False,True,False,True,False,True,False,2,-0.2317351598173516,-0.23515981735159819,0.16286149162861491,0.062404870624048703,0.16438356164383561,-0.07724505327245057
MDB_ANALYTICAL_2024_2,BR_HEALTH_REGIONS_END2024_V1,MDB_TERRITORIAL_INTELLIGENCE_1.1,MDB_RADAR_RULESET_1.0,MDB_MISMATCH_DECOMPOSITION_1.0,MDB_PEER_METHOD_1.0,15014,Marajó II,PA,False,True,False,True,False,True,False,2,-0.1632420091324201,-0.22831050228310504,0.081430745814307454,0.062404870624048703,0.15220700152207001,-0.095509893455099026
MDB_ANALYTICAL_2024_2,BR_HEALTH_REGIONS_END2024_V1,MDB_TERRITORIAL_INTELLIGENCE_1.1,MDB_RADAR_RULESET_1.0,MDB_MISMATCH_DECOMPOSITION_1.0,MDB_PEER_METHOD_1.0,16001,Área Central,AP,False,True,False,True,False,True,False,2,0.037671232876712313,-0.22488584474885845,0.13774733637747336,0.062404870624048703,0.098934550989345518,0.11187214611872144
MDB_ANALYTICAL_2024_2,BR_HEALTH_REGIONS_END2024_V1,MDB_TERRITORIAL_INTELLIGENCE_1.1,MDB_RADAR_RULESET_1.0,MDB_MISMATCH_DECOMPOSITION_1.0,MDB_PEER_METHOD_1.0,16002,Área Norte,AP,False,True,True,True,False,True,False,3,0.18264840182648401,-0.16552511415525115,0.076103500761035003,0.062404870624048703,0.16438356164383561,0.3200152207001522
MDB_ANALYTICAL_2024_2,BR_HEALTH_REGIONS_END2024_V1,MDB_TERRITORIAL_INTELLIGENCE_1.1,MDB_RADAR_RULESET_1.0,MDB_MISMATCH_DECOMPOSITION_1.0,MDB_PEER_METHOD_1.0,16003,Área Sudoeste,AP,False,False,False,True,False,True,False,1,-0.11757990867579909,-0.24657534246575344,-0.0068493150684931408,0.062404870624048703,0.12633181126331811,-0.18226788432267887
MDB_ANALYTICAL_2024_2,BR_HEALTH_REGIONS_END2024_V1,MDB_TERRITORIAL_INTELLIGENCE_1.1,MDB_RADAR_RULESET_1.0,MDB_MISMATCH_DECOMPOSITION_1.0,MDB_PEER_METHOD_1.0,17001,Médio Norte Araguaia,TO,False,False,False,True,False,False,False,1,0.054794520547945202,-0.010273972602739739,0.089802130898021318,-0.11491628614916286,-0.12709284627092846,-0.10768645357686452
MDB_ANALYTICAL_2024_2,BR_HEALTH_REGIONS_END2024_V1,MDB_TERRITORIAL_INTELLIGENCE_1.1,MDB_RADAR_RULESET_1.0,MDB_MISMATCH_DECOMPOSITION_1.0,MDB_PEER_METHOD_1.0,17002,Bico do Papagaio,TO,False,False,False,False,False,True,False,0,-0.13013698630136988,-0.19748858447488585,-0.090563165905631654,0.062404870624048703,0.018264840182648401,-0.33751902587519028
MDB_ANALYTICAL_2024_2,BR_HEALTH_REGIONS_END2024_V1,MDB_TERRITORIAL_INTELLIGENCE_1.1,MDB_RADAR_RULESET_1.0,MDB_MISMATCH_DECOMPOSITION_1.0,MDB_PEER_METHOD_1.0,17003,Sudeste,TO,False,False,False,True,False,True,False,1,0.21004566210045661,-0.1723744292237443,-0.025875190258751918,0.062404870624048703,0.14764079147640791,0.22184170471841702
MDB_ANALYTICAL_2024_2,BR_HEALTH_REGIONS_END2024_V1,MDB_TERRITORIAL_INTELLIGENCE_1.1,MDB_RADAR_RULESET_1.0,MDB_MISMATCH_DECOMPOSITION_1.0,MDB_PEER_METHOD_1.0,17004,Cerrado Tocantins Araguaia,TO,False,False,False,False,False,True,False,0,0.18493150684931509,-0.17579908675799089,0.016742770167427701,0.062404870624048703,-0.0038051750380517406,0.084474885844748868
MDB_ANALYTICAL_2024_2,BR_HEALTH_REGIONS_END2024_V1,MDB_TERRITORIAL_INTELLIGENCE_1.1,MDB_RADAR_RULESET_1.0,MDB_MISMATCH_DECOMPOSITION_1.0,MDB_PEER_METHOD_1.0,17005,Ilha do Bananal,TO,False,False,False,False,True,True,False,1,0.13127853881278539,-0.0079908675799086892,0.049467275494672759,0.062404870624048703,-0.15144596651445966,0.083713850837138504
MDB_ANALYTICAL_2024_2,BR_HEALTH_REGIONS_END2024_V1,MDB_TERRITORIAL_INTELLIGENCE_1.1,MDB_RADAR_RULESET_1.0,MDB_MISMATCH_DECOMPOSITION_1.0,MDB_PEER_METHOD_1.0,17006,Capim Dourado,TO,False,False,False,True,True,False,False,2,0.078767123287671215,0.039954337899543391,0.13089802130898023,-0.099695585996955854,-0.10273972602739725,0.04718417047184173
MDB_ANALYTICAL_2024_2,BR_HEALTH_REGIONS_END2024_V1,MDB_TERRITORIAL_INTELLIGENCE_1.1,MDB_RADAR_RULESET_1.0,MDB_MISMATCH_DECOMPOSITION_1.0,MDB_PEER_METHOD_1.0,17007,Cantão,TO,False,True,True,True,False,True,False,3,0.17922374429223742,-0.063926940639269403,0.15296803652968036,0.062404870624048703,0.12024353120243532,0.45091324200913241
MDB_ANALYTICAL_2024_2,BR_HEALTH_REGIONS_END2024_V1,MDB_TERRITORIAL_INTELLIGENCE_1.1,MDB_RADAR_RULESET_1.0,MDB_MISMATCH_DECOMPOSITION_1.0,MDB_PEER_METHOD_1.0,17008,Amor Perfeito,TO,False,True,True,True,False,True,False,3,0.16438356164383561,-0.029680365296803651,0.14916286149162863,0.062404870624048703,0.12709284627092846,0.47336377473363778
MDB_ANALYTICAL_2024_2,BR_HEALTH_REGIONS_END2024_V1,MDB_TERRITORIAL_INTELLIGENCE_1.1,MDB_RADAR_RULESET_1.0,MDB_MISMATCH_DECOMPOSITION_1.0,MDB_PEER_METHOD_1.0,21001,Açailândia,MA,False,False,False,False,False,True,False,0,-0.027397260273972601,-0.1632420091324201,-0.026636225266362258,0.062404870624048703,0.063165905631659053,-0.091704718417047193
MDB_ANALYTICAL_2024_2,BR_HEALTH_REGIONS_END2024_V1,MDB_TERRITORIAL_INTELLIGENCE_1.1,MDB_RADAR_RULESET_1.0,MDB_MISMATCH_DECOMPOSITION_1.0,MDB_PEER_METHOD_1.0,21002,Bacabal,MA,False,False,False,True,False,True,False,1,-0.055936073059360741,-0.045662100456621002,0.019025875190258758,0.062404870624048703,0.084474885844748854,0.064307458143074564
MDB_ANALYTICAL_2024_2,BR_HEALTH_REGIONS_END2024_V1,MDB_TERRITORIAL_INTELLIGENCE_1.1,MDB_RADAR_RULESET_1.0,MDB_MISMATCH_DECOMPOSITION_1.0,MDB_PEER_METHOD_1.0,21003,Balsas,MA,False,True,False,True,False,True,False,2,0.0091324200913242004,-0.21232876712328769,0.10882800608828005,0.062404870624048703,0.12328767123287672,0.09132420091324199
MDB_ANALYTICAL_2024_2,BR_HEALTH_REGIONS_END2024_V1,MDB_TERRITORIAL_INTELLIGENCE_1.1,MDB_RADAR_RULESET_1.0,MDB_MISMATCH_DECOMPOSITION_1.0,MDB_PEER_METHOD_1.0,21004,Barra do Corda,MA,False,False,False,True,False,True,False,1,-0.12214611872146119,-0.16438356164383566,0.037290715372907159,0.062404870624048703,0.093607305936073054,-0.093226788432267949
MDB_ANALYTICAL_2024_2,BR_HEALTH_REGIONS_END2024_V1,MDB_TERRITORIAL_INTELLIGENCE_1.1,MDB_RADAR_RULESET_1.0,MDB_MISMATCH_DECOMPOSITION_1.0,MDB_PEER_METHOD_1.0,21005,Caxias,MA,False,False,False,True,False,True,False,1,0.03082191780821919,-0.17922374429223745,-0.099695585996955854,0.062404870624048703,0.098173515981735154,-0.087519025875190254
MDB_ANALYTICAL_2024_2,BR_HEALTH_REGIONS_END2024_V1,MDB_TERRITORIAL_INTELLIGENCE_1.1,MDB_RADAR_RULESET_1.0,MDB_MISMATCH_DECOMPOSITION_1.0,MDB_PEER_METHOD_1.0,21006,Chapadinha,MA,False,True,False,True,False,True,False,2,-0.24200913242009131,-0.13470319634703198,0.16438356164383561,0.062404870624048703,0.12937595129375951,-0.020547945205479479
MDB_ANALYTICAL_2024_2,BR_HEALTH_REGIONS_END2024_V1,MDB_TERRITORIAL_INTELLIGENCE_1.1,MDB_RADAR_RULESET_1.0,MDB_MISMATCH_DECOMPOSITION_1.0,MDB_PEER_METHOD_1.0,21007,Codó,MA,False,False,False,False,False,True,False,0,-0.17123287671232879,0.020547945205479479,0.038051750380517502,0.062404870624048703,0.05859969558599696,0.0083713850837138573
MDB_ANALYTICAL_2024_2,BR_HEALTH_REGIONS_END2024_V1,MDB_TERRITORIAL_INTELLIGENCE_1.1,MDB_RADAR_RULESET_1.0,MDB_MISMATCH_DECOMPOSITION_1.0,MDB_PEER_METHOD_1.0,21008,Imperatriz,MA,False,False,False,False,False,True,False,0,-0.083333333333333343,-0.2134703196347032,0.054033485540334859,0.062404870624048703,0.052511415525114159,-0.12785388127853886
MDB_ANALYTICAL_2024_2,BR_HEALTH_REGIONS_END2024_V1,MDB_TERRITORIAL_INTELLIGENCE_1.1,MDB_RADAR_RULESET_1.0,MDB_MISMATCH_DECOMPOSITION_1.0,MDB_PEER_METHOD_1.0,21009,Itapecuru Mirim,MA,False,False,False,True,False,True,False,1,-0.22488584474885845,-0.0091324200913242004,0.096651445966514454,0.062404870624048703,0.069254185692541853,-0.0057077625570776391
MDB_ANALYTICAL_2024_2,BR_HEALTH_REGIONS_END2024_V1,MDB_TERRITORIAL_INTELLIGENCE_1.1,MDB_RADAR_RULESET_1.0,MDB_MISMATCH_DECOMPOSITION_1.0,MDB_PEER_METHOD_1.0,21010,Pedreiras,MA,False,False,False,True,False,True,False,1,-0.21575342465753425,-0.043378995433789952,-0.080669710806697117,0.062404870624048703,0.10882800608828005,-0.16856925418569255
MDB_ANALYTICAL_2024_2,BR_HEALTH_REGIONS_END2024_V1,MDB_TERRITORIAL_INTELLIGENCE_1.1,MDB_RADAR_RULESET_1.0,MDB_MISMATCH_DECOMPOSITION_1.0,MDB_PEER_METHOD_1.0,21011,Pinheiro,MA,False,False,False,True,False,True,False,1,-0.23972602739726029,-0.086757990867579904,-0.094368340943683404,0.062404870624048703,0.13470319634703196,-0.22374429223744294
MDB_ANALYTICAL_2024_2,BR_HEALTH_REGIONS_END2024_V1,MDB_TERRITORIAL_INTELLIGENCE_1.1,MDB_RADAR_RULESET_1.0,MDB_MISMATCH_DECOMPOSITION_1.0,MDB_PEER_METHOD_1.0,21012,Presidente Dutra,MA,False,False,False,True,False,True,False,1,-0.11301369863013699,-0.052511415525114152,-0.10882800608828005,0.062404870624048703,0.10426179604261795,-0.10768645357686454
MDB_ANALYTICAL_2024_2,BR_HEALTH_REGIONS_END2024_V1,MDB_TERRITORIAL_INTELLIGENCE_1.1,MDB_RADAR_RULESET_1.0,MDB_MISMATCH_DECOMPOSITION_1.0,MDB_PEER_METHOD_1.0,21013,Rosário,MA,False,False,False,False,False,True,False,0,-0.22945205479452055,0.0022831050228310779,0.00076103500761035925,0.062404870624048703,0.066971080669710803,-0.097031963470319615
MDB_ANALYTICAL_2024_2,BR_HEALTH_REGIONS_END2024_V1,MDB_TERRITORIAL_INTELLIGENCE_1.1,MDB_RADAR_RULESET_1.0,MDB_MISMATCH_DECOMPOSITION_1.0,MDB_PEER_METHOD_1.0,21014,Santa Inês,MA,False,True,False,True,False,True,False,2,-0.20776255707762559,0.025114155251141579,0.14459665144596651,0.062404870624048703,0.13242009132420091,0.15677321156773211
MDB_ANALYTICAL_2024_2,BR_HEALTH_REGIONS_END2024_V1,MDB_TERRITORIAL_INTELLIGENCE_1.1,MDB_RADAR_RULESET_1.0,MDB_MISMATCH_DECOMPOSITION_1.0,MDB_PEER_METHOD_1.0,21015,São João dos Patos,MA,False,False,False,True,False,True,False,1,0.045662100456621002,-0.14383561643835618,-0.11567732115677321,0.062404870624048703,0.088280060882800632,-0.063165905631659053
MDB_ANALYTICAL_2024_2,BR_HEALTH_REGIONS_END2024_V1,MDB_TERRITORIAL_INTELLIGENCE_1.1,MDB_RADAR_RULESET_1.0,MDB_MISMATCH_DECOMPOSITION_1.0,MDB_PEER_METHOD_1.0,21016,São Luís,MA,False,False,False,True,False,True,False,1,-0.21004566210045661,0.22945205479452052,0.16133942161339421,0.062404870624048703,-0.044901065449010659,0.19824961948249617
MDB_ANALYTICAL_2024_2,BR_HEALTH_REGIONS_END2024_V1,MDB_TERRITORIAL_INTELLIGENCE_1.1,MDB_RADAR_RULESET_1.0,MDB_MISMATCH_DECOMPOSITION_1.0,MDB_PEER_METHOD_1.0,21017,Timon,MA,False,False,False,True,False,True,False,1,-0.0091324200913242004,-0.070776255707762553,0.015981735159817358,0.062404870624048703,0.10578386605783865,0.10426179604261795
MDB_ANALYTICAL_2024_2,BR_HEALTH_REGIONS_END2024_V1,MDB_TERRITORIAL_INTELLIGENCE_1.1,MDB_RADAR_RULESET_1.0,MDB_MISMATCH_DECOMPOSITION_1.0,MDB_PEER_METHOD_1.0,21018,Viana,MA,False,False,False,True,False,True,False,1,-0.2180365296803653,-0.062785388127853892,-0.09817351598173514,0.062404870624048703,0.13165905631659056,-0.18493150684931506
MDB_ANALYTICAL_2024_2,BR_HEALTH_REGIONS_END2024_V1,MDB_TERRITORIAL_INTELLIGENCE_1.1,MDB_RADAR_RULESET_1.0,MDB_MISMATCH_DECOMPOSITION_1.0,MDB_PEER_METHOD_1.0,21019,Zé Doca,MA,False,True,False,True,False,True,False,2,-0.094748858447488593,0.018264840182648401,0.12252663622526636,0.062404870624048703,0.095890410958904118,0.204337899543379
MDB_ANALYTICAL_2024_2,BR_HEALTH_REGIONS_END2024_V1,MDB_TERRITORIAL_INTELLIGENCE_1.1,MDB_RADAR_RULESET_1.0,MDB_MISMATCH_DECOMPOSITION_1.0,MDB_PEER_METHOD_1.0,22001,Carnaubais,PI,False,False,False,True,False,True,False,1,0.19406392694063929,-0.14155251141552516,-0.049467275494672738,0.062404870624048703,0.10502283105022832,0.17047184170471841
MDB_ANALYTICAL_2024_2,BR_HEALTH_REGIONS_END2024_V1,MDB_TERRITORIAL_INTELLIGENCE_1.1,MDB_RADAR_RULESET_1.0,MDB_MISMATCH_DECOMPOSITION_1.0,MDB_PEER_METHOD_1.0,22002,Chapada das Mangabeiras,PI,False,False,False,True,False,False,False,1,0.12557077625570778,-0.23287671232876714,-0.10730593607305934,-0.12785388127853881,0.14611872146118723,-0.19634703196347028
MDB_ANALYTICAL_2024_2,BR_HEALTH_REGIONS_END2024_V1,MDB_TERRITORIAL_INTELLIGENCE_1.1,MDB_RADAR_RULESET_1.0,MDB_MISMATCH_DECOMPOSITION_1.0,MDB_PEER_METHOD_1.0,22003,Cocais,PI,False,False,False,True,False,True,False,1,0.10159817351598172,-0.17123287671232879,-0.018264840182648401,0.062404870624048703,0.11263318112633183,0.087138508371385065
MDB_ANALYTICAL_2024_2,BR_HEALTH_REGIONS_END2024_V1,MDB_TERRITORIAL_INTELLIGENCE_1.1,MDB_RADAR_RULESET_1.0,MDB_MISMATCH_DECOMPOSITION_1.0,MDB_PEER_METHOD_1.0,22004,Entre Rios,PI,False,False,False,True,False,False,False,1,-0.02168949771689499,0.034246575342465779,0.10273972602739725,-0.06012176560121766,-0.070015220700152203,-0.014840182648401819
MDB_ANALYTICAL_2024_2,BR_HEALTH_REGIONS_END2024_V1,MDB_TERRITORIAL_INTELLIGENCE_1.1,MDB_RADAR_RULESET_1.0,MDB_MISMATCH_DECOMPOSITION_1.0,MDB_PEER_METHOD_1.0,22005,Planície Litorânea,PI,False,False,False,False,False,True,False,0,-0.066210045662100453,0.21461187214611871,0.044901065449010659,0.062404870624048703,-0.041856925418569259,0.21385083713850836
MDB_ANALYTICAL_2024_2,BR_HEALTH_REGIONS_END2024_V1,MDB_TERRITORIAL_INTELLIGENCE_1.1,MDB_RADAR_RULESET_1.0,MDB_MISMATCH_DECOMPOSITION_1.0,MDB_PEER_METHOD_1.0,22006,Serra da Capivara,PI,False,False,False,True,False,False,False,1,0.1541095890410959,-0.18721461187214616,0.11035007610350075,-0.14459665144596651,0.085235920852359232,0.017884322678843212
MDB_ANALYTICAL_2024_2,BR_HEALTH_REGIONS_END2024_V1,MDB_TERRITORIAL_INTELLIGENCE_1.1,MDB_RADAR_RULESET_1.0,MDB_MISMATCH_DECOMPOSITION_1.0,MDB_PEER_METHOD_1.0,22007,Tabuleiros do Alto Parnaíba,PI,False,False,False,True,False,True,False,1,-0.0045662100456621002,-0.12899543378995434,0.025114155251141558,0.062404870624048703,0.10197869101978692,0.055936073059360727
MDB_ANALYTICAL_2024_2,BR_HEALTH_REGIONS_END2024_V1,MDB_TERRITORIAL_INTELLIGENCE_1.1,MDB_RADAR_RULESET_1.0,MDB_MISMATCH_DECOMPOSITION_1.0,MDB_PEER_METHOD_1.0,22008,Vale do Canindé,PI,False,False,False,False,False,True,False,0,0.2089041095890411,-0.10159817351598174,-0.077625570776255717,0.062404870624048703,0.081430745814307454,0.17351598173515981
MDB_ANALYTICAL_2024_2,BR_HEALTH_REGIONS_END2024_V1,MDB_TERRITORIAL_INTELLIGENCE_1.1,MDB_RADAR_RULESET_1.0,MDB_MISMATCH_DECOMPOSITION_1.0,MDB_PEER_METHOD_1.0,22009,Vale do Rio Guaribas,PI,False,False,True,True,False,True,False,2,0.23401826484018262,-0.12785388127853886,0.047184170471841702,0.062404870624048703,0.13089802130898023,0.34665144596651443
MDB_ANALYTICAL_2024_2,BR_HEALTH_REGIONS_END2024_V1,MDB_TERRITORIAL_INTELLIGENCE_1.1,MDB_RADAR_RULESET_1.0,MDB_MISMATCH_DECOMPOSITION_1.0,MDB_PEER_METHOD_1.0,22010,Vale do Sambito,PI,False,False,False,False,False,True,False,0,0.2226027397260274,-0.1449771689497717,-0.14992389649923893,0.062404870624048703,-0.089802130898021318,-0.099695585996955841
MDB_ANALYTICAL_2024_2,BR_HEALTH_REGIONS_END2024_V1,MDB_TERRITORIAL_INTELLIGENCE_1.1,MDB_RADAR_RULESET_1.0,MDB_MISMATCH_DECOMPOSITION_1.0,MDB_PEER_METHOD_1.0,22011,Vale dos Rios Piauí e Itaueiras,PI,False,False,False,True,False,True,False,1,0.16210045662100458,-0.15182648401826485,-0.043378995433789938,0.062404870624048703,0.085996955859969554,0.11529680365296806
MDB_ANALYTICAL_2024_2,BR_HEALTH_REGIONS_END2024_V1,MDB_TERRITORIAL_INTELLIGENCE_1.1,MDB_RADAR_RULESET_1.0,MDB_MISMATCH_DECOMPOSITION_1.0,MDB_PEER_METHOD_1.0,22012,Chapada Vale do Rio Itaim,PI,False,False,False,True,False,False,False,1,0.23515981735159819,-0.081050228310502292,-0.14611872146118721,-0.10426179604261794,0.15829528158295281,0.062024353120243556
MDB_ANALYTICAL_2024_2,BR_HEALTH_REGIONS_END2024_V1,MDB_TERRITORIAL_INTELLIGENCE_1.1,MDB_RADAR_RULESET_1.0,MDB_MISMATCH_DECOMPOSITION_1.0,MDB_PEER_METHOD_1.0,23001,1ª RS Fortaleza,CE,False,False,False,True,False,False,False,1,-0.1449771689497717,0.13242009132420091,0.085996955859969554,-0.063926940639269403,-0.01902587519025874,-0.0095129375951293789
MDB_ANALYTICAL_2024_2,BR_HEALTH_REGIONS_END2024_V1,MDB_TERRITORIAL_INTELLIGENCE_1.1,MDB_RADAR_RULESET_1.0,MDB_MISMATCH_DECOMPOSITION_1.0,MDB_PEER_METHOD_1.0,23011,5ª  RS Sobral,CE,False,False,False,False,False,False,False,0,0.051369863013698613,-0.051369863013698641,-0.1035007610350076,-0.068493150684931517,0.031963470319634701,-0.14003044140030446
MDB_ANALYTICAL_2024_2,BR_HEALTH_REGIONS_END2024_V1,MDB_TERRITORIAL_INTELLIGENCE_1.1,MDB_RADAR_RULESET_1.0,MDB_MISMATCH_DECOMPOSITION_1.0,MDB_PEER_METHOD_1.0,23023,2ª RS Cariri,CE,False,False,False,False,False,False,False,0,0.089041095890410982,-0.054794520547945202,-0.076103500761035003,-0.054794520547945202,-0.057838660578386603,-0.15449010654490103
MDB_ANALYTICAL_2024_2,BR_HEALTH_REGIONS_END2024_V1,MDB_TERRITORIAL_INTELLIGENCE_1.1,MDB_RADAR_RULESET_1.0,MDB_MISMATCH_DECOMPOSITION_1.0,MDB_PEER_METHOD_1.0,23024,3ª RS Sertão Central,CE,False,False,False,False,False,False,False,0,0.12328767123287671,0.097031963470319615,-0.10578386605783865,-0.086757990867579918,0.026636225266362258,0.054414003044140007
MDB_ANALYTICAL_2024_2,BR_HEALTH_REGIONS_END2024_V1,MDB_TERRITORIAL_INTELLIGENCE_1.1,MDB_RADAR_RULESET_1.0,MDB_MISMATCH_DECOMPOSITION_1.0,MDB_PEER_METHOD_1.0,23025,4ª RS Litoral Leste/Jaguaribe,CE,False,False,False,False,False,True,False,0,0.022831050228310501,0.028538812785388112,-0.07686453576864534,0.062404870624048703,0.042617960426179602,0.079528158295281579
MDB_ANALYTICAL_2024_2,BR_HEALTH_REGIONS_END2024_V1,MDB_TERRITORIAL_INTELLIGENCE_1.1,MDB_RADAR_RULESET_1.0,MDB_MISMATCH_DECOMPOSITION_1.0,MDB_PEER_METHOD_1.0,24001,1ª Região de Saúde - São José de Mipibu,RN,False,False,False,False,False,True,False,0,-0.18493150684931509,0.054794520547945202,0.070015220700152203,0.062404870624048703,-0.054033485540334859,-0.051750380517503837
MDB_ANALYTICAL_2024_2,BR_HEALTH_REGIONS_END2024_V1,MDB_TERRITORIAL_INTELLIGENCE_1.1,MDB_RADAR_RULESET_1.0,MDB_MISMATCH_DECOMPOSITION_1.0,MDB_PEER_METHOD_1.0,24002,2ª Região de Saúde - Mossoró,RN,False,False,False,False,False,True,False,0,0.015981735159817378,0.075342465753424681,0.018264840182648401,0.062404870624048703,-0.087519025875190254,0.084474885844748909
MDB_ANALYTICAL_2024_2,BR_HEALTH_REGIONS_END2024_V1,MDB_TERRITORIAL_INTELLIGENCE_1.1,MDB_RADAR_RULESET_1.0,MDB_MISMATCH_DECOMPOSITION_1.0,MDB_PEER_METHOD_1.0,24003,3ª Região de Saúde - João Câmara,RN,False,False,False,False,False,True,False,0,-0.18036529680365299,0.077625570776255703,0.0045662100456621002,0.062404870624048703,-0.07686453576864534,-0.11263318112633182
MDB_ANALYTICAL_2024_2,BR_HEALTH_REGIONS_END2024_V1,MDB_TERRITORIAL_INTELLIGENCE_1.1,MDB_RADAR_RULESET_1.0,MDB_MISMATCH_DECOMPOSITION_1.0,MDB_PEER_METHOD_1.0,24004,4ª Região de Saúde - Caicó,RN,False,False,False,False,False,True,False,0,0.15525114155251141,-0.084474885844748854,-0.032724505327245058,0.062404870624048703,-0.06012176560121766,0.040334855403348545
MDB_ANALYTICAL_2024_2,BR_HEALTH_REGIONS_END2024_V1,MDB_TERRITORIAL_INTELLIGENCE_1.1,MDB_RADAR_RULESET_1.0,MDB_MISMATCH_DECOMPOSITION_1.0,MDB_PEER_METHOD_1.0,24005,5ª Região de Saúde - Santa Cruz,RN,False,False,False,False,False,True,False,0,-0.13926940639269408,-0.0022831050228310501,-0.067732115677321139,0.062404870624048703,0.035007610350076102,-0.11187214611872148
MDB_ANALYTICAL_2024_2,BR_HEALTH_REGIONS_END2024_V1,MDB_TERRITORIAL_INTELLIGENCE_1.1,MDB_RADAR_RULESET_1.0,MDB_MISMATCH_DECOMPOSITION_1.0,MDB_PEER_METHOD_1.0,24006,6ª Região de Saúde - Pau dos Ferros,RN,False,False,False,False,False,True,False,0,0.055936073059360714,-0.093607305936073054,-0.047184170471841716,0.062404870624048703,0.054033485540334859,0.031582952815829506
MDB_ANALYTICAL_2024_2,BR_HEALTH_REGIONS_END2024_V1,MDB_TERRITORIAL_INTELLIGENCE_1.1,MDB_RADAR_RULESET_1.0,MDB_MISMATCH_DECOMPOSITION_1.0,MDB_PEER_METHOD_1.0,24007,7ª Região de Saúde - Metropolitana,RN,False,False,False,True,False,False,False,1,-0.16095890410958905,0.12442922374429222,0.11872146118721463,-0.062404870624048717,-0.13394216133942161,-0.11415525114155252
MDB_ANALYTICAL_2024_2,BR_HEALTH_REGIONS_END2024_V1,MDB_TERRITORIAL_INTELLIGENCE_1.1,MDB_RADAR_RULESET_1.0,MDB_MISMATCH_DECOMPOSITION_1.0,MDB_PEER_METHOD_1.0,24008,8ª Região de Saúde - Açu,RN,False,True,False,True,False,True,False,2,-0.1723744292237443,-0.14726027397260275,0.15905631659056316,0.062404870624048703,0.073820395738203953,-0.024353120243531201
MDB_ANALYTICAL_2024_2,BR_HEALTH_REGIONS_END2024_V1,MDB_TERRITORIAL_INTELLIGENCE_1.1,MDB_RADAR_RULESET_1.0,MDB_MISMATCH_DECOMPOSITION_1.0,MDB_PEER_METHOD_1.0,25001,1ª Região Mata Atlântica,PB,False,False,False,True,False,True,False,1,-0.15753424657534248,-0.02397260273972604,0.10578386605783865,0.062404870624048703,-0.12861491628614913,-0.1419330289193303
MDB_ANALYTICAL_2024_2,BR_HEALTH_REGIONS_END2024_V1,MDB_TERRITORIAL_INTELLIGENCE_1.1,MDB_RADAR_RULESET_1.0,MDB_MISMATCH_DECOMPOSITION_1.0,MDB_PEER_METHOD_1.0,25002,2ª Região,PB,False,False,False,False,False,True,False,0,-0.21118721461187215,-0.015981735159817351,-0.15296803652968033,0.062404870624048703,-0.01293759512937594,-0.33066971080669705
MDB_ANALYTICAL_2024_2,BR_HEALTH_REGIONS_END2024_V1,MDB_TERRITORIAL_INTELLIGENCE_1.1,MDB_RADAR_RULESET_1.0,MDB_MISMATCH_DECOMPOSITION_1.0,MDB_PEER_METHOD_1.0,25003,3ª Região,PB,True,False,True,False,False,True,False,2,0.069634703196347014,0.18264840182648401,-0.098934550989345518,0.062404870624048703,0.053272450532724502,0.26902587519025872
MDB_ANALYTICAL_2024_2,BR_HEALTH_REGIONS_END2024_V1,MDB_TERRITORIAL_INTELLIGENCE_1.1,MDB_RADAR_RULESET_1.0,MDB_MISMATCH_DECOMPOSITION_1.0,MDB_PEER_METHOD_1.0,25004,4ª Região,PB,False,False,False,False,False,True,False,0,0.10730593607305938,0.060502283105022814,-0.14687975646879753,0.062404870624048703,0.008371385083713859,0.091704718417047235
MDB_ANALYTICAL_2024_2,BR_HEALTH_REGIONS_END2024_V1,MDB_TERRITORIAL_INTELLIGENCE_1.1,MDB_RADAR_RULESET_1.0,MDB_MISMATCH_DECOMPOSITION_1.0,MDB_PEER_METHOD_1.0,25005,5ª Região,PB,False,False,False,False,False,True,False,0,-0.041095890410958902,0.031963470319634701,-0.16133942161339421,0.062404870624048703,-0.07990867579908674,-0.18797564687975643
MDB_ANALYTICAL_2024_2,BR_HEALTH_REGIONS_END2024_V1,MDB_TERRITORIAL_INTELLIGENCE_1.1,MDB_RADAR_RULESET_1.0,MDB_MISMATCH_DECOMPOSITION_1.0,MDB_PEER_METHOD_1.0,25006,6ª Região,PB,False,False,False,False,False,True,False,0,0.027397260273972601,-0.01940639269406394,-0.093607305936073054,0.062404870624048703,-0.15220700152207001,-0.1754185692541857
MDB_ANALYTICAL_2024_2,BR_HEALTH_REGIONS_END2024_V1,MDB_TERRITORIAL_INTELLIGENCE_1.1,MDB_RADAR_RULESET_1.0,MDB_MISMATCH_DECOMPOSITION_1.0,MDB_PEER_METHOD_1.0,25007,7ª Região,PB,False,False,False,False,False,True,False,0,0.23059360730593609,0.0011415525114155112,-0.16514459665144593,0.062404870624048703,-0.15829528158295281,-0.029299847792998435
MDB_ANALYTICAL_2024_2,BR_HEALTH_REGIONS_END2024_V1,MDB_TERRITORIAL_INTELLIGENCE_1.1,MDB_RADAR_RULESET_1.0,MDB_MISMATCH_DECOMPOSITION_1.0,MDB_PEER_METHOD_1.0,25008,8ª Região,PB,False,False,False,False,False,True,False,0,0.20776255707762559,-0.16095890410958905,-0.15981735159817351,0.062404870624048703,-0.072298325722983253,-0.12290715372907152
MDB_ANALYTICAL_2024_2,BR_HEALTH_REGIONS_END2024_V1,MDB_TERRITORIAL_INTELLIGENCE_1.1,MDB_RADAR_RULESET_1.0,MDB_MISMATCH_DECOMPOSITION_1.0,MDB_PEER_METHOD_1.0,25009,9ª Região,PB,False,False,False,False,False,True,False,0,0.15639269406392692,-0.19406392694063929,-0.14383561643835613,0.062404870624048703,-0.082191780821917804,-0.2012937595129376
MDB_ANALYTICAL_2024_2,BR_HEALTH_REGIONS_END2024_V1,MDB_TERRITORIAL_INTELLIGENCE_1.1,MDB_RADAR_RULESET_1.0,MDB_MISMATCH_DECOMPOSITION_1.0,MDB_PEER_METHOD_1.0,25010,10ª Região,PB,False,False,False,False,False,True,False,0,0.02625570776255709,-0.15753424657534248,-0.13850837138508371,0.062404870624048703,-0.065449010654490117,-0.2728310502283105
MDB_ANALYTICAL_2024_2,BR_HEALTH_REGIONS_END2024_V1,MDB_TERRITORIAL_INTELLIGENCE_1.1,MDB_RADAR_RULESET_1.0,MDB_MISMATCH_DECOMPOSITION_1.0,MDB_PEER_METHOD_1.0,25011,11ª Região,PB,False,False,False,False,False,True,False,0,0.15981735159817351,-0.057077625570776253,-0.16590563165905631,0.062404870624048703,-0.027397260273972601,-0.028158295281582951
MDB_ANALYTICAL_2024_2,BR_HEALTH_REGIONS_END2024_V1,MDB_TERRITORIAL_INTELLIGENCE_1.1,MDB_RADAR_RULESET_1.0,MDB_MISMATCH_DECOMPOSITION_1.0,MDB_PEER_METHOD_1.0,25012,12ª Região,PB,False,False,False,False,False,True,False,0,-0.24657534246575341,0.044520547945205491,-0.024353120243531201,0.062404870624048703,-0.064687975646879739,-0.22869101978691014
MDB_ANALYTICAL_2024_2,BR_HEALTH_REGIONS_END2024_V1,MDB_TERRITORIAL_INTELLIGENCE_1.1,MDB_RADAR_RULESET_1.0,MDB_MISMATCH_DECOMPOSITION_1.0,MDB_PEER_METHOD_1.0,25013,13ª Região,PB,False,False,False,False,False,True,False,0,-0.087899543378995443,-0.13127853881278539,-0.15220700152207001,0.062404870624048703,0.041095890410958902,-0.26788432267884321
MDB_ANALYTICAL_2024_2,BR_HEALTH_REGIONS_END2024_V1,MDB_TERRITORIAL_INTELLIGENCE_1.1,MDB_RADAR_RULESET_1.0,MDB_MISMATCH_DECOMPOSITION_1.0,MDB_PEER_METHOD_1.0,25014,14ª Região,PB,False,False,False,False,False,True,False,0,-0.10388127853881279,0.02625570776255709,-0.14231354642313546,0.062404870624048703,0.057838660578386603,-0.099695585996955854
MDB_ANALYTICAL_2024_2,BR_HEALTH_REGIONS_END2024_V1,MDB_TERRITORIAL_INTELLIGENCE_1.1,MDB_RADAR_RULESET_1.0,MDB_MISMATCH_DECOMPOSITION_1.0,MDB_PEER_METHOD_1.0,25015,15ª Região,PB,False,False,False,False,False,True,False,0,-0.11073059360730594,0.11757990867579909,-0.15372907153729071,0.062404870624048703,0.021308980213089801,-0.063165905631659053
MDB_ANALYTICAL_2024_2,BR_HEALTH_REGIONS_END2024_V1,MDB_TERRITORIAL_INTELLIGENCE_1.1,MDB_RADAR_RULESET_1.0,MDB_MISMATCH_DECOMPOSITION_1.0,MDB_PEER_METHOD_1.0,25016,16ª Região,PB,False,False,False,False,False,False,False,0,0.018264840182648401,0.21689497716894979,-0.063165905631659053,-0.11567732115677321,-0.056316590563165916,1.3877787807814457e-17
MDB_ANALYTICAL_2024_2,BR_HEALTH_REGIONS_END2024_V1,MDB_TERRITORIAL_INTELLIGENCE_1.1,MDB_RADAR_RULESET_1.0,MDB_MISMATCH_DECOMPOSITION_1.0,MDB_PEER_METHOD_1.0,26001,Afogados da Ingazeira,PE,False,False,False,False,False,False,False,0,-0.1952054794520548,0.091324200913242004,-0.13698630136986301,-0.087519025875190254,-0.1095890410958904,-0.43797564687975643
MDB_ANALYTICAL_2024_2,BR_HEALTH_REGIONS_END2024_V1,MDB_TERRITORIAL_INTELLIGENCE_1.1,MDB_RADAR_RULESET_1.0,MDB_MISMATCH_DECOMPOSITION_1.0,MDB_PEER_METHOD_1.0,26002,Arcoverde,PE,False,False,False,True,False,False,False,1,-0.18949771689497719,-0.0057077625570776391,-0.09512937595129374,-0.12024353120243532,0.11796042617960426,-0.2926179604261796
MDB_ANALYTICAL_2024_2,BR_HEALTH_REGIONS_END2024_V1,MDB_TERRITORIAL_INTELLIGENCE_1.1,MDB_RADAR_RULESET_1.0,MDB_MISMATCH_DECOMPOSITION_1.0,MDB_PEER_METHOD_1.0,26003,Caruaru,PE,False,False,False,False,False,False,False,0,-0.15182648401826485,-0.20662100456621005,0.023592085235920858,-0.053272450532724516,0.020547945205479458,-0.36757990867579904
MDB_ANALYTICAL_2024_2,BR_HEALTH_REGIONS_END2024_V1,MDB_TERRITORIAL_INTELLIGENCE_1.1,MDB_RADAR_RULESET_1.0,MDB_MISMATCH_DECOMPOSITION_1.0,MDB_PEER_METHOD_1.0,26004,Garanhuns,PE,False,False,False,False,False,False,False,0,-0.14840182648401828,-0.20205479452054795,-0.11643835616438354,-0.064687975646879739,-0.00076103500761034071,-0.53234398782343983
MDB_ANALYTICAL_2024_2,BR_HEALTH_REGIONS_END2024_V1,MDB_TERRITORIAL_INTELLIGENCE_1.1,MDB_RADAR_RULESET_1.0,MDB_MISMATCH_DECOMPOSITION_1.0,MDB_PEER_METHOD_1.0,26005,Goiana,PE,False,False,False,False,False,False,False,0,-0.15525114155251141,-0.1095890410958904,-0.022070015220700141,-0.096651445966514454,-0.0060882800608828003,-0.38964992389649922
MDB_ANALYTICAL_2024_2,BR_HEALTH_REGIONS_END2024_V1,MDB_TERRITORIAL_INTELLIGENCE_1.1,MDB_RADAR_RULESET_1.0,MDB_MISMATCH_DECOMPOSITION_1.0,MDB_PEER_METHOD_1.0,26006,Limoeiro,PE,False,False,False,False,False,True,False,0,-0.11529680365296804,-0.16210045662100458,-0.042617960426179602,0.062404870624048703,0.016742770167427701,-0.2408675799086758
MDB_ANALYTICAL_2024_2,BR_HEALTH_REGIONS_END2024_V1,MDB_TERRITORIAL_INTELLIGENCE_1.1,MDB_RADAR_RULESET_1.0,MDB_MISMATCH_DECOMPOSITION_1.0,MDB_PEER_METHOD_1.0,26007,Ouricuri,PE,False,False,False,False,False,False,False,0,0.11073059360730592,0.037671232876712313,0.040334855403348559,-0.078386605783866053,0.065449010654490103,0.17579908675799083
MDB_ANALYTICAL_2024_2,BR_HEALTH_REGIONS_END2024_V1,MDB_TERRITORIAL_INTELLIGENCE_1.1,MDB_RADAR_RULESET_1.0,MDB_MISMATCH_DECOMPOSITION_1.0,MDB_PEER_METHOD_1.0,26008,Palmares,PE,False,False,False,False,False,True,False,0,-0.23287671232876711,-0.158675799086758,-0.054794520547945202,0.062404870624048703,-0.019786910197869118,-0.40372907153729071
MDB_ANALYTICAL_2024_2,BR_HEALTH_REGIONS_END2024_V1,MDB_TERRITORIAL_INTELLIGENCE_1.1,MDB_RADAR_RULESET_1.0,MDB_MISMATCH_DECOMPOSITION_1.0,MDB_PEER_METHOD_1.0,26009,Petrolina,PE,False,False,False,False,False,True,False,0,-0.039954337899543391,-0.10388127853881279,0.06012176560121766,0.062404870624048703,0.0015220700152207001,-0.019786910197869129
MDB_ANALYTICAL_2024_2,BR_HEALTH_REGIONS_END2024_V1,MDB_TERRITORIAL_INTELLIGENCE_1.1,MDB_RADAR_RULESET_1.0,MDB_MISMATCH_DECOMPOSITION_1.0,MDB_PEER_METHOD_1.0,26010,Recife,PE,False,False,False,True,False,False,False,1,-0.21232876712328769,-0.027397260273972601,0.11948249619482496,-0.071537290715372917,-0.14764079147640791,-0.33942161339421617
MDB_ANALYTICAL_2024_2,BR_HEALTH_REGIONS_END2024_V1,MDB_TERRITORIAL_INTELLIGENCE_1.1,MDB_RADAR_RULESET_1.0,MDB_MISMATCH_DECOMPOSITION_1.0,MDB_PEER_METHOD_1.0,26011,Salgueiro,PE,True,False,True,True,False,False,False,3,0.1723744292237443,0.17579908675799089,0.097412480974124832,-0.15220700152207001,-0.017503805175038058,0.2758751902587519
MDB_ANALYTICAL_2024_2,BR_HEALTH_REGIONS_END2024_V1,MDB_TERRITORIAL_INTELLIGENCE_1.1,MDB_RADAR_RULESET_1.0,MDB_MISMATCH_DECOMPOSITION_1.0,MDB_PEER_METHOD_1.0,26012,Serra Talhada,PE,False,False,False,False,False,False,False,0,-0.054794520547945202,0.20205479452054792,-0.047945205479452059,-0.10730593607305934,-0.11415525114155252,-0.12214611872146119
MDB_ANALYTICAL_2024_2,BR_HEALTH_REGIONS_END2024_V1,MDB_TERRITORIAL_INTELLIGENCE_1.1,MDB_RADAR_RULESET_1.0,MDB_MISMATCH_DECOMPOSITION_1.0,MDB_PEER_METHOD_1.0,27001,1ª Região de Saúde,AL,False,False,False,True,False,False,False,1,-0.19748858447488585,0.21118721461187212,0.12937595129375951,-0.051750380517503802,-0.15601217656012173,-0.064687975646879753
MDB_ANALYTICAL_2024_2,BR_HEALTH_REGIONS_END2024_V1,MDB_TERRITORIAL_INTELLIGENCE_1.1,MDB_RADAR_RULESET_1.0,MDB_MISMATCH_DECOMPOSITION_1.0,MDB_PEER_METHOD_1.0,27002,2ª Região de Saúde,AL,False,False,False,False,False,True,False,0,-0.24771689497716895,0.046803652968036513,-0.12633181126331811,0.062404870624048703,0.045662100456621002,-0.21917808219178087
MDB_ANALYTICAL_2024_2,BR_HEALTH_REGIONS_END2024_V1,MDB_TERRITORIAL_INTELLIGENCE_1.1,MDB_RADAR_RULESET_1.0,MDB_MISMATCH_DECOMPOSITION_1.0,MDB_PEER_METHOD_1.0,27003,3ª Região de Saúde,AL,False,False,False,False,False,False,False,0,-0.19406392694063929,0.12214611872146119,-0.12176560121765601,-0.13470319634703193,-0.074581430745814317,-0.40296803652968033
MDB_ANALYTICAL_2024_2,BR_HEALTH_REGIONS_END2024_V1,MDB_TERRITORIAL_INTELLIGENCE_1.1,MDB_RADAR_RULESET_1.0,MDB_MISMATCH_DECOMPOSITION_1.0,MDB_PEER_METHOD_1.0,27004,4ª Região de Saúde,AL,False,False,False,False,False,False,False,0,-0.098173515981735154,0.1449771689497717,-0.13394216133942161,-0.15068493150684931,-0.078386605783866053,-0.31621004566210043
MDB_ANALYTICAL_2024_2,BR_HEALTH_REGIONS_END2024_V1,MDB_TERRITORIAL_INTELLIGENCE_1.1,MDB_RADAR_RULESET_1.0,MDB_MISMATCH_DECOMPOSITION_1.0,MDB_PEER_METHOD_1.0,27005,5ª Região de Saúde,AL,False,False,False,False,False,False,False,0,-0.20662100456621005,0.204337899543379,-0.12480974124809741,-0.12709284627092846,-0.12100456621004566,-0.37519025875190259
MDB_ANALYTICAL_2024_2,BR_HEALTH_REGIONS_END2024_V1,MDB_TERRITORIAL_INTELLIGENCE_1.1,MDB_RADAR_RULESET_1.0,MDB_MISMATCH_DECOMPOSITION_1.0,MDB_PEER_METHOD_1.0,27006,6ª Região de Saúde,AL,False,False,False,False,False,True,False,0,-0.21689497716894979,0.038812785388127879,-0.068493150684931517,0.062404870624048703,-0.028919330289193319,-0.21308980213089804
MDB_ANALYTICAL_2024_2,BR_HEALTH_REGIONS_END2024_V1,MDB_TERRITORIAL_INTELLIGENCE_1.1,MDB_RADAR_RULESET_1.0,MDB_MISMATCH_DECOMPOSITION_1.0,MDB_PEER_METHOD_1.0,27007,7ª Região de Saúde,AL,False,False,False,False,False,True,False,0,-0.1815068493150685,0.1095890410958904,-0.031202435312024341,0.062404870624048703,-0.047184170471841716,-0.087899543378995443
MDB_ANALYTICAL_2024_2,BR_HEALTH_REGIONS_END2024_V1,MDB_TERRITORIAL_INTELLIGENCE_1.1,MDB_RADAR_RULESET_1.0,MDB_MISMATCH_DECOMPOSITION_1.0,MDB_PEER_METHOD_1.0,27008,8ª Região de Saúde,AL,False,False,False,False,False,True,False,0,-0.095890410958904104,0.13013698630136988,-0.064687975646879739,0.062404870624048703,-0.0030441400304414001,0.028919330289193343
MDB_ANALYTICAL_2024_2,BR_HEALTH_REGIONS_END2024_V1,MDB_TERRITORIAL_INTELLIGENCE_1.1,MDB_RADAR_RULESET_1.0,MDB_MISMATCH_DECOMPOSITION_1.0,MDB_PEER_METHOD_1.0,27009,9ª Região de Saúde,AL,False,False,False,False,False,True,False,0,-0.015981735159817351,-0.046803652968036541,-0.1004566210045662,0.062404870624048703,0.017503805175038058,-0.083333333333333343
MDB_ANALYTICAL_2024_2,BR_HEALTH_REGIONS_END2024_V1,MDB_TERRITORIAL_INTELLIGENCE_1.1,MDB_RADAR_RULESET_1.0,MDB_MISMATCH_DECOMPOSITION_1.0,MDB_PEER_METHOD_1.0,27010,10ª Região de Saúde,AL,False,False,False,False,False,True,False,0,-0.12557077625570778,-0.12557077625570778,-0.11263318112633181,0.062404870624048703,0.024353120243531201,-0.27701674277016747
MDB_ANALYTICAL_2024_2,BR_HEALTH_REGIONS_END2024_V1,MDB_TERRITORIAL_INTELLIGENCE_1.1,MDB_RADAR_RULESET_1.0,MDB_MISMATCH_DECOMPOSITION_1.0,MDB_PEER_METHOD_1.0,28001,Aracaju,SE,False,False,False,True,False,False,False,1,-0.18378995433789955,-0.037671232876712341,0.10502283105022832,-0.076103500761035003,-0.13926940639269406,-0.33181126331811261
MDB_ANALYTICAL_2024_2,BR_HEALTH_REGIONS_END2024_V1,MDB_TERRITORIAL_INTELLIGENCE_1.1,MDB_RADAR_RULESET_1.0,MDB_MISMATCH_DECOMPOSITION_1.0,MDB_PEER_METHOD_1.0,28002,Estância,SE,False,False,False,False,False,False,False,0,-0.17351598173515981,-0.053652968036529691,-0.010654490106544918,-0.14992389649923893,-0.011415525114155259,-0.39916286149162866
MDB_ANALYTICAL_2024_2,BR_HEALTH_REGIONS_END2024_V1,MDB_TERRITORIAL_INTELLIGENCE_1.1,MDB_RADAR_RULESET_1.0,MDB_MISMATCH_DECOMPOSITION_1.0,MDB_PEER_METHOD_1.0,28003,Itabaiana,SE,False,False,False,False,False,True,False,0,0.041095890410958902,-0.15525114155251146,0.017503805175038058,0.062404870624048703,-0.024353120243531201,-0.058599695585997008
MDB_ANALYTICAL_2024_2,BR_HEALTH_REGIONS_END2024_V1,MDB_TERRITORIAL_INTELLIGENCE_1.1,MDB_RADAR_RULESET_1.0,MDB_MISMATCH_DECOMPOSITION_1.0,MDB_PEER_METHOD_1.0,28004,Lagarto,SE,False,False,False,False,False,True,False,0,-0.12785388127853881,-0.098173515981735154,-0.070776255707762539,0.062404870624048703,-0.051750380517503802,-0.28614916286149161
MDB_ANALYTICAL_2024_2,BR_HEALTH_REGIONS_END2024_V1,MDB_TERRITORIAL_INTELLIGENCE_1.1,MDB_RADAR_RULESET_1.0,MDB_MISMATCH_DECOMPOSITION_1.0,MDB_PEER_METHOD_1.0,28005,Nossa Senhora da Glória,SE,False,False,False,True,False,True,False,1,-0.025114155251141551,-0.11301369863013699,0.038812785388127859,0.062404870624048703,0.11187214611872145,0.074961948249619464
MDB_ANALYTICAL_2024_2,BR_HEALTH_REGIONS_END2024_V1,MDB_TERRITORIAL_INTELLIGENCE_1.1,MDB_RADAR_RULESET_1.0,MDB_MISMATCH_DECOMPOSITION_1.0,MDB_PEER_METHOD_1.0,28006,Nossa Senhora do Socorro,SE,False,False,False,True,False,True,False,1,-0.16438356164383561,-0.01484018264840184,0.0053272450532724589,0.062404870624048703,0.096651445966514454,-0.01484018264840184
MDB_ANALYTICAL_2024_2,BR_HEALTH_REGIONS_END2024_V1,MDB_TERRITORIAL_INTELLIGENCE_1.1,MDB_RADAR_RULESET_1.0,MDB_MISMATCH_DECOMPOSITION_1.0,MDB_PEER_METHOD_1.0,28007,Propriá,SE,False,False,False,False,False,True,False,0,-0.11872146118721461,-0.041095890410958902,-0.13318112633181126,0.062404870624048703,-0.0053272450532724589,-0.23592085235920854
MDB_ANALYTICAL_2024_2,BR_HEALTH_REGIONS_END2024_V1,MDB_TERRITORIAL_INTELLIGENCE_1.1,MDB_RADAR_RULESET_1.0,MDB_MISMATCH_DECOMPOSITION_1.0,MDB_PEER_METHOD_1.0,29001,Alagoinhas,BA,False,False,False,False,False,True,False,0,-0.1678082191780822,-0.20776255707762559,0.014459665144596659,0.062404870624048703,0.035768645357686459,-0.26293759512937592
MDB_ANALYTICAL_2024_2,BR_HEALTH_REGIONS_END2024_V1,MDB_TERRITORIAL_INTELLIGENCE_1.1,MDB_RADAR_RULESET_1.0,MDB_MISMATCH_DECOMPOSITION_1.0,MDB_PEER_METHOD_1.0,29002,Barreiras,BA,False,False,False,True,False,True,False,1,-0.074200913242009142,-0.21575342465753425,0.092085235920852354,0.062404870624048703,0.012937595129375959,-0.12252663622526637
MDB_ANALYTICAL_2024_2,BR_HEALTH_REGIONS_END2024_V1,MDB_TERRITORIAL_INTELLIGENCE_1.1,MDB_RADAR_RULESET_1.0,MDB_MISMATCH_DECOMPOSITION_1.0,MDB_PEER_METHOD_1.0,29003,Brumado,BA,False,False,False,False,False,True,False,0,-0.047945205479452052,-0.21917808219178087,-0.087519025875190254,0.062404870624048703,0.082952815829528154,-0.20928462709284631
MDB_ANALYTICAL_2024_2,BR_HEALTH_REGIONS_END2024_V1,MDB_TERRITORIAL_INTELLIGENCE_1.1,MDB_RADAR_RULESET_1.0,MDB_MISMATCH_DECOMPOSITION_1.0,MDB_PEER_METHOD_1.0,29004,Camaçari,BA,False,False,False,True,False,True,False,1,-0.23744292237442921,-0.15981735159817356,0.10426179604261795,0.062404870624048703,0.055555555555555559,-0.17503805175038054
MDB_ANALYTICAL_2024_2,BR_HEALTH_REGIONS_END2024_V1,MDB_TERRITORIAL_INTELLIGENCE_1.1,MDB_RADAR_RULESET_1.0,MDB_MISMATCH_DECOMPOSITION_1.0,MDB_PEER_METHOD_1.0,29005,Cruz das Almas,BA,False,False,False,False,False,True,False,0,-0.16666666666666669,-0.21004566210045666,-0.12252663622526634,0.062404870624048703,0.064687975646879753,-0.37214611872146119
MDB_ANALYTICAL_2024_2,BR_HEALTH_REGIONS_END2024_V1,MDB_TERRITORIAL_INTELLIGENCE_1.1,MDB_RADAR_RULESET_1.0,MDB_MISMATCH_DECOMPOSITION_1.0,MDB_PEER_METHOD_1.0,29006,Feira de Santana,BA,False,False,False,False,False,False,False,0,-0.22602739726027399,-0.11757990867579909,0.043378995433789959,-0.045662100456621002,-0.046423135464231338,-0.39231354642313543
MDB_ANALYTICAL_2024_2,BR_HEALTH_REGIONS_END2024_V1,MDB_TERRITORIAL_INTELLIGENCE_1.1,MDB_RADAR_RULESET_1.0,MDB_MISMATCH_DECOMPOSITION_1.0,MDB_PEER_METHOD_1.0,29007,Guanambi,BA,False,False,False,True,False,True,False,1,-0.1050228310502283,-0.23401826484018265,-0.00989345509893454,0.062404870624048703,0.097412480974124832,-0.18911719939117197
MDB_ANALYTICAL_2024_2,BR_HEALTH_REGIONS_END2024_V1,MDB_TERRITORIAL_INTELLIGENCE_1.1,MDB_RADAR_RULESET_1.0,MDB_MISMATCH_DECOMPOSITION_1.0,MDB_PEER_METHOD_1.0,29008,Ibotirama,BA,False,False,False,True,False,True,False,1,-0.045662100456621002,-0.2454337899543379,-0.060882800608828003,0.062404870624048703,0.13013698630136986,-0.15943683409436835
MDB_ANALYTICAL_2024_2,BR_HEALTH_REGIONS_END2024_V1,MDB_TERRITORIAL_INTELLIGENCE_1.1,MDB_RADAR_RULESET_1.0,MDB_MISMATCH_DECOMPOSITION_1.0,MDB_PEER_METHOD_1.0,29009,Ilhéus,BA,False,False,False,False,False,True,False,0,-0.17808219178082191,-0.13926940639269408,-0.011415525114155259,0.062404870624048703,0.078386605783866053,-0.18797564687975651
MDB_ANALYTICAL_2024_2,BR_HEALTH_REGIONS_END2024_V1,MDB_TERRITORIAL_INTELLIGENCE_1.1,MDB_RADAR_RULESET_1.0,MDB_MISMATCH_DECOMPOSITION_1.0,MDB_PEER_METHOD_1.0,29010,Irecê,BA,False,False,False,False,False,True,False,0,0.049086757990867591,-0.23858447488584475,-0.12937595129375951,0.062404870624048703,0.011415525114155259,-0.24505327245053268
MDB_ANALYTICAL_2024_2,BR_HEALTH_REGIONS_END2024_V1,MDB_TERRITORIAL_INTELLIGENCE_1.1,MDB_RADAR_RULESET_1.0,MDB_MISMATCH_DECOMPOSITION_1.0,MDB_PEER_METHOD_1.0,29011,Itaberaba,BA,False,False,False,False,False,True,False,0,-0.17009132420091325,0.14269406392694062,-0.11035007610350074,0.062404870624048703,0.015220700152207001,-0.06012176560121768
MDB_ANALYTICAL_2024_2,BR_HEALTH_REGIONS_END2024_V1,MDB_TERRITORIAL_INTELLIGENCE_1.1,MDB_RADAR_RULESET_1.0,MDB_MISMATCH_DECOMPOSITION_1.0,MDB_PEER_METHOD_1.0,29012,Itabuna,BA,False,False,False,False,False,True,False,0,-0.21461187214611871,-0.2317351598173516,-0.057838660578386603,0.062404870624048703,0.015981735159817358,-0.42579908675799077
MDB_ANALYTICAL_2024_2,BR_HEALTH_REGIONS_END2024_V1,MDB_TERRITORIAL_INTELLIGENCE_1.1,MDB_RADAR_RULESET_1.0,MDB_MISMATCH_DECOMPOSITION_1.0,MDB_PEER_METHOD_1.0,29013,Itapetinga,BA,False,False,False,False,False,True,False,0,-0.13584474885844749,-0.22146118721461189,-0.13013698630136986,0.062404870624048703,-0.036529680365296802,-0.46156773211567731
MDB_ANALYTICAL_2024_2,BR_HEALTH_REGIONS_END2024_V1,MDB_TERRITORIAL_INTELLIGENCE_1.1,MDB_RADAR_RULESET_1.0,MDB_MISMATCH_DECOMPOSITION_1.0,MDB_PEER_METHOD_1.0,29014,Jacobina,BA,False,False,False,True,False,True,False,1,-0.097031963470319643,-0.1952054794520548,-0.10273972602739725,0.062404870624048703,0.089802130898021318,-0.24277016742770163
MDB_ANALYTICAL_2024_2,BR_HEALTH_REGIONS_END2024_V1,MDB_TERRITORIAL_INTELLIGENCE_1.1,MDB_RADAR_RULESET_1.0,MDB_MISMATCH_DECOMPOSITION_1.0,MDB_PEER_METHOD_1.0,29015,Jequié,BA,False,False,False,True,False,True,False,1,-0.1906392694063927,-0.1404109589041096,0.093607305936073054,0.062404870624048703,0.00076103500761035925,-0.17427701674277019
MDB_ANALYTICAL_2024_2,BR_HEALTH_REGIONS_END2024_V1,MDB_TERRITORIAL_INTELLIGENCE_1.1,MDB_RADAR_RULESET_1.0,MDB_MISMATCH_DECOMPOSITION_1.0,MDB_PEER_METHOD_1.0,29016,Juazeiro,BA,False,False,False,False,False,True,False,0,-0.1004566210045662,0.036529680365296802,-0.0022831050228310592,0.062404870624048703,0.076864535768645353,0.073059360730593589
MDB_ANALYTICAL_2024_2,BR_HEALTH_REGIONS_END2024_V1,MDB_TERRITORIAL_INTELLIGENCE_1.1,MDB_RADAR_RULESET_1.0,MDB_MISMATCH_DECOMPOSITION_1.0,MDB_PEER_METHOD_1.0,29017,Paulo Afonso,BA,False,False,False,True,False,True,False,1,-0.17465753424657535,-0.01712328767123289,0.060882800608828003,0.062404870624048703,0.12480974124809743,0.056316590563165903
MDB_ANALYTICAL_2024_2,BR_HEALTH_REGIONS_END2024_V1,MDB_TERRITORIAL_INTELLIGENCE_1.1,MDB_RADAR_RULESET_1.0,MDB_MISMATCH_DECOMPOSITION_1.0,MDB_PEER_METHOD_1.0,29018,Porto Seguro,BA,False,False,False,False,False,True,False,0,-0.1495433789954338,-0.24429223744292239,-0.045662100456621002,0.062404870624048703,0.050228310502283102,-0.32686453576864538
MDB_ANALYTICAL_2024_2,BR_HEALTH_REGIONS_END2024_V1,MDB_TERRITORIAL_INTELLIGENCE_1.1,MDB_RADAR_RULESET_1.0,MDB_MISMATCH_DECOMPOSITION_1.0,MDB_PEER_METHOD_1.0,29019,Ribeira do Pombal,BA,False,False,False,True,False,True,False,1,-0.060502283105022842,-0.23059360730593609,-0.051750380517503802,0.062404870624048703,0.099695585996955854,-0.1807458143074582
MDB_ANALYTICAL_2024_2,BR_HEALTH_REGIONS_END2024_V1,MDB_TERRITORIAL_INTELLIGENCE_1.1,MDB_RADAR_RULESET_1.0,MDB_MISMATCH_DECOMPOSITION_1.0,MDB_PEER_METHOD_1.0,29020,Salvador,BA,False,False,False,True,False,True,False,1,-0.23858447488584475,0.0079908675799086892,0.13698630136986303,0.062404870624048703,-0.11491628614916286,-0.14611872146118718
MDB_ANALYTICAL_2024_2,BR_HEALTH_REGIONS_END2024_V1,MDB_TERRITORIAL_INTELLIGENCE_1.1,MDB_RADAR_RULESET_1.0,MDB_MISMATCH_DECOMPOSITION_1.0,MDB_PEER_METHOD_1.0,29021,Santa Maria da Vitória,BA,False,False,False,False,False,True,False,0,-0.089041095890410954,-0.2180365296803653,-0.088280060882800604,0.062404870624048703,-0.021308980213089801,-0.35426179604261793
MDB_ANALYTICAL_2024_2,BR_HEALTH_REGIONS_END2024_V1,MDB_TERRITORIAL_INTELLIGENCE_1.1,MDB_RADAR_RULESET_1.0,MDB_MISMATCH_DECOMPOSITION_1.0,MDB_PEER_METHOD_1.0,29022,Santo Antônio de Jesus,BA,False,False,False,False,False,True,False,0,-0.18835616438356165,-0.077625570776255703,-0.055555555555555539,0.062404870624048703,0.019786910197869101,-0.2393455098934551
MDB_ANALYTICAL_2024_2,BR_HEALTH_REGIONS_END2024_V1,MDB_TERRITORIAL_INTELLIGENCE_1.1,MDB_RADAR_RULESET_1.0,MDB_MISMATCH_DECOMPOSITION_1.0,MDB_PEER_METHOD_1.0,29023,Seabra,BA,False,False,False,True,False,True,False,1,0.079908675799086781,-0.18264840182648406,-0.15525114155251141,0.062404870624048703,0.11415525114155252,-0.081430745814307468
MDB_ANALYTICAL_2024_2,BR_HEALTH_REGIONS_END2024_V1,MDB_TERRITORIAL_INTELLIGENCE_1.1,MDB_RADAR_RULESET_1.0,MDB_MISMATCH_DECOMPOSITION_1.0,MDB_PEER_METHOD_1.0,29024,Senhor do Bonfim,BA,False,False,False,True,False,True,False,1,-0.20091324200913241,-0.068493150684931503,-0.11187214611872145,0.062404870624048703,0.11339421613394216,-0.20547945205479454
MDB_ANALYTICAL_2024_2,BR_HEALTH_REGIONS_END2024_V1,MDB_TERRITORIAL_INTELLIGENCE_1.1,MDB_RADAR_RULESET_1.0,MDB_MISMATCH_DECOMPOSITION_1.0,MDB_PEER_METHOD_1.0,29025,Serrinha,BA,False,False,False,True,False,True,False,1,-0.15639269406392695,-0.19634703196347036,-0.096651445966514454,0.062404870624048703,0.11491628614916286,-0.27207001522070018
MDB_ANALYTICAL_2024_2,BR_HEALTH_REGIONS_END2024_V1,MDB_TERRITORIAL_INTELLIGENCE_1.1,MDB_RADAR_RULESET_1.0,MDB_MISMATCH_DECOMPOSITION_1.0,MDB_PEER_METHOD_1.0,29026,Teixeira de Freitas,BA,False,False,False,False,False,True,False,0,-0.20319634703196349,-0.24771689497716895,-0.073059360730593603,0.062404870624048703,0.031202435312024358,-0.43036529680365293
MDB_ANALYTICAL_2024_2,BR_HEALTH_REGIONS_END2024_V1,MDB_TERRITORIAL_INTELLIGENCE_1.1,MDB_RADAR_RULESET_1.0,MDB_MISMATCH_DECOMPOSITION_1.0,MDB_PEER_METHOD_1.0,29027,Valença,BA,False,False,False,True,False,True,False,1,-0.14155251141552511,-0.21118721461187215,0.034246575342465758,0.062404870624048703,0.094368340943683432,-0.16171993911719931
MDB_ANALYTICAL_2024_2,BR_HEALTH_REGIONS_END2024_V1,MDB_TERRITORIAL_INTELLIGENCE_1.1,MDB_RADAR_RULESET_1.0,MDB_MISMATCH_DECOMPOSITION_1.0,MDB_PEER_METHOD_1.0,29028,Vitória da Conquista,BA,False,False,False,False,False,True,False,0,-0.13698630136986301,-0.13013698630136988,0.012176560121765601,0.062404870624048703,0.038812785388127859,-0.15372907153729073
MDB_ANALYTICAL_2024_2,BR_HEALTH_REGIONS_END2024_V1,MDB_TERRITORIAL_INTELLIGENCE_1.1,MDB_RADAR_RULESET_1.0,MDB_MISMATCH_DECOMPOSITION_1.0,MDB_PEER_METHOD_1.0,31001,Alfenas/Machado,MG,False,False,False,False,False,False,False,0,0.22831050228310501,-0.031963470319634701,0.0038051750380517593,-0.14307458143074581,-0.12176560121765601,-0.064687975646879753
MDB_ANALYTICAL_2024_2,BR_HEALTH_REGIONS_END2024_V1,MDB_TERRITORIAL_INTELLIGENCE_1.1,MDB_RADAR_RULESET_1.0,MDB_MISMATCH_DECOMPOSITION_1.0,MDB_PEER_METHOD_1.0,31002,Guaxupé,MG,False,False,False,True,False,True,False,1,0.046803652968036513,0.01712328767123289,0.089041095890410954,0.062404870624048703,0.028158295281582958,0.24353120243531201
MDB_ANALYTICAL_2024_2,BR_HEALTH_REGIONS_END2024_V1,MDB_TERRITORIAL_INTELLIGENCE_1.1,MDB_RADAR_RULESET_1.0,MDB_MISMATCH_DECOMPOSITION_1.0,MDB_PEER_METHOD_1.0,31003,Itajubá,MG,False,False,False,True,False,True,False,1,0.13013698630136988,-0.13812785388127855,0.13394216133942163,0.062404870624048703,-0.041095890410958916,0.14726027397260277
MDB_ANALYTICAL_2024_2,BR_HEALTH_REGIONS_END2024_V1,MDB_TERRITORIAL_INTELLIGENCE_1.1,MDB_RADAR_RULESET_1.0,MDB_MISMATCH_DECOMPOSITION_1.0,MDB_PEER_METHOD_1.0,31004,Lavras,MG,False,False,False,False,False,True,False,0,0.17808219178082191,-0.19178082191780826,-0.0060882800608828003,0.062404870624048703,-0.043378995433789938,-0.00076103500761039167
MDB_ANALYTICAL_2024_2,BR_HEALTH_REGIONS_END2024_V1,MDB_TERRITORIAL_INTELLIGENCE_1.1,MDB_RADAR_RULESET_1.0,MDB_MISMATCH_DECOMPOSITION_1.0,MDB_PEER_METHOD_1.0,31006,Poços de Caldas,MG,False,False,False,False,False,False,False,0,0.091324200913242004,-0.13242009132420096,0.046423135464231359,-0.11187214611872145,0.028919330289193301,-0.077625570776255759
MDB_ANALYTICAL_2024_2,BR_HEALTH_REGIONS_END2024_V1,MDB_TERRITORIAL_INTELLIGENCE_1.1,MDB_RADAR_RULESET_1.0,MDB_MISMATCH_DECOMPOSITION_1.0,MDB_PEER_METHOD_1.0,31007,Pouso Alegre,MG,False,False,False,False,False,False,False,0,0.034246575342465779,0.023972602739726012,0.072298325722983253,-0.09512937595129374,0.047945205479452059,0.08333333333333337
MDB_ANALYTICAL_2024_2,BR_HEALTH_REGIONS_END2024_V1,MDB_TERRITORIAL_INTELLIGENCE_1.1,MDB_RADAR_RULESET_1.0,MDB_MISMATCH_DECOMPOSITION_1.0,MDB_PEER_METHOD_1.0,31008,São Lourenço,MG,False,False,False,False,False,False,False,0,0.17351598173515981,0.065068493150684914,-0.13774733637747333,-0.08295281582952814,-0.037290715372907138,-0.019406392694063884
MDB_ANALYTICAL_2024_2,BR_HEALTH_REGIONS_END2024_V1,MDB_TERRITORIAL_INTELLIGENCE_1.1,MDB_RADAR_RULESET_1.0,MDB_MISMATCH_DECOMPOSITION_1.0,MDB_PEER_METHOD_1.0,31009,São Sebastião do Paraíso,MG,False,False,False,False,False,False,False,0,0.11872146118721461,0.014840182648401812,-0.10197869101978692,-0.059360730593607317,-0.11187214611872145,-0.13964992389649927
MDB_ANALYTICAL_2024_2,BR_HEALTH_REGIONS_END2024_V1,MDB_TERRITORIAL_INTELLIGENCE_1.1,MDB_RADAR_RULESET_1.0,MDB_MISMATCH_DECOMPOSITION_1.0,MDB_PEER_METHOD_1.0,31010,Três Corações,MG,False,False,False,False,False,True,False,0,0.204337899543379,-0.20547945205479456,-0.11948249619482494,0.062404870624048703,-0.088280060882800604,-0.1464992389649924
MDB_ANALYTICAL_2024_2,BR_HEALTH_REGIONS_END2024_V1,MDB_TERRITORIAL_INTELLIGENCE_1.1,MDB_RADAR_RULESET_1.0,MDB_MISMATCH_DECOMPOSITION_1.0,MDB_PEER_METHOD_1.0,31011,Três Pontas,MG,False,False,False,False,False,False,False,0,0.11529680365296802,0.067351598173515992,-0.039573820395738202,-0.15981735159817351,-0.08295281582952814,-0.099695585996955841
MDB_ANALYTICAL_2024_2,BR_HEALTH_REGIONS_END2024_V1,MDB_TERRITORIAL_INTELLIGENCE_1.1,MDB_RADAR_RULESET_1.0,MDB_MISMATCH_DECOMPOSITION_1.0,MDB_PEER_METHOD_1.0,31012,Varginha,MG,False,False,False,False,False,False,False,0,0.16095890410958902,-0.11643835616438356,-0.028158295281582941,-0.050989345509893459,-0.022831050228310518,-0.057458143074581455
MDB_ANALYTICAL_2024_2,BR_HEALTH_REGIONS_END2024_V1,MDB_TERRITORIAL_INTELLIGENCE_1.1,MDB_RADAR_RULESET_1.0,MDB_MISMATCH_DECOMPOSITION_1.0,MDB_PEER_METHOD_1.0,31013,Barbacena,MG,True,False,False,False,False,False,False,1,0.17465753424657532,0.22488584474885842,-0.069254185692541853,-0.14916286149162861,-0.16210045662100453,0.019025875190258723
MDB_ANALYTICAL_2024_2,BR_HEALTH_REGIONS_END2024_V1,MDB_TERRITORIAL_INTELLIGENCE_1.1,MDB_RADAR_RULESET_1.0,MDB_MISMATCH_DECOMPOSITION_1.0,MDB_PEER_METHOD_1.0,31015,São João Del Rei,MG,False,False,False,True,False,False,False,1,0.11757990867579909,-0.036529680365296802,-0.0030441400304414001,-0.048706240487062402,0.091324200913242032,0.12062404870624052
MDB_ANALYTICAL_2024_2,BR_HEALTH_REGIONS_END2024_V1,MDB_TERRITORIAL_INTELLIGENCE_1.1,MDB_RADAR_RULESET_1.0,MDB_MISMATCH_DECOMPOSITION_1.0,MDB_PEER_METHOD_1.0,31016,Belo Horizonte/Nova Lima/Santa Luzia,MG,False,False,False,True,False,False,False,1,-0.18721461187214611,-0.18036529680365299,0.14687975646879756,-0.042617960426179602,-0.1004566210045662,-0.36377473363774737
MDB_ANALYTICAL_2024_2,BR_HEALTH_REGIONS_END2024_V1,MDB_TERRITORIAL_INTELLIGENCE_1.1,MDB_RADAR_RULESET_1.0,MDB_MISMATCH_DECOMPOSITION_1.0,MDB_PEER_METHOD_1.0,31017,Betim,MG,False,False,False,False,False,False,False,0,-0.090182648401826493,-0.18949771689497719,0.064687975646879753,-0.054033485540334859,-0.12785388127853881,-0.39687975646879758
MDB_ANALYTICAL_2024_2,BR_HEALTH_REGIONS_END2024_V1,MDB_TERRITORIAL_INTELLIGENCE_1.1,MDB_RADAR_RULESET_1.0,MDB_MISMATCH_DECOMPOSITION_1.0,MDB_PEER_METHOD_1.0,31018,Contagem,MG,False,False,False,True,False,False,False,1,-0.24429223744292239,-0.204337899543379,0.12785388127853883,-0.067732115677321139,-0.058599695585996939,-0.44710806697108063
MDB_ANALYTICAL_2024_2,BR_HEALTH_REGIONS_END2024_V1,MDB_TERRITORIAL_INTELLIGENCE_1.1,MDB_RADAR_RULESET_1.0,MDB_MISMATCH_DECOMPOSITION_1.0,MDB_PEER_METHOD_1.0,31019,Curvelo,MG,False,False,False,False,False,False,False,0,0.15296803652968038,-0.097031963470319643,-0.016742770167427718,-0.098934550989345518,-0.013698630136986318,-0.073439878234398806
MDB_ANALYTICAL_2024_2,BR_HEALTH_REGIONS_END2024_V1,MDB_TERRITORIAL_INTELLIGENCE_1.1,MDB_RADAR_RULESET_1.0,MDB_MISMATCH_DECOMPOSITION_1.0,MDB_PEER_METHOD_1.0,31020,Guanhães,MG,False,False,False,False,False,False,False,0,-0.10844748858447489,-0.1004566210045662,-0.019786910197869118,-0.065449010654490117,-0.034246575342465738,-0.32838660578386608
MDB_ANALYTICAL_2024_2,BR_HEALTH_REGIONS_END2024_V1,MDB_TERRITORIAL_INTELLIGENCE_1.1,MDB_RADAR_RULESET_1.0,MDB_MISMATCH_DECOMPOSITION_1.0,MDB_PEER_METHOD_1.0,31021,Itabira,MG,False,False,False,False,False,False,False,0,0.0079908675799086892,0.1050228310502283,-0.059360730593607317,-0.097412480974124804,-0.040334855403348538,-0.084094368340943665
MDB_ANALYTICAL_2024_2,BR_HEALTH_REGIONS_END2024_V1,MDB_TERRITORIAL_INTELLIGENCE_1.1,MDB_RADAR_RULESET_1.0,MDB_MISMATCH_DECOMPOSITION_1.0,MDB_PEER_METHOD_1.0,31022,Ouro Preto,MG,False,False,False,False,False,False,False,0,-0.067351598173515992,-0.065068493150684942,-0.14459665144596651,-0.14079147640791473,-0.14535768645357686,-0.56316590563165903
MDB_ANALYTICAL_2024_2,BR_HEALTH_REGIONS_END2024_V1,MDB_TERRITORIAL_INTELLIGENCE_1.1,MDB_RADAR_RULESET_1.0,MDB_MISMATCH_DECOMPOSITION_1.0,MDB_PEER_METHOD_1.0,31023,João Monlevade,MG,False,False,False,False,False,False,False,0,-0.11415525114155251,-0.11529680365296804,-0.078386605783866053,-0.058599695585996939,-0.008371385083713859,-0.37480974124809741
MDB_ANALYTICAL_2024_2,BR_HEALTH_REGIONS_END2024_V1,MDB_TERRITORIAL_INTELLIGENCE_1.1,MDB_RADAR_RULESET_1.0,MDB_MISMATCH_DECOMPOSITION_1.0,MDB_PEER_METHOD_1.0,31024,Sete Lagoas,MG,False,False,False,True,False,False,False,1,0.01712328767123289,0.049086757990867591,0.063926940639269403,-0.106544901065449,0.090563165905631654,0.11415525114155253
MDB_ANALYTICAL_2024_2,BR_HEALTH_REGIONS_END2024_V1,MDB_TERRITORIAL_INTELLIGENCE_1.1,MDB_RADAR_RULESET_1.0,MDB_MISMATCH_DECOMPOSITION_1.0,MDB_PEER_METHOD_1.0,31025,Vespasiano/Lagoa Santa,MG,False,False,False,False,False,True,False,0,-0.19292237442922375,-0.058219178082191791,-0.054033485540334859,0.062404870624048703,-0.010654490106544918,-0.25342465753424664
MDB_ANALYTICAL_2024_2,BR_HEALTH_REGIONS_END2024_V1,MDB_TERRITORIAL_INTELLIGENCE_1.1,MDB_RADAR_RULESET_1.0,MDB_MISMATCH_DECOMPOSITION_1.0,MDB_PEER_METHOD_1.0,31026,Diamantina/Itamarandiba,MG,False,False,False,True,False,False,False,1,-0.042237442922374441,0.12557077625570778,0.086757990867579918,-0.13926940639269406,-0.080669710806697117,-0.049847792998477899
MDB_ANALYTICAL_2024_2,BR_HEALTH_REGIONS_END2024_V1,MDB_TERRITORIAL_INTELLIGENCE_1.1,MDB_RADAR_RULESET_1.0,MDB_MISMATCH_DECOMPOSITION_1.0,MDB_PEER_METHOD_1.0,31027,Turmalina/Minas Novas/Capelinha,MG,True,False,False,False,False,False,False,1,0.1769406392694064,0.23744292237442921,-0.14079147640791473,-0.14764079147640791,0.029680365296803658,0.15563165905631662
MDB_ANALYTICAL_2024_2,BR_HEALTH_REGIONS_END2024_V1,MDB_TERRITORIAL_INTELLIGENCE_1.1,MDB_RADAR_RULESET_1.0,MDB_MISMATCH_DECOMPOSITION_1.0,MDB_PEER_METHOD_1.0,31028,Bom Despacho,MG,False,False,False,False,False,True,False,0,-0.01940639269406394,0.1404109589041096,0.028919330289193301,0.062404870624048703,-0.11719939117199392,0.09512937595129374
MDB_ANALYTICAL_2024_2,BR_HEALTH_REGIONS_END2024_V1,MDB_TERRITORIAL_INTELLIGENCE_1.1,MDB_RADAR_RULESET_1.0,MDB_MISMATCH_DECOMPOSITION_1.0,MDB_PEER_METHOD_1.0,31030,Formiga,MG,False,False,False,False,False,True,False,0,0.092465753424657515,-0.066210045662100453,0.05859969558599696,0.062404870624048703,0.033485540334855401,0.18074581430745812
MDB_ANALYTICAL_2024_2,BR_HEALTH_REGIONS_END2024_V1,MDB_TERRITORIAL_INTELLIGENCE_1.1,MDB_RADAR_RULESET_1.0,MDB_MISMATCH_DECOMPOSITION_1.0,MDB_PEER_METHOD_1.0,31031,Itaúna,MG,False,False,False,False,False,True,False,0,0.059360730593607303,-0.2089041095890411,-0.08599695585996954,0.062404870624048703,0.022831050228310501,-0.15030441400304412
MDB_ANALYTICAL_2024_2,BR_HEALTH_REGIONS_END2024_V1,MDB_TERRITORIAL_INTELLIGENCE_1.1,MDB_RADAR_RULESET_1.0,MDB_MISMATCH_DECOMPOSITION_1.0,MDB_PEER_METHOD_1.0,31032,Pará de Minas/Nova Serrana,MG,False,False,False,False,False,True,False,0,0.099315068493150693,-0.17351598173515986,-0.063926940639269403,0.062404870624048703,-0.059360730593607317,-0.13508371385083717
MDB_ANALYTICAL_2024_2,BR_HEALTH_REGIONS_END2024_V1,MDB_TERRITORIAL_INTELLIGENCE_1.1,MDB_RADAR_RULESET_1.0,MDB_MISMATCH_DECOMPOSITION_1.0,MDB_PEER_METHOD_1.0,31034,Caratinga,MG,False,False,False,False,False,True,False,0,-0.092465753424657543,0.11986301369863012,-0.11872146118721461,0.062404870624048703,-0.063926940639269403,-0.092846270928462732
MDB_ANALYTICAL_2024_2,BR_HEALTH_REGIONS_END2024_V1,MDB_TERRITORIAL_INTELLIGENCE_1.1,MDB_RADAR_RULESET_1.0,MDB_MISMATCH_DECOMPOSITION_1.0,MDB_PEER_METHOD_1.0,31035,Coronel Fabriciano/Timóteo,MG,False,False,False,False,False,True,False,0,0.020547945205479479,-0.11073059360730594,-0.022831050228310518,0.062404870624048703,-0.00989345509893454,-0.060502283105022814
MDB_ANALYTICAL_2024_2,BR_HEALTH_REGIONS_END2024_V1,MDB_TERRITORIAL_INTELLIGENCE_1.1,MDB_RADAR_RULESET_1.0,MDB_MISMATCH_DECOMPOSITION_1.0,MDB_PEER_METHOD_1.0,31036,Governador Valadares,MG,False,False,False,False,False,False,False,0,-0.069634703196347042,-0.038812785388127852,0.078386605783866053,-0.093607305936073054,0.013698630136986301,-0.10996955859969559
MDB_ANALYTICAL_2024_2,BR_HEALTH_REGIONS_END2024_V1,MDB_TERRITORIAL_INTELLIGENCE_1.1,MDB_RADAR_RULESET_1.0,MDB_MISMATCH_DECOMPOSITION_1.0,MDB_PEER_METHOD_1.0,31037,Ipatinga,MG,False,False,False,False,False,False,False,0,-0.075342465753424653,0.17351598173515981,0.029680365296803658,-0.1004566210045662,-0.11796042617960426,-0.090563165905631654
MDB_ANALYTICAL_2024_2,BR_HEALTH_REGIONS_END2024_V1,MDB_TERRITORIAL_INTELLIGENCE_1.1,MDB_RADAR_RULESET_1.0,MDB_MISMATCH_DECOMPOSITION_1.0,MDB_PEER_METHOD_1.0,31038,Mantena,MG,False,False,False,False,False,True,False,0,0.011415525114155278,-0.12671232876712329,-0.16438356164383561,0.062404870624048703,-0.16362252663622526,-0.38089802130898021
MDB_ANALYTICAL_2024_2,BR_HEALTH_REGIONS_END2024_V1,MDB_TERRITORIAL_INTELLIGENCE_1.1,MDB_RADAR_RULESET_1.0,MDB_MISMATCH_DECOMPOSITION_1.0,MDB_PEER_METHOD_1.0,31040,Resplendor,MG,False,False,False,False,False,False,False,0,-0.11187214611872145,0.15525114155251141,-0.14916286149162861,-0.14611872146118721,0.06164383561643836,-0.19025875190258748
MDB_ANALYTICAL_2024_2,BR_HEALTH_REGIONS_END2024_V1,MDB_TERRITORIAL_INTELLIGENCE_1.1,MDB_RADAR_RULESET_1.0,MDB_MISMATCH_DECOMPOSITION_1.0,MDB_PEER_METHOD_1.0,31041,Além Paraíba,MG,False,False,False,False,False,False,False,0,-0.15296803652968038,0.083333333333333315,-0.12861491628614913,-0.082191780821917804,-0.15905631659056313,-0.43949771689497713
MDB_ANALYTICAL_2024_2,BR_HEALTH_REGIONS_END2024_V1,MDB_TERRITORIAL_INTELLIGENCE_1.1,MDB_RADAR_RULESET_1.0,MDB_MISMATCH_DECOMPOSITION_1.0,MDB_PEER_METHOD_1.0,31042,Carangola,MG,False,False,False,False,False,False,False,0,-0.16552511415525115,0.18493150684931509,-0.15829528158295281,-0.15449010654490106,-0.025114155251141541,-0.31849315068493145
MDB_ANALYTICAL_2024_2,BR_HEALTH_REGIONS_END2024_V1,MDB_TERRITORIAL_INTELLIGENCE_1.1,MDB_RADAR_RULESET_1.0,MDB_MISMATCH_DECOMPOSITION_1.0,MDB_PEER_METHOD_1.0,31044,Leopoldina/Cataguases,MG,False,False,False,False,False,False,False,0,-0.12671232876712329,0.089041095890410982,-0.082191780821917804,-0.13622526636225266,-0.085235920852359204,-0.341324200913242
MDB_ANALYTICAL_2024_2,BR_HEALTH_REGIONS_END2024_V1,MDB_TERRITORIAL_INTELLIGENCE_1.1,MDB_RADAR_RULESET_1.0,MDB_MISMATCH_DECOMPOSITION_1.0,MDB_PEER_METHOD_1.0,31045,Muriaé,MG,False,False,False,False,False,False,False,0,-0.037671232876712341,0.21917808219178081,-0.12024353120243532,-0.13774733637747333,-0.14916286149162861,-0.2256468797564688
MDB_ANALYTICAL_2024_2,BR_HEALTH_REGIONS_END2024_V1,MDB_TERRITORIAL_INTELLIGENCE_1.1,MDB_RADAR_RULESET_1.0,MDB_MISMATCH_DECOMPOSITION_1.0,MDB_PEER_METHOD_1.0,31046,Santos Dumont,MG,False,False,False,False,False,True,False,0,0.0045662100456621002,-0.23744292237442924,-0.0091324200913242004,0.062404870624048703,0.066210045662100453,-0.11339421613394218
MDB_ANALYTICAL_2024_2,BR_HEALTH_REGIONS_END2024_V1,MDB_TERRITORIAL_INTELLIGENCE_1.1,MDB_RADAR_RULESET_1.0,MDB_MISMATCH_DECOMPOSITION_1.0,MDB_PEER_METHOD_1.0,31047,São João Nepomuceno/Bicas,MG,False,False,False,True,False,True,False,1,-0.022831050228310501,-0.17009132420091325,0.098173515981735154,0.062404870624048703,0.039573820395738202,0.0072298325722983114
MDB_ANALYTICAL_2024_2,BR_HEALTH_REGIONS_END2024_V1,MDB_TERRITORIAL_INTELLIGENCE_1.1,MDB_RADAR_RULESET_1.0,MDB_MISMATCH_DECOMPOSITION_1.0,MDB_PEER_METHOD_1.0,31048,Ubá,MG,False,False,False,False,False,False,False,0,0.013698630136986301,0.079908675799086781,-0.1095890410958904,-0.12861491628614913,-0.096651445966514454,-0.24124809741248091
MDB_ANALYTICAL_2024_2,BR_HEALTH_REGIONS_END2024_V1,MDB_TERRITORIAL_INTELLIGENCE_1.1,MDB_RADAR_RULESET_1.0,MDB_MISMATCH_DECOMPOSITION_1.0,MDB_PEER_METHOD_1.0,31050,Coração de Jesus,MG,True,False,False,False,False,False,False,1,0.20547945205479451,0.11301369863013699,-0.14307458143074581,-0.15144596651445966,-0.16590563165905631,-0.14193302891933027
MDB_ANALYTICAL_2024_2,BR_HEALTH_REGIONS_END2024_V1,MDB_TERRITORIAL_INTELLIGENCE_1.1,MDB_RADAR_RULESET_1.0,MDB_MISMATCH_DECOMPOSITION_1.0,MDB_PEER_METHOD_1.0,31051,Francisco Sá,MG,False,False,False,False,False,False,False,0,-0.061643835616438353,0.1723744292237443,-0.16057838660578386,-0.15829528158295281,-0.015220700152207001,-0.22336377473363772
MDB_ANALYTICAL_2024_2,BR_HEALTH_REGIONS_END2024_V1,MDB_TERRITORIAL_INTELLIGENCE_1.1,MDB_RADAR_RULESET_1.0,MDB_MISMATCH_DECOMPOSITION_1.0,MDB_PEER_METHOD_1.0,31052,Janaúba/Monte Azul,MG,False,False,False,False,False,False,False,0,0.036529680365296802,0.058219178082191791,-0.14155251141552511,-0.10121765601217654,0.014459665144596659,-0.13356164383561639
MDB_ANALYTICAL_2024_2,BR_HEALTH_REGIONS_END2024_V1,MDB_TERRITORIAL_INTELLIGENCE_1.1,MDB_RADAR_RULESET_1.0,MDB_MISMATCH_DECOMPOSITION_1.0,MDB_PEER_METHOD_1.0,31053,Januária,MG,False,False,False,True,False,True,False,1,0.12671232876712329,-0.24315068493150685,-0.071537290715372917,0.062404870624048703,0.11111111111111112,-0.014459665144596665
MDB_ANALYTICAL_2024_2,BR_HEALTH_REGIONS_END2024_V1,MDB_TERRITORIAL_INTELLIGENCE_1.1,MDB_RADAR_RULESET_1.0,MDB_MISMATCH_DECOMPOSITION_1.0,MDB_PEER_METHOD_1.0,31055,Pirapora,MG,False,False,False,False,False,True,False,0,0.086757990867579904,-0.18378995433789955,-0.15449010654490106,0.062404870624048703,0.037290715372907159,-0.15182648401826485
MDB_ANALYTICAL_2024_2,BR_HEALTH_REGIONS_END2024_V1,MDB_TERRITORIAL_INTELLIGENCE_1.1,MDB_RADAR_RULESET_1.0,MDB_MISMATCH_DECOMPOSITION_1.0,MDB_PEER_METHOD_1.0,31057,Patos de Minas,MG,False,False,False,False,False,True,False,0,0.2271689497716895,-0.17465753424657535,-0.056316590563165916,0.062404870624048703,0.062404870624048703,0.12100456621004564
MDB_ANALYTICAL_2024_2,BR_HEALTH_REGIONS_END2024_V1,MDB_TERRITORIAL_INTELLIGENCE_1.1,MDB_RADAR_RULESET_1.0,MDB_MISMATCH_DECOMPOSITION_1.0,MDB_PEER_METHOD_1.0,31058,Unaí/Paracatu,MG,False,False,False,False,False,True,False,0,0.098173515981735182,-0.16666666666666669,-0.013698630136986318,0.062404870624048703,-0.016742770167427718,-0.036529680365296829
MDB_ANALYTICAL_2024_2,BR_HEALTH_REGIONS_END2024_V1,MDB_TERRITORIAL_INTELLIGENCE_1.1,MDB_RADAR_RULESET_1.0,MDB_MISMATCH_DECOMPOSITION_1.0,MDB_PEER_METHOD_1.0,31059,Manhuaçu,MG,False,False,False,False,False,False,False,0,-0.11986301369863014,-0.095890410958904104,-0.13089802130898021,-0.11263318112633181,-0.063165905631659053,-0.52245053272450526
MDB_ANALYTICAL_2024_2,BR_HEALTH_REGIONS_END2024_V1,MDB_TERRITORIAL_INTELLIGENCE_1.1,MDB_RADAR_RULESET_1.0,MDB_MISMATCH_DECOMPOSITION_1.0,MDB_PEER_METHOD_1.0,31060,Ponte Nova,MG,False,False,False,True,False,True,False,1,-0.031963470319634701,-0.1997716894977169,-0.041095890410958916,0.062404870624048703,0.083713850837138518,-0.12671232876712329
MDB_ANALYTICAL_2024_2,BR_HEALTH_REGIONS_END2024_V1,MDB_TERRITORIAL_INTELLIGENCE_1.1,MDB_RADAR_RULESET_1.0,MDB_MISMATCH_DECOMPOSITION_1.0,MDB_PEER_METHOD_1.0,31061,Viçosa,MG,False,False,False,False,False,False,False,0,0.11301369863013699,0.10159817351598172,-0.14003044140030441,-0.15525114155251141,-0.042617960426179602,-0.12328767123287671
MDB_ANALYTICAL_2024_2,BR_HEALTH_REGIONS_END2024_V1,MDB_TERRITORIAL_INTELLIGENCE_1.1,MDB_RADAR_RULESET_1.0,MDB_MISMATCH_DECOMPOSITION_1.0,MDB_PEER_METHOD_1.0,31062,Águas Formosas,MG,False,False,False,False,False,False,True,0,-0.23515981735159819,-0.082191780821917804,-0.15753424657534246,-0.11643835616438354,-0.052511415525114138,-0.64383561643835618
MDB_ANALYTICAL_2024_2,BR_HEALTH_REGIONS_END2024_V1,MDB_TERRITORIAL_INTELLIGENCE_1.1,MDB_RADAR_RULESET_1.0,MDB_MISMATCH_DECOMPOSITION_1.0,MDB_PEER_METHOD_1.0,31064,Araçuaí,MG,False,False,False,False,False,False,True,0,-0.24315068493150685,0.10730593607305938,-0.16210045662100453,-0.14155251141552511,-0.047945205479452059,-0.48744292237442921
MDB_ANALYTICAL_2024_2,BR_HEALTH_REGIONS_END2024_V1,MDB_TERRITORIAL_INTELLIGENCE_1.1,MDB_RADAR_RULESET_1.0,MDB_MISMATCH_DECOMPOSITION_1.0,MDB_PEER_METHOD_1.0,31065,Itaobim,MG,False,False,False,False,False,False,True,0,-0.2363013698630137,-0.15639269406392695,-0.16286149162861491,-0.09817351598173514,-0.097412480974124804,-0.75114155251141557
MDB_ANALYTICAL_2024_2,BR_HEALTH_REGIONS_END2024_V1,MDB_TERRITORIAL_INTELLIGENCE_1.1,MDB_RADAR_RULESET_1.0,MDB_MISMATCH_DECOMPOSITION_1.0,MDB_PEER_METHOD_1.0,31066,Nanuque,MG,False,False,False,False,False,True,True,0,-0.24885844748858449,-0.0068493150684931503,-0.11111111111111112,0.062404870624048703,-0.11263318112633181,-0.41704718417047182
MDB_ANALYTICAL_2024_2,BR_HEALTH_REGIONS_END2024_V1,MDB_TERRITORIAL_INTELLIGENCE_1.1,MDB_RADAR_RULESET_1.0,MDB_MISMATCH_DECOMPOSITION_1.0,MDB_PEER_METHOD_1.0,31067,Padre Paraíso,MG,False,False,False,False,False,False,False,0,-0.13242009132420091,-0.10273972602739725,-0.15905631659056313,-0.080669710806697117,-0.025875190258751918,-0.50076103500761027
MDB_ANALYTICAL_2024_2,BR_HEALTH_REGIONS_END2024_V1,MDB_TERRITORIAL_INTELLIGENCE_1.1,MDB_RADAR_RULESET_1.0,MDB_MISMATCH_DECOMPOSITION_1.0,MDB_PEER_METHOD_1.0,31068,Pedra azul,MG,False,False,False,False,False,True,False,0,-0.050228310502283102,-0.15296803652968038,-0.16666666666666666,0.062404870624048703,-0.11872146118721461,-0.42617960426179607
MDB_ANALYTICAL_2024_2,BR_HEALTH_REGIONS_END2024_V1,MDB_TERRITORIAL_INTELLIGENCE_1.1,MDB_RADAR_RULESET_1.0,MDB_MISMATCH_DECOMPOSITION_1.0,MDB_PEER_METHOD_1.0,31070,Araxá,MG,False,False,False,False,False,True,False,0,0.081050228310502292,-0.059360730593607303,0.0030441400304414001,0.062404870624048703,-0.035007610350076115,0.052130898021308977
MDB_ANALYTICAL_2024_2,BR_HEALTH_REGIONS_END2024_V1,MDB_TERRITORIAL_INTELLIGENCE_1.1,MDB_RADAR_RULESET_1.0,MDB_MISMATCH_DECOMPOSITION_1.0,MDB_PEER_METHOD_1.0,31071,Frutal/Iturama,MG,False,False,False,False,False,True,False,0,0.095890410958904104,-0.10844748858447489,0.041856925418569259,0.062404870624048703,-0.069254185692541853,0.022450532724505312
MDB_ANALYTICAL_2024_2,BR_HEALTH_REGIONS_END2024_V1,MDB_TERRITORIAL_INTELLIGENCE_1.1,MDB_RADAR_RULESET_1.0,MDB_MISMATCH_DECOMPOSITION_1.0,MDB_PEER_METHOD_1.0,31072,Uberaba,MG,False,False,False,True,False,False,False,1,-0.073059360730593603,0.15981735159817351,0.098934550989345518,-0.070776255707762539,-0.055555555555555539,0.05936073059360733
MDB_ANALYTICAL_2024_2,BR_HEALTH_REGIONS_END2024_V1,MDB_TERRITORIAL_INTELLIGENCE_1.1,MDB_RADAR_RULESET_1.0,MDB_MISMATCH_DECOMPOSITION_1.0,MDB_PEER_METHOD_1.0,31073,Ituiutaba,MG,True,False,True,False,False,True,False,2,0.11415525114155251,0.17922374429223742,0.065449010654490103,0.062404870624048703,0.080669710806697104,0.50190258751902583
MDB_ANALYTICAL_2024_2,BR_HEALTH_REGIONS_END2024_V1,MDB_TERRITORIAL_INTELLIGENCE_1.1,MDB_RADAR_RULESET_1.0,MDB_MISMATCH_DECOMPOSITION_1.0,MDB_PEER_METHOD_1.0,31074,Patrocínio/Monte Carmelo,MG,False,False,False,False,False,False,False,0,0.16666666666666669,0.071917808219178092,0.0060882800608828003,-0.15601217656012173,-0.020547945205479458,0.068112633181126397
MDB_ANALYTICAL_2024_2,BR_HEALTH_REGIONS_END2024_V1,MDB_TERRITORIAL_INTELLIGENCE_1.1,MDB_RADAR_RULESET_1.0,MDB_MISMATCH_DECOMPOSITION_1.0,MDB_PEER_METHOD_1.0,31075,Uberlândia/Araguari,MG,False,False,False,True,False,False,False,1,0.0022831050228310779,0.045662100456621002,0.11263318112633183,-0.11719939117199392,-0.10882800608828005,-0.065449010654490061
MDB_ANALYTICAL_2024_2,BR_HEALTH_REGIONS_END2024_V1,MDB_TERRITORIAL_INTELLIGENCE_1.1,MDB_RADAR_RULESET_1.0,MDB_MISMATCH_DECOMPOSITION_1.0,MDB_PEER_METHOD_1.0,31076,Manga,MG,True,False,True,False,False,True,False,2,0.22374429223744291,0.11529680365296802,-0.16362252663622526,0.062404870624048703,0.030441400304414001,0.2682648401826484
MDB_ANALYTICAL_2024_2,BR_HEALTH_REGIONS_END2024_V1,MDB_TERRITORIAL_INTELLIGENCE_1.1,MDB_RADAR_RULESET_1.0,MDB_MISMATCH_DECOMPOSITION_1.0,MDB_PEER_METHOD_1.0,31077,João Pinheiro,MG,False,False,False,True,False,True,False,1,0.2180365296803653,-0.22945205479452055,0.095129375951293754,0.062404870624048703,-0.0091324200913242004,0.13698630136986301
MDB_ANALYTICAL_2024_2,BR_HEALTH_REGIONS_END2024_V1,MDB_TERRITORIAL_INTELLIGENCE_1.1,MDB_RADAR_RULESET_1.0,MDB_MISMATCH_DECOMPOSITION_1.0,MDB_PEER_METHOD_1.0,31078,Congonhas,MG,False,False,False,False,False,False,False,0,-0.013698630136986301,0.022831050228310501,-0.10502283105022832,-0.060882800608828003,-0.16133942161339421,-0.31811263318112631
MDB_ANALYTICAL_2024_2,BR_HEALTH_REGIONS_END2024_V1,MDB_TERRITORIAL_INTELLIGENCE_1.1,MDB_RADAR_RULESET_1.0,MDB_MISMATCH_DECOMPOSITION_1.0,MDB_PEER_METHOD_1.0,31079,Conselheiro Lafaiete,MG,False,False,False,False,False,False,False,0,-0.036529680365296802,-0.20319634703196349,-0.0045662100456621184,-0.10578386605783865,0.022070015220700158,-0.32800608828006089
MDB_ANALYTICAL_2024_2,BR_HEALTH_REGIONS_END2024_V1,MDB_TERRITORIAL_INTELLIGENCE_1.1,MDB_RADAR_RULESET_1.0,MDB_MISMATCH_DECOMPOSITION_1.0,MDB_PEER_METHOD_1.0,31082,São Gotardo,MG,False,False,False,False,False,True,False,0,0.2454337899543379,-0.10616438356164384,0.020547945205479458,0.062404870624048703,0.0060882800608828003,0.22831050228310501
MDB_ANALYTICAL_2024_2,BR_HEALTH_REGIONS_END2024_V1,MDB_TERRITORIAL_INTELLIGENCE_1.1,MDB_RADAR_RULESET_1.0,MDB_MISMATCH_DECOMPOSITION_1.0,MDB_PEER_METHOD_1.0,31083,Bocaiúva,MG,False,False,False,True,False,False,False,1,-0.003424657534246589,0.086757990867579904,-0.072298325722983253,-0.14231354642313546,0.092846270928462718,-0.038432267884322677
MDB_ANALYTICAL_2024_2,BR_HEALTH_REGIONS_END2024_V1,MDB_TERRITORIAL_INTELLIGENCE_1.1,MDB_RADAR_RULESET_1.0,MDB_MISMATCH_DECOMPOSITION_1.0,MDB_PEER_METHOD_1.0,31084,Montes Claros,MG,False,False,False,True,False,False,False,1,-0.084474885844748854,0.19748858447488582,0.12633181126331811,-0.11415525114155252,-0.15068493150684931,-0.025494672754946768
MDB_ANALYTICAL_2024_2,BR_HEALTH_REGIONS_END2024_V1,MDB_TERRITORIAL_INTELLIGENCE_1.1,MDB_RADAR_RULESET_1.0,MDB_MISMATCH_DECOMPOSITION_1.0,MDB_PEER_METHOD_1.0,31085,Taiobeiras,MG,False,False,False,False,False,True,False,0,-0.2089041095890411,-0.011415525114155251,-0.12557077625570773,0.062404870624048703,0.027397260273972601,-0.25608828006088274
MDB_ANALYTICAL_2024_2,BR_HEALTH_REGIONS_END2024_V1,MDB_TERRITORIAL_INTELLIGENCE_1.1,MDB_RADAR_RULESET_1.0,MDB_MISMATCH_DECOMPOSITION_1.0,MDB_PEER_METHOD_1.0,31086,Divinópolis,MG,False,False,False,True,False,False,False,1,0.019406392694063912,-0.11872146118721461,0.090563165905631654,-0.047184170471841716,0.050989345509893459,-0.004946727549467296
MDB_ANALYTICAL_2024_2,BR_HEALTH_REGIONS_END2024_V1,MDB_TERRITORIAL_INTELLIGENCE_1.1,MDB_RADAR_RULESET_1.0,MDB_MISMATCH_DECOMPOSITION_1.0,MDB_PEER_METHOD_1.0,31087,Lagoa da Prata/Santo Antônio do Monte,MG,False,False,False,False,False,True,False,0,0.13926940639269408,-0.20091324200913246,-0.025114155251141541,0.062404870624048703,0.072298325722983253,0.047945205479452038
MDB_ANALYTICAL_2024_2,BR_HEALTH_REGIONS_END2024_V1,MDB_TERRITORIAL_INTELLIGENCE_1.1,MDB_RADAR_RULESET_1.0,MDB_MISMATCH_DECOMPOSITION_1.0,MDB_PEER_METHOD_1.0,31088,Oliveira/Santo Antônio do Amparo,MG,False,False,False,False,False,True,False,0,0.1095890410958904,-0.11986301369863014,-0.15144596651445966,0.062404870624048703,-0.12404870624048706,-0.22336377473363775
MDB_ANALYTICAL_2024_2,BR_HEALTH_REGIONS_END2024_V1,MDB_TERRITORIAL_INTELLIGENCE_1.1,MDB_RADAR_RULESET_1.0,MDB_MISMATCH_DECOMPOSITION_1.0,MDB_PEER_METHOD_1.0,31089,Campo Belo,MG,False,False,False,False,False,True,False,0,0.19863013698630139,-0.090182648401826493,-0.10121765601217654,0.062404870624048703,-0.08599695585996954,-0.016362252663622484
MDB_ANALYTICAL_2024_2,BR_HEALTH_REGIONS_END2024_V1,MDB_TERRITORIAL_INTELLIGENCE_1.1,MDB_RADAR_RULESET_1.0,MDB_MISMATCH_DECOMPOSITION_1.0,MDB_PEER_METHOD_1.0,31090,Lima Duarte,MG,False,False,False,False,False,True,False,0,0.13356164383561642,-0.19292237442922375,-0.13622526636225266,0.062404870624048703,-0.14307458143074581,-0.27625570776255709
MDB_ANALYTICAL_2024_2,BR_HEALTH_REGIONS_END2024_V1,MDB_TERRITORIAL_INTELLIGENCE_1.1,MDB_RADAR_RULESET_1.0,MDB_MISMATCH_DECOMPOSITION_1.0,MDB_PEER_METHOD_1.0,31091,Cássia,MG,True,False,False,False,False,False,False,1,0.158675799086758,0.15753424657534248,-0.13546423135464231,-0.12633181126331811,-0.09512937595129374,-0.040715372907153671
MDB_ANALYTICAL_2024_2,BR_HEALTH_REGIONS_END2024_V1,MDB_TERRITORIAL_INTELLIGENCE_1.1,MDB_RADAR_RULESET_1.0,MDB_MISMATCH_DECOMPOSITION_1.0,MDB_PEER_METHOD_1.0,31092,Passos,MG,False,False,False,False,False,True,False,0,0.21689497716894979,-0.02625570776255709,-0.07990867579908674,0.062404870624048703,-0.067732115677321139,0.10540334855403354
MDB_ANALYTICAL_2024_2,BR_HEALTH_REGIONS_END2024_V1,MDB_TERRITORIAL_INTELLIGENCE_1.1,MDB_RADAR_RULESET_1.0,MDB_MISMATCH_DECOMPOSITION_1.0,MDB_PEER_METHOD_1.0,31093,Piumhi,MG,False,False,False,False,False,True,False,0,0.1449771689497717,-0.020547945205479451,-0.12404870624048706,0.062404870624048703,-0.16514459665144593,-0.10235920852359204
MDB_ANALYTICAL_2024_2,BR_HEALTH_REGIONS_END2024_V1,MDB_TERRITORIAL_INTELLIGENCE_1.1,MDB_RADAR_RULESET_1.0,MDB_MISMATCH_DECOMPOSITION_1.0,MDB_PEER_METHOD_1.0,31094,Almenara/Jacinto,MG,False,False,False,False,False,False,False,0,-0.1769406392694064,-0.049086757990867591,-0.15068493150684931,-0.12937595129375951,0.06012176560121766,-0.44596651445966512
MDB_ANALYTICAL_2024_2,BR_HEALTH_REGIONS_END2024_V1,MDB_TERRITORIAL_INTELLIGENCE_1.1,MDB_RADAR_RULESET_1.0,MDB_MISMATCH_DECOMPOSITION_1.0,MDB_PEER_METHOD_1.0,31095,Serro,MG,False,False,False,False,False,True,False,0,0.042237442922374413,0.05707762557077628,-0.11719939117199392,0.062404870624048703,-0.14687975646879753,-0.10235920852359205
MDB_ANALYTICAL_2024_2,BR_HEALTH_REGIONS_END2024_V1,MDB_TERRITORIAL_INTELLIGENCE_1.1,MDB_RADAR_RULESET_1.0,MDB_MISMATCH_DECOMPOSITION_1.0,MDB_PEER_METHOD_1.0,31096,Itambacuri,MG,False,False,False,False,False,False,True,0,-0.2226027397260274,-0.03538812785388129,-0.050228310502283116,-0.13850837138508371,0.038051750380517502,-0.408675799086758
MDB_ANALYTICAL_2024_2,BR_HEALTH_REGIONS_END2024_V1,MDB_TERRITORIAL_INTELLIGENCE_1.1,MDB_RADAR_RULESET_1.0,MDB_MISMATCH_DECOMPOSITION_1.0,MDB_PEER_METHOD_1.0,31097,Juiz de Fora,MG,False,False,False,True,False,False,False,1,-0.046803652968036541,0.10844748858447489,0.11719939117199392,-0.12404870624048706,-0.090563165905631654,-0.035768645357686424
MDB_ANALYTICAL_2024_2,BR_HEALTH_REGIONS_END2024_V1,MDB_TERRITORIAL_INTELLIGENCE_1.1,MDB_RADAR_RULESET_1.0,MDB_MISMATCH_DECOMPOSITION_1.0,MDB_PEER_METHOD_1.0,31098,Salinas,MG,True,False,False,False,False,False,False,1,0.087899543378995415,0.19863013698630139,-0.14535768645357686,-0.13546423135464231,0.082191780821917804,0.087899543378995443
MDB_ANALYTICAL_2024_2,BR_HEALTH_REGIONS_END2024_V1,MDB_TERRITORIAL_INTELLIGENCE_1.1,MDB_RADAR_RULESET_1.0,MDB_MISMATCH_DECOMPOSITION_1.0,MDB_PEER_METHOD_1.0,31099,Teófilo Otoni/Malacacheta,MG,False,False,False,False,False,False,False,0,-0.02397260273972604,0.0057077625570776114,-0.065449010654490117,-0.12176560121765601,-0.073820395738203939,-0.27929984779299849
MDB_ANALYTICAL_2024_2,BR_HEALTH_REGIONS_END2024_V1,MDB_TERRITORIAL_INTELLIGENCE_1.1,MDB_RADAR_RULESET_1.0,MDB_MISMATCH_DECOMPOSITION_1.0,MDB_PEER_METHOD_1.0,31100,São Francisco,MG,False,False,False,True,False,True,False,1,-0.15981735159817351,-0.073059360730593603,0.008371385083713859,0.062404870624048703,0.14840182648401826,-0.013698630136986301
MDB_ANALYTICAL_2024_2,BR_HEALTH_REGIONS_END2024_V1,MDB_TERRITORIAL_INTELLIGENCE_1.1,MDB_RADAR_RULESET_1.0,MDB_MISMATCH_DECOMPOSITION_1.0,MDB_PEER_METHOD_1.0,31101,Brasília de Minas,MG,False,False,False,False,False,True,False,0,0.05707762557077628,-0.055936073059360741,-0.13242009132420091,0.062404870624048703,0.034246575342465758,-0.034627092846270906
MDB_ANALYTICAL_2024_2,BR_HEALTH_REGIONS_END2024_V1,MDB_TERRITORIAL_INTELLIGENCE_1.1,MDB_RADAR_RULESET_1.0,MDB_MISMATCH_DECOMPOSITION_1.0,MDB_PEER_METHOD_1.0,31102,Peçanha/São João Evangelista/Santa Maria do,MG,False,False,False,False,False,True,False,0,-0.23401826484018265,-0.19863013698630139,-0.15601217656012173,0.062404870624048703,-0.092846270928462718,-0.61910197869101968
MDB_ANALYTICAL_2024_2,BR_HEALTH_REGIONS_END2024_V1,MDB_TERRITORIAL_INTELLIGENCE_1.1,MDB_RADAR_RULESET_1.0,MDB_MISMATCH_DECOMPOSITION_1.0,MDB_PEER_METHOD_1.0,32001,Central,ES,False,False,False,True,False,True,False,1,-0.078767123287671242,-0.10730593607305935,0.12100456621004566,0.062404870624048703,0.032724505327245058,0.030060882800608819
MDB_ANALYTICAL_2024_2,BR_HEALTH_REGIONS_END2024_V1,MDB_TERRITORIAL_INTELLIGENCE_1.1,MDB_RADAR_RULESET_1.0,MDB_MISMATCH_DECOMPOSITION_1.0,MDB_PEER_METHOD_1.0,32002,Metropolitana,ES,False,False,False,True,False,False,False,1,-0.15068493150684931,-0.11415525114155251,0.14231354642313546,-0.049467275494672738,0.043378995433789959,-0.12861491628614916
MDB_ANALYTICAL_2024_2,BR_HEALTH_REGIONS_END2024_V1,MDB_TERRITORIAL_INTELLIGENCE_1.1,MDB_RADAR_RULESET_1.0,MDB_MISMATCH_DECOMPOSITION_1.0,MDB_PEER_METHOD_1.0,32003,Norte,ES,False,False,False,True,False,False,False,1,-0.12100456621004566,-0.013698630136986301,0.087519025875190254,-0.081430745814307454,0.048706240487062402,-0.079908675799086754
MDB_ANALYTICAL_2024_2,BR_HEALTH_REGIONS_END2024_V1,MDB_TERRITORIAL_INTELLIGENCE_1.1,MDB_RADAR_RULESET_1.0,MDB_MISMATCH_DECOMPOSITION_1.0,MDB_PEER_METHOD_1.0,32004,Sul,ES,False,False,False,False,False,True,False,0,-0.051369863013698641,0.068493150684931503,0.06164383561643836,0.062404870624048703,-0.045662100456621002,0.095509893455098915
MDB_ANALYTICAL_2024_2,BR_HEALTH_REGIONS_END2024_V1,MDB_TERRITORIAL_INTELLIGENCE_1.1,MDB_RADAR_RULESET_1.0,MDB_MISMATCH_DECOMPOSITION_1.0,MDB_PEER_METHOD_1.0,33001,Baia da Ilha Grande,RJ,False,False,False,False,False,False,False,0,-0.19634703196347031,0.066210045662100481,0.022831050228310501,-0.10273972602739725,-0.094368340943683404,-0.30441400304414001
MDB_ANALYTICAL_2024_2,BR_HEALTH_REGIONS_END2024_V1,MDB_TERRITORIAL_INTELLIGENCE_1.1,MDB_RADAR_RULESET_1.0,MDB_MISMATCH_DECOMPOSITION_1.0,MDB_PEER_METHOD_1.0,33002,Baixada Litorânea,RJ,False,False,False,False,False,False,False,0,-0.22374429223744291,-0.074200913242009142,0.033485540334855401,-0.046423135464231338,-0.12328767123287672,-0.43417047184170465
MDB_ANALYTICAL_2024_2,BR_HEALTH_REGIONS_END2024_V1,MDB_TERRITORIAL_INTELLIGENCE_1.1,MDB_RADAR_RULESET_1.0,MDB_MISMATCH_DECOMPOSITION_1.0,MDB_PEER_METHOD_1.0,33003,Centro-Sul,RJ,False,False,False,False,False,False,False,0,-0.204337899543379,0.0091324200913242004,-0.14840182648401826,-0.15905631659056313,-0.14611872146118721,-0.64878234398782331
MDB_ANALYTICAL_2024_2,BR_HEALTH_REGIONS_END2024_V1,MDB_TERRITORIAL_INTELLIGENCE_1.1,MDB_RADAR_RULESET_1.0,MDB_MISMATCH_DECOMPOSITION_1.0,MDB_PEER_METHOD_1.0,33004,Médio Paraíba,RJ,False,False,False,False,False,False,False,0,-0.19178082191780821,0.081050228310502292,-0.066971080669710803,-0.11948249619482494,-0.13546423135464231,-0.43264840182648395
MDB_ANALYTICAL_2024_2,BR_HEALTH_REGIONS_END2024_V1,MDB_TERRITORIAL_INTELLIGENCE_1.1,MDB_RADAR_RULESET_1.0,MDB_MISMATCH_DECOMPOSITION_1.0,MDB_PEER_METHOD_1.0,33005,Metropolitana I,RJ,False,False,False,True,False,False,False,1,-0.2408675799086758,-0.050228310502283102,0.15525114155251141,-0.057838660578386603,-0.038051750380517516,-0.2317351598173516
MDB_ANALYTICAL_2024_2,BR_HEALTH_REGIONS_END2024_V1,MDB_TERRITORIAL_INTELLIGENCE_1.1,MDB_RADAR_RULESET_1.0,MDB_MISMATCH_DECOMPOSITION_1.0,MDB_PEER_METHOD_1.0,33006,Metropolitana II,RJ,False,False,False,True,False,False,False,1,-0.2271689497716895,0.13812785388127852,0.13242009132420091,-0.073820395738203939,-0.073059360730593603,-0.10350076103500762
MDB_ANALYTICAL_2024_2,BR_HEALTH_REGIONS_END2024_V1,MDB_TERRITORIAL_INTELLIGENCE_1.1,MDB_RADAR_RULESET_1.0,MDB_MISMATCH_DECOMPOSITION_1.0,MDB_PEER_METHOD_1.0,33007,Noroeste,RJ,False,False,False,False,False,False,False,0,-0.16210045662100458,0.1769406392694064,-0.106544901065449,-0.066971080669710803,-0.066210045662100453,-0.22488584474885845
MDB_ANALYTICAL_2024_2,BR_HEALTH_REGIONS_END2024_V1,MDB_TERRITORIAL_INTELLIGENCE_1.1,MDB_RADAR_RULESET_1.0,MDB_MISMATCH_DECOMPOSITION_1.0,MDB_PEER_METHOD_1.0,33008,Norte,RJ,False,False,False,False,False,False,False,0,-0.10730593607305935,-0.11187214611872145,0.066210045662100453,-0.050228310502283116,-0.062404870624048717,-0.26560121765601219
MDB_ANALYTICAL_2024_2,BR_HEALTH_REGIONS_END2024_V1,MDB_TERRITORIAL_INTELLIGENCE_1.1,MDB_RADAR_RULESET_1.0,MDB_MISMATCH_DECOMPOSITION_1.0,MDB_PEER_METHOD_1.0,33009,Serrana,RJ,False,False,False,False,False,False,False,0,-0.099315068493150693,0.2089041095890411,-0.017503805175038058,-0.069254185692541853,-0.11339421613394214,-0.09056316590563164
MDB_ANALYTICAL_2024_2,BR_HEALTH_REGIONS_END2024_V1,MDB_TERRITORIAL_INTELLIGENCE_1.1,MDB_RADAR_RULESET_1.0,MDB_MISMATCH_DECOMPOSITION_1.0,MDB_PEER_METHOD_1.0,35011,Alto do Tietê,SP,False,False,False,True,False,False,False,1,-0.22031963470319635,0.0068493150684931781,0.15220700152207001,-0.055555555555555539,-0.01598173515981734,-0.13280060882800604
MDB_ANALYTICAL_2024_2,BR_HEALTH_REGIONS_END2024_V1,MDB_TERRITORIAL_INTELLIGENCE_1.1,MDB_RADAR_RULESET_1.0,MDB_MISMATCH_DECOMPOSITION_1.0,MDB_PEER_METHOD_1.0,35012,Franco da Rocha,SP,False,False,False,False,False,True,False,0,-0.14726027397260275,0.1541095890410959,-0.012176560121765601,0.062404870624048703,-0.12633181126331811,-0.069254185692541853
MDB_ANALYTICAL_2024_2,BR_HEALTH_REGIONS_END2024_V1,MDB_TERRITORIAL_INTELLIGENCE_1.1,MDB_RADAR_RULESET_1.0,MDB_MISMATCH_DECOMPOSITION_1.0,MDB_PEER_METHOD_1.0,35013,Mananciais,SP,False,False,False,True,False,True,False,1,-0.2454337899543379,-0.003424657534246589,0.12024353120243532,0.062404870624048703,-0.039573820395738202,-0.10578386605783868
MDB_ANALYTICAL_2024_2,BR_HEALTH_REGIONS_END2024_V1,MDB_TERRITORIAL_INTELLIGENCE_1.1,MDB_RADAR_RULESET_1.0,MDB_MISMATCH_DECOMPOSITION_1.0,MDB_PEER_METHOD_1.0,35014,Rota dos Bandeirantes,SP,False,False,False,True,False,True,False,1,-0.17579908675799089,-0.079908675799086754,0.14992389649923896,0.062404870624048703,-0.033485540334855401,-0.076864535768645353
MDB_ANALYTICAL_2024_2,BR_HEALTH_REGIONS_END2024_V1,MDB_TERRITORIAL_INTELLIGENCE_1.1,MDB_RADAR_RULESET_1.0,MDB_MISMATCH_DECOMPOSITION_1.0,MDB_PEER_METHOD_1.0,35015,Grande ABC,SP,False,False,False,True,False,False,False,1,-0.1997716894977169,0.015981735159817378,0.12709284627092846,-0.066210045662100453,-0.13622526636225266,-0.2591324200913242
MDB_ANALYTICAL_2024_2,BR_HEALTH_REGIONS_END2024_V1,MDB_TERRITORIAL_INTELLIGENCE_1.1,MDB_RADAR_RULESET_1.0,MDB_MISMATCH_DECOMPOSITION_1.0,MDB_PEER_METHOD_1.0,35016,São Paulo,SP,False,False,False,True,False,False,False,1,-0.25,0.033105022831050213,0.14003044140030443,-0.043378995433789938,-0.15372907153729071,-0.27397260273972601
MDB_ANALYTICAL_2024_2,BR_HEALTH_REGIONS_END2024_V1,MDB_TERRITORIAL_INTELLIGENCE_1.1,MDB_RADAR_RULESET_1.0,MDB_MISMATCH_DECOMPOSITION_1.0,MDB_PEER_METHOD_1.0,35021,Central do DRS II,SP,False,False,False,False,False,True,False,0,-0.070776255707762553,-0.012557077625570789,0.050989345509893459,0.062404870624048703,0.012176560121765601,0.04223744292237442
MDB_ANALYTICAL_2024_2,BR_HEALTH_REGIONS_END2024_V1,MDB_TERRITORIAL_INTELLIGENCE_1.1,MDB_RADAR_RULESET_1.0,MDB_MISMATCH_DECOMPOSITION_1.0,MDB_PEER_METHOD_1.0,35022,Lagos do DRS II,SP,False,False,False,False,False,True,False,0,0.012557077625570789,0.003424657534246589,-0.052511415525114138,0.062404870624048703,-0.098934550989345518,-0.073059360730593575
MDB_ANALYTICAL_2024_2,BR_HEALTH_REGIONS_END2024_V1,MDB_TERRITORIAL_INTELLIGENCE_1.1,MDB_RADAR_RULESET_1.0,MDB_MISMATCH_DECOMPOSITION_1.0,MDB_PEER_METHOD_1.0,35023,Consórcios do DRS II,SP,False,False,True,True,False,True,False,2,-0.02625570776255709,0.06164383561643838,0.12328767123287672,0.062404870624048703,0.063926940639269403,0.2850076103500761
MDB_ANALYTICAL_2024_2,BR_HEALTH_REGIONS_END2024_V1,MDB_TERRITORIAL_INTELLIGENCE_1.1,MDB_RADAR_RULESET_1.0,MDB_MISMATCH_DECOMPOSITION_1.0,MDB_PEER_METHOD_1.0,35031,Central do DRS III,SP,False,False,True,True,False,True,False,2,0.050228310502283102,0,0.13850837138508371,0.062404870624048703,0.0106544901065449,0.26179604261796041
MDB_ANALYTICAL_2024_2,BR_HEALTH_REGIONS_END2024_V1,MDB_TERRITORIAL_INTELLIGENCE_1.1,MDB_RADAR_RULESET_1.0,MDB_MISMATCH_DECOMPOSITION_1.0,MDB_PEER_METHOD_1.0,35032,Coração do DRS III,SP,False,False,False,True,False,False,False,1,-0.077625570776255703,-0.042237442922374441,0.10958904109589043,-0.083713850837138518,0.025114155251141558,-0.068873668188736664
MDB_ANALYTICAL_2024_2,BR_HEALTH_REGIONS_END2024_V1,MDB_TERRITORIAL_INTELLIGENCE_1.1,MDB_RADAR_RULESET_1.0,MDB_MISMATCH_DECOMPOSITION_1.0,MDB_PEER_METHOD_1.0,35033,Noroeste do DRS III,SP,False,False,False,False,False,False,False,0,0.082191780821917804,0.042237442922374413,-0.044901065449010659,-0.13318112633181126,0.0038051750380517593,-0.049847792998477934
MDB_ANALYTICAL_2024_2,BR_HEALTH_REGIONS_END2024_V1,MDB_TERRITORIAL_INTELLIGENCE_1.1,MDB_RADAR_RULESET_1.0,MDB_MISMATCH_DECOMPOSITION_1.0,MDB_PEER_METHOD_1.0,35041,Baixada Santista,SP,False,False,False,False,False,False,False,0,-0.091324200913242004,0.013698630136986301,0.054794520547945202,-0.052511415525114138,-0.12024353120243532,-0.19558599695585996
MDB_ANALYTICAL_2024_2,BR_HEALTH_REGIONS_END2024_V1,MDB_TERRITORIAL_INTELLIGENCE_1.1,MDB_RADAR_RULESET_1.0,MDB_MISMATCH_DECOMPOSITION_1.0,MDB_PEER_METHOD_1.0,35051,Norte - Barretos,SP,False,False,False,True,False,False,False,1,-0.059360730593607303,0.084474885844748882,0.12861491628614916,-0.15372907153729071,-0.15449010654490106,-0.15449010654490103
MDB_ANALYTICAL_2024_2,BR_HEALTH_REGIONS_END2024_V1,MDB_TERRITORIAL_INTELLIGENCE_1.1,MDB_RADAR_RULESET_1.0,MDB_MISMATCH_DECOMPOSITION_1.0,MDB_PEER_METHOD_1.0,35052,Sul - Barretos,SP,False,False,False,True,False,True,False,1,-0.10159817351598174,-0.075342465753424653,0.091324200913242032,0.062404870624048703,-0.12937595129375951,-0.15258751902587517
MDB_ANALYTICAL_2024_2,BR_HEALTH_REGIONS_END2024_V1,MDB_TERRITORIAL_INTELLIGENCE_1.1,MDB_RADAR_RULESET_1.0,MDB_MISMATCH_DECOMPOSITION_1.0,MDB_PEER_METHOD_1.0,35061,Vale do Jurumirim,SP,False,False,True,False,False,True,False,1,0.1495433789954338,0.082191780821917804,0.057077625570776259,0.062404870624048703,0.0030441400304414001,0.35426179604261798
MDB_ANALYTICAL_2024_2,BR_HEALTH_REGIONS_END2024_V1,MDB_TERRITORIAL_INTELLIGENCE_1.1,MDB_RADAR_RULESET_1.0,MDB_MISMATCH_DECOMPOSITION_1.0,MDB_PEER_METHOD_1.0,35062,Bauru,SP,False,False,False,False,False,True,False,0,-0.076484018264840192,0.1004566210045662,0.028158295281582958,0.062404870624048703,-0.012176560121765601,0.10235920852359207
MDB_ANALYTICAL_2024_2,BR_HEALTH_REGIONS_END2024_V1,MDB_TERRITORIAL_INTELLIGENCE_1.1,MDB_RADAR_RULESET_1.0,MDB_MISMATCH_DECOMPOSITION_1.0,MDB_PEER_METHOD_1.0,35063,Polo Cuesta,SP,False,False,False,False,False,True,False,0,0.084474885844748882,0.13127853881278539,0.015220700152207001,0.062404870624048703,-0.16438356164383561,0.12899543378995437
MDB_ANALYTICAL_2024_2,BR_HEALTH_REGIONS_END2024_V1,MDB_TERRITORIAL_INTELLIGENCE_1.1,MDB_RADAR_RULESET_1.0,MDB_MISMATCH_DECOMPOSITION_1.0,MDB_PEER_METHOD_1.0,35064,Jaú,SP,False,False,False,False,False,True,False,0,-0.049086757990867591,0.2226027397260274,-0.074581430745814317,0.062404870624048703,-0.050989345509893459,0.11035007610350075
MDB_ANALYTICAL_2024_2,BR_HEALTH_REGIONS_END2024_V1,MDB_TERRITORIAL_INTELLIGENCE_1.1,MDB_RADAR_RULESET_1.0,MDB_MISMATCH_DECOMPOSITION_1.0,MDB_PEER_METHOD_1.0,35065,Lins,SP,True,False,False,False,True,True,False,2,0.10844748858447489,0.18721461187214611,-0.10426179604261794,0.062404870624048703,-0.08904109589041094,0.16476407914764085
MDB_ANALYTICAL_2024_2,BR_HEALTH_REGIONS_END2024_V1,MDB_TERRITORIAL_INTELLIGENCE_1.1,MDB_RADAR_RULESET_1.0,MDB_MISMATCH_DECOMPOSITION_1.0,MDB_PEER_METHOD_1.0,35071,Bragança,SP,False,False,False,True,False,True,False,1,0.014840182648401812,0.04337899543378998,0.095890410958904118,0.062404870624048703,0.0022831050228310592,0.21879756468797565
MDB_ANALYTICAL_2024_2,BR_HEALTH_REGIONS_END2024_V1,MDB_TERRITORIAL_INTELLIGENCE_1.1,MDB_RADAR_RULESET_1.0,MDB_MISMATCH_DECOMPOSITION_1.0,MDB_PEER_METHOD_1.0,35072,Região Metropolitana de Campinas,SP,False,False,False,False,False,False,False,0,-0.13812785388127855,0.041095890410958902,0.076864535768645353,-0.057077625570776259,-0.081430745814307454,-0.158675799086758
MDB_ANALYTICAL_2024_2,BR_HEALTH_REGIONS_END2024_V1,MDB_TERRITORIAL_INTELLIGENCE_1.1,MDB_RADAR_RULESET_1.0,MDB_MISMATCH_DECOMPOSITION_1.0,MDB_PEER_METHOD_1.0,35073,Jundiaí,SP,False,False,False,True,False,False,False,1,-0.18264840182648401,0.095890410958904104,0.10730593607305935,-0.075342465753424653,-0.022070015220700141,-0.07686453576864534
MDB_ANALYTICAL_2024_2,BR_HEALTH_REGIONS_END2024_V1,MDB_TERRITORIAL_INTELLIGENCE_1.1,MDB_RADAR_RULESET_1.0,MDB_MISMATCH_DECOMPOSITION_1.0,MDB_PEER_METHOD_1.0,35074,Circuito das Águas,SP,False,False,False,False,False,True,False,0,0.073059360730593603,0.16552511415525112,-0.092846270928462718,0.062404870624048703,-0.16286149162861491,0.045281582952815813
MDB_ANALYTICAL_2024_2,BR_HEALTH_REGIONS_END2024_V1,MDB_TERRITORIAL_INTELLIGENCE_1.1,MDB_RADAR_RULESET_1.0,MDB_MISMATCH_DECOMPOSITION_1.0,MDB_PEER_METHOD_1.0,35081,Três Colinas,SP,False,False,True,True,False,True,False,2,-0.0011415525114155389,0.19634703196347031,0.15677321156773211,0.062404870624048703,-0.071537290715372917,0.34284627092846265
MDB_ANALYTICAL_2024_2,BR_HEALTH_REGIONS_END2024_V1,MDB_TERRITORIAL_INTELLIGENCE_1.1,MDB_RADAR_RULESET_1.0,MDB_MISMATCH_DECOMPOSITION_1.0,MDB_PEER_METHOD_1.0,35082,Alta Anhanguera,SP,False,False,False,False,False,True,False,0,-0.012557077625570789,0.13698630136986301,-0.11339421613394214,0.062404870624048703,-0.068493150684931517,0.0049467275494672613
MDB_ANALYTICAL_2024_2,BR_HEALTH_REGIONS_END2024_V1,MDB_TERRITORIAL_INTELLIGENCE_1.1,MDB_RADAR_RULESET_1.0,MDB_MISMATCH_DECOMPOSITION_1.0,MDB_PEER_METHOD_1.0,35083,Alta Mogiana,SP,False,False,False,False,False,False,False,0,-0.058219178082191791,0.1678082191780822,-0.12100456621004566,-0.15753424657534246,-0.13774733637747333,-0.30669710806697104
MDB_ANALYTICAL_2024_2,BR_HEALTH_REGIONS_END2024_V1,MDB_TERRITORIAL_INTELLIGENCE_1.1,MDB_RADAR_RULESET_1.0,MDB_MISMATCH_DECOMPOSITION_1.0,MDB_PEER_METHOD_1.0,35091,Adamantina,SP,True,False,False,False,False,True,False,1,0.066210045662100481,0.24885844748858449,-0.12709284627092846,0.062404870624048703,-0.14840182648401826,0.10197869101978693
MDB_ANALYTICAL_2024_2,BR_HEALTH_REGIONS_END2024_V1,MDB_TERRITORIAL_INTELLIGENCE_1.1,MDB_RADAR_RULESET_1.0,MDB_MISMATCH_DECOMPOSITION_1.0,MDB_PEER_METHOD_1.0,35092,Assis,SP,False,False,False,False,True,True,False,1,0.090182648401826493,0.15639269406392692,-0.085235920852359204,0.062404870624048703,-0.061643835616438339,0.16210045662100458
MDB_ANALYTICAL_2024_2,BR_HEALTH_REGIONS_END2024_V1,MDB_TERRITORIAL_INTELLIGENCE_1.1,MDB_RADAR_RULESET_1.0,MDB_MISMATCH_DECOMPOSITION_1.0,MDB_PEER_METHOD_1.0,35093,Marília,SP,True,False,True,False,False,True,False,2,0.10273972602739728,0.24657534246575341,0.068493150684931503,0.062404870624048703,-0.14383561643835613,0.33637747336377477
MDB_ANALYTICAL_2024_2,BR_HEALTH_REGIONS_END2024_V1,MDB_TERRITORIAL_INTELLIGENCE_1.1,MDB_RADAR_RULESET_1.0,MDB_MISMATCH_DECOMPOSITION_1.0,MDB_PEER_METHOD_1.0,35094,Ourinhos,SP,False,False,False,False,False,True,False,0,-0.082191780821917804,0.063926940639269403,-0.09208523592085234,0.062404870624048703,-0.053272450532724516,-0.10121765601217655
MDB_ANALYTICAL_2024_2,BR_HEALTH_REGIONS_END2024_V1,MDB_TERRITORIAL_INTELLIGENCE_1.1,MDB_RADAR_RULESET_1.0,MDB_MISMATCH_DECOMPOSITION_1.0,MDB_PEER_METHOD_1.0,35095,Tupã,SP,True,False,True,False,True,True,False,3,0.06164383561643838,0.2454337899543379,-0.037290715372907138,0.062404870624048703,-0.054794520547945202,0.27739726027397266
MDB_ANALYTICAL_2024_2,BR_HEALTH_REGIONS_END2024_V1,MDB_TERRITORIAL_INTELLIGENCE_1.1,MDB_RADAR_RULESET_1.0,MDB_MISMATCH_DECOMPOSITION_1.0,MDB_PEER_METHOD_1.0,35101,Araras,SP,False,False,False,False,False,True,False,0,-0.10273972602739725,0.04794520547945208,-0.083713850837138518,0.062404870624048703,-0.038812785388127859,-0.11491628614916286
MDB_ANALYTICAL_2024_2,BR_HEALTH_REGIONS_END2024_V1,MDB_TERRITORIAL_INTELLIGENCE_1.1,MDB_RADAR_RULESET_1.0,MDB_MISMATCH_DECOMPOSITION_1.0,MDB_PEER_METHOD_1.0,35102,Limeira,SP,False,False,False,False,False,False,False,0,-0.057077625570776253,0.02168949771689499,0.050228310502283102,-0.11035007610350074,0.023592085235920858,-0.071917808219178037
MDB_ANALYTICAL_2024_2,BR_HEALTH_REGIONS_END2024_V1,MDB_TERRITORIAL_INTELLIGENCE_1.1,MDB_RADAR_RULESET_1.0,MDB_MISMATCH_DECOMPOSITION_1.0,MDB_PEER_METHOD_1.0,35103,Piracicaba,SP,False,False,False,True,False,True,False,1,-0.068493150684931503,-0.02853881278538814,0.082952815829528154,0.062404870624048703,0.10045662100456623,0.14878234398782345
MDB_ANALYTICAL_2024_2,BR_HEALTH_REGIONS_END2024_V1,MDB_TERRITORIAL_INTELLIGENCE_1.1,MDB_RADAR_RULESET_1.0,MDB_MISMATCH_DECOMPOSITION_1.0,MDB_PEER_METHOD_1.0,35104,Rio Claro,SP,False,False,False,False,False,True,False,0,-0.12328767123287671,-0.12442922374429224,0.071537290715372903,0.062404870624048703,-0.10578386605783865,-0.219558599695586
MDB_ANALYTICAL_2024_2,BR_HEALTH_REGIONS_END2024_V1,MDB_TERRITORIAL_INTELLIGENCE_1.1,MDB_RADAR_RULESET_1.0,MDB_MISMATCH_DECOMPOSITION_1.0,MDB_PEER_METHOD_1.0,35111,Alta Paulista,SP,False,False,False,False,False,False,False,0,-0.16894977168949771,0.20776255707762559,-0.091324200913242004,-0.10197869101978692,-0.11948249619482494,-0.27397260273972596
MDB_ANALYTICAL_2024_2,BR_HEALTH_REGIONS_END2024_V1,MDB_TERRITORIAL_INTELLIGENCE_1.1,MDB_RADAR_RULESET_1.0,MDB_MISMATCH_DECOMPOSITION_1.0,MDB_PEER_METHOD_1.0,35112,Alta Sorocabana,SP,False,False,False,False,True,True,False,1,-0.034246575342465752,0.23287671232876711,-0.08295281582952814,0.062404870624048703,-0.15981735159817351,0.018264840182648401
MDB_ANALYTICAL_2024_2,BR_HEALTH_REGIONS_END2024_V1,MDB_TERRITORIAL_INTELLIGENCE_1.1,MDB_RADAR_RULESET_1.0,MDB_MISMATCH_DECOMPOSITION_1.0,MDB_PEER_METHOD_1.0,35113,Alto Capivari,SP,True,False,False,False,True,True,False,2,0.19748858447488582,0.22146118721461189,-0.15677321156773211,0.062404870624048703,-0.095890410958904118,0.2286910197869102
MDB_ANALYTICAL_2024_2,BR_HEALTH_REGIONS_END2024_V1,MDB_TERRITORIAL_INTELLIGENCE_1.1,MDB_RADAR_RULESET_1.0,MDB_MISMATCH_DECOMPOSITION_1.0,MDB_PEER_METHOD_1.0,35114,Extremo Oeste Paulista,SP,True,False,False,False,False,False,False,1,0.12899543378995432,0.23059360730593609,-0.023592085235920858,-0.13394216133942161,0.044140030441400302,0.24619482496194822
MDB_ANALYTICAL_2024_2,BR_HEALTH_REGIONS_END2024_V1,MDB_TERRITORIAL_INTELLIGENCE_1.1,MDB_RADAR_RULESET_1.0,MDB_MISMATCH_DECOMPOSITION_1.0,MDB_PEER_METHOD_1.0,35115,Pontal do Paranapanema,SP,True,False,False,False,True,True,False,2,0.1678082191780822,0.24315068493150682,-0.14764079147640791,0.062404870624048703,-0.084474885844748854,0.24124809741248096
MDB_ANALYTICAL_2024_2,BR_HEALTH_REGIONS_END2024_V1,MDB_TERRITORIAL_INTELLIGENCE_1.1,MDB_RADAR_RULESET_1.0,MDB_MISMATCH_DECOMPOSITION_1.0,MDB_PEER_METHOD_1.0,35121,Vale do Ribeira,SP,False,False,False,False,False,False,False,0,-0.018264840182648401,-0.078767123287671242,-0.050989345509893459,-0.079147640791476404,-0.0045662100456621184,-0.23173515981735163
MDB_ANALYTICAL_2024_2,BR_HEALTH_REGIONS_END2024_V1,MDB_TERRITORIAL_INTELLIGENCE_1.1,MDB_RADAR_RULESET_1.0,MDB_MISMATCH_DECOMPOSITION_1.0,MDB_PEER_METHOD_1.0,35131,Horizonte Verde,SP,False,False,False,False,False,True,False,0,0.010273972602739712,0.090182648401826493,0.045662100456621002,0.062404870624048703,-0.09208523592085234,0.11643835616438357
MDB_ANALYTICAL_2024_2,BR_HEALTH_REGIONS_END2024_V1,MDB_TERRITORIAL_INTELLIGENCE_1.1,MDB_RADAR_RULESET_1.0,MDB_MISMATCH_DECOMPOSITION_1.0,MDB_PEER_METHOD_1.0,35132,Aquífero Guarani,SP,False,False,False,True,False,True,False,1,-0.038812785388127852,0.12100456621004568,0.13622526636225266,0.062404870624048703,-0.15753424657534246,0.12328767123287673
MDB_ANALYTICAL_2024_2,BR_HEALTH_REGIONS_END2024_V1,MDB_TERRITORIAL_INTELLIGENCE_1.1,MDB_RADAR_RULESET_1.0,MDB_MISMATCH_DECOMPOSITION_1.0,MDB_PEER_METHOD_1.0,35133,Vale das Cachoeiras,SP,False,False,True,True,False,True,False,2,-0.044520547945205491,0.21004566210045661,0.15372907153729071,0.062404870624048703,-0.11643835616438354,0.265220700152207
MDB_ANALYTICAL_2024_2,BR_HEALTH_REGIONS_END2024_V1,MDB_TERRITORIAL_INTELLIGENCE_1.1,MDB_RADAR_RULESET_1.0,MDB_MISMATCH_DECOMPOSITION_1.0,MDB_PEER_METHOD_1.0,35141,Baixa Mogiana,SP,False,False,False,False,False,True,False,0,-0.081050228310502292,0.23972602739726029,-0.038812785388127859,0.062404870624048703,-0.13089802130898021,0.051369863013698641
MDB_ANALYTICAL_2024_2,BR_HEALTH_REGIONS_END2024_V1,MDB_TERRITORIAL_INTELLIGENCE_1.1,MDB_RADAR_RULESET_1.0,MDB_MISMATCH_DECOMPOSITION_1.0,MDB_PEER_METHOD_1.0,35142,Mantiqueira,SP,True,False,True,False,False,True,False,2,0.13242009132420091,0.24771689497716892,-0.084474885844748854,0.062404870624048703,-0.093607305936073054,0.26445966514459662
MDB_ANALYTICAL_2024_2,BR_HEALTH_REGIONS_END2024_V1,MDB_TERRITORIAL_INTELLIGENCE_1.1,MDB_RADAR_RULESET_1.0,MDB_MISMATCH_DECOMPOSITION_1.0,MDB_PEER_METHOD_1.0,35143,Rio Pardo,SP,True,False,False,False,False,True,False,1,0.031963470319634701,0.25,-0.13926940639269406,0.062404870624048703,-0.10502283105022832,0.10007610350076103
MDB_ANALYTICAL_2024_2,BR_HEALTH_REGIONS_END2024_V1,MDB_TERRITORIAL_INTELLIGENCE_1.1,MDB_RADAR_RULESET_1.0,MDB_MISMATCH_DECOMPOSITION_1.0,MDB_PEER_METHOD_1.0,35151,Catanduva,SP,False,False,False,False,False,True,False,0,-0.052511415525114152,0.16666666666666669,0.0106544901065449,0.062404870624048703,-0.13698630136986301,0.05022831050228313
MDB_ANALYTICAL_2024_2,BR_HEALTH_REGIONS_END2024_V1,MDB_TERRITORIAL_INTELLIGENCE_1.1,MDB_RADAR_RULESET_1.0,MDB_MISMATCH_DECOMPOSITION_1.0,MDB_PEER_METHOD_1.0,35152,Santa Fé do Sul,SP,True,False,False,False,False,True,False,1,0.17579908675799089,0.078767123287671215,0.026636225266362258,0.062404870624048703,-0.13242009132420091,0.21118721461187218
MDB_ANALYTICAL_2024_2,BR_HEALTH_REGIONS_END2024_V1,MDB_TERRITORIAL_INTELLIGENCE_1.1,MDB_RADAR_RULESET_1.0,MDB_MISMATCH_DECOMPOSITION_1.0,MDB_PEER_METHOD_1.0,35153,Jales,SP,False,False,True,True,False,True,False,2,0.085616438356164393,0.11073059360730592,0.13546423135464231,0.062404870624048703,0.0098934550989345591,0.4041095890410959
MDB_ANALYTICAL_2024_2,BR_HEALTH_REGIONS_END2024_V1,MDB_TERRITORIAL_INTELLIGENCE_1.1,MDB_RADAR_RULESET_1.0,MDB_MISMATCH_DECOMPOSITION_1.0,MDB_PEER_METHOD_1.0,35154,Fernandópolis,SP,False,False,False,False,False,True,False,0,-0.010273972602739739,-0.034246575342465752,0.057838660578386603,0.062404870624048703,-0.048706240487062402,0.027016742770167412
MDB_ANALYTICAL_2024_2,BR_HEALTH_REGIONS_END2024_V1,MDB_TERRITORIAL_INTELLIGENCE_1.1,MDB_RADAR_RULESET_1.0,MDB_MISMATCH_DECOMPOSITION_1.0,MDB_PEER_METHOD_1.0,35155,São José do Rio Preto,SP,False,False,False,False,False,True,False,0,-0.10616438356164384,0.20091324200913241,0.047945205479452059,0.062404870624048703,-0.14459665144596651,0.060502283105022814
MDB_ANALYTICAL_2024_2,BR_HEALTH_REGIONS_END2024_V1,MDB_TERRITORIAL_INTELLIGENCE_1.1,MDB_RADAR_RULESET_1.0,MDB_MISMATCH_DECOMPOSITION_1.0,MDB_PEER_METHOD_1.0,35156,José Bonifácio,SP,False,False,False,True,False,True,False,1,-0.13127853881278539,0.11187214611872148,0.16590563165905631,0.062404870624048703,-0.14003044140030441,0.068873668188736692
MDB_ANALYTICAL_2024_2,BR_HEALTH_REGIONS_END2024_V1,MDB_TERRITORIAL_INTELLIGENCE_1.1,MDB_RADAR_RULESET_1.0,MDB_MISMATCH_DECOMPOSITION_1.0,MDB_PEER_METHOD_1.0,35157,Votuporanga,SP,True,False,False,False,False,True,False,1,0.11643835616438358,0.13470319634703198,0.0091324200913242004,0.062404870624048703,-0.10121765601217654,0.22146118721461194
MDB_ANALYTICAL_2024_2,BR_HEALTH_REGIONS_END2024_V1,MDB_TERRITORIAL_INTELLIGENCE_1.1,MDB_RADAR_RULESET_1.0,MDB_MISMATCH_DECOMPOSITION_1.0,MDB_PEER_METHOD_1.0,35161,Itapetininga,SP,False,False,False,False,False,False,False,0,0.003424657534246589,-0.067351598173515992,-0.038051750380517516,-0.061643835616438339,-0.0068493150684931408,-0.17047184170471841
MDB_ANALYTICAL_2024_2,BR_HEALTH_REGIONS_END2024_V1,MDB_TERRITORIAL_INTELLIGENCE_1.1,MDB_RADAR_RULESET_1.0,MDB_MISMATCH_DECOMPOSITION_1.0,MDB_PEER_METHOD_1.0,35162,Itapeva,SP,False,False,False,False,True,True,False,1,0.19178082191780821,-0.1541095890410959,-0.057077625570776259,0.062404870624048703,0.060882800608828003,0.10388127853881277
MDB_ANALYTICAL_2024_2,BR_HEALTH_REGIONS_END2024_V1,MDB_TERRITORIAL_INTELLIGENCE_1.1,MDB_RADAR_RULESET_1.0,MDB_MISMATCH_DECOMPOSITION_1.0,MDB_PEER_METHOD_1.0,35163,Sorocaba,SP,False,False,False,False,False,False,False,0,-0.0022831050228310501,0.012557077625570789,0.031963470319634701,-0.073059360730593603,-0.10806697108066972,-0.1388888888888889
MDB_ANALYTICAL_2024_2,BR_HEALTH_REGIONS_END2024_V1,MDB_TERRITORIAL_INTELLIGENCE_1.1,MDB_RADAR_RULESET_1.0,MDB_MISMATCH_DECOMPOSITION_1.0,MDB_PEER_METHOD_1.0,35171,Alto Vale do Paraíba,SP,False,False,False,True,False,True,False,1,-0.14383561643835618,0.14155251141552511,0.13318112633181126,0.062404870624048703,-0.018264840182648401,0.17503805175038048
MDB_ANALYTICAL_2024_2,BR_HEALTH_REGIONS_END2024_V1,MDB_TERRITORIAL_INTELLIGENCE_1.1,MDB_RADAR_RULESET_1.0,MDB_MISMATCH_DECOMPOSITION_1.0,MDB_PEER_METHOD_1.0,35172,Circuito da Fé e Vale Histórico,SP,False,False,False,False,False,True,False,0,-0.12442922374429224,-0.025114155251141551,0.013698630136986301,0.062404870624048703,-0.014459665144596659,-0.087899543378995457
MDB_ANALYTICAL_2024_2,BR_HEALTH_REGIONS_END2024_V1,MDB_TERRITORIAL_INTELLIGENCE_1.1,MDB_RADAR_RULESET_1.0,MDB_MISMATCH_DECOMPOSITION_1.0,MDB_PEER_METHOD_1.0,35173,Litoral Norte,SP,False,False,False,False,False,True,False,0,-0.02853881278538814,0.12785388127853881,0.011415525114155259,0.062404870624048703,-0.13470319634703193,0.038432267884322691
MDB_ANALYTICAL_2024_2,BR_HEALTH_REGIONS_END2024_V1,MDB_TERRITORIAL_INTELLIGENCE_1.1,MDB_RADAR_RULESET_1.0,MDB_MISMATCH_DECOMPOSITION_1.0,MDB_PEER_METHOD_1.0,35174,Vale do Paraíba/Região Serrana,SP,False,False,False,True,False,False,False,1,-0.22146118721461189,-0.022831050228310501,0.12480974124809743,-0.095890410958904118,-0.023592085235920858,-0.23896499238964994
MDB_ANALYTICAL_2024_2,BR_HEALTH_REGIONS_END2024_V1,MDB_TERRITORIAL_INTELLIGENCE_1.1,MDB_RADAR_RULESET_1.0,MDB_MISMATCH_DECOMPOSITION_1.0,MDB_PEER_METHOD_1.0,41001,1ª RS Paranaguá,PR,False,False,True,True,False,True,False,2,0.04337899543378998,0.073059360730593603,0.059360730593607303,0.062404870624048703,0.087519025875190254,0.32572298325722981
MDB_ANALYTICAL_2024_2,BR_HEALTH_REGIONS_END2024_V1,MDB_TERRITORIAL_INTELLIGENCE_1.1,MDB_RADAR_RULESET_1.0,MDB_MISMATCH_DECOMPOSITION_1.0,MDB_PEER_METHOD_1.0,41002,2ª RS Metropolitana,PR,False,False,False,True,True,False,False,2,-0.063926940639269403,0.094748858447488593,0.11643835616438356,-0.044140030441400316,0.025875190258751901,0.12899543378995432
MDB_ANALYTICAL_2024_2,BR_HEALTH_REGIONS_END2024_V1,MDB_TERRITORIAL_INTELLIGENCE_1.1,MDB_RADAR_RULESET_1.0,MDB_MISMATCH_DECOMPOSITION_1.0,MDB_PEER_METHOD_1.0,41003,3ª RS Ponta Grossa,PR,False,True,True,True,True,True,False,4,0.094748858447488593,0.03082191780821919,0.094368340943683432,0.062404870624048703,0.12404870624048706,0.40639269406392697
MDB_ANALYTICAL_2024_2,BR_HEALTH_REGIONS_END2024_V1,MDB_TERRITORIAL_INTELLIGENCE_1.1,MDB_RADAR_RULESET_1.0,MDB_MISMATCH_DECOMPOSITION_1.0,MDB_PEER_METHOD_1.0,41004,4ª RS Irati,PR,False,False,False,True,True,False,False,2,0.060502283105022814,0.12671232876712329,0.031202435312024358,-0.14687975646879753,0.14535768645357686,0.21689497716894979
MDB_ANALYTICAL_2024_2,BR_HEALTH_REGIONS_END2024_V1,MDB_TERRITORIAL_INTELLIGENCE_1.1,MDB_RADAR_RULESET_1.0,MDB_MISMATCH_DECOMPOSITION_1.0,MDB_PEER_METHOD_1.0,41005,5ª RS Guarapuava,PR,True,False,True,True,True,False,False,4,0.22602739726027399,0.10616438356164382,-0.01598173515981734,-0.063165905631659053,0.13850837138508371,0.39155251141552511
MDB_ANALYTICAL_2024_2,BR_HEALTH_REGIONS_END2024_V1,MDB_TERRITORIAL_INTELLIGENCE_1.1,MDB_RADAR_RULESET_1.0,MDB_MISMATCH_DECOMPOSITION_1.0,MDB_PEER_METHOD_1.0,41006,6ª RS União da Vitória,PR,True,True,True,True,True,True,False,5,0.19292237442922372,0.085616438356164393,0.11339421613394216,0.062404870624048703,0.11035007610350075,0.56468797564687967
MDB_ANALYTICAL_2024_2,BR_HEALTH_REGIONS_END2024_V1,MDB_TERRITORIAL_INTELLIGENCE_1.1,MDB_RADAR_RULESET_1.0,MDB_MISMATCH_DECOMPOSITION_1.0,MDB_PEER_METHOD_1.0,41007,7ª RS Pato Branco,PR,False,False,False,False,True,False,False,1,0.22945205479452052,-0.018264840182648401,-0.048706240487062402,-0.094368340943683404,0.079908675799086754,0.14802130898021307
MDB_ANALYTICAL_2024_2,BR_HEALTH_REGIONS_END2024_V1,MDB_TERRITORIAL_INTELLIGENCE_1.1,MDB_RADAR_RULESET_1.0,MDB_MISMATCH_DECOMPOSITION_1.0,MDB_PEER_METHOD_1.0,41008,8ª RS Francisco Beltrão,PR,False,False,True,False,True,True,False,2,0.21118721461187212,-0.039954337899543391,-0.030441400304414001,0.062404870624048703,0.054794520547945202,0.25799086757990863
MDB_ANALYTICAL_2024_2,BR_HEALTH_REGIONS_END2024_V1,MDB_TERRITORIAL_INTELLIGENCE_1.1,MDB_RADAR_RULESET_1.0,MDB_MISMATCH_DECOMPOSITION_1.0,MDB_PEER_METHOD_1.0,41009,9ª RS Foz do Iguaçu,PR,False,False,True,False,True,True,False,2,0.074200913242009114,0.16438356164383561,0.069254185692541853,0.062404870624048703,0.056316590563165903,0.42656012176560121
MDB_ANALYTICAL_2024_2,BR_HEALTH_REGIONS_END2024_V1,MDB_TERRITORIAL_INTELLIGENCE_1.1,MDB_RADAR_RULESET_1.0,MDB_MISMATCH_DECOMPOSITION_1.0,MDB_PEER_METHOD_1.0,41010,10ª RS Cascavel,PR,False,False,True,True,True,True,False,3,0.12214611872146119,0.027397260273972601,0.13013698630136986,0.062404870624048703,0.049467275494672759,0.39155251141552511
MDB_ANALYTICAL_2024_2,BR_HEALTH_REGIONS_END2024_V1,MDB_TERRITORIAL_INTELLIGENCE_1.1,MDB_RADAR_RULESET_1.0,MDB_MISMATCH_DECOMPOSITION_1.0,MDB_PEER_METHOD_1.0,41011,11ª RS Campo Mourão,PR,False,False,False,False,True,True,False,1,0.0068493150684931781,0.14383561643835618,-0.033485540334855401,0.062404870624048703,0.046423135464231359,0.22602739726027402
MDB_ANALYTICAL_2024_2,BR_HEALTH_REGIONS_END2024_V1,MDB_TERRITORIAL_INTELLIGENCE_1.1,MDB_RADAR_RULESET_1.0,MDB_MISMATCH_DECOMPOSITION_1.0,MDB_PEER_METHOD_1.0,41012,12ª RS Umuarama,PR,False,False,True,True,True,True,False,3,0.0011415525114155112,0.24200913242009131,0.15829528158295281,0.062404870624048703,-0.099695585996955854,0.36415525114155245
MDB_ANALYTICAL_2024_2,BR_HEALTH_REGIONS_END2024_V1,MDB_TERRITORIAL_INTELLIGENCE_1.1,MDB_RADAR_RULESET_1.0,MDB_MISMATCH_DECOMPOSITION_1.0,MDB_PEER_METHOD_1.0,41013,13ª RS Cianorte,PR,False,False,True,True,True,True,False,3,-0.03538812785388129,0.093607305936073082,0.10654490106544903,0.062404870624048703,0.068493150684931503,0.295662100456621
MDB_ANALYTICAL_2024_2,BR_HEALTH_REGIONS_END2024_V1,MDB_TERRITORIAL_INTELLIGENCE_1.1,MDB_RADAR_RULESET_1.0,MDB_MISMATCH_DECOMPOSITION_1.0,MDB_PEER_METHOD_1.0,41014,14ª RS Paranavaí,PR,True,False,True,True,True,True,False,4,0.1632420091324201,0.1632420091324201,0.083713850837138518,0.062404870624048703,0.089041095890410954,0.56164383561643838
MDB_ANALYTICAL_2024_2,BR_HEALTH_REGIONS_END2024_V1,MDB_TERRITORIAL_INTELLIGENCE_1.1,MDB_RADAR_RULESET_1.0,MDB_MISMATCH_DECOMPOSITION_1.0,MDB_PEER_METHOD_1.0,41015,15ª RS Maringá,PR,False,False,False,False,True,False,False,1,-0.086757990867579904,0.13926940639269408,0.080669710806697104,-0.090563165905631654,0.0091324200913242004,0.05175038051750383
MDB_ANALYTICAL_2024_2,BR_HEALTH_REGIONS_END2024_V1,MDB_TERRITORIAL_INTELLIGENCE_1.1,MDB_RADAR_RULESET_1.0,MDB_MISMATCH_DECOMPOSITION_1.0,MDB_PEER_METHOD_1.0,41016,16ª RS Apucarana,PR,False,False,False,False,True,True,False,1,-0.0057077625570776391,0.2408675799086758,-0.061643835616438339,0.062404870624048703,-0.14992389649923893,0.085996955859969582
MDB_ANALYTICAL_2024_2,BR_HEALTH_REGIONS_END2024_V1,MDB_TERRITORIAL_INTELLIGENCE_1.1,MDB_RADAR_RULESET_1.0,MDB_MISMATCH_DECOMPOSITION_1.0,MDB_PEER_METHOD_1.0,41017,17ª RS Londrina,PR,False,False,True,True,False,True,False,2,-0.085616438356164393,0.2134703196347032,0.099695585996955854,0.062404870624048703,-0,0.28995433789954339
MDB_ANALYTICAL_2024_2,BR_HEALTH_REGIONS_END2024_V1,MDB_TERRITORIAL_INTELLIGENCE_1.1,MDB_RADAR_RULESET_1.0,MDB_MISMATCH_DECOMPOSITION_1.0,MDB_PEER_METHOD_1.0,41018,18ª RS Cornélio Procópio,PR,False,False,False,True,True,False,False,2,0.023972602739726012,0.18835616438356162,-0.035007610350076115,-0.13698630136986301,0.095129375951293754,0.13546423135464228
MDB_ANALYTICAL_2024_2,BR_HEALTH_REGIONS_END2024_V1,MDB_TERRITORIAL_INTELLIGENCE_1.1,MDB_RADAR_RULESET_1.0,MDB_MISMATCH_DECOMPOSITION_1.0,MDB_PEER_METHOD_1.0,41019,19ª RS Jacarezinho,PR,True,True,True,True,True,True,False,5,0.17123287671232879,0.11415525114155251,0.13165905631659056,0.062404870624048703,0.14916286149162863,0.62861491628614918
MDB_ANALYTICAL_2024_2,BR_HEALTH_REGIONS_END2024_V1,MDB_TERRITORIAL_INTELLIGENCE_1.1,MDB_RADAR_RULESET_1.0,MDB_MISMATCH_DECOMPOSITION_1.0,MDB_PEER_METHOD_1.0,41020,20ª RS Toledo,PR,False,False,True,False,True,True,False,2,0.13584474885844749,0.069634703196347014,-0.0053272450532724589,0.062404870624048703,0.070015220700152203,0.33257229832572299
MDB_ANALYTICAL_2024_2,BR_HEALTH_REGIONS_END2024_V1,MDB_TERRITORIAL_INTELLIGENCE_1.1,MDB_RADAR_RULESET_1.0,MDB_MISMATCH_DECOMPOSITION_1.0,MDB_PEER_METHOD_1.0,41021,21ª RS Telêmaco Borba,PR,True,True,True,True,True,True,False,5,0.083333333333333315,0.1906392694063927,0.053272450532724502,0.062404870624048703,0.15144596651445966,0.54109589041095885
MDB_ANALYTICAL_2024_2,BR_HEALTH_REGIONS_END2024_V1,MDB_TERRITORIAL_INTELLIGENCE_1.1,MDB_RADAR_RULESET_1.0,MDB_MISMATCH_DECOMPOSITION_1.0,MDB_PEER_METHOD_1.0,41022,22ª RS Ivaiporã,PR,True,False,True,False,True,True,False,3,0.1004566210045662,0.22602739726027399,-0.08904109589041094,0.062404870624048703,0.036529680365296802,0.33637747336377477
MDB_ANALYTICAL_2024_2,BR_HEALTH_REGIONS_END2024_V1,MDB_TERRITORIAL_INTELLIGENCE_1.1,MDB_RADAR_RULESET_1.0,MDB_MISMATCH_DECOMPOSITION_1.0,MDB_PEER_METHOD_1.0,42001,Extremo Oeste,SC,True,False,True,False,True,True,False,3,0.24771689497716892,0.12899543378995432,0.056316590563165903,0.062404870624048703,0.047184170471841702,0.5426179604261796
MDB_ANALYTICAL_2024_2,BR_HEALTH_REGIONS_END2024_V1,MDB_TERRITORIAL_INTELLIGENCE_1.1,MDB_RADAR_RULESET_1.0,MDB_MISMATCH_DECOMPOSITION_1.0,MDB_PEER_METHOD_1.0,42002,Oeste,SC,True,False,True,False,True,True,False,3,0.21461187214611871,0.055936073059360714,0.055555555555555559,0.062404870624048703,0.077625570776255703,0.46613394216133941
MDB_ANALYTICAL_2024_2,BR_HEALTH_REGIONS_END2024_V1,MDB_TERRITORIAL_INTELLIGENCE_1.1,MDB_RADAR_RULESET_1.0,MDB_MISMATCH_DECOMPOSITION_1.0,MDB_PEER_METHOD_1.0,42003,Xanxerê,SC,True,False,True,False,True,True,False,3,0.18036529680365299,0.13584474885844749,-0.036529680365296802,0.062404870624048703,0.073059360730593603,0.41514459665144599
MDB_ANALYTICAL_2024_2,BR_HEALTH_REGIONS_END2024_V1,MDB_TERRITORIAL_INTELLIGENCE_1.1,MDB_RADAR_RULESET_1.0,MDB_MISMATCH_DECOMPOSITION_1.0,MDB_PEER_METHOD_1.0,42004,Alto Vale do Itajaí,SC,True,False,True,False,True,False,False,3,0.2317351598173516,0.2363013698630137,0.066971080669710803,-0.15296803652968033,0.079147640791476404,0.46118721461187212
MDB_ANALYTICAL_2024_2,BR_HEALTH_REGIONS_END2024_V1,MDB_TERRITORIAL_INTELLIGENCE_1.1,MDB_RADAR_RULESET_1.0,MDB_MISMATCH_DECOMPOSITION_1.0,MDB_PEER_METHOD_1.0,42005,Foz do Rio Itajaí,SC,False,False,False,True,False,True,False,1,-0.029680365296803651,-0.060502283105022842,0.10806697108066972,0.062404870624048703,0.044901065449010659,0.12519025875190259
MDB_ANALYTICAL_2024_2,BR_HEALTH_REGIONS_END2024_V1,MDB_TERRITORIAL_INTELLIGENCE_1.1,MDB_RADAR_RULESET_1.0,MDB_MISMATCH_DECOMPOSITION_1.0,MDB_PEER_METHOD_1.0,42006,Médio Vale do Itajaí,SC,True,False,True,False,True,False,False,3,0.10616438356164382,0.2180365296803653,0.070776255707762553,-0.08904109589041094,0.006849315068493159,0.31278538812785389
MDB_ANALYTICAL_2024_2,BR_HEALTH_REGIONS_END2024_V1,MDB_TERRITORIAL_INTELLIGENCE_1.1,MDB_RADAR_RULESET_1.0,MDB_MISMATCH_DECOMPOSITION_1.0,MDB_PEER_METHOD_1.0,42007,Grande Florianópolis,SC,False,False,False,True,True,True,False,2,-0.01484018264840184,0.1952054794520548,0.12404870624048706,0.062404870624048703,-0.12252663622526634,0.24429223744292239
MDB_ANALYTICAL_2024_2,BR_HEALTH_REGIONS_END2024_V1,MDB_TERRITORIAL_INTELLIGENCE_1.1,MDB_RADAR_RULESET_1.0,MDB_MISMATCH_DECOMPOSITION_1.0,MDB_PEER_METHOD_1.0,42008,Meio Oeste,SC,True,False,True,False,True,True,False,3,0.1906392694063927,0.16894977168949771,-0.095890410958904118,0.062404870624048703,-0.0076103500761035186,0.3184931506849315
MDB_ANALYTICAL_2024_2,BR_HEALTH_REGIONS_END2024_V1,MDB_TERRITORIAL_INTELLIGENCE_1.1,MDB_RADAR_RULESET_1.0,MDB_MISMATCH_DECOMPOSITION_1.0,MDB_PEER_METHOD_1.0,42009,Alto Vale do Rio do Peixe,SC,True,False,True,False,True,True,False,3,0.22488584474885842,0.1495433789954338,-0,0.062404870624048703,0.0076103500761035003,0.44444444444444442
MDB_ANALYTICAL_2024_2,BR_HEALTH_REGIONS_END2024_V1,MDB_TERRITORIAL_INTELLIGENCE_1.1,MDB_RADAR_RULESET_1.0,MDB_MISMATCH_DECOMPOSITION_1.0,MDB_PEER_METHOD_1.0,42010,Alto Uruguai Catarinense,SC,True,False,True,False,True,False,False,3,0.23972602739726029,0.11872146118721461,0.022070015220700158,-0.14003044140030441,0.071537290715372903,0.31202435312024357
MDB_ANALYTICAL_2024_2,BR_HEALTH_REGIONS_END2024_V1,MDB_TERRITORIAL_INTELLIGENCE_1.1,MDB_RADAR_RULESET_1.0,MDB_MISMATCH_DECOMPOSITION_1.0,MDB_PEER_METHOD_1.0,42011,Nordeste,SC,False,True,True,True,False,True,False,3,-0.071917808219178092,0.12328767123287671,0.14611872146118723,0.062404870624048703,0.076103500761035003,0.33599695585996958
MDB_ANALYTICAL_2024_2,BR_HEALTH_REGIONS_END2024_V1,MDB_TERRITORIAL_INTELLIGENCE_1.1,MDB_RADAR_RULESET_1.0,MDB_MISMATCH_DECOMPOSITION_1.0,MDB_PEER_METHOD_1.0,42012,Planalto Norte,SC,False,False,False,True,True,False,False,2,0.11986301369863012,-0.044520547945205491,-0.040334855403348538,-0.089802130898021318,0.12557077625570776,0.070776255707762525
MDB_ANALYTICAL_2024_2,BR_HEALTH_REGIONS_END2024_V1,MDB_TERRITORIAL_INTELLIGENCE_1.1,MDB_RADAR_RULESET_1.0,MDB_MISMATCH_DECOMPOSITION_1.0,MDB_PEER_METHOD_1.0,42013,Serra Catarinense,SC,True,False,False,True,True,False,False,3,0.14269406392694062,0.18378995433789952,0.10350076103500763,-0.11111111111111112,-0.09817351598173514,0.22070015220700157
MDB_ANALYTICAL_2024_2,BR_HEALTH_REGIONS_END2024_V1,MDB_TERRITORIAL_INTELLIGENCE_1.1,MDB_RADAR_RULESET_1.0,MDB_MISMATCH_DECOMPOSITION_1.0,MDB_PEER_METHOD_1.0,42014,Extremo Sul Catarinense,SC,True,False,True,True,False,False,False,3,0.1952054794520548,0.19406392694063929,0.14307458143074583,-0.11339421613394214,-0.029680365296803658,0.38926940639269414
MDB_ANALYTICAL_2024_2,BR_HEALTH_REGIONS_END2024_V1,MDB_TERRITORIAL_INTELLIGENCE_1.1,MDB_RADAR_RULESET_1.0,MDB_MISMATCH_DECOMPOSITION_1.0,MDB_PEER_METHOD_1.0,42015,Carbonífera,SC,False,False,False,False,True,True,False,1,0.076484018264840192,0.092465753424657515,-0.079147640791476404,0.062404870624048703,-0.12557077625570773,0.026636225266362279
MDB_ANALYTICAL_2024_2,BR_HEALTH_REGIONS_END2024_V1,MDB_TERRITORIAL_INTELLIGENCE_1.1,MDB_RADAR_RULESET_1.0,MDB_MISMATCH_DECOMPOSITION_1.0,MDB_PEER_METHOD_1.0,42016,Laguna,SC,True,False,False,False,False,False,False,1,0.15182648401826482,0.22031963470319632,0.035007610350076102,-0.12252663622526634,-0.066971080669710803,0.21765601217656011
MDB_ANALYTICAL_2024_2,BR_HEALTH_REGIONS_END2024_V1,MDB_TERRITORIAL_INTELLIGENCE_1.1,MDB_RADAR_RULESET_1.0,MDB_MISMATCH_DECOMPOSITION_1.0,MDB_PEER_METHOD_1.0,42017,Vale do Itapocú,SC,False,False,False,False,False,True,False,0,0.025114155251141579,0.053652968036529691,0.0098934550989345591,0.062404870624048703,0.057077625570776259,0.2081430745814308
MDB_ANALYTICAL_2024_2,BR_HEALTH_REGIONS_END2024_V1,MDB_TERRITORIAL_INTELLIGENCE_1.1,MDB_RADAR_RULESET_1.0,MDB_MISMATCH_DECOMPOSITION_1.0,MDB_PEER_METHOD_1.0,43001,Região 01 - Verdes Campos,RS,True,False,False,False,False,False,False,1,0.22031963470319632,0.20319634703196349,-0.021308980213089801,-0.08599695585996954,-0.15677321156773211,0.15943683409436837
MDB_ANALYTICAL_2024_2,BR_HEALTH_REGIONS_END2024_V1,MDB_TERRITORIAL_INTELLIGENCE_1.1,MDB_RADAR_RULESET_1.0,MDB_MISMATCH_DECOMPOSITION_1.0,MDB_PEER_METHOD_1.0,43002,Região 02 - Entre Rios,RS,True,False,False,False,False,False,False,1,0.2134703196347032,0.20547945205479451,-0.11491628614916286,-0.16666666666666666,-0.057077625570776259,0.080289193302891915
MDB_ANALYTICAL_2024_2,BR_HEALTH_REGIONS_END2024_V1,MDB_TERRITORIAL_INTELLIGENCE_1.1,MDB_RADAR_RULESET_1.0,MDB_MISMATCH_DECOMPOSITION_1.0,MDB_PEER_METHOD_1.0,43003,Região 03 - Fronteira Oeste,RS,True,False,False,True,False,False,False,2,0.070776255707762581,0.1815068493150685,-0.081430745814307454,-0.13165905631659053,0.11872146118721463,0.15791476407914773
MDB_ANALYTICAL_2024_2,BR_HEALTH_REGIONS_END2024_V1,MDB_TERRITORIAL_INTELLIGENCE_1.1,MDB_RADAR_RULESET_1.0,MDB_MISMATCH_DECOMPOSITION_1.0,MDB_PEER_METHOD_1.0,43004,Região 04 - Belas Praias,RS,True,False,False,False,False,False,False,1,0.1997716894977169,0.14840182648401828,-0.020547945205479458,-0.07686453576864534,-0.044140030441400316,0.20662100456621008
MDB_ANALYTICAL_2024_2,BR_HEALTH_REGIONS_END2024_V1,MDB_TERRITORIAL_INTELLIGENCE_1.1,MDB_RADAR_RULESET_1.0,MDB_MISMATCH_DECOMPOSITION_1.0,MDB_PEER_METHOD_1.0,43005,Região 05 - Bons Ventos,RS,False,False,False,False,False,False,False,0,0.062785388127853892,0.16095890410958902,-0.044140030441400316,-0.11796042617960426,-0.15525114155251141,-0.093607305936073054
MDB_ANALYTICAL_2024_2,BR_HEALTH_REGIONS_END2024_V1,MDB_TERRITORIAL_INTELLIGENCE_1.1,MDB_RADAR_RULESET_1.0,MDB_MISMATCH_DECOMPOSITION_1.0,MDB_PEER_METHOD_1.0,43006,Região 06 - Vale do Paranhana e Costa Serra,RS,True,False,False,False,False,False,False,1,0.22146118721461189,0.24429223744292239,-0.12328767123287672,-0.16438356164383561,-0.13318112633181126,0.044901065449010708
MDB_ANALYTICAL_2024_2,BR_HEALTH_REGIONS_END2024_V1,MDB_TERRITORIAL_INTELLIGENCE_1.1,MDB_RADAR_RULESET_1.0,MDB_MISMATCH_DECOMPOSITION_1.0,MDB_PEER_METHOD_1.0,43007,Região 07 - Vale dos Sinos,RS,True,False,False,False,False,False,False,1,0.10388127853881279,0.17465753424657532,0.021308980213089801,-0.1095890410958904,-0.10197869101978692,0.08828006088280059
MDB_ANALYTICAL_2024_2,BR_HEALTH_REGIONS_END2024_V1,MDB_TERRITORIAL_INTELLIGENCE_1.1,MDB_RADAR_RULESET_1.0,MDB_MISMATCH_DECOMPOSITION_1.0,MDB_PEER_METHOD_1.0,43008,Região 08 - Vale do Caí e Metropolitana,RS,True,False,False,False,False,False,False,1,0.093607305936073082,0.17123287671232879,-0.0038051750380517406,-0.12557077625570773,-0.079147640791476404,0.056316590563166014
MDB_ANALYTICAL_2024_2,BR_HEALTH_REGIONS_END2024_V1,MDB_TERRITORIAL_INTELLIGENCE_1.1,MDB_RADAR_RULESET_1.0,MDB_MISMATCH_DECOMPOSITION_1.0,MDB_PEER_METHOD_1.0,43009,Região 09 - Carbonífera/Costa Doce,RS,True,False,False,False,False,False,False,1,0.17009132420091322,0.20662100456621002,-0.097412480974124804,-0.070015220700152203,-0.16057838660578386,0.048706240487062374
MDB_ANALYTICAL_2024_2,BR_HEALTH_REGIONS_END2024_V1,MDB_TERRITORIAL_INTELLIGENCE_1.1,MDB_RADAR_RULESET_1.0,MDB_MISMATCH_DECOMPOSITION_1.0,MDB_PEER_METHOD_1.0,43010,Região 10 - Capital e Vale do Gravataí,RS,False,False,False,False,False,False,False,0,0,0.17009132420091322,0.063165905631659053,-0.14840182648401826,-0.16666666666666666,-0.081811263318112643
MDB_ANALYTICAL_2024_2,BR_HEALTH_REGIONS_END2024_V1,MDB_TERRITORIAL_INTELLIGENCE_1.1,MDB_RADAR_RULESET_1.0,MDB_MISMATCH_DECOMPOSITION_1.0,MDB_PEER_METHOD_1.0,43011,Região 11 - Sete Povos das Missões,RS,True,False,False,False,False,False,False,1,0.2408675799086758,0.16210045662100458,-0.10806697108066972,-0.15677321156773211,-0.028158295281582941,0.10996955859969564
MDB_ANALYTICAL_2024_2,BR_HEALTH_REGIONS_END2024_V1,MDB_TERRITORIAL_INTELLIGENCE_1.1,MDB_RADAR_RULESET_1.0,MDB_MISMATCH_DECOMPOSITION_1.0,MDB_PEER_METHOD_1.0,43012,Região 12 - Portal das Missões,RS,True,False,False,False,True,False,False,2,0.24429223744292239,0.062785388127853892,-0.13165905631659053,-0.074581430745814317,-0.070776255707762539,0.030060882800608896
MDB_ANALYTICAL_2024_2,BR_HEALTH_REGIONS_END2024_V1,MDB_TERRITORIAL_INTELLIGENCE_1.1,MDB_RADAR_RULESET_1.0,MDB_MISMATCH_DECOMPOSITION_1.0,MDB_PEER_METHOD_1.0,43013,Região 13 - Diversidade,RS,True,False,False,False,True,False,False,2,0.23858447488584472,0.2271689497716895,-0.06012176560121766,-0.16590563165905631,-0.11111111111111112,0.12861491628614913
MDB_ANALYTICAL_2024_2,BR_HEALTH_REGIONS_END2024_V1,MDB_TERRITORIAL_INTELLIGENCE_1.1,MDB_RADAR_RULESET_1.0,MDB_MISMATCH_DECOMPOSITION_1.0,MDB_PEER_METHOD_1.0,43014,Região 14 - Fronteira Noroeste,RS,True,False,True,True,False,False,False,3,0.21232876712328769,0.2317351598173516,-0.058599695585996939,-0.16210045662100453,0.10121765601217655,0.32458143074581436
MDB_ANALYTICAL_2024_2,BR_HEALTH_REGIONS_END2024_V1,MDB_TERRITORIAL_INTELLIGENCE_1.1,MDB_RADAR_RULESET_1.0,MDB_MISMATCH_DECOMPOSITION_1.0,MDB_PEER_METHOD_1.0,43015,Região 15 - Caminho das Águas,RS,True,False,True,False,True,False,False,3,0.25,0.22831050228310501,0.067732115677321153,-0.16057838660578386,-0.031963470319634715,0.35350076103500766
MDB_ANALYTICAL_2024_2,BR_HEALTH_REGIONS_END2024_V1,MDB_TERRITORIAL_INTELLIGENCE_1.1,MDB_RADAR_RULESET_1.0,MDB_MISMATCH_DECOMPOSITION_1.0,MDB_PEER_METHOD_1.0,43016,Região 16 - Alto Uruguai Gaúcho,RS,True,False,False,False,True,False,False,2,0.18378995433789952,0.070776255707762581,0.042617960426179602,-0.16362252663622526,0.019025875190258758,0.1525875190258752
MDB_ANALYTICAL_2024_2,BR_HEALTH_REGIONS_END2024_V1,MDB_TERRITORIAL_INTELLIGENCE_1.1,MDB_RADAR_RULESET_1.0,MDB_MISMATCH_DECOMPOSITION_1.0,MDB_PEER_METHOD_1.0,43017,Região 17 - Planalto,RS,True,False,False,False,True,False,False,2,0.20091324200913241,0.15296803652968038,0.052511415525114159,-0.088280060882800604,-0.14231354642313546,0.17579908675799091
MDB_ANALYTICAL_2024_2,BR_HEALTH_REGIONS_END2024_V1,MDB_TERRITORIAL_INTELLIGENCE_1.1,MDB_RADAR_RULESET_1.0,MDB_MISMATCH_DECOMPOSITION_1.0,MDB_PEER_METHOD_1.0,43018,Região 18 - Araucárias,RS,True,False,True,False,True,False,False,3,0.24315068493150682,0.1997716894977169,0.073820395738203953,-0.091324200913242004,0.075342465753424653,0.50076103500761027
MDB_ANALYTICAL_2024_2,BR_HEALTH_REGIONS_END2024_V1,MDB_TERRITORIAL_INTELLIGENCE_1.1,MDB_RADAR_RULESET_1.0,MDB_MISMATCH_DECOMPOSITION_1.0,MDB_PEER_METHOD_1.0,43019,Região 19 - Botucaraí,RS,True,False,True,True,False,False,False,3,0.24885844748858449,0.15182648401826482,0.14079147640791476,-0.13242009132420091,0.12176560121765603,0.53082191780821919
MDB_ANALYTICAL_2024_2,BR_HEALTH_REGIONS_END2024_V1,MDB_TERRITORIAL_INTELLIGENCE_1.1,MDB_RADAR_RULESET_1.0,MDB_MISMATCH_DECOMPOSITION_1.0,MDB_PEER_METHOD_1.0,43020,Região 20 - Rota da Produção,RS,True,False,True,True,False,False,False,3,0.23287671232876711,0.19292237442922372,0.11111111111111112,-0.16514459665144593,-0.11035007610350074,0.26141552511415533
MDB_ANALYTICAL_2024_2,BR_HEALTH_REGIONS_END2024_V1,MDB_TERRITORIAL_INTELLIGENCE_1.1,MDB_RADAR_RULESET_1.0,MDB_MISMATCH_DECOMPOSITION_1.0,MDB_PEER_METHOD_1.0,43021,Região 21 - Sul,RS,True,False,False,False,False,False,False,1,0.18835616438356162,0.23515981735159819,-0.066210045662100453,-0.10502283105022832,-0.11567732115677321,0.13660578386605787
MDB_ANALYTICAL_2024_2,BR_HEALTH_REGIONS_END2024_V1,MDB_TERRITORIAL_INTELLIGENCE_1.1,MDB_RADAR_RULESET_1.0,MDB_MISMATCH_DECOMPOSITION_1.0,MDB_PEER_METHOD_1.0,43022,Região 22 - Pampa,RS,True,False,True,True,False,False,False,3,0.18949771689497719,0.11643835616438358,-0.01293759512937594,-0.12100456621004566,0.092085235920852354,0.26407914764079155
MDB_ANALYTICAL_2024_2,BR_HEALTH_REGIONS_END2024_V1,MDB_TERRITORIAL_INTELLIGENCE_1.1,MDB_RADAR_RULESET_1.0,MDB_MISMATCH_DECOMPOSITION_1.0,MDB_PEER_METHOD_1.0,43023,Região 23 - Caxias e Hortênsias,RS,True,False,True,True,False,False,False,3,0.14611872146118721,0.21232876712328769,0.10197869101978692,-0.044901065449010659,-0.10426179604261794,0.31126331811263319
MDB_ANALYTICAL_2024_2,BR_HEALTH_REGIONS_END2024_V1,MDB_TERRITORIAL_INTELLIGENCE_1.1,MDB_RADAR_RULESET_1.0,MDB_MISMATCH_DECOMPOSITION_1.0,MDB_PEER_METHOD_1.0,43024,Região 24 - Campos de Cima da Serra,RS,True,False,False,False,True,False,False,2,0.14383561643835618,0.14726027397260272,0.006849315068493159,-0.12480974124809741,0.067732115677321153,0.24086757990867583
MDB_ANALYTICAL_2024_2,BR_HEALTH_REGIONS_END2024_V1,MDB_TERRITORIAL_INTELLIGENCE_1.1,MDB_RADAR_RULESET_1.0,MDB_MISMATCH_DECOMPOSITION_1.0,MDB_PEER_METHOD_1.0,43025,Região 25 - Vinhedos e Basalto,RS,True,False,False,False,True,False,False,2,0.13812785388127852,0.18949771689497719,0.024353120243531201,-0.14383561643835613,-0.14079147640791473,0.067351598173516047
MDB_ANALYTICAL_2024_2,BR_HEALTH_REGIONS_END2024_V1,MDB_TERRITORIAL_INTELLIGENCE_1.1,MDB_RADAR_RULESET_1.0,MDB_MISMATCH_DECOMPOSITION_1.0,MDB_PEER_METHOD_1.0,43026,Região 26 - Uva Vale,RS,True,False,False,False,True,False,False,2,0.19634703196347031,0.18036529680365299,-0.070015220700152203,-0.16133942161339421,-0.091324200913242004,0.05403348554033488
MDB_ANALYTICAL_2024_2,BR_HEALTH_REGIONS_END2024_V1,MDB_TERRITORIAL_INTELLIGENCE_1.1,MDB_RADAR_RULESET_1.0,MDB_MISMATCH_DECOMPOSITION_1.0,MDB_PEER_METHOD_1.0,43027,Região 27 - Jacuí Centro,RS,True,False,False,False,True,False,False,2,0.20319634703196349,0.13356164383561642,-0.062404870624048717,-0.14535768645357686,0.041856925418569259,0.1708523592085236
MDB_ANALYTICAL_2024_2,BR_HEALTH_REGIONS_END2024_V1,MDB_TERRITORIAL_INTELLIGENCE_1.1,MDB_RADAR_RULESET_1.0,MDB_MISMATCH_DECOMPOSITION_1.0,MDB_PEER_METHOD_1.0,43028,Região 28 - Vinte e Oito,RS,True,False,False,False,True,False,False,2,0.23744292237442921,0.15068493150684931,-0.11796042617960426,-0.13089802130898021,-0.076103500761035003,0.063165905631659025
MDB_ANALYTICAL_2024_2,BR_HEALTH_REGIONS_END2024_V1,MDB_TERRITORIAL_INTELLIGENCE_1.1,MDB_RADAR_RULESET_1.0,MDB_MISMATCH_DECOMPOSITION_1.0,MDB_PEER_METHOD_1.0,43029,Região 29 - Vales e Montanhas,RS,True,False,False,False,False,False,False,1,0.2363013698630137,0.23858447488584472,-0.0076103500761035186,-0.16286149162861491,-0.14155251141552511,0.16286149162861491
MDB_ANALYTICAL_2024_2,BR_HEALTH_REGIONS_END2024_V1,MDB_TERRITORIAL_INTELLIGENCE_1.1,MDB_RADAR_RULESET_1.0,MDB_MISMATCH_DECOMPOSITION_1.0,MDB_PEER_METHOD_1.0,43030,Região 30 - Vale da Luz,RS,True,False,False,False,False,False,False,1,0.24200913242009131,0.23401826484018262,-0.035768645357686459,-0.12328767123287672,-0.075342465753424653,0.24162861491628609
MDB_ANALYTICAL_2024_2,BR_HEALTH_REGIONS_END2024_V1,MDB_TERRITORIAL_INTELLIGENCE_1.1,MDB_RADAR_RULESET_1.0,MDB_MISMATCH_DECOMPOSITION_1.0,MDB_PEER_METHOD_1.0,50009,Baixo Pantanal,MS,False,False,True,False,True,True,False,2,0.14840182648401828,0.019406392694063912,0.062404870624048703,0.062404870624048703,0.040334855403348559,0.33295281582952818
MDB_ANALYTICAL_2024_2,BR_HEALTH_REGIONS_END2024_V1,MDB_TERRITORIAL_INTELLIGENCE_1.1,MDB_RADAR_RULESET_1.0,MDB_MISMATCH_DECOMPOSITION_1.0,MDB_PEER_METHOD_1.0,50010,Pantanal,MS,False,False,False,True,True,True,False,2,0.028538812785388112,-0.18835616438356165,-0.00076103500761034071,0.062404870624048703,0.14155251141552511,0.043378995433789924
MDB_ANALYTICAL_2024_2,BR_HEALTH_REGIONS_END2024_V1,MDB_TERRITORIAL_INTELLIGENCE_1.1,MDB_RADAR_RULESET_1.0,MDB_MISMATCH_DECOMPOSITION_1.0,MDB_PEER_METHOD_1.0,50011,Centro,MS,False,False,False,True,True,True,False,2,0.1404109589041096,-0.071917808219178092,0.14764079147640791,0.062404870624048703,-0.10730593607305934,0.17123287671232879
MDB_ANALYTICAL_2024_2,BR_HEALTH_REGIONS_END2024_V1,MDB_TERRITORIAL_INTELLIGENCE_1.1,MDB_RADAR_RULESET_1.0,MDB_MISMATCH_DECOMPOSITION_1.0,MDB_PEER_METHOD_1.0,50012,Centro Sul,MS,False,False,False,True,True,False,False,2,0.14726027397260272,-0.12214611872146119,0.10045662100456623,-0.085235920852359204,0.11948249619482496,0.15981735159817351
MDB_ANALYTICAL_2024_2,BR_HEALTH_REGIONS_END2024_V1,MDB_TERRITORIAL_INTELLIGENCE_1.1,MDB_RADAR_RULESET_1.0,MDB_MISMATCH_DECOMPOSITION_1.0,MDB_PEER_METHOD_1.0,50013,Leste,MS,False,False,False,False,False,True,False,0,0.15753424657534248,-0.14269406392694065,0.019786910197869101,0.062404870624048703,-0.031202435312024341,0.065829528158295306
MDB_ANALYTICAL_2024_2,BR_HEALTH_REGIONS_END2024_V1,MDB_TERRITORIAL_INTELLIGENCE_1.1,MDB_RADAR_RULESET_1.0,MDB_MISMATCH_DECOMPOSITION_1.0,MDB_PEER_METHOD_1.0,50014,Nordeste,MS,True,False,False,False,False,False,False,1,0.077625570776255703,0.17808219178082191,-0.089802130898021318,-0.092846270928462718,-0.12480974124809741,-0.051750380517503816
MDB_ANALYTICAL_2024_2,BR_HEALTH_REGIONS_END2024_V1,MDB_TERRITORIAL_INTELLIGENCE_1.1,MDB_RADAR_RULESET_1.0,MDB_MISMATCH_DECOMPOSITION_1.0,MDB_PEER_METHOD_1.0,50015,Norte,MS,True,False,True,True,False,True,False,3,0.21917808219178081,0.21575342465753422,-0.11415525114155252,0.062404870624048703,0.12252663622526636,0.50570776255707761
MDB_ANALYTICAL_2024_2,BR_HEALTH_REGIONS_END2024_V1,MDB_TERRITORIAL_INTELLIGENCE_1.1,MDB_RADAR_RULESET_1.0,MDB_MISMATCH_DECOMPOSITION_1.0,MDB_PEER_METHOD_1.0,50016,Sudeste,MS,False,True,True,True,True,True,False,4,0.075342465753424681,-0.0011415525114155389,0.14535768645357686,0.062404870624048703,0.13774733637747336,0.41971080669710803
MDB_ANALYTICAL_2024_2,BR_HEALTH_REGIONS_END2024_V1,MDB_TERRITORIAL_INTELLIGENCE_1.1,MDB_RADAR_RULESET_1.0,MDB_MISMATCH_DECOMPOSITION_1.0,MDB_PEER_METHOD_1.0,50017,Sul Fronteira,MS,False,False,True,True,True,True,False,3,0.21575342465753422,-0.13584474885844749,0.035768645357686459,0.062404870624048703,0.12785388127853883,0.30593607305936071
MDB_ANALYTICAL_2024_2,BR_HEALTH_REGIONS_END2024_V1,MDB_TERRITORIAL_INTELLIGENCE_1.1,MDB_RADAR_RULESET_1.0,MDB_MISMATCH_DECOMPOSITION_1.0,MDB_PEER_METHOD_1.0,51001,Alto Tapajós,MT,False,True,True,True,False,True,False,3,0.14155251141552511,0.03538812785388129,0.14155251141552511,0.062404870624048703,0.15753424657534246,0.53843226788432264
MDB_ANALYTICAL_2024_2,BR_HEALTH_REGIONS_END2024_V1,MDB_TERRITORIAL_INTELLIGENCE_1.1,MDB_RADAR_RULESET_1.0,MDB_MISMATCH_DECOMPOSITION_1.0,MDB_PEER_METHOD_1.0,51002,Baixada Cuiabana,MT,False,False,False,True,False,True,False,1,-0.12899543378995434,-0.12100456621004566,0.14840182648401826,0.062404870624048703,-0.0022831050228310592,-0.041476407914764098
MDB_ANALYTICAL_2024_2,BR_HEALTH_REGIONS_END2024_V1,MDB_TERRITORIAL_INTELLIGENCE_1.1,MDB_RADAR_RULESET_1.0,MDB_MISMATCH_DECOMPOSITION_1.0,MDB_PEER_METHOD_1.0,51003,Araguaia Xingu,MT,False,False,False,True,False,True,False,1,0.097031963470319615,-0.092465753424657543,-0.01902587519025874,0.062404870624048703,0.15601217656012176,0.20395738203957381
MDB_ANALYTICAL_2024_2,BR_HEALTH_REGIONS_END2024_V1,MDB_TERRITORIAL_INTELLIGENCE_1.1,MDB_RADAR_RULESET_1.0,MDB_MISMATCH_DECOMPOSITION_1.0,MDB_PEER_METHOD_1.0,51004,Centro Norte,MT,False,False,False,False,False,True,False,0,-0.1541095890410959,-0.069634703196347042,-0.031963470319634715,0.062404870624048703,0.070776255707762553,-0.12252663622526641
MDB_ANALYTICAL_2024_2,BR_HEALTH_REGIONS_END2024_V1,MDB_TERRITORIAL_INTELLIGENCE_1.1,MDB_RADAR_RULESET_1.0,MDB_MISMATCH_DECOMPOSITION_1.0,MDB_PEER_METHOD_1.0,51005,Garças Araguaia,MT,False,False,False,True,False,True,False,1,-0.020547945205479451,-0.16894977168949776,-0.075342465753424653,0.062404870624048703,0.14992389649923896,-0.052511415525114208
MDB_ANALYTICAL_2024_2,BR_HEALTH_REGIONS_END2024_V1,MDB_TERRITORIAL_INTELLIGENCE_1.1,MDB_RADAR_RULESET_1.0,MDB_MISMATCH_DECOMPOSITION_1.0,MDB_PEER_METHOD_1.0,51006,Médio Araguaia,MT,False,False,False,True,False,True,False,1,0.04794520547945208,-0.1678082191780822,-0.041856925418569259,0.062404870624048703,0.16057838660578386,0.061263318112633192
MDB_ANALYTICAL_2024_2,BR_HEALTH_REGIONS_END2024_V1,MDB_TERRITORIAL_INTELLIGENCE_1.1,MDB_RADAR_RULESET_1.0,MDB_MISMATCH_DECOMPOSITION_1.0,MDB_PEER_METHOD_1.0,51007,Médio Norte Matogrossense,MT,False,False,False,True,False,True,False,1,-0.158675799086758,-0.099315068493150693,-0.028919330289193319,0.062404870624048703,0.10730593607305935,-0.11719939117199393
MDB_ANALYTICAL_2024_2,BR_HEALTH_REGIONS_END2024_V1,MDB_TERRITORIAL_INTELLIGENCE_1.1,MDB_RADAR_RULESET_1.0,MDB_MISMATCH_DECOMPOSITION_1.0,MDB_PEER_METHOD_1.0,51008,Noroeste Matogrossense,MT,False,True,True,True,False,True,False,3,0.11187214611872148,-0.14611872146118726,0.15601217656012176,0.062404870624048703,0.10806697108066972,0.29223744292237441
MDB_ANALYTICAL_2024_2,BR_HEALTH_REGIONS_END2024_V1,MDB_TERRITORIAL_INTELLIGENCE_1.1,MDB_RADAR_RULESET_1.0,MDB_MISMATCH_DECOMPOSITION_1.0,MDB_PEER_METHOD_1.0,51009,Norte Araguaia Karajá,MT,False,False,False,True,False,True,True,1,0.063926940639269403,-0.22031963470319635,-0.12785388127853881,0.062404870624048703,0.16438356164383561,-0.057458143074581469
MDB_ANALYTICAL_2024_2,BR_HEALTH_REGIONS_END2024_V1,MDB_TERRITORIAL_INTELLIGENCE_1.1,MDB_RADAR_RULESET_1.0,MDB_MISMATCH_DECOMPOSITION_1.0,MDB_PEER_METHOD_1.0,51010,Norte Matogrossense,MT,False,False,False,False,False,True,False,0,-0.065068493150684942,-0.1906392694063927,0.082191780821917804,0.062404870624048703,0.051750380517503802,-0.059360730593607303
MDB_ANALYTICAL_2024_2,BR_HEALTH_REGIONS_END2024_V1,MDB_TERRITORIAL_INTELLIGENCE_1.1,MDB_RADAR_RULESET_1.0,MDB_MISMATCH_DECOMPOSITION_1.0,MDB_PEER_METHOD_1.0,51011,Oeste Matogrossense,MT,False,False,False,True,False,True,False,1,0.071917808219178092,-0.094748858447488593,-0.015220700152207001,0.062404870624048703,0.13698630136986303,0.16133942161339423
MDB_ANALYTICAL_2024_2,BR_HEALTH_REGIONS_END2024_V1,MDB_TERRITORIAL_INTELLIGENCE_1.1,MDB_RADAR_RULESET_1.0,MDB_MISMATCH_DECOMPOSITION_1.0,MDB_PEER_METHOD_1.0,51012,Sudoeste Matogrossense,MT,False,True,False,True,False,True,False,2,-0.053652968036529691,-0.1860730593607306,0.15144596651445966,0.062404870624048703,0.15525114155251141,0.12937595129375948
MDB_ANALYTICAL_2024_2,BR_HEALTH_REGIONS_END2024_V1,MDB_TERRITORIAL_INTELLIGENCE_1.1,MDB_RADAR_RULESET_1.0,MDB_MISMATCH_DECOMPOSITION_1.0,MDB_PEER_METHOD_1.0,51013,Sul Matogrossense,MT,True,False,True,True,False,True,False,3,0.065068493150684914,0.1860730593607306,0.10121765601217655,0.062404870624048703,0.074581430745814303,0.48934550989345504
MDB_ANALYTICAL_2024_2,BR_HEALTH_REGIONS_END2024_V1,MDB_TERRITORIAL_INTELLIGENCE_1.1,MDB_RADAR_RULESET_1.0,MDB_MISMATCH_DECOMPOSITION_1.0,MDB_PEER_METHOD_1.0,51014,Teles Pires,MT,False,True,False,True,False,True,False,2,-0.079908675799086754,-0.13356164383561644,0.11491628614916286,0.062404870624048703,0.10273972602739725,0.066590563165905614
MDB_ANALYTICAL_2024_2,BR_HEALTH_REGIONS_END2024_V1,MDB_TERRITORIAL_INTELLIGENCE_1.1,MDB_RADAR_RULESET_1.0,MDB_MISMATCH_DECOMPOSITION_1.0,MDB_PEER_METHOD_1.0,51015,Vale do Peixoto,MT,False,False,False,True,False,True,False,1,0.12785388127853881,-0.18493150684931509,0.012937595129375959,0.062404870624048703,0.14079147640791476,0.15905631659056313
MDB_ANALYTICAL_2024_2,BR_HEALTH_REGIONS_END2024_V1,MDB_TERRITORIAL_INTELLIGENCE_1.1,MDB_RADAR_RULESET_1.0,MDB_MISMATCH_DECOMPOSITION_1.0,MDB_PEER_METHOD_1.0,51016,Vale dos Arinos,MT,False,False,True,True,False,True,False,2,0.053652968036529691,0.05251141552511418,0.027397260273972601,0.062404870624048703,0.10958904109589043,0.30555555555555558
MDB_ANALYTICAL_2024_2,BR_HEALTH_REGIONS_END2024_V1,MDB_TERRITORIAL_INTELLIGENCE_1.1,MDB_RADAR_RULESET_1.0,MDB_MISMATCH_DECOMPOSITION_1.0,MDB_PEER_METHOD_1.0,52001,Central,GO,False,False,True,True,False,True,False,2,-0.0068493150684931503,0.158675799086758,0.13470319634703196,0.062404870624048703,-0.060882800608828003,0.2880517503805175
MDB_ANALYTICAL_2024_2,BR_HEALTH_REGIONS_END2024_V1,MDB_TERRITORIAL_INTELLIGENCE_1.1,MDB_RADAR_RULESET_1.0,MDB_MISMATCH_DECOMPOSITION_1.0,MDB_PEER_METHOD_1.0,52002,Centro Sul,GO,False,False,False,False,False,False,False,0,0.02168949771689499,0.19178082191780821,0.073059360730593603,-0.047945205479452059,-0.13013698630136986,0.10844748858447489
MDB_ANALYTICAL_2024_2,BR_HEALTH_REGIONS_END2024_V1,MDB_TERRITORIAL_INTELLIGENCE_1.1,MDB_RADAR_RULESET_1.0,MDB_MISMATCH_DECOMPOSITION_1.0,MDB_PEER_METHOD_1.0,52003,Entorno Norte,GO,False,False,False,False,False,True,False,0,0.1050228310502283,0.0045662100456621002,0.036529680365296802,0.062404870624048703,-0.049467275494672738,0.15905631659056318
MDB_ANALYTICAL_2024_2,BR_HEALTH_REGIONS_END2024_V1,MDB_TERRITORIAL_INTELLIGENCE_1.1,MDB_RADAR_RULESET_1.0,MDB_MISMATCH_DECOMPOSITION_1.0,MDB_PEER_METHOD_1.0,52004,Entorno Sul,GO,False,True,False,True,False,True,False,2,-0.043378995433789952,-0.076484018264840192,0.15068493150684931,0.062404870624048703,0.12100456621004566,0.21423135464231352
MDB_ANALYTICAL_2024_2,BR_HEALTH_REGIONS_END2024_V1,MDB_TERRITORIAL_INTELLIGENCE_1.1,MDB_RADAR_RULESET_1.0,MDB_MISMATCH_DECOMPOSITION_1.0,MDB_PEER_METHOD_1.0,52005,Estrada de Ferro,GO,False,False,False,False,False,True,False,0,0.044520547945205491,-0.12328767123287671,-0.086757990867579918,0.062404870624048703,-0.083713850837138518,-0.18683409436834092
MDB_ANALYTICAL_2024_2,BR_HEALTH_REGIONS_END2024_V1,MDB_TERRITORIAL_INTELLIGENCE_1.1,MDB_RADAR_RULESET_1.0,MDB_MISMATCH_DECOMPOSITION_1.0,MDB_PEER_METHOD_1.0,52006,Nordeste I,GO,False,False,False,True,False,True,True,1,-0.13470319634703198,0.010273972602739712,-0.046423135464231338,0.062404870624048703,0.16438356164383561,0.055936073059360714
MDB_ANALYTICAL_2024_2,BR_HEALTH_REGIONS_END2024_V1,MDB_TERRITORIAL_INTELLIGENCE_1.1,MDB_RADAR_RULESET_1.0,MDB_MISMATCH_DECOMPOSITION_1.0,MDB_PEER_METHOD_1.0,52007,Nordeste II,GO,False,True,True,True,False,True,False,3,-0.1404109589041096,0.074200913242009114,0.16590563165905631,0.062404870624048703,0.15677321156773211,0.31887366818873664
MDB_ANALYTICAL_2024_2,BR_HEALTH_REGIONS_END2024_V1,MDB_TERRITORIAL_INTELLIGENCE_1.1,MDB_RADAR_RULESET_1.0,MDB_MISMATCH_DECOMPOSITION_1.0,MDB_PEER_METHOD_1.0,52008,Norte,GO,False,False,False,False,False,False,False,0,0.18721461187214611,-0.061643835616438353,-0.029680365296803658,-0.1035007610350076,0.059360730593607303,0.051750380517503802
MDB_ANALYTICAL_2024_2,BR_HEALTH_REGIONS_END2024_V1,MDB_TERRITORIAL_INTELLIGENCE_1.1,MDB_RADAR_RULESET_1.0,MDB_MISMATCH_DECOMPOSITION_1.0,MDB_PEER_METHOD_1.0,52009,Oeste I,GO,False,False,True,True,False,True,False,2,0.1860730593607306,-0.091324200913242004,0.14383561643835616,0.062404870624048703,-0.0015220700152207185,0.29946727549467272
MDB_ANALYTICAL_2024_2,BR_HEALTH_REGIONS_END2024_V1,MDB_TERRITORIAL_INTELLIGENCE_1.1,MDB_RADAR_RULESET_1.0,MDB_MISMATCH_DECOMPOSITION_1.0,MDB_PEER_METHOD_1.0,52010,Oeste II,GO,False,False,False,False,False,True,False,0,0.039954337899543391,-0.0045662100456621002,0.044140030441400302,0.062404870624048703,0.0045662100456621002,0.1464992389649924
MDB_ANALYTICAL_2024_2,BR_HEALTH_REGIONS_END2024_V1,MDB_TERRITORIAL_INTELLIGENCE_1.1,MDB_RADAR_RULESET_1.0,MDB_MISMATCH_DECOMPOSITION_1.0,MDB_PEER_METHOD_1.0,52011,Pirineus,GO,False,False,True,True,False,True,False,2,-0.011415525114155251,0.22374429223744291,0.085235920852359232,0.062404870624048703,-0.026636225266362258,0.33333333333333331
MDB_ANALYTICAL_2024_2,BR_HEALTH_REGIONS_END2024_V1,MDB_TERRITORIAL_INTELLIGENCE_1.1,MDB_RADAR_RULESET_1.0,MDB_MISMATCH_DECOMPOSITION_1.0,MDB_PEER_METHOD_1.0,52012,Rio Vermelho,GO,False,False,False,False,False,True,False,0,0.13698630136986301,-0.03082191780821919,0.079908675799086754,0.062404870624048703,-0.032724505327245058,0.21575342465753422
MDB_ANALYTICAL_2024_2,BR_HEALTH_REGIONS_END2024_V1,MDB_TERRITORIAL_INTELLIGENCE_1.1,MDB_RADAR_RULESET_1.0,MDB_MISMATCH_DECOMPOSITION_1.0,MDB_PEER_METHOD_1.0,52013,São Patrício I,GO,True,False,False,False,False,False,False,1,0.15068493150684931,0.099315068493150693,-0.13470319634703193,-0.09208523592085234,0.0053272450532724589,0.028538812785388189
MDB_ANALYTICAL_2024_2,BR_HEALTH_REGIONS_END2024_V1,MDB_TERRITORIAL_INTELLIGENCE_1.1,MDB_RADAR_RULESET_1.0,MDB_MISMATCH_DECOMPOSITION_1.0,MDB_PEER_METHOD_1.0,52014,Serra da Mesa,GO,True,False,True,False,False,True,False,2,0.20662100456621002,0.098173515981735182,0.048706240487062402,0.062404870624048703,-0.050228310502283116,0.36567732115677321
MDB_ANALYTICAL_2024_2,BR_HEALTH_REGIONS_END2024_V1,MDB_TERRITORIAL_INTELLIGENCE_1.1,MDB_RADAR_RULESET_1.0,MDB_MISMATCH_DECOMPOSITION_1.0,MDB_PEER_METHOD_1.0,52015,Sudoeste I,GO,False,False,False,False,False,False,False,0,0.067351598173515992,-0.02168949771689499,0.0076103500761035003,-0.084474885844748854,-0.15296803652968033,-0.18417047184170468
MDB_ANALYTICAL_2024_2,BR_HEALTH_REGIONS_END2024_V1,MDB_TERRITORIAL_INTELLIGENCE_1.1,MDB_RADAR_RULESET_1.0,MDB_MISMATCH_DECOMPOSITION_1.0,MDB_PEER_METHOD_1.0,52016,Sudoeste II,GO,False,False,False,True,False,False,False,1,0.058219178082191791,0.029680365296803679,0.11187214611872145,-0.10882800608828005,-0.13850837138508371,-0.047564687975646835
MDB_ANALYTICAL_2024_2,BR_HEALTH_REGIONS_END2024_V1,MDB_TERRITORIAL_INTELLIGENCE_1.1,MDB_RADAR_RULESET_1.0,MDB_MISMATCH_DECOMPOSITION_1.0,MDB_PEER_METHOD_1.0,52017,Sul,GO,False,False,False,False,False,True,False,0,0.13470319634703198,0.059360730593607303,0.074581430745814303,0.062404870624048703,-0.1035007610350076,0.22754946727549469
MDB_ANALYTICAL_2024_2,BR_HEALTH_REGIONS_END2024_V1,MDB_TERRITORIAL_INTELLIGENCE_1.1,MDB_RADAR_RULESET_1.0,MDB_MISMATCH_DECOMPOSITION_1.0,MDB_PEER_METHOD_1.0,52018,São Patrício II,GO,False,False,False,False,False,True,False,0,-0.062785388127853892,0.076484018264840192,-0.014459665144596659,0.062404870624048703,-0.077625570776255717,-0.015981735159817372
MDB_ANALYTICAL_2024_2,BR_HEALTH_REGIONS_END2024_V1,MDB_TERRITORIAL_INTELLIGENCE_1.1,MDB_RADAR_RULESET_1.0,MDB_MISMATCH_DECOMPOSITION_1.0,MDB_PEER_METHOD_1.0,53001,Distrito Federal,DF,False,False,False,True,False,False,False,1,-0.0079908675799086892,0.10388127853881279,0.16057838660578386,-0.072298325722983253,-0.086757990867579918,0.097412480974124818
