source,url,access_date,filename,size,sha256,period,variables_used,status
DATASUS IBGE POPSVS,ftp://ftp.datasus.gov.br/dissemin/publicos/IBGE/POPSVS/POPSBR22.zip,2026-08-23,/Users/brenoherculano/Desktop/Brazil Mental Health Spatial Inequality Project/phase2_analysis/data_raw/population_popsvs/POPSBR22.zip,3378657,8619497c4adcb87133aab68666ed6604209b812047e9b51e3608db00a2c8e731,2022,"COD_MUN, ANO, SEXO, IDADE, POP",downloaded
DATASUS IBGE POPSVS,ftp://ftp.datasus.gov.br/dissemin/publicos/IBGE/POPSVS/POPSBR23.zip,2026-08-23,/Users/brenoherculano/Desktop/Brazil Mental Health Spatial Inequality Project/phase2_analysis/data_raw/population_popsvs/POPSBR23.zip,3360669,c49b35794dc235bad8a4a0dbc530a82aeae589e03a366a3c17a8325e6c24d5f4,2023,"COD_MUN, ANO, SEXO, IDADE, POP",downloaded
DATASUS IBGE POPSVS,ftp://ftp.datasus.gov.br/dissemin/publicos/IBGE/POPSVS/POPSBR24.zip,2026-08-23,/Users/brenoherculano/Desktop/Brazil Mental Health Spatial Inequality Project/phase2_analysis/data_raw/population_popsvs/POPSBR24.zip,3342323,cbf5549a5f9b37160e2fe3a5f97123a7747e371d4c433a8aa8a3276ad41dcc53,2024,"COD_MUN, ANO, SEXO, IDADE, POP",linked_from_paper1_cache
SIM/DATASUS DORES,ftp://ftp.datasus.gov.br/dissemin/publicos/SIM/CID10/DORES/DOAC2022.dbc,2026-08-23,/Users/brenoherculano/Desktop/Brazil Mental Health Spatial Inequality Project/phase2_analysis/data_raw/sim_2022/DOAC2022.dbc,330408,04a015b690068baeb42e7e83165e3b9de43f2881bebdf46f0eea5ad0b9984a51,2022,"CODMUNRES, CAUSABAS, IDADE/IDADE_OBITO",downloaded
SIM/DATASUS DORES,ftp://ftp.datasus.gov.br/dissemin/publicos/SIM/CID10/DORES/DOAL2022.dbc,2026-08-23,/Users/brenoherculano/Desktop/Brazil Mental Health Spatial Inequality Project/phase2_analysis/data_raw/sim_2022/DOAL2022.dbc,1846389,04a27f9a8b57378706463206dbd04c0a321229937f488ff8241795ddb8b96373,2022,"CODMUNRES, CAUSABAS, IDADE/IDADE_OBITO",downloaded
SIM/DATASUS DORES,ftp://ftp.datasus.gov.br/dissemin/publicos/SIM/CID10/DORES/DOAM2022.dbc,2026-08-23,/Users/brenoherculano/Desktop/Brazil Mental Health Spatial Inequality Project/phase2_analysis/data_raw/sim_2022/DOAM2022.dbc,1626717,402aa8a2351b3cd7b181e169bee786d9b76d892961111eec80c531c461fd95d0,2022,"CODMUNRES, CAUSABAS, IDADE/IDADE_OBITO",downloaded
SIM/DATASUS DORES,ftp://ftp.datasus.gov.br/dissemin/publicos/SIM/CID10/DORES/DOAP2022.dbc,2026-08-23,/Users/brenoherculano/Desktop/Brazil Mental Health Spatial Inequality Project/phase2_analysis/data_raw/sim_2022/DOAP2022.dbc,309913,46af11f2a5349d1d8e7e22493be680fe8f69084f9c94e40ec980294e5e4858c7,2022,"CODMUNRES, CAUSABAS, IDADE/IDADE_OBITO",downloaded
SIM/DATASUS DORES,ftp://ftp.datasus.gov.br/dissemin/publicos/SIM/CID10/DORES/DOBA2022.dbc,2026-08-23,/Users/brenoherculano/Desktop/Brazil Mental Health Spatial Inequality Project/phase2_analysis/data_raw/sim_2022/DOBA2022.dbc,8510675,fd15f9bee578224d57d5d38a01870ea20d574a0095b00bbe673536b0a904ef8f,2022,"CODMUNRES, CAUSABAS, IDADE/IDADE_OBITO",downloaded
SIM/DATASUS DORES,ftp://ftp.datasus.gov.br/dissemin/publicos/SIM/CID10/DORES/DOCE2022.dbc,2026-08-23,/Users/brenoherculano/Desktop/Brazil Mental Health Spatial Inequality Project/phase2_analysis/data_raw/sim_2022/DOCE2022.dbc,5218711,b32b4f636e1ec6b9d192b521ae8953ade00b56172f3fe6b0f4e2ee74115c49b5,2022,"CODMUNRES, CAUSABAS, IDADE/IDADE_OBITO",downloaded
SIM/DATASUS DORES,ftp://ftp.datasus.gov.br/dissemin/publicos/SIM/CID10/DORES/DODF2022.dbc,2026-08-23,/Users/brenoherculano/Desktop/Brazil Mental Health Spatial Inequality Project/phase2_analysis/data_raw/sim_2022/DODF2022.dbc,1280969,dfbc68a7ea414a19181dccfb947b6f6baf3343d80ff30a06eb9595be9e074305,2022,"CODMUNRES, CAUSABAS, IDADE/IDADE_OBITO",downloaded
SIM/DATASUS DORES,ftp://ftp.datasus.gov.br/dissemin/publicos/SIM/CID10/DORES/DOES2022.dbc,2026-08-23,/Users/brenoherculano/Desktop/Brazil Mental Health Spatial Inequality Project/phase2_analysis/data_raw/sim_2022/DOES2022.dbc,2250665,c6bbb70387e99609e2564d0069b960e03ca8fc4984c6c628010556f6de866fae,2022,"CODMUNRES, CAUSABAS, IDADE/IDADE_OBITO",downloaded
SIM/DATASUS DORES,ftp://ftp.datasus.gov.br/dissemin/publicos/SIM/CID10/DORES/DOGO2022.dbc,2026-08-23,/Users/brenoherculano/Desktop/Brazil Mental Health Spatial Inequality Project/phase2_analysis/data_raw/sim_2022/DOGO2022.dbc,4405432,53c98dcfbd72fb467316c2711680bf02f44f1211d4889461bee6ec2489af4bbc,2022,"CODMUNRES, CAUSABAS, IDADE/IDADE_OBITO",downloaded
SIM/DATASUS DORES,ftp://ftp.datasus.gov.br/dissemin/publicos/SIM/CID10/DORES/DOMA2022.dbc,2026-08-23,/Users/brenoherculano/Desktop/Brazil Mental Health Spatial Inequality Project/phase2_analysis/data_raw/sim_2022/DOMA2022.dbc,3202765,6f44af36318f25134d0ed9f9672377713833f9636ebbe7155b70d3b0e3625957,2022,"CODMUNRES, CAUSABAS, IDADE/IDADE_OBITO",downloaded
SIM/DATASUS DORES,ftp://ftp.datasus.gov.br/dissemin/publicos/SIM/CID10/DORES/DOMG2022.dbc,2026-08-23,/Users/brenoherculano/Desktop/Brazil Mental Health Spatial Inequality Project/phase2_analysis/data_raw/sim_2022/DOMG2022.dbc,12967470,b2f6eb185b62b4b69d530ca3445a3c4fcceae1aa014824125dfba0c110a8fdfc,2022,"CODMUNRES, CAUSABAS, IDADE/IDADE_OBITO",downloaded
SIM/DATASUS DORES,ftp://ftp.datasus.gov.br/dissemin/publicos/SIM/CID10/DORES/DOMS2022.dbc,2026-08-23,/Users/brenoherculano/Desktop/Brazil Mental Health Spatial Inequality Project/phase2_analysis/data_raw/sim_2022/DOMS2022.dbc,1650714,85688dbfdf4e04c9eaf95d933e24a10d8392e149ecf06b80d953055f73076bb2,2022,"CODMUNRES, CAUSABAS, IDADE/IDADE_OBITO",downloaded
SIM/DATASUS DORES,ftp://ftp.datasus.gov.br/dissemin/publicos/SIM/CID10/DORES/DOMT2022.dbc,2026-08-23,/Users/brenoherculano/Desktop/Brazil Mental Health Spatial Inequality Project/phase2_analysis/data_raw/sim_2022/DOMT2022.dbc,1901733,2028b97346224a7ac578f322301fae5ac1a52003b1f1ae62f894222b15ca0e6a,2022,"CODMUNRES, CAUSABAS, IDADE/IDADE_OBITO",downloaded
SIM/DATASUS DORES,ftp://ftp.datasus.gov.br/dissemin/publicos/SIM/CID10/DORES/DOPA2022.dbc,2026-08-23,/Users/brenoherculano/Desktop/Brazil Mental Health Spatial Inequality Project/phase2_analysis/data_raw/sim_2022/DOPA2022.dbc,3749004,d82ecbc07d56748ea9b963189d7e28b7650aa7a0fcf5364fd3899e71f7fcddf2,2022,"CODMUNRES, CAUSABAS, IDADE/IDADE_OBITO",downloaded
SIM/DATASUS DORES,ftp://ftp.datasus.gov.br/dissemin/publicos/SIM/CID10/DORES/DOPB2022.dbc,2026-08-23,/Users/brenoherculano/Desktop/Brazil Mental Health Spatial Inequality Project/phase2_analysis/data_raw/sim_2022/DOPB2022.dbc,2466673,5055059626db01ee64e5b515f64ca01494f821a3329cc399a4251c8f0fbfccd6,2022,"CODMUNRES, CAUSABAS, IDADE/IDADE_OBITO",downloaded
SIM/DATASUS DORES,ftp://ftp.datasus.gov.br/dissemin/publicos/SIM/CID10/DORES/DOPE2022.dbc,2026-08-23,/Users/brenoherculano/Desktop/Brazil Mental Health Spatial Inequality Project/phase2_analysis/data_raw/sim_2022/DOPE2022.dbc,5835167,785cf9b4076addf6f2e47f7859b7308a4d8254b3910624228f9c16ef6b0c1468,2022,"CODMUNRES, CAUSABAS, IDADE/IDADE_OBITO",downloaded
SIM/DATASUS DORES,ftp://ftp.datasus.gov.br/dissemin/publicos/SIM/CID10/DORES/DOPI2022.dbc,2026-08-23,/Users/brenoherculano/Desktop/Brazil Mental Health Spatial Inequality Project/phase2_analysis/data_raw/sim_2022/DOPI2022.dbc,1949205,b5d614215b1e18086fe72c2d0e74731923aefb39862ad1e011fc4efc2b6cb4b2,2022,"CODMUNRES, CAUSABAS, IDADE/IDADE_OBITO",downloaded
SIM/DATASUS DORES,ftp://ftp.datasus.gov.br/dissemin/publicos/SIM/CID10/DORES/DOPR2022.dbc,2026-08-23,/Users/brenoherculano/Desktop/Brazil Mental Health Spatial Inequality Project/phase2_analysis/data_raw/sim_2022/DOPR2022.dbc,7612277,fddf7189051fbab254f4276272eab95704bc3e5006f634c13e0164432d6d3e4c,2022,"CODMUNRES, CAUSABAS, IDADE/IDADE_OBITO",downloaded
SIM/DATASUS DORES,ftp://ftp.datasus.gov.br/dissemin/publicos/SIM/CID10/DORES/DORJ2022.dbc,2026-08-23,/Users/brenoherculano/Desktop/Brazil Mental Health Spatial Inequality Project/phase2_analysis/data_raw/sim_2022/DORJ2022.dbc,11928191,13b942e57ee0cb132c96bc9179cba7c3240f77e67fe117d3ebb4eb061280efa3,2022,"CODMUNRES, CAUSABAS, IDADE/IDADE_OBITO",downloaded
SIM/DATASUS DORES,ftp://ftp.datasus.gov.br/dissemin/publicos/SIM/CID10/DORES/DORN2022.dbc,2026-08-23,/Users/brenoherculano/Desktop/Brazil Mental Health Spatial Inequality Project/phase2_analysis/data_raw/sim_2022/DORN2022.dbc,1945635,860d409074c3a34b65c9d3205fc39c3f36664451b9ec43698106235a582de64c,2022,"CODMUNRES, CAUSABAS, IDADE/IDADE_OBITO",downloaded
SIM/DATASUS DORES,ftp://ftp.datasus.gov.br/dissemin/publicos/SIM/CID10/DORES/DORO2022.dbc,2026-08-23,/Users/brenoherculano/Desktop/Brazil Mental Health Spatial Inequality Project/phase2_analysis/data_raw/sim_2022/DORO2022.dbc,855648,502098fa10876901cfa6bb514f0d1a9fd5413faff968d9bbe413bb4ab8700ab2,2022,"CODMUNRES, CAUSABAS, IDADE/IDADE_OBITO",downloaded
SIM/DATASUS DORES,ftp://ftp.datasus.gov.br/dissemin/publicos/SIM/CID10/DORES/DORR2022.dbc,2026-08-23,/Users/brenoherculano/Desktop/Brazil Mental Health Spatial Inequality Project/phase2_analysis/data_raw/sim_2022/DORR2022.dbc,275221,6643344fe1ab587d648e5e0ea8cf7e3ef9e5b5b7021a12dcbbc54f5724d2ec65,2022,"CODMUNRES, CAUSABAS, IDADE/IDADE_OBITO",downloaded
SIM/DATASUS DORES,ftp://ftp.datasus.gov.br/dissemin/publicos/SIM/CID10/DORES/DORS2022.dbc,2026-08-23,/Users/brenoherculano/Desktop/Brazil Mental Health Spatial Inequality Project/phase2_analysis/data_raw/sim_2022/DORS2022.dbc,8075017,10a9df31ba332d7645d5cb7c7500d52046574a5232296a141f13c552b328e0cb,2022,"CODMUNRES, CAUSABAS, IDADE/IDADE_OBITO",downloaded
SIM/DATASUS DORES,ftp://ftp.datasus.gov.br/dissemin/publicos/SIM/CID10/DORES/DOSC2022.dbc,2026-08-23,/Users/brenoherculano/Desktop/Brazil Mental Health Spatial Inequality Project/phase2_analysis/data_raw/sim_2022/DOSC2022.dbc,4214991,ccb410b0ff5f20b31910f3493510fb5e610f4297e084d88928d6ea7970f4fb75,2022,"CODMUNRES, CAUSABAS, IDADE/IDADE_OBITO",downloaded
SIM/DATASUS DORES,ftp://ftp.datasus.gov.br/dissemin/publicos/SIM/CID10/DORES/DOSE2022.dbc,2026-08-23,/Users/brenoherculano/Desktop/Brazil Mental Health Spatial Inequality Project/phase2_analysis/data_raw/sim_2022/DOSE2022.dbc,1264697,4fa8cd3667966cf957fa6387c247c7a40fa75ed9e65ed7eceae734aa36c9413c,2022,"CODMUNRES, CAUSABAS, IDADE/IDADE_OBITO",downloaded
SIM/DATASUS DORES,ftp://ftp.datasus.gov.br/dissemin/publicos/SIM/CID10/DORES/DOSP2022.dbc,2026-08-23,/Users/brenoherculano/Desktop/Brazil Mental Health Spatial Inequality Project/phase2_analysis/data_raw/sim_2022/DOSP2022.dbc,28630082,34f6f7aef94545b88748982d0891a2b014c21dd43db8fd3b656643e0d6c17540,2022,"CODMUNRES, CAUSABAS, IDADE/IDADE_OBITO",downloaded
SIM/DATASUS DORES,ftp://ftp.datasus.gov.br/dissemin/publicos/SIM/CID10/DORES/DOTO2022.dbc,2026-08-23,/Users/brenoherculano/Desktop/Brazil Mental Health Spatial Inequality Project/phase2_analysis/data_raw/sim_2022/DOTO2022.dbc,827677,76e71d061b43ab1db4882ae802154d5ba45e8467c0646b7750955c526f9b7c46,2022,"CODMUNRES, CAUSABAS, IDADE/IDADE_OBITO",downloaded
SIM/DATASUS DORES,ftp://ftp.datasus.gov.br/dissemin/publicos/SIM/CID10/DORES/DOAC2023.dbc,2026-08-23,/Users/brenoherculano/Desktop/Brazil Mental Health Spatial Inequality Project/phase2_analysis/data_raw/sim_2023/DOAC2023.dbc,356443,9cd3410cf12490d24acd9adaa6667bfd94fb2216f0b63801c9a7d438f75ef40a,2023,"CODMUNRES, CAUSABAS, IDADE/IDADE_OBITO",downloaded
SIM/DATASUS DORES,ftp://ftp.datasus.gov.br/dissemin/publicos/SIM/CID10/DORES/DOAL2023.dbc,2026-08-23,/Users/brenoherculano/Desktop/Brazil Mental Health Spatial Inequality Project/phase2_analysis/data_raw/sim_2023/DOAL2023.dbc,1869612,47f66941128d0a8044fc24ccfa77bc64f4dfcd3f7d60f657d6f0bbfe5b0b00d9,2023,"CODMUNRES, CAUSABAS, IDADE/IDADE_OBITO",downloaded
SIM/DATASUS DORES,ftp://ftp.datasus.gov.br/dissemin/publicos/SIM/CID10/DORES/DOAM2023.dbc,2026-08-23,/Users/brenoherculano/Desktop/Brazil Mental Health Spatial Inequality Project/phase2_analysis/data_raw/sim_2023/DOAM2023.dbc,1720075,7b40bbf806440da7d272cc9a5a9bf7249d76bbed2e9a6b1543190c4fd499954a,2023,"CODMUNRES, CAUSABAS, IDADE/IDADE_OBITO",downloaded
SIM/DATASUS DORES,ftp://ftp.datasus.gov.br/dissemin/publicos/SIM/CID10/DORES/DOAP2023.dbc,2026-08-23,/Users/brenoherculano/Desktop/Brazil Mental Health Spatial Inequality Project/phase2_analysis/data_raw/sim_2023/DOAP2023.dbc,328976,4c4971dbb5d824b02289cdba7770a9df7a534964df6d96a8573c76cf614c659a,2023,"CODMUNRES, CAUSABAS, IDADE/IDADE_OBITO",downloaded
SIM/DATASUS DORES,ftp://ftp.datasus.gov.br/dissemin/publicos/SIM/CID10/DORES/DOBA2023.dbc,2026-08-23,/Users/brenoherculano/Desktop/Brazil Mental Health Spatial Inequality Project/phase2_analysis/data_raw/sim_2023/DOBA2023.dbc,8746195,8d5df8bd7813d61ef6fc38bec700a763598f437b57f064246e7460c4641e7286,2023,"CODMUNRES, CAUSABAS, IDADE/IDADE_OBITO",downloaded
SIM/DATASUS DORES,ftp://ftp.datasus.gov.br/dissemin/publicos/SIM/CID10/DORES/DOCE2023.dbc,2026-08-23,/Users/brenoherculano/Desktop/Brazil Mental Health Spatial Inequality Project/phase2_analysis/data_raw/sim_2023/DOCE2023.dbc,5153239,46de0e893c9131ba00d085eb28763704e36b5e5a3146a31aa0d501a689d2e411,2023,"CODMUNRES, CAUSABAS, IDADE/IDADE_OBITO",downloaded
SIM/DATASUS DORES,ftp://ftp.datasus.gov.br/dissemin/publicos/SIM/CID10/DORES/DODF2023.dbc,2026-08-23,/Users/brenoherculano/Desktop/Brazil Mental Health Spatial Inequality Project/phase2_analysis/data_raw/sim_2023/DODF2023.dbc,1238797,0756e0cdd95c573f4683d7efbfc30ef18b68e0efa8b483721f6e0ff8d05d22f3,2023,"CODMUNRES, CAUSABAS, IDADE/IDADE_OBITO",downloaded
SIM/DATASUS DORES,ftp://ftp.datasus.gov.br/dissemin/publicos/SIM/CID10/DORES/DOES2023.dbc,2026-08-23,/Users/brenoherculano/Desktop/Brazil Mental Health Spatial Inequality Project/phase2_analysis/data_raw/sim_2023/DOES2023.dbc,2373068,bfc52857f2efc3e2d8aec46248fce6c9ea58ccf8fa85aad8d117bc5a31d49acd,2023,"CODMUNRES, CAUSABAS, IDADE/IDADE_OBITO",downloaded
SIM/DATASUS DORES,ftp://ftp.datasus.gov.br/dissemin/publicos/SIM/CID10/DORES/DOGO2023.dbc,2026-08-23,/Users/brenoherculano/Desktop/Brazil Mental Health Spatial Inequality Project/phase2_analysis/data_raw/sim_2023/DOGO2023.dbc,4178667,79dde91da58c0e280f04d84d33417270d9dda911542e64a8e1dd249c9930090e,2023,"CODMUNRES, CAUSABAS, IDADE/IDADE_OBITO",downloaded
SIM/DATASUS DORES,ftp://ftp.datasus.gov.br/dissemin/publicos/SIM/CID10/DORES/DOMA2023.dbc,2026-08-23,/Users/brenoherculano/Desktop/Brazil Mental Health Spatial Inequality Project/phase2_analysis/data_raw/sim_2023/DOMA2023.dbc,3308845,1150385e8d0897f24f1657791168a9386c709f4de4883ce36c2b23d794652000,2023,"CODMUNRES, CAUSABAS, IDADE/IDADE_OBITO",downloaded
SIM/DATASUS DORES,ftp://ftp.datasus.gov.br/dissemin/publicos/SIM/CID10/DORES/DOMG2023.dbc,2026-08-23,/Users/brenoherculano/Desktop/Brazil Mental Health Spatial Inequality Project/phase2_analysis/data_raw/sim_2023/DOMG2023.dbc,13059607,fb4c338c2b782054de30eb3989e5be2746db91dbd4ca4849fe4b8749f41aab89,2023,"CODMUNRES, CAUSABAS, IDADE/IDADE_OBITO",downloaded
SIM/DATASUS DORES,ftp://ftp.datasus.gov.br/dissemin/publicos/SIM/CID10/DORES/DOMS2023.dbc,2026-08-23,/Users/brenoherculano/Desktop/Brazil Mental Health Spatial Inequality Project/phase2_analysis/data_raw/sim_2023/DOMS2023.dbc,1642561,a4d98e948408988914be4fbdf70f6891494e13525d29685d60a8eaa68d4bb09a,2023,"CODMUNRES, CAUSABAS, IDADE/IDADE_OBITO",downloaded
SIM/DATASUS DORES,ftp://ftp.datasus.gov.br/dissemin/publicos/SIM/CID10/DORES/DOMT2023.dbc,2026-08-23,/Users/brenoherculano/Desktop/Brazil Mental Health Spatial Inequality Project/phase2_analysis/data_raw/sim_2023/DOMT2023.dbc,2003853,31bcd4fd9355b851bcf31afb31b21c3b48921d58adc28324c4761e2ef0f95e62,2023,"CODMUNRES, CAUSABAS, IDADE/IDADE_OBITO",downloaded
SIM/DATASUS DORES,ftp://ftp.datasus.gov.br/dissemin/publicos/SIM/CID10/DORES/DOPA2023.dbc,2026-08-23,/Users/brenoherculano/Desktop/Brazil Mental Health Spatial Inequality Project/phase2_analysis/data_raw/sim_2023/DOPA2023.dbc,3751208,96af0c3be4dce9586069442b9d63bc4c1a69d6718241c2253b483bb96cca0a1e,2023,"CODMUNRES, CAUSABAS, IDADE/IDADE_OBITO",downloaded
SIM/DATASUS DORES,ftp://ftp.datasus.gov.br/dissemin/publicos/SIM/CID10/DORES/DOPB2023.dbc,2026-08-23,/Users/brenoherculano/Desktop/Brazil Mental Health Spatial Inequality Project/phase2_analysis/data_raw/sim_2023/DOPB2023.dbc,2400665,73a0ad67a764ccfbd8155f58f5d190b9ee56f3b07a672493425e0fe383862545,2023,"CODMUNRES, CAUSABAS, IDADE/IDADE_OBITO",downloaded
SIM/DATASUS DORES,ftp://ftp.datasus.gov.br/dissemin/publicos/SIM/CID10/DORES/DOPE2023.dbc,2026-08-23,/Users/brenoherculano/Desktop/Brazil Mental Health Spatial Inequality Project/phase2_analysis/data_raw/sim_2023/DOPE2023.dbc,5779997,d5b5600d544cd82a7dfb13663b21c68ccfc004680d50c8dec72a26f97d219451,2023,"CODMUNRES, CAUSABAS, IDADE/IDADE_OBITO",downloaded
SIM/DATASUS DORES,ftp://ftp.datasus.gov.br/dissemin/publicos/SIM/CID10/DORES/DOPI2023.dbc,2026-08-23,/Users/brenoherculano/Desktop/Brazil Mental Health Spatial Inequality Project/phase2_analysis/data_raw/sim_2023/DOPI2023.dbc,1933690,410d966af8e339313e08cbfdb5a7713226ad255bdce35b1a735dc219444d197d,2023,"CODMUNRES, CAUSABAS, IDADE/IDADE_OBITO",downloaded
SIM/DATASUS DORES,ftp://ftp.datasus.gov.br/dissemin/publicos/SIM/CID10/DORES/DOPR2023.dbc,2026-08-23,/Users/brenoherculano/Desktop/Brazil Mental Health Spatial Inequality Project/phase2_analysis/data_raw/sim_2023/DOPR2023.dbc,7368805,c2332170cec3ebba6acab9f918f962433c1369354f76eacafbbdc0adeacf36c1,2023,"CODMUNRES, CAUSABAS, IDADE/IDADE_OBITO",downloaded
SIM/DATASUS DORES,ftp://ftp.datasus.gov.br/dissemin/publicos/SIM/CID10/DORES/DORJ2023.dbc,2026-08-23,/Users/brenoherculano/Desktop/Brazil Mental Health Spatial Inequality Project/phase2_analysis/data_raw/sim_2023/DORJ2023.dbc,11382859,c988dd824c5c1be7cb7d6266fb828c289a4806b069feaed1c84133069fa20d07,2023,"CODMUNRES, CAUSABAS, IDADE/IDADE_OBITO",downloaded
SIM/DATASUS DORES,ftp://ftp.datasus.gov.br/dissemin/publicos/SIM/CID10/DORES/DORN2023.dbc,2026-08-23,/Users/brenoherculano/Desktop/Brazil Mental Health Spatial Inequality Project/phase2_analysis/data_raw/sim_2023/DORN2023.dbc,1916710,a744a9e73f6cbda359ff9f429cd8292ea1ca19f5f03800cdf36cd21598bb0906,2023,"CODMUNRES, CAUSABAS, IDADE/IDADE_OBITO",downloaded
SIM/DATASUS DORES,ftp://ftp.datasus.gov.br/dissemin/publicos/SIM/CID10/DORES/DORO2023.dbc,2026-08-23,/Users/brenoherculano/Desktop/Brazil Mental Health Spatial Inequality Project/phase2_analysis/data_raw/sim_2023/DORO2023.dbc,878235,87b36fa745305589d15b47857202ff9422bc35ec089ded4591e10a21e39fccc1,2023,"CODMUNRES, CAUSABAS, IDADE/IDADE_OBITO",downloaded
SIM/DATASUS DORES,ftp://ftp.datasus.gov.br/dissemin/publicos/SIM/CID10/DORES/DORR2023.dbc,2026-08-23,/Users/brenoherculano/Desktop/Brazil Mental Health Spatial Inequality Project/phase2_analysis/data_raw/sim_2023/DORR2023.dbc,288798,15b5203507161b7c35f9c69a52c955bdac133629549099b85a88e03a9a45baf0,2023,"CODMUNRES, CAUSABAS, IDADE/IDADE_OBITO",downloaded
SIM/DATASUS DORES,ftp://ftp.datasus.gov.br/dissemin/publicos/SIM/CID10/DORES/DORS2023.dbc,2026-08-23,/Users/brenoherculano/Desktop/Brazil Mental Health Spatial Inequality Project/phase2_analysis/data_raw/sim_2023/DORS2023.dbc,7756155,3dae23288087e5fa2c17e0370311ad9cb8132b89efff1a5f36cd9b6e7801b150,2023,"CODMUNRES, CAUSABAS, IDADE/IDADE_OBITO",downloaded
SIM/DATASUS DORES,ftp://ftp.datasus.gov.br/dissemin/publicos/SIM/CID10/DORES/DOSC2023.dbc,2026-08-23,/Users/brenoherculano/Desktop/Brazil Mental Health Spatial Inequality Project/phase2_analysis/data_raw/sim_2023/DOSC2023.dbc,4214177,1be70f99d8f8ec656b35ab4ddeac65a0b588806fe47db6c07e398b79d0a989fa,2023,"CODMUNRES, CAUSABAS, IDADE/IDADE_OBITO",downloaded
SIM/DATASUS DORES,ftp://ftp.datasus.gov.br/dissemin/publicos/SIM/CID10/DORES/DOSE2023.dbc,2026-08-23,/Users/brenoherculano/Desktop/Brazil Mental Health Spatial Inequality Project/phase2_analysis/data_raw/sim_2023/DOSE2023.dbc,1227638,97f198889b3d0143e2bd819f3dcb112a9ea62d0fb5586dd4a77c812527ffe157,2023,"CODMUNRES, CAUSABAS, IDADE/IDADE_OBITO",downloaded
SIM/DATASUS DORES,ftp://ftp.datasus.gov.br/dissemin/publicos/SIM/CID10/DORES/DOSP2023.dbc,2026-08-23,/Users/brenoherculano/Desktop/Brazil Mental Health Spatial Inequality Project/phase2_analysis/data_raw/sim_2023/DOSP2023.dbc,27790415,7743903b55efa96c3da9457fdfd300e2081051a3dc01afe0685544d51cf823e2,2023,"CODMUNRES, CAUSABAS, IDADE/IDADE_OBITO",downloaded
SIM/DATASUS DORES,ftp://ftp.datasus.gov.br/dissemin/publicos/SIM/CID10/DORES/DOTO2023.dbc,2026-08-23,/Users/brenoherculano/Desktop/Brazil Mental Health Spatial Inequality Project/phase2_analysis/data_raw/sim_2023/DOTO2023.dbc,817587,242ccc486d8e831348747d9f19635afdea9a47f2b7b8189bcf8fc2362627409a,2023,"CODMUNRES, CAUSABAS, IDADE/IDADE_OBITO",downloaded
SIM/DATASUS DORES,ftp://ftp.datasus.gov.br/dissemin/publicos/SIM/CID10/DORES/DOAC2024.dbc,2026-08-23,/Users/brenoherculano/Desktop/Brazil Mental Health Spatial Inequality Project/phase2_analysis/data_raw/sim_2024/DOAC2024.dbc,367974,6c3596bf21a5e65d70796a9a13e2bb1a334bd5dd9f066c061c3d6265f5c19ba4,2024,"CODMUNRES, CAUSABAS, IDADE/IDADE_OBITO",linked_from_paper1_cache
SIM/DATASUS DORES,ftp://ftp.datasus.gov.br/dissemin/publicos/SIM/CID10/DORES/DOAL2024.dbc,2026-08-23,/Users/brenoherculano/Desktop/Brazil Mental Health Spatial Inequality Project/phase2_analysis/data_raw/sim_2024/DOAL2024.dbc,1934549,7973cae9d2f98bc3e68594d9d3804978273678843d8bd6d1538fb949cbb7dc5d,2024,"CODMUNRES, CAUSABAS, IDADE/IDADE_OBITO",linked_from_paper1_cache
SIM/DATASUS DORES,ftp://ftp.datasus.gov.br/dissemin/publicos/SIM/CID10/DORES/DOAM2024.dbc,2026-08-23,/Users/brenoherculano/Desktop/Brazil Mental Health Spatial Inequality Project/phase2_analysis/data_raw/sim_2024/DOAM2024.dbc,1730737,da466988f4a966874e640560e47675f1bc459504d2643df431ef7356a7546495,2024,"CODMUNRES, CAUSABAS, IDADE/IDADE_OBITO",linked_from_paper1_cache
SIM/DATASUS DORES,ftp://ftp.datasus.gov.br/dissemin/publicos/SIM/CID10/DORES/DOAP2024.dbc,2026-08-23,/Users/brenoherculano/Desktop/Brazil Mental Health Spatial Inequality Project/phase2_analysis/data_raw/sim_2024/DOAP2024.dbc,335282,b0b2d02cd4ef532f31548ddabdfda68b0c3708effc419f64d17c8efabfe335ea,2024,"CODMUNRES, CAUSABAS, IDADE/IDADE_OBITO",linked_from_paper1_cache
SIM/DATASUS DORES,ftp://ftp.datasus.gov.br/dissemin/publicos/SIM/CID10/DORES/DOBA2024.dbc,2026-08-23,/Users/brenoherculano/Desktop/Brazil Mental Health Spatial Inequality Project/phase2_analysis/data_raw/sim_2024/DOBA2024.dbc,9182167,7e9c57c4c39a8df21136691917a19f6ceb099ae9be83f33be27938266c2ee2aa,2024,"CODMUNRES, CAUSABAS, IDADE/IDADE_OBITO",linked_from_paper1_cache
SIM/DATASUS DORES,ftp://ftp.datasus.gov.br/dissemin/publicos/SIM/CID10/DORES/DOCE2024.dbc,2026-08-23,/Users/brenoherculano/Desktop/Brazil Mental Health Spatial Inequality Project/phase2_analysis/data_raw/sim_2024/DOCE2024.dbc,5414286,8fd0642a35da123a34011b0c4df96b9656b8e1b302647f24b54dc35165a13e2a,2024,"CODMUNRES, CAUSABAS, IDADE/IDADE_OBITO",linked_from_paper1_cache
SIM/DATASUS DORES,ftp://ftp.datasus.gov.br/dissemin/publicos/SIM/CID10/DORES/DODF2024.dbc,2026-08-23,/Users/brenoherculano/Desktop/Brazil Mental Health Spatial Inequality Project/phase2_analysis/data_raw/sim_2024/DODF2024.dbc,1358245,8020033edcb0e581d996b43b9277c7cae7a979ff062f28b1eaa883ea75c5bc67,2024,"CODMUNRES, CAUSABAS, IDADE/IDADE_OBITO",linked_from_paper1_cache
SIM/DATASUS DORES,ftp://ftp.datasus.gov.br/dissemin/publicos/SIM/CID10/DORES/DOES2024.dbc,2026-08-23,/Users/brenoherculano/Desktop/Brazil Mental Health Spatial Inequality Project/phase2_analysis/data_raw/sim_2024/DOES2024.dbc,2490450,396d902b67d49515ed0f9507e9ec94c6b4102c902dbea14d4e2037f9b8f719b8,2024,"CODMUNRES, CAUSABAS, IDADE/IDADE_OBITO",linked_from_paper1_cache
SIM/DATASUS DORES,ftp://ftp.datasus.gov.br/dissemin/publicos/SIM/CID10/DORES/DOGO2024.dbc,2026-08-23,/Users/brenoherculano/Desktop/Brazil Mental Health Spatial Inequality Project/phase2_analysis/data_raw/sim_2024/DOGO2024.dbc,4497498,65f366a3ff4e8e0035ece8a3b3cdbb54bd0bd1945ed55ef5a71c26aa71013983,2024,"CODMUNRES, CAUSABAS, IDADE/IDADE_OBITO",linked_from_paper1_cache
SIM/DATASUS DORES,ftp://ftp.datasus.gov.br/dissemin/publicos/SIM/CID10/DORES/DOMA2024.dbc,2026-08-23,/Users/brenoherculano/Desktop/Brazil Mental Health Spatial Inequality Project/phase2_analysis/data_raw/sim_2024/DOMA2024.dbc,3456110,0b53d3af602d9bc73b05c0a34bacb7bee4b809f27996009c09761896c611928f,2024,"CODMUNRES, CAUSABAS, IDADE/IDADE_OBITO",linked_from_paper1_cache
SIM/DATASUS DORES,ftp://ftp.datasus.gov.br/dissemin/publicos/SIM/CID10/DORES/DOMG2024.dbc,2026-08-23,/Users/brenoherculano/Desktop/Brazil Mental Health Spatial Inequality Project/phase2_analysis/data_raw/sim_2024/DOMG2024.dbc,13702935,01abf0976e4b79bd65392e7e2f93821606748b50ca8115e22a6eee807c2fb75f,2024,"CODMUNRES, CAUSABAS, IDADE/IDADE_OBITO",linked_from_paper1_cache
SIM/DATASUS DORES,ftp://ftp.datasus.gov.br/dissemin/publicos/SIM/CID10/DORES/DOMS2024.dbc,2026-08-23,/Users/brenoherculano/Desktop/Brazil Mental Health Spatial Inequality Project/phase2_analysis/data_raw/sim_2024/DOMS2024.dbc,1685726,c509fedee389556ed8bf69c32301ce37d1baf696c24e3647280a088d050e7422,2024,"CODMUNRES, CAUSABAS, IDADE/IDADE_OBITO",linked_from_paper1_cache
SIM/DATASUS DORES,ftp://ftp.datasus.gov.br/dissemin/publicos/SIM/CID10/DORES/DOMT2024.dbc,2026-08-23,/Users/brenoherculano/Desktop/Brazil Mental Health Spatial Inequality Project/phase2_analysis/data_raw/sim_2024/DOMT2024.dbc,2105428,a7c3ddf45da4ff5bcacd54add29fe58e73e73fce564dbc5974a869bc0c08070b,2024,"CODMUNRES, CAUSABAS, IDADE/IDADE_OBITO",linked_from_paper1_cache
SIM/DATASUS DORES,ftp://ftp.datasus.gov.br/dissemin/publicos/SIM/CID10/DORES/DOPA2024.dbc,2026-08-23,/Users/brenoherculano/Desktop/Brazil Mental Health Spatial Inequality Project/phase2_analysis/data_raw/sim_2024/DOPA2024.dbc,3953108,1770cb2119df6234d43cabe037a6c2777f60d7b1781acad89a93780cec47aa68,2024,"CODMUNRES, CAUSABAS, IDADE/IDADE_OBITO",linked_from_paper1_cache
SIM/DATASUS DORES,ftp://ftp.datasus.gov.br/dissemin/publicos/SIM/CID10/DORES/DOPB2024.dbc,2026-08-23,/Users/brenoherculano/Desktop/Brazil Mental Health Spatial Inequality Project/phase2_analysis/data_raw/sim_2024/DOPB2024.dbc,2539021,44f4c5928ea55e444e7fbe2407abdb702395dc38e554e9deccfd09a01e7413e6,2024,"CODMUNRES, CAUSABAS, IDADE/IDADE_OBITO",linked_from_paper1_cache
SIM/DATASUS DORES,ftp://ftp.datasus.gov.br/dissemin/publicos/SIM/CID10/DORES/DOPE2024.dbc,2026-08-23,/Users/brenoherculano/Desktop/Brazil Mental Health Spatial Inequality Project/phase2_analysis/data_raw/sim_2024/DOPE2024.dbc,6074344,7e5589674aba4c61db99261fee8061262b406fd12c97434af831caebda661b87,2024,"CODMUNRES, CAUSABAS, IDADE/IDADE_OBITO",linked_from_paper1_cache
SIM/DATASUS DORES,ftp://ftp.datasus.gov.br/dissemin/publicos/SIM/CID10/DORES/DOPI2024.dbc,2026-08-23,/Users/brenoherculano/Desktop/Brazil Mental Health Spatial Inequality Project/phase2_analysis/data_raw/sim_2024/DOPI2024.dbc,2059995,d13de1fa2f2e6d381be5a90e538c5c16b6685d7ed7e4fac8953a8778440f6f98,2024,"CODMUNRES, CAUSABAS, IDADE/IDADE_OBITO",linked_from_paper1_cache
SIM/DATASUS DORES,ftp://ftp.datasus.gov.br/dissemin/publicos/SIM/CID10/DORES/DOPR2024.dbc,2026-08-23,/Users/brenoherculano/Desktop/Brazil Mental Health Spatial Inequality Project/phase2_analysis/data_raw/sim_2024/DOPR2024.dbc,7917269,742b6ca8cfc4d6ffab660748f934df33b6898f65bf51acf5927a013b21511e69,2024,"CODMUNRES, CAUSABAS, IDADE/IDADE_OBITO",linked_from_paper1_cache
SIM/DATASUS DORES,ftp://ftp.datasus.gov.br/dissemin/publicos/SIM/CID10/DORES/DORJ2024.dbc,2026-08-23,/Users/brenoherculano/Desktop/Brazil Mental Health Spatial Inequality Project/phase2_analysis/data_raw/sim_2024/DORJ2024.dbc,11739853,82da177f5db7c6fd033b7712b1fc630e2eb51f80a410e2bfa150adfbb26c7059,2024,"CODMUNRES, CAUSABAS, IDADE/IDADE_OBITO",linked_from_paper1_cache
SIM/DATASUS DORES,ftp://ftp.datasus.gov.br/dissemin/publicos/SIM/CID10/DORES/DORN2024.dbc,2026-08-23,/Users/brenoherculano/Desktop/Brazil Mental Health Spatial Inequality Project/phase2_analysis/data_raw/sim_2024/DORN2024.dbc,2043467,1af28ee443d7fdb1466159626f943c4a29bb900791d248bc6db70ae9f447fce4,2024,"CODMUNRES, CAUSABAS, IDADE/IDADE_OBITO",linked_from_paper1_cache
SIM/DATASUS DORES,ftp://ftp.datasus.gov.br/dissemin/publicos/SIM/CID10/DORES/DORO2024.dbc,2026-08-23,/Users/brenoherculano/Desktop/Brazil Mental Health Spatial Inequality Project/phase2_analysis/data_raw/sim_2024/DORO2024.dbc,903839,e433423c57223309d2378b74974208bb13c85c9f54bffcc26ac43536f784f72d,2024,"CODMUNRES, CAUSABAS, IDADE/IDADE_OBITO",linked_from_paper1_cache
SIM/DATASUS DORES,ftp://ftp.datasus.gov.br/dissemin/publicos/SIM/CID10/DORES/DORR2024.dbc,2026-08-23,/Users/brenoherculano/Desktop/Brazil Mental Health Spatial Inequality Project/phase2_analysis/data_raw/sim_2024/DORR2024.dbc,271643,86d66d736b83e5653d86d55eb47ab6db6b3e8238de3d362f9237768ed5c8a79a,2024,"CODMUNRES, CAUSABAS, IDADE/IDADE_OBITO",linked_from_paper1_cache
SIM/DATASUS DORES,ftp://ftp.datasus.gov.br/dissemin/publicos/SIM/CID10/DORES/DORS2024.dbc,2026-08-23,/Users/brenoherculano/Desktop/Brazil Mental Health Spatial Inequality Project/phase2_analysis/data_raw/sim_2024/DORS2024.dbc,8440285,ec4d55abb09859d1dfe1af7ceae41667447bcbe3333b07bd55d39c22bf09d788,2024,"CODMUNRES, CAUSABAS, IDADE/IDADE_OBITO",linked_from_paper1_cache
SIM/DATASUS DORES,ftp://ftp.datasus.gov.br/dissemin/publicos/SIM/CID10/DORES/DOSC2024.dbc,2026-08-23,/Users/brenoherculano/Desktop/Brazil Mental Health Spatial Inequality Project/phase2_analysis/data_raw/sim_2024/DOSC2024.dbc,4542894,e60765a4d90edac97b0645e05f91e9476bd904cd36b56bc20b0004a9c1605058,2024,"CODMUNRES, CAUSABAS, IDADE/IDADE_OBITO",linked_from_paper1_cache
SIM/DATASUS DORES,ftp://ftp.datasus.gov.br/dissemin/publicos/SIM/CID10/DORES/DOSE2024.dbc,2026-08-23,/Users/brenoherculano/Desktop/Brazil Mental Health Spatial Inequality Project/phase2_analysis/data_raw/sim_2024/DOSE2024.dbc,1274855,a9133194fb138aa5da80ef36ebd564153223fe368439a0807b70ea1be65617f3,2024,"CODMUNRES, CAUSABAS, IDADE/IDADE_OBITO",linked_from_paper1_cache
SIM/DATASUS DORES,ftp://ftp.datasus.gov.br/dissemin/publicos/SIM/CID10/DORES/DOSP2024.dbc,2026-08-23,/Users/brenoherculano/Desktop/Brazil Mental Health Spatial Inequality Project/phase2_analysis/data_raw/sim_2024/DOSP2024.dbc,29254325,fac57a15fe3d7efa3b0f2d797043a9335ef3d9dd6e824623031d71471533daf8,2024,"CODMUNRES, CAUSABAS, IDADE/IDADE_OBITO",linked_from_paper1_cache
SIM/DATASUS DORES,ftp://ftp.datasus.gov.br/dissemin/publicos/SIM/CID10/DORES/DOTO2024.dbc,2026-08-23,/Users/brenoherculano/Desktop/Brazil Mental Health Spatial Inequality Project/phase2_analysis/data_raw/sim_2024/DOTO2024.dbc,874197,0c39d352881ca441e60d52a3d46585c8c8ce9f90f9975bcf2ee83c474fa7089c,2024,"CODMUNRES, CAUSABAS, IDADE/IDADE_OBITO",linked_from_paper1_cache
SIH/SUS RD,ftp://ftp.datasus.gov.br/dissemin/publicos/SIHSUS/200801_/Dados/RDAC2201.dbc,2026-08-23,/Users/brenoherculano/Desktop/Brazil Mental Health Spatial Inequality Project/phase2_analysis/data_raw/sih_2022/RDAC2201.dbc,285026,b6dfba73ee3d4f9967a23251565714d25a19d67694f49438655c542fc4c3a1a9,2022-01,"MUNIC_RES, DIAG_PRINC",downloaded
SIH/SUS RD,ftp://ftp.datasus.gov.br/dissemin/publicos/SIHSUS/200801_/Dados/RDAC2202.dbc,2026-08-23,/Users/brenoherculano/Desktop/Brazil Mental Health Spatial Inequality Project/phase2_analysis/data_raw/sih_2022/RDAC2202.dbc,267860,ef23f2ac6a1fa65eefe587b3bd6cb53d7fc3900747f6afa98bfff20d78e383b6,2022-02,"MUNIC_RES, DIAG_PRINC",downloaded
SIH/SUS RD,ftp://ftp.datasus.gov.br/dissemin/publicos/SIHSUS/200801_/Dados/RDAC2203.dbc,2026-08-23,/Users/brenoherculano/Desktop/Brazil Mental Health Spatial Inequality Project/phase2_analysis/data_raw/sih_2022/RDAC2203.dbc,295808,0244605f4533412baa6f9baf2e2468602d8bd2ade2ed077532a31fd8b7171374,2022-03,"MUNIC_RES, DIAG_PRINC",downloaded
SIH/SUS RD,ftp://ftp.datasus.gov.br/dissemin/publicos/SIHSUS/200801_/Dados/RDAC2204.dbc,2026-08-23,/Users/brenoherculano/Desktop/Brazil Mental Health Spatial Inequality Project/phase2_analysis/data_raw/sih_2022/RDAC2204.dbc,299035,fee1b2e1cd1765975e2b18537f3770ea804021fa7e30fe47458cfbae3ac483bb,2022-04,"MUNIC_RES, DIAG_PRINC",downloaded
SIH/SUS RD,ftp://ftp.datasus.gov.br/dissemin/publicos/SIHSUS/200801_/Dados/RDAC2205.dbc,2026-08-23,/Users/brenoherculano/Desktop/Brazil Mental Health Spatial Inequality Project/phase2_analysis/data_raw/sih_2022/RDAC2205.dbc,367106,85f545c55c09cf49520b65ef78c0054c493541e8e31068edf4b53c388ca4916a,2022-05,"MUNIC_RES, DIAG_PRINC",downloaded
SIH/SUS RD,ftp://ftp.datasus.gov.br/dissemin/publicos/SIHSUS/200801_/Dados/RDAC2206.dbc,2026-08-23,/Users/brenoherculano/Desktop/Brazil Mental Health Spatial Inequality Project/phase2_analysis/data_raw/sih_2022/RDAC2206.dbc,263206,87eef50ec7d2b10f3faa9d523f79d1b7430e2ee2635cb2dd6fdb3b94d59da2dc,2022-06,"MUNIC_RES, DIAG_PRINC",downloaded
SIH/SUS RD,ftp://ftp.datasus.gov.br/dissemin/publicos/SIHSUS/200801_/Dados/RDAC2207.dbc,2026-08-23,/Users/brenoherculano/Desktop/Brazil Mental Health Spatial Inequality Project/phase2_analysis/data_raw/sih_2022/RDAC2207.dbc,240103,6f82695831533c2aa30d4c0d3fb1e40882507c152af4aebdb0cd8d1de14a75b4,2022-07,"MUNIC_RES, DIAG_PRINC",downloaded
SIH/SUS RD,ftp://ftp.datasus.gov.br/dissemin/publicos/SIHSUS/200801_/Dados/RDAC2208.dbc,2026-08-23,/Users/brenoherculano/Desktop/Brazil Mental Health Spatial Inequality Project/phase2_analysis/data_raw/sih_2022/RDAC2208.dbc,293189,6bd301f22544d1b3111220fd49f9c41bb086b2b1cf74daf2a06a99f0ce4610ea,2022-08,"MUNIC_RES, DIAG_PRINC",downloaded
SIH/SUS RD,ftp://ftp.datasus.gov.br/dissemin/publicos/SIHSUS/200801_/Dados/RDAC2209.dbc,2026-08-23,/Users/brenoherculano/Desktop/Brazil Mental Health Spatial Inequality Project/phase2_analysis/data_raw/sih_2022/RDAC2209.dbc,259306,bb49aa5ebd9ad46301f157c096b2e1065281b3310947a72fcbdaed2667d804f7,2022-09,"MUNIC_RES, DIAG_PRINC",downloaded
SIH/SUS RD,ftp://ftp.datasus.gov.br/dissemin/publicos/SIHSUS/200801_/Dados/RDAC2210.dbc,2026-08-23,/Users/brenoherculano/Desktop/Brazil Mental Health Spatial Inequality Project/phase2_analysis/data_raw/sih_2022/RDAC2210.dbc,296027,0ca01efe944be140eb5a4bde84afe1ec8af511e801fab573c4a76afd2a37fa34,2022-10,"MUNIC_RES, DIAG_PRINC",downloaded
SIH/SUS RD,ftp://ftp.datasus.gov.br/dissemin/publicos/SIHSUS/200801_/Dados/RDAC2211.dbc,2026-08-23,/Users/brenoherculano/Desktop/Brazil Mental Health Spatial Inequality Project/phase2_analysis/data_raw/sih_2022/RDAC2211.dbc,327594,08f9fc89d947f77a852472f75d610b3966eb7fd2ef9e6fc35a20ce9465307a2f,2022-11,"MUNIC_RES, DIAG_PRINC",downloaded
SIH/SUS RD,ftp://ftp.datasus.gov.br/dissemin/publicos/SIHSUS/200801_/Dados/RDAC2212.dbc,2026-08-23,/Users/brenoherculano/Desktop/Brazil Mental Health Spatial Inequality Project/phase2_analysis/data_raw/sih_2022/RDAC2212.dbc,321975,958db20e740c3e089d1bd0561e02b8a1d14c721e77ce161c37d147690cb409fd,2022-12,"MUNIC_RES, DIAG_PRINC",downloaded
SIH/SUS RD,ftp://ftp.datasus.gov.br/dissemin/publicos/SIHSUS/200801_/Dados/RDAL2201.dbc,2026-08-23,/Users/brenoherculano/Desktop/Brazil Mental Health Spatial Inequality Project/phase2_analysis/data_raw/sih_2022/RDAL2201.dbc,918266,9f12c6b43c3bf0a93037f444a0e136f5d3313aebad40e4d168dcb8eba7a0ddf8,2022-01,"MUNIC_RES, DIAG_PRINC",downloaded
SIH/SUS RD,ftp://ftp.datasus.gov.br/dissemin/publicos/SIHSUS/200801_/Dados/RDAL2202.dbc,2026-08-23,/Users/brenoherculano/Desktop/Brazil Mental Health Spatial Inequality Project/phase2_analysis/data_raw/sih_2022/RDAL2202.dbc,914835,1023a04605d599d93158194c46d36bec08a07e498b7fa49b3f7593bcf9ae08c0,2022-02,"MUNIC_RES, DIAG_PRINC",downloaded
SIH/SUS RD,ftp://ftp.datasus.gov.br/dissemin/publicos/SIHSUS/200801_/Dados/RDAL2203.dbc,2026-08-23,/Users/brenoherculano/Desktop/Brazil Mental Health Spatial Inequality Project/phase2_analysis/data_raw/sih_2022/RDAL2203.dbc,986294,eb3387c7a29b20f884eff8b6cc9af2c82a473f4c7097c07814b1e9b7165697b9,2022-03,"MUNIC_RES, DIAG_PRINC",downloaded
SIH/SUS RD,ftp://ftp.datasus.gov.br/dissemin/publicos/SIHSUS/200801_/Dados/RDAL2204.dbc,2026-08-23,/Users/brenoherculano/Desktop/Brazil Mental Health Spatial Inequality Project/phase2_analysis/data_raw/sih_2022/RDAL2204.dbc,917823,bf3d51f67e649f415f05fe64454be5ffa840bda425cef86298c9f595254b515a,2022-04,"MUNIC_RES, DIAG_PRINC",downloaded
SIH/SUS RD,ftp://ftp.datasus.gov.br/dissemin/publicos/SIHSUS/200801_/Dados/RDAL2205.dbc,2026-08-23,/Users/brenoherculano/Desktop/Brazil Mental Health Spatial Inequality Project/phase2_analysis/data_raw/sih_2022/RDAL2205.dbc,896985,8946057da8cb46ae2b52f5e90db16ec19f00651a52a4d5c4866619bc2208216d,2022-05,"MUNIC_RES, DIAG_PRINC",downloaded
SIH/SUS RD,ftp://ftp.datasus.gov.br/dissemin/publicos/SIHSUS/200801_/Dados/RDAL2206.dbc,2026-08-23,/Users/brenoherculano/Desktop/Brazil Mental Health Spatial Inequality Project/phase2_analysis/data_raw/sih_2022/RDAL2206.dbc,872360,9051536584af27d5a8a4d81346d8f0cd737b61672c45f3715665427aba6955e1,2022-06,"MUNIC_RES, DIAG_PRINC",downloaded
SIH/SUS RD,ftp://ftp.datasus.gov.br/dissemin/publicos/SIHSUS/200801_/Dados/RDAL2207.dbc,2026-08-23,/Users/brenoherculano/Desktop/Brazil Mental Health Spatial Inequality Project/phase2_analysis/data_raw/sih_2022/RDAL2207.dbc,986324,d9c3fba2ad684ebcc8ca6a7ea5799ac3927360bc05391f5dee3f99c5e9f9b972,2022-07,"MUNIC_RES, DIAG_PRINC",downloaded
SIH/SUS RD,ftp://ftp.datasus.gov.br/dissemin/publicos/SIHSUS/200801_/Dados/RDAL2208.dbc,2026-08-23,/Users/brenoherculano/Desktop/Brazil Mental Health Spatial Inequality Project/phase2_analysis/data_raw/sih_2022/RDAL2208.dbc,1035378,9b5902a1db7318904411c34f4c9cdf2f9c2040d574b103c6e439ddf1b77d8f5c,2022-08,"MUNIC_RES, DIAG_PRINC",downloaded
SIH/SUS RD,ftp://ftp.datasus.gov.br/dissemin/publicos/SIHSUS/200801_/Dados/RDAL2209.dbc,2026-08-23,/Users/brenoherculano/Desktop/Brazil Mental Health Spatial Inequality Project/phase2_analysis/data_raw/sih_2022/RDAL2209.dbc,1025168,12cb50fbfb0252b5cf48ea57b3cb39d85bfea684b55eb2367dea0c0336b29292,2022-09,"MUNIC_RES, DIAG_PRINC",downloaded
SIH/SUS RD,ftp://ftp.datasus.gov.br/dissemin/publicos/SIHSUS/200801_/Dados/RDAL2210.dbc,2026-08-23,/Users/brenoherculano/Desktop/Brazil Mental Health Spatial Inequality Project/phase2_analysis/data_raw/sih_2022/RDAL2210.dbc,1058977,bab5fc89311b3be4234a70bfeef165a6ac35a18f111675fa98cf7377f9d4e5b0,2022-10,"MUNIC_RES, DIAG_PRINC",downloaded
SIH/SUS RD,ftp://ftp.datasus.gov.br/dissemin/publicos/SIHSUS/200801_/Dados/RDAL2211.dbc,2026-08-23,/Users/brenoherculano/Desktop/Brazil Mental Health Spatial Inequality Project/phase2_analysis/data_raw/sih_2022/RDAL2211.dbc,1055983,46bfe85d122fa1ca90917f0bc2abd8fd6fac1c0f25d17d2aa2cdc11f6d4e71cf,2022-11,"MUNIC_RES, DIAG_PRINC",downloaded
SIH/SUS RD,ftp://ftp.datasus.gov.br/dissemin/publicos/SIHSUS/200801_/Dados/RDAL2212.dbc,2026-08-23,/Users/brenoherculano/Desktop/Brazil Mental Health Spatial Inequality Project/phase2_analysis/data_raw/sih_2022/RDAL2212.dbc,1013645,91a530c59d28a1396043e9d4ee474168943b3656efbfa9f1ca405b62dd1957c1,2022-12,"MUNIC_RES, DIAG_PRINC",downloaded
SIH/SUS RD,ftp://ftp.datasus.gov.br/dissemin/publicos/SIHSUS/200801_/Dados/RDAM2201.dbc,2026-08-23,/Users/brenoherculano/Desktop/Brazil Mental Health Spatial Inequality Project/phase2_analysis/data_raw/sih_2022/RDAM2201.dbc,1059921,bde0d73c62abb4d70b5b771f66cfa6954c3c46f5dbea8225c4dfc1c8327136e9,2022-01,"MUNIC_RES, DIAG_PRINC",downloaded
SIH/SUS RD,ftp://ftp.datasus.gov.br/dissemin/publicos/SIHSUS/200801_/Dados/RDAM2202.dbc,2026-08-23,/Users/brenoherculano/Desktop/Brazil Mental Health Spatial Inequality Project/phase2_analysis/data_raw/sih_2022/RDAM2202.dbc,1077426,5fa1c60fd04941e286466fd02f5003517ad41e0ffdb0709f3453283ec91815e6,2022-02,"MUNIC_RES, DIAG_PRINC",downloaded
SIH/SUS RD,ftp://ftp.datasus.gov.br/dissemin/publicos/SIHSUS/200801_/Dados/RDAM2203.dbc,2026-08-23,/Users/brenoherculano/Desktop/Brazil Mental Health Spatial Inequality Project/phase2_analysis/data_raw/sih_2022/RDAM2203.dbc,1214363,147f1ae2ca79a351379b8ecbc34be26344d8f0baf541b1a2962933ff98c67df0,2022-03,"MUNIC_RES, DIAG_PRINC",downloaded
SIH/SUS RD,ftp://ftp.datasus.gov.br/dissemin/publicos/SIHSUS/200801_/Dados/RDAM2204.dbc,2026-08-23,/Users/brenoherculano/Desktop/Brazil Mental Health Spatial Inequality Project/phase2_analysis/data_raw/sih_2022/RDAM2204.dbc,1184028,c0984437abec08843aed1b5f819b127003faa42623dbe312bfb74d6467549db6,2022-04,"MUNIC_RES, DIAG_PRINC",downloaded
SIH/SUS RD,ftp://ftp.datasus.gov.br/dissemin/publicos/SIHSUS/200801_/Dados/RDAM2205.dbc,2026-08-23,/Users/brenoherculano/Desktop/Brazil Mental Health Spatial Inequality Project/phase2_analysis/data_raw/sih_2022/RDAM2205.dbc,1224736,44ed613f5762cd1842d8a0912c2590a32f47e4f6595fe1df6b156f12854dc937,2022-05,"MUNIC_RES, DIAG_PRINC",downloaded
SIH/SUS RD,ftp://ftp.datasus.gov.br/dissemin/publicos/SIHSUS/200801_/Dados/RDAM2206.dbc,2026-08-23,/Users/brenoherculano/Desktop/Brazil Mental Health Spatial Inequality Project/phase2_analysis/data_raw/sih_2022/RDAM2206.dbc,1081047,54d9fe6c54a84fc136565de8fbb6d0df51b233bffc0f8a2bd7a8b1300b2fafd9,2022-06,"MUNIC_RES, DIAG_PRINC",downloaded
SIH/SUS RD,ftp://ftp.datasus.gov.br/dissemin/publicos/SIHSUS/200801_/Dados/RDAM2207.dbc,2026-08-23,/Users/brenoherculano/Desktop/Brazil Mental Health Spatial Inequality Project/phase2_analysis/data_raw/sih_2022/RDAM2207.dbc,1282232,cb8fee8c02d056cbbd023c4cf4ac02ce2cf73776fd7e3be65fca85f2d15e1879,2022-07,"MUNIC_RES, DIAG_PRINC",downloaded
SIH/SUS RD,ftp://ftp.datasus.gov.br/dissemin/publicos/SIHSUS/200801_/Dados/RDAM2208.dbc,2026-08-23,/Users/brenoherculano/Desktop/Brazil Mental Health Spatial Inequality Project/phase2_analysis/data_raw/sih_2022/RDAM2208.dbc,1289537,243b3b8aa62541f1a6425e8da29e4ed5b8cffcb21aecc96d126d097c82052a4e,2022-08,"MUNIC_RES, DIAG_PRINC",downloaded
SIH/SUS RD,ftp://ftp.datasus.gov.br/dissemin/publicos/SIHSUS/200801_/Dados/RDAM2209.dbc,2026-08-23,/Users/brenoherculano/Desktop/Brazil Mental Health Spatial Inequality Project/phase2_analysis/data_raw/sih_2022/RDAM2209.dbc,1329454,e6ec895bec7be007b2d79630e51b80cd1a3247190c40619f0cf4c2e67f0599c5,2022-09,"MUNIC_RES, DIAG_PRINC",downloaded
SIH/SUS RD,ftp://ftp.datasus.gov.br/dissemin/publicos/SIHSUS/200801_/Dados/RDAM2210.dbc,2026-08-23,/Users/brenoherculano/Desktop/Brazil Mental Health Spatial Inequality Project/phase2_analysis/data_raw/sih_2022/RDAM2210.dbc,1161998,dfdeca23379f0d70332492de1c9cccb5c5ed12d1ac451657b79040309dca2ac5,2022-10,"MUNIC_RES, DIAG_PRINC",downloaded
SIH/SUS RD,ftp://ftp.datasus.gov.br/dissemin/publicos/SIHSUS/200801_/Dados/RDAM2211.dbc,2026-08-23,/Users/brenoherculano/Desktop/Brazil Mental Health Spatial Inequality Project/phase2_analysis/data_raw/sih_2022/RDAM2211.dbc,1198118,e75068c5c1d8c05cfd4dc6c1e7df13c0880dfcd8ed1ba86ec2c385ea795cae2d,2022-11,"MUNIC_RES, DIAG_PRINC",downloaded
SIH/SUS RD,ftp://ftp.datasus.gov.br/dissemin/publicos/SIHSUS/200801_/Dados/RDAM2212.dbc,2026-08-23,/Users/brenoherculano/Desktop/Brazil Mental Health Spatial Inequality Project/phase2_analysis/data_raw/sih_2022/RDAM2212.dbc,1235284,7cbda73d70280f9e32e97585312ac9f798f68bde288faf329aa9cc0f3cd4939c,2022-12,"MUNIC_RES, DIAG_PRINC",downloaded
SIH/SUS RD,ftp://ftp.datasus.gov.br/dissemin/publicos/SIHSUS/200801_/Dados/RDAP2201.dbc,2026-08-23,/Users/brenoherculano/Desktop/Brazil Mental Health Spatial Inequality Project/phase2_analysis/data_raw/sih_2022/RDAP2201.dbc,234798,58b9bf9de56fd61ef411ea63b38460a797bb23bd88494b7ccbadbc2d5000212a,2022-01,"MUNIC_RES, DIAG_PRINC",downloaded
SIH/SUS RD,ftp://ftp.datasus.gov.br/dissemin/publicos/SIHSUS/200801_/Dados/RDAP2202.dbc,2026-08-23,/Users/brenoherculano/Desktop/Brazil Mental Health Spatial Inequality Project/phase2_analysis/data_raw/sih_2022/RDAP2202.dbc,213851,b5a0cb4e1337cf726cedddeb544cd4bb6699d5298491f3d40652c040880e07eb,2022-02,"MUNIC_RES, DIAG_PRINC",downloaded
SIH/SUS RD,ftp://ftp.datasus.gov.br/dissemin/publicos/SIHSUS/200801_/Dados/RDAP2203.dbc,2026-08-23,/Users/brenoherculano/Desktop/Brazil Mental Health Spatial Inequality Project/phase2_analysis/data_raw/sih_2022/RDAP2203.dbc,222537,17e8941e19b0a28a088841288b3303916d8e4829d68f2a301974a824b0d8128a,2022-03,"MUNIC_RES, DIAG_PRINC",downloaded
SIH/SUS RD,ftp://ftp.datasus.gov.br/dissemin/publicos/SIHSUS/200801_/Dados/RDAP2204.dbc,2026-08-23,/Users/brenoherculano/Desktop/Brazil Mental Health Spatial Inequality Project/phase2_analysis/data_raw/sih_2022/RDAP2204.dbc,250785,52afa28dac715b58ca62ac880f0d89658f44e733f0c293b22ebadbc1106beefc,2022-04,"MUNIC_RES, DIAG_PRINC",downloaded
SIH/SUS RD,ftp://ftp.datasus.gov.br/dissemin/publicos/SIHSUS/200801_/Dados/RDAP2205.dbc,2026-08-23,/Users/brenoherculano/Desktop/Brazil Mental Health Spatial Inequality Project/phase2_analysis/data_raw/sih_2022/RDAP2205.dbc,236094,6a278c4fa08a81ed7f1e885a8112e52c8971a8e248fa24725ce30fb693d87f82,2022-05,"MUNIC_RES, DIAG_PRINC",downloaded
SIH/SUS RD,ftp://ftp.datasus.gov.br/dissemin/publicos/SIHSUS/200801_/Dados/RDAP2206.dbc,2026-08-23,/Users/brenoherculano/Desktop/Brazil Mental Health Spatial Inequality Project/phase2_analysis/data_raw/sih_2022/RDAP2206.dbc,236142,5ac3fa2db653e33af77f470b5b3a11e6d0960bb0f769dcee740c405574f33d5d,2022-06,"MUNIC_RES, DIAG_PRINC",downloaded
SIH/SUS RD,ftp://ftp.datasus.gov.br/dissemin/publicos/SIHSUS/200801_/Dados/RDAP2207.dbc,2026-08-23,/Users/brenoherculano/Desktop/Brazil Mental Health Spatial Inequality Project/phase2_analysis/data_raw/sih_2022/RDAP2207.dbc,236679,dce5e73972fa8ad7fd814328d4fcd27a45764492548e8456c2f71b8fcbb01066,2022-07,"MUNIC_RES, DIAG_PRINC",downloaded
SIH/SUS RD,ftp://ftp.datasus.gov.br/dissemin/publicos/SIHSUS/200801_/Dados/RDAP2208.dbc,2026-08-23,/Users/brenoherculano/Desktop/Brazil Mental Health Spatial Inequality Project/phase2_analysis/data_raw/sih_2022/RDAP2208.dbc,237455,c9904d18ba607310db735c94a5011fb190e0fc5fd7a6a906d86b090b24e6b594,2022-08,"MUNIC_RES, DIAG_PRINC",downloaded
SIH/SUS RD,ftp://ftp.datasus.gov.br/dissemin/publicos/SIHSUS/200801_/Dados/RDAP2209.dbc,2026-08-23,/Users/brenoherculano/Desktop/Brazil Mental Health Spatial Inequality Project/phase2_analysis/data_raw/sih_2022/RDAP2209.dbc,222706,9b977d815de6393c37a1c6060c3370c87749f0e5bd8cd7d47df915a8fde8b6c9,2022-09,"MUNIC_RES, DIAG_PRINC",downloaded
SIH/SUS RD,ftp://ftp.datasus.gov.br/dissemin/publicos/SIHSUS/200801_/Dados/RDAP2210.dbc,2026-08-23,/Users/brenoherculano/Desktop/Brazil Mental Health Spatial Inequality Project/phase2_analysis/data_raw/sih_2022/RDAP2210.dbc,253825,67c88595b859673c929e7b4a16fa1d80395a9b487b524100b3dbf86e9763c3fb,2022-10,"MUNIC_RES, DIAG_PRINC",downloaded
SIH/SUS RD,ftp://ftp.datasus.gov.br/dissemin/publicos/SIHSUS/200801_/Dados/RDAP2211.dbc,2026-08-23,/Users/brenoherculano/Desktop/Brazil Mental Health Spatial Inequality Project/phase2_analysis/data_raw/sih_2022/RDAP2211.dbc,216748,9aac2bc8195f05bea9c38551d3b3d63291d9a289cac326359dd3d8a830326ea9,2022-11,"MUNIC_RES, DIAG_PRINC",downloaded
SIH/SUS RD,ftp://ftp.datasus.gov.br/dissemin/publicos/SIHSUS/200801_/Dados/RDAP2212.dbc,2026-08-23,/Users/brenoherculano/Desktop/Brazil Mental Health Spatial Inequality Project/phase2_analysis/data_raw/sih_2022/RDAP2212.dbc,273859,00353578450f93a298974d4d5634949398c91203329fd7fbb6ddb482b2f31251,2022-12,"MUNIC_RES, DIAG_PRINC",downloaded
SIH/SUS RD,ftp://ftp.datasus.gov.br/dissemin/publicos/SIHSUS/200801_/Dados/RDBA2201.dbc,2026-08-23,/Users/brenoherculano/Desktop/Brazil Mental Health Spatial Inequality Project/phase2_analysis/data_raw/sih_2022/RDBA2201.dbc,4893508,e23d58cf5fb5c947a26742680b872373c222733f43e99e9d16bc08b1523469c1,2022-01,"MUNIC_RES, DIAG_PRINC",downloaded
SIH/SUS RD,ftp://ftp.datasus.gov.br/dissemin/publicos/SIHSUS/200801_/Dados/RDBA2202.dbc,2026-08-23,/Users/brenoherculano/Desktop/Brazil Mental Health Spatial Inequality Project/phase2_analysis/data_raw/sih_2022/RDBA2202.dbc,4686290,369cea9e0c17b36f1e1eddfd6fbd2039009e0baf6e14f08076e83dbdd89074c4,2022-02,"MUNIC_RES, DIAG_PRINC",downloaded
SIH/SUS RD,ftp://ftp.datasus.gov.br/dissemin/publicos/SIHSUS/200801_/Dados/RDBA2203.dbc,2026-08-23,/Users/brenoherculano/Desktop/Brazil Mental Health Spatial Inequality Project/phase2_analysis/data_raw/sih_2022/RDBA2203.dbc,5014779,390ef187d2cbb597ed47b55d7d70bfc2caf617791ae682c586dd49de0eef86f9,2022-03,"MUNIC_RES, DIAG_PRINC",downloaded
SIH/SUS RD,ftp://ftp.datasus.gov.br/dissemin/publicos/SIHSUS/200801_/Dados/RDBA2204.dbc,2026-08-23,/Users/brenoherculano/Desktop/Brazil Mental Health Spatial Inequality Project/phase2_analysis/data_raw/sih_2022/RDBA2204.dbc,4915229,291b5b2b9d6ade59d2cb9375a31cfca0c4604fdac4aa80a61966d1efa196c099,2022-04,"MUNIC_RES, DIAG_PRINC",downloaded
SIH/SUS RD,ftp://ftp.datasus.gov.br/dissemin/publicos/SIHSUS/200801_/Dados/RDBA2205.dbc,2026-08-23,/Users/brenoherculano/Desktop/Brazil Mental Health Spatial Inequality Project/phase2_analysis/data_raw/sih_2022/RDBA2205.dbc,4722117,5c09d91736abe8dccb58d0afd755297cfb4afd83eda9e40c49e4ac605e6b3d1e,2022-05,"MUNIC_RES, DIAG_PRINC",downloaded
SIH/SUS RD,ftp://ftp.datasus.gov.br/dissemin/publicos/SIHSUS/200801_/Dados/RDBA2206.dbc,2026-08-23,/Users/brenoherculano/Desktop/Brazil Mental Health Spatial Inequality Project/phase2_analysis/data_raw/sih_2022/RDBA2206.dbc,4770385,739dcb4571fe89f270bab426f58d87f10ba73a3b0f2a36077260af77717ceec1,2022-06,"MUNIC_RES, DIAG_PRINC",downloaded
SIH/SUS RD,ftp://ftp.datasus.gov.br/dissemin/publicos/SIHSUS/200801_/Dados/RDBA2207.dbc,2026-08-23,/Users/brenoherculano/Desktop/Brazil Mental Health Spatial Inequality Project/phase2_analysis/data_raw/sih_2022/RDBA2207.dbc,5080428,78556c522c0d4e14a39f246a6646dda01c703001bae38795e749e8d25a27306e,2022-07,"MUNIC_RES, DIAG_PRINC",downloaded
SIH/SUS RD,ftp://ftp.datasus.gov.br/dissemin/publicos/SIHSUS/200801_/Dados/RDBA2208.dbc,2026-08-23,/Users/brenoherculano/Desktop/Brazil Mental Health Spatial Inequality Project/phase2_analysis/data_raw/sih_2022/RDBA2208.dbc,5476307,096a88151d715ca9783808bc0f68e5e7f65a3bdbd7bd32ae71c313c69e8962e8,2022-08,"MUNIC_RES, DIAG_PRINC",downloaded
SIH/SUS RD,ftp://ftp.datasus.gov.br/dissemin/publicos/SIHSUS/200801_/Dados/RDBA2209.dbc,2026-08-23,/Users/brenoherculano/Desktop/Brazil Mental Health Spatial Inequality Project/phase2_analysis/data_raw/sih_2022/RDBA2209.dbc,5300246,b97f87d7c63d10e3a7133c011d7f3bfa1e96764885c2bb1c719f271343b1c240,2022-09,"MUNIC_RES, DIAG_PRINC",downloaded
SIH/SUS RD,ftp://ftp.datasus.gov.br/dissemin/publicos/SIHSUS/200801_/Dados/RDBA2210.dbc,2026-08-23,/Users/brenoherculano/Desktop/Brazil Mental Health Spatial Inequality Project/phase2_analysis/data_raw/sih_2022/RDBA2210.dbc,5176679,45685d6fec9780497179aa1b35b7f35588a91a61dc117f33e0434a9fed30d80a,2022-10,"MUNIC_RES, DIAG_PRINC",downloaded
SIH/SUS RD,ftp://ftp.datasus.gov.br/dissemin/publicos/SIHSUS/200801_/Dados/RDBA2211.dbc,2026-08-23,/Users/brenoherculano/Desktop/Brazil Mental Health Spatial Inequality Project/phase2_analysis/data_raw/sih_2022/RDBA2211.dbc,4987817,71ab11442a4f5b4f01e02a13dc1c1f465fa7ef672a40a957952c29f3379753a1,2022-11,"MUNIC_RES, DIAG_PRINC",downloaded
SIH/SUS RD,ftp://ftp.datasus.gov.br/dissemin/publicos/SIHSUS/200801_/Dados/RDBA2212.dbc,2026-08-23,/Users/brenoherculano/Desktop/Brazil Mental Health Spatial Inequality Project/phase2_analysis/data_raw/sih_2022/RDBA2212.dbc,4970221,a3dc4854430141f4a10421f12d060bf3a416cb2b2be3364dd9cdbb5f7ec42651,2022-12,"MUNIC_RES, DIAG_PRINC",downloaded
SIH/SUS RD,ftp://ftp.datasus.gov.br/dissemin/publicos/SIHSUS/200801_/Dados/RDCE2201.dbc,2026-08-23,/Users/brenoherculano/Desktop/Brazil Mental Health Spatial Inequality Project/phase2_analysis/data_raw/sih_2022/RDCE2201.dbc,3034056,2e8be44a2155581ff2edcfdbbf8ad807aac13465ccf414fb865ffc73f06dfeef,2022-01,"MUNIC_RES, DIAG_PRINC",downloaded
SIH/SUS RD,ftp://ftp.datasus.gov.br/dissemin/publicos/SIHSUS/200801_/Dados/RDCE2202.dbc,2026-08-23,/Users/brenoherculano/Desktop/Brazil Mental Health Spatial Inequality Project/phase2_analysis/data_raw/sih_2022/RDCE2202.dbc,2860178,ae6fc2f1dc56e3c50832e0e6c660c60b9aeb5063412dd2c2b2f9ab0cdc83e592,2022-02,"MUNIC_RES, DIAG_PRINC",downloaded
SIH/SUS RD,ftp://ftp.datasus.gov.br/dissemin/publicos/SIHSUS/200801_/Dados/RDCE2203.dbc,2026-08-23,/Users/brenoherculano/Desktop/Brazil Mental Health Spatial Inequality Project/phase2_analysis/data_raw/sih_2022/RDCE2203.dbc,3223797,849bcae2c0ab0806bcfc182118603a70fe8fee7851f90d5a681c8eb1a7b9dab6,2022-03,"MUNIC_RES, DIAG_PRINC",downloaded
SIH/SUS RD,ftp://ftp.datasus.gov.br/dissemin/publicos/SIHSUS/200801_/Dados/RDCE2204.dbc,2026-08-23,/Users/brenoherculano/Desktop/Brazil Mental Health Spatial Inequality Project/phase2_analysis/data_raw/sih_2022/RDCE2204.dbc,3198460,acaad4ef1167ecbdd272725e46ea0c03b0b6c09aab362fa7fe8ade97aa329755,2022-04,"MUNIC_RES, DIAG_PRINC",downloaded
SIH/SUS RD,ftp://ftp.datasus.gov.br/dissemin/publicos/SIHSUS/200801_/Dados/RDCE2205.dbc,2026-08-23,/Users/brenoherculano/Desktop/Brazil Mental Health Spatial Inequality Project/phase2_analysis/data_raw/sih_2022/RDCE2205.dbc,3245166,4decd2a506b3ec658acea998fc43dfb46d1f68cdcc9c122a1c361b1a65cb4eca,2022-05,"MUNIC_RES, DIAG_PRINC",downloaded
SIH/SUS RD,ftp://ftp.datasus.gov.br/dissemin/publicos/SIHSUS/200801_/Dados/RDCE2206.dbc,2026-08-23,/Users/brenoherculano/Desktop/Brazil Mental Health Spatial Inequality Project/phase2_analysis/data_raw/sih_2022/RDCE2206.dbc,3223817,9669beddc59a60dba7fc5c2990474f8b4696ec0169f34ba9e4b1ce7d5c69c37e,2022-06,"MUNIC_RES, DIAG_PRINC",downloaded
SIH/SUS RD,ftp://ftp.datasus.gov.br/dissemin/publicos/SIHSUS/200801_/Dados/RDCE2207.dbc,2026-08-23,/Users/brenoherculano/Desktop/Brazil Mental Health Spatial Inequality Project/phase2_analysis/data_raw/sih_2022/RDCE2207.dbc,3301848,a4fea40f7128fbb067143ff5a8c38895907dbbf9a214b911eef23bd9153a41e6,2022-07,"MUNIC_RES, DIAG_PRINC",downloaded
SIH/SUS RD,ftp://ftp.datasus.gov.br/dissemin/publicos/SIHSUS/200801_/Dados/RDCE2208.dbc,2026-08-23,/Users/brenoherculano/Desktop/Brazil Mental Health Spatial Inequality Project/phase2_analysis/data_raw/sih_2022/RDCE2208.dbc,3428832,9857d727f7ee2738a9e6ffc2ff2d7b9b0bb5946525adc263d441352fccf8d90a,2022-08,"MUNIC_RES, DIAG_PRINC",downloaded
SIH/SUS RD,ftp://ftp.datasus.gov.br/dissemin/publicos/SIHSUS/200801_/Dados/RDCE2209.dbc,2026-08-23,/Users/brenoherculano/Desktop/Brazil Mental Health Spatial Inequality Project/phase2_analysis/data_raw/sih_2022/RDCE2209.dbc,3225369,8ecb277bfe30f90f265ab1d23808fb54346644abf8718b90019bb6088f9ccbb1,2022-09,"MUNIC_RES, DIAG_PRINC",downloaded
SIH/SUS RD,ftp://ftp.datasus.gov.br/dissemin/publicos/SIHSUS/200801_/Dados/RDCE2210.dbc,2026-08-23,/Users/brenoherculano/Desktop/Brazil Mental Health Spatial Inequality Project/phase2_analysis/data_raw/sih_2022/RDCE2210.dbc,3276131,8bd55ebbf4dc17dc95fd6980282886161414d6dc259abdecc75c24f19d080777,2022-10,"MUNIC_RES, DIAG_PRINC",downloaded
SIH/SUS RD,ftp://ftp.datasus.gov.br/dissemin/publicos/SIHSUS/200801_/Dados/RDCE2211.dbc,2026-08-23,/Users/brenoherculano/Desktop/Brazil Mental Health Spatial Inequality Project/phase2_analysis/data_raw/sih_2022/RDCE2211.dbc,3158017,623af3e9ff9cef6f0e9842e3be357a60a5fabe6e94fb782ce59934737c04d081,2022-11,"MUNIC_RES, DIAG_PRINC",downloaded
SIH/SUS RD,ftp://ftp.datasus.gov.br/dissemin/publicos/SIHSUS/200801_/Dados/RDCE2212.dbc,2026-08-23,/Users/brenoherculano/Desktop/Brazil Mental Health Spatial Inequality Project/phase2_analysis/data_raw/sih_2022/RDCE2212.dbc,3254951,e04bb3faee1927ade37bb26cac705e03be2d4796759aa31a7caff8f01183cb0c,2022-12,"MUNIC_RES, DIAG_PRINC",downloaded
SIH/SUS RD,ftp://ftp.datasus.gov.br/dissemin/publicos/SIHSUS/200801_/Dados/RDDF2201.dbc,2026-08-23,/Users/brenoherculano/Desktop/Brazil Mental Health Spatial Inequality Project/phase2_analysis/data_raw/sih_2022/RDDF2201.dbc,1588567,7fe141f0c59500f5158ecb32944aae8a6cbdad27cc172d1189248ed00e6e636a,2022-01,"MUNIC_RES, DIAG_PRINC",downloaded
SIH/SUS RD,ftp://ftp.datasus.gov.br/dissemin/publicos/SIHSUS/200801_/Dados/RDDF2202.dbc,2026-08-23,/Users/brenoherculano/Desktop/Brazil Mental Health Spatial Inequality Project/phase2_analysis/data_raw/sih_2022/RDDF2202.dbc,1416496,9451a1fea6e1318652d07b644ced050a0f49abf0f4d071f6039de6aff05b8e40,2022-02,"MUNIC_RES, DIAG_PRINC",downloaded
SIH/SUS RD,ftp://ftp.datasus.gov.br/dissemin/publicos/SIHSUS/200801_/Dados/RDDF2203.dbc,2026-08-23,/Users/brenoherculano/Desktop/Brazil Mental Health Spatial Inequality Project/phase2_analysis/data_raw/sih_2022/RDDF2203.dbc,1557951,794624f8130ebe74f1044d2d9d04a134137c35aff2a8cddb7ec3ea1d13b97c98,2022-03,"MUNIC_RES, DIAG_PRINC",downloaded
SIH/SUS RD,ftp://ftp.datasus.gov.br/dissemin/publicos/SIHSUS/200801_/Dados/RDDF2204.dbc,2026-08-23,/Users/brenoherculano/Desktop/Brazil Mental Health Spatial Inequality Project/phase2_analysis/data_raw/sih_2022/RDDF2204.dbc,1463560,821e745022175b327886a3832892e5559671fb4d4b5785a887296d0cf9ff2985,2022-04,"MUNIC_RES, DIAG_PRINC",downloaded
SIH/SUS RD,ftp://ftp.datasus.gov.br/dissemin/publicos/SIHSUS/200801_/Dados/RDDF2205.dbc,2026-08-23,/Users/brenoherculano/Desktop/Brazil Mental Health Spatial Inequality Project/phase2_analysis/data_raw/sih_2022/RDDF2205.dbc,1489759,d655323d2cdb4a03cfeece0beecb77695f834d1f7af87c7f82f165eb9c03a210,2022-05,"MUNIC_RES, DIAG_PRINC",downloaded
SIH/SUS RD,ftp://ftp.datasus.gov.br/dissemin/publicos/SIHSUS/200801_/Dados/RDDF2206.dbc,2026-08-23,/Users/brenoherculano/Desktop/Brazil Mental Health Spatial Inequality Project/phase2_analysis/data_raw/sih_2022/RDDF2206.dbc,1403799,ce4ddb60c07f9b37b705b0d376bf61e25b1f11993164c8ea211b98ffbf57e897,2022-06,"MUNIC_RES, DIAG_PRINC",downloaded
SIH/SUS RD,ftp://ftp.datasus.gov.br/dissemin/publicos/SIHSUS/200801_/Dados/RDDF2207.dbc,2026-08-23,/Users/brenoherculano/Desktop/Brazil Mental Health Spatial Inequality Project/phase2_analysis/data_raw/sih_2022/RDDF2207.dbc,1504338,3bd3ab7a2f3d09699c13225d673e8311e320fee5ef99dddf34b01a2dafb4a49f,2022-07,"MUNIC_RES, DIAG_PRINC",downloaded
SIH/SUS RD,ftp://ftp.datasus.gov.br/dissemin/publicos/SIHSUS/200801_/Dados/RDDF2208.dbc,2026-08-23,/Users/brenoherculano/Desktop/Brazil Mental Health Spatial Inequality Project/phase2_analysis/data_raw/sih_2022/RDDF2208.dbc,1692108,47eb82ee22904eab8b8c45ab04f92857663f5ec25a3227ef53fa9a24852ad342,2022-08,"MUNIC_RES, DIAG_PRINC",downloaded
SIH/SUS RD,ftp://ftp.datasus.gov.br/dissemin/publicos/SIHSUS/200801_/Dados/RDDF2209.dbc,2026-08-23,/Users/brenoherculano/Desktop/Brazil Mental Health Spatial Inequality Project/phase2_analysis/data_raw/sih_2022/RDDF2209.dbc,1521838,458259ae7a12ecc56fae6da0d6783439ce7034b661ef99b50d5c7d112f912a5d,2022-09,"MUNIC_RES, DIAG_PRINC",downloaded
SIH/SUS RD,ftp://ftp.datasus.gov.br/dissemin/publicos/SIHSUS/200801_/Dados/RDDF2210.dbc,2026-08-23,/Users/brenoherculano/Desktop/Brazil Mental Health Spatial Inequality Project/phase2_analysis/data_raw/sih_2022/RDDF2210.dbc,1593777,15e24bd650ce862dc4a6e7db6c61b6def4a478e57b6e8280e092e1329ba6030f,2022-10,"MUNIC_RES, DIAG_PRINC",downloaded
SIH/SUS RD,ftp://ftp.datasus.gov.br/dissemin/publicos/SIHSUS/200801_/Dados/RDDF2211.dbc,2026-08-23,/Users/brenoherculano/Desktop/Brazil Mental Health Spatial Inequality Project/phase2_analysis/data_raw/sih_2022/RDDF2211.dbc,1518196,8ef2b0a24213596520abd001aefacafd365114d16917e34fcf7834d29e6227b7,2022-11,"MUNIC_RES, DIAG_PRINC",downloaded
SIH/SUS RD,ftp://ftp.datasus.gov.br/dissemin/publicos/SIHSUS/200801_/Dados/RDDF2212.dbc,2026-08-23,/Users/brenoherculano/Desktop/Brazil Mental Health Spatial Inequality Project/phase2_analysis/data_raw/sih_2022/RDDF2212.dbc,1311147,0bb38d176af38b2896d73d6f1621d62469e4a3ef5b0bd5b2628efdcf45c535e1,2022-12,"MUNIC_RES, DIAG_PRINC",downloaded
SIH/SUS RD,ftp://ftp.datasus.gov.br/dissemin/publicos/SIHSUS/200801_/Dados/RDES2201.dbc,2026-08-23,/Users/brenoherculano/Desktop/Brazil Mental Health Spatial Inequality Project/phase2_analysis/data_raw/sih_2022/RDES2201.dbc,1666931,37c69f4b472770c3de3b1a2d804d9a987850f3a13224c7f1d39ec40e06809d89,2022-01,"MUNIC_RES, DIAG_PRINC",downloaded
SIH/SUS RD,ftp://ftp.datasus.gov.br/dissemin/publicos/SIHSUS/200801_/Dados/RDES2202.dbc,2026-08-23,/Users/brenoherculano/Desktop/Brazil Mental Health Spatial Inequality Project/phase2_analysis/data_raw/sih_2022/RDES2202.dbc,1648127,905833f999278d24d83ac8c3087b7b5670317a4d37464dc8d716ec0b527e3808,2022-02,"MUNIC_RES, DIAG_PRINC",downloaded
SIH/SUS RD,ftp://ftp.datasus.gov.br/dissemin/publicos/SIHSUS/200801_/Dados/RDES2203.dbc,2026-08-23,/Users/brenoherculano/Desktop/Brazil Mental Health Spatial Inequality Project/phase2_analysis/data_raw/sih_2022/RDES2203.dbc,1635705,449e392780e934dfbf031d5c3fd757e5d51a0a5f36356e6fd49ec512f06168fa,2022-03,"MUNIC_RES, DIAG_PRINC",downloaded
SIH/SUS RD,ftp://ftp.datasus.gov.br/dissemin/publicos/SIHSUS/200801_/Dados/RDES2204.dbc,2026-08-23,/Users/brenoherculano/Desktop/Brazil Mental Health Spatial Inequality Project/phase2_analysis/data_raw/sih_2022/RDES2204.dbc,1684013,d0852218cd0d7429e1fe11cb758e00830ecc2bad07f32f31190de6c1854695b9,2022-04,"MUNIC_RES, DIAG_PRINC",downloaded
SIH/SUS RD,ftp://ftp.datasus.gov.br/dissemin/publicos/SIHSUS/200801_/Dados/RDES2205.dbc,2026-08-23,/Users/brenoherculano/Desktop/Brazil Mental Health Spatial Inequality Project/phase2_analysis/data_raw/sih_2022/RDES2205.dbc,1652039,c948efa7a1ccda7fb14f29c93a4d83a111a7c6a5dbb3ba6cdac847b9a08f4334,2022-05,"MUNIC_RES, DIAG_PRINC",downloaded
SIH/SUS RD,ftp://ftp.datasus.gov.br/dissemin/publicos/SIHSUS/200801_/Dados/RDES2206.dbc,2026-08-23,/Users/brenoherculano/Desktop/Brazil Mental Health Spatial Inequality Project/phase2_analysis/data_raw/sih_2022/RDES2206.dbc,1796976,2915bc50f115ec8e192c77edeac1ec93e31079f3c4256e5fb2d17f2bea94cb14,2022-06,"MUNIC_RES, DIAG_PRINC",downloaded
SIH/SUS RD,ftp://ftp.datasus.gov.br/dissemin/publicos/SIHSUS/200801_/Dados/RDES2207.dbc,2026-08-23,/Users/brenoherculano/Desktop/Brazil Mental Health Spatial Inequality Project/phase2_analysis/data_raw/sih_2022/RDES2207.dbc,1778901,539a6cb2bef164ebb9c349bf8bed1a87a292542d4615ed26cf54a8986456f58a,2022-07,"MUNIC_RES, DIAG_PRINC",downloaded
SIH/SUS RD,ftp://ftp.datasus.gov.br/dissemin/publicos/SIHSUS/200801_/Dados/RDES2208.dbc,2026-08-23,/Users/brenoherculano/Desktop/Brazil Mental Health Spatial Inequality Project/phase2_analysis/data_raw/sih_2022/RDES2208.dbc,1640372,56cfabee41f5a4582b9f77e3c9e64c55559a249f3e13160c92170a8622be775e,2022-08,"MUNIC_RES, DIAG_PRINC",downloaded
SIH/SUS RD,ftp://ftp.datasus.gov.br/dissemin/publicos/SIHSUS/200801_/Dados/RDES2209.dbc,2026-08-23,/Users/brenoherculano/Desktop/Brazil Mental Health Spatial Inequality Project/phase2_analysis/data_raw/sih_2022/RDES2209.dbc,1682302,fb994394e8a3673182d17e5d4dbaf6d764701825a5ef9c2e3375f6fa7acad16c,2022-09,"MUNIC_RES, DIAG_PRINC",downloaded
SIH/SUS RD,ftp://ftp.datasus.gov.br/dissemin/publicos/SIHSUS/200801_/Dados/RDES2210.dbc,2026-08-23,/Users/brenoherculano/Desktop/Brazil Mental Health Spatial Inequality Project/phase2_analysis/data_raw/sih_2022/RDES2210.dbc,1737132,4417da7e07bc2a64be317c9439d569a7c035a2ab39d8fe2a959d34b131f29338,2022-10,"MUNIC_RES, DIAG_PRINC",downloaded
SIH/SUS RD,ftp://ftp.datasus.gov.br/dissemin/publicos/SIHSUS/200801_/Dados/RDES2211.dbc,2026-08-23,/Users/brenoherculano/Desktop/Brazil Mental Health Spatial Inequality Project/phase2_analysis/data_raw/sih_2022/RDES2211.dbc,1666596,9afc69656f5ea9dea708cde03ddfe79fad2092a2944678b786a3ba3290db9491,2022-11,"MUNIC_RES, DIAG_PRINC",downloaded
SIH/SUS RD,ftp://ftp.datasus.gov.br/dissemin/publicos/SIHSUS/200801_/Dados/RDES2212.dbc,2026-08-23,/Users/brenoherculano/Desktop/Brazil Mental Health Spatial Inequality Project/phase2_analysis/data_raw/sih_2022/RDES2212.dbc,1602805,fff5981c43c463a418374cae81d18310f192ad4dd3f51a084f57f9d2e70dcf28,2022-12,"MUNIC_RES, DIAG_PRINC",downloaded
SIH/SUS RD,ftp://ftp.datasus.gov.br/dissemin/publicos/SIHSUS/200801_/Dados/RDGO2201.dbc,2026-08-23,/Users/brenoherculano/Desktop/Brazil Mental Health Spatial Inequality Project/phase2_analysis/data_raw/sih_2022/RDGO2201.dbc,2124268,f37c540b4b1e94039fa87f78cb62c8d45828b4b4dcb8caa1427362f73ef9cc5d,2022-01,"MUNIC_RES, DIAG_PRINC",downloaded
SIH/SUS RD,ftp://ftp.datasus.gov.br/dissemin/publicos/SIHSUS/200801_/Dados/RDGO2202.dbc,2026-08-23,/Users/brenoherculano/Desktop/Brazil Mental Health Spatial Inequality Project/phase2_analysis/data_raw/sih_2022/RDGO2202.dbc,1967374,ec6d7ec9bb40dc1f5b2284ca6372d74f7aa1ffd5f317ca9231aede0d8786d545,2022-02,"MUNIC_RES, DIAG_PRINC",downloaded
SIH/SUS RD,ftp://ftp.datasus.gov.br/dissemin/publicos/SIHSUS/200801_/Dados/RDGO2203.dbc,2026-08-23,/Users/brenoherculano/Desktop/Brazil Mental Health Spatial Inequality Project/phase2_analysis/data_raw/sih_2022/RDGO2203.dbc,2186905,14bd39f35db2c49305c974f78dca4c7d57ace7221626ee71ddcbdc8e76722633,2022-03,"MUNIC_RES, DIAG_PRINC",downloaded
SIH/SUS RD,ftp://ftp.datasus.gov.br/dissemin/publicos/SIHSUS/200801_/Dados/RDGO2204.dbc,2026-08-23,/Users/brenoherculano/Desktop/Brazil Mental Health Spatial Inequality Project/phase2_analysis/data_raw/sih_2022/RDGO2204.dbc,2154628,63016a274de8378429d416f708f44de9fab5a759762fb5e8a448b4693cfcd2a1,2022-04,"MUNIC_RES, DIAG_PRINC",downloaded
SIH/SUS RD,ftp://ftp.datasus.gov.br/dissemin/publicos/SIHSUS/200801_/Dados/RDGO2205.dbc,2026-08-23,/Users/brenoherculano/Desktop/Brazil Mental Health Spatial Inequality Project/phase2_analysis/data_raw/sih_2022/RDGO2205.dbc,2432069,0e3c3355064825eeb1e3fb9b333397f2090448c403878e9dbf57c67c7f52986a,2022-05,"MUNIC_RES, DIAG_PRINC",downloaded
SIH/SUS RD,ftp://ftp.datasus.gov.br/dissemin/publicos/SIHSUS/200801_/Dados/RDGO2206.dbc,2026-08-23,/Users/brenoherculano/Desktop/Brazil Mental Health Spatial Inequality Project/phase2_analysis/data_raw/sih_2022/RDGO2206.dbc,2192011,1fedd206074b9d7831fba58faac8fc911a0fc31b7d8518d194f46fdd316a3a44,2022-06,"MUNIC_RES, DIAG_PRINC",downloaded
SIH/SUS RD,ftp://ftp.datasus.gov.br/dissemin/publicos/SIHSUS/200801_/Dados/RDGO2207.dbc,2026-08-23,/Users/brenoherculano/Desktop/Brazil Mental Health Spatial Inequality Project/phase2_analysis/data_raw/sih_2022/RDGO2207.dbc,2448157,f339e146d84bd7c2daf604e7adc742d96c16af5570e60db1a0f7de02695bdfea,2022-07,"MUNIC_RES, DIAG_PRINC",downloaded
SIH/SUS RD,ftp://ftp.datasus.gov.br/dissemin/publicos/SIHSUS/200801_/Dados/RDGO2208.dbc,2026-08-23,/Users/brenoherculano/Desktop/Brazil Mental Health Spatial Inequality Project/phase2_analysis/data_raw/sih_2022/RDGO2208.dbc,2389445,bdc7c7c73cc7d32d34ed44737273f9ffbf02a6817407e09871778197bf1d0644,2022-08,"MUNIC_RES, DIAG_PRINC",downloaded
SIH/SUS RD,ftp://ftp.datasus.gov.br/dissemin/publicos/SIHSUS/200801_/Dados/RDGO2209.dbc,2026-08-23,/Users/brenoherculano/Desktop/Brazil Mental Health Spatial Inequality Project/phase2_analysis/data_raw/sih_2022/RDGO2209.dbc,2406047,41121510e3dd8e5f76df4edbd90e09f9f81088d944506ca58a84ebd44f911b9e,2022-09,"MUNIC_RES, DIAG_PRINC",downloaded
SIH/SUS RD,ftp://ftp.datasus.gov.br/dissemin/publicos/SIHSUS/200801_/Dados/RDGO2210.dbc,2026-08-23,/Users/brenoherculano/Desktop/Brazil Mental Health Spatial Inequality Project/phase2_analysis/data_raw/sih_2022/RDGO2210.dbc,2502768,c1cbbd8dd3fb1b07002fda364eef00b1da64f5277409ce12b52682576ee7f53c,2022-10,"MUNIC_RES, DIAG_PRINC",downloaded
SIH/SUS RD,ftp://ftp.datasus.gov.br/dissemin/publicos/SIHSUS/200801_/Dados/RDGO2211.dbc,2026-08-23,/Users/brenoherculano/Desktop/Brazil Mental Health Spatial Inequality Project/phase2_analysis/data_raw/sih_2022/RDGO2211.dbc,2315932,ddb323d64b1d443a58cba0262f1f0a6b13e4170e269dbb9d8e4b6c82d45d9a7a,2022-11,"MUNIC_RES, DIAG_PRINC",downloaded
SIH/SUS RD,ftp://ftp.datasus.gov.br/dissemin/publicos/SIHSUS/200801_/Dados/RDGO2212.dbc,2026-08-23,/Users/brenoherculano/Desktop/Brazil Mental Health Spatial Inequality Project/phase2_analysis/data_raw/sih_2022/RDGO2212.dbc,2369548,f2ffe8325d1090bacad003e48acb3f2e5e55af72f844b3ab0f16edd6d60a05da,2022-12,"MUNIC_RES, DIAG_PRINC",downloaded
SIH/SUS RD,ftp://ftp.datasus.gov.br/dissemin/publicos/SIHSUS/200801_/Dados/RDMA2201.dbc,2026-08-23,/Users/brenoherculano/Desktop/Brazil Mental Health Spatial Inequality Project/phase2_analysis/data_raw/sih_2022/RDMA2201.dbc,2533828,b913b37734a1eba13bbeaa88606895da3ebd3316f0c5e1f01ea0faeeda8c21bd,2022-01,"MUNIC_RES, DIAG_PRINC",downloaded
SIH/SUS RD,ftp://ftp.datasus.gov.br/dissemin/publicos/SIHSUS/200801_/Dados/RDMA2202.dbc,2026-08-23,/Users/brenoherculano/Desktop/Brazil Mental Health Spatial Inequality Project/phase2_analysis/data_raw/sih_2022/RDMA2202.dbc,2487038,a6e4119ce2bdd00b15cd9fd8bc0e89dc05e032789a051f128c1ec689a4d3e2d0,2022-02,"MUNIC_RES, DIAG_PRINC",downloaded
SIH/SUS RD,ftp://ftp.datasus.gov.br/dissemin/publicos/SIHSUS/200801_/Dados/RDMA2203.dbc,2026-08-23,/Users/brenoherculano/Desktop/Brazil Mental Health Spatial Inequality Project/phase2_analysis/data_raw/sih_2022/RDMA2203.dbc,2603378,0204c1597983efb59db391b8c16ff6bd15545f2b9dcfb637889970b099b02ff8,2022-03,"MUNIC_RES, DIAG_PRINC",downloaded
SIH/SUS RD,ftp://ftp.datasus.gov.br/dissemin/publicos/SIHSUS/200801_/Dados/RDMA2204.dbc,2026-08-23,/Users/brenoherculano/Desktop/Brazil Mental Health Spatial Inequality Project/phase2_analysis/data_raw/sih_2022/RDMA2204.dbc,2637504,25455c5424a471704b454e6bc6df4d6d56aa45b5ed71f73fbe24b8eb18ea3cde,2022-04,"MUNIC_RES, DIAG_PRINC",downloaded
SIH/SUS RD,ftp://ftp.datasus.gov.br/dissemin/publicos/SIHSUS/200801_/Dados/RDMA2205.dbc,2026-08-23,/Users/brenoherculano/Desktop/Brazil Mental Health Spatial Inequality Project/phase2_analysis/data_raw/sih_2022/RDMA2205.dbc,2793559,5abb4d446cf64140919c111b1a884a54c886e7681476cb505ecba3b98a92309d,2022-05,"MUNIC_RES, DIAG_PRINC",downloaded
SIH/SUS RD,ftp://ftp.datasus.gov.br/dissemin/publicos/SIHSUS/200801_/Dados/RDMA2206.dbc,2026-08-23,/Users/brenoherculano/Desktop/Brazil Mental Health Spatial Inequality Project/phase2_analysis/data_raw/sih_2022/RDMA2206.dbc,2703480,ba9c784705ccbef151a63e664811857b9c7d89cbdf2aaad4fb937583f33d2df1,2022-06,"MUNIC_RES, DIAG_PRINC",downloaded
SIH/SUS RD,ftp://ftp.datasus.gov.br/dissemin/publicos/SIHSUS/200801_/Dados/RDMA2207.dbc,2026-08-23,/Users/brenoherculano/Desktop/Brazil Mental Health Spatial Inequality Project/phase2_analysis/data_raw/sih_2022/RDMA2207.dbc,2795586,034c88d4a86a3a3e8c486997f171d89b9a0e3de29b26fce8beb167de79e3cb1a,2022-07,"MUNIC_RES, DIAG_PRINC",downloaded
SIH/SUS RD,ftp://ftp.datasus.gov.br/dissemin/publicos/SIHSUS/200801_/Dados/RDMA2208.dbc,2026-08-23,/Users/brenoherculano/Desktop/Brazil Mental Health Spatial Inequality Project/phase2_analysis/data_raw/sih_2022/RDMA2208.dbc,2701926,45e4ba952de477299164d8ab8d339e3de298bf28026f66dcd9aaa3fbaa45b246,2022-08,"MUNIC_RES, DIAG_PRINC",downloaded
SIH/SUS RD,ftp://ftp.datasus.gov.br/dissemin/publicos/SIHSUS/200801_/Dados/RDMA2209.dbc,2026-08-23,/Users/brenoherculano/Desktop/Brazil Mental Health Spatial Inequality Project/phase2_analysis/data_raw/sih_2022/RDMA2209.dbc,2596274,eb0d725b165dcf14a121816e32d9195879a115b12f97abc40e9ac92c293721c5,2022-09,"MUNIC_RES, DIAG_PRINC",downloaded
SIH/SUS RD,ftp://ftp.datasus.gov.br/dissemin/publicos/SIHSUS/200801_/Dados/RDMA2210.dbc,2026-08-23,/Users/brenoherculano/Desktop/Brazil Mental Health Spatial Inequality Project/phase2_analysis/data_raw/sih_2022/RDMA2210.dbc,2616790,c3148cd19113d0fbd896b6890bcd737ebdd7db6fe2deaca2c8636beec340ec43,2022-10,"MUNIC_RES, DIAG_PRINC",downloaded
SIH/SUS RD,ftp://ftp.datasus.gov.br/dissemin/publicos/SIHSUS/200801_/Dados/RDMA2211.dbc,2026-08-23,/Users/brenoherculano/Desktop/Brazil Mental Health Spatial Inequality Project/phase2_analysis/data_raw/sih_2022/RDMA2211.dbc,2500863,a63122a85e7b42a2c719f64ae1ced1f34f2b80424898b1b86422a87d4fd9d2ce,2022-11,"MUNIC_RES, DIAG_PRINC",downloaded
SIH/SUS RD,ftp://ftp.datasus.gov.br/dissemin/publicos/SIHSUS/200801_/Dados/RDMA2212.dbc,2026-08-23,/Users/brenoherculano/Desktop/Brazil Mental Health Spatial Inequality Project/phase2_analysis/data_raw/sih_2022/RDMA2212.dbc,2660703,2a160569e5aa85312ff4bbb0657cdd430ca60c0fa1e9b2f98641477a48a96fac,2022-12,"MUNIC_RES, DIAG_PRINC",downloaded
SIH/SUS RD,ftp://ftp.datasus.gov.br/dissemin/publicos/SIHSUS/200801_/Dados/RDMG2201.dbc,2026-08-23,/Users/brenoherculano/Desktop/Brazil Mental Health Spatial Inequality Project/phase2_analysis/data_raw/sih_2022/RDMG2201.dbc,8208517,17c97ccb77dfd1b68cb1e1225b86411ea7b2d49d1b860cdc4f67d1fb9d4c892c,2022-01,"MUNIC_RES, DIAG_PRINC",downloaded
SIH/SUS RD,ftp://ftp.datasus.gov.br/dissemin/publicos/SIHSUS/200801_/Dados/RDMG2202.dbc,2026-08-23,/Users/brenoherculano/Desktop/Brazil Mental Health Spatial Inequality Project/phase2_analysis/data_raw/sih_2022/RDMG2202.dbc,7794268,1fc2d95fdc4c1144dae0d7cd6491710df761ec54c110ece9b3492da61e935e20,2022-02,"MUNIC_RES, DIAG_PRINC",downloaded
SIH/SUS RD,ftp://ftp.datasus.gov.br/dissemin/publicos/SIHSUS/200801_/Dados/RDMG2203.dbc,2026-08-23,/Users/brenoherculano/Desktop/Brazil Mental Health Spatial Inequality Project/phase2_analysis/data_raw/sih_2022/RDMG2203.dbc,8448011,0c71d2871afb6ef09f34f815e89ddf1ec1718a12186669202c1d675557b6f326,2022-03,"MUNIC_RES, DIAG_PRINC",downloaded
SIH/SUS RD,ftp://ftp.datasus.gov.br/dissemin/publicos/SIHSUS/200801_/Dados/RDMG2204.dbc,2026-08-23,/Users/brenoherculano/Desktop/Brazil Mental Health Spatial Inequality Project/phase2_analysis/data_raw/sih_2022/RDMG2204.dbc,8326699,ca33073988794d095a008ac5f78aa43fb28319f8f5f5d9fd34c31fba7c45b19e,2022-04,"MUNIC_RES, DIAG_PRINC",downloaded
SIH/SUS RD,ftp://ftp.datasus.gov.br/dissemin/publicos/SIHSUS/200801_/Dados/RDMG2205.dbc,2026-08-23,/Users/brenoherculano/Desktop/Brazil Mental Health Spatial Inequality Project/phase2_analysis/data_raw/sih_2022/RDMG2205.dbc,9033836,dc60702aa404f35c23c0bf706eae9455dbf1e04c06d793ae410d9213fcb4086d,2022-05,"MUNIC_RES, DIAG_PRINC",downloaded
SIH/SUS RD,ftp://ftp.datasus.gov.br/dissemin/publicos/SIHSUS/200801_/Dados/RDMG2206.dbc,2026-08-23,/Users/brenoherculano/Desktop/Brazil Mental Health Spatial Inequality Project/phase2_analysis/data_raw/sih_2022/RDMG2206.dbc,8763741,03ac67440814aee3857e6ee97809dc40cabc3ea1b6e20021e64e2df7a176b9b9,2022-06,"MUNIC_RES, DIAG_PRINC",downloaded
SIH/SUS RD,ftp://ftp.datasus.gov.br/dissemin/publicos/SIHSUS/200801_/Dados/RDMG2207.dbc,2026-08-23,/Users/brenoherculano/Desktop/Brazil Mental Health Spatial Inequality Project/phase2_analysis/data_raw/sih_2022/RDMG2207.dbc,9040387,fa81f80f7b65349db9ea12131661ef05580f074a52cc3b85074b7491889db45e,2022-07,"MUNIC_RES, DIAG_PRINC",downloaded
SIH/SUS RD,ftp://ftp.datasus.gov.br/dissemin/publicos/SIHSUS/200801_/Dados/RDMG2208.dbc,2026-08-23,/Users/brenoherculano/Desktop/Brazil Mental Health Spatial Inequality Project/phase2_analysis/data_raw/sih_2022/RDMG2208.dbc,9432350,12ccefa46e21b6c42308043ffc410bc7195a8fde3989c816ba3f6f0f88491187,2022-08,"MUNIC_RES, DIAG_PRINC",downloaded
SIH/SUS RD,ftp://ftp.datasus.gov.br/dissemin/publicos/SIHSUS/200801_/Dados/RDMG2209.dbc,2026-08-23,/Users/brenoherculano/Desktop/Brazil Mental Health Spatial Inequality Project/phase2_analysis/data_raw/sih_2022/RDMG2209.dbc,9049381,d7aaf92640b20baea1643308dbc9e03c2a101188fede87aef791d37eeca018b4,2022-09,"MUNIC_RES, DIAG_PRINC",downloaded
SIH/SUS RD,ftp://ftp.datasus.gov.br/dissemin/publicos/SIHSUS/200801_/Dados/RDMG2210.dbc,2026-08-23,/Users/brenoherculano/Desktop/Brazil Mental Health Spatial Inequality Project/phase2_analysis/data_raw/sih_2022/RDMG2210.dbc,8959029,8ac471da4aee21a030b8e833c7c427b41354c890b113158ef1d16ba5aa02abb1,2022-10,"MUNIC_RES, DIAG_PRINC",downloaded
SIH/SUS RD,ftp://ftp.datasus.gov.br/dissemin/publicos/SIHSUS/200801_/Dados/RDMG2211.dbc,2026-08-23,/Users/brenoherculano/Desktop/Brazil Mental Health Spatial Inequality Project/phase2_analysis/data_raw/sih_2022/RDMG2211.dbc,8792080,e8a5c3da9124c6c6b3f7cbff0c1873e4a3247c3307ce71f89c2e3c2983046586,2022-11,"MUNIC_RES, DIAG_PRINC",downloaded
SIH/SUS RD,ftp://ftp.datasus.gov.br/dissemin/publicos/SIHSUS/200801_/Dados/RDMG2212.dbc,2026-08-23,/Users/brenoherculano/Desktop/Brazil Mental Health Spatial Inequality Project/phase2_analysis/data_raw/sih_2022/RDMG2212.dbc,9011389,5b0d1de5b4ef4724899e0112c99680b5b3d9992bb8fe7eac7ce8a798430bdaf0,2022-12,"MUNIC_RES, DIAG_PRINC",downloaded
SIH/SUS RD,ftp://ftp.datasus.gov.br/dissemin/publicos/SIHSUS/200801_/Dados/RDMS2201.dbc,2026-08-23,/Users/brenoherculano/Desktop/Brazil Mental Health Spatial Inequality Project/phase2_analysis/data_raw/sih_2022/RDMS2201.dbc,1142689,4a564143f1f18a2dd2ac198e6cde364f1842e470027f82bd9c60b09c0d2b263c,2022-01,"MUNIC_RES, DIAG_PRINC",downloaded
SIH/SUS RD,ftp://ftp.datasus.gov.br/dissemin/publicos/SIHSUS/200801_/Dados/RDMS2202.dbc,2026-08-23,/Users/brenoherculano/Desktop/Brazil Mental Health Spatial Inequality Project/phase2_analysis/data_raw/sih_2022/RDMS2202.dbc,1210764,b7712a9451c79ae766385048aa783cadb2cdd917fddcb33272350aa1acb4995e,2022-02,"MUNIC_RES, DIAG_PRINC",downloaded
SIH/SUS RD,ftp://ftp.datasus.gov.br/dissemin/publicos/SIHSUS/200801_/Dados/RDMS2203.dbc,2026-08-23,/Users/brenoherculano/Desktop/Brazil Mental Health Spatial Inequality Project/phase2_analysis/data_raw/sih_2022/RDMS2203.dbc,1234314,47856dd972eda3250f7be969e8b3ba862df06b94f4c3e4ad227357992c5f3b4f,2022-03,"MUNIC_RES, DIAG_PRINC",downloaded
SIH/SUS RD,ftp://ftp.datasus.gov.br/dissemin/publicos/SIHSUS/200801_/Dados/RDMS2204.dbc,2026-08-23,/Users/brenoherculano/Desktop/Brazil Mental Health Spatial Inequality Project/phase2_analysis/data_raw/sih_2022/RDMS2204.dbc,1209176,6497d4814fa5313237249c82067dfeb91a1a122605e143bc420cf6389d9c96a2,2022-04,"MUNIC_RES, DIAG_PRINC",downloaded
SIH/SUS RD,ftp://ftp.datasus.gov.br/dissemin/publicos/SIHSUS/200801_/Dados/RDMS2205.dbc,2026-08-23,/Users/brenoherculano/Desktop/Brazil Mental Health Spatial Inequality Project/phase2_analysis/data_raw/sih_2022/RDMS2205.dbc,1159800,d8be628f2dfaa5cbede1401868d0ec507c26661075e88b3f87acfbecc33dda54,2022-05,"MUNIC_RES, DIAG_PRINC",downloaded
SIH/SUS RD,ftp://ftp.datasus.gov.br/dissemin/publicos/SIHSUS/200801_/Dados/RDMS2206.dbc,2026-08-23,/Users/brenoherculano/Desktop/Brazil Mental Health Spatial Inequality Project/phase2_analysis/data_raw/sih_2022/RDMS2206.dbc,1281985,f5a0340aa78d58e23927fda8695ab26d5e3e2b871f7389f689f01ae8c32f6498,2022-06,"MUNIC_RES, DIAG_PRINC",downloaded
SIH/SUS RD,ftp://ftp.datasus.gov.br/dissemin/publicos/SIHSUS/200801_/Dados/RDMS2207.dbc,2026-08-23,/Users/brenoherculano/Desktop/Brazil Mental Health Spatial Inequality Project/phase2_analysis/data_raw/sih_2022/RDMS2207.dbc,1285492,d8597ca4d13f0f637c89f1848e076b2b5719c22c0b830c3720831fafdb16de7a,2022-07,"MUNIC_RES, DIAG_PRINC",downloaded
SIH/SUS RD,ftp://ftp.datasus.gov.br/dissemin/publicos/SIHSUS/200801_/Dados/RDMS2208.dbc,2026-08-23,/Users/brenoherculano/Desktop/Brazil Mental Health Spatial Inequality Project/phase2_analysis/data_raw/sih_2022/RDMS2208.dbc,1274575,68c900f995e4ce093c9ff8a4cf27ded2c6f05b9e927d5da69204d3c2264c9028,2022-08,"MUNIC_RES, DIAG_PRINC",downloaded
SIH/SUS RD,ftp://ftp.datasus.gov.br/dissemin/publicos/SIHSUS/200801_/Dados/RDMS2209.dbc,2026-08-23,/Users/brenoherculano/Desktop/Brazil Mental Health Spatial Inequality Project/phase2_analysis/data_raw/sih_2022/RDMS2209.dbc,1242305,9b2eef0eafe5b858f9ee9d34609c447e4e28117327847f23c01afedc944fe257,2022-09,"MUNIC_RES, DIAG_PRINC",downloaded
SIH/SUS RD,ftp://ftp.datasus.gov.br/dissemin/publicos/SIHSUS/200801_/Dados/RDMS2210.dbc,2026-08-23,/Users/brenoherculano/Desktop/Brazil Mental Health Spatial Inequality Project/phase2_analysis/data_raw/sih_2022/RDMS2210.dbc,1221357,4dee3fb22e2ca751f0987d1b24388d913c3409425ff1825dd547de6a0bcd9272,2022-10,"MUNIC_RES, DIAG_PRINC",downloaded
SIH/SUS RD,ftp://ftp.datasus.gov.br/dissemin/publicos/SIHSUS/200801_/Dados/RDMS2211.dbc,2026-08-23,/Users/brenoherculano/Desktop/Brazil Mental Health Spatial Inequality Project/phase2_analysis/data_raw/sih_2022/RDMS2211.dbc,1242040,05eca53334dd4d4e7e693758367e17edeab5f0f9a37830eec1309fa43426ab05,2022-11,"MUNIC_RES, DIAG_PRINC",downloaded
SIH/SUS RD,ftp://ftp.datasus.gov.br/dissemin/publicos/SIHSUS/200801_/Dados/RDMS2212.dbc,2026-08-23,/Users/brenoherculano/Desktop/Brazil Mental Health Spatial Inequality Project/phase2_analysis/data_raw/sih_2022/RDMS2212.dbc,1198097,13f84832b232edb2150d6f68d38e67e06766ef3562e1433a32e698fdfe895ef1,2022-12,"MUNIC_RES, DIAG_PRINC",downloaded
SIH/SUS RD,ftp://ftp.datasus.gov.br/dissemin/publicos/SIHSUS/200801_/Dados/RDMT2201.dbc,2026-08-23,/Users/brenoherculano/Desktop/Brazil Mental Health Spatial Inequality Project/phase2_analysis/data_raw/sih_2022/RDMT2201.dbc,1205825,9d8185820268142307f90b5686151483e0f139435e150d33a70fbbc01885d562,2022-01,"MUNIC_RES, DIAG_PRINC",downloaded
SIH/SUS RD,ftp://ftp.datasus.gov.br/dissemin/publicos/SIHSUS/200801_/Dados/RDMT2202.dbc,2026-08-23,/Users/brenoherculano/Desktop/Brazil Mental Health Spatial Inequality Project/phase2_analysis/data_raw/sih_2022/RDMT2202.dbc,1196090,780be16d69c58826b53cad091311e8bcb7737476dde3a10a6d81bef1d3bcb078,2022-02,"MUNIC_RES, DIAG_PRINC",downloaded
SIH/SUS RD,ftp://ftp.datasus.gov.br/dissemin/publicos/SIHSUS/200801_/Dados/RDMT2203.dbc,2026-08-23,/Users/brenoherculano/Desktop/Brazil Mental Health Spatial Inequality Project/phase2_analysis/data_raw/sih_2022/RDMT2203.dbc,1236975,cfdcfbf3f76fdc03fb6836ac0b47d8b38408e1a9d614a07764566a718554a24f,2022-03,"MUNIC_RES, DIAG_PRINC",downloaded
SIH/SUS RD,ftp://ftp.datasus.gov.br/dissemin/publicos/SIHSUS/200801_/Dados/RDMT2204.dbc,2026-08-23,/Users/brenoherculano/Desktop/Brazil Mental Health Spatial Inequality Project/phase2_analysis/data_raw/sih_2022/RDMT2204.dbc,1212429,e5056b8b8d1aca4d3bf8963b2bf7d6d952f0f1d663e351d05635c99144ebb88b,2022-04,"MUNIC_RES, DIAG_PRINC",downloaded
SIH/SUS RD,ftp://ftp.datasus.gov.br/dissemin/publicos/SIHSUS/200801_/Dados/RDMT2205.dbc,2026-08-23,/Users/brenoherculano/Desktop/Brazil Mental Health Spatial Inequality Project/phase2_analysis/data_raw/sih_2022/RDMT2205.dbc,1261807,43095252688a71fd25011ce8906136e643cd26489a5dbfa7e1b941e365fe5ffa,2022-05,"MUNIC_RES, DIAG_PRINC",downloaded
SIH/SUS RD,ftp://ftp.datasus.gov.br/dissemin/publicos/SIHSUS/200801_/Dados/RDMT2206.dbc,2026-08-23,/Users/brenoherculano/Desktop/Brazil Mental Health Spatial Inequality Project/phase2_analysis/data_raw/sih_2022/RDMT2206.dbc,1263863,b2a3b75dd21cb4bf4f819785f9f224480c35556442f29aeb0fa2c9fae2a2f7d6,2022-06,"MUNIC_RES, DIAG_PRINC",downloaded
SIH/SUS RD,ftp://ftp.datasus.gov.br/dissemin/publicos/SIHSUS/200801_/Dados/RDMT2207.dbc,2026-08-23,/Users/brenoherculano/Desktop/Brazil Mental Health Spatial Inequality Project/phase2_analysis/data_raw/sih_2022/RDMT2207.dbc,1208805,9fefa8811f42151a9036d2fe29a5ec8377f0f546e7355e7cd813e97ba28839c2,2022-07,"MUNIC_RES, DIAG_PRINC",downloaded
SIH/SUS RD,ftp://ftp.datasus.gov.br/dissemin/publicos/SIHSUS/200801_/Dados/RDMT2208.dbc,2026-08-23,/Users/brenoherculano/Desktop/Brazil Mental Health Spatial Inequality Project/phase2_analysis/data_raw/sih_2022/RDMT2208.dbc,1354316,6df2b48e4de9c92da66de8f2fb8596cf7237b8d202582b573687b8ba24e5b0a3,2022-08,"MUNIC_RES, DIAG_PRINC",downloaded
SIH/SUS RD,ftp://ftp.datasus.gov.br/dissemin/publicos/SIHSUS/200801_/Dados/RDMT2209.dbc,2026-08-23,/Users/brenoherculano/Desktop/Brazil Mental Health Spatial Inequality Project/phase2_analysis/data_raw/sih_2022/RDMT2209.dbc,1356388,d8a6b7a0e2cfc010775ab6143bd0c6fc77a1ce2b5e59c651d003f68ee518e297,2022-09,"MUNIC_RES, DIAG_PRINC",downloaded
SIH/SUS RD,ftp://ftp.datasus.gov.br/dissemin/publicos/SIHSUS/200801_/Dados/RDMT2210.dbc,2026-08-23,/Users/brenoherculano/Desktop/Brazil Mental Health Spatial Inequality Project/phase2_analysis/data_raw/sih_2022/RDMT2210.dbc,1360173,e951545a1957f916aeaadfc9c3d73697d6c3b1fe176be66f4d9f49261843db93,2022-10,"MUNIC_RES, DIAG_PRINC",downloaded
SIH/SUS RD,ftp://ftp.datasus.gov.br/dissemin/publicos/SIHSUS/200801_/Dados/RDMT2211.dbc,2026-08-23,/Users/brenoherculano/Desktop/Brazil Mental Health Spatial Inequality Project/phase2_analysis/data_raw/sih_2022/RDMT2211.dbc,1311840,32811a18a8df7c812f5f1b5a23cb83b494ed53e6bd8c8016f2a9221402e19bf2,2022-11,"MUNIC_RES, DIAG_PRINC",downloaded
SIH/SUS RD,ftp://ftp.datasus.gov.br/dissemin/publicos/SIHSUS/200801_/Dados/RDMT2212.dbc,2026-08-23,/Users/brenoherculano/Desktop/Brazil Mental Health Spatial Inequality Project/phase2_analysis/data_raw/sih_2022/RDMT2212.dbc,1253247,8e8c53428a621287b299d3bfd3271bf7c8daa73486ede5a12e1b5787f948fcb5,2022-12,"MUNIC_RES, DIAG_PRINC",downloaded
SIH/SUS RD,ftp://ftp.datasus.gov.br/dissemin/publicos/SIHSUS/200801_/Dados/RDPA2201.dbc,2026-08-23,/Users/brenoherculano/Desktop/Brazil Mental Health Spatial Inequality Project/phase2_analysis/data_raw/sih_2022/RDPA2201.dbc,2753486,9789971fc3db93a0f350fe48f9ec1fa7e251b92a4577b7266716fd7ced26a1dd,2022-01,"MUNIC_RES, DIAG_PRINC",downloaded
SIH/SUS RD,ftp://ftp.datasus.gov.br/dissemin/publicos/SIHSUS/200801_/Dados/RDPA2202.dbc,2026-08-23,/Users/brenoherculano/Desktop/Brazil Mental Health Spatial Inequality Project/phase2_analysis/data_raw/sih_2022/RDPA2202.dbc,2726199,261f6046c46343aa07fe88a95d5110bc6e71197461cab80fc2765fe80bac3e4c,2022-02,"MUNIC_RES, DIAG_PRINC",downloaded
SIH/SUS RD,ftp://ftp.datasus.gov.br/dissemin/publicos/SIHSUS/200801_/Dados/RDPA2203.dbc,2026-08-23,/Users/brenoherculano/Desktop/Brazil Mental Health Spatial Inequality Project/phase2_analysis/data_raw/sih_2022/RDPA2203.dbc,2811671,13e204501d13e0369ed700cc3bb6ee37f8bea2801c120eb92b4908691414813e,2022-03,"MUNIC_RES, DIAG_PRINC",downloaded
SIH/SUS RD,ftp://ftp.datasus.gov.br/dissemin/publicos/SIHSUS/200801_/Dados/RDPA2204.dbc,2026-08-23,/Users/brenoherculano/Desktop/Brazil Mental Health Spatial Inequality Project/phase2_analysis/data_raw/sih_2022/RDPA2204.dbc,2887275,af62c367dc52880894d8b4f810fdfd66e57b4deab68bc3dd5d27070aeba2ede4,2022-04,"MUNIC_RES, DIAG_PRINC",downloaded
SIH/SUS RD,ftp://ftp.datasus.gov.br/dissemin/publicos/SIHSUS/200801_/Dados/RDPA2205.dbc,2026-08-23,/Users/brenoherculano/Desktop/Brazil Mental Health Spatial Inequality Project/phase2_analysis/data_raw/sih_2022/RDPA2205.dbc,2886031,387001773434e3d3adb86b8bf67f60263963950774dcd2253514f9ffeb642454,2022-05,"MUNIC_RES, DIAG_PRINC",downloaded
SIH/SUS RD,ftp://ftp.datasus.gov.br/dissemin/publicos/SIHSUS/200801_/Dados/RDPA2206.dbc,2026-08-23,/Users/brenoherculano/Desktop/Brazil Mental Health Spatial Inequality Project/phase2_analysis/data_raw/sih_2022/RDPA2206.dbc,2848492,7cd7041728422cf19e507df52163fb8e01145b74df5ba2b4889f9fdcaa5a161f,2022-06,"MUNIC_RES, DIAG_PRINC",downloaded
SIH/SUS RD,ftp://ftp.datasus.gov.br/dissemin/publicos/SIHSUS/200801_/Dados/RDPA2207.dbc,2026-08-23,/Users/brenoherculano/Desktop/Brazil Mental Health Spatial Inequality Project/phase2_analysis/data_raw/sih_2022/RDPA2207.dbc,2923330,91c0853fd38abecd1a9c1e9ca40cb0eebfce9748212711e74b4e76933c4550a7,2022-07,"MUNIC_RES, DIAG_PRINC",downloaded
SIH/SUS RD,ftp://ftp.datasus.gov.br/dissemin/publicos/SIHSUS/200801_/Dados/RDPA2208.dbc,2026-08-23,/Users/brenoherculano/Desktop/Brazil Mental Health Spatial Inequality Project/phase2_analysis/data_raw/sih_2022/RDPA2208.dbc,2901920,ba6ab3dd2b8e38dd984c61712b4b25d35eb32683a012b85250f317d7ac3901d1,2022-08,"MUNIC_RES, DIAG_PRINC",downloaded
SIH/SUS RD,ftp://ftp.datasus.gov.br/dissemin/publicos/SIHSUS/200801_/Dados/RDPA2209.dbc,2026-08-23,/Users/brenoherculano/Desktop/Brazil Mental Health Spatial Inequality Project/phase2_analysis/data_raw/sih_2022/RDPA2209.dbc,2862596,0f5c9eb4b6fc616368ae53b2899ef005570e77f24b38736c5b75cc8e6f2961eb,2022-09,"MUNIC_RES, DIAG_PRINC",downloaded
SIH/SUS RD,ftp://ftp.datasus.gov.br/dissemin/publicos/SIHSUS/200801_/Dados/RDPA2210.dbc,2026-08-23,/Users/brenoherculano/Desktop/Brazil Mental Health Spatial Inequality Project/phase2_analysis/data_raw/sih_2022/RDPA2210.dbc,2887031,ab4414e809861af15e5101d41ee9e733acb42e5d35cffb1054079d7ea82cc21b,2022-10,"MUNIC_RES, DIAG_PRINC",downloaded
SIH/SUS RD,ftp://ftp.datasus.gov.br/dissemin/publicos/SIHSUS/200801_/Dados/RDPA2211.dbc,2026-08-23,/Users/brenoherculano/Desktop/Brazil Mental Health Spatial Inequality Project/phase2_analysis/data_raw/sih_2022/RDPA2211.dbc,2777810,b195af7ff1b8129a82cadd030ac3a5d7f882b9042f0b5c3bc48e448b656c2887,2022-11,"MUNIC_RES, DIAG_PRINC",downloaded
SIH/SUS RD,ftp://ftp.datasus.gov.br/dissemin/publicos/SIHSUS/200801_/Dados/RDPA2212.dbc,2026-08-23,/Users/brenoherculano/Desktop/Brazil Mental Health Spatial Inequality Project/phase2_analysis/data_raw/sih_2022/RDPA2212.dbc,2804898,268d1e6c377907ba8117c788902ef9451664d2a549894f202bcc3f329f8d7603,2022-12,"MUNIC_RES, DIAG_PRINC",downloaded
SIH/SUS RD,ftp://ftp.datasus.gov.br/dissemin/publicos/SIHSUS/200801_/Dados/RDPB2201.dbc,2026-08-23,/Users/brenoherculano/Desktop/Brazil Mental Health Spatial Inequality Project/phase2_analysis/data_raw/sih_2022/RDPB2201.dbc,1129153,bd2a727ae2c7c85b5d6fbb757f74a27db802f30f1a5f1fc28bdcdf7c13eeb2a8,2022-01,"MUNIC_RES, DIAG_PRINC",downloaded
SIH/SUS RD,ftp://ftp.datasus.gov.br/dissemin/publicos/SIHSUS/200801_/Dados/RDPB2202.dbc,2026-08-23,/Users/brenoherculano/Desktop/Brazil Mental Health Spatial Inequality Project/phase2_analysis/data_raw/sih_2022/RDPB2202.dbc,1156743,ee2726e2410ab4d61b09a2cfef1c42b316a80512ff86631d17f631c06ec01d9b,2022-02,"MUNIC_RES, DIAG_PRINC",downloaded
SIH/SUS RD,ftp://ftp.datasus.gov.br/dissemin/publicos/SIHSUS/200801_/Dados/RDPB2203.dbc,2026-08-23,/Users/brenoherculano/Desktop/Brazil Mental Health Spatial Inequality Project/phase2_analysis/data_raw/sih_2022/RDPB2203.dbc,1238640,b768a735f6e027b1d17c85b1ef4377eb2ed0ba2404170176eeac5ea2f70fc3eb,2022-03,"MUNIC_RES, DIAG_PRINC",downloaded
SIH/SUS RD,ftp://ftp.datasus.gov.br/dissemin/publicos/SIHSUS/200801_/Dados/RDPB2204.dbc,2026-08-23,/Users/brenoherculano/Desktop/Brazil Mental Health Spatial Inequality Project/phase2_analysis/data_raw/sih_2022/RDPB2204.dbc,1239505,edb2964d882a0c1454a4d3e5378d84ae0c51165d645309ff1ad92b109a0ed07d,2022-04,"MUNIC_RES, DIAG_PRINC",downloaded
SIH/SUS RD,ftp://ftp.datasus.gov.br/dissemin/publicos/SIHSUS/200801_/Dados/RDPB2205.dbc,2026-08-23,/Users/brenoherculano/Desktop/Brazil Mental Health Spatial Inequality Project/phase2_analysis/data_raw/sih_2022/RDPB2205.dbc,1325578,9fd47312f6bf1fbcac97017464dc607748e2d1f9b2ace678b69c93273526abea,2022-05,"MUNIC_RES, DIAG_PRINC",downloaded
SIH/SUS RD,ftp://ftp.datasus.gov.br/dissemin/publicos/SIHSUS/200801_/Dados/RDPB2206.dbc,2026-08-23,/Users/brenoherculano/Desktop/Brazil Mental Health Spatial Inequality Project/phase2_analysis/data_raw/sih_2022/RDPB2206.dbc,1248941,c83d2985e2ddbaffc2b24ab2120c15a325c7d392290781a213a85b04b7cb5250,2022-06,"MUNIC_RES, DIAG_PRINC",downloaded
SIH/SUS RD,ftp://ftp.datasus.gov.br/dissemin/publicos/SIHSUS/200801_/Dados/RDPB2207.dbc,2026-08-23,/Users/brenoherculano/Desktop/Brazil Mental Health Spatial Inequality Project/phase2_analysis/data_raw/sih_2022/RDPB2207.dbc,1296510,be7aecc162dfa2ae386fa57b8a26075fc4be145c0ab48f6685e48720ebc78c3a,2022-07,"MUNIC_RES, DIAG_PRINC",downloaded
SIH/SUS RD,ftp://ftp.datasus.gov.br/dissemin/publicos/SIHSUS/200801_/Dados/RDPB2208.dbc,2026-08-23,/Users/brenoherculano/Desktop/Brazil Mental Health Spatial Inequality Project/phase2_analysis/data_raw/sih_2022/RDPB2208.dbc,1282986,eff53f2dfbc5f87fa0d52c2bb87965733324a66666cd7e5d02717660a041c21f,2022-08,"MUNIC_RES, DIAG_PRINC",downloaded
SIH/SUS RD,ftp://ftp.datasus.gov.br/dissemin/publicos/SIHSUS/200801_/Dados/RDPB2209.dbc,2026-08-23,/Users/brenoherculano/Desktop/Brazil Mental Health Spatial Inequality Project/phase2_analysis/data_raw/sih_2022/RDPB2209.dbc,1183002,715d616a8ee91855f649a53670b2037f0c98c5e8b12d2a8729216ad8bd8f3b1a,2022-09,"MUNIC_RES, DIAG_PRINC",downloaded
SIH/SUS RD,ftp://ftp.datasus.gov.br/dissemin/publicos/SIHSUS/200801_/Dados/RDPB2210.dbc,2026-08-23,/Users/brenoherculano/Desktop/Brazil Mental Health Spatial Inequality Project/phase2_analysis/data_raw/sih_2022/RDPB2210.dbc,1182524,e7794ba00ca33931eebf198068a311bf4afeaf3b16f3f869ab64dddf529c3700,2022-10,"MUNIC_RES, DIAG_PRINC",downloaded
SIH/SUS RD,ftp://ftp.datasus.gov.br/dissemin/publicos/SIHSUS/200801_/Dados/RDPB2211.dbc,2026-08-23,/Users/brenoherculano/Desktop/Brazil Mental Health Spatial Inequality Project/phase2_analysis/data_raw/sih_2022/RDPB2211.dbc,1185716,6cbd3a81fd0ebc4ff59f74846a8ed9124f7e8084978920cbc0533a364b1a8186,2022-11,"MUNIC_RES, DIAG_PRINC",downloaded
SIH/SUS RD,ftp://ftp.datasus.gov.br/dissemin/publicos/SIHSUS/200801_/Dados/RDPB2212.dbc,2026-08-23,/Users/brenoherculano/Desktop/Brazil Mental Health Spatial Inequality Project/phase2_analysis/data_raw/sih_2022/RDPB2212.dbc,1269345,f9c91f0f84b50d2bc3405aac9fd0ee3d9c3bd525a7c45a05215a374b432ea80b,2022-12,"MUNIC_RES, DIAG_PRINC",downloaded
SIH/SUS RD,ftp://ftp.datasus.gov.br/dissemin/publicos/SIHSUS/200801_/Dados/RDPE2201.dbc,2026-08-23,/Users/brenoherculano/Desktop/Brazil Mental Health Spatial Inequality Project/phase2_analysis/data_raw/sih_2022/RDPE2201.dbc,3541411,454b619b4adbaf44ee877cf739d7620f5a42f7c6a365d2e14ff80bdba1942446,2022-01,"MUNIC_RES, DIAG_PRINC",downloaded
SIH/SUS RD,ftp://ftp.datasus.gov.br/dissemin/publicos/SIHSUS/200801_/Dados/RDPE2202.dbc,2026-08-23,/Users/brenoherculano/Desktop/Brazil Mental Health Spatial Inequality Project/phase2_analysis/data_raw/sih_2022/RDPE2202.dbc,3447366,9309d1630e7ef642b4404bcbd4ab5bbe736b12ba543d418336cfc9ca51a1fe8e,2022-02,"MUNIC_RES, DIAG_PRINC",downloaded
SIH/SUS RD,ftp://ftp.datasus.gov.br/dissemin/publicos/SIHSUS/200801_/Dados/RDPE2203.dbc,2026-08-23,/Users/brenoherculano/Desktop/Brazil Mental Health Spatial Inequality Project/phase2_analysis/data_raw/sih_2022/RDPE2203.dbc,3575984,1fbaecf1da1156d2255c6340724f3bfdc598699f6b943bed6be9d94485cace21,2022-03,"MUNIC_RES, DIAG_PRINC",downloaded
SIH/SUS RD,ftp://ftp.datasus.gov.br/dissemin/publicos/SIHSUS/200801_/Dados/RDPE2204.dbc,2026-08-23,/Users/brenoherculano/Desktop/Brazil Mental Health Spatial Inequality Project/phase2_analysis/data_raw/sih_2022/RDPE2204.dbc,3639981,48fc6b58ff49ae9b76e5716845ead3ae95be6ab3ca32efcfa52bccecfc408131,2022-04,"MUNIC_RES, DIAG_PRINC",downloaded
SIH/SUS RD,ftp://ftp.datasus.gov.br/dissemin/publicos/SIHSUS/200801_/Dados/RDPE2205.dbc,2026-08-23,/Users/brenoherculano/Desktop/Brazil Mental Health Spatial Inequality Project/phase2_analysis/data_raw/sih_2022/RDPE2205.dbc,3843989,750fa006804698d4bc2e43548ffdac6a42733b11a3cdf9e927277c2e97b5e7bf,2022-05,"MUNIC_RES, DIAG_PRINC",downloaded
SIH/SUS RD,ftp://ftp.datasus.gov.br/dissemin/publicos/SIHSUS/200801_/Dados/RDPE2206.dbc,2026-08-23,/Users/brenoherculano/Desktop/Brazil Mental Health Spatial Inequality Project/phase2_analysis/data_raw/sih_2022/RDPE2206.dbc,3579913,49282ab28d32f52cba976cf910825574e9d2a433cfa5addc74de5c118823d725,2022-06,"MUNIC_RES, DIAG_PRINC",downloaded
SIH/SUS RD,ftp://ftp.datasus.gov.br/dissemin/publicos/SIHSUS/200801_/Dados/RDPE2207.dbc,2026-08-23,/Users/brenoherculano/Desktop/Brazil Mental Health Spatial Inequality Project/phase2_analysis/data_raw/sih_2022/RDPE2207.dbc,3786128,875b8901067019f9f1e90ec60e2ab305a6e9bf90686ae785e3c029b8350ab37a,2022-07,"MUNIC_RES, DIAG_PRINC",downloaded
SIH/SUS RD,ftp://ftp.datasus.gov.br/dissemin/publicos/SIHSUS/200801_/Dados/RDPE2208.dbc,2026-08-23,/Users/brenoherculano/Desktop/Brazil Mental Health Spatial Inequality Project/phase2_analysis/data_raw/sih_2022/RDPE2208.dbc,3997630,03a00d5316a97a4c0f4bc30b220c55debf8d41d0ef8e9e0542b499ea9c82b584,2022-08,"MUNIC_RES, DIAG_PRINC",downloaded
SIH/SUS RD,ftp://ftp.datasus.gov.br/dissemin/publicos/SIHSUS/200801_/Dados/RDPE2209.dbc,2026-08-23,/Users/brenoherculano/Desktop/Brazil Mental Health Spatial Inequality Project/phase2_analysis/data_raw/sih_2022/RDPE2209.dbc,3668713,46604dd2ac96585716febbb237743a876daac25179a2c5e3737fd53b56fc2db6,2022-09,"MUNIC_RES, DIAG_PRINC",downloaded
SIH/SUS RD,ftp://ftp.datasus.gov.br/dissemin/publicos/SIHSUS/200801_/Dados/RDPE2210.dbc,2026-08-23,/Users/brenoherculano/Desktop/Brazil Mental Health Spatial Inequality Project/phase2_analysis/data_raw/sih_2022/RDPE2210.dbc,3582860,2940de25f5ba28ec6d11e99fe6caa63ca34a6f78fb10966182c85ed5ba063609,2022-10,"MUNIC_RES, DIAG_PRINC",downloaded
SIH/SUS RD,ftp://ftp.datasus.gov.br/dissemin/publicos/SIHSUS/200801_/Dados/RDPE2211.dbc,2026-08-23,/Users/brenoherculano/Desktop/Brazil Mental Health Spatial Inequality Project/phase2_analysis/data_raw/sih_2022/RDPE2211.dbc,3531678,cfcb6c9c6eeced1c3b16af3e2074dc0ea7245459ee328361e822563e26408e67,2022-11,"MUNIC_RES, DIAG_PRINC",downloaded
SIH/SUS RD,ftp://ftp.datasus.gov.br/dissemin/publicos/SIHSUS/200801_/Dados/RDPE2212.dbc,2026-08-23,/Users/brenoherculano/Desktop/Brazil Mental Health Spatial Inequality Project/phase2_analysis/data_raw/sih_2022/RDPE2212.dbc,3895345,4434b95311393994555987f862434fd348c18ed8b16de89a6998d8b862f4911c,2022-12,"MUNIC_RES, DIAG_PRINC",downloaded
SIH/SUS RD,ftp://ftp.datasus.gov.br/dissemin/publicos/SIHSUS/200801_/Dados/RDPI2201.dbc,2026-08-23,/Users/brenoherculano/Desktop/Brazil Mental Health Spatial Inequality Project/phase2_analysis/data_raw/sih_2022/RDPI2201.dbc,1326603,9ade4661b96df8daa1c9cac715ac8130ff0708658efc6b5c038d3b7bdd42c5e6,2022-01,"MUNIC_RES, DIAG_PRINC",downloaded
SIH/SUS RD,ftp://ftp.datasus.gov.br/dissemin/publicos/SIHSUS/200801_/Dados/RDPI2202.dbc,2026-08-23,/Users/brenoherculano/Desktop/Brazil Mental Health Spatial Inequality Project/phase2_analysis/data_raw/sih_2022/RDPI2202.dbc,1202346,aa15e7ff016b84d946ec6398283f0f770a828464d00df0a8689ccc06a7bd718c,2022-02,"MUNIC_RES, DIAG_PRINC",downloaded
SIH/SUS RD,ftp://ftp.datasus.gov.br/dissemin/publicos/SIHSUS/200801_/Dados/RDPI2203.dbc,2026-08-23,/Users/brenoherculano/Desktop/Brazil Mental Health Spatial Inequality Project/phase2_analysis/data_raw/sih_2022/RDPI2203.dbc,1281726,32a77feae3f2ae30b8df178861d99d7ded4918cbb01337cd72550d05d906c194,2022-03,"MUNIC_RES, DIAG_PRINC",downloaded
SIH/SUS RD,ftp://ftp.datasus.gov.br/dissemin/publicos/SIHSUS/200801_/Dados/RDPI2204.dbc,2026-08-23,/Users/brenoherculano/Desktop/Brazil Mental Health Spatial Inequality Project/phase2_analysis/data_raw/sih_2022/RDPI2204.dbc,1286245,356d03681dc58368d088ab6cfce4b6cc3c95df6ad5128b6f2b0b10ae15db3337,2022-04,"MUNIC_RES, DIAG_PRINC",downloaded
SIH/SUS RD,ftp://ftp.datasus.gov.br/dissemin/publicos/SIHSUS/200801_/Dados/RDPI2205.dbc,2026-08-23,/Users/brenoherculano/Desktop/Brazil Mental Health Spatial Inequality Project/phase2_analysis/data_raw/sih_2022/RDPI2205.dbc,1335696,019b9c649304ca1f329e089906ebdef07c4b51075c29963d3b6c4846c5f739b2,2022-05,"MUNIC_RES, DIAG_PRINC",downloaded
SIH/SUS RD,ftp://ftp.datasus.gov.br/dissemin/publicos/SIHSUS/200801_/Dados/RDPI2206.dbc,2026-08-23,/Users/brenoherculano/Desktop/Brazil Mental Health Spatial Inequality Project/phase2_analysis/data_raw/sih_2022/RDPI2206.dbc,1274716,34717d8ec69304e3d96b5779a92c1ef5a0917017c06de3a0a0fadd7836b939d2,2022-06,"MUNIC_RES, DIAG_PRINC",downloaded
SIH/SUS RD,ftp://ftp.datasus.gov.br/dissemin/publicos/SIHSUS/200801_/Dados/RDPI2207.dbc,2026-08-23,/Users/brenoherculano/Desktop/Brazil Mental Health Spatial Inequality Project/phase2_analysis/data_raw/sih_2022/RDPI2207.dbc,1334858,80f57f3669aa50813399d073c9ca8906c171c129538131368e7b0a0827e5601e,2022-07,"MUNIC_RES, DIAG_PRINC",downloaded
SIH/SUS RD,ftp://ftp.datasus.gov.br/dissemin/publicos/SIHSUS/200801_/Dados/RDPI2208.dbc,2026-08-23,/Users/brenoherculano/Desktop/Brazil Mental Health Spatial Inequality Project/phase2_analysis/data_raw/sih_2022/RDPI2208.dbc,1257501,c754cb8e31e2e73705872d146b3049820f032e4f4ed4386e481fdf5751e5e2fc,2022-08,"MUNIC_RES, DIAG_PRINC",downloaded
SIH/SUS RD,ftp://ftp.datasus.gov.br/dissemin/publicos/SIHSUS/200801_/Dados/RDPI2209.dbc,2026-08-23,/Users/brenoherculano/Desktop/Brazil Mental Health Spatial Inequality Project/phase2_analysis/data_raw/sih_2022/RDPI2209.dbc,1315092,b718db6b9b1d0be43c9edfb0f84525addc013b803705bdd57f8888f0e02d3ebb,2022-09,"MUNIC_RES, DIAG_PRINC",downloaded
SIH/SUS RD,ftp://ftp.datasus.gov.br/dissemin/publicos/SIHSUS/200801_/Dados/RDPI2210.dbc,2026-08-23,/Users/brenoherculano/Desktop/Brazil Mental Health Spatial Inequality Project/phase2_analysis/data_raw/sih_2022/RDPI2210.dbc,1225502,cad8466d46f0a5df57fb39fb055a26af5bda7d377555b52928be4be193a90258,2022-10,"MUNIC_RES, DIAG_PRINC",downloaded
SIH/SUS RD,ftp://ftp.datasus.gov.br/dissemin/publicos/SIHSUS/200801_/Dados/RDPI2211.dbc,2026-08-23,/Users/brenoherculano/Desktop/Brazil Mental Health Spatial Inequality Project/phase2_analysis/data_raw/sih_2022/RDPI2211.dbc,1240149,fd5650af4aeea588aa8b29e9898c1a803b5eccca8122303f2eeae8adab9e1c25,2022-11,"MUNIC_RES, DIAG_PRINC",downloaded
SIH/SUS RD,ftp://ftp.datasus.gov.br/dissemin/publicos/SIHSUS/200801_/Dados/RDPI2212.dbc,2026-08-23,/Users/brenoherculano/Desktop/Brazil Mental Health Spatial Inequality Project/phase2_analysis/data_raw/sih_2022/RDPI2212.dbc,1248798,67fd7a442a4280174788295af2c169ca6caaefff422a67530d5f233b36291f72,2022-12,"MUNIC_RES, DIAG_PRINC",downloaded
SIH/SUS RD,ftp://ftp.datasus.gov.br/dissemin/publicos/SIHSUS/200801_/Dados/RDPR2201.dbc,2026-08-23,/Users/brenoherculano/Desktop/Brazil Mental Health Spatial Inequality Project/phase2_analysis/data_raw/sih_2022/RDPR2201.dbc,5318087,e0c579a80df51c854f693da5bc4fdf990a15bc8a1190cfdee6cac340b624f73c,2022-01,"MUNIC_RES, DIAG_PRINC",downloaded
SIH/SUS RD,ftp://ftp.datasus.gov.br/dissemin/publicos/SIHSUS/200801_/Dados/RDPR2202.dbc,2026-08-23,/Users/brenoherculano/Desktop/Brazil Mental Health Spatial Inequality Project/phase2_analysis/data_raw/sih_2022/RDPR2202.dbc,5209903,6bfdfb1336d3c8905d88b11d3885193b1b092fb5058dc756d98741cc31a07d74,2022-02,"MUNIC_RES, DIAG_PRINC",downloaded
SIH/SUS RD,ftp://ftp.datasus.gov.br/dissemin/publicos/SIHSUS/200801_/Dados/RDPR2203.dbc,2026-08-23,/Users/brenoherculano/Desktop/Brazil Mental Health Spatial Inequality Project/phase2_analysis/data_raw/sih_2022/RDPR2203.dbc,5584292,38edb7c5b2614b896d3d73439430ea563377f35e90845ae79f4a01de6bef1765,2022-03,"MUNIC_RES, DIAG_PRINC",downloaded
SIH/SUS RD,ftp://ftp.datasus.gov.br/dissemin/publicos/SIHSUS/200801_/Dados/RDPR2204.dbc,2026-08-23,/Users/brenoherculano/Desktop/Brazil Mental Health Spatial Inequality Project/phase2_analysis/data_raw/sih_2022/RDPR2204.dbc,5483038,5b6e3192b0a72c018258220db53c080a156c3c61fc46dbc40049f650896daa10,2022-04,"MUNIC_RES, DIAG_PRINC",downloaded
SIH/SUS RD,ftp://ftp.datasus.gov.br/dissemin/publicos/SIHSUS/200801_/Dados/RDPR2205.dbc,2026-08-23,/Users/brenoherculano/Desktop/Brazil Mental Health Spatial Inequality Project/phase2_analysis/data_raw/sih_2022/RDPR2205.dbc,5732567,c12df042070098cecdbaf62b1d4700fc75dff28cfee93055c29cca7f6590a5a3,2022-05,"MUNIC_RES, DIAG_PRINC",downloaded
SIH/SUS RD,ftp://ftp.datasus.gov.br/dissemin/publicos/SIHSUS/200801_/Dados/RDPR2206.dbc,2026-08-23,/Users/brenoherculano/Desktop/Brazil Mental Health Spatial Inequality Project/phase2_analysis/data_raw/sih_2022/RDPR2206.dbc,5562378,8caf102f8af8a51cdc9e58789e11c7a2a917396c1350a89e85c06ab1fdc95580,2022-06,"MUNIC_RES, DIAG_PRINC",downloaded
SIH/SUS RD,ftp://ftp.datasus.gov.br/dissemin/publicos/SIHSUS/200801_/Dados/RDPR2207.dbc,2026-08-23,/Users/brenoherculano/Desktop/Brazil Mental Health Spatial Inequality Project/phase2_analysis/data_raw/sih_2022/RDPR2207.dbc,5662630,c8782e05979a76e5369dd7bcdeb0555b1e7f374facff18f5afa5c53bc10161b7,2022-07,"MUNIC_RES, DIAG_PRINC",downloaded
SIH/SUS RD,ftp://ftp.datasus.gov.br/dissemin/publicos/SIHSUS/200801_/Dados/RDPR2208.dbc,2026-08-23,/Users/brenoherculano/Desktop/Brazil Mental Health Spatial Inequality Project/phase2_analysis/data_raw/sih_2022/RDPR2208.dbc,5782165,0b62b13fac92cb4e35e55e16cf5db5895ec44bcaa04a9dfef386526a45d30a82,2022-08,"MUNIC_RES, DIAG_PRINC",downloaded
SIH/SUS RD,ftp://ftp.datasus.gov.br/dissemin/publicos/SIHSUS/200801_/Dados/RDPR2209.dbc,2026-08-23,/Users/brenoherculano/Desktop/Brazil Mental Health Spatial Inequality Project/phase2_analysis/data_raw/sih_2022/RDPR2209.dbc,5756996,d11bbc3fe6bbfe990e994427e4dfe355165e6965c0b72a39fa3890c214cf3f5c,2022-09,"MUNIC_RES, DIAG_PRINC",downloaded
SIH/SUS RD,ftp://ftp.datasus.gov.br/dissemin/publicos/SIHSUS/200801_/Dados/RDPR2210.dbc,2026-08-23,/Users/brenoherculano/Desktop/Brazil Mental Health Spatial Inequality Project/phase2_analysis/data_raw/sih_2022/RDPR2210.dbc,5809890,75d7b50bb32573c08899b18fe83afa6c7b630cd6b10d3f5e4dd28543ee4a00f9,2022-10,"MUNIC_RES, DIAG_PRINC",downloaded
SIH/SUS RD,ftp://ftp.datasus.gov.br/dissemin/publicos/SIHSUS/200801_/Dados/RDPR2211.dbc,2026-08-23,/Users/brenoherculano/Desktop/Brazil Mental Health Spatial Inequality Project/phase2_analysis/data_raw/sih_2022/RDPR2211.dbc,5412751,1ff38fc044c36a217ecec7852447d14753fe54294c818f3fb04bf3283b655740,2022-11,"MUNIC_RES, DIAG_PRINC",downloaded
SIH/SUS RD,ftp://ftp.datasus.gov.br/dissemin/publicos/SIHSUS/200801_/Dados/RDPR2212.dbc,2026-08-23,/Users/brenoherculano/Desktop/Brazil Mental Health Spatial Inequality Project/phase2_analysis/data_raw/sih_2022/RDPR2212.dbc,5796972,a48670f86408dc5439ef9d2caff40494e46ee0be05729742e47422908acce8fb,2022-12,"MUNIC_RES, DIAG_PRINC",downloaded
SIH/SUS RD,ftp://ftp.datasus.gov.br/dissemin/publicos/SIHSUS/200801_/Dados/RDRJ2201.dbc,2026-08-23,/Users/brenoherculano/Desktop/Brazil Mental Health Spatial Inequality Project/phase2_analysis/data_raw/sih_2022/RDRJ2201.dbc,4747582,dc9afa5bba276132ae37ed11dfe5697f99e3089423751affd6a71455edce56e6,2022-01,"MUNIC_RES, DIAG_PRINC",downloaded
SIH/SUS RD,ftp://ftp.datasus.gov.br/dissemin/publicos/SIHSUS/200801_/Dados/RDRJ2202.dbc,2026-08-23,/Users/brenoherculano/Desktop/Brazil Mental Health Spatial Inequality Project/phase2_analysis/data_raw/sih_2022/RDRJ2202.dbc,4653067,4c68dea8a791d6b7e3e9eab1c96cd252cae567458de10ea6fe3f0d05818fb616,2022-02,"MUNIC_RES, DIAG_PRINC",downloaded
SIH/SUS RD,ftp://ftp.datasus.gov.br/dissemin/publicos/SIHSUS/200801_/Dados/RDRJ2203.dbc,2026-08-23,/Users/brenoherculano/Desktop/Brazil Mental Health Spatial Inequality Project/phase2_analysis/data_raw/sih_2022/RDRJ2203.dbc,5055683,3b31805ef1e7141e3a6eac1c1a5bcac79871954d074eb445106032d4326d4118,2022-03,"MUNIC_RES, DIAG_PRINC",downloaded
SIH/SUS RD,ftp://ftp.datasus.gov.br/dissemin/publicos/SIHSUS/200801_/Dados/RDRJ2204.dbc,2026-08-23,/Users/brenoherculano/Desktop/Brazil Mental Health Spatial Inequality Project/phase2_analysis/data_raw/sih_2022/RDRJ2204.dbc,4934630,7b321567ae64f3fcb2fe456730d0e5c03b8cb3870cec77e551f5e0a3aa8728e5,2022-04,"MUNIC_RES, DIAG_PRINC",downloaded
SIH/SUS RD,ftp://ftp.datasus.gov.br/dissemin/publicos/SIHSUS/200801_/Dados/RDRJ2205.dbc,2026-08-23,/Users/brenoherculano/Desktop/Brazil Mental Health Spatial Inequality Project/phase2_analysis/data_raw/sih_2022/RDRJ2205.dbc,5236610,528913fb95e48f496928d07a06fdee00340b29fae7363d6de6c2faeb9e3e6fe8,2022-05,"MUNIC_RES, DIAG_PRINC",downloaded
SIH/SUS RD,ftp://ftp.datasus.gov.br/dissemin/publicos/SIHSUS/200801_/Dados/RDRJ2206.dbc,2026-08-23,/Users/brenoherculano/Desktop/Brazil Mental Health Spatial Inequality Project/phase2_analysis/data_raw/sih_2022/RDRJ2206.dbc,5044007,bfacb7ccd617158bf1f42c006a805ca79bf1305c5eb06081b5cd6a1f5d6d316d,2022-06,"MUNIC_RES, DIAG_PRINC",downloaded
SIH/SUS RD,ftp://ftp.datasus.gov.br/dissemin/publicos/SIHSUS/200801_/Dados/RDRJ2207.dbc,2026-08-23,/Users/brenoherculano/Desktop/Brazil Mental Health Spatial Inequality Project/phase2_analysis/data_raw/sih_2022/RDRJ2207.dbc,5308814,72c3aa3edab8d24f9f5aeb6458d424c2530d02bf1372556c9900c92a782a7c54,2022-07,"MUNIC_RES, DIAG_PRINC",downloaded
SIH/SUS RD,ftp://ftp.datasus.gov.br/dissemin/publicos/SIHSUS/200801_/Dados/RDRJ2208.dbc,2026-08-23,/Users/brenoherculano/Desktop/Brazil Mental Health Spatial Inequality Project/phase2_analysis/data_raw/sih_2022/RDRJ2208.dbc,5479291,9370b6b9fb7c880f22f7309d9a7831283d309db4e5ad22003207540336a64c61,2022-08,"MUNIC_RES, DIAG_PRINC",downloaded
SIH/SUS RD,ftp://ftp.datasus.gov.br/dissemin/publicos/SIHSUS/200801_/Dados/RDRJ2209.dbc,2026-08-23,/Users/brenoherculano/Desktop/Brazil Mental Health Spatial Inequality Project/phase2_analysis/data_raw/sih_2022/RDRJ2209.dbc,5227298,08d6835c58a133234a70a0ae41596d5c4e3d155844aabc713ac7e82662478c05,2022-09,"MUNIC_RES, DIAG_PRINC",downloaded
SIH/SUS RD,ftp://ftp.datasus.gov.br/dissemin/publicos/SIHSUS/200801_/Dados/RDRJ2210.dbc,2026-08-23,/Users/brenoherculano/Desktop/Brazil Mental Health Spatial Inequality Project/phase2_analysis/data_raw/sih_2022/RDRJ2210.dbc,5351886,9600351c6aaa32a4778abd8c41d56f68681a7fa8e3db836cc6644cc0132e1745,2022-10,"MUNIC_RES, DIAG_PRINC",downloaded
SIH/SUS RD,ftp://ftp.datasus.gov.br/dissemin/publicos/SIHSUS/200801_/Dados/RDRJ2211.dbc,2026-08-23,/Users/brenoherculano/Desktop/Brazil Mental Health Spatial Inequality Project/phase2_analysis/data_raw/sih_2022/RDRJ2211.dbc,5102890,63dee02f48b54ff9da50ad419dddbb60b126320e37342e2e065997f01355d43c,2022-11,"MUNIC_RES, DIAG_PRINC",downloaded
SIH/SUS RD,ftp://ftp.datasus.gov.br/dissemin/publicos/SIHSUS/200801_/Dados/RDRJ2212.dbc,2026-08-23,/Users/brenoherculano/Desktop/Brazil Mental Health Spatial Inequality Project/phase2_analysis/data_raw/sih_2022/RDRJ2212.dbc,5130453,7ce4ec06cbf63a655aea24577a9c202d842fcec61c5e14fbbb5b70cf806686ad,2022-12,"MUNIC_RES, DIAG_PRINC",downloaded
SIH/SUS RD,ftp://ftp.datasus.gov.br/dissemin/publicos/SIHSUS/200801_/Dados/RDRN2201.dbc,2026-08-23,/Users/brenoherculano/Desktop/Brazil Mental Health Spatial Inequality Project/phase2_analysis/data_raw/sih_2022/RDRN2201.dbc,1053196,de565f0d5ed7ffebc490a93f1cdd38657f46583fc13a1ed2cca804cfe8e4ff39,2022-01,"MUNIC_RES, DIAG_PRINC",downloaded
SIH/SUS RD,ftp://ftp.datasus.gov.br/dissemin/publicos/SIHSUS/200801_/Dados/RDRN2202.dbc,2026-08-23,/Users/brenoherculano/Desktop/Brazil Mental Health Spatial Inequality Project/phase2_analysis/data_raw/sih_2022/RDRN2202.dbc,1036333,2188fb9fdb6549df79ac977933049b9da844bec469562cb21d6e08069b298cdd,2022-02,"MUNIC_RES, DIAG_PRINC",downloaded
SIH/SUS RD,ftp://ftp.datasus.gov.br/dissemin/publicos/SIHSUS/200801_/Dados/RDRN2203.dbc,2026-08-23,/Users/brenoherculano/Desktop/Brazil Mental Health Spatial Inequality Project/phase2_analysis/data_raw/sih_2022/RDRN2203.dbc,1099283,8012d5bfc6a3de11dd4faf9cc4d040b4347a9bf222afffc371d5ed0d79ec019b,2022-03,"MUNIC_RES, DIAG_PRINC",downloaded
SIH/SUS RD,ftp://ftp.datasus.gov.br/dissemin/publicos/SIHSUS/200801_/Dados/RDRN2204.dbc,2026-08-23,/Users/brenoherculano/Desktop/Brazil Mental Health Spatial Inequality Project/phase2_analysis/data_raw/sih_2022/RDRN2204.dbc,1088511,505b5db2955063323994d096186dde20864d68ba5bc6faf564a726cf1b0287a6,2022-04,"MUNIC_RES, DIAG_PRINC",downloaded
SIH/SUS RD,ftp://ftp.datasus.gov.br/dissemin/publicos/SIHSUS/200801_/Dados/RDRN2205.dbc,2026-08-23,/Users/brenoherculano/Desktop/Brazil Mental Health Spatial Inequality Project/phase2_analysis/data_raw/sih_2022/RDRN2205.dbc,1269866,9b5e5bf346c668797ba35e695d42c9f5b8906aa2832d1f38fc8f146810f3dfb6,2022-05,"MUNIC_RES, DIAG_PRINC",downloaded
SIH/SUS RD,ftp://ftp.datasus.gov.br/dissemin/publicos/SIHSUS/200801_/Dados/RDRN2206.dbc,2026-08-23,/Users/brenoherculano/Desktop/Brazil Mental Health Spatial Inequality Project/phase2_analysis/data_raw/sih_2022/RDRN2206.dbc,1181578,f383dff317fbb7739fe00bc9f0589755878ba198a335af4f501a8c8247b9d89e,2022-06,"MUNIC_RES, DIAG_PRINC",downloaded
SIH/SUS RD,ftp://ftp.datasus.gov.br/dissemin/publicos/SIHSUS/200801_/Dados/RDRN2207.dbc,2026-08-23,/Users/brenoherculano/Desktop/Brazil Mental Health Spatial Inequality Project/phase2_analysis/data_raw/sih_2022/RDRN2207.dbc,1194293,64fc741d00aa2afe0532305dd885a385ca67bdbb7d4a27dbf2c6bfd5ed9a7389,2022-07,"MUNIC_RES, DIAG_PRINC",downloaded
SIH/SUS RD,ftp://ftp.datasus.gov.br/dissemin/publicos/SIHSUS/200801_/Dados/RDRN2208.dbc,2026-08-23,/Users/brenoherculano/Desktop/Brazil Mental Health Spatial Inequality Project/phase2_analysis/data_raw/sih_2022/RDRN2208.dbc,1169021,b973fc02c01dafedafecdb5aae941cd2c7e27e37400e15a3df256aea888ff2d3,2022-08,"MUNIC_RES, DIAG_PRINC",downloaded
SIH/SUS RD,ftp://ftp.datasus.gov.br/dissemin/publicos/SIHSUS/200801_/Dados/RDRN2209.dbc,2026-08-23,/Users/brenoherculano/Desktop/Brazil Mental Health Spatial Inequality Project/phase2_analysis/data_raw/sih_2022/RDRN2209.dbc,1132904,a77e0806c12ff7214142ebd40694d9f1f44026dbd0e8dfd7c3c1ad089a7d9ea5,2022-09,"MUNIC_RES, DIAG_PRINC",downloaded
SIH/SUS RD,ftp://ftp.datasus.gov.br/dissemin/publicos/SIHSUS/200801_/Dados/RDRN2210.dbc,2026-08-23,/Users/brenoherculano/Desktop/Brazil Mental Health Spatial Inequality Project/phase2_analysis/data_raw/sih_2022/RDRN2210.dbc,1202308,edeea8b7fdd667d1ee6d46fd007d8b49e1dfac4757774bfb3c1394003e43dea6,2022-10,"MUNIC_RES, DIAG_PRINC",downloaded
SIH/SUS RD,ftp://ftp.datasus.gov.br/dissemin/publicos/SIHSUS/200801_/Dados/RDRN2211.dbc,2026-08-23,/Users/brenoherculano/Desktop/Brazil Mental Health Spatial Inequality Project/phase2_analysis/data_raw/sih_2022/RDRN2211.dbc,1207551,3788cb1ba12274d76d2978073cda80ef43854356fba462873183562822225e8e,2022-11,"MUNIC_RES, DIAG_PRINC",downloaded
SIH/SUS RD,ftp://ftp.datasus.gov.br/dissemin/publicos/SIHSUS/200801_/Dados/RDRN2212.dbc,2026-08-23,/Users/brenoherculano/Desktop/Brazil Mental Health Spatial Inequality Project/phase2_analysis/data_raw/sih_2022/RDRN2212.dbc,1088886,e3769ef381eddd7f1de29ce36b42ab185dc7df2a560f4b1cd5f1230e4d53bbd8,2022-12,"MUNIC_RES, DIAG_PRINC",downloaded
SIH/SUS RD,ftp://ftp.datasus.gov.br/dissemin/publicos/SIHSUS/200801_/Dados/RDRO2201.dbc,2026-08-23,/Users/brenoherculano/Desktop/Brazil Mental Health Spatial Inequality Project/phase2_analysis/data_raw/sih_2022/RDRO2201.dbc,641300,0b30c8847fa4c5b5bc5d53695c6c0cf6076f6beef4e30f72f5cde8f009bf7ab1,2022-01,"MUNIC_RES, DIAG_PRINC",downloaded
SIH/SUS RD,ftp://ftp.datasus.gov.br/dissemin/publicos/SIHSUS/200801_/Dados/RDRO2202.dbc,2026-08-23,/Users/brenoherculano/Desktop/Brazil Mental Health Spatial Inequality Project/phase2_analysis/data_raw/sih_2022/RDRO2202.dbc,671174,4e1cfe9b48b271f62e50bbedfa70cc472bd1ee3bb74d4eb70dc01fc0f4707c00,2022-02,"MUNIC_RES, DIAG_PRINC",downloaded
SIH/SUS RD,ftp://ftp.datasus.gov.br/dissemin/publicos/SIHSUS/200801_/Dados/RDRO2203.dbc,2026-08-23,/Users/brenoherculano/Desktop/Brazil Mental Health Spatial Inequality Project/phase2_analysis/data_raw/sih_2022/RDRO2203.dbc,758402,1c5bca71904e95db6553f804989fbcb2c3b85611b702019fda4444399f0ac4ca,2022-03,"MUNIC_RES, DIAG_PRINC",downloaded
SIH/SUS RD,ftp://ftp.datasus.gov.br/dissemin/publicos/SIHSUS/200801_/Dados/RDRO2204.dbc,2026-08-23,/Users/brenoherculano/Desktop/Brazil Mental Health Spatial Inequality Project/phase2_analysis/data_raw/sih_2022/RDRO2204.dbc,736551,4feeab3696de684927bcb6d8ffa6e3a47154184bdc725c861cee66d0f91bdd4e,2022-04,"MUNIC_RES, DIAG_PRINC",downloaded
SIH/SUS RD,ftp://ftp.datasus.gov.br/dissemin/publicos/SIHSUS/200801_/Dados/RDRO2205.dbc,2026-08-23,/Users/brenoherculano/Desktop/Brazil Mental Health Spatial Inequality Project/phase2_analysis/data_raw/sih_2022/RDRO2205.dbc,745024,13b80e94abf1f5cd321b9af076b881d58d95d0381cfb73783ff261ea02b892b2,2022-05,"MUNIC_RES, DIAG_PRINC",downloaded
SIH/SUS RD,ftp://ftp.datasus.gov.br/dissemin/publicos/SIHSUS/200801_/Dados/RDRO2206.dbc,2026-08-23,/Users/brenoherculano/Desktop/Brazil Mental Health Spatial Inequality Project/phase2_analysis/data_raw/sih_2022/RDRO2206.dbc,647510,216a3ed292771f29865a9f1da7bad946a6a11dcee5789d45722769f5d2ba7d88,2022-06,"MUNIC_RES, DIAG_PRINC",downloaded
SIH/SUS RD,ftp://ftp.datasus.gov.br/dissemin/publicos/SIHSUS/200801_/Dados/RDRO2207.dbc,2026-08-23,/Users/brenoherculano/Desktop/Brazil Mental Health Spatial Inequality Project/phase2_analysis/data_raw/sih_2022/RDRO2207.dbc,666406,0d876ac0e6af44399d2b0d3be22c8a3e46b6980de0854efd8ae4f237900df702,2022-07,"MUNIC_RES, DIAG_PRINC",downloaded
SIH/SUS RD,ftp://ftp.datasus.gov.br/dissemin/publicos/SIHSUS/200801_/Dados/RDRO2208.dbc,2026-08-23,/Users/brenoherculano/Desktop/Brazil Mental Health Spatial Inequality Project/phase2_analysis/data_raw/sih_2022/RDRO2208.dbc,663227,08196ce1742187c84a3fb4b79873bfd0dc760e7fbba9d3b902d8b438ff1172cb,2022-08,"MUNIC_RES, DIAG_PRINC",downloaded
SIH/SUS RD,ftp://ftp.datasus.gov.br/dissemin/publicos/SIHSUS/200801_/Dados/RDRO2209.dbc,2026-08-23,/Users/brenoherculano/Desktop/Brazil Mental Health Spatial Inequality Project/phase2_analysis/data_raw/sih_2022/RDRO2209.dbc,757348,9d8d17cc181f78c43064511d3975a1c6bf0b49c82137863d2c459e0984b2771e,2022-09,"MUNIC_RES, DIAG_PRINC",downloaded
SIH/SUS RD,ftp://ftp.datasus.gov.br/dissemin/publicos/SIHSUS/200801_/Dados/RDRO2210.dbc,2026-08-23,/Users/brenoherculano/Desktop/Brazil Mental Health Spatial Inequality Project/phase2_analysis/data_raw/sih_2022/RDRO2210.dbc,666980,afdf455de5cd224a2cb4d51494781d4f8115832f5a83b14868fd38bb4dc3e84b,2022-10,"MUNIC_RES, DIAG_PRINC",downloaded
SIH/SUS RD,ftp://ftp.datasus.gov.br/dissemin/publicos/SIHSUS/200801_/Dados/RDRO2211.dbc,2026-08-23,/Users/brenoherculano/Desktop/Brazil Mental Health Spatial Inequality Project/phase2_analysis/data_raw/sih_2022/RDRO2211.dbc,719951,7b26944fe7bf9871518e67912cd70f78f81866f8129adfeae3e108b48206a70f,2022-11,"MUNIC_RES, DIAG_PRINC",downloaded
SIH/SUS RD,ftp://ftp.datasus.gov.br/dissemin/publicos/SIHSUS/200801_/Dados/RDRO2212.dbc,2026-08-23,/Users/brenoherculano/Desktop/Brazil Mental Health Spatial Inequality Project/phase2_analysis/data_raw/sih_2022/RDRO2212.dbc,728144,db2d7ef2b0e5efa367cca36f9d1eedc40bd16339feac65fd089f38228988be44,2022-12,"MUNIC_RES, DIAG_PRINC",downloaded
SIH/SUS RD,ftp://ftp.datasus.gov.br/dissemin/publicos/SIHSUS/200801_/Dados/RDRR2201.dbc,2026-08-23,/Users/brenoherculano/Desktop/Brazil Mental Health Spatial Inequality Project/phase2_analysis/data_raw/sih_2022/RDRR2201.dbc,265559,00c5ee1079dca6d947892b221851693c0c1f13d60ee14d3ec1be3a8932dc7d55,2022-01,"MUNIC_RES, DIAG_PRINC",downloaded
SIH/SUS RD,ftp://ftp.datasus.gov.br/dissemin/publicos/SIHSUS/200801_/Dados/RDRR2202.dbc,2026-08-23,/Users/brenoherculano/Desktop/Brazil Mental Health Spatial Inequality Project/phase2_analysis/data_raw/sih_2022/RDRR2202.dbc,252712,e6207cbeaad1d20dfc6ec5a3dcd6070bfe4dd58e0dff25fdd4041945cd671832,2022-02,"MUNIC_RES, DIAG_PRINC",downloaded
SIH/SUS RD,ftp://ftp.datasus.gov.br/dissemin/publicos/SIHSUS/200801_/Dados/RDRR2203.dbc,2026-08-23,/Users/brenoherculano/Desktop/Brazil Mental Health Spatial Inequality Project/phase2_analysis/data_raw/sih_2022/RDRR2203.dbc,309582,5ccab0c5af5bf25e69e97d91beb16637d9db1ed8ca944d74f435e380db6334f3,2022-03,"MUNIC_RES, DIAG_PRINC",downloaded
SIH/SUS RD,ftp://ftp.datasus.gov.br/dissemin/publicos/SIHSUS/200801_/Dados/RDRR2204.dbc,2026-08-23,/Users/brenoherculano/Desktop/Brazil Mental Health Spatial Inequality Project/phase2_analysis/data_raw/sih_2022/RDRR2204.dbc,292263,433b97deeb0fe0a74a481d1e6377bff66178f9eba06bc9cf992d486917fc2cab,2022-04,"MUNIC_RES, DIAG_PRINC",downloaded
SIH/SUS RD,ftp://ftp.datasus.gov.br/dissemin/publicos/SIHSUS/200801_/Dados/RDRR2205.dbc,2026-08-23,/Users/brenoherculano/Desktop/Brazil Mental Health Spatial Inequality Project/phase2_analysis/data_raw/sih_2022/RDRR2205.dbc,325659,e7f867bcfd4c51feb0c79ab322e3f613ab4c07baff36fb31b57f93c7177a00e6,2022-05,"MUNIC_RES, DIAG_PRINC",downloaded
SIH/SUS RD,ftp://ftp.datasus.gov.br/dissemin/publicos/SIHSUS/200801_/Dados/RDRR2206.dbc,2026-08-23,/Users/brenoherculano/Desktop/Brazil Mental Health Spatial Inequality Project/phase2_analysis/data_raw/sih_2022/RDRR2206.dbc,50318,22fea9cb1c5517d2c79de4d620cbf234be9715c2c78fcad54d7c68c38e9c2b77,2022-06,"MUNIC_RES, DIAG_PRINC",downloaded
SIH/SUS RD,ftp://ftp.datasus.gov.br/dissemin/publicos/SIHSUS/200801_/Dados/RDRR2207.dbc,2026-08-23,/Users/brenoherculano/Desktop/Brazil Mental Health Spatial Inequality Project/phase2_analysis/data_raw/sih_2022/RDRR2207.dbc,308161,246f920bbd2f9a7f5b98597a280d75108d6276eccf5967e2b73b0f22092db80a,2022-07,"MUNIC_RES, DIAG_PRINC",downloaded
SIH/SUS RD,ftp://ftp.datasus.gov.br/dissemin/publicos/SIHSUS/200801_/Dados/RDRR2208.dbc,2026-08-23,/Users/brenoherculano/Desktop/Brazil Mental Health Spatial Inequality Project/phase2_analysis/data_raw/sih_2022/RDRR2208.dbc,368638,adffac19f16c5e98cb3ef543ea2bb18c86dbc7443dd0baeb8aa09672bac80954,2022-08,"MUNIC_RES, DIAG_PRINC",downloaded
SIH/SUS RD,ftp://ftp.datasus.gov.br/dissemin/publicos/SIHSUS/200801_/Dados/RDRR2209.dbc,2026-08-23,/Users/brenoherculano/Desktop/Brazil Mental Health Spatial Inequality Project/phase2_analysis/data_raw/sih_2022/RDRR2209.dbc,300510,fe2b8399c0743c82050743bf1b293c1e3ffa1dacd3d2e095889cbf49b12b858d,2022-09,"MUNIC_RES, DIAG_PRINC",downloaded
SIH/SUS RD,ftp://ftp.datasus.gov.br/dissemin/publicos/SIHSUS/200801_/Dados/RDRR2210.dbc,2026-08-23,/Users/brenoherculano/Desktop/Brazil Mental Health Spatial Inequality Project/phase2_analysis/data_raw/sih_2022/RDRR2210.dbc,352598,6f18774b0c19491ecf31cab908d47b5ddb862282edc6a21441eee5dc50dcb2e9,2022-10,"MUNIC_RES, DIAG_PRINC",downloaded
SIH/SUS RD,ftp://ftp.datasus.gov.br/dissemin/publicos/SIHSUS/200801_/Dados/RDRR2211.dbc,2026-08-23,/Users/brenoherculano/Desktop/Brazil Mental Health Spatial Inequality Project/phase2_analysis/data_raw/sih_2022/RDRR2211.dbc,334610,9e0d65d02a140e03afe6c6c35b4076ca2a8b8cb9c658ae7da2625dae35bb1662,2022-11,"MUNIC_RES, DIAG_PRINC",downloaded
SIH/SUS RD,ftp://ftp.datasus.gov.br/dissemin/publicos/SIHSUS/200801_/Dados/RDRR2212.dbc,2026-08-23,/Users/brenoherculano/Desktop/Brazil Mental Health Spatial Inequality Project/phase2_analysis/data_raw/sih_2022/RDRR2212.dbc,329543,4a665f136f34c2a8a4eccc317af4593a4999e624d24ccce2b359b42b6e8582e9,2022-12,"MUNIC_RES, DIAG_PRINC",downloaded
SIH/SUS RD,ftp://ftp.datasus.gov.br/dissemin/publicos/SIHSUS/200801_/Dados/RDRS2201.dbc,2026-08-23,/Users/brenoherculano/Desktop/Brazil Mental Health Spatial Inequality Project/phase2_analysis/data_raw/sih_2022/RDRS2201.dbc,4558302,ece7d9685d86178723a77683833c241e6d92a8b095aca46e4bde7a62d23d30bf,2022-01,"MUNIC_RES, DIAG_PRINC",downloaded
SIH/SUS RD,ftp://ftp.datasus.gov.br/dissemin/publicos/SIHSUS/200801_/Dados/RDRS2202.dbc,2026-08-23,/Users/brenoherculano/Desktop/Brazil Mental Health Spatial Inequality Project/phase2_analysis/data_raw/sih_2022/RDRS2202.dbc,4590746,4268147cf7e6945e09f3e1b5ae62a99c37e68be8c956ca982afe101c5bb93eed,2022-02,"MUNIC_RES, DIAG_PRINC",downloaded
SIH/SUS RD,ftp://ftp.datasus.gov.br/dissemin/publicos/SIHSUS/200801_/Dados/RDRS2203.dbc,2026-08-23,/Users/brenoherculano/Desktop/Brazil Mental Health Spatial Inequality Project/phase2_analysis/data_raw/sih_2022/RDRS2203.dbc,4803127,fca37c2f7e209aa5c31d1831b26964981ae6f9cf4e6a2073a40f139db7a8e7c2,2022-03,"MUNIC_RES, DIAG_PRINC",downloaded
SIH/SUS RD,ftp://ftp.datasus.gov.br/dissemin/publicos/SIHSUS/200801_/Dados/RDRS2204.dbc,2026-08-23,/Users/brenoherculano/Desktop/Brazil Mental Health Spatial Inequality Project/phase2_analysis/data_raw/sih_2022/RDRS2204.dbc,4912428,1787ecdac5044d826a0268eefb380ead7361d08b4a6f569306006cb81b00d7b8,2022-04,"MUNIC_RES, DIAG_PRINC",downloaded
SIH/SUS RD,ftp://ftp.datasus.gov.br/dissemin/publicos/SIHSUS/200801_/Dados/RDRS2205.dbc,2026-08-23,/Users/brenoherculano/Desktop/Brazil Mental Health Spatial Inequality Project/phase2_analysis/data_raw/sih_2022/RDRS2205.dbc,4948655,cb9c5ef264d87dd05ff5f008d8feaa71c5aee91528bcb70321d3910051fa33c0,2022-05,"MUNIC_RES, DIAG_PRINC",downloaded
SIH/SUS RD,ftp://ftp.datasus.gov.br/dissemin/publicos/SIHSUS/200801_/Dados/RDRS2206.dbc,2026-08-23,/Users/brenoherculano/Desktop/Brazil Mental Health Spatial Inequality Project/phase2_analysis/data_raw/sih_2022/RDRS2206.dbc,5033759,da90e972d86c9fc50cf1488969df3fb6cd29e27dfa351afd6a4501797371d42a,2022-06,"MUNIC_RES, DIAG_PRINC",downloaded
SIH/SUS RD,ftp://ftp.datasus.gov.br/dissemin/publicos/SIHSUS/200801_/Dados/RDRS2207.dbc,2026-08-23,/Users/brenoherculano/Desktop/Brazil Mental Health Spatial Inequality Project/phase2_analysis/data_raw/sih_2022/RDRS2207.dbc,5102685,3d968e19c80225b435e8c0a4e999fcb901e7a4d459323e965b19a110954c734c,2022-07,"MUNIC_RES, DIAG_PRINC",downloaded
SIH/SUS RD,ftp://ftp.datasus.gov.br/dissemin/publicos/SIHSUS/200801_/Dados/RDRS2208.dbc,2026-08-23,/Users/brenoherculano/Desktop/Brazil Mental Health Spatial Inequality Project/phase2_analysis/data_raw/sih_2022/RDRS2208.dbc,5337221,5d454026efedc4dbacc26331a59b272a6f6439abf3feed3758d6269ee36ddc6d,2022-08,"MUNIC_RES, DIAG_PRINC",downloaded
SIH/SUS RD,ftp://ftp.datasus.gov.br/dissemin/publicos/SIHSUS/200801_/Dados/RDRS2209.dbc,2026-08-23,/Users/brenoherculano/Desktop/Brazil Mental Health Spatial Inequality Project/phase2_analysis/data_raw/sih_2022/RDRS2209.dbc,5168964,bfb33949f1ea6880785b2847150f9c48967a9dc47bee76afb95d72e6e7d0f1b1,2022-09,"MUNIC_RES, DIAG_PRINC",downloaded
SIH/SUS RD,ftp://ftp.datasus.gov.br/dissemin/publicos/SIHSUS/200801_/Dados/RDRS2210.dbc,2026-08-23,/Users/brenoherculano/Desktop/Brazil Mental Health Spatial Inequality Project/phase2_analysis/data_raw/sih_2022/RDRS2210.dbc,5329919,066a9b5c69c5fe4a050b6539f5b8b4e861928b17dfff155256afdf584cbab9f8,2022-10,"MUNIC_RES, DIAG_PRINC",downloaded
SIH/SUS RD,ftp://ftp.datasus.gov.br/dissemin/publicos/SIHSUS/200801_/Dados/RDRS2211.dbc,2026-08-23,/Users/brenoherculano/Desktop/Brazil Mental Health Spatial Inequality Project/phase2_analysis/data_raw/sih_2022/RDRS2211.dbc,5083214,004f9d3e182caf819e7722b2033b23d6b55f6486b2813d3f801d5f3bf04670af,2022-11,"MUNIC_RES, DIAG_PRINC",downloaded
SIH/SUS RD,ftp://ftp.datasus.gov.br/dissemin/publicos/SIHSUS/200801_/Dados/RDRS2212.dbc,2026-08-23,/Users/brenoherculano/Desktop/Brazil Mental Health Spatial Inequality Project/phase2_analysis/data_raw/sih_2022/RDRS2212.dbc,5182122,46df4df6bd22558adbe24b18b3bdea57e29680a3c36b6c02f6e360ac1ab8c7b3,2022-12,"MUNIC_RES, DIAG_PRINC",downloaded
SIH/SUS RD,ftp://ftp.datasus.gov.br/dissemin/publicos/SIHSUS/200801_/Dados/RDSC2201.dbc,2026-08-23,/Users/brenoherculano/Desktop/Brazil Mental Health Spatial Inequality Project/phase2_analysis/data_raw/sih_2022/RDSC2201.dbc,3069234,815c902750a46ac53459256fa4a8fbb355409112da628152164dc3746d6441f7,2022-01,"MUNIC_RES, DIAG_PRINC",downloaded
SIH/SUS RD,ftp://ftp.datasus.gov.br/dissemin/publicos/SIHSUS/200801_/Dados/RDSC2202.dbc,2026-08-23,/Users/brenoherculano/Desktop/Brazil Mental Health Spatial Inequality Project/phase2_analysis/data_raw/sih_2022/RDSC2202.dbc,3155383,6301be7893ae65f5942f0b3e056b29934ad888ac3b35968904bda4e0717f3cf0,2022-02,"MUNIC_RES, DIAG_PRINC",downloaded
SIH/SUS RD,ftp://ftp.datasus.gov.br/dissemin/publicos/SIHSUS/200801_/Dados/RDSC2203.dbc,2026-08-23,/Users/brenoherculano/Desktop/Brazil Mental Health Spatial Inequality Project/phase2_analysis/data_raw/sih_2022/RDSC2203.dbc,3321136,e15c74b3400090cd812b6635438c069aaab5896cd0f0e28ee8a4138cfc32c87c,2022-03,"MUNIC_RES, DIAG_PRINC",downloaded
SIH/SUS RD,ftp://ftp.datasus.gov.br/dissemin/publicos/SIHSUS/200801_/Dados/RDSC2204.dbc,2026-08-23,/Users/brenoherculano/Desktop/Brazil Mental Health Spatial Inequality Project/phase2_analysis/data_raw/sih_2022/RDSC2204.dbc,3246958,9dd6ec7213484b974b834588088e7fc088d90e320ab85c58c39a9d401f68843d,2022-04,"MUNIC_RES, DIAG_PRINC",downloaded
SIH/SUS RD,ftp://ftp.datasus.gov.br/dissemin/publicos/SIHSUS/200801_/Dados/RDSC2205.dbc,2026-08-23,/Users/brenoherculano/Desktop/Brazil Mental Health Spatial Inequality Project/phase2_analysis/data_raw/sih_2022/RDSC2205.dbc,3356854,ce9bb10f320c0f6431ff3d5db15970f5d6fe35117f032493e81352b8cdb811c8,2022-05,"MUNIC_RES, DIAG_PRINC",downloaded
SIH/SUS RD,ftp://ftp.datasus.gov.br/dissemin/publicos/SIHSUS/200801_/Dados/RDSC2206.dbc,2026-08-23,/Users/brenoherculano/Desktop/Brazil Mental Health Spatial Inequality Project/phase2_analysis/data_raw/sih_2022/RDSC2206.dbc,3390893,884a2cc17423669fa8d3fbf1658401d2de094e024d02ce83cac45a1e63649b7f,2022-06,"MUNIC_RES, DIAG_PRINC",downloaded
SIH/SUS RD,ftp://ftp.datasus.gov.br/dissemin/publicos/SIHSUS/200801_/Dados/RDSC2207.dbc,2026-08-23,/Users/brenoherculano/Desktop/Brazil Mental Health Spatial Inequality Project/phase2_analysis/data_raw/sih_2022/RDSC2207.dbc,3582937,6330f9c596b3a432d2c252f247506377ce54b071252af5995950f1c3e44df74b,2022-07,"MUNIC_RES, DIAG_PRINC",downloaded
SIH/SUS RD,ftp://ftp.datasus.gov.br/dissemin/publicos/SIHSUS/200801_/Dados/RDSC2208.dbc,2026-08-23,/Users/brenoherculano/Desktop/Brazil Mental Health Spatial Inequality Project/phase2_analysis/data_raw/sih_2022/RDSC2208.dbc,3603992,5d76ea68b78f46b0ff9a790e7cf4e8f76738f224c6c369a4ec8e56e422c18400,2022-08,"MUNIC_RES, DIAG_PRINC",downloaded
SIH/SUS RD,ftp://ftp.datasus.gov.br/dissemin/publicos/SIHSUS/200801_/Dados/RDSC2209.dbc,2026-08-23,/Users/brenoherculano/Desktop/Brazil Mental Health Spatial Inequality Project/phase2_analysis/data_raw/sih_2022/RDSC2209.dbc,3519853,9c17453f0555d00e9fb4401ec3e0bcc5957893bd7c06456e65bb13411841a009,2022-09,"MUNIC_RES, DIAG_PRINC",downloaded
SIH/SUS RD,ftp://ftp.datasus.gov.br/dissemin/publicos/SIHSUS/200801_/Dados/RDSC2210.dbc,2026-08-23,/Users/brenoherculano/Desktop/Brazil Mental Health Spatial Inequality Project/phase2_analysis/data_raw/sih_2022/RDSC2210.dbc,3649928,c87a85d3a031fc2bdacc011ad28b4151fcf785833c9f74fd22b47a415d5cc3f7,2022-10,"MUNIC_RES, DIAG_PRINC",downloaded
SIH/SUS RD,ftp://ftp.datasus.gov.br/dissemin/publicos/SIHSUS/200801_/Dados/RDSC2211.dbc,2026-08-23,/Users/brenoherculano/Desktop/Brazil Mental Health Spatial Inequality Project/phase2_analysis/data_raw/sih_2022/RDSC2211.dbc,3568907,ede9cb922c4d62c55cc90fe5adf7dbe2c258a35fc38b97ace78afe013493c4bf,2022-11,"MUNIC_RES, DIAG_PRINC",downloaded
SIH/SUS RD,ftp://ftp.datasus.gov.br/dissemin/publicos/SIHSUS/200801_/Dados/RDSC2212.dbc,2026-08-23,/Users/brenoherculano/Desktop/Brazil Mental Health Spatial Inequality Project/phase2_analysis/data_raw/sih_2022/RDSC2212.dbc,3536382,729b8a1e1066531a409565c6de2ec13bba635d421ad0d3a34d804ad9c37ac76f,2022-12,"MUNIC_RES, DIAG_PRINC",downloaded
SIH/SUS RD,ftp://ftp.datasus.gov.br/dissemin/publicos/SIHSUS/200801_/Dados/RDSE2201.dbc,2026-08-23,/Users/brenoherculano/Desktop/Brazil Mental Health Spatial Inequality Project/phase2_analysis/data_raw/sih_2022/RDSE2201.dbc,615447,448bcb9e6066876bf26316109a0d04972df04471f89fd690835bcb189fb5789d,2022-01,"MUNIC_RES, DIAG_PRINC",downloaded
SIH/SUS RD,ftp://ftp.datasus.gov.br/dissemin/publicos/SIHSUS/200801_/Dados/RDSE2202.dbc,2026-08-23,/Users/brenoherculano/Desktop/Brazil Mental Health Spatial Inequality Project/phase2_analysis/data_raw/sih_2022/RDSE2202.dbc,632386,41dfbf334d375e7c0a234d15e63705b739101b78daa60f2ea15a8a9d144aeb03,2022-02,"MUNIC_RES, DIAG_PRINC",downloaded
SIH/SUS RD,ftp://ftp.datasus.gov.br/dissemin/publicos/SIHSUS/200801_/Dados/RDSE2203.dbc,2026-08-23,/Users/brenoherculano/Desktop/Brazil Mental Health Spatial Inequality Project/phase2_analysis/data_raw/sih_2022/RDSE2203.dbc,659442,6b58405cf60979979d214ca5e20fb7e4c41e03364241d6bc51072feec2fac624,2022-03,"MUNIC_RES, DIAG_PRINC",downloaded
SIH/SUS RD,ftp://ftp.datasus.gov.br/dissemin/publicos/SIHSUS/200801_/Dados/RDSE2204.dbc,2026-08-23,/Users/brenoherculano/Desktop/Brazil Mental Health Spatial Inequality Project/phase2_analysis/data_raw/sih_2022/RDSE2204.dbc,617870,c26bfa580442b599cde859bd84278cb435b174b5813b181297bbbee7ae2b6edc,2022-04,"MUNIC_RES, DIAG_PRINC",downloaded
SIH/SUS RD,ftp://ftp.datasus.gov.br/dissemin/publicos/SIHSUS/200801_/Dados/RDSE2205.dbc,2026-08-23,/Users/brenoherculano/Desktop/Brazil Mental Health Spatial Inequality Project/phase2_analysis/data_raw/sih_2022/RDSE2205.dbc,685568,16fb9af55e5e7b6354cd03b9b1707a28c2d82c62f09ead347c08d92d20535c62,2022-05,"MUNIC_RES, DIAG_PRINC",downloaded
SIH/SUS RD,ftp://ftp.datasus.gov.br/dissemin/publicos/SIHSUS/200801_/Dados/RDSE2206.dbc,2026-08-23,/Users/brenoherculano/Desktop/Brazil Mental Health Spatial Inequality Project/phase2_analysis/data_raw/sih_2022/RDSE2206.dbc,598456,8991156a2fb9dd248c00547043f391a0726e1deb9c82432ce8483eb74d84ba94,2022-06,"MUNIC_RES, DIAG_PRINC",downloaded
SIH/SUS RD,ftp://ftp.datasus.gov.br/dissemin/publicos/SIHSUS/200801_/Dados/RDSE2207.dbc,2026-08-23,/Users/brenoherculano/Desktop/Brazil Mental Health Spatial Inequality Project/phase2_analysis/data_raw/sih_2022/RDSE2207.dbc,727723,7833803606d579cec97fef562b2af93acbc5e0113fec0bebb58434c8ac929c40,2022-07,"MUNIC_RES, DIAG_PRINC",downloaded
SIH/SUS RD,ftp://ftp.datasus.gov.br/dissemin/publicos/SIHSUS/200801_/Dados/RDSE2208.dbc,2026-08-23,/Users/brenoherculano/Desktop/Brazil Mental Health Spatial Inequality Project/phase2_analysis/data_raw/sih_2022/RDSE2208.dbc,651414,3ca72735d9c89845446d921c850b5f5a504e30950f1f52a0d8cc644aca1ad21b,2022-08,"MUNIC_RES, DIAG_PRINC",downloaded
SIH/SUS RD,ftp://ftp.datasus.gov.br/dissemin/publicos/SIHSUS/200801_/Dados/RDSE2209.dbc,2026-08-23,/Users/brenoherculano/Desktop/Brazil Mental Health Spatial Inequality Project/phase2_analysis/data_raw/sih_2022/RDSE2209.dbc,685899,057e5a2a47066a815420ec9b309caa1e8af722ae517bbf8f4e5b25fb9a8cc351,2022-09,"MUNIC_RES, DIAG_PRINC",downloaded
SIH/SUS RD,ftp://ftp.datasus.gov.br/dissemin/publicos/SIHSUS/200801_/Dados/RDSE2210.dbc,2026-08-23,/Users/brenoherculano/Desktop/Brazil Mental Health Spatial Inequality Project/phase2_analysis/data_raw/sih_2022/RDSE2210.dbc,690535,ea083a7ec96e71e441689f99d184f65ac1b5dcc9979ce08c10e1f8e165df0efb,2022-10,"MUNIC_RES, DIAG_PRINC",downloaded
SIH/SUS RD,ftp://ftp.datasus.gov.br/dissemin/publicos/SIHSUS/200801_/Dados/RDSE2211.dbc,2026-08-23,/Users/brenoherculano/Desktop/Brazil Mental Health Spatial Inequality Project/phase2_analysis/data_raw/sih_2022/RDSE2211.dbc,650208,31079f66bfdd2e2acbdf96d2deb3ef4457916694e112109d9bb79d63f3829775,2022-11,"MUNIC_RES, DIAG_PRINC",downloaded
SIH/SUS RD,ftp://ftp.datasus.gov.br/dissemin/publicos/SIHSUS/200801_/Dados/RDSE2212.dbc,2026-08-23,/Users/brenoherculano/Desktop/Brazil Mental Health Spatial Inequality Project/phase2_analysis/data_raw/sih_2022/RDSE2212.dbc,635227,a29e3dd272659f1ee1bfbcf5db9c13c6fb4920b836a519afc89a6b8aaf56e09b,2022-12,"MUNIC_RES, DIAG_PRINC",downloaded
SIH/SUS RD,ftp://ftp.datasus.gov.br/dissemin/publicos/SIHSUS/200801_/Dados/RDSP2201.dbc,2026-08-23,/Users/brenoherculano/Desktop/Brazil Mental Health Spatial Inequality Project/phase2_analysis/data_raw/sih_2022/RDSP2201.dbc,15549230,8ae4e3a106dbdd27e7c1a75591f4f692255364d8238044451fb00b7d85346c68,2022-01,"MUNIC_RES, DIAG_PRINC",downloaded
SIH/SUS RD,ftp://ftp.datasus.gov.br/dissemin/publicos/SIHSUS/200801_/Dados/RDSP2202.dbc,2026-08-23,/Users/brenoherculano/Desktop/Brazil Mental Health Spatial Inequality Project/phase2_analysis/data_raw/sih_2022/RDSP2202.dbc,15047971,adde15599eb92152b61316c86122d4e0f3fa9580dff02a51bd4cec4ccc04d335,2022-02,"MUNIC_RES, DIAG_PRINC",downloaded
SIH/SUS RD,ftp://ftp.datasus.gov.br/dissemin/publicos/SIHSUS/200801_/Dados/RDSP2203.dbc,2026-08-23,/Users/brenoherculano/Desktop/Brazil Mental Health Spatial Inequality Project/phase2_analysis/data_raw/sih_2022/RDSP2203.dbc,16675594,9ecc75c9df85dc9bd5cb0dd4d3025ffe9484aabc75de8cb195230b9b4a94aed0,2022-03,"MUNIC_RES, DIAG_PRINC",downloaded
SIH/SUS RD,ftp://ftp.datasus.gov.br/dissemin/publicos/SIHSUS/200801_/Dados/RDSP2204.dbc,2026-08-23,/Users/brenoherculano/Desktop/Brazil Mental Health Spatial Inequality Project/phase2_analysis/data_raw/sih_2022/RDSP2204.dbc,15947793,9ba18937432562fa044f15675944ed8f2778b9194056d4c4d9c051fb47e7ebd7,2022-04,"MUNIC_RES, DIAG_PRINC",downloaded
SIH/SUS RD,ftp://ftp.datasus.gov.br/dissemin/publicos/SIHSUS/200801_/Dados/RDSP2205.dbc,2026-08-23,/Users/brenoherculano/Desktop/Brazil Mental Health Spatial Inequality Project/phase2_analysis/data_raw/sih_2022/RDSP2205.dbc,16059106,d7a658fe3fbc069a7674fe65697bd13749652aa293981b8df137907aa087e424,2022-05,"MUNIC_RES, DIAG_PRINC",downloaded
SIH/SUS RD,ftp://ftp.datasus.gov.br/dissemin/publicos/SIHSUS/200801_/Dados/RDSP2206.dbc,2026-08-23,/Users/brenoherculano/Desktop/Brazil Mental Health Spatial Inequality Project/phase2_analysis/data_raw/sih_2022/RDSP2206.dbc,16211545,92ee775903a8e14dbf53fcabaed3f6436db4787bbc6b5d4d5ec1f2095dfb63f0,2022-06,"MUNIC_RES, DIAG_PRINC",downloaded
SIH/SUS RD,ftp://ftp.datasus.gov.br/dissemin/publicos/SIHSUS/200801_/Dados/RDSP2207.dbc,2026-08-23,/Users/brenoherculano/Desktop/Brazil Mental Health Spatial Inequality Project/phase2_analysis/data_raw/sih_2022/RDSP2207.dbc,17003030,21d3c46dfba9f78ed5a5a47585242da36a385b87286c2beccab546763efa6318,2022-07,"MUNIC_RES, DIAG_PRINC",downloaded
SIH/SUS RD,ftp://ftp.datasus.gov.br/dissemin/publicos/SIHSUS/200801_/Dados/RDSP2208.dbc,2026-08-23,/Users/brenoherculano/Desktop/Brazil Mental Health Spatial Inequality Project/phase2_analysis/data_raw/sih_2022/RDSP2208.dbc,16975493,2f4d602946be16ab3ba847e799e2b826944fc792794a93310a2482914fdbb0d3,2022-08,"MUNIC_RES, DIAG_PRINC",downloaded
SIH/SUS RD,ftp://ftp.datasus.gov.br/dissemin/publicos/SIHSUS/200801_/Dados/RDSP2209.dbc,2026-08-23,/Users/brenoherculano/Desktop/Brazil Mental Health Spatial Inequality Project/phase2_analysis/data_raw/sih_2022/RDSP2209.dbc,17069931,15c9afc0b77f0711046c4998ad2cc7f657d08a593b2729aab65fa9b18e09f3e0,2022-09,"MUNIC_RES, DIAG_PRINC",downloaded
SIH/SUS RD,ftp://ftp.datasus.gov.br/dissemin/publicos/SIHSUS/200801_/Dados/RDSP2210.dbc,2026-08-23,/Users/brenoherculano/Desktop/Brazil Mental Health Spatial Inequality Project/phase2_analysis/data_raw/sih_2022/RDSP2210.dbc,17273733,35376f83fe05c547ff2628b8cd97cf0318dc98d8a375edb8c92e959673112770,2022-10,"MUNIC_RES, DIAG_PRINC",downloaded
SIH/SUS RD,ftp://ftp.datasus.gov.br/dissemin/publicos/SIHSUS/200801_/Dados/RDSP2211.dbc,2026-08-23,/Users/brenoherculano/Desktop/Brazil Mental Health Spatial Inequality Project/phase2_analysis/data_raw/sih_2022/RDSP2211.dbc,16449825,b01fd0dffe33e74ba82fbba0f8bf4b0d4f3766d3d36d04ff563bbb9544e74bb0,2022-11,"MUNIC_RES, DIAG_PRINC",downloaded
SIH/SUS RD,ftp://ftp.datasus.gov.br/dissemin/publicos/SIHSUS/200801_/Dados/RDSP2212.dbc,2026-08-23,/Users/brenoherculano/Desktop/Brazil Mental Health Spatial Inequality Project/phase2_analysis/data_raw/sih_2022/RDSP2212.dbc,16493381,dc05eda6f495d749f4e38e12f19d01488528f1276ce6d6e292b0215573fb01d2,2022-12,"MUNIC_RES, DIAG_PRINC",downloaded
SIH/SUS RD,ftp://ftp.datasus.gov.br/dissemin/publicos/SIHSUS/200801_/Dados/RDTO2201.dbc,2026-08-23,/Users/brenoherculano/Desktop/Brazil Mental Health Spatial Inequality Project/phase2_analysis/data_raw/sih_2022/RDTO2201.dbc,505428,7a99b5c5fbaa4a0aad1fa512d8d3aaa921eaa8a271e78ead9f0932dfb3ec213f,2022-01,"MUNIC_RES, DIAG_PRINC",downloaded
SIH/SUS RD,ftp://ftp.datasus.gov.br/dissemin/publicos/SIHSUS/200801_/Dados/RDTO2202.dbc,2026-08-23,/Users/brenoherculano/Desktop/Brazil Mental Health Spatial Inequality Project/phase2_analysis/data_raw/sih_2022/RDTO2202.dbc,497180,470098d02672c33d728f309c632372af0caed1dd3adb52f081e6b09919315192,2022-02,"MUNIC_RES, DIAG_PRINC",downloaded
SIH/SUS RD,ftp://ftp.datasus.gov.br/dissemin/publicos/SIHSUS/200801_/Dados/RDTO2203.dbc,2026-08-23,/Users/brenoherculano/Desktop/Brazil Mental Health Spatial Inequality Project/phase2_analysis/data_raw/sih_2022/RDTO2203.dbc,507193,9bb642bc59a5299d3ad4206794041a5000e210ad3aed68247c4444b3bcd9ebf3,2022-03,"MUNIC_RES, DIAG_PRINC",downloaded
SIH/SUS RD,ftp://ftp.datasus.gov.br/dissemin/publicos/SIHSUS/200801_/Dados/RDTO2204.dbc,2026-08-23,/Users/brenoherculano/Desktop/Brazil Mental Health Spatial Inequality Project/phase2_analysis/data_raw/sih_2022/RDTO2204.dbc,558062,e8643a37ab0dc195ff46f4a51edb787079885fed9d66ba0a72fda302c9e1c9a5,2022-04,"MUNIC_RES, DIAG_PRINC",downloaded
SIH/SUS RD,ftp://ftp.datasus.gov.br/dissemin/publicos/SIHSUS/200801_/Dados/RDTO2205.dbc,2026-08-23,/Users/brenoherculano/Desktop/Brazil Mental Health Spatial Inequality Project/phase2_analysis/data_raw/sih_2022/RDTO2205.dbc,582597,507ed3f939131ddb5aaa0f349860fe83d0d8403483628a21adf758ced23c4361,2022-05,"MUNIC_RES, DIAG_PRINC",downloaded
SIH/SUS RD,ftp://ftp.datasus.gov.br/dissemin/publicos/SIHSUS/200801_/Dados/RDTO2206.dbc,2026-08-23,/Users/brenoherculano/Desktop/Brazil Mental Health Spatial Inequality Project/phase2_analysis/data_raw/sih_2022/RDTO2206.dbc,586649,92e300d429e2b482181a24d4da3388c28e5395bbd96060d7f95c90eb19926021,2022-06,"MUNIC_RES, DIAG_PRINC",downloaded
SIH/SUS RD,ftp://ftp.datasus.gov.br/dissemin/publicos/SIHSUS/200801_/Dados/RDTO2207.dbc,2026-08-23,/Users/brenoherculano/Desktop/Brazil Mental Health Spatial Inequality Project/phase2_analysis/data_raw/sih_2022/RDTO2207.dbc,529036,fd3bc87d8cd6bdf06871282518f64cd008f91ee537b5d11b6441c136ba960a9f,2022-07,"MUNIC_RES, DIAG_PRINC",downloaded
SIH/SUS RD,ftp://ftp.datasus.gov.br/dissemin/publicos/SIHSUS/200801_/Dados/RDTO2208.dbc,2026-08-23,/Users/brenoherculano/Desktop/Brazil Mental Health Spatial Inequality Project/phase2_analysis/data_raw/sih_2022/RDTO2208.dbc,554802,8e7fa661a33a54b6f27d3ebf5e5bbbc69fdd813c20b38de27faf5c4f2ee0219c,2022-08,"MUNIC_RES, DIAG_PRINC",downloaded
SIH/SUS RD,ftp://ftp.datasus.gov.br/dissemin/publicos/SIHSUS/200801_/Dados/RDTO2209.dbc,2026-08-23,/Users/brenoherculano/Desktop/Brazil Mental Health Spatial Inequality Project/phase2_analysis/data_raw/sih_2022/RDTO2209.dbc,526880,6684b0f928cef469890647297f80537b9830537f3e9a4a5b83c94dc9cac5942c,2022-09,"MUNIC_RES, DIAG_PRINC",downloaded
SIH/SUS RD,ftp://ftp.datasus.gov.br/dissemin/publicos/SIHSUS/200801_/Dados/RDTO2210.dbc,2026-08-23,/Users/brenoherculano/Desktop/Brazil Mental Health Spatial Inequality Project/phase2_analysis/data_raw/sih_2022/RDTO2210.dbc,556171,1349d91ceef9c4f5d57fae21ba095eab696c276a5e7fbf5a03bc0aecae184a0a,2022-10,"MUNIC_RES, DIAG_PRINC",downloaded
SIH/SUS RD,ftp://ftp.datasus.gov.br/dissemin/publicos/SIHSUS/200801_/Dados/RDTO2211.dbc,2026-08-23,/Users/brenoherculano/Desktop/Brazil Mental Health Spatial Inequality Project/phase2_analysis/data_raw/sih_2022/RDTO2211.dbc,542128,4417ccd65294ddedf4f528f6fe622eb41045102bdef9c57442c3cbeaffaa0693,2022-11,"MUNIC_RES, DIAG_PRINC",downloaded
SIH/SUS RD,ftp://ftp.datasus.gov.br/dissemin/publicos/SIHSUS/200801_/Dados/RDTO2212.dbc,2026-08-23,/Users/brenoherculano/Desktop/Brazil Mental Health Spatial Inequality Project/phase2_analysis/data_raw/sih_2022/RDTO2212.dbc,585122,19c5c8ea6ac6b53a06703391e69fc17679d554abf361829cb8023b57b9d5a4a4,2022-12,"MUNIC_RES, DIAG_PRINC",downloaded
SIH/SUS RD,ftp://ftp.datasus.gov.br/dissemin/publicos/SIHSUS/200801_/Dados/RDAC2301.dbc,2026-08-23,/Users/brenoherculano/Desktop/Brazil Mental Health Spatial Inequality Project/phase2_analysis/data_raw/sih_2023/RDAC2301.dbc,294939,1135bde08c214a82abb28e862d8857aac94b595dc5ec5d7a2242c914624ccb51,2023-01,"MUNIC_RES, DIAG_PRINC",downloaded
SIH/SUS RD,ftp://ftp.datasus.gov.br/dissemin/publicos/SIHSUS/200801_/Dados/RDAC2302.dbc,2026-08-23,/Users/brenoherculano/Desktop/Brazil Mental Health Spatial Inequality Project/phase2_analysis/data_raw/sih_2023/RDAC2302.dbc,340189,db7e5e80a5377800fb3a2af48b72a09e19e0027d6c6b9bc85028cca1bc27a459,2023-02,"MUNIC_RES, DIAG_PRINC",downloaded
SIH/SUS RD,ftp://ftp.datasus.gov.br/dissemin/publicos/SIHSUS/200801_/Dados/RDAC2303.dbc,2026-08-23,/Users/brenoherculano/Desktop/Brazil Mental Health Spatial Inequality Project/phase2_analysis/data_raw/sih_2023/RDAC2303.dbc,371723,dd67af0fc260b533651b0e7c737478fcb980d651cfbdc396fe326be54fdb3cb1,2023-03,"MUNIC_RES, DIAG_PRINC",downloaded
SIH/SUS RD,ftp://ftp.datasus.gov.br/dissemin/publicos/SIHSUS/200801_/Dados/RDAC2304.dbc,2026-08-23,/Users/brenoherculano/Desktop/Brazil Mental Health Spatial Inequality Project/phase2_analysis/data_raw/sih_2023/RDAC2304.dbc,351909,e440bd4550d32c06e743067c7b8c5a1a16b1c2f282bc59905678e3db2b284996,2023-04,"MUNIC_RES, DIAG_PRINC",downloaded
SIH/SUS RD,ftp://ftp.datasus.gov.br/dissemin/publicos/SIHSUS/200801_/Dados/RDAC2305.dbc,2026-08-23,/Users/brenoherculano/Desktop/Brazil Mental Health Spatial Inequality Project/phase2_analysis/data_raw/sih_2023/RDAC2305.dbc,390030,c587d12180566ef8685c62bc6aa3ae65dca8b46e6362faf8429a1ad870df6a33,2023-05,"MUNIC_RES, DIAG_PRINC",downloaded
SIH/SUS RD,ftp://ftp.datasus.gov.br/dissemin/publicos/SIHSUS/200801_/Dados/RDAC2306.dbc,2026-08-23,/Users/brenoherculano/Desktop/Brazil Mental Health Spatial Inequality Project/phase2_analysis/data_raw/sih_2023/RDAC2306.dbc,392472,2a6f992cea71b060b3662684a81c767cd762a6f328c14870dcde57f1c4eb7467,2023-06,"MUNIC_RES, DIAG_PRINC",downloaded
SIH/SUS RD,ftp://ftp.datasus.gov.br/dissemin/publicos/SIHSUS/200801_/Dados/RDAC2307.dbc,2026-08-23,/Users/brenoherculano/Desktop/Brazil Mental Health Spatial Inequality Project/phase2_analysis/data_raw/sih_2023/RDAC2307.dbc,413135,43fc7568da93822f567c9a0780880f0a94958c14a3e03824719dcf4924734294,2023-07,"MUNIC_RES, DIAG_PRINC",downloaded
SIH/SUS RD,ftp://ftp.datasus.gov.br/dissemin/publicos/SIHSUS/200801_/Dados/RDAC2308.dbc,2026-08-23,/Users/brenoherculano/Desktop/Brazil Mental Health Spatial Inequality Project/phase2_analysis/data_raw/sih_2023/RDAC2308.dbc,360330,e88e2dd9787db5e5d1c3e68cca476a5e771b69ba7da93b3cd25958529298fd06,2023-08,"MUNIC_RES, DIAG_PRINC",downloaded
SIH/SUS RD,ftp://ftp.datasus.gov.br/dissemin/publicos/SIHSUS/200801_/Dados/RDAC2309.dbc,2026-08-23,/Users/brenoherculano/Desktop/Brazil Mental Health Spatial Inequality Project/phase2_analysis/data_raw/sih_2023/RDAC2309.dbc,335324,6212817f56408e419b869f491dbc95139672afe2912336e8a79bba25fe2e4f3c,2023-09,"MUNIC_RES, DIAG_PRINC",downloaded
SIH/SUS RD,ftp://ftp.datasus.gov.br/dissemin/publicos/SIHSUS/200801_/Dados/RDAC2310.dbc,2026-08-23,/Users/brenoherculano/Desktop/Brazil Mental Health Spatial Inequality Project/phase2_analysis/data_raw/sih_2023/RDAC2310.dbc,305265,943c324c15411406a4900fcff76fedc5f8b69af201bd7629fcaef9941b839c59,2023-10,"MUNIC_RES, DIAG_PRINC",downloaded
SIH/SUS RD,ftp://ftp.datasus.gov.br/dissemin/publicos/SIHSUS/200801_/Dados/RDAC2311.dbc,2026-08-23,/Users/brenoherculano/Desktop/Brazil Mental Health Spatial Inequality Project/phase2_analysis/data_raw/sih_2023/RDAC2311.dbc,388576,cad95b8b7937896cd27d4480d874f1367cbd5d84129554756e98e3b48cf43fc6,2023-11,"MUNIC_RES, DIAG_PRINC",downloaded
SIH/SUS RD,ftp://ftp.datasus.gov.br/dissemin/publicos/SIHSUS/200801_/Dados/RDAC2312.dbc,2026-08-23,/Users/brenoherculano/Desktop/Brazil Mental Health Spatial Inequality Project/phase2_analysis/data_raw/sih_2023/RDAC2312.dbc,285949,134257a8f2cfa009af9ded70108aecbcd177cfccecc744195abd402ff77efd6e,2023-12,"MUNIC_RES, DIAG_PRINC",downloaded
SIH/SUS RD,ftp://ftp.datasus.gov.br/dissemin/publicos/SIHSUS/200801_/Dados/RDAL2301.dbc,2026-08-23,/Users/brenoherculano/Desktop/Brazil Mental Health Spatial Inequality Project/phase2_analysis/data_raw/sih_2023/RDAL2301.dbc,1038724,0d13a9e62546ccaf2b4e918c548469c6cbdab1996b21f41cff1b11060b2a2abe,2023-01,"MUNIC_RES, DIAG_PRINC",downloaded
SIH/SUS RD,ftp://ftp.datasus.gov.br/dissemin/publicos/SIHSUS/200801_/Dados/RDAL2302.dbc,2026-08-23,/Users/brenoherculano/Desktop/Brazil Mental Health Spatial Inequality Project/phase2_analysis/data_raw/sih_2023/RDAL2302.dbc,843754,087733ed16e69b4d247577406659c2e9242d83bbe68e2cb4fc76051d89efd773,2023-02,"MUNIC_RES, DIAG_PRINC",downloaded
SIH/SUS RD,ftp://ftp.datasus.gov.br/dissemin/publicos/SIHSUS/200801_/Dados/RDAL2303.dbc,2026-08-23,/Users/brenoherculano/Desktop/Brazil Mental Health Spatial Inequality Project/phase2_analysis/data_raw/sih_2023/RDAL2303.dbc,960451,3820b08fa68abd9ce29211d91cbf7c34f75d41c5c72dbd84bf1068ca62d31837,2023-03,"MUNIC_RES, DIAG_PRINC",downloaded
SIH/SUS RD,ftp://ftp.datasus.gov.br/dissemin/publicos/SIHSUS/200801_/Dados/RDAL2304.dbc,2026-08-23,/Users/brenoherculano/Desktop/Brazil Mental Health Spatial Inequality Project/phase2_analysis/data_raw/sih_2023/RDAL2304.dbc,879464,4f071af7cf813ed76301d421c238e25c7d1df09e99fd5bc691f92b96427fd02e,2023-04,"MUNIC_RES, DIAG_PRINC",downloaded
SIH/SUS RD,ftp://ftp.datasus.gov.br/dissemin/publicos/SIHSUS/200801_/Dados/RDAL2305.dbc,2026-08-23,/Users/brenoherculano/Desktop/Brazil Mental Health Spatial Inequality Project/phase2_analysis/data_raw/sih_2023/RDAL2305.dbc,946620,95ddfa4276344a7bcd2b9d6a98f6f7da0ddb8692aa4a3cfe391b6c7da447d08e,2023-05,"MUNIC_RES, DIAG_PRINC",downloaded
SIH/SUS RD,ftp://ftp.datasus.gov.br/dissemin/publicos/SIHSUS/200801_/Dados/RDAL2306.dbc,2026-08-23,/Users/brenoherculano/Desktop/Brazil Mental Health Spatial Inequality Project/phase2_analysis/data_raw/sih_2023/RDAL2306.dbc,1006274,2b6197f75832b2636ef1528d404536fe7193486d7bc12f520e34039b234612c0,2023-06,"MUNIC_RES, DIAG_PRINC",downloaded
SIH/SUS RD,ftp://ftp.datasus.gov.br/dissemin/publicos/SIHSUS/200801_/Dados/RDAL2307.dbc,2026-08-23,/Users/brenoherculano/Desktop/Brazil Mental Health Spatial Inequality Project/phase2_analysis/data_raw/sih_2023/RDAL2307.dbc,1068410,ea383789deb4d3a47bb3c9e8a3af5c9f6b5619e1e70a5765e9444ae6ce0d6b34,2023-07,"MUNIC_RES, DIAG_PRINC",downloaded
SIH/SUS RD,ftp://ftp.datasus.gov.br/dissemin/publicos/SIHSUS/200801_/Dados/RDAL2308.dbc,2026-08-23,/Users/brenoherculano/Desktop/Brazil Mental Health Spatial Inequality Project/phase2_analysis/data_raw/sih_2023/RDAL2308.dbc,1088394,301985487edd4fcf8df77fe5d6ed8cc1a116f0500cd4d06d8e81e9bf5445d17a,2023-08,"MUNIC_RES, DIAG_PRINC",downloaded
SIH/SUS RD,ftp://ftp.datasus.gov.br/dissemin/publicos/SIHSUS/200801_/Dados/RDAL2309.dbc,2026-08-23,/Users/brenoherculano/Desktop/Brazil Mental Health Spatial Inequality Project/phase2_analysis/data_raw/sih_2023/RDAL2309.dbc,1088280,c5aec988a40cff44f0e0d2a8d6a3cf7fe51372279283a889f7f79ac546ac1c66,2023-09,"MUNIC_RES, DIAG_PRINC",downloaded
SIH/SUS RD,ftp://ftp.datasus.gov.br/dissemin/publicos/SIHSUS/200801_/Dados/RDAL2310.dbc,2026-08-23,/Users/brenoherculano/Desktop/Brazil Mental Health Spatial Inequality Project/phase2_analysis/data_raw/sih_2023/RDAL2310.dbc,1093710,6d0d2513eb83faa471987a860b21ed7c6cce5d91a37ac887d44df05b37e50e96,2023-10,"MUNIC_RES, DIAG_PRINC",downloaded
SIH/SUS RD,ftp://ftp.datasus.gov.br/dissemin/publicos/SIHSUS/200801_/Dados/RDAL2311.dbc,2026-08-23,/Users/brenoherculano/Desktop/Brazil Mental Health Spatial Inequality Project/phase2_analysis/data_raw/sih_2023/RDAL2311.dbc,1013779,be582163c7357015eb2b4e1e0e2621c38bb49a0e25d998180401441d59f919b1,2023-11,"MUNIC_RES, DIAG_PRINC",downloaded
SIH/SUS RD,ftp://ftp.datasus.gov.br/dissemin/publicos/SIHSUS/200801_/Dados/RDAL2312.dbc,2026-08-23,/Users/brenoherculano/Desktop/Brazil Mental Health Spatial Inequality Project/phase2_analysis/data_raw/sih_2023/RDAL2312.dbc,1034875,0fe202232434db5d0696394ca601513af74a73a1a378717a3c93731d1fc10961,2023-12,"MUNIC_RES, DIAG_PRINC",downloaded
SIH/SUS RD,ftp://ftp.datasus.gov.br/dissemin/publicos/SIHSUS/200801_/Dados/RDAM2301.dbc,2026-08-23,/Users/brenoherculano/Desktop/Brazil Mental Health Spatial Inequality Project/phase2_analysis/data_raw/sih_2023/RDAM2301.dbc,1284274,be1ccca1e5b8f21019af76ab7d7beb7a5d4b1ffd61df61bdccd26f2943b6a73f,2023-01,"MUNIC_RES, DIAG_PRINC",downloaded
SIH/SUS RD,ftp://ftp.datasus.gov.br/dissemin/publicos/SIHSUS/200801_/Dados/RDAM2302.dbc,2026-08-23,/Users/brenoherculano/Desktop/Brazil Mental Health Spatial Inequality Project/phase2_analysis/data_raw/sih_2023/RDAM2302.dbc,1086559,e1d37bbb1fa4f33f8659fca5b3aec73376959e56127df543d8e9da975e9791ec,2023-02,"MUNIC_RES, DIAG_PRINC",downloaded
SIH/SUS RD,ftp://ftp.datasus.gov.br/dissemin/publicos/SIHSUS/200801_/Dados/RDAM2303.dbc,2026-08-23,/Users/brenoherculano/Desktop/Brazil Mental Health Spatial Inequality Project/phase2_analysis/data_raw/sih_2023/RDAM2303.dbc,1267446,69a9dfafd7e1e9ba5748e19ca3cb59e55ad4e1f588fe0e8d15183e5134b8ff70,2023-03,"MUNIC_RES, DIAG_PRINC",downloaded
SIH/SUS RD,ftp://ftp.datasus.gov.br/dissemin/publicos/SIHSUS/200801_/Dados/RDAM2304.dbc,2026-08-23,/Users/brenoherculano/Desktop/Brazil Mental Health Spatial Inequality Project/phase2_analysis/data_raw/sih_2023/RDAM2304.dbc,1176033,7200cf89782bea95386d09867e1a83d4672a7c2eadf42f020ff0ee270a04d245,2023-04,"MUNIC_RES, DIAG_PRINC",downloaded
SIH/SUS RD,ftp://ftp.datasus.gov.br/dissemin/publicos/SIHSUS/200801_/Dados/RDAM2305.dbc,2026-08-23,/Users/brenoherculano/Desktop/Brazil Mental Health Spatial Inequality Project/phase2_analysis/data_raw/sih_2023/RDAM2305.dbc,1306901,bffaf0011e16529a409bfe68b46f6e2386baaec3da810915c078a50f580b8f3e,2023-05,"MUNIC_RES, DIAG_PRINC",downloaded
SIH/SUS RD,ftp://ftp.datasus.gov.br/dissemin/publicos/SIHSUS/200801_/Dados/RDAM2306.dbc,2026-08-23,/Users/brenoherculano/Desktop/Brazil Mental Health Spatial Inequality Project/phase2_analysis/data_raw/sih_2023/RDAM2306.dbc,1334366,40d7477260e8f0fdd9d6eea8babdc0a9f2269d780f688428fe46c174eba75468,2023-06,"MUNIC_RES, DIAG_PRINC",downloaded
SIH/SUS RD,ftp://ftp.datasus.gov.br/dissemin/publicos/SIHSUS/200801_/Dados/RDAM2307.dbc,2026-08-23,/Users/brenoherculano/Desktop/Brazil Mental Health Spatial Inequality Project/phase2_analysis/data_raw/sih_2023/RDAM2307.dbc,1518245,b0a045cfe4bc400284b31d28ba7e5bd98c138fed738eb92bb092129acb633a52,2023-07,"MUNIC_RES, DIAG_PRINC",downloaded
SIH/SUS RD,ftp://ftp.datasus.gov.br/dissemin/publicos/SIHSUS/200801_/Dados/RDAM2308.dbc,2026-08-23,/Users/brenoherculano/Desktop/Brazil Mental Health Spatial Inequality Project/phase2_analysis/data_raw/sih_2023/RDAM2308.dbc,1431294,e44ed2c0ab7f556b709cecb9c7709865a5fc50692f2d1140c958aea8b499ffac,2023-08,"MUNIC_RES, DIAG_PRINC",downloaded
SIH/SUS RD,ftp://ftp.datasus.gov.br/dissemin/publicos/SIHSUS/200801_/Dados/RDAM2309.dbc,2026-08-23,/Users/brenoherculano/Desktop/Brazil Mental Health Spatial Inequality Project/phase2_analysis/data_raw/sih_2023/RDAM2309.dbc,1038133,4134a97344d22954bd19800835e107e401898fe1af41989cdf6d2fb4f67c5596,2023-09,"MUNIC_RES, DIAG_PRINC",downloaded
SIH/SUS RD,ftp://ftp.datasus.gov.br/dissemin/publicos/SIHSUS/200801_/Dados/RDAM2310.dbc,2026-08-23,/Users/brenoherculano/Desktop/Brazil Mental Health Spatial Inequality Project/phase2_analysis/data_raw/sih_2023/RDAM2310.dbc,1126955,a162db810851be7ac2dead7bb7d6a47703693da16782851cdaeed7742402241f,2023-10,"MUNIC_RES, DIAG_PRINC",downloaded
SIH/SUS RD,ftp://ftp.datasus.gov.br/dissemin/publicos/SIHSUS/200801_/Dados/RDAM2311.dbc,2026-08-23,/Users/brenoherculano/Desktop/Brazil Mental Health Spatial Inequality Project/phase2_analysis/data_raw/sih_2023/RDAM2311.dbc,1117105,9524ec027b97996a6cded5dc3a28b19aff4b0ca635ef83defdafeb0a572b72d0,2023-11,"MUNIC_RES, DIAG_PRINC",downloaded
SIH/SUS RD,ftp://ftp.datasus.gov.br/dissemin/publicos/SIHSUS/200801_/Dados/RDAM2312.dbc,2026-08-23,/Users/brenoherculano/Desktop/Brazil Mental Health Spatial Inequality Project/phase2_analysis/data_raw/sih_2023/RDAM2312.dbc,942147,4a1af36b957150426fdae5730ba21423ad975555d1f33eb355d9ccd86bfa044f,2023-12,"MUNIC_RES, DIAG_PRINC",downloaded
SIH/SUS RD,ftp://ftp.datasus.gov.br/dissemin/publicos/SIHSUS/200801_/Dados/RDAP2301.dbc,2026-08-23,/Users/brenoherculano/Desktop/Brazil Mental Health Spatial Inequality Project/phase2_analysis/data_raw/sih_2023/RDAP2301.dbc,263370,b7ec68825fb5532216c896f8139db8affd78e7bef4b46f4afa21bc368cafdf28,2023-01,"MUNIC_RES, DIAG_PRINC",downloaded
SIH/SUS RD,ftp://ftp.datasus.gov.br/dissemin/publicos/SIHSUS/200801_/Dados/RDAP2302.dbc,2026-08-23,/Users/brenoherculano/Desktop/Brazil Mental Health Spatial Inequality Project/phase2_analysis/data_raw/sih_2023/RDAP2302.dbc,244104,b91f1be5731c43a516badebb3541738e151526a88ba692c51679f5aedeb2ed5a,2023-02,"MUNIC_RES, DIAG_PRINC",downloaded
SIH/SUS RD,ftp://ftp.datasus.gov.br/dissemin/publicos/SIHSUS/200801_/Dados/RDAP2303.dbc,2026-08-23,/Users/brenoherculano/Desktop/Brazil Mental Health Spatial Inequality Project/phase2_analysis/data_raw/sih_2023/RDAP2303.dbc,313951,016c78b47e105e86f827abe0b3d071a432bf9cd28f5d3ece7e3386c9a8df3281,2023-03,"MUNIC_RES, DIAG_PRINC",downloaded
SIH/SUS RD,ftp://ftp.datasus.gov.br/dissemin/publicos/SIHSUS/200801_/Dados/RDAP2304.dbc,2026-08-23,/Users/brenoherculano/Desktop/Brazil Mental Health Spatial Inequality Project/phase2_analysis/data_raw/sih_2023/RDAP2304.dbc,305279,3d7567ce9dde636c3a37c3303d64a1587ec0ceaafb14d7c1cf62c80f555ea17f,2023-04,"MUNIC_RES, DIAG_PRINC",downloaded
SIH/SUS RD,ftp://ftp.datasus.gov.br/dissemin/publicos/SIHSUS/200801_/Dados/RDAP2305.dbc,2026-08-23,/Users/brenoherculano/Desktop/Brazil Mental Health Spatial Inequality Project/phase2_analysis/data_raw/sih_2023/RDAP2305.dbc,423001,195c06ab3d13df41695851b555cc9f9f14112463084a1705b7928a7a219271f0,2023-05,"MUNIC_RES, DIAG_PRINC",downloaded
SIH/SUS RD,ftp://ftp.datasus.gov.br/dissemin/publicos/SIHSUS/200801_/Dados/RDAP2306.dbc,2026-08-23,/Users/brenoherculano/Desktop/Brazil Mental Health Spatial Inequality Project/phase2_analysis/data_raw/sih_2023/RDAP2306.dbc,264153,527a8ba85f81a3f282d5e8ec546a38d3dccebdaf60e5736d85de9c605a0182eb,2023-06,"MUNIC_RES, DIAG_PRINC",downloaded
SIH/SUS RD,ftp://ftp.datasus.gov.br/dissemin/publicos/SIHSUS/200801_/Dados/RDAP2307.dbc,2026-08-23,/Users/brenoherculano/Desktop/Brazil Mental Health Spatial Inequality Project/phase2_analysis/data_raw/sih_2023/RDAP2307.dbc,395039,48b367485376219095dc179c21175fecacc333040f08b509307ae081a8e0d1bc,2023-07,"MUNIC_RES, DIAG_PRINC",downloaded
SIH/SUS RD,ftp://ftp.datasus.gov.br/dissemin/publicos/SIHSUS/200801_/Dados/RDAP2308.dbc,2026-08-23,/Users/brenoherculano/Desktop/Brazil Mental Health Spatial Inequality Project/phase2_analysis/data_raw/sih_2023/RDAP2308.dbc,281976,7bee0772fe79c68620f0b0417cdc0ee73b9ce3e86450f383f645dd30cea866c9,2023-08,"MUNIC_RES, DIAG_PRINC",downloaded
SIH/SUS RD,ftp://ftp.datasus.gov.br/dissemin/publicos/SIHSUS/200801_/Dados/RDAP2309.dbc,2026-08-23,/Users/brenoherculano/Desktop/Brazil Mental Health Spatial Inequality Project/phase2_analysis/data_raw/sih_2023/RDAP2309.dbc,251130,e674be78c53ef081074a820bff4038682c9c51d3890a32ec388f1afc886e07f4,2023-09,"MUNIC_RES, DIAG_PRINC",downloaded
SIH/SUS RD,ftp://ftp.datasus.gov.br/dissemin/publicos/SIHSUS/200801_/Dados/RDAP2310.dbc,2026-08-23,/Users/brenoherculano/Desktop/Brazil Mental Health Spatial Inequality Project/phase2_analysis/data_raw/sih_2023/RDAP2310.dbc,234961,131b05e7ab5f03acd39955b092282145368b4850a208077c9fc66b181a1f0b5e,2023-10,"MUNIC_RES, DIAG_PRINC",downloaded
SIH/SUS RD,ftp://ftp.datasus.gov.br/dissemin/publicos/SIHSUS/200801_/Dados/RDAP2311.dbc,2026-08-23,/Users/brenoherculano/Desktop/Brazil Mental Health Spatial Inequality Project/phase2_analysis/data_raw/sih_2023/RDAP2311.dbc,244290,113f384555397465ad8fd641413456e2d8ab71547c09f2d4c984fd641a63413f,2023-11,"MUNIC_RES, DIAG_PRINC",downloaded
SIH/SUS RD,ftp://ftp.datasus.gov.br/dissemin/publicos/SIHSUS/200801_/Dados/RDAP2312.dbc,2026-08-23,/Users/brenoherculano/Desktop/Brazil Mental Health Spatial Inequality Project/phase2_analysis/data_raw/sih_2023/RDAP2312.dbc,282096,b0c8ec665edf136f31ba3161650130047afa6d48151c483b88579194fe567f68,2023-12,"MUNIC_RES, DIAG_PRINC",downloaded
SIH/SUS RD,ftp://ftp.datasus.gov.br/dissemin/publicos/SIHSUS/200801_/Dados/RDBA2301.dbc,2026-08-23,/Users/brenoherculano/Desktop/Brazil Mental Health Spatial Inequality Project/phase2_analysis/data_raw/sih_2023/RDBA2301.dbc,5087085,b1dfa61fbccec4e395a5818e681846b84d02ea346e69db9666a46b725e0c498f,2023-01,"MUNIC_RES, DIAG_PRINC",downloaded
SIH/SUS RD,ftp://ftp.datasus.gov.br/dissemin/publicos/SIHSUS/200801_/Dados/RDBA2302.dbc,2026-08-23,/Users/brenoherculano/Desktop/Brazil Mental Health Spatial Inequality Project/phase2_analysis/data_raw/sih_2023/RDBA2302.dbc,4818817,878bcebacdd31a0b0d084093d29b57502d710687e6b6124ac5e22a884eac1705,2023-02,"MUNIC_RES, DIAG_PRINC",downloaded
SIH/SUS RD,ftp://ftp.datasus.gov.br/dissemin/publicos/SIHSUS/200801_/Dados/RDBA2303.dbc,2026-08-23,/Users/brenoherculano/Desktop/Brazil Mental Health Spatial Inequality Project/phase2_analysis/data_raw/sih_2023/RDBA2303.dbc,5228512,340d43ad5fc44d817572cd4ae99646b0e46779f4a90df2d8d5e671961f2059e7,2023-03,"MUNIC_RES, DIAG_PRINC",downloaded
SIH/SUS RD,ftp://ftp.datasus.gov.br/dissemin/publicos/SIHSUS/200801_/Dados/RDBA2304.dbc,2026-08-23,/Users/brenoherculano/Desktop/Brazil Mental Health Spatial Inequality Project/phase2_analysis/data_raw/sih_2023/RDBA2304.dbc,5255708,a056be9c90f2a0b10a52647f7cea2847fca5780b0694892eb8bbd5160b4017df,2023-04,"MUNIC_RES, DIAG_PRINC",downloaded
SIH/SUS RD,ftp://ftp.datasus.gov.br/dissemin/publicos/SIHSUS/200801_/Dados/RDBA2305.dbc,2026-08-23,/Users/brenoherculano/Desktop/Brazil Mental Health Spatial Inequality Project/phase2_analysis/data_raw/sih_2023/RDBA2305.dbc,5589803,7f34f7f6a71bf2f0639a649d712ae345d681fe1641d230e8cd971eaf681ba0e6,2023-05,"MUNIC_RES, DIAG_PRINC",downloaded
SIH/SUS RD,ftp://ftp.datasus.gov.br/dissemin/publicos/SIHSUS/200801_/Dados/RDBA2306.dbc,2026-08-23,/Users/brenoherculano/Desktop/Brazil Mental Health Spatial Inequality Project/phase2_analysis/data_raw/sih_2023/RDBA2306.dbc,5408678,2aaa31b49e969c7c51aff65445c3295e882dc698c35b41be722a098f8a47f4f2,2023-06,"MUNIC_RES, DIAG_PRINC",downloaded
SIH/SUS RD,ftp://ftp.datasus.gov.br/dissemin/publicos/SIHSUS/200801_/Dados/RDBA2307.dbc,2026-08-23,/Users/brenoherculano/Desktop/Brazil Mental Health Spatial Inequality Project/phase2_analysis/data_raw/sih_2023/RDBA2307.dbc,5762905,599f728240090ae0eb9eaeea4d16386978cb6f3c27beb6ac0788d1029818b237,2023-07,"MUNIC_RES, DIAG_PRINC",downloaded
SIH/SUS RD,ftp://ftp.datasus.gov.br/dissemin/publicos/SIHSUS/200801_/Dados/RDBA2308.dbc,2026-08-23,/Users/brenoherculano/Desktop/Brazil Mental Health Spatial Inequality Project/phase2_analysis/data_raw/sih_2023/RDBA2308.dbc,5768528,8cd34cf9b1dc388c902c77450c7ebc4397280dadcdccf400b77d2e7fb567739f,2023-08,"MUNIC_RES, DIAG_PRINC",downloaded
SIH/SUS RD,ftp://ftp.datasus.gov.br/dissemin/publicos/SIHSUS/200801_/Dados/RDBA2309.dbc,2026-08-23,/Users/brenoherculano/Desktop/Brazil Mental Health Spatial Inequality Project/phase2_analysis/data_raw/sih_2023/RDBA2309.dbc,5410444,2a2bbb060daaeb09291544dfb2317fd188dacbd96807c68f25a07a884d8d2e14,2023-09,"MUNIC_RES, DIAG_PRINC",downloaded
SIH/SUS RD,ftp://ftp.datasus.gov.br/dissemin/publicos/SIHSUS/200801_/Dados/RDBA2310.dbc,2026-08-23,/Users/brenoherculano/Desktop/Brazil Mental Health Spatial Inequality Project/phase2_analysis/data_raw/sih_2023/RDBA2310.dbc,5697685,7419cebce8fc63ec85a345efa2139f3dac429f296e278d5816f20200827ca0f4,2023-10,"MUNIC_RES, DIAG_PRINC",downloaded
SIH/SUS RD,ftp://ftp.datasus.gov.br/dissemin/publicos/SIHSUS/200801_/Dados/RDBA2311.dbc,2026-08-23,/Users/brenoherculano/Desktop/Brazil Mental Health Spatial Inequality Project/phase2_analysis/data_raw/sih_2023/RDBA2311.dbc,5456658,ba2e7b3e5a3e3226ce8586d93237a391382b85bceb1c4486cec540868919aa9d,2023-11,"MUNIC_RES, DIAG_PRINC",downloaded
SIH/SUS RD,ftp://ftp.datasus.gov.br/dissemin/publicos/SIHSUS/200801_/Dados/RDBA2312.dbc,2026-08-23,/Users/brenoherculano/Desktop/Brazil Mental Health Spatial Inequality Project/phase2_analysis/data_raw/sih_2023/RDBA2312.dbc,5191504,c103212b6239ac42dfaee49f608a3e51eaeb2078586e5b71321816c6aed23abf,2023-12,"MUNIC_RES, DIAG_PRINC",downloaded
SIH/SUS RD,ftp://ftp.datasus.gov.br/dissemin/publicos/SIHSUS/200801_/Dados/RDCE2301.dbc,2026-08-23,/Users/brenoherculano/Desktop/Brazil Mental Health Spatial Inequality Project/phase2_analysis/data_raw/sih_2023/RDCE2301.dbc,3251625,aab8ef9859905f5d455886862f9a7d596049bea5917bb851a8723d954240d6b3,2023-01,"MUNIC_RES, DIAG_PRINC",downloaded
SIH/SUS RD,ftp://ftp.datasus.gov.br/dissemin/publicos/SIHSUS/200801_/Dados/RDCE2302.dbc,2026-08-23,/Users/brenoherculano/Desktop/Brazil Mental Health Spatial Inequality Project/phase2_analysis/data_raw/sih_2023/RDCE2302.dbc,3134250,4d63ae64a5678b5d08537908f069c4fbba77694cfb9033d69cb9abd2bf53e588,2023-02,"MUNIC_RES, DIAG_PRINC",downloaded
SIH/SUS RD,ftp://ftp.datasus.gov.br/dissemin/publicos/SIHSUS/200801_/Dados/RDCE2303.dbc,2026-08-23,/Users/brenoherculano/Desktop/Brazil Mental Health Spatial Inequality Project/phase2_analysis/data_raw/sih_2023/RDCE2303.dbc,3376687,2c8433281fbcd061047adeedb6ae7f4f3cf376e13d1f9852c949bb755568fc6b,2023-03,"MUNIC_RES, DIAG_PRINC",downloaded
SIH/SUS RD,ftp://ftp.datasus.gov.br/dissemin/publicos/SIHSUS/200801_/Dados/RDCE2304.dbc,2026-08-23,/Users/brenoherculano/Desktop/Brazil Mental Health Spatial Inequality Project/phase2_analysis/data_raw/sih_2023/RDCE2304.dbc,3336148,ed0313e78f5f20851c981ede65aa50ac727fd4878e6628fffa4a0f5d7a8d5500,2023-04,"MUNIC_RES, DIAG_PRINC",downloaded
SIH/SUS RD,ftp://ftp.datasus.gov.br/dissemin/publicos/SIHSUS/200801_/Dados/RDCE2305.dbc,2026-08-23,/Users/brenoherculano/Desktop/Brazil Mental Health Spatial Inequality Project/phase2_analysis/data_raw/sih_2023/RDCE2305.dbc,3498401,f61b45fd21884b352b802912946542cbe8ace1602259ed28535bab5504ad36b9,2023-05,"MUNIC_RES, DIAG_PRINC",downloaded
SIH/SUS RD,ftp://ftp.datasus.gov.br/dissemin/publicos/SIHSUS/200801_/Dados/RDCE2306.dbc,2026-08-23,/Users/brenoherculano/Desktop/Brazil Mental Health Spatial Inequality Project/phase2_analysis/data_raw/sih_2023/RDCE2306.dbc,3506285,dd16ee39cc84c6acf54e5cd16e072dafd1752e5b974a6b6f41f738b4f88cfb6a,2023-06,"MUNIC_RES, DIAG_PRINC",downloaded
SIH/SUS RD,ftp://ftp.datasus.gov.br/dissemin/publicos/SIHSUS/200801_/Dados/RDCE2307.dbc,2026-08-23,/Users/brenoherculano/Desktop/Brazil Mental Health Spatial Inequality Project/phase2_analysis/data_raw/sih_2023/RDCE2307.dbc,3442488,074fb8dc263943be5e52152df5a9e770443aaff3ae62b73ef11e6337a36e0a0f,2023-07,"MUNIC_RES, DIAG_PRINC",downloaded
SIH/SUS RD,ftp://ftp.datasus.gov.br/dissemin/publicos/SIHSUS/200801_/Dados/RDCE2308.dbc,2026-08-23,/Users/brenoherculano/Desktop/Brazil Mental Health Spatial Inequality Project/phase2_analysis/data_raw/sih_2023/RDCE2308.dbc,3426449,464d29b8a0950fc41a5ba7f265287dc8b7a9a0664e53779a6f65748c5dc6a620,2023-08,"MUNIC_RES, DIAG_PRINC",downloaded
SIH/SUS RD,ftp://ftp.datasus.gov.br/dissemin/publicos/SIHSUS/200801_/Dados/RDCE2309.dbc,2026-08-23,/Users/brenoherculano/Desktop/Brazil Mental Health Spatial Inequality Project/phase2_analysis/data_raw/sih_2023/RDCE2309.dbc,3449816,ef57b05c912f60eda691ab50526639e7d22c08bd8ecc826bca2142a6353188e9,2023-09,"MUNIC_RES, DIAG_PRINC",downloaded
SIH/SUS RD,ftp://ftp.datasus.gov.br/dissemin/publicos/SIHSUS/200801_/Dados/RDCE2310.dbc,2026-08-23,/Users/brenoherculano/Desktop/Brazil Mental Health Spatial Inequality Project/phase2_analysis/data_raw/sih_2023/RDCE2310.dbc,3456387,98c5860b25ef99b4eaa04388261add8163106bfa321fff801017826387de691b,2023-10,"MUNIC_RES, DIAG_PRINC",downloaded
SIH/SUS RD,ftp://ftp.datasus.gov.br/dissemin/publicos/SIHSUS/200801_/Dados/RDCE2311.dbc,2026-08-23,/Users/brenoherculano/Desktop/Brazil Mental Health Spatial Inequality Project/phase2_analysis/data_raw/sih_2023/RDCE2311.dbc,3460840,4169c7b9fa8a4a90aa4a3d8f55a3c25bb66bcde57545447c114beb20c42d2817,2023-11,"MUNIC_RES, DIAG_PRINC",downloaded
SIH/SUS RD,ftp://ftp.datasus.gov.br/dissemin/publicos/SIHSUS/200801_/Dados/RDCE2312.dbc,2026-08-23,/Users/brenoherculano/Desktop/Brazil Mental Health Spatial Inequality Project/phase2_analysis/data_raw/sih_2023/RDCE2312.dbc,3259775,a30c535558d196c03dc12fa11eb1f1a9dddfc7b54e168f3aea4cf4b1d0828023,2023-12,"MUNIC_RES, DIAG_PRINC",downloaded
SIH/SUS RD,ftp://ftp.datasus.gov.br/dissemin/publicos/SIHSUS/200801_/Dados/RDDF2301.dbc,2026-08-23,/Users/brenoherculano/Desktop/Brazil Mental Health Spatial Inequality Project/phase2_analysis/data_raw/sih_2023/RDDF2301.dbc,1407960,618b4def53c2634aca697b2c59adaf22de7d85264b40c41ebeab40d1008e97f9,2023-01,"MUNIC_RES, DIAG_PRINC",downloaded
SIH/SUS RD,ftp://ftp.datasus.gov.br/dissemin/publicos/SIHSUS/200801_/Dados/RDDF2302.dbc,2026-08-23,/Users/brenoherculano/Desktop/Brazil Mental Health Spatial Inequality Project/phase2_analysis/data_raw/sih_2023/RDDF2302.dbc,1410153,1a57e5f406e82bfff47c08cffc50e11878f97ef635456d5d89c8de238e68df0a,2023-02,"MUNIC_RES, DIAG_PRINC",downloaded
SIH/SUS RD,ftp://ftp.datasus.gov.br/dissemin/publicos/SIHSUS/200801_/Dados/RDDF2303.dbc,2026-08-23,/Users/brenoherculano/Desktop/Brazil Mental Health Spatial Inequality Project/phase2_analysis/data_raw/sih_2023/RDDF2303.dbc,1669089,528499ae9afb57c3913c0e02635170b3131e74f518229bd1f590242da6df7603,2023-03,"MUNIC_RES, DIAG_PRINC",downloaded
SIH/SUS RD,ftp://ftp.datasus.gov.br/dissemin/publicos/SIHSUS/200801_/Dados/RDDF2304.dbc,2026-08-23,/Users/brenoherculano/Desktop/Brazil Mental Health Spatial Inequality Project/phase2_analysis/data_raw/sih_2023/RDDF2304.dbc,1507719,e8efbedc9389ec69069955ed8b48038cf5f5570355aeea4f50fcb254b0c073cf,2023-04,"MUNIC_RES, DIAG_PRINC",downloaded
SIH/SUS RD,ftp://ftp.datasus.gov.br/dissemin/publicos/SIHSUS/200801_/Dados/RDDF2305.dbc,2026-08-23,/Users/brenoherculano/Desktop/Brazil Mental Health Spatial Inequality Project/phase2_analysis/data_raw/sih_2023/RDDF2305.dbc,1562434,5b44362035f383b1fb1864c1fd4c77c5d9c4db206511bae3dbe2632290a02c09,2023-05,"MUNIC_RES, DIAG_PRINC",downloaded
SIH/SUS RD,ftp://ftp.datasus.gov.br/dissemin/publicos/SIHSUS/200801_/Dados/RDDF2306.dbc,2026-08-23,/Users/brenoherculano/Desktop/Brazil Mental Health Spatial Inequality Project/phase2_analysis/data_raw/sih_2023/RDDF2306.dbc,1550501,45e2d5be8c1645f22b9f393a0943d28d3d12732bef6ba96038fa690946ed78d8,2023-06,"MUNIC_RES, DIAG_PRINC",downloaded
SIH/SUS RD,ftp://ftp.datasus.gov.br/dissemin/publicos/SIHSUS/200801_/Dados/RDDF2307.dbc,2026-08-23,/Users/brenoherculano/Desktop/Brazil Mental Health Spatial Inequality Project/phase2_analysis/data_raw/sih_2023/RDDF2307.dbc,1496268,a12d50190998c9d0b147de686ecf5d294c7791eaaeb66c81927f7299e74dd299,2023-07,"MUNIC_RES, DIAG_PRINC",downloaded
SIH/SUS RD,ftp://ftp.datasus.gov.br/dissemin/publicos/SIHSUS/200801_/Dados/RDDF2308.dbc,2026-08-23,/Users/brenoherculano/Desktop/Brazil Mental Health Spatial Inequality Project/phase2_analysis/data_raw/sih_2023/RDDF2308.dbc,1724914,f985b42b023070a56f8daaf4521b9b219bb48fc3e493c34f6d656a55d3a2c724,2023-08,"MUNIC_RES, DIAG_PRINC",downloaded
SIH/SUS RD,ftp://ftp.datasus.gov.br/dissemin/publicos/SIHSUS/200801_/Dados/RDDF2309.dbc,2026-08-23,/Users/brenoherculano/Desktop/Brazil Mental Health Spatial Inequality Project/phase2_analysis/data_raw/sih_2023/RDDF2309.dbc,1653793,47d3ee53011356d3198ff918d8066292124bff805bd13adf9858aa9dc0feecca,2023-09,"MUNIC_RES, DIAG_PRINC",downloaded
SIH/SUS RD,ftp://ftp.datasus.gov.br/dissemin/publicos/SIHSUS/200801_/Dados/RDDF2310.dbc,2026-08-23,/Users/brenoherculano/Desktop/Brazil Mental Health Spatial Inequality Project/phase2_analysis/data_raw/sih_2023/RDDF2310.dbc,1587151,07e33eb56dc7fefbf8582af7dcb043f852b9067ce01fd9bebed60e5e6d68ffcb,2023-10,"MUNIC_RES, DIAG_PRINC",downloaded
SIH/SUS RD,ftp://ftp.datasus.gov.br/dissemin/publicos/SIHSUS/200801_/Dados/RDDF2311.dbc,2026-08-23,/Users/brenoherculano/Desktop/Brazil Mental Health Spatial Inequality Project/phase2_analysis/data_raw/sih_2023/RDDF2311.dbc,1518126,397c7814af171743d7cc1a2b113f233a92ffc3f09f72057d82f7f5590d2c6cf2,2023-11,"MUNIC_RES, DIAG_PRINC",downloaded
SIH/SUS RD,ftp://ftp.datasus.gov.br/dissemin/publicos/SIHSUS/200801_/Dados/RDDF2312.dbc,2026-08-23,/Users/brenoherculano/Desktop/Brazil Mental Health Spatial Inequality Project/phase2_analysis/data_raw/sih_2023/RDDF2312.dbc,1478968,62cd2af871453303eb2202ebe8cfdbf4d7ac61b61404c882b9b5d91844572069,2023-12,"MUNIC_RES, DIAG_PRINC",downloaded
SIH/SUS RD,ftp://ftp.datasus.gov.br/dissemin/publicos/SIHSUS/200801_/Dados/RDES2301.dbc,2026-08-23,/Users/brenoherculano/Desktop/Brazil Mental Health Spatial Inequality Project/phase2_analysis/data_raw/sih_2023/RDES2301.dbc,1806304,b9de0798538bc092d0332ce43c3382f600a40c0492cc9fce3a41650b46336010,2023-01,"MUNIC_RES, DIAG_PRINC",downloaded
SIH/SUS RD,ftp://ftp.datasus.gov.br/dissemin/publicos/SIHSUS/200801_/Dados/RDES2302.dbc,2026-08-23,/Users/brenoherculano/Desktop/Brazil Mental Health Spatial Inequality Project/phase2_analysis/data_raw/sih_2023/RDES2302.dbc,1690228,434ee119c36833f12a79e61fc93c74a6a2000ea467e575e56878f914171ab98e,2023-02,"MUNIC_RES, DIAG_PRINC",downloaded
SIH/SUS RD,ftp://ftp.datasus.gov.br/dissemin/publicos/SIHSUS/200801_/Dados/RDES2303.dbc,2026-08-23,/Users/brenoherculano/Desktop/Brazil Mental Health Spatial Inequality Project/phase2_analysis/data_raw/sih_2023/RDES2303.dbc,1830542,16b8f83c32755399afcc516955944c4cce83bfa2f2485abf0a43e3181f2c363f,2023-03,"MUNIC_RES, DIAG_PRINC",downloaded
SIH/SUS RD,ftp://ftp.datasus.gov.br/dissemin/publicos/SIHSUS/200801_/Dados/RDES2304.dbc,2026-08-23,/Users/brenoherculano/Desktop/Brazil Mental Health Spatial Inequality Project/phase2_analysis/data_raw/sih_2023/RDES2304.dbc,1742267,b707c8bf0f13b1b45ded1d19fd071ed3077c15b481045ebfaa91fe0b44d4718b,2023-04,"MUNIC_RES, DIAG_PRINC",downloaded
SIH/SUS RD,ftp://ftp.datasus.gov.br/dissemin/publicos/SIHSUS/200801_/Dados/RDES2305.dbc,2026-08-23,/Users/brenoherculano/Desktop/Brazil Mental Health Spatial Inequality Project/phase2_analysis/data_raw/sih_2023/RDES2305.dbc,1833230,d9eca25d911384a91ce76d47a834ad8198ee250a13f32522a93b432e14df411d,2023-05,"MUNIC_RES, DIAG_PRINC",downloaded
SIH/SUS RD,ftp://ftp.datasus.gov.br/dissemin/publicos/SIHSUS/200801_/Dados/RDES2306.dbc,2026-08-23,/Users/brenoherculano/Desktop/Brazil Mental Health Spatial Inequality Project/phase2_analysis/data_raw/sih_2023/RDES2306.dbc,1921744,dac87dc596ae039e19c146d28a2fc424ec7c7ad4daeaa8cd1ec36d488b2c2250,2023-06,"MUNIC_RES, DIAG_PRINC",downloaded
SIH/SUS RD,ftp://ftp.datasus.gov.br/dissemin/publicos/SIHSUS/200801_/Dados/RDES2307.dbc,2026-08-23,/Users/brenoherculano/Desktop/Brazil Mental Health Spatial Inequality Project/phase2_analysis/data_raw/sih_2023/RDES2307.dbc,1873061,7d570ef3b0a9145010008dae2ad882053be4beb56d23a56253c41c10debb24fc,2023-07,"MUNIC_RES, DIAG_PRINC",downloaded
SIH/SUS RD,ftp://ftp.datasus.gov.br/dissemin/publicos/SIHSUS/200801_/Dados/RDES2308.dbc,2026-08-23,/Users/brenoherculano/Desktop/Brazil Mental Health Spatial Inequality Project/phase2_analysis/data_raw/sih_2023/RDES2308.dbc,1938273,1a2c103d92f19922f792be38fda7dc37919627bf7a3014cacb235adfd2634087,2023-08,"MUNIC_RES, DIAG_PRINC",downloaded
SIH/SUS RD,ftp://ftp.datasus.gov.br/dissemin/publicos/SIHSUS/200801_/Dados/RDES2309.dbc,2026-08-23,/Users/brenoherculano/Desktop/Brazil Mental Health Spatial Inequality Project/phase2_analysis/data_raw/sih_2023/RDES2309.dbc,1915953,71d1cece9cb47c5dd30345ad8c6f49ead033cf2c2f7081784f7dc1dab0a83a37,2023-09,"MUNIC_RES, DIAG_PRINC",downloaded
SIH/SUS RD,ftp://ftp.datasus.gov.br/dissemin/publicos/SIHSUS/200801_/Dados/RDES2310.dbc,2026-08-23,/Users/brenoherculano/Desktop/Brazil Mental Health Spatial Inequality Project/phase2_analysis/data_raw/sih_2023/RDES2310.dbc,1919065,f5a44266e38d5baab8e589683952b310b9880ea42723d6ed7d741f4b9bc7b55c,2023-10,"MUNIC_RES, DIAG_PRINC",downloaded
SIH/SUS RD,ftp://ftp.datasus.gov.br/dissemin/publicos/SIHSUS/200801_/Dados/RDES2311.dbc,2026-08-23,/Users/brenoherculano/Desktop/Brazil Mental Health Spatial Inequality Project/phase2_analysis/data_raw/sih_2023/RDES2311.dbc,1852433,4340bcc8628609276672bc6d99c932be4d79c0847f46f53a22dc13746039ce1c,2023-11,"MUNIC_RES, DIAG_PRINC",downloaded
SIH/SUS RD,ftp://ftp.datasus.gov.br/dissemin/publicos/SIHSUS/200801_/Dados/RDES2312.dbc,2026-08-23,/Users/brenoherculano/Desktop/Brazil Mental Health Spatial Inequality Project/phase2_analysis/data_raw/sih_2023/RDES2312.dbc,1843647,ba4ea2c6b1849c8eb9d4b24190893747a7f1640b5ad78eb97bc0299b28d248ef,2023-12,"MUNIC_RES, DIAG_PRINC",downloaded
SIH/SUS RD,ftp://ftp.datasus.gov.br/dissemin/publicos/SIHSUS/200801_/Dados/RDGO2301.dbc,2026-08-23,/Users/brenoherculano/Desktop/Brazil Mental Health Spatial Inequality Project/phase2_analysis/data_raw/sih_2023/RDGO2301.dbc,2545941,5c176091785ba9e49c227e125a15fe43ca52606cca417b7e413774d7ec8129c7,2023-01,"MUNIC_RES, DIAG_PRINC",downloaded
SIH/SUS RD,ftp://ftp.datasus.gov.br/dissemin/publicos/SIHSUS/200801_/Dados/RDGO2302.dbc,2026-08-23,/Users/brenoherculano/Desktop/Brazil Mental Health Spatial Inequality Project/phase2_analysis/data_raw/sih_2023/RDGO2302.dbc,2389485,eeb97266c521b84801686311573cf35febc93f409b8080da95c68240187b33a0,2023-02,"MUNIC_RES, DIAG_PRINC",downloaded
SIH/SUS RD,ftp://ftp.datasus.gov.br/dissemin/publicos/SIHSUS/200801_/Dados/RDGO2303.dbc,2026-08-23,/Users/brenoherculano/Desktop/Brazil Mental Health Spatial Inequality Project/phase2_analysis/data_raw/sih_2023/RDGO2303.dbc,2587518,ad9980ac06f1b1b3710e87fbc206566876c70001986da4cf6bb013f49f305e89,2023-03,"MUNIC_RES, DIAG_PRINC",downloaded
SIH/SUS RD,ftp://ftp.datasus.gov.br/dissemin/publicos/SIHSUS/200801_/Dados/RDGO2304.dbc,2026-08-23,/Users/brenoherculano/Desktop/Brazil Mental Health Spatial Inequality Project/phase2_analysis/data_raw/sih_2023/RDGO2304.dbc,2646723,4c082d596a0479122985ce92c8f4b8f2d0a459b2e6b9054bb801ec1a0b1cecb5,2023-04,"MUNIC_RES, DIAG_PRINC",downloaded
SIH/SUS RD,ftp://ftp.datasus.gov.br/dissemin/publicos/SIHSUS/200801_/Dados/RDGO2305.dbc,2026-08-23,/Users/brenoherculano/Desktop/Brazil Mental Health Spatial Inequality Project/phase2_analysis/data_raw/sih_2023/RDGO2305.dbc,2675303,57eb8a59bba19972bc391d05fb797333cf1fe7821d634aefe4d40ec4ccb0b537,2023-05,"MUNIC_RES, DIAG_PRINC",downloaded
SIH/SUS RD,ftp://ftp.datasus.gov.br/dissemin/publicos/SIHSUS/200801_/Dados/RDGO2306.dbc,2026-08-23,/Users/brenoherculano/Desktop/Brazil Mental Health Spatial Inequality Project/phase2_analysis/data_raw/sih_2023/RDGO2306.dbc,2455214,d72109dcc0b23a5d994566511d01102d7aa133f05ac1bc28465e34c68f2cbcf1,2023-06,"MUNIC_RES, DIAG_PRINC",downloaded
SIH/SUS RD,ftp://ftp.datasus.gov.br/dissemin/publicos/SIHSUS/200801_/Dados/RDGO2307.dbc,2026-08-23,/Users/brenoherculano/Desktop/Brazil Mental Health Spatial Inequality Project/phase2_analysis/data_raw/sih_2023/RDGO2307.dbc,2778516,f9b4d2e44cd700179b98ba544761e96b4adca1cc19ddbea683331ee2827a8683,2023-07,"MUNIC_RES, DIAG_PRINC",downloaded
SIH/SUS RD,ftp://ftp.datasus.gov.br/dissemin/publicos/SIHSUS/200801_/Dados/RDGO2308.dbc,2026-08-23,/Users/brenoherculano/Desktop/Brazil Mental Health Spatial Inequality Project/phase2_analysis/data_raw/sih_2023/RDGO2308.dbc,2782045,72b781b427896d2b1c203af2632c6295e158e479601f408873e75b49960aeada,2023-08,"MUNIC_RES, DIAG_PRINC",downloaded
SIH/SUS RD,ftp://ftp.datasus.gov.br/dissemin/publicos/SIHSUS/200801_/Dados/RDGO2309.dbc,2026-08-23,/Users/brenoherculano/Desktop/Brazil Mental Health Spatial Inequality Project/phase2_analysis/data_raw/sih_2023/RDGO2309.dbc,2665011,a5ba5e673318c1bf9b8d56d06b7748465eb160184c45dce6773ebb903d6ca398,2023-09,"MUNIC_RES, DIAG_PRINC",downloaded
SIH/SUS RD,ftp://ftp.datasus.gov.br/dissemin/publicos/SIHSUS/200801_/Dados/RDGO2310.dbc,2026-08-23,/Users/brenoherculano/Desktop/Brazil Mental Health Spatial Inequality Project/phase2_analysis/data_raw/sih_2023/RDGO2310.dbc,2567692,284f91f99a0debf5dfb59aa5c7049c28308625ba2c33e1e41cebf7fef8097fa8,2023-10,"MUNIC_RES, DIAG_PRINC",downloaded
SIH/SUS RD,ftp://ftp.datasus.gov.br/dissemin/publicos/SIHSUS/200801_/Dados/RDGO2311.dbc,2026-08-23,/Users/brenoherculano/Desktop/Brazil Mental Health Spatial Inequality Project/phase2_analysis/data_raw/sih_2023/RDGO2311.dbc,2505680,b4ef4a5ee2830f37f836eb3b3f485b8a4e5211999373b0e547626ee9924fc479,2023-11,"MUNIC_RES, DIAG_PRINC",downloaded
SIH/SUS RD,ftp://ftp.datasus.gov.br/dissemin/publicos/SIHSUS/200801_/Dados/RDGO2312.dbc,2026-08-23,/Users/brenoherculano/Desktop/Brazil Mental Health Spatial Inequality Project/phase2_analysis/data_raw/sih_2023/RDGO2312.dbc,2615211,61fbb71a6054620b648690d52070acdc9e9805b842c057b41905ccc1501b008b,2023-12,"MUNIC_RES, DIAG_PRINC",downloaded
SIH/SUS RD,ftp://ftp.datasus.gov.br/dissemin/publicos/SIHSUS/200801_/Dados/RDMA2301.dbc,2026-08-23,/Users/brenoherculano/Desktop/Brazil Mental Health Spatial Inequality Project/phase2_analysis/data_raw/sih_2023/RDMA2301.dbc,2734418,ae7c43f07eeb60ab860e39ab848a5c46dbd99fcb31632d6823bc12c5438be030,2023-01,"MUNIC_RES, DIAG_PRINC",downloaded
SIH/SUS RD,ftp://ftp.datasus.gov.br/dissemin/publicos/SIHSUS/200801_/Dados/RDMA2302.dbc,2026-08-23,/Users/brenoherculano/Desktop/Brazil Mental Health Spatial Inequality Project/phase2_analysis/data_raw/sih_2023/RDMA2302.dbc,2565075,48c2ab9289e861032826d12a4d61f6b5e5159b9859893e457a5a7709907b6fcc,2023-02,"MUNIC_RES, DIAG_PRINC",downloaded
SIH/SUS RD,ftp://ftp.datasus.gov.br/dissemin/publicos/SIHSUS/200801_/Dados/RDMA2303.dbc,2026-08-23,/Users/brenoherculano/Desktop/Brazil Mental Health Spatial Inequality Project/phase2_analysis/data_raw/sih_2023/RDMA2303.dbc,2718307,63ca46be80768ab287772cb52d396ab007be809c5f4a587df490c78177aa6366,2023-03,"MUNIC_RES, DIAG_PRINC",downloaded
SIH/SUS RD,ftp://ftp.datasus.gov.br/dissemin/publicos/SIHSUS/200801_/Dados/RDMA2304.dbc,2026-08-23,/Users/brenoherculano/Desktop/Brazil Mental Health Spatial Inequality Project/phase2_analysis/data_raw/sih_2023/RDMA2304.dbc,2530862,ad7a77db814bc093af1169355eba8ebeb9fedd28a6ca0b5d1114f89b38c0046b,2023-04,"MUNIC_RES, DIAG_PRINC",downloaded
SIH/SUS RD,ftp://ftp.datasus.gov.br/dissemin/publicos/SIHSUS/200801_/Dados/RDMA2305.dbc,2026-08-23,/Users/brenoherculano/Desktop/Brazil Mental Health Spatial Inequality Project/phase2_analysis/data_raw/sih_2023/RDMA2305.dbc,2691938,7244ab9cd127153572b9acca4d29e9ef2fde43713c95a1a984c879a4584eaf3d,2023-05,"MUNIC_RES, DIAG_PRINC",downloaded
SIH/SUS RD,ftp://ftp.datasus.gov.br/dissemin/publicos/SIHSUS/200801_/Dados/RDMA2306.dbc,2026-08-23,/Users/brenoherculano/Desktop/Brazil Mental Health Spatial Inequality Project/phase2_analysis/data_raw/sih_2023/RDMA2306.dbc,2678965,4a751391817fb3a4b6047f16a425474d72fc025b481714c2ac069f21d7eee9d2,2023-06,"MUNIC_RES, DIAG_PRINC",downloaded
SIH/SUS RD,ftp://ftp.datasus.gov.br/dissemin/publicos/SIHSUS/200801_/Dados/RDMA2307.dbc,2026-08-23,/Users/brenoherculano/Desktop/Brazil Mental Health Spatial Inequality Project/phase2_analysis/data_raw/sih_2023/RDMA2307.dbc,2797921,f42a6bd5b2f9cf34e4b03573b7cce94a5fd984b31736f13f7861fa4ab1062fe4,2023-07,"MUNIC_RES, DIAG_PRINC",downloaded
SIH/SUS RD,ftp://ftp.datasus.gov.br/dissemin/publicos/SIHSUS/200801_/Dados/RDMA2308.dbc,2026-08-23,/Users/brenoherculano/Desktop/Brazil Mental Health Spatial Inequality Project/phase2_analysis/data_raw/sih_2023/RDMA2308.dbc,2717609,4eb7cb1295eef3f2bcf1df0140c9a2c534a094eaed6b693253a916938d653b23,2023-08,"MUNIC_RES, DIAG_PRINC",downloaded
SIH/SUS RD,ftp://ftp.datasus.gov.br/dissemin/publicos/SIHSUS/200801_/Dados/RDMA2309.dbc,2026-08-23,/Users/brenoherculano/Desktop/Brazil Mental Health Spatial Inequality Project/phase2_analysis/data_raw/sih_2023/RDMA2309.dbc,2702827,eaf8d351ce72ab67bdb2d90e720f959df3a63990f877395e92059e81477999d7,2023-09,"MUNIC_RES, DIAG_PRINC",downloaded
SIH/SUS RD,ftp://ftp.datasus.gov.br/dissemin/publicos/SIHSUS/200801_/Dados/RDMA2310.dbc,2026-08-23,/Users/brenoherculano/Desktop/Brazil Mental Health Spatial Inequality Project/phase2_analysis/data_raw/sih_2023/RDMA2310.dbc,2687305,04e84294faa146a414e6eda1ac3eea4209e4147b1480b5a4450721f83c773e87,2023-10,"MUNIC_RES, DIAG_PRINC",downloaded
SIH/SUS RD,ftp://ftp.datasus.gov.br/dissemin/publicos/SIHSUS/200801_/Dados/RDMA2311.dbc,2026-08-23,/Users/brenoherculano/Desktop/Brazil Mental Health Spatial Inequality Project/phase2_analysis/data_raw/sih_2023/RDMA2311.dbc,2786535,b4d95ce7df31b66e3352111a7f751ec9c6c570cec251019cd478a743ccabc0ca,2023-11,"MUNIC_RES, DIAG_PRINC",downloaded
SIH/SUS RD,ftp://ftp.datasus.gov.br/dissemin/publicos/SIHSUS/200801_/Dados/RDMA2312.dbc,2026-08-23,/Users/brenoherculano/Desktop/Brazil Mental Health Spatial Inequality Project/phase2_analysis/data_raw/sih_2023/RDMA2312.dbc,2663231,442d0f23c597712b529f746c5d3282ab402c9f87756131ad94ab1c1a7b63bfcb,2023-12,"MUNIC_RES, DIAG_PRINC",downloaded
SIH/SUS RD,ftp://ftp.datasus.gov.br/dissemin/publicos/SIHSUS/200801_/Dados/RDMG2301.dbc,2026-08-23,/Users/brenoherculano/Desktop/Brazil Mental Health Spatial Inequality Project/phase2_analysis/data_raw/sih_2023/RDMG2301.dbc,8737930,584a609cd41cba26ae2a4477781216d797f8aa7c3dc15e0c2d6c5110b2ea6f89,2023-01,"MUNIC_RES, DIAG_PRINC",downloaded
SIH/SUS RD,ftp://ftp.datasus.gov.br/dissemin/publicos/SIHSUS/200801_/Dados/RDMG2302.dbc,2026-08-23,/Users/brenoherculano/Desktop/Brazil Mental Health Spatial Inequality Project/phase2_analysis/data_raw/sih_2023/RDMG2302.dbc,8360392,995557e802930829fde0d3b8cfbdc60cb07581eee3abe2222f9ef79257d8d40a,2023-02,"MUNIC_RES, DIAG_PRINC",downloaded
SIH/SUS RD,ftp://ftp.datasus.gov.br/dissemin/publicos/SIHSUS/200801_/Dados/RDMG2303.dbc,2026-08-23,/Users/brenoherculano/Desktop/Brazil Mental Health Spatial Inequality Project/phase2_analysis/data_raw/sih_2023/RDMG2303.dbc,9560368,9e51e902112c7aa1d8d5a844ad7eba4c5c2f6a2d97abc7a27b92866724b6bdac,2023-03,"MUNIC_RES, DIAG_PRINC",downloaded
SIH/SUS RD,ftp://ftp.datasus.gov.br/dissemin/publicos/SIHSUS/200801_/Dados/RDMG2304.dbc,2026-08-23,/Users/brenoherculano/Desktop/Brazil Mental Health Spatial Inequality Project/phase2_analysis/data_raw/sih_2023/RDMG2304.dbc,8998043,aa96717aeb5d840b7c64373dbfedae35cf69fb14329f46980d58f2bf2bea5e71,2023-04,"MUNIC_RES, DIAG_PRINC",downloaded
SIH/SUS RD,ftp://ftp.datasus.gov.br/dissemin/publicos/SIHSUS/200801_/Dados/RDMG2305.dbc,2026-08-23,/Users/brenoherculano/Desktop/Brazil Mental Health Spatial Inequality Project/phase2_analysis/data_raw/sih_2023/RDMG2305.dbc,9449164,aef3a27ef7eadf8138dea44612fda9d4fe2cf51740d0009a545ee97e787771a1,2023-05,"MUNIC_RES, DIAG_PRINC",downloaded
SIH/SUS RD,ftp://ftp.datasus.gov.br/dissemin/publicos/SIHSUS/200801_/Dados/RDMG2306.dbc,2026-08-23,/Users/brenoherculano/Desktop/Brazil Mental Health Spatial Inequality Project/phase2_analysis/data_raw/sih_2023/RDMG2306.dbc,9533409,015d38ef492938d2114197b366201df8b9388b814bdc57871d25e029688de0b5,2023-06,"MUNIC_RES, DIAG_PRINC",downloaded
SIH/SUS RD,ftp://ftp.datasus.gov.br/dissemin/publicos/SIHSUS/200801_/Dados/RDMG2307.dbc,2026-08-23,/Users/brenoherculano/Desktop/Brazil Mental Health Spatial Inequality Project/phase2_analysis/data_raw/sih_2023/RDMG2307.dbc,9504627,dc750e61d7d707a49cf59824e911afff4fd2414d81521786a8eb11a62367b9ab,2023-07,"MUNIC_RES, DIAG_PRINC",downloaded
SIH/SUS RD,ftp://ftp.datasus.gov.br/dissemin/publicos/SIHSUS/200801_/Dados/RDMG2308.dbc,2026-08-23,/Users/brenoherculano/Desktop/Brazil Mental Health Spatial Inequality Project/phase2_analysis/data_raw/sih_2023/RDMG2308.dbc,9784769,3aae40b1a384bb43d8b459f168ddf933ea9d1331f0d91c05035421bfbb61cd5b,2023-08,"MUNIC_RES, DIAG_PRINC",downloaded
SIH/SUS RD,ftp://ftp.datasus.gov.br/dissemin/publicos/SIHSUS/200801_/Dados/RDMG2309.dbc,2026-08-23,/Users/brenoherculano/Desktop/Brazil Mental Health Spatial Inequality Project/phase2_analysis/data_raw/sih_2023/RDMG2309.dbc,9502247,7cbaeaa8c3e98a9386bb3dc5608c1c02236e49b751cb549a5b189c869a4ad4cc,2023-09,"MUNIC_RES, DIAG_PRINC",downloaded
SIH/SUS RD,ftp://ftp.datasus.gov.br/dissemin/publicos/SIHSUS/200801_/Dados/RDMG2310.dbc,2026-08-23,/Users/brenoherculano/Desktop/Brazil Mental Health Spatial Inequality Project/phase2_analysis/data_raw/sih_2023/RDMG2310.dbc,9388217,d3202ab286de7ae666a4adee81436bdccd6e06c8697a721b8157b38cdfae61e3,2023-10,"MUNIC_RES, DIAG_PRINC",downloaded
SIH/SUS RD,ftp://ftp.datasus.gov.br/dissemin/publicos/SIHSUS/200801_/Dados/RDMG2311.dbc,2026-08-23,/Users/brenoherculano/Desktop/Brazil Mental Health Spatial Inequality Project/phase2_analysis/data_raw/sih_2023/RDMG2311.dbc,9496431,b96a38f0ebbc7640bfa9f5f2c37360495219f0b735cf391610b7e772d00f983c,2023-11,"MUNIC_RES, DIAG_PRINC",downloaded
SIH/SUS RD,ftp://ftp.datasus.gov.br/dissemin/publicos/SIHSUS/200801_/Dados/RDMG2312.dbc,2026-08-23,/Users/brenoherculano/Desktop/Brazil Mental Health Spatial Inequality Project/phase2_analysis/data_raw/sih_2023/RDMG2312.dbc,9290603,998f67f357b18c79d2df4092126b078ca50deb2832b4c6c75718afc33c1c7712,2023-12,"MUNIC_RES, DIAG_PRINC",downloaded
SIH/SUS RD,ftp://ftp.datasus.gov.br/dissemin/publicos/SIHSUS/200801_/Dados/RDMS2301.dbc,2026-08-23,/Users/brenoherculano/Desktop/Brazil Mental Health Spatial Inequality Project/phase2_analysis/data_raw/sih_2023/RDMS2301.dbc,1238544,4533c99ef91bb08e0512de19bbbde7d9ba15c9e630bb980674427137fdb357a8,2023-01,"MUNIC_RES, DIAG_PRINC",downloaded
SIH/SUS RD,ftp://ftp.datasus.gov.br/dissemin/publicos/SIHSUS/200801_/Dados/RDMS2302.dbc,2026-08-23,/Users/brenoherculano/Desktop/Brazil Mental Health Spatial Inequality Project/phase2_analysis/data_raw/sih_2023/RDMS2302.dbc,1248274,b69bc262e72fc261de61df4ec5241880142885b4f36666175fef480503424002,2023-02,"MUNIC_RES, DIAG_PRINC",downloaded
SIH/SUS RD,ftp://ftp.datasus.gov.br/dissemin/publicos/SIHSUS/200801_/Dados/RDMS2303.dbc,2026-08-23,/Users/brenoherculano/Desktop/Brazil Mental Health Spatial Inequality Project/phase2_analysis/data_raw/sih_2023/RDMS2303.dbc,1375115,3c6478a715be44c03e0a3165368ed7393431a48ea85d66c9f11873bcd6a05183,2023-03,"MUNIC_RES, DIAG_PRINC",downloaded
SIH/SUS RD,ftp://ftp.datasus.gov.br/dissemin/publicos/SIHSUS/200801_/Dados/RDMS2304.dbc,2026-08-23,/Users/brenoherculano/Desktop/Brazil Mental Health Spatial Inequality Project/phase2_analysis/data_raw/sih_2023/RDMS2304.dbc,1395191,c8027eb2d687a6910c3c279e40943b21cdbfd33fbe9562db928dde28f50bcf4f,2023-04,"MUNIC_RES, DIAG_PRINC",downloaded
SIH/SUS RD,ftp://ftp.datasus.gov.br/dissemin/publicos/SIHSUS/200801_/Dados/RDMS2305.dbc,2026-08-23,/Users/brenoherculano/Desktop/Brazil Mental Health Spatial Inequality Project/phase2_analysis/data_raw/sih_2023/RDMS2305.dbc,1334333,1d0215f1ecb834ceccc4c3e3b4622877c139b7eb5575df5e6224da77b004011a,2023-05,"MUNIC_RES, DIAG_PRINC",downloaded
SIH/SUS RD,ftp://ftp.datasus.gov.br/dissemin/publicos/SIHSUS/200801_/Dados/RDMS2306.dbc,2026-08-23,/Users/brenoherculano/Desktop/Brazil Mental Health Spatial Inequality Project/phase2_analysis/data_raw/sih_2023/RDMS2306.dbc,1320350,f5345317aa53b1af4141f57466344c8169fb1f832579636fadfbdd92645b666d,2023-06,"MUNIC_RES, DIAG_PRINC",downloaded
SIH/SUS RD,ftp://ftp.datasus.gov.br/dissemin/publicos/SIHSUS/200801_/Dados/RDMS2307.dbc,2026-08-23,/Users/brenoherculano/Desktop/Brazil Mental Health Spatial Inequality Project/phase2_analysis/data_raw/sih_2023/RDMS2307.dbc,1309911,7b001da830046cc18b820dba3dd18870f8b47275ba74dad29064e5d49e4e0bea,2023-07,"MUNIC_RES, DIAG_PRINC",downloaded
SIH/SUS RD,ftp://ftp.datasus.gov.br/dissemin/publicos/SIHSUS/200801_/Dados/RDMS2308.dbc,2026-08-23,/Users/brenoherculano/Desktop/Brazil Mental Health Spatial Inequality Project/phase2_analysis/data_raw/sih_2023/RDMS2308.dbc,1373771,77baceecd05a7aacb5254cb9ff9cb9c584b8c7a59c3e4072c334e3fe52fe5b38,2023-08,"MUNIC_RES, DIAG_PRINC",downloaded
SIH/SUS RD,ftp://ftp.datasus.gov.br/dissemin/publicos/SIHSUS/200801_/Dados/RDMS2309.dbc,2026-08-23,/Users/brenoherculano/Desktop/Brazil Mental Health Spatial Inequality Project/phase2_analysis/data_raw/sih_2023/RDMS2309.dbc,1365467,9d0a99cb63d532bbeba5f1709a077938faca75d34d7c567fe3c885f41f426615,2023-09,"MUNIC_RES, DIAG_PRINC",downloaded
SIH/SUS RD,ftp://ftp.datasus.gov.br/dissemin/publicos/SIHSUS/200801_/Dados/RDMS2310.dbc,2026-08-23,/Users/brenoherculano/Desktop/Brazil Mental Health Spatial Inequality Project/phase2_analysis/data_raw/sih_2023/RDMS2310.dbc,1317494,9868c396433fa2ff6a240715e1ca32a72105a87ee266349431aab4a2f0954e62,2023-10,"MUNIC_RES, DIAG_PRINC",downloaded
SIH/SUS RD,ftp://ftp.datasus.gov.br/dissemin/publicos/SIHSUS/200801_/Dados/RDMS2311.dbc,2026-08-23,/Users/brenoherculano/Desktop/Brazil Mental Health Spatial Inequality Project/phase2_analysis/data_raw/sih_2023/RDMS2311.dbc,1337876,75ec1a6d7e50916e0907c2cd654cb6a3de3303010006c6ee45d9e0dbe20dcecd,2023-11,"MUNIC_RES, DIAG_PRINC",downloaded
SIH/SUS RD,ftp://ftp.datasus.gov.br/dissemin/publicos/SIHSUS/200801_/Dados/RDMS2312.dbc,2026-08-23,/Users/brenoherculano/Desktop/Brazil Mental Health Spatial Inequality Project/phase2_analysis/data_raw/sih_2023/RDMS2312.dbc,1329116,a3d96b0c6e78b18cd9464a862d895ffb5ca1eb658f3aa25511be02b7f6a30f8c,2023-12,"MUNIC_RES, DIAG_PRINC",downloaded
SIH/SUS RD,ftp://ftp.datasus.gov.br/dissemin/publicos/SIHSUS/200801_/Dados/RDMT2301.dbc,2026-08-23,/Users/brenoherculano/Desktop/Brazil Mental Health Spatial Inequality Project/phase2_analysis/data_raw/sih_2023/RDMT2301.dbc,1227375,9b52a9901dfba21db9836d50c1f92081f1a730e83edfb0e79dcb1c5a7862d400,2023-01,"MUNIC_RES, DIAG_PRINC",downloaded
SIH/SUS RD,ftp://ftp.datasus.gov.br/dissemin/publicos/SIHSUS/200801_/Dados/RDMT2302.dbc,2026-08-23,/Users/brenoherculano/Desktop/Brazil Mental Health Spatial Inequality Project/phase2_analysis/data_raw/sih_2023/RDMT2302.dbc,1283032,94a77a4a286339e92cca41f4c3009edaa08d6a0dd88b20c6a77e185c11c3e466,2023-02,"MUNIC_RES, DIAG_PRINC",downloaded
SIH/SUS RD,ftp://ftp.datasus.gov.br/dissemin/publicos/SIHSUS/200801_/Dados/RDMT2303.dbc,2026-08-23,/Users/brenoherculano/Desktop/Brazil Mental Health Spatial Inequality Project/phase2_analysis/data_raw/sih_2023/RDMT2303.dbc,1421222,a25d5c96a43921185d492d4a9bb90cd5f9aeb9606ea5f27a0a916d319aff6aac,2023-03,"MUNIC_RES, DIAG_PRINC",downloaded
SIH/SUS RD,ftp://ftp.datasus.gov.br/dissemin/publicos/SIHSUS/200801_/Dados/RDMT2304.dbc,2026-08-23,/Users/brenoherculano/Desktop/Brazil Mental Health Spatial Inequality Project/phase2_analysis/data_raw/sih_2023/RDMT2304.dbc,1366395,8c5a135051639899e9057a7bacf8abd210c4e49131cf35a8f11871c577a2d72c,2023-04,"MUNIC_RES, DIAG_PRINC",downloaded
SIH/SUS RD,ftp://ftp.datasus.gov.br/dissemin/publicos/SIHSUS/200801_/Dados/RDMT2305.dbc,2026-08-23,/Users/brenoherculano/Desktop/Brazil Mental Health Spatial Inequality Project/phase2_analysis/data_raw/sih_2023/RDMT2305.dbc,1468608,76e1c0cb6054bf5b9f0453f2eb4654b1203b947a19d2480810195f45b64b8982,2023-05,"MUNIC_RES, DIAG_PRINC",downloaded
SIH/SUS RD,ftp://ftp.datasus.gov.br/dissemin/publicos/SIHSUS/200801_/Dados/RDMT2306.dbc,2026-08-23,/Users/brenoherculano/Desktop/Brazil Mental Health Spatial Inequality Project/phase2_analysis/data_raw/sih_2023/RDMT2306.dbc,1519377,6da414db824a9abe6bd88aa2cd5250e3c6bfb7a78cb90a41e51074873d0143ae,2023-06,"MUNIC_RES, DIAG_PRINC",downloaded
SIH/SUS RD,ftp://ftp.datasus.gov.br/dissemin/publicos/SIHSUS/200801_/Dados/RDMT2307.dbc,2026-08-23,/Users/brenoherculano/Desktop/Brazil Mental Health Spatial Inequality Project/phase2_analysis/data_raw/sih_2023/RDMT2307.dbc,1455347,09279abc8cb3449427e5c64c222e5830cda0590007f2a838636d484804f6770a,2023-07,"MUNIC_RES, DIAG_PRINC",downloaded
SIH/SUS RD,ftp://ftp.datasus.gov.br/dissemin/publicos/SIHSUS/200801_/Dados/RDMT2308.dbc,2026-08-23,/Users/brenoherculano/Desktop/Brazil Mental Health Spatial Inequality Project/phase2_analysis/data_raw/sih_2023/RDMT2308.dbc,1436986,f7295c3f3d694d11f419a7e8e19de1ef6a747d0bd9cf8e30559d8d7db2921628,2023-08,"MUNIC_RES, DIAG_PRINC",downloaded
SIH/SUS RD,ftp://ftp.datasus.gov.br/dissemin/publicos/SIHSUS/200801_/Dados/RDMT2309.dbc,2026-08-23,/Users/brenoherculano/Desktop/Brazil Mental Health Spatial Inequality Project/phase2_analysis/data_raw/sih_2023/RDMT2309.dbc,1422932,17bb7b4817d7e6b2603e8ed32532ffc95f26025b6c69167ed4cc6093356ddc28,2023-09,"MUNIC_RES, DIAG_PRINC",downloaded
SIH/SUS RD,ftp://ftp.datasus.gov.br/dissemin/publicos/SIHSUS/200801_/Dados/RDMT2310.dbc,2026-08-23,/Users/brenoherculano/Desktop/Brazil Mental Health Spatial Inequality Project/phase2_analysis/data_raw/sih_2023/RDMT2310.dbc,1395431,35f38d123943e9f2aa397ff370277886156d3e2666b87e82c6ced4295080866f,2023-10,"MUNIC_RES, DIAG_PRINC",downloaded
SIH/SUS RD,ftp://ftp.datasus.gov.br/dissemin/publicos/SIHSUS/200801_/Dados/RDMT2311.dbc,2026-08-23,/Users/brenoherculano/Desktop/Brazil Mental Health Spatial Inequality Project/phase2_analysis/data_raw/sih_2023/RDMT2311.dbc,1371707,3051986753f8cc9ed395f04c7169f6924dc9da282ae893d8b065691950d73ed3,2023-11,"MUNIC_RES, DIAG_PRINC",downloaded
SIH/SUS RD,ftp://ftp.datasus.gov.br/dissemin/publicos/SIHSUS/200801_/Dados/RDMT2312.dbc,2026-08-23,/Users/brenoherculano/Desktop/Brazil Mental Health Spatial Inequality Project/phase2_analysis/data_raw/sih_2023/RDMT2312.dbc,1311025,009f38d61bb2c0ba929a85cc15e984cd8730571ae15a6bf5117b172095a9cb30,2023-12,"MUNIC_RES, DIAG_PRINC",downloaded
SIH/SUS RD,ftp://ftp.datasus.gov.br/dissemin/publicos/SIHSUS/200801_/Dados/RDPA2301.dbc,2026-08-23,/Users/brenoherculano/Desktop/Brazil Mental Health Spatial Inequality Project/phase2_analysis/data_raw/sih_2023/RDPA2301.dbc,2922949,cae739a44b4c147a9ac76c9bf879518da77a24c29d22d7b91fb576713b49747e,2023-01,"MUNIC_RES, DIAG_PRINC",downloaded
SIH/SUS RD,ftp://ftp.datasus.gov.br/dissemin/publicos/SIHSUS/200801_/Dados/RDPA2302.dbc,2026-08-23,/Users/brenoherculano/Desktop/Brazil Mental Health Spatial Inequality Project/phase2_analysis/data_raw/sih_2023/RDPA2302.dbc,2885812,de02f0e022c53a90f82185c42522d6ef8939ac9b0c5065e09736db89c2d00185,2023-02,"MUNIC_RES, DIAG_PRINC",downloaded
SIH/SUS RD,ftp://ftp.datasus.gov.br/dissemin/publicos/SIHSUS/200801_/Dados/RDPA2303.dbc,2026-08-23,/Users/brenoherculano/Desktop/Brazil Mental Health Spatial Inequality Project/phase2_analysis/data_raw/sih_2023/RDPA2303.dbc,2977387,6377c4759c535c1aa68319ce44a7ac488f04eff4f0bf7de433dfd439885017b6,2023-03,"MUNIC_RES, DIAG_PRINC",downloaded
SIH/SUS RD,ftp://ftp.datasus.gov.br/dissemin/publicos/SIHSUS/200801_/Dados/RDPA2304.dbc,2026-08-23,/Users/brenoherculano/Desktop/Brazil Mental Health Spatial Inequality Project/phase2_analysis/data_raw/sih_2023/RDPA2304.dbc,2986121,9011f1fb2693a45541e2daf5d036aaf49874478700fdcc501cd3fbf4d9461e9a,2023-04,"MUNIC_RES, DIAG_PRINC",downloaded
SIH/SUS RD,ftp://ftp.datasus.gov.br/dissemin/publicos/SIHSUS/200801_/Dados/RDPA2305.dbc,2026-08-23,/Users/brenoherculano/Desktop/Brazil Mental Health Spatial Inequality Project/phase2_analysis/data_raw/sih_2023/RDPA2305.dbc,2983404,2f867ed737340b0f046f7c2519e4dbc129d53d3075212130c69f7bc7d0ad9e19,2023-05,"MUNIC_RES, DIAG_PRINC",downloaded
SIH/SUS RD,ftp://ftp.datasus.gov.br/dissemin/publicos/SIHSUS/200801_/Dados/RDPA2306.dbc,2026-08-23,/Users/brenoherculano/Desktop/Brazil Mental Health Spatial Inequality Project/phase2_analysis/data_raw/sih_2023/RDPA2306.dbc,2920625,24524d44f9b6096f2197aa823f59f6380913d6b5f14837b0bf2d948e28114898,2023-06,"MUNIC_RES, DIAG_PRINC",downloaded
SIH/SUS RD,ftp://ftp.datasus.gov.br/dissemin/publicos/SIHSUS/200801_/Dados/RDPA2307.dbc,2026-08-23,/Users/brenoherculano/Desktop/Brazil Mental Health Spatial Inequality Project/phase2_analysis/data_raw/sih_2023/RDPA2307.dbc,3115865,83f013236da70077017dc7096e5c63606befe5515f07746aca5d07943c44c292,2023-07,"MUNIC_RES, DIAG_PRINC",downloaded
SIH/SUS RD,ftp://ftp.datasus.gov.br/dissemin/publicos/SIHSUS/200801_/Dados/RDPA2308.dbc,2026-08-23,/Users/brenoherculano/Desktop/Brazil Mental Health Spatial Inequality Project/phase2_analysis/data_raw/sih_2023/RDPA2308.dbc,3102737,ed82e7396f17da690ec0fb291eeaca30bac70b6dedc84030fb92b6c90e0cdfbe,2023-08,"MUNIC_RES, DIAG_PRINC",downloaded
SIH/SUS RD,ftp://ftp.datasus.gov.br/dissemin/publicos/SIHSUS/200801_/Dados/RDPA2309.dbc,2026-08-23,/Users/brenoherculano/Desktop/Brazil Mental Health Spatial Inequality Project/phase2_analysis/data_raw/sih_2023/RDPA2309.dbc,3076342,d778c9721305dda511535ae04ca27d22e83236945503bffa542d1dd413f56569,2023-09,"MUNIC_RES, DIAG_PRINC",downloaded
SIH/SUS RD,ftp://ftp.datasus.gov.br/dissemin/publicos/SIHSUS/200801_/Dados/RDPA2310.dbc,2026-08-23,/Users/brenoherculano/Desktop/Brazil Mental Health Spatial Inequality Project/phase2_analysis/data_raw/sih_2023/RDPA2310.dbc,3018415,8bce5ceb387d65a780d0b9207bf841052e8668228551ca8e3f646ea82ebe43aa,2023-10,"MUNIC_RES, DIAG_PRINC",downloaded
SIH/SUS RD,ftp://ftp.datasus.gov.br/dissemin/publicos/SIHSUS/200801_/Dados/RDPA2311.dbc,2026-08-23,/Users/brenoherculano/Desktop/Brazil Mental Health Spatial Inequality Project/phase2_analysis/data_raw/sih_2023/RDPA2311.dbc,3000404,350d26317e69f3c9407b3888a14411618c016d8f7ae4b633e043323d110a541e,2023-11,"MUNIC_RES, DIAG_PRINC",downloaded
SIH/SUS RD,ftp://ftp.datasus.gov.br/dissemin/publicos/SIHSUS/200801_/Dados/RDPA2312.dbc,2026-08-23,/Users/brenoherculano/Desktop/Brazil Mental Health Spatial Inequality Project/phase2_analysis/data_raw/sih_2023/RDPA2312.dbc,3006701,0433a1c6d4ea4bc45b115d4d2d25ddffe946481f883305504935ac504bd57018,2023-12,"MUNIC_RES, DIAG_PRINC",downloaded
SIH/SUS RD,ftp://ftp.datasus.gov.br/dissemin/publicos/SIHSUS/200801_/Dados/RDPB2301.dbc,2026-08-23,/Users/brenoherculano/Desktop/Brazil Mental Health Spatial Inequality Project/phase2_analysis/data_raw/sih_2023/RDPB2301.dbc,1231418,620afe45c5a567119cfb6f0e1d1563d13976a0d6577c1d192744b2f07655905d,2023-01,"MUNIC_RES, DIAG_PRINC",downloaded
SIH/SUS RD,ftp://ftp.datasus.gov.br/dissemin/publicos/SIHSUS/200801_/Dados/RDPB2302.dbc,2026-08-23,/Users/brenoherculano/Desktop/Brazil Mental Health Spatial Inequality Project/phase2_analysis/data_raw/sih_2023/RDPB2302.dbc,1324851,b810b5e7d8952ced4138e31297b4477bd86ece3feaa1d50281dec83e680ce71b,2023-02,"MUNIC_RES, DIAG_PRINC",downloaded
SIH/SUS RD,ftp://ftp.datasus.gov.br/dissemin/publicos/SIHSUS/200801_/Dados/RDPB2303.dbc,2026-08-23,/Users/brenoherculano/Desktop/Brazil Mental Health Spatial Inequality Project/phase2_analysis/data_raw/sih_2023/RDPB2303.dbc,1415999,869dd36e9da23d814133ef0b04581dc1977a76f00aacf36a40aa628e42e9133d,2023-03,"MUNIC_RES, DIAG_PRINC",downloaded
SIH/SUS RD,ftp://ftp.datasus.gov.br/dissemin/publicos/SIHSUS/200801_/Dados/RDPB2304.dbc,2026-08-23,/Users/brenoherculano/Desktop/Brazil Mental Health Spatial Inequality Project/phase2_analysis/data_raw/sih_2023/RDPB2304.dbc,1402972,79183d015c3180dd3cc0230ccee7181dbf1cc55cbf210b7af5d4052412ff2502,2023-04,"MUNIC_RES, DIAG_PRINC",downloaded
SIH/SUS RD,ftp://ftp.datasus.gov.br/dissemin/publicos/SIHSUS/200801_/Dados/RDPB2305.dbc,2026-08-23,/Users/brenoherculano/Desktop/Brazil Mental Health Spatial Inequality Project/phase2_analysis/data_raw/sih_2023/RDPB2305.dbc,1431911,9a66fd94b9a16c8f4f1547a07f6655a56372051c6cba475730d6d792df1667d0,2023-05,"MUNIC_RES, DIAG_PRINC",downloaded
SIH/SUS RD,ftp://ftp.datasus.gov.br/dissemin/publicos/SIHSUS/200801_/Dados/RDPB2306.dbc,2026-08-23,/Users/brenoherculano/Desktop/Brazil Mental Health Spatial Inequality Project/phase2_analysis/data_raw/sih_2023/RDPB2306.dbc,1329708,000c5466db59df524694f9a5728142a23181c9fb715ac14eccb9993e59f68165,2023-06,"MUNIC_RES, DIAG_PRINC",downloaded
SIH/SUS RD,ftp://ftp.datasus.gov.br/dissemin/publicos/SIHSUS/200801_/Dados/RDPB2307.dbc,2026-08-23,/Users/brenoherculano/Desktop/Brazil Mental Health Spatial Inequality Project/phase2_analysis/data_raw/sih_2023/RDPB2307.dbc,1492371,cbc243423537f1c2dde90f361cac05406f05a706a1005348d1831a1d279ea1c1,2023-07,"MUNIC_RES, DIAG_PRINC",downloaded
SIH/SUS RD,ftp://ftp.datasus.gov.br/dissemin/publicos/SIHSUS/200801_/Dados/RDPB2308.dbc,2026-08-23,/Users/brenoherculano/Desktop/Brazil Mental Health Spatial Inequality Project/phase2_analysis/data_raw/sih_2023/RDPB2308.dbc,1510284,2fc95b1c1d5ea6dbb357ef2bdf5b7702b5720bdebbd736b83962e3267004c3bc,2023-08,"MUNIC_RES, DIAG_PRINC",downloaded
SIH/SUS RD,ftp://ftp.datasus.gov.br/dissemin/publicos/SIHSUS/200801_/Dados/RDPB2309.dbc,2026-08-23,/Users/brenoherculano/Desktop/Brazil Mental Health Spatial Inequality Project/phase2_analysis/data_raw/sih_2023/RDPB2309.dbc,1475776,b4e6ad81f66c1bc6eab6c98af03f0758fc74d5e7a58bd1851d862688a81f92b9,2023-09,"MUNIC_RES, DIAG_PRINC",downloaded
SIH/SUS RD,ftp://ftp.datasus.gov.br/dissemin/publicos/SIHSUS/200801_/Dados/RDPB2310.dbc,2026-08-23,/Users/brenoherculano/Desktop/Brazil Mental Health Spatial Inequality Project/phase2_analysis/data_raw/sih_2023/RDPB2310.dbc,1463370,52797f47e691e75a1ccc1b95b165da3433cc1938ff8e3c89a67a2ffd8087ec9a,2023-10,"MUNIC_RES, DIAG_PRINC",downloaded
SIH/SUS RD,ftp://ftp.datasus.gov.br/dissemin/publicos/SIHSUS/200801_/Dados/RDPB2311.dbc,2026-08-23,/Users/brenoherculano/Desktop/Brazil Mental Health Spatial Inequality Project/phase2_analysis/data_raw/sih_2023/RDPB2311.dbc,1424297,7b6fde6160c8e8a1a38b2832e9f3f18b7e32be9b09dac6091e89a34d4d955669,2023-11,"MUNIC_RES, DIAG_PRINC",downloaded
SIH/SUS RD,ftp://ftp.datasus.gov.br/dissemin/publicos/SIHSUS/200801_/Dados/RDPB2312.dbc,2026-08-23,/Users/brenoherculano/Desktop/Brazil Mental Health Spatial Inequality Project/phase2_analysis/data_raw/sih_2023/RDPB2312.dbc,1395303,79d09e28b2ef148cd3d7a944e820e110f2d916817cf1431d0b8738da333e1f46,2023-12,"MUNIC_RES, DIAG_PRINC",downloaded
SIH/SUS RD,ftp://ftp.datasus.gov.br/dissemin/publicos/SIHSUS/200801_/Dados/RDPE2301.dbc,2026-08-23,/Users/brenoherculano/Desktop/Brazil Mental Health Spatial Inequality Project/phase2_analysis/data_raw/sih_2023/RDPE2301.dbc,3588169,1d365ba76a1a3e0130629d99cf3705e638d6e4ba899d0e55212c0ac82b93ecb7,2023-01,"MUNIC_RES, DIAG_PRINC",downloaded
SIH/SUS RD,ftp://ftp.datasus.gov.br/dissemin/publicos/SIHSUS/200801_/Dados/RDPE2302.dbc,2026-08-23,/Users/brenoherculano/Desktop/Brazil Mental Health Spatial Inequality Project/phase2_analysis/data_raw/sih_2023/RDPE2302.dbc,3390762,eb33e242eb91fca1c2eec4a6b8b469cca9ec6db8e3b5342c4666be815cb79254,2023-02,"MUNIC_RES, DIAG_PRINC",downloaded
SIH/SUS RD,ftp://ftp.datasus.gov.br/dissemin/publicos/SIHSUS/200801_/Dados/RDPE2303.dbc,2026-08-23,/Users/brenoherculano/Desktop/Brazil Mental Health Spatial Inequality Project/phase2_analysis/data_raw/sih_2023/RDPE2303.dbc,3894238,439dd7f0c950f37ebc74d181613fc2926c411038861389e6d21dc10c8e999cf4,2023-03,"MUNIC_RES, DIAG_PRINC",downloaded
SIH/SUS RD,ftp://ftp.datasus.gov.br/dissemin/publicos/SIHSUS/200801_/Dados/RDPE2304.dbc,2026-08-23,/Users/brenoherculano/Desktop/Brazil Mental Health Spatial Inequality Project/phase2_analysis/data_raw/sih_2023/RDPE2304.dbc,3566588,3fe2a6c8e8b64db72935f3074351f3bf27386810bb6b4718b025a76ee85f5c70,2023-04,"MUNIC_RES, DIAG_PRINC",downloaded
SIH/SUS RD,ftp://ftp.datasus.gov.br/dissemin/publicos/SIHSUS/200801_/Dados/RDPE2305.dbc,2026-08-23,/Users/brenoherculano/Desktop/Brazil Mental Health Spatial Inequality Project/phase2_analysis/data_raw/sih_2023/RDPE2305.dbc,3869814,1978c042a3f58775db3f468ae528daf4bf453c58cc0f795e5c598305eeead99a,2023-05,"MUNIC_RES, DIAG_PRINC",downloaded
SIH/SUS RD,ftp://ftp.datasus.gov.br/dissemin/publicos/SIHSUS/200801_/Dados/RDPE2306.dbc,2026-08-23,/Users/brenoherculano/Desktop/Brazil Mental Health Spatial Inequality Project/phase2_analysis/data_raw/sih_2023/RDPE2306.dbc,3771229,d0bec290d587a29575d1a0947a923270dee9af7e26b4555965d1edb614a4cf50,2023-06,"MUNIC_RES, DIAG_PRINC",downloaded
SIH/SUS RD,ftp://ftp.datasus.gov.br/dissemin/publicos/SIHSUS/200801_/Dados/RDPE2307.dbc,2026-08-23,/Users/brenoherculano/Desktop/Brazil Mental Health Spatial Inequality Project/phase2_analysis/data_raw/sih_2023/RDPE2307.dbc,3902763,1d4f03ee9a102eb9ff000ba1d52c777cc441a7455dae1880bf14c81bf84d2d7b,2023-07,"MUNIC_RES, DIAG_PRINC",downloaded
SIH/SUS RD,ftp://ftp.datasus.gov.br/dissemin/publicos/SIHSUS/200801_/Dados/RDPE2308.dbc,2026-08-23,/Users/brenoherculano/Desktop/Brazil Mental Health Spatial Inequality Project/phase2_analysis/data_raw/sih_2023/RDPE2308.dbc,4077690,85bb219697017cafc4badd0f3efcd65acb69f33d92e20a4feef62f00cce278c2,2023-08,"MUNIC_RES, DIAG_PRINC",downloaded
SIH/SUS RD,ftp://ftp.datasus.gov.br/dissemin/publicos/SIHSUS/200801_/Dados/RDPE2309.dbc,2026-08-23,/Users/brenoherculano/Desktop/Brazil Mental Health Spatial Inequality Project/phase2_analysis/data_raw/sih_2023/RDPE2309.dbc,3633581,bffd12ad450fd594f4e79d4e989f286b2184fec4bb07d0cc9d8de4a24f013de5,2023-09,"MUNIC_RES, DIAG_PRINC",downloaded
SIH/SUS RD,ftp://ftp.datasus.gov.br/dissemin/publicos/SIHSUS/200801_/Dados/RDPE2310.dbc,2026-08-23,/Users/brenoherculano/Desktop/Brazil Mental Health Spatial Inequality Project/phase2_analysis/data_raw/sih_2023/RDPE2310.dbc,4081050,b0c753519daf06875814dc9a9c46e952bec41cbf4bee78f331081a07d37fc0e1,2023-10,"MUNIC_RES, DIAG_PRINC",downloaded
SIH/SUS RD,ftp://ftp.datasus.gov.br/dissemin/publicos/SIHSUS/200801_/Dados/RDPE2311.dbc,2026-08-23,/Users/brenoherculano/Desktop/Brazil Mental Health Spatial Inequality Project/phase2_analysis/data_raw/sih_2023/RDPE2311.dbc,3790854,67210bc3ecf536ae70ecb4ecc7fa29346cadaa388f573d066c7726b07c08fb34,2023-11,"MUNIC_RES, DIAG_PRINC",downloaded
SIH/SUS RD,ftp://ftp.datasus.gov.br/dissemin/publicos/SIHSUS/200801_/Dados/RDPE2312.dbc,2026-08-23,/Users/brenoherculano/Desktop/Brazil Mental Health Spatial Inequality Project/phase2_analysis/data_raw/sih_2023/RDPE2312.dbc,3801975,c4bebc43118a3958f1c12094bd3147c597ad1b716e7e4c1a92dc7f478dbd9c38,2023-12,"MUNIC_RES, DIAG_PRINC",downloaded
SIH/SUS RD,ftp://ftp.datasus.gov.br/dissemin/publicos/SIHSUS/200801_/Dados/RDPI2301.dbc,2026-08-23,/Users/brenoherculano/Desktop/Brazil Mental Health Spatial Inequality Project/phase2_analysis/data_raw/sih_2023/RDPI2301.dbc,1294948,60878c851b07bdf91232d04261bf4875421ab6574780877508325e54e5471ab3,2023-01,"MUNIC_RES, DIAG_PRINC",downloaded
SIH/SUS RD,ftp://ftp.datasus.gov.br/dissemin/publicos/SIHSUS/200801_/Dados/RDPI2302.dbc,2026-08-23,/Users/brenoherculano/Desktop/Brazil Mental Health Spatial Inequality Project/phase2_analysis/data_raw/sih_2023/RDPI2302.dbc,1263098,eda1a887c2ffe098f5cf9e025d1d446f3c5eaabc512ee365dcdc2540fdb37329,2023-02,"MUNIC_RES, DIAG_PRINC",downloaded
SIH/SUS RD,ftp://ftp.datasus.gov.br/dissemin/publicos/SIHSUS/200801_/Dados/RDPI2303.dbc,2026-08-23,/Users/brenoherculano/Desktop/Brazil Mental Health Spatial Inequality Project/phase2_analysis/data_raw/sih_2023/RDPI2303.dbc,1396145,ee7228a1157510da23627867d8fe7ed692a27fc021c190d3c944ce9dcc34fcac,2023-03,"MUNIC_RES, DIAG_PRINC",downloaded
SIH/SUS RD,ftp://ftp.datasus.gov.br/dissemin/publicos/SIHSUS/200801_/Dados/RDPI2304.dbc,2026-08-23,/Users/brenoherculano/Desktop/Brazil Mental Health Spatial Inequality Project/phase2_analysis/data_raw/sih_2023/RDPI2304.dbc,1309148,eb089e78e16df5b392041badbf7659bcd7882be020f847ad700ca5ac9d479994,2023-04,"MUNIC_RES, DIAG_PRINC",downloaded
SIH/SUS RD,ftp://ftp.datasus.gov.br/dissemin/publicos/SIHSUS/200801_/Dados/RDPI2305.dbc,2026-08-23,/Users/brenoherculano/Desktop/Brazil Mental Health Spatial Inequality Project/phase2_analysis/data_raw/sih_2023/RDPI2305.dbc,1404754,c81425dbc4cf1d0b25902e31dd96bd3c43f4d12c7fb12b6f0b316da03e2da713,2023-05,"MUNIC_RES, DIAG_PRINC",downloaded
SIH/SUS RD,ftp://ftp.datasus.gov.br/dissemin/publicos/SIHSUS/200801_/Dados/RDPI2306.dbc,2026-08-23,/Users/brenoherculano/Desktop/Brazil Mental Health Spatial Inequality Project/phase2_analysis/data_raw/sih_2023/RDPI2306.dbc,1428352,523c85af107a3ceefb4bf8e61dec7e74a27ff7a894e69a4370b83f9c9bc25ec2,2023-06,"MUNIC_RES, DIAG_PRINC",downloaded
SIH/SUS RD,ftp://ftp.datasus.gov.br/dissemin/publicos/SIHSUS/200801_/Dados/RDPI2307.dbc,2026-08-23,/Users/brenoherculano/Desktop/Brazil Mental Health Spatial Inequality Project/phase2_analysis/data_raw/sih_2023/RDPI2307.dbc,1384380,cb50b04097283fcf3dfd17d29a040b01d8880c6698ee0e5c48b9d907db1e7bf4,2023-07,"MUNIC_RES, DIAG_PRINC",downloaded
SIH/SUS RD,ftp://ftp.datasus.gov.br/dissemin/publicos/SIHSUS/200801_/Dados/RDPI2308.dbc,2026-08-23,/Users/brenoherculano/Desktop/Brazil Mental Health Spatial Inequality Project/phase2_analysis/data_raw/sih_2023/RDPI2308.dbc,1398651,793381148fc9e7e34d9478c535e614f3477e767372a1dad1165385d742e0ef7d,2023-08,"MUNIC_RES, DIAG_PRINC",downloaded
SIH/SUS RD,ftp://ftp.datasus.gov.br/dissemin/publicos/SIHSUS/200801_/Dados/RDPI2309.dbc,2026-08-23,/Users/brenoherculano/Desktop/Brazil Mental Health Spatial Inequality Project/phase2_analysis/data_raw/sih_2023/RDPI2309.dbc,1455378,8c616467a3fff013d13eb7ecf7a1415614ca20d1a35eba76497adedf876409b3,2023-09,"MUNIC_RES, DIAG_PRINC",downloaded
SIH/SUS RD,ftp://ftp.datasus.gov.br/dissemin/publicos/SIHSUS/200801_/Dados/RDPI2310.dbc,2026-08-23,/Users/brenoherculano/Desktop/Brazil Mental Health Spatial Inequality Project/phase2_analysis/data_raw/sih_2023/RDPI2310.dbc,1395041,65691741335bbd0de10274f19de3f5387a9b88a4241b9f01aadd8a5839c0594d,2023-10,"MUNIC_RES, DIAG_PRINC",downloaded
SIH/SUS RD,ftp://ftp.datasus.gov.br/dissemin/publicos/SIHSUS/200801_/Dados/RDPI2311.dbc,2026-08-23,/Users/brenoherculano/Desktop/Brazil Mental Health Spatial Inequality Project/phase2_analysis/data_raw/sih_2023/RDPI2311.dbc,1375925,c1429703cd525b1d5deaa011a74238f379173eb99ec3210136c434f41093298f,2023-11,"MUNIC_RES, DIAG_PRINC",downloaded
SIH/SUS RD,ftp://ftp.datasus.gov.br/dissemin/publicos/SIHSUS/200801_/Dados/RDPI2312.dbc,2026-08-23,/Users/brenoherculano/Desktop/Brazil Mental Health Spatial Inequality Project/phase2_analysis/data_raw/sih_2023/RDPI2312.dbc,1317836,dd58bdf6e81c3f5c379c0170bc2399b91e59807ec4d8a1f7a0cfd999141fe2a9,2023-12,"MUNIC_RES, DIAG_PRINC",downloaded
SIH/SUS RD,ftp://ftp.datasus.gov.br/dissemin/publicos/SIHSUS/200801_/Dados/RDPR2301.dbc,2026-08-23,/Users/brenoherculano/Desktop/Brazil Mental Health Spatial Inequality Project/phase2_analysis/data_raw/sih_2023/RDPR2301.dbc,5685620,14fc4e286b27bad369b92a12e2643c99f9b7ae674bc349cedf729ab6c8cf7505,2023-01,"MUNIC_RES, DIAG_PRINC",downloaded
SIH/SUS RD,ftp://ftp.datasus.gov.br/dissemin/publicos/SIHSUS/200801_/Dados/RDPR2302.dbc,2026-08-23,/Users/brenoherculano/Desktop/Brazil Mental Health Spatial Inequality Project/phase2_analysis/data_raw/sih_2023/RDPR2302.dbc,5679112,3bb4555e68661621aab8d56eae1587f3aba3dfa38f1eb9e5a8db4b653a497129,2023-02,"MUNIC_RES, DIAG_PRINC",downloaded
SIH/SUS RD,ftp://ftp.datasus.gov.br/dissemin/publicos/SIHSUS/200801_/Dados/RDPR2303.dbc,2026-08-23,/Users/brenoherculano/Desktop/Brazil Mental Health Spatial Inequality Project/phase2_analysis/data_raw/sih_2023/RDPR2303.dbc,5976209,49c951affa81c9f73730e394728473dfd02b5eebe8908cfa91fbd9b25322ac5c,2023-03,"MUNIC_RES, DIAG_PRINC",downloaded
SIH/SUS RD,ftp://ftp.datasus.gov.br/dissemin/publicos/SIHSUS/200801_/Dados/RDPR2304.dbc,2026-08-23,/Users/brenoherculano/Desktop/Brazil Mental Health Spatial Inequality Project/phase2_analysis/data_raw/sih_2023/RDPR2304.dbc,5813613,0b05989844a32fe25e860df366c07566be2f2f18846aaa7962e1d21b7ddefc17,2023-04,"MUNIC_RES, DIAG_PRINC",downloaded
SIH/SUS RD,ftp://ftp.datasus.gov.br/dissemin/publicos/SIHSUS/200801_/Dados/RDPR2305.dbc,2026-08-23,/Users/brenoherculano/Desktop/Brazil Mental Health Spatial Inequality Project/phase2_analysis/data_raw/sih_2023/RDPR2305.dbc,6036289,90c87c77b32a5a1a092da00bee4d508637529c9ef7d01f8fbcb1f922b79bb777,2023-05,"MUNIC_RES, DIAG_PRINC",downloaded
SIH/SUS RD,ftp://ftp.datasus.gov.br/dissemin/publicos/SIHSUS/200801_/Dados/RDPR2306.dbc,2026-08-23,/Users/brenoherculano/Desktop/Brazil Mental Health Spatial Inequality Project/phase2_analysis/data_raw/sih_2023/RDPR2306.dbc,5962724,cdbe8568e693904fa91ee53174e0c7b5cc1c8f142d8201d91ce1849bbeb0585d,2023-06,"MUNIC_RES, DIAG_PRINC",downloaded
SIH/SUS RD,ftp://ftp.datasus.gov.br/dissemin/publicos/SIHSUS/200801_/Dados/RDPR2307.dbc,2026-08-23,/Users/brenoherculano/Desktop/Brazil Mental Health Spatial Inequality Project/phase2_analysis/data_raw/sih_2023/RDPR2307.dbc,6005398,5bf6b90987641b15c8c1662104e3a57a4cb782f10a48c1eff1851a04a66321d3,2023-07,"MUNIC_RES, DIAG_PRINC",downloaded
SIH/SUS RD,ftp://ftp.datasus.gov.br/dissemin/publicos/SIHSUS/200801_/Dados/RDPR2308.dbc,2026-08-23,/Users/brenoherculano/Desktop/Brazil Mental Health Spatial Inequality Project/phase2_analysis/data_raw/sih_2023/RDPR2308.dbc,6385130,642f4ce687b5a6db382eec4a1517dffac9add14f88a8481dcbd0f9f8540b723f,2023-08,"MUNIC_RES, DIAG_PRINC",downloaded
SIH/SUS RD,ftp://ftp.datasus.gov.br/dissemin/publicos/SIHSUS/200801_/Dados/RDPR2309.dbc,2026-08-23,/Users/brenoherculano/Desktop/Brazil Mental Health Spatial Inequality Project/phase2_analysis/data_raw/sih_2023/RDPR2309.dbc,6199267,bc8343f83e97f0963fa5efea1114ba0425869474df3673ffc66fef4eefc6a55a,2023-09,"MUNIC_RES, DIAG_PRINC",downloaded
SIH/SUS RD,ftp://ftp.datasus.gov.br/dissemin/publicos/SIHSUS/200801_/Dados/RDPR2310.dbc,2026-08-23,/Users/brenoherculano/Desktop/Brazil Mental Health Spatial Inequality Project/phase2_analysis/data_raw/sih_2023/RDPR2310.dbc,6111212,7fb306ffb243b54462add8dd58e73c4df0ce4e8fd130bf95290d15b4cf69f9cb,2023-10,"MUNIC_RES, DIAG_PRINC",downloaded
SIH/SUS RD,ftp://ftp.datasus.gov.br/dissemin/publicos/SIHSUS/200801_/Dados/RDPR2311.dbc,2026-08-23,/Users/brenoherculano/Desktop/Brazil Mental Health Spatial Inequality Project/phase2_analysis/data_raw/sih_2023/RDPR2311.dbc,6062344,a8ab02762bf441809e135208a3c541d9bad175f03bbfa29f686248d79cba4dcc,2023-11,"MUNIC_RES, DIAG_PRINC",downloaded
SIH/SUS RD,ftp://ftp.datasus.gov.br/dissemin/publicos/SIHSUS/200801_/Dados/RDPR2312.dbc,2026-08-23,/Users/brenoherculano/Desktop/Brazil Mental Health Spatial Inequality Project/phase2_analysis/data_raw/sih_2023/RDPR2312.dbc,5975075,4c6f22f90688b6139f01e203bf74d345904508f391a95c97e7a2221759a47a3f,2023-12,"MUNIC_RES, DIAG_PRINC",downloaded
SIH/SUS RD,ftp://ftp.datasus.gov.br/dissemin/publicos/SIHSUS/200801_/Dados/RDRJ2301.dbc,2026-08-23,/Users/brenoherculano/Desktop/Brazil Mental Health Spatial Inequality Project/phase2_analysis/data_raw/sih_2023/RDRJ2301.dbc,5140333,4f09b24ef0db4c33754606da789fb9ab20eb155177e77c22fb5e119a79f014db,2023-01,"MUNIC_RES, DIAG_PRINC",downloaded
SIH/SUS RD,ftp://ftp.datasus.gov.br/dissemin/publicos/SIHSUS/200801_/Dados/RDRJ2302.dbc,2026-08-23,/Users/brenoherculano/Desktop/Brazil Mental Health Spatial Inequality Project/phase2_analysis/data_raw/sih_2023/RDRJ2302.dbc,4907664,bf48956bf36b14295dab9129a2f948b57d5d6bf4e6cd0f38ea279bc151d22e17,2023-02,"MUNIC_RES, DIAG_PRINC",downloaded
SIH/SUS RD,ftp://ftp.datasus.gov.br/dissemin/publicos/SIHSUS/200801_/Dados/RDRJ2303.dbc,2026-08-23,/Users/brenoherculano/Desktop/Brazil Mental Health Spatial Inequality Project/phase2_analysis/data_raw/sih_2023/RDRJ2303.dbc,5669759,351c00988bab3972221df9bca2de64f8ee87718259bdef3afe983f1ab4d20604,2023-03,"MUNIC_RES, DIAG_PRINC",downloaded
SIH/SUS RD,ftp://ftp.datasus.gov.br/dissemin/publicos/SIHSUS/200801_/Dados/RDRJ2304.dbc,2026-08-23,/Users/brenoherculano/Desktop/Brazil Mental Health Spatial Inequality Project/phase2_analysis/data_raw/sih_2023/RDRJ2304.dbc,5330196,df0a956a50948cdbb72e95f14ad68338aad5a834f2b7dcd4edd16d61bbd2fbc4,2023-04,"MUNIC_RES, DIAG_PRINC",downloaded
SIH/SUS RD,ftp://ftp.datasus.gov.br/dissemin/publicos/SIHSUS/200801_/Dados/RDRJ2305.dbc,2026-08-23,/Users/brenoherculano/Desktop/Brazil Mental Health Spatial Inequality Project/phase2_analysis/data_raw/sih_2023/RDRJ2305.dbc,5945519,4d8a23f4b65ebf2d2e2f3fe098ba7b9c4caa7e85b2b92ebd9d7e08516ea9dae9,2023-05,"MUNIC_RES, DIAG_PRINC",downloaded
SIH/SUS RD,ftp://ftp.datasus.gov.br/dissemin/publicos/SIHSUS/200801_/Dados/RDRJ2306.dbc,2026-08-23,/Users/brenoherculano/Desktop/Brazil Mental Health Spatial Inequality Project/phase2_analysis/data_raw/sih_2023/RDRJ2306.dbc,5800355,9d276a19f0ba899bbc4cf877168a6d26fb8971c96d8dede05c08c73ce7d869a1,2023-06,"MUNIC_RES, DIAG_PRINC",downloaded
SIH/SUS RD,ftp://ftp.datasus.gov.br/dissemin/publicos/SIHSUS/200801_/Dados/RDRJ2307.dbc,2026-08-23,/Users/brenoherculano/Desktop/Brazil Mental Health Spatial Inequality Project/phase2_analysis/data_raw/sih_2023/RDRJ2307.dbc,5807459,7857f1a5423d03a343cd69d58aeb445ea1e4cbd9e6cc0934bc314279612bd539,2023-07,"MUNIC_RES, DIAG_PRINC",downloaded
SIH/SUS RD,ftp://ftp.datasus.gov.br/dissemin/publicos/SIHSUS/200801_/Dados/RDRJ2308.dbc,2026-08-23,/Users/brenoherculano/Desktop/Brazil Mental Health Spatial Inequality Project/phase2_analysis/data_raw/sih_2023/RDRJ2308.dbc,5958122,d5702f0b22f4093c2ec430fd716e98d02543aeda09e7614f6154ba459b9b99f8,2023-08,"MUNIC_RES, DIAG_PRINC",downloaded
SIH/SUS RD,ftp://ftp.datasus.gov.br/dissemin/publicos/SIHSUS/200801_/Dados/RDRJ2309.dbc,2026-08-23,/Users/brenoherculano/Desktop/Brazil Mental Health Spatial Inequality Project/phase2_analysis/data_raw/sih_2023/RDRJ2309.dbc,5891812,ea9cf4a5ace2173b1dca6a882b81e4cddb23db3a54f2d5901420ea0eda4f448a,2023-09,"MUNIC_RES, DIAG_PRINC",downloaded
SIH/SUS RD,ftp://ftp.datasus.gov.br/dissemin/publicos/SIHSUS/200801_/Dados/RDRJ2310.dbc,2026-08-23,/Users/brenoherculano/Desktop/Brazil Mental Health Spatial Inequality Project/phase2_analysis/data_raw/sih_2023/RDRJ2310.dbc,6069329,baabff9f146dcbba95a7f8249611850782a423bcf6cf0b4840c12be61abfd1cc,2023-10,"MUNIC_RES, DIAG_PRINC",downloaded
SIH/SUS RD,ftp://ftp.datasus.gov.br/dissemin/publicos/SIHSUS/200801_/Dados/RDRJ2311.dbc,2026-08-23,/Users/brenoherculano/Desktop/Brazil Mental Health Spatial Inequality Project/phase2_analysis/data_raw/sih_2023/RDRJ2311.dbc,5808232,b51d29bd2e4a399bd39c07cf212d68864c475fc7b6c42e18402742a1ed5e6e47,2023-11,"MUNIC_RES, DIAG_PRINC",downloaded
SIH/SUS RD,ftp://ftp.datasus.gov.br/dissemin/publicos/SIHSUS/200801_/Dados/RDRJ2312.dbc,2026-08-23,/Users/brenoherculano/Desktop/Brazil Mental Health Spatial Inequality Project/phase2_analysis/data_raw/sih_2023/RDRJ2312.dbc,5784433,587efe1064a4cdb1fb513f9a902bca3b4be006a3e2c7c42a7c775a8913baf00d,2023-12,"MUNIC_RES, DIAG_PRINC",downloaded
SIH/SUS RD,ftp://ftp.datasus.gov.br/dissemin/publicos/SIHSUS/200801_/Dados/RDRN2301.dbc,2026-08-23,/Users/brenoherculano/Desktop/Brazil Mental Health Spatial Inequality Project/phase2_analysis/data_raw/sih_2023/RDRN2301.dbc,1142054,ab841c37ef04d51233d852329b85ba26106b994952a5e95cd262397329710c15,2023-01,"MUNIC_RES, DIAG_PRINC",downloaded
SIH/SUS RD,ftp://ftp.datasus.gov.br/dissemin/publicos/SIHSUS/200801_/Dados/RDRN2302.dbc,2026-08-23,/Users/brenoherculano/Desktop/Brazil Mental Health Spatial Inequality Project/phase2_analysis/data_raw/sih_2023/RDRN2302.dbc,1059624,0c4820f9a3d7a716dc1042c9205d3fda761ac649d87bf9f928d444a65405e8b6,2023-02,"MUNIC_RES, DIAG_PRINC",downloaded
SIH/SUS RD,ftp://ftp.datasus.gov.br/dissemin/publicos/SIHSUS/200801_/Dados/RDRN2303.dbc,2026-08-23,/Users/brenoherculano/Desktop/Brazil Mental Health Spatial Inequality Project/phase2_analysis/data_raw/sih_2023/RDRN2303.dbc,1230834,a16451fc6e1f26731f67bc977f23adc2dc6d0eaab102af558b879d3d9bfb0858,2023-03,"MUNIC_RES, DIAG_PRINC",downloaded
SIH/SUS RD,ftp://ftp.datasus.gov.br/dissemin/publicos/SIHSUS/200801_/Dados/RDRN2304.dbc,2026-08-23,/Users/brenoherculano/Desktop/Brazil Mental Health Spatial Inequality Project/phase2_analysis/data_raw/sih_2023/RDRN2304.dbc,1191694,6e168beaef4325b683856df32e52828b5a3cd35bee1a1e5022c82cc37d623f64,2023-04,"MUNIC_RES, DIAG_PRINC",downloaded
SIH/SUS RD,ftp://ftp.datasus.gov.br/dissemin/publicos/SIHSUS/200801_/Dados/RDRN2305.dbc,2026-08-23,/Users/brenoherculano/Desktop/Brazil Mental Health Spatial Inequality Project/phase2_analysis/data_raw/sih_2023/RDRN2305.dbc,1262822,1c6c061cfd04aca796df6fa356460eee48de1118b22fe666a3977885de1486ab,2023-05,"MUNIC_RES, DIAG_PRINC",downloaded
SIH/SUS RD,ftp://ftp.datasus.gov.br/dissemin/publicos/SIHSUS/200801_/Dados/RDRN2306.dbc,2026-08-23,/Users/brenoherculano/Desktop/Brazil Mental Health Spatial Inequality Project/phase2_analysis/data_raw/sih_2023/RDRN2306.dbc,1359909,3fec41e5a32a306551747abbf46530ddab6a46ee216bbca003d02162ade0912d,2023-06,"MUNIC_RES, DIAG_PRINC",downloaded
SIH/SUS RD,ftp://ftp.datasus.gov.br/dissemin/publicos/SIHSUS/200801_/Dados/RDRN2307.dbc,2026-08-23,/Users/brenoherculano/Desktop/Brazil Mental Health Spatial Inequality Project/phase2_analysis/data_raw/sih_2023/RDRN2307.dbc,1299680,9963e26d64ff573e1010ca810c29bffb69929f08376eacb3fa2772d30c84b912,2023-07,"MUNIC_RES, DIAG_PRINC",downloaded
SIH/SUS RD,ftp://ftp.datasus.gov.br/dissemin/publicos/SIHSUS/200801_/Dados/RDRN2308.dbc,2026-08-23,/Users/brenoherculano/Desktop/Brazil Mental Health Spatial Inequality Project/phase2_analysis/data_raw/sih_2023/RDRN2308.dbc,1346514,084c22b7708513d3addb44c6b9ef2b3c4136485918db6511844c27d3a588b060,2023-08,"MUNIC_RES, DIAG_PRINC",downloaded
SIH/SUS RD,ftp://ftp.datasus.gov.br/dissemin/publicos/SIHSUS/200801_/Dados/RDRN2309.dbc,2026-08-23,/Users/brenoherculano/Desktop/Brazil Mental Health Spatial Inequality Project/phase2_analysis/data_raw/sih_2023/RDRN2309.dbc,1321810,1771108847c930850c559f0790f59f6ae6ea185fd563618318bf679b1096497b,2023-09,"MUNIC_RES, DIAG_PRINC",downloaded
SIH/SUS RD,ftp://ftp.datasus.gov.br/dissemin/publicos/SIHSUS/200801_/Dados/RDRN2310.dbc,2026-08-23,/Users/brenoherculano/Desktop/Brazil Mental Health Spatial Inequality Project/phase2_analysis/data_raw/sih_2023/RDRN2310.dbc,1352441,fb916092489772ab414ceeba43efb8355cdced69ee24bc0750a8fddec2547fac,2023-10,"MUNIC_RES, DIAG_PRINC",downloaded
SIH/SUS RD,ftp://ftp.datasus.gov.br/dissemin/publicos/SIHSUS/200801_/Dados/RDRN2311.dbc,2026-08-23,/Users/brenoherculano/Desktop/Brazil Mental Health Spatial Inequality Project/phase2_analysis/data_raw/sih_2023/RDRN2311.dbc,1208810,68cf66a326b89f8ff9f0cf2a03f4081d0275d696fdd7f4e02865c6848a87a165,2023-11,"MUNIC_RES, DIAG_PRINC",downloaded
SIH/SUS RD,ftp://ftp.datasus.gov.br/dissemin/publicos/SIHSUS/200801_/Dados/RDRN2312.dbc,2026-08-23,/Users/brenoherculano/Desktop/Brazil Mental Health Spatial Inequality Project/phase2_analysis/data_raw/sih_2023/RDRN2312.dbc,1277338,a649fc5f741ea2b86deccb0cfba0f89eb4a26cef6ae169305ecd35506e8f1d98,2023-12,"MUNIC_RES, DIAG_PRINC",downloaded
SIH/SUS RD,ftp://ftp.datasus.gov.br/dissemin/publicos/SIHSUS/200801_/Dados/RDRO2301.dbc,2026-08-23,/Users/brenoherculano/Desktop/Brazil Mental Health Spatial Inequality Project/phase2_analysis/data_raw/sih_2023/RDRO2301.dbc,672872,60c779d0bbcace9f83cd6fc27fa10294e0e920e5c523fa0b0f72c9342127e0ad,2023-01,"MUNIC_RES, DIAG_PRINC",downloaded
SIH/SUS RD,ftp://ftp.datasus.gov.br/dissemin/publicos/SIHSUS/200801_/Dados/RDRO2302.dbc,2026-08-23,/Users/brenoherculano/Desktop/Brazil Mental Health Spatial Inequality Project/phase2_analysis/data_raw/sih_2023/RDRO2302.dbc,653142,bef56ed4a0c232c3fc6c3a4c379165c0ca025b9cc9e1cc944a7d0aab11a31a54,2023-02,"MUNIC_RES, DIAG_PRINC",downloaded
SIH/SUS RD,ftp://ftp.datasus.gov.br/dissemin/publicos/SIHSUS/200801_/Dados/RDRO2303.dbc,2026-08-23,/Users/brenoherculano/Desktop/Brazil Mental Health Spatial Inequality Project/phase2_analysis/data_raw/sih_2023/RDRO2303.dbc,762418,3fca0b140f0705a6a9d430520712bd498dcc15a312f7507a168a7e2ca65ab763,2023-03,"MUNIC_RES, DIAG_PRINC",downloaded
SIH/SUS RD,ftp://ftp.datasus.gov.br/dissemin/publicos/SIHSUS/200801_/Dados/RDRO2304.dbc,2026-08-23,/Users/brenoherculano/Desktop/Brazil Mental Health Spatial Inequality Project/phase2_analysis/data_raw/sih_2023/RDRO2304.dbc,754378,ad4697799c569878c97506ffac7ee4d5f8c995e85b048e99c55d7ea2eda38ac2,2023-04,"MUNIC_RES, DIAG_PRINC",downloaded
SIH/SUS RD,ftp://ftp.datasus.gov.br/dissemin/publicos/SIHSUS/200801_/Dados/RDRO2305.dbc,2026-08-23,/Users/brenoherculano/Desktop/Brazil Mental Health Spatial Inequality Project/phase2_analysis/data_raw/sih_2023/RDRO2305.dbc,835582,bdea4c2c379573dca5d661542a847041a62e3b55c9f903732cd7e5240b062ed5,2023-05,"MUNIC_RES, DIAG_PRINC",downloaded
SIH/SUS RD,ftp://ftp.datasus.gov.br/dissemin/publicos/SIHSUS/200801_/Dados/RDRO2306.dbc,2026-08-23,/Users/brenoherculano/Desktop/Brazil Mental Health Spatial Inequality Project/phase2_analysis/data_raw/sih_2023/RDRO2306.dbc,756839,4f90a70ac20f43dd8eac92cd8fdf2a22d9f80a93f3f6475637c79c8de2814d5f,2023-06,"MUNIC_RES, DIAG_PRINC",downloaded
SIH/SUS RD,ftp://ftp.datasus.gov.br/dissemin/publicos/SIHSUS/200801_/Dados/RDRO2307.dbc,2026-08-23,/Users/brenoherculano/Desktop/Brazil Mental Health Spatial Inequality Project/phase2_analysis/data_raw/sih_2023/RDRO2307.dbc,797662,3df271375e7c09481a1c697f03b5092fb8943ff09a96d401b4b1880bbe0d2e4d,2023-07,"MUNIC_RES, DIAG_PRINC",downloaded
SIH/SUS RD,ftp://ftp.datasus.gov.br/dissemin/publicos/SIHSUS/200801_/Dados/RDRO2308.dbc,2026-08-23,/Users/brenoherculano/Desktop/Brazil Mental Health Spatial Inequality Project/phase2_analysis/data_raw/sih_2023/RDRO2308.dbc,801531,1b949a95db8086d5132f94ad7a47044d883ab798fa238e0a1cfb8c1ba91709a9,2023-08,"MUNIC_RES, DIAG_PRINC",downloaded
SIH/SUS RD,ftp://ftp.datasus.gov.br/dissemin/publicos/SIHSUS/200801_/Dados/RDRO2309.dbc,2026-08-23,/Users/brenoherculano/Desktop/Brazil Mental Health Spatial Inequality Project/phase2_analysis/data_raw/sih_2023/RDRO2309.dbc,783541,d1d3b728c929e6d87a542e353c2633bbb71b38c047e29b803ff7332b2ced523b,2023-09,"MUNIC_RES, DIAG_PRINC",downloaded
SIH/SUS RD,ftp://ftp.datasus.gov.br/dissemin/publicos/SIHSUS/200801_/Dados/RDRO2310.dbc,2026-08-23,/Users/brenoherculano/Desktop/Brazil Mental Health Spatial Inequality Project/phase2_analysis/data_raw/sih_2023/RDRO2310.dbc,764723,2e0be570a0d5195de179917e253031cf1b9c59861be2a5f960eb93f56fddb650,2023-10,"MUNIC_RES, DIAG_PRINC",downloaded
SIH/SUS RD,ftp://ftp.datasus.gov.br/dissemin/publicos/SIHSUS/200801_/Dados/RDRO2311.dbc,2026-08-23,/Users/brenoherculano/Desktop/Brazil Mental Health Spatial Inequality Project/phase2_analysis/data_raw/sih_2023/RDRO2311.dbc,796193,5f5b1ba2349dbd7c458680d00c1ade77d51afc147873599d1e5266e05cf94018,2023-11,"MUNIC_RES, DIAG_PRINC",downloaded
SIH/SUS RD,ftp://ftp.datasus.gov.br/dissemin/publicos/SIHSUS/200801_/Dados/RDRO2312.dbc,2026-08-23,/Users/brenoherculano/Desktop/Brazil Mental Health Spatial Inequality Project/phase2_analysis/data_raw/sih_2023/RDRO2312.dbc,657604,c76b1899b686cee00f67b64e8c3f4f4781abeead5a55dd543390ed45280c35f9,2023-12,"MUNIC_RES, DIAG_PRINC",downloaded
SIH/SUS RD,ftp://ftp.datasus.gov.br/dissemin/publicos/SIHSUS/200801_/Dados/RDRR2301.dbc,2026-08-23,/Users/brenoherculano/Desktop/Brazil Mental Health Spatial Inequality Project/phase2_analysis/data_raw/sih_2023/RDRR2301.dbc,349244,e9f717ff378477a883d19f733efe8409aee7f7795a027584b9f383364264d8e4,2023-01,"MUNIC_RES, DIAG_PRINC",downloaded
SIH/SUS RD,ftp://ftp.datasus.gov.br/dissemin/publicos/SIHSUS/200801_/Dados/RDRR2302.dbc,2026-08-23,/Users/brenoherculano/Desktop/Brazil Mental Health Spatial Inequality Project/phase2_analysis/data_raw/sih_2023/RDRR2302.dbc,297649,2a5ef1d64ab304643d78ba017bfcf2743045ca59b409878f5e2bbb151bfa50e2,2023-02,"MUNIC_RES, DIAG_PRINC",downloaded
SIH/SUS RD,ftp://ftp.datasus.gov.br/dissemin/publicos/SIHSUS/200801_/Dados/RDRR2303.dbc,2026-08-23,/Users/brenoherculano/Desktop/Brazil Mental Health Spatial Inequality Project/phase2_analysis/data_raw/sih_2023/RDRR2303.dbc,338974,867568bf115de612649900cb0768171d6aae11ea5721a1ff6dd6625d6cfb49c6,2023-03,"MUNIC_RES, DIAG_PRINC",downloaded
SIH/SUS RD,ftp://ftp.datasus.gov.br/dissemin/publicos/SIHSUS/200801_/Dados/RDRR2304.dbc,2026-08-23,/Users/brenoherculano/Desktop/Brazil Mental Health Spatial Inequality Project/phase2_analysis/data_raw/sih_2023/RDRR2304.dbc,334342,9630ae623f67ae1b048ed7a5a8b4611b45fdf2cb363bb3f1511662b33cff08a5,2023-04,"MUNIC_RES, DIAG_PRINC",downloaded
SIH/SUS RD,ftp://ftp.datasus.gov.br/dissemin/publicos/SIHSUS/200801_/Dados/RDRR2305.dbc,2026-08-23,/Users/brenoherculano/Desktop/Brazil Mental Health Spatial Inequality Project/phase2_analysis/data_raw/sih_2023/RDRR2305.dbc,295832,070095ba8dfb7eae48fd32151827ebd1ac1a08880d248ee9f11135f524f86432,2023-05,"MUNIC_RES, DIAG_PRINC",downloaded
SIH/SUS RD,ftp://ftp.datasus.gov.br/dissemin/publicos/SIHSUS/200801_/Dados/RDRR2306.dbc,2026-08-23,/Users/brenoherculano/Desktop/Brazil Mental Health Spatial Inequality Project/phase2_analysis/data_raw/sih_2023/RDRR2306.dbc,292318,276950c6e444be8c7dbd4db0bb4c72102af9acd99c301d018ee9622133363942,2023-06,"MUNIC_RES, DIAG_PRINC",downloaded
SIH/SUS RD,ftp://ftp.datasus.gov.br/dissemin/publicos/SIHSUS/200801_/Dados/RDRR2307.dbc,2026-08-23,/Users/brenoherculano/Desktop/Brazil Mental Health Spatial Inequality Project/phase2_analysis/data_raw/sih_2023/RDRR2307.dbc,321728,554c7fe24595ddd67995426cf2e56540aa502b8470ef8e896ea59c1a581ed64c,2023-07,"MUNIC_RES, DIAG_PRINC",downloaded
SIH/SUS RD,ftp://ftp.datasus.gov.br/dissemin/publicos/SIHSUS/200801_/Dados/RDRR2308.dbc,2026-08-23,/Users/brenoherculano/Desktop/Brazil Mental Health Spatial Inequality Project/phase2_analysis/data_raw/sih_2023/RDRR2308.dbc,347846,df1511b117a712f4812947e9ab79714cf3e1e87177efe9b717ebe31a4e49e8a5,2023-08,"MUNIC_RES, DIAG_PRINC",downloaded
SIH/SUS RD,ftp://ftp.datasus.gov.br/dissemin/publicos/SIHSUS/200801_/Dados/RDRR2309.dbc,2026-08-23,/Users/brenoherculano/Desktop/Brazil Mental Health Spatial Inequality Project/phase2_analysis/data_raw/sih_2023/RDRR2309.dbc,119285,76575dee8d2168dc5022bf46b420ca93e41109711e972e7527e39380c93dbd1b,2023-09,"MUNIC_RES, DIAG_PRINC",downloaded
SIH/SUS RD,ftp://ftp.datasus.gov.br/dissemin/publicos/SIHSUS/200801_/Dados/RDRR2310.dbc,2026-08-23,/Users/brenoherculano/Desktop/Brazil Mental Health Spatial Inequality Project/phase2_analysis/data_raw/sih_2023/RDRR2310.dbc,166954,ca61a398b9ec92afeec48e2dfe9f85012f0a9e928c0ccb9877ec7ec34ebe29ff,2023-10,"MUNIC_RES, DIAG_PRINC",downloaded
SIH/SUS RD,ftp://ftp.datasus.gov.br/dissemin/publicos/SIHSUS/200801_/Dados/RDRR2311.dbc,2026-08-23,/Users/brenoherculano/Desktop/Brazil Mental Health Spatial Inequality Project/phase2_analysis/data_raw/sih_2023/RDRR2311.dbc,275988,bdf3d83ba5d51966f051980b4a0df2d14b2adc58695888e280d44eedd14ba199,2023-11,"MUNIC_RES, DIAG_PRINC",downloaded
SIH/SUS RD,ftp://ftp.datasus.gov.br/dissemin/publicos/SIHSUS/200801_/Dados/RDRR2312.dbc,2026-08-23,/Users/brenoherculano/Desktop/Brazil Mental Health Spatial Inequality Project/phase2_analysis/data_raw/sih_2023/RDRR2312.dbc,259816,89aa6c94bf266f3952c4dee9a16f0181602c533f8d6426a7f95f6a0fd0a16e1b,2023-12,"MUNIC_RES, DIAG_PRINC",downloaded
SIH/SUS RD,ftp://ftp.datasus.gov.br/dissemin/publicos/SIHSUS/200801_/Dados/RDRS2301.dbc,2026-08-23,/Users/brenoherculano/Desktop/Brazil Mental Health Spatial Inequality Project/phase2_analysis/data_raw/sih_2023/RDRS2301.dbc,5052069,4cda6a90650c40b4680ac9cc82e663b559b7072a39285aa7a0d67936f3e61dca,2023-01,"MUNIC_RES, DIAG_PRINC",downloaded
SIH/SUS RD,ftp://ftp.datasus.gov.br/dissemin/publicos/SIHSUS/200801_/Dados/RDRS2302.dbc,2026-08-23,/Users/brenoherculano/Desktop/Brazil Mental Health Spatial Inequality Project/phase2_analysis/data_raw/sih_2023/RDRS2302.dbc,4660329,8401f9469848a9f769bde18853afeb2724ad0391abe4476200c11d745350adcb,2023-02,"MUNIC_RES, DIAG_PRINC",downloaded
SIH/SUS RD,ftp://ftp.datasus.gov.br/dissemin/publicos/SIHSUS/200801_/Dados/RDRS2303.dbc,2026-08-23,/Users/brenoherculano/Desktop/Brazil Mental Health Spatial Inequality Project/phase2_analysis/data_raw/sih_2023/RDRS2303.dbc,5132685,6653096e43f13383e0c5af826cfb03c7c5f56bbcf66ab3529c03384c7d67a990,2023-03,"MUNIC_RES, DIAG_PRINC",downloaded
SIH/SUS RD,ftp://ftp.datasus.gov.br/dissemin/publicos/SIHSUS/200801_/Dados/RDRS2304.dbc,2026-08-23,/Users/brenoherculano/Desktop/Brazil Mental Health Spatial Inequality Project/phase2_analysis/data_raw/sih_2023/RDRS2304.dbc,5094637,a78fa780c65fc9001bb2c8d42304ad9432357b7c4934b2fde6daa4d1ee86d684,2023-04,"MUNIC_RES, DIAG_PRINC",downloaded
SIH/SUS RD,ftp://ftp.datasus.gov.br/dissemin/publicos/SIHSUS/200801_/Dados/RDRS2305.dbc,2026-08-23,/Users/brenoherculano/Desktop/Brazil Mental Health Spatial Inequality Project/phase2_analysis/data_raw/sih_2023/RDRS2305.dbc,5262456,132961e2e12897447f4886411f528f5aca0b14a78064103fd95afea29eefb1ad,2023-05,"MUNIC_RES, DIAG_PRINC",downloaded
SIH/SUS RD,ftp://ftp.datasus.gov.br/dissemin/publicos/SIHSUS/200801_/Dados/RDRS2306.dbc,2026-08-23,/Users/brenoherculano/Desktop/Brazil Mental Health Spatial Inequality Project/phase2_analysis/data_raw/sih_2023/RDRS2306.dbc,5172419,890ece8cd161a6058296c6531a1127173d5d409a6b16077cc7e3b738ffbb0f30,2023-06,"MUNIC_RES, DIAG_PRINC",downloaded
SIH/SUS RD,ftp://ftp.datasus.gov.br/dissemin/publicos/SIHSUS/200801_/Dados/RDRS2307.dbc,2026-08-23,/Users/brenoherculano/Desktop/Brazil Mental Health Spatial Inequality Project/phase2_analysis/data_raw/sih_2023/RDRS2307.dbc,5374193,56482c6a61bc8512aa41dfba24b16d3c7f650b6d2fd6888f8604760faf6c4ac3,2023-07,"MUNIC_RES, DIAG_PRINC",downloaded
SIH/SUS RD,ftp://ftp.datasus.gov.br/dissemin/publicos/SIHSUS/200801_/Dados/RDRS2308.dbc,2026-08-23,/Users/brenoherculano/Desktop/Brazil Mental Health Spatial Inequality Project/phase2_analysis/data_raw/sih_2023/RDRS2308.dbc,5458708,1ab4440ef795d93d21afbb38cc55d9f0122264620d9991df21eea945e21f3f76,2023-08,"MUNIC_RES, DIAG_PRINC",downloaded
SIH/SUS RD,ftp://ftp.datasus.gov.br/dissemin/publicos/SIHSUS/200801_/Dados/RDRS2309.dbc,2026-08-23,/Users/brenoherculano/Desktop/Brazil Mental Health Spatial Inequality Project/phase2_analysis/data_raw/sih_2023/RDRS2309.dbc,5167272,5208b5263e8bbb972eca863bbcd56c36817181481feebda249b7a0de21a618ae,2023-09,"MUNIC_RES, DIAG_PRINC",downloaded
SIH/SUS RD,ftp://ftp.datasus.gov.br/dissemin/publicos/SIHSUS/200801_/Dados/RDRS2310.dbc,2026-08-23,/Users/brenoherculano/Desktop/Brazil Mental Health Spatial Inequality Project/phase2_analysis/data_raw/sih_2023/RDRS2310.dbc,5314947,4ce6c51fdcaa1e3f0b2e121872dedfe3ed6a825fa3034b86fc6a8a4c62956dc7,2023-10,"MUNIC_RES, DIAG_PRINC",downloaded
SIH/SUS RD,ftp://ftp.datasus.gov.br/dissemin/publicos/SIHSUS/200801_/Dados/RDRS2311.dbc,2026-08-23,/Users/brenoherculano/Desktop/Brazil Mental Health Spatial Inequality Project/phase2_analysis/data_raw/sih_2023/RDRS2311.dbc,5252595,5cddbcc57324318cfe1c88dcb7ff0c9f75ca662e5304d0fb19fb6830cccfe129,2023-11,"MUNIC_RES, DIAG_PRINC",downloaded
SIH/SUS RD,ftp://ftp.datasus.gov.br/dissemin/publicos/SIHSUS/200801_/Dados/RDRS2312.dbc,2026-08-23,/Users/brenoherculano/Desktop/Brazil Mental Health Spatial Inequality Project/phase2_analysis/data_raw/sih_2023/RDRS2312.dbc,5118483,61b98b1fc9570c82da28f23716664b0edd5d29b8b0d21175bd9fe3699b1a0b0d,2023-12,"MUNIC_RES, DIAG_PRINC",downloaded
SIH/SUS RD,ftp://ftp.datasus.gov.br/dissemin/publicos/SIHSUS/200801_/Dados/RDSC2301.dbc,2026-08-23,/Users/brenoherculano/Desktop/Brazil Mental Health Spatial Inequality Project/phase2_analysis/data_raw/sih_2023/RDSC2301.dbc,3452711,69e94be1bb4d02bb05fb90a18501610d5a572c93b213d337ae267c586aaf5841,2023-01,"MUNIC_RES, DIAG_PRINC",downloaded
SIH/SUS RD,ftp://ftp.datasus.gov.br/dissemin/publicos/SIHSUS/200801_/Dados/RDSC2302.dbc,2026-08-23,/Users/brenoherculano/Desktop/Brazil Mental Health Spatial Inequality Project/phase2_analysis/data_raw/sih_2023/RDSC2302.dbc,3629735,9d273ff789d8773bd34367b6077f17f416da7aac0e6661fc7fdcbc3edf27b039,2023-02,"MUNIC_RES, DIAG_PRINC",downloaded
SIH/SUS RD,ftp://ftp.datasus.gov.br/dissemin/publicos/SIHSUS/200801_/Dados/RDSC2303.dbc,2026-08-23,/Users/brenoherculano/Desktop/Brazil Mental Health Spatial Inequality Project/phase2_analysis/data_raw/sih_2023/RDSC2303.dbc,3710351,d6da0145f78adb510fc4e659de2f0e707424930ad4deb5372a3e9bda26dbe0dc,2023-03,"MUNIC_RES, DIAG_PRINC",downloaded
SIH/SUS RD,ftp://ftp.datasus.gov.br/dissemin/publicos/SIHSUS/200801_/Dados/RDSC2304.dbc,2026-08-23,/Users/brenoherculano/Desktop/Brazil Mental Health Spatial Inequality Project/phase2_analysis/data_raw/sih_2023/RDSC2304.dbc,3617327,7c3e017c6ceba165be4ec932e95d7e185ecd872448982b6d570b905ebcd490e0,2023-04,"MUNIC_RES, DIAG_PRINC",downloaded
SIH/SUS RD,ftp://ftp.datasus.gov.br/dissemin/publicos/SIHSUS/200801_/Dados/RDSC2305.dbc,2026-08-23,/Users/brenoherculano/Desktop/Brazil Mental Health Spatial Inequality Project/phase2_analysis/data_raw/sih_2023/RDSC2305.dbc,3910986,48014784f1a96b07ec04f97ef217c0153dc02a21e273e4c76fd9ec89a218db88,2023-05,"MUNIC_RES, DIAG_PRINC",downloaded
SIH/SUS RD,ftp://ftp.datasus.gov.br/dissemin/publicos/SIHSUS/200801_/Dados/RDSC2306.dbc,2026-08-23,/Users/brenoherculano/Desktop/Brazil Mental Health Spatial Inequality Project/phase2_analysis/data_raw/sih_2023/RDSC2306.dbc,3775200,a36ff40cd79cc9544e18efcafb44c69654de0c5b5cbb2bd97d3dcd9c6f0e012f,2023-06,"MUNIC_RES, DIAG_PRINC",downloaded
SIH/SUS RD,ftp://ftp.datasus.gov.br/dissemin/publicos/SIHSUS/200801_/Dados/RDSC2307.dbc,2026-08-23,/Users/brenoherculano/Desktop/Brazil Mental Health Spatial Inequality Project/phase2_analysis/data_raw/sih_2023/RDSC2307.dbc,3749513,62619cc2d6bbc076937abc083f339f089eb44212fd174183ac404a3377243c3c,2023-07,"MUNIC_RES, DIAG_PRINC",downloaded
SIH/SUS RD,ftp://ftp.datasus.gov.br/dissemin/publicos/SIHSUS/200801_/Dados/RDSC2308.dbc,2026-08-23,/Users/brenoherculano/Desktop/Brazil Mental Health Spatial Inequality Project/phase2_analysis/data_raw/sih_2023/RDSC2308.dbc,3868513,40c75b7056de660cb6ddea331f70c6a3719e0c91b3c462841c476f52054716a2,2023-08,"MUNIC_RES, DIAG_PRINC",downloaded
SIH/SUS RD,ftp://ftp.datasus.gov.br/dissemin/publicos/SIHSUS/200801_/Dados/RDSC2309.dbc,2026-08-23,/Users/brenoherculano/Desktop/Brazil Mental Health Spatial Inequality Project/phase2_analysis/data_raw/sih_2023/RDSC2309.dbc,3876552,4f4a7a080e4a499ea9ea521656581d6d6864ee1fb10a4a2dbf593712343b379c,2023-09,"MUNIC_RES, DIAG_PRINC",downloaded
SIH/SUS RD,ftp://ftp.datasus.gov.br/dissemin/publicos/SIHSUS/200801_/Dados/RDSC2310.dbc,2026-08-23,/Users/brenoherculano/Desktop/Brazil Mental Health Spatial Inequality Project/phase2_analysis/data_raw/sih_2023/RDSC2310.dbc,3774469,e7aed34eb426c02a1882a6176681d8f2e416cd18e550af4fb5d7f4d934598630,2023-10,"MUNIC_RES, DIAG_PRINC",downloaded
SIH/SUS RD,ftp://ftp.datasus.gov.br/dissemin/publicos/SIHSUS/200801_/Dados/RDSC2311.dbc,2026-08-23,/Users/brenoherculano/Desktop/Brazil Mental Health Spatial Inequality Project/phase2_analysis/data_raw/sih_2023/RDSC2311.dbc,3803846,463f435ae900df06a39e6e4d400800e7a5a27fa0a2cfe4bf326f5dcd4dab2856,2023-11,"MUNIC_RES, DIAG_PRINC",downloaded
SIH/SUS RD,ftp://ftp.datasus.gov.br/dissemin/publicos/SIHSUS/200801_/Dados/RDSC2312.dbc,2026-08-23,/Users/brenoherculano/Desktop/Brazil Mental Health Spatial Inequality Project/phase2_analysis/data_raw/sih_2023/RDSC2312.dbc,3564807,1758d348c6728e24374227a7419d6ced6738fd9c43eb045812ec90a951ebc6e8,2023-12,"MUNIC_RES, DIAG_PRINC",downloaded
SIH/SUS RD,ftp://ftp.datasus.gov.br/dissemin/publicos/SIHSUS/200801_/Dados/RDSE2301.dbc,2026-08-23,/Users/brenoherculano/Desktop/Brazil Mental Health Spatial Inequality Project/phase2_analysis/data_raw/sih_2023/RDSE2301.dbc,703181,33bec1d042c194694df8795d95296fdee9df2f1f225f5837caa4ac3d9e480dc2,2023-01,"MUNIC_RES, DIAG_PRINC",downloaded
SIH/SUS RD,ftp://ftp.datasus.gov.br/dissemin/publicos/SIHSUS/200801_/Dados/RDSE2302.dbc,2026-08-23,/Users/brenoherculano/Desktop/Brazil Mental Health Spatial Inequality Project/phase2_analysis/data_raw/sih_2023/RDSE2302.dbc,616625,ec833e7b3ebe177426d7a1e99c8b9bc488846163fd8b1a97f26039ca2c690467,2023-02,"MUNIC_RES, DIAG_PRINC",downloaded
SIH/SUS RD,ftp://ftp.datasus.gov.br/dissemin/publicos/SIHSUS/200801_/Dados/RDSE2303.dbc,2026-08-23,/Users/brenoherculano/Desktop/Brazil Mental Health Spatial Inequality Project/phase2_analysis/data_raw/sih_2023/RDSE2303.dbc,717337,ac9bc008f3b6bd5136b7a38a15d62f6afa7f801af48931c4fc6a522e143ef84c,2023-03,"MUNIC_RES, DIAG_PRINC",downloaded
SIH/SUS RD,ftp://ftp.datasus.gov.br/dissemin/publicos/SIHSUS/200801_/Dados/RDSE2304.dbc,2026-08-23,/Users/brenoherculano/Desktop/Brazil Mental Health Spatial Inequality Project/phase2_analysis/data_raw/sih_2023/RDSE2304.dbc,644719,1ff6a704147f504423e76ddce6946476b4502babd504bf84b92c9dad8c836f89,2023-04,"MUNIC_RES, DIAG_PRINC",downloaded
SIH/SUS RD,ftp://ftp.datasus.gov.br/dissemin/publicos/SIHSUS/200801_/Dados/RDSE2305.dbc,2026-08-23,/Users/brenoherculano/Desktop/Brazil Mental Health Spatial Inequality Project/phase2_analysis/data_raw/sih_2023/RDSE2305.dbc,720888,42ee76467870946cc4fdf9732344b315300eca42fa7295e4e833477c17f1f2a4,2023-05,"MUNIC_RES, DIAG_PRINC",downloaded
SIH/SUS RD,ftp://ftp.datasus.gov.br/dissemin/publicos/SIHSUS/200801_/Dados/RDSE2306.dbc,2026-08-23,/Users/brenoherculano/Desktop/Brazil Mental Health Spatial Inequality Project/phase2_analysis/data_raw/sih_2023/RDSE2306.dbc,674496,4bca7ce49f71efd8b0fcb36242ce2065519f909429412467e4b339dd3a2114d1,2023-06,"MUNIC_RES, DIAG_PRINC",downloaded
SIH/SUS RD,ftp://ftp.datasus.gov.br/dissemin/publicos/SIHSUS/200801_/Dados/RDSE2307.dbc,2026-08-23,/Users/brenoherculano/Desktop/Brazil Mental Health Spatial Inequality Project/phase2_analysis/data_raw/sih_2023/RDSE2307.dbc,753676,00a45441449ca1c8d9a11f279d60e47906e1704f0cf2f306455e08cdf657f1c5,2023-07,"MUNIC_RES, DIAG_PRINC",downloaded
SIH/SUS RD,ftp://ftp.datasus.gov.br/dissemin/publicos/SIHSUS/200801_/Dados/RDSE2308.dbc,2026-08-23,/Users/brenoherculano/Desktop/Brazil Mental Health Spatial Inequality Project/phase2_analysis/data_raw/sih_2023/RDSE2308.dbc,747116,96042941830f7f46d75ccb2eeb71f17c8b046bed6215366587e3910745806c46,2023-08,"MUNIC_RES, DIAG_PRINC",downloaded
SIH/SUS RD,ftp://ftp.datasus.gov.br/dissemin/publicos/SIHSUS/200801_/Dados/RDSE2309.dbc,2026-08-23,/Users/brenoherculano/Desktop/Brazil Mental Health Spatial Inequality Project/phase2_analysis/data_raw/sih_2023/RDSE2309.dbc,739020,69023006bc735fd468c626b8787c0aa8a56df3d96650c9c17f4ea26675a662c5,2023-09,"MUNIC_RES, DIAG_PRINC",downloaded
SIH/SUS RD,ftp://ftp.datasus.gov.br/dissemin/publicos/SIHSUS/200801_/Dados/RDSE2310.dbc,2026-08-23,/Users/brenoherculano/Desktop/Brazil Mental Health Spatial Inequality Project/phase2_analysis/data_raw/sih_2023/RDSE2310.dbc,771990,98d766f8759ce510dd0cadb2e6a6ad726f52f4101b3e3e41853e0ff610e273ba,2023-10,"MUNIC_RES, DIAG_PRINC",downloaded
SIH/SUS RD,ftp://ftp.datasus.gov.br/dissemin/publicos/SIHSUS/200801_/Dados/RDSE2311.dbc,2026-08-23,/Users/brenoherculano/Desktop/Brazil Mental Health Spatial Inequality Project/phase2_analysis/data_raw/sih_2023/RDSE2311.dbc,737702,38ef5c5031389a09bacd2fbe9edc55e38f05f700231897c53f0f580b2a064146,2023-11,"MUNIC_RES, DIAG_PRINC",downloaded
SIH/SUS RD,ftp://ftp.datasus.gov.br/dissemin/publicos/SIHSUS/200801_/Dados/RDSE2312.dbc,2026-08-23,/Users/brenoherculano/Desktop/Brazil Mental Health Spatial Inequality Project/phase2_analysis/data_raw/sih_2023/RDSE2312.dbc,722444,ba537979a867120924082af34b90713adec2194c0ca2b458a9617184faec0d1c,2023-12,"MUNIC_RES, DIAG_PRINC",downloaded
SIH/SUS RD,ftp://ftp.datasus.gov.br/dissemin/publicos/SIHSUS/200801_/Dados/RDSP2301.dbc,2026-08-23,/Users/brenoherculano/Desktop/Brazil Mental Health Spatial Inequality Project/phase2_analysis/data_raw/sih_2023/RDSP2301.dbc,16427028,2b20b418325c62627265ddfc91baad2eca5fd490e11495e77a1a0a1310ddd61e,2023-01,"MUNIC_RES, DIAG_PRINC",downloaded
SIH/SUS RD,ftp://ftp.datasus.gov.br/dissemin/publicos/SIHSUS/200801_/Dados/RDSP2302.dbc,2026-08-23,/Users/brenoherculano/Desktop/Brazil Mental Health Spatial Inequality Project/phase2_analysis/data_raw/sih_2023/RDSP2302.dbc,15806933,744b0977d0c6a4d60ba98f012da5111e449e065ed2898e5e03747d9268a21f9f,2023-02,"MUNIC_RES, DIAG_PRINC",downloaded
SIH/SUS RD,ftp://ftp.datasus.gov.br/dissemin/publicos/SIHSUS/200801_/Dados/RDSP2303.dbc,2026-08-23,/Users/brenoherculano/Desktop/Brazil Mental Health Spatial Inequality Project/phase2_analysis/data_raw/sih_2023/RDSP2303.dbc,18077745,e6c920afdb0f432f93724893a731b22cb9303c2bed8a3342ed0c161f2e600b6b,2023-03,"MUNIC_RES, DIAG_PRINC",downloaded
SIH/SUS RD,ftp://ftp.datasus.gov.br/dissemin/publicos/SIHSUS/200801_/Dados/RDSP2304.dbc,2026-08-23,/Users/brenoherculano/Desktop/Brazil Mental Health Spatial Inequality Project/phase2_analysis/data_raw/sih_2023/RDSP2304.dbc,17105401,717509473b3c644385bbfcdc2dd7645b759d55ed2da085311b81fbfeb3420c27,2023-04,"MUNIC_RES, DIAG_PRINC",downloaded
SIH/SUS RD,ftp://ftp.datasus.gov.br/dissemin/publicos/SIHSUS/200801_/Dados/RDSP2305.dbc,2026-08-23,/Users/brenoherculano/Desktop/Brazil Mental Health Spatial Inequality Project/phase2_analysis/data_raw/sih_2023/RDSP2305.dbc,17739989,fdf092781980fe6673c54736970d516a2dc002735b157ae27b03fa1816e5821e,2023-05,"MUNIC_RES, DIAG_PRINC",downloaded
SIH/SUS RD,ftp://ftp.datasus.gov.br/dissemin/publicos/SIHSUS/200801_/Dados/RDSP2306.dbc,2026-08-23,/Users/brenoherculano/Desktop/Brazil Mental Health Spatial Inequality Project/phase2_analysis/data_raw/sih_2023/RDSP2306.dbc,18001348,e9507c7429b4dc8990639b90b70e2ea38d42547dde7594cf1f327aae8587a95b,2023-06,"MUNIC_RES, DIAG_PRINC",downloaded
SIH/SUS RD,ftp://ftp.datasus.gov.br/dissemin/publicos/SIHSUS/200801_/Dados/RDSP2307.dbc,2026-08-23,/Users/brenoherculano/Desktop/Brazil Mental Health Spatial Inequality Project/phase2_analysis/data_raw/sih_2023/RDSP2307.dbc,17658532,956e525f34e3d0a38ee473d5c6355dc4b1026acb0ef6b1637fae4f5c3eeb3291,2023-07,"MUNIC_RES, DIAG_PRINC",downloaded
SIH/SUS RD,ftp://ftp.datasus.gov.br/dissemin/publicos/SIHSUS/200801_/Dados/RDSP2308.dbc,2026-08-23,/Users/brenoherculano/Desktop/Brazil Mental Health Spatial Inequality Project/phase2_analysis/data_raw/sih_2023/RDSP2308.dbc,18583060,eb5d97e8e834b7bc4342bfa28eb00eaa20055490b688f466906d6bc7f42f3ebb,2023-08,"MUNIC_RES, DIAG_PRINC",downloaded
SIH/SUS RD,ftp://ftp.datasus.gov.br/dissemin/publicos/SIHSUS/200801_/Dados/RDSP2309.dbc,2026-08-23,/Users/brenoherculano/Desktop/Brazil Mental Health Spatial Inequality Project/phase2_analysis/data_raw/sih_2023/RDSP2309.dbc,17539497,d7211a3e0822eca3cf948f03c43245800c71beb8a1a15989ecbd223ab83598dd,2023-09,"MUNIC_RES, DIAG_PRINC",downloaded
SIH/SUS RD,ftp://ftp.datasus.gov.br/dissemin/publicos/SIHSUS/200801_/Dados/RDSP2310.dbc,2026-08-23,/Users/brenoherculano/Desktop/Brazil Mental Health Spatial Inequality Project/phase2_analysis/data_raw/sih_2023/RDSP2310.dbc,17545366,d57e52a565831f69f35ecfbf16fd83f4c421bd93a16da186e98abb094980b674,2023-10,"MUNIC_RES, DIAG_PRINC",downloaded
SIH/SUS RD,ftp://ftp.datasus.gov.br/dissemin/publicos/SIHSUS/200801_/Dados/RDSP2311.dbc,2026-08-23,/Users/brenoherculano/Desktop/Brazil Mental Health Spatial Inequality Project/phase2_analysis/data_raw/sih_2023/RDSP2311.dbc,17072125,176837cc3be751908c6e2958830760877f527dbbb5693382e57d346b8ee6b551,2023-11,"MUNIC_RES, DIAG_PRINC",downloaded
SIH/SUS RD,ftp://ftp.datasus.gov.br/dissemin/publicos/SIHSUS/200801_/Dados/RDSP2312.dbc,2026-08-23,/Users/brenoherculano/Desktop/Brazil Mental Health Spatial Inequality Project/phase2_analysis/data_raw/sih_2023/RDSP2312.dbc,16963311,ad9a723ac673f5d9b1e6362c407dcbc3faf83645798e1315106ff6da01801488,2023-12,"MUNIC_RES, DIAG_PRINC",downloaded
SIH/SUS RD,ftp://ftp.datasus.gov.br/dissemin/publicos/SIHSUS/200801_/Dados/RDTO2301.dbc,2026-08-23,/Users/brenoherculano/Desktop/Brazil Mental Health Spatial Inequality Project/phase2_analysis/data_raw/sih_2023/RDTO2301.dbc,583649,70bc764143ed2ea4d01c8b02f7a31bf42f64fcfad06161de641e1f0821bf972b,2023-01,"MUNIC_RES, DIAG_PRINC",downloaded
SIH/SUS RD,ftp://ftp.datasus.gov.br/dissemin/publicos/SIHSUS/200801_/Dados/RDTO2302.dbc,2026-08-23,/Users/brenoherculano/Desktop/Brazil Mental Health Spatial Inequality Project/phase2_analysis/data_raw/sih_2023/RDTO2302.dbc,570862,2680594c063bb9d6623fa215c4edbb5130025b54e1e9a0f7e4898d878f9eeb3a,2023-02,"MUNIC_RES, DIAG_PRINC",downloaded
SIH/SUS RD,ftp://ftp.datasus.gov.br/dissemin/publicos/SIHSUS/200801_/Dados/RDTO2303.dbc,2026-08-23,/Users/brenoherculano/Desktop/Brazil Mental Health Spatial Inequality Project/phase2_analysis/data_raw/sih_2023/RDTO2303.dbc,570442,27f6278ed6448e0065413a19f81c610491f8c81ae6e0edd1c85b025132ee715d,2023-03,"MUNIC_RES, DIAG_PRINC",downloaded
SIH/SUS RD,ftp://ftp.datasus.gov.br/dissemin/publicos/SIHSUS/200801_/Dados/RDTO2304.dbc,2026-08-23,/Users/brenoherculano/Desktop/Brazil Mental Health Spatial Inequality Project/phase2_analysis/data_raw/sih_2023/RDTO2304.dbc,651162,cc9cd23dd78566bcb3286c60f69290a1c42b7419404acb6a7a3b7653b191f594,2023-04,"MUNIC_RES, DIAG_PRINC",downloaded
SIH/SUS RD,ftp://ftp.datasus.gov.br/dissemin/publicos/SIHSUS/200801_/Dados/RDTO2305.dbc,2026-08-23,/Users/brenoherculano/Desktop/Brazil Mental Health Spatial Inequality Project/phase2_analysis/data_raw/sih_2023/RDTO2305.dbc,723474,2998d84f418e3f276de839a9934e0cbb5be6d1ca5284819cf19629aafe92aaf6,2023-05,"MUNIC_RES, DIAG_PRINC",downloaded
SIH/SUS RD,ftp://ftp.datasus.gov.br/dissemin/publicos/SIHSUS/200801_/Dados/RDTO2306.dbc,2026-08-23,/Users/brenoherculano/Desktop/Brazil Mental Health Spatial Inequality Project/phase2_analysis/data_raw/sih_2023/RDTO2306.dbc,599758,92bcb9cea1ee58a2414cdb146e0d7e84bf32180649ca316dbb02b5682f3043ff,2023-06,"MUNIC_RES, DIAG_PRINC",downloaded
SIH/SUS RD,ftp://ftp.datasus.gov.br/dissemin/publicos/SIHSUS/200801_/Dados/RDTO2307.dbc,2026-08-23,/Users/brenoherculano/Desktop/Brazil Mental Health Spatial Inequality Project/phase2_analysis/data_raw/sih_2023/RDTO2307.dbc,578095,998a579e84b790b3ab30b8c27f7b441ad8f62b423d78cef97903c6ffccf5cd0e,2023-07,"MUNIC_RES, DIAG_PRINC",downloaded
SIH/SUS RD,ftp://ftp.datasus.gov.br/dissemin/publicos/SIHSUS/200801_/Dados/RDTO2308.dbc,2026-08-23,/Users/brenoherculano/Desktop/Brazil Mental Health Spatial Inequality Project/phase2_analysis/data_raw/sih_2023/RDTO2308.dbc,612666,200dd6fd3971f4a6b7a41cc5473293ca8b0798cb82fd16fb684feccd6fdad2a0,2023-08,"MUNIC_RES, DIAG_PRINC",downloaded
SIH/SUS RD,ftp://ftp.datasus.gov.br/dissemin/publicos/SIHSUS/200801_/Dados/RDTO2309.dbc,2026-08-23,/Users/brenoherculano/Desktop/Brazil Mental Health Spatial Inequality Project/phase2_analysis/data_raw/sih_2023/RDTO2309.dbc,616993,bde70c7a6c3fee1735075c6cdaa0eeea7f4864bd7fd1fc00e854b908328ec229,2023-09,"MUNIC_RES, DIAG_PRINC",downloaded
SIH/SUS RD,ftp://ftp.datasus.gov.br/dissemin/publicos/SIHSUS/200801_/Dados/RDTO2310.dbc,2026-08-23,/Users/brenoherculano/Desktop/Brazil Mental Health Spatial Inequality Project/phase2_analysis/data_raw/sih_2023/RDTO2310.dbc,610158,50c58c823f06f1c7291583f855c4a15f24fd527ca37c0873f340103619ae3df0,2023-10,"MUNIC_RES, DIAG_PRINC",downloaded
SIH/SUS RD,ftp://ftp.datasus.gov.br/dissemin/publicos/SIHSUS/200801_/Dados/RDTO2311.dbc,2026-08-23,/Users/brenoherculano/Desktop/Brazil Mental Health Spatial Inequality Project/phase2_analysis/data_raw/sih_2023/RDTO2311.dbc,560654,b41404482e4d531c15a58f3fb28330ab572a6f3cc84bfd4e1c10db476c302ed1,2023-11,"MUNIC_RES, DIAG_PRINC",downloaded
SIH/SUS RD,ftp://ftp.datasus.gov.br/dissemin/publicos/SIHSUS/200801_/Dados/RDTO2312.dbc,2026-08-23,/Users/brenoherculano/Desktop/Brazil Mental Health Spatial Inequality Project/phase2_analysis/data_raw/sih_2023/RDTO2312.dbc,649550,ef16727bc793f428e94510c08aac7dc7cd93fa3ca4fbc9871ac87dd2eae8b0ae,2023-12,"MUNIC_RES, DIAG_PRINC",downloaded
SIH/SUS RD,ftp://ftp.datasus.gov.br/dissemin/publicos/SIHSUS/200801_/Dados/RDAC2401.dbc,2026-08-23,/Users/brenoherculano/Desktop/Brazil Mental Health Spatial Inequality Project/phase2_analysis/data_raw/sih_2024/RDAC2401.dbc,313213,41b7ad58932cd56d6c60455cbf67e7995f5fd2e64375d0cc440631a191638429,2024-01,"MUNIC_RES, DIAG_PRINC",linked_from_paper1_cache
SIH/SUS RD,ftp://ftp.datasus.gov.br/dissemin/publicos/SIHSUS/200801_/Dados/RDAC2402.dbc,2026-08-23,/Users/brenoherculano/Desktop/Brazil Mental Health Spatial Inequality Project/phase2_analysis/data_raw/sih_2024/RDAC2402.dbc,316988,7fb69a40c85b69faf9493e3d11010b4d5b46090c7cfb72618e4c86edf12c60b4,2024-02,"MUNIC_RES, DIAG_PRINC",linked_from_paper1_cache
SIH/SUS RD,ftp://ftp.datasus.gov.br/dissemin/publicos/SIHSUS/200801_/Dados/RDAC2403.dbc,2026-08-23,/Users/brenoherculano/Desktop/Brazil Mental Health Spatial Inequality Project/phase2_analysis/data_raw/sih_2024/RDAC2403.dbc,321304,30aa46891ef2c7f6282b07bb04e830943dcc567d5b223d0497e4aea5043bd788,2024-03,"MUNIC_RES, DIAG_PRINC",linked_from_paper1_cache
SIH/SUS RD,ftp://ftp.datasus.gov.br/dissemin/publicos/SIHSUS/200801_/Dados/RDAC2404.dbc,2026-08-23,/Users/brenoherculano/Desktop/Brazil Mental Health Spatial Inequality Project/phase2_analysis/data_raw/sih_2024/RDAC2404.dbc,369651,a7ddc2e865ad9b81d673aadf668a56f2f790038040504bbeaa6cc2f9221b65dc,2024-04,"MUNIC_RES, DIAG_PRINC",linked_from_paper1_cache
SIH/SUS RD,ftp://ftp.datasus.gov.br/dissemin/publicos/SIHSUS/200801_/Dados/RDAC2405.dbc,2026-08-23,/Users/brenoherculano/Desktop/Brazil Mental Health Spatial Inequality Project/phase2_analysis/data_raw/sih_2024/RDAC2405.dbc,362821,85f3c764db22a814b8f1ee3ba881307eeaa3e6d491d88c76ecfa05b0ec039a1f,2024-05,"MUNIC_RES, DIAG_PRINC",linked_from_paper1_cache
SIH/SUS RD,ftp://ftp.datasus.gov.br/dissemin/publicos/SIHSUS/200801_/Dados/RDAC2406.dbc,2026-08-23,/Users/brenoherculano/Desktop/Brazil Mental Health Spatial Inequality Project/phase2_analysis/data_raw/sih_2024/RDAC2406.dbc,334783,038de312ca1560d6f532125c8b74a8ef4b5d980fdf3299040e283707168400ee,2024-06,"MUNIC_RES, DIAG_PRINC",linked_from_paper1_cache
SIH/SUS RD,ftp://ftp.datasus.gov.br/dissemin/publicos/SIHSUS/200801_/Dados/RDAC2407.dbc,2026-08-23,/Users/brenoherculano/Desktop/Brazil Mental Health Spatial Inequality Project/phase2_analysis/data_raw/sih_2024/RDAC2407.dbc,423121,87cde34b3cea7837ff8b39b219d3f398bc7f3a4696584fdb0de3a611672f3088,2024-07,"MUNIC_RES, DIAG_PRINC",linked_from_paper1_cache
SIH/SUS RD,ftp://ftp.datasus.gov.br/dissemin/publicos/SIHSUS/200801_/Dados/RDAC2408.dbc,2026-08-23,/Users/brenoherculano/Desktop/Brazil Mental Health Spatial Inequality Project/phase2_analysis/data_raw/sih_2024/RDAC2408.dbc,346250,767e395d9cc0803aeedf238da5336c1b86b82d0d33da386ba9b452a4cb4886a9,2024-08,"MUNIC_RES, DIAG_PRINC",linked_from_paper1_cache
SIH/SUS RD,ftp://ftp.datasus.gov.br/dissemin/publicos/SIHSUS/200801_/Dados/RDAC2409.dbc,2026-08-23,/Users/brenoherculano/Desktop/Brazil Mental Health Spatial Inequality Project/phase2_analysis/data_raw/sih_2024/RDAC2409.dbc,353421,268108f4a02ab8266837780fc104ce813add0f56cf2811a75d75f83fa1564931,2024-09,"MUNIC_RES, DIAG_PRINC",linked_from_paper1_cache
SIH/SUS RD,ftp://ftp.datasus.gov.br/dissemin/publicos/SIHSUS/200801_/Dados/RDAC2410.dbc,2026-08-23,/Users/brenoherculano/Desktop/Brazil Mental Health Spatial Inequality Project/phase2_analysis/data_raw/sih_2024/RDAC2410.dbc,348885,f24a0daae828ac9c3d753c96127338ca9239d42b6c2a147a6fbbe688e86b6329,2024-10,"MUNIC_RES, DIAG_PRINC",linked_from_paper1_cache
SIH/SUS RD,ftp://ftp.datasus.gov.br/dissemin/publicos/SIHSUS/200801_/Dados/RDAC2411.dbc,2026-08-23,/Users/brenoherculano/Desktop/Brazil Mental Health Spatial Inequality Project/phase2_analysis/data_raw/sih_2024/RDAC2411.dbc,360713,76441501df259e0883552eceeed78224db99f1e663f96dd55614e1c6996f8e4d,2024-11,"MUNIC_RES, DIAG_PRINC",linked_from_paper1_cache
SIH/SUS RD,ftp://ftp.datasus.gov.br/dissemin/publicos/SIHSUS/200801_/Dados/RDAC2412.dbc,2026-08-23,/Users/brenoherculano/Desktop/Brazil Mental Health Spatial Inequality Project/phase2_analysis/data_raw/sih_2024/RDAC2412.dbc,276626,85cb08982dc1db04bbf928ad2a1dad50216113fb3db63e22123bbfd34679dcb4,2024-12,"MUNIC_RES, DIAG_PRINC",linked_from_paper1_cache
SIH/SUS RD,ftp://ftp.datasus.gov.br/dissemin/publicos/SIHSUS/200801_/Dados/RDAL2401.dbc,2026-08-23,/Users/brenoherculano/Desktop/Brazil Mental Health Spatial Inequality Project/phase2_analysis/data_raw/sih_2024/RDAL2401.dbc,1001024,21eb11f745c82058995e15ae34802210482f82e73767e182060376c158b81b4d,2024-01,"MUNIC_RES, DIAG_PRINC",linked_from_paper1_cache
SIH/SUS RD,ftp://ftp.datasus.gov.br/dissemin/publicos/SIHSUS/200801_/Dados/RDAL2402.dbc,2026-08-23,/Users/brenoherculano/Desktop/Brazil Mental Health Spatial Inequality Project/phase2_analysis/data_raw/sih_2024/RDAL2402.dbc,952749,1b98f16d70ffbc23037993d6a10fbcc84c4428e6d85629d0478cd762925f0593,2024-02,"MUNIC_RES, DIAG_PRINC",linked_from_paper1_cache
SIH/SUS RD,ftp://ftp.datasus.gov.br/dissemin/publicos/SIHSUS/200801_/Dados/RDAL2403.dbc,2026-08-23,/Users/brenoherculano/Desktop/Brazil Mental Health Spatial Inequality Project/phase2_analysis/data_raw/sih_2024/RDAL2403.dbc,1052383,8e9629d90a081d7946b301690c4c41633f2d79fd253d931026494d89ff4680a8,2024-03,"MUNIC_RES, DIAG_PRINC",linked_from_paper1_cache
SIH/SUS RD,ftp://ftp.datasus.gov.br/dissemin/publicos/SIHSUS/200801_/Dados/RDAL2404.dbc,2026-08-23,/Users/brenoherculano/Desktop/Brazil Mental Health Spatial Inequality Project/phase2_analysis/data_raw/sih_2024/RDAL2404.dbc,1077468,c0e00747b166c68c6412348e66e319eee4229b5cce8efd4910ab2af9adee294d,2024-04,"MUNIC_RES, DIAG_PRINC",linked_from_paper1_cache
SIH/SUS RD,ftp://ftp.datasus.gov.br/dissemin/publicos/SIHSUS/200801_/Dados/RDAL2405.dbc,2026-08-23,/Users/brenoherculano/Desktop/Brazil Mental Health Spatial Inequality Project/phase2_analysis/data_raw/sih_2024/RDAL2405.dbc,1087312,bb292b70d818aeaaf4cb114b8bb34215f14e6246ed2d5ef9729470ad5c490dc0,2024-05,"MUNIC_RES, DIAG_PRINC",linked_from_paper1_cache
SIH/SUS RD,ftp://ftp.datasus.gov.br/dissemin/publicos/SIHSUS/200801_/Dados/RDAL2406.dbc,2026-08-23,/Users/brenoherculano/Desktop/Brazil Mental Health Spatial Inequality Project/phase2_analysis/data_raw/sih_2024/RDAL2406.dbc,1109307,50f7c202d15d5ef0011bc782ef02a38885a42bec5d647bb8319449b4a5a0cccd,2024-06,"MUNIC_RES, DIAG_PRINC",linked_from_paper1_cache
SIH/SUS RD,ftp://ftp.datasus.gov.br/dissemin/publicos/SIHSUS/200801_/Dados/RDAL2407.dbc,2026-08-23,/Users/brenoherculano/Desktop/Brazil Mental Health Spatial Inequality Project/phase2_analysis/data_raw/sih_2024/RDAL2407.dbc,1114063,e4c4b70efefbe942371eb670077581da37436f64bebdcf5f462ae1cbda247276,2024-07,"MUNIC_RES, DIAG_PRINC",linked_from_paper1_cache
SIH/SUS RD,ftp://ftp.datasus.gov.br/dissemin/publicos/SIHSUS/200801_/Dados/RDAL2408.dbc,2026-08-23,/Users/brenoherculano/Desktop/Brazil Mental Health Spatial Inequality Project/phase2_analysis/data_raw/sih_2024/RDAL2408.dbc,1106167,176d06e737ab11929a022daf9b89def1009e912d40c68d02f4fec674e741f2f5,2024-08,"MUNIC_RES, DIAG_PRINC",linked_from_paper1_cache
SIH/SUS RD,ftp://ftp.datasus.gov.br/dissemin/publicos/SIHSUS/200801_/Dados/RDAL2409.dbc,2026-08-23,/Users/brenoherculano/Desktop/Brazil Mental Health Spatial Inequality Project/phase2_analysis/data_raw/sih_2024/RDAL2409.dbc,1075022,14cafa768de82568a75445d237272da2365740d5ad005875af1e697a76e449ce,2024-09,"MUNIC_RES, DIAG_PRINC",linked_from_paper1_cache
SIH/SUS RD,ftp://ftp.datasus.gov.br/dissemin/publicos/SIHSUS/200801_/Dados/RDAL2410.dbc,2026-08-23,/Users/brenoherculano/Desktop/Brazil Mental Health Spatial Inequality Project/phase2_analysis/data_raw/sih_2024/RDAL2410.dbc,1095533,6ff4ff488838efced7e1021d997608a1f6169d6df471874a903ff9c00e4ccf54,2024-10,"MUNIC_RES, DIAG_PRINC",linked_from_paper1_cache
SIH/SUS RD,ftp://ftp.datasus.gov.br/dissemin/publicos/SIHSUS/200801_/Dados/RDAL2411.dbc,2026-08-23,/Users/brenoherculano/Desktop/Brazil Mental Health Spatial Inequality Project/phase2_analysis/data_raw/sih_2024/RDAL2411.dbc,996388,18f5e642ef2e8c8f6e68e02b5c5280fbb3e5417e0a4a43e4e30cfb430a3440d4,2024-11,"MUNIC_RES, DIAG_PRINC",linked_from_paper1_cache
SIH/SUS RD,ftp://ftp.datasus.gov.br/dissemin/publicos/SIHSUS/200801_/Dados/RDAL2412.dbc,2026-08-23,/Users/brenoherculano/Desktop/Brazil Mental Health Spatial Inequality Project/phase2_analysis/data_raw/sih_2024/RDAL2412.dbc,1005587,101f6cd0d1336d73eabf1e83a70eacc2e714d9571512a68c0cf3b33416ed287e,2024-12,"MUNIC_RES, DIAG_PRINC",linked_from_paper1_cache
SIH/SUS RD,ftp://ftp.datasus.gov.br/dissemin/publicos/SIHSUS/200801_/Dados/RDAM2401.dbc,2026-08-23,/Users/brenoherculano/Desktop/Brazil Mental Health Spatial Inequality Project/phase2_analysis/data_raw/sih_2024/RDAM2401.dbc,1077340,6c9dc75d73bc80f1639a213aa6b03aaefb1246390645dcae9ec419a495d68ddd,2024-01,"MUNIC_RES, DIAG_PRINC",linked_from_paper1_cache
SIH/SUS RD,ftp://ftp.datasus.gov.br/dissemin/publicos/SIHSUS/200801_/Dados/RDAM2402.dbc,2026-08-23,/Users/brenoherculano/Desktop/Brazil Mental Health Spatial Inequality Project/phase2_analysis/data_raw/sih_2024/RDAM2402.dbc,1244792,90c0484cda241ad33075cf54400283dd0e84cfcf699eaf86a2c59b47a007962f,2024-02,"MUNIC_RES, DIAG_PRINC",linked_from_paper1_cache
SIH/SUS RD,ftp://ftp.datasus.gov.br/dissemin/publicos/SIHSUS/200801_/Dados/RDAM2403.dbc,2026-08-23,/Users/brenoherculano/Desktop/Brazil Mental Health Spatial Inequality Project/phase2_analysis/data_raw/sih_2024/RDAM2403.dbc,1341110,04bb0e40285d17bc9a56135b0bcac66cb724c06bd0495c937abf2691af27bed2,2024-03,"MUNIC_RES, DIAG_PRINC",linked_from_paper1_cache
SIH/SUS RD,ftp://ftp.datasus.gov.br/dissemin/publicos/SIHSUS/200801_/Dados/RDAM2404.dbc,2026-08-23,/Users/brenoherculano/Desktop/Brazil Mental Health Spatial Inequality Project/phase2_analysis/data_raw/sih_2024/RDAM2404.dbc,1352730,05db780b6771bdb44bad227ea8434056790d57776f96703570e40d47bd4e802b,2024-04,"MUNIC_RES, DIAG_PRINC",linked_from_paper1_cache
SIH/SUS RD,ftp://ftp.datasus.gov.br/dissemin/publicos/SIHSUS/200801_/Dados/RDAM2405.dbc,2026-08-23,/Users/brenoherculano/Desktop/Brazil Mental Health Spatial Inequality Project/phase2_analysis/data_raw/sih_2024/RDAM2405.dbc,1411982,8154f5ee51855ac789c6c613788be31189543e8cfdebf24ab42431a6d5a7171c,2024-05,"MUNIC_RES, DIAG_PRINC",linked_from_paper1_cache
SIH/SUS RD,ftp://ftp.datasus.gov.br/dissemin/publicos/SIHSUS/200801_/Dados/RDAM2406.dbc,2026-08-23,/Users/brenoherculano/Desktop/Brazil Mental Health Spatial Inequality Project/phase2_analysis/data_raw/sih_2024/RDAM2406.dbc,1308336,b80b1a340831627b89e95ac8dff053c1d75ace07f429d6f425b1e201448210b3,2024-06,"MUNIC_RES, DIAG_PRINC",linked_from_paper1_cache
SIH/SUS RD,ftp://ftp.datasus.gov.br/dissemin/publicos/SIHSUS/200801_/Dados/RDAM2407.dbc,2026-08-23,/Users/brenoherculano/Desktop/Brazil Mental Health Spatial Inequality Project/phase2_analysis/data_raw/sih_2024/RDAM2407.dbc,1327483,5e0136fadcc4a22b2a4261a9bd56fdc3be547eda1f3e4e95853886ef48f17c96,2024-07,"MUNIC_RES, DIAG_PRINC",linked_from_paper1_cache
SIH/SUS RD,ftp://ftp.datasus.gov.br/dissemin/publicos/SIHSUS/200801_/Dados/RDAM2408.dbc,2026-08-23,/Users/brenoherculano/Desktop/Brazil Mental Health Spatial Inequality Project/phase2_analysis/data_raw/sih_2024/RDAM2408.dbc,1292304,1f3a09504c6170ffdbb08a21da72d9d4fd1f530a9b6b782e9d5f49d358f50695,2024-08,"MUNIC_RES, DIAG_PRINC",linked_from_paper1_cache
SIH/SUS RD,ftp://ftp.datasus.gov.br/dissemin/publicos/SIHSUS/200801_/Dados/RDAM2409.dbc,2026-08-23,/Users/brenoherculano/Desktop/Brazil Mental Health Spatial Inequality Project/phase2_analysis/data_raw/sih_2024/RDAM2409.dbc,1369731,d7a448dc2041b9790f2940c8bacf5a69d8b7b37bd03555b181160b94025f7735,2024-09,"MUNIC_RES, DIAG_PRINC",linked_from_paper1_cache
SIH/SUS RD,ftp://ftp.datasus.gov.br/dissemin/publicos/SIHSUS/200801_/Dados/RDAM2410.dbc,2026-08-23,/Users/brenoherculano/Desktop/Brazil Mental Health Spatial Inequality Project/phase2_analysis/data_raw/sih_2024/RDAM2410.dbc,1391000,a93b90ef99ca570b6385229c68872c1f1666ed74b8f7a9d97bde41d608f68f2b,2024-10,"MUNIC_RES, DIAG_PRINC",linked_from_paper1_cache
SIH/SUS RD,ftp://ftp.datasus.gov.br/dissemin/publicos/SIHSUS/200801_/Dados/RDAM2411.dbc,2026-08-23,/Users/brenoherculano/Desktop/Brazil Mental Health Spatial Inequality Project/phase2_analysis/data_raw/sih_2024/RDAM2411.dbc,1272179,ea8b754573002b7390a2d9b15515e76dc7e4f0ac8bbdd3c1e33de3bea7a2f0ce,2024-11,"MUNIC_RES, DIAG_PRINC",linked_from_paper1_cache
SIH/SUS RD,ftp://ftp.datasus.gov.br/dissemin/publicos/SIHSUS/200801_/Dados/RDAM2412.dbc,2026-08-23,/Users/brenoherculano/Desktop/Brazil Mental Health Spatial Inequality Project/phase2_analysis/data_raw/sih_2024/RDAM2412.dbc,1164822,5329f02c340f88a9ff2a3c459a6b4ad98746e1c59bf90f339adb973531b3992d,2024-12,"MUNIC_RES, DIAG_PRINC",linked_from_paper1_cache
SIH/SUS RD,ftp://ftp.datasus.gov.br/dissemin/publicos/SIHSUS/200801_/Dados/RDAP2401.dbc,2026-08-23,/Users/brenoherculano/Desktop/Brazil Mental Health Spatial Inequality Project/phase2_analysis/data_raw/sih_2024/RDAP2401.dbc,313194,1fc8485a88a93b164383cdd240b801ef3aee72cc8cbbc22a449d78196e49a282,2024-01,"MUNIC_RES, DIAG_PRINC",linked_from_paper1_cache
SIH/SUS RD,ftp://ftp.datasus.gov.br/dissemin/publicos/SIHSUS/200801_/Dados/RDAP2402.dbc,2026-08-23,/Users/brenoherculano/Desktop/Brazil Mental Health Spatial Inequality Project/phase2_analysis/data_raw/sih_2024/RDAP2402.dbc,294645,031ea99f43722eb23996059992c6d9ab7bd06a7190091c861a1e443796d4d7f4,2024-02,"MUNIC_RES, DIAG_PRINC",linked_from_paper1_cache
SIH/SUS RD,ftp://ftp.datasus.gov.br/dissemin/publicos/SIHSUS/200801_/Dados/RDAP2403.dbc,2026-08-23,/Users/brenoherculano/Desktop/Brazil Mental Health Spatial Inequality Project/phase2_analysis/data_raw/sih_2024/RDAP2403.dbc,301316,ed790a746b0d7b46d13dae57e39563e638d62fb28339cb6cb5a66220247f69e2,2024-03,"MUNIC_RES, DIAG_PRINC",linked_from_paper1_cache
SIH/SUS RD,ftp://ftp.datasus.gov.br/dissemin/publicos/SIHSUS/200801_/Dados/RDAP2404.dbc,2026-08-23,/Users/brenoherculano/Desktop/Brazil Mental Health Spatial Inequality Project/phase2_analysis/data_raw/sih_2024/RDAP2404.dbc,291066,1c376a35886894c050dba8b2c15c9fd17eb5547b70e76bb783c0ef79809d89ba,2024-04,"MUNIC_RES, DIAG_PRINC",linked_from_paper1_cache
SIH/SUS RD,ftp://ftp.datasus.gov.br/dissemin/publicos/SIHSUS/200801_/Dados/RDAP2405.dbc,2026-08-23,/Users/brenoherculano/Desktop/Brazil Mental Health Spatial Inequality Project/phase2_analysis/data_raw/sih_2024/RDAP2405.dbc,310278,20498b655ae5c7e8e42dcff32a7876348bf8f02da64b127bfc5405b1fa19ff0e,2024-05,"MUNIC_RES, DIAG_PRINC",linked_from_paper1_cache
SIH/SUS RD,ftp://ftp.datasus.gov.br/dissemin/publicos/SIHSUS/200801_/Dados/RDAP2406.dbc,2026-08-23,/Users/brenoherculano/Desktop/Brazil Mental Health Spatial Inequality Project/phase2_analysis/data_raw/sih_2024/RDAP2406.dbc,306410,96ec1b651012b78a26138de16a6b81e32bb06ec1a3f3600c6060a834a105cd75,2024-06,"MUNIC_RES, DIAG_PRINC",linked_from_paper1_cache
SIH/SUS RD,ftp://ftp.datasus.gov.br/dissemin/publicos/SIHSUS/200801_/Dados/RDAP2407.dbc,2026-08-23,/Users/brenoherculano/Desktop/Brazil Mental Health Spatial Inequality Project/phase2_analysis/data_raw/sih_2024/RDAP2407.dbc,325869,ed6e7a4590d867b7a155f2f268d9671efdb13dece1c532d79b5f52225e630fe4,2024-07,"MUNIC_RES, DIAG_PRINC",linked_from_paper1_cache
SIH/SUS RD,ftp://ftp.datasus.gov.br/dissemin/publicos/SIHSUS/200801_/Dados/RDAP2408.dbc,2026-08-23,/Users/brenoherculano/Desktop/Brazil Mental Health Spatial Inequality Project/phase2_analysis/data_raw/sih_2024/RDAP2408.dbc,321792,db5b6037e29a21d9920908b6ebeab31cffbee8efb4903bead0f8705ffb3585cd,2024-08,"MUNIC_RES, DIAG_PRINC",linked_from_paper1_cache
SIH/SUS RD,ftp://ftp.datasus.gov.br/dissemin/publicos/SIHSUS/200801_/Dados/RDAP2409.dbc,2026-08-23,/Users/brenoherculano/Desktop/Brazil Mental Health Spatial Inequality Project/phase2_analysis/data_raw/sih_2024/RDAP2409.dbc,342262,a9530ce8259b555ee022f6fcd9456aa253c069cf42b86e129b94e886a43fa421,2024-09,"MUNIC_RES, DIAG_PRINC",linked_from_paper1_cache
SIH/SUS RD,ftp://ftp.datasus.gov.br/dissemin/publicos/SIHSUS/200801_/Dados/RDAP2410.dbc,2026-08-23,/Users/brenoherculano/Desktop/Brazil Mental Health Spatial Inequality Project/phase2_analysis/data_raw/sih_2024/RDAP2410.dbc,351267,49793c6048e31b412b3f7fb7a873bbb74be392a5ac29969edba98fd98ce7d8ab,2024-10,"MUNIC_RES, DIAG_PRINC",linked_from_paper1_cache
SIH/SUS RD,ftp://ftp.datasus.gov.br/dissemin/publicos/SIHSUS/200801_/Dados/RDAP2411.dbc,2026-08-23,/Users/brenoherculano/Desktop/Brazil Mental Health Spatial Inequality Project/phase2_analysis/data_raw/sih_2024/RDAP2411.dbc,328138,13069b35bf6a00e169d3578c9c032c1bbd7a86966804dd032c27ae47a82f67a9,2024-11,"MUNIC_RES, DIAG_PRINC",linked_from_paper1_cache
SIH/SUS RD,ftp://ftp.datasus.gov.br/dissemin/publicos/SIHSUS/200801_/Dados/RDAP2412.dbc,2026-08-23,/Users/brenoherculano/Desktop/Brazil Mental Health Spatial Inequality Project/phase2_analysis/data_raw/sih_2024/RDAP2412.dbc,293491,91a46653ed7c080b295c1edbc299a7b3a2104f3c0349fe0e28a71df07fb42fa2,2024-12,"MUNIC_RES, DIAG_PRINC",linked_from_paper1_cache
SIH/SUS RD,ftp://ftp.datasus.gov.br/dissemin/publicos/SIHSUS/200801_/Dados/RDBA2401.dbc,2026-08-23,/Users/brenoherculano/Desktop/Brazil Mental Health Spatial Inequality Project/phase2_analysis/data_raw/sih_2024/RDBA2401.dbc,5290623,6b2815cb09abd5c9314f894e43ee622a1fafe4c2d784450e2a273504f4e032a0,2024-01,"MUNIC_RES, DIAG_PRINC",linked_from_paper1_cache
SIH/SUS RD,ftp://ftp.datasus.gov.br/dissemin/publicos/SIHSUS/200801_/Dados/RDBA2402.dbc,2026-08-23,/Users/brenoherculano/Desktop/Brazil Mental Health Spatial Inequality Project/phase2_analysis/data_raw/sih_2024/RDBA2402.dbc,5297006,38c2cc8f6e5ba044d2df3e014b35b6ab2ca77cc4d86bbb54524e0e45d36784c6,2024-02,"MUNIC_RES, DIAG_PRINC",linked_from_paper1_cache
SIH/SUS RD,ftp://ftp.datasus.gov.br/dissemin/publicos/SIHSUS/200801_/Dados/RDBA2403.dbc,2026-08-23,/Users/brenoherculano/Desktop/Brazil Mental Health Spatial Inequality Project/phase2_analysis/data_raw/sih_2024/RDBA2403.dbc,5691189,9d705b56ae39ca11965f1defb3cb8a01f8b06e16dc13cfa551817bc532e7764c,2024-03,"MUNIC_RES, DIAG_PRINC",linked_from_paper1_cache
SIH/SUS RD,ftp://ftp.datasus.gov.br/dissemin/publicos/SIHSUS/200801_/Dados/RDBA2404.dbc,2026-08-23,/Users/brenoherculano/Desktop/Brazil Mental Health Spatial Inequality Project/phase2_analysis/data_raw/sih_2024/RDBA2404.dbc,6008491,8f67bf75593ae8bbe942a616f5e8d089516cc4b1455c1657e6c39342190b0f50,2024-04,"MUNIC_RES, DIAG_PRINC",linked_from_paper1_cache
SIH/SUS RD,ftp://ftp.datasus.gov.br/dissemin/publicos/SIHSUS/200801_/Dados/RDBA2405.dbc,2026-08-23,/Users/brenoherculano/Desktop/Brazil Mental Health Spatial Inequality Project/phase2_analysis/data_raw/sih_2024/RDBA2405.dbc,5909690,8ea7084c9143af3ec921c540024246876be10d1c5b6f20857b0be7099571477d,2024-05,"MUNIC_RES, DIAG_PRINC",linked_from_paper1_cache
SIH/SUS RD,ftp://ftp.datasus.gov.br/dissemin/publicos/SIHSUS/200801_/Dados/RDBA2406.dbc,2026-08-23,/Users/brenoherculano/Desktop/Brazil Mental Health Spatial Inequality Project/phase2_analysis/data_raw/sih_2024/RDBA2406.dbc,5443527,f4eacca1b289accc7fdccbfc85224b42f7997028b10c73ec3f6dce66b1c0b0b5,2024-06,"MUNIC_RES, DIAG_PRINC",linked_from_paper1_cache
SIH/SUS RD,ftp://ftp.datasus.gov.br/dissemin/publicos/SIHSUS/200801_/Dados/RDBA2407.dbc,2026-08-23,/Users/brenoherculano/Desktop/Brazil Mental Health Spatial Inequality Project/phase2_analysis/data_raw/sih_2024/RDBA2407.dbc,6032841,fbdc155985d9924a6d165a491c2917b9d2aef9c6b14ba8d399d136b79d728d60,2024-07,"MUNIC_RES, DIAG_PRINC",linked_from_paper1_cache
SIH/SUS RD,ftp://ftp.datasus.gov.br/dissemin/publicos/SIHSUS/200801_/Dados/RDBA2408.dbc,2026-08-23,/Users/brenoherculano/Desktop/Brazil Mental Health Spatial Inequality Project/phase2_analysis/data_raw/sih_2024/RDBA2408.dbc,6058359,18ed23b7ce0dbba21de03ef2b5f1d2567523d909512901243888c784e4e8b477,2024-08,"MUNIC_RES, DIAG_PRINC",linked_from_paper1_cache
SIH/SUS RD,ftp://ftp.datasus.gov.br/dissemin/publicos/SIHSUS/200801_/Dados/RDBA2409.dbc,2026-08-23,/Users/brenoherculano/Desktop/Brazil Mental Health Spatial Inequality Project/phase2_analysis/data_raw/sih_2024/RDBA2409.dbc,5801443,26fb779c6ff2343d55df8fe4e4572f8deb820a144bd426d04dcf5793fb723747,2024-09,"MUNIC_RES, DIAG_PRINC",linked_from_paper1_cache
SIH/SUS RD,ftp://ftp.datasus.gov.br/dissemin/publicos/SIHSUS/200801_/Dados/RDBA2410.dbc,2026-08-23,/Users/brenoherculano/Desktop/Brazil Mental Health Spatial Inequality Project/phase2_analysis/data_raw/sih_2024/RDBA2410.dbc,5902399,1a7fa4005fee8dce4294ee739f9cc2202299cca86eb83227339d9d099a47c01c,2024-10,"MUNIC_RES, DIAG_PRINC",linked_from_paper1_cache
SIH/SUS RD,ftp://ftp.datasus.gov.br/dissemin/publicos/SIHSUS/200801_/Dados/RDBA2411.dbc,2026-08-23,/Users/brenoherculano/Desktop/Brazil Mental Health Spatial Inequality Project/phase2_analysis/data_raw/sih_2024/RDBA2411.dbc,5727832,63c604a2efaf3655ec26aa1556ccd16a5100b56c5c55a1792e654e4d63fc1e9e,2024-11,"MUNIC_RES, DIAG_PRINC",linked_from_paper1_cache
SIH/SUS RD,ftp://ftp.datasus.gov.br/dissemin/publicos/SIHSUS/200801_/Dados/RDBA2412.dbc,2026-08-23,/Users/brenoherculano/Desktop/Brazil Mental Health Spatial Inequality Project/phase2_analysis/data_raw/sih_2024/RDBA2412.dbc,5333094,3c6c3f6b8635be5d4bbde0bedfeacfd8f0f78a1d0fcabee218da73a7fd5f5dbf,2024-12,"MUNIC_RES, DIAG_PRINC",linked_from_paper1_cache
SIH/SUS RD,ftp://ftp.datasus.gov.br/dissemin/publicos/SIHSUS/200801_/Dados/RDCE2401.dbc,2026-08-23,/Users/brenoherculano/Desktop/Brazil Mental Health Spatial Inequality Project/phase2_analysis/data_raw/sih_2024/RDCE2401.dbc,3414473,acd98132b45bd6b3400328001678bc26fa7be5656715809f38fda8881f4e0998,2024-01,"MUNIC_RES, DIAG_PRINC",linked_from_paper1_cache
SIH/SUS RD,ftp://ftp.datasus.gov.br/dissemin/publicos/SIHSUS/200801_/Dados/RDCE2402.dbc,2026-08-23,/Users/brenoherculano/Desktop/Brazil Mental Health Spatial Inequality Project/phase2_analysis/data_raw/sih_2024/RDCE2402.dbc,3260776,1eeea2922359f670aef54b28cf06eabfce3ed04650966c9df3ce1675a1c44e70,2024-02,"MUNIC_RES, DIAG_PRINC",linked_from_paper1_cache
SIH/SUS RD,ftp://ftp.datasus.gov.br/dissemin/publicos/SIHSUS/200801_/Dados/RDCE2403.dbc,2026-08-23,/Users/brenoherculano/Desktop/Brazil Mental Health Spatial Inequality Project/phase2_analysis/data_raw/sih_2024/RDCE2403.dbc,3453616,433ef592d520ae3b9f153a391391b965f21409291e61d76751ac032d50c8820f,2024-03,"MUNIC_RES, DIAG_PRINC",linked_from_paper1_cache
SIH/SUS RD,ftp://ftp.datasus.gov.br/dissemin/publicos/SIHSUS/200801_/Dados/RDCE2404.dbc,2026-08-23,/Users/brenoherculano/Desktop/Brazil Mental Health Spatial Inequality Project/phase2_analysis/data_raw/sih_2024/RDCE2404.dbc,3806690,47e1ab2eb4507c7aa460f9e826b8c21f218d79c19e2ae3fb525aba82382a92f7,2024-04,"MUNIC_RES, DIAG_PRINC",linked_from_paper1_cache
SIH/SUS RD,ftp://ftp.datasus.gov.br/dissemin/publicos/SIHSUS/200801_/Dados/RDCE2405.dbc,2026-08-23,/Users/brenoherculano/Desktop/Brazil Mental Health Spatial Inequality Project/phase2_analysis/data_raw/sih_2024/RDCE2405.dbc,3705619,6ecb1cac76fe7f8a0e3a50cd25ef86c2f325641daf192140f97dbdc153a949f6,2024-05,"MUNIC_RES, DIAG_PRINC",linked_from_paper1_cache
SIH/SUS RD,ftp://ftp.datasus.gov.br/dissemin/publicos/SIHSUS/200801_/Dados/RDCE2406.dbc,2026-08-23,/Users/brenoherculano/Desktop/Brazil Mental Health Spatial Inequality Project/phase2_analysis/data_raw/sih_2024/RDCE2406.dbc,3679139,eec01df18576ca6f53a2606e0438218061c1612d3c848e31d0715ccd613eb717,2024-06,"MUNIC_RES, DIAG_PRINC",linked_from_paper1_cache
SIH/SUS RD,ftp://ftp.datasus.gov.br/dissemin/publicos/SIHSUS/200801_/Dados/RDCE2407.dbc,2026-08-23,/Users/brenoherculano/Desktop/Brazil Mental Health Spatial Inequality Project/phase2_analysis/data_raw/sih_2024/RDCE2407.dbc,3759635,ea684d40c09b8303b9aa906ac8d4fe65e7595a4a5fdefa10eb31db71e2ee8f07,2024-07,"MUNIC_RES, DIAG_PRINC",linked_from_paper1_cache
SIH/SUS RD,ftp://ftp.datasus.gov.br/dissemin/publicos/SIHSUS/200801_/Dados/RDCE2408.dbc,2026-08-23,/Users/brenoherculano/Desktop/Brazil Mental Health Spatial Inequality Project/phase2_analysis/data_raw/sih_2024/RDCE2408.dbc,3763218,aa2f2e0813c02ebdede70e0daf7ba9b4cac57b195ae96bec31dbcf433f840b1d,2024-08,"MUNIC_RES, DIAG_PRINC",linked_from_paper1_cache
SIH/SUS RD,ftp://ftp.datasus.gov.br/dissemin/publicos/SIHSUS/200801_/Dados/RDCE2409.dbc,2026-08-23,/Users/brenoherculano/Desktop/Brazil Mental Health Spatial Inequality Project/phase2_analysis/data_raw/sih_2024/RDCE2409.dbc,3653653,4fa64a3fff2c432e4eedbed324ac345c6f31943fb80e7d05c193e70b58f99b7e,2024-09,"MUNIC_RES, DIAG_PRINC",linked_from_paper1_cache
SIH/SUS RD,ftp://ftp.datasus.gov.br/dissemin/publicos/SIHSUS/200801_/Dados/RDCE2410.dbc,2026-08-23,/Users/brenoherculano/Desktop/Brazil Mental Health Spatial Inequality Project/phase2_analysis/data_raw/sih_2024/RDCE2410.dbc,3620323,c60606e11ba01761c39ec20c8de3366b85c56b4cb92881ab85e27db12e7f171c,2024-10,"MUNIC_RES, DIAG_PRINC",linked_from_paper1_cache
SIH/SUS RD,ftp://ftp.datasus.gov.br/dissemin/publicos/SIHSUS/200801_/Dados/RDCE2411.dbc,2026-08-23,/Users/brenoherculano/Desktop/Brazil Mental Health Spatial Inequality Project/phase2_analysis/data_raw/sih_2024/RDCE2411.dbc,3430034,3cc99a1e059bb511d3f1bea314f084d2be01e3939fc41acd0a33ef6c7f274839,2024-11,"MUNIC_RES, DIAG_PRINC",linked_from_paper1_cache
SIH/SUS RD,ftp://ftp.datasus.gov.br/dissemin/publicos/SIHSUS/200801_/Dados/RDCE2412.dbc,2026-08-23,/Users/brenoherculano/Desktop/Brazil Mental Health Spatial Inequality Project/phase2_analysis/data_raw/sih_2024/RDCE2412.dbc,3291966,30976a18f90f44232c6b4fdae5d6e3a0af859ebd6ced450ab14dc3088a2eb474,2024-12,"MUNIC_RES, DIAG_PRINC",linked_from_paper1_cache
SIH/SUS RD,ftp://ftp.datasus.gov.br/dissemin/publicos/SIHSUS/200801_/Dados/RDDF2401.dbc,2026-08-23,/Users/brenoherculano/Desktop/Brazil Mental Health Spatial Inequality Project/phase2_analysis/data_raw/sih_2024/RDDF2401.dbc,1580978,15febb0560bd46f2a0b6c1291e47f7be9595d9784c6b6f4edd266a46d9c4d2b7,2024-01,"MUNIC_RES, DIAG_PRINC",linked_from_paper1_cache
SIH/SUS RD,ftp://ftp.datasus.gov.br/dissemin/publicos/SIHSUS/200801_/Dados/RDDF2402.dbc,2026-08-23,/Users/brenoherculano/Desktop/Brazil Mental Health Spatial Inequality Project/phase2_analysis/data_raw/sih_2024/RDDF2402.dbc,1587995,88309052c2b14fb5a8698067235a2dffdcf24ef7a596dab14e4f98e83a7f6794,2024-02,"MUNIC_RES, DIAG_PRINC",linked_from_paper1_cache
SIH/SUS RD,ftp://ftp.datasus.gov.br/dissemin/publicos/SIHSUS/200801_/Dados/RDDF2403.dbc,2026-08-23,/Users/brenoherculano/Desktop/Brazil Mental Health Spatial Inequality Project/phase2_analysis/data_raw/sih_2024/RDDF2403.dbc,1708126,6afb6013464fa000782f240f3d140f609e202e461ffc76d4fa4d641aeb4691ae,2024-03,"MUNIC_RES, DIAG_PRINC",linked_from_paper1_cache
SIH/SUS RD,ftp://ftp.datasus.gov.br/dissemin/publicos/SIHSUS/200801_/Dados/RDDF2404.dbc,2026-08-23,/Users/brenoherculano/Desktop/Brazil Mental Health Spatial Inequality Project/phase2_analysis/data_raw/sih_2024/RDDF2404.dbc,1747501,caac03bcc1594945a0f84ef113b526c9dc1d99a4b403070789d9cd62fb0c2e9a,2024-04,"MUNIC_RES, DIAG_PRINC",linked_from_paper1_cache
SIH/SUS RD,ftp://ftp.datasus.gov.br/dissemin/publicos/SIHSUS/200801_/Dados/RDDF2405.dbc,2026-08-23,/Users/brenoherculano/Desktop/Brazil Mental Health Spatial Inequality Project/phase2_analysis/data_raw/sih_2024/RDDF2405.dbc,1694052,988e038c0c66b07bdcfc59ed5d9c1e6fb9f72213e887f241697dc92c3c1fd350,2024-05,"MUNIC_RES, DIAG_PRINC",linked_from_paper1_cache
SIH/SUS RD,ftp://ftp.datasus.gov.br/dissemin/publicos/SIHSUS/200801_/Dados/RDDF2406.dbc,2026-08-23,/Users/brenoherculano/Desktop/Brazil Mental Health Spatial Inequality Project/phase2_analysis/data_raw/sih_2024/RDDF2406.dbc,1643985,d73a42527b3b67b0aaaed6852a29b1be2d5b702ad0239b6846efe63f0b0c0726,2024-06,"MUNIC_RES, DIAG_PRINC",linked_from_paper1_cache
SIH/SUS RD,ftp://ftp.datasus.gov.br/dissemin/publicos/SIHSUS/200801_/Dados/RDDF2407.dbc,2026-08-23,/Users/brenoherculano/Desktop/Brazil Mental Health Spatial Inequality Project/phase2_analysis/data_raw/sih_2024/RDDF2407.dbc,1696887,712d436421f4f37df145c1c8c08b67130775eea0fa82cc51ab445db1f92143d1,2024-07,"MUNIC_RES, DIAG_PRINC",linked_from_paper1_cache
SIH/SUS RD,ftp://ftp.datasus.gov.br/dissemin/publicos/SIHSUS/200801_/Dados/RDDF2408.dbc,2026-08-23,/Users/brenoherculano/Desktop/Brazil Mental Health Spatial Inequality Project/phase2_analysis/data_raw/sih_2024/RDDF2408.dbc,1690674,fd8e7ec16ba9bd0a57fb3633c3e9ea5902be184d071c2015dee4dd01715cda5a,2024-08,"MUNIC_RES, DIAG_PRINC",linked_from_paper1_cache
SIH/SUS RD,ftp://ftp.datasus.gov.br/dissemin/publicos/SIHSUS/200801_/Dados/RDDF2409.dbc,2026-08-23,/Users/brenoherculano/Desktop/Brazil Mental Health Spatial Inequality Project/phase2_analysis/data_raw/sih_2024/RDDF2409.dbc,1556797,5735d18e89927a7e94249b92b8b776a151d80e5341d1f0701da552c8cc6f04a1,2024-09,"MUNIC_RES, DIAG_PRINC",linked_from_paper1_cache
SIH/SUS RD,ftp://ftp.datasus.gov.br/dissemin/publicos/SIHSUS/200801_/Dados/RDDF2410.dbc,2026-08-23,/Users/brenoherculano/Desktop/Brazil Mental Health Spatial Inequality Project/phase2_analysis/data_raw/sih_2024/RDDF2410.dbc,1618337,44b836217e265683ebe09175b6504e0d10ac10aea543f4142193495692872620,2024-10,"MUNIC_RES, DIAG_PRINC",linked_from_paper1_cache
SIH/SUS RD,ftp://ftp.datasus.gov.br/dissemin/publicos/SIHSUS/200801_/Dados/RDDF2411.dbc,2026-08-23,/Users/brenoherculano/Desktop/Brazil Mental Health Spatial Inequality Project/phase2_analysis/data_raw/sih_2024/RDDF2411.dbc,1578339,dfc6050aafbef1672ae7cfcf22774bdabae77ba5f48c5760713f603ad13d6f3c,2024-11,"MUNIC_RES, DIAG_PRINC",linked_from_paper1_cache
SIH/SUS RD,ftp://ftp.datasus.gov.br/dissemin/publicos/SIHSUS/200801_/Dados/RDDF2412.dbc,2026-08-23,/Users/brenoherculano/Desktop/Brazil Mental Health Spatial Inequality Project/phase2_analysis/data_raw/sih_2024/RDDF2412.dbc,1489086,337be9c14890e8c81b3858d88a3b1f7fccb1e1cb60caf5c3f9791e2a24651090,2024-12,"MUNIC_RES, DIAG_PRINC",linked_from_paper1_cache
SIH/SUS RD,ftp://ftp.datasus.gov.br/dissemin/publicos/SIHSUS/200801_/Dados/RDES2401.dbc,2026-08-23,/Users/brenoherculano/Desktop/Brazil Mental Health Spatial Inequality Project/phase2_analysis/data_raw/sih_2024/RDES2401.dbc,1766641,f09f13ab377bbc0ccfda21e34389ef5a4e26b1627f4a8f8e29be7e0d20f1d59c,2024-01,"MUNIC_RES, DIAG_PRINC",linked_from_paper1_cache
SIH/SUS RD,ftp://ftp.datasus.gov.br/dissemin/publicos/SIHSUS/200801_/Dados/RDES2402.dbc,2026-08-23,/Users/brenoherculano/Desktop/Brazil Mental Health Spatial Inequality Project/phase2_analysis/data_raw/sih_2024/RDES2402.dbc,1736230,acf39c2794a57e88c524e042b949ba23c0c705989c5f468f00984f33714c2780,2024-02,"MUNIC_RES, DIAG_PRINC",linked_from_paper1_cache
SIH/SUS RD,ftp://ftp.datasus.gov.br/dissemin/publicos/SIHSUS/200801_/Dados/RDES2403.dbc,2026-08-23,/Users/brenoherculano/Desktop/Brazil Mental Health Spatial Inequality Project/phase2_analysis/data_raw/sih_2024/RDES2403.dbc,1986141,84fe2fbad40e6781d5b9cf744433075d48b3a44b662cf002a93d7198371db35c,2024-03,"MUNIC_RES, DIAG_PRINC",linked_from_paper1_cache
SIH/SUS RD,ftp://ftp.datasus.gov.br/dissemin/publicos/SIHSUS/200801_/Dados/RDES2404.dbc,2026-08-23,/Users/brenoherculano/Desktop/Brazil Mental Health Spatial Inequality Project/phase2_analysis/data_raw/sih_2024/RDES2404.dbc,2056268,4c026117feadeae5ea6de6eb52c2103e589de7cc6cee6c6f6781a54b9f95bfd1,2024-04,"MUNIC_RES, DIAG_PRINC",linked_from_paper1_cache
SIH/SUS RD,ftp://ftp.datasus.gov.br/dissemin/publicos/SIHSUS/200801_/Dados/RDES2405.dbc,2026-08-23,/Users/brenoherculano/Desktop/Brazil Mental Health Spatial Inequality Project/phase2_analysis/data_raw/sih_2024/RDES2405.dbc,1976784,51ef74a87c2e4539973add7ae067de10310dd453c480248fae68589d37362691,2024-05,"MUNIC_RES, DIAG_PRINC",linked_from_paper1_cache
SIH/SUS RD,ftp://ftp.datasus.gov.br/dissemin/publicos/SIHSUS/200801_/Dados/RDES2406.dbc,2026-08-23,/Users/brenoherculano/Desktop/Brazil Mental Health Spatial Inequality Project/phase2_analysis/data_raw/sih_2024/RDES2406.dbc,1999390,d939f77f28be7cae3cb25bb69bfe22c694848a8dbca610d86265a684d50ea5c9,2024-06,"MUNIC_RES, DIAG_PRINC",linked_from_paper1_cache
SIH/SUS RD,ftp://ftp.datasus.gov.br/dissemin/publicos/SIHSUS/200801_/Dados/RDES2407.dbc,2026-08-23,/Users/brenoherculano/Desktop/Brazil Mental Health Spatial Inequality Project/phase2_analysis/data_raw/sih_2024/RDES2407.dbc,2051555,edc82ce3f381eaee2a721a621bbed75b37d5a3512ba3ec2bf0573dbc909c69df,2024-07,"MUNIC_RES, DIAG_PRINC",linked_from_paper1_cache
SIH/SUS RD,ftp://ftp.datasus.gov.br/dissemin/publicos/SIHSUS/200801_/Dados/RDES2408.dbc,2026-08-23,/Users/brenoherculano/Desktop/Brazil Mental Health Spatial Inequality Project/phase2_analysis/data_raw/sih_2024/RDES2408.dbc,1984648,bd57d3ebe29d75dc028ed71e86805fcea4a6a85a51111b54784165fe2db44f37,2024-08,"MUNIC_RES, DIAG_PRINC",linked_from_paper1_cache
SIH/SUS RD,ftp://ftp.datasus.gov.br/dissemin/publicos/SIHSUS/200801_/Dados/RDES2409.dbc,2026-08-23,/Users/brenoherculano/Desktop/Brazil Mental Health Spatial Inequality Project/phase2_analysis/data_raw/sih_2024/RDES2409.dbc,2017300,ffe37d35336bf4481254a4d0defc8817ba12e8ebbc822b74b167080c7ebc60d1,2024-09,"MUNIC_RES, DIAG_PRINC",linked_from_paper1_cache
SIH/SUS RD,ftp://ftp.datasus.gov.br/dissemin/publicos/SIHSUS/200801_/Dados/RDES2410.dbc,2026-08-23,/Users/brenoherculano/Desktop/Brazil Mental Health Spatial Inequality Project/phase2_analysis/data_raw/sih_2024/RDES2410.dbc,2148653,36a6c8480944e8966207a0a2afe8a49359894c649632e2a693f2964376ab89a5,2024-10,"MUNIC_RES, DIAG_PRINC",linked_from_paper1_cache
SIH/SUS RD,ftp://ftp.datasus.gov.br/dissemin/publicos/SIHSUS/200801_/Dados/RDES2411.dbc,2026-08-23,/Users/brenoherculano/Desktop/Brazil Mental Health Spatial Inequality Project/phase2_analysis/data_raw/sih_2024/RDES2411.dbc,1932442,a14b5ccc6db862143b987c4f37ff30a0e438f7a8a056eba05ef5c337146116ac,2024-11,"MUNIC_RES, DIAG_PRINC",linked_from_paper1_cache
SIH/SUS RD,ftp://ftp.datasus.gov.br/dissemin/publicos/SIHSUS/200801_/Dados/RDES2412.dbc,2026-08-23,/Users/brenoherculano/Desktop/Brazil Mental Health Spatial Inequality Project/phase2_analysis/data_raw/sih_2024/RDES2412.dbc,1977091,71acefac537a0b722a1499a6fb3da085cc5422dd2e565a52f55782c5540389f9,2024-12,"MUNIC_RES, DIAG_PRINC",linked_from_paper1_cache
SIH/SUS RD,ftp://ftp.datasus.gov.br/dissemin/publicos/SIHSUS/200801_/Dados/RDGO2401.dbc,2026-08-23,/Users/brenoherculano/Desktop/Brazil Mental Health Spatial Inequality Project/phase2_analysis/data_raw/sih_2024/RDGO2401.dbc,2560255,a9be12baed7a4cb58952660a4fce53091b2bd7e2ce2a8be3515ae9473842ccd2,2024-01,"MUNIC_RES, DIAG_PRINC",linked_from_paper1_cache
SIH/SUS RD,ftp://ftp.datasus.gov.br/dissemin/publicos/SIHSUS/200801_/Dados/RDGO2402.dbc,2026-08-23,/Users/brenoherculano/Desktop/Brazil Mental Health Spatial Inequality Project/phase2_analysis/data_raw/sih_2024/RDGO2402.dbc,2545429,c8eff8edfd3262e9b3703ea88cb4ba52018c87269c7d73fdb52f9a5f0ae96055,2024-02,"MUNIC_RES, DIAG_PRINC",linked_from_paper1_cache
SIH/SUS RD,ftp://ftp.datasus.gov.br/dissemin/publicos/SIHSUS/200801_/Dados/RDGO2403.dbc,2026-08-23,/Users/brenoherculano/Desktop/Brazil Mental Health Spatial Inequality Project/phase2_analysis/data_raw/sih_2024/RDGO2403.dbc,2876905,200b2760b644ccc2e0cee519049f973a893003b73492e1d2de3b112febce9dce,2024-03,"MUNIC_RES, DIAG_PRINC",linked_from_paper1_cache
SIH/SUS RD,ftp://ftp.datasus.gov.br/dissemin/publicos/SIHSUS/200801_/Dados/RDGO2404.dbc,2026-08-23,/Users/brenoherculano/Desktop/Brazil Mental Health Spatial Inequality Project/phase2_analysis/data_raw/sih_2024/RDGO2404.dbc,2928017,c80a91796edd1a285cb6b3ab728001dce16ef309d33f39c8dce85bf5e89a432b,2024-04,"MUNIC_RES, DIAG_PRINC",linked_from_paper1_cache
SIH/SUS RD,ftp://ftp.datasus.gov.br/dissemin/publicos/SIHSUS/200801_/Dados/RDGO2405.dbc,2026-08-23,/Users/brenoherculano/Desktop/Brazil Mental Health Spatial Inequality Project/phase2_analysis/data_raw/sih_2024/RDGO2405.dbc,2915128,e9ef626713c374aaeedf38b8d8661b644c09bd0f6aaf6ded11cbe67bd55344cf,2024-05,"MUNIC_RES, DIAG_PRINC",linked_from_paper1_cache
SIH/SUS RD,ftp://ftp.datasus.gov.br/dissemin/publicos/SIHSUS/200801_/Dados/RDGO2406.dbc,2026-08-23,/Users/brenoherculano/Desktop/Brazil Mental Health Spatial Inequality Project/phase2_analysis/data_raw/sih_2024/RDGO2406.dbc,2750499,618c339cbf5e6ac663a0b22dc282aaf9eb3fb3b2cbd6bfaf753ab416642e6f03,2024-06,"MUNIC_RES, DIAG_PRINC",linked_from_paper1_cache
SIH/SUS RD,ftp://ftp.datasus.gov.br/dissemin/publicos/SIHSUS/200801_/Dados/RDGO2407.dbc,2026-08-23,/Users/brenoherculano/Desktop/Brazil Mental Health Spatial Inequality Project/phase2_analysis/data_raw/sih_2024/RDGO2407.dbc,2902340,c10e99801b3b72b1131f3b74279164f27eaae102653ee73586cf4d0ef32fabdb,2024-07,"MUNIC_RES, DIAG_PRINC",linked_from_paper1_cache
SIH/SUS RD,ftp://ftp.datasus.gov.br/dissemin/publicos/SIHSUS/200801_/Dados/RDGO2408.dbc,2026-08-23,/Users/brenoherculano/Desktop/Brazil Mental Health Spatial Inequality Project/phase2_analysis/data_raw/sih_2024/RDGO2408.dbc,2831733,04a59146a34b3f6f0fd4385cf5ccd3074e5356e41c7fbea629908a381b6bd473,2024-08,"MUNIC_RES, DIAG_PRINC",linked_from_paper1_cache
SIH/SUS RD,ftp://ftp.datasus.gov.br/dissemin/publicos/SIHSUS/200801_/Dados/RDGO2409.dbc,2026-08-23,/Users/brenoherculano/Desktop/Brazil Mental Health Spatial Inequality Project/phase2_analysis/data_raw/sih_2024/RDGO2409.dbc,2793720,6eb17bdcd48b7d650670da7d1e29a1e6a5f7ce1f66a4599457ba9ebec3784653,2024-09,"MUNIC_RES, DIAG_PRINC",linked_from_paper1_cache
SIH/SUS RD,ftp://ftp.datasus.gov.br/dissemin/publicos/SIHSUS/200801_/Dados/RDGO2410.dbc,2026-08-23,/Users/brenoherculano/Desktop/Brazil Mental Health Spatial Inequality Project/phase2_analysis/data_raw/sih_2024/RDGO2410.dbc,2811891,f1627f0c4cf4ca4e6fbc2da21a106d38d59e06580b437ac7d1eb804c46020ac9,2024-10,"MUNIC_RES, DIAG_PRINC",linked_from_paper1_cache
SIH/SUS RD,ftp://ftp.datasus.gov.br/dissemin/publicos/SIHSUS/200801_/Dados/RDGO2411.dbc,2026-08-23,/Users/brenoherculano/Desktop/Brazil Mental Health Spatial Inequality Project/phase2_analysis/data_raw/sih_2024/RDGO2411.dbc,2576835,660a8363b847839b64ea7ebf6e191cb8834aa1128884dd41977ccb7ea349f129,2024-11,"MUNIC_RES, DIAG_PRINC",linked_from_paper1_cache
SIH/SUS RD,ftp://ftp.datasus.gov.br/dissemin/publicos/SIHSUS/200801_/Dados/RDGO2412.dbc,2026-08-23,/Users/brenoherculano/Desktop/Brazil Mental Health Spatial Inequality Project/phase2_analysis/data_raw/sih_2024/RDGO2412.dbc,2712380,637cac5ecf37c629198be080593df81e61d5d42e43fae513328f73ad9c174c6f,2024-12,"MUNIC_RES, DIAG_PRINC",linked_from_paper1_cache
SIH/SUS RD,ftp://ftp.datasus.gov.br/dissemin/publicos/SIHSUS/200801_/Dados/RDMA2401.dbc,2026-08-23,/Users/brenoherculano/Desktop/Brazil Mental Health Spatial Inequality Project/phase2_analysis/data_raw/sih_2024/RDMA2401.dbc,2739562,6bf724b94535f6ae39cadf9a10e2d057d033959764a93ee6a67187bd51ba2ddd,2024-01,"MUNIC_RES, DIAG_PRINC",linked_from_paper1_cache
SIH/SUS RD,ftp://ftp.datasus.gov.br/dissemin/publicos/SIHSUS/200801_/Dados/RDMA2402.dbc,2026-08-23,/Users/brenoherculano/Desktop/Brazil Mental Health Spatial Inequality Project/phase2_analysis/data_raw/sih_2024/RDMA2402.dbc,2605914,139ced872ec6664c3aa8e1207e37c5fc5bcdc9af3aba3eb9ce114a76ff1f6570,2024-02,"MUNIC_RES, DIAG_PRINC",linked_from_paper1_cache
SIH/SUS RD,ftp://ftp.datasus.gov.br/dissemin/publicos/SIHSUS/200801_/Dados/RDMA2403.dbc,2026-08-23,/Users/brenoherculano/Desktop/Brazil Mental Health Spatial Inequality Project/phase2_analysis/data_raw/sih_2024/RDMA2403.dbc,2877254,d8e4908329b4e78a53123e5596c560e5c6a04d6b46caf19cab59ea45933669e1,2024-03,"MUNIC_RES, DIAG_PRINC",linked_from_paper1_cache
SIH/SUS RD,ftp://ftp.datasus.gov.br/dissemin/publicos/SIHSUS/200801_/Dados/RDMA2404.dbc,2026-08-23,/Users/brenoherculano/Desktop/Brazil Mental Health Spatial Inequality Project/phase2_analysis/data_raw/sih_2024/RDMA2404.dbc,2832026,d0522400571507219df8e747232dcce1f0b5942bb4f272407fc54a2ea7fb1a9a,2024-04,"MUNIC_RES, DIAG_PRINC",linked_from_paper1_cache
SIH/SUS RD,ftp://ftp.datasus.gov.br/dissemin/publicos/SIHSUS/200801_/Dados/RDMA2405.dbc,2026-08-23,/Users/brenoherculano/Desktop/Brazil Mental Health Spatial Inequality Project/phase2_analysis/data_raw/sih_2024/RDMA2405.dbc,2927624,ec3fbeb71cdd1db0369a4abc6cdfab2e376d3eda9547efa80b3f9fba7533a822,2024-05,"MUNIC_RES, DIAG_PRINC",linked_from_paper1_cache
SIH/SUS RD,ftp://ftp.datasus.gov.br/dissemin/publicos/SIHSUS/200801_/Dados/RDMA2406.dbc,2026-08-23,/Users/brenoherculano/Desktop/Brazil Mental Health Spatial Inequality Project/phase2_analysis/data_raw/sih_2024/RDMA2406.dbc,2839291,db3f9095feb8951278a0260190e677d455c3da369f3eb76e91e68d50dcf89825,2024-06,"MUNIC_RES, DIAG_PRINC",linked_from_paper1_cache
SIH/SUS RD,ftp://ftp.datasus.gov.br/dissemin/publicos/SIHSUS/200801_/Dados/RDMA2407.dbc,2026-08-23,/Users/brenoherculano/Desktop/Brazil Mental Health Spatial Inequality Project/phase2_analysis/data_raw/sih_2024/RDMA2407.dbc,2882409,11e31dddadd9832837aac3907e18a3c59fc8c5daaa93ca176fb29f5f621b86e0,2024-07,"MUNIC_RES, DIAG_PRINC",linked_from_paper1_cache
SIH/SUS RD,ftp://ftp.datasus.gov.br/dissemin/publicos/SIHSUS/200801_/Dados/RDMA2408.dbc,2026-08-23,/Users/brenoherculano/Desktop/Brazil Mental Health Spatial Inequality Project/phase2_analysis/data_raw/sih_2024/RDMA2408.dbc,2852973,b2a6a7f3e4cbf911398140cc923b4f5d08cb3f96bc0dbb03bf641a0f2cc5692c,2024-08,"MUNIC_RES, DIAG_PRINC",linked_from_paper1_cache
SIH/SUS RD,ftp://ftp.datasus.gov.br/dissemin/publicos/SIHSUS/200801_/Dados/RDMA2409.dbc,2026-08-23,/Users/brenoherculano/Desktop/Brazil Mental Health Spatial Inequality Project/phase2_analysis/data_raw/sih_2024/RDMA2409.dbc,2846839,5e20f196ac21a8a7b5beb6d86660f099759863782a87debcb0a4cc8e225c8c8b,2024-09,"MUNIC_RES, DIAG_PRINC",linked_from_paper1_cache
SIH/SUS RD,ftp://ftp.datasus.gov.br/dissemin/publicos/SIHSUS/200801_/Dados/RDMA2410.dbc,2026-08-23,/Users/brenoherculano/Desktop/Brazil Mental Health Spatial Inequality Project/phase2_analysis/data_raw/sih_2024/RDMA2410.dbc,2835334,a9e046ed4e74f767238894e67770cabd853113fd7f6dbc4a2577944985e3984e,2024-10,"MUNIC_RES, DIAG_PRINC",linked_from_paper1_cache
SIH/SUS RD,ftp://ftp.datasus.gov.br/dissemin/publicos/SIHSUS/200801_/Dados/RDMA2411.dbc,2026-08-23,/Users/brenoherculano/Desktop/Brazil Mental Health Spatial Inequality Project/phase2_analysis/data_raw/sih_2024/RDMA2411.dbc,2796069,b28b4ee337ad61234d617360a75c1c962ddcfb3733bff5944b4dfc0af85bfe70,2024-11,"MUNIC_RES, DIAG_PRINC",linked_from_paper1_cache
SIH/SUS RD,ftp://ftp.datasus.gov.br/dissemin/publicos/SIHSUS/200801_/Dados/RDMA2412.dbc,2026-08-23,/Users/brenoherculano/Desktop/Brazil Mental Health Spatial Inequality Project/phase2_analysis/data_raw/sih_2024/RDMA2412.dbc,2560140,d8f5915dc528f0caf15452100d4a4a45f07b7c8a815b20e402d3a33b43221190,2024-12,"MUNIC_RES, DIAG_PRINC",linked_from_paper1_cache
SIH/SUS RD,ftp://ftp.datasus.gov.br/dissemin/publicos/SIHSUS/200801_/Dados/RDMG2401.dbc,2026-08-23,/Users/brenoherculano/Desktop/Brazil Mental Health Spatial Inequality Project/phase2_analysis/data_raw/sih_2024/RDMG2401.dbc,9548183,aa6b3057f5870bb8e63c19681df20e9b34a3ae05e978466ff92222f8ffc3066c,2024-01,"MUNIC_RES, DIAG_PRINC",linked_from_paper1_cache
SIH/SUS RD,ftp://ftp.datasus.gov.br/dissemin/publicos/SIHSUS/200801_/Dados/RDMG2402.dbc,2026-08-23,/Users/brenoherculano/Desktop/Brazil Mental Health Spatial Inequality Project/phase2_analysis/data_raw/sih_2024/RDMG2402.dbc,9466002,fb3155b7e8195a7f21410799bc20651f745e716cb1ca4d9ab63df21ca059eabd,2024-02,"MUNIC_RES, DIAG_PRINC",linked_from_paper1_cache
SIH/SUS RD,ftp://ftp.datasus.gov.br/dissemin/publicos/SIHSUS/200801_/Dados/RDMG2403.dbc,2026-08-23,/Users/brenoherculano/Desktop/Brazil Mental Health Spatial Inequality Project/phase2_analysis/data_raw/sih_2024/RDMG2403.dbc,10099384,1a4d37e413a87d3f34650410fffec43fe5c2ae7665cc4ddadf8c2af4d21bcc5f,2024-03,"MUNIC_RES, DIAG_PRINC",linked_from_paper1_cache
SIH/SUS RD,ftp://ftp.datasus.gov.br/dissemin/publicos/SIHSUS/200801_/Dados/RDMG2404.dbc,2026-08-23,/Users/brenoherculano/Desktop/Brazil Mental Health Spatial Inequality Project/phase2_analysis/data_raw/sih_2024/RDMG2404.dbc,10664434,56c2cfa3c4f1c7b5ab2bac0b3cb2fcf8f5ebf1007a8b8a0a5e4e9ee1f97291ac,2024-04,"MUNIC_RES, DIAG_PRINC",linked_from_paper1_cache
SIH/SUS RD,ftp://ftp.datasus.gov.br/dissemin/publicos/SIHSUS/200801_/Dados/RDMG2405.dbc,2026-08-23,/Users/brenoherculano/Desktop/Brazil Mental Health Spatial Inequality Project/phase2_analysis/data_raw/sih_2024/RDMG2405.dbc,10218515,bb300e3488c0a887c891ceb8d05a660faa595ea36cb7473a72235a0ef6464940,2024-05,"MUNIC_RES, DIAG_PRINC",linked_from_paper1_cache
SIH/SUS RD,ftp://ftp.datasus.gov.br/dissemin/publicos/SIHSUS/200801_/Dados/RDMG2406.dbc,2026-08-23,/Users/brenoherculano/Desktop/Brazil Mental Health Spatial Inequality Project/phase2_analysis/data_raw/sih_2024/RDMG2406.dbc,9870312,d7ca7fae642d427a515e2caae3b29817b2b9e94fe0b53c355e048990206686d4,2024-06,"MUNIC_RES, DIAG_PRINC",linked_from_paper1_cache
SIH/SUS RD,ftp://ftp.datasus.gov.br/dissemin/publicos/SIHSUS/200801_/Dados/RDMG2407.dbc,2026-08-23,/Users/brenoherculano/Desktop/Brazil Mental Health Spatial Inequality Project/phase2_analysis/data_raw/sih_2024/RDMG2407.dbc,10177827,a67074a022488ef4c76d0681a43fd1d842d0f19376b3c625e5c79b915189324c,2024-07,"MUNIC_RES, DIAG_PRINC",linked_from_paper1_cache
SIH/SUS RD,ftp://ftp.datasus.gov.br/dissemin/publicos/SIHSUS/200801_/Dados/RDMG2408.dbc,2026-08-23,/Users/brenoherculano/Desktop/Brazil Mental Health Spatial Inequality Project/phase2_analysis/data_raw/sih_2024/RDMG2408.dbc,10370439,5bd38dc7e96138b9ae2e40428e96dfcdc8192d0a2e1c6d7d47b2767a46a369dd,2024-08,"MUNIC_RES, DIAG_PRINC",linked_from_paper1_cache
SIH/SUS RD,ftp://ftp.datasus.gov.br/dissemin/publicos/SIHSUS/200801_/Dados/RDMG2409.dbc,2026-08-23,/Users/brenoherculano/Desktop/Brazil Mental Health Spatial Inequality Project/phase2_analysis/data_raw/sih_2024/RDMG2409.dbc,10242216,badb4e6d1092883f225e4d325439733186e02ffc0959bdcdceccbf4758cdcf94,2024-09,"MUNIC_RES, DIAG_PRINC",linked_from_paper1_cache
SIH/SUS RD,ftp://ftp.datasus.gov.br/dissemin/publicos/SIHSUS/200801_/Dados/RDMG2410.dbc,2026-08-23,/Users/brenoherculano/Desktop/Brazil Mental Health Spatial Inequality Project/phase2_analysis/data_raw/sih_2024/RDMG2410.dbc,10349126,2e2170738c93070ec48aa2fcd03e427442e042a4a0030988f4c111a3b9ddfb55,2024-10,"MUNIC_RES, DIAG_PRINC",linked_from_paper1_cache
SIH/SUS RD,ftp://ftp.datasus.gov.br/dissemin/publicos/SIHSUS/200801_/Dados/RDMG2411.dbc,2026-08-23,/Users/brenoherculano/Desktop/Brazil Mental Health Spatial Inequality Project/phase2_analysis/data_raw/sih_2024/RDMG2411.dbc,9820384,2341875237369ab5168e5f0cd806c77a4bcf96f54f8ad9d012338950321cecf4,2024-11,"MUNIC_RES, DIAG_PRINC",linked_from_paper1_cache
SIH/SUS RD,ftp://ftp.datasus.gov.br/dissemin/publicos/SIHSUS/200801_/Dados/RDMG2412.dbc,2026-08-23,/Users/brenoherculano/Desktop/Brazil Mental Health Spatial Inequality Project/phase2_analysis/data_raw/sih_2024/RDMG2412.dbc,9666160,fb8f9fd912c1ae6f2e6c4bfe36b89c837b9370632df47f21e8a60a2937b9e30a,2024-12,"MUNIC_RES, DIAG_PRINC",linked_from_paper1_cache
SIH/SUS RD,ftp://ftp.datasus.gov.br/dissemin/publicos/SIHSUS/200801_/Dados/RDMS2401.dbc,2026-08-23,/Users/brenoherculano/Desktop/Brazil Mental Health Spatial Inequality Project/phase2_analysis/data_raw/sih_2024/RDMS2401.dbc,1351587,f62b19b2c7026404fbc2b9da74f0c6d774bac9d2d6680a5aa6113f11c2a29448,2024-01,"MUNIC_RES, DIAG_PRINC",linked_from_paper1_cache
SIH/SUS RD,ftp://ftp.datasus.gov.br/dissemin/publicos/SIHSUS/200801_/Dados/RDMS2402.dbc,2026-08-23,/Users/brenoherculano/Desktop/Brazil Mental Health Spatial Inequality Project/phase2_analysis/data_raw/sih_2024/RDMS2402.dbc,1207687,8ad7c02ecb4cdeae32cfd4ea0dd856942747cab4acff6248fc26c8e1818cc8c0,2024-02,"MUNIC_RES, DIAG_PRINC",linked_from_paper1_cache
SIH/SUS RD,ftp://ftp.datasus.gov.br/dissemin/publicos/SIHSUS/200801_/Dados/RDMS2403.dbc,2026-08-23,/Users/brenoherculano/Desktop/Brazil Mental Health Spatial Inequality Project/phase2_analysis/data_raw/sih_2024/RDMS2403.dbc,1321882,1af268bdad0380ed2cc12dc5e21bf59cfe6615c3ef21b00d6a3b3ee03ec1be6f,2024-03,"MUNIC_RES, DIAG_PRINC",linked_from_paper1_cache
SIH/SUS RD,ftp://ftp.datasus.gov.br/dissemin/publicos/SIHSUS/200801_/Dados/RDMS2404.dbc,2026-08-23,/Users/brenoherculano/Desktop/Brazil Mental Health Spatial Inequality Project/phase2_analysis/data_raw/sih_2024/RDMS2404.dbc,1395747,e90fc72be0b492829486b0d65e9b424a4c46737a1ad88e7ba56ede9bb1fc9da1,2024-04,"MUNIC_RES, DIAG_PRINC",linked_from_paper1_cache
SIH/SUS RD,ftp://ftp.datasus.gov.br/dissemin/publicos/SIHSUS/200801_/Dados/RDMS2405.dbc,2026-08-23,/Users/brenoherculano/Desktop/Brazil Mental Health Spatial Inequality Project/phase2_analysis/data_raw/sih_2024/RDMS2405.dbc,1342459,fe2ff516b6c5215e086af33c5fe0d912840fb68441c99a319161f3aeba334a3e,2024-05,"MUNIC_RES, DIAG_PRINC",linked_from_paper1_cache
SIH/SUS RD,ftp://ftp.datasus.gov.br/dissemin/publicos/SIHSUS/200801_/Dados/RDMS2406.dbc,2026-08-23,/Users/brenoherculano/Desktop/Brazil Mental Health Spatial Inequality Project/phase2_analysis/data_raw/sih_2024/RDMS2406.dbc,1377648,462a73ddf501cbe3b426292340f4803c589734a6a872cc117b2d09ceb9702907,2024-06,"MUNIC_RES, DIAG_PRINC",linked_from_paper1_cache
SIH/SUS RD,ftp://ftp.datasus.gov.br/dissemin/publicos/SIHSUS/200801_/Dados/RDMS2407.dbc,2026-08-23,/Users/brenoherculano/Desktop/Brazil Mental Health Spatial Inequality Project/phase2_analysis/data_raw/sih_2024/RDMS2407.dbc,1379620,72686406dadca3b7913c2135f91057d04e0fd057da53218080ff047eaf234182,2024-07,"MUNIC_RES, DIAG_PRINC",linked_from_paper1_cache
SIH/SUS RD,ftp://ftp.datasus.gov.br/dissemin/publicos/SIHSUS/200801_/Dados/RDMS2408.dbc,2026-08-23,/Users/brenoherculano/Desktop/Brazil Mental Health Spatial Inequality Project/phase2_analysis/data_raw/sih_2024/RDMS2408.dbc,1430087,6faf0675a3367bc0911cd645452d24b6c7547ffeb9362deeaee693375f6959b6,2024-08,"MUNIC_RES, DIAG_PRINC",linked_from_paper1_cache
SIH/SUS RD,ftp://ftp.datasus.gov.br/dissemin/publicos/SIHSUS/200801_/Dados/RDMS2409.dbc,2026-08-23,/Users/brenoherculano/Desktop/Brazil Mental Health Spatial Inequality Project/phase2_analysis/data_raw/sih_2024/RDMS2409.dbc,1448905,04a83aab2e92d337977d5507438893cb6820e43020a2660ac38abaa00ce2ad92,2024-09,"MUNIC_RES, DIAG_PRINC",linked_from_paper1_cache
SIH/SUS RD,ftp://ftp.datasus.gov.br/dissemin/publicos/SIHSUS/200801_/Dados/RDMS2410.dbc,2026-08-23,/Users/brenoherculano/Desktop/Brazil Mental Health Spatial Inequality Project/phase2_analysis/data_raw/sih_2024/RDMS2410.dbc,1419900,caa331059129ed57bf517164c9f48523c561767efb572b45e011e0a335e6b508,2024-10,"MUNIC_RES, DIAG_PRINC",linked_from_paper1_cache
SIH/SUS RD,ftp://ftp.datasus.gov.br/dissemin/publicos/SIHSUS/200801_/Dados/RDMS2411.dbc,2026-08-23,/Users/brenoherculano/Desktop/Brazil Mental Health Spatial Inequality Project/phase2_analysis/data_raw/sih_2024/RDMS2411.dbc,1310411,62d1223f12dd03cc5db22d52225ecedcaab77051c1ed003de33889b8c1a0aed4,2024-11,"MUNIC_RES, DIAG_PRINC",linked_from_paper1_cache
SIH/SUS RD,ftp://ftp.datasus.gov.br/dissemin/publicos/SIHSUS/200801_/Dados/RDMS2412.dbc,2026-08-23,/Users/brenoherculano/Desktop/Brazil Mental Health Spatial Inequality Project/phase2_analysis/data_raw/sih_2024/RDMS2412.dbc,1350230,629ee6810a027a3908f2b6bcb196c0403354db3f8dbe5bccc67dc843a836f287,2024-12,"MUNIC_RES, DIAG_PRINC",linked_from_paper1_cache
SIH/SUS RD,ftp://ftp.datasus.gov.br/dissemin/publicos/SIHSUS/200801_/Dados/RDMT2401.dbc,2026-08-23,/Users/brenoherculano/Desktop/Brazil Mental Health Spatial Inequality Project/phase2_analysis/data_raw/sih_2024/RDMT2401.dbc,1425847,63fbe20b1bdb4b94bdf2005823e55cfbc44035a184d9a8e2c87ed9efbfc72dad,2024-01,"MUNIC_RES, DIAG_PRINC",linked_from_paper1_cache
SIH/SUS RD,ftp://ftp.datasus.gov.br/dissemin/publicos/SIHSUS/200801_/Dados/RDMT2402.dbc,2026-08-23,/Users/brenoherculano/Desktop/Brazil Mental Health Spatial Inequality Project/phase2_analysis/data_raw/sih_2024/RDMT2402.dbc,1383907,6bc9060321dcab1735567b7a8f5260f9f1d02673d4eb1765d502caee73869873,2024-02,"MUNIC_RES, DIAG_PRINC",linked_from_paper1_cache
SIH/SUS RD,ftp://ftp.datasus.gov.br/dissemin/publicos/SIHSUS/200801_/Dados/RDMT2403.dbc,2026-08-23,/Users/brenoherculano/Desktop/Brazil Mental Health Spatial Inequality Project/phase2_analysis/data_raw/sih_2024/RDMT2403.dbc,1492458,701db74f70a4b68fd24390f6a6c7a1d430b1054c3cc5db96e89b8026321157d9,2024-03,"MUNIC_RES, DIAG_PRINC",linked_from_paper1_cache
SIH/SUS RD,ftp://ftp.datasus.gov.br/dissemin/publicos/SIHSUS/200801_/Dados/RDMT2404.dbc,2026-08-23,/Users/brenoherculano/Desktop/Brazil Mental Health Spatial Inequality Project/phase2_analysis/data_raw/sih_2024/RDMT2404.dbc,1569806,8d186c8556d8a5d7b09fd40f3e6d1c9510309f26466c3128d50f7263bbba47cf,2024-04,"MUNIC_RES, DIAG_PRINC",linked_from_paper1_cache
SIH/SUS RD,ftp://ftp.datasus.gov.br/dissemin/publicos/SIHSUS/200801_/Dados/RDMT2405.dbc,2026-08-23,/Users/brenoherculano/Desktop/Brazil Mental Health Spatial Inequality Project/phase2_analysis/data_raw/sih_2024/RDMT2405.dbc,1566685,2b625e707fa664cd2be271a422fa656e6c84c53041833e236793c38f9c50afa5,2024-05,"MUNIC_RES, DIAG_PRINC",linked_from_paper1_cache
SIH/SUS RD,ftp://ftp.datasus.gov.br/dissemin/publicos/SIHSUS/200801_/Dados/RDMT2406.dbc,2026-08-23,/Users/brenoherculano/Desktop/Brazil Mental Health Spatial Inequality Project/phase2_analysis/data_raw/sih_2024/RDMT2406.dbc,1564173,6d5f21d7e69f7cab9899a1c4ec57a5400d03475d801aae72a5424df610e7c90d,2024-06,"MUNIC_RES, DIAG_PRINC",linked_from_paper1_cache
SIH/SUS RD,ftp://ftp.datasus.gov.br/dissemin/publicos/SIHSUS/200801_/Dados/RDMT2407.dbc,2026-08-23,/Users/brenoherculano/Desktop/Brazil Mental Health Spatial Inequality Project/phase2_analysis/data_raw/sih_2024/RDMT2407.dbc,1662153,e05e529d5c64cb9f74db8061fff7a72a6c4c2d699b97ba935e93e12446aceb31,2024-07,"MUNIC_RES, DIAG_PRINC",linked_from_paper1_cache
SIH/SUS RD,ftp://ftp.datasus.gov.br/dissemin/publicos/SIHSUS/200801_/Dados/RDMT2408.dbc,2026-08-23,/Users/brenoherculano/Desktop/Brazil Mental Health Spatial Inequality Project/phase2_analysis/data_raw/sih_2024/RDMT2408.dbc,1648086,bf680da417b358e6e5e821e19cdf50569715e34adc71ecafa3f407cc685284c2,2024-08,"MUNIC_RES, DIAG_PRINC",linked_from_paper1_cache
SIH/SUS RD,ftp://ftp.datasus.gov.br/dissemin/publicos/SIHSUS/200801_/Dados/RDMT2409.dbc,2026-08-23,/Users/brenoherculano/Desktop/Brazil Mental Health Spatial Inequality Project/phase2_analysis/data_raw/sih_2024/RDMT2409.dbc,1617012,94e6ca566ecbaa6f9f229eef24ccb8fbaebfcd41b07eca1f8977c10c4e81cecc,2024-09,"MUNIC_RES, DIAG_PRINC",linked_from_paper1_cache
SIH/SUS RD,ftp://ftp.datasus.gov.br/dissemin/publicos/SIHSUS/200801_/Dados/RDMT2410.dbc,2026-08-23,/Users/brenoherculano/Desktop/Brazil Mental Health Spatial Inequality Project/phase2_analysis/data_raw/sih_2024/RDMT2410.dbc,1569865,6b7f5e0650fd92592837aaa9e2747ae3544b65bc72f7751ce51e2954bcd30e71,2024-10,"MUNIC_RES, DIAG_PRINC",linked_from_paper1_cache
SIH/SUS RD,ftp://ftp.datasus.gov.br/dissemin/publicos/SIHSUS/200801_/Dados/RDMT2411.dbc,2026-08-23,/Users/brenoherculano/Desktop/Brazil Mental Health Spatial Inequality Project/phase2_analysis/data_raw/sih_2024/RDMT2411.dbc,1472433,098fc44a852a56947ca60da6b9c60bb948e38248ddea34c4fb7e2fb41d2c1ee8,2024-11,"MUNIC_RES, DIAG_PRINC",linked_from_paper1_cache
SIH/SUS RD,ftp://ftp.datasus.gov.br/dissemin/publicos/SIHSUS/200801_/Dados/RDMT2412.dbc,2026-08-23,/Users/brenoherculano/Desktop/Brazil Mental Health Spatial Inequality Project/phase2_analysis/data_raw/sih_2024/RDMT2412.dbc,1455240,f28469fb26242d7b119a13704c7d306945f44b5845f6aba3308aa476c61b03b0,2024-12,"MUNIC_RES, DIAG_PRINC",linked_from_paper1_cache
SIH/SUS RD,ftp://ftp.datasus.gov.br/dissemin/publicos/SIHSUS/200801_/Dados/RDPA2401.dbc,2026-08-23,/Users/brenoherculano/Desktop/Brazil Mental Health Spatial Inequality Project/phase2_analysis/data_raw/sih_2024/RDPA2401.dbc,2926321,cbf2f9faf6ac528fde8b094980e6fc9ee43b57e7ae3b2ea5800982995f9ba4b3,2024-01,"MUNIC_RES, DIAG_PRINC",linked_from_paper1_cache
SIH/SUS RD,ftp://ftp.datasus.gov.br/dissemin/publicos/SIHSUS/200801_/Dados/RDPA2402.dbc,2026-08-23,/Users/brenoherculano/Desktop/Brazil Mental Health Spatial Inequality Project/phase2_analysis/data_raw/sih_2024/RDPA2402.dbc,2990737,37c1c6803fc49b25ecc8142f017fa66bb7c5e533cd4ed68943119bb2dc08aa1a,2024-02,"MUNIC_RES, DIAG_PRINC",linked_from_paper1_cache
SIH/SUS RD,ftp://ftp.datasus.gov.br/dissemin/publicos/SIHSUS/200801_/Dados/RDPA2403.dbc,2026-08-23,/Users/brenoherculano/Desktop/Brazil Mental Health Spatial Inequality Project/phase2_analysis/data_raw/sih_2024/RDPA2403.dbc,3179092,91c9f302fba09e21199c8f9ba804515c4412e2dce17c0dd2bdba5cf371026d20,2024-03,"MUNIC_RES, DIAG_PRINC",linked_from_paper1_cache
SIH/SUS RD,ftp://ftp.datasus.gov.br/dissemin/publicos/SIHSUS/200801_/Dados/RDPA2404.dbc,2026-08-23,/Users/brenoherculano/Desktop/Brazil Mental Health Spatial Inequality Project/phase2_analysis/data_raw/sih_2024/RDPA2404.dbc,3226719,6c00e5b5b41e221d92aea5bd782f67cab7ac67519bb13ffb8025cd1abfe7ac5b,2024-04,"MUNIC_RES, DIAG_PRINC",linked_from_paper1_cache
SIH/SUS RD,ftp://ftp.datasus.gov.br/dissemin/publicos/SIHSUS/200801_/Dados/RDPA2405.dbc,2026-08-23,/Users/brenoherculano/Desktop/Brazil Mental Health Spatial Inequality Project/phase2_analysis/data_raw/sih_2024/RDPA2405.dbc,3279768,68236ff359551b818e0c5b185b8a40f03e1a00fe4c110af8cb70791ec61700cd,2024-05,"MUNIC_RES, DIAG_PRINC",linked_from_paper1_cache
SIH/SUS RD,ftp://ftp.datasus.gov.br/dissemin/publicos/SIHSUS/200801_/Dados/RDPA2406.dbc,2026-08-23,/Users/brenoherculano/Desktop/Brazil Mental Health Spatial Inequality Project/phase2_analysis/data_raw/sih_2024/RDPA2406.dbc,3198579,e26eefa7d90ec6dc91f499b513fa784d06a4066d4f9b4b525836b8b6e27488e1,2024-06,"MUNIC_RES, DIAG_PRINC",linked_from_paper1_cache
SIH/SUS RD,ftp://ftp.datasus.gov.br/dissemin/publicos/SIHSUS/200801_/Dados/RDPA2407.dbc,2026-08-23,/Users/brenoherculano/Desktop/Brazil Mental Health Spatial Inequality Project/phase2_analysis/data_raw/sih_2024/RDPA2407.dbc,3186393,4c627204f49372f33e948af4022f77f05234a9026c7fa77684a65d203b2f3902,2024-07,"MUNIC_RES, DIAG_PRINC",linked_from_paper1_cache
SIH/SUS RD,ftp://ftp.datasus.gov.br/dissemin/publicos/SIHSUS/200801_/Dados/RDPA2408.dbc,2026-08-23,/Users/brenoherculano/Desktop/Brazil Mental Health Spatial Inequality Project/phase2_analysis/data_raw/sih_2024/RDPA2408.dbc,3187830,155edb4e3aab6b038400bc4c804ecd8fa815d130ac37a912a4368cd6e3dc2a4d,2024-08,"MUNIC_RES, DIAG_PRINC",linked_from_paper1_cache
SIH/SUS RD,ftp://ftp.datasus.gov.br/dissemin/publicos/SIHSUS/200801_/Dados/RDPA2409.dbc,2026-08-23,/Users/brenoherculano/Desktop/Brazil Mental Health Spatial Inequality Project/phase2_analysis/data_raw/sih_2024/RDPA2409.dbc,3230220,d06ca9b5e1643fab69310ac0ac81ee9af489a34086b033be5f72cfb34bedad40,2024-09,"MUNIC_RES, DIAG_PRINC",linked_from_paper1_cache
SIH/SUS RD,ftp://ftp.datasus.gov.br/dissemin/publicos/SIHSUS/200801_/Dados/RDPA2410.dbc,2026-08-23,/Users/brenoherculano/Desktop/Brazil Mental Health Spatial Inequality Project/phase2_analysis/data_raw/sih_2024/RDPA2410.dbc,3287489,328e8192c886e3a8dc2214bda18ea00882bb15657733ecba01a877a97c89e3a5,2024-10,"MUNIC_RES, DIAG_PRINC",linked_from_paper1_cache
SIH/SUS RD,ftp://ftp.datasus.gov.br/dissemin/publicos/SIHSUS/200801_/Dados/RDPA2411.dbc,2026-08-23,/Users/brenoherculano/Desktop/Brazil Mental Health Spatial Inequality Project/phase2_analysis/data_raw/sih_2024/RDPA2411.dbc,3194316,2ea39283aac7f5a5f89a1a5071d6a25bc41ae4a62394c1c923a51fa6fd3b7fc7,2024-11,"MUNIC_RES, DIAG_PRINC",linked_from_paper1_cache
SIH/SUS RD,ftp://ftp.datasus.gov.br/dissemin/publicos/SIHSUS/200801_/Dados/RDPA2412.dbc,2026-08-23,/Users/brenoherculano/Desktop/Brazil Mental Health Spatial Inequality Project/phase2_analysis/data_raw/sih_2024/RDPA2412.dbc,3137042,0bcc1850b3935520f80ab02d70e310ccdee5882c0dad12cb781be650e3532e94,2024-12,"MUNIC_RES, DIAG_PRINC",linked_from_paper1_cache
SIH/SUS RD,ftp://ftp.datasus.gov.br/dissemin/publicos/SIHSUS/200801_/Dados/RDPB2401.dbc,2026-08-23,/Users/brenoherculano/Desktop/Brazil Mental Health Spatial Inequality Project/phase2_analysis/data_raw/sih_2024/RDPB2401.dbc,1443230,09cf9fa63c63961a982a919659d3fe820088de55e1cc849eb06a57221e11152c,2024-01,"MUNIC_RES, DIAG_PRINC",linked_from_paper1_cache
SIH/SUS RD,ftp://ftp.datasus.gov.br/dissemin/publicos/SIHSUS/200801_/Dados/RDPB2402.dbc,2026-08-23,/Users/brenoherculano/Desktop/Brazil Mental Health Spatial Inequality Project/phase2_analysis/data_raw/sih_2024/RDPB2402.dbc,1522572,91f83b628a1781664577362167c292e1abdcbc97e70e1a2c5bdd6e2716d7f064,2024-02,"MUNIC_RES, DIAG_PRINC",linked_from_paper1_cache
SIH/SUS RD,ftp://ftp.datasus.gov.br/dissemin/publicos/SIHSUS/200801_/Dados/RDPB2403.dbc,2026-08-23,/Users/brenoherculano/Desktop/Brazil Mental Health Spatial Inequality Project/phase2_analysis/data_raw/sih_2024/RDPB2403.dbc,1754200,ad4cd16f89545efeb52f8ce62de38d626972c0da0725f07387ebfa8fbd4e1407,2024-03,"MUNIC_RES, DIAG_PRINC",linked_from_paper1_cache
SIH/SUS RD,ftp://ftp.datasus.gov.br/dissemin/publicos/SIHSUS/200801_/Dados/RDPB2404.dbc,2026-08-23,/Users/brenoherculano/Desktop/Brazil Mental Health Spatial Inequality Project/phase2_analysis/data_raw/sih_2024/RDPB2404.dbc,1686698,a81c87df5affcb222712310c60a695deb4cb2ea653cb05a11c005259100bb202,2024-04,"MUNIC_RES, DIAG_PRINC",linked_from_paper1_cache
SIH/SUS RD,ftp://ftp.datasus.gov.br/dissemin/publicos/SIHSUS/200801_/Dados/RDPB2405.dbc,2026-08-23,/Users/brenoherculano/Desktop/Brazil Mental Health Spatial Inequality Project/phase2_analysis/data_raw/sih_2024/RDPB2405.dbc,1635920,64deff96c1df4dd9f1966bae5eb8d7f75c913eb3bf3863636eca1e0d6c08abaa,2024-05,"MUNIC_RES, DIAG_PRINC",linked_from_paper1_cache
SIH/SUS RD,ftp://ftp.datasus.gov.br/dissemin/publicos/SIHSUS/200801_/Dados/RDPB2406.dbc,2026-08-23,/Users/brenoherculano/Desktop/Brazil Mental Health Spatial Inequality Project/phase2_analysis/data_raw/sih_2024/RDPB2406.dbc,1651372,f30b7ef7c46a9121f90faebf5a538bcce151987d6b60d220ed2349972f36c528,2024-06,"MUNIC_RES, DIAG_PRINC",linked_from_paper1_cache
SIH/SUS RD,ftp://ftp.datasus.gov.br/dissemin/publicos/SIHSUS/200801_/Dados/RDPB2407.dbc,2026-08-23,/Users/brenoherculano/Desktop/Brazil Mental Health Spatial Inequality Project/phase2_analysis/data_raw/sih_2024/RDPB2407.dbc,1726277,951a9fb016363706ddf5f72bc29996f61734c61728e9759efdb8466c0f852048,2024-07,"MUNIC_RES, DIAG_PRINC",linked_from_paper1_cache
SIH/SUS RD,ftp://ftp.datasus.gov.br/dissemin/publicos/SIHSUS/200801_/Dados/RDPB2408.dbc,2026-08-23,/Users/brenoherculano/Desktop/Brazil Mental Health Spatial Inequality Project/phase2_analysis/data_raw/sih_2024/RDPB2408.dbc,1746025,014498c8145974f76d8689f0cd4f3e648f77fc19dedb2e3cde048606fb55d9c7,2024-08,"MUNIC_RES, DIAG_PRINC",linked_from_paper1_cache
SIH/SUS RD,ftp://ftp.datasus.gov.br/dissemin/publicos/SIHSUS/200801_/Dados/RDPB2409.dbc,2026-08-23,/Users/brenoherculano/Desktop/Brazil Mental Health Spatial Inequality Project/phase2_analysis/data_raw/sih_2024/RDPB2409.dbc,1723600,5d27ae0ef165779983b0b4147a59a932f9af64031ee8406c73e26bcb1860baa5,2024-09,"MUNIC_RES, DIAG_PRINC",linked_from_paper1_cache
SIH/SUS RD,ftp://ftp.datasus.gov.br/dissemin/publicos/SIHSUS/200801_/Dados/RDPB2410.dbc,2026-08-23,/Users/brenoherculano/Desktop/Brazil Mental Health Spatial Inequality Project/phase2_analysis/data_raw/sih_2024/RDPB2410.dbc,1687742,d44ce7b75a01a19ac0303aea7400beab415ff2e0aecdbb515790a1ad2144f5a7,2024-10,"MUNIC_RES, DIAG_PRINC",linked_from_paper1_cache
SIH/SUS RD,ftp://ftp.datasus.gov.br/dissemin/publicos/SIHSUS/200801_/Dados/RDPB2411.dbc,2026-08-23,/Users/brenoherculano/Desktop/Brazil Mental Health Spatial Inequality Project/phase2_analysis/data_raw/sih_2024/RDPB2411.dbc,1559375,9c69785ece8b30cb1735e3a4849cef05bf6428d322289a3bc56e2e635d62a8a0,2024-11,"MUNIC_RES, DIAG_PRINC",linked_from_paper1_cache
SIH/SUS RD,ftp://ftp.datasus.gov.br/dissemin/publicos/SIHSUS/200801_/Dados/RDPB2412.dbc,2026-08-23,/Users/brenoherculano/Desktop/Brazil Mental Health Spatial Inequality Project/phase2_analysis/data_raw/sih_2024/RDPB2412.dbc,1531407,e2a87dcf0110103ae48c5c00b531db21ed864d7739228e69cd9e7ab089f54a9a,2024-12,"MUNIC_RES, DIAG_PRINC",linked_from_paper1_cache
SIH/SUS RD,ftp://ftp.datasus.gov.br/dissemin/publicos/SIHSUS/200801_/Dados/RDPE2401.dbc,2026-08-23,/Users/brenoherculano/Desktop/Brazil Mental Health Spatial Inequality Project/phase2_analysis/data_raw/sih_2024/RDPE2401.dbc,3695686,31773f8c6f8e6003d5259c721c89b181e3557c432c42bcef96bacf4f0adfa203,2024-01,"MUNIC_RES, DIAG_PRINC",linked_from_paper1_cache
SIH/SUS RD,ftp://ftp.datasus.gov.br/dissemin/publicos/SIHSUS/200801_/Dados/RDPE2402.dbc,2026-08-23,/Users/brenoherculano/Desktop/Brazil Mental Health Spatial Inequality Project/phase2_analysis/data_raw/sih_2024/RDPE2402.dbc,3657842,c9fcd2ca14a820f88d35bf366dc41119c41fec436743a5b435439c66744d8368,2024-02,"MUNIC_RES, DIAG_PRINC",linked_from_paper1_cache
SIH/SUS RD,ftp://ftp.datasus.gov.br/dissemin/publicos/SIHSUS/200801_/Dados/RDPE2403.dbc,2026-08-23,/Users/brenoherculano/Desktop/Brazil Mental Health Spatial Inequality Project/phase2_analysis/data_raw/sih_2024/RDPE2403.dbc,3981109,d234f0da1c99b079abf8f4ad6f8fda3210f72ecf4de120f7402e848eedd718fd,2024-03,"MUNIC_RES, DIAG_PRINC",linked_from_paper1_cache
SIH/SUS RD,ftp://ftp.datasus.gov.br/dissemin/publicos/SIHSUS/200801_/Dados/RDPE2404.dbc,2026-08-23,/Users/brenoherculano/Desktop/Brazil Mental Health Spatial Inequality Project/phase2_analysis/data_raw/sih_2024/RDPE2404.dbc,4273620,a9dc166e4ed4d84004b29eac0bf4c4116206a71b6810f1f1db32eb670b95b3e4,2024-04,"MUNIC_RES, DIAG_PRINC",linked_from_paper1_cache
SIH/SUS RD,ftp://ftp.datasus.gov.br/dissemin/publicos/SIHSUS/200801_/Dados/RDPE2405.dbc,2026-08-23,/Users/brenoherculano/Desktop/Brazil Mental Health Spatial Inequality Project/phase2_analysis/data_raw/sih_2024/RDPE2405.dbc,4317432,d3c02e7712bddc40ba9a3562a2a54ca5e96a0aebde2fd283c31b451f954d4c31,2024-05,"MUNIC_RES, DIAG_PRINC",linked_from_paper1_cache
SIH/SUS RD,ftp://ftp.datasus.gov.br/dissemin/publicos/SIHSUS/200801_/Dados/RDPE2406.dbc,2026-08-23,/Users/brenoherculano/Desktop/Brazil Mental Health Spatial Inequality Project/phase2_analysis/data_raw/sih_2024/RDPE2406.dbc,4081514,66777834e9a906043067ca00bd67e3fda90368b9305a61246cf7fd25d17f40fb,2024-06,"MUNIC_RES, DIAG_PRINC",linked_from_paper1_cache
SIH/SUS RD,ftp://ftp.datasus.gov.br/dissemin/publicos/SIHSUS/200801_/Dados/RDPE2407.dbc,2026-08-23,/Users/brenoherculano/Desktop/Brazil Mental Health Spatial Inequality Project/phase2_analysis/data_raw/sih_2024/RDPE2407.dbc,4282602,3f3515bba2c9c875d00a1597f36664fe02ce4463497133e948288980439c2f78,2024-07,"MUNIC_RES, DIAG_PRINC",linked_from_paper1_cache
SIH/SUS RD,ftp://ftp.datasus.gov.br/dissemin/publicos/SIHSUS/200801_/Dados/RDPE2408.dbc,2026-08-23,/Users/brenoherculano/Desktop/Brazil Mental Health Spatial Inequality Project/phase2_analysis/data_raw/sih_2024/RDPE2408.dbc,4363901,1b83f82a1af41f064ddcb1795128b40d370a2e5792459bce3a680ee7cb0e2988,2024-08,"MUNIC_RES, DIAG_PRINC",linked_from_paper1_cache
SIH/SUS RD,ftp://ftp.datasus.gov.br/dissemin/publicos/SIHSUS/200801_/Dados/RDPE2409.dbc,2026-08-23,/Users/brenoherculano/Desktop/Brazil Mental Health Spatial Inequality Project/phase2_analysis/data_raw/sih_2024/RDPE2409.dbc,4189810,af6b93de6c40eb148b76da863a98f5a511035d91ee1fee04e3c48b16e22056f0,2024-09,"MUNIC_RES, DIAG_PRINC",linked_from_paper1_cache
SIH/SUS RD,ftp://ftp.datasus.gov.br/dissemin/publicos/SIHSUS/200801_/Dados/RDPE2410.dbc,2026-08-23,/Users/brenoherculano/Desktop/Brazil Mental Health Spatial Inequality Project/phase2_analysis/data_raw/sih_2024/RDPE2410.dbc,4285093,8f386e29d123684e62fb2ceebb1d89aee1a97d1da9b8748f3f920f21edd004b9,2024-10,"MUNIC_RES, DIAG_PRINC",linked_from_paper1_cache
SIH/SUS RD,ftp://ftp.datasus.gov.br/dissemin/publicos/SIHSUS/200801_/Dados/RDPE2411.dbc,2026-08-23,/Users/brenoherculano/Desktop/Brazil Mental Health Spatial Inequality Project/phase2_analysis/data_raw/sih_2024/RDPE2411.dbc,3877623,9290c7fe4d96fa727ce53bcf053588f63d30deda5905744b110c53fa8092e162,2024-11,"MUNIC_RES, DIAG_PRINC",linked_from_paper1_cache
SIH/SUS RD,ftp://ftp.datasus.gov.br/dissemin/publicos/SIHSUS/200801_/Dados/RDPE2412.dbc,2026-08-23,/Users/brenoherculano/Desktop/Brazil Mental Health Spatial Inequality Project/phase2_analysis/data_raw/sih_2024/RDPE2412.dbc,3959867,1c64912c6edadc7f3087e6de0a89ddfe002bbd1661f45c1f5877e37a33fd2743,2024-12,"MUNIC_RES, DIAG_PRINC",linked_from_paper1_cache
SIH/SUS RD,ftp://ftp.datasus.gov.br/dissemin/publicos/SIHSUS/200801_/Dados/RDPI2401.dbc,2026-08-23,/Users/brenoherculano/Desktop/Brazil Mental Health Spatial Inequality Project/phase2_analysis/data_raw/sih_2024/RDPI2401.dbc,1311139,1b60da2458dc9ca4c2af9ffc3a159f36c7fb8db3c96d1459b09e7c1c8f095b45,2024-01,"MUNIC_RES, DIAG_PRINC",linked_from_paper1_cache
SIH/SUS RD,ftp://ftp.datasus.gov.br/dissemin/publicos/SIHSUS/200801_/Dados/RDPI2402.dbc,2026-08-23,/Users/brenoherculano/Desktop/Brazil Mental Health Spatial Inequality Project/phase2_analysis/data_raw/sih_2024/RDPI2402.dbc,1262124,204c83a80de96c60bc53995bf37a7c8da10305b786ea164b82e4a8284443a116,2024-02,"MUNIC_RES, DIAG_PRINC",linked_from_paper1_cache
SIH/SUS RD,ftp://ftp.datasus.gov.br/dissemin/publicos/SIHSUS/200801_/Dados/RDPI2403.dbc,2026-08-23,/Users/brenoherculano/Desktop/Brazil Mental Health Spatial Inequality Project/phase2_analysis/data_raw/sih_2024/RDPI2403.dbc,1317560,a68bde933153a04687605e5af2ddbb16036ae3990b1b603289b1b0165d681038,2024-03,"MUNIC_RES, DIAG_PRINC",linked_from_paper1_cache
SIH/SUS RD,ftp://ftp.datasus.gov.br/dissemin/publicos/SIHSUS/200801_/Dados/RDPI2404.dbc,2026-08-23,/Users/brenoherculano/Desktop/Brazil Mental Health Spatial Inequality Project/phase2_analysis/data_raw/sih_2024/RDPI2404.dbc,1464995,3fb68caa0fa48ba13ac2d01371492ae86a30adc81665a0ff78c1832c01a33820,2024-04,"MUNIC_RES, DIAG_PRINC",linked_from_paper1_cache
SIH/SUS RD,ftp://ftp.datasus.gov.br/dissemin/publicos/SIHSUS/200801_/Dados/RDPI2405.dbc,2026-08-23,/Users/brenoherculano/Desktop/Brazil Mental Health Spatial Inequality Project/phase2_analysis/data_raw/sih_2024/RDPI2405.dbc,1398813,e7bbe69588be9fac74bdcaf5118f8cceeaf2b14deb256955967d277cfdc2a265,2024-05,"MUNIC_RES, DIAG_PRINC",linked_from_paper1_cache
SIH/SUS RD,ftp://ftp.datasus.gov.br/dissemin/publicos/SIHSUS/200801_/Dados/RDPI2406.dbc,2026-08-23,/Users/brenoherculano/Desktop/Brazil Mental Health Spatial Inequality Project/phase2_analysis/data_raw/sih_2024/RDPI2406.dbc,1333399,bce6a2817327c2638b60d8ed44f75a9a40a56826bb809ef23a2d769f6741029a,2024-06,"MUNIC_RES, DIAG_PRINC",linked_from_paper1_cache
SIH/SUS RD,ftp://ftp.datasus.gov.br/dissemin/publicos/SIHSUS/200801_/Dados/RDPI2407.dbc,2026-08-23,/Users/brenoherculano/Desktop/Brazil Mental Health Spatial Inequality Project/phase2_analysis/data_raw/sih_2024/RDPI2407.dbc,1382053,a0b5316b18ba900bee2bc62a2a7681f4dd68a63e2dfec2a763636341190bfede,2024-07,"MUNIC_RES, DIAG_PRINC",linked_from_paper1_cache
SIH/SUS RD,ftp://ftp.datasus.gov.br/dissemin/publicos/SIHSUS/200801_/Dados/RDPI2408.dbc,2026-08-23,/Users/brenoherculano/Desktop/Brazil Mental Health Spatial Inequality Project/phase2_analysis/data_raw/sih_2024/RDPI2408.dbc,1413168,d51fb269ec8b3deff3eef99c88419dd3e972df85723f132e3a27add93bbfcf4c,2024-08,"MUNIC_RES, DIAG_PRINC",linked_from_paper1_cache
SIH/SUS RD,ftp://ftp.datasus.gov.br/dissemin/publicos/SIHSUS/200801_/Dados/RDPI2409.dbc,2026-08-23,/Users/brenoherculano/Desktop/Brazil Mental Health Spatial Inequality Project/phase2_analysis/data_raw/sih_2024/RDPI2409.dbc,1408826,cff86475525e071ba4232cae5dfc3dfd81e856c3a61a53e2c039e778aec7987b,2024-09,"MUNIC_RES, DIAG_PRINC",linked_from_paper1_cache
SIH/SUS RD,ftp://ftp.datasus.gov.br/dissemin/publicos/SIHSUS/200801_/Dados/RDPI2410.dbc,2026-08-23,/Users/brenoherculano/Desktop/Brazil Mental Health Spatial Inequality Project/phase2_analysis/data_raw/sih_2024/RDPI2410.dbc,1379054,cfcf9effdb517cfecb8f8895382f6c64dfa9176cb1c6b0f2de6e582469b2fe06,2024-10,"MUNIC_RES, DIAG_PRINC",linked_from_paper1_cache
SIH/SUS RD,ftp://ftp.datasus.gov.br/dissemin/publicos/SIHSUS/200801_/Dados/RDPI2411.dbc,2026-08-23,/Users/brenoherculano/Desktop/Brazil Mental Health Spatial Inequality Project/phase2_analysis/data_raw/sih_2024/RDPI2411.dbc,1307537,0cca30eecf60b5834453e4ddb14a611c1b8ea4cb0e258311bc42352b45b26315,2024-11,"MUNIC_RES, DIAG_PRINC",linked_from_paper1_cache
SIH/SUS RD,ftp://ftp.datasus.gov.br/dissemin/publicos/SIHSUS/200801_/Dados/RDPI2412.dbc,2026-08-23,/Users/brenoherculano/Desktop/Brazil Mental Health Spatial Inequality Project/phase2_analysis/data_raw/sih_2024/RDPI2412.dbc,1338031,fe1b0925f03175e0d852fe67537a3d855938f828d545357f2d6c1e96fb0d2339,2024-12,"MUNIC_RES, DIAG_PRINC",linked_from_paper1_cache
SIH/SUS RD,ftp://ftp.datasus.gov.br/dissemin/publicos/SIHSUS/200801_/Dados/RDPR2401.dbc,2026-08-23,/Users/brenoherculano/Desktop/Brazil Mental Health Spatial Inequality Project/phase2_analysis/data_raw/sih_2024/RDPR2401.dbc,6231398,0bd9572460e488d3b2a5c2d5b5b04f75f48e489c167b3706161be6b769544f32,2024-01,"MUNIC_RES, DIAG_PRINC",linked_from_paper1_cache
SIH/SUS RD,ftp://ftp.datasus.gov.br/dissemin/publicos/SIHSUS/200801_/Dados/RDPR2402.dbc,2026-08-23,/Users/brenoherculano/Desktop/Brazil Mental Health Spatial Inequality Project/phase2_analysis/data_raw/sih_2024/RDPR2402.dbc,6172417,d78a95d220611ca9e377504ddd1d405c13d9420807753b2ee516d6572d21fff7,2024-02,"MUNIC_RES, DIAG_PRINC",linked_from_paper1_cache
SIH/SUS RD,ftp://ftp.datasus.gov.br/dissemin/publicos/SIHSUS/200801_/Dados/RDPR2403.dbc,2026-08-23,/Users/brenoherculano/Desktop/Brazil Mental Health Spatial Inequality Project/phase2_analysis/data_raw/sih_2024/RDPR2403.dbc,6403614,0a685763c63843741cde515cb9e7fbe2c742fe6af0acdeb9265e7a3f9ead6387,2024-03,"MUNIC_RES, DIAG_PRINC",linked_from_paper1_cache
SIH/SUS RD,ftp://ftp.datasus.gov.br/dissemin/publicos/SIHSUS/200801_/Dados/RDPR2404.dbc,2026-08-23,/Users/brenoherculano/Desktop/Brazil Mental Health Spatial Inequality Project/phase2_analysis/data_raw/sih_2024/RDPR2404.dbc,6455423,45786c4a3a142c6776faa91d1c7b25ff72002e7d7b66f7822f856eb95ad485d7,2024-04,"MUNIC_RES, DIAG_PRINC",linked_from_paper1_cache
SIH/SUS RD,ftp://ftp.datasus.gov.br/dissemin/publicos/SIHSUS/200801_/Dados/RDPR2405.dbc,2026-08-23,/Users/brenoherculano/Desktop/Brazil Mental Health Spatial Inequality Project/phase2_analysis/data_raw/sih_2024/RDPR2405.dbc,6838015,4f6984452a7ee5d2440462a6e3205f551b77de0a00e521369c71d1a5cf3d873f,2024-05,"MUNIC_RES, DIAG_PRINC",linked_from_paper1_cache
SIH/SUS RD,ftp://ftp.datasus.gov.br/dissemin/publicos/SIHSUS/200801_/Dados/RDPR2406.dbc,2026-08-23,/Users/brenoherculano/Desktop/Brazil Mental Health Spatial Inequality Project/phase2_analysis/data_raw/sih_2024/RDPR2406.dbc,6549424,edf235d8a0bb835645d521269527cf6df341cae0b98174d352076dfcaa3a5ab0,2024-06,"MUNIC_RES, DIAG_PRINC",linked_from_paper1_cache
SIH/SUS RD,ftp://ftp.datasus.gov.br/dissemin/publicos/SIHSUS/200801_/Dados/RDPR2407.dbc,2026-08-23,/Users/brenoherculano/Desktop/Brazil Mental Health Spatial Inequality Project/phase2_analysis/data_raw/sih_2024/RDPR2407.dbc,6724920,e205d4d4a0e5e0051b9dff022a8dd38b5e82584a5d93acf645223d8601e5a5c4,2024-07,"MUNIC_RES, DIAG_PRINC",linked_from_paper1_cache
SIH/SUS RD,ftp://ftp.datasus.gov.br/dissemin/publicos/SIHSUS/200801_/Dados/RDPR2408.dbc,2026-08-23,/Users/brenoherculano/Desktop/Brazil Mental Health Spatial Inequality Project/phase2_analysis/data_raw/sih_2024/RDPR2408.dbc,6937458,e7d1b248afced374ebaeec45a46a03cb33333668a02b2659990cca6e6edcea4f,2024-08,"MUNIC_RES, DIAG_PRINC",linked_from_paper1_cache
SIH/SUS RD,ftp://ftp.datasus.gov.br/dissemin/publicos/SIHSUS/200801_/Dados/RDPR2409.dbc,2026-08-23,/Users/brenoherculano/Desktop/Brazil Mental Health Spatial Inequality Project/phase2_analysis/data_raw/sih_2024/RDPR2409.dbc,6925090,c06824c4e8fa3193ecf1a2bf80f6d8648d99b076a1fe7c5b4b4bcd69af36489c,2024-09,"MUNIC_RES, DIAG_PRINC",linked_from_paper1_cache
SIH/SUS RD,ftp://ftp.datasus.gov.br/dissemin/publicos/SIHSUS/200801_/Dados/RDPR2410.dbc,2026-08-23,/Users/brenoherculano/Desktop/Brazil Mental Health Spatial Inequality Project/phase2_analysis/data_raw/sih_2024/RDPR2410.dbc,7017395,a86b1e6fa5ad78e27593a1af1d071532759ba0fb78441afafa985a42cfe23b4b,2024-10,"MUNIC_RES, DIAG_PRINC",linked_from_paper1_cache
SIH/SUS RD,ftp://ftp.datasus.gov.br/dissemin/publicos/SIHSUS/200801_/Dados/RDPR2411.dbc,2026-08-23,/Users/brenoherculano/Desktop/Brazil Mental Health Spatial Inequality Project/phase2_analysis/data_raw/sih_2024/RDPR2411.dbc,6571071,8afcec9d9f78cdd0970df672f7fb7e8f3a4e8459cbabb7c491046dfdf8c6120a,2024-11,"MUNIC_RES, DIAG_PRINC",linked_from_paper1_cache
SIH/SUS RD,ftp://ftp.datasus.gov.br/dissemin/publicos/SIHSUS/200801_/Dados/RDPR2412.dbc,2026-08-23,/Users/brenoherculano/Desktop/Brazil Mental Health Spatial Inequality Project/phase2_analysis/data_raw/sih_2024/RDPR2412.dbc,6134666,d3c990dc5cd80eac242b67ef3f2c0c6590a08698bf5ab8080f66659b2cb19fbb,2024-12,"MUNIC_RES, DIAG_PRINC",linked_from_paper1_cache
SIH/SUS RD,ftp://ftp.datasus.gov.br/dissemin/publicos/SIHSUS/200801_/Dados/RDRJ2401.dbc,2026-08-23,/Users/brenoherculano/Desktop/Brazil Mental Health Spatial Inequality Project/phase2_analysis/data_raw/sih_2024/RDRJ2401.dbc,5632627,a3f0ea9a6ce75099fa8210d81b13736fc4da4ac1acf30e8245c7aa3a0d7dfc9c,2024-01,"MUNIC_RES, DIAG_PRINC",linked_from_paper1_cache
SIH/SUS RD,ftp://ftp.datasus.gov.br/dissemin/publicos/SIHSUS/200801_/Dados/RDRJ2402.dbc,2026-08-23,/Users/brenoherculano/Desktop/Brazil Mental Health Spatial Inequality Project/phase2_analysis/data_raw/sih_2024/RDRJ2402.dbc,5300528,b65a3cdb5158f2abb467cfa7584f31f4411f6318a0605fd8417ccf9dd591599d,2024-02,"MUNIC_RES, DIAG_PRINC",linked_from_paper1_cache
SIH/SUS RD,ftp://ftp.datasus.gov.br/dissemin/publicos/SIHSUS/200801_/Dados/RDRJ2403.dbc,2026-08-23,/Users/brenoherculano/Desktop/Brazil Mental Health Spatial Inequality Project/phase2_analysis/data_raw/sih_2024/RDRJ2403.dbc,5977274,8c0ae0b587f5aea3fc1bee318f1046bd48ccb29c3fc9615de69f9e7bdd44b86e,2024-03,"MUNIC_RES, DIAG_PRINC",linked_from_paper1_cache
SIH/SUS RD,ftp://ftp.datasus.gov.br/dissemin/publicos/SIHSUS/200801_/Dados/RDRJ2404.dbc,2026-08-23,/Users/brenoherculano/Desktop/Brazil Mental Health Spatial Inequality Project/phase2_analysis/data_raw/sih_2024/RDRJ2404.dbc,5834312,a0ead459498f5db9edb2ee98388c437f653abf35a6d7dd2fb462873757b77d96,2024-04,"MUNIC_RES, DIAG_PRINC",linked_from_paper1_cache
SIH/SUS RD,ftp://ftp.datasus.gov.br/dissemin/publicos/SIHSUS/200801_/Dados/RDRJ2405.dbc,2026-08-23,/Users/brenoherculano/Desktop/Brazil Mental Health Spatial Inequality Project/phase2_analysis/data_raw/sih_2024/RDRJ2405.dbc,6071123,a372415c400c1d71e38dfea1bba3c4b35591ab13cced4e454b68d3061626e05c,2024-05,"MUNIC_RES, DIAG_PRINC",linked_from_paper1_cache
SIH/SUS RD,ftp://ftp.datasus.gov.br/dissemin/publicos/SIHSUS/200801_/Dados/RDRJ2406.dbc,2026-08-23,/Users/brenoherculano/Desktop/Brazil Mental Health Spatial Inequality Project/phase2_analysis/data_raw/sih_2024/RDRJ2406.dbc,5907008,02d6ba0cbe3db570f676c08df29f4c18a8c8c6a3be30cd554142b8cac5aef104,2024-06,"MUNIC_RES, DIAG_PRINC",linked_from_paper1_cache
SIH/SUS RD,ftp://ftp.datasus.gov.br/dissemin/publicos/SIHSUS/200801_/Dados/RDRJ2407.dbc,2026-08-23,/Users/brenoherculano/Desktop/Brazil Mental Health Spatial Inequality Project/phase2_analysis/data_raw/sih_2024/RDRJ2407.dbc,6108548,9adda65235c26c0b7b3eb4db49b9145f0d5e3115c104f33b546aeb3a3965eaf3,2024-07,"MUNIC_RES, DIAG_PRINC",linked_from_paper1_cache
SIH/SUS RD,ftp://ftp.datasus.gov.br/dissemin/publicos/SIHSUS/200801_/Dados/RDRJ2408.dbc,2026-08-23,/Users/brenoherculano/Desktop/Brazil Mental Health Spatial Inequality Project/phase2_analysis/data_raw/sih_2024/RDRJ2408.dbc,6050739,f1e7a9ab41ea491deb6c2bf2fab8e97b456008ffbc37a7c88e062987ebaf59ea,2024-08,"MUNIC_RES, DIAG_PRINC",linked_from_paper1_cache
SIH/SUS RD,ftp://ftp.datasus.gov.br/dissemin/publicos/SIHSUS/200801_/Dados/RDRJ2409.dbc,2026-08-23,/Users/brenoherculano/Desktop/Brazil Mental Health Spatial Inequality Project/phase2_analysis/data_raw/sih_2024/RDRJ2409.dbc,5883504,6cae6a370482e58787f18fd6eaeeda322481194f3bb4d333435dad93efe5a47b,2024-09,"MUNIC_RES, DIAG_PRINC",linked_from_paper1_cache
SIH/SUS RD,ftp://ftp.datasus.gov.br/dissemin/publicos/SIHSUS/200801_/Dados/RDRJ2410.dbc,2026-08-23,/Users/brenoherculano/Desktop/Brazil Mental Health Spatial Inequality Project/phase2_analysis/data_raw/sih_2024/RDRJ2410.dbc,5787039,ba4a3034a4f29f41d90c10b50dc2163c11228a66178e1dba27de6916b0f43391,2024-10,"MUNIC_RES, DIAG_PRINC",linked_from_paper1_cache
SIH/SUS RD,ftp://ftp.datasus.gov.br/dissemin/publicos/SIHSUS/200801_/Dados/RDRJ2411.dbc,2026-08-23,/Users/brenoherculano/Desktop/Brazil Mental Health Spatial Inequality Project/phase2_analysis/data_raw/sih_2024/RDRJ2411.dbc,5536729,9bcd8279622634fab886e0e4af270544d143a7e57d3da9993cfc725abeba6fb0,2024-11,"MUNIC_RES, DIAG_PRINC",linked_from_paper1_cache
SIH/SUS RD,ftp://ftp.datasus.gov.br/dissemin/publicos/SIHSUS/200801_/Dados/RDRJ2412.dbc,2026-08-23,/Users/brenoherculano/Desktop/Brazil Mental Health Spatial Inequality Project/phase2_analysis/data_raw/sih_2024/RDRJ2412.dbc,5358559,3e99b25e3bddb4a6deb2242c15cce76d7703600a9974a2df4c039f798bc77aee,2024-12,"MUNIC_RES, DIAG_PRINC",linked_from_paper1_cache
SIH/SUS RD,ftp://ftp.datasus.gov.br/dissemin/publicos/SIHSUS/200801_/Dados/RDRN2401.dbc,2026-08-23,/Users/brenoherculano/Desktop/Brazil Mental Health Spatial Inequality Project/phase2_analysis/data_raw/sih_2024/RDRN2401.dbc,1290797,f038a6a1620419d7c746f3880008097c81ffac3c88ed035737e8be668774060c,2024-01,"MUNIC_RES, DIAG_PRINC",linked_from_paper1_cache
SIH/SUS RD,ftp://ftp.datasus.gov.br/dissemin/publicos/SIHSUS/200801_/Dados/RDRN2402.dbc,2026-08-23,/Users/brenoherculano/Desktop/Brazil Mental Health Spatial Inequality Project/phase2_analysis/data_raw/sih_2024/RDRN2402.dbc,1281775,0b43d0155d2e73620a5dc3037a7a5c5c00ab880f2b07f7c247afc1351731939b,2024-02,"MUNIC_RES, DIAG_PRINC",linked_from_paper1_cache
SIH/SUS RD,ftp://ftp.datasus.gov.br/dissemin/publicos/SIHSUS/200801_/Dados/RDRN2403.dbc,2026-08-23,/Users/brenoherculano/Desktop/Brazil Mental Health Spatial Inequality Project/phase2_analysis/data_raw/sih_2024/RDRN2403.dbc,1320422,1978a6daee00d4aa85871bc5fb93c313399a6f376e6376697043c7e512535ba7,2024-03,"MUNIC_RES, DIAG_PRINC",linked_from_paper1_cache
SIH/SUS RD,ftp://ftp.datasus.gov.br/dissemin/publicos/SIHSUS/200801_/Dados/RDRN2404.dbc,2026-08-23,/Users/brenoherculano/Desktop/Brazil Mental Health Spatial Inequality Project/phase2_analysis/data_raw/sih_2024/RDRN2404.dbc,1295796,d5e054e85366d0509a020c058e58a9328593754105e01747b25eef86b08a8ef1,2024-04,"MUNIC_RES, DIAG_PRINC",linked_from_paper1_cache
SIH/SUS RD,ftp://ftp.datasus.gov.br/dissemin/publicos/SIHSUS/200801_/Dados/RDRN2405.dbc,2026-08-23,/Users/brenoherculano/Desktop/Brazil Mental Health Spatial Inequality Project/phase2_analysis/data_raw/sih_2024/RDRN2405.dbc,1314855,65e103cc8460746b91eb0505df957f6c1d3415c83e03f2190ca06741580cc06c,2024-05,"MUNIC_RES, DIAG_PRINC",linked_from_paper1_cache
SIH/SUS RD,ftp://ftp.datasus.gov.br/dissemin/publicos/SIHSUS/200801_/Dados/RDRN2406.dbc,2026-08-23,/Users/brenoherculano/Desktop/Brazil Mental Health Spatial Inequality Project/phase2_analysis/data_raw/sih_2024/RDRN2406.dbc,1379436,ff136e72eb7405168a182f5200bfc4fd43e8d2c8e496db4b74114ebba3beb978,2024-06,"MUNIC_RES, DIAG_PRINC",linked_from_paper1_cache
SIH/SUS RD,ftp://ftp.datasus.gov.br/dissemin/publicos/SIHSUS/200801_/Dados/RDRN2407.dbc,2026-08-23,/Users/brenoherculano/Desktop/Brazil Mental Health Spatial Inequality Project/phase2_analysis/data_raw/sih_2024/RDRN2407.dbc,1424224,8163809c84968868a0ea7ccf8f6319585c69796ff10a907f0763987583d35e2a,2024-07,"MUNIC_RES, DIAG_PRINC",linked_from_paper1_cache
SIH/SUS RD,ftp://ftp.datasus.gov.br/dissemin/publicos/SIHSUS/200801_/Dados/RDRN2408.dbc,2026-08-23,/Users/brenoherculano/Desktop/Brazil Mental Health Spatial Inequality Project/phase2_analysis/data_raw/sih_2024/RDRN2408.dbc,1455250,7b9ec23fe1fa1a358299ab6144ddf7ccf6a26735c982f8d2995817eefe5ed369,2024-08,"MUNIC_RES, DIAG_PRINC",linked_from_paper1_cache
SIH/SUS RD,ftp://ftp.datasus.gov.br/dissemin/publicos/SIHSUS/200801_/Dados/RDRN2409.dbc,2026-08-23,/Users/brenoherculano/Desktop/Brazil Mental Health Spatial Inequality Project/phase2_analysis/data_raw/sih_2024/RDRN2409.dbc,1384239,37b876f2c7e766af053ea2ed235d9054c489124fcf8048b677498b3b549c1b90,2024-09,"MUNIC_RES, DIAG_PRINC",linked_from_paper1_cache
SIH/SUS RD,ftp://ftp.datasus.gov.br/dissemin/publicos/SIHSUS/200801_/Dados/RDRN2410.dbc,2026-08-23,/Users/brenoherculano/Desktop/Brazil Mental Health Spatial Inequality Project/phase2_analysis/data_raw/sih_2024/RDRN2410.dbc,1404289,0466cd0dfa129c00a9846df48f3e2b15888cd28244bd871cd67f81ed38ac0e00,2024-10,"MUNIC_RES, DIAG_PRINC",linked_from_paper1_cache
SIH/SUS RD,ftp://ftp.datasus.gov.br/dissemin/publicos/SIHSUS/200801_/Dados/RDRN2411.dbc,2026-08-23,/Users/brenoherculano/Desktop/Brazil Mental Health Spatial Inequality Project/phase2_analysis/data_raw/sih_2024/RDRN2411.dbc,1334623,5b83f7f2080beefb1e9a39d97a25bd973a73886741eccc2ca36fddf3818c2762,2024-11,"MUNIC_RES, DIAG_PRINC",linked_from_paper1_cache
SIH/SUS RD,ftp://ftp.datasus.gov.br/dissemin/publicos/SIHSUS/200801_/Dados/RDRN2412.dbc,2026-08-23,/Users/brenoherculano/Desktop/Brazil Mental Health Spatial Inequality Project/phase2_analysis/data_raw/sih_2024/RDRN2412.dbc,1149991,bba07cd405c8ddde9782dc36aa2cf76fc33f86f12fdf4db9ce61f6c2ef02f500,2024-12,"MUNIC_RES, DIAG_PRINC",linked_from_paper1_cache
SIH/SUS RD,ftp://ftp.datasus.gov.br/dissemin/publicos/SIHSUS/200801_/Dados/RDRO2401.dbc,2026-08-23,/Users/brenoherculano/Desktop/Brazil Mental Health Spatial Inequality Project/phase2_analysis/data_raw/sih_2024/RDRO2401.dbc,778851,cf6c25e65c96f753d0587eb285f74815e312d119a3270583f39ff9cb88dab0d3,2024-01,"MUNIC_RES, DIAG_PRINC",linked_from_paper1_cache
SIH/SUS RD,ftp://ftp.datasus.gov.br/dissemin/publicos/SIHSUS/200801_/Dados/RDRO2402.dbc,2026-08-23,/Users/brenoherculano/Desktop/Brazil Mental Health Spatial Inequality Project/phase2_analysis/data_raw/sih_2024/RDRO2402.dbc,747631,d0bed89a11064641f7b1566871ca3b3e46df28902e954789fdb84eb9a342a775,2024-02,"MUNIC_RES, DIAG_PRINC",linked_from_paper1_cache
SIH/SUS RD,ftp://ftp.datasus.gov.br/dissemin/publicos/SIHSUS/200801_/Dados/RDRO2403.dbc,2026-08-23,/Users/brenoherculano/Desktop/Brazil Mental Health Spatial Inequality Project/phase2_analysis/data_raw/sih_2024/RDRO2403.dbc,785755,e90203ee1774f7e6e5cfea8486ef9a8e7d88d2dc3c61a39e7a296e4c93519bfc,2024-03,"MUNIC_RES, DIAG_PRINC",linked_from_paper1_cache
SIH/SUS RD,ftp://ftp.datasus.gov.br/dissemin/publicos/SIHSUS/200801_/Dados/RDRO2404.dbc,2026-08-23,/Users/brenoherculano/Desktop/Brazil Mental Health Spatial Inequality Project/phase2_analysis/data_raw/sih_2024/RDRO2404.dbc,782212,1d357ec49b4cf5fc715ef197fb9a349fad1f66ce3fb97118075289f29ccfc5bf,2024-04,"MUNIC_RES, DIAG_PRINC",linked_from_paper1_cache
SIH/SUS RD,ftp://ftp.datasus.gov.br/dissemin/publicos/SIHSUS/200801_/Dados/RDRO2405.dbc,2026-08-23,/Users/brenoherculano/Desktop/Brazil Mental Health Spatial Inequality Project/phase2_analysis/data_raw/sih_2024/RDRO2405.dbc,840487,eafb5513d7125195cf697067497247352e684a5bb5cd310137ee3343caf68102,2024-05,"MUNIC_RES, DIAG_PRINC",linked_from_paper1_cache
SIH/SUS RD,ftp://ftp.datasus.gov.br/dissemin/publicos/SIHSUS/200801_/Dados/RDRO2406.dbc,2026-08-23,/Users/brenoherculano/Desktop/Brazil Mental Health Spatial Inequality Project/phase2_analysis/data_raw/sih_2024/RDRO2406.dbc,828761,1c9a16d0df6a10364807686a12adfe7ddf2712479a151ce1636354c256a358ae,2024-06,"MUNIC_RES, DIAG_PRINC",linked_from_paper1_cache
SIH/SUS RD,ftp://ftp.datasus.gov.br/dissemin/publicos/SIHSUS/200801_/Dados/RDRO2407.dbc,2026-08-23,/Users/brenoherculano/Desktop/Brazil Mental Health Spatial Inequality Project/phase2_analysis/data_raw/sih_2024/RDRO2407.dbc,863246,48594cbcab1b6df7026e08793e74bf2f92aa9fe2e13202faba6216bff9d5283b,2024-07,"MUNIC_RES, DIAG_PRINC",linked_from_paper1_cache
SIH/SUS RD,ftp://ftp.datasus.gov.br/dissemin/publicos/SIHSUS/200801_/Dados/RDRO2408.dbc,2026-08-23,/Users/brenoherculano/Desktop/Brazil Mental Health Spatial Inequality Project/phase2_analysis/data_raw/sih_2024/RDRO2408.dbc,842866,72b6bcb6949b7394e150d532015e13322d49c4b947effe5e24c6f160f57a1395,2024-08,"MUNIC_RES, DIAG_PRINC",linked_from_paper1_cache
SIH/SUS RD,ftp://ftp.datasus.gov.br/dissemin/publicos/SIHSUS/200801_/Dados/RDRO2409.dbc,2026-08-23,/Users/brenoherculano/Desktop/Brazil Mental Health Spatial Inequality Project/phase2_analysis/data_raw/sih_2024/RDRO2409.dbc,795082,38b194052c97d2e0fdb0800e4d3fe13f2881596d423683a0206b3eb64628868e,2024-09,"MUNIC_RES, DIAG_PRINC",linked_from_paper1_cache
SIH/SUS RD,ftp://ftp.datasus.gov.br/dissemin/publicos/SIHSUS/200801_/Dados/RDRO2410.dbc,2026-08-23,/Users/brenoherculano/Desktop/Brazil Mental Health Spatial Inequality Project/phase2_analysis/data_raw/sih_2024/RDRO2410.dbc,743262,33207006eff77e599d54ed5d8c4fae2f5d194af33fd6f6ddb80b7957feacb587,2024-10,"MUNIC_RES, DIAG_PRINC",linked_from_paper1_cache
SIH/SUS RD,ftp://ftp.datasus.gov.br/dissemin/publicos/SIHSUS/200801_/Dados/RDRO2411.dbc,2026-08-23,/Users/brenoherculano/Desktop/Brazil Mental Health Spatial Inequality Project/phase2_analysis/data_raw/sih_2024/RDRO2411.dbc,803995,242ffdad1a00987c3b940f3c37e30845303fadfcf11d836c9c0f127f54c33164,2024-11,"MUNIC_RES, DIAG_PRINC",linked_from_paper1_cache
SIH/SUS RD,ftp://ftp.datasus.gov.br/dissemin/publicos/SIHSUS/200801_/Dados/RDRO2412.dbc,2026-08-23,/Users/brenoherculano/Desktop/Brazil Mental Health Spatial Inequality Project/phase2_analysis/data_raw/sih_2024/RDRO2412.dbc,698902,1093e849375de1fe7350f081722906754c020efcfa2b59be834ad5694754d97e,2024-12,"MUNIC_RES, DIAG_PRINC",linked_from_paper1_cache
SIH/SUS RD,ftp://ftp.datasus.gov.br/dissemin/publicos/SIHSUS/200801_/Dados/RDRR2401.dbc,2026-08-23,/Users/brenoherculano/Desktop/Brazil Mental Health Spatial Inequality Project/phase2_analysis/data_raw/sih_2024/RDRR2401.dbc,275725,37741f8b16adcf0f19ff837f9abbf9c46af4b6c128f5599867fe0fa7940eccb5,2024-01,"MUNIC_RES, DIAG_PRINC",linked_from_paper1_cache
SIH/SUS RD,ftp://ftp.datasus.gov.br/dissemin/publicos/SIHSUS/200801_/Dados/RDRR2402.dbc,2026-08-23,/Users/brenoherculano/Desktop/Brazil Mental Health Spatial Inequality Project/phase2_analysis/data_raw/sih_2024/RDRR2402.dbc,255806,0460b0d7702b6f2c18cd0ea9c41626551e3bda994a759e62715cd3ce6b1142b3,2024-02,"MUNIC_RES, DIAG_PRINC",linked_from_paper1_cache
SIH/SUS RD,ftp://ftp.datasus.gov.br/dissemin/publicos/SIHSUS/200801_/Dados/RDRR2403.dbc,2026-08-23,/Users/brenoherculano/Desktop/Brazil Mental Health Spatial Inequality Project/phase2_analysis/data_raw/sih_2024/RDRR2403.dbc,272502,5c55b4a0de66757cc38e0155c293c03d408cec575b4e7d8e5b096d9b79ff871a,2024-03,"MUNIC_RES, DIAG_PRINC",linked_from_paper1_cache
SIH/SUS RD,ftp://ftp.datasus.gov.br/dissemin/publicos/SIHSUS/200801_/Dados/RDRR2404.dbc,2026-08-23,/Users/brenoherculano/Desktop/Brazil Mental Health Spatial Inequality Project/phase2_analysis/data_raw/sih_2024/RDRR2404.dbc,225994,f7f491952136369b514b6f2b4d694f1b99b2fd0942d64f54a3c053d5494bcd31,2024-04,"MUNIC_RES, DIAG_PRINC",linked_from_paper1_cache
SIH/SUS RD,ftp://ftp.datasus.gov.br/dissemin/publicos/SIHSUS/200801_/Dados/RDRR2405.dbc,2026-08-23,/Users/brenoherculano/Desktop/Brazil Mental Health Spatial Inequality Project/phase2_analysis/data_raw/sih_2024/RDRR2405.dbc,213283,b29d9b021f2357ee95bcb9a1b582509be56006c132bc93766ba736fb40ddb10c,2024-05,"MUNIC_RES, DIAG_PRINC",linked_from_paper1_cache
SIH/SUS RD,ftp://ftp.datasus.gov.br/dissemin/publicos/SIHSUS/200801_/Dados/RDRR2406.dbc,2026-08-23,/Users/brenoherculano/Desktop/Brazil Mental Health Spatial Inequality Project/phase2_analysis/data_raw/sih_2024/RDRR2406.dbc,226367,a80c343222e3d451bc742388c3110c91d1765b0d0c961331be42489a7a53b8b1,2024-06,"MUNIC_RES, DIAG_PRINC",linked_from_paper1_cache
SIH/SUS RD,ftp://ftp.datasus.gov.br/dissemin/publicos/SIHSUS/200801_/Dados/RDRR2407.dbc,2026-08-23,/Users/brenoherculano/Desktop/Brazil Mental Health Spatial Inequality Project/phase2_analysis/data_raw/sih_2024/RDRR2407.dbc,203323,b70e812c5138ef6e5f61306014265eb2f7a640c7ab036fc33e98764dc6d2e4f8,2024-07,"MUNIC_RES, DIAG_PRINC",linked_from_paper1_cache
SIH/SUS RD,ftp://ftp.datasus.gov.br/dissemin/publicos/SIHSUS/200801_/Dados/RDRR2408.dbc,2026-08-23,/Users/brenoherculano/Desktop/Brazil Mental Health Spatial Inequality Project/phase2_analysis/data_raw/sih_2024/RDRR2408.dbc,237040,51f5911e8c761095a12c917bb57213cee4726cb6124178cfe375c569aa68a3c9,2024-08,"MUNIC_RES, DIAG_PRINC",linked_from_paper1_cache
SIH/SUS RD,ftp://ftp.datasus.gov.br/dissemin/publicos/SIHSUS/200801_/Dados/RDRR2409.dbc,2026-08-23,/Users/brenoherculano/Desktop/Brazil Mental Health Spatial Inequality Project/phase2_analysis/data_raw/sih_2024/RDRR2409.dbc,218845,527aa47300522c24a9c85ce0e821b1848a4c9b252f871c460ffd19f3a28643b0,2024-09,"MUNIC_RES, DIAG_PRINC",linked_from_paper1_cache
SIH/SUS RD,ftp://ftp.datasus.gov.br/dissemin/publicos/SIHSUS/200801_/Dados/RDRR2410.dbc,2026-08-23,/Users/brenoherculano/Desktop/Brazil Mental Health Spatial Inequality Project/phase2_analysis/data_raw/sih_2024/RDRR2410.dbc,245227,e5e4fc5a6ba488a56a0125941007d47b6ccccbca3f72ac2c076c0cad8b59b7c6,2024-10,"MUNIC_RES, DIAG_PRINC",linked_from_paper1_cache
SIH/SUS RD,ftp://ftp.datasus.gov.br/dissemin/publicos/SIHSUS/200801_/Dados/RDRR2411.dbc,2026-08-23,/Users/brenoherculano/Desktop/Brazil Mental Health Spatial Inequality Project/phase2_analysis/data_raw/sih_2024/RDRR2411.dbc,250853,41fef7cbb75e9750a70310a4606d98cfe7cb09c4c88deb61e726ea18b3c9ef07,2024-11,"MUNIC_RES, DIAG_PRINC",linked_from_paper1_cache
SIH/SUS RD,ftp://ftp.datasus.gov.br/dissemin/publicos/SIHSUS/200801_/Dados/RDRR2412.dbc,2026-08-23,/Users/brenoherculano/Desktop/Brazil Mental Health Spatial Inequality Project/phase2_analysis/data_raw/sih_2024/RDRR2412.dbc,197546,1d65ecc7c082fc1d59b89c3ce9f02b1611614bc7857bc938b0e0098afaa3fc7f,2024-12,"MUNIC_RES, DIAG_PRINC",linked_from_paper1_cache
SIH/SUS RD,ftp://ftp.datasus.gov.br/dissemin/publicos/SIHSUS/200801_/Dados/RDRS2401.dbc,2026-08-23,/Users/brenoherculano/Desktop/Brazil Mental Health Spatial Inequality Project/phase2_analysis/data_raw/sih_2024/RDRS2401.dbc,5275821,13231bf1cabcd74533e529fd5b8e1aabf898db4cc7a7c6614572086e081b1204,2024-01,"MUNIC_RES, DIAG_PRINC",linked_from_paper1_cache
SIH/SUS RD,ftp://ftp.datasus.gov.br/dissemin/publicos/SIHSUS/200801_/Dados/RDRS2402.dbc,2026-08-23,/Users/brenoherculano/Desktop/Brazil Mental Health Spatial Inequality Project/phase2_analysis/data_raw/sih_2024/RDRS2402.dbc,4900440,5dc3b6a41d401537d1df8b8acce40db75e7b98a059c7c313282c8a55740ea0b1,2024-02,"MUNIC_RES, DIAG_PRINC",linked_from_paper1_cache
SIH/SUS RD,ftp://ftp.datasus.gov.br/dissemin/publicos/SIHSUS/200801_/Dados/RDRS2403.dbc,2026-08-23,/Users/brenoherculano/Desktop/Brazil Mental Health Spatial Inequality Project/phase2_analysis/data_raw/sih_2024/RDRS2403.dbc,5365509,6af2baf7ed6e25b60b1552985c3ec194f4856b4bf22757c95454734bb3b72a52,2024-03,"MUNIC_RES, DIAG_PRINC",linked_from_paper1_cache
SIH/SUS RD,ftp://ftp.datasus.gov.br/dissemin/publicos/SIHSUS/200801_/Dados/RDRS2404.dbc,2026-08-23,/Users/brenoherculano/Desktop/Brazil Mental Health Spatial Inequality Project/phase2_analysis/data_raw/sih_2024/RDRS2404.dbc,5311672,e9d4234b65a79911e8b3f79709b5a68444ead9b724fa64fd6101b3877bf44706,2024-04,"MUNIC_RES, DIAG_PRINC",linked_from_paper1_cache
SIH/SUS RD,ftp://ftp.datasus.gov.br/dissemin/publicos/SIHSUS/200801_/Dados/RDRS2405.dbc,2026-08-23,/Users/brenoherculano/Desktop/Brazil Mental Health Spatial Inequality Project/phase2_analysis/data_raw/sih_2024/RDRS2405.dbc,5117869,d818f1611f7e20c7f764d9200de9cafe9289f7fc2edb6f19b4f51ab5c7b2632f,2024-05,"MUNIC_RES, DIAG_PRINC",linked_from_paper1_cache
SIH/SUS RD,ftp://ftp.datasus.gov.br/dissemin/publicos/SIHSUS/200801_/Dados/RDRS2406.dbc,2026-08-23,/Users/brenoherculano/Desktop/Brazil Mental Health Spatial Inequality Project/phase2_analysis/data_raw/sih_2024/RDRS2406.dbc,5377015,76f0f9b1ece0a4473f441b69b593d562f874ab9dab32fdcbbb0f64adb8ba4017,2024-06,"MUNIC_RES, DIAG_PRINC",linked_from_paper1_cache
SIH/SUS RD,ftp://ftp.datasus.gov.br/dissemin/publicos/SIHSUS/200801_/Dados/RDRS2407.dbc,2026-08-23,/Users/brenoherculano/Desktop/Brazil Mental Health Spatial Inequality Project/phase2_analysis/data_raw/sih_2024/RDRS2407.dbc,5473293,8df7f237c8651197e3ffeaa9e0751f1e7a61d038902852568a908c98d7e30a7f,2024-07,"MUNIC_RES, DIAG_PRINC",linked_from_paper1_cache
SIH/SUS RD,ftp://ftp.datasus.gov.br/dissemin/publicos/SIHSUS/200801_/Dados/RDRS2408.dbc,2026-08-23,/Users/brenoherculano/Desktop/Brazil Mental Health Spatial Inequality Project/phase2_analysis/data_raw/sih_2024/RDRS2408.dbc,5705036,35f252e836066d74b7c9d7274c9503e4636222cd9dc77049573732cddea5236b,2024-08,"MUNIC_RES, DIAG_PRINC",linked_from_paper1_cache
SIH/SUS RD,ftp://ftp.datasus.gov.br/dissemin/publicos/SIHSUS/200801_/Dados/RDRS2409.dbc,2026-08-23,/Users/brenoherculano/Desktop/Brazil Mental Health Spatial Inequality Project/phase2_analysis/data_raw/sih_2024/RDRS2409.dbc,5466760,e6c84c4a9c87313b9362d6d799df2c62a41de904d7424186ea5cd847dd905630,2024-09,"MUNIC_RES, DIAG_PRINC",linked_from_paper1_cache
SIH/SUS RD,ftp://ftp.datasus.gov.br/dissemin/publicos/SIHSUS/200801_/Dados/RDRS2410.dbc,2026-08-23,/Users/brenoherculano/Desktop/Brazil Mental Health Spatial Inequality Project/phase2_analysis/data_raw/sih_2024/RDRS2410.dbc,5820839,b547a10828d78e960b5302c68af7d651a1b98a62f4cee62db914c978f00ba235,2024-10,"MUNIC_RES, DIAG_PRINC",linked_from_paper1_cache
SIH/SUS RD,ftp://ftp.datasus.gov.br/dissemin/publicos/SIHSUS/200801_/Dados/RDRS2411.dbc,2026-08-23,/Users/brenoherculano/Desktop/Brazil Mental Health Spatial Inequality Project/phase2_analysis/data_raw/sih_2024/RDRS2411.dbc,5410675,a52a62660655c87d3fe22d35ea1b3c224823e1eb224daea031128a19244e95dd,2024-11,"MUNIC_RES, DIAG_PRINC",linked_from_paper1_cache
SIH/SUS RD,ftp://ftp.datasus.gov.br/dissemin/publicos/SIHSUS/200801_/Dados/RDRS2412.dbc,2026-08-23,/Users/brenoherculano/Desktop/Brazil Mental Health Spatial Inequality Project/phase2_analysis/data_raw/sih_2024/RDRS2412.dbc,5257046,ea647bce9ac11502a7877377e7cbae648368a0aa228726221480b9d5e4ccf7be,2024-12,"MUNIC_RES, DIAG_PRINC",linked_from_paper1_cache
SIH/SUS RD,ftp://ftp.datasus.gov.br/dissemin/publicos/SIHSUS/200801_/Dados/RDSC2401.dbc,2026-08-23,/Users/brenoherculano/Desktop/Brazil Mental Health Spatial Inequality Project/phase2_analysis/data_raw/sih_2024/RDSC2401.dbc,3825698,2d64a3caf7f6573d5a3ffc2d3014d94e8c2bc88a4d27db79e3bdd020b3adbb9c,2024-01,"MUNIC_RES, DIAG_PRINC",linked_from_paper1_cache
SIH/SUS RD,ftp://ftp.datasus.gov.br/dissemin/publicos/SIHSUS/200801_/Dados/RDSC2402.dbc,2026-08-23,/Users/brenoherculano/Desktop/Brazil Mental Health Spatial Inequality Project/phase2_analysis/data_raw/sih_2024/RDSC2402.dbc,3790794,2326cdb1fe04564669832ae2c3fd6b7577fa0f22709af5969a2da8cfdcc5a9c7,2024-02,"MUNIC_RES, DIAG_PRINC",linked_from_paper1_cache
SIH/SUS RD,ftp://ftp.datasus.gov.br/dissemin/publicos/SIHSUS/200801_/Dados/RDSC2403.dbc,2026-08-23,/Users/brenoherculano/Desktop/Brazil Mental Health Spatial Inequality Project/phase2_analysis/data_raw/sih_2024/RDSC2403.dbc,4047404,4a90c6aecd3526e86428a34dbc940fbbb9f68f1e9c71100d8e74b387a19a1977,2024-03,"MUNIC_RES, DIAG_PRINC",linked_from_paper1_cache
SIH/SUS RD,ftp://ftp.datasus.gov.br/dissemin/publicos/SIHSUS/200801_/Dados/RDSC2404.dbc,2026-08-23,/Users/brenoherculano/Desktop/Brazil Mental Health Spatial Inequality Project/phase2_analysis/data_raw/sih_2024/RDSC2404.dbc,4244853,028ff6a3a3e26da5eb59a72506fe671f4bd1ab3dd73847a7512794cbdfdece3c,2024-04,"MUNIC_RES, DIAG_PRINC",linked_from_paper1_cache
SIH/SUS RD,ftp://ftp.datasus.gov.br/dissemin/publicos/SIHSUS/200801_/Dados/RDSC2405.dbc,2026-08-23,/Users/brenoherculano/Desktop/Brazil Mental Health Spatial Inequality Project/phase2_analysis/data_raw/sih_2024/RDSC2405.dbc,4370384,0787e23af5da825ec6f8e43219a8ee48b95af00d24c22153234d72c6d16b671f,2024-05,"MUNIC_RES, DIAG_PRINC",linked_from_paper1_cache
SIH/SUS RD,ftp://ftp.datasus.gov.br/dissemin/publicos/SIHSUS/200801_/Dados/RDSC2406.dbc,2026-08-23,/Users/brenoherculano/Desktop/Brazil Mental Health Spatial Inequality Project/phase2_analysis/data_raw/sih_2024/RDSC2406.dbc,4305490,f54dc8ec418ad925f10e0bacd33da73d646ecdd13f5aefe7ef298991e04379bb,2024-06,"MUNIC_RES, DIAG_PRINC",linked_from_paper1_cache
SIH/SUS RD,ftp://ftp.datasus.gov.br/dissemin/publicos/SIHSUS/200801_/Dados/RDSC2407.dbc,2026-08-23,/Users/brenoherculano/Desktop/Brazil Mental Health Spatial Inequality Project/phase2_analysis/data_raw/sih_2024/RDSC2407.dbc,4500538,9b02f6819fd54b0a3135b3990547e897e8205ba41627b081552eb6a9387082af,2024-07,"MUNIC_RES, DIAG_PRINC",linked_from_paper1_cache
SIH/SUS RD,ftp://ftp.datasus.gov.br/dissemin/publicos/SIHSUS/200801_/Dados/RDSC2408.dbc,2026-08-23,/Users/brenoherculano/Desktop/Brazil Mental Health Spatial Inequality Project/phase2_analysis/data_raw/sih_2024/RDSC2408.dbc,4483706,e265514be675616694a3e8f771c95f4770fb17ff22a3a50055cffa2a28372f5f,2024-08,"MUNIC_RES, DIAG_PRINC",linked_from_paper1_cache
SIH/SUS RD,ftp://ftp.datasus.gov.br/dissemin/publicos/SIHSUS/200801_/Dados/RDSC2409.dbc,2026-08-23,/Users/brenoherculano/Desktop/Brazil Mental Health Spatial Inequality Project/phase2_analysis/data_raw/sih_2024/RDSC2409.dbc,4410106,d870ba20232cdc55411232a947a12172f57c733f4ce9a83c7eedd620912d06e1,2024-09,"MUNIC_RES, DIAG_PRINC",linked_from_paper1_cache
SIH/SUS RD,ftp://ftp.datasus.gov.br/dissemin/publicos/SIHSUS/200801_/Dados/RDSC2410.dbc,2026-08-23,/Users/brenoherculano/Desktop/Brazil Mental Health Spatial Inequality Project/phase2_analysis/data_raw/sih_2024/RDSC2410.dbc,4738082,f3a290f4e3392d60c5614a79d558b5035703dd1c637c14777755449f13589eb2,2024-10,"MUNIC_RES, DIAG_PRINC",linked_from_paper1_cache
SIH/SUS RD,ftp://ftp.datasus.gov.br/dissemin/publicos/SIHSUS/200801_/Dados/RDSC2411.dbc,2026-08-23,/Users/brenoherculano/Desktop/Brazil Mental Health Spatial Inequality Project/phase2_analysis/data_raw/sih_2024/RDSC2411.dbc,4247035,ef55199c95ead339accacc79c13c0b15e7b2d35923b745a722c55e819d099333,2024-11,"MUNIC_RES, DIAG_PRINC",linked_from_paper1_cache
SIH/SUS RD,ftp://ftp.datasus.gov.br/dissemin/publicos/SIHSUS/200801_/Dados/RDSC2412.dbc,2026-08-23,/Users/brenoherculano/Desktop/Brazil Mental Health Spatial Inequality Project/phase2_analysis/data_raw/sih_2024/RDSC2412.dbc,4212135,775fb47ada70d3d5fe59f0c7e38e3f6895eacd49b3cda7e4e33efb6d229503b9,2024-12,"MUNIC_RES, DIAG_PRINC",linked_from_paper1_cache
SIH/SUS RD,ftp://ftp.datasus.gov.br/dissemin/publicos/SIHSUS/200801_/Dados/RDSE2401.dbc,2026-08-23,/Users/brenoherculano/Desktop/Brazil Mental Health Spatial Inequality Project/phase2_analysis/data_raw/sih_2024/RDSE2401.dbc,731815,fa3691ec370d957c847774e611e7718422f0546f44775d1bfd90fb10acfdbc40,2024-01,"MUNIC_RES, DIAG_PRINC",linked_from_paper1_cache
SIH/SUS RD,ftp://ftp.datasus.gov.br/dissemin/publicos/SIHSUS/200801_/Dados/RDSE2402.dbc,2026-08-23,/Users/brenoherculano/Desktop/Brazil Mental Health Spatial Inequality Project/phase2_analysis/data_raw/sih_2024/RDSE2402.dbc,706457,26bdd5ae4300e8dc69dbb0c6accd73bb9257d88c293a56c8ea4e0449c42e3a20,2024-02,"MUNIC_RES, DIAG_PRINC",linked_from_paper1_cache
SIH/SUS RD,ftp://ftp.datasus.gov.br/dissemin/publicos/SIHSUS/200801_/Dados/RDSE2403.dbc,2026-08-23,/Users/brenoherculano/Desktop/Brazil Mental Health Spatial Inequality Project/phase2_analysis/data_raw/sih_2024/RDSE2403.dbc,743343,e3ada4aa0a8233181554c58db7e90fad7b8c2edf8f22b46e9881ccafebbb6511,2024-03,"MUNIC_RES, DIAG_PRINC",linked_from_paper1_cache
SIH/SUS RD,ftp://ftp.datasus.gov.br/dissemin/publicos/SIHSUS/200801_/Dados/RDSE2404.dbc,2026-08-23,/Users/brenoherculano/Desktop/Brazil Mental Health Spatial Inequality Project/phase2_analysis/data_raw/sih_2024/RDSE2404.dbc,764681,d28d85311849d24dd4de2004823e6ea73cd4d6f97ca5717b10277cb5f82c8571,2024-04,"MUNIC_RES, DIAG_PRINC",linked_from_paper1_cache
SIH/SUS RD,ftp://ftp.datasus.gov.br/dissemin/publicos/SIHSUS/200801_/Dados/RDSE2405.dbc,2026-08-23,/Users/brenoherculano/Desktop/Brazil Mental Health Spatial Inequality Project/phase2_analysis/data_raw/sih_2024/RDSE2405.dbc,739447,85d5bb827b216920990b951aac72a1f5bc51128450978069596ddab2025a1ee3,2024-05,"MUNIC_RES, DIAG_PRINC",linked_from_paper1_cache
SIH/SUS RD,ftp://ftp.datasus.gov.br/dissemin/publicos/SIHSUS/200801_/Dados/RDSE2406.dbc,2026-08-23,/Users/brenoherculano/Desktop/Brazil Mental Health Spatial Inequality Project/phase2_analysis/data_raw/sih_2024/RDSE2406.dbc,746861,994aaa1cd92cf005ce2138660e612116e636053e80b42973623f1aebe36ccc68,2024-06,"MUNIC_RES, DIAG_PRINC",linked_from_paper1_cache
SIH/SUS RD,ftp://ftp.datasus.gov.br/dissemin/publicos/SIHSUS/200801_/Dados/RDSE2407.dbc,2026-08-23,/Users/brenoherculano/Desktop/Brazil Mental Health Spatial Inequality Project/phase2_analysis/data_raw/sih_2024/RDSE2407.dbc,799547,790a04da89081f976d2054b03d36d78e3d128e04481f03965b36bfe0e1abe3a0,2024-07,"MUNIC_RES, DIAG_PRINC",linked_from_paper1_cache
SIH/SUS RD,ftp://ftp.datasus.gov.br/dissemin/publicos/SIHSUS/200801_/Dados/RDSE2408.dbc,2026-08-23,/Users/brenoherculano/Desktop/Brazil Mental Health Spatial Inequality Project/phase2_analysis/data_raw/sih_2024/RDSE2408.dbc,763237,76003b07f6b8781550387ee1d13154340e02a43ee49fcdf2a4c8e46998bfa2b3,2024-08,"MUNIC_RES, DIAG_PRINC",linked_from_paper1_cache
SIH/SUS RD,ftp://ftp.datasus.gov.br/dissemin/publicos/SIHSUS/200801_/Dados/RDSE2409.dbc,2026-08-23,/Users/brenoherculano/Desktop/Brazil Mental Health Spatial Inequality Project/phase2_analysis/data_raw/sih_2024/RDSE2409.dbc,716961,b42d299247b04a3f4314024a9c830e30bea9a9fa822ef6ec3cc81cfde478ad58,2024-09,"MUNIC_RES, DIAG_PRINC",linked_from_paper1_cache
SIH/SUS RD,ftp://ftp.datasus.gov.br/dissemin/publicos/SIHSUS/200801_/Dados/RDSE2410.dbc,2026-08-23,/Users/brenoherculano/Desktop/Brazil Mental Health Spatial Inequality Project/phase2_analysis/data_raw/sih_2024/RDSE2410.dbc,772311,8cc58a20717d596116c675ccb2a67a2e8ef3cce2594d32f2d174903ca79fd988,2024-10,"MUNIC_RES, DIAG_PRINC",linked_from_paper1_cache
SIH/SUS RD,ftp://ftp.datasus.gov.br/dissemin/publicos/SIHSUS/200801_/Dados/RDSE2411.dbc,2026-08-23,/Users/brenoherculano/Desktop/Brazil Mental Health Spatial Inequality Project/phase2_analysis/data_raw/sih_2024/RDSE2411.dbc,741215,48b824594fa4ca2d03dad491251b1510899cd9ea6c4e28f59486e8cf7c3257f9,2024-11,"MUNIC_RES, DIAG_PRINC",linked_from_paper1_cache
SIH/SUS RD,ftp://ftp.datasus.gov.br/dissemin/publicos/SIHSUS/200801_/Dados/RDSE2412.dbc,2026-08-23,/Users/brenoherculano/Desktop/Brazil Mental Health Spatial Inequality Project/phase2_analysis/data_raw/sih_2024/RDSE2412.dbc,679907,92e234dc00459a684b176c20177e1438d522f072804e785d755fbb9861b48aff,2024-12,"MUNIC_RES, DIAG_PRINC",linked_from_paper1_cache
SIH/SUS RD,ftp://ftp.datasus.gov.br/dissemin/publicos/SIHSUS/200801_/Dados/RDSP2401.dbc,2026-08-23,/Users/brenoherculano/Desktop/Brazil Mental Health Spatial Inequality Project/phase2_analysis/data_raw/sih_2024/RDSP2401.dbc,17462541,9d0d841b8d0c6fa4600a06a2da9f861e0ac0e8681a4f772378a8f25f929e4847,2024-01,"MUNIC_RES, DIAG_PRINC",linked_from_paper1_cache
SIH/SUS RD,ftp://ftp.datasus.gov.br/dissemin/publicos/SIHSUS/200801_/Dados/RDSP2402.dbc,2026-08-23,/Users/brenoherculano/Desktop/Brazil Mental Health Spatial Inequality Project/phase2_analysis/data_raw/sih_2024/RDSP2402.dbc,17268103,5ba1da3b7d7025ee7cc4b69b0f69808ffb25040916ffffac732e637c5d845d8a,2024-02,"MUNIC_RES, DIAG_PRINC",linked_from_paper1_cache
SIH/SUS RD,ftp://ftp.datasus.gov.br/dissemin/publicos/SIHSUS/200801_/Dados/RDSP2403.dbc,2026-08-23,/Users/brenoherculano/Desktop/Brazil Mental Health Spatial Inequality Project/phase2_analysis/data_raw/sih_2024/RDSP2403.dbc,18999157,0ed4fbc0c04d5aa2f8a1fea2037c50e3470c43afea07d358a5d510bc52e61523,2024-03,"MUNIC_RES, DIAG_PRINC",linked_from_paper1_cache
SIH/SUS RD,ftp://ftp.datasus.gov.br/dissemin/publicos/SIHSUS/200801_/Dados/RDSP2404.dbc,2026-08-23,/Users/brenoherculano/Desktop/Brazil Mental Health Spatial Inequality Project/phase2_analysis/data_raw/sih_2024/RDSP2404.dbc,18962295,6ce518e7c7701143859ce0ee3a105613677d2568fb2b8925a976546d5d7dd920,2024-04,"MUNIC_RES, DIAG_PRINC",linked_from_paper1_cache
SIH/SUS RD,ftp://ftp.datasus.gov.br/dissemin/publicos/SIHSUS/200801_/Dados/RDSP2405.dbc,2026-08-23,/Users/brenoherculano/Desktop/Brazil Mental Health Spatial Inequality Project/phase2_analysis/data_raw/sih_2024/RDSP2405.dbc,19180733,f2d924b6dd7bd7f36dface3a90136837546b4f6354cdd38c0ed3d4d33f50fe15,2024-05,"MUNIC_RES, DIAG_PRINC",linked_from_paper1_cache
SIH/SUS RD,ftp://ftp.datasus.gov.br/dissemin/publicos/SIHSUS/200801_/Dados/RDSP2406.dbc,2026-08-23,/Users/brenoherculano/Desktop/Brazil Mental Health Spatial Inequality Project/phase2_analysis/data_raw/sih_2024/RDSP2406.dbc,18718079,fd882153b64c31c3d82e62b9bc2efafbc81923e8bb5c891d9634b35dd0fae590,2024-06,"MUNIC_RES, DIAG_PRINC",linked_from_paper1_cache
SIH/SUS RD,ftp://ftp.datasus.gov.br/dissemin/publicos/SIHSUS/200801_/Dados/RDSP2407.dbc,2026-08-23,/Users/brenoherculano/Desktop/Brazil Mental Health Spatial Inequality Project/phase2_analysis/data_raw/sih_2024/RDSP2407.dbc,18940801,730b77b2730c1d02bf9e7affe04c04992bbcea7eb693c08847b9100cad41152a,2024-07,"MUNIC_RES, DIAG_PRINC",linked_from_paper1_cache
SIH/SUS RD,ftp://ftp.datasus.gov.br/dissemin/publicos/SIHSUS/200801_/Dados/RDSP2408.dbc,2026-08-23,/Users/brenoherculano/Desktop/Brazil Mental Health Spatial Inequality Project/phase2_analysis/data_raw/sih_2024/RDSP2408.dbc,19243524,7d2b14768c7977b61941a0bed1a809d3e0857e48a9bc30694980ef911c00bafd,2024-08,"MUNIC_RES, DIAG_PRINC",linked_from_paper1_cache
SIH/SUS RD,ftp://ftp.datasus.gov.br/dissemin/publicos/SIHSUS/200801_/Dados/RDSP2409.dbc,2026-08-23,/Users/brenoherculano/Desktop/Brazil Mental Health Spatial Inequality Project/phase2_analysis/data_raw/sih_2024/RDSP2409.dbc,19000583,6bb6ba4213de2e233c6560a61fa83f3236284515063cac7c38c6bf3e14d54344,2024-09,"MUNIC_RES, DIAG_PRINC",linked_from_paper1_cache
SIH/SUS RD,ftp://ftp.datasus.gov.br/dissemin/publicos/SIHSUS/200801_/Dados/RDSP2410.dbc,2026-08-23,/Users/brenoherculano/Desktop/Brazil Mental Health Spatial Inequality Project/phase2_analysis/data_raw/sih_2024/RDSP2410.dbc,19607261,0ba3b91146305c04f50f99f9cd175fd52bc7778deed27ea72976263ba34ac826,2024-10,"MUNIC_RES, DIAG_PRINC",linked_from_paper1_cache
SIH/SUS RD,ftp://ftp.datasus.gov.br/dissemin/publicos/SIHSUS/200801_/Dados/RDSP2411.dbc,2026-08-23,/Users/brenoherculano/Desktop/Brazil Mental Health Spatial Inequality Project/phase2_analysis/data_raw/sih_2024/RDSP2411.dbc,18349943,1a4f9535c99936a7c5b0da37ec6375caafb62c2061db0e26066b63f6c1802773,2024-11,"MUNIC_RES, DIAG_PRINC",linked_from_paper1_cache
SIH/SUS RD,ftp://ftp.datasus.gov.br/dissemin/publicos/SIHSUS/200801_/Dados/RDSP2412.dbc,2026-08-23,/Users/brenoherculano/Desktop/Brazil Mental Health Spatial Inequality Project/phase2_analysis/data_raw/sih_2024/RDSP2412.dbc,17825085,65f6a33ce42094ad03b2c5624334525ee98dfaf33f2e5cd69b6806107a6291e4,2024-12,"MUNIC_RES, DIAG_PRINC",linked_from_paper1_cache
SIH/SUS RD,ftp://ftp.datasus.gov.br/dissemin/publicos/SIHSUS/200801_/Dados/RDTO2401.dbc,2026-08-23,/Users/brenoherculano/Desktop/Brazil Mental Health Spatial Inequality Project/phase2_analysis/data_raw/sih_2024/RDTO2401.dbc,604846,e88ab52a0a973bd0a4693d3944b214eebe94c63e9ef50be8e5d1cf08ce570ff5,2024-01,"MUNIC_RES, DIAG_PRINC",linked_from_paper1_cache
SIH/SUS RD,ftp://ftp.datasus.gov.br/dissemin/publicos/SIHSUS/200801_/Dados/RDTO2402.dbc,2026-08-23,/Users/brenoherculano/Desktop/Brazil Mental Health Spatial Inequality Project/phase2_analysis/data_raw/sih_2024/RDTO2402.dbc,644480,5b63bedac3f8a0941795705a2fe46c974787bf7a12dd21725e6c580807a65825,2024-02,"MUNIC_RES, DIAG_PRINC",linked_from_paper1_cache
SIH/SUS RD,ftp://ftp.datasus.gov.br/dissemin/publicos/SIHSUS/200801_/Dados/RDTO2403.dbc,2026-08-23,/Users/brenoherculano/Desktop/Brazil Mental Health Spatial Inequality Project/phase2_analysis/data_raw/sih_2024/RDTO2403.dbc,619312,0339e7c977fed8706a2f41b3c3c8507a2976132c6012f0bfce44ebfca71502ec,2024-03,"MUNIC_RES, DIAG_PRINC",linked_from_paper1_cache
SIH/SUS RD,ftp://ftp.datasus.gov.br/dissemin/publicos/SIHSUS/200801_/Dados/RDTO2404.dbc,2026-08-23,/Users/brenoherculano/Desktop/Brazil Mental Health Spatial Inequality Project/phase2_analysis/data_raw/sih_2024/RDTO2404.dbc,681605,3c1bd1682b6f1eb90f39e9f76d7f18cd2c41e8916c4735f2fb9ec16efa88f459,2024-04,"MUNIC_RES, DIAG_PRINC",linked_from_paper1_cache
SIH/SUS RD,ftp://ftp.datasus.gov.br/dissemin/publicos/SIHSUS/200801_/Dados/RDTO2405.dbc,2026-08-23,/Users/brenoherculano/Desktop/Brazil Mental Health Spatial Inequality Project/phase2_analysis/data_raw/sih_2024/RDTO2405.dbc,678567,10033bc70f05ff8eef8fde13d0041f71c5f48047aad81343d86480614c9bee9f,2024-05,"MUNIC_RES, DIAG_PRINC",linked_from_paper1_cache
SIH/SUS RD,ftp://ftp.datasus.gov.br/dissemin/publicos/SIHSUS/200801_/Dados/RDTO2406.dbc,2026-08-23,/Users/brenoherculano/Desktop/Brazil Mental Health Spatial Inequality Project/phase2_analysis/data_raw/sih_2024/RDTO2406.dbc,665964,9785c4501428e01213bc7c400e0d2468311563606c7a467ee2f2db4d0e6b493c,2024-06,"MUNIC_RES, DIAG_PRINC",linked_from_paper1_cache
SIH/SUS RD,ftp://ftp.datasus.gov.br/dissemin/publicos/SIHSUS/200801_/Dados/RDTO2407.dbc,2026-08-23,/Users/brenoherculano/Desktop/Brazil Mental Health Spatial Inequality Project/phase2_analysis/data_raw/sih_2024/RDTO2407.dbc,662917,ad102e623aabc6c801cdace02189292f2083610f1f4f8946878d67eb23b078ef,2024-07,"MUNIC_RES, DIAG_PRINC",linked_from_paper1_cache
SIH/SUS RD,ftp://ftp.datasus.gov.br/dissemin/publicos/SIHSUS/200801_/Dados/RDTO2408.dbc,2026-08-23,/Users/brenoherculano/Desktop/Brazil Mental Health Spatial Inequality Project/phase2_analysis/data_raw/sih_2024/RDTO2408.dbc,703719,9dda13ea5671a25f4d9b05396c58ea8c5d2056915d9e4681811c50e6620bf77b,2024-08,"MUNIC_RES, DIAG_PRINC",linked_from_paper1_cache
SIH/SUS RD,ftp://ftp.datasus.gov.br/dissemin/publicos/SIHSUS/200801_/Dados/RDTO2409.dbc,2026-08-23,/Users/brenoherculano/Desktop/Brazil Mental Health Spatial Inequality Project/phase2_analysis/data_raw/sih_2024/RDTO2409.dbc,691791,7c0d7521feae148b6adf8a1bc6a79c964819a2730b4761a43d9dd0a3dff1cfc6,2024-09,"MUNIC_RES, DIAG_PRINC",linked_from_paper1_cache
SIH/SUS RD,ftp://ftp.datasus.gov.br/dissemin/publicos/SIHSUS/200801_/Dados/RDTO2410.dbc,2026-08-23,/Users/brenoherculano/Desktop/Brazil Mental Health Spatial Inequality Project/phase2_analysis/data_raw/sih_2024/RDTO2410.dbc,678823,a83e3a8be969ff1ddfacb4e7db3540d4a9832696b8fc29df5b22efddd537790a,2024-10,"MUNIC_RES, DIAG_PRINC",linked_from_paper1_cache
SIH/SUS RD,ftp://ftp.datasus.gov.br/dissemin/publicos/SIHSUS/200801_/Dados/RDTO2411.dbc,2026-08-23,/Users/brenoherculano/Desktop/Brazil Mental Health Spatial Inequality Project/phase2_analysis/data_raw/sih_2024/RDTO2411.dbc,578398,c4dcada74b64795b8118adaeeb3e5558676e1e0b0962909895907db99439b236,2024-11,"MUNIC_RES, DIAG_PRINC",linked_from_paper1_cache
SIH/SUS RD,ftp://ftp.datasus.gov.br/dissemin/publicos/SIHSUS/200801_/Dados/RDTO2412.dbc,2026-08-23,/Users/brenoherculano/Desktop/Brazil Mental Health Spatial Inequality Project/phase2_analysis/data_raw/sih_2024/RDTO2412.dbc,648267,6ebf43cf2bf29d4108dba01379d1c6aa20057e192168c6442f7dcedac5036b23,2024-12,"MUNIC_RES, DIAG_PRINC",linked_from_paper1_cache
CNES ST,local Paper 1 DATASUS cache,2026-08-23,/Users/brenoherculano/Desktop/Brazil Mental Health Spatial Inequality Project/phase2_analysis/data_raw/cnes_st_202412/STAC2412.dbc,65525,0c509cfb696fc74a09f579d38eb1dbe1632097bedf9d26f36fcf2d7a4ea8e032,2024-12,"CNES, CODUFMUN, TP_UNID",linked_from_paper1_cache
CNES ST,local Paper 1 DATASUS cache,2026-08-23,/Users/brenoherculano/Desktop/Brazil Mental Health Spatial Inequality Project/phase2_analysis/data_raw/cnes_st_202412/STAL2412.dbc,193387,beff6597efb9a9bc5b98d97cfced1ffde8a0b4606d68c90e195ca75ef9f88463,2024-12,"CNES, CODUFMUN, TP_UNID",linked_from_paper1_cache
CNES ST,local Paper 1 DATASUS cache,2026-08-23,/Users/brenoherculano/Desktop/Brazil Mental Health Spatial Inequality Project/phase2_analysis/data_raw/cnes_st_202412/STAM2412.dbc,139496,b40ee97d313b816a8da1ab5cf0676218eb725e34e25d3b7dcb19e83bbca12294,2024-12,"CNES, CODUFMUN, TP_UNID",linked_from_paper1_cache
CNES ST,local Paper 1 DATASUS cache,2026-08-23,/Users/brenoherculano/Desktop/Brazil Mental Health Spatial Inequality Project/phase2_analysis/data_raw/cnes_st_202412/STAP2412.dbc,50712,c6a35e1a9e80e13c52fec735df117acb36fea3df1939a1a19f6004201d9af4f8,2024-12,"CNES, CODUFMUN, TP_UNID",linked_from_paper1_cache
CNES ST,local Paper 1 DATASUS cache,2026-08-23,/Users/brenoherculano/Desktop/Brazil Mental Health Spatial Inequality Project/phase2_analysis/data_raw/cnes_st_202412/STBA2412.dbc,1020945,d2f2813aefc27ba710d3e7dea33243496d7b3dcdf507a9d60e03d73f6a6eaaa2,2024-12,"CNES, CODUFMUN, TP_UNID",linked_from_paper1_cache
CNES ST,local Paper 1 DATASUS cache,2026-08-23,/Users/brenoherculano/Desktop/Brazil Mental Health Spatial Inequality Project/phase2_analysis/data_raw/cnes_st_202412/STCE2412.dbc,652312,b68b18220efdcbc3af36bc6c174f79a1efa1a9b9e0b70a3b5e5224eea87f0724,2024-12,"CNES, CODUFMUN, TP_UNID",linked_from_paper1_cache
CNES ST,local Paper 1 DATASUS cache,2026-08-23,/Users/brenoherculano/Desktop/Brazil Mental Health Spatial Inequality Project/phase2_analysis/data_raw/cnes_st_202412/STDF2412.dbc,351736,d2a50088852632867477b941c5be081bb016ef64f2deda77d99e9bbf06025a8e,2024-12,"CNES, CODUFMUN, TP_UNID",linked_from_paper1_cache
CNES ST,local Paper 1 DATASUS cache,2026-08-23,/Users/brenoherculano/Desktop/Brazil Mental Health Spatial Inequality Project/phase2_analysis/data_raw/cnes_st_202412/STES2412.dbc,445505,78b7a20f925ab87663a6d4e64cb40e9b6c7fd941d745f17a259670389dc4f839,2024-12,"CNES, CODUFMUN, TP_UNID",linked_from_paper1_cache
CNES ST,local Paper 1 DATASUS cache,2026-08-23,/Users/brenoherculano/Desktop/Brazil Mental Health Spatial Inequality Project/phase2_analysis/data_raw/cnes_st_202412/STGO2412.dbc,636189,0e3493be2d5795901ff7dfb5806ab8ceddd3b6432f56fc563957394dbd7d5744,2024-12,"CNES, CODUFMUN, TP_UNID",linked_from_paper1_cache
CNES ST,local Paper 1 DATASUS cache,2026-08-23,/Users/brenoherculano/Desktop/Brazil Mental Health Spatial Inequality Project/phase2_analysis/data_raw/cnes_st_202412/STMA2412.dbc,303621,2f19ff5c7fdf810a552a2a9390a03a6b874e8ae887c82576217cd6413f259c33,2024-12,"CNES, CODUFMUN, TP_UNID",linked_from_paper1_cache
CNES ST,local Paper 1 DATASUS cache,2026-08-23,/Users/brenoherculano/Desktop/Brazil Mental Health Spatial Inequality Project/phase2_analysis/data_raw/cnes_st_202412/STMG2412.dbc,2585098,c7bc6f8f3654e2a6b527386dcc665599d847678897f21b20df108a73bcf355cc,2024-12,"CNES, CODUFMUN, TP_UNID",linked_from_paper1_cache
CNES ST,local Paper 1 DATASUS cache,2026-08-23,/Users/brenoherculano/Desktop/Brazil Mental Health Spatial Inequality Project/phase2_analysis/data_raw/cnes_st_202412/STMS2412.dbc,287523,9c38cbd103b4ecdc04e4bb81d8bf83a2e478f0b07038e925fb10e4840491ef66,2024-12,"CNES, CODUFMUN, TP_UNID",linked_from_paper1_cache
CNES ST,local Paper 1 DATASUS cache,2026-08-23,/Users/brenoherculano/Desktop/Brazil Mental Health Spatial Inequality Project/phase2_analysis/data_raw/cnes_st_202412/STMT2412.dbc,441370,0bf417876b36e151bde6cd86d30af45b9a8111d18e2e9f77c9b6a3a53cb606fc,2024-12,"CNES, CODUFMUN, TP_UNID",linked_from_paper1_cache
CNES ST,local Paper 1 DATASUS cache,2026-08-23,/Users/brenoherculano/Desktop/Brazil Mental Health Spatial Inequality Project/phase2_analysis/data_raw/cnes_st_202412/STPA2412.dbc,380168,1c3aac6c7fa48f89a0a637fae1940c096aee5493b3c32b09914ffe5a0a4cdd32,2024-12,"CNES, CODUFMUN, TP_UNID",linked_from_paper1_cache
CNES ST,local Paper 1 DATASUS cache,2026-08-23,/Users/brenoherculano/Desktop/Brazil Mental Health Spatial Inequality Project/phase2_analysis/data_raw/cnes_st_202412/STPB2412.dbc,338452,8e4cc6cdc5672292cefb0b56932da1456e5c87b7f4f43df6164ebe3ae5ef2071,2024-12,"CNES, CODUFMUN, TP_UNID",linked_from_paper1_cache
CNES ST,local Paper 1 DATASUS cache,2026-08-23,/Users/brenoherculano/Desktop/Brazil Mental Health Spatial Inequality Project/phase2_analysis/data_raw/cnes_st_202412/STPE2412.dbc,539710,921507984b4bc887d68933c628047af2b7bac02d5d343be2cbdee85e740ae1bc,2024-12,"CNES, CODUFMUN, TP_UNID",linked_from_paper1_cache
CNES ST,local Paper 1 DATASUS cache,2026-08-23,/Users/brenoherculano/Desktop/Brazil Mental Health Spatial Inequality Project/phase2_analysis/data_raw/cnes_st_202412/STPI2412.dbc,214762,d7979ecf596e53ce4055abdaa8b133a20c1518061ea45293a983e2681aa90755,2024-12,"CNES, CODUFMUN, TP_UNID",linked_from_paper1_cache
CNES ST,local Paper 1 DATASUS cache,2026-08-23,/Users/brenoherculano/Desktop/Brazil Mental Health Spatial Inequality Project/phase2_analysis/data_raw/cnes_st_202412/STPR2412.dbc,1458693,6937e369720b08699e0e96f288057f19449f973a416f7930b9d4cd57db3a00fe,2024-12,"CNES, CODUFMUN, TP_UNID",linked_from_paper1_cache
CNES ST,local Paper 1 DATASUS cache,2026-08-23,/Users/brenoherculano/Desktop/Brazil Mental Health Spatial Inequality Project/phase2_analysis/data_raw/cnes_st_202412/STRJ2412.dbc,1672908,c01a7e3b050708cf05990ad5bd1efd9cb39b83d8255fd8e1fd7448da99516a80,2024-12,"CNES, CODUFMUN, TP_UNID",linked_from_paper1_cache
CNES ST,local Paper 1 DATASUS cache,2026-08-23,/Users/brenoherculano/Desktop/Brazil Mental Health Spatial Inequality Project/phase2_analysis/data_raw/cnes_st_202412/STRN2412.dbc,260341,c0ae44553361f308c4e222d743454035c206685c918fb71e3d04c75eae5d1a10,2024-12,"CNES, CODUFMUN, TP_UNID",linked_from_paper1_cache
CNES ST,local Paper 1 DATASUS cache,2026-08-23,/Users/brenoherculano/Desktop/Brazil Mental Health Spatial Inequality Project/phase2_analysis/data_raw/cnes_st_202412/STRO2412.dbc,217478,4542032f9ad921171a30109a4a794d0ce61864da0c6f043b884c198fe7c16539,2024-12,"CNES, CODUFMUN, TP_UNID",linked_from_paper1_cache
CNES ST,local Paper 1 DATASUS cache,2026-08-23,/Users/brenoherculano/Desktop/Brazil Mental Health Spatial Inequality Project/phase2_analysis/data_raw/cnes_st_202412/STRR2412.dbc,48643,73fc2a9fa82568a753d3828fae2f0a03e3ffb6a40d6a1f428acc2d75f804edf5,2024-12,"CNES, CODUFMUN, TP_UNID",linked_from_paper1_cache
CNES ST,local Paper 1 DATASUS cache,2026-08-23,/Users/brenoherculano/Desktop/Brazil Mental Health Spatial Inequality Project/phase2_analysis/data_raw/cnes_st_202412/STRS2412.dbc,1645049,d4c8be61ff1051a178a744ae7d29116fd322172ff65f63a25dc69144b3e6418f,2024-12,"CNES, CODUFMUN, TP_UNID",linked_from_paper1_cache
CNES ST,local Paper 1 DATASUS cache,2026-08-23,/Users/brenoherculano/Desktop/Brazil Mental Health Spatial Inequality Project/phase2_analysis/data_raw/cnes_st_202412/STSC2412.dbc,1192605,6d1ab34c5c277e4d354fe6470ff698bc7eb47e2351e56fdbb46673236beddfd9,2024-12,"CNES, CODUFMUN, TP_UNID",linked_from_paper1_cache
CNES ST,local Paper 1 DATASUS cache,2026-08-23,/Users/brenoherculano/Desktop/Brazil Mental Health Spatial Inequality Project/phase2_analysis/data_raw/cnes_st_202412/STSE2412.dbc,187941,3e11bb5ff7b85c237f9238e9dd8206a4cf1815f84cf9564dc1010ef676688a9f,2024-12,"CNES, CODUFMUN, TP_UNID",linked_from_paper1_cache
CNES ST,local Paper 1 DATASUS cache,2026-08-23,/Users/brenoherculano/Desktop/Brazil Mental Health Spatial Inequality Project/phase2_analysis/data_raw/cnes_st_202412/STSP2412.dbc,4961428,b7e27f9ccfacff6cd7d50878e84b236f4876f43142d3a49a015d4fb4ca3d14ed,2024-12,"CNES, CODUFMUN, TP_UNID",linked_from_paper1_cache
CNES ST,local Paper 1 DATASUS cache,2026-08-23,/Users/brenoherculano/Desktop/Brazil Mental Health Spatial Inequality Project/phase2_analysis/data_raw/cnes_st_202412/STTO2412.dbc,141502,a629edf8674053bd3b3eecb25781316d27f547fb43610c483d89785db6e46102,2024-12,"CNES, CODUFMUN, TP_UNID",linked_from_paper1_cache
CNES LT,local Paper 1 DATASUS cache,2026-08-23,/Users/brenoherculano/Desktop/Brazil Mental Health Spatial Inequality Project/phase2_analysis/data_raw/cnes_lt_202412/LTAC2412.dbc,3675,8ef93bf36c1c6618421e88e85c91ba98dd812a11e989e251e2e4d30934bee8c8,2024-12,"CODUFMUN, TP_UNID, CODLEITO, QT_SUS",linked_from_paper1_cache
CNES LT,local Paper 1 DATASUS cache,2026-08-23,/Users/brenoherculano/Desktop/Brazil Mental Health Spatial Inequality Project/phase2_analysis/data_raw/cnes_lt_202412/LTAL2412.dbc,9227,8c43f6aae54b4facc9473b512dc377b3ea489edc980128b824c0ac83b17dc55d,2024-12,"CODUFMUN, TP_UNID, CODLEITO, QT_SUS",linked_from_paper1_cache
CNES LT,local Paper 1 DATASUS cache,2026-08-23,/Users/brenoherculano/Desktop/Brazil Mental Health Spatial Inequality Project/phase2_analysis/data_raw/cnes_lt_202412/LTAM2412.dbc,9689,244c2387d034b5c12e8b9456e09b99ac23cf17df8c0a2ddf8dbcfa6562910f6c,2024-12,"CODUFMUN, TP_UNID, CODLEITO, QT_SUS",linked_from_paper1_cache
CNES LT,local Paper 1 DATASUS cache,2026-08-23,/Users/brenoherculano/Desktop/Brazil Mental Health Spatial Inequality Project/phase2_analysis/data_raw/cnes_lt_202412/LTAP2412.dbc,2505,ec108582688f0f46d76f107a1c0f7259b09aa16c50f1c73b92a363d5b430c496,2024-12,"CODUFMUN, TP_UNID, CODLEITO, QT_SUS",linked_from_paper1_cache
CNES LT,local Paper 1 DATASUS cache,2026-08-23,/Users/brenoherculano/Desktop/Brazil Mental Health Spatial Inequality Project/phase2_analysis/data_raw/cnes_lt_202412/LTBA2412.dbc,49292,1fa107018b8fc9f6068be170fe306db2e28e5aae19e810dce9b08b6f0310b79a,2024-12,"CODUFMUN, TP_UNID, CODLEITO, QT_SUS",linked_from_paper1_cache
CNES LT,local Paper 1 DATASUS cache,2026-08-23,/Users/brenoherculano/Desktop/Brazil Mental Health Spatial Inequality Project/phase2_analysis/data_raw/cnes_lt_202412/LTCE2412.dbc,25181,6ae31a75a15c310d314bdd3cf258033892557fa5062713e98741b12a9c0fedd1,2024-12,"CODUFMUN, TP_UNID, CODLEITO, QT_SUS",linked_from_paper1_cache
CNES LT,local Paper 1 DATASUS cache,2026-08-23,/Users/brenoherculano/Desktop/Brazil Mental Health Spatial Inequality Project/phase2_analysis/data_raw/cnes_lt_202412/LTDF2412.dbc,8237,37aeacecc17fe831243da466d603eff57cec9aca60230c80e6d0528734eb2770,2024-12,"CODUFMUN, TP_UNID, CODLEITO, QT_SUS",linked_from_paper1_cache
CNES LT,local Paper 1 DATASUS cache,2026-08-23,/Users/brenoherculano/Desktop/Brazil Mental Health Spatial Inequality Project/phase2_analysis/data_raw/cnes_lt_202412/LTES2412.dbc,12801,f8829d686d1eaef36a54f286f42a31795227c3c63f895434a98936c285cb1c3d,2024-12,"CODUFMUN, TP_UNID, CODLEITO, QT_SUS",linked_from_paper1_cache
CNES LT,local Paper 1 DATASUS cache,2026-08-23,/Users/brenoherculano/Desktop/Brazil Mental Health Spatial Inequality Project/phase2_analysis/data_raw/cnes_lt_202412/LTGO2412.dbc,33498,98edb4c8a6464afb76847e8e880ca7a2fae9880e47200eeb648ccd3b706141db,2024-12,"CODUFMUN, TP_UNID, CODLEITO, QT_SUS",linked_from_paper1_cache
CNES LT,local Paper 1 DATASUS cache,2026-08-23,/Users/brenoherculano/Desktop/Brazil Mental Health Spatial Inequality Project/phase2_analysis/data_raw/cnes_lt_202412/LTMA2412.dbc,22108,6008aba6b455c94f72911b8417d03cf01804df78eb56f9c28a2e5696b8e225f4,2024-12,"CODUFMUN, TP_UNID, CODLEITO, QT_SUS",linked_from_paper1_cache
CNES LT,local Paper 1 DATASUS cache,2026-08-23,/Users/brenoherculano/Desktop/Brazil Mental Health Spatial Inequality Project/phase2_analysis/data_raw/cnes_lt_202412/LTMG2412.dbc,62574,dcf6b657b55d822a87c8a08ad75a97f424d2ffd2b8be1b6c6275c731dfa334a5,2024-12,"CODUFMUN, TP_UNID, CODLEITO, QT_SUS",linked_from_paper1_cache
CNES LT,local Paper 1 DATASUS cache,2026-08-23,/Users/brenoherculano/Desktop/Brazil Mental Health Spatial Inequality Project/phase2_analysis/data_raw/cnes_lt_202412/LTMS2412.dbc,12105,027e022e172033d2528ac9db1ff92e2908f44a2107ad9b999531b0fd9788ff26,2024-12,"CODUFMUN, TP_UNID, CODLEITO, QT_SUS",linked_from_paper1_cache
CNES LT,local Paper 1 DATASUS cache,2026-08-23,/Users/brenoherculano/Desktop/Brazil Mental Health Spatial Inequality Project/phase2_analysis/data_raw/cnes_lt_202412/LTMT2412.dbc,15121,f10d12f54576127fde67cd40c33e9832a644126beb88352e1987f6b39cc73f03,2024-12,"CODUFMUN, TP_UNID, CODLEITO, QT_SUS",linked_from_paper1_cache
CNES LT,local Paper 1 DATASUS cache,2026-08-23,/Users/brenoherculano/Desktop/Brazil Mental Health Spatial Inequality Project/phase2_analysis/data_raw/cnes_lt_202412/LTPA2412.dbc,23810,3cc408da4f6bf2f7338bc2e560bc2db7c8878b61b9c6736be0ce23865c9ec24f,2024-12,"CODUFMUN, TP_UNID, CODLEITO, QT_SUS",linked_from_paper1_cache
CNES LT,local Paper 1 DATASUS cache,2026-08-23,/Users/brenoherculano/Desktop/Brazil Mental Health Spatial Inequality Project/phase2_analysis/data_raw/cnes_lt_202412/LTPB2412.dbc,15488,312c5da48d31cc6432b4d0375715a53d5616ef966e57d4672629fc9aba32482f,2024-12,"CODUFMUN, TP_UNID, CODLEITO, QT_SUS",linked_from_paper1_cache
CNES LT,local Paper 1 DATASUS cache,2026-08-23,/Users/brenoherculano/Desktop/Brazil Mental Health Spatial Inequality Project/phase2_analysis/data_raw/cnes_lt_202412/LTPE2412.dbc,28755,fb3fa5c8e2609e3716860251c09036d80a3a9c179b8dd2035463c794215122d0,2024-12,"CODUFMUN, TP_UNID, CODLEITO, QT_SUS",linked_from_paper1_cache
CNES LT,local Paper 1 DATASUS cache,2026-08-23,/Users/brenoherculano/Desktop/Brazil Mental Health Spatial Inequality Project/phase2_analysis/data_raw/cnes_lt_202412/LTPI2412.dbc,12716,3eb8c4ad0c9da5e3c99fd538551fa342a3e5ca364a1329489baa306af497e074,2024-12,"CODUFMUN, TP_UNID, CODLEITO, QT_SUS",linked_from_paper1_cache
CNES LT,local Paper 1 DATASUS cache,2026-08-23,/Users/brenoherculano/Desktop/Brazil Mental Health Spatial Inequality Project/phase2_analysis/data_raw/cnes_lt_202412/LTPR2412.dbc,39024,356a839aa4e94fb5a72f86b5f9c0d244e3940b0d34ba46706aefe923c5f4253e,2024-12,"CODUFMUN, TP_UNID, CODLEITO, QT_SUS",linked_from_paper1_cache
CNES LT,local Paper 1 DATASUS cache,2026-08-23,/Users/brenoherculano/Desktop/Brazil Mental Health Spatial Inequality Project/phase2_analysis/data_raw/cnes_lt_202412/LTRJ2412.dbc,46335,6082719e3a8426b87f0415d5dc6af8993a2aac196d932087fb844c885591bcb6,2024-12,"CODUFMUN, TP_UNID, CODLEITO, QT_SUS",linked_from_paper1_cache
CNES LT,local Paper 1 DATASUS cache,2026-08-23,/Users/brenoherculano/Desktop/Brazil Mental Health Spatial Inequality Project/phase2_analysis/data_raw/cnes_lt_202412/LTRN2412.dbc,13611,458044abf35331e46461099e509bcd0dede9914f586a47ae1b12303adde064ed,2024-12,"CODUFMUN, TP_UNID, CODLEITO, QT_SUS",linked_from_paper1_cache
CNES LT,local Paper 1 DATASUS cache,2026-08-23,/Users/brenoherculano/Desktop/Brazil Mental Health Spatial Inequality Project/phase2_analysis/data_raw/cnes_lt_202412/LTRO2412.dbc,9268,ce2ffa721f0a8376313191ff4d3fdbe59392826bc88ba0282b9db426a3d06d6e,2024-12,"CODUFMUN, TP_UNID, CODLEITO, QT_SUS",linked_from_paper1_cache
CNES LT,local Paper 1 DATASUS cache,2026-08-23,/Users/brenoherculano/Desktop/Brazil Mental Health Spatial Inequality Project/phase2_analysis/data_raw/cnes_lt_202412/LTRR2412.dbc,2399,f376eceff2be4daafdff6d8d553e05fb9667c5952114e69184aade6549b98e99,2024-12,"CODUFMUN, TP_UNID, CODLEITO, QT_SUS",linked_from_paper1_cache
CNES LT,local Paper 1 DATASUS cache,2026-08-23,/Users/brenoherculano/Desktop/Brazil Mental Health Spatial Inequality Project/phase2_analysis/data_raw/cnes_lt_202412/LTRS2412.dbc,34424,cc3df2e266cc1866fad90c6073bc8224d4fa6b4f999bf263da8d63f91acb2777,2024-12,"CODUFMUN, TP_UNID, CODLEITO, QT_SUS",linked_from_paper1_cache
CNES LT,local Paper 1 DATASUS cache,2026-08-23,/Users/brenoherculano/Desktop/Brazil Mental Health Spatial Inequality Project/phase2_analysis/data_raw/cnes_lt_202412/LTSC2412.dbc,24243,ac208c739c2c3278f96cd35c0dbefd5e5aeaf471d504d97f5a18c5acd8c68a5c,2024-12,"CODUFMUN, TP_UNID, CODLEITO, QT_SUS",linked_from_paper1_cache
CNES LT,local Paper 1 DATASUS cache,2026-08-23,/Users/brenoherculano/Desktop/Brazil Mental Health Spatial Inequality Project/phase2_analysis/data_raw/cnes_lt_202412/LTSE2412.dbc,5516,81acaca0bc7c8f6e1e362533a77f47ddd406ceb0da0cda57e6798cb20e79f4ec,2024-12,"CODUFMUN, TP_UNID, CODLEITO, QT_SUS",linked_from_paper1_cache
CNES LT,local Paper 1 DATASUS cache,2026-08-23,/Users/brenoherculano/Desktop/Brazil Mental Health Spatial Inequality Project/phase2_analysis/data_raw/cnes_lt_202412/LTSP2412.dbc,100095,1eb28f8e7c1d3dc4e1d44a2e3018520e4a17a718c6d9ffaf1fb8fe31877d1978,2024-12,"CODUFMUN, TP_UNID, CODLEITO, QT_SUS",linked_from_paper1_cache
CNES LT,local Paper 1 DATASUS cache,2026-08-23,/Users/brenoherculano/Desktop/Brazil Mental Health Spatial Inequality Project/phase2_analysis/data_raw/cnes_lt_202412/LTTO2412.dbc,7467,e428c24af170e0fff3b0e45ed0f5ca20487ce48918ff1033a17b772de723fd76,2024-12,"CODUFMUN, TP_UNID, CODLEITO, QT_SUS",linked_from_paper1_cache
CNES PF,local Paper 1 DATASUS cache,2026-08-23,/Users/brenoherculano/Desktop/Brazil Mental Health Spatial Inequality Project/phase2_analysis/data_raw/cnes_pf_202412/PFAC2412.dbc,1153479,f18ff04fdb37b86ec61699f26a510852cb4c0c6e4361cdd784951db243345bd3,2024-12,"CODUFMUN, CBO, PROF_SUS, HORA_AMB, HORAHOSP, HORAOUTR",linked_from_paper1_cache
CNES PF,local Paper 1 DATASUS cache,2026-08-23,/Users/brenoherculano/Desktop/Brazil Mental Health Spatial Inequality Project/phase2_analysis/data_raw/cnes_pf_202412/PFAL2412.dbc,4203389,23c36ff0bda877d7889f3962ca214be3d2bf03a8471bf8fe25ccc06d7c66bdc0,2024-12,"CODUFMUN, CBO, PROF_SUS, HORA_AMB, HORAHOSP, HORAOUTR",linked_from_paper1_cache
CNES PF,local Paper 1 DATASUS cache,2026-08-23,/Users/brenoherculano/Desktop/Brazil Mental Health Spatial Inequality Project/phase2_analysis/data_raw/cnes_pf_202412/PFAM2412.dbc,4947085,daab2f15ecf9a6899aeb58f2e36b02e5786393622465263557315e66d2a26e15,2024-12,"CODUFMUN, CBO, PROF_SUS, HORA_AMB, HORAHOSP, HORAOUTR",linked_from_paper1_cache
CNES PF,local Paper 1 DATASUS cache,2026-08-23,/Users/brenoherculano/Desktop/Brazil Mental Health Spatial Inequality Project/phase2_analysis/data_raw/cnes_pf_202412/PFAP2412.dbc,1197493,d1c5596f62645ff26320b31864f278078d0927571e0992de6637590057bea3b2,2024-12,"CODUFMUN, CBO, PROF_SUS, HORA_AMB, HORAHOSP, HORAOUTR",linked_from_paper1_cache
CNES PF,local Paper 1 DATASUS cache,2026-08-23,/Users/brenoherculano/Desktop/Brazil Mental Health Spatial Inequality Project/phase2_analysis/data_raw/cnes_pf_202412/PFBA2412.dbc,17960698,49ed4dc49997df3b7fc5dc82041c2943e039e04bd29201b0f7a85c6011c9acbc,2024-12,"CODUFMUN, CBO, PROF_SUS, HORA_AMB, HORAHOSP, HORAOUTR",linked_from_paper1_cache
CNES PF,local Paper 1 DATASUS cache,2026-08-23,/Users/brenoherculano/Desktop/Brazil Mental Health Spatial Inequality Project/phase2_analysis/data_raw/cnes_pf_202412/PFCE2412.dbc,11238888,e87bbe4a03042704a069f2e8af1644e456f2d78f9574c4a0ac05592377516543,2024-12,"CODUFMUN, CBO, PROF_SUS, HORA_AMB, HORAHOSP, HORAOUTR",linked_from_paper1_cache
CNES PF,local Paper 1 DATASUS cache,2026-08-23,/Users/brenoherculano/Desktop/Brazil Mental Health Spatial Inequality Project/phase2_analysis/data_raw/cnes_pf_202412/PFDF2412.dbc,6345165,9e3b103bd6feb76ee9f39093c60770b2acc1e80067153c594b4ab6e006973837,2024-12,"CODUFMUN, CBO, PROF_SUS, HORA_AMB, HORAHOSP, HORAOUTR",linked_from_paper1_cache
CNES PF,local Paper 1 DATASUS cache,2026-08-23,/Users/brenoherculano/Desktop/Brazil Mental Health Spatial Inequality Project/phase2_analysis/data_raw/cnes_pf_202412/PFES2412.dbc,6592305,623ff400f17ebbdfdd436eb4dc513520463fc1db54c332cc516993f4dc1a4fee,2024-12,"CODUFMUN, CBO, PROF_SUS, HORA_AMB, HORAHOSP, HORAOUTR",linked_from_paper1_cache
CNES PF,local Paper 1 DATASUS cache,2026-08-23,/Users/brenoherculano/Desktop/Brazil Mental Health Spatial Inequality Project/phase2_analysis/data_raw/cnes_pf_202412/PFGO2412.dbc,9356565,45f3793b3093ec4996d6c4bacefa9921867dbd7f24850cc6e020b8f241a65497,2024-12,"CODUFMUN, CBO, PROF_SUS, HORA_AMB, HORAHOSP, HORAOUTR",linked_from_paper1_cache
CNES PF,local Paper 1 DATASUS cache,2026-08-23,/Users/brenoherculano/Desktop/Brazil Mental Health Spatial Inequality Project/phase2_analysis/data_raw/cnes_pf_202412/PFMA2412.dbc,7546457,c8d85f7870f846edefe2fb97caf2d53041e8c580e88110bfadbeda042b5bcbf2,2024-12,"CODUFMUN, CBO, PROF_SUS, HORA_AMB, HORAHOSP, HORAOUTR",linked_from_paper1_cache
CNES PF,local Paper 1 DATASUS cache,2026-08-23,/Users/brenoherculano/Desktop/Brazil Mental Health Spatial Inequality Project/phase2_analysis/data_raw/cnes_pf_202412/PFMG2412.dbc,36677455,a08c3a77a4fcab947b6bd958dbe7896277adeac19f3e3bab78d5bab5e8bdf765,2024-12,"CODUFMUN, CBO, PROF_SUS, HORA_AMB, HORAHOSP, HORAOUTR",linked_from_paper1_cache
CNES PF,local Paper 1 DATASUS cache,2026-08-23,/Users/brenoherculano/Desktop/Brazil Mental Health Spatial Inequality Project/phase2_analysis/data_raw/cnes_pf_202412/PFMS2412.dbc,4596557,8e8c4c4ab2682b12f109624896c9d8d498adb6bb0e030e61d36af38eaeadca6f,2024-12,"CODUFMUN, CBO, PROF_SUS, HORA_AMB, HORAHOSP, HORAOUTR",linked_from_paper1_cache
CNES PF,local Paper 1 DATASUS cache,2026-08-23,/Users/brenoherculano/Desktop/Brazil Mental Health Spatial Inequality Project/phase2_analysis/data_raw/cnes_pf_202412/PFMT2412.dbc,5178487,b83141462771c4df9ce07056cdd5a89dff84bd45144463124103a3f499e84ba8,2024-12,"CODUFMUN, CBO, PROF_SUS, HORA_AMB, HORAHOSP, HORAOUTR",linked_from_paper1_cache
CNES PF,local Paper 1 DATASUS cache,2026-08-23,/Users/brenoherculano/Desktop/Brazil Mental Health Spatial Inequality Project/phase2_analysis/data_raw/cnes_pf_202412/PFPA2412.dbc,7642234,f659c276bcfd7b0e9f4d3fb99e8536ded38890424fd152ae91b1a3e116a7c894,2024-12,"CODUFMUN, CBO, PROF_SUS, HORA_AMB, HORAHOSP, HORAOUTR",linked_from_paper1_cache
CNES PF,local Paper 1 DATASUS cache,2026-08-23,/Users/brenoherculano/Desktop/Brazil Mental Health Spatial Inequality Project/phase2_analysis/data_raw/cnes_pf_202412/PFPB2412.dbc,5606438,3bfed550bb210f106e86b07a99bea254aea818c9ee91c567d3a8e217f765fb06,2024-12,"CODUFMUN, CBO, PROF_SUS, HORA_AMB, HORAHOSP, HORAOUTR",linked_from_paper1_cache
CNES PF,local Paper 1 DATASUS cache,2026-08-23,/Users/brenoherculano/Desktop/Brazil Mental Health Spatial Inequality Project/phase2_analysis/data_raw/cnes_pf_202412/PFPE2412.dbc,11362129,0b2395c2cf21ccd68ee9fc980098952d056536c7711678852d5e230249f55586,2024-12,"CODUFMUN, CBO, PROF_SUS, HORA_AMB, HORAHOSP, HORAOUTR",linked_from_paper1_cache
CNES PF,local Paper 1 DATASUS cache,2026-08-23,/Users/brenoherculano/Desktop/Brazil Mental Health Spatial Inequality Project/phase2_analysis/data_raw/cnes_pf_202412/PFPI2412.dbc,3774160,005ead65ca593c2130491ebfd61fd012381ee3b68bfb6b6a99ae06b068094cd7,2024-12,"CODUFMUN, CBO, PROF_SUS, HORA_AMB, HORAHOSP, HORAOUTR",linked_from_paper1_cache
CNES PF,local Paper 1 DATASUS cache,2026-08-23,/Users/brenoherculano/Desktop/Brazil Mental Health Spatial Inequality Project/phase2_analysis/data_raw/cnes_pf_202412/PFPR2412.dbc,18417192,dedad26ca74967debe70315cb0802b639365c700f2df77919f4c3c13d0c85942,2024-12,"CODUFMUN, CBO, PROF_SUS, HORA_AMB, HORAHOSP, HORAOUTR",linked_from_paper1_cache
CNES PF,local Paper 1 DATASUS cache,2026-08-23,/Users/brenoherculano/Desktop/Brazil Mental Health Spatial Inequality Project/phase2_analysis/data_raw/cnes_pf_202412/PFRJ2412.dbc,26857228,20e83e4bedde4ae16a7b967c4f64db8c2de5f51679ae83770c2bda1363f32056,2024-12,"CODUFMUN, CBO, PROF_SUS, HORA_AMB, HORAHOSP, HORAOUTR",linked_from_paper1_cache
CNES PF,local Paper 1 DATASUS cache,2026-08-23,/Users/brenoherculano/Desktop/Brazil Mental Health Spatial Inequality Project/phase2_analysis/data_raw/cnes_pf_202412/PFRN2412.dbc,4900896,2fd6983547dbd2c2d6aa1bd48397e890b7e1fe23acb34c9618a9e3e71de9118d,2024-12,"CODUFMUN, CBO, PROF_SUS, HORA_AMB, HORAHOSP, HORAOUTR",linked_from_paper1_cache
CNES PF,local Paper 1 DATASUS cache,2026-08-23,/Users/brenoherculano/Desktop/Brazil Mental Health Spatial Inequality Project/phase2_analysis/data_raw/cnes_pf_202412/PFRO2412.dbc,2557057,47e50851643610e860541d01f82fe59c5a854ad090bd7a3e92f0bddf07dec0af,2024-12,"CODUFMUN, CBO, PROF_SUS, HORA_AMB, HORAHOSP, HORAOUTR",linked_from_paper1_cache
CNES PF,local Paper 1 DATASUS cache,2026-08-23,/Users/brenoherculano/Desktop/Brazil Mental Health Spatial Inequality Project/phase2_analysis/data_raw/cnes_pf_202412/PFRR2412.dbc,911303,3868b5cee901de8737deae2af0c93a661c7f5b90c535fe7d0acac6688a0bdd4a,2024-12,"CODUFMUN, CBO, PROF_SUS, HORA_AMB, HORAHOSP, HORAOUTR",linked_from_paper1_cache
CNES PF,local Paper 1 DATASUS cache,2026-08-23,/Users/brenoherculano/Desktop/Brazil Mental Health Spatial Inequality Project/phase2_analysis/data_raw/cnes_pf_202412/PFRS2412.dbc,18858957,c2fc8457aae45f1342f3782f3d3853de8a38574f038584732c8c61ac45332e03,2024-12,"CODUFMUN, CBO, PROF_SUS, HORA_AMB, HORAHOSP, HORAOUTR",linked_from_paper1_cache
CNES PF,local Paper 1 DATASUS cache,2026-08-23,/Users/brenoherculano/Desktop/Brazil Mental Health Spatial Inequality Project/phase2_analysis/data_raw/cnes_pf_202412/PFSC2412.dbc,13235346,eba2003c0ba5da3ed2ef0845f344b7c2733cf92778c0b4e565f7774b7f8cd324,2024-12,"CODUFMUN, CBO, PROF_SUS, HORA_AMB, HORAHOSP, HORAOUTR",linked_from_paper1_cache
CNES PF,local Paper 1 DATASUS cache,2026-08-23,/Users/brenoherculano/Desktop/Brazil Mental Health Spatial Inequality Project/phase2_analysis/data_raw/cnes_pf_202412/PFSE2412.dbc,3154860,c4984b97fb9a8445a28250a89ff2da1c71378549c6abb9b7fad5719e3dec4d3b,2024-12,"CODUFMUN, CBO, PROF_SUS, HORA_AMB, HORAHOSP, HORAOUTR",linked_from_paper1_cache
CNES PF,local Paper 1 DATASUS cache,2026-08-23,/Users/brenoherculano/Desktop/Brazil Mental Health Spatial Inequality Project/phase2_analysis/data_raw/cnes_pf_202412/PFSP2412.dbc,73979513,3ea728cedbbfa5bbfc43da213a60a3eae054fae9abf2f405d9a8cbabde45d9a6,2024-12,"CODUFMUN, CBO, PROF_SUS, HORA_AMB, HORAHOSP, HORAOUTR",linked_from_paper1_cache
CNES PF,local Paper 1 DATASUS cache,2026-08-23,/Users/brenoherculano/Desktop/Brazil Mental Health Spatial Inequality Project/phase2_analysis/data_raw/cnes_pf_202412/PFTO2412.dbc,2322329,c878d32797d44a51e1d298a0af0b82be86d130e422a327e9c2e09a8d7d358fe0,2024-12,"CODUFMUN, CBO, PROF_SUS, HORA_AMB, HORAHOSP, HORAOUTR",linked_from_paper1_cache
