source_system,dataset,period,uf,competence,official_url,final_url,retrieval_client,retrieved_at,original_filename,size_bytes,sha256,schema_fingerprint,local_path,notes,server_filename,source_last_modified,last_modified_basis,metadata_checked_at
DATASUS,CNES,2022-12,AC,2022-12,ftp://ftp.datasus.gov.br/dissemin/publicos/CNES/200508_/Dados/LT/LTAC2212.dbc,ftp://ftp.datasus.gov.br/dissemin/publicos/CNES/200508_/Dados/LT/LTAC2212.dbc,curl,2026-08-31T08:13:39.564291+00:00,LTAC2212.dbc,3609,58343c95ad021876a91c28ba363a1b5dd7d800cf8a97e7e5804967c0c1778a99,2dbad68aca97d056d814401ef29c4eb58396c61b322ed6d0b861f36d848ca665,data/raw/phase3/CNES/LTAC2212.dbc,Acquisition only; scientific gates evaluated separately.,LTAC2212.dbc,01-11-23  07:34AM,FTP LIST; server timezone unspecified,2026-08-31T08:49:18.748542+00:00
DATASUS,CNES,2023-12,AC,2023-12,ftp://ftp.datasus.gov.br/dissemin/publicos/CNES/200508_/Dados/LT/LTAC2312.dbc,ftp://ftp.datasus.gov.br/dissemin/publicos/CNES/200508_/Dados/LT/LTAC2312.dbc,curl,2026-08-31T08:13:39.803393+00:00,LTAC2312.dbc,3683,ba00575cfed1d3b5a87abc1893e200e2cbaca5c3396b4619362064e1852ba0ac,2dbad68aca97d056d814401ef29c4eb58396c61b322ed6d0b861f36d848ca665,data/raw/phase3/CNES/LTAC2312.dbc,Acquisition only; scientific gates evaluated separately.,LTAC2312.dbc,01-15-24  09:19AM,FTP LIST; server timezone unspecified,2026-08-31T08:49:18.748589+00:00
DATASUS,CNES,2022-12,AL,2022-12,ftp://ftp.datasus.gov.br/dissemin/publicos/CNES/200508_/Dados/LT/LTAL2212.dbc,ftp://ftp.datasus.gov.br/dissemin/publicos/CNES/200508_/Dados/LT/LTAL2212.dbc,curl,2026-08-31T08:13:40.292553+00:00,LTAL2212.dbc,8987,db6f4c33d7142d5740566618ce56532a7dbf7dab470435154c641164f46d8dd3,2dbad68aca97d056d814401ef29c4eb58396c61b322ed6d0b861f36d848ca665,data/raw/phase3/CNES/LTAL2212.dbc,Acquisition only; scientific gates evaluated separately.,LTAL2212.dbc,01-11-23  07:34AM,FTP LIST; server timezone unspecified,2026-08-31T08:49:18.748611+00:00
DATASUS,CNES,2023-12,AL,2023-12,ftp://ftp.datasus.gov.br/dissemin/publicos/CNES/200508_/Dados/LT/LTAL2312.dbc,ftp://ftp.datasus.gov.br/dissemin/publicos/CNES/200508_/Dados/LT/LTAL2312.dbc,curl,2026-08-31T08:13:40.295871+00:00,LTAL2312.dbc,9119,5f06d87a4fc4a740841809786470642a0735b0957ee2ce536053cb2516cf8f76,2dbad68aca97d056d814401ef29c4eb58396c61b322ed6d0b861f36d848ca665,data/raw/phase3/CNES/LTAL2312.dbc,Acquisition only; scientific gates evaluated separately.,LTAL2312.dbc,01-15-24  09:19AM,FTP LIST; server timezone unspecified,2026-08-31T08:49:18.748620+00:00
DATASUS,CNES,2022-12,AM,2022-12,ftp://ftp.datasus.gov.br/dissemin/publicos/CNES/200508_/Dados/LT/LTAM2212.dbc,ftp://ftp.datasus.gov.br/dissemin/publicos/CNES/200508_/Dados/LT/LTAM2212.dbc,curl,2026-08-31T08:13:40.483738+00:00,LTAM2212.dbc,9104,db23d2fc8c74301df73a87bba4740a8458bdf5e8492d5b17ee1903065b399c56,2dbad68aca97d056d814401ef29c4eb58396c61b322ed6d0b861f36d848ca665,data/raw/phase3/CNES/LTAM2212.dbc,Acquisition only; scientific gates evaluated separately.,LTAM2212.dbc,01-11-23  07:34AM,FTP LIST; server timezone unspecified,2026-08-31T08:49:18.748630+00:00
DATASUS,CNES,2023-12,AM,2023-12,ftp://ftp.datasus.gov.br/dissemin/publicos/CNES/200508_/Dados/LT/LTAM2312.dbc,ftp://ftp.datasus.gov.br/dissemin/publicos/CNES/200508_/Dados/LT/LTAM2312.dbc,curl,2026-08-31T08:13:40.523059+00:00,LTAM2312.dbc,9159,345380d156f0719249289bd09534c3bf1dee58229ca08d69bfcf5e1f0d0a0539,2dbad68aca97d056d814401ef29c4eb58396c61b322ed6d0b861f36d848ca665,data/raw/phase3/CNES/LTAM2312.dbc,Acquisition only; scientific gates evaluated separately.,LTAM2312.dbc,01-15-24  09:19AM,FTP LIST; server timezone unspecified,2026-08-31T08:49:18.748634+00:00
DATASUS,CNES,2022-12,AP,2022-12,ftp://ftp.datasus.gov.br/dissemin/publicos/CNES/200508_/Dados/LT/LTAP2212.dbc,ftp://ftp.datasus.gov.br/dissemin/publicos/CNES/200508_/Dados/LT/LTAP2212.dbc,curl,2026-08-31T08:13:40.948140+00:00,LTAP2212.dbc,2404,1ebc3edfb84ae16b8a917d4278225717d9a9fadb5534e9c48d943feee84a057f,2dbad68aca97d056d814401ef29c4eb58396c61b322ed6d0b861f36d848ca665,data/raw/phase3/CNES/LTAP2212.dbc,Acquisition only; scientific gates evaluated separately.,LTAP2212.dbc,01-11-23  07:34AM,FTP LIST; server timezone unspecified,2026-08-31T08:49:18.748644+00:00
DATASUS,CNES,2023-12,AP,2023-12,ftp://ftp.datasus.gov.br/dissemin/publicos/CNES/200508_/Dados/LT/LTAP2312.dbc,ftp://ftp.datasus.gov.br/dissemin/publicos/CNES/200508_/Dados/LT/LTAP2312.dbc,curl,2026-08-31T08:13:40.992147+00:00,LTAP2312.dbc,2456,bbbd14c1cd9ace5d9f7a043c5c15f6e3286e1b423867d9227d26598f08419ee3,2dbad68aca97d056d814401ef29c4eb58396c61b322ed6d0b861f36d848ca665,data/raw/phase3/CNES/LTAP2312.dbc,Acquisition only; scientific gates evaluated separately.,LTAP2312.dbc,01-15-24  09:19AM,FTP LIST; server timezone unspecified,2026-08-31T08:49:18.748649+00:00
DATASUS,CNES,2022-12,BA,2022-12,ftp://ftp.datasus.gov.br/dissemin/publicos/CNES/200508_/Dados/LT/LTBA2212.dbc,ftp://ftp.datasus.gov.br/dissemin/publicos/CNES/200508_/Dados/LT/LTBA2212.dbc,curl,2026-08-31T08:13:41.251062+00:00,LTBA2212.dbc,47104,2d33cd0ccf865792c2c21216dd4950ce8089bf2f9661f7ea0fb49d5141b0ea5e,2dbad68aca97d056d814401ef29c4eb58396c61b322ed6d0b861f36d848ca665,data/raw/phase3/CNES/LTBA2212.dbc,Acquisition only; scientific gates evaluated separately.,LTBA2212.dbc,01-11-23  07:34AM,FTP LIST; server timezone unspecified,2026-08-31T08:49:18.748656+00:00
DATASUS,CNES,2023-12,BA,2023-12,ftp://ftp.datasus.gov.br/dissemin/publicos/CNES/200508_/Dados/LT/LTBA2312.dbc,ftp://ftp.datasus.gov.br/dissemin/publicos/CNES/200508_/Dados/LT/LTBA2312.dbc,curl,2026-08-31T08:13:41.309564+00:00,LTBA2312.dbc,48089,d852908d7a9fe0f27466e8f824f01051b6974492331db29c6af14256ba2b5130,2dbad68aca97d056d814401ef29c4eb58396c61b322ed6d0b861f36d848ca665,data/raw/phase3/CNES/LTBA2312.dbc,Acquisition only; scientific gates evaluated separately.,LTBA2312.dbc,01-15-24  09:19AM,FTP LIST; server timezone unspecified,2026-08-31T08:49:18.748664+00:00
DATASUS,CNES,2022-12,CE,2022-12,ftp://ftp.datasus.gov.br/dissemin/publicos/CNES/200508_/Dados/LT/LTCE2212.dbc,ftp://ftp.datasus.gov.br/dissemin/publicos/CNES/200508_/Dados/LT/LTCE2212.dbc,curl,2026-08-31T08:13:41.679231+00:00,LTCE2212.dbc,25609,9420a7315a88adaf514b1d3a3f72b1558b882e8ded4fcceea847bfa439307f58,2dbad68aca97d056d814401ef29c4eb58396c61b322ed6d0b861f36d848ca665,data/raw/phase3/CNES/LTCE2212.dbc,Acquisition only; scientific gates evaluated separately.,LTCE2212.dbc,01-11-23  07:34AM,FTP LIST; server timezone unspecified,2026-08-31T08:49:18.748671+00:00
DATASUS,CNES,2023-12,CE,2023-12,ftp://ftp.datasus.gov.br/dissemin/publicos/CNES/200508_/Dados/LT/LTCE2312.dbc,ftp://ftp.datasus.gov.br/dissemin/publicos/CNES/200508_/Dados/LT/LTCE2312.dbc,curl,2026-08-31T08:13:41.761645+00:00,LTCE2312.dbc,25250,557a610785e3e382838f017df21ba3aaee1c9deb35960c285d5b910245410841,2dbad68aca97d056d814401ef29c4eb58396c61b322ed6d0b861f36d848ca665,data/raw/phase3/CNES/LTCE2312.dbc,Acquisition only; scientific gates evaluated separately.,LTCE2312.dbc,01-15-24  09:19AM,FTP LIST; server timezone unspecified,2026-08-31T08:49:18.748676+00:00
DATASUS,CNES,2022-12,DF,2022-12,ftp://ftp.datasus.gov.br/dissemin/publicos/CNES/200508_/Dados/LT/LTDF2212.dbc,ftp://ftp.datasus.gov.br/dissemin/publicos/CNES/200508_/Dados/LT/LTDF2212.dbc,curl,2026-08-31T08:13:41.978304+00:00,LTDF2212.dbc,7911,68a4f210f6d032991c888369fcf4d9c8cfb7e83edbd6d7f2ec83991ff7a56766,2dbad68aca97d056d814401ef29c4eb58396c61b322ed6d0b861f36d848ca665,data/raw/phase3/CNES/LTDF2212.dbc,Acquisition only; scientific gates evaluated separately.,LTDF2212.dbc,01-11-23  07:34AM,FTP LIST; server timezone unspecified,2026-08-31T08:49:18.748683+00:00
DATASUS,CNES,2023-12,DF,2023-12,ftp://ftp.datasus.gov.br/dissemin/publicos/CNES/200508_/Dados/LT/LTDF2312.dbc,ftp://ftp.datasus.gov.br/dissemin/publicos/CNES/200508_/Dados/LT/LTDF2312.dbc,curl,2026-08-31T08:13:42.054196+00:00,LTDF2312.dbc,8189,f93b673628ed28032077b12587c8b6df5c559b9f0fea5fa37c4b199fabd61c46,2dbad68aca97d056d814401ef29c4eb58396c61b322ed6d0b861f36d848ca665,data/raw/phase3/CNES/LTDF2312.dbc,Acquisition only; scientific gates evaluated separately.,LTDF2312.dbc,01-15-24  09:19AM,FTP LIST; server timezone unspecified,2026-08-31T08:49:18.748686+00:00
DATASUS,CNES,2022-12,ES,2022-12,ftp://ftp.datasus.gov.br/dissemin/publicos/CNES/200508_/Dados/LT/LTES2212.dbc,ftp://ftp.datasus.gov.br/dissemin/publicos/CNES/200508_/Dados/LT/LTES2212.dbc,curl,2026-08-31T08:13:42.385426+00:00,LTES2212.dbc,12429,2d00c09d305d26c32e849f12ccbe2e2e42a68ba7a3508f26e71549aeef22eb16,2dbad68aca97d056d814401ef29c4eb58396c61b322ed6d0b861f36d848ca665,data/raw/phase3/CNES/LTES2212.dbc,Acquisition only; scientific gates evaluated separately.,LTES2212.dbc,01-11-23  07:34AM,FTP LIST; server timezone unspecified,2026-08-31T08:49:18.748693+00:00
DATASUS,CNES,2023-12,ES,2023-12,ftp://ftp.datasus.gov.br/dissemin/publicos/CNES/200508_/Dados/LT/LTES2312.dbc,ftp://ftp.datasus.gov.br/dissemin/publicos/CNES/200508_/Dados/LT/LTES2312.dbc,curl,2026-08-31T08:13:42.453661+00:00,LTES2312.dbc,12643,18cc226b30257245fede2d6a36e020f21d6332b151806f8bea27e1dd1b90e205,2dbad68aca97d056d814401ef29c4eb58396c61b322ed6d0b861f36d848ca665,data/raw/phase3/CNES/LTES2312.dbc,Acquisition only; scientific gates evaluated separately.,LTES2312.dbc,01-15-24  09:19AM,FTP LIST; server timezone unspecified,2026-08-31T08:49:18.748696+00:00
DATASUS,CNES,2022-12,GO,2022-12,ftp://ftp.datasus.gov.br/dissemin/publicos/CNES/200508_/Dados/LT/LTGO2212.dbc,ftp://ftp.datasus.gov.br/dissemin/publicos/CNES/200508_/Dados/LT/LTGO2212.dbc,curl,2026-08-31T08:13:42.691722+00:00,LTGO2212.dbc,33496,09ccb0c7df6e5ae6aabace76ce0eb6180f3cafaa06b80cc13c2df7d091694054,2dbad68aca97d056d814401ef29c4eb58396c61b322ed6d0b861f36d848ca665,data/raw/phase3/CNES/LTGO2212.dbc,Acquisition only; scientific gates evaluated separately.,LTGO2212.dbc,01-11-23  07:34AM,FTP LIST; server timezone unspecified,2026-08-31T08:49:18.748703+00:00
DATASUS,CNES,2023-12,GO,2023-12,ftp://ftp.datasus.gov.br/dissemin/publicos/CNES/200508_/Dados/LT/LTGO2312.dbc,ftp://ftp.datasus.gov.br/dissemin/publicos/CNES/200508_/Dados/LT/LTGO2312.dbc,curl,2026-08-31T08:13:42.743074+00:00,LTGO2312.dbc,33393,bb98a5e51d2cc351f31049734b73755fe6f96e83bf9f072042711a4fb4583ca6,2dbad68aca97d056d814401ef29c4eb58396c61b322ed6d0b861f36d848ca665,data/raw/phase3/CNES/LTGO2312.dbc,Acquisition only; scientific gates evaluated separately.,LTGO2312.dbc,01-15-24  09:19AM,FTP LIST; server timezone unspecified,2026-08-31T08:49:18.748706+00:00
DATASUS,CNES,2022-12,MA,2022-12,ftp://ftp.datasus.gov.br/dissemin/publicos/CNES/200508_/Dados/LT/LTMA2212.dbc,ftp://ftp.datasus.gov.br/dissemin/publicos/CNES/200508_/Dados/LT/LTMA2212.dbc,curl,2026-08-31T08:13:43.142929+00:00,LTMA2212.dbc,22024,e45cede6d127d4731eb3d2629c9bc73adf44cc61a7390746f96e6923d0905370,2dbad68aca97d056d814401ef29c4eb58396c61b322ed6d0b861f36d848ca665,data/raw/phase3/CNES/LTMA2212.dbc,Acquisition only; scientific gates evaluated separately.,LTMA2212.dbc,01-11-23  07:34AM,FTP LIST; server timezone unspecified,2026-08-31T08:49:18.748712+00:00
DATASUS,CNES,2023-12,MA,2023-12,ftp://ftp.datasus.gov.br/dissemin/publicos/CNES/200508_/Dados/LT/LTMA2312.dbc,ftp://ftp.datasus.gov.br/dissemin/publicos/CNES/200508_/Dados/LT/LTMA2312.dbc,curl,2026-08-31T08:13:43.229263+00:00,LTMA2312.dbc,22096,ed2d83ca76e956bfc2235f67af878ee19f8e19e450c21b5ece7f8e18f2bb6592,2dbad68aca97d056d814401ef29c4eb58396c61b322ed6d0b861f36d848ca665,data/raw/phase3/CNES/LTMA2312.dbc,Acquisition only; scientific gates evaluated separately.,LTMA2312.dbc,01-15-24  09:19AM,FTP LIST; server timezone unspecified,2026-08-31T08:49:18.748716+00:00
DATASUS,CNES,2022-12,MG,2022-12,ftp://ftp.datasus.gov.br/dissemin/publicos/CNES/200508_/Dados/LT/LTMG2212.dbc,ftp://ftp.datasus.gov.br/dissemin/publicos/CNES/200508_/Dados/LT/LTMG2212.dbc,curl,2026-08-31T08:13:43.494602+00:00,LTMG2212.dbc,61405,d198e6bea60a3e881bc1743b0d2ec3611778f12351e7119bf406913f318e2852,2dbad68aca97d056d814401ef29c4eb58396c61b322ed6d0b861f36d848ca665,data/raw/phase3/CNES/LTMG2212.dbc,Acquisition only; scientific gates evaluated separately.,LTMG2212.dbc,01-11-23  07:34AM,FTP LIST; server timezone unspecified,2026-08-31T08:49:18.748724+00:00
DATASUS,CNES,2023-12,MG,2023-12,ftp://ftp.datasus.gov.br/dissemin/publicos/CNES/200508_/Dados/LT/LTMG2312.dbc,ftp://ftp.datasus.gov.br/dissemin/publicos/CNES/200508_/Dados/LT/LTMG2312.dbc,curl,2026-08-31T08:13:43.541948+00:00,LTMG2312.dbc,61336,0328c2765bc655ebeed12146f44e36fdb7997ac652e54422682f8b6bbc595b5c,2dbad68aca97d056d814401ef29c4eb58396c61b322ed6d0b861f36d848ca665,data/raw/phase3/CNES/LTMG2312.dbc,Acquisition only; scientific gates evaluated separately.,LTMG2312.dbc,01-15-24  09:19AM,FTP LIST; server timezone unspecified,2026-08-31T08:49:18.748727+00:00
DATASUS,CNES,2022-12,MS,2022-12,ftp://ftp.datasus.gov.br/dissemin/publicos/CNES/200508_/Dados/LT/LTMS2212.dbc,ftp://ftp.datasus.gov.br/dissemin/publicos/CNES/200508_/Dados/LT/LTMS2212.dbc,curl,2026-08-31T08:13:43.827602+00:00,LTMS2212.dbc,11963,ca8ecf4a5ee1c7d2099867959838c5c5bd614b74ed1639abd61c73d7c2bb730e,2dbad68aca97d056d814401ef29c4eb58396c61b322ed6d0b861f36d848ca665,data/raw/phase3/CNES/LTMS2212.dbc,Acquisition only; scientific gates evaluated separately.,LTMS2212.dbc,01-11-23  07:34AM,FTP LIST; server timezone unspecified,2026-08-31T08:49:18.748734+00:00
DATASUS,CNES,2023-12,MS,2023-12,ftp://ftp.datasus.gov.br/dissemin/publicos/CNES/200508_/Dados/LT/LTMS2312.dbc,ftp://ftp.datasus.gov.br/dissemin/publicos/CNES/200508_/Dados/LT/LTMS2312.dbc,curl,2026-08-31T08:13:43.937955+00:00,LTMS2312.dbc,11871,e05d9dbb17554ad4ff73474180efad9a73a5e5165d219c325faea6a4cf0962ef,2dbad68aca97d056d814401ef29c4eb58396c61b322ed6d0b861f36d848ca665,data/raw/phase3/CNES/LTMS2312.dbc,Acquisition only; scientific gates evaluated separately.,LTMS2312.dbc,01-15-24  09:19AM,FTP LIST; server timezone unspecified,2026-08-31T08:49:18.748741+00:00
DATASUS,CNES,2022-12,MT,2022-12,ftp://ftp.datasus.gov.br/dissemin/publicos/CNES/200508_/Dados/LT/LTMT2212.dbc,ftp://ftp.datasus.gov.br/dissemin/publicos/CNES/200508_/Dados/LT/LTMT2212.dbc,curl,2026-08-31T08:13:44.243647+00:00,LTMT2212.dbc,15957,eca6a35a8972c5815f65b4664582d7353a94291c20ad3a0b8ddc222b764cf6b0,2dbad68aca97d056d814401ef29c4eb58396c61b322ed6d0b861f36d848ca665,data/raw/phase3/CNES/LTMT2212.dbc,Acquisition only; scientific gates evaluated separately.,LTMT2212.dbc,01-11-23  07:34AM,FTP LIST; server timezone unspecified,2026-08-31T08:49:18.748748+00:00
DATASUS,CNES,2023-12,MT,2023-12,ftp://ftp.datasus.gov.br/dissemin/publicos/CNES/200508_/Dados/LT/LTMT2312.dbc,ftp://ftp.datasus.gov.br/dissemin/publicos/CNES/200508_/Dados/LT/LTMT2312.dbc,curl,2026-08-31T08:13:44.259945+00:00,LTMT2312.dbc,15145,a37acad27dbeac239657a157fc0ea2361c4be659d0a2d3b6373521ee71d1ee4f,2dbad68aca97d056d814401ef29c4eb58396c61b322ed6d0b861f36d848ca665,data/raw/phase3/CNES/LTMT2312.dbc,Acquisition only; scientific gates evaluated separately.,LTMT2312.dbc,01-15-24  09:19AM,FTP LIST; server timezone unspecified,2026-08-31T08:49:18.748753+00:00
DATASUS,CNES,2022-12,PA,2022-12,ftp://ftp.datasus.gov.br/dissemin/publicos/CNES/200508_/Dados/LT/LTPA2212.dbc,ftp://ftp.datasus.gov.br/dissemin/publicos/CNES/200508_/Dados/LT/LTPA2212.dbc,curl,2026-08-31T08:13:44.517035+00:00,LTPA2212.dbc,22869,11e8e73994a9c6a23a2d6d40be06229962e48b9d92e4931953d43ca7b6bbde65,2dbad68aca97d056d814401ef29c4eb58396c61b322ed6d0b861f36d848ca665,data/raw/phase3/CNES/LTPA2212.dbc,Acquisition only; scientific gates evaluated separately.,LTPA2212.dbc,01-11-23  07:34AM,FTP LIST; server timezone unspecified,2026-08-31T08:49:18.748759+00:00
DATASUS,CNES,2023-12,PA,2023-12,ftp://ftp.datasus.gov.br/dissemin/publicos/CNES/200508_/Dados/LT/LTPA2312.dbc,ftp://ftp.datasus.gov.br/dissemin/publicos/CNES/200508_/Dados/LT/LTPA2312.dbc,curl,2026-08-31T08:13:44.643998+00:00,LTPA2312.dbc,22663,e68b217b2199fdd5b93a6d2a37a5f9515c9269756057309a3cc79d90405d592d,2dbad68aca97d056d814401ef29c4eb58396c61b322ed6d0b861f36d848ca665,data/raw/phase3/CNES/LTPA2312.dbc,Acquisition only; scientific gates evaluated separately.,LTPA2312.dbc,01-15-24  09:19AM,FTP LIST; server timezone unspecified,2026-08-31T08:49:18.748763+00:00
DATASUS,CNES,2022-12,PB,2022-12,ftp://ftp.datasus.gov.br/dissemin/publicos/CNES/200508_/Dados/LT/LTPB2212.dbc,ftp://ftp.datasus.gov.br/dissemin/publicos/CNES/200508_/Dados/LT/LTPB2212.dbc,curl,2026-08-31T08:13:44.878065+00:00,LTPB2212.dbc,14605,1e0da601e23c64262a92fb3c175394851f9d16290469331cefedcf98d8470853,2dbad68aca97d056d814401ef29c4eb58396c61b322ed6d0b861f36d848ca665,data/raw/phase3/CNES/LTPB2212.dbc,Acquisition only; scientific gates evaluated separately.,LTPB2212.dbc,01-11-23  07:34AM,FTP LIST; server timezone unspecified,2026-08-31T08:49:18.748769+00:00
DATASUS,CNES,2023-12,PB,2023-12,ftp://ftp.datasus.gov.br/dissemin/publicos/CNES/200508_/Dados/LT/LTPB2312.dbc,ftp://ftp.datasus.gov.br/dissemin/publicos/CNES/200508_/Dados/LT/LTPB2312.dbc,curl,2026-08-31T08:13:44.917430+00:00,LTPB2312.dbc,14914,61ef59c89489fcf55922edcf963ebc09f9010ee82bac8a21ea1e3263973ec077,2dbad68aca97d056d814401ef29c4eb58396c61b322ed6d0b861f36d848ca665,data/raw/phase3/CNES/LTPB2312.dbc,Acquisition only; scientific gates evaluated separately.,LTPB2312.dbc,01-15-24  09:19AM,FTP LIST; server timezone unspecified,2026-08-31T08:49:18.748772+00:00
DATASUS,CNES,2022-12,PE,2022-12,ftp://ftp.datasus.gov.br/dissemin/publicos/CNES/200508_/Dados/LT/LTPE2212.dbc,ftp://ftp.datasus.gov.br/dissemin/publicos/CNES/200508_/Dados/LT/LTPE2212.dbc,curl,2026-08-31T08:13:45.244998+00:00,LTPE2212.dbc,27766,4ae316c57a6166b268a6d38dfe9a4a9be8900d3c7d4b67f80b8b496a765b39b6,2dbad68aca97d056d814401ef29c4eb58396c61b322ed6d0b861f36d848ca665,data/raw/phase3/CNES/LTPE2212.dbc,Acquisition only; scientific gates evaluated separately.,LTPE2212.dbc,01-11-23  07:34AM,FTP LIST; server timezone unspecified,2026-08-31T08:49:18.748778+00:00
DATASUS,CNES,2023-12,PE,2023-12,ftp://ftp.datasus.gov.br/dissemin/publicos/CNES/200508_/Dados/LT/LTPE2312.dbc,ftp://ftp.datasus.gov.br/dissemin/publicos/CNES/200508_/Dados/LT/LTPE2312.dbc,curl,2026-08-31T08:13:45.362294+00:00,LTPE2312.dbc,28423,ddf4c627d4e209a5c7027d7b0bd62b8f3604dceddd5d6bd74468547ff6d8fafa,2dbad68aca97d056d814401ef29c4eb58396c61b322ed6d0b861f36d848ca665,data/raw/phase3/CNES/LTPE2312.dbc,Acquisition only; scientific gates evaluated separately.,LTPE2312.dbc,01-15-24  09:19AM,FTP LIST; server timezone unspecified,2026-08-31T08:49:18.748781+00:00
DATASUS,CNES,2022-12,PI,2022-12,ftp://ftp.datasus.gov.br/dissemin/publicos/CNES/200508_/Dados/LT/LTPI2212.dbc,ftp://ftp.datasus.gov.br/dissemin/publicos/CNES/200508_/Dados/LT/LTPI2212.dbc,curl,2026-08-31T08:13:45.576564+00:00,LTPI2212.dbc,12978,2133fdd8160661992958dbb817df773c77f131e5d30bcdd9ed27ea5b00ed39a6,2dbad68aca97d056d814401ef29c4eb58396c61b322ed6d0b861f36d848ca665,data/raw/phase3/CNES/LTPI2212.dbc,Acquisition only; scientific gates evaluated separately.,LTPI2212.dbc,01-11-23  07:34AM,FTP LIST; server timezone unspecified,2026-08-31T08:49:18.748787+00:00
DATASUS,CNES,2023-12,PI,2023-12,ftp://ftp.datasus.gov.br/dissemin/publicos/CNES/200508_/Dados/LT/LTPI2312.dbc,ftp://ftp.datasus.gov.br/dissemin/publicos/CNES/200508_/Dados/LT/LTPI2312.dbc,curl,2026-08-31T08:13:45.654394+00:00,LTPI2312.dbc,12814,302cf03b92df3f8edc25babbcede9e0d3b1d44bae7924ba2cc531b8024ccd94f,2dbad68aca97d056d814401ef29c4eb58396c61b322ed6d0b861f36d848ca665,data/raw/phase3/CNES/LTPI2312.dbc,Acquisition only; scientific gates evaluated separately.,LTPI2312.dbc,01-15-24  09:19AM,FTP LIST; server timezone unspecified,2026-08-31T08:49:18.748790+00:00
DATASUS,CNES,2022-12,PR,2022-12,ftp://ftp.datasus.gov.br/dissemin/publicos/CNES/200508_/Dados/LT/LTPR2212.dbc,ftp://ftp.datasus.gov.br/dissemin/publicos/CNES/200508_/Dados/LT/LTPR2212.dbc,curl,2026-08-31T08:13:45.983309+00:00,LTPR2212.dbc,38480,f727ec1796182eeadcc95eca9a801f55ad94f63ed6b7d0049b2389824ba946f1,2dbad68aca97d056d814401ef29c4eb58396c61b322ed6d0b861f36d848ca665,data/raw/phase3/CNES/LTPR2212.dbc,Acquisition only; scientific gates evaluated separately.,LTPR2212.dbc,01-11-23  07:34AM,FTP LIST; server timezone unspecified,2026-08-31T08:49:18.748796+00:00
DATASUS,CNES,2023-12,PR,2023-12,ftp://ftp.datasus.gov.br/dissemin/publicos/CNES/200508_/Dados/LT/LTPR2312.dbc,ftp://ftp.datasus.gov.br/dissemin/publicos/CNES/200508_/Dados/LT/LTPR2312.dbc,curl,2026-08-31T08:13:46.136365+00:00,LTPR2312.dbc,38604,cbab4f5b1f39dc4b926276badc345a968fa6cb3a67d5f1d1eb704e464457d1d0,2dbad68aca97d056d814401ef29c4eb58396c61b322ed6d0b861f36d848ca665,data/raw/phase3/CNES/LTPR2312.dbc,Acquisition only; scientific gates evaluated separately.,LTPR2312.dbc,01-15-24  09:19AM,FTP LIST; server timezone unspecified,2026-08-31T08:49:18.748799+00:00
DATASUS,CNES,2022-12,RJ,2022-12,ftp://ftp.datasus.gov.br/dissemin/publicos/CNES/200508_/Dados/LT/LTRJ2212.dbc,ftp://ftp.datasus.gov.br/dissemin/publicos/CNES/200508_/Dados/LT/LTRJ2212.dbc,curl,2026-08-31T08:13:46.315754+00:00,LTRJ2212.dbc,44844,b6c68bfbac6bb39bc630ac889f72e4153d19e677495dd81d914b9f675329154b,2dbad68aca97d056d814401ef29c4eb58396c61b322ed6d0b861f36d848ca665,data/raw/phase3/CNES/LTRJ2212.dbc,Acquisition only; scientific gates evaluated separately.,LTRJ2212.dbc,01-11-23  07:34AM,FTP LIST; server timezone unspecified,2026-08-31T08:49:18.748804+00:00
DATASUS,CNES,2023-12,RJ,2023-12,ftp://ftp.datasus.gov.br/dissemin/publicos/CNES/200508_/Dados/LT/LTRJ2312.dbc,ftp://ftp.datasus.gov.br/dissemin/publicos/CNES/200508_/Dados/LT/LTRJ2312.dbc,curl,2026-08-31T08:13:46.417604+00:00,LTRJ2312.dbc,45860,a06157ea40f1554d86a9ae2a7e7224f4749b27db1dd60abceaaa687277585d31,2dbad68aca97d056d814401ef29c4eb58396c61b322ed6d0b861f36d848ca665,data/raw/phase3/CNES/LTRJ2312.dbc,Acquisition only; scientific gates evaluated separately.,LTRJ2312.dbc,01-15-24  09:19AM,FTP LIST; server timezone unspecified,2026-08-31T08:49:18.748810+00:00
DATASUS,CNES,2022-12,RN,2022-12,ftp://ftp.datasus.gov.br/dissemin/publicos/CNES/200508_/Dados/LT/LTRN2212.dbc,ftp://ftp.datasus.gov.br/dissemin/publicos/CNES/200508_/Dados/LT/LTRN2212.dbc,curl,2026-08-31T08:13:46.692208+00:00,LTRN2212.dbc,13368,633e9f178e19bc39137a77e3c37bcb1a567147b56587e5317880595cb89fe59d,2dbad68aca97d056d814401ef29c4eb58396c61b322ed6d0b861f36d848ca665,data/raw/phase3/CNES/LTRN2212.dbc,Acquisition only; scientific gates evaluated separately.,LTRN2212.dbc,01-11-23  07:34AM,FTP LIST; server timezone unspecified,2026-08-31T08:49:18.748816+00:00
DATASUS,CNES,2023-12,RN,2023-12,ftp://ftp.datasus.gov.br/dissemin/publicos/CNES/200508_/Dados/LT/LTRN2312.dbc,ftp://ftp.datasus.gov.br/dissemin/publicos/CNES/200508_/Dados/LT/LTRN2312.dbc,curl,2026-08-31T08:13:46.843973+00:00,LTRN2312.dbc,13301,d03313a0c531df68babf46c2e819e6995f48cca2a8ff524791ff56097bf669de,2dbad68aca97d056d814401ef29c4eb58396c61b322ed6d0b861f36d848ca665,data/raw/phase3/CNES/LTRN2312.dbc,Acquisition only; scientific gates evaluated separately.,LTRN2312.dbc,01-15-24  09:19AM,FTP LIST; server timezone unspecified,2026-08-31T08:49:18.748819+00:00
DATASUS,CNES,2022-12,RO,2022-12,ftp://ftp.datasus.gov.br/dissemin/publicos/CNES/200508_/Dados/LT/LTRO2212.dbc,ftp://ftp.datasus.gov.br/dissemin/publicos/CNES/200508_/Dados/LT/LTRO2212.dbc,curl,2026-08-31T08:13:46.997766+00:00,LTRO2212.dbc,8830,c14d1094c251724db8332df7eec19c67f567b85d854b12366927893c90a84b3a,2dbad68aca97d056d814401ef29c4eb58396c61b322ed6d0b861f36d848ca665,data/raw/phase3/CNES/LTRO2212.dbc,Acquisition only; scientific gates evaluated separately.,LTRO2212.dbc,01-11-23  07:34AM,FTP LIST; server timezone unspecified,2026-08-31T08:49:18.748826+00:00
DATASUS,CNES,2023-12,RO,2023-12,ftp://ftp.datasus.gov.br/dissemin/publicos/CNES/200508_/Dados/LT/LTRO2312.dbc,ftp://ftp.datasus.gov.br/dissemin/publicos/CNES/200508_/Dados/LT/LTRO2312.dbc,curl,2026-08-31T08:13:47.143185+00:00,LTRO2312.dbc,9250,421a8e36a4c40f5cf5c68085b7e56b6e5878dc83ad0b9e3cc48895c0d6a549d7,2dbad68aca97d056d814401ef29c4eb58396c61b322ed6d0b861f36d848ca665,data/raw/phase3/CNES/LTRO2312.dbc,Acquisition only; scientific gates evaluated separately.,LTRO2312.dbc,01-15-24  09:19AM,FTP LIST; server timezone unspecified,2026-08-31T08:49:18.748832+00:00
DATASUS,CNES,2022-12,RR,2022-12,ftp://ftp.datasus.gov.br/dissemin/publicos/CNES/200508_/Dados/LT/LTRR2212.dbc,ftp://ftp.datasus.gov.br/dissemin/publicos/CNES/200508_/Dados/LT/LTRR2212.dbc,curl,2026-08-31T08:13:47.349196+00:00,LTRR2212.dbc,2261,8a7feb221f2bf82fb0667699b50274d06395212008eb1d4dd0092acf39a4688a,2dbad68aca97d056d814401ef29c4eb58396c61b322ed6d0b861f36d848ca665,data/raw/phase3/CNES/LTRR2212.dbc,Acquisition only; scientific gates evaluated separately.,LTRR2212.dbc,01-11-23  07:34AM,FTP LIST; server timezone unspecified,2026-08-31T08:49:18.748839+00:00
DATASUS,CNES,2023-12,RR,2023-12,ftp://ftp.datasus.gov.br/dissemin/publicos/CNES/200508_/Dados/LT/LTRR2312.dbc,ftp://ftp.datasus.gov.br/dissemin/publicos/CNES/200508_/Dados/LT/LTRR2312.dbc,curl,2026-08-31T08:13:47.485876+00:00,LTRR2312.dbc,2360,ba6ef9244191424a578ddd8d6a4b7cd407602b204d1787f834ed753f9f01bfd8,2dbad68aca97d056d814401ef29c4eb58396c61b322ed6d0b861f36d848ca665,data/raw/phase3/CNES/LTRR2312.dbc,Acquisition only; scientific gates evaluated separately.,LTRR2312.dbc,01-15-24  09:19AM,FTP LIST; server timezone unspecified,2026-08-31T08:49:18.748845+00:00
DATASUS,CNES,2022-12,RS,2022-12,ftp://ftp.datasus.gov.br/dissemin/publicos/CNES/200508_/Dados/LT/LTRS2212.dbc,ftp://ftp.datasus.gov.br/dissemin/publicos/CNES/200508_/Dados/LT/LTRS2212.dbc,curl,2026-08-31T08:13:47.770561+00:00,LTRS2212.dbc,35153,ba15d5c832db372df01c4532dea4b4f15c8769d4ce942205b44bab08e10becb2,2dbad68aca97d056d814401ef29c4eb58396c61b322ed6d0b861f36d848ca665,data/raw/phase3/CNES/LTRS2212.dbc,Acquisition only; scientific gates evaluated separately.,LTRS2212.dbc,01-11-23  07:34AM,FTP LIST; server timezone unspecified,2026-08-31T08:49:18.748853+00:00
DATASUS,CNES,2023-12,RS,2023-12,ftp://ftp.datasus.gov.br/dissemin/publicos/CNES/200508_/Dados/LT/LTRS2312.dbc,ftp://ftp.datasus.gov.br/dissemin/publicos/CNES/200508_/Dados/LT/LTRS2312.dbc,curl,2026-08-31T08:13:47.841285+00:00,LTRS2312.dbc,34630,56d36664237f867042c0ed4ada1e35a39926fc21339fd992f340a1017d74161e,2dbad68aca97d056d814401ef29c4eb58396c61b322ed6d0b861f36d848ca665,data/raw/phase3/CNES/LTRS2312.dbc,Acquisition only; scientific gates evaluated separately.,LTRS2312.dbc,01-15-24  09:19AM,FTP LIST; server timezone unspecified,2026-08-31T08:49:18.748857+00:00
DATASUS,CNES,2022-12,SC,2022-12,ftp://ftp.datasus.gov.br/dissemin/publicos/CNES/200508_/Dados/LT/LTSC2212.dbc,ftp://ftp.datasus.gov.br/dissemin/publicos/CNES/200508_/Dados/LT/LTSC2212.dbc,curl,2026-08-31T08:13:48.092133+00:00,LTSC2212.dbc,23746,562cee41763c4c8623395f1ce7f47d1d70f54ed4b39a25eebcb2d621ab74bba3,2dbad68aca97d056d814401ef29c4eb58396c61b322ed6d0b861f36d848ca665,data/raw/phase3/CNES/LTSC2212.dbc,Acquisition only; scientific gates evaluated separately.,LTSC2212.dbc,01-11-23  07:34AM,FTP LIST; server timezone unspecified,2026-08-31T08:49:18.748867+00:00
DATASUS,CNES,2023-12,SC,2023-12,ftp://ftp.datasus.gov.br/dissemin/publicos/CNES/200508_/Dados/LT/LTSC2312.dbc,ftp://ftp.datasus.gov.br/dissemin/publicos/CNES/200508_/Dados/LT/LTSC2312.dbc,curl,2026-08-31T08:13:48.236761+00:00,LTSC2312.dbc,23986,964c964e880f0b015667bcf6afd7cb2104c4bf5473b5568d95a838a89586c5f2,2dbad68aca97d056d814401ef29c4eb58396c61b322ed6d0b861f36d848ca665,data/raw/phase3/CNES/LTSC2312.dbc,Acquisition only; scientific gates evaluated separately.,LTSC2312.dbc,01-15-24  09:19AM,FTP LIST; server timezone unspecified,2026-08-31T08:49:18.748870+00:00
DATASUS,CNES,2022-12,SE,2022-12,ftp://ftp.datasus.gov.br/dissemin/publicos/CNES/200508_/Dados/LT/LTSE2212.dbc,ftp://ftp.datasus.gov.br/dissemin/publicos/CNES/200508_/Dados/LT/LTSE2212.dbc,curl,2026-08-31T08:13:48.454585+00:00,LTSE2212.dbc,5242,e969275c53fc083f96172fb549326d0ea5438140808f17c93822c637d4d634d5,2dbad68aca97d056d814401ef29c4eb58396c61b322ed6d0b861f36d848ca665,data/raw/phase3/CNES/LTSE2212.dbc,Acquisition only; scientific gates evaluated separately.,LTSE2212.dbc,01-11-23  07:34AM,FTP LIST; server timezone unspecified,2026-08-31T08:49:18.748877+00:00
DATASUS,CNES,2023-12,SE,2023-12,ftp://ftp.datasus.gov.br/dissemin/publicos/CNES/200508_/Dados/LT/LTSE2312.dbc,ftp://ftp.datasus.gov.br/dissemin/publicos/CNES/200508_/Dados/LT/LTSE2312.dbc,curl,2026-08-31T08:13:48.529692+00:00,LTSE2312.dbc,5357,41896b2264755313b2547eedac1016cdc23cd2e5b76ca2be17dde394dc862d6e,2dbad68aca97d056d814401ef29c4eb58396c61b322ed6d0b861f36d848ca665,data/raw/phase3/CNES/LTSE2312.dbc,Acquisition only; scientific gates evaluated separately.,LTSE2312.dbc,01-15-24  09:19AM,FTP LIST; server timezone unspecified,2026-08-31T08:49:18.748881+00:00
DATASUS,CNES,2022-12,SP,2022-12,ftp://ftp.datasus.gov.br/dissemin/publicos/CNES/200508_/Dados/LT/LTSP2212.dbc,ftp://ftp.datasus.gov.br/dissemin/publicos/CNES/200508_/Dados/LT/LTSP2212.dbc,curl,2026-08-31T08:13:48.893217+00:00,LTSP2212.dbc,99231,8acff1c019d9cc9267da794ad41643a9cfac86d5974c0cee936f8420883edda0,2dbad68aca97d056d814401ef29c4eb58396c61b322ed6d0b861f36d848ca665,data/raw/phase3/CNES/LTSP2212.dbc,Acquisition only; scientific gates evaluated separately.,LTSP2212.dbc,01-11-23  07:34AM,FTP LIST; server timezone unspecified,2026-08-31T08:49:18.748887+00:00
DATASUS,CNES,2023-12,SP,2023-12,ftp://ftp.datasus.gov.br/dissemin/publicos/CNES/200508_/Dados/LT/LTSP2312.dbc,ftp://ftp.datasus.gov.br/dissemin/publicos/CNES/200508_/Dados/LT/LTSP2312.dbc,curl,2026-08-31T08:13:49.104751+00:00,LTSP2312.dbc,98869,86abc20e488a14d8c9c3734207ed0c3e656f13fe1dfcbd3fa6cb6bb4e40857ed,2dbad68aca97d056d814401ef29c4eb58396c61b322ed6d0b861f36d848ca665,data/raw/phase3/CNES/LTSP2312.dbc,Acquisition only; scientific gates evaluated separately.,LTSP2312.dbc,01-15-24  09:19AM,FTP LIST; server timezone unspecified,2026-08-31T08:49:18.748890+00:00
DATASUS,CNES,2022-12,TO,2022-12,ftp://ftp.datasus.gov.br/dissemin/publicos/CNES/200508_/Dados/LT/LTTO2212.dbc,ftp://ftp.datasus.gov.br/dissemin/publicos/CNES/200508_/Dados/LT/LTTO2212.dbc,curl,2026-08-31T08:13:49.134219+00:00,LTTO2212.dbc,6965,6abb8f1d44f611e260c38835af0684d4e24e6806c4b42e142835c9c5fba2e0b5,2dbad68aca97d056d814401ef29c4eb58396c61b322ed6d0b861f36d848ca665,data/raw/phase3/CNES/LTTO2212.dbc,Acquisition only; scientific gates evaluated separately.,LTTO2212.dbc,01-11-23  07:34AM,FTP LIST; server timezone unspecified,2026-08-31T08:49:18.748896+00:00
DATASUS,CNES,2023-12,TO,2023-12,ftp://ftp.datasus.gov.br/dissemin/publicos/CNES/200508_/Dados/LT/LTTO2312.dbc,ftp://ftp.datasus.gov.br/dissemin/publicos/CNES/200508_/Dados/LT/LTTO2312.dbc,curl,2026-08-31T08:13:49.211472+00:00,LTTO2312.dbc,7173,51109ca69b06545c5b19276409760af6136d29d2e1b22cd2f7eaf5128918c6b7,2dbad68aca97d056d814401ef29c4eb58396c61b322ed6d0b861f36d848ca665,data/raw/phase3/CNES/LTTO2312.dbc,Acquisition only; scientific gates evaluated separately.,LTTO2312.dbc,01-15-24  09:19AM,FTP LIST; server timezone unspecified,2026-08-31T08:49:18.748900+00:00
DATASUS,CNES,2022-12,AC,2022-12,ftp://ftp.datasus.gov.br/dissemin/publicos/CNES/200508_/Dados/PF/PFAC2212.dbc,ftp://ftp.datasus.gov.br/dissemin/publicos/CNES/200508_/Dados/PF/PFAC2212.dbc,curl,2026-08-31T08:13:50.034188+00:00,PFAC2212.dbc,957735,2685c7b79b3e99fdec221181259f2a1f1d9dbedeabf41e1213c4065da025ef43,1f03db39c51b24d59af8ac91c3bc5cba3d38326d5cf7fab76d1729ff6e11e212,data/raw/phase3/CNES/PFAC2212.dbc,Acquisition only; scientific gates evaluated separately.,PFAC2212.dbc,01-11-23  07:34AM,FTP LIST; server timezone unspecified,2026-08-31T08:49:18.748909+00:00
DATASUS,CNES,2023-12,AC,2023-12,ftp://ftp.datasus.gov.br/dissemin/publicos/CNES/200508_/Dados/PF/PFAC2312.dbc,ftp://ftp.datasus.gov.br/dissemin/publicos/CNES/200508_/Dados/PF/PFAC2312.dbc,curl,2026-08-31T08:13:50.268709+00:00,PFAC2312.dbc,1068687,a558446c158996d4580df0801c1461311a41042af8636b1feeb160daa649da98,1f03db39c51b24d59af8ac91c3bc5cba3d38326d5cf7fab76d1729ff6e11e212,data/raw/phase3/CNES/PFAC2312.dbc,Acquisition only; scientific gates evaluated separately.,PFAC2312.dbc,01-15-24  09:19AM,FTP LIST; server timezone unspecified,2026-08-31T08:49:18.748913+00:00
DATASUS,CNES,2022-12,AL,2022-12,ftp://ftp.datasus.gov.br/dissemin/publicos/CNES/200508_/Dados/PF/PFAL2212.dbc,ftp://ftp.datasus.gov.br/dissemin/publicos/CNES/200508_/Dados/PF/PFAL2212.dbc,curl,2026-08-31T08:13:51.006469+00:00,PFAL2212.dbc,3652253,c201f89a642179f64e0cd900031593a9743b9bda8f7dc7e8a0b8f6d756e7d5dd,1f03db39c51b24d59af8ac91c3bc5cba3d38326d5cf7fab76d1729ff6e11e212,data/raw/phase3/CNES/PFAL2212.dbc,Acquisition only; scientific gates evaluated separately.,PFAL2212.dbc,01-11-23  07:34AM,FTP LIST; server timezone unspecified,2026-08-31T08:49:18.748918+00:00
DATASUS,CNES,2023-12,AL,2023-12,ftp://ftp.datasus.gov.br/dissemin/publicos/CNES/200508_/Dados/PF/PFAL2312.dbc,ftp://ftp.datasus.gov.br/dissemin/publicos/CNES/200508_/Dados/PF/PFAL2312.dbc,curl,2026-08-31T08:13:51.118307+00:00,PFAL2312.dbc,3926241,42352537faeb84ae260a6a4c1d6fb1e3bad6842984a128116613af397eab8dd0,1f03db39c51b24d59af8ac91c3bc5cba3d38326d5cf7fab76d1729ff6e11e212,data/raw/phase3/CNES/PFAL2312.dbc,Acquisition only; scientific gates evaluated separately.,PFAL2312.dbc,01-15-24  09:19AM,FTP LIST; server timezone unspecified,2026-08-31T08:49:18.748922+00:00
DATASUS,CNES,2022-12,AM,2022-12,ftp://ftp.datasus.gov.br/dissemin/publicos/CNES/200508_/Dados/PF/PFAM2212.dbc,ftp://ftp.datasus.gov.br/dissemin/publicos/CNES/200508_/Dados/PF/PFAM2212.dbc,curl,2026-08-31T08:13:52.127891+00:00,PFAM2212.dbc,4270800,8d259a04f54bf8b8f681dbc001dfc8634696a78b74dd4144004b8c2ce51d086d,1f03db39c51b24d59af8ac91c3bc5cba3d38326d5cf7fab76d1729ff6e11e212,data/raw/phase3/CNES/PFAM2212.dbc,Acquisition only; scientific gates evaluated separately.,PFAM2212.dbc,01-11-23  07:34AM,FTP LIST; server timezone unspecified,2026-08-31T08:49:18.748926+00:00
DATASUS,CNES,2023-12,AM,2023-12,ftp://ftp.datasus.gov.br/dissemin/publicos/CNES/200508_/Dados/PF/PFAM2312.dbc,ftp://ftp.datasus.gov.br/dissemin/publicos/CNES/200508_/Dados/PF/PFAM2312.dbc,curl,2026-08-31T08:13:52.374466+00:00,PFAM2312.dbc,4739616,d9f82592911633c6a9791600ef3d9c894dfbf4190113068d3c4510456dd37cfe,1f03db39c51b24d59af8ac91c3bc5cba3d38326d5cf7fab76d1729ff6e11e212,data/raw/phase3/CNES/PFAM2312.dbc,Acquisition only; scientific gates evaluated separately.,PFAM2312.dbc,01-15-24  09:19AM,FTP LIST; server timezone unspecified,2026-08-31T08:49:18.748930+00:00
DATASUS,CNES,2022-12,AP,2022-12,ftp://ftp.datasus.gov.br/dissemin/publicos/CNES/200508_/Dados/PF/PFAP2212.dbc,ftp://ftp.datasus.gov.br/dissemin/publicos/CNES/200508_/Dados/PF/PFAP2212.dbc,curl,2026-08-31T08:13:52.075559+00:00,PFAP2212.dbc,966110,04fe2c30d34af356275bf64bcb2fa2fe6dd3fd5f55e38698d0e3624d22cd2e50,1f03db39c51b24d59af8ac91c3bc5cba3d38326d5cf7fab76d1729ff6e11e212,data/raw/phase3/CNES/PFAP2212.dbc,Acquisition only; scientific gates evaluated separately.,PFAP2212.dbc,01-11-23  07:34AM,FTP LIST; server timezone unspecified,2026-08-31T08:49:18.748934+00:00
DATASUS,CNES,2023-12,AP,2023-12,ftp://ftp.datasus.gov.br/dissemin/publicos/CNES/200508_/Dados/PF/PFAP2312.dbc,ftp://ftp.datasus.gov.br/dissemin/publicos/CNES/200508_/Dados/PF/PFAP2312.dbc,curl,2026-08-31T08:13:52.278312+00:00,PFAP2312.dbc,1103916,420ab104b49bcdb00f98854b5b69c98af99e9c5d45e21ddcfa2d7ec49d937c11,1f03db39c51b24d59af8ac91c3bc5cba3d38326d5cf7fab76d1729ff6e11e212,data/raw/phase3/CNES/PFAP2312.dbc,Acquisition only; scientific gates evaluated separately.,PFAP2312.dbc,01-15-24  09:19AM,FTP LIST; server timezone unspecified,2026-08-31T08:49:18.748938+00:00
DATASUS,CNES,2022-12,BA,2022-12,ftp://ftp.datasus.gov.br/dissemin/publicos/CNES/200508_/Dados/PF/PFBA2212.dbc,ftp://ftp.datasus.gov.br/dissemin/publicos/CNES/200508_/Dados/PF/PFBA2212.dbc,curl,2026-08-31T08:13:57.243146+00:00,PFBA2212.dbc,15745186,b0988377aa6c9352c02a65e7ce65f5c8319ceb4c4496cdbdf6ae4accd99120ae,1f03db39c51b24d59af8ac91c3bc5cba3d38326d5cf7fab76d1729ff6e11e212,data/raw/phase3/CNES/PFBA2212.dbc,Acquisition only; scientific gates evaluated separately.,PFBA2212.dbc,01-11-23  07:34AM,FTP LIST; server timezone unspecified,2026-08-31T08:49:18.748944+00:00
DATASUS,CNES,2023-12,BA,2023-12,ftp://ftp.datasus.gov.br/dissemin/publicos/CNES/200508_/Dados/PF/PFBA2312.dbc,ftp://ftp.datasus.gov.br/dissemin/publicos/CNES/200508_/Dados/PF/PFBA2312.dbc,curl,2026-08-31T08:13:57.281744+00:00,PFBA2312.dbc,16778593,8b92e5a497e21c90dc0e49fc6d14dca67ec908ea75c38f1596a75c40912501b7,1f03db39c51b24d59af8ac91c3bc5cba3d38326d5cf7fab76d1729ff6e11e212,data/raw/phase3/CNES/PFBA2312.dbc,Acquisition only; scientific gates evaluated separately.,PFBA2312.dbc,01-15-24  09:19AM,FTP LIST; server timezone unspecified,2026-08-31T08:49:18.748949+00:00
DATASUS,CNES,2022-12,CE,2022-12,ftp://ftp.datasus.gov.br/dissemin/publicos/CNES/200508_/Dados/PF/PFCE2212.dbc,ftp://ftp.datasus.gov.br/dissemin/publicos/CNES/200508_/Dados/PF/PFCE2212.dbc,curl,2026-08-31T08:13:55.670975+00:00,PFCE2212.dbc,9635773,f7fac09896544aa5cae39d811dfec8a023dae859df4c336cb74b8941700aa0b7,1f03db39c51b24d59af8ac91c3bc5cba3d38326d5cf7fab76d1729ff6e11e212,data/raw/phase3/CNES/PFCE2212.dbc,Acquisition only; scientific gates evaluated separately.,PFCE2212.dbc,01-11-23  07:34AM,FTP LIST; server timezone unspecified,2026-08-31T08:49:18.748957+00:00
DATASUS,CNES,2023-12,CE,2023-12,ftp://ftp.datasus.gov.br/dissemin/publicos/CNES/200508_/Dados/PF/PFCE2312.dbc,ftp://ftp.datasus.gov.br/dissemin/publicos/CNES/200508_/Dados/PF/PFCE2312.dbc,curl,2026-08-31T08:13:55.901030+00:00,PFCE2312.dbc,10417950,cc994597e45370d4c0728379c778ced280bc7699d3127c545f4093e8abf2cecb,1f03db39c51b24d59af8ac91c3bc5cba3d38326d5cf7fab76d1729ff6e11e212,data/raw/phase3/CNES/PFCE2312.dbc,Acquisition only; scientific gates evaluated separately.,PFCE2312.dbc,01-15-24  09:19AM,FTP LIST; server timezone unspecified,2026-08-31T08:49:18.748960+00:00
DATASUS,CNES,2022-12,DF,2022-12,ftp://ftp.datasus.gov.br/dissemin/publicos/CNES/200508_/Dados/PF/PFDF2212.dbc,ftp://ftp.datasus.gov.br/dissemin/publicos/CNES/200508_/Dados/PF/PFDF2212.dbc,curl,2026-08-31T08:13:57.996024+00:00,PFDF2212.dbc,5510544,28c250983d3206ae381ade202f704e0fb589375428e01b1767b65e356b6f4e20,1f03db39c51b24d59af8ac91c3bc5cba3d38326d5cf7fab76d1729ff6e11e212,data/raw/phase3/CNES/PFDF2212.dbc,Acquisition only; scientific gates evaluated separately.,PFDF2212.dbc,01-11-23  07:34AM,FTP LIST; server timezone unspecified,2026-08-31T08:49:18.748968+00:00
DATASUS,CNES,2023-12,DF,2023-12,ftp://ftp.datasus.gov.br/dissemin/publicos/CNES/200508_/Dados/PF/PFDF2312.dbc,ftp://ftp.datasus.gov.br/dissemin/publicos/CNES/200508_/Dados/PF/PFDF2312.dbc,curl,2026-08-31T08:13:58.300709+00:00,PFDF2312.dbc,5757515,e5b446a9c589f74abf730b4a8f0f0ea3c9b64e13ca6d4fd4aaa08bcf2a151d9f,1f03db39c51b24d59af8ac91c3bc5cba3d38326d5cf7fab76d1729ff6e11e212,data/raw/phase3/CNES/PFDF2312.dbc,Acquisition only; scientific gates evaluated separately.,PFDF2312.dbc,01-15-24  09:19AM,FTP LIST; server timezone unspecified,2026-08-31T08:49:18.748971+00:00
DATASUS,CNES,2022-12,ES,2022-12,ftp://ftp.datasus.gov.br/dissemin/publicos/CNES/200508_/Dados/PF/PFES2212.dbc,ftp://ftp.datasus.gov.br/dissemin/publicos/CNES/200508_/Dados/PF/PFES2212.dbc,curl,2026-08-31T08:13:59.708926+00:00,PFES2212.dbc,5644910,8046f7aa10ba7ab8301aa559b0679fa6bd1bbfaa8bacb10fe733594220ec3757,1f03db39c51b24d59af8ac91c3bc5cba3d38326d5cf7fab76d1729ff6e11e212,data/raw/phase3/CNES/PFES2212.dbc,Acquisition only; scientific gates evaluated separately.,PFES2212.dbc,01-11-23  07:34AM,FTP LIST; server timezone unspecified,2026-08-31T08:49:18.748978+00:00
DATASUS,CNES,2023-12,ES,2023-12,ftp://ftp.datasus.gov.br/dissemin/publicos/CNES/200508_/Dados/PF/PFES2312.dbc,ftp://ftp.datasus.gov.br/dissemin/publicos/CNES/200508_/Dados/PF/PFES2312.dbc,curl,2026-08-31T08:13:59.866451+00:00,PFES2312.dbc,6195156,f1425d0455e9cda7b688372331a0a48b6f1e7dba82bdc4fd8810265c6a4596fd,1f03db39c51b24d59af8ac91c3bc5cba3d38326d5cf7fab76d1729ff6e11e212,data/raw/phase3/CNES/PFES2312.dbc,Acquisition only; scientific gates evaluated separately.,PFES2312.dbc,01-15-24  09:19AM,FTP LIST; server timezone unspecified,2026-08-31T08:49:18.748981+00:00
DATASUS,CNES,2022-12,GO,2022-12,ftp://ftp.datasus.gov.br/dissemin/publicos/CNES/200508_/Dados/PF/PFGO2212.dbc,ftp://ftp.datasus.gov.br/dissemin/publicos/CNES/200508_/Dados/PF/PFGO2212.dbc,curl,2026-08-31T08:14:01.026388+00:00,PFGO2212.dbc,8203575,af250478dd587020f2a343afef010e0a2a50107be1581d73ea6a75feca7d174b,1f03db39c51b24d59af8ac91c3bc5cba3d38326d5cf7fab76d1729ff6e11e212,data/raw/phase3/CNES/PFGO2212.dbc,Acquisition only; scientific gates evaluated separately.,PFGO2212.dbc,01-11-23  07:34AM,FTP LIST; server timezone unspecified,2026-08-31T08:49:18.748989+00:00
DATASUS,CNES,2023-12,GO,2023-12,ftp://ftp.datasus.gov.br/dissemin/publicos/CNES/200508_/Dados/PF/PFGO2312.dbc,ftp://ftp.datasus.gov.br/dissemin/publicos/CNES/200508_/Dados/PF/PFGO2312.dbc,curl,2026-08-31T08:14:01.470651+00:00,PFGO2312.dbc,8712584,60fa5a5fcbe133f213a818ba051cb79a5e6c293760d0d71a2de9b7388f630837,1f03db39c51b24d59af8ac91c3bc5cba3d38326d5cf7fab76d1729ff6e11e212,data/raw/phase3/CNES/PFGO2312.dbc,Acquisition only; scientific gates evaluated separately.,PFGO2312.dbc,01-15-24  09:19AM,FTP LIST; server timezone unspecified,2026-08-31T08:49:18.748993+00:00
DATASUS,CNES,2022-12,MA,2022-12,ftp://ftp.datasus.gov.br/dissemin/publicos/CNES/200508_/Dados/PF/PFMA2212.dbc,ftp://ftp.datasus.gov.br/dissemin/publicos/CNES/200508_/Dados/PF/PFMA2212.dbc,curl,2026-08-31T08:14:02.267084+00:00,PFMA2212.dbc,6393067,b5639f07a4db9554c1a8696f52d4f460e5ebedd0fa9b3ee0cde5eacdf4eb8aa6,1f03db39c51b24d59af8ac91c3bc5cba3d38326d5cf7fab76d1729ff6e11e212,data/raw/phase3/CNES/PFMA2212.dbc,Acquisition only; scientific gates evaluated separately.,PFMA2212.dbc,01-11-23  07:34AM,FTP LIST; server timezone unspecified,2026-08-31T08:49:18.749000+00:00
DATASUS,CNES,2023-12,MA,2023-12,ftp://ftp.datasus.gov.br/dissemin/publicos/CNES/200508_/Dados/PF/PFMA2312.dbc,ftp://ftp.datasus.gov.br/dissemin/publicos/CNES/200508_/Dados/PF/PFMA2312.dbc,curl,2026-08-31T08:14:02.637259+00:00,PFMA2312.dbc,7087247,00a951f2b22bc0654b8fc852c5a81bba1fb56fe4df8e9ce951c7ec639f1e75cb,1f03db39c51b24d59af8ac91c3bc5cba3d38326d5cf7fab76d1729ff6e11e212,data/raw/phase3/CNES/PFMA2312.dbc,Acquisition only; scientific gates evaluated separately.,PFMA2312.dbc,01-15-24  09:19AM,FTP LIST; server timezone unspecified,2026-08-31T08:49:18.749005+00:00
DATASUS,CNES,2022-12,MG,2022-12,ftp://ftp.datasus.gov.br/dissemin/publicos/CNES/200508_/Dados/PF/PFMG2212.dbc,ftp://ftp.datasus.gov.br/dissemin/publicos/CNES/200508_/Dados/PF/PFMG2212.dbc,curl,2026-08-31T08:14:10.985855+00:00,PFMG2212.dbc,32724995,d2015915069998ba59fc94630a2a9d4058f1fe48655a1904f12beb2445689e62,1f03db39c51b24d59af8ac91c3bc5cba3d38326d5cf7fab76d1729ff6e11e212,data/raw/phase3/CNES/PFMG2212.dbc,Acquisition only; scientific gates evaluated separately.,PFMG2212.dbc,01-11-23  07:34AM,FTP LIST; server timezone unspecified,2026-08-31T08:49:18.749012+00:00
DATASUS,CNES,2023-12,MG,2023-12,ftp://ftp.datasus.gov.br/dissemin/publicos/CNES/200508_/Dados/PF/PFMG2312.dbc,ftp://ftp.datasus.gov.br/dissemin/publicos/CNES/200508_/Dados/PF/PFMG2312.dbc,curl,2026-08-31T08:14:11.362865+00:00,PFMG2312.dbc,34593648,44fc548f7f6b808438d47ca75acee5cc0f1ff16c412defde0cc5f6c92f6fa9e0,1f03db39c51b24d59af8ac91c3bc5cba3d38326d5cf7fab76d1729ff6e11e212,data/raw/phase3/CNES/PFMG2312.dbc,Acquisition only; scientific gates evaluated separately.,PFMG2312.dbc,01-15-24  09:19AM,FTP LIST; server timezone unspecified,2026-08-31T08:49:18.749015+00:00
DATASUS,CNES,2022-12,MS,2022-12,ftp://ftp.datasus.gov.br/dissemin/publicos/CNES/200508_/Dados/PF/PFMS2212.dbc,ftp://ftp.datasus.gov.br/dissemin/publicos/CNES/200508_/Dados/PF/PFMS2212.dbc,curl,2026-08-31T08:14:04.216812+00:00,PFMS2212.dbc,4058680,b9146eee4bad011ee53582fe385edf3ddc570f242f995900d3fd9c66818a8318,1f03db39c51b24d59af8ac91c3bc5cba3d38326d5cf7fab76d1729ff6e11e212,data/raw/phase3/CNES/PFMS2212.dbc,Acquisition only; scientific gates evaluated separately.,PFMS2212.dbc,01-11-23  07:34AM,FTP LIST; server timezone unspecified,2026-08-31T08:49:18.749023+00:00
DATASUS,CNES,2023-12,MS,2023-12,ftp://ftp.datasus.gov.br/dissemin/publicos/CNES/200508_/Dados/PF/PFMS2312.dbc,ftp://ftp.datasus.gov.br/dissemin/publicos/CNES/200508_/Dados/PF/PFMS2312.dbc,curl,2026-08-31T08:14:04.603875+00:00,PFMS2312.dbc,4277878,5809761a6802e4bf45497dec4235c3f4546196a10b5735913345c123beed81b9,1f03db39c51b24d59af8ac91c3bc5cba3d38326d5cf7fab76d1729ff6e11e212,data/raw/phase3/CNES/PFMS2312.dbc,Acquisition only; scientific gates evaluated separately.,PFMS2312.dbc,01-15-24  09:19AM,FTP LIST; server timezone unspecified,2026-08-31T08:49:18.749029+00:00
DATASUS,CNES,2022-12,MT,2022-12,ftp://ftp.datasus.gov.br/dissemin/publicos/CNES/200508_/Dados/PF/PFMT2212.dbc,ftp://ftp.datasus.gov.br/dissemin/publicos/CNES/200508_/Dados/PF/PFMT2212.dbc,curl,2026-08-31T08:14:07.793808+00:00,PFMT2212.dbc,4472422,2ad93ac850c498760a4dcd6592bc97dd3d0dcc9e7f98fcfee351bf3635ae6e67,1f03db39c51b24d59af8ac91c3bc5cba3d38326d5cf7fab76d1729ff6e11e212,data/raw/phase3/CNES/PFMT2212.dbc,Acquisition only; scientific gates evaluated separately.,PFMT2212.dbc,01-11-23  07:34AM,FTP LIST; server timezone unspecified,2026-08-31T08:49:18.749036+00:00
DATASUS,CNES,2023-12,MT,2023-12,ftp://ftp.datasus.gov.br/dissemin/publicos/CNES/200508_/Dados/PF/PFMT2312.dbc,ftp://ftp.datasus.gov.br/dissemin/publicos/CNES/200508_/Dados/PF/PFMT2312.dbc,curl,2026-08-31T08:14:06.809855+00:00,PFMT2312.dbc,4799282,3aa26ffc27464544797ce01988a2ba00d873c9947eeb1158698b727ffcae5c40,1f03db39c51b24d59af8ac91c3bc5cba3d38326d5cf7fab76d1729ff6e11e212,data/raw/phase3/CNES/PFMT2312.dbc,Acquisition only; scientific gates evaluated separately.,PFMT2312.dbc,01-15-24  09:19AM,FTP LIST; server timezone unspecified,2026-08-31T08:49:18.749042+00:00
DATASUS,CNES,2022-12,PA,2022-12,ftp://ftp.datasus.gov.br/dissemin/publicos/CNES/200508_/Dados/PF/PFPA2212.dbc,ftp://ftp.datasus.gov.br/dissemin/publicos/CNES/200508_/Dados/PF/PFPA2212.dbc,curl,2026-08-31T08:14:09.429418+00:00,PFPA2212.dbc,6552708,7225ce244e577c7fd4ee7768f6c683567e693244352bdc68fd80e03e3ac3fae3,1f03db39c51b24d59af8ac91c3bc5cba3d38326d5cf7fab76d1729ff6e11e212,data/raw/phase3/CNES/PFPA2212.dbc,Acquisition only; scientific gates evaluated separately.,PFPA2212.dbc,01-11-23  07:34AM,FTP LIST; server timezone unspecified,2026-08-31T08:49:18.749050+00:00
DATASUS,CNES,2023-12,PA,2023-12,ftp://ftp.datasus.gov.br/dissemin/publicos/CNES/200508_/Dados/PF/PFPA2312.dbc,ftp://ftp.datasus.gov.br/dissemin/publicos/CNES/200508_/Dados/PF/PFPA2312.dbc,curl,2026-08-31T08:14:10.627667+00:00,PFPA2312.dbc,7099298,86729233810613fc3d97c1efe46a0e57764837a52ae5a6b77254c8b3c509143f,1f03db39c51b24d59af8ac91c3bc5cba3d38326d5cf7fab76d1729ff6e11e212,data/raw/phase3/CNES/PFPA2312.dbc,Acquisition only; scientific gates evaluated separately.,PFPA2312.dbc,01-15-24  09:19AM,FTP LIST; server timezone unspecified,2026-08-31T08:49:18.749053+00:00
DATASUS,CNES,2022-12,PB,2022-12,ftp://ftp.datasus.gov.br/dissemin/publicos/CNES/200508_/Dados/PF/PFPB2212.dbc,ftp://ftp.datasus.gov.br/dissemin/publicos/CNES/200508_/Dados/PF/PFPB2212.dbc,curl,2026-08-31T08:14:11.488985+00:00,PFPB2212.dbc,4443551,a8c5fac7d4bc6bad13e85162c663ea44bc0adf980c5946276e15aaee2c5aeda6,1f03db39c51b24d59af8ac91c3bc5cba3d38326d5cf7fab76d1729ff6e11e212,data/raw/phase3/CNES/PFPB2212.dbc,Acquisition only; scientific gates evaluated separately.,PFPB2212.dbc,01-11-23  07:34AM,FTP LIST; server timezone unspecified,2026-08-31T08:49:18.749060+00:00
DATASUS,CNES,2023-12,PB,2023-12,ftp://ftp.datasus.gov.br/dissemin/publicos/CNES/200508_/Dados/PF/PFPB2312.dbc,ftp://ftp.datasus.gov.br/dissemin/publicos/CNES/200508_/Dados/PF/PFPB2312.dbc,curl,2026-08-31T08:14:12.955911+00:00,PFPB2312.dbc,5113547,75d9cc479e8b80458d8213ce1bcfc7d59a9e11e4a1d883d71c20dbc7a900e6db,1f03db39c51b24d59af8ac91c3bc5cba3d38326d5cf7fab76d1729ff6e11e212,data/raw/phase3/CNES/PFPB2312.dbc,Acquisition only; scientific gates evaluated separately.,PFPB2312.dbc,01-15-24  09:19AM,FTP LIST; server timezone unspecified,2026-08-31T08:49:18.749066+00:00
DATASUS,CNES,2022-12,PE,2022-12,ftp://ftp.datasus.gov.br/dissemin/publicos/CNES/200508_/Dados/PF/PFPE2212.dbc,ftp://ftp.datasus.gov.br/dissemin/publicos/CNES/200508_/Dados/PF/PFPE2212.dbc,curl,2026-08-31T08:14:14.612750+00:00,PFPE2212.dbc,9858453,788d01eae8999bc6fdfaa9d12df7beec4c8c62ef39e5cf4a734f7497fca930ef,1f03db39c51b24d59af8ac91c3bc5cba3d38326d5cf7fab76d1729ff6e11e212,data/raw/phase3/CNES/PFPE2212.dbc,Acquisition only; scientific gates evaluated separately.,PFPE2212.dbc,01-11-23  07:34AM,FTP LIST; server timezone unspecified,2026-08-31T08:49:18.749073+00:00
DATASUS,CNES,2023-12,PE,2023-12,ftp://ftp.datasus.gov.br/dissemin/publicos/CNES/200508_/Dados/PF/PFPE2312.dbc,ftp://ftp.datasus.gov.br/dissemin/publicos/CNES/200508_/Dados/PF/PFPE2312.dbc,curl,2026-08-31T08:14:15.269401+00:00,PFPE2312.dbc,10444305,278432b39c0a85ca4b31ed616479764eb697a11ac928de8a7ab95c021a04b999,1f03db39c51b24d59af8ac91c3bc5cba3d38326d5cf7fab76d1729ff6e11e212,data/raw/phase3/CNES/PFPE2312.dbc,Acquisition only; scientific gates evaluated separately.,PFPE2312.dbc,01-15-24  09:19AM,FTP LIST; server timezone unspecified,2026-08-31T08:49:18.749076+00:00
DATASUS,CNES,2022-12,PI,2022-12,ftp://ftp.datasus.gov.br/dissemin/publicos/CNES/200508_/Dados/PF/PFPI2212.dbc,ftp://ftp.datasus.gov.br/dissemin/publicos/CNES/200508_/Dados/PF/PFPI2212.dbc,curl,2026-08-31T08:14:13.278154+00:00,PFPI2212.dbc,3208007,78d87c4aed9ee26554d48b70180255f51cbed8c25c26e1df5c81817ac94da797,1f03db39c51b24d59af8ac91c3bc5cba3d38326d5cf7fab76d1729ff6e11e212,data/raw/phase3/CNES/PFPI2212.dbc,Acquisition only; scientific gates evaluated separately.,PFPI2212.dbc,01-11-23  07:34AM,FTP LIST; server timezone unspecified,2026-08-31T08:49:18.749086+00:00
DATASUS,CNES,2023-12,PI,2023-12,ftp://ftp.datasus.gov.br/dissemin/publicos/CNES/200508_/Dados/PF/PFPI2312.dbc,ftp://ftp.datasus.gov.br/dissemin/publicos/CNES/200508_/Dados/PF/PFPI2312.dbc,curl,2026-08-31T08:14:14.833388+00:00,PFPI2312.dbc,3585402,8bbdcb0d2faa9e6152458afa5eada599942032a1d5a6f6dbcaf6d7b5c5568998,1f03db39c51b24d59af8ac91c3bc5cba3d38326d5cf7fab76d1729ff6e11e212,data/raw/phase3/CNES/PFPI2312.dbc,Acquisition only; scientific gates evaluated separately.,PFPI2312.dbc,01-15-24  09:19AM,FTP LIST; server timezone unspecified,2026-08-31T08:49:18.749092+00:00
DATASUS,CNES,2022-12,PR,2022-12,ftp://ftp.datasus.gov.br/dissemin/publicos/CNES/200508_/Dados/PF/PFPR2212.dbc,ftp://ftp.datasus.gov.br/dissemin/publicos/CNES/200508_/Dados/PF/PFPR2212.dbc,curl,2026-08-31T08:14:18.885953+00:00,PFPR2212.dbc,16537130,1b5e63f1137f0dce8ad665f411bf1ce871e82e2f20f15d0969554f58b00ca337,1f03db39c51b24d59af8ac91c3bc5cba3d38326d5cf7fab76d1729ff6e11e212,data/raw/phase3/CNES/PFPR2212.dbc,Acquisition only; scientific gates evaluated separately.,PFPR2212.dbc,01-11-23  07:34AM,FTP LIST; server timezone unspecified,2026-08-31T08:49:18.749100+00:00
DATASUS,CNES,2023-12,PR,2023-12,ftp://ftp.datasus.gov.br/dissemin/publicos/CNES/200508_/Dados/PF/PFPR2312.dbc,ftp://ftp.datasus.gov.br/dissemin/publicos/CNES/200508_/Dados/PF/PFPR2312.dbc,curl,2026-08-31T08:14:20.252622+00:00,PFPR2312.dbc,17421592,53f5df4ab1ebc9b4d7aa9143177592573987de96888c38eec1c569c51cb7c3c6,1f03db39c51b24d59af8ac91c3bc5cba3d38326d5cf7fab76d1729ff6e11e212,data/raw/phase3/CNES/PFPR2312.dbc,Acquisition only; scientific gates evaluated separately.,PFPR2312.dbc,01-15-24  09:19AM,FTP LIST; server timezone unspecified,2026-08-31T08:49:18.749105+00:00
DATASUS,CNES,2022-12,RJ,2022-12,ftp://ftp.datasus.gov.br/dissemin/publicos/CNES/200508_/Dados/PF/PFRJ2212.dbc,ftp://ftp.datasus.gov.br/dissemin/publicos/CNES/200508_/Dados/PF/PFRJ2212.dbc,curl,2026-08-31T08:14:21.999883+00:00,PFRJ2212.dbc,23534999,3ffdfa9ba167b7c580f20448619a3a3f2a10420ef58828f46ad9a476a625fe51,1f03db39c51b24d59af8ac91c3bc5cba3d38326d5cf7fab76d1729ff6e11e212,data/raw/phase3/CNES/PFRJ2212.dbc,Acquisition only; scientific gates evaluated separately.,PFRJ2212.dbc,01-11-23  07:34AM,FTP LIST; server timezone unspecified,2026-08-31T08:49:18.749113+00:00
DATASUS,CNES,2023-12,RJ,2023-12,ftp://ftp.datasus.gov.br/dissemin/publicos/CNES/200508_/Dados/PF/PFRJ2312.dbc,ftp://ftp.datasus.gov.br/dissemin/publicos/CNES/200508_/Dados/PF/PFRJ2312.dbc,curl,2026-08-31T08:14:22.766719+00:00,PFRJ2312.dbc,25104426,9328c55187399b6c1a8690525cbc6e7a16ca1aa4d1dd5074f406d4bcecdb2d88,1f03db39c51b24d59af8ac91c3bc5cba3d38326d5cf7fab76d1729ff6e11e212,data/raw/phase3/CNES/PFRJ2312.dbc,Acquisition only; scientific gates evaluated separately.,PFRJ2312.dbc,01-15-24  09:19AM,FTP LIST; server timezone unspecified,2026-08-31T08:49:18.749119+00:00
DATASUS,CNES,2022-12,RN,2022-12,ftp://ftp.datasus.gov.br/dissemin/publicos/CNES/200508_/Dados/PF/PFRN2212.dbc,ftp://ftp.datasus.gov.br/dissemin/publicos/CNES/200508_/Dados/PF/PFRN2212.dbc,curl,2026-08-31T08:14:20.949580+00:00,PFRN2212.dbc,4091559,34dd1a230b501005335fecfab262ac3d7c7e20614a2b7e1facd70e3341b873ee,1f03db39c51b24d59af8ac91c3bc5cba3d38326d5cf7fab76d1729ff6e11e212,data/raw/phase3/CNES/PFRN2212.dbc,Acquisition only; scientific gates evaluated separately.,PFRN2212.dbc,01-11-23  07:34AM,FTP LIST; server timezone unspecified,2026-08-31T08:49:18.749126+00:00
DATASUS,CNES,2023-12,RN,2023-12,ftp://ftp.datasus.gov.br/dissemin/publicos/CNES/200508_/Dados/PF/PFRN2312.dbc,ftp://ftp.datasus.gov.br/dissemin/publicos/CNES/200508_/Dados/PF/PFRN2312.dbc,curl,2026-08-31T08:14:22.312197+00:00,PFRN2312.dbc,4473265,426419ad4c16090bcbf958dc893cff8b3a0148afb8c0b12a53e9c6a885a24e1c,1f03db39c51b24d59af8ac91c3bc5cba3d38326d5cf7fab76d1729ff6e11e212,data/raw/phase3/CNES/PFRN2312.dbc,Acquisition only; scientific gates evaluated separately.,PFRN2312.dbc,01-15-24  09:19AM,FTP LIST; server timezone unspecified,2026-08-31T08:49:18.749130+00:00
DATASUS,CNES,2022-12,RO,2022-12,ftp://ftp.datasus.gov.br/dissemin/publicos/CNES/200508_/Dados/PF/PFRO2212.dbc,ftp://ftp.datasus.gov.br/dissemin/publicos/CNES/200508_/Dados/PF/PFRO2212.dbc,curl,2026-08-31T08:14:22.373154+00:00,PFRO2212.dbc,2247210,a52cb4bf57b37b6c44124564def9897474bb2fc1b34a024081c6a893f44949cf,1f03db39c51b24d59af8ac91c3bc5cba3d38326d5cf7fab76d1729ff6e11e212,data/raw/phase3/CNES/PFRO2212.dbc,Acquisition only; scientific gates evaluated separately.,PFRO2212.dbc,01-11-23  07:34AM,FTP LIST; server timezone unspecified,2026-08-31T08:49:18.749137+00:00
DATASUS,CNES,2023-12,RO,2023-12,ftp://ftp.datasus.gov.br/dissemin/publicos/CNES/200508_/Dados/PF/PFRO2312.dbc,ftp://ftp.datasus.gov.br/dissemin/publicos/CNES/200508_/Dados/PF/PFRO2312.dbc,curl,2026-08-31T08:14:23.487276+00:00,PFRO2312.dbc,2424433,dd62ebe7a00586b2256f3160f1230cbdfba79c67234492affade4b79a200c3b1,1f03db39c51b24d59af8ac91c3bc5cba3d38326d5cf7fab76d1729ff6e11e212,data/raw/phase3/CNES/PFRO2312.dbc,Acquisition only; scientific gates evaluated separately.,PFRO2312.dbc,01-15-24  09:19AM,FTP LIST; server timezone unspecified,2026-08-31T08:49:18.749140+00:00
DATASUS,CNES,2022-12,RR,2022-12,ftp://ftp.datasus.gov.br/dissemin/publicos/CNES/200508_/Dados/PF/PFRR2212.dbc,ftp://ftp.datasus.gov.br/dissemin/publicos/CNES/200508_/Dados/PF/PFRR2212.dbc,curl,2026-08-31T08:14:23.418852+00:00,PFRR2212.dbc,833541,16184145d57f2735228ea2d7b22f82cd226d4dc29ce39044f73ae4116aa65401,1f03db39c51b24d59af8ac91c3bc5cba3d38326d5cf7fab76d1729ff6e11e212,data/raw/phase3/CNES/PFRR2212.dbc,Acquisition only; scientific gates evaluated separately.,PFRR2212.dbc,01-11-23  07:34AM,FTP LIST; server timezone unspecified,2026-08-31T08:49:18.749147+00:00
DATASUS,CNES,2023-12,RR,2023-12,ftp://ftp.datasus.gov.br/dissemin/publicos/CNES/200508_/Dados/PF/PFRR2312.dbc,ftp://ftp.datasus.gov.br/dissemin/publicos/CNES/200508_/Dados/PF/PFRR2312.dbc,curl,2026-08-31T08:14:23.451306+00:00,PFRR2312.dbc,861578,a7502b64bf8e56abe9d204cef8b7fbf96f9efaa3c5e9533b10d5e8b38ae5f94e,1f03db39c51b24d59af8ac91c3bc5cba3d38326d5cf7fab76d1729ff6e11e212,data/raw/phase3/CNES/PFRR2312.dbc,Acquisition only; scientific gates evaluated separately.,PFRR2312.dbc,01-15-24  09:19AM,FTP LIST; server timezone unspecified,2026-08-31T08:49:18.749152+00:00
DATASUS,CNES,2022-12,RS,2022-12,ftp://ftp.datasus.gov.br/dissemin/publicos/CNES/200508_/Dados/PF/PFRS2212.dbc,ftp://ftp.datasus.gov.br/dissemin/publicos/CNES/200508_/Dados/PF/PFRS2212.dbc,curl,2026-08-31T08:14:28.168837+00:00,PFRS2212.dbc,16543453,7a1affac26bea4fe8b4396184645a49e588d9bdc7e47feaa0d64e0dd4b725f46,1f03db39c51b24d59af8ac91c3bc5cba3d38326d5cf7fab76d1729ff6e11e212,data/raw/phase3/CNES/PFRS2212.dbc,Acquisition only; scientific gates evaluated separately.,PFRS2212.dbc,01-11-23  07:34AM,FTP LIST; server timezone unspecified,2026-08-31T08:49:18.749159+00:00
DATASUS,CNES,2023-12,RS,2023-12,ftp://ftp.datasus.gov.br/dissemin/publicos/CNES/200508_/Dados/PF/PFRS2312.dbc,ftp://ftp.datasus.gov.br/dissemin/publicos/CNES/200508_/Dados/PF/PFRS2312.dbc,curl,2026-08-31T08:14:28.965611+00:00,PFRS2312.dbc,17686299,146b9e9a8ac8134f7c0f0703c4b43f3792b9c86dc42d121c2e85d82b7c5da5c9,1f03db39c51b24d59af8ac91c3bc5cba3d38326d5cf7fab76d1729ff6e11e212,data/raw/phase3/CNES/PFRS2312.dbc,Acquisition only; scientific gates evaluated separately.,PFRS2312.dbc,01-15-24  09:19AM,FTP LIST; server timezone unspecified,2026-08-31T08:49:18.749163+00:00
DATASUS,CNES,2022-12,SC,2022-12,ftp://ftp.datasus.gov.br/dissemin/publicos/CNES/200508_/Dados/PF/PFSC2212.dbc,ftp://ftp.datasus.gov.br/dissemin/publicos/CNES/200508_/Dados/PF/PFSC2212.dbc,curl,2026-08-31T08:14:27.234284+00:00,PFSC2212.dbc,11163692,4749e4d7b16e9d7d24346da790acb39760d79b43e5b10643bb757c1367546fe6,1f03db39c51b24d59af8ac91c3bc5cba3d38326d5cf7fab76d1729ff6e11e212,data/raw/phase3/CNES/PFSC2212.dbc,Acquisition only; scientific gates evaluated separately.,PFSC2212.dbc,01-11-23  07:34AM,FTP LIST; server timezone unspecified,2026-08-31T08:49:18.749170+00:00
DATASUS,CNES,2023-12,SC,2023-12,ftp://ftp.datasus.gov.br/dissemin/publicos/CNES/200508_/Dados/PF/PFSC2312.dbc,ftp://ftp.datasus.gov.br/dissemin/publicos/CNES/200508_/Dados/PF/PFSC2312.dbc,curl,2026-08-31T08:14:27.540608+00:00,PFSC2312.dbc,12082567,2f4bec2408c9f49c0a0077edc43a93d153f14b607a673978591bc822b3232c84,1f03db39c51b24d59af8ac91c3bc5cba3d38326d5cf7fab76d1729ff6e11e212,data/raw/phase3/CNES/PFSC2312.dbc,Acquisition only; scientific gates evaluated separately.,PFSC2312.dbc,01-15-24  09:19AM,FTP LIST; server timezone unspecified,2026-08-31T08:49:18.749174+00:00
DATASUS,CNES,2022-12,SE,2022-12,ftp://ftp.datasus.gov.br/dissemin/publicos/CNES/200508_/Dados/PF/PFSE2212.dbc,ftp://ftp.datasus.gov.br/dissemin/publicos/CNES/200508_/Dados/PF/PFSE2212.dbc,curl,2026-08-31T08:14:28.775038+00:00,PFSE2212.dbc,2694005,e5f0113ce94f5a727464657b4a28aa2dcdbea7d61bba9c37641069df9a289d6c,1f03db39c51b24d59af8ac91c3bc5cba3d38326d5cf7fab76d1729ff6e11e212,data/raw/phase3/CNES/PFSE2212.dbc,Acquisition only; scientific gates evaluated separately.,PFSE2212.dbc,01-11-23  07:34AM,FTP LIST; server timezone unspecified,2026-08-31T08:49:18.749182+00:00
DATASUS,CNES,2023-12,SE,2023-12,ftp://ftp.datasus.gov.br/dissemin/publicos/CNES/200508_/Dados/PF/PFSE2312.dbc,ftp://ftp.datasus.gov.br/dissemin/publicos/CNES/200508_/Dados/PF/PFSE2312.dbc,curl,2026-08-31T08:14:29.098192+00:00,PFSE2312.dbc,3016850,f7d19184e57a9d814fdcc7bb8f4f1b3e3adb7209d8f09b840f95a74bb7c8ea7c,1f03db39c51b24d59af8ac91c3bc5cba3d38326d5cf7fab76d1729ff6e11e212,data/raw/phase3/CNES/PFSE2312.dbc,Acquisition only; scientific gates evaluated separately.,PFSE2312.dbc,01-15-24  09:19AM,FTP LIST; server timezone unspecified,2026-08-31T08:49:18.749187+00:00
DATASUS,CNES,2022-12,SP,2022-12,ftp://ftp.datasus.gov.br/dissemin/publicos/CNES/200508_/Dados/PF/PFSP2212.dbc,ftp://ftp.datasus.gov.br/dissemin/publicos/CNES/200508_/Dados/PF/PFSP2212.dbc,curl,2026-08-31T08:14:46.949251+00:00,PFSP2212.dbc,64144830,e0b82f4afc20f2782abe62623ec3548194e07984a6d8fb5eaa97d8c031bbd549,1f03db39c51b24d59af8ac91c3bc5cba3d38326d5cf7fab76d1729ff6e11e212,data/raw/phase3/CNES/PFSP2212.dbc,Acquisition only; scientific gates evaluated separately.,PFSP2212.dbc,01-11-23  07:34AM,FTP LIST; server timezone unspecified,2026-08-31T08:49:18.749197+00:00
DATASUS,CNES,2023-12,SP,2023-12,ftp://ftp.datasus.gov.br/dissemin/publicos/CNES/200508_/Dados/PF/PFSP2312.dbc,ftp://ftp.datasus.gov.br/dissemin/publicos/CNES/200508_/Dados/PF/PFSP2312.dbc,curl,2026-08-31T08:14:49.098238+00:00,PFSP2312.dbc,68365858,2866d7b328cff64a75e9f8c3df105c33b59cf26e58020d192a4ab1d3469ee03d,1f03db39c51b24d59af8ac91c3bc5cba3d38326d5cf7fab76d1729ff6e11e212,data/raw/phase3/CNES/PFSP2312.dbc,Acquisition only; scientific gates evaluated separately.,PFSP2312.dbc,01-15-24  09:19AM,FTP LIST; server timezone unspecified,2026-08-31T08:49:18.749202+00:00
DATASUS,CNES,2022-12,TO,2022-12,ftp://ftp.datasus.gov.br/dissemin/publicos/CNES/200508_/Dados/PF/PFTO2212.dbc,ftp://ftp.datasus.gov.br/dissemin/publicos/CNES/200508_/Dados/PF/PFTO2212.dbc,curl,2026-08-31T08:14:30.307360+00:00,PFTO2212.dbc,2032364,4379e6b689d19858342acb10c1c9c49307c356af093da1151a93891e22eca196,1f03db39c51b24d59af8ac91c3bc5cba3d38326d5cf7fab76d1729ff6e11e212,data/raw/phase3/CNES/PFTO2212.dbc,Acquisition only; scientific gates evaluated separately.,PFTO2212.dbc,01-11-23  07:34AM,FTP LIST; server timezone unspecified,2026-08-31T08:49:18.749210+00:00
DATASUS,CNES,2023-12,TO,2023-12,ftp://ftp.datasus.gov.br/dissemin/publicos/CNES/200508_/Dados/PF/PFTO2312.dbc,ftp://ftp.datasus.gov.br/dissemin/publicos/CNES/200508_/Dados/PF/PFTO2312.dbc,curl,2026-08-31T08:14:30.440961+00:00,PFTO2312.dbc,2171617,33f77e7714e63fe5cc7c92daf3d522ea4aefd0c8feac728be1fed3bf52db5bd3,1f03db39c51b24d59af8ac91c3bc5cba3d38326d5cf7fab76d1729ff6e11e212,data/raw/phase3/CNES/PFTO2312.dbc,Acquisition only; scientific gates evaluated separately.,PFTO2312.dbc,01-15-24  09:19AM,FTP LIST; server timezone unspecified,2026-08-31T08:49:18.749213+00:00
DATASUS,CNES,2022-12,AC,2022-12,ftp://ftp.datasus.gov.br/dissemin/publicos/CNES/200508_/Dados/ST/STAC2212.dbc,ftp://ftp.datasus.gov.br/dissemin/publicos/CNES/200508_/Dados/ST/STAC2212.dbc,curl,2026-08-31T08:13:26.980531+00:00,STAC2212.dbc,57906,471e565009f42509fe0160a3d53909c4f26b9366be789726e6a6c215f930260d,46012727ee5fdaf2d19817ced244f3c547bf75144d2e2f7bd6d25c3214d96b57,data/raw/phase3/CNES/STAC2212.dbc,Acquisition only; scientific gates evaluated separately.,STAC2212.dbc,01-11-23  07:34AM,FTP LIST; server timezone unspecified,2026-08-31T08:49:18.749221+00:00
DATASUS,CNES,2023-12,AC,2023-12,ftp://ftp.datasus.gov.br/dissemin/publicos/CNES/200508_/Dados/ST/STAC2312.dbc,ftp://ftp.datasus.gov.br/dissemin/publicos/CNES/200508_/Dados/ST/STAC2312.dbc,curl,2026-08-31T08:13:27.010917+00:00,STAC2312.dbc,62114,c5e88bfcdbe053fef5b00dd0f2c73f12470d26937c72c471f5d2b87efc123d87,46012727ee5fdaf2d19817ced244f3c547bf75144d2e2f7bd6d25c3214d96b57,data/raw/phase3/CNES/STAC2312.dbc,Acquisition only; scientific gates evaluated separately.,STAC2312.dbc,01-15-24  09:19AM,FTP LIST; server timezone unspecified,2026-08-31T08:49:18.749225+00:00
DATASUS,CNES,2022-12,AL,2022-12,ftp://ftp.datasus.gov.br/dissemin/publicos/CNES/200508_/Dados/ST/STAL2212.dbc,ftp://ftp.datasus.gov.br/dissemin/publicos/CNES/200508_/Dados/ST/STAL2212.dbc,curl,2026-08-31T08:13:27.070077+00:00,STAL2212.dbc,176778,d0beee23689ff608497977452562e9f6efa440f50898ac3fb76121b5fba8731f,46012727ee5fdaf2d19817ced244f3c547bf75144d2e2f7bd6d25c3214d96b57,data/raw/phase3/CNES/STAL2212.dbc,Acquisition only; scientific gates evaluated separately.,STAL2212.dbc,01-11-23  07:34AM,FTP LIST; server timezone unspecified,2026-08-31T08:49:18.749231+00:00
DATASUS,CNES,2023-12,AL,2023-12,ftp://ftp.datasus.gov.br/dissemin/publicos/CNES/200508_/Dados/ST/STAL2312.dbc,ftp://ftp.datasus.gov.br/dissemin/publicos/CNES/200508_/Dados/ST/STAL2312.dbc,curl,2026-08-31T08:13:27.066398+00:00,STAL2312.dbc,184056,3c63f0ef83f41a458f3d2bbe09a5a3124b9f8376a3c7d0e7f29877a4e69efb0f,46012727ee5fdaf2d19817ced244f3c547bf75144d2e2f7bd6d25c3214d96b57,data/raw/phase3/CNES/STAL2312.dbc,Acquisition only; scientific gates evaluated separately.,STAL2312.dbc,01-15-24  09:19AM,FTP LIST; server timezone unspecified,2026-08-31T08:49:18.749234+00:00
DATASUS,CNES,2022-12,AM,2022-12,ftp://ftp.datasus.gov.br/dissemin/publicos/CNES/200508_/Dados/ST/STAM2212.dbc,ftp://ftp.datasus.gov.br/dissemin/publicos/CNES/200508_/Dados/ST/STAM2212.dbc,curl,2026-08-31T08:13:27.796495+00:00,STAM2212.dbc,132986,2abe14288e4be513e4bcd3b0ac98b5110175a9bf17939c5cf87f0104740b74c6,46012727ee5fdaf2d19817ced244f3c547bf75144d2e2f7bd6d25c3214d96b57,data/raw/phase3/CNES/STAM2212.dbc,Acquisition only; scientific gates evaluated separately.,STAM2212.dbc,01-11-23  07:34AM,FTP LIST; server timezone unspecified,2026-08-31T08:49:18.749239+00:00
DATASUS,CNES,2023-12,AM,2023-12,ftp://ftp.datasus.gov.br/dissemin/publicos/CNES/200508_/Dados/ST/STAM2312.dbc,ftp://ftp.datasus.gov.br/dissemin/publicos/CNES/200508_/Dados/ST/STAM2312.dbc,curl,2026-08-31T08:13:27.845739+00:00,STAM2312.dbc,138016,180893eed86d573509ca70c88004d2b6237e09dac06c69db03546d28c2f18a7d,46012727ee5fdaf2d19817ced244f3c547bf75144d2e2f7bd6d25c3214d96b57,data/raw/phase3/CNES/STAM2312.dbc,Acquisition only; scientific gates evaluated separately.,STAM2312.dbc,01-15-24  09:19AM,FTP LIST; server timezone unspecified,2026-08-31T08:49:18.749243+00:00
DATASUS,CNES,2022-12,AP,2022-12,ftp://ftp.datasus.gov.br/dissemin/publicos/CNES/200508_/Dados/ST/STAP2212.dbc,ftp://ftp.datasus.gov.br/dissemin/publicos/CNES/200508_/Dados/ST/STAP2212.dbc,curl,2026-08-31T08:13:27.833676+00:00,STAP2212.dbc,42893,625035e4467451922f966a2ba7de1babd0d9cba1d7b244fa0e1e65c8f4c5b787,46012727ee5fdaf2d19817ced244f3c547bf75144d2e2f7bd6d25c3214d96b57,data/raw/phase3/CNES/STAP2212.dbc,Acquisition only; scientific gates evaluated separately.,STAP2212.dbc,01-11-23  07:34AM,FTP LIST; server timezone unspecified,2026-08-31T08:49:18.749248+00:00
DATASUS,CNES,2023-12,AP,2023-12,ftp://ftp.datasus.gov.br/dissemin/publicos/CNES/200508_/Dados/ST/STAP2312.dbc,ftp://ftp.datasus.gov.br/dissemin/publicos/CNES/200508_/Dados/ST/STAP2312.dbc,curl,2026-08-31T08:13:27.833609+00:00,STAP2312.dbc,47596,3bbcf0a884c63f09794fc340195c64a76665affb5854705f0e48c84b78180fa6,46012727ee5fdaf2d19817ced244f3c547bf75144d2e2f7bd6d25c3214d96b57,data/raw/phase3/CNES/STAP2312.dbc,Acquisition only; scientific gates evaluated separately.,STAP2312.dbc,01-15-24  09:19AM,FTP LIST; server timezone unspecified,2026-08-31T08:49:18.749252+00:00
DATASUS,CNES,2022-12,BA,2022-12,ftp://ftp.datasus.gov.br/dissemin/publicos/CNES/200508_/Dados/ST/STBA2212.dbc,ftp://ftp.datasus.gov.br/dissemin/publicos/CNES/200508_/Dados/ST/STBA2212.dbc,curl,2026-08-31T08:13:28.961684+00:00,STBA2212.dbc,928310,b76c3c834f73d85e3ab40404a18f512a2c0510573a7dedcc862bad582fbd836e,46012727ee5fdaf2d19817ced244f3c547bf75144d2e2f7bd6d25c3214d96b57,data/raw/phase3/CNES/STBA2212.dbc,Acquisition only; scientific gates evaluated separately.,STBA2212.dbc,01-11-23  07:34AM,FTP LIST; server timezone unspecified,2026-08-31T08:49:18.749258+00:00
DATASUS,CNES,2023-12,BA,2023-12,ftp://ftp.datasus.gov.br/dissemin/publicos/CNES/200508_/Dados/ST/STBA2312.dbc,ftp://ftp.datasus.gov.br/dissemin/publicos/CNES/200508_/Dados/ST/STBA2312.dbc,curl,2026-08-31T08:13:28.995213+00:00,STBA2312.dbc,959963,1fa1d0adff4f9a4bd4296e80144510ae9d4f673a7c8e5d1a5aa09c480a38bbaf,46012727ee5fdaf2d19817ced244f3c547bf75144d2e2f7bd6d25c3214d96b57,data/raw/phase3/CNES/STBA2312.dbc,Acquisition only; scientific gates evaluated separately.,STBA2312.dbc,01-15-24  09:19AM,FTP LIST; server timezone unspecified,2026-08-31T08:49:18.749261+00:00
DATASUS,CNES,2022-12,CE,2022-12,ftp://ftp.datasus.gov.br/dissemin/publicos/CNES/200508_/Dados/ST/STCE2212.dbc,ftp://ftp.datasus.gov.br/dissemin/publicos/CNES/200508_/Dados/ST/STCE2212.dbc,curl,2026-08-31T08:13:28.879170+00:00,STCE2212.dbc,606074,16e6d14fae44e1c3f6ae1e5f2c04d818fdd66fc1154d129b094cc93640ddfeaa,46012727ee5fdaf2d19817ced244f3c547bf75144d2e2f7bd6d25c3214d96b57,data/raw/phase3/CNES/STCE2212.dbc,Acquisition only; scientific gates evaluated separately.,STCE2212.dbc,01-11-23  07:34AM,FTP LIST; server timezone unspecified,2026-08-31T08:49:18.749266+00:00
DATASUS,CNES,2023-12,CE,2023-12,ftp://ftp.datasus.gov.br/dissemin/publicos/CNES/200508_/Dados/ST/STCE2312.dbc,ftp://ftp.datasus.gov.br/dissemin/publicos/CNES/200508_/Dados/ST/STCE2312.dbc,curl,2026-08-31T08:13:29.003389+00:00,STCE2312.dbc,618956,1a68e54f1349e4930cb8f3c8ee7501f243470fe32352b8e9ea856162bbd0930a,46012727ee5fdaf2d19817ced244f3c547bf75144d2e2f7bd6d25c3214d96b57,data/raw/phase3/CNES/STCE2312.dbc,Acquisition only; scientific gates evaluated separately.,STCE2312.dbc,01-15-24  09:19AM,FTP LIST; server timezone unspecified,2026-08-31T08:49:18.749270+00:00
DATASUS,CNES,2022-12,DF,2022-12,ftp://ftp.datasus.gov.br/dissemin/publicos/CNES/200508_/Dados/ST/STDF2212.dbc,ftp://ftp.datasus.gov.br/dissemin/publicos/CNES/200508_/Dados/ST/STDF2212.dbc,curl,2026-08-31T08:13:29.759545+00:00,STDF2212.dbc,271264,ab8347e8930a0e79ca3a817b24fa9920b9705f7b3e870faa7cb49c332dcb2c08,46012727ee5fdaf2d19817ced244f3c547bf75144d2e2f7bd6d25c3214d96b57,data/raw/phase3/CNES/STDF2212.dbc,Acquisition only; scientific gates evaluated separately.,STDF2212.dbc,01-11-23  07:34AM,FTP LIST; server timezone unspecified,2026-08-31T08:49:18.749277+00:00
DATASUS,CNES,2023-12,DF,2023-12,ftp://ftp.datasus.gov.br/dissemin/publicos/CNES/200508_/Dados/ST/STDF2312.dbc,ftp://ftp.datasus.gov.br/dissemin/publicos/CNES/200508_/Dados/ST/STDF2312.dbc,curl,2026-08-31T08:13:29.907089+00:00,STDF2312.dbc,303860,889ae99bce278f00c15ab15cc7753df5eac700ecb95b9cb1f00c79260eb85f7c,46012727ee5fdaf2d19817ced244f3c547bf75144d2e2f7bd6d25c3214d96b57,data/raw/phase3/CNES/STDF2312.dbc,Acquisition only; scientific gates evaluated separately.,STDF2312.dbc,01-15-24  09:19AM,FTP LIST; server timezone unspecified,2026-08-31T08:49:18.749281+00:00
DATASUS,CNES,2022-12,ES,2022-12,ftp://ftp.datasus.gov.br/dissemin/publicos/CNES/200508_/Dados/ST/STES2212.dbc,ftp://ftp.datasus.gov.br/dissemin/publicos/CNES/200508_/Dados/ST/STES2212.dbc,curl,2026-08-31T08:13:29.930653+00:00,STES2212.dbc,400887,0cdbf8d05aef0f778c583ff784f2cbe67ac9bbbaac8e9c1435f07d7c1002c18e,46012727ee5fdaf2d19817ced244f3c547bf75144d2e2f7bd6d25c3214d96b57,data/raw/phase3/CNES/STES2212.dbc,Acquisition only; scientific gates evaluated separately.,STES2212.dbc,01-11-23  07:34AM,FTP LIST; server timezone unspecified,2026-08-31T08:49:18.749286+00:00
DATASUS,CNES,2023-12,ES,2023-12,ftp://ftp.datasus.gov.br/dissemin/publicos/CNES/200508_/Dados/ST/STES2312.dbc,ftp://ftp.datasus.gov.br/dissemin/publicos/CNES/200508_/Dados/ST/STES2312.dbc,curl,2026-08-31T08:13:29.922070+00:00,STES2312.dbc,421972,f06959cd047d23079f26b0e205e353b57ec3d7b1419ab410a78630649dd78bcd,46012727ee5fdaf2d19817ced244f3c547bf75144d2e2f7bd6d25c3214d96b57,data/raw/phase3/CNES/STES2312.dbc,Acquisition only; scientific gates evaluated separately.,STES2312.dbc,01-15-24  09:19AM,FTP LIST; server timezone unspecified,2026-08-31T08:49:18.749290+00:00
DATASUS,CNES,2022-12,GO,2022-12,ftp://ftp.datasus.gov.br/dissemin/publicos/CNES/200508_/Dados/ST/STGO2212.dbc,ftp://ftp.datasus.gov.br/dissemin/publicos/CNES/200508_/Dados/ST/STGO2212.dbc,curl,2026-08-31T08:13:30.686037+00:00,STGO2212.dbc,568059,937a511c326380677757e72f66f919d07d2f7db644bbbaec7ed8d63c656dbaac,46012727ee5fdaf2d19817ced244f3c547bf75144d2e2f7bd6d25c3214d96b57,data/raw/phase3/CNES/STGO2212.dbc,Acquisition only; scientific gates evaluated separately.,STGO2212.dbc,01-11-23  07:34AM,FTP LIST; server timezone unspecified,2026-08-31T08:49:18.749296+00:00
DATASUS,CNES,2023-12,GO,2023-12,ftp://ftp.datasus.gov.br/dissemin/publicos/CNES/200508_/Dados/ST/STGO2312.dbc,ftp://ftp.datasus.gov.br/dissemin/publicos/CNES/200508_/Dados/ST/STGO2312.dbc,curl,2026-08-31T08:13:30.846082+00:00,STGO2312.dbc,595134,473ea9ba85c7a187717bbf7ffb8344af823e30f61dbba1539509f02b4fe860ab,46012727ee5fdaf2d19817ced244f3c547bf75144d2e2f7bd6d25c3214d96b57,data/raw/phase3/CNES/STGO2312.dbc,Acquisition only; scientific gates evaluated separately.,STGO2312.dbc,01-15-24  09:19AM,FTP LIST; server timezone unspecified,2026-08-31T08:49:18.749299+00:00
DATASUS,CNES,2022-12,MA,2022-12,ftp://ftp.datasus.gov.br/dissemin/publicos/CNES/200508_/Dados/ST/STMA2212.dbc,ftp://ftp.datasus.gov.br/dissemin/publicos/CNES/200508_/Dados/ST/STMA2212.dbc,curl,2026-08-31T08:13:30.822845+00:00,STMA2212.dbc,273254,64f8cb69e2b12f8d089073e56113623dd1e096769dac5e1e9f94a3f4f00e4b21,46012727ee5fdaf2d19817ced244f3c547bf75144d2e2f7bd6d25c3214d96b57,data/raw/phase3/CNES/STMA2212.dbc,Acquisition only; scientific gates evaluated separately.,STMA2212.dbc,01-11-23  07:34AM,FTP LIST; server timezone unspecified,2026-08-31T08:49:18.749308+00:00
DATASUS,CNES,2023-12,MA,2023-12,ftp://ftp.datasus.gov.br/dissemin/publicos/CNES/200508_/Dados/ST/STMA2312.dbc,ftp://ftp.datasus.gov.br/dissemin/publicos/CNES/200508_/Dados/ST/STMA2312.dbc,curl,2026-08-31T08:13:30.822488+00:00,STMA2312.dbc,287982,074c401e3ac6e816d29e007364ff58968c85df9fac9d482228e42f30fbccb3dc,46012727ee5fdaf2d19817ced244f3c547bf75144d2e2f7bd6d25c3214d96b57,data/raw/phase3/CNES/STMA2312.dbc,Acquisition only; scientific gates evaluated separately.,STMA2312.dbc,01-15-24  09:19AM,FTP LIST; server timezone unspecified,2026-08-31T08:49:18.749313+00:00
DATASUS,CNES,2022-12,MG,2022-12,ftp://ftp.datasus.gov.br/dissemin/publicos/CNES/200508_/Dados/ST/STMG2212.dbc,ftp://ftp.datasus.gov.br/dissemin/publicos/CNES/200508_/Dados/ST/STMG2212.dbc,curl,2026-08-31T08:13:32.076404+00:00,STMG2212.dbc,2309220,e4b4b2e89c210318210e778e5b30b2104eeca510ed3ea0659dc1cbf99e683302,46012727ee5fdaf2d19817ced244f3c547bf75144d2e2f7bd6d25c3214d96b57,data/raw/phase3/CNES/STMG2212.dbc,Acquisition only; scientific gates evaluated separately.,STMG2212.dbc,01-11-23  07:34AM,FTP LIST; server timezone unspecified,2026-08-31T08:49:18.749320+00:00
DATASUS,CNES,2023-12,MG,2023-12,ftp://ftp.datasus.gov.br/dissemin/publicos/CNES/200508_/Dados/ST/STMG2312.dbc,ftp://ftp.datasus.gov.br/dissemin/publicos/CNES/200508_/Dados/ST/STMG2312.dbc,curl,2026-08-31T08:13:32.342237+00:00,STMG2312.dbc,2425377,d6542031c6ce0289314a531080a6bd7fa5c0c7e3b0a3e7d12a0aaf25bfde0632,46012727ee5fdaf2d19817ced244f3c547bf75144d2e2f7bd6d25c3214d96b57,data/raw/phase3/CNES/STMG2312.dbc,Acquisition only; scientific gates evaluated separately.,STMG2312.dbc,01-15-24  09:19AM,FTP LIST; server timezone unspecified,2026-08-31T08:49:18.749324+00:00
DATASUS,CNES,2022-12,MS,2022-12,ftp://ftp.datasus.gov.br/dissemin/publicos/CNES/200508_/Dados/ST/STMS2212.dbc,ftp://ftp.datasus.gov.br/dissemin/publicos/CNES/200508_/Dados/ST/STMS2212.dbc,curl,2026-08-31T08:13:31.677730+00:00,STMS2212.dbc,274282,454275510a5d5033a59e2e78dc0333258d85b91392f5077cbd66d4b62df35097,46012727ee5fdaf2d19817ced244f3c547bf75144d2e2f7bd6d25c3214d96b57,data/raw/phase3/CNES/STMS2212.dbc,Acquisition only; scientific gates evaluated separately.,STMS2212.dbc,01-11-23  07:34AM,FTP LIST; server timezone unspecified,2026-08-31T08:49:18.749332+00:00
DATASUS,CNES,2023-12,MS,2023-12,ftp://ftp.datasus.gov.br/dissemin/publicos/CNES/200508_/Dados/ST/STMS2312.dbc,ftp://ftp.datasus.gov.br/dissemin/publicos/CNES/200508_/Dados/ST/STMS2312.dbc,curl,2026-08-31T08:13:31.747416+00:00,STMS2312.dbc,270679,604e114c3d3724fc176ec7fbc7b1147e7b4c70aa7d807fd1eb0a37ab9ee16545,46012727ee5fdaf2d19817ced244f3c547bf75144d2e2f7bd6d25c3214d96b57,data/raw/phase3/CNES/STMS2312.dbc,Acquisition only; scientific gates evaluated separately.,STMS2312.dbc,01-15-24  09:19AM,FTP LIST; server timezone unspecified,2026-08-31T08:49:18.749337+00:00
DATASUS,CNES,2022-12,MT,2022-12,ftp://ftp.datasus.gov.br/dissemin/publicos/CNES/200508_/Dados/ST/STMT2212.dbc,ftp://ftp.datasus.gov.br/dissemin/publicos/CNES/200508_/Dados/ST/STMT2212.dbc,curl,2026-08-31T08:13:32.592010+00:00,STMT2212.dbc,364303,759810c7eb00dc4aa6e6d736546e965e800c68070862ff3948667bee780c0225,46012727ee5fdaf2d19817ced244f3c547bf75144d2e2f7bd6d25c3214d96b57,data/raw/phase3/CNES/STMT2212.dbc,Acquisition only; scientific gates evaluated separately.,STMT2212.dbc,01-11-23  07:34AM,FTP LIST; server timezone unspecified,2026-08-31T08:49:18.749346+00:00
DATASUS,CNES,2023-12,MT,2023-12,ftp://ftp.datasus.gov.br/dissemin/publicos/CNES/200508_/Dados/ST/STMT2312.dbc,ftp://ftp.datasus.gov.br/dissemin/publicos/CNES/200508_/Dados/ST/STMT2312.dbc,curl,2026-08-31T08:13:32.693305+00:00,STMT2312.dbc,389071,f3573b0a4569ac4ce40734ce8490dbbfe9205a58485823df01a3bd03e6d0fb0c,46012727ee5fdaf2d19817ced244f3c547bf75144d2e2f7bd6d25c3214d96b57,data/raw/phase3/CNES/STMT2312.dbc,Acquisition only; scientific gates evaluated separately.,STMT2312.dbc,01-15-24  09:19AM,FTP LIST; server timezone unspecified,2026-08-31T08:49:18.749351+00:00
DATASUS,CNES,2022-12,PA,2022-12,ftp://ftp.datasus.gov.br/dissemin/publicos/CNES/200508_/Dados/ST/STPA2212.dbc,ftp://ftp.datasus.gov.br/dissemin/publicos/CNES/200508_/Dados/ST/STPA2212.dbc,curl,2026-08-31T08:13:33.021290+00:00,STPA2212.dbc,339521,b90190dd7b71ff1f9417b34f82d1af2951ffa71da48b899c27515016c51c0de8,46012727ee5fdaf2d19817ced244f3c547bf75144d2e2f7bd6d25c3214d96b57,data/raw/phase3/CNES/STPA2212.dbc,Acquisition only; scientific gates evaluated separately.,STPA2212.dbc,01-11-23  07:34AM,FTP LIST; server timezone unspecified,2026-08-31T08:49:18.749358+00:00
DATASUS,CNES,2023-12,PA,2023-12,ftp://ftp.datasus.gov.br/dissemin/publicos/CNES/200508_/Dados/ST/STPA2312.dbc,ftp://ftp.datasus.gov.br/dissemin/publicos/CNES/200508_/Dados/ST/STPA2312.dbc,curl,2026-08-31T08:13:33.236874+00:00,STPA2312.dbc,355252,bd773dbed09d7edc9e9386bd1b8bc8a72d68fd97bfde9849ef6f16c94a430ea4,46012727ee5fdaf2d19817ced244f3c547bf75144d2e2f7bd6d25c3214d96b57,data/raw/phase3/CNES/STPA2312.dbc,Acquisition only; scientific gates evaluated separately.,STPA2312.dbc,01-15-24  09:19AM,FTP LIST; server timezone unspecified,2026-08-31T08:49:18.749363+00:00
DATASUS,CNES,2022-12,PB,2022-12,ftp://ftp.datasus.gov.br/dissemin/publicos/CNES/200508_/Dados/ST/STPB2212.dbc,ftp://ftp.datasus.gov.br/dissemin/publicos/CNES/200508_/Dados/ST/STPB2212.dbc,curl,2026-08-31T08:13:33.457583+00:00,STPB2212.dbc,296982,40c27c2925450cb973079ae0571b0d2b4fb5678f3ef0bb039881c2b6db1814db,46012727ee5fdaf2d19817ced244f3c547bf75144d2e2f7bd6d25c3214d96b57,data/raw/phase3/CNES/STPB2212.dbc,Acquisition only; scientific gates evaluated separately.,STPB2212.dbc,01-11-23  07:34AM,FTP LIST; server timezone unspecified,2026-08-31T08:49:18.749370+00:00
DATASUS,CNES,2023-12,PB,2023-12,ftp://ftp.datasus.gov.br/dissemin/publicos/CNES/200508_/Dados/ST/STPB2312.dbc,ftp://ftp.datasus.gov.br/dissemin/publicos/CNES/200508_/Dados/ST/STPB2312.dbc,curl,2026-08-31T08:13:33.554978+00:00,STPB2312.dbc,317002,0f232c8bd282f9d3a265d1708d4889139817ec63d54f8f6c4d074b6b0db85910,46012727ee5fdaf2d19817ced244f3c547bf75144d2e2f7bd6d25c3214d96b57,data/raw/phase3/CNES/STPB2312.dbc,Acquisition only; scientific gates evaluated separately.,STPB2312.dbc,01-15-24  09:19AM,FTP LIST; server timezone unspecified,2026-08-31T08:49:18.749373+00:00
DATASUS,CNES,2022-12,PE,2022-12,ftp://ftp.datasus.gov.br/dissemin/publicos/CNES/200508_/Dados/ST/STPE2212.dbc,ftp://ftp.datasus.gov.br/dissemin/publicos/CNES/200508_/Dados/ST/STPE2212.dbc,curl,2026-08-31T08:13:33.972046+00:00,STPE2212.dbc,456960,1381abd9144ee5042f00c90b8913a0f3a882a751d3c57badd65a96d0eeaecf3f,46012727ee5fdaf2d19817ced244f3c547bf75144d2e2f7bd6d25c3214d96b57,data/raw/phase3/CNES/STPE2212.dbc,Acquisition only; scientific gates evaluated separately.,STPE2212.dbc,01-11-23  07:34AM,FTP LIST; server timezone unspecified,2026-08-31T08:49:18.749381+00:00
DATASUS,CNES,2023-12,PE,2023-12,ftp://ftp.datasus.gov.br/dissemin/publicos/CNES/200508_/Dados/ST/STPE2312.dbc,ftp://ftp.datasus.gov.br/dissemin/publicos/CNES/200508_/Dados/ST/STPE2312.dbc,curl,2026-08-31T08:13:34.119412+00:00,STPE2312.dbc,486160,1b46b04ebd9a8e6ae854ff8913c14be9f945c3d3167d22b078fb00f08b868488,46012727ee5fdaf2d19817ced244f3c547bf75144d2e2f7bd6d25c3214d96b57,data/raw/phase3/CNES/STPE2312.dbc,Acquisition only; scientific gates evaluated separately.,STPE2312.dbc,01-15-24  09:19AM,FTP LIST; server timezone unspecified,2026-08-31T08:49:18.749384+00:00
DATASUS,CNES,2022-12,PI,2022-12,ftp://ftp.datasus.gov.br/dissemin/publicos/CNES/200508_/Dados/ST/STPI2212.dbc,ftp://ftp.datasus.gov.br/dissemin/publicos/CNES/200508_/Dados/ST/STPI2212.dbc,curl,2026-08-31T08:13:34.252022+00:00,STPI2212.dbc,190941,20d0acfe925702b45ac5e3103e64293cca0e2ab562f9e040d649dc986d4202c9,46012727ee5fdaf2d19817ced244f3c547bf75144d2e2f7bd6d25c3214d96b57,data/raw/phase3/CNES/STPI2212.dbc,Acquisition only; scientific gates evaluated separately.,STPI2212.dbc,01-11-23  07:34AM,FTP LIST; server timezone unspecified,2026-08-31T08:49:18.749392+00:00
DATASUS,CNES,2023-12,PI,2023-12,ftp://ftp.datasus.gov.br/dissemin/publicos/CNES/200508_/Dados/ST/STPI2312.dbc,ftp://ftp.datasus.gov.br/dissemin/publicos/CNES/200508_/Dados/ST/STPI2312.dbc,curl,2026-08-31T08:13:34.374225+00:00,STPI2312.dbc,201322,32b221fca12bbc0f426579bdde39dfca594135ed2ff7d046cbcd19c73f6223dc,46012727ee5fdaf2d19817ced244f3c547bf75144d2e2f7bd6d25c3214d96b57,data/raw/phase3/CNES/STPI2312.dbc,Acquisition only; scientific gates evaluated separately.,STPI2312.dbc,01-15-24  09:19AM,FTP LIST; server timezone unspecified,2026-08-31T08:49:18.749397+00:00
DATASUS,CNES,2022-12,PR,2022-12,ftp://ftp.datasus.gov.br/dissemin/publicos/CNES/200508_/Dados/ST/STPR2212.dbc,ftp://ftp.datasus.gov.br/dissemin/publicos/CNES/200508_/Dados/ST/STPR2212.dbc,curl,2026-08-31T08:13:35.082041+00:00,STPR2212.dbc,1471358,447f1c089801f3c1f084ee13041e9bcd75f8ca78b8e55ca19b8e7d4ee81968e9,46012727ee5fdaf2d19817ced244f3c547bf75144d2e2f7bd6d25c3214d96b57,data/raw/phase3/CNES/STPR2212.dbc,Acquisition only; scientific gates evaluated separately.,STPR2212.dbc,01-11-23  07:34AM,FTP LIST; server timezone unspecified,2026-08-31T08:49:18.749404+00:00
DATASUS,CNES,2023-12,PR,2023-12,ftp://ftp.datasus.gov.br/dissemin/publicos/CNES/200508_/Dados/ST/STPR2312.dbc,ftp://ftp.datasus.gov.br/dissemin/publicos/CNES/200508_/Dados/ST/STPR2312.dbc,curl,2026-08-31T08:13:35.251638+00:00,STPR2312.dbc,1515264,f56edc458eede7dd424df9bd18dc4b6c292f496fb0e219b8a7cd9889ff5f2f38,46012727ee5fdaf2d19817ced244f3c547bf75144d2e2f7bd6d25c3214d96b57,data/raw/phase3/CNES/STPR2312.dbc,Acquisition only; scientific gates evaluated separately.,STPR2312.dbc,01-15-24  09:19AM,FTP LIST; server timezone unspecified,2026-08-31T08:49:18.749408+00:00
DATASUS,CNES,2022-12,RJ,2022-12,ftp://ftp.datasus.gov.br/dissemin/publicos/CNES/200508_/Dados/ST/STRJ2212.dbc,ftp://ftp.datasus.gov.br/dissemin/publicos/CNES/200508_/Dados/ST/STRJ2212.dbc,curl,2026-08-31T08:13:35.352985+00:00,STRJ2212.dbc,1321513,c4c87ca43e2247dc1ed600b7907c07378298022c868750dc38829d4c0b95abdb,46012727ee5fdaf2d19817ced244f3c547bf75144d2e2f7bd6d25c3214d96b57,data/raw/phase3/CNES/STRJ2212.dbc,Acquisition only; scientific gates evaluated separately.,STRJ2212.dbc,01-11-23  07:34AM,FTP LIST; server timezone unspecified,2026-08-31T08:49:18.749415+00:00
DATASUS,CNES,2023-12,RJ,2023-12,ftp://ftp.datasus.gov.br/dissemin/publicos/CNES/200508_/Dados/ST/STRJ2312.dbc,ftp://ftp.datasus.gov.br/dissemin/publicos/CNES/200508_/Dados/ST/STRJ2312.dbc,curl,2026-08-31T08:13:35.492367+00:00,STRJ2312.dbc,1401378,9f8fdf67302a16530bd524cc236a4783cb46fd1a1524f353dcb8959ea810c379,46012727ee5fdaf2d19817ced244f3c547bf75144d2e2f7bd6d25c3214d96b57,data/raw/phase3/CNES/STRJ2312.dbc,Acquisition only; scientific gates evaluated separately.,STRJ2312.dbc,01-15-24  09:19AM,FTP LIST; server timezone unspecified,2026-08-31T08:49:18.749421+00:00
DATASUS,CNES,2022-12,RN,2022-12,ftp://ftp.datasus.gov.br/dissemin/publicos/CNES/200508_/Dados/ST/STRN2212.dbc,ftp://ftp.datasus.gov.br/dissemin/publicos/CNES/200508_/Dados/ST/STRN2212.dbc,curl,2026-08-31T08:13:35.904032+00:00,STRN2212.dbc,212448,15e62c48c45843e2f27985afcb619324e49ad74f7cfb30855a1818f9fd5faf67,46012727ee5fdaf2d19817ced244f3c547bf75144d2e2f7bd6d25c3214d96b57,data/raw/phase3/CNES/STRN2212.dbc,Acquisition only; scientific gates evaluated separately.,STRN2212.dbc,01-11-23  07:34AM,FTP LIST; server timezone unspecified,2026-08-31T08:49:18.749429+00:00
DATASUS,CNES,2023-12,RN,2023-12,ftp://ftp.datasus.gov.br/dissemin/publicos/CNES/200508_/Dados/ST/STRN2312.dbc,ftp://ftp.datasus.gov.br/dissemin/publicos/CNES/200508_/Dados/ST/STRN2312.dbc,curl,2026-08-31T08:13:36.102608+00:00,STRN2312.dbc,221765,99ca537c33aac64e1171625d867178ddfe468fe4b4d711a0cb21277b1df6ee74,46012727ee5fdaf2d19817ced244f3c547bf75144d2e2f7bd6d25c3214d96b57,data/raw/phase3/CNES/STRN2312.dbc,Acquisition only; scientific gates evaluated separately.,STRN2312.dbc,01-15-24  09:19AM,FTP LIST; server timezone unspecified,2026-08-31T08:49:18.749441+00:00
DATASUS,CNES,2022-12,RO,2022-12,ftp://ftp.datasus.gov.br/dissemin/publicos/CNES/200508_/Dados/ST/STRO2212.dbc,ftp://ftp.datasus.gov.br/dissemin/publicos/CNES/200508_/Dados/ST/STRO2212.dbc,curl,2026-08-31T08:13:36.162193+00:00,STRO2212.dbc,190819,eb51e3f93fd2600fee6fa0766b3239e597309592853d186aad5cf4a192fc096e,46012727ee5fdaf2d19817ced244f3c547bf75144d2e2f7bd6d25c3214d96b57,data/raw/phase3/CNES/STRO2212.dbc,Acquisition only; scientific gates evaluated separately.,STRO2212.dbc,01-11-23  07:34AM,FTP LIST; server timezone unspecified,2026-08-31T08:49:18.749449+00:00
DATASUS,CNES,2023-12,RO,2023-12,ftp://ftp.datasus.gov.br/dissemin/publicos/CNES/200508_/Dados/ST/STRO2312.dbc,ftp://ftp.datasus.gov.br/dissemin/publicos/CNES/200508_/Dados/ST/STRO2312.dbc,curl,2026-08-31T08:13:36.299915+00:00,STRO2312.dbc,197739,9e575003ee4e75ea7036e079712202c94b59ae21a30113079a04a2b55f4379be,46012727ee5fdaf2d19817ced244f3c547bf75144d2e2f7bd6d25c3214d96b57,data/raw/phase3/CNES/STRO2312.dbc,Acquisition only; scientific gates evaluated separately.,STRO2312.dbc,01-15-24  09:19AM,FTP LIST; server timezone unspecified,2026-08-31T08:49:18.749455+00:00
DATASUS,CNES,2022-12,RR,2022-12,ftp://ftp.datasus.gov.br/dissemin/publicos/CNES/200508_/Dados/ST/STRR2212.dbc,ftp://ftp.datasus.gov.br/dissemin/publicos/CNES/200508_/Dados/ST/STRR2212.dbc,curl,2026-08-31T08:13:36.591839+00:00,STRR2212.dbc,40527,5a3700a98a1e4eec7d8f1e6d0a5b942b5fffde82bd9b4240f90266c88e665c97,46012727ee5fdaf2d19817ced244f3c547bf75144d2e2f7bd6d25c3214d96b57,data/raw/phase3/CNES/STRR2212.dbc,Acquisition only; scientific gates evaluated separately.,STRR2212.dbc,01-11-23  07:34AM,FTP LIST; server timezone unspecified,2026-08-31T08:49:18.749461+00:00
DATASUS,CNES,2023-12,RR,2023-12,ftp://ftp.datasus.gov.br/dissemin/publicos/CNES/200508_/Dados/ST/STRR2312.dbc,ftp://ftp.datasus.gov.br/dissemin/publicos/CNES/200508_/Dados/ST/STRR2312.dbc,curl,2026-08-31T08:13:36.790641+00:00,STRR2312.dbc,44894,780458e5a018263a353e05924000841113da8da0401496ecd99cc338db40a596,46012727ee5fdaf2d19817ced244f3c547bf75144d2e2f7bd6d25c3214d96b57,data/raw/phase3/CNES/STRR2312.dbc,Acquisition only; scientific gates evaluated separately.,STRR2312.dbc,01-15-24  09:19AM,FTP LIST; server timezone unspecified,2026-08-31T08:49:18.749466+00:00
DATASUS,CNES,2022-12,RS,2022-12,ftp://ftp.datasus.gov.br/dissemin/publicos/CNES/200508_/Dados/ST/STRS2212.dbc,ftp://ftp.datasus.gov.br/dissemin/publicos/CNES/200508_/Dados/ST/STRS2212.dbc,curl,2026-08-31T08:13:37.241671+00:00,STRS2212.dbc,1469005,a3795ce7ca72a8667fb79aaa193694ef9be74d5df4b55581f172c5c0639b12d8,46012727ee5fdaf2d19817ced244f3c547bf75144d2e2f7bd6d25c3214d96b57,data/raw/phase3/CNES/STRS2212.dbc,Acquisition only; scientific gates evaluated separately.,STRS2212.dbc,01-11-23  07:34AM,FTP LIST; server timezone unspecified,2026-08-31T08:49:18.749472+00:00
DATASUS,CNES,2023-12,RS,2023-12,ftp://ftp.datasus.gov.br/dissemin/publicos/CNES/200508_/Dados/ST/STRS2312.dbc,ftp://ftp.datasus.gov.br/dissemin/publicos/CNES/200508_/Dados/ST/STRS2312.dbc,curl,2026-08-31T08:13:37.456945+00:00,STRS2312.dbc,1553969,20acd3d93bd869212c4f50059c60edb9869d616b53d4885f6c94c1af7bfe3963,46012727ee5fdaf2d19817ced244f3c547bf75144d2e2f7bd6d25c3214d96b57,data/raw/phase3/CNES/STRS2312.dbc,Acquisition only; scientific gates evaluated separately.,STRS2312.dbc,01-15-24  09:19AM,FTP LIST; server timezone unspecified,2026-08-31T08:49:18.749478+00:00
DATASUS,CNES,2022-12,SC,2022-12,ftp://ftp.datasus.gov.br/dissemin/publicos/CNES/200508_/Dados/ST/STSC2212.dbc,ftp://ftp.datasus.gov.br/dissemin/publicos/CNES/200508_/Dados/ST/STSC2212.dbc,curl,2026-08-31T08:13:37.684830+00:00,STSC2212.dbc,1050089,51f9955219115d457aecea42c5a3a60d484d6c9a19e8c214b2799594f6ccab5e,46012727ee5fdaf2d19817ced244f3c547bf75144d2e2f7bd6d25c3214d96b57,data/raw/phase3/CNES/STSC2212.dbc,Acquisition only; scientific gates evaluated separately.,STSC2212.dbc,01-11-23  07:34AM,FTP LIST; server timezone unspecified,2026-08-31T08:49:18.749483+00:00
DATASUS,CNES,2023-12,SC,2023-12,ftp://ftp.datasus.gov.br/dissemin/publicos/CNES/200508_/Dados/ST/STSC2312.dbc,ftp://ftp.datasus.gov.br/dissemin/publicos/CNES/200508_/Dados/ST/STSC2312.dbc,curl,2026-08-31T08:13:37.844274+00:00,STSC2312.dbc,1109079,07a37548bd39f92cebfb609aef8f1368d2aa7bce386d17914fdbb2cfb1684012,46012727ee5fdaf2d19817ced244f3c547bf75144d2e2f7bd6d25c3214d96b57,data/raw/phase3/CNES/STSC2312.dbc,Acquisition only; scientific gates evaluated separately.,STSC2312.dbc,01-15-24  09:19AM,FTP LIST; server timezone unspecified,2026-08-31T08:49:18.749487+00:00
DATASUS,CNES,2022-12,SE,2022-12,ftp://ftp.datasus.gov.br/dissemin/publicos/CNES/200508_/Dados/ST/STSE2212.dbc,ftp://ftp.datasus.gov.br/dissemin/publicos/CNES/200508_/Dados/ST/STSE2212.dbc,curl,2026-08-31T08:13:38.040289+00:00,STSE2212.dbc,171019,3076a442e3e851507a3b492c4b062a6ef48ab2899e765e5dc700d76a97d651a0,46012727ee5fdaf2d19817ced244f3c547bf75144d2e2f7bd6d25c3214d96b57,data/raw/phase3/CNES/STSE2212.dbc,Acquisition only; scientific gates evaluated separately.,STSE2212.dbc,01-11-23  07:34AM,FTP LIST; server timezone unspecified,2026-08-31T08:49:18.749493+00:00
DATASUS,CNES,2023-12,SE,2023-12,ftp://ftp.datasus.gov.br/dissemin/publicos/CNES/200508_/Dados/ST/STSE2312.dbc,ftp://ftp.datasus.gov.br/dissemin/publicos/CNES/200508_/Dados/ST/STSE2312.dbc,curl,2026-08-31T08:13:38.259970+00:00,STSE2312.dbc,174025,99e5ec656449b9d97ceff62754727db2c983b56ff38d2365ca0b2ded672a7bc2,46012727ee5fdaf2d19817ced244f3c547bf75144d2e2f7bd6d25c3214d96b57,data/raw/phase3/CNES/STSE2312.dbc,Acquisition only; scientific gates evaluated separately.,STSE2312.dbc,01-15-24  09:19AM,FTP LIST; server timezone unspecified,2026-08-31T08:49:18.749497+00:00
DATASUS,CNES,2022-12,SP,2022-12,ftp://ftp.datasus.gov.br/dissemin/publicos/CNES/200508_/Dados/ST/STSP2212.dbc,ftp://ftp.datasus.gov.br/dissemin/publicos/CNES/200508_/Dados/ST/STSP2212.dbc,curl,2026-08-31T08:13:39.565062+00:00,STSP2212.dbc,4120637,dba6fff68657a6c3272d5be2a12266ee190f5be7355451d71d3ca1c5503bd285,46012727ee5fdaf2d19817ced244f3c547bf75144d2e2f7bd6d25c3214d96b57,data/raw/phase3/CNES/STSP2212.dbc,Acquisition only; scientific gates evaluated separately.,STSP2212.dbc,01-11-23  07:34AM,FTP LIST; server timezone unspecified,2026-08-31T08:49:18.749502+00:00
DATASUS,CNES,2023-12,SP,2023-12,ftp://ftp.datasus.gov.br/dissemin/publicos/CNES/200508_/Dados/ST/STSP2312.dbc,ftp://ftp.datasus.gov.br/dissemin/publicos/CNES/200508_/Dados/ST/STSP2312.dbc,curl,2026-08-31T08:13:39.729012+00:00,STSP2312.dbc,4380035,c1e0d57a1ec5379345463ffa4e83d8d06032f3d1bbdda3bd24186eafd1e1ad2f,46012727ee5fdaf2d19817ced244f3c547bf75144d2e2f7bd6d25c3214d96b57,data/raw/phase3/CNES/STSP2312.dbc,Acquisition only; scientific gates evaluated separately.,STSP2312.dbc,01-15-24  09:19AM,FTP LIST; server timezone unspecified,2026-08-31T08:49:18.749506+00:00
DATASUS,CNES,2022-12,TO,2022-12,ftp://ftp.datasus.gov.br/dissemin/publicos/CNES/200508_/Dados/ST/STTO2212.dbc,ftp://ftp.datasus.gov.br/dissemin/publicos/CNES/200508_/Dados/ST/STTO2212.dbc,curl,2026-08-31T08:13:38.840612+00:00,STTO2212.dbc,128073,620637ac44100344002f02d251e05a865c5afa2772041eaae428e18eeb093955,46012727ee5fdaf2d19817ced244f3c547bf75144d2e2f7bd6d25c3214d96b57,data/raw/phase3/CNES/STTO2212.dbc,Acquisition only; scientific gates evaluated separately.,STTO2212.dbc,01-11-23  07:34AM,FTP LIST; server timezone unspecified,2026-08-31T08:49:18.749511+00:00
DATASUS,CNES,2023-12,TO,2023-12,ftp://ftp.datasus.gov.br/dissemin/publicos/CNES/200508_/Dados/ST/STTO2312.dbc,ftp://ftp.datasus.gov.br/dissemin/publicos/CNES/200508_/Dados/ST/STTO2312.dbc,curl,2026-08-31T08:13:39.082935+00:00,STTO2312.dbc,133877,9fbf55fc1cd7871a50bfabbccffacc1b2c7ff453ddd33c2f6e046db71051ed75,46012727ee5fdaf2d19817ced244f3c547bf75144d2e2f7bd6d25c3214d96b57,data/raw/phase3/CNES/STTO2312.dbc,Acquisition only; scientific gates evaluated separately.,STTO2312.dbc,01-15-24  09:19AM,FTP LIST; server timezone unspecified,2026-08-31T08:49:18.749514+00:00
DATASUS,SIH,2020-01,AC,2020-01,ftp://ftp.datasus.gov.br/dissemin/publicos/SIHSUS/200801_/Dados/RDAC2001.dbc,ftp://ftp.datasus.gov.br/dissemin/publicos/SIHSUS/200801_/Dados/RDAC2001.dbc,curl,2026-08-31T08:12:44.313028+00:00,RDAC2001.dbc,280519,186e4d3dc5e51bf2fc7f253ca8742ec9eb69d694a6ea66ea49a03ef8a128dc5e,60902ed872c4899e05a4c7f8b2daf5a1dfe7457192e488063fa3b7ef47256dc1,data/raw/phase3/SIH/RDAC2001.dbc,Acquisition only; scientific gates evaluated separately.,RDAC2001.dbc,04-05-21  01:26PM,FTP LIST; server timezone unspecified,2026-08-31T08:49:18.749524+00:00
DATASUS,SIH,2020-02,AC,2020-02,ftp://ftp.datasus.gov.br/dissemin/publicos/SIHSUS/200801_/Dados/RDAC2002.dbc,ftp://ftp.datasus.gov.br/dissemin/publicos/SIHSUS/200801_/Dados/RDAC2002.dbc,curl,2026-08-31T08:12:44.879710+00:00,RDAC2002.dbc,298743,a8332feb270401773af5d8cc4d8f06749a4fc5fda03ff924af5e1d0ea326a951,60902ed872c4899e05a4c7f8b2daf5a1dfe7457192e488063fa3b7ef47256dc1,data/raw/phase3/SIH/RDAC2002.dbc,Acquisition only; scientific gates evaluated separately.,RDAC2002.dbc,05-07-21  04:40PM,FTP LIST; server timezone unspecified,2026-08-31T08:49:18.749527+00:00
DATASUS,SIH,2020-03,AC,2020-03,ftp://ftp.datasus.gov.br/dissemin/publicos/SIHSUS/200801_/Dados/RDAC2003.dbc,ftp://ftp.datasus.gov.br/dissemin/publicos/SIHSUS/200801_/Dados/RDAC2003.dbc,curl,2026-08-31T08:12:45.103707+00:00,RDAC2003.dbc,269235,6975ce7f8d5dc6585329b830e7f9a9ab7e1092c78a541443d7fd9b982477701e,60902ed872c4899e05a4c7f8b2daf5a1dfe7457192e488063fa3b7ef47256dc1,data/raw/phase3/SIH/RDAC2003.dbc,Acquisition only; scientific gates evaluated separately.,RDAC2003.dbc,05-07-21  04:40PM,FTP LIST; server timezone unspecified,2026-08-31T08:49:18.749530+00:00
DATASUS,SIH,2020-04,AC,2020-04,ftp://ftp.datasus.gov.br/dissemin/publicos/SIHSUS/200801_/Dados/RDAC2004.dbc,ftp://ftp.datasus.gov.br/dissemin/publicos/SIHSUS/200801_/Dados/RDAC2004.dbc,curl,2026-08-31T08:12:45.645114+00:00,RDAC2004.dbc,217891,34022975a8db71a753c6b0f1488322f1bb32039e83100bbe11bad6621af43cab,60902ed872c4899e05a4c7f8b2daf5a1dfe7457192e488063fa3b7ef47256dc1,data/raw/phase3/SIH/RDAC2004.dbc,Acquisition only; scientific gates evaluated separately.,RDAC2004.dbc,01-10-22  02:27PM,FTP LIST; server timezone unspecified,2026-08-31T08:49:18.749534+00:00
DATASUS,SIH,2020-05,AC,2020-05,ftp://ftp.datasus.gov.br/dissemin/publicos/SIHSUS/200801_/Dados/RDAC2005.dbc,ftp://ftp.datasus.gov.br/dissemin/publicos/SIHSUS/200801_/Dados/RDAC2005.dbc,curl,2026-08-31T08:12:45.887473+00:00,RDAC2005.dbc,223979,f607e9dbeaee8cfbfb64b54bf55146ac145b586f048098bf5aee890c43c2ecab,60902ed872c4899e05a4c7f8b2daf5a1dfe7457192e488063fa3b7ef47256dc1,data/raw/phase3/SIH/RDAC2005.dbc,Acquisition only; scientific gates evaluated separately.,RDAC2005.dbc,01-10-22  02:27PM,FTP LIST; server timezone unspecified,2026-08-31T08:49:18.749539+00:00
DATASUS,SIH,2020-06,AC,2020-06,ftp://ftp.datasus.gov.br/dissemin/publicos/SIHSUS/200801_/Dados/RDAC2006.dbc,ftp://ftp.datasus.gov.br/dissemin/publicos/SIHSUS/200801_/Dados/RDAC2006.dbc,curl,2026-08-31T08:12:46.447200+00:00,RDAC2006.dbc,226375,5f06fea7f1a187c9d03da92e891ba0a8446fbac8bade60b077e5a5e7260f5679,60902ed872c4899e05a4c7f8b2daf5a1dfe7457192e488063fa3b7ef47256dc1,data/raw/phase3/SIH/RDAC2006.dbc,Acquisition only; scientific gates evaluated separately.,RDAC2006.dbc,01-10-22  02:27PM,FTP LIST; server timezone unspecified,2026-08-31T08:49:18.749542+00:00
DATASUS,SIH,2020-07,AC,2020-07,ftp://ftp.datasus.gov.br/dissemin/publicos/SIHSUS/200801_/Dados/RDAC2007.dbc,ftp://ftp.datasus.gov.br/dissemin/publicos/SIHSUS/200801_/Dados/RDAC2007.dbc,curl,2026-08-31T08:12:46.724300+00:00,RDAC2007.dbc,251010,563a3cd0ca40c87939f117b1f779f93adc195feab88cb32f439cb1330ba2bbd7,60902ed872c4899e05a4c7f8b2daf5a1dfe7457192e488063fa3b7ef47256dc1,data/raw/phase3/SIH/RDAC2007.dbc,Acquisition only; scientific gates evaluated separately.,RDAC2007.dbc,01-10-22  02:27PM,FTP LIST; server timezone unspecified,2026-08-31T08:49:18.749545+00:00
DATASUS,SIH,2020-08,AC,2020-08,ftp://ftp.datasus.gov.br/dissemin/publicos/SIHSUS/200801_/Dados/RDAC2008.dbc,ftp://ftp.datasus.gov.br/dissemin/publicos/SIHSUS/200801_/Dados/RDAC2008.dbc,curl,2026-08-31T08:12:47.248062+00:00,RDAC2008.dbc,261182,d5a6e515dd7ec5f655e0a6f681e24b873082ae41ccb699ddf405be1dfa74d07c,60902ed872c4899e05a4c7f8b2daf5a1dfe7457192e488063fa3b7ef47256dc1,data/raw/phase3/SIH/RDAC2008.dbc,Acquisition only; scientific gates evaluated separately.,RDAC2008.dbc,02-07-22  10:09AM,FTP LIST; server timezone unspecified,2026-08-31T08:49:18.749548+00:00
DATASUS,SIH,2020-09,AC,2020-09,ftp://ftp.datasus.gov.br/dissemin/publicos/SIHSUS/200801_/Dados/RDAC2009.dbc,ftp://ftp.datasus.gov.br/dissemin/publicos/SIHSUS/200801_/Dados/RDAC2009.dbc,curl,2026-08-31T08:12:47.551568+00:00,RDAC2009.dbc,245787,4de7b6ee8e49964e20cd19fdff8a3284d5a5460437eb9d842ca4f2e812b41353,60902ed872c4899e05a4c7f8b2daf5a1dfe7457192e488063fa3b7ef47256dc1,data/raw/phase3/SIH/RDAC2009.dbc,Acquisition only; scientific gates evaluated separately.,RDAC2009.dbc,02-07-22  10:09AM,FTP LIST; server timezone unspecified,2026-08-31T08:49:18.749551+00:00
DATASUS,SIH,2020-10,AC,2020-10,ftp://ftp.datasus.gov.br/dissemin/publicos/SIHSUS/200801_/Dados/RDAC2010.dbc,ftp://ftp.datasus.gov.br/dissemin/publicos/SIHSUS/200801_/Dados/RDAC2010.dbc,curl,2026-08-31T08:12:48.064509+00:00,RDAC2010.dbc,306542,25dd8362d6d3e3067b33ba5c1ad778d18e9aae8eec56debb9c3713d4db501594,60902ed872c4899e05a4c7f8b2daf5a1dfe7457192e488063fa3b7ef47256dc1,data/raw/phase3/SIH/RDAC2010.dbc,Acquisition only; scientific gates evaluated separately.,RDAC2010.dbc,02-07-22  10:09AM,FTP LIST; server timezone unspecified,2026-08-31T08:49:18.749554+00:00
DATASUS,SIH,2020-11,AC,2020-11,ftp://ftp.datasus.gov.br/dissemin/publicos/SIHSUS/200801_/Dados/RDAC2011.dbc,ftp://ftp.datasus.gov.br/dissemin/publicos/SIHSUS/200801_/Dados/RDAC2011.dbc,curl,2026-08-31T08:12:48.401497+00:00,RDAC2011.dbc,254757,ea81b654a7708b2ee1c85acb3095e85e29229eede330bf3af0db44688ece2e21,60902ed872c4899e05a4c7f8b2daf5a1dfe7457192e488063fa3b7ef47256dc1,data/raw/phase3/SIH/RDAC2011.dbc,Acquisition only; scientific gates evaluated separately.,RDAC2011.dbc,02-07-22  10:09AM,FTP LIST; server timezone unspecified,2026-08-31T08:49:18.749557+00:00
DATASUS,SIH,2020-12,AC,2020-12,ftp://ftp.datasus.gov.br/dissemin/publicos/SIHSUS/200801_/Dados/RDAC2012.dbc,ftp://ftp.datasus.gov.br/dissemin/publicos/SIHSUS/200801_/Dados/RDAC2012.dbc,curl,2026-08-31T08:12:48.953192+00:00,RDAC2012.dbc,268620,a72fdbc844e875b2af1485596eeaf3c818409629d0ca8378f54ded139a85fa49,60902ed872c4899e05a4c7f8b2daf5a1dfe7457192e488063fa3b7ef47256dc1,data/raw/phase3/SIH/RDAC2012.dbc,Acquisition only; scientific gates evaluated separately.,RDAC2012.dbc,03-07-22  01:16PM,FTP LIST; server timezone unspecified,2026-08-31T08:49:18.749560+00:00
DATASUS,SIH,2021-01,AC,2021-01,ftp://ftp.datasus.gov.br/dissemin/publicos/SIHSUS/200801_/Dados/RDAC2101.dbc,ftp://ftp.datasus.gov.br/dissemin/publicos/SIHSUS/200801_/Dados/RDAC2101.dbc,curl,2026-08-31T08:12:49.257564+00:00,RDAC2101.dbc,273055,d3f906f67620fffcd12859b54afecc1ef11bd7bf8010149e1198c1f8f9ac5906,60902ed872c4899e05a4c7f8b2daf5a1dfe7457192e488063fa3b7ef47256dc1,data/raw/phase3/SIH/RDAC2101.dbc,Acquisition only; scientific gates evaluated separately.,RDAC2101.dbc,03-07-22  01:16PM,FTP LIST; server timezone unspecified,2026-08-31T08:49:18.749563+00:00
DATASUS,SIH,2021-02,AC,2021-02,ftp://ftp.datasus.gov.br/dissemin/publicos/SIHSUS/200801_/Dados/RDAC2102.dbc,ftp://ftp.datasus.gov.br/dissemin/publicos/SIHSUS/200801_/Dados/RDAC2102.dbc,curl,2026-08-31T08:12:49.786939+00:00,RDAC2102.dbc,249519,e0c00cd1a8d8cc6b7a82d7e7d70e8db6cd1e194ec391c786eb8365c0f44199eb,60902ed872c4899e05a4c7f8b2daf5a1dfe7457192e488063fa3b7ef47256dc1,data/raw/phase3/SIH/RDAC2102.dbc,Acquisition only; scientific gates evaluated separately.,RDAC2102.dbc,04-11-22  07:25PM,FTP LIST; server timezone unspecified,2026-08-31T08:49:18.749566+00:00
DATASUS,SIH,2021-03,AC,2021-03,ftp://ftp.datasus.gov.br/dissemin/publicos/SIHSUS/200801_/Dados/RDAC2103.dbc,ftp://ftp.datasus.gov.br/dissemin/publicos/SIHSUS/200801_/Dados/RDAC2103.dbc,curl,2026-08-31T08:12:50.102133+00:00,RDAC2103.dbc,288234,b4ce95e96d47c4a34250843d9eb2aa6eec604d13add6c5ebf888dc5cca2a1b83,60902ed872c4899e05a4c7f8b2daf5a1dfe7457192e488063fa3b7ef47256dc1,data/raw/phase3/SIH/RDAC2103.dbc,Acquisition only; scientific gates evaluated separately.,RDAC2103.dbc,05-04-22  12:35PM,FTP LIST; server timezone unspecified,2026-08-31T08:49:18.749569+00:00
DATASUS,SIH,2021-04,AC,2021-04,ftp://ftp.datasus.gov.br/dissemin/publicos/SIHSUS/200801_/Dados/RDAC2104.dbc,ftp://ftp.datasus.gov.br/dissemin/publicos/SIHSUS/200801_/Dados/RDAC2104.dbc,curl,2026-08-31T08:12:50.615180+00:00,RDAC2104.dbc,310631,291777907f4616a02b24804bf9c0c7e586be6fa035ae32790ae8a63f96d730ee,60902ed872c4899e05a4c7f8b2daf5a1dfe7457192e488063fa3b7ef47256dc1,data/raw/phase3/SIH/RDAC2104.dbc,Acquisition only; scientific gates evaluated separately.,RDAC2104.dbc,05-04-22  12:35PM,FTP LIST; server timezone unspecified,2026-08-31T08:49:18.749573+00:00
DATASUS,SIH,2021-05,AC,2021-05,ftp://ftp.datasus.gov.br/dissemin/publicos/SIHSUS/200801_/Dados/RDAC2105.dbc,ftp://ftp.datasus.gov.br/dissemin/publicos/SIHSUS/200801_/Dados/RDAC2105.dbc,curl,2026-08-31T08:12:50.882821+00:00,RDAC2105.dbc,332595,8082ef258b23cfd522b7466f4cb3247f0e59dd519d0c6b53f687415eeefde6ca,60902ed872c4899e05a4c7f8b2daf5a1dfe7457192e488063fa3b7ef47256dc1,data/raw/phase3/SIH/RDAC2105.dbc,Acquisition only; scientific gates evaluated separately.,RDAC2105.dbc,06-03-22  01:07PM,FTP LIST; server timezone unspecified,2026-08-31T08:49:18.749576+00:00
DATASUS,SIH,2021-06,AC,2021-06,ftp://ftp.datasus.gov.br/dissemin/publicos/SIHSUS/200801_/Dados/RDAC2106.dbc,ftp://ftp.datasus.gov.br/dissemin/publicos/SIHSUS/200801_/Dados/RDAC2106.dbc,curl,2026-08-31T08:12:50.907694+00:00,RDAC2106.dbc,219498,4cf192cad317e4f8bc1654cc840a0ecba28b94fd04267bdd2c8cb4bf9830c14d,60902ed872c4899e05a4c7f8b2daf5a1dfe7457192e488063fa3b7ef47256dc1,data/raw/phase3/SIH/RDAC2106.dbc,Acquisition only; scientific gates evaluated separately.,RDAC2106.dbc,07-06-22  01:14PM,FTP LIST; server timezone unspecified,2026-08-31T08:49:18.749579+00:00
DATASUS,SIH,2021-07,AC,2021-07,ftp://ftp.datasus.gov.br/dissemin/publicos/SIHSUS/200801_/Dados/RDAC2107.dbc,ftp://ftp.datasus.gov.br/dissemin/publicos/SIHSUS/200801_/Dados/RDAC2107.dbc,curl,2026-08-31T08:12:51.522217+00:00,RDAC2107.dbc,332528,9dc8ebf446e1d007d8c8f6ccf2ccd4af55326c0960bb1e896cfd7e81bb2abcb8,60902ed872c4899e05a4c7f8b2daf5a1dfe7457192e488063fa3b7ef47256dc1,data/raw/phase3/SIH/RDAC2107.dbc,Acquisition only; scientific gates evaluated separately.,RDAC2107.dbc,08-04-22  03:46PM,FTP LIST; server timezone unspecified,2026-08-31T08:49:18.749582+00:00
DATASUS,SIH,2021-08,AC,2021-08,ftp://ftp.datasus.gov.br/dissemin/publicos/SIHSUS/200801_/Dados/RDAC2108.dbc,ftp://ftp.datasus.gov.br/dissemin/publicos/SIHSUS/200801_/Dados/RDAC2108.dbc,curl,2026-08-31T08:12:51.683852+00:00,RDAC2108.dbc,310529,27f12d0a6059453ee37df2569f2f74ee2c66054d27dfb2127663f426abe0f58b,60902ed872c4899e05a4c7f8b2daf5a1dfe7457192e488063fa3b7ef47256dc1,data/raw/phase3/SIH/RDAC2108.dbc,Acquisition only; scientific gates evaluated separately.,RDAC2108.dbc,09-06-22  11:19AM,FTP LIST; server timezone unspecified,2026-08-31T08:49:18.749585+00:00
DATASUS,SIH,2021-09,AC,2021-09,ftp://ftp.datasus.gov.br/dissemin/publicos/SIHSUS/200801_/Dados/RDAC2109.dbc,ftp://ftp.datasus.gov.br/dissemin/publicos/SIHSUS/200801_/Dados/RDAC2109.dbc,curl,2026-08-31T08:12:51.718497+00:00,RDAC2109.dbc,312772,a6af235f14d9f969d2898b8b3c99009d693c5e2de01f2a152633e556006d9a2a,60902ed872c4899e05a4c7f8b2daf5a1dfe7457192e488063fa3b7ef47256dc1,data/raw/phase3/SIH/RDAC2109.dbc,Acquisition only; scientific gates evaluated separately.,RDAC2109.dbc,10-05-22  02:29PM,FTP LIST; server timezone unspecified,2026-08-31T08:49:18.749588+00:00
DATASUS,SIH,2021-10,AC,2021-10,ftp://ftp.datasus.gov.br/dissemin/publicos/SIHSUS/200801_/Dados/RDAC2110.dbc,ftp://ftp.datasus.gov.br/dissemin/publicos/SIHSUS/200801_/Dados/RDAC2110.dbc,curl,2026-08-31T08:12:52.319330+00:00,RDAC2110.dbc,291938,79bd40bf0460670eaa1789515ab909b23c856dbacf6b1762a908bf4490fc02f2,60902ed872c4899e05a4c7f8b2daf5a1dfe7457192e488063fa3b7ef47256dc1,data/raw/phase3/SIH/RDAC2110.dbc,Acquisition only; scientific gates evaluated separately.,RDAC2110.dbc,11-03-22  05:57PM,FTP LIST; server timezone unspecified,2026-08-31T08:49:18.749591+00:00
DATASUS,SIH,2021-11,AC,2021-11,ftp://ftp.datasus.gov.br/dissemin/publicos/SIHSUS/200801_/Dados/RDAC2111.dbc,ftp://ftp.datasus.gov.br/dissemin/publicos/SIHSUS/200801_/Dados/RDAC2111.dbc,curl,2026-08-31T08:12:52.427929+00:00,RDAC2111.dbc,276085,92796b5b8759c59d1dc00e72146078eeff4a39733402b3356cf20210ecb6d545,60902ed872c4899e05a4c7f8b2daf5a1dfe7457192e488063fa3b7ef47256dc1,data/raw/phase3/SIH/RDAC2111.dbc,Acquisition only; scientific gates evaluated separately.,RDAC2111.dbc,12-06-22  04:25PM,FTP LIST; server timezone unspecified,2026-08-31T08:49:18.749595+00:00
DATASUS,SIH,2021-12,AC,2021-12,ftp://ftp.datasus.gov.br/dissemin/publicos/SIHSUS/200801_/Dados/RDAC2112.dbc,ftp://ftp.datasus.gov.br/dissemin/publicos/SIHSUS/200801_/Dados/RDAC2112.dbc,curl,2026-08-31T08:12:52.490703+00:00,RDAC2112.dbc,286856,4d5772c7778bae95fe37f6e4367314d6c9991daf9d42de6ab630e97d5fa75745,60902ed872c4899e05a4c7f8b2daf5a1dfe7457192e488063fa3b7ef47256dc1,data/raw/phase3/SIH/RDAC2112.dbc,Acquisition only; scientific gates evaluated separately.,RDAC2112.dbc,01-04-23  12:48PM,FTP LIST; server timezone unspecified,2026-08-31T08:49:18.749598+00:00
DATASUS,SIH,2020-01,AL,2020-01,ftp://ftp.datasus.gov.br/dissemin/publicos/SIHSUS/200801_/Dados/RDAL2001.dbc,ftp://ftp.datasus.gov.br/dissemin/publicos/SIHSUS/200801_/Dados/RDAL2001.dbc,curl,2026-08-31T08:12:52.756939+00:00,RDAL2001.dbc,1058035,bc29ffea3b4bb6d1668b0f0f4ef9c7fccce712fd2777da029dc3d157f9de1132,60902ed872c4899e05a4c7f8b2daf5a1dfe7457192e488063fa3b7ef47256dc1,data/raw/phase3/SIH/RDAL2001.dbc,Acquisition only; scientific gates evaluated separately.,RDAL2001.dbc,04-05-21  01:26PM,FTP LIST; server timezone unspecified,2026-08-31T08:49:18.749605+00:00
DATASUS,SIH,2020-02,AL,2020-02,ftp://ftp.datasus.gov.br/dissemin/publicos/SIHSUS/200801_/Dados/RDAL2002.dbc,ftp://ftp.datasus.gov.br/dissemin/publicos/SIHSUS/200801_/Dados/RDAL2002.dbc,curl,2026-08-31T08:12:53.278881+00:00,RDAL2002.dbc,960378,0e90d61bc6510aa11d71692d7bc04d49834f9080b11afe267a9fc2bfddbcacb0,60902ed872c4899e05a4c7f8b2daf5a1dfe7457192e488063fa3b7ef47256dc1,data/raw/phase3/SIH/RDAL2002.dbc,Acquisition only; scientific gates evaluated separately.,RDAL2002.dbc,05-07-21  04:40PM,FTP LIST; server timezone unspecified,2026-08-31T08:49:18.749608+00:00
DATASUS,SIH,2020-03,AL,2020-03,ftp://ftp.datasus.gov.br/dissemin/publicos/SIHSUS/200801_/Dados/RDAL2003.dbc,ftp://ftp.datasus.gov.br/dissemin/publicos/SIHSUS/200801_/Dados/RDAL2003.dbc,curl,2026-08-31T08:12:53.935719+00:00,RDAL2003.dbc,984873,c61ed0cb3a4689745590f536122450a4a1d9cf20e6c453708beaaa80505719df,60902ed872c4899e05a4c7f8b2daf5a1dfe7457192e488063fa3b7ef47256dc1,data/raw/phase3/SIH/RDAL2003.dbc,Acquisition only; scientific gates evaluated separately.,RDAL2003.dbc,05-07-21  04:40PM,FTP LIST; server timezone unspecified,2026-08-31T08:49:18.749613+00:00
DATASUS,SIH,2020-04,AL,2020-04,ftp://ftp.datasus.gov.br/dissemin/publicos/SIHSUS/200801_/Dados/RDAL2004.dbc,ftp://ftp.datasus.gov.br/dissemin/publicos/SIHSUS/200801_/Dados/RDAL2004.dbc,curl,2026-08-31T08:12:53.422171+00:00,RDAL2004.dbc,831014,31443a7f9c500f9c0bd151b87a1487b3b9a125f49cea9a085035de198b3aa590,60902ed872c4899e05a4c7f8b2daf5a1dfe7457192e488063fa3b7ef47256dc1,data/raw/phase3/SIH/RDAL2004.dbc,Acquisition only; scientific gates evaluated separately.,RDAL2004.dbc,01-10-22  02:27PM,FTP LIST; server timezone unspecified,2026-08-31T08:49:18.749616+00:00
DATASUS,SIH,2020-05,AL,2020-05,ftp://ftp.datasus.gov.br/dissemin/publicos/SIHSUS/200801_/Dados/RDAL2005.dbc,ftp://ftp.datasus.gov.br/dissemin/publicos/SIHSUS/200801_/Dados/RDAL2005.dbc,curl,2026-08-31T08:12:53.641058+00:00,RDAL2005.dbc,711357,bd1613289cea1e69a9160fef64ae05bde5dc6a2b6683c8ff4c418f17fda18a62,60902ed872c4899e05a4c7f8b2daf5a1dfe7457192e488063fa3b7ef47256dc1,data/raw/phase3/SIH/RDAL2005.dbc,Acquisition only; scientific gates evaluated separately.,RDAL2005.dbc,01-10-22  02:27PM,FTP LIST; server timezone unspecified,2026-08-31T08:49:18.749619+00:00
DATASUS,SIH,2020-06,AL,2020-06,ftp://ftp.datasus.gov.br/dissemin/publicos/SIHSUS/200801_/Dados/RDAL2006.dbc,ftp://ftp.datasus.gov.br/dissemin/publicos/SIHSUS/200801_/Dados/RDAL2006.dbc,curl,2026-08-31T08:12:54.165757+00:00,RDAL2006.dbc,644939,f1109015486f820ff80f7e581dfe873e80e13f5e2efdde26b72a0cd45ec846a4,60902ed872c4899e05a4c7f8b2daf5a1dfe7457192e488063fa3b7ef47256dc1,data/raw/phase3/SIH/RDAL2006.dbc,Acquisition only; scientific gates evaluated separately.,RDAL2006.dbc,01-10-22  02:27PM,FTP LIST; server timezone unspecified,2026-08-31T08:49:18.749623+00:00
DATASUS,SIH,2020-07,AL,2020-07,ftp://ftp.datasus.gov.br/dissemin/publicos/SIHSUS/200801_/Dados/RDAL2007.dbc,ftp://ftp.datasus.gov.br/dissemin/publicos/SIHSUS/200801_/Dados/RDAL2007.dbc,curl,2026-08-31T08:12:54.376323+00:00,RDAL2007.dbc,786945,4ce7d90211c7ad6bf42ee282fbd6eb0e076ada8dcfb16493459f87c13ce96a73,60902ed872c4899e05a4c7f8b2daf5a1dfe7457192e488063fa3b7ef47256dc1,data/raw/phase3/SIH/RDAL2007.dbc,Acquisition only; scientific gates evaluated separately.,RDAL2007.dbc,01-10-22  02:27PM,FTP LIST; server timezone unspecified,2026-08-31T08:49:18.749626+00:00
DATASUS,SIH,2020-08,AL,2020-08,ftp://ftp.datasus.gov.br/dissemin/publicos/SIHSUS/200801_/Dados/RDAL2008.dbc,ftp://ftp.datasus.gov.br/dissemin/publicos/SIHSUS/200801_/Dados/RDAL2008.dbc,curl,2026-08-31T08:12:54.614356+00:00,RDAL2008.dbc,865661,35229eb705fe377e9d7890c760ffff40331dda3785a0960de19ae51c004f2087,60902ed872c4899e05a4c7f8b2daf5a1dfe7457192e488063fa3b7ef47256dc1,data/raw/phase3/SIH/RDAL2008.dbc,Acquisition only; scientific gates evaluated separately.,RDAL2008.dbc,02-07-22  10:09AM,FTP LIST; server timezone unspecified,2026-08-31T08:49:18.749629+00:00
DATASUS,SIH,2020-09,AL,2020-09,ftp://ftp.datasus.gov.br/dissemin/publicos/SIHSUS/200801_/Dados/RDAL2009.dbc,ftp://ftp.datasus.gov.br/dissemin/publicos/SIHSUS/200801_/Dados/RDAL2009.dbc,curl,2026-08-31T08:12:54.979803+00:00,RDAL2009.dbc,879639,3302183ad6d7b26060a2332d1d5309ec79a5fd1855689dc49e7a2b7dce2f77e9,60902ed872c4899e05a4c7f8b2daf5a1dfe7457192e488063fa3b7ef47256dc1,data/raw/phase3/SIH/RDAL2009.dbc,Acquisition only; scientific gates evaluated separately.,RDAL2009.dbc,02-07-22  10:09AM,FTP LIST; server timezone unspecified,2026-08-31T08:49:18.749634+00:00
DATASUS,SIH,2020-10,AL,2020-10,ftp://ftp.datasus.gov.br/dissemin/publicos/SIHSUS/200801_/Dados/RDAL2010.dbc,ftp://ftp.datasus.gov.br/dissemin/publicos/SIHSUS/200801_/Dados/RDAL2010.dbc,curl,2026-08-31T08:12:55.263122+00:00,RDAL2010.dbc,953101,be6a522e53463d746b48bfc589e13c6bc8fbe03726a2f5547e579f40c5ba5bb7,60902ed872c4899e05a4c7f8b2daf5a1dfe7457192e488063fa3b7ef47256dc1,data/raw/phase3/SIH/RDAL2010.dbc,Acquisition only; scientific gates evaluated separately.,RDAL2010.dbc,02-07-22  10:09AM,FTP LIST; server timezone unspecified,2026-08-31T08:49:18.749637+00:00
DATASUS,SIH,2020-11,AL,2020-11,ftp://ftp.datasus.gov.br/dissemin/publicos/SIHSUS/200801_/Dados/RDAL2011.dbc,ftp://ftp.datasus.gov.br/dissemin/publicos/SIHSUS/200801_/Dados/RDAL2011.dbc,curl,2026-08-31T08:12:55.553077+00:00,RDAL2011.dbc,991712,f65a64433869114a3385c2ae91bc54e4ade0385bbd91e0bccf2272ac03f9f1a7,60902ed872c4899e05a4c7f8b2daf5a1dfe7457192e488063fa3b7ef47256dc1,data/raw/phase3/SIH/RDAL2011.dbc,Acquisition only; scientific gates evaluated separately.,RDAL2011.dbc,02-07-22  10:09AM,FTP LIST; server timezone unspecified,2026-08-31T08:49:18.749640+00:00
DATASUS,SIH,2020-12,AL,2020-12,ftp://ftp.datasus.gov.br/dissemin/publicos/SIHSUS/200801_/Dados/RDAL2012.dbc,ftp://ftp.datasus.gov.br/dissemin/publicos/SIHSUS/200801_/Dados/RDAL2012.dbc,curl,2026-08-31T08:12:55.779447+00:00,RDAL2012.dbc,972038,2119ba36f555c75ad002740fa06a67c2c696c46b5b4463c36d62ddc617d7da9d,60902ed872c4899e05a4c7f8b2daf5a1dfe7457192e488063fa3b7ef47256dc1,data/raw/phase3/SIH/RDAL2012.dbc,Acquisition only; scientific gates evaluated separately.,RDAL2012.dbc,03-07-22  01:16PM,FTP LIST; server timezone unspecified,2026-08-31T08:49:18.749643+00:00
DATASUS,SIH,2021-01,AL,2021-01,ftp://ftp.datasus.gov.br/dissemin/publicos/SIHSUS/200801_/Dados/RDAL2101.dbc,ftp://ftp.datasus.gov.br/dissemin/publicos/SIHSUS/200801_/Dados/RDAL2101.dbc,curl,2026-08-31T08:12:56.102372+00:00,RDAL2101.dbc,901124,b4ee0145ffca519e54f559070336f5bd53ef16bb8529a004fa42febbf35be035,60902ed872c4899e05a4c7f8b2daf5a1dfe7457192e488063fa3b7ef47256dc1,data/raw/phase3/SIH/RDAL2101.dbc,Acquisition only; scientific gates evaluated separately.,RDAL2101.dbc,03-07-22  01:16PM,FTP LIST; server timezone unspecified,2026-08-31T08:49:18.749646+00:00
DATASUS,SIH,2021-02,AL,2021-02,ftp://ftp.datasus.gov.br/dissemin/publicos/SIHSUS/200801_/Dados/RDAL2102.dbc,ftp://ftp.datasus.gov.br/dissemin/publicos/SIHSUS/200801_/Dados/RDAL2102.dbc,curl,2026-08-31T08:12:56.431664+00:00,RDAL2102.dbc,991756,3410c6ea08027e2341a38a5c6d4e295d41e4d91472fe09f4b6298a12172d6728,60902ed872c4899e05a4c7f8b2daf5a1dfe7457192e488063fa3b7ef47256dc1,data/raw/phase3/SIH/RDAL2102.dbc,Acquisition only; scientific gates evaluated separately.,RDAL2102.dbc,04-11-22  07:25PM,FTP LIST; server timezone unspecified,2026-08-31T08:49:18.749649+00:00
DATASUS,SIH,2021-03,AL,2021-03,ftp://ftp.datasus.gov.br/dissemin/publicos/SIHSUS/200801_/Dados/RDAL2103.dbc,ftp://ftp.datasus.gov.br/dissemin/publicos/SIHSUS/200801_/Dados/RDAL2103.dbc,curl,2026-08-31T08:12:56.680599+00:00,RDAL2103.dbc,947869,5b70636ebe7a591983ba91e084733b119a30fa161e862c69767417793e71bb4d,60902ed872c4899e05a4c7f8b2daf5a1dfe7457192e488063fa3b7ef47256dc1,data/raw/phase3/SIH/RDAL2103.dbc,Acquisition only; scientific gates evaluated separately.,RDAL2103.dbc,05-04-22  12:35PM,FTP LIST; server timezone unspecified,2026-08-31T08:49:18.749659+00:00
DATASUS,SIH,2021-04,AL,2021-04,ftp://ftp.datasus.gov.br/dissemin/publicos/SIHSUS/200801_/Dados/RDAL2104.dbc,ftp://ftp.datasus.gov.br/dissemin/publicos/SIHSUS/200801_/Dados/RDAL2104.dbc,curl,2026-08-31T08:12:56.908455+00:00,RDAL2104.dbc,1003200,05d08e3c77f0376fef41107afe6d85bbbaf79741babed034e2474850258202a7,60902ed872c4899e05a4c7f8b2daf5a1dfe7457192e488063fa3b7ef47256dc1,data/raw/phase3/SIH/RDAL2104.dbc,Acquisition only; scientific gates evaluated separately.,RDAL2104.dbc,05-04-22  12:35PM,FTP LIST; server timezone unspecified,2026-08-31T08:49:18.749662+00:00
DATASUS,SIH,2021-05,AL,2021-05,ftp://ftp.datasus.gov.br/dissemin/publicos/SIHSUS/200801_/Dados/RDAL2105.dbc,ftp://ftp.datasus.gov.br/dissemin/publicos/SIHSUS/200801_/Dados/RDAL2105.dbc,curl,2026-08-31T08:12:57.156281+00:00,RDAL2105.dbc,1011275,a55c555478d519f90078a8a2b5cc7873268462cb15397d20bcd190346ceca947,60902ed872c4899e05a4c7f8b2daf5a1dfe7457192e488063fa3b7ef47256dc1,data/raw/phase3/SIH/RDAL2105.dbc,Acquisition only; scientific gates evaluated separately.,RDAL2105.dbc,06-03-22  01:07PM,FTP LIST; server timezone unspecified,2026-08-31T08:49:18.749666+00:00
DATASUS,SIH,2021-06,AL,2021-06,ftp://ftp.datasus.gov.br/dissemin/publicos/SIHSUS/200801_/Dados/RDAL2106.dbc,ftp://ftp.datasus.gov.br/dissemin/publicos/SIHSUS/200801_/Dados/RDAL2106.dbc,curl,2026-08-31T08:12:57.400511+00:00,RDAL2106.dbc,959361,e29dea2593b150c693459c4094659a4dcf1c8da4126f2d13d48abe9134c978d7,60902ed872c4899e05a4c7f8b2daf5a1dfe7457192e488063fa3b7ef47256dc1,data/raw/phase3/SIH/RDAL2106.dbc,Acquisition only; scientific gates evaluated separately.,RDAL2106.dbc,07-06-22  01:14PM,FTP LIST; server timezone unspecified,2026-08-31T08:49:18.749669+00:00
DATASUS,SIH,2021-07,AL,2021-07,ftp://ftp.datasus.gov.br/dissemin/publicos/SIHSUS/200801_/Dados/RDAL2107.dbc,ftp://ftp.datasus.gov.br/dissemin/publicos/SIHSUS/200801_/Dados/RDAL2107.dbc,curl,2026-08-31T08:12:57.682713+00:00,RDAL2107.dbc,1031222,9e71b1ce7d30bc0097f6f466d6d4f2dfd2aa9489ff386dc51d101e4abe3c3c0a,60902ed872c4899e05a4c7f8b2daf5a1dfe7457192e488063fa3b7ef47256dc1,data/raw/phase3/SIH/RDAL2107.dbc,Acquisition only; scientific gates evaluated separately.,RDAL2107.dbc,08-04-22  03:46PM,FTP LIST; server timezone unspecified,2026-08-31T08:49:18.749671+00:00
DATASUS,SIH,2021-08,AL,2021-08,ftp://ftp.datasus.gov.br/dissemin/publicos/SIHSUS/200801_/Dados/RDAL2108.dbc,ftp://ftp.datasus.gov.br/dissemin/publicos/SIHSUS/200801_/Dados/RDAL2108.dbc,curl,2026-08-31T08:12:57.909179+00:00,RDAL2108.dbc,949000,aa1e2aac25e2e9915a722e1632ecd24c64471ccc924b90bf13aa1c9d34dd856d,60902ed872c4899e05a4c7f8b2daf5a1dfe7457192e488063fa3b7ef47256dc1,data/raw/phase3/SIH/RDAL2108.dbc,Acquisition only; scientific gates evaluated separately.,RDAL2108.dbc,09-06-22  11:19AM,FTP LIST; server timezone unspecified,2026-08-31T08:49:18.749675+00:00
DATASUS,SIH,2021-09,AL,2021-09,ftp://ftp.datasus.gov.br/dissemin/publicos/SIHSUS/200801_/Dados/RDAL2109.dbc,ftp://ftp.datasus.gov.br/dissemin/publicos/SIHSUS/200801_/Dados/RDAL2109.dbc,curl,2026-08-31T08:12:58.166904+00:00,RDAL2109.dbc,978034,192b31b205bbf8cc59364ba2a1035944bc8d1c39e344631d5fe7c75ded1281e5,60902ed872c4899e05a4c7f8b2daf5a1dfe7457192e488063fa3b7ef47256dc1,data/raw/phase3/SIH/RDAL2109.dbc,Acquisition only; scientific gates evaluated separately.,RDAL2109.dbc,10-05-22  02:29PM,FTP LIST; server timezone unspecified,2026-08-31T08:49:18.749682+00:00
DATASUS,SIH,2021-10,AL,2021-10,ftp://ftp.datasus.gov.br/dissemin/publicos/SIHSUS/200801_/Dados/RDAL2110.dbc,ftp://ftp.datasus.gov.br/dissemin/publicos/SIHSUS/200801_/Dados/RDAL2110.dbc,curl,2026-08-31T08:12:58.479592+00:00,RDAL2110.dbc,1044762,11209bb766c87bedb1d85f9c008d7262946cfd77ed01b4aa7e89d4e73e9c0790,60902ed872c4899e05a4c7f8b2daf5a1dfe7457192e488063fa3b7ef47256dc1,data/raw/phase3/SIH/RDAL2110.dbc,Acquisition only; scientific gates evaluated separately.,RDAL2110.dbc,11-03-22  05:57PM,FTP LIST; server timezone unspecified,2026-08-31T08:49:18.749685+00:00
DATASUS,SIH,2021-11,AL,2021-11,ftp://ftp.datasus.gov.br/dissemin/publicos/SIHSUS/200801_/Dados/RDAL2111.dbc,ftp://ftp.datasus.gov.br/dissemin/publicos/SIHSUS/200801_/Dados/RDAL2111.dbc,curl,2026-08-31T08:12:58.689681+00:00,RDAL2111.dbc,967483,7be1b4dbd2ac5b34dda24d67c9796c944bd8a19f4a01aef2b03a2db2e8cecb15,60902ed872c4899e05a4c7f8b2daf5a1dfe7457192e488063fa3b7ef47256dc1,data/raw/phase3/SIH/RDAL2111.dbc,Acquisition only; scientific gates evaluated separately.,RDAL2111.dbc,12-06-22  04:25PM,FTP LIST; server timezone unspecified,2026-08-31T08:49:18.749689+00:00
DATASUS,SIH,2021-12,AL,2021-12,ftp://ftp.datasus.gov.br/dissemin/publicos/SIHSUS/200801_/Dados/RDAL2112.dbc,ftp://ftp.datasus.gov.br/dissemin/publicos/SIHSUS/200801_/Dados/RDAL2112.dbc,curl,2026-08-31T08:12:58.942301+00:00,RDAL2112.dbc,945836,f4b915106eae2def61b59db5c31a01447c1ec52e94b549fbae6398777353cb44,60902ed872c4899e05a4c7f8b2daf5a1dfe7457192e488063fa3b7ef47256dc1,data/raw/phase3/SIH/RDAL2112.dbc,Acquisition only; scientific gates evaluated separately.,RDAL2112.dbc,01-04-23  12:48PM,FTP LIST; server timezone unspecified,2026-08-31T08:49:18.749692+00:00
DATASUS,SIH,2020-01,AM,2020-01,ftp://ftp.datasus.gov.br/dissemin/publicos/SIHSUS/200801_/Dados/RDAM2001.dbc,ftp://ftp.datasus.gov.br/dissemin/publicos/SIHSUS/200801_/Dados/RDAM2001.dbc,curl,2026-08-31T08:12:59.309595+00:00,RDAM2001.dbc,1137237,a92174675f73fb3affc0b558851dc807ea22e56040170b3b534058dfe037ab6a,60902ed872c4899e05a4c7f8b2daf5a1dfe7457192e488063fa3b7ef47256dc1,data/raw/phase3/SIH/RDAM2001.dbc,Acquisition only; scientific gates evaluated separately.,RDAM2001.dbc,04-05-21  01:26PM,FTP LIST; server timezone unspecified,2026-08-31T08:49:18.749699+00:00
DATASUS,SIH,2020-02,AM,2020-02,ftp://ftp.datasus.gov.br/dissemin/publicos/SIHSUS/200801_/Dados/RDAM2002.dbc,ftp://ftp.datasus.gov.br/dissemin/publicos/SIHSUS/200801_/Dados/RDAM2002.dbc,curl,2026-08-31T08:12:59.539775+00:00,RDAM2002.dbc,1063169,3e3e5ecbb1e50e578155cdf5d1500dfce1c6a3b279a525156cbf054934d32506,60902ed872c4899e05a4c7f8b2daf5a1dfe7457192e488063fa3b7ef47256dc1,data/raw/phase3/SIH/RDAM2002.dbc,Acquisition only; scientific gates evaluated separately.,RDAM2002.dbc,05-07-21  04:40PM,FTP LIST; server timezone unspecified,2026-08-31T08:49:18.749705+00:00
DATASUS,SIH,2020-03,AM,2020-03,ftp://ftp.datasus.gov.br/dissemin/publicos/SIHSUS/200801_/Dados/RDAM2003.dbc,ftp://ftp.datasus.gov.br/dissemin/publicos/SIHSUS/200801_/Dados/RDAM2003.dbc,curl,2026-08-31T08:12:59.776577+00:00,RDAM2003.dbc,1089587,2c9612302329d32bbc15acb8f97cf782369bd9389292809fe4d47b0cac161d34,60902ed872c4899e05a4c7f8b2daf5a1dfe7457192e488063fa3b7ef47256dc1,data/raw/phase3/SIH/RDAM2003.dbc,Acquisition only; scientific gates evaluated separately.,RDAM2003.dbc,05-07-21  04:40PM,FTP LIST; server timezone unspecified,2026-08-31T08:49:18.749708+00:00
DATASUS,SIH,2020-04,AM,2020-04,ftp://ftp.datasus.gov.br/dissemin/publicos/SIHSUS/200801_/Dados/RDAM2004.dbc,ftp://ftp.datasus.gov.br/dissemin/publicos/SIHSUS/200801_/Dados/RDAM2004.dbc,curl,2026-08-31T08:12:59.952267+00:00,RDAM2004.dbc,882929,8009135f8d6e6159436ccff49f455f837bd66bd37560fcad28fafff6a3070028,60902ed872c4899e05a4c7f8b2daf5a1dfe7457192e488063fa3b7ef47256dc1,data/raw/phase3/SIH/RDAM2004.dbc,Acquisition only; scientific gates evaluated separately.,RDAM2004.dbc,01-10-22  02:27PM,FTP LIST; server timezone unspecified,2026-08-31T08:49:18.749712+00:00
DATASUS,SIH,2020-05,AM,2020-05,ftp://ftp.datasus.gov.br/dissemin/publicos/SIHSUS/200801_/Dados/RDAM2005.dbc,ftp://ftp.datasus.gov.br/dissemin/publicos/SIHSUS/200801_/Dados/RDAM2005.dbc,curl,2026-08-31T08:13:00.311281+00:00,RDAM2005.dbc,946646,11e4493ea5944f95f673a663e858361936d2083008e63f442233b7594a786863,60902ed872c4899e05a4c7f8b2daf5a1dfe7457192e488063fa3b7ef47256dc1,data/raw/phase3/SIH/RDAM2005.dbc,Acquisition only; scientific gates evaluated separately.,RDAM2005.dbc,01-10-22  02:27PM,FTP LIST; server timezone unspecified,2026-08-31T08:49:18.749715+00:00
DATASUS,SIH,2020-06,AM,2020-06,ftp://ftp.datasus.gov.br/dissemin/publicos/SIHSUS/200801_/Dados/RDAM2006.dbc,ftp://ftp.datasus.gov.br/dissemin/publicos/SIHSUS/200801_/Dados/RDAM2006.dbc,curl,2026-08-31T08:13:00.507513+00:00,RDAM2006.dbc,991692,5abee7899c76b66ab7125257b171b67489734dd797df71d749e07a2acbd641a9,60902ed872c4899e05a4c7f8b2daf5a1dfe7457192e488063fa3b7ef47256dc1,data/raw/phase3/SIH/RDAM2006.dbc,Acquisition only; scientific gates evaluated separately.,RDAM2006.dbc,01-10-22  02:27PM,FTP LIST; server timezone unspecified,2026-08-31T08:49:18.749718+00:00
DATASUS,SIH,2020-07,AM,2020-07,ftp://ftp.datasus.gov.br/dissemin/publicos/SIHSUS/200801_/Dados/RDAM2007.dbc,ftp://ftp.datasus.gov.br/dissemin/publicos/SIHSUS/200801_/Dados/RDAM2007.dbc,curl,2026-08-31T08:13:00.748167+00:00,RDAM2007.dbc,1011932,9ca0a87bb58db3213351dbfd15cbf1b2676d890b3654c4f081e41fea6111cf74,60902ed872c4899e05a4c7f8b2daf5a1dfe7457192e488063fa3b7ef47256dc1,data/raw/phase3/SIH/RDAM2007.dbc,Acquisition only; scientific gates evaluated separately.,RDAM2007.dbc,01-10-22  02:27PM,FTP LIST; server timezone unspecified,2026-08-31T08:49:18.749721+00:00
DATASUS,SIH,2020-08,AM,2020-08,ftp://ftp.datasus.gov.br/dissemin/publicos/SIHSUS/200801_/Dados/RDAM2008.dbc,ftp://ftp.datasus.gov.br/dissemin/publicos/SIHSUS/200801_/Dados/RDAM2008.dbc,curl,2026-08-31T08:13:00.901050+00:00,RDAM2008.dbc,968225,2e8224857b7d86f5070ab8b8df05473959a33608f391a8a8dff6495eef6cd7e2,60902ed872c4899e05a4c7f8b2daf5a1dfe7457192e488063fa3b7ef47256dc1,data/raw/phase3/SIH/RDAM2008.dbc,Acquisition only; scientific gates evaluated separately.,RDAM2008.dbc,02-07-22  10:09AM,FTP LIST; server timezone unspecified,2026-08-31T08:49:18.749724+00:00
DATASUS,SIH,2020-09,AM,2020-09,ftp://ftp.datasus.gov.br/dissemin/publicos/SIHSUS/200801_/Dados/RDAM2009.dbc,ftp://ftp.datasus.gov.br/dissemin/publicos/SIHSUS/200801_/Dados/RDAM2009.dbc,curl,2026-08-31T08:13:01.280985+00:00,RDAM2009.dbc,1033932,4056f21e8e432ca0fd455a9ae5519eca2b9673af4803862da151d486ea1a0d0d,60902ed872c4899e05a4c7f8b2daf5a1dfe7457192e488063fa3b7ef47256dc1,data/raw/phase3/SIH/RDAM2009.dbc,Acquisition only; scientific gates evaluated separately.,RDAM2009.dbc,02-07-22  10:09AM,FTP LIST; server timezone unspecified,2026-08-31T08:49:18.749727+00:00
DATASUS,SIH,2020-10,AM,2020-10,ftp://ftp.datasus.gov.br/dissemin/publicos/SIHSUS/200801_/Dados/RDAM2010.dbc,ftp://ftp.datasus.gov.br/dissemin/publicos/SIHSUS/200801_/Dados/RDAM2010.dbc,curl,2026-08-31T08:13:01.492945+00:00,RDAM2010.dbc,1029113,9dc662d1e22a86633ce0f7c7f694cfe99c20b81aab31367a2f59e1244f878047,60902ed872c4899e05a4c7f8b2daf5a1dfe7457192e488063fa3b7ef47256dc1,data/raw/phase3/SIH/RDAM2010.dbc,Acquisition only; scientific gates evaluated separately.,RDAM2010.dbc,02-07-22  10:09AM,FTP LIST; server timezone unspecified,2026-08-31T08:49:18.749730+00:00
DATASUS,SIH,2020-11,AM,2020-11,ftp://ftp.datasus.gov.br/dissemin/publicos/SIHSUS/200801_/Dados/RDAM2011.dbc,ftp://ftp.datasus.gov.br/dissemin/publicos/SIHSUS/200801_/Dados/RDAM2011.dbc,curl,2026-08-31T08:13:01.919451+00:00,RDAM2011.dbc,1020757,37053559e30c6d3e75b3af696c3e16d0f90f346221d30a68380bcd3bc764813b,60902ed872c4899e05a4c7f8b2daf5a1dfe7457192e488063fa3b7ef47256dc1,data/raw/phase3/SIH/RDAM2011.dbc,Acquisition only; scientific gates evaluated separately.,RDAM2011.dbc,02-07-22  10:09AM,FTP LIST; server timezone unspecified,2026-08-31T08:49:18.749733+00:00
DATASUS,SIH,2020-12,AM,2020-12,ftp://ftp.datasus.gov.br/dissemin/publicos/SIHSUS/200801_/Dados/RDAM2012.dbc,ftp://ftp.datasus.gov.br/dissemin/publicos/SIHSUS/200801_/Dados/RDAM2012.dbc,curl,2026-08-31T08:13:01.873864+00:00,RDAM2012.dbc,937285,9fb55c58634af182a472812aab320c1fbdea35168a92d22e9deaa42da1b8753f,60902ed872c4899e05a4c7f8b2daf5a1dfe7457192e488063fa3b7ef47256dc1,data/raw/phase3/SIH/RDAM2012.dbc,Acquisition only; scientific gates evaluated separately.,RDAM2012.dbc,03-07-22  01:16PM,FTP LIST; server timezone unspecified,2026-08-31T08:49:18.749736+00:00
DATASUS,SIH,2021-01,AM,2021-01,ftp://ftp.datasus.gov.br/dissemin/publicos/SIHSUS/200801_/Dados/RDAM2101.dbc,ftp://ftp.datasus.gov.br/dissemin/publicos/SIHSUS/200801_/Dados/RDAM2101.dbc,curl,2026-08-31T08:13:02.275947+00:00,RDAM2101.dbc,977230,b646c76f400d9d6e9864ab1c7d8d5abc0d68d7e91fb654bc608697c4d31e7002,60902ed872c4899e05a4c7f8b2daf5a1dfe7457192e488063fa3b7ef47256dc1,data/raw/phase3/SIH/RDAM2101.dbc,Acquisition only; scientific gates evaluated separately.,RDAM2101.dbc,03-07-22  01:16PM,FTP LIST; server timezone unspecified,2026-08-31T08:49:18.749739+00:00
DATASUS,SIH,2021-02,AM,2021-02,ftp://ftp.datasus.gov.br/dissemin/publicos/SIHSUS/200801_/Dados/RDAM2102.dbc,ftp://ftp.datasus.gov.br/dissemin/publicos/SIHSUS/200801_/Dados/RDAM2102.dbc,curl,2026-08-31T08:13:02.535208+00:00,RDAM2102.dbc,1161924,9d96dd8fe2e25218f4bfe80db0685449fffa05e80822e7977ea754284b6ec682,60902ed872c4899e05a4c7f8b2daf5a1dfe7457192e488063fa3b7ef47256dc1,data/raw/phase3/SIH/RDAM2102.dbc,Acquisition only; scientific gates evaluated separately.,RDAM2102.dbc,04-11-22  07:24PM,FTP LIST; server timezone unspecified,2026-08-31T08:49:18.749742+00:00
DATASUS,SIH,2021-03,AM,2021-03,ftp://ftp.datasus.gov.br/dissemin/publicos/SIHSUS/200801_/Dados/RDAM2103.dbc,ftp://ftp.datasus.gov.br/dissemin/publicos/SIHSUS/200801_/Dados/RDAM2103.dbc,curl,2026-08-31T08:13:03.015035+00:00,RDAM2103.dbc,1172983,d37c077bc6de28d7d85cdaf6259e12e7edae86d3ead4d0ea311139c61682e225,60902ed872c4899e05a4c7f8b2daf5a1dfe7457192e488063fa3b7ef47256dc1,data/raw/phase3/SIH/RDAM2103.dbc,Acquisition only; scientific gates evaluated separately.,RDAM2103.dbc,05-04-22  12:35PM,FTP LIST; server timezone unspecified,2026-08-31T08:49:18.749745+00:00
DATASUS,SIH,2021-04,AM,2021-04,ftp://ftp.datasus.gov.br/dissemin/publicos/SIHSUS/200801_/Dados/RDAM2104.dbc,ftp://ftp.datasus.gov.br/dissemin/publicos/SIHSUS/200801_/Dados/RDAM2104.dbc,curl,2026-08-31T08:13:03.015377+00:00,RDAM2104.dbc,1157264,acc2c73efde6013054f04ad15a51722c4eef44e0c6fe8104d3bbfd2c4c409c27,60902ed872c4899e05a4c7f8b2daf5a1dfe7457192e488063fa3b7ef47256dc1,data/raw/phase3/SIH/RDAM2104.dbc,Acquisition only; scientific gates evaluated separately.,RDAM2104.dbc,05-04-22  12:35PM,FTP LIST; server timezone unspecified,2026-08-31T08:49:18.749748+00:00
DATASUS,SIH,2021-05,AM,2021-05,ftp://ftp.datasus.gov.br/dissemin/publicos/SIHSUS/200801_/Dados/RDAM2105.dbc,ftp://ftp.datasus.gov.br/dissemin/publicos/SIHSUS/200801_/Dados/RDAM2105.dbc,curl,2026-08-31T08:13:03.350222+00:00,RDAM2105.dbc,1192610,0df7c5a8d4b45b786a0e405bf158e4ef5313ef79d58a9fed57eec5d27f1dbf50,60902ed872c4899e05a4c7f8b2daf5a1dfe7457192e488063fa3b7ef47256dc1,data/raw/phase3/SIH/RDAM2105.dbc,Acquisition only; scientific gates evaluated separately.,RDAM2105.dbc,06-03-22  01:06PM,FTP LIST; server timezone unspecified,2026-08-31T08:49:18.749752+00:00
DATASUS,SIH,2021-06,AM,2021-06,ftp://ftp.datasus.gov.br/dissemin/publicos/SIHSUS/200801_/Dados/RDAM2106.dbc,ftp://ftp.datasus.gov.br/dissemin/publicos/SIHSUS/200801_/Dados/RDAM2106.dbc,curl,2026-08-31T08:13:03.578204+00:00,RDAM2106.dbc,1259705,bf02642bc1ee8a05de1d0bc3b81efd22b72e6a04061bb122be45837d26b5a7e4,60902ed872c4899e05a4c7f8b2daf5a1dfe7457192e488063fa3b7ef47256dc1,data/raw/phase3/SIH/RDAM2106.dbc,Acquisition only; scientific gates evaluated separately.,RDAM2106.dbc,07-06-22  01:14PM,FTP LIST; server timezone unspecified,2026-08-31T08:49:18.749755+00:00
DATASUS,SIH,2021-07,AM,2021-07,ftp://ftp.datasus.gov.br/dissemin/publicos/SIHSUS/200801_/Dados/RDAM2107.dbc,ftp://ftp.datasus.gov.br/dissemin/publicos/SIHSUS/200801_/Dados/RDAM2107.dbc,curl,2026-08-31T08:13:04.103142+00:00,RDAM2107.dbc,1237963,bf12a3130eeaaf2f2f13b2abf59942e3794236a8ba2a6d1e89d95b09446cb42d,60902ed872c4899e05a4c7f8b2daf5a1dfe7457192e488063fa3b7ef47256dc1,data/raw/phase3/SIH/RDAM2107.dbc,Acquisition only; scientific gates evaluated separately.,RDAM2107.dbc,08-04-22  03:46PM,FTP LIST; server timezone unspecified,2026-08-31T08:49:18.749758+00:00
DATASUS,SIH,2021-08,AM,2021-08,ftp://ftp.datasus.gov.br/dissemin/publicos/SIHSUS/200801_/Dados/RDAM2108.dbc,ftp://ftp.datasus.gov.br/dissemin/publicos/SIHSUS/200801_/Dados/RDAM2108.dbc,curl,2026-08-31T08:13:04.117826+00:00,RDAM2108.dbc,1292020,6d2d743c3972e117d5a4473268f84651c3cb325d2418397e6de48e1430e4f976,60902ed872c4899e05a4c7f8b2daf5a1dfe7457192e488063fa3b7ef47256dc1,data/raw/phase3/SIH/RDAM2108.dbc,Acquisition only; scientific gates evaluated separately.,RDAM2108.dbc,09-06-22  11:19AM,FTP LIST; server timezone unspecified,2026-08-31T08:49:18.749761+00:00
DATASUS,SIH,2021-09,AM,2021-09,ftp://ftp.datasus.gov.br/dissemin/publicos/SIHSUS/200801_/Dados/RDAM2109.dbc,ftp://ftp.datasus.gov.br/dissemin/publicos/SIHSUS/200801_/Dados/RDAM2109.dbc,curl,2026-08-31T08:13:04.376729+00:00,RDAM2109.dbc,1262157,561fe91cd5c56b3832512fe6f63945d9d04fa91ba9cd675e5df8ebb5f6141998,60902ed872c4899e05a4c7f8b2daf5a1dfe7457192e488063fa3b7ef47256dc1,data/raw/phase3/SIH/RDAM2109.dbc,Acquisition only; scientific gates evaluated separately.,RDAM2109.dbc,10-05-22  02:29PM,FTP LIST; server timezone unspecified,2026-08-31T08:49:18.749764+00:00
DATASUS,SIH,2021-10,AM,2021-10,ftp://ftp.datasus.gov.br/dissemin/publicos/SIHSUS/200801_/Dados/RDAM2110.dbc,ftp://ftp.datasus.gov.br/dissemin/publicos/SIHSUS/200801_/Dados/RDAM2110.dbc,curl,2026-08-31T08:13:04.601498+00:00,RDAM2110.dbc,1112242,bcfa6e2a6ffea20ea217948cc399a5802d3dd30cfe9cd6134cf968b836658103,60902ed872c4899e05a4c7f8b2daf5a1dfe7457192e488063fa3b7ef47256dc1,data/raw/phase3/SIH/RDAM2110.dbc,Acquisition only; scientific gates evaluated separately.,RDAM2110.dbc,11-03-22  05:57PM,FTP LIST; server timezone unspecified,2026-08-31T08:49:18.749767+00:00
DATASUS,SIH,2021-11,AM,2021-11,ftp://ftp.datasus.gov.br/dissemin/publicos/SIHSUS/200801_/Dados/RDAM2111.dbc,ftp://ftp.datasus.gov.br/dissemin/publicos/SIHSUS/200801_/Dados/RDAM2111.dbc,curl,2026-08-31T08:13:05.242099+00:00,RDAM2111.dbc,1208413,d1d90a826163e92fb6ee3f183eb98192e6cd52b334a5ba40d71d5a5ae567c0a7,60902ed872c4899e05a4c7f8b2daf5a1dfe7457192e488063fa3b7ef47256dc1,data/raw/phase3/SIH/RDAM2111.dbc,Acquisition only; scientific gates evaluated separately.,RDAM2111.dbc,12-06-22  04:25PM,FTP LIST; server timezone unspecified,2026-08-31T08:49:18.749770+00:00
DATASUS,SIH,2021-12,AM,2021-12,ftp://ftp.datasus.gov.br/dissemin/publicos/SIHSUS/200801_/Dados/RDAM2112.dbc,ftp://ftp.datasus.gov.br/dissemin/publicos/SIHSUS/200801_/Dados/RDAM2112.dbc,curl,2026-08-31T08:13:05.152469+00:00,RDAM2112.dbc,1112402,98b855c2d4fb79e5f5cb0924887c6991f2e706f758cbbc15e563aac20b4e1b64,60902ed872c4899e05a4c7f8b2daf5a1dfe7457192e488063fa3b7ef47256dc1,data/raw/phase3/SIH/RDAM2112.dbc,Acquisition only; scientific gates evaluated separately.,RDAM2112.dbc,01-04-23  12:48PM,FTP LIST; server timezone unspecified,2026-08-31T08:49:18.749773+00:00
DATASUS,SIH,2020-01,AP,2020-01,ftp://ftp.datasus.gov.br/dissemin/publicos/SIHSUS/200801_/Dados/RDAP2001.dbc,ftp://ftp.datasus.gov.br/dissemin/publicos/SIHSUS/200801_/Dados/RDAP2001.dbc,curl,2026-08-31T08:13:05.214614+00:00,RDAP2001.dbc,214576,a58a3d5c4d5ae582e68467f4ee71b61b949639b0058175e9d047ef83c41368f0,60902ed872c4899e05a4c7f8b2daf5a1dfe7457192e488063fa3b7ef47256dc1,data/raw/phase3/SIH/RDAP2001.dbc,Acquisition only; scientific gates evaluated separately.,RDAP2001.dbc,04-05-21  01:26PM,FTP LIST; server timezone unspecified,2026-08-31T08:49:18.749779+00:00
DATASUS,SIH,2020-02,AP,2020-02,ftp://ftp.datasus.gov.br/dissemin/publicos/SIHSUS/200801_/Dados/RDAP2002.dbc,ftp://ftp.datasus.gov.br/dissemin/publicos/SIHSUS/200801_/Dados/RDAP2002.dbc,curl,2026-08-31T08:13:05.451051+00:00,RDAP2002.dbc,216941,426178f877bf515fc40537314ac54d3bd5a0607edf2809951706a3fd75ee5db4,60902ed872c4899e05a4c7f8b2daf5a1dfe7457192e488063fa3b7ef47256dc1,data/raw/phase3/SIH/RDAP2002.dbc,Acquisition only; scientific gates evaluated separately.,RDAP2002.dbc,05-07-21  04:40PM,FTP LIST; server timezone unspecified,2026-08-31T08:49:18.749784+00:00
DATASUS,SIH,2020-03,AP,2020-03,ftp://ftp.datasus.gov.br/dissemin/publicos/SIHSUS/200801_/Dados/RDAP2003.dbc,ftp://ftp.datasus.gov.br/dissemin/publicos/SIHSUS/200801_/Dados/RDAP2003.dbc,curl,2026-08-31T08:13:06.006451+00:00,RDAP2003.dbc,168322,41100fe19354b63e42ac52692d045852567bd3d97070c7d85e8cf5bb1fa2082c,60902ed872c4899e05a4c7f8b2daf5a1dfe7457192e488063fa3b7ef47256dc1,data/raw/phase3/SIH/RDAP2003.dbc,Acquisition only; scientific gates evaluated separately.,RDAP2003.dbc,05-07-21  04:40PM,FTP LIST; server timezone unspecified,2026-08-31T08:49:18.749787+00:00
DATASUS,SIH,2020-04,AP,2020-04,ftp://ftp.datasus.gov.br/dissemin/publicos/SIHSUS/200801_/Dados/RDAP2004.dbc,ftp://ftp.datasus.gov.br/dissemin/publicos/SIHSUS/200801_/Dados/RDAP2004.dbc,curl,2026-08-31T08:13:06.006102+00:00,RDAP2004.dbc,135956,09f0da82be870a76059b189dcfb02f68af1b9d08f926d50ab4efa6ed0d81be8a,60902ed872c4899e05a4c7f8b2daf5a1dfe7457192e488063fa3b7ef47256dc1,data/raw/phase3/SIH/RDAP2004.dbc,Acquisition only; scientific gates evaluated separately.,RDAP2004.dbc,01-10-22  02:26PM,FTP LIST; server timezone unspecified,2026-08-31T08:49:18.749790+00:00
DATASUS,SIH,2020-05,AP,2020-05,ftp://ftp.datasus.gov.br/dissemin/publicos/SIHSUS/200801_/Dados/RDAP2005.dbc,ftp://ftp.datasus.gov.br/dissemin/publicos/SIHSUS/200801_/Dados/RDAP2005.dbc,curl,2026-08-31T08:13:06.055481+00:00,RDAP2005.dbc,138071,d8341f7465bb453f4edf42671afe1903b180fd0099d54d03e500103fc600e1c2,60902ed872c4899e05a4c7f8b2daf5a1dfe7457192e488063fa3b7ef47256dc1,data/raw/phase3/SIH/RDAP2005.dbc,Acquisition only; scientific gates evaluated separately.,RDAP2005.dbc,01-10-22  02:26PM,FTP LIST; server timezone unspecified,2026-08-31T08:49:18.749793+00:00
DATASUS,SIH,2020-06,AP,2020-06,ftp://ftp.datasus.gov.br/dissemin/publicos/SIHSUS/200801_/Dados/RDAP2006.dbc,ftp://ftp.datasus.gov.br/dissemin/publicos/SIHSUS/200801_/Dados/RDAP2006.dbc,curl,2026-08-31T08:13:06.281664+00:00,RDAP2006.dbc,148731,2b2c558b73832d6a14712a7d136c8dffe8143a5821f61079aafebeabdb316fe0,60902ed872c4899e05a4c7f8b2daf5a1dfe7457192e488063fa3b7ef47256dc1,data/raw/phase3/SIH/RDAP2006.dbc,Acquisition only; scientific gates evaluated separately.,RDAP2006.dbc,01-10-22  02:26PM,FTP LIST; server timezone unspecified,2026-08-31T08:49:18.749799+00:00
DATASUS,SIH,2020-07,AP,2020-07,ftp://ftp.datasus.gov.br/dissemin/publicos/SIHSUS/200801_/Dados/RDAP2007.dbc,ftp://ftp.datasus.gov.br/dissemin/publicos/SIHSUS/200801_/Dados/RDAP2007.dbc,curl,2026-08-31T08:13:06.842683+00:00,RDAP2007.dbc,191549,54d8311cd7309a3360e975dad88ef20c5b6b65ec4a8203e821e8f820e0a35e5a,60902ed872c4899e05a4c7f8b2daf5a1dfe7457192e488063fa3b7ef47256dc1,data/raw/phase3/SIH/RDAP2007.dbc,Acquisition only; scientific gates evaluated separately.,RDAP2007.dbc,01-10-22  02:26PM,FTP LIST; server timezone unspecified,2026-08-31T08:49:18.749802+00:00
DATASUS,SIH,2020-08,AP,2020-08,ftp://ftp.datasus.gov.br/dissemin/publicos/SIHSUS/200801_/Dados/RDAP2008.dbc,ftp://ftp.datasus.gov.br/dissemin/publicos/SIHSUS/200801_/Dados/RDAP2008.dbc,curl,2026-08-31T08:13:06.848428+00:00,RDAP2008.dbc,204859,9bef8fe4d74c54cad4f20d5416d7bdb38864b1191733ce75a85da4e86e4ab65e,60902ed872c4899e05a4c7f8b2daf5a1dfe7457192e488063fa3b7ef47256dc1,data/raw/phase3/SIH/RDAP2008.dbc,Acquisition only; scientific gates evaluated separately.,RDAP2008.dbc,02-07-22  10:09AM,FTP LIST; server timezone unspecified,2026-08-31T08:49:18.749805+00:00
DATASUS,SIH,2020-09,AP,2020-09,ftp://ftp.datasus.gov.br/dissemin/publicos/SIHSUS/200801_/Dados/RDAP2009.dbc,ftp://ftp.datasus.gov.br/dissemin/publicos/SIHSUS/200801_/Dados/RDAP2009.dbc,curl,2026-08-31T08:13:06.920461+00:00,RDAP2009.dbc,193206,bc94a812865ae7dd3dc80a7ec59b3a15bf532e33a7d2b725dc3dce867c7ab9b3,60902ed872c4899e05a4c7f8b2daf5a1dfe7457192e488063fa3b7ef47256dc1,data/raw/phase3/SIH/RDAP2009.dbc,Acquisition only; scientific gates evaluated separately.,RDAP2009.dbc,02-07-22  10:09AM,FTP LIST; server timezone unspecified,2026-08-31T08:49:18.749809+00:00
DATASUS,SIH,2020-10,AP,2020-10,ftp://ftp.datasus.gov.br/dissemin/publicos/SIHSUS/200801_/Dados/RDAP2010.dbc,ftp://ftp.datasus.gov.br/dissemin/publicos/SIHSUS/200801_/Dados/RDAP2010.dbc,curl,2026-08-31T08:13:07.113676+00:00,RDAP2010.dbc,163705,b8746b50f268c9f974b17116119412956e3f7a824148c550f3d6d8425c9e70a4,60902ed872c4899e05a4c7f8b2daf5a1dfe7457192e488063fa3b7ef47256dc1,data/raw/phase3/SIH/RDAP2010.dbc,Acquisition only; scientific gates evaluated separately.,RDAP2010.dbc,02-07-22  10:09AM,FTP LIST; server timezone unspecified,2026-08-31T08:49:18.749812+00:00
DATASUS,SIH,2020-11,AP,2020-11,ftp://ftp.datasus.gov.br/dissemin/publicos/SIHSUS/200801_/Dados/RDAP2011.dbc,ftp://ftp.datasus.gov.br/dissemin/publicos/SIHSUS/200801_/Dados/RDAP2011.dbc,curl,2026-08-31T08:13:07.643985+00:00,RDAP2011.dbc,159775,b7c00a6feb8ed96fc1c99f7481275128272ca70e427236ad1b4c3ccb0fc9d2bc,60902ed872c4899e05a4c7f8b2daf5a1dfe7457192e488063fa3b7ef47256dc1,data/raw/phase3/SIH/RDAP2011.dbc,Acquisition only; scientific gates evaluated separately.,RDAP2011.dbc,02-07-22  10:09AM,FTP LIST; server timezone unspecified,2026-08-31T08:49:18.749815+00:00
DATASUS,SIH,2020-12,AP,2020-12,ftp://ftp.datasus.gov.br/dissemin/publicos/SIHSUS/200801_/Dados/RDAP2012.dbc,ftp://ftp.datasus.gov.br/dissemin/publicos/SIHSUS/200801_/Dados/RDAP2012.dbc,curl,2026-08-31T08:13:07.692097+00:00,RDAP2012.dbc,189773,a1629c5d7bb3e4edc367e882526d7dce5ae1be33006fab0703fc4a1d6bf20928,60902ed872c4899e05a4c7f8b2daf5a1dfe7457192e488063fa3b7ef47256dc1,data/raw/phase3/SIH/RDAP2012.dbc,Acquisition only; scientific gates evaluated separately.,RDAP2012.dbc,03-07-22  01:16PM,FTP LIST; server timezone unspecified,2026-08-31T08:49:18.749820+00:00
DATASUS,SIH,2021-01,AP,2021-01,ftp://ftp.datasus.gov.br/dissemin/publicos/SIHSUS/200801_/Dados/RDAP2101.dbc,ftp://ftp.datasus.gov.br/dissemin/publicos/SIHSUS/200801_/Dados/RDAP2101.dbc,curl,2026-08-31T08:13:07.761795+00:00,RDAP2101.dbc,195952,78923c59b27e3d0fa71c8cdc7b98c7da8c648566c85e3bfc80020dc7e248fcc8,60902ed872c4899e05a4c7f8b2daf5a1dfe7457192e488063fa3b7ef47256dc1,data/raw/phase3/SIH/RDAP2101.dbc,Acquisition only; scientific gates evaluated separately.,RDAP2101.dbc,03-07-22  01:16PM,FTP LIST; server timezone unspecified,2026-08-31T08:49:18.749825+00:00
DATASUS,SIH,2021-02,AP,2021-02,ftp://ftp.datasus.gov.br/dissemin/publicos/SIHSUS/200801_/Dados/RDAP2102.dbc,ftp://ftp.datasus.gov.br/dissemin/publicos/SIHSUS/200801_/Dados/RDAP2102.dbc,curl,2026-08-31T08:13:07.975957+00:00,RDAP2102.dbc,221208,949d083d972b6cca37f21a20bd341af74184396d880936f0846a4e1f7a7a7827,60902ed872c4899e05a4c7f8b2daf5a1dfe7457192e488063fa3b7ef47256dc1,data/raw/phase3/SIH/RDAP2102.dbc,Acquisition only; scientific gates evaluated separately.,RDAP2102.dbc,04-11-22  07:24PM,FTP LIST; server timezone unspecified,2026-08-31T08:49:18.749828+00:00
DATASUS,SIH,2021-03,AP,2021-03,ftp://ftp.datasus.gov.br/dissemin/publicos/SIHSUS/200801_/Dados/RDAP2103.dbc,ftp://ftp.datasus.gov.br/dissemin/publicos/SIHSUS/200801_/Dados/RDAP2103.dbc,curl,2026-08-31T08:13:08.500033+00:00,RDAP2103.dbc,222323,f13e2c47c3dc870079488fdf862c04ff4c8e81c5218ec6f31d2039ef5f1db969,60902ed872c4899e05a4c7f8b2daf5a1dfe7457192e488063fa3b7ef47256dc1,data/raw/phase3/SIH/RDAP2103.dbc,Acquisition only; scientific gates evaluated separately.,RDAP2103.dbc,05-04-22  12:35PM,FTP LIST; server timezone unspecified,2026-08-31T08:49:18.749831+00:00
DATASUS,SIH,2021-04,AP,2021-04,ftp://ftp.datasus.gov.br/dissemin/publicos/SIHSUS/200801_/Dados/RDAP2104.dbc,ftp://ftp.datasus.gov.br/dissemin/publicos/SIHSUS/200801_/Dados/RDAP2104.dbc,curl,2026-08-31T08:13:08.544317+00:00,RDAP2104.dbc,217732,f9ea5a2e4ae739adb8c6912328965454846a93cbfe406f612e2d99f15c8ea2f1,60902ed872c4899e05a4c7f8b2daf5a1dfe7457192e488063fa3b7ef47256dc1,data/raw/phase3/SIH/RDAP2104.dbc,Acquisition only; scientific gates evaluated separately.,RDAP2104.dbc,05-04-22  12:35PM,FTP LIST; server timezone unspecified,2026-08-31T08:49:18.749836+00:00
DATASUS,SIH,2021-05,AP,2021-05,ftp://ftp.datasus.gov.br/dissemin/publicos/SIHSUS/200801_/Dados/RDAP2105.dbc,ftp://ftp.datasus.gov.br/dissemin/publicos/SIHSUS/200801_/Dados/RDAP2105.dbc,curl,2026-08-31T08:13:08.610768+00:00,RDAP2105.dbc,224660,2432e639557e8d4656f014f63f0f067a9b09ec9a54b1080ec5ab82c6ca0d5be5,60902ed872c4899e05a4c7f8b2daf5a1dfe7457192e488063fa3b7ef47256dc1,data/raw/phase3/SIH/RDAP2105.dbc,Acquisition only; scientific gates evaluated separately.,RDAP2105.dbc,06-03-22  01:06PM,FTP LIST; server timezone unspecified,2026-08-31T08:49:18.749839+00:00
DATASUS,SIH,2021-06,AP,2021-06,ftp://ftp.datasus.gov.br/dissemin/publicos/SIHSUS/200801_/Dados/RDAP2106.dbc,ftp://ftp.datasus.gov.br/dissemin/publicos/SIHSUS/200801_/Dados/RDAP2106.dbc,curl,2026-08-31T08:13:08.848218+00:00,RDAP2106.dbc,235447,f7e579dc273723ccd1f9594c55ccb3a7319e74d42a3742d818cbc477c0ee9631,60902ed872c4899e05a4c7f8b2daf5a1dfe7457192e488063fa3b7ef47256dc1,data/raw/phase3/SIH/RDAP2106.dbc,Acquisition only; scientific gates evaluated separately.,RDAP2106.dbc,07-06-22  01:14PM,FTP LIST; server timezone unspecified,2026-08-31T08:49:18.749842+00:00
DATASUS,SIH,2021-07,AP,2021-07,ftp://ftp.datasus.gov.br/dissemin/publicos/SIHSUS/200801_/Dados/RDAP2107.dbc,ftp://ftp.datasus.gov.br/dissemin/publicos/SIHSUS/200801_/Dados/RDAP2107.dbc,curl,2026-08-31T08:13:09.335432+00:00,RDAP2107.dbc,229035,d845837ae230580027a31072e8222d691285300bb87f194a2027b076d5f86bd5,60902ed872c4899e05a4c7f8b2daf5a1dfe7457192e488063fa3b7ef47256dc1,data/raw/phase3/SIH/RDAP2107.dbc,Acquisition only; scientific gates evaluated separately.,RDAP2107.dbc,08-04-22  03:46PM,FTP LIST; server timezone unspecified,2026-08-31T08:49:18.749845+00:00
DATASUS,SIH,2021-08,AP,2021-08,ftp://ftp.datasus.gov.br/dissemin/publicos/SIHSUS/200801_/Dados/RDAP2108.dbc,ftp://ftp.datasus.gov.br/dissemin/publicos/SIHSUS/200801_/Dados/RDAP2108.dbc,curl,2026-08-31T08:13:09.404154+00:00,RDAP2108.dbc,218657,d388d7842c9d102cae92f6f7d55587d5c4361ca78b464fb34c63494cf9fcc340,60902ed872c4899e05a4c7f8b2daf5a1dfe7457192e488063fa3b7ef47256dc1,data/raw/phase3/SIH/RDAP2108.dbc,Acquisition only; scientific gates evaluated separately.,RDAP2108.dbc,09-06-22  11:19AM,FTP LIST; server timezone unspecified,2026-08-31T08:49:18.749848+00:00
DATASUS,SIH,2021-09,AP,2021-09,ftp://ftp.datasus.gov.br/dissemin/publicos/SIHSUS/200801_/Dados/RDAP2109.dbc,ftp://ftp.datasus.gov.br/dissemin/publicos/SIHSUS/200801_/Dados/RDAP2109.dbc,curl,2026-08-31T08:13:09.446030+00:00,RDAP2109.dbc,235868,82b41512cc2a21457185f1449d9dcdfd9794671b29c049bbc24c1130e6774925,60902ed872c4899e05a4c7f8b2daf5a1dfe7457192e488063fa3b7ef47256dc1,data/raw/phase3/SIH/RDAP2109.dbc,Acquisition only; scientific gates evaluated separately.,RDAP2109.dbc,10-05-22  02:29PM,FTP LIST; server timezone unspecified,2026-08-31T08:49:18.749851+00:00
DATASUS,SIH,2021-10,AP,2021-10,ftp://ftp.datasus.gov.br/dissemin/publicos/SIHSUS/200801_/Dados/RDAP2110.dbc,ftp://ftp.datasus.gov.br/dissemin/publicos/SIHSUS/200801_/Dados/RDAP2110.dbc,curl,2026-08-31T08:13:09.705130+00:00,RDAP2110.dbc,230927,82df4a97dbef062fabc326cb5718b8d5ed33a383a282fc660d43f9696fa7e72f,60902ed872c4899e05a4c7f8b2daf5a1dfe7457192e488063fa3b7ef47256dc1,data/raw/phase3/SIH/RDAP2110.dbc,Acquisition only; scientific gates evaluated separately.,RDAP2110.dbc,11-03-22  05:57PM,FTP LIST; server timezone unspecified,2026-08-31T08:49:18.749854+00:00
DATASUS,SIH,2021-11,AP,2021-11,ftp://ftp.datasus.gov.br/dissemin/publicos/SIHSUS/200801_/Dados/RDAP2111.dbc,ftp://ftp.datasus.gov.br/dissemin/publicos/SIHSUS/200801_/Dados/RDAP2111.dbc,curl,2026-08-31T08:13:10.166968+00:00,RDAP2111.dbc,207094,b66324ffb69c616cb7f82fc734804d3d1093e3fee7abc4331378b248d48e16b7,60902ed872c4899e05a4c7f8b2daf5a1dfe7457192e488063fa3b7ef47256dc1,data/raw/phase3/SIH/RDAP2111.dbc,Acquisition only; scientific gates evaluated separately.,RDAP2111.dbc,12-06-22  04:25PM,FTP LIST; server timezone unspecified,2026-08-31T08:49:18.749857+00:00
DATASUS,SIH,2021-12,AP,2021-12,ftp://ftp.datasus.gov.br/dissemin/publicos/SIHSUS/200801_/Dados/RDAP2112.dbc,ftp://ftp.datasus.gov.br/dissemin/publicos/SIHSUS/200801_/Dados/RDAP2112.dbc,curl,2026-08-31T08:13:10.234867+00:00,RDAP2112.dbc,209955,a8045f8d7d57b01766a911513b6872121779fa3fc19ecb63a37f0c160c76adbe,60902ed872c4899e05a4c7f8b2daf5a1dfe7457192e488063fa3b7ef47256dc1,data/raw/phase3/SIH/RDAP2112.dbc,Acquisition only; scientific gates evaluated separately.,RDAP2112.dbc,01-04-23  12:48PM,FTP LIST; server timezone unspecified,2026-08-31T08:49:18.749860+00:00
DATASUS,SIH,2020-01,BA,2020-01,ftp://ftp.datasus.gov.br/dissemin/publicos/SIHSUS/200801_/Dados/RDBA2001.dbc,ftp://ftp.datasus.gov.br/dissemin/publicos/SIHSUS/200801_/Dados/RDBA2001.dbc,curl,2026-08-31T08:13:11.471182+00:00,RDBA2001.dbc,4951049,9f9e2b04737c6b5aff564e4a3733481f46ccdf2c769daca20996bb84965a52df,60902ed872c4899e05a4c7f8b2daf5a1dfe7457192e488063fa3b7ef47256dc1,data/raw/phase3/SIH/RDBA2001.dbc,Acquisition only; scientific gates evaluated separately.,RDBA2001.dbc,04-05-21  01:26PM,FTP LIST; server timezone unspecified,2026-08-31T08:49:18.749865+00:00
DATASUS,SIH,2020-02,BA,2020-02,ftp://ftp.datasus.gov.br/dissemin/publicos/SIHSUS/200801_/Dados/RDBA2002.dbc,ftp://ftp.datasus.gov.br/dissemin/publicos/SIHSUS/200801_/Dados/RDBA2002.dbc,curl,2026-08-31T08:13:11.706672+00:00,RDBA2002.dbc,4713044,fdcb6384517ac3a82b2e189578cffdb60107128d9a122b8863f56ba4dcf52833,60902ed872c4899e05a4c7f8b2daf5a1dfe7457192e488063fa3b7ef47256dc1,data/raw/phase3/SIH/RDBA2002.dbc,Acquisition only; scientific gates evaluated separately.,RDBA2002.dbc,05-07-21  04:40PM,FTP LIST; server timezone unspecified,2026-08-31T08:49:18.749869+00:00
DATASUS,SIH,2020-03,BA,2020-03,ftp://ftp.datasus.gov.br/dissemin/publicos/SIHSUS/200801_/Dados/RDBA2003.dbc,ftp://ftp.datasus.gov.br/dissemin/publicos/SIHSUS/200801_/Dados/RDBA2003.dbc,curl,2026-08-31T08:13:12.160219+00:00,RDBA2003.dbc,4771869,ac91476545809aaea216dd273d638391f0fd45a69e8e638f2a278c2e4791c022,60902ed872c4899e05a4c7f8b2daf5a1dfe7457192e488063fa3b7ef47256dc1,data/raw/phase3/SIH/RDBA2003.dbc,Acquisition only; scientific gates evaluated separately.,RDBA2003.dbc,05-07-21  04:40PM,FTP LIST; server timezone unspecified,2026-08-31T08:49:18.749874+00:00
DATASUS,SIH,2020-04,BA,2020-04,ftp://ftp.datasus.gov.br/dissemin/publicos/SIHSUS/200801_/Dados/RDBA2004.dbc,ftp://ftp.datasus.gov.br/dissemin/publicos/SIHSUS/200801_/Dados/RDBA2004.dbc,curl,2026-08-31T08:13:12.567326+00:00,RDBA2004.dbc,3939544,5eb109f8614e9253a043462bc1edc10ced128339fa5ed45e16bd0e85c6e8fa4e,60902ed872c4899e05a4c7f8b2daf5a1dfe7457192e488063fa3b7ef47256dc1,data/raw/phase3/SIH/RDBA2004.dbc,Acquisition only; scientific gates evaluated separately.,RDBA2004.dbc,01-10-22  02:26PM,FTP LIST; server timezone unspecified,2026-08-31T08:49:18.749877+00:00
DATASUS,SIH,2020-05,BA,2020-05,ftp://ftp.datasus.gov.br/dissemin/publicos/SIHSUS/200801_/Dados/RDBA2005.dbc,ftp://ftp.datasus.gov.br/dissemin/publicos/SIHSUS/200801_/Dados/RDBA2005.dbc,curl,2026-08-31T08:13:13.227666+00:00,RDBA2005.dbc,3746217,7d22d1357771f58cefb67f25305677fb02e2f957428a06a809a6681be4921def,60902ed872c4899e05a4c7f8b2daf5a1dfe7457192e488063fa3b7ef47256dc1,data/raw/phase3/SIH/RDBA2005.dbc,Acquisition only; scientific gates evaluated separately.,RDBA2005.dbc,01-10-22  02:26PM,FTP LIST; server timezone unspecified,2026-08-31T08:49:18.749880+00:00
DATASUS,SIH,2020-06,BA,2020-06,ftp://ftp.datasus.gov.br/dissemin/publicos/SIHSUS/200801_/Dados/RDBA2006.dbc,ftp://ftp.datasus.gov.br/dissemin/publicos/SIHSUS/200801_/Dados/RDBA2006.dbc,curl,2026-08-31T08:13:13.459960+00:00,RDBA2006.dbc,3691822,c812213ff5f0d49fb9591cb03d93a706094e74b7c49e796f7e57628fb0aa8866,60902ed872c4899e05a4c7f8b2daf5a1dfe7457192e488063fa3b7ef47256dc1,data/raw/phase3/SIH/RDBA2006.dbc,Acquisition only; scientific gates evaluated separately.,RDBA2006.dbc,01-10-22  02:26PM,FTP LIST; server timezone unspecified,2026-08-31T08:49:18.749883+00:00
DATASUS,SIH,2020-07,BA,2020-07,ftp://ftp.datasus.gov.br/dissemin/publicos/SIHSUS/200801_/Dados/RDBA2007.dbc,ftp://ftp.datasus.gov.br/dissemin/publicos/SIHSUS/200801_/Dados/RDBA2007.dbc,curl,2026-08-31T08:13:14.017490+00:00,RDBA2007.dbc,3984628,eb8f872defea07c18280a12557dbfd1dafcc9c9dfadbce762cc62411bc0ae064,60902ed872c4899e05a4c7f8b2daf5a1dfe7457192e488063fa3b7ef47256dc1,data/raw/phase3/SIH/RDBA2007.dbc,Acquisition only; scientific gates evaluated separately.,RDBA2007.dbc,01-10-22  02:26PM,FTP LIST; server timezone unspecified,2026-08-31T08:49:18.749886+00:00
DATASUS,SIH,2020-08,BA,2020-08,ftp://ftp.datasus.gov.br/dissemin/publicos/SIHSUS/200801_/Dados/RDBA2008.dbc,ftp://ftp.datasus.gov.br/dissemin/publicos/SIHSUS/200801_/Dados/RDBA2008.dbc,curl,2026-08-31T08:13:14.441758+00:00,RDBA2008.dbc,4006175,35a5dbd9cbd239eea668ce750a73622070ff39ddbb1f00a4fe4840029cbf8d87,60902ed872c4899e05a4c7f8b2daf5a1dfe7457192e488063fa3b7ef47256dc1,data/raw/phase3/SIH/RDBA2008.dbc,Acquisition only; scientific gates evaluated separately.,RDBA2008.dbc,02-07-22  10:09AM,FTP LIST; server timezone unspecified,2026-08-31T08:49:18.749889+00:00
DATASUS,SIH,2020-09,BA,2020-09,ftp://ftp.datasus.gov.br/dissemin/publicos/SIHSUS/200801_/Dados/RDBA2009.dbc,ftp://ftp.datasus.gov.br/dissemin/publicos/SIHSUS/200801_/Dados/RDBA2009.dbc,curl,2026-08-31T08:13:15.050369+00:00,RDBA2009.dbc,4129817,1b32788de64da1d86df06bd918d47ea4f2bdeb2131e7f71067950082626ccf1d,60902ed872c4899e05a4c7f8b2daf5a1dfe7457192e488063fa3b7ef47256dc1,data/raw/phase3/SIH/RDBA2009.dbc,Acquisition only; scientific gates evaluated separately.,RDBA2009.dbc,02-07-22  10:09AM,FTP LIST; server timezone unspecified,2026-08-31T08:49:18.749892+00:00
DATASUS,SIH,2020-10,BA,2020-10,ftp://ftp.datasus.gov.br/dissemin/publicos/SIHSUS/200801_/Dados/RDBA2010.dbc,ftp://ftp.datasus.gov.br/dissemin/publicos/SIHSUS/200801_/Dados/RDBA2010.dbc,curl,2026-08-31T08:13:15.314616+00:00,RDBA2010.dbc,4428535,1231bc4d2908a99b3a22ffe2daeffd5e772a5b6903c72d093b8697f69fab1106,60902ed872c4899e05a4c7f8b2daf5a1dfe7457192e488063fa3b7ef47256dc1,data/raw/phase3/SIH/RDBA2010.dbc,Acquisition only; scientific gates evaluated separately.,RDBA2010.dbc,02-07-22  10:09AM,FTP LIST; server timezone unspecified,2026-08-31T08:49:18.749895+00:00
DATASUS,SIH,2020-11,BA,2020-11,ftp://ftp.datasus.gov.br/dissemin/publicos/SIHSUS/200801_/Dados/RDBA2011.dbc,ftp://ftp.datasus.gov.br/dissemin/publicos/SIHSUS/200801_/Dados/RDBA2011.dbc,curl,2026-08-31T08:13:15.830932+00:00,RDBA2011.dbc,4472474,83464f3232d6840d1aeaa1890913fbf42c46ba2635e6b96a50468c0886340fd4,60902ed872c4899e05a4c7f8b2daf5a1dfe7457192e488063fa3b7ef47256dc1,data/raw/phase3/SIH/RDBA2011.dbc,Acquisition only; scientific gates evaluated separately.,RDBA2011.dbc,02-07-22  10:09AM,FTP LIST; server timezone unspecified,2026-08-31T08:49:18.749898+00:00
DATASUS,SIH,2020-12,BA,2020-12,ftp://ftp.datasus.gov.br/dissemin/publicos/SIHSUS/200801_/Dados/RDBA2012.dbc,ftp://ftp.datasus.gov.br/dissemin/publicos/SIHSUS/200801_/Dados/RDBA2012.dbc,curl,2026-08-31T08:13:16.213996+00:00,RDBA2012.dbc,4256075,068709b9418abf241d4dea3725560a572021e1074af373254f02764be3218343,60902ed872c4899e05a4c7f8b2daf5a1dfe7457192e488063fa3b7ef47256dc1,data/raw/phase3/SIH/RDBA2012.dbc,Acquisition only; scientific gates evaluated separately.,RDBA2012.dbc,03-07-22  01:16PM,FTP LIST; server timezone unspecified,2026-08-31T08:49:18.749901+00:00
DATASUS,SIH,2021-01,BA,2021-01,ftp://ftp.datasus.gov.br/dissemin/publicos/SIHSUS/200801_/Dados/RDBA2101.dbc,ftp://ftp.datasus.gov.br/dissemin/publicos/SIHSUS/200801_/Dados/RDBA2101.dbc,curl,2026-08-31T08:13:16.848676+00:00,RDBA2101.dbc,4075097,f9bcd86baea8e97675b9cf0213d75689a7d6c1fb7b2b6ac27fd724b904bb6991,60902ed872c4899e05a4c7f8b2daf5a1dfe7457192e488063fa3b7ef47256dc1,data/raw/phase3/SIH/RDBA2101.dbc,Acquisition only; scientific gates evaluated separately.,RDBA2101.dbc,03-07-22  01:16PM,FTP LIST; server timezone unspecified,2026-08-31T08:49:18.749904+00:00
DATASUS,SIH,2021-02,BA,2021-02,ftp://ftp.datasus.gov.br/dissemin/publicos/SIHSUS/200801_/Dados/RDBA2102.dbc,ftp://ftp.datasus.gov.br/dissemin/publicos/SIHSUS/200801_/Dados/RDBA2102.dbc,curl,2026-08-31T08:13:17.160060+00:00,RDBA2102.dbc,4077426,96ac1bd02986dad9f95b24ba484d1ff9bfec1e39a9145fbdd36bb7c05f467b1b,60902ed872c4899e05a4c7f8b2daf5a1dfe7457192e488063fa3b7ef47256dc1,data/raw/phase3/SIH/RDBA2102.dbc,Acquisition only; scientific gates evaluated separately.,RDBA2102.dbc,04-11-22  07:24PM,FTP LIST; server timezone unspecified,2026-08-31T08:49:18.749907+00:00
DATASUS,SIH,2021-03,BA,2021-03,ftp://ftp.datasus.gov.br/dissemin/publicos/SIHSUS/200801_/Dados/RDBA2103.dbc,ftp://ftp.datasus.gov.br/dissemin/publicos/SIHSUS/200801_/Dados/RDBA2103.dbc,curl,2026-08-31T08:13:17.832715+00:00,RDBA2103.dbc,4494315,2391dae44bc67a690006c9816f068d50c7396addf26f5b481796cd358d998ae1,60902ed872c4899e05a4c7f8b2daf5a1dfe7457192e488063fa3b7ef47256dc1,data/raw/phase3/SIH/RDBA2103.dbc,Acquisition only; scientific gates evaluated separately.,RDBA2103.dbc,05-04-22  12:35PM,FTP LIST; server timezone unspecified,2026-08-31T08:49:18.749910+00:00
DATASUS,SIH,2021-04,BA,2021-04,ftp://ftp.datasus.gov.br/dissemin/publicos/SIHSUS/200801_/Dados/RDBA2104.dbc,ftp://ftp.datasus.gov.br/dissemin/publicos/SIHSUS/200801_/Dados/RDBA2104.dbc,curl,2026-08-31T08:13:18.138538+00:00,RDBA2104.dbc,4520499,4f03374acde0e600a0149953dc8e1c2358745e16528e62cf85f9735e2a767aaf,60902ed872c4899e05a4c7f8b2daf5a1dfe7457192e488063fa3b7ef47256dc1,data/raw/phase3/SIH/RDBA2104.dbc,Acquisition only; scientific gates evaluated separately.,RDBA2104.dbc,05-04-22  12:35PM,FTP LIST; server timezone unspecified,2026-08-31T08:49:18.749915+00:00
DATASUS,SIH,2021-05,BA,2021-05,ftp://ftp.datasus.gov.br/dissemin/publicos/SIHSUS/200801_/Dados/RDBA2105.dbc,ftp://ftp.datasus.gov.br/dissemin/publicos/SIHSUS/200801_/Dados/RDBA2105.dbc,curl,2026-08-31T08:13:18.731996+00:00,RDBA2105.dbc,4567868,b7cbc13f40e246076e5e41f56de6da4778d2bed56ad6f8b5df1a31b78e30117f,60902ed872c4899e05a4c7f8b2daf5a1dfe7457192e488063fa3b7ef47256dc1,data/raw/phase3/SIH/RDBA2105.dbc,Acquisition only; scientific gates evaluated separately.,RDBA2105.dbc,06-03-22  01:06PM,FTP LIST; server timezone unspecified,2026-08-31T08:49:18.749920+00:00
DATASUS,SIH,2021-06,BA,2021-06,ftp://ftp.datasus.gov.br/dissemin/publicos/SIHSUS/200801_/Dados/RDBA2106.dbc,ftp://ftp.datasus.gov.br/dissemin/publicos/SIHSUS/200801_/Dados/RDBA2106.dbc,curl,2026-08-31T08:13:19.107708+00:00,RDBA2106.dbc,4714268,1c87a2fc312b65af6f62aa49e4a385a62b46dbafab522d5d4d3a3edb3ab13c3e,60902ed872c4899e05a4c7f8b2daf5a1dfe7457192e488063fa3b7ef47256dc1,data/raw/phase3/SIH/RDBA2106.dbc,Acquisition only; scientific gates evaluated separately.,RDBA2106.dbc,07-06-22  01:13PM,FTP LIST; server timezone unspecified,2026-08-31T08:49:18.749923+00:00
DATASUS,SIH,2021-07,BA,2021-07,ftp://ftp.datasus.gov.br/dissemin/publicos/SIHSUS/200801_/Dados/RDBA2107.dbc,ftp://ftp.datasus.gov.br/dissemin/publicos/SIHSUS/200801_/Dados/RDBA2107.dbc,curl,2026-08-31T08:13:19.748627+00:00,RDBA2107.dbc,4817711,377fab51c1b0e6cf26a21d90529cb3a38322a08380336bf8690e5acd441990f2,60902ed872c4899e05a4c7f8b2daf5a1dfe7457192e488063fa3b7ef47256dc1,data/raw/phase3/SIH/RDBA2107.dbc,Acquisition only; scientific gates evaluated separately.,RDBA2107.dbc,08-04-22  03:46PM,FTP LIST; server timezone unspecified,2026-08-31T08:49:18.749926+00:00
DATASUS,SIH,2021-08,BA,2021-08,ftp://ftp.datasus.gov.br/dissemin/publicos/SIHSUS/200801_/Dados/RDBA2108.dbc,ftp://ftp.datasus.gov.br/dissemin/publicos/SIHSUS/200801_/Dados/RDBA2108.dbc,curl,2026-08-31T08:13:19.984005+00:00,RDBA2108.dbc,4709711,1ad0ada916fc17ad3a329d52750360d1ab4e5b1fde793ce917d61779b5d31f29,60902ed872c4899e05a4c7f8b2daf5a1dfe7457192e488063fa3b7ef47256dc1,data/raw/phase3/SIH/RDBA2108.dbc,Acquisition only; scientific gates evaluated separately.,RDBA2108.dbc,09-06-22  11:19AM,FTP LIST; server timezone unspecified,2026-08-31T08:49:18.749929+00:00
DATASUS,SIH,2021-09,BA,2021-09,ftp://ftp.datasus.gov.br/dissemin/publicos/SIHSUS/200801_/Dados/RDBA2109.dbc,ftp://ftp.datasus.gov.br/dissemin/publicos/SIHSUS/200801_/Dados/RDBA2109.dbc,curl,2026-08-31T08:13:20.612843+00:00,RDBA2109.dbc,4702699,27ffe353c386083e45d3a22e234d28247e0198ba673e9b0427b4de2b1de57460,60902ed872c4899e05a4c7f8b2daf5a1dfe7457192e488063fa3b7ef47256dc1,data/raw/phase3/SIH/RDBA2109.dbc,Acquisition only; scientific gates evaluated separately.,RDBA2109.dbc,10-05-22  02:28PM,FTP LIST; server timezone unspecified,2026-08-31T08:49:18.749932+00:00
DATASUS,SIH,2021-10,BA,2021-10,ftp://ftp.datasus.gov.br/dissemin/publicos/SIHSUS/200801_/Dados/RDBA2110.dbc,ftp://ftp.datasus.gov.br/dissemin/publicos/SIHSUS/200801_/Dados/RDBA2110.dbc,curl,2026-08-31T08:13:21.042594+00:00,RDBA2110.dbc,4660692,23ad2aba345f986d500154d112a081b2747b5cf322964606862c4856ed736a06,60902ed872c4899e05a4c7f8b2daf5a1dfe7457192e488063fa3b7ef47256dc1,data/raw/phase3/SIH/RDBA2110.dbc,Acquisition only; scientific gates evaluated separately.,RDBA2110.dbc,11-03-22  05:57PM,FTP LIST; server timezone unspecified,2026-08-31T08:49:18.749935+00:00
DATASUS,SIH,2021-11,BA,2021-11,ftp://ftp.datasus.gov.br/dissemin/publicos/SIHSUS/200801_/Dados/RDBA2111.dbc,ftp://ftp.datasus.gov.br/dissemin/publicos/SIHSUS/200801_/Dados/RDBA2111.dbc,curl,2026-08-31T08:13:21.678838+00:00,RDBA2111.dbc,4712578,9d71499e82b1219ab36d725fef53bfd554aa954b4479209a5945a33540bbe1c2,60902ed872c4899e05a4c7f8b2daf5a1dfe7457192e488063fa3b7ef47256dc1,data/raw/phase3/SIH/RDBA2111.dbc,Acquisition only; scientific gates evaluated separately.,RDBA2111.dbc,12-06-22  04:25PM,FTP LIST; server timezone unspecified,2026-08-31T08:49:18.749940+00:00
DATASUS,SIH,2021-12,BA,2021-12,ftp://ftp.datasus.gov.br/dissemin/publicos/SIHSUS/200801_/Dados/RDBA2112.dbc,ftp://ftp.datasus.gov.br/dissemin/publicos/SIHSUS/200801_/Dados/RDBA2112.dbc,curl,2026-08-31T08:13:21.890376+00:00,RDBA2112.dbc,4688437,7e518fe6c3188219653c3c173e9851a9f4230150fde2e67575c1c446c1e9bc11,60902ed872c4899e05a4c7f8b2daf5a1dfe7457192e488063fa3b7ef47256dc1,data/raw/phase3/SIH/RDBA2112.dbc,Acquisition only; scientific gates evaluated separately.,RDBA2112.dbc,01-04-23  12:48PM,FTP LIST; server timezone unspecified,2026-08-31T08:49:18.749943+00:00
DATASUS,SIH,2020-01,CE,2020-01,ftp://ftp.datasus.gov.br/dissemin/publicos/SIHSUS/200801_/Dados/RDCE2001.dbc,ftp://ftp.datasus.gov.br/dissemin/publicos/SIHSUS/200801_/Dados/RDCE2001.dbc,curl,2026-08-31T08:13:22.125710+00:00,RDCE2001.dbc,3158413,d6ba6efd8cd2a27752f5ccec3d0eb45f4bccb1d026483f210e30ef90780fa34e,60902ed872c4899e05a4c7f8b2daf5a1dfe7457192e488063fa3b7ef47256dc1,data/raw/phase3/SIH/RDCE2001.dbc,Acquisition only; scientific gates evaluated separately.,RDCE2001.dbc,04-05-21  01:26PM,FTP LIST; server timezone unspecified,2026-08-31T08:49:18.749950+00:00
DATASUS,SIH,2020-02,CE,2020-02,ftp://ftp.datasus.gov.br/dissemin/publicos/SIHSUS/200801_/Dados/RDCE2002.dbc,ftp://ftp.datasus.gov.br/dissemin/publicos/SIHSUS/200801_/Dados/RDCE2002.dbc,curl,2026-08-31T08:13:22.474099+00:00,RDCE2002.dbc,2911340,473aee0a5dc4e2611f5de44b9b3eec7f1e521dd4295c38c8f3cc563124d48c6a,60902ed872c4899e05a4c7f8b2daf5a1dfe7457192e488063fa3b7ef47256dc1,data/raw/phase3/SIH/RDCE2002.dbc,Acquisition only; scientific gates evaluated separately.,RDCE2002.dbc,05-07-21  04:40PM,FTP LIST; server timezone unspecified,2026-08-31T08:49:18.749953+00:00
DATASUS,SIH,2020-03,CE,2020-03,ftp://ftp.datasus.gov.br/dissemin/publicos/SIHSUS/200801_/Dados/RDCE2003.dbc,ftp://ftp.datasus.gov.br/dissemin/publicos/SIHSUS/200801_/Dados/RDCE2003.dbc,curl,2026-08-31T08:13:23.226636+00:00,RDCE2003.dbc,2926823,08d2b49f17c42c5571eab10ae07dd33d7aba2e3c9b0546832ec9005e9fe86c16,60902ed872c4899e05a4c7f8b2daf5a1dfe7457192e488063fa3b7ef47256dc1,data/raw/phase3/SIH/RDCE2003.dbc,Acquisition only; scientific gates evaluated separately.,RDCE2003.dbc,05-07-21  04:40PM,FTP LIST; server timezone unspecified,2026-08-31T08:49:18.749956+00:00
DATASUS,SIH,2020-04,CE,2020-04,ftp://ftp.datasus.gov.br/dissemin/publicos/SIHSUS/200801_/Dados/RDCE2004.dbc,ftp://ftp.datasus.gov.br/dissemin/publicos/SIHSUS/200801_/Dados/RDCE2004.dbc,curl,2026-08-31T08:13:23.437870+00:00,RDCE2004.dbc,2473055,16a274e3255fa18a34661d37d6016a0356798bb69e24937b4e2bb8d73cf8ba75,60902ed872c4899e05a4c7f8b2daf5a1dfe7457192e488063fa3b7ef47256dc1,data/raw/phase3/SIH/RDCE2004.dbc,Acquisition only; scientific gates evaluated separately.,RDCE2004.dbc,01-10-22  02:26PM,FTP LIST; server timezone unspecified,2026-08-31T08:49:18.749961+00:00
DATASUS,SIH,2020-05,CE,2020-05,ftp://ftp.datasus.gov.br/dissemin/publicos/SIHSUS/200801_/Dados/RDCE2005.dbc,ftp://ftp.datasus.gov.br/dissemin/publicos/SIHSUS/200801_/Dados/RDCE2005.dbc,curl,2026-08-31T08:13:23.677179+00:00,RDCE2005.dbc,2384403,4da9e7d69f4b59583d7315ccc33478c5e2555db70aa1f91ebb7118863010f964,60902ed872c4899e05a4c7f8b2daf5a1dfe7457192e488063fa3b7ef47256dc1,data/raw/phase3/SIH/RDCE2005.dbc,Acquisition only; scientific gates evaluated separately.,RDCE2005.dbc,01-10-22  02:26PM,FTP LIST; server timezone unspecified,2026-08-31T08:49:18.749966+00:00
DATASUS,SIH,2020-06,CE,2020-06,ftp://ftp.datasus.gov.br/dissemin/publicos/SIHSUS/200801_/Dados/RDCE2006.dbc,ftp://ftp.datasus.gov.br/dissemin/publicos/SIHSUS/200801_/Dados/RDCE2006.dbc,curl,2026-08-31T08:13:24.061834+00:00,RDCE2006.dbc,2545698,27e72b0cae301fec25d6236bacb413f7dab1182efcbd13556c6f9ff0115297af,60902ed872c4899e05a4c7f8b2daf5a1dfe7457192e488063fa3b7ef47256dc1,data/raw/phase3/SIH/RDCE2006.dbc,Acquisition only; scientific gates evaluated separately.,RDCE2006.dbc,01-10-22  02:26PM,FTP LIST; server timezone unspecified,2026-08-31T08:49:18.749969+00:00
DATASUS,SIH,2020-07,CE,2020-07,ftp://ftp.datasus.gov.br/dissemin/publicos/SIHSUS/200801_/Dados/RDCE2007.dbc,ftp://ftp.datasus.gov.br/dissemin/publicos/SIHSUS/200801_/Dados/RDCE2007.dbc,curl,2026-08-31T08:13:24.946278+00:00,RDCE2007.dbc,2674657,40defc6255d212ffb0d4380b19f98584f4b02fd864d18fe7c37c1ae68ecaef65,60902ed872c4899e05a4c7f8b2daf5a1dfe7457192e488063fa3b7ef47256dc1,data/raw/phase3/SIH/RDCE2007.dbc,Acquisition only; scientific gates evaluated separately.,RDCE2007.dbc,01-10-22  02:26PM,FTP LIST; server timezone unspecified,2026-08-31T08:49:18.749972+00:00
DATASUS,SIH,2020-08,CE,2020-08,ftp://ftp.datasus.gov.br/dissemin/publicos/SIHSUS/200801_/Dados/RDCE2008.dbc,ftp://ftp.datasus.gov.br/dissemin/publicos/SIHSUS/200801_/Dados/RDCE2008.dbc,curl,2026-08-31T08:13:25.055413+00:00,RDCE2008.dbc,2619034,5c2fe35f10c29696eb8c7acabcff3c7d77a9addda9fb25abacbbc5fc9d996ecd,60902ed872c4899e05a4c7f8b2daf5a1dfe7457192e488063fa3b7ef47256dc1,data/raw/phase3/SIH/RDCE2008.dbc,Acquisition only; scientific gates evaluated separately.,RDCE2008.dbc,02-07-22  10:09AM,FTP LIST; server timezone unspecified,2026-08-31T08:49:18.749975+00:00
DATASUS,SIH,2020-09,CE,2020-09,ftp://ftp.datasus.gov.br/dissemin/publicos/SIHSUS/200801_/Dados/RDCE2009.dbc,ftp://ftp.datasus.gov.br/dissemin/publicos/SIHSUS/200801_/Dados/RDCE2009.dbc,curl,2026-08-31T08:13:25.280489+00:00,RDCE2009.dbc,2606163,e25d1b80e721ab43b254a59c171a2eb639cc5bdd55124a2db7a2cd9c63f90b24,60902ed872c4899e05a4c7f8b2daf5a1dfe7457192e488063fa3b7ef47256dc1,data/raw/phase3/SIH/RDCE2009.dbc,Acquisition only; scientific gates evaluated separately.,RDCE2009.dbc,02-07-22  10:09AM,FTP LIST; server timezone unspecified,2026-08-31T08:49:18.749978+00:00
DATASUS,SIH,2020-10,CE,2020-10,ftp://ftp.datasus.gov.br/dissemin/publicos/SIHSUS/200801_/Dados/RDCE2010.dbc,ftp://ftp.datasus.gov.br/dissemin/publicos/SIHSUS/200801_/Dados/RDCE2010.dbc,curl,2026-08-31T08:13:25.622627+00:00,RDCE2010.dbc,2806770,bda106820a2c2d239439791d404aff8f0d7531279d8fbb59f03f43ae06e288d6,60902ed872c4899e05a4c7f8b2daf5a1dfe7457192e488063fa3b7ef47256dc1,data/raw/phase3/SIH/RDCE2010.dbc,Acquisition only; scientific gates evaluated separately.,RDCE2010.dbc,02-07-22  10:09AM,FTP LIST; server timezone unspecified,2026-08-31T08:49:18.749981+00:00
DATASUS,SIH,2020-11,CE,2020-11,ftp://ftp.datasus.gov.br/dissemin/publicos/SIHSUS/200801_/Dados/RDCE2011.dbc,ftp://ftp.datasus.gov.br/dissemin/publicos/SIHSUS/200801_/Dados/RDCE2011.dbc,curl,2026-08-31T08:13:26.437045+00:00,RDCE2011.dbc,2795820,968dc410a5df74bc89a96abc9107ef54973b027b59e1cf1aeeda96f893bc974c,60902ed872c4899e05a4c7f8b2daf5a1dfe7457192e488063fa3b7ef47256dc1,data/raw/phase3/SIH/RDCE2011.dbc,Acquisition only; scientific gates evaluated separately.,RDCE2011.dbc,02-07-22  10:09AM,FTP LIST; server timezone unspecified,2026-08-31T08:49:18.749984+00:00
DATASUS,SIH,2020-12,CE,2020-12,ftp://ftp.datasus.gov.br/dissemin/publicos/SIHSUS/200801_/Dados/RDCE2012.dbc,ftp://ftp.datasus.gov.br/dissemin/publicos/SIHSUS/200801_/Dados/RDCE2012.dbc,curl,2026-08-31T08:13:26.461903+00:00,RDCE2012.dbc,2624084,adae600cfe8066c22a6bd017f5986645b8a4b22b81a25cb675b6c9816ef8b232,60902ed872c4899e05a4c7f8b2daf5a1dfe7457192e488063fa3b7ef47256dc1,data/raw/phase3/SIH/RDCE2012.dbc,Acquisition only; scientific gates evaluated separately.,RDCE2012.dbc,03-07-22  01:16PM,FTP LIST; server timezone unspecified,2026-08-31T08:49:18.749988+00:00
DATASUS,SIH,2021-01,CE,2021-01,ftp://ftp.datasus.gov.br/dissemin/publicos/SIHSUS/200801_/Dados/RDCE2101.dbc,ftp://ftp.datasus.gov.br/dissemin/publicos/SIHSUS/200801_/Dados/RDCE2101.dbc,curl,2026-08-31T08:13:26.780065+00:00,RDCE2101.dbc,2704227,4079c04b59a2839b1d5e3562d8fdca7ce7c5db2766eb345aa70994933c1811bd,60902ed872c4899e05a4c7f8b2daf5a1dfe7457192e488063fa3b7ef47256dc1,data/raw/phase3/SIH/RDCE2101.dbc,Acquisition only; scientific gates evaluated separately.,RDCE2101.dbc,03-07-22  01:16PM,FTP LIST; server timezone unspecified,2026-08-31T08:49:18.749991+00:00
DATASUS,SIH,2021-02,CE,2021-02,ftp://ftp.datasus.gov.br/dissemin/publicos/SIHSUS/200801_/Dados/RDCE2102.dbc,ftp://ftp.datasus.gov.br/dissemin/publicos/SIHSUS/200801_/Dados/RDCE2102.dbc,curl,2026-08-31T08:13:27.104604+00:00,RDCE2102.dbc,2807011,f42f09725956c1ed766ad718b45ef3b005be0a109d81f117e6c82bd6df76b71d,60902ed872c4899e05a4c7f8b2daf5a1dfe7457192e488063fa3b7ef47256dc1,data/raw/phase3/SIH/RDCE2102.dbc,Acquisition only; scientific gates evaluated separately.,RDCE2102.dbc,04-11-22  07:24PM,FTP LIST; server timezone unspecified,2026-08-31T08:49:18.749994+00:00
DATASUS,SIH,2021-03,CE,2021-03,ftp://ftp.datasus.gov.br/dissemin/publicos/SIHSUS/200801_/Dados/RDCE2103.dbc,ftp://ftp.datasus.gov.br/dissemin/publicos/SIHSUS/200801_/Dados/RDCE2103.dbc,curl,2026-08-31T08:13:27.940507+00:00,RDCE2103.dbc,2924448,adbf87c80d989f68b4eb44e3955a9279c425d40cab0e7dbebea9835c6bbd2073,60902ed872c4899e05a4c7f8b2daf5a1dfe7457192e488063fa3b7ef47256dc1,data/raw/phase3/SIH/RDCE2103.dbc,Acquisition only; scientific gates evaluated separately.,RDCE2103.dbc,05-04-22  12:35PM,FTP LIST; server timezone unspecified,2026-08-31T08:49:18.749997+00:00
DATASUS,SIH,2021-04,CE,2021-04,ftp://ftp.datasus.gov.br/dissemin/publicos/SIHSUS/200801_/Dados/RDCE2104.dbc,ftp://ftp.datasus.gov.br/dissemin/publicos/SIHSUS/200801_/Dados/RDCE2104.dbc,curl,2026-08-31T08:13:28.023625+00:00,RDCE2104.dbc,2983808,06e2e287b364edfa4f4d737dc84fa820ded99924ca24b3fb07fcde8e6dadcbb0,60902ed872c4899e05a4c7f8b2daf5a1dfe7457192e488063fa3b7ef47256dc1,data/raw/phase3/SIH/RDCE2104.dbc,Acquisition only; scientific gates evaluated separately.,RDCE2104.dbc,05-04-22  12:35PM,FTP LIST; server timezone unspecified,2026-08-31T08:49:18.750001+00:00
DATASUS,SIH,2021-05,CE,2021-05,ftp://ftp.datasus.gov.br/dissemin/publicos/SIHSUS/200801_/Dados/RDCE2105.dbc,ftp://ftp.datasus.gov.br/dissemin/publicos/SIHSUS/200801_/Dados/RDCE2105.dbc,curl,2026-08-31T08:13:28.373619+00:00,RDCE2105.dbc,3078225,ccfad00657feea26203984d60c81e3d26aff27dd804ff3ec2e16c05431f52ae3,60902ed872c4899e05a4c7f8b2daf5a1dfe7457192e488063fa3b7ef47256dc1,data/raw/phase3/SIH/RDCE2105.dbc,Acquisition only; scientific gates evaluated separately.,RDCE2105.dbc,06-03-22  01:06PM,FTP LIST; server timezone unspecified,2026-08-31T08:49:18.750004+00:00
DATASUS,SIH,2021-06,CE,2021-06,ftp://ftp.datasus.gov.br/dissemin/publicos/SIHSUS/200801_/Dados/RDCE2106.dbc,ftp://ftp.datasus.gov.br/dissemin/publicos/SIHSUS/200801_/Dados/RDCE2106.dbc,curl,2026-08-31T08:13:28.879119+00:00,RDCE2106.dbc,3609963,ff48e94cd5ef1c4e441f18209b631dd59c2b3aa60e2113295539b700c63530a0,60902ed872c4899e05a4c7f8b2daf5a1dfe7457192e488063fa3b7ef47256dc1,data/raw/phase3/SIH/RDCE2106.dbc,Acquisition only; scientific gates evaluated separately.,RDCE2106.dbc,07-06-22  01:13PM,FTP LIST; server timezone unspecified,2026-08-31T08:49:18.750007+00:00
DATASUS,SIH,2021-07,CE,2021-07,ftp://ftp.datasus.gov.br/dissemin/publicos/SIHSUS/200801_/Dados/RDCE2107.dbc,ftp://ftp.datasus.gov.br/dissemin/publicos/SIHSUS/200801_/Dados/RDCE2107.dbc,curl,2026-08-31T08:13:29.759928+00:00,RDCE2107.dbc,3120243,d1f8fd1ba186f2a591989f3d584f9a452008fa4945fb867f48d4542e7f71b44d,60902ed872c4899e05a4c7f8b2daf5a1dfe7457192e488063fa3b7ef47256dc1,data/raw/phase3/SIH/RDCE2107.dbc,Acquisition only; scientific gates evaluated separately.,RDCE2107.dbc,08-04-22  03:46PM,FTP LIST; server timezone unspecified,2026-08-31T08:49:18.750010+00:00
DATASUS,SIH,2021-08,CE,2021-08,ftp://ftp.datasus.gov.br/dissemin/publicos/SIHSUS/200801_/Dados/RDCE2108.dbc,ftp://ftp.datasus.gov.br/dissemin/publicos/SIHSUS/200801_/Dados/RDCE2108.dbc,curl,2026-08-31T08:13:29.726464+00:00,RDCE2108.dbc,3041657,07aac41663a05e446417a6370452ee95fefba9fd4a23e02ee948a3156f9c7754,60902ed872c4899e05a4c7f8b2daf5a1dfe7457192e488063fa3b7ef47256dc1,data/raw/phase3/SIH/RDCE2108.dbc,Acquisition only; scientific gates evaluated separately.,RDCE2108.dbc,09-06-22  11:19AM,FTP LIST; server timezone unspecified,2026-08-31T08:49:18.750013+00:00
DATASUS,SIH,2021-09,CE,2021-09,ftp://ftp.datasus.gov.br/dissemin/publicos/SIHSUS/200801_/Dados/RDCE2109.dbc,ftp://ftp.datasus.gov.br/dissemin/publicos/SIHSUS/200801_/Dados/RDCE2109.dbc,curl,2026-08-31T08:13:30.075354+00:00,RDCE2109.dbc,3192835,98c10e28c3b9787997f6d85165d203790751b6cd691c8fbb1199933a28f1f8fc,60902ed872c4899e05a4c7f8b2daf5a1dfe7457192e488063fa3b7ef47256dc1,data/raw/phase3/SIH/RDCE2109.dbc,Acquisition only; scientific gates evaluated separately.,RDCE2109.dbc,10-05-22  02:28PM,FTP LIST; server timezone unspecified,2026-08-31T08:49:18.750016+00:00
DATASUS,SIH,2021-10,CE,2021-10,ftp://ftp.datasus.gov.br/dissemin/publicos/SIHSUS/200801_/Dados/RDCE2110.dbc,ftp://ftp.datasus.gov.br/dissemin/publicos/SIHSUS/200801_/Dados/RDCE2110.dbc,curl,2026-08-31T08:13:30.438066+00:00,RDCE2110.dbc,2938505,8bfdaa7b74f803dc0556fe4858ccc764544faa4d1e3b78f85a6ddafb0eb5c42d,60902ed872c4899e05a4c7f8b2daf5a1dfe7457192e488063fa3b7ef47256dc1,data/raw/phase3/SIH/RDCE2110.dbc,Acquisition only; scientific gates evaluated separately.,RDCE2110.dbc,11-03-22  05:57PM,FTP LIST; server timezone unspecified,2026-08-31T08:49:18.750020+00:00
DATASUS,SIH,2021-11,CE,2021-11,ftp://ftp.datasus.gov.br/dissemin/publicos/SIHSUS/200801_/Dados/RDCE2111.dbc,ftp://ftp.datasus.gov.br/dissemin/publicos/SIHSUS/200801_/Dados/RDCE2111.dbc,curl,2026-08-31T08:13:31.326003+00:00,RDCE2111.dbc,3080755,2d2c209027e87ccf9c633dbf98a8f0f0b89952921e1fe479bf3be6e268543479,60902ed872c4899e05a4c7f8b2daf5a1dfe7457192e488063fa3b7ef47256dc1,data/raw/phase3/SIH/RDCE2111.dbc,Acquisition only; scientific gates evaluated separately.,RDCE2111.dbc,12-06-22  04:25PM,FTP LIST; server timezone unspecified,2026-08-31T08:49:18.750023+00:00
DATASUS,SIH,2021-12,CE,2021-12,ftp://ftp.datasus.gov.br/dissemin/publicos/SIHSUS/200801_/Dados/RDCE2112.dbc,ftp://ftp.datasus.gov.br/dissemin/publicos/SIHSUS/200801_/Dados/RDCE2112.dbc,curl,2026-08-31T08:13:31.294794+00:00,RDCE2112.dbc,2969300,135f36e3a88fb9f66d05ad121910f8f4ac54c7880f069cb1ad4c5052f2bb3d3c,60902ed872c4899e05a4c7f8b2daf5a1dfe7457192e488063fa3b7ef47256dc1,data/raw/phase3/SIH/RDCE2112.dbc,Acquisition only; scientific gates evaluated separately.,RDCE2112.dbc,01-04-23  12:48PM,FTP LIST; server timezone unspecified,2026-08-31T08:49:18.750026+00:00
DATASUS,SIH,2020-01,DF,2020-01,ftp://ftp.datasus.gov.br/dissemin/publicos/SIHSUS/200801_/Dados/RDDF2001.dbc,ftp://ftp.datasus.gov.br/dissemin/publicos/SIHSUS/200801_/Dados/RDDF2001.dbc,curl,2026-08-31T08:13:31.268049+00:00,RDDF2001.dbc,1598428,ae8871ab12b8fb3933c52c9be4891b7e75ee5b420f930b4c702bb067553fcfda,60902ed872c4899e05a4c7f8b2daf5a1dfe7457192e488063fa3b7ef47256dc1,data/raw/phase3/SIH/RDDF2001.dbc,Acquisition only; scientific gates evaluated separately.,RDDF2001.dbc,04-05-21  01:26PM,FTP LIST; server timezone unspecified,2026-08-31T08:49:18.750033+00:00
DATASUS,SIH,2020-02,DF,2020-02,ftp://ftp.datasus.gov.br/dissemin/publicos/SIHSUS/200801_/Dados/RDDF2002.dbc,ftp://ftp.datasus.gov.br/dissemin/publicos/SIHSUS/200801_/Dados/RDDF2002.dbc,curl,2026-08-31T08:13:31.597475+00:00,RDDF2002.dbc,1488870,fb77893c168a55e0932e797f4cdc0ababa326fa903f018137944d80820191665,60902ed872c4899e05a4c7f8b2daf5a1dfe7457192e488063fa3b7ef47256dc1,data/raw/phase3/SIH/RDDF2002.dbc,Acquisition only; scientific gates evaluated separately.,RDDF2002.dbc,05-07-21  04:40PM,FTP LIST; server timezone unspecified,2026-08-31T08:49:18.750036+00:00
DATASUS,SIH,2020-03,DF,2020-03,ftp://ftp.datasus.gov.br/dissemin/publicos/SIHSUS/200801_/Dados/RDDF2003.dbc,ftp://ftp.datasus.gov.br/dissemin/publicos/SIHSUS/200801_/Dados/RDDF2003.dbc,curl,2026-08-31T08:13:32.499499+00:00,RDDF2003.dbc,1659595,445f4f7370bdc0f45a4bf74e58cc64b769c503cb97b85710114a01de780407dd,60902ed872c4899e05a4c7f8b2daf5a1dfe7457192e488063fa3b7ef47256dc1,data/raw/phase3/SIH/RDDF2003.dbc,Acquisition only; scientific gates evaluated separately.,RDDF2003.dbc,05-07-21  04:40PM,FTP LIST; server timezone unspecified,2026-08-31T08:49:18.750039+00:00
DATASUS,SIH,2020-04,DF,2020-04,ftp://ftp.datasus.gov.br/dissemin/publicos/SIHSUS/200801_/Dados/RDDF2004.dbc,ftp://ftp.datasus.gov.br/dissemin/publicos/SIHSUS/200801_/Dados/RDDF2004.dbc,curl,2026-08-31T08:13:32.492049+00:00,RDDF2004.dbc,1444915,631f4b91a8fe05c402fc9ad3e6b4adc558f7b335f37d3f2d01288ff921053287,60902ed872c4899e05a4c7f8b2daf5a1dfe7457192e488063fa3b7ef47256dc1,data/raw/phase3/SIH/RDDF2004.dbc,Acquisition only; scientific gates evaluated separately.,RDDF2004.dbc,01-10-22  02:26PM,FTP LIST; server timezone unspecified,2026-08-31T08:49:18.750042+00:00
DATASUS,SIH,2020-05,DF,2020-05,ftp://ftp.datasus.gov.br/dissemin/publicos/SIHSUS/200801_/Dados/RDDF2005.dbc,ftp://ftp.datasus.gov.br/dissemin/publicos/SIHSUS/200801_/Dados/RDDF2005.dbc,curl,2026-08-31T08:13:32.492452+00:00,RDDF2005.dbc,1274633,55aa7e8ebab23d6eaddc16095fd1802384100e0b0c9c6317dd6ab59200a07d89,60902ed872c4899e05a4c7f8b2daf5a1dfe7457192e488063fa3b7ef47256dc1,data/raw/phase3/SIH/RDDF2005.dbc,Acquisition only; scientific gates evaluated separately.,RDDF2005.dbc,01-10-22  02:26PM,FTP LIST; server timezone unspecified,2026-08-31T08:49:18.750045+00:00
DATASUS,SIH,2020-06,DF,2020-06,ftp://ftp.datasus.gov.br/dissemin/publicos/SIHSUS/200801_/Dados/RDDF2006.dbc,ftp://ftp.datasus.gov.br/dissemin/publicos/SIHSUS/200801_/Dados/RDDF2006.dbc,curl,2026-08-31T08:13:32.755149+00:00,RDDF2006.dbc,1286113,ae61b9b92d2b059ac283bab99fce7e2e2d6385a637433e41d7f69b66808a8cf5,60902ed872c4899e05a4c7f8b2daf5a1dfe7457192e488063fa3b7ef47256dc1,data/raw/phase3/SIH/RDDF2006.dbc,Acquisition only; scientific gates evaluated separately.,RDDF2006.dbc,01-10-22  02:26PM,FTP LIST; server timezone unspecified,2026-08-31T08:49:18.750048+00:00
DATASUS,SIH,2020-07,DF,2020-07,ftp://ftp.datasus.gov.br/dissemin/publicos/SIHSUS/200801_/Dados/RDDF2007.dbc,ftp://ftp.datasus.gov.br/dissemin/publicos/SIHSUS/200801_/Dados/RDDF2007.dbc,curl,2026-08-31T08:13:33.619465+00:00,RDDF2007.dbc,1250990,9be6c40fc159e18d77e3d938b4cbd3a1b0ece53af8745eca8d5e0b7f813c1f84,60902ed872c4899e05a4c7f8b2daf5a1dfe7457192e488063fa3b7ef47256dc1,data/raw/phase3/SIH/RDDF2007.dbc,Acquisition only; scientific gates evaluated separately.,RDDF2007.dbc,01-10-22  02:26PM,FTP LIST; server timezone unspecified,2026-08-31T08:49:18.750053+00:00
DATASUS,SIH,2020-08,DF,2020-08,ftp://ftp.datasus.gov.br/dissemin/publicos/SIHSUS/200801_/Dados/RDDF2008.dbc,ftp://ftp.datasus.gov.br/dissemin/publicos/SIHSUS/200801_/Dados/RDDF2008.dbc,curl,2026-08-31T08:13:33.619866+00:00,RDDF2008.dbc,1251268,d8998167830bd6e2052afba78f464a361a80d8af1edc31d0beaa348fb9ca1a59,60902ed872c4899e05a4c7f8b2daf5a1dfe7457192e488063fa3b7ef47256dc1,data/raw/phase3/SIH/RDDF2008.dbc,Acquisition only; scientific gates evaluated separately.,RDDF2008.dbc,02-07-22  10:09AM,FTP LIST; server timezone unspecified,2026-08-31T08:49:18.750056+00:00
DATASUS,SIH,2020-09,DF,2020-09,ftp://ftp.datasus.gov.br/dissemin/publicos/SIHSUS/200801_/Dados/RDDF2009.dbc,ftp://ftp.datasus.gov.br/dissemin/publicos/SIHSUS/200801_/Dados/RDDF2009.dbc,curl,2026-08-31T08:13:33.618149+00:00,RDDF2009.dbc,1211511,8008a62512c5eee65906f46b7920cdc56870bd7fe9cadf4193dfd1a6577dbf63,60902ed872c4899e05a4c7f8b2daf5a1dfe7457192e488063fa3b7ef47256dc1,data/raw/phase3/SIH/RDDF2009.dbc,Acquisition only; scientific gates evaluated separately.,RDDF2009.dbc,02-07-22  10:09AM,FTP LIST; server timezone unspecified,2026-08-31T08:49:18.750059+00:00
DATASUS,SIH,2020-10,DF,2020-10,ftp://ftp.datasus.gov.br/dissemin/publicos/SIHSUS/200801_/Dados/RDDF2010.dbc,ftp://ftp.datasus.gov.br/dissemin/publicos/SIHSUS/200801_/Dados/RDDF2010.dbc,curl,2026-08-31T08:13:33.860290+00:00,RDDF2010.dbc,1322339,591b8104e8a76c3f694cce832df90ffa9d40f7c66e0aed9e141802388d37c912,60902ed872c4899e05a4c7f8b2daf5a1dfe7457192e488063fa3b7ef47256dc1,data/raw/phase3/SIH/RDDF2010.dbc,Acquisition only; scientific gates evaluated separately.,RDDF2010.dbc,02-07-22  10:09AM,FTP LIST; server timezone unspecified,2026-08-31T08:49:18.750062+00:00
DATASUS,SIH,2020-11,DF,2020-11,ftp://ftp.datasus.gov.br/dissemin/publicos/SIHSUS/200801_/Dados/RDDF2011.dbc,ftp://ftp.datasus.gov.br/dissemin/publicos/SIHSUS/200801_/Dados/RDDF2011.dbc,curl,2026-08-31T08:13:34.670135+00:00,RDDF2011.dbc,1278569,4d715fe5e8d0cec5622d46bba350ab4d87e50cae58e8cdb9c41077311091bc07,60902ed872c4899e05a4c7f8b2daf5a1dfe7457192e488063fa3b7ef47256dc1,data/raw/phase3/SIH/RDDF2011.dbc,Acquisition only; scientific gates evaluated separately.,RDDF2011.dbc,02-07-22  10:09AM,FTP LIST; server timezone unspecified,2026-08-31T08:49:18.750065+00:00
DATASUS,SIH,2020-12,DF,2020-12,ftp://ftp.datasus.gov.br/dissemin/publicos/SIHSUS/200801_/Dados/RDDF2012.dbc,ftp://ftp.datasus.gov.br/dissemin/publicos/SIHSUS/200801_/Dados/RDDF2012.dbc,curl,2026-08-31T08:13:34.713441+00:00,RDDF2012.dbc,1379321,37f76951bc6fff14972bed34e3679a49eb7e97b331e0cfc03ce784f588829869,60902ed872c4899e05a4c7f8b2daf5a1dfe7457192e488063fa3b7ef47256dc1,data/raw/phase3/SIH/RDDF2012.dbc,Acquisition only; scientific gates evaluated separately.,RDDF2012.dbc,03-07-22  01:15PM,FTP LIST; server timezone unspecified,2026-08-31T08:49:18.750068+00:00
DATASUS,SIH,2021-01,DF,2021-01,ftp://ftp.datasus.gov.br/dissemin/publicos/SIHSUS/200801_/Dados/RDDF2101.dbc,ftp://ftp.datasus.gov.br/dissemin/publicos/SIHSUS/200801_/Dados/RDDF2101.dbc,curl,2026-08-31T08:13:34.731945+00:00,RDDF2101.dbc,1478707,5ea34cf3abe5cdac23ebeee17f4a91ada3a76b47e6f5039e25bf217107fe8ec2,60902ed872c4899e05a4c7f8b2daf5a1dfe7457192e488063fa3b7ef47256dc1,data/raw/phase3/SIH/RDDF2101.dbc,Acquisition only; scientific gates evaluated separately.,RDDF2101.dbc,03-07-22  01:15PM,FTP LIST; server timezone unspecified,2026-08-31T08:49:18.750072+00:00
DATASUS,SIH,2021-02,DF,2021-02,ftp://ftp.datasus.gov.br/dissemin/publicos/SIHSUS/200801_/Dados/RDDF2102.dbc,ftp://ftp.datasus.gov.br/dissemin/publicos/SIHSUS/200801_/Dados/RDDF2102.dbc,curl,2026-08-31T08:13:34.937682+00:00,RDDF2102.dbc,1395738,bfe680f31696caa4fef4db3a68b112a53aa9549761e6ff6290ff491c59e47d39,60902ed872c4899e05a4c7f8b2daf5a1dfe7457192e488063fa3b7ef47256dc1,data/raw/phase3/SIH/RDDF2102.dbc,Acquisition only; scientific gates evaluated separately.,RDDF2102.dbc,04-11-22  07:24PM,FTP LIST; server timezone unspecified,2026-08-31T08:49:18.750075+00:00
DATASUS,SIH,2021-03,DF,2021-03,ftp://ftp.datasus.gov.br/dissemin/publicos/SIHSUS/200801_/Dados/RDDF2103.dbc,ftp://ftp.datasus.gov.br/dissemin/publicos/SIHSUS/200801_/Dados/RDDF2103.dbc,curl,2026-08-31T08:13:35.800323+00:00,RDDF2103.dbc,1566539,f6b8a7f7fed62a3151b80851c92d8d083935dae510487ee7ab0892242eb5ad25,60902ed872c4899e05a4c7f8b2daf5a1dfe7457192e488063fa3b7ef47256dc1,data/raw/phase3/SIH/RDDF2103.dbc,Acquisition only; scientific gates evaluated separately.,RDDF2103.dbc,05-04-22  12:35PM,FTP LIST; server timezone unspecified,2026-08-31T08:49:18.750079+00:00
DATASUS,SIH,2021-04,DF,2021-04,ftp://ftp.datasus.gov.br/dissemin/publicos/SIHSUS/200801_/Dados/RDDF2104.dbc,ftp://ftp.datasus.gov.br/dissemin/publicos/SIHSUS/200801_/Dados/RDDF2104.dbc,curl,2026-08-31T08:13:35.848099+00:00,RDDF2104.dbc,1585396,a58ff95e26e932a9f9d7d2d011d881fdab328028eb19cd3cfda037ab8f9ba841,60902ed872c4899e05a4c7f8b2daf5a1dfe7457192e488063fa3b7ef47256dc1,data/raw/phase3/SIH/RDDF2104.dbc,Acquisition only; scientific gates evaluated separately.,RDDF2104.dbc,05-04-22  12:35PM,FTP LIST; server timezone unspecified,2026-08-31T08:49:18.750086+00:00
DATASUS,SIH,2021-05,DF,2021-05,ftp://ftp.datasus.gov.br/dissemin/publicos/SIHSUS/200801_/Dados/RDDF2105.dbc,ftp://ftp.datasus.gov.br/dissemin/publicos/SIHSUS/200801_/Dados/RDDF2105.dbc,curl,2026-08-31T08:13:35.843761+00:00,RDDF2105.dbc,1502334,b3a3aead771c6022816a68667cbe20011cf14a081f97a06e82564de48d39d146,60902ed872c4899e05a4c7f8b2daf5a1dfe7457192e488063fa3b7ef47256dc1,data/raw/phase3/SIH/RDDF2105.dbc,Acquisition only; scientific gates evaluated separately.,RDDF2105.dbc,06-03-22  01:06PM,FTP LIST; server timezone unspecified,2026-08-31T08:49:18.750089+00:00
DATASUS,SIH,2021-06,DF,2021-06,ftp://ftp.datasus.gov.br/dissemin/publicos/SIHSUS/200801_/Dados/RDDF2106.dbc,ftp://ftp.datasus.gov.br/dissemin/publicos/SIHSUS/200801_/Dados/RDDF2106.dbc,curl,2026-08-31T08:13:36.051776+00:00,RDDF2106.dbc,1524199,afb6f041d9d27c49b45673a65f64a36661115901ec3ec4ea37038578a5d01bea,60902ed872c4899e05a4c7f8b2daf5a1dfe7457192e488063fa3b7ef47256dc1,data/raw/phase3/SIH/RDDF2106.dbc,Acquisition only; scientific gates evaluated separately.,RDDF2106.dbc,07-06-22  01:13PM,FTP LIST; server timezone unspecified,2026-08-31T08:49:18.750093+00:00
DATASUS,SIH,2021-07,DF,2021-07,ftp://ftp.datasus.gov.br/dissemin/publicos/SIHSUS/200801_/Dados/RDDF2107.dbc,ftp://ftp.datasus.gov.br/dissemin/publicos/SIHSUS/200801_/Dados/RDDF2107.dbc,curl,2026-08-31T08:13:36.922185+00:00,RDDF2107.dbc,1509616,548237163f061fe513e626ce163b6804bbd9bc086cc8d83652b3cfc8b17d6bf0,60902ed872c4899e05a4c7f8b2daf5a1dfe7457192e488063fa3b7ef47256dc1,data/raw/phase3/SIH/RDDF2107.dbc,Acquisition only; scientific gates evaluated separately.,RDDF2107.dbc,08-04-22  03:46PM,FTP LIST; server timezone unspecified,2026-08-31T08:49:18.750097+00:00
DATASUS,SIH,2021-08,DF,2021-08,ftp://ftp.datasus.gov.br/dissemin/publicos/SIHSUS/200801_/Dados/RDDF2108.dbc,ftp://ftp.datasus.gov.br/dissemin/publicos/SIHSUS/200801_/Dados/RDDF2108.dbc,curl,2026-08-31T08:13:36.974474+00:00,RDDF2108.dbc,1520713,479e2858328a4974c21dda6575ec9550f706cb3890c39ed4986fb1a2fb38d059,60902ed872c4899e05a4c7f8b2daf5a1dfe7457192e488063fa3b7ef47256dc1,data/raw/phase3/SIH/RDDF2108.dbc,Acquisition only; scientific gates evaluated separately.,RDDF2108.dbc,09-06-22  11:19AM,FTP LIST; server timezone unspecified,2026-08-31T08:49:18.750100+00:00
DATASUS,SIH,2021-09,DF,2021-09,ftp://ftp.datasus.gov.br/dissemin/publicos/SIHSUS/200801_/Dados/RDDF2109.dbc,ftp://ftp.datasus.gov.br/dissemin/publicos/SIHSUS/200801_/Dados/RDDF2109.dbc,curl,2026-08-31T08:13:36.958626+00:00,RDDF2109.dbc,1475005,14686ed448900fd03e44a2ba6fa83b5b299410fab3d6d5e2434c3adaf6cfa3e6,60902ed872c4899e05a4c7f8b2daf5a1dfe7457192e488063fa3b7ef47256dc1,data/raw/phase3/SIH/RDDF2109.dbc,Acquisition only; scientific gates evaluated separately.,RDDF2109.dbc,10-05-22  02:28PM,FTP LIST; server timezone unspecified,2026-08-31T08:49:18.750105+00:00
DATASUS,SIH,2021-10,DF,2021-10,ftp://ftp.datasus.gov.br/dissemin/publicos/SIHSUS/200801_/Dados/RDDF2110.dbc,ftp://ftp.datasus.gov.br/dissemin/publicos/SIHSUS/200801_/Dados/RDDF2110.dbc,curl,2026-08-31T08:13:37.125459+00:00,RDDF2110.dbc,1414959,a492e6b386e0b7d3e6360051a4541fd76344f460c3570c897963844221965b97,60902ed872c4899e05a4c7f8b2daf5a1dfe7457192e488063fa3b7ef47256dc1,data/raw/phase3/SIH/RDDF2110.dbc,Acquisition only; scientific gates evaluated separately.,RDDF2110.dbc,11-03-22  05:56PM,FTP LIST; server timezone unspecified,2026-08-31T08:49:18.750108+00:00
DATASUS,SIH,2021-11,DF,2021-11,ftp://ftp.datasus.gov.br/dissemin/publicos/SIHSUS/200801_/Dados/RDDF2111.dbc,ftp://ftp.datasus.gov.br/dissemin/publicos/SIHSUS/200801_/Dados/RDDF2111.dbc,curl,2026-08-31T08:13:38.015163+00:00,RDDF2111.dbc,1378393,eb0884b0dbe0fd8ee2172ac6862bd16aa1ddd5ca3d78a0a6ea7e22d6088c2460,60902ed872c4899e05a4c7f8b2daf5a1dfe7457192e488063fa3b7ef47256dc1,data/raw/phase3/SIH/RDDF2111.dbc,Acquisition only; scientific gates evaluated separately.,RDDF2111.dbc,12-06-22  04:25PM,FTP LIST; server timezone unspecified,2026-08-31T08:49:18.750111+00:00
DATASUS,SIH,2021-12,DF,2021-12,ftp://ftp.datasus.gov.br/dissemin/publicos/SIHSUS/200801_/Dados/RDDF2112.dbc,ftp://ftp.datasus.gov.br/dissemin/publicos/SIHSUS/200801_/Dados/RDDF2112.dbc,curl,2026-08-31T08:13:38.015104+00:00,RDDF2112.dbc,1383095,8f07a017abb94dfd641934fb612eda54c223faa81e6b398d314ac4f524afb35c,60902ed872c4899e05a4c7f8b2daf5a1dfe7457192e488063fa3b7ef47256dc1,data/raw/phase3/SIH/RDDF2112.dbc,Acquisition only; scientific gates evaluated separately.,RDDF2112.dbc,01-04-23  12:48PM,FTP LIST; server timezone unspecified,2026-08-31T08:49:18.750114+00:00
DATASUS,SIH,2020-01,ES,2020-01,ftp://ftp.datasus.gov.br/dissemin/publicos/SIHSUS/200801_/Dados/RDES2001.dbc,ftp://ftp.datasus.gov.br/dissemin/publicos/SIHSUS/200801_/Dados/RDES2001.dbc,curl,2026-08-31T08:13:38.148778+00:00,RDES2001.dbc,1686226,af01cef30018e94e9b6481275dc8f7a61741d58318826db6a6215a5d6ac350cd,60902ed872c4899e05a4c7f8b2daf5a1dfe7457192e488063fa3b7ef47256dc1,data/raw/phase3/SIH/RDES2001.dbc,Acquisition only; scientific gates evaluated separately.,RDES2001.dbc,04-05-21  01:26PM,FTP LIST; server timezone unspecified,2026-08-31T08:49:18.750121+00:00
DATASUS,SIH,2020-02,ES,2020-02,ftp://ftp.datasus.gov.br/dissemin/publicos/SIHSUS/200801_/Dados/RDES2002.dbc,ftp://ftp.datasus.gov.br/dissemin/publicos/SIHSUS/200801_/Dados/RDES2002.dbc,curl,2026-08-31T08:13:38.272785+00:00,RDES2002.dbc,1544209,62f826e3c570f78b1f3884af8c502b3be4bcd4981b8d19ddea729bebb0121344,60902ed872c4899e05a4c7f8b2daf5a1dfe7457192e488063fa3b7ef47256dc1,data/raw/phase3/SIH/RDES2002.dbc,Acquisition only; scientific gates evaluated separately.,RDES2002.dbc,05-07-21  04:40PM,FTP LIST; server timezone unspecified,2026-08-31T08:49:18.750124+00:00
DATASUS,SIH,2020-03,ES,2020-03,ftp://ftp.datasus.gov.br/dissemin/publicos/SIHSUS/200801_/Dados/RDES2003.dbc,ftp://ftp.datasus.gov.br/dissemin/publicos/SIHSUS/200801_/Dados/RDES2003.dbc,curl,2026-08-31T08:13:39.213885+00:00,RDES2003.dbc,1566212,7dcc0e2bd5529d54808b66e7108adef25a87e48c4456ae549da548ad5e409e44,60902ed872c4899e05a4c7f8b2daf5a1dfe7457192e488063fa3b7ef47256dc1,data/raw/phase3/SIH/RDES2003.dbc,Acquisition only; scientific gates evaluated separately.,RDES2003.dbc,05-07-21  04:40PM,FTP LIST; server timezone unspecified,2026-08-31T08:49:18.750127+00:00
DATASUS,SIH,2020-04,ES,2020-04,ftp://ftp.datasus.gov.br/dissemin/publicos/SIHSUS/200801_/Dados/RDES2004.dbc,ftp://ftp.datasus.gov.br/dissemin/publicos/SIHSUS/200801_/Dados/RDES2004.dbc,curl,2026-08-31T08:13:39.212693+00:00,RDES2004.dbc,1442955,e5f587d112f52fd32c7c5d3d35c72d7543f76c8ddc0811b43dd2c815719f6fd2,60902ed872c4899e05a4c7f8b2daf5a1dfe7457192e488063fa3b7ef47256dc1,data/raw/phase3/SIH/RDES2004.dbc,Acquisition only; scientific gates evaluated separately.,RDES2004.dbc,01-10-22  02:26PM,FTP LIST; server timezone unspecified,2026-08-31T08:49:18.750130+00:00
DATASUS,SIH,2020-05,ES,2020-05,ftp://ftp.datasus.gov.br/dissemin/publicos/SIHSUS/200801_/Dados/RDES2005.dbc,ftp://ftp.datasus.gov.br/dissemin/publicos/SIHSUS/200801_/Dados/RDES2005.dbc,curl,2026-08-31T08:13:39.349656+00:00,RDES2005.dbc,1442757,dbbac4a9c5439f485ec39bfd3cd13dc81b3f973b9ed11641cafb3ee95e8edd42,60902ed872c4899e05a4c7f8b2daf5a1dfe7457192e488063fa3b7ef47256dc1,data/raw/phase3/SIH/RDES2005.dbc,Acquisition only; scientific gates evaluated separately.,RDES2005.dbc,01-10-22  02:26PM,FTP LIST; server timezone unspecified,2026-08-31T08:49:18.750133+00:00
DATASUS,SIH,2020-06,ES,2020-06,ftp://ftp.datasus.gov.br/dissemin/publicos/SIHSUS/200801_/Dados/RDES2006.dbc,ftp://ftp.datasus.gov.br/dissemin/publicos/SIHSUS/200801_/Dados/RDES2006.dbc,curl,2026-08-31T08:13:39.431556+00:00,RDES2006.dbc,1275792,3eb8ca0a0265cc34b67678b0633142e32bf6c7d0379296ad7189831a70d601d5,60902ed872c4899e05a4c7f8b2daf5a1dfe7457192e488063fa3b7ef47256dc1,data/raw/phase3/SIH/RDES2006.dbc,Acquisition only; scientific gates evaluated separately.,RDES2006.dbc,01-10-22  02:26PM,FTP LIST; server timezone unspecified,2026-08-31T08:49:18.750136+00:00
DATASUS,SIH,2020-07,ES,2020-07,ftp://ftp.datasus.gov.br/dissemin/publicos/SIHSUS/200801_/Dados/RDES2007.dbc,ftp://ftp.datasus.gov.br/dissemin/publicos/SIHSUS/200801_/Dados/RDES2007.dbc,curl,2026-08-31T08:13:40.480314+00:00,RDES2007.dbc,1353691,d1af74bcf9f5f9f441b92fb64aa0da5c599180071c711480c190f5ebdb386bcc,60902ed872c4899e05a4c7f8b2daf5a1dfe7457192e488063fa3b7ef47256dc1,data/raw/phase3/SIH/RDES2007.dbc,Acquisition only; scientific gates evaluated separately.,RDES2007.dbc,01-10-22  02:26PM,FTP LIST; server timezone unspecified,2026-08-31T08:49:18.750139+00:00
DATASUS,SIH,2020-08,ES,2020-08,ftp://ftp.datasus.gov.br/dissemin/publicos/SIHSUS/200801_/Dados/RDES2008.dbc,ftp://ftp.datasus.gov.br/dissemin/publicos/SIHSUS/200801_/Dados/RDES2008.dbc,curl,2026-08-31T08:13:40.490542+00:00,RDES2008.dbc,1327935,8865d1dad0d7df8714142035b7d5c5a518d43df65009ce7b89b2c8641e58cd0e,60902ed872c4899e05a4c7f8b2daf5a1dfe7457192e488063fa3b7ef47256dc1,data/raw/phase3/SIH/RDES2008.dbc,Acquisition only; scientific gates evaluated separately.,RDES2008.dbc,02-07-22  10:09AM,FTP LIST; server timezone unspecified,2026-08-31T08:49:18.750144+00:00
DATASUS,SIH,2020-09,ES,2020-09,ftp://ftp.datasus.gov.br/dissemin/publicos/SIHSUS/200801_/Dados/RDES2009.dbc,ftp://ftp.datasus.gov.br/dissemin/publicos/SIHSUS/200801_/Dados/RDES2009.dbc,curl,2026-08-31T08:13:40.589942+00:00,RDES2009.dbc,1386433,98c002e361276a460e28fe95c75adf9f9c5c5610c025d1e040db6360696521d2,60902ed872c4899e05a4c7f8b2daf5a1dfe7457192e488063fa3b7ef47256dc1,data/raw/phase3/SIH/RDES2009.dbc,Acquisition only; scientific gates evaluated separately.,RDES2009.dbc,02-07-22  10:09AM,FTP LIST; server timezone unspecified,2026-08-31T08:49:18.750147+00:00
DATASUS,SIH,2020-10,ES,2020-10,ftp://ftp.datasus.gov.br/dissemin/publicos/SIHSUS/200801_/Dados/RDES2010.dbc,ftp://ftp.datasus.gov.br/dissemin/publicos/SIHSUS/200801_/Dados/RDES2010.dbc,curl,2026-08-31T08:13:40.641836+00:00,RDES2010.dbc,1236667,8592560ca105e20511e96c001900660695229a04096a81b18b4b36f0736f59f2,60902ed872c4899e05a4c7f8b2daf5a1dfe7457192e488063fa3b7ef47256dc1,data/raw/phase3/SIH/RDES2010.dbc,Acquisition only; scientific gates evaluated separately.,RDES2010.dbc,02-07-22  10:09AM,FTP LIST; server timezone unspecified,2026-08-31T08:49:18.750150+00:00
DATASUS,SIH,2020-11,ES,2020-11,ftp://ftp.datasus.gov.br/dissemin/publicos/SIHSUS/200801_/Dados/RDES2011.dbc,ftp://ftp.datasus.gov.br/dissemin/publicos/SIHSUS/200801_/Dados/RDES2011.dbc,curl,2026-08-31T08:13:41.697570+00:00,RDES2011.dbc,1481533,3b7bb167ad0069fb9df902c9a1c2c672dd797c984065e192ce9f4ca06c9ef4d3,60902ed872c4899e05a4c7f8b2daf5a1dfe7457192e488063fa3b7ef47256dc1,data/raw/phase3/SIH/RDES2011.dbc,Acquisition only; scientific gates evaluated separately.,RDES2011.dbc,02-07-22  10:09AM,FTP LIST; server timezone unspecified,2026-08-31T08:49:18.750153+00:00
DATASUS,SIH,2020-12,ES,2020-12,ftp://ftp.datasus.gov.br/dissemin/publicos/SIHSUS/200801_/Dados/RDES2012.dbc,ftp://ftp.datasus.gov.br/dissemin/publicos/SIHSUS/200801_/Dados/RDES2012.dbc,curl,2026-08-31T08:13:41.697189+00:00,RDES2012.dbc,1509379,f06ede33dbbaf0dae286c7a894bf4addb3d772c5624323e80a37c9fa97c287e3,60902ed872c4899e05a4c7f8b2daf5a1dfe7457192e488063fa3b7ef47256dc1,data/raw/phase3/SIH/RDES2012.dbc,Acquisition only; scientific gates evaluated separately.,RDES2012.dbc,03-07-22  01:15PM,FTP LIST; server timezone unspecified,2026-08-31T08:49:18.750156+00:00
DATASUS,SIH,2021-01,ES,2021-01,ftp://ftp.datasus.gov.br/dissemin/publicos/SIHSUS/200801_/Dados/RDES2101.dbc,ftp://ftp.datasus.gov.br/dissemin/publicos/SIHSUS/200801_/Dados/RDES2101.dbc,curl,2026-08-31T08:13:41.830207+00:00,RDES2101.dbc,1607750,c938f9b07fea727fb257a6c2c74c81207856c4ed8093336ba6955b18b3188ab7,60902ed872c4899e05a4c7f8b2daf5a1dfe7457192e488063fa3b7ef47256dc1,data/raw/phase3/SIH/RDES2101.dbc,Acquisition only; scientific gates evaluated separately.,RDES2101.dbc,03-07-22  01:15PM,FTP LIST; server timezone unspecified,2026-08-31T08:49:18.750159+00:00
DATASUS,SIH,2021-02,ES,2021-02,ftp://ftp.datasus.gov.br/dissemin/publicos/SIHSUS/200801_/Dados/RDES2102.dbc,ftp://ftp.datasus.gov.br/dissemin/publicos/SIHSUS/200801_/Dados/RDES2102.dbc,curl,2026-08-31T08:13:41.874806+00:00,RDES2102.dbc,1602428,d0c87f32e65eb1531bc65a85966a9c6c9eca8db67d662240859fed9030f228f1,60902ed872c4899e05a4c7f8b2daf5a1dfe7457192e488063fa3b7ef47256dc1,data/raw/phase3/SIH/RDES2102.dbc,Acquisition only; scientific gates evaluated separately.,RDES2102.dbc,04-11-22  07:24PM,FTP LIST; server timezone unspecified,2026-08-31T08:49:18.750162+00:00
DATASUS,SIH,2021-03,ES,2021-03,ftp://ftp.datasus.gov.br/dissemin/publicos/SIHSUS/200801_/Dados/RDES2103.dbc,ftp://ftp.datasus.gov.br/dissemin/publicos/SIHSUS/200801_/Dados/RDES2103.dbc,curl,2026-08-31T08:13:42.948731+00:00,RDES2103.dbc,1708709,d34ea739126e02110c388d524f438123b9d24fbc9a2b8087e7381eeaaf40cd64,60902ed872c4899e05a4c7f8b2daf5a1dfe7457192e488063fa3b7ef47256dc1,data/raw/phase3/SIH/RDES2103.dbc,Acquisition only; scientific gates evaluated separately.,RDES2103.dbc,05-04-22  12:35PM,FTP LIST; server timezone unspecified,2026-08-31T08:49:18.750169+00:00
DATASUS,SIH,2021-04,ES,2021-04,ftp://ftp.datasus.gov.br/dissemin/publicos/SIHSUS/200801_/Dados/RDES2104.dbc,ftp://ftp.datasus.gov.br/dissemin/publicos/SIHSUS/200801_/Dados/RDES2104.dbc,curl,2026-08-31T08:13:42.931816+00:00,RDES2104.dbc,1703009,debdd276f94391b0f5af5b39698e0a83f0fc3b3567dc9e32d0776aca73147541,60902ed872c4899e05a4c7f8b2daf5a1dfe7457192e488063fa3b7ef47256dc1,data/raw/phase3/SIH/RDES2104.dbc,Acquisition only; scientific gates evaluated separately.,RDES2104.dbc,05-04-22  12:35PM,FTP LIST; server timezone unspecified,2026-08-31T08:49:18.750172+00:00
DATASUS,SIH,2021-05,ES,2021-05,ftp://ftp.datasus.gov.br/dissemin/publicos/SIHSUS/200801_/Dados/RDES2105.dbc,ftp://ftp.datasus.gov.br/dissemin/publicos/SIHSUS/200801_/Dados/RDES2105.dbc,curl,2026-08-31T08:13:43.085486+00:00,RDES2105.dbc,1733798,206cd0d7cf51bf00364291ecd463b62cdb872274d090f5a91e345241c4a37e56,60902ed872c4899e05a4c7f8b2daf5a1dfe7457192e488063fa3b7ef47256dc1,data/raw/phase3/SIH/RDES2105.dbc,Acquisition only; scientific gates evaluated separately.,RDES2105.dbc,06-03-22  01:06PM,FTP LIST; server timezone unspecified,2026-08-31T08:49:18.750175+00:00
DATASUS,SIH,2021-06,ES,2021-06,ftp://ftp.datasus.gov.br/dissemin/publicos/SIHSUS/200801_/Dados/RDES2106.dbc,ftp://ftp.datasus.gov.br/dissemin/publicos/SIHSUS/200801_/Dados/RDES2106.dbc,curl,2026-08-31T08:13:43.122319+00:00,RDES2106.dbc,1705606,f69d1173a97c4db98b6bed1fe3e7d6f3a9c981c8ea7b7102fe001b0d249b5131,60902ed872c4899e05a4c7f8b2daf5a1dfe7457192e488063fa3b7ef47256dc1,data/raw/phase3/SIH/RDES2106.dbc,Acquisition only; scientific gates evaluated separately.,RDES2106.dbc,07-06-22  01:13PM,FTP LIST; server timezone unspecified,2026-08-31T08:49:18.750178+00:00
DATASUS,SIH,2021-07,ES,2021-07,ftp://ftp.datasus.gov.br/dissemin/publicos/SIHSUS/200801_/Dados/RDES2107.dbc,ftp://ftp.datasus.gov.br/dissemin/publicos/SIHSUS/200801_/Dados/RDES2107.dbc,curl,2026-08-31T08:13:44.210844+00:00,RDES2107.dbc,1815152,c1752e3450660043727d9a3c05b928de84636aee42f4885d81d6cb0a21711dde,60902ed872c4899e05a4c7f8b2daf5a1dfe7457192e488063fa3b7ef47256dc1,data/raw/phase3/SIH/RDES2107.dbc,Acquisition only; scientific gates evaluated separately.,RDES2107.dbc,08-04-22  03:46PM,FTP LIST; server timezone unspecified,2026-08-31T08:49:18.750183+00:00
DATASUS,SIH,2021-08,ES,2021-08,ftp://ftp.datasus.gov.br/dissemin/publicos/SIHSUS/200801_/Dados/RDES2108.dbc,ftp://ftp.datasus.gov.br/dissemin/publicos/SIHSUS/200801_/Dados/RDES2108.dbc,curl,2026-08-31T08:13:44.201553+00:00,RDES2108.dbc,1736175,311999c8c8a3dd823b61ebc3bcdf62d9541d535b1c1dd730bb5906a6f2b961dc,60902ed872c4899e05a4c7f8b2daf5a1dfe7457192e488063fa3b7ef47256dc1,data/raw/phase3/SIH/RDES2108.dbc,Acquisition only; scientific gates evaluated separately.,RDES2108.dbc,09-06-22  11:19AM,FTP LIST; server timezone unspecified,2026-08-31T08:49:18.750196+00:00
DATASUS,SIH,2021-09,ES,2021-09,ftp://ftp.datasus.gov.br/dissemin/publicos/SIHSUS/200801_/Dados/RDES2109.dbc,ftp://ftp.datasus.gov.br/dissemin/publicos/SIHSUS/200801_/Dados/RDES2109.dbc,curl,2026-08-31T08:13:44.324658+00:00,RDES2109.dbc,1717494,a12ae2f3d08093ae992245a06b8a87643afde35222dabe95d0dd0713db83165a,60902ed872c4899e05a4c7f8b2daf5a1dfe7457192e488063fa3b7ef47256dc1,data/raw/phase3/SIH/RDES2109.dbc,Acquisition only; scientific gates evaluated separately.,RDES2109.dbc,10-05-22  02:28PM,FTP LIST; server timezone unspecified,2026-08-31T08:49:18.750208+00:00
DATASUS,SIH,2021-10,ES,2021-10,ftp://ftp.datasus.gov.br/dissemin/publicos/SIHSUS/200801_/Dados/RDES2110.dbc,ftp://ftp.datasus.gov.br/dissemin/publicos/SIHSUS/200801_/Dados/RDES2110.dbc,curl,2026-08-31T08:13:44.325619+00:00,RDES2110.dbc,1672367,10475a0a0ce9dba13a14c3cc755cebef820732ab3c962b5403f95e3e38d986b5,60902ed872c4899e05a4c7f8b2daf5a1dfe7457192e488063fa3b7ef47256dc1,data/raw/phase3/SIH/RDES2110.dbc,Acquisition only; scientific gates evaluated separately.,RDES2110.dbc,11-03-22  05:56PM,FTP LIST; server timezone unspecified,2026-08-31T08:49:18.750213+00:00
DATASUS,SIH,2021-11,ES,2021-11,ftp://ftp.datasus.gov.br/dissemin/publicos/SIHSUS/200801_/Dados/RDES2111.dbc,ftp://ftp.datasus.gov.br/dissemin/publicos/SIHSUS/200801_/Dados/RDES2111.dbc,curl,2026-08-31T08:13:45.402557+00:00,RDES2111.dbc,1710340,d860238af65fd7d55d75c1da4452592fa9a15f7ec14fdc94891cbe80abb01954,60902ed872c4899e05a4c7f8b2daf5a1dfe7457192e488063fa3b7ef47256dc1,data/raw/phase3/SIH/RDES2111.dbc,Acquisition only; scientific gates evaluated separately.,RDES2111.dbc,12-06-22  04:25PM,FTP LIST; server timezone unspecified,2026-08-31T08:49:18.750216+00:00
DATASUS,SIH,2021-12,ES,2021-12,ftp://ftp.datasus.gov.br/dissemin/publicos/SIHSUS/200801_/Dados/RDES2112.dbc,ftp://ftp.datasus.gov.br/dissemin/publicos/SIHSUS/200801_/Dados/RDES2112.dbc,curl,2026-08-31T08:13:45.372631+00:00,RDES2112.dbc,1549986,f9a07b9537401929d7bb5e37df533a1a1cf6a947774d6e8c4a06501b77539ece,60902ed872c4899e05a4c7f8b2daf5a1dfe7457192e488063fa3b7ef47256dc1,data/raw/phase3/SIH/RDES2112.dbc,Acquisition only; scientific gates evaluated separately.,RDES2112.dbc,01-04-23  12:48PM,FTP LIST; server timezone unspecified,2026-08-31T08:49:18.750220+00:00
DATASUS,SIH,2020-01,GO,2020-01,ftp://ftp.datasus.gov.br/dissemin/publicos/SIHSUS/200801_/Dados/RDGO2001.dbc,ftp://ftp.datasus.gov.br/dissemin/publicos/SIHSUS/200801_/Dados/RDGO2001.dbc,curl,2026-08-31T08:13:45.648523+00:00,RDGO2001.dbc,2092284,e41bf268819c80cb1b9ad34317d001f928dd60a238442e3e2ce4bc110be1f60c,60902ed872c4899e05a4c7f8b2daf5a1dfe7457192e488063fa3b7ef47256dc1,data/raw/phase3/SIH/RDGO2001.dbc,Acquisition only; scientific gates evaluated separately.,RDGO2001.dbc,04-05-21  01:26PM,FTP LIST; server timezone unspecified,2026-08-31T08:49:18.750250+00:00
DATASUS,SIH,2020-02,GO,2020-02,ftp://ftp.datasus.gov.br/dissemin/publicos/SIHSUS/200801_/Dados/RDGO2002.dbc,ftp://ftp.datasus.gov.br/dissemin/publicos/SIHSUS/200801_/Dados/RDGO2002.dbc,curl,2026-08-31T08:13:45.648018+00:00,RDGO2002.dbc,2024440,33ea611a42a5c8a8c35c7178d5b4aa0beca1c27466497cb35748abeb69abcd2e,60902ed872c4899e05a4c7f8b2daf5a1dfe7457192e488063fa3b7ef47256dc1,data/raw/phase3/SIH/RDGO2002.dbc,Acquisition only; scientific gates evaluated separately.,RDGO2002.dbc,05-07-21  04:40PM,FTP LIST; server timezone unspecified,2026-08-31T08:49:18.750278+00:00
DATASUS,SIH,2020-03,GO,2020-03,ftp://ftp.datasus.gov.br/dissemin/publicos/SIHSUS/200801_/Dados/RDGO2003.dbc,ftp://ftp.datasus.gov.br/dissemin/publicos/SIHSUS/200801_/Dados/RDGO2003.dbc,curl,2026-08-31T08:13:46.704024+00:00,RDGO2003.dbc,2061858,2f79111fa79319b33a3b22e4b9e947e58e4bc475de5cfbf43ce9c35d8c649244,60902ed872c4899e05a4c7f8b2daf5a1dfe7457192e488063fa3b7ef47256dc1,data/raw/phase3/SIH/RDGO2003.dbc,Acquisition only; scientific gates evaluated separately.,RDGO2003.dbc,05-07-21  04:40PM,FTP LIST; server timezone unspecified,2026-08-31T08:49:18.750283+00:00
DATASUS,SIH,2020-04,GO,2020-04,ftp://ftp.datasus.gov.br/dissemin/publicos/SIHSUS/200801_/Dados/RDGO2004.dbc,ftp://ftp.datasus.gov.br/dissemin/publicos/SIHSUS/200801_/Dados/RDGO2004.dbc,curl,2026-08-31T08:13:46.635739+00:00,RDGO2004.dbc,1698472,5d1c12594c36ab0c4d8a8dce04dc90491517beb7fd136f914b9314dbbcdcb2b4,60902ed872c4899e05a4c7f8b2daf5a1dfe7457192e488063fa3b7ef47256dc1,data/raw/phase3/SIH/RDGO2004.dbc,Acquisition only; scientific gates evaluated separately.,RDGO2004.dbc,01-10-22  02:26PM,FTP LIST; server timezone unspecified,2026-08-31T08:49:18.750287+00:00
DATASUS,SIH,2020-05,GO,2020-05,ftp://ftp.datasus.gov.br/dissemin/publicos/SIHSUS/200801_/Dados/RDGO2005.dbc,ftp://ftp.datasus.gov.br/dissemin/publicos/SIHSUS/200801_/Dados/RDGO2005.dbc,curl,2026-08-31T08:13:46.916828+00:00,RDGO2005.dbc,1765904,98937f6742d3e05d1f1cfd2a292a2a4f669cc402e02dc06455fd6dba03af7fae,60902ed872c4899e05a4c7f8b2daf5a1dfe7457192e488063fa3b7ef47256dc1,data/raw/phase3/SIH/RDGO2005.dbc,Acquisition only; scientific gates evaluated separately.,RDGO2005.dbc,01-10-22  02:26PM,FTP LIST; server timezone unspecified,2026-08-31T08:49:18.750293+00:00
DATASUS,SIH,2020-06,GO,2020-06,ftp://ftp.datasus.gov.br/dissemin/publicos/SIHSUS/200801_/Dados/RDGO2006.dbc,ftp://ftp.datasus.gov.br/dissemin/publicos/SIHSUS/200801_/Dados/RDGO2006.dbc,curl,2026-08-31T08:13:46.907399+00:00,RDGO2006.dbc,1722573,ad0c3ffa9291a3094e63785b9bd104d3458a05f83e7d7ab4881bb2f3afb0ddd1,60902ed872c4899e05a4c7f8b2daf5a1dfe7457192e488063fa3b7ef47256dc1,data/raw/phase3/SIH/RDGO2006.dbc,Acquisition only; scientific gates evaluated separately.,RDGO2006.dbc,01-10-22  02:26PM,FTP LIST; server timezone unspecified,2026-08-31T08:49:18.750296+00:00
DATASUS,SIH,2020-07,GO,2020-07,ftp://ftp.datasus.gov.br/dissemin/publicos/SIHSUS/200801_/Dados/RDGO2007.dbc,ftp://ftp.datasus.gov.br/dissemin/publicos/SIHSUS/200801_/Dados/RDGO2007.dbc,curl,2026-08-31T08:13:47.918364+00:00,RDGO2007.dbc,1822089,5bd6cc58236fb0750e3f949ded4dc1a5726f3c3cae561f2b86fd44aacf5cb384,60902ed872c4899e05a4c7f8b2daf5a1dfe7457192e488063fa3b7ef47256dc1,data/raw/phase3/SIH/RDGO2007.dbc,Acquisition only; scientific gates evaluated separately.,RDGO2007.dbc,01-10-22  02:26PM,FTP LIST; server timezone unspecified,2026-08-31T08:49:18.750299+00:00
DATASUS,SIH,2020-08,GO,2020-08,ftp://ftp.datasus.gov.br/dissemin/publicos/SIHSUS/200801_/Dados/RDGO2008.dbc,ftp://ftp.datasus.gov.br/dissemin/publicos/SIHSUS/200801_/Dados/RDGO2008.dbc,curl,2026-08-31T08:13:48.016528+00:00,RDGO2008.dbc,1946454,46a62f83c437bf724975bdabc1c1b2f105af700796524580c20f81607f49e4a3,60902ed872c4899e05a4c7f8b2daf5a1dfe7457192e488063fa3b7ef47256dc1,data/raw/phase3/SIH/RDGO2008.dbc,Acquisition only; scientific gates evaluated separately.,RDGO2008.dbc,02-07-22  10:09AM,FTP LIST; server timezone unspecified,2026-08-31T08:49:18.750304+00:00
DATASUS,SIH,2020-09,GO,2020-09,ftp://ftp.datasus.gov.br/dissemin/publicos/SIHSUS/200801_/Dados/RDGO2009.dbc,ftp://ftp.datasus.gov.br/dissemin/publicos/SIHSUS/200801_/Dados/RDGO2009.dbc,curl,2026-08-31T08:13:48.225458+00:00,RDGO2009.dbc,1894834,cca3c12eb9370152e970f6070bc2e7d109295db91e0182d74c74307fecf2a7d8,60902ed872c4899e05a4c7f8b2daf5a1dfe7457192e488063fa3b7ef47256dc1,data/raw/phase3/SIH/RDGO2009.dbc,Acquisition only; scientific gates evaluated separately.,RDGO2009.dbc,02-07-22  10:09AM,FTP LIST; server timezone unspecified,2026-08-31T08:49:18.750307+00:00
DATASUS,SIH,2020-10,GO,2020-10,ftp://ftp.datasus.gov.br/dissemin/publicos/SIHSUS/200801_/Dados/RDGO2010.dbc,ftp://ftp.datasus.gov.br/dissemin/publicos/SIHSUS/200801_/Dados/RDGO2010.dbc,curl,2026-08-31T08:13:48.286847+00:00,RDGO2010.dbc,2000493,d46fb80d1d0b22ce281ba6a359cd7126dcd656e1ee6f9eec640bacfee853c5a1,60902ed872c4899e05a4c7f8b2daf5a1dfe7457192e488063fa3b7ef47256dc1,data/raw/phase3/SIH/RDGO2010.dbc,Acquisition only; scientific gates evaluated separately.,RDGO2010.dbc,02-07-22  10:09AM,FTP LIST; server timezone unspecified,2026-08-31T08:49:18.750310+00:00
DATASUS,SIH,2020-11,GO,2020-11,ftp://ftp.datasus.gov.br/dissemin/publicos/SIHSUS/200801_/Dados/RDGO2011.dbc,ftp://ftp.datasus.gov.br/dissemin/publicos/SIHSUS/200801_/Dados/RDGO2011.dbc,curl,2026-08-31T08:13:49.239039+00:00,RDGO2011.dbc,1894991,e778d0da6d0c0a7cd0af368403a35c8c8f8acd6b283fc47e2603ccae4dfbd7e7,60902ed872c4899e05a4c7f8b2daf5a1dfe7457192e488063fa3b7ef47256dc1,data/raw/phase3/SIH/RDGO2011.dbc,Acquisition only; scientific gates evaluated separately.,RDGO2011.dbc,02-07-22  10:09AM,FTP LIST; server timezone unspecified,2026-08-31T08:49:18.750321+00:00
DATASUS,SIH,2020-12,GO,2020-12,ftp://ftp.datasus.gov.br/dissemin/publicos/SIHSUS/200801_/Dados/RDGO2012.dbc,ftp://ftp.datasus.gov.br/dissemin/publicos/SIHSUS/200801_/Dados/RDGO2012.dbc,curl,2026-08-31T08:13:49.350571+00:00,RDGO2012.dbc,1938449,91d9aafa6d97d2ce873eb7c6f589ff2ded71007fd95635d2b212be6397c1dd90,60902ed872c4899e05a4c7f8b2daf5a1dfe7457192e488063fa3b7ef47256dc1,data/raw/phase3/SIH/RDGO2012.dbc,Acquisition only; scientific gates evaluated separately.,RDGO2012.dbc,03-07-22  01:15PM,FTP LIST; server timezone unspecified,2026-08-31T08:49:18.750325+00:00
DATASUS,SIH,2021-01,GO,2021-01,ftp://ftp.datasus.gov.br/dissemin/publicos/SIHSUS/200801_/Dados/RDGO2101.dbc,ftp://ftp.datasus.gov.br/dissemin/publicos/SIHSUS/200801_/Dados/RDGO2101.dbc,curl,2026-08-31T08:13:49.561939+00:00,RDGO2101.dbc,1982942,ff94782d0881d62b6f281d6c876da6ea6414fdfecfdb41d01a7225d70c47b398,60902ed872c4899e05a4c7f8b2daf5a1dfe7457192e488063fa3b7ef47256dc1,data/raw/phase3/SIH/RDGO2101.dbc,Acquisition only; scientific gates evaluated separately.,RDGO2101.dbc,03-07-22  01:15PM,FTP LIST; server timezone unspecified,2026-08-31T08:49:18.750330+00:00
DATASUS,SIH,2021-02,GO,2021-02,ftp://ftp.datasus.gov.br/dissemin/publicos/SIHSUS/200801_/Dados/RDGO2102.dbc,ftp://ftp.datasus.gov.br/dissemin/publicos/SIHSUS/200801_/Dados/RDGO2102.dbc,curl,2026-08-31T08:13:49.593519+00:00,RDGO2102.dbc,1903227,d9a6b48ea6abecd29a63e566c849209a05c35e5d79d9839675e5a9347dd8f02b,60902ed872c4899e05a4c7f8b2daf5a1dfe7457192e488063fa3b7ef47256dc1,data/raw/phase3/SIH/RDGO2102.dbc,Acquisition only; scientific gates evaluated separately.,RDGO2102.dbc,04-11-22  07:24PM,FTP LIST; server timezone unspecified,2026-08-31T08:49:18.750333+00:00
DATASUS,SIH,2021-03,GO,2021-03,ftp://ftp.datasus.gov.br/dissemin/publicos/SIHSUS/200801_/Dados/RDGO2103.dbc,ftp://ftp.datasus.gov.br/dissemin/publicos/SIHSUS/200801_/Dados/RDGO2103.dbc,curl,2026-08-31T08:13:50.639866+00:00,RDGO2103.dbc,2104314,52515c5c868980c8e5b011882d4b9019d5c70888d2e59877730e0c7ea49e62d4,60902ed872c4899e05a4c7f8b2daf5a1dfe7457192e488063fa3b7ef47256dc1,data/raw/phase3/SIH/RDGO2103.dbc,Acquisition only; scientific gates evaluated separately.,RDGO2103.dbc,05-04-22  12:35PM,FTP LIST; server timezone unspecified,2026-08-31T08:49:18.750336+00:00
DATASUS,SIH,2021-04,GO,2021-04,ftp://ftp.datasus.gov.br/dissemin/publicos/SIHSUS/200801_/Dados/RDGO2104.dbc,ftp://ftp.datasus.gov.br/dissemin/publicos/SIHSUS/200801_/Dados/RDGO2104.dbc,curl,2026-08-31T08:13:50.729621+00:00,RDGO2104.dbc,1975727,fb9ae56e32d1ab37d5a0715da2783911c0273ac70fdc1388134f69afaecd577a,60902ed872c4899e05a4c7f8b2daf5a1dfe7457192e488063fa3b7ef47256dc1,data/raw/phase3/SIH/RDGO2104.dbc,Acquisition only; scientific gates evaluated separately.,RDGO2104.dbc,05-04-22  12:35PM,FTP LIST; server timezone unspecified,2026-08-31T08:49:18.750339+00:00
DATASUS,SIH,2021-05,GO,2021-05,ftp://ftp.datasus.gov.br/dissemin/publicos/SIHSUS/200801_/Dados/RDGO2105.dbc,ftp://ftp.datasus.gov.br/dissemin/publicos/SIHSUS/200801_/Dados/RDGO2105.dbc,curl,2026-08-31T08:13:50.997335+00:00,RDGO2105.dbc,2099140,1e8eebb208f557a1c0b64fc14d1215fc814b883468b92a92ae2ee13506a33c5f,60902ed872c4899e05a4c7f8b2daf5a1dfe7457192e488063fa3b7ef47256dc1,data/raw/phase3/SIH/RDGO2105.dbc,Acquisition only; scientific gates evaluated separately.,RDGO2105.dbc,06-03-22  01:06PM,FTP LIST; server timezone unspecified,2026-08-31T08:49:18.750342+00:00
DATASUS,SIH,2021-06,GO,2021-06,ftp://ftp.datasus.gov.br/dissemin/publicos/SIHSUS/200801_/Dados/RDGO2106.dbc,ftp://ftp.datasus.gov.br/dissemin/publicos/SIHSUS/200801_/Dados/RDGO2106.dbc,curl,2026-08-31T08:13:50.955220+00:00,RDGO2106.dbc,2116004,bae54b5b168d6c5b1a9713f9ccf1e0be38904660351a3112ecb29cc09ef28b20,60902ed872c4899e05a4c7f8b2daf5a1dfe7457192e488063fa3b7ef47256dc1,data/raw/phase3/SIH/RDGO2106.dbc,Acquisition only; scientific gates evaluated separately.,RDGO2106.dbc,07-06-22  01:13PM,FTP LIST; server timezone unspecified,2026-08-31T08:49:18.750347+00:00
DATASUS,SIH,2021-07,GO,2021-07,ftp://ftp.datasus.gov.br/dissemin/publicos/SIHSUS/200801_/Dados/RDGO2107.dbc,ftp://ftp.datasus.gov.br/dissemin/publicos/SIHSUS/200801_/Dados/RDGO2107.dbc,curl,2026-08-31T08:13:52.075681+00:00,RDGO2107.dbc,2180525,62074c8f2ef113b071adfde38c64e980adb024b8cd49850a3552b8535cb38d23,60902ed872c4899e05a4c7f8b2daf5a1dfe7457192e488063fa3b7ef47256dc1,data/raw/phase3/SIH/RDGO2107.dbc,Acquisition only; scientific gates evaluated separately.,RDGO2107.dbc,08-04-22  03:45PM,FTP LIST; server timezone unspecified,2026-08-31T08:49:18.750350+00:00
DATASUS,SIH,2021-08,GO,2021-08,ftp://ftp.datasus.gov.br/dissemin/publicos/SIHSUS/200801_/Dados/RDGO2108.dbc,ftp://ftp.datasus.gov.br/dissemin/publicos/SIHSUS/200801_/Dados/RDGO2108.dbc,curl,2026-08-31T08:13:52.110565+00:00,RDGO2108.dbc,2236282,45a76851eb0a1be9a4713ff1f9dc42ffb7b6f9462bd14fcf89ef78e183a7bc0a,60902ed872c4899e05a4c7f8b2daf5a1dfe7457192e488063fa3b7ef47256dc1,data/raw/phase3/SIH/RDGO2108.dbc,Acquisition only; scientific gates evaluated separately.,RDGO2108.dbc,09-06-22  11:19AM,FTP LIST; server timezone unspecified,2026-08-31T08:49:18.750353+00:00
DATASUS,SIH,2021-09,GO,2021-09,ftp://ftp.datasus.gov.br/dissemin/publicos/SIHSUS/200801_/Dados/RDGO2109.dbc,ftp://ftp.datasus.gov.br/dissemin/publicos/SIHSUS/200801_/Dados/RDGO2109.dbc,curl,2026-08-31T08:13:52.308865+00:00,RDGO2109.dbc,2235282,af52a741dd11395a4db1639ba7e1ddf2152448c07c9eace34eb8fb45471499f9,60902ed872c4899e05a4c7f8b2daf5a1dfe7457192e488063fa3b7ef47256dc1,data/raw/phase3/SIH/RDGO2109.dbc,Acquisition only; scientific gates evaluated separately.,RDGO2109.dbc,10-05-22  02:28PM,FTP LIST; server timezone unspecified,2026-08-31T08:49:18.750356+00:00
DATASUS,SIH,2021-10,GO,2021-10,ftp://ftp.datasus.gov.br/dissemin/publicos/SIHSUS/200801_/Dados/RDGO2110.dbc,ftp://ftp.datasus.gov.br/dissemin/publicos/SIHSUS/200801_/Dados/RDGO2110.dbc,curl,2026-08-31T08:13:52.423956+00:00,RDGO2110.dbc,2240221,2715ca4fba3a02158d9c8fa653b02a96f1fc4c48ac3b9353eca7ec4dcd00a4e7,60902ed872c4899e05a4c7f8b2daf5a1dfe7457192e488063fa3b7ef47256dc1,data/raw/phase3/SIH/RDGO2110.dbc,Acquisition only; scientific gates evaluated separately.,RDGO2110.dbc,11-03-22  05:56PM,FTP LIST; server timezone unspecified,2026-08-31T08:49:18.750359+00:00
DATASUS,SIH,2021-11,GO,2021-11,ftp://ftp.datasus.gov.br/dissemin/publicos/SIHSUS/200801_/Dados/RDGO2111.dbc,ftp://ftp.datasus.gov.br/dissemin/publicos/SIHSUS/200801_/Dados/RDGO2111.dbc,curl,2026-08-31T08:13:53.402842+00:00,RDGO2111.dbc,1870886,d145539530976edb553dc5848c0c2c55f03c337821b1151ad33fb3f6cffc00df,60902ed872c4899e05a4c7f8b2daf5a1dfe7457192e488063fa3b7ef47256dc1,data/raw/phase3/SIH/RDGO2111.dbc,Acquisition only; scientific gates evaluated separately.,RDGO2111.dbc,12-06-22  04:25PM,FTP LIST; server timezone unspecified,2026-08-31T08:49:18.750362+00:00
DATASUS,SIH,2021-12,GO,2021-12,ftp://ftp.datasus.gov.br/dissemin/publicos/SIHSUS/200801_/Dados/RDGO2112.dbc,ftp://ftp.datasus.gov.br/dissemin/publicos/SIHSUS/200801_/Dados/RDGO2112.dbc,curl,2026-08-31T08:13:53.437423+00:00,RDGO2112.dbc,1957874,e412a69a4e1009dd1e5ee0dcc80c7e3f22477ef2a0261fda1c42907e16e1a164,60902ed872c4899e05a4c7f8b2daf5a1dfe7457192e488063fa3b7ef47256dc1,data/raw/phase3/SIH/RDGO2112.dbc,Acquisition only; scientific gates evaluated separately.,RDGO2112.dbc,01-04-23  12:48PM,FTP LIST; server timezone unspecified,2026-08-31T08:49:18.750365+00:00
DATASUS,SIH,2020-01,MA,2020-01,ftp://ftp.datasus.gov.br/dissemin/publicos/SIHSUS/200801_/Dados/RDMA2001.dbc,ftp://ftp.datasus.gov.br/dissemin/publicos/SIHSUS/200801_/Dados/RDMA2001.dbc,curl,2026-08-31T08:13:53.773891+00:00,RDMA2001.dbc,2542227,6bb4313d6a68497a2f2cc06b56bb0d6529b3664640fbea43b67a5c53d700cbb7,60902ed872c4899e05a4c7f8b2daf5a1dfe7457192e488063fa3b7ef47256dc1,data/raw/phase3/SIH/RDMA2001.dbc,Acquisition only; scientific gates evaluated separately.,RDMA2001.dbc,04-05-21  01:26PM,FTP LIST; server timezone unspecified,2026-08-31T08:49:18.750373+00:00
DATASUS,SIH,2020-02,MA,2020-02,ftp://ftp.datasus.gov.br/dissemin/publicos/SIHSUS/200801_/Dados/RDMA2002.dbc,ftp://ftp.datasus.gov.br/dissemin/publicos/SIHSUS/200801_/Dados/RDMA2002.dbc,curl,2026-08-31T08:13:53.881729+00:00,RDMA2002.dbc,2405520,81302644b55763261ca7418d6cd5e7570609b9523c02664a5e3851bb72a97e3a,60902ed872c4899e05a4c7f8b2daf5a1dfe7457192e488063fa3b7ef47256dc1,data/raw/phase3/SIH/RDMA2002.dbc,Acquisition only; scientific gates evaluated separately.,RDMA2002.dbc,05-07-21  04:40PM,FTP LIST; server timezone unspecified,2026-08-31T08:49:18.750376+00:00
DATASUS,SIH,2020-03,MA,2020-03,ftp://ftp.datasus.gov.br/dissemin/publicos/SIHSUS/200801_/Dados/RDMA2003.dbc,ftp://ftp.datasus.gov.br/dissemin/publicos/SIHSUS/200801_/Dados/RDMA2003.dbc,curl,2026-08-31T08:13:54.905406+00:00,RDMA2003.dbc,2311745,fa74970b5025d07a945696e553549f96b21fb6eb67ea0cfaecbc2e0e69601191,60902ed872c4899e05a4c7f8b2daf5a1dfe7457192e488063fa3b7ef47256dc1,data/raw/phase3/SIH/RDMA2003.dbc,Acquisition only; scientific gates evaluated separately.,RDMA2003.dbc,05-07-21  04:40PM,FTP LIST; server timezone unspecified,2026-08-31T08:49:18.750379+00:00
DATASUS,SIH,2020-04,MA,2020-04,ftp://ftp.datasus.gov.br/dissemin/publicos/SIHSUS/200801_/Dados/RDMA2004.dbc,ftp://ftp.datasus.gov.br/dissemin/publicos/SIHSUS/200801_/Dados/RDMA2004.dbc,curl,2026-08-31T08:13:54.806153+00:00,RDMA2004.dbc,1850608,6f767b7bfc877f3272a70f24c849a9f812f01c8be00e22a2be2924c656d73926,60902ed872c4899e05a4c7f8b2daf5a1dfe7457192e488063fa3b7ef47256dc1,data/raw/phase3/SIH/RDMA2004.dbc,Acquisition only; scientific gates evaluated separately.,RDMA2004.dbc,01-10-22  02:26PM,FTP LIST; server timezone unspecified,2026-08-31T08:49:18.750382+00:00
DATASUS,SIH,2020-05,MA,2020-05,ftp://ftp.datasus.gov.br/dissemin/publicos/SIHSUS/200801_/Dados/RDMA2005.dbc,ftp://ftp.datasus.gov.br/dissemin/publicos/SIHSUS/200801_/Dados/RDMA2005.dbc,curl,2026-08-31T08:13:55.148705+00:00,RDMA2005.dbc,1910238,3b844e48a799ef8c736584eb121d4ddad06d345c3e2676cf7c3db110b2044779,60902ed872c4899e05a4c7f8b2daf5a1dfe7457192e488063fa3b7ef47256dc1,data/raw/phase3/SIH/RDMA2005.dbc,Acquisition only; scientific gates evaluated separately.,RDMA2005.dbc,01-10-22  02:26PM,FTP LIST; server timezone unspecified,2026-08-31T08:49:18.750385+00:00
DATASUS,SIH,2020-06,MA,2020-06,ftp://ftp.datasus.gov.br/dissemin/publicos/SIHSUS/200801_/Dados/RDMA2006.dbc,ftp://ftp.datasus.gov.br/dissemin/publicos/SIHSUS/200801_/Dados/RDMA2006.dbc,curl,2026-08-31T08:13:55.224971+00:00,RDMA2006.dbc,1886032,5b58d4769e0690faba69641101c7ddabee3860e695489b278f188ef3c3ce7aba,60902ed872c4899e05a4c7f8b2daf5a1dfe7457192e488063fa3b7ef47256dc1,data/raw/phase3/SIH/RDMA2006.dbc,Acquisition only; scientific gates evaluated separately.,RDMA2006.dbc,01-10-22  02:26PM,FTP LIST; server timezone unspecified,2026-08-31T08:49:18.750389+00:00
DATASUS,SIH,2020-07,MA,2020-07,ftp://ftp.datasus.gov.br/dissemin/publicos/SIHSUS/200801_/Dados/RDMA2007.dbc,ftp://ftp.datasus.gov.br/dissemin/publicos/SIHSUS/200801_/Dados/RDMA2007.dbc,curl,2026-08-31T08:13:56.205816+00:00,RDMA2007.dbc,2049604,63b4847d06816301a3471cedb21144052457ca2ebd0b09796cee46f276c00ffc,60902ed872c4899e05a4c7f8b2daf5a1dfe7457192e488063fa3b7ef47256dc1,data/raw/phase3/SIH/RDMA2007.dbc,Acquisition only; scientific gates evaluated separately.,RDMA2007.dbc,01-10-22  02:26PM,FTP LIST; server timezone unspecified,2026-08-31T08:49:18.750392+00:00
DATASUS,SIH,2020-08,MA,2020-08,ftp://ftp.datasus.gov.br/dissemin/publicos/SIHSUS/200801_/Dados/RDMA2008.dbc,ftp://ftp.datasus.gov.br/dissemin/publicos/SIHSUS/200801_/Dados/RDMA2008.dbc,curl,2026-08-31T08:13:56.283644+00:00,RDMA2008.dbc,2116525,dfbe6ee76c7ea0c67f55fd6d2fdca18f4b1ffcb471065f24d18fa2e5f86cdf83,60902ed872c4899e05a4c7f8b2daf5a1dfe7457192e488063fa3b7ef47256dc1,data/raw/phase3/SIH/RDMA2008.dbc,Acquisition only; scientific gates evaluated separately.,RDMA2008.dbc,02-07-22  10:09AM,FTP LIST; server timezone unspecified,2026-08-31T08:49:18.750395+00:00
DATASUS,SIH,2020-09,MA,2020-09,ftp://ftp.datasus.gov.br/dissemin/publicos/SIHSUS/200801_/Dados/RDMA2009.dbc,ftp://ftp.datasus.gov.br/dissemin/publicos/SIHSUS/200801_/Dados/RDMA2009.dbc,curl,2026-08-31T08:13:56.545390+00:00,RDMA2009.dbc,2137179,9fb3a7d0a26cca6965d46f0b18c0161d04a4524b5759704b0ad51aa21e92963f,60902ed872c4899e05a4c7f8b2daf5a1dfe7457192e488063fa3b7ef47256dc1,data/raw/phase3/SIH/RDMA2009.dbc,Acquisition only; scientific gates evaluated separately.,RDMA2009.dbc,02-07-22  10:09AM,FTP LIST; server timezone unspecified,2026-08-31T08:49:18.750398+00:00
DATASUS,SIH,2020-10,MA,2020-10,ftp://ftp.datasus.gov.br/dissemin/publicos/SIHSUS/200801_/Dados/RDMA2010.dbc,ftp://ftp.datasus.gov.br/dissemin/publicos/SIHSUS/200801_/Dados/RDMA2010.dbc,curl,2026-08-31T08:13:56.614627+00:00,RDMA2010.dbc,2294730,a5832e6733109a877d4c1a4461856f87f3137699cad4c5fcf17dad52d28af12d,60902ed872c4899e05a4c7f8b2daf5a1dfe7457192e488063fa3b7ef47256dc1,data/raw/phase3/SIH/RDMA2010.dbc,Acquisition only; scientific gates evaluated separately.,RDMA2010.dbc,02-07-22  10:09AM,FTP LIST; server timezone unspecified,2026-08-31T08:49:18.750401+00:00
DATASUS,SIH,2020-11,MA,2020-11,ftp://ftp.datasus.gov.br/dissemin/publicos/SIHSUS/200801_/Dados/RDMA2011.dbc,ftp://ftp.datasus.gov.br/dissemin/publicos/SIHSUS/200801_/Dados/RDMA2011.dbc,curl,2026-08-31T08:13:57.607279+00:00,RDMA2011.dbc,2228156,1d1266d45b11bd644d022b2bd5ff1cdb1a7de4ca40d03a9ccc70dde27c6be3eb,60902ed872c4899e05a4c7f8b2daf5a1dfe7457192e488063fa3b7ef47256dc1,data/raw/phase3/SIH/RDMA2011.dbc,Acquisition only; scientific gates evaluated separately.,RDMA2011.dbc,02-07-22  10:09AM,FTP LIST; server timezone unspecified,2026-08-31T08:49:18.750404+00:00
DATASUS,SIH,2020-12,MA,2020-12,ftp://ftp.datasus.gov.br/dissemin/publicos/SIHSUS/200801_/Dados/RDMA2012.dbc,ftp://ftp.datasus.gov.br/dissemin/publicos/SIHSUS/200801_/Dados/RDMA2012.dbc,curl,2026-08-31T08:13:58.158709+00:00,RDMA2012.dbc,2093927,0756ccb3bc36a9ca70a3c13d8c246142b8fd8f9ccfe32fe5bf7dd0b9c497c855,60902ed872c4899e05a4c7f8b2daf5a1dfe7457192e488063fa3b7ef47256dc1,data/raw/phase3/SIH/RDMA2012.dbc,Acquisition only; scientific gates evaluated separately.,RDMA2012.dbc,03-07-22  01:15PM,FTP LIST; server timezone unspecified,2026-08-31T08:49:18.750407+00:00
DATASUS,SIH,2021-01,MA,2021-01,ftp://ftp.datasus.gov.br/dissemin/publicos/SIHSUS/200801_/Dados/RDMA2101.dbc,ftp://ftp.datasus.gov.br/dissemin/publicos/SIHSUS/200801_/Dados/RDMA2101.dbc,curl,2026-08-31T08:13:57.974497+00:00,RDMA2101.dbc,2263061,5c9c02d09da8568636bdd170f555cf0762d2a25f91152d88047bdeac0681614c,60902ed872c4899e05a4c7f8b2daf5a1dfe7457192e488063fa3b7ef47256dc1,data/raw/phase3/SIH/RDMA2101.dbc,Acquisition only; scientific gates evaluated separately.,RDMA2101.dbc,03-07-22  01:15PM,FTP LIST; server timezone unspecified,2026-08-31T08:49:18.750410+00:00
DATASUS,SIH,2021-02,MA,2021-02,ftp://ftp.datasus.gov.br/dissemin/publicos/SIHSUS/200801_/Dados/RDMA2102.dbc,ftp://ftp.datasus.gov.br/dissemin/publicos/SIHSUS/200801_/Dados/RDMA2102.dbc,curl,2026-08-31T08:13:58.081535+00:00,RDMA2102.dbc,2232392,828f7a8180cc0f1b096893d0c384ad2e05ef485ddaf4a0b97e18832e184f91da,60902ed872c4899e05a4c7f8b2daf5a1dfe7457192e488063fa3b7ef47256dc1,data/raw/phase3/SIH/RDMA2102.dbc,Acquisition only; scientific gates evaluated separately.,RDMA2102.dbc,04-11-22  07:24PM,FTP LIST; server timezone unspecified,2026-08-31T08:49:18.750458+00:00
DATASUS,SIH,2021-03,MA,2021-03,ftp://ftp.datasus.gov.br/dissemin/publicos/SIHSUS/200801_/Dados/RDMA2103.dbc,ftp://ftp.datasus.gov.br/dissemin/publicos/SIHSUS/200801_/Dados/RDMA2103.dbc,curl,2026-08-31T08:13:59.131648+00:00,RDMA2103.dbc,2470780,fce57dae04f0ebda318ce82349243d9098dd4df51b7747ea1dbd68d4c9d42b28,60902ed872c4899e05a4c7f8b2daf5a1dfe7457192e488063fa3b7ef47256dc1,data/raw/phase3/SIH/RDMA2103.dbc,Acquisition only; scientific gates evaluated separately.,RDMA2103.dbc,05-04-22  12:35PM,FTP LIST; server timezone unspecified,2026-08-31T08:49:18.750471+00:00
DATASUS,SIH,2021-04,MA,2021-04,ftp://ftp.datasus.gov.br/dissemin/publicos/SIHSUS/200801_/Dados/RDMA2104.dbc,ftp://ftp.datasus.gov.br/dissemin/publicos/SIHSUS/200801_/Dados/RDMA2104.dbc,curl,2026-08-31T08:13:59.410193+00:00,RDMA2104.dbc,2313558,06cd57932728057be970d19f1ac3a3406d46ffbf094668924f119b195ffad883,60902ed872c4899e05a4c7f8b2daf5a1dfe7457192e488063fa3b7ef47256dc1,data/raw/phase3/SIH/RDMA2104.dbc,Acquisition only; scientific gates evaluated separately.,RDMA2104.dbc,05-04-22  12:35PM,FTP LIST; server timezone unspecified,2026-08-31T08:49:18.750475+00:00
DATASUS,SIH,2021-05,MA,2021-05,ftp://ftp.datasus.gov.br/dissemin/publicos/SIHSUS/200801_/Dados/RDMA2105.dbc,ftp://ftp.datasus.gov.br/dissemin/publicos/SIHSUS/200801_/Dados/RDMA2105.dbc,curl,2026-08-31T08:13:59.595392+00:00,RDMA2105.dbc,2511252,89b6d902b41e78e4651d3ff59c1f0925c13e066ce1a2dd5cab30a59cce008973,60902ed872c4899e05a4c7f8b2daf5a1dfe7457192e488063fa3b7ef47256dc1,data/raw/phase3/SIH/RDMA2105.dbc,Acquisition only; scientific gates evaluated separately.,RDMA2105.dbc,06-03-22  01:06PM,FTP LIST; server timezone unspecified,2026-08-31T08:49:18.750479+00:00
DATASUS,SIH,2021-06,MA,2021-06,ftp://ftp.datasus.gov.br/dissemin/publicos/SIHSUS/200801_/Dados/RDMA2106.dbc,ftp://ftp.datasus.gov.br/dissemin/publicos/SIHSUS/200801_/Dados/RDMA2106.dbc,curl,2026-08-31T08:13:59.656525+00:00,RDMA2106.dbc,2481745,2e68b564e922f76162527c4c8b9cee5a65d2d535dca0b15e1c56fde13ef26465,60902ed872c4899e05a4c7f8b2daf5a1dfe7457192e488063fa3b7ef47256dc1,data/raw/phase3/SIH/RDMA2106.dbc,Acquisition only; scientific gates evaluated separately.,RDMA2106.dbc,07-06-22  01:13PM,FTP LIST; server timezone unspecified,2026-08-31T08:49:18.750482+00:00
DATASUS,SIH,2021-07,MA,2021-07,ftp://ftp.datasus.gov.br/dissemin/publicos/SIHSUS/200801_/Dados/RDMA2107.dbc,ftp://ftp.datasus.gov.br/dissemin/publicos/SIHSUS/200801_/Dados/RDMA2107.dbc,curl,2026-08-31T08:14:00.667488+00:00,RDMA2107.dbc,2537539,7c529568f1aa913499ca62e339bcb35855a46c13652917f4020e67bb3d56477b,60902ed872c4899e05a4c7f8b2daf5a1dfe7457192e488063fa3b7ef47256dc1,data/raw/phase3/SIH/RDMA2107.dbc,Acquisition only; scientific gates evaluated separately.,RDMA2107.dbc,08-04-22  03:45PM,FTP LIST; server timezone unspecified,2026-08-31T08:49:18.750485+00:00
DATASUS,SIH,2021-08,MA,2021-08,ftp://ftp.datasus.gov.br/dissemin/publicos/SIHSUS/200801_/Dados/RDMA2108.dbc,ftp://ftp.datasus.gov.br/dissemin/publicos/SIHSUS/200801_/Dados/RDMA2108.dbc,curl,2026-08-31T08:14:00.896886+00:00,RDMA2108.dbc,2525516,54a9d601e5f5951aa82888376a56f4a806086cb680eb6ec2e993b8bec7919a8c,60902ed872c4899e05a4c7f8b2daf5a1dfe7457192e488063fa3b7ef47256dc1,data/raw/phase3/SIH/RDMA2108.dbc,Acquisition only; scientific gates evaluated separately.,RDMA2108.dbc,09-06-22  11:19AM,FTP LIST; server timezone unspecified,2026-08-31T08:49:18.750488+00:00
DATASUS,SIH,2021-09,MA,2021-09,ftp://ftp.datasus.gov.br/dissemin/publicos/SIHSUS/200801_/Dados/RDMA2109.dbc,ftp://ftp.datasus.gov.br/dissemin/publicos/SIHSUS/200801_/Dados/RDMA2109.dbc,curl,2026-08-31T08:14:01.082378+00:00,RDMA2109.dbc,2471509,c0df69b8d2d22cd53b396404b6cc3b8f396fa833f1bbf1804202f506aa459972,60902ed872c4899e05a4c7f8b2daf5a1dfe7457192e488063fa3b7ef47256dc1,data/raw/phase3/SIH/RDMA2109.dbc,Acquisition only; scientific gates evaluated separately.,RDMA2109.dbc,10-05-22  02:28PM,FTP LIST; server timezone unspecified,2026-08-31T08:49:18.750491+00:00
DATASUS,SIH,2021-10,MA,2021-10,ftp://ftp.datasus.gov.br/dissemin/publicos/SIHSUS/200801_/Dados/RDMA2110.dbc,ftp://ftp.datasus.gov.br/dissemin/publicos/SIHSUS/200801_/Dados/RDMA2110.dbc,curl,2026-08-31T08:14:01.103765+00:00,RDMA2110.dbc,2481623,dbd200119a3c48285383976afed7419388f454a399b40c644069b15f5824ded0,60902ed872c4899e05a4c7f8b2daf5a1dfe7457192e488063fa3b7ef47256dc1,data/raw/phase3/SIH/RDMA2110.dbc,Acquisition only; scientific gates evaluated separately.,RDMA2110.dbc,11-03-22  05:56PM,FTP LIST; server timezone unspecified,2026-08-31T08:49:18.750495+00:00
DATASUS,SIH,2021-11,MA,2021-11,ftp://ftp.datasus.gov.br/dissemin/publicos/SIHSUS/200801_/Dados/RDMA2111.dbc,ftp://ftp.datasus.gov.br/dissemin/publicos/SIHSUS/200801_/Dados/RDMA2111.dbc,curl,2026-08-31T08:14:02.161056+00:00,RDMA2111.dbc,2402712,c3067af5137e6e6b0b0c7bd1be5f3357dddd5d4522a69278de8da7974ae55873,60902ed872c4899e05a4c7f8b2daf5a1dfe7457192e488063fa3b7ef47256dc1,data/raw/phase3/SIH/RDMA2111.dbc,Acquisition only; scientific gates evaluated separately.,RDMA2111.dbc,12-06-22  04:25PM,FTP LIST; server timezone unspecified,2026-08-31T08:49:18.750498+00:00
DATASUS,SIH,2021-12,MA,2021-12,ftp://ftp.datasus.gov.br/dissemin/publicos/SIHSUS/200801_/Dados/RDMA2112.dbc,ftp://ftp.datasus.gov.br/dissemin/publicos/SIHSUS/200801_/Dados/RDMA2112.dbc,curl,2026-08-31T08:14:02.431430+00:00,RDMA2112.dbc,2492807,bc6cb1a67a510b7bae2afcca2560bc226dc5ef322d3fb660a7bb64ee2417e56d,60902ed872c4899e05a4c7f8b2daf5a1dfe7457192e488063fa3b7ef47256dc1,data/raw/phase3/SIH/RDMA2112.dbc,Acquisition only; scientific gates evaluated separately.,RDMA2112.dbc,01-04-23  12:48PM,FTP LIST; server timezone unspecified,2026-08-31T08:49:18.750504+00:00
DATASUS,SIH,2020-01,MG,2020-01,ftp://ftp.datasus.gov.br/dissemin/publicos/SIHSUS/200801_/Dados/RDMG2001.dbc,ftp://ftp.datasus.gov.br/dissemin/publicos/SIHSUS/200801_/Dados/RDMG2001.dbc,curl,2026-08-31T08:14:04.189963+00:00,RDMG2001.dbc,8510778,bdad022b41dbab25f48d068429fb230765e40406b8944eb8e8af8dc2f0be5f0a,60902ed872c4899e05a4c7f8b2daf5a1dfe7457192e488063fa3b7ef47256dc1,data/raw/phase3/SIH/RDMG2001.dbc,Acquisition only; scientific gates evaluated separately.,RDMG2001.dbc,04-05-21  01:26PM,FTP LIST; server timezone unspecified,2026-08-31T08:49:18.750512+00:00
DATASUS,SIH,2020-02,MG,2020-02,ftp://ftp.datasus.gov.br/dissemin/publicos/SIHSUS/200801_/Dados/RDMG2002.dbc,ftp://ftp.datasus.gov.br/dissemin/publicos/SIHSUS/200801_/Dados/RDMG2002.dbc,curl,2026-08-31T08:14:04.085275+00:00,RDMG2002.dbc,7916969,9e4c355b7076a996c6c8e98747f0fc0dedac5c9c5b547dbad8a416d0c6faa7a3,60902ed872c4899e05a4c7f8b2daf5a1dfe7457192e488063fa3b7ef47256dc1,data/raw/phase3/SIH/RDMG2002.dbc,Acquisition only; scientific gates evaluated separately.,RDMG2002.dbc,05-07-21  04:40PM,FTP LIST; server timezone unspecified,2026-08-31T08:49:18.750515+00:00
DATASUS,SIH,2020-03,MG,2020-03,ftp://ftp.datasus.gov.br/dissemin/publicos/SIHSUS/200801_/Dados/RDMG2003.dbc,ftp://ftp.datasus.gov.br/dissemin/publicos/SIHSUS/200801_/Dados/RDMG2003.dbc,curl,2026-08-31T08:14:04.951415+00:00,RDMG2003.dbc,7511372,6f604e21d807ad0c71d1e1a42c0333958e54864b3063dcf358d125b9d1b76b5c,60902ed872c4899e05a4c7f8b2daf5a1dfe7457192e488063fa3b7ef47256dc1,data/raw/phase3/SIH/RDMG2003.dbc,Acquisition only; scientific gates evaluated separately.,RDMG2003.dbc,05-07-21  04:40PM,FTP LIST; server timezone unspecified,2026-08-31T08:49:18.750518+00:00
DATASUS,SIH,2020-04,MG,2020-04,ftp://ftp.datasus.gov.br/dissemin/publicos/SIHSUS/200801_/Dados/RDMG2004.dbc,ftp://ftp.datasus.gov.br/dissemin/publicos/SIHSUS/200801_/Dados/RDMG2004.dbc,curl,2026-08-31T08:14:05.050983+00:00,RDMG2004.dbc,6482414,0429305b1cd1d18cefd61757d0a90f872f85609e46a5d6bf84a3de78144c2eb8,60902ed872c4899e05a4c7f8b2daf5a1dfe7457192e488063fa3b7ef47256dc1,data/raw/phase3/SIH/RDMG2004.dbc,Acquisition only; scientific gates evaluated separately.,RDMG2004.dbc,01-10-22  02:26PM,FTP LIST; server timezone unspecified,2026-08-31T08:49:18.750522+00:00
DATASUS,SIH,2020-05,MG,2020-05,ftp://ftp.datasus.gov.br/dissemin/publicos/SIHSUS/200801_/Dados/RDMG2005.dbc,ftp://ftp.datasus.gov.br/dissemin/publicos/SIHSUS/200801_/Dados/RDMG2005.dbc,curl,2026-08-31T08:14:06.588991+00:00,RDMG2005.dbc,6615954,2e40c412d1939328b4545e6df16cb930d00d0b9626a3a48de4ccfdda6f58a6f0,60902ed872c4899e05a4c7f8b2daf5a1dfe7457192e488063fa3b7ef47256dc1,data/raw/phase3/SIH/RDMG2005.dbc,Acquisition only; scientific gates evaluated separately.,RDMG2005.dbc,01-10-22  02:26PM,FTP LIST; server timezone unspecified,2026-08-31T08:49:18.750527+00:00
DATASUS,SIH,2020-06,MG,2020-06,ftp://ftp.datasus.gov.br/dissemin/publicos/SIHSUS/200801_/Dados/RDMG2006.dbc,ftp://ftp.datasus.gov.br/dissemin/publicos/SIHSUS/200801_/Dados/RDMG2006.dbc,curl,2026-08-31T08:14:06.779139+00:00,RDMG2006.dbc,6521099,f0e08a919004568068f63976aba02420de18289b3a7ba51db4cbe381de9c8870,60902ed872c4899e05a4c7f8b2daf5a1dfe7457192e488063fa3b7ef47256dc1,data/raw/phase3/SIH/RDMG2006.dbc,Acquisition only; scientific gates evaluated separately.,RDMG2006.dbc,01-10-22  02:26PM,FTP LIST; server timezone unspecified,2026-08-31T08:49:18.750531+00:00
DATASUS,SIH,2020-07,MG,2020-07,ftp://ftp.datasus.gov.br/dissemin/publicos/SIHSUS/200801_/Dados/RDMG2007.dbc,ftp://ftp.datasus.gov.br/dissemin/publicos/SIHSUS/200801_/Dados/RDMG2007.dbc,curl,2026-08-31T08:14:07.658211+00:00,RDMG2007.dbc,7067951,8f5e94c5b541f3aa426962c4605ec308905af0be311ec6f81561ec1c5a1dec7a,60902ed872c4899e05a4c7f8b2daf5a1dfe7457192e488063fa3b7ef47256dc1,data/raw/phase3/SIH/RDMG2007.dbc,Acquisition only; scientific gates evaluated separately.,RDMG2007.dbc,01-10-22  02:26PM,FTP LIST; server timezone unspecified,2026-08-31T08:49:18.750535+00:00
DATASUS,SIH,2020-08,MG,2020-08,ftp://ftp.datasus.gov.br/dissemin/publicos/SIHSUS/200801_/Dados/RDMG2008.dbc,ftp://ftp.datasus.gov.br/dissemin/publicos/SIHSUS/200801_/Dados/RDMG2008.dbc,curl,2026-08-31T08:14:07.833196+00:00,RDMG2008.dbc,7084424,12acf2a98da65cf6e8f203cca3b729f2d6544f41c90a712d76f28363609df68e,60902ed872c4899e05a4c7f8b2daf5a1dfe7457192e488063fa3b7ef47256dc1,data/raw/phase3/SIH/RDMG2008.dbc,Acquisition only; scientific gates evaluated separately.,RDMG2008.dbc,02-07-22  10:09AM,FTP LIST; server timezone unspecified,2026-08-31T08:49:18.750539+00:00
DATASUS,SIH,2020-09,MG,2020-09,ftp://ftp.datasus.gov.br/dissemin/publicos/SIHSUS/200801_/Dados/RDMG2009.dbc,ftp://ftp.datasus.gov.br/dissemin/publicos/SIHSUS/200801_/Dados/RDMG2009.dbc,curl,2026-08-31T08:14:09.429506+00:00,RDMG2009.dbc,7273941,99bae36942dcc078f8ee131c0f6dfef19e2f01df8d5a42f472becd589295ee0d,60902ed872c4899e05a4c7f8b2daf5a1dfe7457192e488063fa3b7ef47256dc1,data/raw/phase3/SIH/RDMG2009.dbc,Acquisition only; scientific gates evaluated separately.,RDMG2009.dbc,02-07-22  10:09AM,FTP LIST; server timezone unspecified,2026-08-31T08:49:18.750542+00:00
DATASUS,SIH,2020-10,MG,2020-10,ftp://ftp.datasus.gov.br/dissemin/publicos/SIHSUS/200801_/Dados/RDMG2010.dbc,ftp://ftp.datasus.gov.br/dissemin/publicos/SIHSUS/200801_/Dados/RDMG2010.dbc,curl,2026-08-31T08:14:09.641175+00:00,RDMG2010.dbc,7539076,081ed8d5000a7e41396d15b39db9f4e383baab47494d2d018846f19c774bb2e4,60902ed872c4899e05a4c7f8b2daf5a1dfe7457192e488063fa3b7ef47256dc1,data/raw/phase3/SIH/RDMG2010.dbc,Acquisition only; scientific gates evaluated separately.,RDMG2010.dbc,02-07-22  10:09AM,FTP LIST; server timezone unspecified,2026-08-31T08:49:18.750546+00:00
DATASUS,SIH,2020-11,MG,2020-11,ftp://ftp.datasus.gov.br/dissemin/publicos/SIHSUS/200801_/Dados/RDMG2011.dbc,ftp://ftp.datasus.gov.br/dissemin/publicos/SIHSUS/200801_/Dados/RDMG2011.dbc,curl,2026-08-31T08:14:10.576422+00:00,RDMG2011.dbc,7464718,8abf06f4e0ca7ae319a3129b11011f8200aec22d763ea5321948c00d07f50fb1,60902ed872c4899e05a4c7f8b2daf5a1dfe7457192e488063fa3b7ef47256dc1,data/raw/phase3/SIH/RDMG2011.dbc,Acquisition only; scientific gates evaluated separately.,RDMG2011.dbc,02-07-22  10:09AM,FTP LIST; server timezone unspecified,2026-08-31T08:49:18.750549+00:00
DATASUS,SIH,2020-12,MG,2020-12,ftp://ftp.datasus.gov.br/dissemin/publicos/SIHSUS/200801_/Dados/RDMG2012.dbc,ftp://ftp.datasus.gov.br/dissemin/publicos/SIHSUS/200801_/Dados/RDMG2012.dbc,curl,2026-08-31T08:14:10.593268+00:00,RDMG2012.dbc,7254676,bab62c484023bae22d9b7cad162047f25a6fdde0406e24223719462d8e812abb,60902ed872c4899e05a4c7f8b2daf5a1dfe7457192e488063fa3b7ef47256dc1,data/raw/phase3/SIH/RDMG2012.dbc,Acquisition only; scientific gates evaluated separately.,RDMG2012.dbc,03-07-22  01:15PM,FTP LIST; server timezone unspecified,2026-08-31T08:49:18.750552+00:00
DATASUS,SIH,2021-01,MG,2021-01,ftp://ftp.datasus.gov.br/dissemin/publicos/SIHSUS/200801_/Dados/RDMG2101.dbc,ftp://ftp.datasus.gov.br/dissemin/publicos/SIHSUS/200801_/Dados/RDMG2101.dbc,curl,2026-08-31T08:14:12.315025+00:00,RDMG2101.dbc,7446124,998fdfcfe4f0377a8749aff75273ddceee4d1d62473ab80ee1a1005e17abd161,60902ed872c4899e05a4c7f8b2daf5a1dfe7457192e488063fa3b7ef47256dc1,data/raw/phase3/SIH/RDMG2101.dbc,Acquisition only; scientific gates evaluated separately.,RDMG2101.dbc,03-07-22  01:15PM,FTP LIST; server timezone unspecified,2026-08-31T08:49:18.750555+00:00
DATASUS,SIH,2021-02,MG,2021-02,ftp://ftp.datasus.gov.br/dissemin/publicos/SIHSUS/200801_/Dados/RDMG2102.dbc,ftp://ftp.datasus.gov.br/dissemin/publicos/SIHSUS/200801_/Dados/RDMG2102.dbc,curl,2026-08-31T08:14:12.577528+00:00,RDMG2102.dbc,7432114,51a110f3418ba8853277b0da6d257224ec5ff44e54731863703c5089be6fefde,60902ed872c4899e05a4c7f8b2daf5a1dfe7457192e488063fa3b7ef47256dc1,data/raw/phase3/SIH/RDMG2102.dbc,Acquisition only; scientific gates evaluated separately.,RDMG2102.dbc,04-11-22  07:24PM,FTP LIST; server timezone unspecified,2026-08-31T08:49:18.750558+00:00
DATASUS,SIH,2021-03,MG,2021-03,ftp://ftp.datasus.gov.br/dissemin/publicos/SIHSUS/200801_/Dados/RDMG2103.dbc,ftp://ftp.datasus.gov.br/dissemin/publicos/SIHSUS/200801_/Dados/RDMG2103.dbc,curl,2026-08-31T08:14:13.476025+00:00,RDMG2103.dbc,7680562,cd60b46685529e6b26ed63cd24c879c0a5cbcca4537ff20a759956b73a861939,60902ed872c4899e05a4c7f8b2daf5a1dfe7457192e488063fa3b7ef47256dc1,data/raw/phase3/SIH/RDMG2103.dbc,Acquisition only; scientific gates evaluated separately.,RDMG2103.dbc,05-04-22  12:35PM,FTP LIST; server timezone unspecified,2026-08-31T08:49:18.750561+00:00
DATASUS,SIH,2021-04,MG,2021-04,ftp://ftp.datasus.gov.br/dissemin/publicos/SIHSUS/200801_/Dados/RDMG2104.dbc,ftp://ftp.datasus.gov.br/dissemin/publicos/SIHSUS/200801_/Dados/RDMG2104.dbc,curl,2026-08-31T08:14:13.481729+00:00,RDMG2104.dbc,7507204,b068f1553b541e043e72cbc7fca8f1f0f996d8f5be23799ff9e3908357e054d7,60902ed872c4899e05a4c7f8b2daf5a1dfe7457192e488063fa3b7ef47256dc1,data/raw/phase3/SIH/RDMG2104.dbc,Acquisition only; scientific gates evaluated separately.,RDMG2104.dbc,05-04-22  12:35PM,FTP LIST; server timezone unspecified,2026-08-31T08:49:18.750564+00:00
DATASUS,SIH,2021-05,MG,2021-05,ftp://ftp.datasus.gov.br/dissemin/publicos/SIHSUS/200801_/Dados/RDMG2105.dbc,ftp://ftp.datasus.gov.br/dissemin/publicos/SIHSUS/200801_/Dados/RDMG2105.dbc,curl,2026-08-31T08:14:15.454041+00:00,RDMG2105.dbc,7802034,5d9e89959af6d10da4f464a4e5148ba50657304bae30f22beb08a401e5769d33,60902ed872c4899e05a4c7f8b2daf5a1dfe7457192e488063fa3b7ef47256dc1,data/raw/phase3/SIH/RDMG2105.dbc,Acquisition only; scientific gates evaluated separately.,RDMG2105.dbc,06-03-22  01:06PM,FTP LIST; server timezone unspecified,2026-08-31T08:49:18.750567+00:00
DATASUS,SIH,2021-06,MG,2021-06,ftp://ftp.datasus.gov.br/dissemin/publicos/SIHSUS/200801_/Dados/RDMG2106.dbc,ftp://ftp.datasus.gov.br/dissemin/publicos/SIHSUS/200801_/Dados/RDMG2106.dbc,curl,2026-08-31T08:14:15.594190+00:00,RDMG2106.dbc,7881269,77caacc8eeea6df1166a2e0294a06e482b292267307f8141db4899a8d15a56d6,60902ed872c4899e05a4c7f8b2daf5a1dfe7457192e488063fa3b7ef47256dc1,data/raw/phase3/SIH/RDMG2106.dbc,Acquisition only; scientific gates evaluated separately.,RDMG2106.dbc,07-06-22  01:13PM,FTP LIST; server timezone unspecified,2026-08-31T08:49:18.750570+00:00
DATASUS,SIH,2021-07,MG,2021-07,ftp://ftp.datasus.gov.br/dissemin/publicos/SIHSUS/200801_/Dados/RDMG2107.dbc,ftp://ftp.datasus.gov.br/dissemin/publicos/SIHSUS/200801_/Dados/RDMG2107.dbc,curl,2026-08-31T08:14:16.563440+00:00,RDMG2107.dbc,8083405,68912c614fd3d96dc9aff3e25d8ced425604feb2826e26fb17c5928991128f48,60902ed872c4899e05a4c7f8b2daf5a1dfe7457192e488063fa3b7ef47256dc1,data/raw/phase3/SIH/RDMG2107.dbc,Acquisition only; scientific gates evaluated separately.,RDMG2107.dbc,08-04-22  03:45PM,FTP LIST; server timezone unspecified,2026-08-31T08:49:18.750575+00:00
DATASUS,SIH,2021-08,MG,2021-08,ftp://ftp.datasus.gov.br/dissemin/publicos/SIHSUS/200801_/Dados/RDMG2108.dbc,ftp://ftp.datasus.gov.br/dissemin/publicos/SIHSUS/200801_/Dados/RDMG2108.dbc,curl,2026-08-31T08:14:16.490464+00:00,RDMG2108.dbc,8134142,4a7191505bcb487000eddfbb3f44a641942066e0c96587a91d97154a57768de2,60902ed872c4899e05a4c7f8b2daf5a1dfe7457192e488063fa3b7ef47256dc1,data/raw/phase3/SIH/RDMG2108.dbc,Acquisition only; scientific gates evaluated separately.,RDMG2108.dbc,09-06-22  11:19AM,FTP LIST; server timezone unspecified,2026-08-31T08:49:18.750589+00:00
DATASUS,SIH,2021-09,MG,2021-09,ftp://ftp.datasus.gov.br/dissemin/publicos/SIHSUS/200801_/Dados/RDMG2109.dbc,ftp://ftp.datasus.gov.br/dissemin/publicos/SIHSUS/200801_/Dados/RDMG2109.dbc,curl,2026-08-31T08:14:18.544474+00:00,RDMG2109.dbc,8038721,f864c14ec4d9cc5a05cb0bbeeca81f08b2af7b5f57a481c794d46e7ad5e3c483,60902ed872c4899e05a4c7f8b2daf5a1dfe7457192e488063fa3b7ef47256dc1,data/raw/phase3/SIH/RDMG2109.dbc,Acquisition only; scientific gates evaluated separately.,RDMG2109.dbc,10-05-22  02:28PM,FTP LIST; server timezone unspecified,2026-08-31T08:49:18.750595+00:00
DATASUS,SIH,2021-10,MG,2021-10,ftp://ftp.datasus.gov.br/dissemin/publicos/SIHSUS/200801_/Dados/RDMG2110.dbc,ftp://ftp.datasus.gov.br/dissemin/publicos/SIHSUS/200801_/Dados/RDMG2110.dbc,curl,2026-08-31T08:14:18.751386+00:00,RDMG2110.dbc,8002503,963d792929eb08ba7aaaab482a6b58dbac31ffd5500eae82915e88b38f4d9307,60902ed872c4899e05a4c7f8b2daf5a1dfe7457192e488063fa3b7ef47256dc1,data/raw/phase3/SIH/RDMG2110.dbc,Acquisition only; scientific gates evaluated separately.,RDMG2110.dbc,11-03-22  05:56PM,FTP LIST; server timezone unspecified,2026-08-31T08:49:18.750598+00:00
DATASUS,SIH,2021-11,MG,2021-11,ftp://ftp.datasus.gov.br/dissemin/publicos/SIHSUS/200801_/Dados/RDMG2111.dbc,ftp://ftp.datasus.gov.br/dissemin/publicos/SIHSUS/200801_/Dados/RDMG2111.dbc,curl,2026-08-31T08:14:19.678332+00:00,RDMG2111.dbc,8131219,7283631e0a83f0753d7e186ada1de49763ef3754a9aaf7a09f6156502f323026,60902ed872c4899e05a4c7f8b2daf5a1dfe7457192e488063fa3b7ef47256dc1,data/raw/phase3/SIH/RDMG2111.dbc,Acquisition only; scientific gates evaluated separately.,RDMG2111.dbc,12-06-22  04:25PM,FTP LIST; server timezone unspecified,2026-08-31T08:49:18.750602+00:00
DATASUS,SIH,2021-12,MG,2021-12,ftp://ftp.datasus.gov.br/dissemin/publicos/SIHSUS/200801_/Dados/RDMG2112.dbc,ftp://ftp.datasus.gov.br/dissemin/publicos/SIHSUS/200801_/Dados/RDMG2112.dbc,curl,2026-08-31T08:14:19.782324+00:00,RDMG2112.dbc,8385978,5533c13e79e84d4452fe7aa9d562c169329e17526e7d2e5fca2f9d686ee16981,60902ed872c4899e05a4c7f8b2daf5a1dfe7457192e488063fa3b7ef47256dc1,data/raw/phase3/SIH/RDMG2112.dbc,Acquisition only; scientific gates evaluated separately.,RDMG2112.dbc,01-04-23  12:48PM,FTP LIST; server timezone unspecified,2026-08-31T08:49:18.750656+00:00
DATASUS,SIH,2020-01,MS,2020-01,ftp://ftp.datasus.gov.br/dissemin/publicos/SIHSUS/200801_/Dados/RDMS2001.dbc,ftp://ftp.datasus.gov.br/dissemin/publicos/SIHSUS/200801_/Dados/RDMS2001.dbc,curl,2026-08-31T08:14:19.677750+00:00,RDMS2001.dbc,1159371,45186356a0a341cdc3257b3a99a649a5ded9db7562c6d872f11855a287d2f2ec,60902ed872c4899e05a4c7f8b2daf5a1dfe7457192e488063fa3b7ef47256dc1,data/raw/phase3/SIH/RDMS2001.dbc,Acquisition only; scientific gates evaluated separately.,RDMS2001.dbc,04-05-21  01:26PM,FTP LIST; server timezone unspecified,2026-08-31T08:49:18.750733+00:00
DATASUS,SIH,2020-02,MS,2020-02,ftp://ftp.datasus.gov.br/dissemin/publicos/SIHSUS/200801_/Dados/RDMS2002.dbc,ftp://ftp.datasus.gov.br/dissemin/publicos/SIHSUS/200801_/Dados/RDMS2002.dbc,curl,2026-08-31T08:14:19.957104+00:00,RDMS2002.dbc,1160095,b8f905c05b5563bd1a4ff07f0732b5f8970899027db24cf0e777d8ce1a222bb6,60902ed872c4899e05a4c7f8b2daf5a1dfe7457192e488063fa3b7ef47256dc1,data/raw/phase3/SIH/RDMS2002.dbc,Acquisition only; scientific gates evaluated separately.,RDMS2002.dbc,05-07-21  04:40PM,FTP LIST; server timezone unspecified,2026-08-31T08:49:18.750767+00:00
DATASUS,SIH,2020-03,MS,2020-03,ftp://ftp.datasus.gov.br/dissemin/publicos/SIHSUS/200801_/Dados/RDMS2003.dbc,ftp://ftp.datasus.gov.br/dissemin/publicos/SIHSUS/200801_/Dados/RDMS2003.dbc,curl,2026-08-31T08:14:20.790218+00:00,RDMS2003.dbc,1157851,31b6b8ac73be4ebfdda651891cc2d0340f430c83b1d0a18da842d4807acae87f,60902ed872c4899e05a4c7f8b2daf5a1dfe7457192e488063fa3b7ef47256dc1,data/raw/phase3/SIH/RDMS2003.dbc,Acquisition only; scientific gates evaluated separately.,RDMS2003.dbc,05-07-21  04:40PM,FTP LIST; server timezone unspecified,2026-08-31T08:49:18.750774+00:00
DATASUS,SIH,2020-04,MS,2020-04,ftp://ftp.datasus.gov.br/dissemin/publicos/SIHSUS/200801_/Dados/RDMS2004.dbc,ftp://ftp.datasus.gov.br/dissemin/publicos/SIHSUS/200801_/Dados/RDMS2004.dbc,curl,2026-08-31T08:14:20.797114+00:00,RDMS2004.dbc,1023362,9e27a7d0a19d31e5c6466ce63e58653d038cbd6f97bee79f4cb70e2461681f82,60902ed872c4899e05a4c7f8b2daf5a1dfe7457192e488063fa3b7ef47256dc1,data/raw/phase3/SIH/RDMS2004.dbc,Acquisition only; scientific gates evaluated separately.,RDMS2004.dbc,01-10-22  02:26PM,FTP LIST; server timezone unspecified,2026-08-31T08:49:18.750785+00:00
DATASUS,SIH,2020-05,MS,2020-05,ftp://ftp.datasus.gov.br/dissemin/publicos/SIHSUS/200801_/Dados/RDMS2005.dbc,ftp://ftp.datasus.gov.br/dissemin/publicos/SIHSUS/200801_/Dados/RDMS2005.dbc,curl,2026-08-31T08:14:20.846201+00:00,RDMS2005.dbc,980443,bd71819dabdc14d9ebed95993f1ef2518d4400e64df7d71f3025b8396c29e9f2,60902ed872c4899e05a4c7f8b2daf5a1dfe7457192e488063fa3b7ef47256dc1,data/raw/phase3/SIH/RDMS2005.dbc,Acquisition only; scientific gates evaluated separately.,RDMS2005.dbc,01-10-22  02:26PM,FTP LIST; server timezone unspecified,2026-08-31T08:49:18.750789+00:00
DATASUS,SIH,2020-06,MS,2020-06,ftp://ftp.datasus.gov.br/dissemin/publicos/SIHSUS/200801_/Dados/RDMS2006.dbc,ftp://ftp.datasus.gov.br/dissemin/publicos/SIHSUS/200801_/Dados/RDMS2006.dbc,curl,2026-08-31T08:14:20.944463+00:00,RDMS2006.dbc,947238,95e581874d94973d343d9183fdb2e6f2f6187bcedca97cff728861fc2cbc993f,60902ed872c4899e05a4c7f8b2daf5a1dfe7457192e488063fa3b7ef47256dc1,data/raw/phase3/SIH/RDMS2006.dbc,Acquisition only; scientific gates evaluated separately.,RDMS2006.dbc,01-10-22  02:26PM,FTP LIST; server timezone unspecified,2026-08-31T08:49:18.750792+00:00
DATASUS,SIH,2020-07,MS,2020-07,ftp://ftp.datasus.gov.br/dissemin/publicos/SIHSUS/200801_/Dados/RDMS2007.dbc,ftp://ftp.datasus.gov.br/dissemin/publicos/SIHSUS/200801_/Dados/RDMS2007.dbc,curl,2026-08-31T08:14:21.813891+00:00,RDMS2007.dbc,951764,aee9e2e426f87f1f5c3928e2ec5630a83bcf25157a8a9ea86a20803bd9c3b1ac,60902ed872c4899e05a4c7f8b2daf5a1dfe7457192e488063fa3b7ef47256dc1,data/raw/phase3/SIH/RDMS2007.dbc,Acquisition only; scientific gates evaluated separately.,RDMS2007.dbc,01-10-22  02:26PM,FTP LIST; server timezone unspecified,2026-08-31T08:49:18.750795+00:00
DATASUS,SIH,2020-08,MS,2020-08,ftp://ftp.datasus.gov.br/dissemin/publicos/SIHSUS/200801_/Dados/RDMS2008.dbc,ftp://ftp.datasus.gov.br/dissemin/publicos/SIHSUS/200801_/Dados/RDMS2008.dbc,curl,2026-08-31T08:14:21.833467+00:00,RDMS2008.dbc,955036,fbe6a8fb16cfb44201a46724486caef6173c29d6e6589047bfab8debfc2d6145,60902ed872c4899e05a4c7f8b2daf5a1dfe7457192e488063fa3b7ef47256dc1,data/raw/phase3/SIH/RDMS2008.dbc,Acquisition only; scientific gates evaluated separately.,RDMS2008.dbc,02-07-22  10:09AM,FTP LIST; server timezone unspecified,2026-08-31T08:49:18.750799+00:00
DATASUS,SIH,2020-09,MS,2020-09,ftp://ftp.datasus.gov.br/dissemin/publicos/SIHSUS/200801_/Dados/RDMS2009.dbc,ftp://ftp.datasus.gov.br/dissemin/publicos/SIHSUS/200801_/Dados/RDMS2009.dbc,curl,2026-08-31T08:14:21.932210+00:00,RDMS2009.dbc,919043,1076ef14bb62379f6aac0b7a66ad349f1e71781ac7aca4b9219f89dc8fec3cd5,60902ed872c4899e05a4c7f8b2daf5a1dfe7457192e488063fa3b7ef47256dc1,data/raw/phase3/SIH/RDMS2009.dbc,Acquisition only; scientific gates evaluated separately.,RDMS2009.dbc,02-07-22  10:09AM,FTP LIST; server timezone unspecified,2026-08-31T08:49:18.750802+00:00
DATASUS,SIH,2020-10,MS,2020-10,ftp://ftp.datasus.gov.br/dissemin/publicos/SIHSUS/200801_/Dados/RDMS2010.dbc,ftp://ftp.datasus.gov.br/dissemin/publicos/SIHSUS/200801_/Dados/RDMS2010.dbc,curl,2026-08-31T08:14:21.965106+00:00,RDMS2010.dbc,903524,2bc2e9dcba3e0bdba2dfa5450a796ee1d775cf450f2a6902e4bb9c12e1f5fbe7,60902ed872c4899e05a4c7f8b2daf5a1dfe7457192e488063fa3b7ef47256dc1,data/raw/phase3/SIH/RDMS2010.dbc,Acquisition only; scientific gates evaluated separately.,RDMS2010.dbc,02-07-22  10:09AM,FTP LIST; server timezone unspecified,2026-08-31T08:49:18.750805+00:00
DATASUS,SIH,2020-11,MS,2020-11,ftp://ftp.datasus.gov.br/dissemin/publicos/SIHSUS/200801_/Dados/RDMS2011.dbc,ftp://ftp.datasus.gov.br/dissemin/publicos/SIHSUS/200801_/Dados/RDMS2011.dbc,curl,2026-08-31T08:14:22.866086+00:00,RDMS2011.dbc,920078,6523b3992ebd6c0a326a8d44e5e7c088a61e73a68a9da1fbbc21fe714923ea6c,60902ed872c4899e05a4c7f8b2daf5a1dfe7457192e488063fa3b7ef47256dc1,data/raw/phase3/SIH/RDMS2011.dbc,Acquisition only; scientific gates evaluated separately.,RDMS2011.dbc,02-07-22  10:09AM,FTP LIST; server timezone unspecified,2026-08-31T08:49:18.750808+00:00
DATASUS,SIH,2020-12,MS,2020-12,ftp://ftp.datasus.gov.br/dissemin/publicos/SIHSUS/200801_/Dados/RDMS2012.dbc,ftp://ftp.datasus.gov.br/dissemin/publicos/SIHSUS/200801_/Dados/RDMS2012.dbc,curl,2026-08-31T08:14:22.902051+00:00,RDMS2012.dbc,891849,344d478210c3880142950623c7d59cf41e4fe334d0d14e1855b32125fbab726c,60902ed872c4899e05a4c7f8b2daf5a1dfe7457192e488063fa3b7ef47256dc1,data/raw/phase3/SIH/RDMS2012.dbc,Acquisition only; scientific gates evaluated separately.,RDMS2012.dbc,03-07-22  01:15PM,FTP LIST; server timezone unspecified,2026-08-31T08:49:18.750811+00:00
DATASUS,SIH,2021-01,MS,2021-01,ftp://ftp.datasus.gov.br/dissemin/publicos/SIHSUS/200801_/Dados/RDMS2101.dbc,ftp://ftp.datasus.gov.br/dissemin/publicos/SIHSUS/200801_/Dados/RDMS2101.dbc,curl,2026-08-31T08:14:22.990195+00:00,RDMS2101.dbc,985863,9e8f6a5dcbb96a087fc228fde74ea3e90147aeb5427d660373a8d5d1a0cb6231,60902ed872c4899e05a4c7f8b2daf5a1dfe7457192e488063fa3b7ef47256dc1,data/raw/phase3/SIH/RDMS2101.dbc,Acquisition only; scientific gates evaluated separately.,RDMS2101.dbc,03-07-22  01:15PM,FTP LIST; server timezone unspecified,2026-08-31T08:49:18.750815+00:00
DATASUS,SIH,2021-02,MS,2021-02,ftp://ftp.datasus.gov.br/dissemin/publicos/SIHSUS/200801_/Dados/RDMS2102.dbc,ftp://ftp.datasus.gov.br/dissemin/publicos/SIHSUS/200801_/Dados/RDMS2102.dbc,curl,2026-08-31T08:14:23.075317+00:00,RDMS2102.dbc,1060939,4b785ba1cc3cafc704334de1006812b96c8575883a50a849b08c4eb3e8b82766,60902ed872c4899e05a4c7f8b2daf5a1dfe7457192e488063fa3b7ef47256dc1,data/raw/phase3/SIH/RDMS2102.dbc,Acquisition only; scientific gates evaluated separately.,RDMS2102.dbc,04-11-22  07:24PM,FTP LIST; server timezone unspecified,2026-08-31T08:49:18.750818+00:00
DATASUS,SIH,2021-03,MS,2021-03,ftp://ftp.datasus.gov.br/dissemin/publicos/SIHSUS/200801_/Dados/RDMS2103.dbc,ftp://ftp.datasus.gov.br/dissemin/publicos/SIHSUS/200801_/Dados/RDMS2103.dbc,curl,2026-08-31T08:14:23.969276+00:00,RDMS2103.dbc,1028556,918de2046a890c25e76fa2d6596e4c884f16ac4398a2f588f9b2f0b08325ab97,60902ed872c4899e05a4c7f8b2daf5a1dfe7457192e488063fa3b7ef47256dc1,data/raw/phase3/SIH/RDMS2103.dbc,Acquisition only; scientific gates evaluated separately.,RDMS2103.dbc,05-04-22  12:35PM,FTP LIST; server timezone unspecified,2026-08-31T08:49:18.750821+00:00
DATASUS,SIH,2021-04,MS,2021-04,ftp://ftp.datasus.gov.br/dissemin/publicos/SIHSUS/200801_/Dados/RDMS2104.dbc,ftp://ftp.datasus.gov.br/dissemin/publicos/SIHSUS/200801_/Dados/RDMS2104.dbc,curl,2026-08-31T08:14:24.001197+00:00,RDMS2104.dbc,1002923,ad1ac1917c5a61e356834aee4f03bbab57be141c4f70098375264a6ef8aba577,60902ed872c4899e05a4c7f8b2daf5a1dfe7457192e488063fa3b7ef47256dc1,data/raw/phase3/SIH/RDMS2104.dbc,Acquisition only; scientific gates evaluated separately.,RDMS2104.dbc,05-04-22  12:35PM,FTP LIST; server timezone unspecified,2026-08-31T08:49:18.750825+00:00
DATASUS,SIH,2021-05,MS,2021-05,ftp://ftp.datasus.gov.br/dissemin/publicos/SIHSUS/200801_/Dados/RDMS2105.dbc,ftp://ftp.datasus.gov.br/dissemin/publicos/SIHSUS/200801_/Dados/RDMS2105.dbc,curl,2026-08-31T08:14:24.076060+00:00,RDMS2105.dbc,1031833,e0d494559482477e1cd080840e9ab39092ce979f137a708923d1141c5cf7c485,60902ed872c4899e05a4c7f8b2daf5a1dfe7457192e488063fa3b7ef47256dc1,data/raw/phase3/SIH/RDMS2105.dbc,Acquisition only; scientific gates evaluated separately.,RDMS2105.dbc,06-03-22  01:06PM,FTP LIST; server timezone unspecified,2026-08-31T08:49:18.750829+00:00
DATASUS,SIH,2021-06,MS,2021-06,ftp://ftp.datasus.gov.br/dissemin/publicos/SIHSUS/200801_/Dados/RDMS2106.dbc,ftp://ftp.datasus.gov.br/dissemin/publicos/SIHSUS/200801_/Dados/RDMS2106.dbc,curl,2026-08-31T08:14:24.199234+00:00,RDMS2106.dbc,1095120,f93f44814876efbe3e2f15b1fbf1b12b968973aa419474fb9378ba7f83c2d348,60902ed872c4899e05a4c7f8b2daf5a1dfe7457192e488063fa3b7ef47256dc1,data/raw/phase3/SIH/RDMS2106.dbc,Acquisition only; scientific gates evaluated separately.,RDMS2106.dbc,07-06-22  01:13PM,FTP LIST; server timezone unspecified,2026-08-31T08:49:18.750837+00:00
DATASUS,SIH,2021-07,MS,2021-07,ftp://ftp.datasus.gov.br/dissemin/publicos/SIHSUS/200801_/Dados/RDMS2107.dbc,ftp://ftp.datasus.gov.br/dissemin/publicos/SIHSUS/200801_/Dados/RDMS2107.dbc,curl,2026-08-31T08:14:25.060292+00:00,RDMS2107.dbc,1076372,fbf1d553b9f5c5bc4524f2e53ea47ec2c9f1efb3d7f5b13adefa08e415d1164e,60902ed872c4899e05a4c7f8b2daf5a1dfe7457192e488063fa3b7ef47256dc1,data/raw/phase3/SIH/RDMS2107.dbc,Acquisition only; scientific gates evaluated separately.,RDMS2107.dbc,08-04-22  03:45PM,FTP LIST; server timezone unspecified,2026-08-31T08:49:18.750841+00:00
DATASUS,SIH,2021-08,MS,2021-08,ftp://ftp.datasus.gov.br/dissemin/publicos/SIHSUS/200801_/Dados/RDMS2108.dbc,ftp://ftp.datasus.gov.br/dissemin/publicos/SIHSUS/200801_/Dados/RDMS2108.dbc,curl,2026-08-31T08:14:25.058262+00:00,RDMS2108.dbc,1082121,44a278d4a95ac03709d4e3b1748177e99cb53ce11adb59256e3b49ad9bbcc9cd,60902ed872c4899e05a4c7f8b2daf5a1dfe7457192e488063fa3b7ef47256dc1,data/raw/phase3/SIH/RDMS2108.dbc,Acquisition only; scientific gates evaluated separately.,RDMS2108.dbc,09-06-22  11:18AM,FTP LIST; server timezone unspecified,2026-08-31T08:49:18.750844+00:00
DATASUS,SIH,2021-09,MS,2021-09,ftp://ftp.datasus.gov.br/dissemin/publicos/SIHSUS/200801_/Dados/RDMS2109.dbc,ftp://ftp.datasus.gov.br/dissemin/publicos/SIHSUS/200801_/Dados/RDMS2109.dbc,curl,2026-08-31T08:14:25.190903+00:00,RDMS2109.dbc,1050936,b3fc88471854c9f1918afbec8586db77ebd493a3591ff25ca674f537d0ecd67c,60902ed872c4899e05a4c7f8b2daf5a1dfe7457192e488063fa3b7ef47256dc1,data/raw/phase3/SIH/RDMS2109.dbc,Acquisition only; scientific gates evaluated separately.,RDMS2109.dbc,10-05-22  02:28PM,FTP LIST; server timezone unspecified,2026-08-31T08:49:18.750850+00:00
DATASUS,SIH,2021-10,MS,2021-10,ftp://ftp.datasus.gov.br/dissemin/publicos/SIHSUS/200801_/Dados/RDMS2110.dbc,ftp://ftp.datasus.gov.br/dissemin/publicos/SIHSUS/200801_/Dados/RDMS2110.dbc,curl,2026-08-31T08:14:25.300542+00:00,RDMS2110.dbc,1007288,b4e3f494261f73147f36b0eb08d76ca048c4df0adb9b678a46c0a436aee6ca31,60902ed872c4899e05a4c7f8b2daf5a1dfe7457192e488063fa3b7ef47256dc1,data/raw/phase3/SIH/RDMS2110.dbc,Acquisition only; scientific gates evaluated separately.,RDMS2110.dbc,11-03-22  05:56PM,FTP LIST; server timezone unspecified,2026-08-31T08:49:18.750853+00:00
DATASUS,SIH,2021-11,MS,2021-11,ftp://ftp.datasus.gov.br/dissemin/publicos/SIHSUS/200801_/Dados/RDMS2111.dbc,ftp://ftp.datasus.gov.br/dissemin/publicos/SIHSUS/200801_/Dados/RDMS2111.dbc,curl,2026-08-31T08:14:26.251940+00:00,RDMS2111.dbc,1016229,3d68ed653b281bfde6b5350d6a19b41245efd9db4c6214b8ed370fc7c92cac6e,60902ed872c4899e05a4c7f8b2daf5a1dfe7457192e488063fa3b7ef47256dc1,data/raw/phase3/SIH/RDMS2111.dbc,Acquisition only; scientific gates evaluated separately.,RDMS2111.dbc,12-06-22  04:24PM,FTP LIST; server timezone unspecified,2026-08-31T08:49:18.750857+00:00
DATASUS,SIH,2021-12,MS,2021-12,ftp://ftp.datasus.gov.br/dissemin/publicos/SIHSUS/200801_/Dados/RDMS2112.dbc,ftp://ftp.datasus.gov.br/dissemin/publicos/SIHSUS/200801_/Dados/RDMS2112.dbc,curl,2026-08-31T08:14:26.212881+00:00,RDMS2112.dbc,1065320,e6ac5a98f1eb81b3c471fe3583e37b8dc4c87292e1b0245f12b136186e051307,60902ed872c4899e05a4c7f8b2daf5a1dfe7457192e488063fa3b7ef47256dc1,data/raw/phase3/SIH/RDMS2112.dbc,Acquisition only; scientific gates evaluated separately.,RDMS2112.dbc,01-04-23  12:48PM,FTP LIST; server timezone unspecified,2026-08-31T08:49:18.750860+00:00
DATASUS,SIH,2020-01,MT,2020-01,ftp://ftp.datasus.gov.br/dissemin/publicos/SIHSUS/200801_/Dados/RDMT2001.dbc,ftp://ftp.datasus.gov.br/dissemin/publicos/SIHSUS/200801_/Dados/RDMT2001.dbc,curl,2026-08-31T08:14:26.363329+00:00,RDMT2001.dbc,1128168,cf8c0c4df3ee1f42cd227fcb882ef30bf1f5f71ba635b3a9cc947a1735336e79,60902ed872c4899e05a4c7f8b2daf5a1dfe7457192e488063fa3b7ef47256dc1,data/raw/phase3/SIH/RDMT2001.dbc,Acquisition only; scientific gates evaluated separately.,RDMT2001.dbc,04-05-21  01:26PM,FTP LIST; server timezone unspecified,2026-08-31T08:49:18.750868+00:00
DATASUS,SIH,2020-02,MT,2020-02,ftp://ftp.datasus.gov.br/dissemin/publicos/SIHSUS/200801_/Dados/RDMT2002.dbc,ftp://ftp.datasus.gov.br/dissemin/publicos/SIHSUS/200801_/Dados/RDMT2002.dbc,curl,2026-08-31T08:14:26.426359+00:00,RDMT2002.dbc,1142577,1c5811d82c9ee4579625f363dee7e27e24ea39c52f8467796183a279f7bd07e1,60902ed872c4899e05a4c7f8b2daf5a1dfe7457192e488063fa3b7ef47256dc1,data/raw/phase3/SIH/RDMT2002.dbc,Acquisition only; scientific gates evaluated separately.,RDMT2002.dbc,05-07-21  04:40PM,FTP LIST; server timezone unspecified,2026-08-31T08:49:18.750871+00:00
DATASUS,SIH,2020-03,MT,2020-03,ftp://ftp.datasus.gov.br/dissemin/publicos/SIHSUS/200801_/Dados/RDMT2003.dbc,ftp://ftp.datasus.gov.br/dissemin/publicos/SIHSUS/200801_/Dados/RDMT2003.dbc,curl,2026-08-31T08:14:27.310740+00:00,RDMT2003.dbc,1092077,b0b2cfe251b8f2bbae285f055acc34db5d2ee9b0f7f94aea2a1c616f1afaf2e5,60902ed872c4899e05a4c7f8b2daf5a1dfe7457192e488063fa3b7ef47256dc1,data/raw/phase3/SIH/RDMT2003.dbc,Acquisition only; scientific gates evaluated separately.,RDMT2003.dbc,05-07-21  04:40PM,FTP LIST; server timezone unspecified,2026-08-31T08:49:18.750874+00:00
DATASUS,SIH,2020-04,MT,2020-04,ftp://ftp.datasus.gov.br/dissemin/publicos/SIHSUS/200801_/Dados/RDMT2004.dbc,ftp://ftp.datasus.gov.br/dissemin/publicos/SIHSUS/200801_/Dados/RDMT2004.dbc,curl,2026-08-31T08:14:27.297771+00:00,RDMT2004.dbc,924794,e6cf9822852e9eb9c871f50efc1e49776df4225a9d726209723bf2335b5849a9,60902ed872c4899e05a4c7f8b2daf5a1dfe7457192e488063fa3b7ef47256dc1,data/raw/phase3/SIH/RDMT2004.dbc,Acquisition only; scientific gates evaluated separately.,RDMT2004.dbc,01-10-22  02:26PM,FTP LIST; server timezone unspecified,2026-08-31T08:49:18.750878+00:00
DATASUS,SIH,2020-05,MT,2020-05,ftp://ftp.datasus.gov.br/dissemin/publicos/SIHSUS/200801_/Dados/RDMT2005.dbc,ftp://ftp.datasus.gov.br/dissemin/publicos/SIHSUS/200801_/Dados/RDMT2005.dbc,curl,2026-08-31T08:14:27.458478+00:00,RDMT2005.dbc,969298,f51a04b5cada86d49971b736d282407adb77b4e585cb5585ff2a12c75bdf0748,60902ed872c4899e05a4c7f8b2daf5a1dfe7457192e488063fa3b7ef47256dc1,data/raw/phase3/SIH/RDMT2005.dbc,Acquisition only; scientific gates evaluated separately.,RDMT2005.dbc,01-10-22  02:26PM,FTP LIST; server timezone unspecified,2026-08-31T08:49:18.750881+00:00
DATASUS,SIH,2020-06,MT,2020-06,ftp://ftp.datasus.gov.br/dissemin/publicos/SIHSUS/200801_/Dados/RDMT2006.dbc,ftp://ftp.datasus.gov.br/dissemin/publicos/SIHSUS/200801_/Dados/RDMT2006.dbc,curl,2026-08-31T08:14:27.434983+00:00,RDMT2006.dbc,890879,29e87136930730ca31c088e7c1b96f2d1982acf55b0249f53312aada76050c61,60902ed872c4899e05a4c7f8b2daf5a1dfe7457192e488063fa3b7ef47256dc1,data/raw/phase3/SIH/RDMT2006.dbc,Acquisition only; scientific gates evaluated separately.,RDMT2006.dbc,01-10-22  02:26PM,FTP LIST; server timezone unspecified,2026-08-31T08:49:18.750884+00:00
DATASUS,SIH,2020-07,MT,2020-07,ftp://ftp.datasus.gov.br/dissemin/publicos/SIHSUS/200801_/Dados/RDMT2007.dbc,ftp://ftp.datasus.gov.br/dissemin/publicos/SIHSUS/200801_/Dados/RDMT2007.dbc,curl,2026-08-31T08:14:28.337352+00:00,RDMT2007.dbc,929640,7d963d4952bc82738cf9c8eefb091118d97d5ccdefefd7bfcd379d2833ba85af,60902ed872c4899e05a4c7f8b2daf5a1dfe7457192e488063fa3b7ef47256dc1,data/raw/phase3/SIH/RDMT2007.dbc,Acquisition only; scientific gates evaluated separately.,RDMT2007.dbc,01-10-22  02:26PM,FTP LIST; server timezone unspecified,2026-08-31T08:49:18.750887+00:00
DATASUS,SIH,2020-08,MT,2020-08,ftp://ftp.datasus.gov.br/dissemin/publicos/SIHSUS/200801_/Dados/RDMT2008.dbc,ftp://ftp.datasus.gov.br/dissemin/publicos/SIHSUS/200801_/Dados/RDMT2008.dbc,curl,2026-08-31T08:14:28.342138+00:00,RDMT2008.dbc,1009085,2bf13172a7566f963107c9220f5f1e60e3b924315f6437b8f5fad749deebdb4f,60902ed872c4899e05a4c7f8b2daf5a1dfe7457192e488063fa3b7ef47256dc1,data/raw/phase3/SIH/RDMT2008.dbc,Acquisition only; scientific gates evaluated separately.,RDMT2008.dbc,02-07-22  10:09AM,FTP LIST; server timezone unspecified,2026-08-31T08:49:18.750890+00:00
DATASUS,SIH,2020-09,MT,2020-09,ftp://ftp.datasus.gov.br/dissemin/publicos/SIHSUS/200801_/Dados/RDMT2009.dbc,ftp://ftp.datasus.gov.br/dissemin/publicos/SIHSUS/200801_/Dados/RDMT2009.dbc,curl,2026-08-31T08:14:28.475771+00:00,RDMT2009.dbc,994348,0811b1e1e9e7a7b2155c10a40413553d42236f93376fb5ea2c249c57db6d7093,60902ed872c4899e05a4c7f8b2daf5a1dfe7457192e488063fa3b7ef47256dc1,data/raw/phase3/SIH/RDMT2009.dbc,Acquisition only; scientific gates evaluated separately.,RDMT2009.dbc,02-07-22  10:09AM,FTP LIST; server timezone unspecified,2026-08-31T08:49:18.750893+00:00
DATASUS,SIH,2020-10,MT,2020-10,ftp://ftp.datasus.gov.br/dissemin/publicos/SIHSUS/200801_/Dados/RDMT2010.dbc,ftp://ftp.datasus.gov.br/dissemin/publicos/SIHSUS/200801_/Dados/RDMT2010.dbc,curl,2026-08-31T08:14:28.536976+00:00,RDMT2010.dbc,1102915,ba3cf239f4e9e55d338ed372429bef976337a1e5bbaa71de0f34dbee5a4d2ea1,60902ed872c4899e05a4c7f8b2daf5a1dfe7457192e488063fa3b7ef47256dc1,data/raw/phase3/SIH/RDMT2010.dbc,Acquisition only; scientific gates evaluated separately.,RDMT2010.dbc,02-07-22  10:09AM,FTP LIST; server timezone unspecified,2026-08-31T08:49:18.750897+00:00
DATASUS,SIH,2020-11,MT,2020-11,ftp://ftp.datasus.gov.br/dissemin/publicos/SIHSUS/200801_/Dados/RDMT2011.dbc,ftp://ftp.datasus.gov.br/dissemin/publicos/SIHSUS/200801_/Dados/RDMT2011.dbc,curl,2026-08-31T08:14:29.359134+00:00,RDMT2011.dbc,1022588,3f71153a142078a1052e9c7f093fda777ea5be5e95fb1f6c8ebc746a52a724d0,60902ed872c4899e05a4c7f8b2daf5a1dfe7457192e488063fa3b7ef47256dc1,data/raw/phase3/SIH/RDMT2011.dbc,Acquisition only; scientific gates evaluated separately.,RDMT2011.dbc,02-07-22  10:09AM,FTP LIST; server timezone unspecified,2026-08-31T08:49:18.750900+00:00
DATASUS,SIH,2020-12,MT,2020-12,ftp://ftp.datasus.gov.br/dissemin/publicos/SIHSUS/200801_/Dados/RDMT2012.dbc,ftp://ftp.datasus.gov.br/dissemin/publicos/SIHSUS/200801_/Dados/RDMT2012.dbc,curl,2026-08-31T08:14:29.364669+00:00,RDMT2012.dbc,1033354,edcbc9d07f5379442291036fe3caa7e437152d45b2a4194e6456f1415818c6d5,60902ed872c4899e05a4c7f8b2daf5a1dfe7457192e488063fa3b7ef47256dc1,data/raw/phase3/SIH/RDMT2012.dbc,Acquisition only; scientific gates evaluated separately.,RDMT2012.dbc,03-07-22  01:15PM,FTP LIST; server timezone unspecified,2026-08-31T08:49:18.750903+00:00
DATASUS,SIH,2021-01,MT,2021-01,ftp://ftp.datasus.gov.br/dissemin/publicos/SIHSUS/200801_/Dados/RDMT2101.dbc,ftp://ftp.datasus.gov.br/dissemin/publicos/SIHSUS/200801_/Dados/RDMT2101.dbc,curl,2026-08-31T08:14:29.478823+00:00,RDMT2101.dbc,1081927,ddac951366eccfce40cbe07a941e29f7c32b948d871ae455745c434bda0e10cb,60902ed872c4899e05a4c7f8b2daf5a1dfe7457192e488063fa3b7ef47256dc1,data/raw/phase3/SIH/RDMT2101.dbc,Acquisition only; scientific gates evaluated separately.,RDMT2101.dbc,03-07-22  01:15PM,FTP LIST; server timezone unspecified,2026-08-31T08:49:18.750906+00:00
DATASUS,SIH,2021-02,MT,2021-02,ftp://ftp.datasus.gov.br/dissemin/publicos/SIHSUS/200801_/Dados/RDMT2102.dbc,ftp://ftp.datasus.gov.br/dissemin/publicos/SIHSUS/200801_/Dados/RDMT2102.dbc,curl,2026-08-31T08:14:29.551352+00:00,RDMT2102.dbc,1056958,faf856e48580cac08e5be810083900ca08dc243b9738d8bfc19d8ab0e639b3c1,60902ed872c4899e05a4c7f8b2daf5a1dfe7457192e488063fa3b7ef47256dc1,data/raw/phase3/SIH/RDMT2102.dbc,Acquisition only; scientific gates evaluated separately.,RDMT2102.dbc,04-11-22  07:24PM,FTP LIST; server timezone unspecified,2026-08-31T08:49:18.750909+00:00
DATASUS,SIH,2021-03,MT,2021-03,ftp://ftp.datasus.gov.br/dissemin/publicos/SIHSUS/200801_/Dados/RDMT2103.dbc,ftp://ftp.datasus.gov.br/dissemin/publicos/SIHSUS/200801_/Dados/RDMT2103.dbc,curl,2026-08-31T08:14:30.401022+00:00,RDMT2103.dbc,1087288,ceee7a991f278288798eaaa0927c7c645705567960afdb25fca86d6482539dce,60902ed872c4899e05a4c7f8b2daf5a1dfe7457192e488063fa3b7ef47256dc1,data/raw/phase3/SIH/RDMT2103.dbc,Acquisition only; scientific gates evaluated separately.,RDMT2103.dbc,05-04-22  12:35PM,FTP LIST; server timezone unspecified,2026-08-31T08:49:18.750915+00:00
DATASUS,SIH,2021-04,MT,2021-04,ftp://ftp.datasus.gov.br/dissemin/publicos/SIHSUS/200801_/Dados/RDMT2104.dbc,ftp://ftp.datasus.gov.br/dissemin/publicos/SIHSUS/200801_/Dados/RDMT2104.dbc,curl,2026-08-31T08:14:30.406773+00:00,RDMT2104.dbc,1075946,26e7e1a9a95178a4596f8f233c9f11cc899922b14ab76a5f27f25231a9234096,60902ed872c4899e05a4c7f8b2daf5a1dfe7457192e488063fa3b7ef47256dc1,data/raw/phase3/SIH/RDMT2104.dbc,Acquisition only; scientific gates evaluated separately.,RDMT2104.dbc,05-04-22  12:35PM,FTP LIST; server timezone unspecified,2026-08-31T08:49:18.750918+00:00
DATASUS,SIH,2021-05,MT,2021-05,ftp://ftp.datasus.gov.br/dissemin/publicos/SIHSUS/200801_/Dados/RDMT2105.dbc,ftp://ftp.datasus.gov.br/dissemin/publicos/SIHSUS/200801_/Dados/RDMT2105.dbc,curl,2026-08-31T08:14:30.529058+00:00,RDMT2105.dbc,1112549,dc9fad0d55d3eb39826d7f31d1fd8014e11d6df2b53c63af47a681ad33e033e5,60902ed872c4899e05a4c7f8b2daf5a1dfe7457192e488063fa3b7ef47256dc1,data/raw/phase3/SIH/RDMT2105.dbc,Acquisition only; scientific gates evaluated separately.,RDMT2105.dbc,06-03-22  01:06PM,FTP LIST; server timezone unspecified,2026-08-31T08:49:18.750921+00:00
DATASUS,SIH,2021-06,MT,2021-06,ftp://ftp.datasus.gov.br/dissemin/publicos/SIHSUS/200801_/Dados/RDMT2106.dbc,ftp://ftp.datasus.gov.br/dissemin/publicos/SIHSUS/200801_/Dados/RDMT2106.dbc,curl,2026-08-31T08:14:30.580001+00:00,RDMT2106.dbc,1104542,ec4e86a4d7b1a9917a11d69232dd3c927400d1f6209b03c48a63a3d937840a72,60902ed872c4899e05a4c7f8b2daf5a1dfe7457192e488063fa3b7ef47256dc1,data/raw/phase3/SIH/RDMT2106.dbc,Acquisition only; scientific gates evaluated separately.,RDMT2106.dbc,07-06-22  01:13PM,FTP LIST; server timezone unspecified,2026-08-31T08:49:18.750924+00:00
DATASUS,SIH,2021-07,MT,2021-07,ftp://ftp.datasus.gov.br/dissemin/publicos/SIHSUS/200801_/Dados/RDMT2107.dbc,ftp://ftp.datasus.gov.br/dissemin/publicos/SIHSUS/200801_/Dados/RDMT2107.dbc,curl,2026-08-31T08:14:31.508466+00:00,RDMT2107.dbc,1240240,ae1fb862221e55a00feb0d1db11ceccb328050ef72e8489a941fedb8e742dfe5,60902ed872c4899e05a4c7f8b2daf5a1dfe7457192e488063fa3b7ef47256dc1,data/raw/phase3/SIH/RDMT2107.dbc,Acquisition only; scientific gates evaluated separately.,RDMT2107.dbc,08-04-22  03:45PM,FTP LIST; server timezone unspecified,2026-08-31T08:49:18.750927+00:00
DATASUS,SIH,2021-08,MT,2021-08,ftp://ftp.datasus.gov.br/dissemin/publicos/SIHSUS/200801_/Dados/RDMT2108.dbc,ftp://ftp.datasus.gov.br/dissemin/publicos/SIHSUS/200801_/Dados/RDMT2108.dbc,curl,2026-08-31T08:14:31.501203+00:00,RDMT2108.dbc,1213748,9adc08d07bd221d823ffa76b202bea253ddc2d458ec5e1e6f5b9da687cbc3bda,60902ed872c4899e05a4c7f8b2daf5a1dfe7457192e488063fa3b7ef47256dc1,data/raw/phase3/SIH/RDMT2108.dbc,Acquisition only; scientific gates evaluated separately.,RDMT2108.dbc,09-06-22  11:18AM,FTP LIST; server timezone unspecified,2026-08-31T08:49:18.750931+00:00
DATASUS,SIH,2021-09,MT,2021-09,ftp://ftp.datasus.gov.br/dissemin/publicos/SIHSUS/200801_/Dados/RDMT2109.dbc,ftp://ftp.datasus.gov.br/dissemin/publicos/SIHSUS/200801_/Dados/RDMT2109.dbc,curl,2026-08-31T08:14:31.601402+00:00,RDMT2109.dbc,1192328,d834468bfdd215b3b189f2b26ed9f33d51c2904cfce247ed17dc17ec4b0a671d,60902ed872c4899e05a4c7f8b2daf5a1dfe7457192e488063fa3b7ef47256dc1,data/raw/phase3/SIH/RDMT2109.dbc,Acquisition only; scientific gates evaluated separately.,RDMT2109.dbc,10-05-22  02:28PM,FTP LIST; server timezone unspecified,2026-08-31T08:49:18.750934+00:00
DATASUS,SIH,2021-10,MT,2021-10,ftp://ftp.datasus.gov.br/dissemin/publicos/SIHSUS/200801_/Dados/RDMT2110.dbc,ftp://ftp.datasus.gov.br/dissemin/publicos/SIHSUS/200801_/Dados/RDMT2110.dbc,curl,2026-08-31T08:14:31.728471+00:00,RDMT2110.dbc,1202346,439e801d0fa199d53027789a2704155d38e4868a070a158874d6c5808ab65c38,60902ed872c4899e05a4c7f8b2daf5a1dfe7457192e488063fa3b7ef47256dc1,data/raw/phase3/SIH/RDMT2110.dbc,Acquisition only; scientific gates evaluated separately.,RDMT2110.dbc,11-03-22  05:56PM,FTP LIST; server timezone unspecified,2026-08-31T08:49:18.750937+00:00
DATASUS,SIH,2021-11,MT,2021-11,ftp://ftp.datasus.gov.br/dissemin/publicos/SIHSUS/200801_/Dados/RDMT2111.dbc,ftp://ftp.datasus.gov.br/dissemin/publicos/SIHSUS/200801_/Dados/RDMT2111.dbc,curl,2026-08-31T08:14:32.620325+00:00,RDMT2111.dbc,1172421,99e585b3f90a911274c97e757a246ca49aed185760889f9230f1007805d454e0,60902ed872c4899e05a4c7f8b2daf5a1dfe7457192e488063fa3b7ef47256dc1,data/raw/phase3/SIH/RDMT2111.dbc,Acquisition only; scientific gates evaluated separately.,RDMT2111.dbc,12-06-22  04:24PM,FTP LIST; server timezone unspecified,2026-08-31T08:49:18.750940+00:00
DATASUS,SIH,2021-12,MT,2021-12,ftp://ftp.datasus.gov.br/dissemin/publicos/SIHSUS/200801_/Dados/RDMT2112.dbc,ftp://ftp.datasus.gov.br/dissemin/publicos/SIHSUS/200801_/Dados/RDMT2112.dbc,curl,2026-08-31T08:14:32.620005+00:00,RDMT2112.dbc,1193170,f59d646d694bea31f8529450e50838cf9174f3c1cf64ddf8f6a647dd0c518852,60902ed872c4899e05a4c7f8b2daf5a1dfe7457192e488063fa3b7ef47256dc1,data/raw/phase3/SIH/RDMT2112.dbc,Acquisition only; scientific gates evaluated separately.,RDMT2112.dbc,01-04-23  12:48PM,FTP LIST; server timezone unspecified,2026-08-31T08:49:18.750943+00:00
DATASUS,SIH,2020-01,PA,2020-01,ftp://ftp.datasus.gov.br/dissemin/publicos/SIHSUS/200801_/Dados/RDPA2001.dbc,ftp://ftp.datasus.gov.br/dissemin/publicos/SIHSUS/200801_/Dados/RDPA2001.dbc,curl,2026-08-31T08:14:33.139851+00:00,RDPA2001.dbc,2655874,2532a9cca8f6f5fd37b02d89f65628de0680f680c08e238b91aacfee51d7699d,60902ed872c4899e05a4c7f8b2daf5a1dfe7457192e488063fa3b7ef47256dc1,data/raw/phase3/SIH/RDPA2001.dbc,Acquisition only; scientific gates evaluated separately.,RDPA2001.dbc,04-05-21  01:26PM,FTP LIST; server timezone unspecified,2026-08-31T08:49:18.750951+00:00
DATASUS,SIH,2020-02,PA,2020-02,ftp://ftp.datasus.gov.br/dissemin/publicos/SIHSUS/200801_/Dados/RDPA2002.dbc,ftp://ftp.datasus.gov.br/dissemin/publicos/SIHSUS/200801_/Dados/RDPA2002.dbc,curl,2026-08-31T08:14:33.338846+00:00,RDPA2002.dbc,2739513,1795c81907be243d0c5bae07e80cb26f911fd22b4800b781be813729d47579d2,60902ed872c4899e05a4c7f8b2daf5a1dfe7457192e488063fa3b7ef47256dc1,data/raw/phase3/SIH/RDPA2002.dbc,Acquisition only; scientific gates evaluated separately.,RDPA2002.dbc,05-07-21  04:40PM,FTP LIST; server timezone unspecified,2026-08-31T08:49:18.750955+00:00
DATASUS,SIH,2020-03,PA,2020-03,ftp://ftp.datasus.gov.br/dissemin/publicos/SIHSUS/200801_/Dados/RDPA2003.dbc,ftp://ftp.datasus.gov.br/dissemin/publicos/SIHSUS/200801_/Dados/RDPA2003.dbc,curl,2026-08-31T08:14:34.399857+00:00,RDPA2003.dbc,2638285,dade8ebf44b461246e83b8f642f582d8b62948ef95d2508677e949a2270ab391,60902ed872c4899e05a4c7f8b2daf5a1dfe7457192e488063fa3b7ef47256dc1,data/raw/phase3/SIH/RDPA2003.dbc,Acquisition only; scientific gates evaluated separately.,RDPA2003.dbc,05-07-21  04:40PM,FTP LIST; server timezone unspecified,2026-08-31T08:49:18.750958+00:00
DATASUS,SIH,2020-04,PA,2020-04,ftp://ftp.datasus.gov.br/dissemin/publicos/SIHSUS/200801_/Dados/RDPA2004.dbc,ftp://ftp.datasus.gov.br/dissemin/publicos/SIHSUS/200801_/Dados/RDPA2004.dbc,curl,2026-08-31T08:14:34.185983+00:00,RDPA2004.dbc,2019456,5c971de3e1ebe5e8d14d24c555aa81f77bbe0a9626e0edca63dd919e52760e76,60902ed872c4899e05a4c7f8b2daf5a1dfe7457192e488063fa3b7ef47256dc1,data/raw/phase3/SIH/RDPA2004.dbc,Acquisition only; scientific gates evaluated separately.,RDPA2004.dbc,01-10-22  02:25PM,FTP LIST; server timezone unspecified,2026-08-31T08:49:18.750961+00:00
DATASUS,SIH,2020-05,PA,2020-05,ftp://ftp.datasus.gov.br/dissemin/publicos/SIHSUS/200801_/Dados/RDPA2005.dbc,ftp://ftp.datasus.gov.br/dissemin/publicos/SIHSUS/200801_/Dados/RDPA2005.dbc,curl,2026-08-31T08:14:34.688520+00:00,RDPA2005.dbc,1933963,541cd111c8f89a5e8c9d9c2148db8b97694662a1df3bf91dbab99c55e291c5ab,60902ed872c4899e05a4c7f8b2daf5a1dfe7457192e488063fa3b7ef47256dc1,data/raw/phase3/SIH/RDPA2005.dbc,Acquisition only; scientific gates evaluated separately.,RDPA2005.dbc,01-10-22  02:25PM,FTP LIST; server timezone unspecified,2026-08-31T08:49:18.750972+00:00
DATASUS,SIH,2020-06,PA,2020-06,ftp://ftp.datasus.gov.br/dissemin/publicos/SIHSUS/200801_/Dados/RDPA2006.dbc,ftp://ftp.datasus.gov.br/dissemin/publicos/SIHSUS/200801_/Dados/RDPA2006.dbc,curl,2026-08-31T08:14:34.880241+00:00,RDPA2006.dbc,2103291,8782de7fb53b505505cb8343423d06039d4dcc3e02be43050c51a8729a9435bf,60902ed872c4899e05a4c7f8b2daf5a1dfe7457192e488063fa3b7ef47256dc1,data/raw/phase3/SIH/RDPA2006.dbc,Acquisition only; scientific gates evaluated separately.,RDPA2006.dbc,01-10-22  02:25PM,FTP LIST; server timezone unspecified,2026-08-31T08:49:18.750976+00:00
DATASUS,SIH,2020-07,PA,2020-07,ftp://ftp.datasus.gov.br/dissemin/publicos/SIHSUS/200801_/Dados/RDPA2007.dbc,ftp://ftp.datasus.gov.br/dissemin/publicos/SIHSUS/200801_/Dados/RDPA2007.dbc,curl,2026-08-31T08:14:35.705769+00:00,RDPA2007.dbc,2214574,b6acef3840a28cc7de024d41d8dc39d3b0c3dc1b85adddf44795085badc9eba5,60902ed872c4899e05a4c7f8b2daf5a1dfe7457192e488063fa3b7ef47256dc1,data/raw/phase3/SIH/RDPA2007.dbc,Acquisition only; scientific gates evaluated separately.,RDPA2007.dbc,01-10-22  02:25PM,FTP LIST; server timezone unspecified,2026-08-31T08:49:18.750980+00:00
DATASUS,SIH,2020-08,PA,2020-08,ftp://ftp.datasus.gov.br/dissemin/publicos/SIHSUS/200801_/Dados/RDPA2008.dbc,ftp://ftp.datasus.gov.br/dissemin/publicos/SIHSUS/200801_/Dados/RDPA2008.dbc,curl,2026-08-31T08:14:35.958820+00:00,RDPA2008.dbc,2594403,da23a41817bbf018a3f3939abd4455f668237d5f865d9bb528a05aa8f1dacce3,60902ed872c4899e05a4c7f8b2daf5a1dfe7457192e488063fa3b7ef47256dc1,data/raw/phase3/SIH/RDPA2008.dbc,Acquisition only; scientific gates evaluated separately.,RDPA2008.dbc,02-07-22  10:08AM,FTP LIST; server timezone unspecified,2026-08-31T08:49:18.751017+00:00
DATASUS,SIH,2020-09,PA,2020-09,ftp://ftp.datasus.gov.br/dissemin/publicos/SIHSUS/200801_/Dados/RDPA2009.dbc,ftp://ftp.datasus.gov.br/dissemin/publicos/SIHSUS/200801_/Dados/RDPA2009.dbc,curl,2026-08-31T08:14:36.127928+00:00,RDPA2009.dbc,2396669,30da935364d61aa763621c8071e36edbe20abe2a0faa78a79b20c8a3d3d1edcb,60902ed872c4899e05a4c7f8b2daf5a1dfe7457192e488063fa3b7ef47256dc1,data/raw/phase3/SIH/RDPA2009.dbc,Acquisition only; scientific gates evaluated separately.,RDPA2009.dbc,02-07-22  10:08AM,FTP LIST; server timezone unspecified,2026-08-31T08:49:18.751022+00:00
DATASUS,SIH,2020-10,PA,2020-10,ftp://ftp.datasus.gov.br/dissemin/publicos/SIHSUS/200801_/Dados/RDPA2010.dbc,ftp://ftp.datasus.gov.br/dissemin/publicos/SIHSUS/200801_/Dados/RDPA2010.dbc,curl,2026-08-31T08:14:36.430349+00:00,RDPA2010.dbc,2479445,e8e854764ec4eee600b98ebc6a6ca169812278b69c1c13b2988b36bab18fd6f6,60902ed872c4899e05a4c7f8b2daf5a1dfe7457192e488063fa3b7ef47256dc1,data/raw/phase3/SIH/RDPA2010.dbc,Acquisition only; scientific gates evaluated separately.,RDPA2010.dbc,02-07-22  10:08AM,FTP LIST; server timezone unspecified,2026-08-31T08:49:18.751025+00:00
DATASUS,SIH,2020-11,PA,2020-11,ftp://ftp.datasus.gov.br/dissemin/publicos/SIHSUS/200801_/Dados/RDPA2011.dbc,ftp://ftp.datasus.gov.br/dissemin/publicos/SIHSUS/200801_/Dados/RDPA2011.dbc,curl,2026-08-31T08:14:37.637894+00:00,RDPA2011.dbc,2544156,790599e71aac5a367f86b38ae56548ce139d76aab52227babfbd15c6e4a9009d,60902ed872c4899e05a4c7f8b2daf5a1dfe7457192e488063fa3b7ef47256dc1,data/raw/phase3/SIH/RDPA2011.dbc,Acquisition only; scientific gates evaluated separately.,RDPA2011.dbc,02-07-22  10:08AM,FTP LIST; server timezone unspecified,2026-08-31T08:49:18.751029+00:00
DATASUS,SIH,2020-12,PA,2020-12,ftp://ftp.datasus.gov.br/dissemin/publicos/SIHSUS/200801_/Dados/RDPA2012.dbc,ftp://ftp.datasus.gov.br/dissemin/publicos/SIHSUS/200801_/Dados/RDPA2012.dbc,curl,2026-08-31T08:14:37.990258+00:00,RDPA2012.dbc,2455629,64a7c296b2bcc68dd783a9ff0b801f31a03bf7a15e72f0a321ef38f45856d76d,60902ed872c4899e05a4c7f8b2daf5a1dfe7457192e488063fa3b7ef47256dc1,data/raw/phase3/SIH/RDPA2012.dbc,Acquisition only; scientific gates evaluated separately.,RDPA2012.dbc,03-07-22  01:15PM,FTP LIST; server timezone unspecified,2026-08-31T08:49:18.751032+00:00
DATASUS,SIH,2021-01,PA,2021-01,ftp://ftp.datasus.gov.br/dissemin/publicos/SIHSUS/200801_/Dados/RDPA2101.dbc,ftp://ftp.datasus.gov.br/dissemin/publicos/SIHSUS/200801_/Dados/RDPA2101.dbc,curl,2026-08-31T08:14:38.093846+00:00,RDPA2101.dbc,2501578,6bf4b4f32cbbb47fd7581a9b7180cc29e72e9211899f7cc9c82389ac4ba044c8,60902ed872c4899e05a4c7f8b2daf5a1dfe7457192e488063fa3b7ef47256dc1,data/raw/phase3/SIH/RDPA2101.dbc,Acquisition only; scientific gates evaluated separately.,RDPA2101.dbc,03-07-22  01:15PM,FTP LIST; server timezone unspecified,2026-08-31T08:49:18.751039+00:00
DATASUS,SIH,2021-02,PA,2021-02,ftp://ftp.datasus.gov.br/dissemin/publicos/SIHSUS/200801_/Dados/RDPA2102.dbc,ftp://ftp.datasus.gov.br/dissemin/publicos/SIHSUS/200801_/Dados/RDPA2102.dbc,curl,2026-08-31T08:14:38.270264+00:00,RDPA2102.dbc,2468742,af04f71fdda29f276d0743d3a90ec533df35d090071e74d7d7409cf453bd35a3,60902ed872c4899e05a4c7f8b2daf5a1dfe7457192e488063fa3b7ef47256dc1,data/raw/phase3/SIH/RDPA2102.dbc,Acquisition only; scientific gates evaluated separately.,RDPA2102.dbc,04-11-22  07:24PM,FTP LIST; server timezone unspecified,2026-08-31T08:49:18.751042+00:00
DATASUS,SIH,2021-03,PA,2021-03,ftp://ftp.datasus.gov.br/dissemin/publicos/SIHSUS/200801_/Dados/RDPA2103.dbc,ftp://ftp.datasus.gov.br/dissemin/publicos/SIHSUS/200801_/Dados/RDPA2103.dbc,curl,2026-08-31T08:14:39.196810+00:00,RDPA2103.dbc,2526477,ad291555a2da434d4470abc8e11ed748b239a17c1bc62e6548669884156f63fb,60902ed872c4899e05a4c7f8b2daf5a1dfe7457192e488063fa3b7ef47256dc1,data/raw/phase3/SIH/RDPA2103.dbc,Acquisition only; scientific gates evaluated separately.,RDPA2103.dbc,05-04-22  12:35PM,FTP LIST; server timezone unspecified,2026-08-31T08:49:18.751045+00:00
DATASUS,SIH,2021-04,PA,2021-04,ftp://ftp.datasus.gov.br/dissemin/publicos/SIHSUS/200801_/Dados/RDPA2104.dbc,ftp://ftp.datasus.gov.br/dissemin/publicos/SIHSUS/200801_/Dados/RDPA2104.dbc,curl,2026-08-31T08:14:39.467028+00:00,RDPA2104.dbc,2486252,6274e4f4662ece5733c47c67d0d6cc59af12f269450b31fdd6f5e89dbd47d33a,60902ed872c4899e05a4c7f8b2daf5a1dfe7457192e488063fa3b7ef47256dc1,data/raw/phase3/SIH/RDPA2104.dbc,Acquisition only; scientific gates evaluated separately.,RDPA2104.dbc,05-04-22  12:35PM,FTP LIST; server timezone unspecified,2026-08-31T08:49:18.751048+00:00
DATASUS,SIH,2021-05,PA,2021-05,ftp://ftp.datasus.gov.br/dissemin/publicos/SIHSUS/200801_/Dados/RDPA2105.dbc,ftp://ftp.datasus.gov.br/dissemin/publicos/SIHSUS/200801_/Dados/RDPA2105.dbc,curl,2026-08-31T08:14:39.625427+00:00,RDPA2105.dbc,2765278,3a10f37e3a45d4604543f037ffde6ff38dc39eca6adf77fc80400aa29371183d,60902ed872c4899e05a4c7f8b2daf5a1dfe7457192e488063fa3b7ef47256dc1,data/raw/phase3/SIH/RDPA2105.dbc,Acquisition only; scientific gates evaluated separately.,RDPA2105.dbc,06-03-22  01:06PM,FTP LIST; server timezone unspecified,2026-08-31T08:49:18.751051+00:00
DATASUS,SIH,2021-06,PA,2021-06,ftp://ftp.datasus.gov.br/dissemin/publicos/SIHSUS/200801_/Dados/RDPA2106.dbc,ftp://ftp.datasus.gov.br/dissemin/publicos/SIHSUS/200801_/Dados/RDPA2106.dbc,curl,2026-08-31T08:14:39.786526+00:00,RDPA2106.dbc,2589048,2965ec167ec25e934d74fd4c9f0e00147d7fc32652b687d7bc30aab5f144ab15,60902ed872c4899e05a4c7f8b2daf5a1dfe7457192e488063fa3b7ef47256dc1,data/raw/phase3/SIH/RDPA2106.dbc,Acquisition only; scientific gates evaluated separately.,RDPA2106.dbc,07-06-22  01:13PM,FTP LIST; server timezone unspecified,2026-08-31T08:49:18.751055+00:00
DATASUS,SIH,2021-07,PA,2021-07,ftp://ftp.datasus.gov.br/dissemin/publicos/SIHSUS/200801_/Dados/RDPA2107.dbc,ftp://ftp.datasus.gov.br/dissemin/publicos/SIHSUS/200801_/Dados/RDPA2107.dbc,curl,2026-08-31T08:14:40.740860+00:00,RDPA2107.dbc,2641600,9e2870795563bf20bbc954898722dda50a84ce81f2d4d5476cd2ffed7c2c7863,60902ed872c4899e05a4c7f8b2daf5a1dfe7457192e488063fa3b7ef47256dc1,data/raw/phase3/SIH/RDPA2107.dbc,Acquisition only; scientific gates evaluated separately.,RDPA2107.dbc,08-04-22  03:45PM,FTP LIST; server timezone unspecified,2026-08-31T08:49:18.751058+00:00
DATASUS,SIH,2021-08,PA,2021-08,ftp://ftp.datasus.gov.br/dissemin/publicos/SIHSUS/200801_/Dados/RDPA2108.dbc,ftp://ftp.datasus.gov.br/dissemin/publicos/SIHSUS/200801_/Dados/RDPA2108.dbc,curl,2026-08-31T08:14:41.011457+00:00,RDPA2108.dbc,2673871,ba235475bd504745c6a72a9a5f91debd27626ad2ae397ae4b44489d36fa0d98f,60902ed872c4899e05a4c7f8b2daf5a1dfe7457192e488063fa3b7ef47256dc1,data/raw/phase3/SIH/RDPA2108.dbc,Acquisition only; scientific gates evaluated separately.,RDPA2108.dbc,09-06-22  11:18AM,FTP LIST; server timezone unspecified,2026-08-31T08:49:18.751061+00:00
DATASUS,SIH,2021-09,PA,2021-09,ftp://ftp.datasus.gov.br/dissemin/publicos/SIHSUS/200801_/Dados/RDPA2109.dbc,ftp://ftp.datasus.gov.br/dissemin/publicos/SIHSUS/200801_/Dados/RDPA2109.dbc,curl,2026-08-31T08:14:41.150708+00:00,RDPA2109.dbc,2730471,224d27677b248c5f4b94c8cee8f4660d81f2d6a0448cb8a3fcd2ae8b16c47627,60902ed872c4899e05a4c7f8b2daf5a1dfe7457192e488063fa3b7ef47256dc1,data/raw/phase3/SIH/RDPA2109.dbc,Acquisition only; scientific gates evaluated separately.,RDPA2109.dbc,10-05-22  02:28PM,FTP LIST; server timezone unspecified,2026-08-31T08:49:18.751064+00:00
DATASUS,SIH,2021-10,PA,2021-10,ftp://ftp.datasus.gov.br/dissemin/publicos/SIHSUS/200801_/Dados/RDPA2110.dbc,ftp://ftp.datasus.gov.br/dissemin/publicos/SIHSUS/200801_/Dados/RDPA2110.dbc,curl,2026-08-31T08:14:41.386364+00:00,RDPA2110.dbc,2747601,19bbba14cbb49b1dd60f6404277b0ac1c22adf3619e4e00992a6a6d52d5e3204,60902ed872c4899e05a4c7f8b2daf5a1dfe7457192e488063fa3b7ef47256dc1,data/raw/phase3/SIH/RDPA2110.dbc,Acquisition only; scientific gates evaluated separately.,RDPA2110.dbc,11-03-22  05:56PM,FTP LIST; server timezone unspecified,2026-08-31T08:49:18.751068+00:00
DATASUS,SIH,2021-11,PA,2021-11,ftp://ftp.datasus.gov.br/dissemin/publicos/SIHSUS/200801_/Dados/RDPA2111.dbc,ftp://ftp.datasus.gov.br/dissemin/publicos/SIHSUS/200801_/Dados/RDPA2111.dbc,curl,2026-08-31T08:14:42.309321+00:00,RDPA2111.dbc,2713503,fea10d67f995e75a26f7fca68c8ff2d7f48f773d4e9485d7fe36fa662ccc9c32,60902ed872c4899e05a4c7f8b2daf5a1dfe7457192e488063fa3b7ef47256dc1,data/raw/phase3/SIH/RDPA2111.dbc,Acquisition only; scientific gates evaluated separately.,RDPA2111.dbc,12-06-22  04:24PM,FTP LIST; server timezone unspecified,2026-08-31T08:49:18.751071+00:00
DATASUS,SIH,2021-12,PA,2021-12,ftp://ftp.datasus.gov.br/dissemin/publicos/SIHSUS/200801_/Dados/RDPA2112.dbc,ftp://ftp.datasus.gov.br/dissemin/publicos/SIHSUS/200801_/Dados/RDPA2112.dbc,curl,2026-08-31T08:14:42.517940+00:00,RDPA2112.dbc,2759192,ee42b17c1356d5a8fcda8fb832a4e803fb1fb24381e2d359e098db204c1e14ff,60902ed872c4899e05a4c7f8b2daf5a1dfe7457192e488063fa3b7ef47256dc1,data/raw/phase3/SIH/RDPA2112.dbc,Acquisition only; scientific gates evaluated separately.,RDPA2112.dbc,01-04-23  12:48PM,FTP LIST; server timezone unspecified,2026-08-31T08:49:18.751074+00:00
DATASUS,SIH,2020-01,PB,2020-01,ftp://ftp.datasus.gov.br/dissemin/publicos/SIHSUS/200801_/Dados/RDPB2001.dbc,ftp://ftp.datasus.gov.br/dissemin/publicos/SIHSUS/200801_/Dados/RDPB2001.dbc,curl,2026-08-31T08:14:42.210516+00:00,RDPB2001.dbc,1059690,3c7db6f18be831412c9aadb94a21dd74e771d7e6b8804b25a3dc004484959792,60902ed872c4899e05a4c7f8b2daf5a1dfe7457192e488063fa3b7ef47256dc1,data/raw/phase3/SIH/RDPB2001.dbc,Acquisition only; scientific gates evaluated separately.,RDPB2001.dbc,04-05-21  01:26PM,FTP LIST; server timezone unspecified,2026-08-31T08:49:18.751083+00:00
DATASUS,SIH,2020-02,PB,2020-02,ftp://ftp.datasus.gov.br/dissemin/publicos/SIHSUS/200801_/Dados/RDPB2002.dbc,ftp://ftp.datasus.gov.br/dissemin/publicos/SIHSUS/200801_/Dados/RDPB2002.dbc,curl,2026-08-31T08:14:42.450718+00:00,RDPB2002.dbc,1047509,fcb326be94340f876b01f57a96a00e95e753b2970b0291a4e2b0f81f7559e10b,60902ed872c4899e05a4c7f8b2daf5a1dfe7457192e488063fa3b7ef47256dc1,data/raw/phase3/SIH/RDPB2002.dbc,Acquisition only; scientific gates evaluated separately.,RDPB2002.dbc,05-07-21  04:40PM,FTP LIST; server timezone unspecified,2026-08-31T08:49:18.751086+00:00
DATASUS,SIH,2020-03,PB,2020-03,ftp://ftp.datasus.gov.br/dissemin/publicos/SIHSUS/200801_/Dados/RDPB2003.dbc,ftp://ftp.datasus.gov.br/dissemin/publicos/SIHSUS/200801_/Dados/RDPB2003.dbc,curl,2026-08-31T08:14:43.242899+00:00,RDPB2003.dbc,1024134,e970d1d760dd90fcde8e78a11b4d0740bcba42707327fa1291318834f9a22f19,60902ed872c4899e05a4c7f8b2daf5a1dfe7457192e488063fa3b7ef47256dc1,data/raw/phase3/SIH/RDPB2003.dbc,Acquisition only; scientific gates evaluated separately.,RDPB2003.dbc,05-07-21  04:40PM,FTP LIST; server timezone unspecified,2026-08-31T08:49:18.751090+00:00
DATASUS,SIH,2020-04,PB,2020-04,ftp://ftp.datasus.gov.br/dissemin/publicos/SIHSUS/200801_/Dados/RDPB2004.dbc,ftp://ftp.datasus.gov.br/dissemin/publicos/SIHSUS/200801_/Dados/RDPB2004.dbc,curl,2026-08-31T08:14:43.336517+00:00,RDPB2004.dbc,851337,d4c4127154ef738ab617d5676c279eb64d2bee96d314ed5011974e5f0a4b7fac,60902ed872c4899e05a4c7f8b2daf5a1dfe7457192e488063fa3b7ef47256dc1,data/raw/phase3/SIH/RDPB2004.dbc,Acquisition only; scientific gates evaluated separately.,RDPB2004.dbc,01-10-22  02:25PM,FTP LIST; server timezone unspecified,2026-08-31T08:49:18.751093+00:00
DATASUS,SIH,2020-05,PB,2020-05,ftp://ftp.datasus.gov.br/dissemin/publicos/SIHSUS/200801_/Dados/RDPB2005.dbc,ftp://ftp.datasus.gov.br/dissemin/publicos/SIHSUS/200801_/Dados/RDPB2005.dbc,curl,2026-08-31T08:14:43.442833+00:00,RDPB2005.dbc,830734,9b3506184362857b4849fc31161c3fd95af6632d53919be1882c574807528f3a,60902ed872c4899e05a4c7f8b2daf5a1dfe7457192e488063fa3b7ef47256dc1,data/raw/phase3/SIH/RDPB2005.dbc,Acquisition only; scientific gates evaluated separately.,RDPB2005.dbc,01-10-22  02:25PM,FTP LIST; server timezone unspecified,2026-08-31T08:49:18.751096+00:00
DATASUS,SIH,2020-06,PB,2020-06,ftp://ftp.datasus.gov.br/dissemin/publicos/SIHSUS/200801_/Dados/RDPB2006.dbc,ftp://ftp.datasus.gov.br/dissemin/publicos/SIHSUS/200801_/Dados/RDPB2006.dbc,curl,2026-08-31T08:14:43.537223+00:00,RDPB2006.dbc,896141,2ade8df2d77bb2f136f160641c26fcb23844b454c863b9eec803be3bdb275f6f,60902ed872c4899e05a4c7f8b2daf5a1dfe7457192e488063fa3b7ef47256dc1,data/raw/phase3/SIH/RDPB2006.dbc,Acquisition only; scientific gates evaluated separately.,RDPB2006.dbc,01-10-22  02:25PM,FTP LIST; server timezone unspecified,2026-08-31T08:49:18.751101+00:00
DATASUS,SIH,2020-07,PB,2020-07,ftp://ftp.datasus.gov.br/dissemin/publicos/SIHSUS/200801_/Dados/RDPB2007.dbc,ftp://ftp.datasus.gov.br/dissemin/publicos/SIHSUS/200801_/Dados/RDPB2007.dbc,curl,2026-08-31T08:14:44.270699+00:00,RDPB2007.dbc,978330,5109c3996a63c74b1e0657bf492559db6b023502a41b4e55cda57fd6796cbb33,60902ed872c4899e05a4c7f8b2daf5a1dfe7457192e488063fa3b7ef47256dc1,data/raw/phase3/SIH/RDPB2007.dbc,Acquisition only; scientific gates evaluated separately.,RDPB2007.dbc,01-10-22  02:25PM,FTP LIST; server timezone unspecified,2026-08-31T08:49:18.751104+00:00
DATASUS,SIH,2020-08,PB,2020-08,ftp://ftp.datasus.gov.br/dissemin/publicos/SIHSUS/200801_/Dados/RDPB2008.dbc,ftp://ftp.datasus.gov.br/dissemin/publicos/SIHSUS/200801_/Dados/RDPB2008.dbc,curl,2026-08-31T08:14:44.399760+00:00,RDPB2008.dbc,1029082,990cf8c159b16f313b4f84ba91af06ee751ec25409865049825740daa725dbcd,60902ed872c4899e05a4c7f8b2daf5a1dfe7457192e488063fa3b7ef47256dc1,data/raw/phase3/SIH/RDPB2008.dbc,Acquisition only; scientific gates evaluated separately.,RDPB2008.dbc,02-07-22  10:08AM,FTP LIST; server timezone unspecified,2026-08-31T08:49:18.751107+00:00
DATASUS,SIH,2020-09,PB,2020-09,ftp://ftp.datasus.gov.br/dissemin/publicos/SIHSUS/200801_/Dados/RDPB2009.dbc,ftp://ftp.datasus.gov.br/dissemin/publicos/SIHSUS/200801_/Dados/RDPB2009.dbc,curl,2026-08-31T08:14:44.529788+00:00,RDPB2009.dbc,1002246,0e4e164e6400ec874fb4c4601d00c7458cd299425dd7f342344de5146ea74d21,60902ed872c4899e05a4c7f8b2daf5a1dfe7457192e488063fa3b7ef47256dc1,data/raw/phase3/SIH/RDPB2009.dbc,Acquisition only; scientific gates evaluated separately.,RDPB2009.dbc,02-07-22  10:08AM,FTP LIST; server timezone unspecified,2026-08-31T08:49:18.751110+00:00
DATASUS,SIH,2020-10,PB,2020-10,ftp://ftp.datasus.gov.br/dissemin/publicos/SIHSUS/200801_/Dados/RDPB2010.dbc,ftp://ftp.datasus.gov.br/dissemin/publicos/SIHSUS/200801_/Dados/RDPB2010.dbc,curl,2026-08-31T08:14:44.618556+00:00,RDPB2010.dbc,1031171,f99334e37953dbf32ff553cb0dfe110bbb4903001a5bb529ad2f13e3eb5b4d43,60902ed872c4899e05a4c7f8b2daf5a1dfe7457192e488063fa3b7ef47256dc1,data/raw/phase3/SIH/RDPB2010.dbc,Acquisition only; scientific gates evaluated separately.,RDPB2010.dbc,02-07-22  10:08AM,FTP LIST; server timezone unspecified,2026-08-31T08:49:18.751114+00:00
DATASUS,SIH,2020-11,PB,2020-11,ftp://ftp.datasus.gov.br/dissemin/publicos/SIHSUS/200801_/Dados/RDPB2011.dbc,ftp://ftp.datasus.gov.br/dissemin/publicos/SIHSUS/200801_/Dados/RDPB2011.dbc,curl,2026-08-31T08:14:45.364908+00:00,RDPB2011.dbc,1008233,163a654165f55c03c1c59527e34adce4b5e24ddf2d19875a643ac62675522b1c,60902ed872c4899e05a4c7f8b2daf5a1dfe7457192e488063fa3b7ef47256dc1,data/raw/phase3/SIH/RDPB2011.dbc,Acquisition only; scientific gates evaluated separately.,RDPB2011.dbc,02-07-22  10:08AM,FTP LIST; server timezone unspecified,2026-08-31T08:49:18.751117+00:00
DATASUS,SIH,2020-12,PB,2020-12,ftp://ftp.datasus.gov.br/dissemin/publicos/SIHSUS/200801_/Dados/RDPB2012.dbc,ftp://ftp.datasus.gov.br/dissemin/publicos/SIHSUS/200801_/Dados/RDPB2012.dbc,curl,2026-08-31T08:14:45.510536+00:00,RDPB2012.dbc,926051,e4e583349471681cb83eae02e0b776efb102fd080c08a13869843186c0660751,60902ed872c4899e05a4c7f8b2daf5a1dfe7457192e488063fa3b7ef47256dc1,data/raw/phase3/SIH/RDPB2012.dbc,Acquisition only; scientific gates evaluated separately.,RDPB2012.dbc,03-07-22  01:15PM,FTP LIST; server timezone unspecified,2026-08-31T08:49:18.751120+00:00
DATASUS,SIH,2021-01,PB,2021-01,ftp://ftp.datasus.gov.br/dissemin/publicos/SIHSUS/200801_/Dados/RDPB2101.dbc,ftp://ftp.datasus.gov.br/dissemin/publicos/SIHSUS/200801_/Dados/RDPB2101.dbc,curl,2026-08-31T08:14:45.612574+00:00,RDPB2101.dbc,958396,36e5e156eaac4d51751b90c3d7090d19f64f732c838dc7cddc330d3d8633a467,60902ed872c4899e05a4c7f8b2daf5a1dfe7457192e488063fa3b7ef47256dc1,data/raw/phase3/SIH/RDPB2101.dbc,Acquisition only; scientific gates evaluated separately.,RDPB2101.dbc,03-07-22  01:15PM,FTP LIST; server timezone unspecified,2026-08-31T08:49:18.751132+00:00
DATASUS,SIH,2021-02,PB,2021-02,ftp://ftp.datasus.gov.br/dissemin/publicos/SIHSUS/200801_/Dados/RDPB2102.dbc,ftp://ftp.datasus.gov.br/dissemin/publicos/SIHSUS/200801_/Dados/RDPB2102.dbc,curl,2026-08-31T08:14:45.718509+00:00,RDPB2102.dbc,1062751,be470f345400f72ff30e282432bd56f99c6bbb777b1e66fde979906dc27bf5b9,60902ed872c4899e05a4c7f8b2daf5a1dfe7457192e488063fa3b7ef47256dc1,data/raw/phase3/SIH/RDPB2102.dbc,Acquisition only; scientific gates evaluated separately.,RDPB2102.dbc,04-11-22  07:24PM,FTP LIST; server timezone unspecified,2026-08-31T08:49:18.751136+00:00
DATASUS,SIH,2021-03,PB,2021-03,ftp://ftp.datasus.gov.br/dissemin/publicos/SIHSUS/200801_/Dados/RDPB2103.dbc,ftp://ftp.datasus.gov.br/dissemin/publicos/SIHSUS/200801_/Dados/RDPB2103.dbc,curl,2026-08-31T08:14:46.448919+00:00,RDPB2103.dbc,1034999,f6497c1f8f28528b393254e5246183d5405a793c0941c555289f752368ebf3bd,60902ed872c4899e05a4c7f8b2daf5a1dfe7457192e488063fa3b7ef47256dc1,data/raw/phase3/SIH/RDPB2103.dbc,Acquisition only; scientific gates evaluated separately.,RDPB2103.dbc,05-04-22  12:35PM,FTP LIST; server timezone unspecified,2026-08-31T08:49:18.751139+00:00
DATASUS,SIH,2021-04,PB,2021-04,ftp://ftp.datasus.gov.br/dissemin/publicos/SIHSUS/200801_/Dados/RDPB2104.dbc,ftp://ftp.datasus.gov.br/dissemin/publicos/SIHSUS/200801_/Dados/RDPB2104.dbc,curl,2026-08-31T08:14:46.575250+00:00,RDPB2104.dbc,1104286,e946713081f2a701e811592d03171b9c1879b68ac4a1fe88d5e507dd59e0437a,60902ed872c4899e05a4c7f8b2daf5a1dfe7457192e488063fa3b7ef47256dc1,data/raw/phase3/SIH/RDPB2104.dbc,Acquisition only; scientific gates evaluated separately.,RDPB2104.dbc,05-04-22  12:35PM,FTP LIST; server timezone unspecified,2026-08-31T08:49:18.751143+00:00
DATASUS,SIH,2021-05,PB,2021-05,ftp://ftp.datasus.gov.br/dissemin/publicos/SIHSUS/200801_/Dados/RDPB2105.dbc,ftp://ftp.datasus.gov.br/dissemin/publicos/SIHSUS/200801_/Dados/RDPB2105.dbc,curl,2026-08-31T08:14:46.704890+00:00,RDPB2105.dbc,1205312,522b5e5f5ded0b79d643709aca868a603e1b17636132e7af9cc6342752fb3e52,60902ed872c4899e05a4c7f8b2daf5a1dfe7457192e488063fa3b7ef47256dc1,data/raw/phase3/SIH/RDPB2105.dbc,Acquisition only; scientific gates evaluated separately.,RDPB2105.dbc,06-03-22  01:06PM,FTP LIST; server timezone unspecified,2026-08-31T08:49:18.751147+00:00
DATASUS,SIH,2021-06,PB,2021-06,ftp://ftp.datasus.gov.br/dissemin/publicos/SIHSUS/200801_/Dados/RDPB2106.dbc,ftp://ftp.datasus.gov.br/dissemin/publicos/SIHSUS/200801_/Dados/RDPB2106.dbc,curl,2026-08-31T08:14:46.799325+00:00,RDPB2106.dbc,1179907,c4f0bc8f2737fcab91037a80d8089a1b924ee3cf51a6f7940f92752ad3437e9b,60902ed872c4899e05a4c7f8b2daf5a1dfe7457192e488063fa3b7ef47256dc1,data/raw/phase3/SIH/RDPB2106.dbc,Acquisition only; scientific gates evaluated separately.,RDPB2106.dbc,07-06-22  01:13PM,FTP LIST; server timezone unspecified,2026-08-31T08:49:18.751154+00:00
DATASUS,SIH,2021-07,PB,2021-07,ftp://ftp.datasus.gov.br/dissemin/publicos/SIHSUS/200801_/Dados/RDPB2107.dbc,ftp://ftp.datasus.gov.br/dissemin/publicos/SIHSUS/200801_/Dados/RDPB2107.dbc,curl,2026-08-31T08:14:47.531132+00:00,RDPB2107.dbc,1123117,8223d816cd9c35e054c4701229385bef07bc138abba94d9861cd7c55d3963d26,60902ed872c4899e05a4c7f8b2daf5a1dfe7457192e488063fa3b7ef47256dc1,data/raw/phase3/SIH/RDPB2107.dbc,Acquisition only; scientific gates evaluated separately.,RDPB2107.dbc,08-04-22  03:45PM,FTP LIST; server timezone unspecified,2026-08-31T08:49:18.751158+00:00
DATASUS,SIH,2021-08,PB,2021-08,ftp://ftp.datasus.gov.br/dissemin/publicos/SIHSUS/200801_/Dados/RDPB2108.dbc,ftp://ftp.datasus.gov.br/dissemin/publicos/SIHSUS/200801_/Dados/RDPB2108.dbc,curl,2026-08-31T08:14:47.721076+00:00,RDPB2108.dbc,1105565,e73aa42c04dded2935e834c517fa6b94310651fa555f867166b99eff7a100f72,60902ed872c4899e05a4c7f8b2daf5a1dfe7457192e488063fa3b7ef47256dc1,data/raw/phase3/SIH/RDPB2108.dbc,Acquisition only; scientific gates evaluated separately.,RDPB2108.dbc,09-06-22  11:18AM,FTP LIST; server timezone unspecified,2026-08-31T08:49:18.751162+00:00
DATASUS,SIH,2021-09,PB,2021-09,ftp://ftp.datasus.gov.br/dissemin/publicos/SIHSUS/200801_/Dados/RDPB2109.dbc,ftp://ftp.datasus.gov.br/dissemin/publicos/SIHSUS/200801_/Dados/RDPB2109.dbc,curl,2026-08-31T08:14:47.782198+00:00,RDPB2109.dbc,1123086,7cbba5b76e916c0f7c44a2b45ae5626c75fefaff208c6c7673f753fdd7764d0d,60902ed872c4899e05a4c7f8b2daf5a1dfe7457192e488063fa3b7ef47256dc1,data/raw/phase3/SIH/RDPB2109.dbc,Acquisition only; scientific gates evaluated separately.,RDPB2109.dbc,10-05-22  02:28PM,FTP LIST; server timezone unspecified,2026-08-31T08:49:18.751166+00:00
DATASUS,SIH,2021-10,PB,2021-10,ftp://ftp.datasus.gov.br/dissemin/publicos/SIHSUS/200801_/Dados/RDPB2110.dbc,ftp://ftp.datasus.gov.br/dissemin/publicos/SIHSUS/200801_/Dados/RDPB2110.dbc,curl,2026-08-31T08:14:47.922333+00:00,RDPB2110.dbc,1173989,e63f315b8a46b356c4ed51028770b9058a216b57d014930ec4350eada8ab65ee,60902ed872c4899e05a4c7f8b2daf5a1dfe7457192e488063fa3b7ef47256dc1,data/raw/phase3/SIH/RDPB2110.dbc,Acquisition only; scientific gates evaluated separately.,RDPB2110.dbc,11-03-22  05:56PM,FTP LIST; server timezone unspecified,2026-08-31T08:49:18.751169+00:00
DATASUS,SIH,2021-11,PB,2021-11,ftp://ftp.datasus.gov.br/dissemin/publicos/SIHSUS/200801_/Dados/RDPB2111.dbc,ftp://ftp.datasus.gov.br/dissemin/publicos/SIHSUS/200801_/Dados/RDPB2111.dbc,curl,2026-08-31T08:14:48.646980+00:00,RDPB2111.dbc,1148626,e18d0ba99bd402d9eeae9f502a0f0f9ff0e565480dc5f194f373e72234affb00,60902ed872c4899e05a4c7f8b2daf5a1dfe7457192e488063fa3b7ef47256dc1,data/raw/phase3/SIH/RDPB2111.dbc,Acquisition only; scientific gates evaluated separately.,RDPB2111.dbc,12-06-22  04:24PM,FTP LIST; server timezone unspecified,2026-08-31T08:49:18.751174+00:00
DATASUS,SIH,2021-12,PB,2021-12,ftp://ftp.datasus.gov.br/dissemin/publicos/SIHSUS/200801_/Dados/RDPB2112.dbc,ftp://ftp.datasus.gov.br/dissemin/publicos/SIHSUS/200801_/Dados/RDPB2112.dbc,curl,2026-08-31T08:14:48.821886+00:00,RDPB2112.dbc,1129380,e5da78e14154ad752dbc32f6f869053ad1ea7f1987b59c464411df12236650bc,60902ed872c4899e05a4c7f8b2daf5a1dfe7457192e488063fa3b7ef47256dc1,data/raw/phase3/SIH/RDPB2112.dbc,Acquisition only; scientific gates evaluated separately.,RDPB2112.dbc,01-04-23  12:48PM,FTP LIST; server timezone unspecified,2026-08-31T08:49:18.751177+00:00
DATASUS,SIH,2020-01,PE,2020-01,ftp://ftp.datasus.gov.br/dissemin/publicos/SIHSUS/200801_/Dados/RDPE2001.dbc,ftp://ftp.datasus.gov.br/dissemin/publicos/SIHSUS/200801_/Dados/RDPE2001.dbc,curl,2026-08-31T08:14:49.492309+00:00,RDPE2001.dbc,3636918,f9bcee080347921c082134209557ca77a6f5f0752a71d6e375ce12ceee906166,60902ed872c4899e05a4c7f8b2daf5a1dfe7457192e488063fa3b7ef47256dc1,data/raw/phase3/SIH/RDPE2001.dbc,Acquisition only; scientific gates evaluated separately.,RDPE2001.dbc,04-05-21  01:26PM,FTP LIST; server timezone unspecified,2026-08-31T08:49:18.751185+00:00
DATASUS,SIH,2020-02,PE,2020-02,ftp://ftp.datasus.gov.br/dissemin/publicos/SIHSUS/200801_/Dados/RDPE2002.dbc,ftp://ftp.datasus.gov.br/dissemin/publicos/SIHSUS/200801_/Dados/RDPE2002.dbc,curl,2026-08-31T08:14:49.563780+00:00,RDPE2002.dbc,3241584,0c1d6a90f7c15a3cbf882f3014cb9f7859b6787f64bf03fc360741a76c8db9b2,60902ed872c4899e05a4c7f8b2daf5a1dfe7457192e488063fa3b7ef47256dc1,data/raw/phase3/SIH/RDPE2002.dbc,Acquisition only; scientific gates evaluated separately.,RDPE2002.dbc,05-07-21  04:40PM,FTP LIST; server timezone unspecified,2026-08-31T08:49:18.751188+00:00
DATASUS,SIH,2020-03,PE,2020-03,ftp://ftp.datasus.gov.br/dissemin/publicos/SIHSUS/200801_/Dados/RDPE2003.dbc,ftp://ftp.datasus.gov.br/dissemin/publicos/SIHSUS/200801_/Dados/RDPE2003.dbc,curl,2026-08-31T08:14:50.249550+00:00,RDPE2003.dbc,3266559,440d74b94f89976e763a60cb1819dc87a378964d50d266729d3278d8426b22c4,60902ed872c4899e05a4c7f8b2daf5a1dfe7457192e488063fa3b7ef47256dc1,data/raw/phase3/SIH/RDPE2003.dbc,Acquisition only; scientific gates evaluated separately.,RDPE2003.dbc,05-07-21  04:40PM,FTP LIST; server timezone unspecified,2026-08-31T08:49:18.751192+00:00
DATASUS,SIH,2020-04,PE,2020-04,ftp://ftp.datasus.gov.br/dissemin/publicos/SIHSUS/200801_/Dados/RDPE2004.dbc,ftp://ftp.datasus.gov.br/dissemin/publicos/SIHSUS/200801_/Dados/RDPE2004.dbc,curl,2026-08-31T08:14:50.207783+00:00,RDPE2004.dbc,2365904,c17d1880953aa63af635434f9d01295f4b5a3a115a3dc3c4273a5edfe570d621,60902ed872c4899e05a4c7f8b2daf5a1dfe7457192e488063fa3b7ef47256dc1,data/raw/phase3/SIH/RDPE2004.dbc,Acquisition only; scientific gates evaluated separately.,RDPE2004.dbc,01-10-22  02:25PM,FTP LIST; server timezone unspecified,2026-08-31T08:49:18.751195+00:00
DATASUS,SIH,2020-05,PE,2020-05,ftp://ftp.datasus.gov.br/dissemin/publicos/SIHSUS/200801_/Dados/RDPE2005.dbc,ftp://ftp.datasus.gov.br/dissemin/publicos/SIHSUS/200801_/Dados/RDPE2005.dbc,curl,2026-08-31T08:14:50.832458+00:00,RDPE2005.dbc,2446901,8215a44dad6f8a765ae923ea64a06c848f59f1d9da9579a5b30fb12b3ba91ff9,60902ed872c4899e05a4c7f8b2daf5a1dfe7457192e488063fa3b7ef47256dc1,data/raw/phase3/SIH/RDPE2005.dbc,Acquisition only; scientific gates evaluated separately.,RDPE2005.dbc,01-10-22  02:25PM,FTP LIST; server timezone unspecified,2026-08-31T08:49:18.751203+00:00
DATASUS,SIH,2020-06,PE,2020-06,ftp://ftp.datasus.gov.br/dissemin/publicos/SIHSUS/200801_/Dados/RDPE2006.dbc,ftp://ftp.datasus.gov.br/dissemin/publicos/SIHSUS/200801_/Dados/RDPE2006.dbc,curl,2026-08-31T08:14:50.961398+00:00,RDPE2006.dbc,2630258,3e5c6f41a724941ff5a4782d659d2b05f196a5aa9e15ef4b6e99789f0eb6163c,60902ed872c4899e05a4c7f8b2daf5a1dfe7457192e488063fa3b7ef47256dc1,data/raw/phase3/SIH/RDPE2006.dbc,Acquisition only; scientific gates evaluated separately.,RDPE2006.dbc,01-10-22  02:25PM,FTP LIST; server timezone unspecified,2026-08-31T08:49:18.751216+00:00
DATASUS,SIH,2020-07,PE,2020-07,ftp://ftp.datasus.gov.br/dissemin/publicos/SIHSUS/200801_/Dados/RDPE2007.dbc,ftp://ftp.datasus.gov.br/dissemin/publicos/SIHSUS/200801_/Dados/RDPE2007.dbc,curl,2026-08-31T08:14:51.710897+00:00,RDPE2007.dbc,3014395,07c9690eb6e948f52b60498f19df53e9d592b5cd163c52db86b7fced0832eec0,60902ed872c4899e05a4c7f8b2daf5a1dfe7457192e488063fa3b7ef47256dc1,data/raw/phase3/SIH/RDPE2007.dbc,Acquisition only; scientific gates evaluated separately.,RDPE2007.dbc,01-10-22  02:25PM,FTP LIST; server timezone unspecified,2026-08-31T08:49:18.751227+00:00
DATASUS,SIH,2020-08,PE,2020-08,ftp://ftp.datasus.gov.br/dissemin/publicos/SIHSUS/200801_/Dados/RDPE2008.dbc,ftp://ftp.datasus.gov.br/dissemin/publicos/SIHSUS/200801_/Dados/RDPE2008.dbc,curl,2026-08-31T08:14:51.817092+00:00,RDPE2008.dbc,3065462,358f97c4274c55d57a53e07657929f299070ba5c483fe2ae73276eee40bd23fe,60902ed872c4899e05a4c7f8b2daf5a1dfe7457192e488063fa3b7ef47256dc1,data/raw/phase3/SIH/RDPE2008.dbc,Acquisition only; scientific gates evaluated separately.,RDPE2008.dbc,02-07-22  10:08AM,FTP LIST; server timezone unspecified,2026-08-31T08:49:18.751231+00:00
DATASUS,SIH,2020-09,PE,2020-09,ftp://ftp.datasus.gov.br/dissemin/publicos/SIHSUS/200801_/Dados/RDPE2009.dbc,ftp://ftp.datasus.gov.br/dissemin/publicos/SIHSUS/200801_/Dados/RDPE2009.dbc,curl,2026-08-31T08:14:52.311585+00:00,RDPE2009.dbc,3007727,c85df1055c2b4b5893fe4ccdaa49b43ba616a5a8a4d9f68a1f7f07577ca1ffeb,60902ed872c4899e05a4c7f8b2daf5a1dfe7457192e488063fa3b7ef47256dc1,data/raw/phase3/SIH/RDPE2009.dbc,Acquisition only; scientific gates evaluated separately.,RDPE2009.dbc,02-07-22  10:08AM,FTP LIST; server timezone unspecified,2026-08-31T08:49:18.751235+00:00
DATASUS,SIH,2020-10,PE,2020-10,ftp://ftp.datasus.gov.br/dissemin/publicos/SIHSUS/200801_/Dados/RDPE2010.dbc,ftp://ftp.datasus.gov.br/dissemin/publicos/SIHSUS/200801_/Dados/RDPE2010.dbc,curl,2026-08-31T08:14:52.480916+00:00,RDPE2010.dbc,3061181,5cf8bb2709c222fe9de83001be7edabdad6d26d224dd1f1b4b9ba0819a1baeaa,60902ed872c4899e05a4c7f8b2daf5a1dfe7457192e488063fa3b7ef47256dc1,data/raw/phase3/SIH/RDPE2010.dbc,Acquisition only; scientific gates evaluated separately.,RDPE2010.dbc,02-07-22  10:08AM,FTP LIST; server timezone unspecified,2026-08-31T08:49:18.751238+00:00
DATASUS,SIH,2020-11,PE,2020-11,ftp://ftp.datasus.gov.br/dissemin/publicos/SIHSUS/200801_/Dados/RDPE2011.dbc,ftp://ftp.datasus.gov.br/dissemin/publicos/SIHSUS/200801_/Dados/RDPE2011.dbc,curl,2026-08-31T08:14:53.249450+00:00,RDPE2011.dbc,3206157,14928215cd05e002f910aad6710b611a011fd0b95549d063b4c36598db325bbd,60902ed872c4899e05a4c7f8b2daf5a1dfe7457192e488063fa3b7ef47256dc1,data/raw/phase3/SIH/RDPE2011.dbc,Acquisition only; scientific gates evaluated separately.,RDPE2011.dbc,02-07-22  10:08AM,FTP LIST; server timezone unspecified,2026-08-31T08:49:18.751241+00:00
DATASUS,SIH,2020-12,PE,2020-12,ftp://ftp.datasus.gov.br/dissemin/publicos/SIHSUS/200801_/Dados/RDPE2012.dbc,ftp://ftp.datasus.gov.br/dissemin/publicos/SIHSUS/200801_/Dados/RDPE2012.dbc,curl,2026-08-31T08:14:53.351008+00:00,RDPE2012.dbc,3019982,c9de9a9816567cf093bf4e4b8216f90638e87973cd085562649c96a1492b5e5b,60902ed872c4899e05a4c7f8b2daf5a1dfe7457192e488063fa3b7ef47256dc1,data/raw/phase3/SIH/RDPE2012.dbc,Acquisition only; scientific gates evaluated separately.,RDPE2012.dbc,03-07-22  01:15PM,FTP LIST; server timezone unspecified,2026-08-31T08:49:18.751245+00:00
DATASUS,SIH,2021-01,PE,2021-01,ftp://ftp.datasus.gov.br/dissemin/publicos/SIHSUS/200801_/Dados/RDPE2101.dbc,ftp://ftp.datasus.gov.br/dissemin/publicos/SIHSUS/200801_/Dados/RDPE2101.dbc,curl,2026-08-31T08:14:53.874885+00:00,RDPE2101.dbc,3082044,62294f64dc3723760ee2b2983147e7504da9f551bad7fa294f860763ec4e0ae5,60902ed872c4899e05a4c7f8b2daf5a1dfe7457192e488063fa3b7ef47256dc1,data/raw/phase3/SIH/RDPE2101.dbc,Acquisition only; scientific gates evaluated separately.,RDPE2101.dbc,03-07-22  01:15PM,FTP LIST; server timezone unspecified,2026-08-31T08:49:18.751248+00:00
DATASUS,SIH,2021-02,PE,2021-02,ftp://ftp.datasus.gov.br/dissemin/publicos/SIHSUS/200801_/Dados/RDPE2102.dbc,ftp://ftp.datasus.gov.br/dissemin/publicos/SIHSUS/200801_/Dados/RDPE2102.dbc,curl,2026-08-31T08:14:54.049685+00:00,RDPE2102.dbc,2952923,bf1588e08f027efcae38d4687794ed46cc9061dc858af8824892cc5c552c3c2b,60902ed872c4899e05a4c7f8b2daf5a1dfe7457192e488063fa3b7ef47256dc1,data/raw/phase3/SIH/RDPE2102.dbc,Acquisition only; scientific gates evaluated separately.,RDPE2102.dbc,04-11-22  07:24PM,FTP LIST; server timezone unspecified,2026-08-31T08:49:18.751254+00:00
DATASUS,SIH,2021-03,PE,2021-03,ftp://ftp.datasus.gov.br/dissemin/publicos/SIHSUS/200801_/Dados/RDPE2103.dbc,ftp://ftp.datasus.gov.br/dissemin/publicos/SIHSUS/200801_/Dados/RDPE2103.dbc,curl,2026-08-31T08:14:54.835137+00:00,RDPE2103.dbc,3111010,8ea0773c9a520d4f92bce28ecfb08d696e336ee5ef99723e4fed7344196105b2,60902ed872c4899e05a4c7f8b2daf5a1dfe7457192e488063fa3b7ef47256dc1,data/raw/phase3/SIH/RDPE2103.dbc,Acquisition only; scientific gates evaluated separately.,RDPE2103.dbc,05-04-22  12:35PM,FTP LIST; server timezone unspecified,2026-08-31T08:49:18.751257+00:00
DATASUS,SIH,2021-04,PE,2021-04,ftp://ftp.datasus.gov.br/dissemin/publicos/SIHSUS/200801_/Dados/RDPE2104.dbc,ftp://ftp.datasus.gov.br/dissemin/publicos/SIHSUS/200801_/Dados/RDPE2104.dbc,curl,2026-08-31T08:14:54.946974+00:00,RDPE2104.dbc,3285540,a5462fe53ad512b53346d2b2ed081fe6c3f069125a67da2c79454025c2314511,60902ed872c4899e05a4c7f8b2daf5a1dfe7457192e488063fa3b7ef47256dc1,data/raw/phase3/SIH/RDPE2104.dbc,Acquisition only; scientific gates evaluated separately.,RDPE2104.dbc,05-04-22  12:34PM,FTP LIST; server timezone unspecified,2026-08-31T08:49:18.751260+00:00
DATASUS,SIH,2021-05,PE,2021-05,ftp://ftp.datasus.gov.br/dissemin/publicos/SIHSUS/200801_/Dados/RDPE2105.dbc,ftp://ftp.datasus.gov.br/dissemin/publicos/SIHSUS/200801_/Dados/RDPE2105.dbc,curl,2026-08-31T08:14:55.560835+00:00,RDPE2105.dbc,3557274,3362a9b01eb020d417e9565e25bea5086c6e171f044819fe2f407f1ade5523ea,60902ed872c4899e05a4c7f8b2daf5a1dfe7457192e488063fa3b7ef47256dc1,data/raw/phase3/SIH/RDPE2105.dbc,Acquisition only; scientific gates evaluated separately.,RDPE2105.dbc,06-03-22  01:06PM,FTP LIST; server timezone unspecified,2026-08-31T08:49:18.751263+00:00
DATASUS,SIH,2021-06,PE,2021-06,ftp://ftp.datasus.gov.br/dissemin/publicos/SIHSUS/200801_/Dados/RDPE2106.dbc,ftp://ftp.datasus.gov.br/dissemin/publicos/SIHSUS/200801_/Dados/RDPE2106.dbc,curl,2026-08-31T08:14:55.764099+00:00,RDPE2106.dbc,3604085,6c709895008820d1442771632c404b26820fbdaa35559c43b5054127c2741e25,60902ed872c4899e05a4c7f8b2daf5a1dfe7457192e488063fa3b7ef47256dc1,data/raw/phase3/SIH/RDPE2106.dbc,Acquisition only; scientific gates evaluated separately.,RDPE2106.dbc,07-06-22  01:13PM,FTP LIST; server timezone unspecified,2026-08-31T08:49:18.751266+00:00
DATASUS,SIH,2021-07,PE,2021-07,ftp://ftp.datasus.gov.br/dissemin/publicos/SIHSUS/200801_/Dados/RDPE2107.dbc,ftp://ftp.datasus.gov.br/dissemin/publicos/SIHSUS/200801_/Dados/RDPE2107.dbc,curl,2026-08-31T08:14:56.588623+00:00,RDPE2107.dbc,3628329,4368ae9504c03493a44670dbc3f6f433b18665a70a0eee8c5cbd661810e84be3,60902ed872c4899e05a4c7f8b2daf5a1dfe7457192e488063fa3b7ef47256dc1,data/raw/phase3/SIH/RDPE2107.dbc,Acquisition only; scientific gates evaluated separately.,RDPE2107.dbc,08-04-22  03:45PM,FTP LIST; server timezone unspecified,2026-08-31T08:49:18.751269+00:00
DATASUS,SIH,2021-08,PE,2021-08,ftp://ftp.datasus.gov.br/dissemin/publicos/SIHSUS/200801_/Dados/RDPE2108.dbc,ftp://ftp.datasus.gov.br/dissemin/publicos/SIHSUS/200801_/Dados/RDPE2108.dbc,curl,2026-08-31T08:14:56.671914+00:00,RDPE2108.dbc,3564620,01a1f40c70283594e873c2e7e75521d910d960166f827356aee0a65cd071dbc9,60902ed872c4899e05a4c7f8b2daf5a1dfe7457192e488063fa3b7ef47256dc1,data/raw/phase3/SIH/RDPE2108.dbc,Acquisition only; scientific gates evaluated separately.,RDPE2108.dbc,09-06-22  11:18AM,FTP LIST; server timezone unspecified,2026-08-31T08:49:18.751272+00:00
DATASUS,SIH,2021-09,PE,2021-09,ftp://ftp.datasus.gov.br/dissemin/publicos/SIHSUS/200801_/Dados/RDPE2109.dbc,ftp://ftp.datasus.gov.br/dissemin/publicos/SIHSUS/200801_/Dados/RDPE2109.dbc,curl,2026-08-31T08:14:57.215297+00:00,RDPE2109.dbc,3411429,70fde5088d151adca179570aaa71d8ad9ed88f4161fa24cad47b7399e611d466,60902ed872c4899e05a4c7f8b2daf5a1dfe7457192e488063fa3b7ef47256dc1,data/raw/phase3/SIH/RDPE2109.dbc,Acquisition only; scientific gates evaluated separately.,RDPE2109.dbc,10-05-22  02:28PM,FTP LIST; server timezone unspecified,2026-08-31T08:49:18.751276+00:00
DATASUS,SIH,2021-10,PE,2021-10,ftp://ftp.datasus.gov.br/dissemin/publicos/SIHSUS/200801_/Dados/RDPE2110.dbc,ftp://ftp.datasus.gov.br/dissemin/publicos/SIHSUS/200801_/Dados/RDPE2110.dbc,curl,2026-08-31T08:14:57.440655+00:00,RDPE2110.dbc,3456839,d45770804d695ba01c01417bced0db5f17d4fc5b9198943df75f8306e9e22326,60902ed872c4899e05a4c7f8b2daf5a1dfe7457192e488063fa3b7ef47256dc1,data/raw/phase3/SIH/RDPE2110.dbc,Acquisition only; scientific gates evaluated separately.,RDPE2110.dbc,11-03-22  05:56PM,FTP LIST; server timezone unspecified,2026-08-31T08:49:18.751279+00:00
DATASUS,SIH,2021-11,PE,2021-11,ftp://ftp.datasus.gov.br/dissemin/publicos/SIHSUS/200801_/Dados/RDPE2111.dbc,ftp://ftp.datasus.gov.br/dissemin/publicos/SIHSUS/200801_/Dados/RDPE2111.dbc,curl,2026-08-31T08:14:58.345165+00:00,RDPE2111.dbc,3604095,528db942031c2cd86510029ab1faaecdffbdb23c1462810d5c59be4aa15e15f2,60902ed872c4899e05a4c7f8b2daf5a1dfe7457192e488063fa3b7ef47256dc1,data/raw/phase3/SIH/RDPE2111.dbc,Acquisition only; scientific gates evaluated separately.,RDPE2111.dbc,12-06-22  04:24PM,FTP LIST; server timezone unspecified,2026-08-31T08:49:18.751282+00:00
DATASUS,SIH,2021-12,PE,2021-12,ftp://ftp.datasus.gov.br/dissemin/publicos/SIHSUS/200801_/Dados/RDPE2112.dbc,ftp://ftp.datasus.gov.br/dissemin/publicos/SIHSUS/200801_/Dados/RDPE2112.dbc,curl,2026-08-31T08:14:58.360582+00:00,RDPE2112.dbc,3630963,0e8d37c12f15de3d806912b3f0fa3845af8a8885a1b2ac8ad981804c69a5a15c,60902ed872c4899e05a4c7f8b2daf5a1dfe7457192e488063fa3b7ef47256dc1,data/raw/phase3/SIH/RDPE2112.dbc,Acquisition only; scientific gates evaluated separately.,RDPE2112.dbc,01-04-23  12:48PM,FTP LIST; server timezone unspecified,2026-08-31T08:49:18.751286+00:00
DATASUS,SIH,2020-01,PI,2020-01,ftp://ftp.datasus.gov.br/dissemin/publicos/SIHSUS/200801_/Dados/RDPI2001.dbc,ftp://ftp.datasus.gov.br/dissemin/publicos/SIHSUS/200801_/Dados/RDPI2001.dbc,curl,2026-08-31T08:14:58.288252+00:00,RDPI2001.dbc,1297332,ef448dfaa6f0ffe70e83c27c099c54c940f3779e9f48dfddcf9898e13b5c606b,60902ed872c4899e05a4c7f8b2daf5a1dfe7457192e488063fa3b7ef47256dc1,data/raw/phase3/SIH/RDPI2001.dbc,Acquisition only; scientific gates evaluated separately.,RDPI2001.dbc,04-05-21  01:26PM,FTP LIST; server timezone unspecified,2026-08-31T08:49:18.751294+00:00
DATASUS,SIH,2020-02,PI,2020-02,ftp://ftp.datasus.gov.br/dissemin/publicos/SIHSUS/200801_/Dados/RDPI2002.dbc,ftp://ftp.datasus.gov.br/dissemin/publicos/SIHSUS/200801_/Dados/RDPI2002.dbc,curl,2026-08-31T08:14:58.530621+00:00,RDPI2002.dbc,1257357,15731bc98a7c2f857b38c728e63e0b246ce73ccef54c493995a4d6a222b00d6b,60902ed872c4899e05a4c7f8b2daf5a1dfe7457192e488063fa3b7ef47256dc1,data/raw/phase3/SIH/RDPI2002.dbc,Acquisition only; scientific gates evaluated separately.,RDPI2002.dbc,05-07-21  04:40PM,FTP LIST; server timezone unspecified,2026-08-31T08:49:18.751298+00:00
DATASUS,SIH,2020-03,PI,2020-03,ftp://ftp.datasus.gov.br/dissemin/publicos/SIHSUS/200801_/Dados/RDPI2003.dbc,ftp://ftp.datasus.gov.br/dissemin/publicos/SIHSUS/200801_/Dados/RDPI2003.dbc,curl,2026-08-31T08:14:59.342111+00:00,RDPI2003.dbc,1136086,d5418f4d4b5b7e54367953d46bcef82b740be29be46f7193ac4f614b2ba7bb34,60902ed872c4899e05a4c7f8b2daf5a1dfe7457192e488063fa3b7ef47256dc1,data/raw/phase3/SIH/RDPI2003.dbc,Acquisition only; scientific gates evaluated separately.,RDPI2003.dbc,05-07-21  04:40PM,FTP LIST; server timezone unspecified,2026-08-31T08:49:18.751301+00:00
DATASUS,SIH,2020-04,PI,2020-04,ftp://ftp.datasus.gov.br/dissemin/publicos/SIHSUS/200801_/Dados/RDPI2004.dbc,ftp://ftp.datasus.gov.br/dissemin/publicos/SIHSUS/200801_/Dados/RDPI2004.dbc,curl,2026-08-31T08:14:59.351359+00:00,RDPI2004.dbc,869289,355dca8ae4c346e88ee57dfef808a7227e9dcaa7813e04c40881fbbfc30fab63,60902ed872c4899e05a4c7f8b2daf5a1dfe7457192e488063fa3b7ef47256dc1,data/raw/phase3/SIH/RDPI2004.dbc,Acquisition only; scientific gates evaluated separately.,RDPI2004.dbc,01-10-22  02:25PM,FTP LIST; server timezone unspecified,2026-08-31T08:49:18.751304+00:00
DATASUS,SIH,2020-05,PI,2020-05,ftp://ftp.datasus.gov.br/dissemin/publicos/SIHSUS/200801_/Dados/RDPI2005.dbc,ftp://ftp.datasus.gov.br/dissemin/publicos/SIHSUS/200801_/Dados/RDPI2005.dbc,curl,2026-08-31T08:14:59.342335+00:00,RDPI2005.dbc,913566,021f53fb6be5dd04d08170c91f68994a1653fd95765337d0f1c79a98adee1039,60902ed872c4899e05a4c7f8b2daf5a1dfe7457192e488063fa3b7ef47256dc1,data/raw/phase3/SIH/RDPI2005.dbc,Acquisition only; scientific gates evaluated separately.,RDPI2005.dbc,01-10-22  02:25PM,FTP LIST; server timezone unspecified,2026-08-31T08:49:18.751307+00:00
DATASUS,SIH,2020-06,PI,2020-06,ftp://ftp.datasus.gov.br/dissemin/publicos/SIHSUS/200801_/Dados/RDPI2006.dbc,ftp://ftp.datasus.gov.br/dissemin/publicos/SIHSUS/200801_/Dados/RDPI2006.dbc,curl,2026-08-31T08:14:59.514952+00:00,RDPI2006.dbc,952304,1c6734460c5f6f317b5fe129e81744af6e44ba974f04c7dcf03f7f2ea36f44b8,60902ed872c4899e05a4c7f8b2daf5a1dfe7457192e488063fa3b7ef47256dc1,data/raw/phase3/SIH/RDPI2006.dbc,Acquisition only; scientific gates evaluated separately.,RDPI2006.dbc,01-10-22  02:25PM,FTP LIST; server timezone unspecified,2026-08-31T08:49:18.751310+00:00
DATASUS,SIH,2020-07,PI,2020-07,ftp://ftp.datasus.gov.br/dissemin/publicos/SIHSUS/200801_/Dados/RDPI2007.dbc,ftp://ftp.datasus.gov.br/dissemin/publicos/SIHSUS/200801_/Dados/RDPI2007.dbc,curl,2026-08-31T08:15:00.372633+00:00,RDPI2007.dbc,1018161,4fb20368466628340fbe0ecb19a563c0890b3e27ed1e1f2e5e87d3dbd50943a2,60902ed872c4899e05a4c7f8b2daf5a1dfe7457192e488063fa3b7ef47256dc1,data/raw/phase3/SIH/RDPI2007.dbc,Acquisition only; scientific gates evaluated separately.,RDPI2007.dbc,01-10-22  02:25PM,FTP LIST; server timezone unspecified,2026-08-31T08:49:18.751313+00:00
DATASUS,SIH,2020-08,PI,2020-08,ftp://ftp.datasus.gov.br/dissemin/publicos/SIHSUS/200801_/Dados/RDPI2008.dbc,ftp://ftp.datasus.gov.br/dissemin/publicos/SIHSUS/200801_/Dados/RDPI2008.dbc,curl,2026-08-31T08:15:00.432695+00:00,RDPI2008.dbc,1053470,eb3ef69deb8bf6b61728c37de8e10df6f4414e5bcb87c777fec6821c84346cf0,60902ed872c4899e05a4c7f8b2daf5a1dfe7457192e488063fa3b7ef47256dc1,data/raw/phase3/SIH/RDPI2008.dbc,Acquisition only; scientific gates evaluated separately.,RDPI2008.dbc,02-07-22  10:08AM,FTP LIST; server timezone unspecified,2026-08-31T08:49:18.751316+00:00
DATASUS,SIH,2020-09,PI,2020-09,ftp://ftp.datasus.gov.br/dissemin/publicos/SIHSUS/200801_/Dados/RDPI2009.dbc,ftp://ftp.datasus.gov.br/dissemin/publicos/SIHSUS/200801_/Dados/RDPI2009.dbc,curl,2026-08-31T08:15:00.415768+00:00,RDPI2009.dbc,1056186,b76ce7d8064860c59764bd773a3aeb6230b9a16613205bbcba49ba9b6e50af0e,60902ed872c4899e05a4c7f8b2daf5a1dfe7457192e488063fa3b7ef47256dc1,data/raw/phase3/SIH/RDPI2009.dbc,Acquisition only; scientific gates evaluated separately.,RDPI2009.dbc,02-07-22  10:08AM,FTP LIST; server timezone unspecified,2026-08-31T08:49:18.751319+00:00
DATASUS,SIH,2020-10,PI,2020-10,ftp://ftp.datasus.gov.br/dissemin/publicos/SIHSUS/200801_/Dados/RDPI2010.dbc,ftp://ftp.datasus.gov.br/dissemin/publicos/SIHSUS/200801_/Dados/RDPI2010.dbc,curl,2026-08-31T08:15:00.646006+00:00,RDPI2010.dbc,1150218,c112a78240eb4f05e89e513c32deebd3f06bee86dacdaee8b713f62a292d5eb0,60902ed872c4899e05a4c7f8b2daf5a1dfe7457192e488063fa3b7ef47256dc1,data/raw/phase3/SIH/RDPI2010.dbc,Acquisition only; scientific gates evaluated separately.,RDPI2010.dbc,02-07-22  10:08AM,FTP LIST; server timezone unspecified,2026-08-31T08:49:18.751322+00:00
DATASUS,SIH,2020-11,PI,2020-11,ftp://ftp.datasus.gov.br/dissemin/publicos/SIHSUS/200801_/Dados/RDPI2011.dbc,ftp://ftp.datasus.gov.br/dissemin/publicos/SIHSUS/200801_/Dados/RDPI2011.dbc,curl,2026-08-31T08:15:01.429795+00:00,RDPI2011.dbc,1095543,662d7d3529f55dd8a3a2d8e16fe43a9b3636fef71945909adabfe44ec0696967,60902ed872c4899e05a4c7f8b2daf5a1dfe7457192e488063fa3b7ef47256dc1,data/raw/phase3/SIH/RDPI2011.dbc,Acquisition only; scientific gates evaluated separately.,RDPI2011.dbc,02-07-22  10:08AM,FTP LIST; server timezone unspecified,2026-08-31T08:49:18.751326+00:00
DATASUS,SIH,2020-12,PI,2020-12,ftp://ftp.datasus.gov.br/dissemin/publicos/SIHSUS/200801_/Dados/RDPI2012.dbc,ftp://ftp.datasus.gov.br/dissemin/publicos/SIHSUS/200801_/Dados/RDPI2012.dbc,curl,2026-08-31T08:15:01.443951+00:00,RDPI2012.dbc,1120219,1659f20507dc4cc92d5bb13b02d597615e821cde69ec131795c41ebf059fbf7a,60902ed872c4899e05a4c7f8b2daf5a1dfe7457192e488063fa3b7ef47256dc1,data/raw/phase3/SIH/RDPI2012.dbc,Acquisition only; scientific gates evaluated separately.,RDPI2012.dbc,03-07-22  01:15PM,FTP LIST; server timezone unspecified,2026-08-31T08:49:18.751329+00:00
DATASUS,SIH,2021-01,PI,2021-01,ftp://ftp.datasus.gov.br/dissemin/publicos/SIHSUS/200801_/Dados/RDPI2101.dbc,ftp://ftp.datasus.gov.br/dissemin/publicos/SIHSUS/200801_/Dados/RDPI2101.dbc,curl,2026-08-31T08:15:01.531067+00:00,RDPI2101.dbc,1273165,77f0c30d12236409848f06ea274675cdf55abd4d1558024c72ca48d1f5fec85a,60902ed872c4899e05a4c7f8b2daf5a1dfe7457192e488063fa3b7ef47256dc1,data/raw/phase3/SIH/RDPI2101.dbc,Acquisition only; scientific gates evaluated separately.,RDPI2101.dbc,03-07-22  01:15PM,FTP LIST; server timezone unspecified,2026-08-31T08:49:18.751332+00:00
DATASUS,SIH,2021-02,PI,2021-02,ftp://ftp.datasus.gov.br/dissemin/publicos/SIHSUS/200801_/Dados/RDPI2102.dbc,ftp://ftp.datasus.gov.br/dissemin/publicos/SIHSUS/200801_/Dados/RDPI2102.dbc,curl,2026-08-31T08:15:01.694091+00:00,RDPI2102.dbc,1189963,8746e9c0ee2d0e788a39afb3cc7a8a69d7f3f430cd9d1f78a6d76119cd37494e,60902ed872c4899e05a4c7f8b2daf5a1dfe7457192e488063fa3b7ef47256dc1,data/raw/phase3/SIH/RDPI2102.dbc,Acquisition only; scientific gates evaluated separately.,RDPI2102.dbc,04-11-22  07:24PM,FTP LIST; server timezone unspecified,2026-08-31T08:49:18.751335+00:00
DATASUS,SIH,2021-03,PI,2021-03,ftp://ftp.datasus.gov.br/dissemin/publicos/SIHSUS/200801_/Dados/RDPI2103.dbc,ftp://ftp.datasus.gov.br/dissemin/publicos/SIHSUS/200801_/Dados/RDPI2103.dbc,curl,2026-08-31T08:15:02.539466+00:00,RDPI2103.dbc,1140718,32ce30e5819b8499a88b42613ec18d96743a32f05e381f131a10b4792424de3e,60902ed872c4899e05a4c7f8b2daf5a1dfe7457192e488063fa3b7ef47256dc1,data/raw/phase3/SIH/RDPI2103.dbc,Acquisition only; scientific gates evaluated separately.,RDPI2103.dbc,05-04-22  12:34PM,FTP LIST; server timezone unspecified,2026-08-31T08:49:18.751338+00:00
DATASUS,SIH,2021-04,PI,2021-04,ftp://ftp.datasus.gov.br/dissemin/publicos/SIHSUS/200801_/Dados/RDPI2104.dbc,ftp://ftp.datasus.gov.br/dissemin/publicos/SIHSUS/200801_/Dados/RDPI2104.dbc,curl,2026-08-31T08:15:02.496423+00:00,RDPI2104.dbc,1115984,eace0e54133c0437b912f2666bfbaad724bcf4148e2eee63a23529b1cbaf2097,60902ed872c4899e05a4c7f8b2daf5a1dfe7457192e488063fa3b7ef47256dc1,data/raw/phase3/SIH/RDPI2104.dbc,Acquisition only; scientific gates evaluated separately.,RDPI2104.dbc,05-04-22  12:34PM,FTP LIST; server timezone unspecified,2026-08-31T08:49:18.751352+00:00
DATASUS,SIH,2021-05,PI,2021-05,ftp://ftp.datasus.gov.br/dissemin/publicos/SIHSUS/200801_/Dados/RDPI2105.dbc,ftp://ftp.datasus.gov.br/dissemin/publicos/SIHSUS/200801_/Dados/RDPI2105.dbc,curl,2026-08-31T08:15:02.643462+00:00,RDPI2105.dbc,1203262,a57814efbb75e70461bdf80fa2f7a585609a144682c23c24b533b63d7c6fed65,60902ed872c4899e05a4c7f8b2daf5a1dfe7457192e488063fa3b7ef47256dc1,data/raw/phase3/SIH/RDPI2105.dbc,Acquisition only; scientific gates evaluated separately.,RDPI2105.dbc,06-03-22  01:06PM,FTP LIST; server timezone unspecified,2026-08-31T08:49:18.751360+00:00
DATASUS,SIH,2021-06,PI,2021-06,ftp://ftp.datasus.gov.br/dissemin/publicos/SIHSUS/200801_/Dados/RDPI2106.dbc,ftp://ftp.datasus.gov.br/dissemin/publicos/SIHSUS/200801_/Dados/RDPI2106.dbc,curl,2026-08-31T08:15:02.837963+00:00,RDPI2106.dbc,1277426,8db8f976a5afb31f64820847e4743d8b56577fdadee84079a3f97f7815bdada6,60902ed872c4899e05a4c7f8b2daf5a1dfe7457192e488063fa3b7ef47256dc1,data/raw/phase3/SIH/RDPI2106.dbc,Acquisition only; scientific gates evaluated separately.,RDPI2106.dbc,07-06-22  01:13PM,FTP LIST; server timezone unspecified,2026-08-31T08:49:18.751363+00:00
DATASUS,SIH,2021-07,PI,2021-07,ftp://ftp.datasus.gov.br/dissemin/publicos/SIHSUS/200801_/Dados/RDPI2107.dbc,ftp://ftp.datasus.gov.br/dissemin/publicos/SIHSUS/200801_/Dados/RDPI2107.dbc,curl,2026-08-31T08:15:03.593223+00:00,RDPI2107.dbc,1244007,ccc4beab0f64a706cf84fa5f00d7d00d06583c150d40ac598cb988f14787cbff,60902ed872c4899e05a4c7f8b2daf5a1dfe7457192e488063fa3b7ef47256dc1,data/raw/phase3/SIH/RDPI2107.dbc,Acquisition only; scientific gates evaluated separately.,RDPI2107.dbc,08-04-22  03:45PM,FTP LIST; server timezone unspecified,2026-08-31T08:49:18.751411+00:00
DATASUS,SIH,2021-08,PI,2021-08,ftp://ftp.datasus.gov.br/dissemin/publicos/SIHSUS/200801_/Dados/RDPI2108.dbc,ftp://ftp.datasus.gov.br/dissemin/publicos/SIHSUS/200801_/Dados/RDPI2108.dbc,curl,2026-08-31T08:15:03.691122+00:00,RDPI2108.dbc,1357972,f2f7eb413f52eb2e011fa65c5a45a08d236ed4f4b9b9d29954cfc4bb797e8bfb,60902ed872c4899e05a4c7f8b2daf5a1dfe7457192e488063fa3b7ef47256dc1,data/raw/phase3/SIH/RDPI2108.dbc,Acquisition only; scientific gates evaluated separately.,RDPI2108.dbc,09-06-22  11:18AM,FTP LIST; server timezone unspecified,2026-08-31T08:49:18.751439+00:00
DATASUS,SIH,2021-09,PI,2021-09,ftp://ftp.datasus.gov.br/dissemin/publicos/SIHSUS/200801_/Dados/RDPI2109.dbc,ftp://ftp.datasus.gov.br/dissemin/publicos/SIHSUS/200801_/Dados/RDPI2109.dbc,curl,2026-08-31T08:15:03.756095+00:00,RDPI2109.dbc,1249313,d1c3ffb748e46a677107ffe1eb9864d52fef0f935f73584b6396cf14ad53d17a,60902ed872c4899e05a4c7f8b2daf5a1dfe7457192e488063fa3b7ef47256dc1,data/raw/phase3/SIH/RDPI2109.dbc,Acquisition only; scientific gates evaluated separately.,RDPI2109.dbc,10-05-22  02:28PM,FTP LIST; server timezone unspecified,2026-08-31T08:49:18.751446+00:00
DATASUS,SIH,2021-10,PI,2021-10,ftp://ftp.datasus.gov.br/dissemin/publicos/SIHSUS/200801_/Dados/RDPI2110.dbc,ftp://ftp.datasus.gov.br/dissemin/publicos/SIHSUS/200801_/Dados/RDPI2110.dbc,curl,2026-08-31T08:15:04.001698+00:00,RDPI2110.dbc,1240796,de3e756f8863be8f39878167b7e94844bbe6cfdecdf4fe5dcc89a6e690211cc8,60902ed872c4899e05a4c7f8b2daf5a1dfe7457192e488063fa3b7ef47256dc1,data/raw/phase3/SIH/RDPI2110.dbc,Acquisition only; scientific gates evaluated separately.,RDPI2110.dbc,11-03-22  05:56PM,FTP LIST; server timezone unspecified,2026-08-31T08:49:18.751449+00:00
DATASUS,SIH,2021-11,PI,2021-11,ftp://ftp.datasus.gov.br/dissemin/publicos/SIHSUS/200801_/Dados/RDPI2111.dbc,ftp://ftp.datasus.gov.br/dissemin/publicos/SIHSUS/200801_/Dados/RDPI2111.dbc,curl,2026-08-31T08:15:04.737013+00:00,RDPI2111.dbc,1284765,95ebb6fdc4aacb81a2310a62381cc9d56442fb7dccc5f9c486b7c2a750cfb030,60902ed872c4899e05a4c7f8b2daf5a1dfe7457192e488063fa3b7ef47256dc1,data/raw/phase3/SIH/RDPI2111.dbc,Acquisition only; scientific gates evaluated separately.,RDPI2111.dbc,12-06-22  04:24PM,FTP LIST; server timezone unspecified,2026-08-31T08:49:18.751453+00:00
DATASUS,SIH,2021-12,PI,2021-12,ftp://ftp.datasus.gov.br/dissemin/publicos/SIHSUS/200801_/Dados/RDPI2112.dbc,ftp://ftp.datasus.gov.br/dissemin/publicos/SIHSUS/200801_/Dados/RDPI2112.dbc,curl,2026-08-31T08:15:04.866470+00:00,RDPI2112.dbc,1310626,ada1b2d7ac92a08e06d49f61787129bbce649633cc7859871763da60724c1b0e,60902ed872c4899e05a4c7f8b2daf5a1dfe7457192e488063fa3b7ef47256dc1,data/raw/phase3/SIH/RDPI2112.dbc,Acquisition only; scientific gates evaluated separately.,RDPI2112.dbc,01-04-23  12:48PM,FTP LIST; server timezone unspecified,2026-08-31T08:49:18.751456+00:00
DATASUS,SIH,2020-01,PR,2020-01,ftp://ftp.datasus.gov.br/dissemin/publicos/SIHSUS/200801_/Dados/RDPR2001.dbc,ftp://ftp.datasus.gov.br/dissemin/publicos/SIHSUS/200801_/Dados/RDPR2001.dbc,curl,2026-08-31T08:15:06.017133+00:00,RDPR2001.dbc,5751063,9b423ddc494172a8156ede72b394bb6e2e0db6e5d456bc32f6ecfdbd145b15c0,60902ed872c4899e05a4c7f8b2daf5a1dfe7457192e488063fa3b7ef47256dc1,data/raw/phase3/SIH/RDPR2001.dbc,Acquisition only; scientific gates evaluated separately.,RDPR2001.dbc,04-05-21  01:26PM,FTP LIST; server timezone unspecified,2026-08-31T08:49:18.751476+00:00
DATASUS,SIH,2020-02,PR,2020-02,ftp://ftp.datasus.gov.br/dissemin/publicos/SIHSUS/200801_/Dados/RDPR2002.dbc,ftp://ftp.datasus.gov.br/dissemin/publicos/SIHSUS/200801_/Dados/RDPR2002.dbc,curl,2026-08-31T08:15:06.340576+00:00,RDPR2002.dbc,5694250,120cc5b0fda96ab735d3d99f29a92b3da558eef9c25d1ddc457d491b26228f64,60902ed872c4899e05a4c7f8b2daf5a1dfe7457192e488063fa3b7ef47256dc1,data/raw/phase3/SIH/RDPR2002.dbc,Acquisition only; scientific gates evaluated separately.,RDPR2002.dbc,05-07-21  04:39PM,FTP LIST; server timezone unspecified,2026-08-31T08:49:18.751480+00:00
DATASUS,SIH,2020-03,PR,2020-03,ftp://ftp.datasus.gov.br/dissemin/publicos/SIHSUS/200801_/Dados/RDPR2003.dbc,ftp://ftp.datasus.gov.br/dissemin/publicos/SIHSUS/200801_/Dados/RDPR2003.dbc,curl,2026-08-31T08:15:06.867865+00:00,RDPR2003.dbc,5204544,4eee37faa39d56d4ceeef0478fc00769473b7367ad992b7a9957d336a8db6c5b,60902ed872c4899e05a4c7f8b2daf5a1dfe7457192e488063fa3b7ef47256dc1,data/raw/phase3/SIH/RDPR2003.dbc,Acquisition only; scientific gates evaluated separately.,RDPR2003.dbc,05-07-21  04:39PM,FTP LIST; server timezone unspecified,2026-08-31T08:49:18.751483+00:00
DATASUS,SIH,2020-04,PR,2020-04,ftp://ftp.datasus.gov.br/dissemin/publicos/SIHSUS/200801_/Dados/RDPR2004.dbc,ftp://ftp.datasus.gov.br/dissemin/publicos/SIHSUS/200801_/Dados/RDPR2004.dbc,curl,2026-08-31T08:15:06.734726+00:00,RDPR2004.dbc,4292938,6151e33e28ad49283285080ca01c1721015d98569cb157dcfea5ed1df2aa28c8,60902ed872c4899e05a4c7f8b2daf5a1dfe7457192e488063fa3b7ef47256dc1,data/raw/phase3/SIH/RDPR2004.dbc,Acquisition only; scientific gates evaluated separately.,RDPR2004.dbc,01-10-22  02:25PM,FTP LIST; server timezone unspecified,2026-08-31T08:49:18.751487+00:00
DATASUS,SIH,2020-05,PR,2020-05,ftp://ftp.datasus.gov.br/dissemin/publicos/SIHSUS/200801_/Dados/RDPR2005.dbc,ftp://ftp.datasus.gov.br/dissemin/publicos/SIHSUS/200801_/Dados/RDPR2005.dbc,curl,2026-08-31T08:15:08.025874+00:00,RDPR2005.dbc,4653574,d6283471e107e10ac3086826e6bc4da8712fb3d98407f970639106e591a58485,60902ed872c4899e05a4c7f8b2daf5a1dfe7457192e488063fa3b7ef47256dc1,data/raw/phase3/SIH/RDPR2005.dbc,Acquisition only; scientific gates evaluated separately.,RDPR2005.dbc,01-10-22  02:25PM,FTP LIST; server timezone unspecified,2026-08-31T08:49:18.751491+00:00
DATASUS,SIH,2020-06,PR,2020-06,ftp://ftp.datasus.gov.br/dissemin/publicos/SIHSUS/200801_/Dados/RDPR2006.dbc,ftp://ftp.datasus.gov.br/dissemin/publicos/SIHSUS/200801_/Dados/RDPR2006.dbc,curl,2026-08-31T08:15:08.199303+00:00,RDPR2006.dbc,4067194,c6a247d696754d50794da528e2712f511c49d26fb1f734dc143f4de875a34283,60902ed872c4899e05a4c7f8b2daf5a1dfe7457192e488063fa3b7ef47256dc1,data/raw/phase3/SIH/RDPR2006.dbc,Acquisition only; scientific gates evaluated separately.,RDPR2006.dbc,01-10-22  02:25PM,FTP LIST; server timezone unspecified,2026-08-31T08:49:18.751496+00:00
DATASUS,SIH,2020-07,PR,2020-07,ftp://ftp.datasus.gov.br/dissemin/publicos/SIHSUS/200801_/Dados/RDPR2007.dbc,ftp://ftp.datasus.gov.br/dissemin/publicos/SIHSUS/200801_/Dados/RDPR2007.dbc,curl,2026-08-31T08:15:08.639492+00:00,RDPR2007.dbc,4314463,bab17641d87609a189047f001c3e1410a34301035b3875850cf2984e36ae94e5,60902ed872c4899e05a4c7f8b2daf5a1dfe7457192e488063fa3b7ef47256dc1,data/raw/phase3/SIH/RDPR2007.dbc,Acquisition only; scientific gates evaluated separately.,RDPR2007.dbc,01-10-22  02:25PM,FTP LIST; server timezone unspecified,2026-08-31T08:49:18.751499+00:00
DATASUS,SIH,2020-08,PR,2020-08,ftp://ftp.datasus.gov.br/dissemin/publicos/SIHSUS/200801_/Dados/RDPR2008.dbc,ftp://ftp.datasus.gov.br/dissemin/publicos/SIHSUS/200801_/Dados/RDPR2008.dbc,curl,2026-08-31T08:15:08.868758+00:00,RDPR2008.dbc,4573045,6c425c27b0110019e611e4b75f7d387918570399e927aace5afe9795079b910f,60902ed872c4899e05a4c7f8b2daf5a1dfe7457192e488063fa3b7ef47256dc1,data/raw/phase3/SIH/RDPR2008.dbc,Acquisition only; scientific gates evaluated separately.,RDPR2008.dbc,02-07-22  10:08AM,FTP LIST; server timezone unspecified,2026-08-31T08:49:18.751503+00:00
DATASUS,SIH,2020-09,PR,2020-09,ftp://ftp.datasus.gov.br/dissemin/publicos/SIHSUS/200801_/Dados/RDPR2009.dbc,ftp://ftp.datasus.gov.br/dissemin/publicos/SIHSUS/200801_/Dados/RDPR2009.dbc,curl,2026-08-31T08:15:10.036866+00:00,RDPR2009.dbc,4611047,367e2cc875609f886e52c2dc1931e7709f178279c18b90d01f1e93ea9403de2c,60902ed872c4899e05a4c7f8b2daf5a1dfe7457192e488063fa3b7ef47256dc1,data/raw/phase3/SIH/RDPR2009.dbc,Acquisition only; scientific gates evaluated separately.,RDPR2009.dbc,02-07-22  10:08AM,FTP LIST; server timezone unspecified,2026-08-31T08:49:18.751506+00:00
DATASUS,SIH,2020-10,PR,2020-10,ftp://ftp.datasus.gov.br/dissemin/publicos/SIHSUS/200801_/Dados/RDPR2010.dbc,ftp://ftp.datasus.gov.br/dissemin/publicos/SIHSUS/200801_/Dados/RDPR2010.dbc,curl,2026-08-31T08:15:10.250279+00:00,RDPR2010.dbc,4955402,8873cbfacd354787e6e20b1240fe1a67259f98b4fd2a11bcd0d415711ce0bcac,60902ed872c4899e05a4c7f8b2daf5a1dfe7457192e488063fa3b7ef47256dc1,data/raw/phase3/SIH/RDPR2010.dbc,Acquisition only; scientific gates evaluated separately.,RDPR2010.dbc,02-07-22  10:08AM,FTP LIST; server timezone unspecified,2026-08-31T08:49:18.751509+00:00
DATASUS,SIH,2020-11,PR,2020-11,ftp://ftp.datasus.gov.br/dissemin/publicos/SIHSUS/200801_/Dados/RDPR2011.dbc,ftp://ftp.datasus.gov.br/dissemin/publicos/SIHSUS/200801_/Dados/RDPR2011.dbc,curl,2026-08-31T08:15:10.688476+00:00,RDPR2011.dbc,4942676,866ed176d3159fb65258de645afa98a54c00316b0fbf1ce753c31ad1f1b57483,60902ed872c4899e05a4c7f8b2daf5a1dfe7457192e488063fa3b7ef47256dc1,data/raw/phase3/SIH/RDPR2011.dbc,Acquisition only; scientific gates evaluated separately.,RDPR2011.dbc,02-07-22  10:08AM,FTP LIST; server timezone unspecified,2026-08-31T08:49:18.751512+00:00
DATASUS,SIH,2020-12,PR,2020-12,ftp://ftp.datasus.gov.br/dissemin/publicos/SIHSUS/200801_/Dados/RDPR2012.dbc,ftp://ftp.datasus.gov.br/dissemin/publicos/SIHSUS/200801_/Dados/RDPR2012.dbc,curl,2026-08-31T08:15:10.807572+00:00,RDPR2012.dbc,4481905,450665e6b609c8158a4425ad58911a442813969b06b3abe1e0a096a40462bccb,60902ed872c4899e05a4c7f8b2daf5a1dfe7457192e488063fa3b7ef47256dc1,data/raw/phase3/SIH/RDPR2012.dbc,Acquisition only; scientific gates evaluated separately.,RDPR2012.dbc,03-07-22  01:15PM,FTP LIST; server timezone unspecified,2026-08-31T08:49:18.751515+00:00
DATASUS,SIH,2021-01,PR,2021-01,ftp://ftp.datasus.gov.br/dissemin/publicos/SIHSUS/200801_/Dados/RDPR2101.dbc,ftp://ftp.datasus.gov.br/dissemin/publicos/SIHSUS/200801_/Dados/RDPR2101.dbc,curl,2026-08-31T08:15:12.007906+00:00,RDPR2101.dbc,4597643,dc0ed2ce09b93987afaf0cb4ad4a1f0d59bd3fd15f647682ba0394e95cf5f4c8,60902ed872c4899e05a4c7f8b2daf5a1dfe7457192e488063fa3b7ef47256dc1,data/raw/phase3/SIH/RDPR2101.dbc,Acquisition only; scientific gates evaluated separately.,RDPR2101.dbc,03-07-22  01:15PM,FTP LIST; server timezone unspecified,2026-08-31T08:49:18.751519+00:00
DATASUS,SIH,2021-02,PR,2021-02,ftp://ftp.datasus.gov.br/dissemin/publicos/SIHSUS/200801_/Dados/RDPR2102.dbc,ftp://ftp.datasus.gov.br/dissemin/publicos/SIHSUS/200801_/Dados/RDPR2102.dbc,curl,2026-08-31T08:15:12.242804+00:00,RDPR2102.dbc,4910815,e5ab46d5036fd0142721d99ab01b6922c53f57af1172c5e0a39c87d940c45f63,60902ed872c4899e05a4c7f8b2daf5a1dfe7457192e488063fa3b7ef47256dc1,data/raw/phase3/SIH/RDPR2102.dbc,Acquisition only; scientific gates evaluated separately.,RDPR2102.dbc,04-11-22  07:24PM,FTP LIST; server timezone unspecified,2026-08-31T08:49:18.751521+00:00
DATASUS,SIH,2021-03,PR,2021-03,ftp://ftp.datasus.gov.br/dissemin/publicos/SIHSUS/200801_/Dados/RDPR2103.dbc,ftp://ftp.datasus.gov.br/dissemin/publicos/SIHSUS/200801_/Dados/RDPR2103.dbc,curl,2026-08-31T08:15:12.634054+00:00,RDPR2103.dbc,4696459,0047dcd818ba978f49a72a28f3be53dfc2f2948bc82f80b23503c4396b1e07cf,60902ed872c4899e05a4c7f8b2daf5a1dfe7457192e488063fa3b7ef47256dc1,data/raw/phase3/SIH/RDPR2103.dbc,Acquisition only; scientific gates evaluated separately.,RDPR2103.dbc,05-04-22  12:34PM,FTP LIST; server timezone unspecified,2026-08-31T08:49:18.751525+00:00
DATASUS,SIH,2021-04,PR,2021-04,ftp://ftp.datasus.gov.br/dissemin/publicos/SIHSUS/200801_/Dados/RDPR2104.dbc,ftp://ftp.datasus.gov.br/dissemin/publicos/SIHSUS/200801_/Dados/RDPR2104.dbc,curl,2026-08-31T08:15:12.815724+00:00,RDPR2104.dbc,4861697,1eb10f780bc4a3546e34e78beccc98d2d5582cebc02b60cb387c61cd15768aa0,60902ed872c4899e05a4c7f8b2daf5a1dfe7457192e488063fa3b7ef47256dc1,data/raw/phase3/SIH/RDPR2104.dbc,Acquisition only; scientific gates evaluated separately.,RDPR2104.dbc,05-04-22  12:34PM,FTP LIST; server timezone unspecified,2026-08-31T08:49:18.751528+00:00
DATASUS,SIH,2021-05,PR,2021-05,ftp://ftp.datasus.gov.br/dissemin/publicos/SIHSUS/200801_/Dados/RDPR2105.dbc,ftp://ftp.datasus.gov.br/dissemin/publicos/SIHSUS/200801_/Dados/RDPR2105.dbc,curl,2026-08-31T08:15:13.970401+00:00,RDPR2105.dbc,4813623,02b67754c0d85718828e2f79a383eef3e0b39c30689a9e4cefbd54daa3067731,60902ed872c4899e05a4c7f8b2daf5a1dfe7457192e488063fa3b7ef47256dc1,data/raw/phase3/SIH/RDPR2105.dbc,Acquisition only; scientific gates evaluated separately.,RDPR2105.dbc,06-03-22  01:06PM,FTP LIST; server timezone unspecified,2026-08-31T08:49:18.751531+00:00
DATASUS,SIH,2021-06,PR,2021-06,ftp://ftp.datasus.gov.br/dissemin/publicos/SIHSUS/200801_/Dados/RDPR2106.dbc,ftp://ftp.datasus.gov.br/dissemin/publicos/SIHSUS/200801_/Dados/RDPR2106.dbc,curl,2026-08-31T08:15:14.244437+00:00,RDPR2106.dbc,4855449,dc61f3c20696961b2c880ac013a0b046689f28ffa72f0ea7f7774de3688c4175,60902ed872c4899e05a4c7f8b2daf5a1dfe7457192e488063fa3b7ef47256dc1,data/raw/phase3/SIH/RDPR2106.dbc,Acquisition only; scientific gates evaluated separately.,RDPR2106.dbc,07-06-22  01:13PM,FTP LIST; server timezone unspecified,2026-08-31T08:49:18.751534+00:00
DATASUS,SIH,2021-07,PR,2021-07,ftp://ftp.datasus.gov.br/dissemin/publicos/SIHSUS/200801_/Dados/RDPR2107.dbc,ftp://ftp.datasus.gov.br/dissemin/publicos/SIHSUS/200801_/Dados/RDPR2107.dbc,curl,2026-08-31T08:15:14.657957+00:00,RDPR2107.dbc,4981344,23d7d073d76dceaebdd493039eaed990df1304848474d85f0560e94d06208832,60902ed872c4899e05a4c7f8b2daf5a1dfe7457192e488063fa3b7ef47256dc1,data/raw/phase3/SIH/RDPR2107.dbc,Acquisition only; scientific gates evaluated separately.,RDPR2107.dbc,08-04-22  03:45PM,FTP LIST; server timezone unspecified,2026-08-31T08:49:18.751537+00:00
DATASUS,SIH,2021-08,PR,2021-08,ftp://ftp.datasus.gov.br/dissemin/publicos/SIHSUS/200801_/Dados/RDPR2108.dbc,ftp://ftp.datasus.gov.br/dissemin/publicos/SIHSUS/200801_/Dados/RDPR2108.dbc,curl,2026-08-31T08:15:14.961884+00:00,RDPR2108.dbc,5163285,4d604b8b3dc8f236502977c6c902c9f71bd2cf6a4649cf1aa85361acc84414f4,60902ed872c4899e05a4c7f8b2daf5a1dfe7457192e488063fa3b7ef47256dc1,data/raw/phase3/SIH/RDPR2108.dbc,Acquisition only; scientific gates evaluated separately.,RDPR2108.dbc,09-06-22  11:18AM,FTP LIST; server timezone unspecified,2026-08-31T08:49:18.751540+00:00
DATASUS,SIH,2021-09,PR,2021-09,ftp://ftp.datasus.gov.br/dissemin/publicos/SIHSUS/200801_/Dados/RDPR2109.dbc,ftp://ftp.datasus.gov.br/dissemin/publicos/SIHSUS/200801_/Dados/RDPR2109.dbc,curl,2026-08-31T08:15:16.046441+00:00,RDPR2109.dbc,5133441,63f51e96d7247c65bd1cd3ba6d32a0bce166ac99145eaaf21b8127c46892bcc8,60902ed872c4899e05a4c7f8b2daf5a1dfe7457192e488063fa3b7ef47256dc1,data/raw/phase3/SIH/RDPR2109.dbc,Acquisition only; scientific gates evaluated separately.,RDPR2109.dbc,10-05-22  02:28PM,FTP LIST; server timezone unspecified,2026-08-31T08:49:18.751543+00:00
DATASUS,SIH,2021-10,PR,2021-10,ftp://ftp.datasus.gov.br/dissemin/publicos/SIHSUS/200801_/Dados/RDPR2110.dbc,ftp://ftp.datasus.gov.br/dissemin/publicos/SIHSUS/200801_/Dados/RDPR2110.dbc,curl,2026-08-31T08:15:16.264205+00:00,RDPR2110.dbc,5156722,a2270746ac97a97e424f207dee02604b47142de6591813f711e818e727c29418,60902ed872c4899e05a4c7f8b2daf5a1dfe7457192e488063fa3b7ef47256dc1,data/raw/phase3/SIH/RDPR2110.dbc,Acquisition only; scientific gates evaluated separately.,RDPR2110.dbc,11-03-22  05:56PM,FTP LIST; server timezone unspecified,2026-08-31T08:49:18.751549+00:00
DATASUS,SIH,2021-11,PR,2021-11,ftp://ftp.datasus.gov.br/dissemin/publicos/SIHSUS/200801_/Dados/RDPR2111.dbc,ftp://ftp.datasus.gov.br/dissemin/publicos/SIHSUS/200801_/Dados/RDPR2111.dbc,curl,2026-08-31T08:15:16.725818+00:00,RDPR2111.dbc,5250523,051afc7dac2989cc8ada4489d7a1791d8e8d9015f92e6f24c2e96b9643061d65,60902ed872c4899e05a4c7f8b2daf5a1dfe7457192e488063fa3b7ef47256dc1,data/raw/phase3/SIH/RDPR2111.dbc,Acquisition only; scientific gates evaluated separately.,RDPR2111.dbc,12-06-22  04:24PM,FTP LIST; server timezone unspecified,2026-08-31T08:49:18.751552+00:00
DATASUS,SIH,2021-12,PR,2021-12,ftp://ftp.datasus.gov.br/dissemin/publicos/SIHSUS/200801_/Dados/RDPR2112.dbc,ftp://ftp.datasus.gov.br/dissemin/publicos/SIHSUS/200801_/Dados/RDPR2112.dbc,curl,2026-08-31T08:15:17.080837+00:00,RDPR2112.dbc,5140388,f1f3a8434fe6dec94140c1f89e71193dcd718a08c25af9ce9d4f043073ca9e4a,60902ed872c4899e05a4c7f8b2daf5a1dfe7457192e488063fa3b7ef47256dc1,data/raw/phase3/SIH/RDPR2112.dbc,Acquisition only; scientific gates evaluated separately.,RDPR2112.dbc,01-04-23  12:48PM,FTP LIST; server timezone unspecified,2026-08-31T08:49:18.751555+00:00
DATASUS,SIH,2020-01,RJ,2020-01,ftp://ftp.datasus.gov.br/dissemin/publicos/SIHSUS/200801_/Dados/RDRJ2001.dbc,ftp://ftp.datasus.gov.br/dissemin/publicos/SIHSUS/200801_/Dados/RDRJ2001.dbc,curl,2026-08-31T08:15:19.074199+00:00,RDRJ2001.dbc,4770200,95da92bf59117793e0a7f580de1aa9c45bbdc328635d1a8113b4c822c58a76b6,60902ed872c4899e05a4c7f8b2daf5a1dfe7457192e488063fa3b7ef47256dc1,data/raw/phase3/SIH/RDRJ2001.dbc,Acquisition only; scientific gates evaluated separately.,RDRJ2001.dbc,04-05-21  01:26PM,FTP LIST; server timezone unspecified,2026-08-31T08:49:18.751563+00:00
DATASUS,SIH,2020-02,RJ,2020-02,ftp://ftp.datasus.gov.br/dissemin/publicos/SIHSUS/200801_/Dados/RDRJ2002.dbc,ftp://ftp.datasus.gov.br/dissemin/publicos/SIHSUS/200801_/Dados/RDRJ2002.dbc,curl,2026-08-31T08:15:18.164225+00:00,RDRJ2002.dbc,4356700,cc7af1f6b54245ae3353bd41604d41eaa5491664ffebe7ca73fd182fff82a25b,60902ed872c4899e05a4c7f8b2daf5a1dfe7457192e488063fa3b7ef47256dc1,data/raw/phase3/SIH/RDRJ2002.dbc,Acquisition only; scientific gates evaluated separately.,RDRJ2002.dbc,05-07-21  04:39PM,FTP LIST; server timezone unspecified,2026-08-31T08:49:18.751566+00:00
DATASUS,SIH,2020-03,RJ,2020-03,ftp://ftp.datasus.gov.br/dissemin/publicos/SIHSUS/200801_/Dados/RDRJ2003.dbc,ftp://ftp.datasus.gov.br/dissemin/publicos/SIHSUS/200801_/Dados/RDRJ2003.dbc,curl,2026-08-31T08:15:18.545023+00:00,RDRJ2003.dbc,4206779,3efe32a01989d17ebe2ea4cbb678827d4e0ed8f429d0108965774efa99d040e9,60902ed872c4899e05a4c7f8b2daf5a1dfe7457192e488063fa3b7ef47256dc1,data/raw/phase3/SIH/RDRJ2003.dbc,Acquisition only; scientific gates evaluated separately.,RDRJ2003.dbc,05-07-21  04:39PM,FTP LIST; server timezone unspecified,2026-08-31T08:49:18.751571+00:00
DATASUS,SIH,2020-04,RJ,2020-04,ftp://ftp.datasus.gov.br/dissemin/publicos/SIHSUS/200801_/Dados/RDRJ2004.dbc,ftp://ftp.datasus.gov.br/dissemin/publicos/SIHSUS/200801_/Dados/RDRJ2004.dbc,curl,2026-08-31T08:15:18.827454+00:00,RDRJ2004.dbc,3591065,b4885951663c20fc43e94c2566b61afc5f37a617e4f78a788de4adfe6ab813a3,60902ed872c4899e05a4c7f8b2daf5a1dfe7457192e488063fa3b7ef47256dc1,data/raw/phase3/SIH/RDRJ2004.dbc,Acquisition only; scientific gates evaluated separately.,RDRJ2004.dbc,01-10-22  02:25PM,FTP LIST; server timezone unspecified,2026-08-31T08:49:18.751575+00:00
DATASUS,SIH,2020-05,RJ,2020-05,ftp://ftp.datasus.gov.br/dissemin/publicos/SIHSUS/200801_/Dados/RDRJ2005.dbc,ftp://ftp.datasus.gov.br/dissemin/publicos/SIHSUS/200801_/Dados/RDRJ2005.dbc,curl,2026-08-31T08:15:19.933393+00:00,RDRJ2005.dbc,3912300,2fc4b6dfcb12017c3dd6dc65e9d5e24da944792d5279e751ff7e7933d8fc5417,60902ed872c4899e05a4c7f8b2daf5a1dfe7457192e488063fa3b7ef47256dc1,data/raw/phase3/SIH/RDRJ2005.dbc,Acquisition only; scientific gates evaluated separately.,RDRJ2005.dbc,01-10-22  02:25PM,FTP LIST; server timezone unspecified,2026-08-31T08:49:18.751580+00:00
DATASUS,SIH,2020-06,RJ,2020-06,ftp://ftp.datasus.gov.br/dissemin/publicos/SIHSUS/200801_/Dados/RDRJ2006.dbc,ftp://ftp.datasus.gov.br/dissemin/publicos/SIHSUS/200801_/Dados/RDRJ2006.dbc,curl,2026-08-31T08:15:20.454547+00:00,RDRJ2006.dbc,4020665,ecbdeaf20d69633b1ece34ac5b772828b5156fd0db53ef4a24bfd5c4b77d6b64,60902ed872c4899e05a4c7f8b2daf5a1dfe7457192e488063fa3b7ef47256dc1,data/raw/phase3/SIH/RDRJ2006.dbc,Acquisition only; scientific gates evaluated separately.,RDRJ2006.dbc,01-10-22  02:25PM,FTP LIST; server timezone unspecified,2026-08-31T08:49:18.751583+00:00
DATASUS,SIH,2020-07,RJ,2020-07,ftp://ftp.datasus.gov.br/dissemin/publicos/SIHSUS/200801_/Dados/RDRJ2007.dbc,ftp://ftp.datasus.gov.br/dissemin/publicos/SIHSUS/200801_/Dados/RDRJ2007.dbc,curl,2026-08-31T08:15:20.732617+00:00,RDRJ2007.dbc,4367107,4ddf2de80d1e0b991f0598aa152e2df51394ca0ae4407458a0ef4692fc65a07e,60902ed872c4899e05a4c7f8b2daf5a1dfe7457192e488063fa3b7ef47256dc1,data/raw/phase3/SIH/RDRJ2007.dbc,Acquisition only; scientific gates evaluated separately.,RDRJ2007.dbc,01-10-22  02:25PM,FTP LIST; server timezone unspecified,2026-08-31T08:49:18.751588+00:00
DATASUS,SIH,2020-08,RJ,2020-08,ftp://ftp.datasus.gov.br/dissemin/publicos/SIHSUS/200801_/Dados/RDRJ2008.dbc,ftp://ftp.datasus.gov.br/dissemin/publicos/SIHSUS/200801_/Dados/RDRJ2008.dbc,curl,2026-08-31T08:15:20.978563+00:00,RDRJ2008.dbc,4380358,1141dbd4b9fff01f68764cd55819edbd5497ffbe0c7d95aff995ee83a71dd4cd,60902ed872c4899e05a4c7f8b2daf5a1dfe7457192e488063fa3b7ef47256dc1,data/raw/phase3/SIH/RDRJ2008.dbc,Acquisition only; scientific gates evaluated separately.,RDRJ2008.dbc,02-07-22  10:08AM,FTP LIST; server timezone unspecified,2026-08-31T08:49:18.751591+00:00
DATASUS,SIH,2020-09,RJ,2020-09,ftp://ftp.datasus.gov.br/dissemin/publicos/SIHSUS/200801_/Dados/RDRJ2009.dbc,ftp://ftp.datasus.gov.br/dissemin/publicos/SIHSUS/200801_/Dados/RDRJ2009.dbc,curl,2026-08-31T08:15:21.895134+00:00,RDRJ2009.dbc,4353380,cd438a648003c885b0a50aa1eaf902cbbc248b0de147dc44bfd5fb097a3c8518,60902ed872c4899e05a4c7f8b2daf5a1dfe7457192e488063fa3b7ef47256dc1,data/raw/phase3/SIH/RDRJ2009.dbc,Acquisition only; scientific gates evaluated separately.,RDRJ2009.dbc,02-07-22  10:08AM,FTP LIST; server timezone unspecified,2026-08-31T08:49:18.751594+00:00
DATASUS,SIH,2020-10,RJ,2020-10,ftp://ftp.datasus.gov.br/dissemin/publicos/SIHSUS/200801_/Dados/RDRJ2010.dbc,ftp://ftp.datasus.gov.br/dissemin/publicos/SIHSUS/200801_/Dados/RDRJ2010.dbc,curl,2026-08-31T08:15:22.437899+00:00,RDRJ2010.dbc,4459549,60c21a55c576587540a662b6629ea37ccac57862ea594d7bff466af3fe6413bb,60902ed872c4899e05a4c7f8b2daf5a1dfe7457192e488063fa3b7ef47256dc1,data/raw/phase3/SIH/RDRJ2010.dbc,Acquisition only; scientific gates evaluated separately.,RDRJ2010.dbc,02-07-22  10:08AM,FTP LIST; server timezone unspecified,2026-08-31T08:49:18.751597+00:00
DATASUS,SIH,2020-11,RJ,2020-11,ftp://ftp.datasus.gov.br/dissemin/publicos/SIHSUS/200801_/Dados/RDRJ2011.dbc,ftp://ftp.datasus.gov.br/dissemin/publicos/SIHSUS/200801_/Dados/RDRJ2011.dbc,curl,2026-08-31T08:15:22.598466+00:00,RDRJ2011.dbc,4333895,660e2a407fe56b6d6d1fa3308fb6d4b0dbb3e4512f81e753fed680dab6376488,60902ed872c4899e05a4c7f8b2daf5a1dfe7457192e488063fa3b7ef47256dc1,data/raw/phase3/SIH/RDRJ2011.dbc,Acquisition only; scientific gates evaluated separately.,RDRJ2011.dbc,02-07-22  10:08AM,FTP LIST; server timezone unspecified,2026-08-31T08:49:18.751601+00:00
DATASUS,SIH,2020-12,RJ,2020-12,ftp://ftp.datasus.gov.br/dissemin/publicos/SIHSUS/200801_/Dados/RDRJ2012.dbc,ftp://ftp.datasus.gov.br/dissemin/publicos/SIHSUS/200801_/Dados/RDRJ2012.dbc,curl,2026-08-31T08:15:22.900238+00:00,RDRJ2012.dbc,4400329,0285c03cea16d8f95f6965d5a1f2285ad94a430e31e3097faf0534e85ddba3ab,60902ed872c4899e05a4c7f8b2daf5a1dfe7457192e488063fa3b7ef47256dc1,data/raw/phase3/SIH/RDRJ2012.dbc,Acquisition only; scientific gates evaluated separately.,RDRJ2012.dbc,03-07-22  01:15PM,FTP LIST; server timezone unspecified,2026-08-31T08:49:18.751605+00:00
DATASUS,SIH,2021-01,RJ,2021-01,ftp://ftp.datasus.gov.br/dissemin/publicos/SIHSUS/200801_/Dados/RDRJ2101.dbc,ftp://ftp.datasus.gov.br/dissemin/publicos/SIHSUS/200801_/Dados/RDRJ2101.dbc,curl,2026-08-31T08:15:23.774145+00:00,RDRJ2101.dbc,4401413,f7e65e8a49a57c0d8a22e7aa0141ae06c9c92bf89d4d21d21461bddacda8d8d3,60902ed872c4899e05a4c7f8b2daf5a1dfe7457192e488063fa3b7ef47256dc1,data/raw/phase3/SIH/RDRJ2101.dbc,Acquisition only; scientific gates evaluated separately.,RDRJ2101.dbc,03-07-22  01:15PM,FTP LIST; server timezone unspecified,2026-08-31T08:49:18.751610+00:00
DATASUS,SIH,2021-02,RJ,2021-02,ftp://ftp.datasus.gov.br/dissemin/publicos/SIHSUS/200801_/Dados/RDRJ2102.dbc,ftp://ftp.datasus.gov.br/dissemin/publicos/SIHSUS/200801_/Dados/RDRJ2102.dbc,curl,2026-08-31T08:15:24.313137+00:00,RDRJ2102.dbc,4158243,8113ffba88ee0dc93bec1aa3881bb2e2790a49f2016d302267612d21a5df5000,60902ed872c4899e05a4c7f8b2daf5a1dfe7457192e488063fa3b7ef47256dc1,data/raw/phase3/SIH/RDRJ2102.dbc,Acquisition only; scientific gates evaluated separately.,RDRJ2102.dbc,04-11-22  07:24PM,FTP LIST; server timezone unspecified,2026-08-31T08:49:18.751614+00:00
DATASUS,SIH,2021-03,RJ,2021-03,ftp://ftp.datasus.gov.br/dissemin/publicos/SIHSUS/200801_/Dados/RDRJ2103.dbc,ftp://ftp.datasus.gov.br/dissemin/publicos/SIHSUS/200801_/Dados/RDRJ2103.dbc,curl,2026-08-31T08:15:24.625905+00:00,RDRJ2103.dbc,4838914,9e13629e10b2b21eb6e0abe240a98699c7ab0b8bdef4e91bfd06a3c3d84e74f4,60902ed872c4899e05a4c7f8b2daf5a1dfe7457192e488063fa3b7ef47256dc1,data/raw/phase3/SIH/RDRJ2103.dbc,Acquisition only; scientific gates evaluated separately.,RDRJ2103.dbc,05-04-22  12:34PM,FTP LIST; server timezone unspecified,2026-08-31T08:49:18.751617+00:00
DATASUS,SIH,2021-04,RJ,2021-04,ftp://ftp.datasus.gov.br/dissemin/publicos/SIHSUS/200801_/Dados/RDRJ2104.dbc,ftp://ftp.datasus.gov.br/dissemin/publicos/SIHSUS/200801_/Dados/RDRJ2104.dbc,curl,2026-08-31T08:15:24.890647+00:00,RDRJ2104.dbc,4557360,3e333fc58990bd2be56d0564127a5d4fd9c9c7b7b560d66faec7910c6599b888,60902ed872c4899e05a4c7f8b2daf5a1dfe7457192e488063fa3b7ef47256dc1,data/raw/phase3/SIH/RDRJ2104.dbc,Acquisition only; scientific gates evaluated separately.,RDRJ2104.dbc,05-04-22  12:34PM,FTP LIST; server timezone unspecified,2026-08-31T08:49:18.751620+00:00
DATASUS,SIH,2021-05,RJ,2021-05,ftp://ftp.datasus.gov.br/dissemin/publicos/SIHSUS/200801_/Dados/RDRJ2105.dbc,ftp://ftp.datasus.gov.br/dissemin/publicos/SIHSUS/200801_/Dados/RDRJ2105.dbc,curl,2026-08-31T08:15:25.915195+00:00,RDRJ2105.dbc,4903997,ee089a781f344a3f261c205846ada50137d70c81aa9d6139dcdf5fb360067b26,60902ed872c4899e05a4c7f8b2daf5a1dfe7457192e488063fa3b7ef47256dc1,data/raw/phase3/SIH/RDRJ2105.dbc,Acquisition only; scientific gates evaluated separately.,RDRJ2105.dbc,06-03-22  01:06PM,FTP LIST; server timezone unspecified,2026-08-31T08:49:18.751624+00:00
DATASUS,SIH,2021-06,RJ,2021-06,ftp://ftp.datasus.gov.br/dissemin/publicos/SIHSUS/200801_/Dados/RDRJ2106.dbc,ftp://ftp.datasus.gov.br/dissemin/publicos/SIHSUS/200801_/Dados/RDRJ2106.dbc,curl,2026-08-31T08:15:26.327197+00:00,RDRJ2106.dbc,4853171,ff4f797bfcc17d35ca8e9da64c87538570f4d6b9a1bb8fd6f1ad2fe83eeaa19f,60902ed872c4899e05a4c7f8b2daf5a1dfe7457192e488063fa3b7ef47256dc1,data/raw/phase3/SIH/RDRJ2106.dbc,Acquisition only; scientific gates evaluated separately.,RDRJ2106.dbc,07-06-22  01:13PM,FTP LIST; server timezone unspecified,2026-08-31T08:49:18.751627+00:00
DATASUS,SIH,2021-07,RJ,2021-07,ftp://ftp.datasus.gov.br/dissemin/publicos/SIHSUS/200801_/Dados/RDRJ2107.dbc,ftp://ftp.datasus.gov.br/dissemin/publicos/SIHSUS/200801_/Dados/RDRJ2107.dbc,curl,2026-08-31T08:15:26.712170+00:00,RDRJ2107.dbc,4859813,79a6f0840b0f693eafeee4537e2ef48d2648cdd3b848d9acaf6fd688deecff0b,60902ed872c4899e05a4c7f8b2daf5a1dfe7457192e488063fa3b7ef47256dc1,data/raw/phase3/SIH/RDRJ2107.dbc,Acquisition only; scientific gates evaluated separately.,RDRJ2107.dbc,08-04-22  03:45PM,FTP LIST; server timezone unspecified,2026-08-31T08:49:18.751630+00:00
DATASUS,SIH,2021-08,RJ,2021-08,ftp://ftp.datasus.gov.br/dissemin/publicos/SIHSUS/200801_/Dados/RDRJ2108.dbc,ftp://ftp.datasus.gov.br/dissemin/publicos/SIHSUS/200801_/Dados/RDRJ2108.dbc,curl,2026-08-31T08:15:27.007466+00:00,RDRJ2108.dbc,4992077,d97ec1f8b51d80282366c30e1f824f880214463faabc06b07b7ef65135c7c90d,60902ed872c4899e05a4c7f8b2daf5a1dfe7457192e488063fa3b7ef47256dc1,data/raw/phase3/SIH/RDRJ2108.dbc,Acquisition only; scientific gates evaluated separately.,RDRJ2108.dbc,09-06-22  11:18AM,FTP LIST; server timezone unspecified,2026-08-31T08:49:18.751635+00:00
DATASUS,SIH,2021-09,RJ,2021-09,ftp://ftp.datasus.gov.br/dissemin/publicos/SIHSUS/200801_/Dados/RDRJ2109.dbc,ftp://ftp.datasus.gov.br/dissemin/publicos/SIHSUS/200801_/Dados/RDRJ2109.dbc,curl,2026-08-31T08:15:28.073184+00:00,RDRJ2109.dbc,4987210,cda26e772488971b18f7a095c6b0f04ed14f6af55852ed3c9649e7d4369948bf,60902ed872c4899e05a4c7f8b2daf5a1dfe7457192e488063fa3b7ef47256dc1,data/raw/phase3/SIH/RDRJ2109.dbc,Acquisition only; scientific gates evaluated separately.,RDRJ2109.dbc,10-05-22  02:28PM,FTP LIST; server timezone unspecified,2026-08-31T08:49:18.751640+00:00
DATASUS,SIH,2021-10,RJ,2021-10,ftp://ftp.datasus.gov.br/dissemin/publicos/SIHSUS/200801_/Dados/RDRJ2110.dbc,ftp://ftp.datasus.gov.br/dissemin/publicos/SIHSUS/200801_/Dados/RDRJ2110.dbc,curl,2026-08-31T08:15:28.382335+00:00,RDRJ2110.dbc,4843294,eb7adb894cb651051b49a98593aeb749edc6a23c67581b4a754f4510f5bcd9b4,60902ed872c4899e05a4c7f8b2daf5a1dfe7457192e488063fa3b7ef47256dc1,data/raw/phase3/SIH/RDRJ2110.dbc,Acquisition only; scientific gates evaluated separately.,RDRJ2110.dbc,11-03-22  05:56PM,FTP LIST; server timezone unspecified,2026-08-31T08:49:18.751643+00:00
DATASUS,SIH,2021-11,RJ,2021-11,ftp://ftp.datasus.gov.br/dissemin/publicos/SIHSUS/200801_/Dados/RDRJ2111.dbc,ftp://ftp.datasus.gov.br/dissemin/publicos/SIHSUS/200801_/Dados/RDRJ2111.dbc,curl,2026-08-31T08:15:28.738639+00:00,RDRJ2111.dbc,4717847,108096698cae6319db022bfa36a4d928fe609330fea401d537fdcc86d25d71da,60902ed872c4899e05a4c7f8b2daf5a1dfe7457192e488063fa3b7ef47256dc1,data/raw/phase3/SIH/RDRJ2111.dbc,Acquisition only; scientific gates evaluated separately.,RDRJ2111.dbc,12-06-22  04:24PM,FTP LIST; server timezone unspecified,2026-08-31T08:49:18.751647+00:00
DATASUS,SIH,2021-12,RJ,2021-12,ftp://ftp.datasus.gov.br/dissemin/publicos/SIHSUS/200801_/Dados/RDRJ2112.dbc,ftp://ftp.datasus.gov.br/dissemin/publicos/SIHSUS/200801_/Dados/RDRJ2112.dbc,curl,2026-08-31T08:15:29.054355+00:00,RDRJ2112.dbc,4750890,766dcdd4e9752856c3d82f2b57c46c8b96eba85a0244854060b189671040d5b1,60902ed872c4899e05a4c7f8b2daf5a1dfe7457192e488063fa3b7ef47256dc1,data/raw/phase3/SIH/RDRJ2112.dbc,Acquisition only; scientific gates evaluated separately.,RDRJ2112.dbc,01-04-23  12:48PM,FTP LIST; server timezone unspecified,2026-08-31T08:49:18.751650+00:00
DATASUS,SIH,2020-01,RN,2020-01,ftp://ftp.datasus.gov.br/dissemin/publicos/SIHSUS/200801_/Dados/RDRN2001.dbc,ftp://ftp.datasus.gov.br/dissemin/publicos/SIHSUS/200801_/Dados/RDRN2001.dbc,curl,2026-08-31T08:15:29.138216+00:00,RDRN2001.dbc,1111458,4426f0ace306cf27c8dfdf3bf2eba036a2832b4fb0cdfbed7ed9ef4cab1d5a21,60902ed872c4899e05a4c7f8b2daf5a1dfe7457192e488063fa3b7ef47256dc1,data/raw/phase3/SIH/RDRN2001.dbc,Acquisition only; scientific gates evaluated separately.,RDRN2001.dbc,04-05-21  01:26PM,FTP LIST; server timezone unspecified,2026-08-31T08:49:18.751658+00:00
DATASUS,SIH,2020-02,RN,2020-02,ftp://ftp.datasus.gov.br/dissemin/publicos/SIHSUS/200801_/Dados/RDRN2002.dbc,ftp://ftp.datasus.gov.br/dissemin/publicos/SIHSUS/200801_/Dados/RDRN2002.dbc,curl,2026-08-31T08:15:29.453426+00:00,RDRN2002.dbc,1087374,a158420e291faddc0504677f8832dcb52a545b51a8223540525a7869abda650f,60902ed872c4899e05a4c7f8b2daf5a1dfe7457192e488063fa3b7ef47256dc1,data/raw/phase3/SIH/RDRN2002.dbc,Acquisition only; scientific gates evaluated separately.,RDRN2002.dbc,05-07-21  04:39PM,FTP LIST; server timezone unspecified,2026-08-31T08:49:18.751661+00:00
DATASUS,SIH,2020-03,RN,2020-03,ftp://ftp.datasus.gov.br/dissemin/publicos/SIHSUS/200801_/Dados/RDRN2003.dbc,ftp://ftp.datasus.gov.br/dissemin/publicos/SIHSUS/200801_/Dados/RDRN2003.dbc,curl,2026-08-31T08:15:29.791114+00:00,RDRN2003.dbc,1078457,022c96da7e0b84c606aefb3abfecb3ad6293fb39082cb4e89ec8d0fdcfd07e9c,60902ed872c4899e05a4c7f8b2daf5a1dfe7457192e488063fa3b7ef47256dc1,data/raw/phase3/SIH/RDRN2003.dbc,Acquisition only; scientific gates evaluated separately.,RDRN2003.dbc,05-07-21  04:39PM,FTP LIST; server timezone unspecified,2026-08-31T08:49:18.751664+00:00
DATASUS,SIH,2020-04,RN,2020-04,ftp://ftp.datasus.gov.br/dissemin/publicos/SIHSUS/200801_/Dados/RDRN2004.dbc,ftp://ftp.datasus.gov.br/dissemin/publicos/SIHSUS/200801_/Dados/RDRN2004.dbc,curl,2026-08-31T08:15:30.157191+00:00,RDRN2004.dbc,905273,87d5bc5f4718b9e425bd5909bcc2dc2d6177fa2fd862de903bb5e88b5b09f0ed,60902ed872c4899e05a4c7f8b2daf5a1dfe7457192e488063fa3b7ef47256dc1,data/raw/phase3/SIH/RDRN2004.dbc,Acquisition only; scientific gates evaluated separately.,RDRN2004.dbc,01-10-22  02:25PM,FTP LIST; server timezone unspecified,2026-08-31T08:49:18.751668+00:00
DATASUS,SIH,2020-05,RN,2020-05,ftp://ftp.datasus.gov.br/dissemin/publicos/SIHSUS/200801_/Dados/RDRN2005.dbc,ftp://ftp.datasus.gov.br/dissemin/publicos/SIHSUS/200801_/Dados/RDRN2005.dbc,curl,2026-08-31T08:15:30.247492+00:00,RDRN2005.dbc,881639,c84624f9d782cdf9f1590a8c917807199635e46818e3c3ffc524f29c5ec56c4d,60902ed872c4899e05a4c7f8b2daf5a1dfe7457192e488063fa3b7ef47256dc1,data/raw/phase3/SIH/RDRN2005.dbc,Acquisition only; scientific gates evaluated separately.,RDRN2005.dbc,01-10-22  02:25PM,FTP LIST; server timezone unspecified,2026-08-31T08:49:18.751671+00:00
DATASUS,SIH,2020-06,RN,2020-06,ftp://ftp.datasus.gov.br/dissemin/publicos/SIHSUS/200801_/Dados/RDRN2006.dbc,ftp://ftp.datasus.gov.br/dissemin/publicos/SIHSUS/200801_/Dados/RDRN2006.dbc,curl,2026-08-31T08:15:30.574264+00:00,RDRN2006.dbc,940139,72b56ca1c88c74bb0f671c50256f8ff7dfc76ac1638b4c5d2ea206eab639677c,60902ed872c4899e05a4c7f8b2daf5a1dfe7457192e488063fa3b7ef47256dc1,data/raw/phase3/SIH/RDRN2006.dbc,Acquisition only; scientific gates evaluated separately.,RDRN2006.dbc,01-10-22  02:25PM,FTP LIST; server timezone unspecified,2026-08-31T08:49:18.751674+00:00
DATASUS,SIH,2020-07,RN,2020-07,ftp://ftp.datasus.gov.br/dissemin/publicos/SIHSUS/200801_/Dados/RDRN2007.dbc,ftp://ftp.datasus.gov.br/dissemin/publicos/SIHSUS/200801_/Dados/RDRN2007.dbc,curl,2026-08-31T08:15:30.948423+00:00,RDRN2007.dbc,992747,9ce0668a467b473f48d7eae5613db856ac4143ba0ef5d44650eebfdcaf0e3b88,60902ed872c4899e05a4c7f8b2daf5a1dfe7457192e488063fa3b7ef47256dc1,data/raw/phase3/SIH/RDRN2007.dbc,Acquisition only; scientific gates evaluated separately.,RDRN2007.dbc,01-10-22  02:25PM,FTP LIST; server timezone unspecified,2026-08-31T08:49:18.751697+00:00
DATASUS,SIH,2020-08,RN,2020-08,ftp://ftp.datasus.gov.br/dissemin/publicos/SIHSUS/200801_/Dados/RDRN2008.dbc,ftp://ftp.datasus.gov.br/dissemin/publicos/SIHSUS/200801_/Dados/RDRN2008.dbc,curl,2026-08-31T08:15:31.253884+00:00,RDRN2008.dbc,1020125,5e82a47a0190d46977f1337c0530d3a8c694991fc90e790ab4dd4da9ae818592,60902ed872c4899e05a4c7f8b2daf5a1dfe7457192e488063fa3b7ef47256dc1,data/raw/phase3/SIH/RDRN2008.dbc,Acquisition only; scientific gates evaluated separately.,RDRN2008.dbc,02-07-22  10:08AM,FTP LIST; server timezone unspecified,2026-08-31T08:49:18.751735+00:00
DATASUS,SIH,2020-09,RN,2020-09,ftp://ftp.datasus.gov.br/dissemin/publicos/SIHSUS/200801_/Dados/RDRN2009.dbc,ftp://ftp.datasus.gov.br/dissemin/publicos/SIHSUS/200801_/Dados/RDRN2009.dbc,curl,2026-08-31T08:15:31.318042+00:00,RDRN2009.dbc,1039053,a5a0129e52c824a574caa5a641896ba31fa97de305b778346b38f9f8e4ee062c,60902ed872c4899e05a4c7f8b2daf5a1dfe7457192e488063fa3b7ef47256dc1,data/raw/phase3/SIH/RDRN2009.dbc,Acquisition only; scientific gates evaluated separately.,RDRN2009.dbc,02-07-22  10:08AM,FTP LIST; server timezone unspecified,2026-08-31T08:49:18.751740+00:00
DATASUS,SIH,2020-10,RN,2020-10,ftp://ftp.datasus.gov.br/dissemin/publicos/SIHSUS/200801_/Dados/RDRN2010.dbc,ftp://ftp.datasus.gov.br/dissemin/publicos/SIHSUS/200801_/Dados/RDRN2010.dbc,curl,2026-08-31T08:15:31.669827+00:00,RDRN2010.dbc,1093032,82b6f7aeeb3b4f9f7fd19c0b5e193964ae337c207fe898c35f7670c361760007,60902ed872c4899e05a4c7f8b2daf5a1dfe7457192e488063fa3b7ef47256dc1,data/raw/phase3/SIH/RDRN2010.dbc,Acquisition only; scientific gates evaluated separately.,RDRN2010.dbc,02-07-22  10:08AM,FTP LIST; server timezone unspecified,2026-08-31T08:49:18.751760+00:00
DATASUS,SIH,2020-11,RN,2020-11,ftp://ftp.datasus.gov.br/dissemin/publicos/SIHSUS/200801_/Dados/RDRN2011.dbc,ftp://ftp.datasus.gov.br/dissemin/publicos/SIHSUS/200801_/Dados/RDRN2011.dbc,curl,2026-08-31T08:15:32.019314+00:00,RDRN2011.dbc,1052024,d337bb90a277f21b5f27e32cb61305e2f18e0f9c1c58eaff6d398aacc87c4305,60902ed872c4899e05a4c7f8b2daf5a1dfe7457192e488063fa3b7ef47256dc1,data/raw/phase3/SIH/RDRN2011.dbc,Acquisition only; scientific gates evaluated separately.,RDRN2011.dbc,02-07-22  10:08AM,FTP LIST; server timezone unspecified,2026-08-31T08:49:18.751763+00:00
DATASUS,SIH,2020-12,RN,2020-12,ftp://ftp.datasus.gov.br/dissemin/publicos/SIHSUS/200801_/Dados/RDRN2012.dbc,ftp://ftp.datasus.gov.br/dissemin/publicos/SIHSUS/200801_/Dados/RDRN2012.dbc,curl,2026-08-31T08:15:32.244130+00:00,RDRN2012.dbc,956278,0b29111d2831abb9f2e5f1afc29823d00f44a9b8c36fb0774de09f4062780d09,60902ed872c4899e05a4c7f8b2daf5a1dfe7457192e488063fa3b7ef47256dc1,data/raw/phase3/SIH/RDRN2012.dbc,Acquisition only; scientific gates evaluated separately.,RDRN2012.dbc,03-07-22  01:15PM,FTP LIST; server timezone unspecified,2026-08-31T08:49:18.751767+00:00
DATASUS,SIH,2021-01,RN,2021-01,ftp://ftp.datasus.gov.br/dissemin/publicos/SIHSUS/200801_/Dados/RDRN2101.dbc,ftp://ftp.datasus.gov.br/dissemin/publicos/SIHSUS/200801_/Dados/RDRN2101.dbc,curl,2026-08-31T08:15:32.341273+00:00,RDRN2101.dbc,1089806,710384485ea63c80be989eceb6c299a48ab5f1566b677d53bef0386096043cd5,60902ed872c4899e05a4c7f8b2daf5a1dfe7457192e488063fa3b7ef47256dc1,data/raw/phase3/SIH/RDRN2101.dbc,Acquisition only; scientific gates evaluated separately.,RDRN2101.dbc,03-07-22  01:15PM,FTP LIST; server timezone unspecified,2026-08-31T08:49:18.751784+00:00
DATASUS,SIH,2021-02,RN,2021-02,ftp://ftp.datasus.gov.br/dissemin/publicos/SIHSUS/200801_/Dados/RDRN2102.dbc,ftp://ftp.datasus.gov.br/dissemin/publicos/SIHSUS/200801_/Dados/RDRN2102.dbc,curl,2026-08-31T08:15:32.734591+00:00,RDRN2102.dbc,979521,62420441e3845db9b5378543f3257b488e481b0e31a3b87b4b96e956591e900a,60902ed872c4899e05a4c7f8b2daf5a1dfe7457192e488063fa3b7ef47256dc1,data/raw/phase3/SIH/RDRN2102.dbc,Acquisition only; scientific gates evaluated separately.,RDRN2102.dbc,04-11-22  07:24PM,FTP LIST; server timezone unspecified,2026-08-31T08:49:18.751788+00:00
DATASUS,SIH,2021-03,RN,2021-03,ftp://ftp.datasus.gov.br/dissemin/publicos/SIHSUS/200801_/Dados/RDRN2103.dbc,ftp://ftp.datasus.gov.br/dissemin/publicos/SIHSUS/200801_/Dados/RDRN2103.dbc,curl,2026-08-31T08:15:33.052585+00:00,RDRN2103.dbc,996364,2d50cbae89ce467b811f7974f758659c2547d98101c4bb3eefc2c08e30638633,60902ed872c4899e05a4c7f8b2daf5a1dfe7457192e488063fa3b7ef47256dc1,data/raw/phase3/SIH/RDRN2103.dbc,Acquisition only; scientific gates evaluated separately.,RDRN2103.dbc,05-04-22  12:34PM,FTP LIST; server timezone unspecified,2026-08-31T08:49:18.751791+00:00
DATASUS,SIH,2021-04,RN,2021-04,ftp://ftp.datasus.gov.br/dissemin/publicos/SIHSUS/200801_/Dados/RDRN2104.dbc,ftp://ftp.datasus.gov.br/dissemin/publicos/SIHSUS/200801_/Dados/RDRN2104.dbc,curl,2026-08-31T08:15:33.268106+00:00,RDRN2104.dbc,1113133,20751b1eb878a0ac4b976f08f163d4abb1716fe722bfea46158f414559944bad,60902ed872c4899e05a4c7f8b2daf5a1dfe7457192e488063fa3b7ef47256dc1,data/raw/phase3/SIH/RDRN2104.dbc,Acquisition only; scientific gates evaluated separately.,RDRN2104.dbc,05-04-22  12:34PM,FTP LIST; server timezone unspecified,2026-08-31T08:49:18.751794+00:00
DATASUS,SIH,2021-05,RN,2021-05,ftp://ftp.datasus.gov.br/dissemin/publicos/SIHSUS/200801_/Dados/RDRN2105.dbc,ftp://ftp.datasus.gov.br/dissemin/publicos/SIHSUS/200801_/Dados/RDRN2105.dbc,curl,2026-08-31T08:15:33.415351+00:00,RDRN2105.dbc,1150606,883ae0a14d1ffa4ea16c0b09ec3a91f2587a9bebd2cf69ce6b38a2a5bff30556,60902ed872c4899e05a4c7f8b2daf5a1dfe7457192e488063fa3b7ef47256dc1,data/raw/phase3/SIH/RDRN2105.dbc,Acquisition only; scientific gates evaluated separately.,RDRN2105.dbc,06-03-22  01:06PM,FTP LIST; server timezone unspecified,2026-08-31T08:49:18.751797+00:00
DATASUS,SIH,2021-06,RN,2021-06,ftp://ftp.datasus.gov.br/dissemin/publicos/SIHSUS/200801_/Dados/RDRN2106.dbc,ftp://ftp.datasus.gov.br/dissemin/publicos/SIHSUS/200801_/Dados/RDRN2106.dbc,curl,2026-08-31T08:15:33.806176+00:00,RDRN2106.dbc,1128039,44fa7c1c11a0cef1846e21160bb4267d3aee67ba7b2504035a914b08fe19aaf4,60902ed872c4899e05a4c7f8b2daf5a1dfe7457192e488063fa3b7ef47256dc1,data/raw/phase3/SIH/RDRN2106.dbc,Acquisition only; scientific gates evaluated separately.,RDRN2106.dbc,07-06-22  01:13PM,FTP LIST; server timezone unspecified,2026-08-31T08:49:18.751800+00:00
DATASUS,SIH,2021-07,RN,2021-07,ftp://ftp.datasus.gov.br/dissemin/publicos/SIHSUS/200801_/Dados/RDRN2107.dbc,ftp://ftp.datasus.gov.br/dissemin/publicos/SIHSUS/200801_/Dados/RDRN2107.dbc,curl,2026-08-31T08:15:34.104588+00:00,RDRN2107.dbc,1118271,5d21b37eec22a3fcdba3ec8cb3f9941b47c53afc0a686f55f1d59e22006116a6,60902ed872c4899e05a4c7f8b2daf5a1dfe7457192e488063fa3b7ef47256dc1,data/raw/phase3/SIH/RDRN2107.dbc,Acquisition only; scientific gates evaluated separately.,RDRN2107.dbc,08-04-22  03:44PM,FTP LIST; server timezone unspecified,2026-08-31T08:49:18.751803+00:00
DATASUS,SIH,2021-08,RN,2021-08,ftp://ftp.datasus.gov.br/dissemin/publicos/SIHSUS/200801_/Dados/RDRN2108.dbc,ftp://ftp.datasus.gov.br/dissemin/publicos/SIHSUS/200801_/Dados/RDRN2108.dbc,curl,2026-08-31T08:15:34.313763+00:00,RDRN2108.dbc,1083541,c8d208b4607f32e0c13aeeca7bb7fbb10cf01565d70df3f0dd34811a1cf50dd1,60902ed872c4899e05a4c7f8b2daf5a1dfe7457192e488063fa3b7ef47256dc1,data/raw/phase3/SIH/RDRN2108.dbc,Acquisition only; scientific gates evaluated separately.,RDRN2108.dbc,09-06-22  11:18AM,FTP LIST; server timezone unspecified,2026-08-31T08:49:18.751806+00:00
DATASUS,SIH,2021-09,RN,2021-09,ftp://ftp.datasus.gov.br/dissemin/publicos/SIHSUS/200801_/Dados/RDRN2109.dbc,ftp://ftp.datasus.gov.br/dissemin/publicos/SIHSUS/200801_/Dados/RDRN2109.dbc,curl,2026-08-31T08:15:34.543734+00:00,RDRN2109.dbc,1100724,06865a6fe5c332cfcae0e0fcbb4ae9d3c20383d740f6300ae89cdf65c8465bbc,60902ed872c4899e05a4c7f8b2daf5a1dfe7457192e488063fa3b7ef47256dc1,data/raw/phase3/SIH/RDRN2109.dbc,Acquisition only; scientific gates evaluated separately.,RDRN2109.dbc,10-05-22  02:28PM,FTP LIST; server timezone unspecified,2026-08-31T08:49:18.751809+00:00
DATASUS,SIH,2021-10,RN,2021-10,ftp://ftp.datasus.gov.br/dissemin/publicos/SIHSUS/200801_/Dados/RDRN2110.dbc,ftp://ftp.datasus.gov.br/dissemin/publicos/SIHSUS/200801_/Dados/RDRN2110.dbc,curl,2026-08-31T08:15:34.897662+00:00,RDRN2110.dbc,1109392,f6512ecf1f3d414d9fba65cfa616feb322a37112f1cf915682adfa02bd11f55e,60902ed872c4899e05a4c7f8b2daf5a1dfe7457192e488063fa3b7ef47256dc1,data/raw/phase3/SIH/RDRN2110.dbc,Acquisition only; scientific gates evaluated separately.,RDRN2110.dbc,11-03-22  05:56PM,FTP LIST; server timezone unspecified,2026-08-31T08:49:18.751812+00:00
DATASUS,SIH,2021-11,RN,2021-11,ftp://ftp.datasus.gov.br/dissemin/publicos/SIHSUS/200801_/Dados/RDRN2111.dbc,ftp://ftp.datasus.gov.br/dissemin/publicos/SIHSUS/200801_/Dados/RDRN2111.dbc,curl,2026-08-31T08:15:35.228384+00:00,RDRN2111.dbc,1084996,d9a3ffd6ecedb487fec56a244831e238305b63b28dc1c00fe202bc91a1545763,60902ed872c4899e05a4c7f8b2daf5a1dfe7457192e488063fa3b7ef47256dc1,data/raw/phase3/SIH/RDRN2111.dbc,Acquisition only; scientific gates evaluated separately.,RDRN2111.dbc,12-06-22  04:24PM,FTP LIST; server timezone unspecified,2026-08-31T08:49:18.751816+00:00
DATASUS,SIH,2021-12,RN,2021-12,ftp://ftp.datasus.gov.br/dissemin/publicos/SIHSUS/200801_/Dados/RDRN2112.dbc,ftp://ftp.datasus.gov.br/dissemin/publicos/SIHSUS/200801_/Dados/RDRN2112.dbc,curl,2026-08-31T08:15:35.424308+00:00,RDRN2112.dbc,1061428,d3dee842ca180f0f1d9f36d1d4d068bc7e8f361407a51d18ae31937a0607fc48,60902ed872c4899e05a4c7f8b2daf5a1dfe7457192e488063fa3b7ef47256dc1,data/raw/phase3/SIH/RDRN2112.dbc,Acquisition only; scientific gates evaluated separately.,RDRN2112.dbc,01-04-23  12:48PM,FTP LIST; server timezone unspecified,2026-08-31T08:49:18.751819+00:00
DATASUS,SIH,2020-01,RO,2020-01,ftp://ftp.datasus.gov.br/dissemin/publicos/SIHSUS/200801_/Dados/RDRO2001.dbc,ftp://ftp.datasus.gov.br/dissemin/publicos/SIHSUS/200801_/Dados/RDRO2001.dbc,curl,2026-08-31T08:15:35.511109+00:00,RDRO2001.dbc,784988,076fe6e2424b64784dd60a5bcd5c828d67cfe54841417ee16aa6b4656f473b7a,60902ed872c4899e05a4c7f8b2daf5a1dfe7457192e488063fa3b7ef47256dc1,data/raw/phase3/SIH/RDRO2001.dbc,Acquisition only; scientific gates evaluated separately.,RDRO2001.dbc,04-05-21  01:26PM,FTP LIST; server timezone unspecified,2026-08-31T08:49:18.751827+00:00
DATASUS,SIH,2020-02,RO,2020-02,ftp://ftp.datasus.gov.br/dissemin/publicos/SIHSUS/200801_/Dados/RDRO2002.dbc,ftp://ftp.datasus.gov.br/dissemin/publicos/SIHSUS/200801_/Dados/RDRO2002.dbc,curl,2026-08-31T08:15:35.818511+00:00,RDRO2002.dbc,644987,ea516ee01c489c6bbfa67a36f3778dca8e4916547c1f4f0ea03c35d84bbdbdc7,60902ed872c4899e05a4c7f8b2daf5a1dfe7457192e488063fa3b7ef47256dc1,data/raw/phase3/SIH/RDRO2002.dbc,Acquisition only; scientific gates evaluated separately.,RDRO2002.dbc,05-07-21  04:39PM,FTP LIST; server timezone unspecified,2026-08-31T08:49:18.751831+00:00
DATASUS,SIH,2020-03,RO,2020-03,ftp://ftp.datasus.gov.br/dissemin/publicos/SIHSUS/200801_/Dados/RDRO2003.dbc,ftp://ftp.datasus.gov.br/dissemin/publicos/SIHSUS/200801_/Dados/RDRO2003.dbc,curl,2026-08-31T08:15:36.175670+00:00,RDRO2003.dbc,670842,616ce1c20019f514943b5d5019eec4900ea1f0c8fac98731ad37ed846da88f8c,60902ed872c4899e05a4c7f8b2daf5a1dfe7457192e488063fa3b7ef47256dc1,data/raw/phase3/SIH/RDRO2003.dbc,Acquisition only; scientific gates evaluated separately.,RDRO2003.dbc,05-07-21  04:39PM,FTP LIST; server timezone unspecified,2026-08-31T08:49:18.751834+00:00
DATASUS,SIH,2020-04,RO,2020-04,ftp://ftp.datasus.gov.br/dissemin/publicos/SIHSUS/200801_/Dados/RDRO2004.dbc,ftp://ftp.datasus.gov.br/dissemin/publicos/SIHSUS/200801_/Dados/RDRO2004.dbc,curl,2026-08-31T08:15:36.331035+00:00,RDRO2004.dbc,537268,474ac63c440c5c904aad4fc671eefd01f84ad6641560d245358c8cc295f2cff8,60902ed872c4899e05a4c7f8b2daf5a1dfe7457192e488063fa3b7ef47256dc1,data/raw/phase3/SIH/RDRO2004.dbc,Acquisition only; scientific gates evaluated separately.,RDRO2004.dbc,01-10-22  02:25PM,FTP LIST; server timezone unspecified,2026-08-31T08:49:18.751837+00:00
DATASUS,SIH,2020-05,RO,2020-05,ftp://ftp.datasus.gov.br/dissemin/publicos/SIHSUS/200801_/Dados/RDRO2005.dbc,ftp://ftp.datasus.gov.br/dissemin/publicos/SIHSUS/200801_/Dados/RDRO2005.dbc,curl,2026-08-31T08:15:36.432478+00:00,RDRO2005.dbc,524157,7c9e5bceb0c286a4cd7f77ecad3a14c9008881684a88d1a39a14b171b5727303,60902ed872c4899e05a4c7f8b2daf5a1dfe7457192e488063fa3b7ef47256dc1,data/raw/phase3/SIH/RDRO2005.dbc,Acquisition only; scientific gates evaluated separately.,RDRO2005.dbc,01-10-22  02:25PM,FTP LIST; server timezone unspecified,2026-08-31T08:49:18.751843+00:00
DATASUS,SIH,2020-06,RO,2020-06,ftp://ftp.datasus.gov.br/dissemin/publicos/SIHSUS/200801_/Dados/RDRO2006.dbc,ftp://ftp.datasus.gov.br/dissemin/publicos/SIHSUS/200801_/Dados/RDRO2006.dbc,curl,2026-08-31T08:15:36.706382+00:00,RDRO2006.dbc,490734,291ed24e3fdfce274161c0cd1f054716c046abaae91e2fb5289f2fc599f6aa76,60902ed872c4899e05a4c7f8b2daf5a1dfe7457192e488063fa3b7ef47256dc1,data/raw/phase3/SIH/RDRO2006.dbc,Acquisition only; scientific gates evaluated separately.,RDRO2006.dbc,01-10-22  02:25PM,FTP LIST; server timezone unspecified,2026-08-31T08:49:18.751849+00:00
DATASUS,SIH,2020-07,RO,2020-07,ftp://ftp.datasus.gov.br/dissemin/publicos/SIHSUS/200801_/Dados/RDRO2007.dbc,ftp://ftp.datasus.gov.br/dissemin/publicos/SIHSUS/200801_/Dados/RDRO2007.dbc,curl,2026-08-31T08:15:37.098953+00:00,RDRO2007.dbc,604788,a0be12981756cb6edb4ba0319f9268471678b1a908eb5e0507ea4512c1d08046,60902ed872c4899e05a4c7f8b2daf5a1dfe7457192e488063fa3b7ef47256dc1,data/raw/phase3/SIH/RDRO2007.dbc,Acquisition only; scientific gates evaluated separately.,RDRO2007.dbc,01-10-22  02:25PM,FTP LIST; server timezone unspecified,2026-08-31T08:49:18.751853+00:00
DATASUS,SIH,2020-08,RO,2020-08,ftp://ftp.datasus.gov.br/dissemin/publicos/SIHSUS/200801_/Dados/RDRO2008.dbc,ftp://ftp.datasus.gov.br/dissemin/publicos/SIHSUS/200801_/Dados/RDRO2008.dbc,curl,2026-08-31T08:15:37.280844+00:00,RDRO2008.dbc,616110,99d032a4c9bbb49e7a27b589eacd35faae43f1efd4d9fba4b4d13e84d1bcd89c,60902ed872c4899e05a4c7f8b2daf5a1dfe7457192e488063fa3b7ef47256dc1,data/raw/phase3/SIH/RDRO2008.dbc,Acquisition only; scientific gates evaluated separately.,RDRO2008.dbc,02-07-22  10:08AM,FTP LIST; server timezone unspecified,2026-08-31T08:49:18.751856+00:00
DATASUS,SIH,2020-09,RO,2020-09,ftp://ftp.datasus.gov.br/dissemin/publicos/SIHSUS/200801_/Dados/RDRO2009.dbc,ftp://ftp.datasus.gov.br/dissemin/publicos/SIHSUS/200801_/Dados/RDRO2009.dbc,curl,2026-08-31T08:15:37.348920+00:00,RDRO2009.dbc,643924,49b5169d7d5cc59b3a9216e11d591e3659f76799ea964ebac57ce72ca675c95b,60902ed872c4899e05a4c7f8b2daf5a1dfe7457192e488063fa3b7ef47256dc1,data/raw/phase3/SIH/RDRO2009.dbc,Acquisition only; scientific gates evaluated separately.,RDRO2009.dbc,02-07-22  10:08AM,FTP LIST; server timezone unspecified,2026-08-31T08:49:18.751859+00:00
DATASUS,SIH,2020-10,RO,2020-10,ftp://ftp.datasus.gov.br/dissemin/publicos/SIHSUS/200801_/Dados/RDRO2010.dbc,ftp://ftp.datasus.gov.br/dissemin/publicos/SIHSUS/200801_/Dados/RDRO2010.dbc,curl,2026-08-31T08:15:37.635075+00:00,RDRO2010.dbc,595310,b7eaa7d7f562272296b932ac9e1204abb7ddfa96e52aecc1e30f54212614bc43,60902ed872c4899e05a4c7f8b2daf5a1dfe7457192e488063fa3b7ef47256dc1,data/raw/phase3/SIH/RDRO2010.dbc,Acquisition only; scientific gates evaluated separately.,RDRO2010.dbc,02-07-22  10:08AM,FTP LIST; server timezone unspecified,2026-08-31T08:49:18.751862+00:00
DATASUS,SIH,2020-11,RO,2020-11,ftp://ftp.datasus.gov.br/dissemin/publicos/SIHSUS/200801_/Dados/RDRO2011.dbc,ftp://ftp.datasus.gov.br/dissemin/publicos/SIHSUS/200801_/Dados/RDRO2011.dbc,curl,2026-08-31T08:15:38.053956+00:00,RDRO2011.dbc,658714,e9f9a703504fb9f07dd36fc5b05d7daaa84b3359b068a3de5c7866f6f0e43a1d,60902ed872c4899e05a4c7f8b2daf5a1dfe7457192e488063fa3b7ef47256dc1,data/raw/phase3/SIH/RDRO2011.dbc,Acquisition only; scientific gates evaluated separately.,RDRO2011.dbc,02-07-22  10:08AM,FTP LIST; server timezone unspecified,2026-08-31T08:49:18.751865+00:00
DATASUS,SIH,2020-12,RO,2020-12,ftp://ftp.datasus.gov.br/dissemin/publicos/SIHSUS/200801_/Dados/RDRO2012.dbc,ftp://ftp.datasus.gov.br/dissemin/publicos/SIHSUS/200801_/Dados/RDRO2012.dbc,curl,2026-08-31T08:15:38.178616+00:00,RDRO2012.dbc,592721,2a2eb564401810bec6d609e09838cb9f96ef216b2cc355b0716dd6a0b6e22954,60902ed872c4899e05a4c7f8b2daf5a1dfe7457192e488063fa3b7ef47256dc1,data/raw/phase3/SIH/RDRO2012.dbc,Acquisition only; scientific gates evaluated separately.,RDRO2012.dbc,03-07-22  01:15PM,FTP LIST; server timezone unspecified,2026-08-31T08:49:18.751868+00:00
DATASUS,SIH,2021-01,RO,2021-01,ftp://ftp.datasus.gov.br/dissemin/publicos/SIHSUS/200801_/Dados/RDRO2101.dbc,ftp://ftp.datasus.gov.br/dissemin/publicos/SIHSUS/200801_/Dados/RDRO2101.dbc,curl,2026-08-31T08:15:38.266675+00:00,RDRO2101.dbc,627438,a467b2240539470f2a15537be839f68137b239f05206fb4990ba8c855a9cab61,60902ed872c4899e05a4c7f8b2daf5a1dfe7457192e488063fa3b7ef47256dc1,data/raw/phase3/SIH/RDRO2101.dbc,Acquisition only; scientific gates evaluated separately.,RDRO2101.dbc,03-07-22  01:15PM,FTP LIST; server timezone unspecified,2026-08-31T08:49:18.751871+00:00
DATASUS,SIH,2021-02,RO,2021-02,ftp://ftp.datasus.gov.br/dissemin/publicos/SIHSUS/200801_/Dados/RDRO2102.dbc,ftp://ftp.datasus.gov.br/dissemin/publicos/SIHSUS/200801_/Dados/RDRO2102.dbc,curl,2026-08-31T08:15:38.546020+00:00,RDRO2102.dbc,581075,5f865ef5ed1c6c5abf966529f76ae0a047fab2b236835a9e3669fa0658045ddf,60902ed872c4899e05a4c7f8b2daf5a1dfe7457192e488063fa3b7ef47256dc1,data/raw/phase3/SIH/RDRO2102.dbc,Acquisition only; scientific gates evaluated separately.,RDRO2102.dbc,04-11-22  07:24PM,FTP LIST; server timezone unspecified,2026-08-31T08:49:18.751877+00:00
DATASUS,SIH,2021-03,RO,2021-03,ftp://ftp.datasus.gov.br/dissemin/publicos/SIHSUS/200801_/Dados/RDRO2103.dbc,ftp://ftp.datasus.gov.br/dissemin/publicos/SIHSUS/200801_/Dados/RDRO2103.dbc,curl,2026-08-31T08:15:38.989426+00:00,RDRO2103.dbc,648885,d10df6e031aed9d2236837cb16768c4ba717cdef73b9cdc995725b327370fc0d,60902ed872c4899e05a4c7f8b2daf5a1dfe7457192e488063fa3b7ef47256dc1,data/raw/phase3/SIH/RDRO2103.dbc,Acquisition only; scientific gates evaluated separately.,RDRO2103.dbc,05-04-22  12:34PM,FTP LIST; server timezone unspecified,2026-08-31T08:49:18.751880+00:00
DATASUS,SIH,2021-04,RO,2021-04,ftp://ftp.datasus.gov.br/dissemin/publicos/SIHSUS/200801_/Dados/RDRO2104.dbc,ftp://ftp.datasus.gov.br/dissemin/publicos/SIHSUS/200801_/Dados/RDRO2104.dbc,curl,2026-08-31T08:15:39.114626+00:00,RDRO2104.dbc,675481,d8083b14ec028a72276575c2e2edb820667a7f115a9abf31252021bf7a2b15ac,60902ed872c4899e05a4c7f8b2daf5a1dfe7457192e488063fa3b7ef47256dc1,data/raw/phase3/SIH/RDRO2104.dbc,Acquisition only; scientific gates evaluated separately.,RDRO2104.dbc,05-04-22  12:34PM,FTP LIST; server timezone unspecified,2026-08-31T08:49:18.751883+00:00
DATASUS,SIH,2021-05,RO,2021-05,ftp://ftp.datasus.gov.br/dissemin/publicos/SIHSUS/200801_/Dados/RDRO2105.dbc,ftp://ftp.datasus.gov.br/dissemin/publicos/SIHSUS/200801_/Dados/RDRO2105.dbc,curl,2026-08-31T08:15:39.249113+00:00,RDRO2105.dbc,691074,9636bbb74960c8eb68372be39a9f6746345ceb4c888bc4d2a13415a5e01d8e6f,60902ed872c4899e05a4c7f8b2daf5a1dfe7457192e488063fa3b7ef47256dc1,data/raw/phase3/SIH/RDRO2105.dbc,Acquisition only; scientific gates evaluated separately.,RDRO2105.dbc,06-03-22  01:06PM,FTP LIST; server timezone unspecified,2026-08-31T08:49:18.751886+00:00
DATASUS,SIH,2021-06,RO,2021-06,ftp://ftp.datasus.gov.br/dissemin/publicos/SIHSUS/200801_/Dados/RDRO2106.dbc,ftp://ftp.datasus.gov.br/dissemin/publicos/SIHSUS/200801_/Dados/RDRO2106.dbc,curl,2026-08-31T08:15:39.552996+00:00,RDRO2106.dbc,677200,d54f9006afffd3827a58b2baa662cb4286f1316f229b7a00dba9deb1facc2a35,60902ed872c4899e05a4c7f8b2daf5a1dfe7457192e488063fa3b7ef47256dc1,data/raw/phase3/SIH/RDRO2106.dbc,Acquisition only; scientific gates evaluated separately.,RDRO2106.dbc,07-06-22  01:12PM,FTP LIST; server timezone unspecified,2026-08-31T08:49:18.751889+00:00
DATASUS,SIH,2021-07,RO,2021-07,ftp://ftp.datasus.gov.br/dissemin/publicos/SIHSUS/200801_/Dados/RDRO2107.dbc,ftp://ftp.datasus.gov.br/dissemin/publicos/SIHSUS/200801_/Dados/RDRO2107.dbc,curl,2026-08-31T08:15:39.940946+00:00,RDRO2107.dbc,655541,1a7e66859b45e821335d3169efd58e3f3a4df2c51283fd136723ddd2956f2d7a,60902ed872c4899e05a4c7f8b2daf5a1dfe7457192e488063fa3b7ef47256dc1,data/raw/phase3/SIH/RDRO2107.dbc,Acquisition only; scientific gates evaluated separately.,RDRO2107.dbc,08-04-22  03:44PM,FTP LIST; server timezone unspecified,2026-08-31T08:49:18.751893+00:00
DATASUS,SIH,2021-08,RO,2021-08,ftp://ftp.datasus.gov.br/dissemin/publicos/SIHSUS/200801_/Dados/RDRO2108.dbc,ftp://ftp.datasus.gov.br/dissemin/publicos/SIHSUS/200801_/Dados/RDRO2108.dbc,curl,2026-08-31T08:15:40.079139+00:00,RDRO2108.dbc,690974,3bc7b9442b003c5fab589358ce1b06b37bbc8b42327aa8e64b6c2fb67f07b746,60902ed872c4899e05a4c7f8b2daf5a1dfe7457192e488063fa3b7ef47256dc1,data/raw/phase3/SIH/RDRO2108.dbc,Acquisition only; scientific gates evaluated separately.,RDRO2108.dbc,09-06-22  11:18AM,FTP LIST; server timezone unspecified,2026-08-31T08:49:18.751896+00:00
DATASUS,SIH,2021-09,RO,2021-09,ftp://ftp.datasus.gov.br/dissemin/publicos/SIHSUS/200801_/Dados/RDRO2109.dbc,ftp://ftp.datasus.gov.br/dissemin/publicos/SIHSUS/200801_/Dados/RDRO2109.dbc,curl,2026-08-31T08:15:40.201162+00:00,RDRO2109.dbc,681603,e5dedaf205b11f31051afcf572f5a203339682f401483da1261db9274a8c57a8,60902ed872c4899e05a4c7f8b2daf5a1dfe7457192e488063fa3b7ef47256dc1,data/raw/phase3/SIH/RDRO2109.dbc,Acquisition only; scientific gates evaluated separately.,RDRO2109.dbc,10-05-22  02:28PM,FTP LIST; server timezone unspecified,2026-08-31T08:49:18.751899+00:00
DATASUS,SIH,2021-10,RO,2021-10,ftp://ftp.datasus.gov.br/dissemin/publicos/SIHSUS/200801_/Dados/RDRO2110.dbc,ftp://ftp.datasus.gov.br/dissemin/publicos/SIHSUS/200801_/Dados/RDRO2110.dbc,curl,2026-08-31T08:15:40.573396+00:00,RDRO2110.dbc,670340,2e5926880f21d044eb0c50f01a22a0971f10231f4a1a4fa55ec96ac5e14fc4e6,60902ed872c4899e05a4c7f8b2daf5a1dfe7457192e488063fa3b7ef47256dc1,data/raw/phase3/SIH/RDRO2110.dbc,Acquisition only; scientific gates evaluated separately.,RDRO2110.dbc,11-03-22  05:56PM,FTP LIST; server timezone unspecified,2026-08-31T08:49:18.751902+00:00
DATASUS,SIH,2021-11,RO,2021-11,ftp://ftp.datasus.gov.br/dissemin/publicos/SIHSUS/200801_/Dados/RDRO2111.dbc,ftp://ftp.datasus.gov.br/dissemin/publicos/SIHSUS/200801_/Dados/RDRO2111.dbc,curl,2026-08-31T08:15:40.916969+00:00,RDRO2111.dbc,687740,1a306f28ed15af97653367151229e23f7264e2a562db3d91c0b5f26ccfe217ac,60902ed872c4899e05a4c7f8b2daf5a1dfe7457192e488063fa3b7ef47256dc1,data/raw/phase3/SIH/RDRO2111.dbc,Acquisition only; scientific gates evaluated separately.,RDRO2111.dbc,12-06-22  04:24PM,FTP LIST; server timezone unspecified,2026-08-31T08:49:18.751905+00:00
DATASUS,SIH,2021-12,RO,2021-12,ftp://ftp.datasus.gov.br/dissemin/publicos/SIHSUS/200801_/Dados/RDRO2112.dbc,ftp://ftp.datasus.gov.br/dissemin/publicos/SIHSUS/200801_/Dados/RDRO2112.dbc,curl,2026-08-31T08:15:41.061771+00:00,RDRO2112.dbc,687386,7b156adff73dfadf9739c456272df9cc4885e072424ac6461cb545bdf35fd40b,60902ed872c4899e05a4c7f8b2daf5a1dfe7457192e488063fa3b7ef47256dc1,data/raw/phase3/SIH/RDRO2112.dbc,Acquisition only; scientific gates evaluated separately.,RDRO2112.dbc,01-04-23  12:48PM,FTP LIST; server timezone unspecified,2026-08-31T08:49:18.751908+00:00
DATASUS,SIH,2020-01,RR,2020-01,ftp://ftp.datasus.gov.br/dissemin/publicos/SIHSUS/200801_/Dados/RDRR2001.dbc,ftp://ftp.datasus.gov.br/dissemin/publicos/SIHSUS/200801_/Dados/RDRR2001.dbc,curl,2026-08-31T08:15:41.034593+00:00,RDRR2001.dbc,286172,b050ab280ab8041ffbe6be9ce3f04167d7baf344ad226b110ddd12648812c315,60902ed872c4899e05a4c7f8b2daf5a1dfe7457192e488063fa3b7ef47256dc1,data/raw/phase3/SIH/RDRR2001.dbc,Acquisition only; scientific gates evaluated separately.,RDRR2001.dbc,04-05-21  01:26PM,FTP LIST; server timezone unspecified,2026-08-31T08:49:18.751916+00:00
DATASUS,SIH,2020-02,RR,2020-02,ftp://ftp.datasus.gov.br/dissemin/publicos/SIHSUS/200801_/Dados/RDRR2002.dbc,ftp://ftp.datasus.gov.br/dissemin/publicos/SIHSUS/200801_/Dados/RDRR2002.dbc,curl,2026-08-31T08:15:41.421762+00:00,RDRR2002.dbc,289975,944921a941d53abe533d1707962a378e5f8347bbdf29a2ab6d92baec37a73e80,60902ed872c4899e05a4c7f8b2daf5a1dfe7457192e488063fa3b7ef47256dc1,data/raw/phase3/SIH/RDRR2002.dbc,Acquisition only; scientific gates evaluated separately.,RDRR2002.dbc,05-07-21  04:39PM,FTP LIST; server timezone unspecified,2026-08-31T08:49:18.751919+00:00
DATASUS,SIH,2020-03,RR,2020-03,ftp://ftp.datasus.gov.br/dissemin/publicos/SIHSUS/200801_/Dados/RDRR2003.dbc,ftp://ftp.datasus.gov.br/dissemin/publicos/SIHSUS/200801_/Dados/RDRR2003.dbc,curl,2026-08-31T08:15:41.745017+00:00,RDRR2003.dbc,274761,8f10fd00d7fd5e955c047155f52386f6b6e0a82c998a2bef6a3d8ed3c9473927,60902ed872c4899e05a4c7f8b2daf5a1dfe7457192e488063fa3b7ef47256dc1,data/raw/phase3/SIH/RDRR2003.dbc,Acquisition only; scientific gates evaluated separately.,RDRR2003.dbc,05-07-21  04:39PM,FTP LIST; server timezone unspecified,2026-08-31T08:49:18.751923+00:00
DATASUS,SIH,2020-04,RR,2020-04,ftp://ftp.datasus.gov.br/dissemin/publicos/SIHSUS/200801_/Dados/RDRR2004.dbc,ftp://ftp.datasus.gov.br/dissemin/publicos/SIHSUS/200801_/Dados/RDRR2004.dbc,curl,2026-08-31T08:15:41.809897+00:00,RDRR2004.dbc,237095,363d8284bf96fa07454a7f8c67871719d504a9c962a3741cca19ef32a6029a4e,60902ed872c4899e05a4c7f8b2daf5a1dfe7457192e488063fa3b7ef47256dc1,data/raw/phase3/SIH/RDRR2004.dbc,Acquisition only; scientific gates evaluated separately.,RDRR2004.dbc,01-10-22  02:25PM,FTP LIST; server timezone unspecified,2026-08-31T08:49:18.751926+00:00
DATASUS,SIH,2020-05,RR,2020-05,ftp://ftp.datasus.gov.br/dissemin/publicos/SIHSUS/200801_/Dados/RDRR2005.dbc,ftp://ftp.datasus.gov.br/dissemin/publicos/SIHSUS/200801_/Dados/RDRR2005.dbc,curl,2026-08-31T08:15:41.854513+00:00,RDRR2005.dbc,219538,1c87e00c8762cead566ca5e5e8a864711e93c186c1cac5622677708e5177f483,60902ed872c4899e05a4c7f8b2daf5a1dfe7457192e488063fa3b7ef47256dc1,data/raw/phase3/SIH/RDRR2005.dbc,Acquisition only; scientific gates evaluated separately.,RDRR2005.dbc,01-10-22  02:25PM,FTP LIST; server timezone unspecified,2026-08-31T08:49:18.751930+00:00
DATASUS,SIH,2020-06,RR,2020-06,ftp://ftp.datasus.gov.br/dissemin/publicos/SIHSUS/200801_/Dados/RDRR2006.dbc,ftp://ftp.datasus.gov.br/dissemin/publicos/SIHSUS/200801_/Dados/RDRR2006.dbc,curl,2026-08-31T08:15:42.217430+00:00,RDRR2006.dbc,209348,2782f2d25a42c4841a2007b33f5dd06dd7906f7a3784d0b1887f8502416210a4,60902ed872c4899e05a4c7f8b2daf5a1dfe7457192e488063fa3b7ef47256dc1,data/raw/phase3/SIH/RDRR2006.dbc,Acquisition only; scientific gates evaluated separately.,RDRR2006.dbc,01-10-22  02:25PM,FTP LIST; server timezone unspecified,2026-08-31T08:49:18.751933+00:00
DATASUS,SIH,2020-07,RR,2020-07,ftp://ftp.datasus.gov.br/dissemin/publicos/SIHSUS/200801_/Dados/RDRR2007.dbc,ftp://ftp.datasus.gov.br/dissemin/publicos/SIHSUS/200801_/Dados/RDRR2007.dbc,curl,2026-08-31T08:15:42.542433+00:00,RDRR2007.dbc,217721,4582670dc0aae253f13cdb508f77147a06acae858f8d4098fdd7bc83bd0ca25c,60902ed872c4899e05a4c7f8b2daf5a1dfe7457192e488063fa3b7ef47256dc1,data/raw/phase3/SIH/RDRR2007.dbc,Acquisition only; scientific gates evaluated separately.,RDRR2007.dbc,01-10-22  02:25PM,FTP LIST; server timezone unspecified,2026-08-31T08:49:18.751936+00:00
DATASUS,SIH,2020-08,RR,2020-08,ftp://ftp.datasus.gov.br/dissemin/publicos/SIHSUS/200801_/Dados/RDRR2008.dbc,ftp://ftp.datasus.gov.br/dissemin/publicos/SIHSUS/200801_/Dados/RDRR2008.dbc,curl,2026-08-31T08:15:42.664932+00:00,RDRR2008.dbc,249140,ebb0a8dad2c83a3d8f9c18ac01243623e562716db21c8229c909cc3425ac0bdc,60902ed872c4899e05a4c7f8b2daf5a1dfe7457192e488063fa3b7ef47256dc1,data/raw/phase3/SIH/RDRR2008.dbc,Acquisition only; scientific gates evaluated separately.,RDRR2008.dbc,02-07-22  10:08AM,FTP LIST; server timezone unspecified,2026-08-31T08:49:18.751939+00:00
DATASUS,SIH,2020-09,RR,2020-09,ftp://ftp.datasus.gov.br/dissemin/publicos/SIHSUS/200801_/Dados/RDRR2009.dbc,ftp://ftp.datasus.gov.br/dissemin/publicos/SIHSUS/200801_/Dados/RDRR2009.dbc,curl,2026-08-31T08:15:42.665292+00:00,RDRR2009.dbc,233871,ea845f2ef1315379ac26eee42bfec8f0511345e56e480e67c9e774e5409ad379,60902ed872c4899e05a4c7f8b2daf5a1dfe7457192e488063fa3b7ef47256dc1,data/raw/phase3/SIH/RDRR2009.dbc,Acquisition only; scientific gates evaluated separately.,RDRR2009.dbc,02-07-22  10:08AM,FTP LIST; server timezone unspecified,2026-08-31T08:49:18.751944+00:00
DATASUS,SIH,2020-10,RR,2020-10,ftp://ftp.datasus.gov.br/dissemin/publicos/SIHSUS/200801_/Dados/RDRR2010.dbc,ftp://ftp.datasus.gov.br/dissemin/publicos/SIHSUS/200801_/Dados/RDRR2010.dbc,curl,2026-08-31T08:15:43.113103+00:00,RDRR2010.dbc,265278,4e56c0e8d02d497cf6bf451e93f574bd942b2ce3509c11e4fec931689e04f1fd,60902ed872c4899e05a4c7f8b2daf5a1dfe7457192e488063fa3b7ef47256dc1,data/raw/phase3/SIH/RDRR2010.dbc,Acquisition only; scientific gates evaluated separately.,RDRR2010.dbc,02-07-22  10:08AM,FTP LIST; server timezone unspecified,2026-08-31T08:49:18.751947+00:00
DATASUS,SIH,2020-11,RR,2020-11,ftp://ftp.datasus.gov.br/dissemin/publicos/SIHSUS/200801_/Dados/RDRR2011.dbc,ftp://ftp.datasus.gov.br/dissemin/publicos/SIHSUS/200801_/Dados/RDRR2011.dbc,curl,2026-08-31T08:15:43.444745+00:00,RDRR2011.dbc,259610,d92fb6b39e0160d33e889d139694425d34a79c4948296d599e6fa0f923fa9676,60902ed872c4899e05a4c7f8b2daf5a1dfe7457192e488063fa3b7ef47256dc1,data/raw/phase3/SIH/RDRR2011.dbc,Acquisition only; scientific gates evaluated separately.,RDRR2011.dbc,02-07-22  10:08AM,FTP LIST; server timezone unspecified,2026-08-31T08:49:18.751950+00:00
DATASUS,SIH,2020-12,RR,2020-12,ftp://ftp.datasus.gov.br/dissemin/publicos/SIHSUS/200801_/Dados/RDRR2012.dbc,ftp://ftp.datasus.gov.br/dissemin/publicos/SIHSUS/200801_/Dados/RDRR2012.dbc,curl,2026-08-31T08:15:43.527195+00:00,RDRR2012.dbc,271057,5afbd43d3b06c4fdf618d3c2ce7fe47204c066a4e21d8653ce32adbf96a9a258,60902ed872c4899e05a4c7f8b2daf5a1dfe7457192e488063fa3b7ef47256dc1,data/raw/phase3/SIH/RDRR2012.dbc,Acquisition only; scientific gates evaluated separately.,RDRR2012.dbc,03-07-22  01:15PM,FTP LIST; server timezone unspecified,2026-08-31T08:49:18.751953+00:00
DATASUS,SIH,2021-01,RR,2021-01,ftp://ftp.datasus.gov.br/dissemin/publicos/SIHSUS/200801_/Dados/RDRR2101.dbc,ftp://ftp.datasus.gov.br/dissemin/publicos/SIHSUS/200801_/Dados/RDRR2101.dbc,curl,2026-08-31T08:15:43.488954+00:00,RDRR2101.dbc,234734,fd3f151cab235b591080a3f38230000fb3b70a62d8cb35dc888d7058b96beb05,60902ed872c4899e05a4c7f8b2daf5a1dfe7457192e488063fa3b7ef47256dc1,data/raw/phase3/SIH/RDRR2101.dbc,Acquisition only; scientific gates evaluated separately.,RDRR2101.dbc,03-07-22  01:15PM,FTP LIST; server timezone unspecified,2026-08-31T08:49:18.751957+00:00
DATASUS,SIH,2021-02,RR,2021-02,ftp://ftp.datasus.gov.br/dissemin/publicos/SIHSUS/200801_/Dados/RDRR2102.dbc,ftp://ftp.datasus.gov.br/dissemin/publicos/SIHSUS/200801_/Dados/RDRR2102.dbc,curl,2026-08-31T08:15:44.001772+00:00,RDRR2102.dbc,240893,5521dba5d1663e9474aefaf50b0c0460c5eab6d7084feb88ac99ec494020fd9f,60902ed872c4899e05a4c7f8b2daf5a1dfe7457192e488063fa3b7ef47256dc1,data/raw/phase3/SIH/RDRR2102.dbc,Acquisition only; scientific gates evaluated separately.,RDRR2102.dbc,04-11-22  07:24PM,FTP LIST; server timezone unspecified,2026-08-31T08:49:18.751960+00:00
DATASUS,SIH,2021-03,RR,2021-03,ftp://ftp.datasus.gov.br/dissemin/publicos/SIHSUS/200801_/Dados/RDRR2103.dbc,ftp://ftp.datasus.gov.br/dissemin/publicos/SIHSUS/200801_/Dados/RDRR2103.dbc,curl,2026-08-31T08:15:44.293333+00:00,RDRR2103.dbc,274489,4952aab20c0f6d36fd9d41df62804b070565af1a65381d37a3db05385b013273,60902ed872c4899e05a4c7f8b2daf5a1dfe7457192e488063fa3b7ef47256dc1,data/raw/phase3/SIH/RDRR2103.dbc,Acquisition only; scientific gates evaluated separately.,RDRR2103.dbc,05-04-22  12:34PM,FTP LIST; server timezone unspecified,2026-08-31T08:49:18.751963+00:00
DATASUS,SIH,2021-04,RR,2021-04,ftp://ftp.datasus.gov.br/dissemin/publicos/SIHSUS/200801_/Dados/RDRR2104.dbc,ftp://ftp.datasus.gov.br/dissemin/publicos/SIHSUS/200801_/Dados/RDRR2104.dbc,curl,2026-08-31T08:15:44.293304+00:00,RDRR2104.dbc,251811,f6f627cf0a4f5c1ab6c60aeba12d376495c8ae33189e768156bc466afca28d36,60902ed872c4899e05a4c7f8b2daf5a1dfe7457192e488063fa3b7ef47256dc1,data/raw/phase3/SIH/RDRR2104.dbc,Acquisition only; scientific gates evaluated separately.,RDRR2104.dbc,05-04-22  12:34PM,FTP LIST; server timezone unspecified,2026-08-31T08:49:18.751966+00:00
DATASUS,SIH,2021-05,RR,2021-05,ftp://ftp.datasus.gov.br/dissemin/publicos/SIHSUS/200801_/Dados/RDRR2105.dbc,ftp://ftp.datasus.gov.br/dissemin/publicos/SIHSUS/200801_/Dados/RDRR2105.dbc,curl,2026-08-31T08:15:44.392184+00:00,RDRR2105.dbc,240880,cdfd3043535f0c49430777e5b350add87e3fa306b3cd28c5de9dfa779ae77080,60902ed872c4899e05a4c7f8b2daf5a1dfe7457192e488063fa3b7ef47256dc1,data/raw/phase3/SIH/RDRR2105.dbc,Acquisition only; scientific gates evaluated separately.,RDRR2105.dbc,06-03-22  01:05PM,FTP LIST; server timezone unspecified,2026-08-31T08:49:18.751969+00:00
DATASUS,SIH,2021-06,RR,2021-06,ftp://ftp.datasus.gov.br/dissemin/publicos/SIHSUS/200801_/Dados/RDRR2106.dbc,ftp://ftp.datasus.gov.br/dissemin/publicos/SIHSUS/200801_/Dados/RDRR2106.dbc,curl,2026-08-31T08:15:44.837431+00:00,RDRR2106.dbc,251318,53e4556823a7125efd7a1b29da9ea029cedf4020f7f234b758e5e27b0b895310,60902ed872c4899e05a4c7f8b2daf5a1dfe7457192e488063fa3b7ef47256dc1,data/raw/phase3/SIH/RDRR2106.dbc,Acquisition only; scientific gates evaluated separately.,RDRR2106.dbc,07-06-22  01:12PM,FTP LIST; server timezone unspecified,2026-08-31T08:49:18.751972+00:00
DATASUS,SIH,2021-07,RR,2021-07,ftp://ftp.datasus.gov.br/dissemin/publicos/SIHSUS/200801_/Dados/RDRR2107.dbc,ftp://ftp.datasus.gov.br/dissemin/publicos/SIHSUS/200801_/Dados/RDRR2107.dbc,curl,2026-08-31T08:15:45.182820+00:00,RDRR2107.dbc,303290,3ccba7d0c6298ce101f62885f65988427ef0258bb7f510a302db1183d9a3214a,60902ed872c4899e05a4c7f8b2daf5a1dfe7457192e488063fa3b7ef47256dc1,data/raw/phase3/SIH/RDRR2107.dbc,Acquisition only; scientific gates evaluated separately.,RDRR2107.dbc,08-04-22  03:44PM,FTP LIST; server timezone unspecified,2026-08-31T08:49:18.751975+00:00
DATASUS,SIH,2021-08,RR,2021-08,ftp://ftp.datasus.gov.br/dissemin/publicos/SIHSUS/200801_/Dados/RDRR2108.dbc,ftp://ftp.datasus.gov.br/dissemin/publicos/SIHSUS/200801_/Dados/RDRR2108.dbc,curl,2026-08-31T08:15:45.145232+00:00,RDRR2108.dbc,295944,d659140c51ab417516f31fa5f7b8afcb6fc0c6d9e391345aceca1a4343733fbb,60902ed872c4899e05a4c7f8b2daf5a1dfe7457192e488063fa3b7ef47256dc1,data/raw/phase3/SIH/RDRR2108.dbc,Acquisition only; scientific gates evaluated separately.,RDRR2108.dbc,09-06-22  11:18AM,FTP LIST; server timezone unspecified,2026-08-31T08:49:18.751978+00:00
DATASUS,SIH,2021-09,RR,2021-09,ftp://ftp.datasus.gov.br/dissemin/publicos/SIHSUS/200801_/Dados/RDRR2109.dbc,ftp://ftp.datasus.gov.br/dissemin/publicos/SIHSUS/200801_/Dados/RDRR2109.dbc,curl,2026-08-31T08:15:45.209840+00:00,RDRR2109.dbc,268024,1e0c20772eaf4e1c381790f1cfad7efdef25cbdb45776ab553ba3e6c5287c7e7,60902ed872c4899e05a4c7f8b2daf5a1dfe7457192e488063fa3b7ef47256dc1,data/raw/phase3/SIH/RDRR2109.dbc,Acquisition only; scientific gates evaluated separately.,RDRR2109.dbc,10-05-22  02:28PM,FTP LIST; server timezone unspecified,2026-08-31T08:49:18.751983+00:00
DATASUS,SIH,2021-10,RR,2021-10,ftp://ftp.datasus.gov.br/dissemin/publicos/SIHSUS/200801_/Dados/RDRR2110.dbc,ftp://ftp.datasus.gov.br/dissemin/publicos/SIHSUS/200801_/Dados/RDRR2110.dbc,curl,2026-08-31T08:15:45.691651+00:00,RDRR2110.dbc,269414,5f295ca962fa76a8cf0328959022d22d2d429d0de77455a709da8c7476adee56,60902ed872c4899e05a4c7f8b2daf5a1dfe7457192e488063fa3b7ef47256dc1,data/raw/phase3/SIH/RDRR2110.dbc,Acquisition only; scientific gates evaluated separately.,RDRR2110.dbc,11-03-22  05:56PM,FTP LIST; server timezone unspecified,2026-08-31T08:49:18.751986+00:00
DATASUS,SIH,2021-11,RR,2021-11,ftp://ftp.datasus.gov.br/dissemin/publicos/SIHSUS/200801_/Dados/RDRR2111.dbc,ftp://ftp.datasus.gov.br/dissemin/publicos/SIHSUS/200801_/Dados/RDRR2111.dbc,curl,2026-08-31T08:15:46.019916+00:00,RDRR2111.dbc,271870,51b528ca7318febbe5e41e50485511fd001072f239998ea442b1ca340a7b470e,60902ed872c4899e05a4c7f8b2daf5a1dfe7457192e488063fa3b7ef47256dc1,data/raw/phase3/SIH/RDRR2111.dbc,Acquisition only; scientific gates evaluated separately.,RDRR2111.dbc,12-06-22  04:24PM,FTP LIST; server timezone unspecified,2026-08-31T08:49:18.751989+00:00
DATASUS,SIH,2021-12,RR,2021-12,ftp://ftp.datasus.gov.br/dissemin/publicos/SIHSUS/200801_/Dados/RDRR2112.dbc,ftp://ftp.datasus.gov.br/dissemin/publicos/SIHSUS/200801_/Dados/RDRR2112.dbc,curl,2026-08-31T08:15:46.045418+00:00,RDRR2112.dbc,279296,7e1ec71d550f82d1b90cb3c0a6554a0954cfa8339ee49a210c56280f62d31d8e,60902ed872c4899e05a4c7f8b2daf5a1dfe7457192e488063fa3b7ef47256dc1,data/raw/phase3/SIH/RDRR2112.dbc,Acquisition only; scientific gates evaluated separately.,RDRR2112.dbc,01-04-23  12:48PM,FTP LIST; server timezone unspecified,2026-08-31T08:49:18.751992+00:00
DATASUS,SIH,2020-01,RS,2020-01,ftp://ftp.datasus.gov.br/dissemin/publicos/SIHSUS/200801_/Dados/RDRS2001.dbc,ftp://ftp.datasus.gov.br/dissemin/publicos/SIHSUS/200801_/Dados/RDRS2001.dbc,curl,2026-08-31T08:15:47.394007+00:00,RDRS2001.dbc,5034917,4c1f6e1684f2a4a64b49cefd6da69fd0fffa39c26404a9bc32a66a825b78b094,60902ed872c4899e05a4c7f8b2daf5a1dfe7457192e488063fa3b7ef47256dc1,data/raw/phase3/SIH/RDRS2001.dbc,Acquisition only; scientific gates evaluated separately.,RDRS2001.dbc,04-05-21  01:26PM,FTP LIST; server timezone unspecified,2026-08-31T08:49:18.752001+00:00
DATASUS,SIH,2020-02,RS,2020-02,ftp://ftp.datasus.gov.br/dissemin/publicos/SIHSUS/200801_/Dados/RDRS2002.dbc,ftp://ftp.datasus.gov.br/dissemin/publicos/SIHSUS/200801_/Dados/RDRS2002.dbc,curl,2026-08-31T08:15:47.780531+00:00,RDRS2002.dbc,4789412,9603fbd0c1fd97e576546b8724e015acab1b497d804a2c54c0ab2a3af7d787f8,60902ed872c4899e05a4c7f8b2daf5a1dfe7457192e488063fa3b7ef47256dc1,data/raw/phase3/SIH/RDRS2002.dbc,Acquisition only; scientific gates evaluated separately.,RDRS2002.dbc,05-07-21  04:39PM,FTP LIST; server timezone unspecified,2026-08-31T08:49:18.752004+00:00
DATASUS,SIH,2020-03,RS,2020-03,ftp://ftp.datasus.gov.br/dissemin/publicos/SIHSUS/200801_/Dados/RDRS2003.dbc,ftp://ftp.datasus.gov.br/dissemin/publicos/SIHSUS/200801_/Dados/RDRS2003.dbc,curl,2026-08-31T08:15:48.113849+00:00,RDRS2003.dbc,4954868,64f16ae357da3966ae0637fd67ae76c62af6992f708af3d97b249b8a82704260,60902ed872c4899e05a4c7f8b2daf5a1dfe7457192e488063fa3b7ef47256dc1,data/raw/phase3/SIH/RDRS2003.dbc,Acquisition only; scientific gates evaluated separately.,RDRS2003.dbc,05-07-21  04:39PM,FTP LIST; server timezone unspecified,2026-08-31T08:49:18.752008+00:00
DATASUS,SIH,2020-04,RS,2020-04,ftp://ftp.datasus.gov.br/dissemin/publicos/SIHSUS/200801_/Dados/RDRS2004.dbc,ftp://ftp.datasus.gov.br/dissemin/publicos/SIHSUS/200801_/Dados/RDRS2004.dbc,curl,2026-08-31T08:15:47.896050+00:00,RDRS2004.dbc,3967762,e81b310692a8eda30ce390a8e1ceacfd99bf951257318ba6f49c96cb03502f70,60902ed872c4899e05a4c7f8b2daf5a1dfe7457192e488063fa3b7ef47256dc1,data/raw/phase3/SIH/RDRS2004.dbc,Acquisition only; scientific gates evaluated separately.,RDRS2004.dbc,01-10-22  02:25PM,FTP LIST; server timezone unspecified,2026-08-31T08:49:18.752011+00:00
DATASUS,SIH,2020-05,RS,2020-05,ftp://ftp.datasus.gov.br/dissemin/publicos/SIHSUS/200801_/Dados/RDRS2005.dbc,ftp://ftp.datasus.gov.br/dissemin/publicos/SIHSUS/200801_/Dados/RDRS2005.dbc,curl,2026-08-31T08:15:49.204637+00:00,RDRS2005.dbc,3902506,eb435c43fa93046c830e16bd1470094efbe464982128cd2240644eb6e3893b6b,60902ed872c4899e05a4c7f8b2daf5a1dfe7457192e488063fa3b7ef47256dc1,data/raw/phase3/SIH/RDRS2005.dbc,Acquisition only; scientific gates evaluated separately.,RDRS2005.dbc,01-10-22  02:25PM,FTP LIST; server timezone unspecified,2026-08-31T08:49:18.752014+00:00
DATASUS,SIH,2020-06,RS,2020-06,ftp://ftp.datasus.gov.br/dissemin/publicos/SIHSUS/200801_/Dados/RDRS2006.dbc,ftp://ftp.datasus.gov.br/dissemin/publicos/SIHSUS/200801_/Dados/RDRS2006.dbc,curl,2026-08-31T08:15:49.583138+00:00,RDRS2006.dbc,3986584,db8b37657cd838f9ab9f95c8fb04a131e72f5fde54634fe655372271aaa71253,60902ed872c4899e05a4c7f8b2daf5a1dfe7457192e488063fa3b7ef47256dc1,data/raw/phase3/SIH/RDRS2006.dbc,Acquisition only; scientific gates evaluated separately.,RDRS2006.dbc,01-10-22  02:25PM,FTP LIST; server timezone unspecified,2026-08-31T08:49:18.752017+00:00
DATASUS,SIH,2020-07,RS,2020-07,ftp://ftp.datasus.gov.br/dissemin/publicos/SIHSUS/200801_/Dados/RDRS2007.dbc,ftp://ftp.datasus.gov.br/dissemin/publicos/SIHSUS/200801_/Dados/RDRS2007.dbc,curl,2026-08-31T08:15:49.752454+00:00,RDRS2007.dbc,4150109,ae145730438b87122180b22bc439cc647da612ba3b82ab2ac3ec25a6c06fb3f5,60902ed872c4899e05a4c7f8b2daf5a1dfe7457192e488063fa3b7ef47256dc1,data/raw/phase3/SIH/RDRS2007.dbc,Acquisition only; scientific gates evaluated separately.,RDRS2007.dbc,01-10-22  02:25PM,FTP LIST; server timezone unspecified,2026-08-31T08:49:18.752020+00:00
DATASUS,SIH,2020-08,RS,2020-08,ftp://ftp.datasus.gov.br/dissemin/publicos/SIHSUS/200801_/Dados/RDRS2008.dbc,ftp://ftp.datasus.gov.br/dissemin/publicos/SIHSUS/200801_/Dados/RDRS2008.dbc,curl,2026-08-31T08:15:50.011819+00:00,RDRS2008.dbc,4110693,e6ed198529dd68e17ef20c6fd2175d9f0a20c91394dc0f7649b8abcecb841b45,60902ed872c4899e05a4c7f8b2daf5a1dfe7457192e488063fa3b7ef47256dc1,data/raw/phase3/SIH/RDRS2008.dbc,Acquisition only; scientific gates evaluated separately.,RDRS2008.dbc,02-07-22  10:08AM,FTP LIST; server timezone unspecified,2026-08-31T08:49:18.752023+00:00
DATASUS,SIH,2020-09,RS,2020-09,ftp://ftp.datasus.gov.br/dissemin/publicos/SIHSUS/200801_/Dados/RDRS2009.dbc,ftp://ftp.datasus.gov.br/dissemin/publicos/SIHSUS/200801_/Dados/RDRS2009.dbc,curl,2026-08-31T08:15:51.069908+00:00,RDRS2009.dbc,4095816,c4d4fc14b58a7839a1bb4585b61ec0075303adfc1b6ccfaf5ed755ca0d27684e,60902ed872c4899e05a4c7f8b2daf5a1dfe7457192e488063fa3b7ef47256dc1,data/raw/phase3/SIH/RDRS2009.dbc,Acquisition only; scientific gates evaluated separately.,RDRS2009.dbc,02-07-22  10:08AM,FTP LIST; server timezone unspecified,2026-08-31T08:49:18.752028+00:00
DATASUS,SIH,2020-10,RS,2020-10,ftp://ftp.datasus.gov.br/dissemin/publicos/SIHSUS/200801_/Dados/RDRS2010.dbc,ftp://ftp.datasus.gov.br/dissemin/publicos/SIHSUS/200801_/Dados/RDRS2010.dbc,curl,2026-08-31T08:15:51.632421+00:00,RDRS2010.dbc,4635825,ae9283efd77fffce8e833db0229f3de9726690f70903537ea0ce598821755db6,60902ed872c4899e05a4c7f8b2daf5a1dfe7457192e488063fa3b7ef47256dc1,data/raw/phase3/SIH/RDRS2010.dbc,Acquisition only; scientific gates evaluated separately.,RDRS2010.dbc,02-07-22  10:08AM,FTP LIST; server timezone unspecified,2026-08-31T08:49:18.752031+00:00
DATASUS,SIH,2020-11,RS,2020-11,ftp://ftp.datasus.gov.br/dissemin/publicos/SIHSUS/200801_/Dados/RDRS2011.dbc,ftp://ftp.datasus.gov.br/dissemin/publicos/SIHSUS/200801_/Dados/RDRS2011.dbc,curl,2026-08-31T08:15:51.722931+00:00,RDRS2011.dbc,4461237,d7be2fd2530efbaced07e80276c1ebf97eb14e13f20e721b9641465051e49b84,60902ed872c4899e05a4c7f8b2daf5a1dfe7457192e488063fa3b7ef47256dc1,data/raw/phase3/SIH/RDRS2011.dbc,Acquisition only; scientific gates evaluated separately.,RDRS2011.dbc,02-07-22  10:08AM,FTP LIST; server timezone unspecified,2026-08-31T08:49:18.752034+00:00
DATASUS,SIH,2020-12,RS,2020-12,ftp://ftp.datasus.gov.br/dissemin/publicos/SIHSUS/200801_/Dados/RDRS2012.dbc,ftp://ftp.datasus.gov.br/dissemin/publicos/SIHSUS/200801_/Dados/RDRS2012.dbc,curl,2026-08-31T08:15:51.959108+00:00,RDRS2012.dbc,4350387,97d4053487db37e7ec5d7c6160cd663197e5f89f021b8a6f84af615fe00e32e6,60902ed872c4899e05a4c7f8b2daf5a1dfe7457192e488063fa3b7ef47256dc1,data/raw/phase3/SIH/RDRS2012.dbc,Acquisition only; scientific gates evaluated separately.,RDRS2012.dbc,03-07-22  01:15PM,FTP LIST; server timezone unspecified,2026-08-31T08:49:18.752037+00:00
DATASUS,SIH,2021-01,RS,2021-01,ftp://ftp.datasus.gov.br/dissemin/publicos/SIHSUS/200801_/Dados/RDRS2101.dbc,ftp://ftp.datasus.gov.br/dissemin/publicos/SIHSUS/200801_/Dados/RDRS2101.dbc,curl,2026-08-31T08:15:53.006626+00:00,RDRS2101.dbc,4404168,a9ddda044ff5abbf8a4b0893e93d8261d24f578ba89939982021d5093306eac6,60902ed872c4899e05a4c7f8b2daf5a1dfe7457192e488063fa3b7ef47256dc1,data/raw/phase3/SIH/RDRS2101.dbc,Acquisition only; scientific gates evaluated separately.,RDRS2101.dbc,03-07-22  01:15PM,FTP LIST; server timezone unspecified,2026-08-31T08:49:18.752041+00:00
DATASUS,SIH,2021-02,RS,2021-02,ftp://ftp.datasus.gov.br/dissemin/publicos/SIHSUS/200801_/Dados/RDRS2102.dbc,ftp://ftp.datasus.gov.br/dissemin/publicos/SIHSUS/200801_/Dados/RDRS2102.dbc,curl,2026-08-31T08:15:53.509423+00:00,RDRS2102.dbc,4225400,a0a87478d61645f33c7cd00fc2d0ecc56ea119f562721a0bdc6ae97ba649f942,60902ed872c4899e05a4c7f8b2daf5a1dfe7457192e488063fa3b7ef47256dc1,data/raw/phase3/SIH/RDRS2102.dbc,Acquisition only; scientific gates evaluated separately.,RDRS2102.dbc,04-11-22  07:24PM,FTP LIST; server timezone unspecified,2026-08-31T08:49:18.752044+00:00
DATASUS,SIH,2021-03,RS,2021-03,ftp://ftp.datasus.gov.br/dissemin/publicos/SIHSUS/200801_/Dados/RDRS2103.dbc,ftp://ftp.datasus.gov.br/dissemin/publicos/SIHSUS/200801_/Dados/RDRS2103.dbc,curl,2026-08-31T08:15:53.593908+00:00,RDRS2103.dbc,4241004,5339ff5f6a49f9d139d16a91299030e98bca8f62b934bbe8ab5c87241787b170,60902ed872c4899e05a4c7f8b2daf5a1dfe7457192e488063fa3b7ef47256dc1,data/raw/phase3/SIH/RDRS2103.dbc,Acquisition only; scientific gates evaluated separately.,RDRS2103.dbc,05-04-22  12:34PM,FTP LIST; server timezone unspecified,2026-08-31T08:49:18.752047+00:00
DATASUS,SIH,2021-04,RS,2021-04,ftp://ftp.datasus.gov.br/dissemin/publicos/SIHSUS/200801_/Dados/RDRS2104.dbc,ftp://ftp.datasus.gov.br/dissemin/publicos/SIHSUS/200801_/Dados/RDRS2104.dbc,curl,2026-08-31T08:15:53.822678+00:00,RDRS2104.dbc,4217461,0f98dbafe4e46ee2dc3592919576ddb537bf29218b0e9dfd0f40d21a31c3346e,60902ed872c4899e05a4c7f8b2daf5a1dfe7457192e488063fa3b7ef47256dc1,data/raw/phase3/SIH/RDRS2104.dbc,Acquisition only; scientific gates evaluated separately.,RDRS2104.dbc,05-04-22  12:34PM,FTP LIST; server timezone unspecified,2026-08-31T08:49:18.752050+00:00
DATASUS,SIH,2021-05,RS,2021-05,ftp://ftp.datasus.gov.br/dissemin/publicos/SIHSUS/200801_/Dados/RDRS2105.dbc,ftp://ftp.datasus.gov.br/dissemin/publicos/SIHSUS/200801_/Dados/RDRS2105.dbc,curl,2026-08-31T08:15:54.919386+00:00,RDRS2105.dbc,4442759,5bea93734d140ac43d323cb30cf09d6299189c6669f6b627ee75dd7752c27014,60902ed872c4899e05a4c7f8b2daf5a1dfe7457192e488063fa3b7ef47256dc1,data/raw/phase3/SIH/RDRS2105.dbc,Acquisition only; scientific gates evaluated separately.,RDRS2105.dbc,06-03-22  01:05PM,FTP LIST; server timezone unspecified,2026-08-31T08:49:18.752053+00:00
DATASUS,SIH,2021-06,RS,2021-06,ftp://ftp.datasus.gov.br/dissemin/publicos/SIHSUS/200801_/Dados/RDRS2106.dbc,ftp://ftp.datasus.gov.br/dissemin/publicos/SIHSUS/200801_/Dados/RDRS2106.dbc,curl,2026-08-31T08:15:55.432927+00:00,RDRS2106.dbc,4692839,9bc832fcdf6c3d2b7461e70f690de79d70907f1473520709dfbc741adc3496ae,60902ed872c4899e05a4c7f8b2daf5a1dfe7457192e488063fa3b7ef47256dc1,data/raw/phase3/SIH/RDRS2106.dbc,Acquisition only; scientific gates evaluated separately.,RDRS2106.dbc,07-06-22  01:12PM,FTP LIST; server timezone unspecified,2026-08-31T08:49:18.752057+00:00
DATASUS,SIH,2021-07,RS,2021-07,ftp://ftp.datasus.gov.br/dissemin/publicos/SIHSUS/200801_/Dados/RDRS2107.dbc,ftp://ftp.datasus.gov.br/dissemin/publicos/SIHSUS/200801_/Dados/RDRS2107.dbc,curl,2026-08-31T08:15:55.559025+00:00,RDRS2107.dbc,4703249,faef2f7757bcccea31c1a973fd80c907b27bb7251d5babbd23d8c6395a96c421,60902ed872c4899e05a4c7f8b2daf5a1dfe7457192e488063fa3b7ef47256dc1,data/raw/phase3/SIH/RDRS2107.dbc,Acquisition only; scientific gates evaluated separately.,RDRS2107.dbc,08-04-22  03:44PM,FTP LIST; server timezone unspecified,2026-08-31T08:49:18.752059+00:00
DATASUS,SIH,2021-08,RS,2021-08,ftp://ftp.datasus.gov.br/dissemin/publicos/SIHSUS/200801_/Dados/RDRS2108.dbc,ftp://ftp.datasus.gov.br/dissemin/publicos/SIHSUS/200801_/Dados/RDRS2108.dbc,curl,2026-08-31T08:15:55.901213+00:00,RDRS2108.dbc,4772143,a9d76579ea925314bd76ff94c5cff4cb15be8904ae21ba62afdcbe0ed58b975b,60902ed872c4899e05a4c7f8b2daf5a1dfe7457192e488063fa3b7ef47256dc1,data/raw/phase3/SIH/RDRS2108.dbc,Acquisition only; scientific gates evaluated separately.,RDRS2108.dbc,09-06-22  11:18AM,FTP LIST; server timezone unspecified,2026-08-31T08:49:18.752062+00:00
DATASUS,SIH,2021-09,RS,2021-09,ftp://ftp.datasus.gov.br/dissemin/publicos/SIHSUS/200801_/Dados/RDRS2109.dbc,ftp://ftp.datasus.gov.br/dissemin/publicos/SIHSUS/200801_/Dados/RDRS2109.dbc,curl,2026-08-31T08:15:56.954702+00:00,RDRS2109.dbc,4665421,73811306eb63f586b5a1647eb6331b2c5e68ded12ad75989519b56dfdb864277,60902ed872c4899e05a4c7f8b2daf5a1dfe7457192e488063fa3b7ef47256dc1,data/raw/phase3/SIH/RDRS2109.dbc,Acquisition only; scientific gates evaluated separately.,RDRS2109.dbc,10-05-22  02:28PM,FTP LIST; server timezone unspecified,2026-08-31T08:49:18.752066+00:00
DATASUS,SIH,2021-10,RS,2021-10,ftp://ftp.datasus.gov.br/dissemin/publicos/SIHSUS/200801_/Dados/RDRS2110.dbc,ftp://ftp.datasus.gov.br/dissemin/publicos/SIHSUS/200801_/Dados/RDRS2110.dbc,curl,2026-08-31T08:15:57.497930+00:00,RDRS2110.dbc,4678707,fb939e0c8ab7053674f662386226482fabe98af94730504b0bb39a4d5465b455,60902ed872c4899e05a4c7f8b2daf5a1dfe7457192e488063fa3b7ef47256dc1,data/raw/phase3/SIH/RDRS2110.dbc,Acquisition only; scientific gates evaluated separately.,RDRS2110.dbc,11-03-22  05:56PM,FTP LIST; server timezone unspecified,2026-08-31T08:49:18.752068+00:00
DATASUS,SIH,2021-11,RS,2021-11,ftp://ftp.datasus.gov.br/dissemin/publicos/SIHSUS/200801_/Dados/RDRS2111.dbc,ftp://ftp.datasus.gov.br/dissemin/publicos/SIHSUS/200801_/Dados/RDRS2111.dbc,curl,2026-08-31T08:15:57.596021+00:00,RDRS2111.dbc,4726579,e521198dda1699f2ee7751afd037781b6454d9e55abc1303f10da1cada09dc9f,60902ed872c4899e05a4c7f8b2daf5a1dfe7457192e488063fa3b7ef47256dc1,data/raw/phase3/SIH/RDRS2111.dbc,Acquisition only; scientific gates evaluated separately.,RDRS2111.dbc,12-06-22  04:24PM,FTP LIST; server timezone unspecified,2026-08-31T08:49:18.752075+00:00
DATASUS,SIH,2021-12,RS,2021-12,ftp://ftp.datasus.gov.br/dissemin/publicos/SIHSUS/200801_/Dados/RDRS2112.dbc,ftp://ftp.datasus.gov.br/dissemin/publicos/SIHSUS/200801_/Dados/RDRS2112.dbc,curl,2026-08-31T08:15:57.996520+00:00,RDRS2112.dbc,4781229,7521e9fba823c9694be2f1f067248b20cb0b760e27389bd090eef3a4972d9270,60902ed872c4899e05a4c7f8b2daf5a1dfe7457192e488063fa3b7ef47256dc1,data/raw/phase3/SIH/RDRS2112.dbc,Acquisition only; scientific gates evaluated separately.,RDRS2112.dbc,01-04-23  12:48PM,FTP LIST; server timezone unspecified,2026-08-31T08:49:18.752078+00:00
DATASUS,SIH,2020-01,SC,2020-01,ftp://ftp.datasus.gov.br/dissemin/publicos/SIHSUS/200801_/Dados/RDSC2001.dbc,ftp://ftp.datasus.gov.br/dissemin/publicos/SIHSUS/200801_/Dados/RDSC2001.dbc,curl,2026-08-31T08:15:58.627407+00:00,RDSC2001.dbc,3149271,be986b57a9e4f4f195711df640cbcfa5a0b4430341f5f449598865a7a8aeb468,60902ed872c4899e05a4c7f8b2daf5a1dfe7457192e488063fa3b7ef47256dc1,data/raw/phase3/SIH/RDSC2001.dbc,Acquisition only; scientific gates evaluated separately.,RDSC2001.dbc,04-05-21  01:26PM,FTP LIST; server timezone unspecified,2026-08-31T08:49:18.752085+00:00
DATASUS,SIH,2020-02,SC,2020-02,ftp://ftp.datasus.gov.br/dissemin/publicos/SIHSUS/200801_/Dados/RDSC2002.dbc,ftp://ftp.datasus.gov.br/dissemin/publicos/SIHSUS/200801_/Dados/RDSC2002.dbc,curl,2026-08-31T08:15:59.104600+00:00,RDSC2002.dbc,3199844,fecd302dbe4f5257dca4ef56cf325cf72770e791252ea232e729ca15da97bdba,60902ed872c4899e05a4c7f8b2daf5a1dfe7457192e488063fa3b7ef47256dc1,data/raw/phase3/SIH/RDSC2002.dbc,Acquisition only; scientific gates evaluated separately.,RDSC2002.dbc,05-07-21  04:39PM,FTP LIST; server timezone unspecified,2026-08-31T08:49:18.752089+00:00
DATASUS,SIH,2020-03,SC,2020-03,ftp://ftp.datasus.gov.br/dissemin/publicos/SIHSUS/200801_/Dados/RDSC2003.dbc,ftp://ftp.datasus.gov.br/dissemin/publicos/SIHSUS/200801_/Dados/RDSC2003.dbc,curl,2026-08-31T08:15:59.236964+00:00,RDSC2003.dbc,3034324,bd37c45642fd0eb240f1a709610ffdd4fd9caf136dfcf84bb2ba2437d8993efe,60902ed872c4899e05a4c7f8b2daf5a1dfe7457192e488063fa3b7ef47256dc1,data/raw/phase3/SIH/RDSC2003.dbc,Acquisition only; scientific gates evaluated separately.,RDSC2003.dbc,05-07-21  04:39PM,FTP LIST; server timezone unspecified,2026-08-31T08:49:18.752092+00:00
DATASUS,SIH,2020-04,SC,2020-04,ftp://ftp.datasus.gov.br/dissemin/publicos/SIHSUS/200801_/Dados/RDSC2004.dbc,ftp://ftp.datasus.gov.br/dissemin/publicos/SIHSUS/200801_/Dados/RDSC2004.dbc,curl,2026-08-31T08:15:59.434724+00:00,RDSC2004.dbc,2438626,1e9ed29515fd83e439ac75bd840887bc68a3bd63f42385ee70ab7a8d269eb613,60902ed872c4899e05a4c7f8b2daf5a1dfe7457192e488063fa3b7ef47256dc1,data/raw/phase3/SIH/RDSC2004.dbc,Acquisition only; scientific gates evaluated separately.,RDSC2004.dbc,01-10-22  02:25PM,FTP LIST; server timezone unspecified,2026-08-31T08:49:18.752095+00:00
DATASUS,SIH,2020-05,SC,2020-05,ftp://ftp.datasus.gov.br/dissemin/publicos/SIHSUS/200801_/Dados/RDSC2005.dbc,ftp://ftp.datasus.gov.br/dissemin/publicos/SIHSUS/200801_/Dados/RDSC2005.dbc,curl,2026-08-31T08:15:59.968092+00:00,RDSC2005.dbc,2418401,2d0e685d0e2f8319b81485eba9608ce3d136814b77937698d83ba73f2304e641,60902ed872c4899e05a4c7f8b2daf5a1dfe7457192e488063fa3b7ef47256dc1,data/raw/phase3/SIH/RDSC2005.dbc,Acquisition only; scientific gates evaluated separately.,RDSC2005.dbc,01-10-22  02:25PM,FTP LIST; server timezone unspecified,2026-08-31T08:49:18.752100+00:00
DATASUS,SIH,2020-06,SC,2020-06,ftp://ftp.datasus.gov.br/dissemin/publicos/SIHSUS/200801_/Dados/RDSC2006.dbc,ftp://ftp.datasus.gov.br/dissemin/publicos/SIHSUS/200801_/Dados/RDSC2006.dbc,curl,2026-08-31T08:16:00.445940+00:00,RDSC2006.dbc,2536567,81d9ba70e02c6b30be129501ac1acb735fb99fb04c578b3fd1076216f25da1e6,60902ed872c4899e05a4c7f8b2daf5a1dfe7457192e488063fa3b7ef47256dc1,data/raw/phase3/SIH/RDSC2006.dbc,Acquisition only; scientific gates evaluated separately.,RDSC2006.dbc,01-10-22  02:24PM,FTP LIST; server timezone unspecified,2026-08-31T08:49:18.752103+00:00
DATASUS,SIH,2020-07,SC,2020-07,ftp://ftp.datasus.gov.br/dissemin/publicos/SIHSUS/200801_/Dados/RDSC2007.dbc,ftp://ftp.datasus.gov.br/dissemin/publicos/SIHSUS/200801_/Dados/RDSC2007.dbc,curl,2026-08-31T08:16:00.570900+00:00,RDSC2007.dbc,2497900,1ddef996fb660cd73ce64af846242484b592418e8fcca5faeff1212f9e379992,60902ed872c4899e05a4c7f8b2daf5a1dfe7457192e488063fa3b7ef47256dc1,data/raw/phase3/SIH/RDSC2007.dbc,Acquisition only; scientific gates evaluated separately.,RDSC2007.dbc,01-10-22  02:24PM,FTP LIST; server timezone unspecified,2026-08-31T08:49:18.752106+00:00
DATASUS,SIH,2020-08,SC,2020-08,ftp://ftp.datasus.gov.br/dissemin/publicos/SIHSUS/200801_/Dados/RDSC2008.dbc,ftp://ftp.datasus.gov.br/dissemin/publicos/SIHSUS/200801_/Dados/RDSC2008.dbc,curl,2026-08-31T08:16:00.750161+00:00,RDSC2008.dbc,2507820,710d704b18eb8b3daf6256138e93834e111d3ddb77a9820a9d006d7b1d8b90c4,60902ed872c4899e05a4c7f8b2daf5a1dfe7457192e488063fa3b7ef47256dc1,data/raw/phase3/SIH/RDSC2008.dbc,Acquisition only; scientific gates evaluated separately.,RDSC2008.dbc,02-07-22  10:08AM,FTP LIST; server timezone unspecified,2026-08-31T08:49:18.752109+00:00
DATASUS,SIH,2020-09,SC,2020-09,ftp://ftp.datasus.gov.br/dissemin/publicos/SIHSUS/200801_/Dados/RDSC2009.dbc,ftp://ftp.datasus.gov.br/dissemin/publicos/SIHSUS/200801_/Dados/RDSC2009.dbc,curl,2026-08-31T08:16:01.363047+00:00,RDSC2009.dbc,2679492,eba38b3eccce3808645b9a0c5c72320594cef959a9a97f47c7bb01432eec4591,60902ed872c4899e05a4c7f8b2daf5a1dfe7457192e488063fa3b7ef47256dc1,data/raw/phase3/SIH/RDSC2009.dbc,Acquisition only; scientific gates evaluated separately.,RDSC2009.dbc,02-07-22  10:08AM,FTP LIST; server timezone unspecified,2026-08-31T08:49:18.752112+00:00
DATASUS,SIH,2020-10,SC,2020-10,ftp://ftp.datasus.gov.br/dissemin/publicos/SIHSUS/200801_/Dados/RDSC2010.dbc,ftp://ftp.datasus.gov.br/dissemin/publicos/SIHSUS/200801_/Dados/RDSC2010.dbc,curl,2026-08-31T08:16:01.842802+00:00,RDSC2010.dbc,2758510,230c5f11c6dae2f18291a1432536fbcd7db84871a55ed9fb95ba3e2f1d3cfaad,60902ed872c4899e05a4c7f8b2daf5a1dfe7457192e488063fa3b7ef47256dc1,data/raw/phase3/SIH/RDSC2010.dbc,Acquisition only; scientific gates evaluated separately.,RDSC2010.dbc,02-07-22  10:08AM,FTP LIST; server timezone unspecified,2026-08-31T08:49:18.752115+00:00
DATASUS,SIH,2020-11,SC,2020-11,ftp://ftp.datasus.gov.br/dissemin/publicos/SIHSUS/200801_/Dados/RDSC2011.dbc,ftp://ftp.datasus.gov.br/dissemin/publicos/SIHSUS/200801_/Dados/RDSC2011.dbc,curl,2026-08-31T08:16:02.002499+00:00,RDSC2011.dbc,2836381,00bf1a5e385e970f644c0d7f40795cfa1516707ca4b5cc13a86bea51f1cb4954,60902ed872c4899e05a4c7f8b2daf5a1dfe7457192e488063fa3b7ef47256dc1,data/raw/phase3/SIH/RDSC2011.dbc,Acquisition only; scientific gates evaluated separately.,RDSC2011.dbc,02-07-22  10:08AM,FTP LIST; server timezone unspecified,2026-08-31T08:49:18.752119+00:00
DATASUS,SIH,2020-12,SC,2020-12,ftp://ftp.datasus.gov.br/dissemin/publicos/SIHSUS/200801_/Dados/RDSC2012.dbc,ftp://ftp.datasus.gov.br/dissemin/publicos/SIHSUS/200801_/Dados/RDSC2012.dbc,curl,2026-08-31T08:16:02.170707+00:00,RDSC2012.dbc,2750341,4a0dc13ee74dc4ebcf6c121cd0c4408aa8ba4bace79d6e9fd8cb271df46e126f,60902ed872c4899e05a4c7f8b2daf5a1dfe7457192e488063fa3b7ef47256dc1,data/raw/phase3/SIH/RDSC2012.dbc,Acquisition only; scientific gates evaluated separately.,RDSC2012.dbc,03-07-22  01:14PM,FTP LIST; server timezone unspecified,2026-08-31T08:49:18.752121+00:00
DATASUS,SIH,2021-01,SC,2021-01,ftp://ftp.datasus.gov.br/dissemin/publicos/SIHSUS/200801_/Dados/RDSC2101.dbc,ftp://ftp.datasus.gov.br/dissemin/publicos/SIHSUS/200801_/Dados/RDSC2101.dbc,curl,2026-08-31T08:16:02.796109+00:00,RDSC2101.dbc,2850159,c8770e7d014e635f8deb616b7f54da893d0892e901f9d99a23e99511ecad3c4a,60902ed872c4899e05a4c7f8b2daf5a1dfe7457192e488063fa3b7ef47256dc1,data/raw/phase3/SIH/RDSC2101.dbc,Acquisition only; scientific gates evaluated separately.,RDSC2101.dbc,03-07-22  01:14PM,FTP LIST; server timezone unspecified,2026-08-31T08:49:18.752127+00:00
DATASUS,SIH,2021-02,SC,2021-02,ftp://ftp.datasus.gov.br/dissemin/publicos/SIHSUS/200801_/Dados/RDSC2102.dbc,ftp://ftp.datasus.gov.br/dissemin/publicos/SIHSUS/200801_/Dados/RDSC2102.dbc,curl,2026-08-31T08:16:03.285833+00:00,RDSC2102.dbc,2830228,9774c0033cae2b945951f5f32c7a3ec69025f7f4d7e6c18c00b0eb9ee328d523,60902ed872c4899e05a4c7f8b2daf5a1dfe7457192e488063fa3b7ef47256dc1,data/raw/phase3/SIH/RDSC2102.dbc,Acquisition only; scientific gates evaluated separately.,RDSC2102.dbc,04-11-22  07:24PM,FTP LIST; server timezone unspecified,2026-08-31T08:49:18.752132+00:00
DATASUS,SIH,2021-03,SC,2021-03,ftp://ftp.datasus.gov.br/dissemin/publicos/SIHSUS/200801_/Dados/RDSC2103.dbc,ftp://ftp.datasus.gov.br/dissemin/publicos/SIHSUS/200801_/Dados/RDSC2103.dbc,curl,2026-08-31T08:16:03.499356+00:00,RDSC2103.dbc,2847135,7382afa83d26a85984a687d40cf0d3534e592c3424acb601f2a96963f7afd4ec,60902ed872c4899e05a4c7f8b2daf5a1dfe7457192e488063fa3b7ef47256dc1,data/raw/phase3/SIH/RDSC2103.dbc,Acquisition only; scientific gates evaluated separately.,RDSC2103.dbc,05-04-22  12:34PM,FTP LIST; server timezone unspecified,2026-08-31T08:49:18.752135+00:00
DATASUS,SIH,2021-04,SC,2021-04,ftp://ftp.datasus.gov.br/dissemin/publicos/SIHSUS/200801_/Dados/RDSC2104.dbc,ftp://ftp.datasus.gov.br/dissemin/publicos/SIHSUS/200801_/Dados/RDSC2104.dbc,curl,2026-08-31T08:16:03.580887+00:00,RDSC2104.dbc,2774247,37c7143c394139b5ac871650cd60ef8a044a646eaaf9378d27f88730dfa7fcfc,60902ed872c4899e05a4c7f8b2daf5a1dfe7457192e488063fa3b7ef47256dc1,data/raw/phase3/SIH/RDSC2104.dbc,Acquisition only; scientific gates evaluated separately.,RDSC2104.dbc,05-04-22  12:34PM,FTP LIST; server timezone unspecified,2026-08-31T08:49:18.752138+00:00
DATASUS,SIH,2021-05,SC,2021-05,ftp://ftp.datasus.gov.br/dissemin/publicos/SIHSUS/200801_/Dados/RDSC2105.dbc,ftp://ftp.datasus.gov.br/dissemin/publicos/SIHSUS/200801_/Dados/RDSC2105.dbc,curl,2026-08-31T08:16:04.207595+00:00,RDSC2105.dbc,2844879,e5566786311c0442c3e70504e3481bedc80e1ac0ac577dce995ea486c45e0cd2,60902ed872c4899e05a4c7f8b2daf5a1dfe7457192e488063fa3b7ef47256dc1,data/raw/phase3/SIH/RDSC2105.dbc,Acquisition only; scientific gates evaluated separately.,RDSC2105.dbc,06-03-22  01:05PM,FTP LIST; server timezone unspecified,2026-08-31T08:49:18.752142+00:00
DATASUS,SIH,2021-06,SC,2021-06,ftp://ftp.datasus.gov.br/dissemin/publicos/SIHSUS/200801_/Dados/RDSC2106.dbc,ftp://ftp.datasus.gov.br/dissemin/publicos/SIHSUS/200801_/Dados/RDSC2106.dbc,curl,2026-08-31T08:16:04.754918+00:00,RDSC2106.dbc,3046208,5402c178cbe2ab92926f408f794c5c27319a58fa0286970399c3477dadd3266d,60902ed872c4899e05a4c7f8b2daf5a1dfe7457192e488063fa3b7ef47256dc1,data/raw/phase3/SIH/RDSC2106.dbc,Acquisition only; scientific gates evaluated separately.,RDSC2106.dbc,07-06-22  01:12PM,FTP LIST; server timezone unspecified,2026-08-31T08:49:18.752145+00:00
DATASUS,SIH,2021-07,SC,2021-07,ftp://ftp.datasus.gov.br/dissemin/publicos/SIHSUS/200801_/Dados/RDSC2107.dbc,ftp://ftp.datasus.gov.br/dissemin/publicos/SIHSUS/200801_/Dados/RDSC2107.dbc,curl,2026-08-31T08:16:04.974125+00:00,RDSC2107.dbc,3016530,1613f3b16f61305ad10b7c00a32f090d7518ee2d20fb12c3bbad404570ebd083,60902ed872c4899e05a4c7f8b2daf5a1dfe7457192e488063fa3b7ef47256dc1,data/raw/phase3/SIH/RDSC2107.dbc,Acquisition only; scientific gates evaluated separately.,RDSC2107.dbc,08-04-22  03:44PM,FTP LIST; server timezone unspecified,2026-08-31T08:49:18.752148+00:00
DATASUS,SIH,2021-08,SC,2021-08,ftp://ftp.datasus.gov.br/dissemin/publicos/SIHSUS/200801_/Dados/RDSC2108.dbc,ftp://ftp.datasus.gov.br/dissemin/publicos/SIHSUS/200801_/Dados/RDSC2108.dbc,curl,2026-08-31T08:16:05.113420+00:00,RDSC2108.dbc,3196763,6772169616cc2fc7797a75eb68d0338778530eb56f4ce474e04f1b5ab0ed660e,60902ed872c4899e05a4c7f8b2daf5a1dfe7457192e488063fa3b7ef47256dc1,data/raw/phase3/SIH/RDSC2108.dbc,Acquisition only; scientific gates evaluated separately.,RDSC2108.dbc,09-06-22  11:18AM,FTP LIST; server timezone unspecified,2026-08-31T08:49:18.752152+00:00
DATASUS,SIH,2021-09,SC,2021-09,ftp://ftp.datasus.gov.br/dissemin/publicos/SIHSUS/200801_/Dados/RDSC2109.dbc,ftp://ftp.datasus.gov.br/dissemin/publicos/SIHSUS/200801_/Dados/RDSC2109.dbc,curl,2026-08-31T08:16:06.140782+00:00,RDSC2109.dbc,3117544,c05cbd29c995ebb22364a6259c2d35ab5ebf29928474005ef0f1cce43e0bb2a6,60902ed872c4899e05a4c7f8b2daf5a1dfe7457192e488063fa3b7ef47256dc1,data/raw/phase3/SIH/RDSC2109.dbc,Acquisition only; scientific gates evaluated separately.,RDSC2109.dbc,10-05-22  02:28PM,FTP LIST; server timezone unspecified,2026-08-31T08:49:18.752155+00:00
DATASUS,SIH,2021-10,SC,2021-10,ftp://ftp.datasus.gov.br/dissemin/publicos/SIHSUS/200801_/Dados/RDSC2110.dbc,ftp://ftp.datasus.gov.br/dissemin/publicos/SIHSUS/200801_/Dados/RDSC2110.dbc,curl,2026-08-31T08:16:06.235310+00:00,RDSC2110.dbc,3165485,5347f29ed909632982efb94778e825eb410127d551153d81de0926363a3f2d2d,60902ed872c4899e05a4c7f8b2daf5a1dfe7457192e488063fa3b7ef47256dc1,data/raw/phase3/SIH/RDSC2110.dbc,Acquisition only; scientific gates evaluated separately.,RDSC2110.dbc,11-03-22  05:56PM,FTP LIST; server timezone unspecified,2026-08-31T08:49:18.752158+00:00
DATASUS,SIH,2021-11,SC,2021-11,ftp://ftp.datasus.gov.br/dissemin/publicos/SIHSUS/200801_/Dados/RDSC2111.dbc,ftp://ftp.datasus.gov.br/dissemin/publicos/SIHSUS/200801_/Dados/RDSC2111.dbc,curl,2026-08-31T08:16:06.475220+00:00,RDSC2111.dbc,3161641,174a620747a5c6a938de569945dbae655cadcb1f78db47018693dcf318adf588,60902ed872c4899e05a4c7f8b2daf5a1dfe7457192e488063fa3b7ef47256dc1,data/raw/phase3/SIH/RDSC2111.dbc,Acquisition only; scientific gates evaluated separately.,RDSC2111.dbc,12-06-22  04:24PM,FTP LIST; server timezone unspecified,2026-08-31T08:49:18.752161+00:00
DATASUS,SIH,2021-12,SC,2021-12,ftp://ftp.datasus.gov.br/dissemin/publicos/SIHSUS/200801_/Dados/RDSC2112.dbc,ftp://ftp.datasus.gov.br/dissemin/publicos/SIHSUS/200801_/Dados/RDSC2112.dbc,curl,2026-08-31T08:16:06.645238+00:00,RDSC2112.dbc,3197734,f7fba1ecdf4ba3cf76762d4f4b3dedf95c653e1230f3ffc50782cc1e9cf37d5f,60902ed872c4899e05a4c7f8b2daf5a1dfe7457192e488063fa3b7ef47256dc1,data/raw/phase3/SIH/RDSC2112.dbc,Acquisition only; scientific gates evaluated separately.,RDSC2112.dbc,01-04-23  12:48PM,FTP LIST; server timezone unspecified,2026-08-31T08:49:18.752164+00:00
DATASUS,SIH,2020-01,SE,2020-01,ftp://ftp.datasus.gov.br/dissemin/publicos/SIHSUS/200801_/Dados/RDSE2001.dbc,ftp://ftp.datasus.gov.br/dissemin/publicos/SIHSUS/200801_/Dados/RDSE2001.dbc,curl,2026-08-31T08:16:07.024425+00:00,RDSE2001.dbc,597586,14658f90c5103b6f26fcc158f8595f995d877d6b3a2f58a71aac77a8bcc48131,60902ed872c4899e05a4c7f8b2daf5a1dfe7457192e488063fa3b7ef47256dc1,data/raw/phase3/SIH/RDSE2001.dbc,Acquisition only; scientific gates evaluated separately.,RDSE2001.dbc,04-05-21  01:26PM,FTP LIST; server timezone unspecified,2026-08-31T08:49:18.752173+00:00
DATASUS,SIH,2020-02,SE,2020-02,ftp://ftp.datasus.gov.br/dissemin/publicos/SIHSUS/200801_/Dados/RDSE2002.dbc,ftp://ftp.datasus.gov.br/dissemin/publicos/SIHSUS/200801_/Dados/RDSE2002.dbc,curl,2026-08-31T08:16:07.134685+00:00,RDSE2002.dbc,575911,e0fb0e2ede89a5e6b00f2de6b53a60851cb95df49a7f64ef83d7a85a0e9bde04,60902ed872c4899e05a4c7f8b2daf5a1dfe7457192e488063fa3b7ef47256dc1,data/raw/phase3/SIH/RDSE2002.dbc,Acquisition only; scientific gates evaluated separately.,RDSE2002.dbc,05-07-21  04:39PM,FTP LIST; server timezone unspecified,2026-08-31T08:49:18.752176+00:00
DATASUS,SIH,2020-03,SE,2020-03,ftp://ftp.datasus.gov.br/dissemin/publicos/SIHSUS/200801_/Dados/RDSE2003.dbc,ftp://ftp.datasus.gov.br/dissemin/publicos/SIHSUS/200801_/Dados/RDSE2003.dbc,curl,2026-08-31T08:16:07.357583+00:00,RDSE2003.dbc,559419,737d0aa4d33e5db0d1cd46db1f21ffc80966ef08540c00e76152a34a5644ba46,60902ed872c4899e05a4c7f8b2daf5a1dfe7457192e488063fa3b7ef47256dc1,data/raw/phase3/SIH/RDSE2003.dbc,Acquisition only; scientific gates evaluated separately.,RDSE2003.dbc,05-07-21  04:39PM,FTP LIST; server timezone unspecified,2026-08-31T08:49:18.752179+00:00
DATASUS,SIH,2020-04,SE,2020-04,ftp://ftp.datasus.gov.br/dissemin/publicos/SIHSUS/200801_/Dados/RDSE2004.dbc,ftp://ftp.datasus.gov.br/dissemin/publicos/SIHSUS/200801_/Dados/RDSE2004.dbc,curl,2026-08-31T08:16:07.511588+00:00,RDSE2004.dbc,467747,f365d96d3cdc4a7469f432d01984e32f33c5dbfb36720686370fd4d6fa9fbae0,60902ed872c4899e05a4c7f8b2daf5a1dfe7457192e488063fa3b7ef47256dc1,data/raw/phase3/SIH/RDSE2004.dbc,Acquisition only; scientific gates evaluated separately.,RDSE2004.dbc,01-10-22  02:24PM,FTP LIST; server timezone unspecified,2026-08-31T08:49:18.752182+00:00
DATASUS,SIH,2020-05,SE,2020-05,ftp://ftp.datasus.gov.br/dissemin/publicos/SIHSUS/200801_/Dados/RDSE2005.dbc,ftp://ftp.datasus.gov.br/dissemin/publicos/SIHSUS/200801_/Dados/RDSE2005.dbc,curl,2026-08-31T08:16:07.887200+00:00,RDSE2005.dbc,445355,7e8690d6242e1dbea0a34b01be8f1c6eb688b5b35eeb67e03bd7e1ec575e92f8,60902ed872c4899e05a4c7f8b2daf5a1dfe7457192e488063fa3b7ef47256dc1,data/raw/phase3/SIH/RDSE2005.dbc,Acquisition only; scientific gates evaluated separately.,RDSE2005.dbc,01-10-22  02:24PM,FTP LIST; server timezone unspecified,2026-08-31T08:49:18.752186+00:00
DATASUS,SIH,2020-06,SE,2020-06,ftp://ftp.datasus.gov.br/dissemin/publicos/SIHSUS/200801_/Dados/RDSE2006.dbc,ftp://ftp.datasus.gov.br/dissemin/publicos/SIHSUS/200801_/Dados/RDSE2006.dbc,curl,2026-08-31T08:16:07.947047+00:00,RDSE2006.dbc,416704,a11e5a8735d6dd3e03502acd6cef3a7588fd66efad0a963b0d7a2e7c0e0c9a1d,60902ed872c4899e05a4c7f8b2daf5a1dfe7457192e488063fa3b7ef47256dc1,data/raw/phase3/SIH/RDSE2006.dbc,Acquisition only; scientific gates evaluated separately.,RDSE2006.dbc,01-10-22  02:24PM,FTP LIST; server timezone unspecified,2026-08-31T08:49:18.752189+00:00
DATASUS,SIH,2020-07,SE,2020-07,ftp://ftp.datasus.gov.br/dissemin/publicos/SIHSUS/200801_/Dados/RDSE2007.dbc,ftp://ftp.datasus.gov.br/dissemin/publicos/SIHSUS/200801_/Dados/RDSE2007.dbc,curl,2026-08-31T08:16:08.214960+00:00,RDSE2007.dbc,464343,e7ae0586829f20c32b1feba9cdcd52b47575230de927fb714d63d653955d99ba,60902ed872c4899e05a4c7f8b2daf5a1dfe7457192e488063fa3b7ef47256dc1,data/raw/phase3/SIH/RDSE2007.dbc,Acquisition only; scientific gates evaluated separately.,RDSE2007.dbc,01-10-22  02:24PM,FTP LIST; server timezone unspecified,2026-08-31T08:49:18.752192+00:00
DATASUS,SIH,2020-08,SE,2020-08,ftp://ftp.datasus.gov.br/dissemin/publicos/SIHSUS/200801_/Dados/RDSE2008.dbc,ftp://ftp.datasus.gov.br/dissemin/publicos/SIHSUS/200801_/Dados/RDSE2008.dbc,curl,2026-08-31T08:16:08.368704+00:00,RDSE2008.dbc,509860,8af7e3c5f9a1cfebc70628bd482d1bb72b3a63919d5684ee85d90fb7ae03f4a8,60902ed872c4899e05a4c7f8b2daf5a1dfe7457192e488063fa3b7ef47256dc1,data/raw/phase3/SIH/RDSE2008.dbc,Acquisition only; scientific gates evaluated separately.,RDSE2008.dbc,02-07-22  10:08AM,FTP LIST; server timezone unspecified,2026-08-31T08:49:18.752195+00:00
DATASUS,SIH,2020-09,SE,2020-09,ftp://ftp.datasus.gov.br/dissemin/publicos/SIHSUS/200801_/Dados/RDSE2009.dbc,ftp://ftp.datasus.gov.br/dissemin/publicos/SIHSUS/200801_/Dados/RDSE2009.dbc,curl,2026-08-31T08:16:08.745969+00:00,RDSE2009.dbc,483729,682c5684c7f747418504dcb9dc8d605a130172a255de096c8041dfd754819bb4,60902ed872c4899e05a4c7f8b2daf5a1dfe7457192e488063fa3b7ef47256dc1,data/raw/phase3/SIH/RDSE2009.dbc,Acquisition only; scientific gates evaluated separately.,RDSE2009.dbc,02-07-22  10:08AM,FTP LIST; server timezone unspecified,2026-08-31T08:49:18.752201+00:00
DATASUS,SIH,2020-10,SE,2020-10,ftp://ftp.datasus.gov.br/dissemin/publicos/SIHSUS/200801_/Dados/RDSE2010.dbc,ftp://ftp.datasus.gov.br/dissemin/publicos/SIHSUS/200801_/Dados/RDSE2010.dbc,curl,2026-08-31T08:16:08.835871+00:00,RDSE2010.dbc,549363,21c33a18b7eb22693c9ce89e0f706bd964d1b500f32c77e0c534e20d936e5e1a,60902ed872c4899e05a4c7f8b2daf5a1dfe7457192e488063fa3b7ef47256dc1,data/raw/phase3/SIH/RDSE2010.dbc,Acquisition only; scientific gates evaluated separately.,RDSE2010.dbc,02-07-22  10:08AM,FTP LIST; server timezone unspecified,2026-08-31T08:49:18.752204+00:00
DATASUS,SIH,2020-11,SE,2020-11,ftp://ftp.datasus.gov.br/dissemin/publicos/SIHSUS/200801_/Dados/RDSE2011.dbc,ftp://ftp.datasus.gov.br/dissemin/publicos/SIHSUS/200801_/Dados/RDSE2011.dbc,curl,2026-08-31T08:16:09.111165+00:00,RDSE2011.dbc,566140,ee54b95165305171f765024062be9ff8f2809c030608716f0c15a50d31617c8b,60902ed872c4899e05a4c7f8b2daf5a1dfe7457192e488063fa3b7ef47256dc1,data/raw/phase3/SIH/RDSE2011.dbc,Acquisition only; scientific gates evaluated separately.,RDSE2011.dbc,02-07-22  10:08AM,FTP LIST; server timezone unspecified,2026-08-31T08:49:18.752207+00:00
DATASUS,SIH,2020-12,SE,2020-12,ftp://ftp.datasus.gov.br/dissemin/publicos/SIHSUS/200801_/Dados/RDSE2012.dbc,ftp://ftp.datasus.gov.br/dissemin/publicos/SIHSUS/200801_/Dados/RDSE2012.dbc,curl,2026-08-31T08:16:09.218660+00:00,RDSE2012.dbc,508574,f761a613a75990f794b777f2c08b4bd4e585236588c13e54bbd6cf571ca95584,60902ed872c4899e05a4c7f8b2daf5a1dfe7457192e488063fa3b7ef47256dc1,data/raw/phase3/SIH/RDSE2012.dbc,Acquisition only; scientific gates evaluated separately.,RDSE2012.dbc,03-07-22  01:14PM,FTP LIST; server timezone unspecified,2026-08-31T08:49:18.752210+00:00
DATASUS,SIH,2021-01,SE,2021-01,ftp://ftp.datasus.gov.br/dissemin/publicos/SIHSUS/200801_/Dados/RDSE2101.dbc,ftp://ftp.datasus.gov.br/dissemin/publicos/SIHSUS/200801_/Dados/RDSE2101.dbc,curl,2026-08-31T08:16:09.632887+00:00,RDSE2101.dbc,541542,cee800bcf3d5918e839e12e757f05a7fe96058a8b44dbca87cfdb5d9425db159,60902ed872c4899e05a4c7f8b2daf5a1dfe7457192e488063fa3b7ef47256dc1,data/raw/phase3/SIH/RDSE2101.dbc,Acquisition only; scientific gates evaluated separately.,RDSE2101.dbc,03-07-22  01:14PM,FTP LIST; server timezone unspecified,2026-08-31T08:49:18.752214+00:00
DATASUS,SIH,2021-02,SE,2021-02,ftp://ftp.datasus.gov.br/dissemin/publicos/SIHSUS/200801_/Dados/RDSE2102.dbc,ftp://ftp.datasus.gov.br/dissemin/publicos/SIHSUS/200801_/Dados/RDSE2102.dbc,curl,2026-08-31T08:16:09.714902+00:00,RDSE2102.dbc,583809,22ec46e3ac995dff34939ac7f45fa3c6777ab498115bc2f663ef75bacc862e6b,60902ed872c4899e05a4c7f8b2daf5a1dfe7457192e488063fa3b7ef47256dc1,data/raw/phase3/SIH/RDSE2102.dbc,Acquisition only; scientific gates evaluated separately.,RDSE2102.dbc,04-11-22  07:24PM,FTP LIST; server timezone unspecified,2026-08-31T08:49:18.752217+00:00
DATASUS,SIH,2021-03,SE,2021-03,ftp://ftp.datasus.gov.br/dissemin/publicos/SIHSUS/200801_/Dados/RDSE2103.dbc,ftp://ftp.datasus.gov.br/dissemin/publicos/SIHSUS/200801_/Dados/RDSE2103.dbc,curl,2026-08-31T08:16:10.006740+00:00,RDSE2103.dbc,540745,60b6364d0c43de9db39de1f49f9031cca2af4703c8c204b12e57c6823fce7580,60902ed872c4899e05a4c7f8b2daf5a1dfe7457192e488063fa3b7ef47256dc1,data/raw/phase3/SIH/RDSE2103.dbc,Acquisition only; scientific gates evaluated separately.,RDSE2103.dbc,05-04-22  12:34PM,FTP LIST; server timezone unspecified,2026-08-31T08:49:18.752220+00:00
DATASUS,SIH,2021-04,SE,2021-04,ftp://ftp.datasus.gov.br/dissemin/publicos/SIHSUS/200801_/Dados/RDSE2104.dbc,ftp://ftp.datasus.gov.br/dissemin/publicos/SIHSUS/200801_/Dados/RDSE2104.dbc,curl,2026-08-31T08:16:10.062073+00:00,RDSE2104.dbc,520096,e88c1be2399259c1319e5edc59b76a32b73f2ae651751555963aeef43ecad7ea,60902ed872c4899e05a4c7f8b2daf5a1dfe7457192e488063fa3b7ef47256dc1,data/raw/phase3/SIH/RDSE2104.dbc,Acquisition only; scientific gates evaluated separately.,RDSE2104.dbc,05-04-22  12:34PM,FTP LIST; server timezone unspecified,2026-08-31T08:49:18.752223+00:00
DATASUS,SIH,2021-05,SE,2021-05,ftp://ftp.datasus.gov.br/dissemin/publicos/SIHSUS/200801_/Dados/RDSE2105.dbc,ftp://ftp.datasus.gov.br/dissemin/publicos/SIHSUS/200801_/Dados/RDSE2105.dbc,curl,2026-08-31T08:16:10.502696+00:00,RDSE2105.dbc,571726,37179081ca22c9a3f16a606db2ec4bc88acecc7876c9399f77f60b8027fce8eb,60902ed872c4899e05a4c7f8b2daf5a1dfe7457192e488063fa3b7ef47256dc1,data/raw/phase3/SIH/RDSE2105.dbc,Acquisition only; scientific gates evaluated separately.,RDSE2105.dbc,06-03-22  01:05PM,FTP LIST; server timezone unspecified,2026-08-31T08:49:18.752226+00:00
DATASUS,SIH,2021-06,SE,2021-06,ftp://ftp.datasus.gov.br/dissemin/publicos/SIHSUS/200801_/Dados/RDSE2106.dbc,ftp://ftp.datasus.gov.br/dissemin/publicos/SIHSUS/200801_/Dados/RDSE2106.dbc,curl,2026-08-31T08:16:10.561726+00:00,RDSE2106.dbc,563499,49678c68d57797b1fe12b1c91b1a69cd8971e1620bb807b0b3c9eb14569013b7,60902ed872c4899e05a4c7f8b2daf5a1dfe7457192e488063fa3b7ef47256dc1,data/raw/phase3/SIH/RDSE2106.dbc,Acquisition only; scientific gates evaluated separately.,RDSE2106.dbc,07-06-22  01:12PM,FTP LIST; server timezone unspecified,2026-08-31T08:49:18.752231+00:00
DATASUS,SIH,2021-07,SE,2021-07,ftp://ftp.datasus.gov.br/dissemin/publicos/SIHSUS/200801_/Dados/RDSE2107.dbc,ftp://ftp.datasus.gov.br/dissemin/publicos/SIHSUS/200801_/Dados/RDSE2107.dbc,curl,2026-08-31T08:16:10.880961+00:00,RDSE2107.dbc,570618,0204635cd4463d72551737db48c0c3810c148cf2a7430faa0edbe3758dfbdc97,60902ed872c4899e05a4c7f8b2daf5a1dfe7457192e488063fa3b7ef47256dc1,data/raw/phase3/SIH/RDSE2107.dbc,Acquisition only; scientific gates evaluated separately.,RDSE2107.dbc,08-04-22  03:44PM,FTP LIST; server timezone unspecified,2026-08-31T08:49:18.752234+00:00
DATASUS,SIH,2021-08,SE,2021-08,ftp://ftp.datasus.gov.br/dissemin/publicos/SIHSUS/200801_/Dados/RDSE2108.dbc,ftp://ftp.datasus.gov.br/dissemin/publicos/SIHSUS/200801_/Dados/RDSE2108.dbc,curl,2026-08-31T08:16:10.920989+00:00,RDSE2108.dbc,539139,ac98051d9d3c37db52ea721ae071eb72a567f9926649a0c31bcc997fed1827db,60902ed872c4899e05a4c7f8b2daf5a1dfe7457192e488063fa3b7ef47256dc1,data/raw/phase3/SIH/RDSE2108.dbc,Acquisition only; scientific gates evaluated separately.,RDSE2108.dbc,09-06-22  11:18AM,FTP LIST; server timezone unspecified,2026-08-31T08:49:18.752238+00:00
DATASUS,SIH,2021-09,SE,2021-09,ftp://ftp.datasus.gov.br/dissemin/publicos/SIHSUS/200801_/Dados/RDSE2109.dbc,ftp://ftp.datasus.gov.br/dissemin/publicos/SIHSUS/200801_/Dados/RDSE2109.dbc,curl,2026-08-31T08:16:11.359478+00:00,RDSE2109.dbc,515455,a0dc5caacc8c1668d5976fd90c2dab59a8300b239f7945b5895d1f7f88206b2a,60902ed872c4899e05a4c7f8b2daf5a1dfe7457192e488063fa3b7ef47256dc1,data/raw/phase3/SIH/RDSE2109.dbc,Acquisition only; scientific gates evaluated separately.,RDSE2109.dbc,10-05-22  02:28PM,FTP LIST; server timezone unspecified,2026-08-31T08:49:18.752241+00:00
DATASUS,SIH,2021-10,SE,2021-10,ftp://ftp.datasus.gov.br/dissemin/publicos/SIHSUS/200801_/Dados/RDSE2110.dbc,ftp://ftp.datasus.gov.br/dissemin/publicos/SIHSUS/200801_/Dados/RDSE2110.dbc,curl,2026-08-31T08:16:11.452534+00:00,RDSE2110.dbc,577057,5dbbe7aaa7e37e065d131c72a656eadf62b69aa86538cd653838df1acda7e616,60902ed872c4899e05a4c7f8b2daf5a1dfe7457192e488063fa3b7ef47256dc1,data/raw/phase3/SIH/RDSE2110.dbc,Acquisition only; scientific gates evaluated separately.,RDSE2110.dbc,11-03-22  05:56PM,FTP LIST; server timezone unspecified,2026-08-31T08:49:18.752244+00:00
DATASUS,SIH,2021-11,SE,2021-11,ftp://ftp.datasus.gov.br/dissemin/publicos/SIHSUS/200801_/Dados/RDSE2111.dbc,ftp://ftp.datasus.gov.br/dissemin/publicos/SIHSUS/200801_/Dados/RDSE2111.dbc,curl,2026-08-31T08:16:11.811571+00:00,RDSE2111.dbc,624363,c03477393895ac45ec63325e72b9b11e6b85cddc6241503034b191f8408adb8e,60902ed872c4899e05a4c7f8b2daf5a1dfe7457192e488063fa3b7ef47256dc1,data/raw/phase3/SIH/RDSE2111.dbc,Acquisition only; scientific gates evaluated separately.,RDSE2111.dbc,12-06-22  04:24PM,FTP LIST; server timezone unspecified,2026-08-31T08:49:18.752247+00:00
DATASUS,SIH,2021-12,SE,2021-12,ftp://ftp.datasus.gov.br/dissemin/publicos/SIHSUS/200801_/Dados/RDSE2112.dbc,ftp://ftp.datasus.gov.br/dissemin/publicos/SIHSUS/200801_/Dados/RDSE2112.dbc,curl,2026-08-31T08:16:11.801880+00:00,RDSE2112.dbc,605849,f2720a13926bf05dad1dc54964383a85c08a74f5d23d28bcf8c3219cf1428846,60902ed872c4899e05a4c7f8b2daf5a1dfe7457192e488063fa3b7ef47256dc1,data/raw/phase3/SIH/RDSE2112.dbc,Acquisition only; scientific gates evaluated separately.,RDSE2112.dbc,01-04-23  12:48PM,FTP LIST; server timezone unspecified,2026-08-31T08:49:18.752250+00:00
DATASUS,SIH,2020-01,SP,2020-01,ftp://ftp.datasus.gov.br/dissemin/publicos/SIHSUS/200801_/Dados/RDSP2001.dbc,ftp://ftp.datasus.gov.br/dissemin/publicos/SIHSUS/200801_/Dados/RDSP2001.dbc,curl,2026-08-31T08:16:18.818609+00:00,RDSP2001.dbc,17083017,ea611bb554aa00062c8aee2c3041d3065b2635938cdd32d6ce6636cb91436478,60902ed872c4899e05a4c7f8b2daf5a1dfe7457192e488063fa3b7ef47256dc1,data/raw/phase3/SIH/RDSP2001.dbc,Acquisition only; scientific gates evaluated separately.,RDSP2001.dbc,04-05-21  01:26PM,FTP LIST; server timezone unspecified,2026-08-31T08:49:18.752255+00:00
DATASUS,SIH,2020-02,SP,2020-02,ftp://ftp.datasus.gov.br/dissemin/publicos/SIHSUS/200801_/Dados/RDSP2002.dbc,ftp://ftp.datasus.gov.br/dissemin/publicos/SIHSUS/200801_/Dados/RDSP2002.dbc,curl,2026-08-31T08:16:16.346560+00:00,RDSP2002.dbc,15807732,78e3493a21d52b6ec5dbb9b02869667b579bcdbccf1e8f1c5d178eb229a00678,60902ed872c4899e05a4c7f8b2daf5a1dfe7457192e488063fa3b7ef47256dc1,data/raw/phase3/SIH/RDSP2002.dbc,Acquisition only; scientific gates evaluated separately.,RDSP2002.dbc,05-07-21  04:39PM,FTP LIST; server timezone unspecified,2026-08-31T08:49:18.752258+00:00
DATASUS,SIH,2020-03,SP,2020-03,ftp://ftp.datasus.gov.br/dissemin/publicos/SIHSUS/200801_/Dados/RDSP2003.dbc,ftp://ftp.datasus.gov.br/dissemin/publicos/SIHSUS/200801_/Dados/RDSP2003.dbc,curl,2026-08-31T08:16:17.236221+00:00,RDSP2003.dbc,16136638,a19bd181d39674213ee5a4238fe950ee486a9bf8df7e0bc990740aabdf68c417,60902ed872c4899e05a4c7f8b2daf5a1dfe7457192e488063fa3b7ef47256dc1,data/raw/phase3/SIH/RDSP2003.dbc,Acquisition only; scientific gates evaluated separately.,RDSP2003.dbc,05-07-21  04:39PM,FTP LIST; server timezone unspecified,2026-08-31T08:49:18.752261+00:00
DATASUS,SIH,2020-04,SP,2020-04,ftp://ftp.datasus.gov.br/dissemin/publicos/SIHSUS/200801_/Dados/RDSP2004.dbc,ftp://ftp.datasus.gov.br/dissemin/publicos/SIHSUS/200801_/Dados/RDSP2004.dbc,curl,2026-08-31T08:16:15.900418+00:00,RDSP2004.dbc,12311769,00511f50e3bcfd6e86724a50d60e9013aea190e1f3f52fa2af86371b95c47aa3,60902ed872c4899e05a4c7f8b2daf5a1dfe7457192e488063fa3b7ef47256dc1,data/raw/phase3/SIH/RDSP2004.dbc,Acquisition only; scientific gates evaluated separately.,RDSP2004.dbc,01-10-22  02:24PM,FTP LIST; server timezone unspecified,2026-08-31T08:49:18.752264+00:00
DATASUS,SIH,2020-05,SP,2020-05,ftp://ftp.datasus.gov.br/dissemin/publicos/SIHSUS/200801_/Dados/RDSP2005.dbc,ftp://ftp.datasus.gov.br/dissemin/publicos/SIHSUS/200801_/Dados/RDSP2005.dbc,curl,2026-08-31T08:16:19.807489+00:00,RDSP2005.dbc,12616169,f2c21020ea246a53039f899b13bc4465d67737d837c519b393cfa0f22b1bc94f,60902ed872c4899e05a4c7f8b2daf5a1dfe7457192e488063fa3b7ef47256dc1,data/raw/phase3/SIH/RDSP2005.dbc,Acquisition only; scientific gates evaluated separately.,RDSP2005.dbc,01-10-22  02:24PM,FTP LIST; server timezone unspecified,2026-08-31T08:49:18.752273+00:00
DATASUS,SIH,2020-06,SP,2020-06,ftp://ftp.datasus.gov.br/dissemin/publicos/SIHSUS/200801_/Dados/RDSP2006.dbc,ftp://ftp.datasus.gov.br/dissemin/publicos/SIHSUS/200801_/Dados/RDSP2006.dbc,curl,2026-08-31T08:16:20.326371+00:00,RDSP2006.dbc,13217058,ad036b4872637ef9e0613a3ac1bebcce6ef5696c9919fd50dda63da6afb9f3a8,60902ed872c4899e05a4c7f8b2daf5a1dfe7457192e488063fa3b7ef47256dc1,data/raw/phase3/SIH/RDSP2006.dbc,Acquisition only; scientific gates evaluated separately.,RDSP2006.dbc,01-10-22  02:24PM,FTP LIST; server timezone unspecified,2026-08-31T08:49:18.752276+00:00
DATASUS,SIH,2020-07,SP,2020-07,ftp://ftp.datasus.gov.br/dissemin/publicos/SIHSUS/200801_/Dados/RDSP2007.dbc,ftp://ftp.datasus.gov.br/dissemin/publicos/SIHSUS/200801_/Dados/RDSP2007.dbc,curl,2026-08-31T08:16:21.805207+00:00,RDSP2007.dbc,14415177,8adcc84f3cff9fdca5510ff02fcfaa6a1cb30e5d76139256af428e861ddd6a17,60902ed872c4899e05a4c7f8b2daf5a1dfe7457192e488063fa3b7ef47256dc1,data/raw/phase3/SIH/RDSP2007.dbc,Acquisition only; scientific gates evaluated separately.,RDSP2007.dbc,01-10-22  02:24PM,FTP LIST; server timezone unspecified,2026-08-31T08:49:18.752279+00:00
DATASUS,SIH,2020-08,SP,2020-08,ftp://ftp.datasus.gov.br/dissemin/publicos/SIHSUS/200801_/Dados/RDSP2008.dbc,ftp://ftp.datasus.gov.br/dissemin/publicos/SIHSUS/200801_/Dados/RDSP2008.dbc,curl,2026-08-31T08:16:23.215275+00:00,RDSP2008.dbc,14271920,a46690ce47cdce0f97b3eae98a524645c1e7c2cdd8d1c7cc6433fb0cfe8c4385,60902ed872c4899e05a4c7f8b2daf5a1dfe7457192e488063fa3b7ef47256dc1,data/raw/phase3/SIH/RDSP2008.dbc,Acquisition only; scientific gates evaluated separately.,RDSP2008.dbc,02-07-22  10:08AM,FTP LIST; server timezone unspecified,2026-08-31T08:49:18.752283+00:00
DATASUS,SIH,2020-09,SP,2020-09,ftp://ftp.datasus.gov.br/dissemin/publicos/SIHSUS/200801_/Dados/RDSP2009.dbc,ftp://ftp.datasus.gov.br/dissemin/publicos/SIHSUS/200801_/Dados/RDSP2009.dbc,curl,2026-08-31T08:16:24.489578+00:00,RDSP2009.dbc,14856531,6704c2ad52186cab31903bea91301d7a4bf2783f5be2dda14981af925bcec7a9,60902ed872c4899e05a4c7f8b2daf5a1dfe7457192e488063fa3b7ef47256dc1,data/raw/phase3/SIH/RDSP2009.dbc,Acquisition only; scientific gates evaluated separately.,RDSP2009.dbc,02-07-22  10:08AM,FTP LIST; server timezone unspecified,2026-08-31T08:49:18.752286+00:00
DATASUS,SIH,2020-10,SP,2020-10,ftp://ftp.datasus.gov.br/dissemin/publicos/SIHSUS/200801_/Dados/RDSP2010.dbc,ftp://ftp.datasus.gov.br/dissemin/publicos/SIHSUS/200801_/Dados/RDSP2010.dbc,curl,2026-08-31T08:16:25.035408+00:00,RDSP2010.dbc,15268036,47960b7bef955ddaceb9a678e9233ec24eba7a467fb99482ea6d12eb49c3f03b,60902ed872c4899e05a4c7f8b2daf5a1dfe7457192e488063fa3b7ef47256dc1,data/raw/phase3/SIH/RDSP2010.dbc,Acquisition only; scientific gates evaluated separately.,RDSP2010.dbc,02-07-22  10:08AM,FTP LIST; server timezone unspecified,2026-08-31T08:49:18.752290+00:00
DATASUS,SIH,2020-11,SP,2020-11,ftp://ftp.datasus.gov.br/dissemin/publicos/SIHSUS/200801_/Dados/RDSP2011.dbc,ftp://ftp.datasus.gov.br/dissemin/publicos/SIHSUS/200801_/Dados/RDSP2011.dbc,curl,2026-08-31T08:16:26.698770+00:00,RDSP2011.dbc,15181331,af54813ccc1ee57cb05a2d676f390f26f4719534bf34cdad25f84901245aa715,60902ed872c4899e05a4c7f8b2daf5a1dfe7457192e488063fa3b7ef47256dc1,data/raw/phase3/SIH/RDSP2011.dbc,Acquisition only; scientific gates evaluated separately.,RDSP2011.dbc,02-07-22  10:08AM,FTP LIST; server timezone unspecified,2026-08-31T08:49:18.752293+00:00
DATASUS,SIH,2020-12,SP,2020-12,ftp://ftp.datasus.gov.br/dissemin/publicos/SIHSUS/200801_/Dados/RDSP2012.dbc,ftp://ftp.datasus.gov.br/dissemin/publicos/SIHSUS/200801_/Dados/RDSP2012.dbc,curl,2026-08-31T08:16:27.810205+00:00,RDSP2012.dbc,14609333,beb0372a2615932adcaf15e809216cc85497ab0a4e5526fd5f175d88a704d125,60902ed872c4899e05a4c7f8b2daf5a1dfe7457192e488063fa3b7ef47256dc1,data/raw/phase3/SIH/RDSP2012.dbc,Acquisition only; scientific gates evaluated separately.,RDSP2012.dbc,03-07-22  01:14PM,FTP LIST; server timezone unspecified,2026-08-31T08:49:18.752297+00:00
DATASUS,SIH,2021-01,SP,2021-01,ftp://ftp.datasus.gov.br/dissemin/publicos/SIHSUS/200801_/Dados/RDSP2101.dbc,ftp://ftp.datasus.gov.br/dissemin/publicos/SIHSUS/200801_/Dados/RDSP2101.dbc,curl,2026-08-31T08:16:29.259888+00:00,RDSP2101.dbc,15281896,226547f04f23b9f18db84b402bcd02b66c47f37ebf366d534ad63abe5c5e7f3c,60902ed872c4899e05a4c7f8b2daf5a1dfe7457192e488063fa3b7ef47256dc1,data/raw/phase3/SIH/RDSP2101.dbc,Acquisition only; scientific gates evaluated separately.,RDSP2101.dbc,03-07-22  01:14PM,FTP LIST; server timezone unspecified,2026-08-31T08:49:18.752300+00:00
DATASUS,SIH,2021-02,SP,2021-02,ftp://ftp.datasus.gov.br/dissemin/publicos/SIHSUS/200801_/Dados/RDSP2102.dbc,ftp://ftp.datasus.gov.br/dissemin/publicos/SIHSUS/200801_/Dados/RDSP2102.dbc,curl,2026-08-31T08:16:29.771771+00:00,RDSP2102.dbc,14730967,c679e2a82871de03fc946682fc34ba5e6f25354f1237ac0248a01da006306291,60902ed872c4899e05a4c7f8b2daf5a1dfe7457192e488063fa3b7ef47256dc1,data/raw/phase3/SIH/RDSP2102.dbc,Acquisition only; scientific gates evaluated separately.,RDSP2102.dbc,04-11-22  07:24PM,FTP LIST; server timezone unspecified,2026-08-31T08:49:18.752304+00:00
DATASUS,SIH,2021-03,SP,2021-03,ftp://ftp.datasus.gov.br/dissemin/publicos/SIHSUS/200801_/Dados/RDSP2103.dbc,ftp://ftp.datasus.gov.br/dissemin/publicos/SIHSUS/200801_/Dados/RDSP2103.dbc,curl,2026-08-31T08:16:31.277966+00:00,RDSP2103.dbc,15251695,f631714d40a47ab461d9e1d219ae05e51e176d929a5c018f1083cd45de163d2b,60902ed872c4899e05a4c7f8b2daf5a1dfe7457192e488063fa3b7ef47256dc1,data/raw/phase3/SIH/RDSP2103.dbc,Acquisition only; scientific gates evaluated separately.,RDSP2103.dbc,05-04-22  12:34PM,FTP LIST; server timezone unspecified,2026-08-31T08:49:18.752307+00:00
DATASUS,SIH,2021-04,SP,2021-04,ftp://ftp.datasus.gov.br/dissemin/publicos/SIHSUS/200801_/Dados/RDSP2104.dbc,ftp://ftp.datasus.gov.br/dissemin/publicos/SIHSUS/200801_/Dados/RDSP2104.dbc,curl,2026-08-31T08:16:32.361473+00:00,RDSP2104.dbc,14650762,3d1586db27ae09be6dfe7e541774a4692998bc2dc9ebd051ddab40a4a03ffbdf,60902ed872c4899e05a4c7f8b2daf5a1dfe7457192e488063fa3b7ef47256dc1,data/raw/phase3/SIH/RDSP2104.dbc,Acquisition only; scientific gates evaluated separately.,RDSP2104.dbc,05-04-22  12:34PM,FTP LIST; server timezone unspecified,2026-08-31T08:49:18.752310+00:00
DATASUS,SIH,2021-05,SP,2021-05,ftp://ftp.datasus.gov.br/dissemin/publicos/SIHSUS/200801_/Dados/RDSP2105.dbc,ftp://ftp.datasus.gov.br/dissemin/publicos/SIHSUS/200801_/Dados/RDSP2105.dbc,curl,2026-08-31T08:16:34.096285+00:00,RDSP2105.dbc,15374265,aa7447a8686b7c24ad699b181bce7225cc5a6ae6b15530d87c68e8258330bfd4,60902ed872c4899e05a4c7f8b2daf5a1dfe7457192e488063fa3b7ef47256dc1,data/raw/phase3/SIH/RDSP2105.dbc,Acquisition only; scientific gates evaluated separately.,RDSP2105.dbc,06-03-22  01:05PM,FTP LIST; server timezone unspecified,2026-08-31T08:49:18.752315+00:00
DATASUS,SIH,2021-06,SP,2021-06,ftp://ftp.datasus.gov.br/dissemin/publicos/SIHSUS/200801_/Dados/RDSP2106.dbc,ftp://ftp.datasus.gov.br/dissemin/publicos/SIHSUS/200801_/Dados/RDSP2106.dbc,curl,2026-08-31T08:16:34.709891+00:00,RDSP2106.dbc,15398229,7e42253f6676ccc70d58ca89ce30912f0356a98deaf2ccb25d3f4b742a9d619b,60902ed872c4899e05a4c7f8b2daf5a1dfe7457192e488063fa3b7ef47256dc1,data/raw/phase3/SIH/RDSP2106.dbc,Acquisition only; scientific gates evaluated separately.,RDSP2106.dbc,07-06-22  01:12PM,FTP LIST; server timezone unspecified,2026-08-31T08:49:18.752319+00:00
DATASUS,SIH,2021-07,SP,2021-07,ftp://ftp.datasus.gov.br/dissemin/publicos/SIHSUS/200801_/Dados/RDSP2107.dbc,ftp://ftp.datasus.gov.br/dissemin/publicos/SIHSUS/200801_/Dados/RDSP2107.dbc,curl,2026-08-31T08:16:36.379818+00:00,RDSP2107.dbc,15651610,429bc327419e28e73728558adf8f83007cc14f7b69bf49a82da6c5662f24cab7,60902ed872c4899e05a4c7f8b2daf5a1dfe7457192e488063fa3b7ef47256dc1,data/raw/phase3/SIH/RDSP2107.dbc,Acquisition only; scientific gates evaluated separately.,RDSP2107.dbc,08-04-22  03:44PM,FTP LIST; server timezone unspecified,2026-08-31T08:49:18.752322+00:00
DATASUS,SIH,2021-08,SP,2021-08,ftp://ftp.datasus.gov.br/dissemin/publicos/SIHSUS/200801_/Dados/RDSP2108.dbc,ftp://ftp.datasus.gov.br/dissemin/publicos/SIHSUS/200801_/Dados/RDSP2108.dbc,curl,2026-08-31T08:16:37.381860+00:00,RDSP2108.dbc,15748366,cf6a9cf0cfeb508aa4e467f892bbdd4aad3a21ea6ce8206ba8cb04471256070e,60902ed872c4899e05a4c7f8b2daf5a1dfe7457192e488063fa3b7ef47256dc1,data/raw/phase3/SIH/RDSP2108.dbc,Acquisition only; scientific gates evaluated separately.,RDSP2108.dbc,09-06-22  11:18AM,FTP LIST; server timezone unspecified,2026-08-31T08:49:18.752325+00:00
DATASUS,SIH,2021-09,SP,2021-09,ftp://ftp.datasus.gov.br/dissemin/publicos/SIHSUS/200801_/Dados/RDSP2109.dbc,ftp://ftp.datasus.gov.br/dissemin/publicos/SIHSUS/200801_/Dados/RDSP2109.dbc,curl,2026-08-31T08:16:39.290823+00:00,RDSP2109.dbc,15398983,1bebbd6a2a72146df2c1465040a63ebe49bd8cc936322e6d29f3c38ac380d59d,60902ed872c4899e05a4c7f8b2daf5a1dfe7457192e488063fa3b7ef47256dc1,data/raw/phase3/SIH/RDSP2109.dbc,Acquisition only; scientific gates evaluated separately.,RDSP2109.dbc,10-05-22  02:28PM,FTP LIST; server timezone unspecified,2026-08-31T08:49:18.752328+00:00
DATASUS,SIH,2021-10,SP,2021-10,ftp://ftp.datasus.gov.br/dissemin/publicos/SIHSUS/200801_/Dados/RDSP2110.dbc,ftp://ftp.datasus.gov.br/dissemin/publicos/SIHSUS/200801_/Dados/RDSP2110.dbc,curl,2026-08-31T08:16:39.815563+00:00,RDSP2110.dbc,15324314,39e252c49cff03f25b1f131b2249070cfabc78ae42fe0843f9f5c453fadc23de,60902ed872c4899e05a4c7f8b2daf5a1dfe7457192e488063fa3b7ef47256dc1,data/raw/phase3/SIH/RDSP2110.dbc,Acquisition only; scientific gates evaluated separately.,RDSP2110.dbc,11-03-22  05:56PM,FTP LIST; server timezone unspecified,2026-08-31T08:49:18.752331+00:00
DATASUS,SIH,2021-11,SP,2021-11,ftp://ftp.datasus.gov.br/dissemin/publicos/SIHSUS/200801_/Dados/RDSP2111.dbc,ftp://ftp.datasus.gov.br/dissemin/publicos/SIHSUS/200801_/Dados/RDSP2111.dbc,curl,2026-08-31T08:16:41.627930+00:00,RDSP2111.dbc,15326784,acf6a9bb25509cb2de0bc494ba29bb9afb642de966cda8f1432d7ad7dda7b938,60902ed872c4899e05a4c7f8b2daf5a1dfe7457192e488063fa3b7ef47256dc1,data/raw/phase3/SIH/RDSP2111.dbc,Acquisition only; scientific gates evaluated separately.,RDSP2111.dbc,12-06-22  04:24PM,FTP LIST; server timezone unspecified,2026-08-31T08:49:18.752334+00:00
DATASUS,SIH,2021-12,SP,2021-12,ftp://ftp.datasus.gov.br/dissemin/publicos/SIHSUS/200801_/Dados/RDSP2112.dbc,ftp://ftp.datasus.gov.br/dissemin/publicos/SIHSUS/200801_/Dados/RDSP2112.dbc,curl,2026-08-31T08:16:42.760823+00:00,RDSP2112.dbc,15969903,7f96f44bd8188eb0f7c3924149830449789343487322c03872c10ad88569317d,60902ed872c4899e05a4c7f8b2daf5a1dfe7457192e488063fa3b7ef47256dc1,data/raw/phase3/SIH/RDSP2112.dbc,Acquisition only; scientific gates evaluated separately.,RDSP2112.dbc,01-04-23  12:48PM,FTP LIST; server timezone unspecified,2026-08-31T08:49:18.752337+00:00
DATASUS,SIH,2020-01,TO,2020-01,ftp://ftp.datasus.gov.br/dissemin/publicos/SIHSUS/200801_/Dados/RDTO2001.dbc,ftp://ftp.datasus.gov.br/dissemin/publicos/SIHSUS/200801_/Dados/RDTO2001.dbc,curl,2026-08-31T08:16:40.217980+00:00,RDTO2001.dbc,602792,f3d7740ef2472e1b5dc8516ec4432e0a192309aca265cbddcf82d0a75f6e9a41,60902ed872c4899e05a4c7f8b2daf5a1dfe7457192e488063fa3b7ef47256dc1,data/raw/phase3/SIH/RDTO2001.dbc,Acquisition only; scientific gates evaluated separately.,RDTO2001.dbc,04-05-21  01:26PM,FTP LIST; server timezone unspecified,2026-08-31T08:49:18.752343+00:00
DATASUS,SIH,2020-02,TO,2020-02,ftp://ftp.datasus.gov.br/dissemin/publicos/SIHSUS/200801_/Dados/RDTO2002.dbc,ftp://ftp.datasus.gov.br/dissemin/publicos/SIHSUS/200801_/Dados/RDTO2002.dbc,curl,2026-08-31T08:16:40.788306+00:00,RDTO2002.dbc,533161,f9d8b6ccde3ffc6aa8a469bb71db6351f184c8d5694ae8532c8dbdc0f01a2b5c,60902ed872c4899e05a4c7f8b2daf5a1dfe7457192e488063fa3b7ef47256dc1,data/raw/phase3/SIH/RDTO2002.dbc,Acquisition only; scientific gates evaluated separately.,RDTO2002.dbc,05-07-21  04:39PM,FTP LIST; server timezone unspecified,2026-08-31T08:49:18.752346+00:00
DATASUS,SIH,2020-03,TO,2020-03,ftp://ftp.datasus.gov.br/dissemin/publicos/SIHSUS/200801_/Dados/RDTO2003.dbc,ftp://ftp.datasus.gov.br/dissemin/publicos/SIHSUS/200801_/Dados/RDTO2003.dbc,curl,2026-08-31T08:16:41.216524+00:00,RDTO2003.dbc,540535,ca91ec803a01d16455209c89bd8f5ee5c473cae6083a2a63d4b20762717ebed9,60902ed872c4899e05a4c7f8b2daf5a1dfe7457192e488063fa3b7ef47256dc1,data/raw/phase3/SIH/RDTO2003.dbc,Acquisition only; scientific gates evaluated separately.,RDTO2003.dbc,05-07-21  04:39PM,FTP LIST; server timezone unspecified,2026-08-31T08:49:18.752349+00:00
DATASUS,SIH,2020-04,TO,2020-04,ftp://ftp.datasus.gov.br/dissemin/publicos/SIHSUS/200801_/Dados/RDTO2004.dbc,ftp://ftp.datasus.gov.br/dissemin/publicos/SIHSUS/200801_/Dados/RDTO2004.dbc,curl,2026-08-31T08:16:41.680782+00:00,RDTO2004.dbc,478957,0339aa2ab9abf64ffab0ffcef050863499fbffe52cc677c0c3429f5e0f7a46fd,60902ed872c4899e05a4c7f8b2daf5a1dfe7457192e488063fa3b7ef47256dc1,data/raw/phase3/SIH/RDTO2004.dbc,Acquisition only; scientific gates evaluated separately.,RDTO2004.dbc,01-10-22  02:24PM,FTP LIST; server timezone unspecified,2026-08-31T08:49:18.752352+00:00
DATASUS,SIH,2020-05,TO,2020-05,ftp://ftp.datasus.gov.br/dissemin/publicos/SIHSUS/200801_/Dados/RDTO2005.dbc,ftp://ftp.datasus.gov.br/dissemin/publicos/SIHSUS/200801_/Dados/RDTO2005.dbc,curl,2026-08-31T08:16:42.117232+00:00,RDTO2005.dbc,474852,4f1d6050b4b788ac74f4d77eaf18a0b1ffd718c029cbdf90b8a89f95894d244c,60902ed872c4899e05a4c7f8b2daf5a1dfe7457192e488063fa3b7ef47256dc1,data/raw/phase3/SIH/RDTO2005.dbc,Acquisition only; scientific gates evaluated separately.,RDTO2005.dbc,01-10-22  02:24PM,FTP LIST; server timezone unspecified,2026-08-31T08:49:18.752355+00:00
DATASUS,SIH,2020-06,TO,2020-06,ftp://ftp.datasus.gov.br/dissemin/publicos/SIHSUS/200801_/Dados/RDTO2006.dbc,ftp://ftp.datasus.gov.br/dissemin/publicos/SIHSUS/200801_/Dados/RDTO2006.dbc,curl,2026-08-31T08:16:42.553116+00:00,RDTO2006.dbc,456607,8aae6d7fbfcddac73330c04e03b5c6229d5932710bbdbbf8215afc3bc018bdbf,60902ed872c4899e05a4c7f8b2daf5a1dfe7457192e488063fa3b7ef47256dc1,data/raw/phase3/SIH/RDTO2006.dbc,Acquisition only; scientific gates evaluated separately.,RDTO2006.dbc,01-10-22  02:24PM,FTP LIST; server timezone unspecified,2026-08-31T08:49:18.752360+00:00
DATASUS,SIH,2020-07,TO,2020-07,ftp://ftp.datasus.gov.br/dissemin/publicos/SIHSUS/200801_/Dados/RDTO2007.dbc,ftp://ftp.datasus.gov.br/dissemin/publicos/SIHSUS/200801_/Dados/RDTO2007.dbc,curl,2026-08-31T08:16:42.553081+00:00,RDTO2007.dbc,503792,49f151e64ea16e1ad303bfe1ef8e419a4ced64ed125b110d99ed1b54201a3778,60902ed872c4899e05a4c7f8b2daf5a1dfe7457192e488063fa3b7ef47256dc1,data/raw/phase3/SIH/RDTO2007.dbc,Acquisition only; scientific gates evaluated separately.,RDTO2007.dbc,01-10-22  02:24PM,FTP LIST; server timezone unspecified,2026-08-31T08:49:18.752363+00:00
DATASUS,SIH,2020-08,TO,2020-08,ftp://ftp.datasus.gov.br/dissemin/publicos/SIHSUS/200801_/Dados/RDTO2008.dbc,ftp://ftp.datasus.gov.br/dissemin/publicos/SIHSUS/200801_/Dados/RDTO2008.dbc,curl,2026-08-31T08:16:43.095131+00:00,RDTO2008.dbc,460753,a0dff48a8ad8b6de65ffcf6065938c1d938b874391275f72576addd1f514a092,60902ed872c4899e05a4c7f8b2daf5a1dfe7457192e488063fa3b7ef47256dc1,data/raw/phase3/SIH/RDTO2008.dbc,Acquisition only; scientific gates evaluated separately.,RDTO2008.dbc,02-07-22  10:08AM,FTP LIST; server timezone unspecified,2026-08-31T08:49:18.752366+00:00
DATASUS,SIH,2020-09,TO,2020-09,ftp://ftp.datasus.gov.br/dissemin/publicos/SIHSUS/200801_/Dados/RDTO2009.dbc,ftp://ftp.datasus.gov.br/dissemin/publicos/SIHSUS/200801_/Dados/RDTO2009.dbc,curl,2026-08-31T08:16:43.415691+00:00,RDTO2009.dbc,448291,6ba661870c47cfb876e171accba5ad7ab748c789f1785b095ef2e07e58e9ac64,60902ed872c4899e05a4c7f8b2daf5a1dfe7457192e488063fa3b7ef47256dc1,data/raw/phase3/SIH/RDTO2009.dbc,Acquisition only; scientific gates evaluated separately.,RDTO2009.dbc,02-07-22  10:08AM,FTP LIST; server timezone unspecified,2026-08-31T08:49:18.752369+00:00
DATASUS,SIH,2020-10,TO,2020-10,ftp://ftp.datasus.gov.br/dissemin/publicos/SIHSUS/200801_/Dados/RDTO2010.dbc,ftp://ftp.datasus.gov.br/dissemin/publicos/SIHSUS/200801_/Dados/RDTO2010.dbc,curl,2026-08-31T08:16:43.416947+00:00,RDTO2010.dbc,457934,bce0f9eec008b8efe500f7a817ff2d66bdbf1d3dcea8dff768e6966afd136c65,60902ed872c4899e05a4c7f8b2daf5a1dfe7457192e488063fa3b7ef47256dc1,data/raw/phase3/SIH/RDTO2010.dbc,Acquisition only; scientific gates evaluated separately.,RDTO2010.dbc,02-07-22  10:08AM,FTP LIST; server timezone unspecified,2026-08-31T08:49:18.752372+00:00
DATASUS,SIH,2020-11,TO,2020-11,ftp://ftp.datasus.gov.br/dissemin/publicos/SIHSUS/200801_/Dados/RDTO2011.dbc,ftp://ftp.datasus.gov.br/dissemin/publicos/SIHSUS/200801_/Dados/RDTO2011.dbc,curl,2026-08-31T08:16:43.626633+00:00,RDTO2011.dbc,460857,fc91e64f1ebbdd029067d69a39cca1ce1e4d8e085681e04d02b76e66acd8d439,60902ed872c4899e05a4c7f8b2daf5a1dfe7457192e488063fa3b7ef47256dc1,data/raw/phase3/SIH/RDTO2011.dbc,Acquisition only; scientific gates evaluated separately.,RDTO2011.dbc,02-07-22  10:08AM,FTP LIST; server timezone unspecified,2026-08-31T08:49:18.752375+00:00
DATASUS,SIH,2020-12,TO,2020-12,ftp://ftp.datasus.gov.br/dissemin/publicos/SIHSUS/200801_/Dados/RDTO2012.dbc,ftp://ftp.datasus.gov.br/dissemin/publicos/SIHSUS/200801_/Dados/RDTO2012.dbc,curl,2026-08-31T08:16:43.939934+00:00,RDTO2012.dbc,417490,081213542f48ff278e93582a5d5484acdd4c9dd6fce7fa0cb3d7715512338af7,60902ed872c4899e05a4c7f8b2daf5a1dfe7457192e488063fa3b7ef47256dc1,data/raw/phase3/SIH/RDTO2012.dbc,Acquisition only; scientific gates evaluated separately.,RDTO2012.dbc,03-07-22  01:14PM,FTP LIST; server timezone unspecified,2026-08-31T08:49:18.752380+00:00
DATASUS,SIH,2021-01,TO,2021-01,ftp://ftp.datasus.gov.br/dissemin/publicos/SIHSUS/200801_/Dados/RDTO2101.dbc,ftp://ftp.datasus.gov.br/dissemin/publicos/SIHSUS/200801_/Dados/RDTO2101.dbc,curl,2026-08-31T08:16:44.338997+00:00,RDTO2101.dbc,476167,8560932d143d717f967ba52219153d816c2386a5c1b30be92d79e0fa6375186d,60902ed872c4899e05a4c7f8b2daf5a1dfe7457192e488063fa3b7ef47256dc1,data/raw/phase3/SIH/RDTO2101.dbc,Acquisition only; scientific gates evaluated separately.,RDTO2101.dbc,03-07-22  01:14PM,FTP LIST; server timezone unspecified,2026-08-31T08:49:18.752383+00:00
DATASUS,SIH,2021-02,TO,2021-02,ftp://ftp.datasus.gov.br/dissemin/publicos/SIHSUS/200801_/Dados/RDTO2102.dbc,ftp://ftp.datasus.gov.br/dissemin/publicos/SIHSUS/200801_/Dados/RDTO2102.dbc,curl,2026-08-31T08:16:44.313646+00:00,RDTO2102.dbc,487617,d6d7d69bbb4c5bc0a1bc7191845c2214aa83a6199850ec2241bae5b712b187d2,60902ed872c4899e05a4c7f8b2daf5a1dfe7457192e488063fa3b7ef47256dc1,data/raw/phase3/SIH/RDTO2102.dbc,Acquisition only; scientific gates evaluated separately.,RDTO2102.dbc,04-11-22  07:23PM,FTP LIST; server timezone unspecified,2026-08-31T08:49:18.752386+00:00
DATASUS,SIH,2021-03,TO,2021-03,ftp://ftp.datasus.gov.br/dissemin/publicos/SIHSUS/200801_/Dados/RDTO2103.dbc,ftp://ftp.datasus.gov.br/dissemin/publicos/SIHSUS/200801_/Dados/RDTO2103.dbc,curl,2026-08-31T08:16:44.509247+00:00,RDTO2103.dbc,519867,e1136583d9c01da7e54e92f3d849a92644611dee5c3635f60107b56390d7a1c3,60902ed872c4899e05a4c7f8b2daf5a1dfe7457192e488063fa3b7ef47256dc1,data/raw/phase3/SIH/RDTO2103.dbc,Acquisition only; scientific gates evaluated separately.,RDTO2103.dbc,05-04-22  12:34PM,FTP LIST; server timezone unspecified,2026-08-31T08:49:18.752389+00:00
DATASUS,SIH,2021-04,TO,2021-04,ftp://ftp.datasus.gov.br/dissemin/publicos/SIHSUS/200801_/Dados/RDTO2104.dbc,ftp://ftp.datasus.gov.br/dissemin/publicos/SIHSUS/200801_/Dados/RDTO2104.dbc,curl,2026-08-31T08:16:44.837277+00:00,RDTO2104.dbc,491255,8a8b416f7c54305be0106cbd7c881e627d870182122915d5f5aeba060d1d6888,60902ed872c4899e05a4c7f8b2daf5a1dfe7457192e488063fa3b7ef47256dc1,data/raw/phase3/SIH/RDTO2104.dbc,Acquisition only; scientific gates evaluated separately.,RDTO2104.dbc,05-04-22  12:34PM,FTP LIST; server timezone unspecified,2026-08-31T08:49:18.752392+00:00
DATASUS,SIH,2021-05,TO,2021-05,ftp://ftp.datasus.gov.br/dissemin/publicos/SIHSUS/200801_/Dados/RDTO2105.dbc,ftp://ftp.datasus.gov.br/dissemin/publicos/SIHSUS/200801_/Dados/RDTO2105.dbc,curl,2026-08-31T08:16:45.191191+00:00,RDTO2105.dbc,491667,b64a14934eec3dc8794e6e2f1b954819c147c63be32a9c888a53904f1b6f3e53,60902ed872c4899e05a4c7f8b2daf5a1dfe7457192e488063fa3b7ef47256dc1,data/raw/phase3/SIH/RDTO2105.dbc,Acquisition only; scientific gates evaluated separately.,RDTO2105.dbc,06-03-22  01:05PM,FTP LIST; server timezone unspecified,2026-08-31T08:49:18.752395+00:00
DATASUS,SIH,2021-06,TO,2021-06,ftp://ftp.datasus.gov.br/dissemin/publicos/SIHSUS/200801_/Dados/RDTO2106.dbc,ftp://ftp.datasus.gov.br/dissemin/publicos/SIHSUS/200801_/Dados/RDTO2106.dbc,curl,2026-08-31T08:16:45.236128+00:00,RDTO2106.dbc,528104,81b65803438c75a5a64cac392c3b2984e54ee6a3c2b22d92b27acbdbca8e4625,60902ed872c4899e05a4c7f8b2daf5a1dfe7457192e488063fa3b7ef47256dc1,data/raw/phase3/SIH/RDTO2106.dbc,Acquisition only; scientific gates evaluated separately.,RDTO2106.dbc,07-06-22  01:12PM,FTP LIST; server timezone unspecified,2026-08-31T08:49:18.752399+00:00
DATASUS,SIH,2021-07,TO,2021-07,ftp://ftp.datasus.gov.br/dissemin/publicos/SIHSUS/200801_/Dados/RDTO2107.dbc,ftp://ftp.datasus.gov.br/dissemin/publicos/SIHSUS/200801_/Dados/RDTO2107.dbc,curl,2026-08-31T08:16:45.421942+00:00,RDTO2107.dbc,506195,4605fc82c7f7feaaeacdff0796d04456f6f0af76b038b0d9e46d967a8f4f849b,60902ed872c4899e05a4c7f8b2daf5a1dfe7457192e488063fa3b7ef47256dc1,data/raw/phase3/SIH/RDTO2107.dbc,Acquisition only; scientific gates evaluated separately.,RDTO2107.dbc,08-04-22  03:44PM,FTP LIST; server timezone unspecified,2026-08-31T08:49:18.752402+00:00
DATASUS,SIH,2021-08,TO,2021-08,ftp://ftp.datasus.gov.br/dissemin/publicos/SIHSUS/200801_/Dados/RDTO2108.dbc,ftp://ftp.datasus.gov.br/dissemin/publicos/SIHSUS/200801_/Dados/RDTO2108.dbc,curl,2026-08-31T08:16:45.755211+00:00,RDTO2108.dbc,514606,74958f8cb35b62d5482a56b3967aeec61b04a419262d768a5e865ea78a522d9c,60902ed872c4899e05a4c7f8b2daf5a1dfe7457192e488063fa3b7ef47256dc1,data/raw/phase3/SIH/RDTO2108.dbc,Acquisition only; scientific gates evaluated separately.,RDTO2108.dbc,09-06-22  11:18AM,FTP LIST; server timezone unspecified,2026-08-31T08:49:18.752405+00:00
DATASUS,SIH,2021-09,TO,2021-09,ftp://ftp.datasus.gov.br/dissemin/publicos/SIHSUS/200801_/Dados/RDTO2109.dbc,ftp://ftp.datasus.gov.br/dissemin/publicos/SIHSUS/200801_/Dados/RDTO2109.dbc,curl,2026-08-31T08:16:46.093997+00:00,RDTO2109.dbc,507484,f860b7ff59bf7e8ee51476c2e0740fc31243f1cdfbfaeaeb0f49cd7b9a8e6424,60902ed872c4899e05a4c7f8b2daf5a1dfe7457192e488063fa3b7ef47256dc1,data/raw/phase3/SIH/RDTO2109.dbc,Acquisition only; scientific gates evaluated separately.,RDTO2109.dbc,10-05-22  02:28PM,FTP LIST; server timezone unspecified,2026-08-31T08:49:18.752410+00:00
DATASUS,SIH,2021-10,TO,2021-10,ftp://ftp.datasus.gov.br/dissemin/publicos/SIHSUS/200801_/Dados/RDTO2110.dbc,ftp://ftp.datasus.gov.br/dissemin/publicos/SIHSUS/200801_/Dados/RDTO2110.dbc,curl,2026-08-31T08:16:46.169079+00:00,RDTO2110.dbc,534202,7bf1ca697c6cfbd44c80fa0dc783c45397651deecfa949874e49783a2d21f937,60902ed872c4899e05a4c7f8b2daf5a1dfe7457192e488063fa3b7ef47256dc1,data/raw/phase3/SIH/RDTO2110.dbc,Acquisition only; scientific gates evaluated separately.,RDTO2110.dbc,11-03-22  05:56PM,FTP LIST; server timezone unspecified,2026-08-31T08:49:18.752413+00:00
DATASUS,SIH,2021-11,TO,2021-11,ftp://ftp.datasus.gov.br/dissemin/publicos/SIHSUS/200801_/Dados/RDTO2111.dbc,ftp://ftp.datasus.gov.br/dissemin/publicos/SIHSUS/200801_/Dados/RDTO2111.dbc,curl,2026-08-31T08:16:46.355020+00:00,RDTO2111.dbc,506206,0ef648c18ba536919f88e98127f55130626931c40ae622a8835736a49dc4a7a3,60902ed872c4899e05a4c7f8b2daf5a1dfe7457192e488063fa3b7ef47256dc1,data/raw/phase3/SIH/RDTO2111.dbc,Acquisition only; scientific gates evaluated separately.,RDTO2111.dbc,12-06-22  04:24PM,FTP LIST; server timezone unspecified,2026-08-31T08:49:18.752418+00:00
DATASUS,SIH,2021-12,TO,2021-12,ftp://ftp.datasus.gov.br/dissemin/publicos/SIHSUS/200801_/Dados/RDTO2112.dbc,ftp://ftp.datasus.gov.br/dissemin/publicos/SIHSUS/200801_/Dados/RDTO2112.dbc,curl,2026-08-31T08:16:46.662316+00:00,RDTO2112.dbc,510499,245a1d5992eb7d107603d7268d911070a48249cabc355a6b27198adc6607626e,60902ed872c4899e05a4c7f8b2daf5a1dfe7457192e488063fa3b7ef47256dc1,data/raw/phase3/SIH/RDTO2112.dbc,Acquisition only; scientific gates evaluated separately.,RDTO2112.dbc,01-04-23  12:48PM,FTP LIST; server timezone unspecified,2026-08-31T08:49:18.752421+00:00
DATASUS,SIH_documentation,,,,ftp://ftp.datasus.gov.br/dissemin/publicos/SIHSUS/200801_/Doc/IT_SIHSUS_1603.pdf,ftp://ftp.datasus.gov.br/dissemin/publicos/SIHSUS/200801_/Doc/IT_SIHSUS_1603.pdf,curl,2026-08-31T08:14:32.697757+00:00,IT_SIHSUS_1603.pdf,57465,1e89d5f2cc41420385d7e30ba5541a387912ab3a0efb167d39def74502076220,,data/raw/phase3/SIH_documentation/IT_SIHSUS_1603.pdf,Acquisition only; scientific gates evaluated separately.,IT_SIHSUS_1603.pdf,05-11-16  12:19PM,FTP LIST; server timezone unspecified,2026-08-31T08:49:18.752429+00:00
DATASUS,SIM,2020,AC,,ftp://ftp.datasus.gov.br/dissemin/publicos/SIM/CID10/DORES/DOAC2020.dbc,ftp://ftp.datasus.gov.br/dissemin/publicos/SIM/CID10/DORES/DOAC2020.dbc,curl,2026-08-31T08:12:20.872779+00:00,DOAC2020.dbc,367736,bd453d87a2619f09042cf470da9799804a387d0734d988e49042fa52426d6114,4eb1bec127222955f2ee5aa2546763edba686151259d413b312f055b46edc8ba,data/raw/phase3/SIM/DOAC2020.dbc,Acquisition only; scientific gates evaluated separately.,DOAC2020.dbc,03-31-22  04:19PM,FTP LIST; server timezone unspecified,2026-08-31T08:49:18.752436+00:00
DATASUS,SIM,2021,AC,,ftp://ftp.datasus.gov.br/dissemin/publicos/SIM/CID10/DORES/DOAC2021.dbc,ftp://ftp.datasus.gov.br/dissemin/publicos/SIM/CID10/DORES/DOAC2021.dbc,curl,2026-08-31T08:12:20.888097+00:00,DOAC2021.dbc,401605,fccc5b937a9ae6d2bcf6c1137f8961aabdb89907eeef9ac258e322f5d8285426,4eb1bec127222955f2ee5aa2546763edba686151259d413b312f055b46edc8ba,data/raw/phase3/SIM/DOAC2021.dbc,Acquisition only; scientific gates evaluated separately.,DOAC2021.dbc,04-28-23  11:56AM,FTP LIST; server timezone unspecified,2026-08-31T08:49:18.752440+00:00
DATASUS,SIM,2020,AL,,ftp://ftp.datasus.gov.br/dissemin/publicos/SIM/CID10/DORES/DOAL2020.dbc,ftp://ftp.datasus.gov.br/dissemin/publicos/SIM/CID10/DORES/DOAL2020.dbc,curl,2026-08-31T08:12:21.250445+00:00,DOAL2020.dbc,1938203,4e3e7b71e23c8a9b65017d6f652489451769f0458905528de1a0f557780a503d,4eb1bec127222955f2ee5aa2546763edba686151259d413b312f055b46edc8ba,data/raw/phase3/SIM/DOAL2020.dbc,Acquisition only; scientific gates evaluated separately.,DOAL2020.dbc,03-31-22  04:19PM,FTP LIST; server timezone unspecified,2026-08-31T08:49:18.752443+00:00
DATASUS,SIM,2021,AL,,ftp://ftp.datasus.gov.br/dissemin/publicos/SIM/CID10/DORES/DOAL2021.dbc,ftp://ftp.datasus.gov.br/dissemin/publicos/SIM/CID10/DORES/DOAL2021.dbc,curl,2026-08-31T08:12:21.275574+00:00,DOAL2021.dbc,1986865,4851db0500fa5653ba099c8e00892552d093881ba29d672f120bc6434157c2da,4eb1bec127222955f2ee5aa2546763edba686151259d413b312f055b46edc8ba,data/raw/phase3/SIM/DOAL2021.dbc,Acquisition only; scientific gates evaluated separately.,DOAL2021.dbc,04-28-23  11:56AM,FTP LIST; server timezone unspecified,2026-08-31T08:49:18.752446+00:00
DATASUS,SIM,2020,AM,,ftp://ftp.datasus.gov.br/dissemin/publicos/SIM/CID10/DORES/DOAM2020.dbc,ftp://ftp.datasus.gov.br/dissemin/publicos/SIM/CID10/DORES/DOAM2020.dbc,curl,2026-08-31T08:12:22.136655+00:00,DOAM2020.dbc,1994178,e217f3177f7d14f9df27fa30a53a71075b4ff8e9187a199146700e5ec51610f4,4eb1bec127222955f2ee5aa2546763edba686151259d413b312f055b46edc8ba,data/raw/phase3/SIM/DOAM2020.dbc,Acquisition only; scientific gates evaluated separately.,DOAM2020.dbc,03-31-22  04:19PM,FTP LIST; server timezone unspecified,2026-08-31T08:49:18.752449+00:00
DATASUS,SIM,2021,AM,,ftp://ftp.datasus.gov.br/dissemin/publicos/SIM/CID10/DORES/DOAM2021.dbc,ftp://ftp.datasus.gov.br/dissemin/publicos/SIM/CID10/DORES/DOAM2021.dbc,curl,2026-08-31T08:12:22.206252+00:00,DOAM2021.dbc,2264253,10208b3a40cbce2dd0e3e3fe83d16a07de4d0021be08155cdf79fbf5fad9ebe2,4eb1bec127222955f2ee5aa2546763edba686151259d413b312f055b46edc8ba,data/raw/phase3/SIM/DOAM2021.dbc,Acquisition only; scientific gates evaluated separately.,DOAM2021.dbc,04-28-23  11:56AM,FTP LIST; server timezone unspecified,2026-08-31T08:49:18.752452+00:00
DATASUS,SIM,2020,AP,,ftp://ftp.datasus.gov.br/dissemin/publicos/SIM/CID10/DORES/DOAP2020.dbc,ftp://ftp.datasus.gov.br/dissemin/publicos/SIM/CID10/DORES/DOAP2020.dbc,curl,2026-08-31T08:12:22.105596+00:00,DOAP2020.dbc,378001,a17f6cd17bdcf4597e3f1933dc0e55e6a767011678c7729f7d2009f33a37cf1e,4eb1bec127222955f2ee5aa2546763edba686151259d413b312f055b46edc8ba,data/raw/phase3/SIM/DOAP2020.dbc,Acquisition only; scientific gates evaluated separately.,DOAP2020.dbc,03-31-22  04:19PM,FTP LIST; server timezone unspecified,2026-08-31T08:49:18.752457+00:00
DATASUS,SIM,2021,AP,,ftp://ftp.datasus.gov.br/dissemin/publicos/SIM/CID10/DORES/DOAP2021.dbc,ftp://ftp.datasus.gov.br/dissemin/publicos/SIM/CID10/DORES/DOAP2021.dbc,curl,2026-08-31T08:12:22.143059+00:00,DOAP2021.dbc,383429,018f6a28ac98a1ef3e50da360a6ecfa60561c89010f49c32161a5ff461204757,4eb1bec127222955f2ee5aa2546763edba686151259d413b312f055b46edc8ba,data/raw/phase3/SIM/DOAP2021.dbc,Acquisition only; scientific gates evaluated separately.,DOAP2021.dbc,04-28-23  11:56AM,FTP LIST; server timezone unspecified,2026-08-31T08:49:18.752460+00:00
DATASUS,SIM,2020,BA,,ftp://ftp.datasus.gov.br/dissemin/publicos/SIM/CID10/DORES/DOBA2020.dbc,ftp://ftp.datasus.gov.br/dissemin/publicos/SIM/CID10/DORES/DOBA2020.dbc,curl,2026-08-31T08:12:25.131578+00:00,DOBA2020.dbc,8852104,4279c66dbe23e8d4407844b02b91e689b0da4bd68dcf0af299d8eff68718e85c,4eb1bec127222955f2ee5aa2546763edba686151259d413b312f055b46edc8ba,data/raw/phase3/SIM/DOBA2020.dbc,Acquisition only; scientific gates evaluated separately.,DOBA2020.dbc,03-31-22  04:19PM,FTP LIST; server timezone unspecified,2026-08-31T08:49:18.752464+00:00
DATASUS,SIM,2021,BA,,ftp://ftp.datasus.gov.br/dissemin/publicos/SIM/CID10/DORES/DOBA2021.dbc,ftp://ftp.datasus.gov.br/dissemin/publicos/SIM/CID10/DORES/DOBA2021.dbc,curl,2026-08-31T08:12:25.188969+00:00,DOBA2021.dbc,9099551,fcd659ab78a7dbb1387abeb3ed6269e76142505f189219d9f9a9e49c3b1ca253,4eb1bec127222955f2ee5aa2546763edba686151259d413b312f055b46edc8ba,data/raw/phase3/SIM/DOBA2021.dbc,Acquisition only; scientific gates evaluated separately.,DOBA2021.dbc,04-28-23  11:56AM,FTP LIST; server timezone unspecified,2026-08-31T08:49:18.752467+00:00
DATASUS,SIM,2020,CE,,ftp://ftp.datasus.gov.br/dissemin/publicos/SIM/CID10/DORES/DOCE2020.dbc,ftp://ftp.datasus.gov.br/dissemin/publicos/SIM/CID10/DORES/DOCE2020.dbc,curl,2026-08-31T08:12:24.264755+00:00,DOCE2020.dbc,5666305,3e7710e06b222c5aff66471272e938a99043b72bd4bf438544f8383670e1b96d,4eb1bec127222955f2ee5aa2546763edba686151259d413b312f055b46edc8ba,data/raw/phase3/SIM/DOCE2020.dbc,Acquisition only; scientific gates evaluated separately.,DOCE2020.dbc,03-31-22  04:19PM,FTP LIST; server timezone unspecified,2026-08-31T08:49:18.752472+00:00
DATASUS,SIM,2021,CE,,ftp://ftp.datasus.gov.br/dissemin/publicos/SIM/CID10/DORES/DOCE2021.dbc,ftp://ftp.datasus.gov.br/dissemin/publicos/SIM/CID10/DORES/DOCE2021.dbc,curl,2026-08-31T08:12:24.373620+00:00,DOCE2021.dbc,5828296,38679c784d04d524cd633202a18bd4e3463d72fba939fc3ea3cd55a1618c5979,4eb1bec127222955f2ee5aa2546763edba686151259d413b312f055b46edc8ba,data/raw/phase3/SIM/DOCE2021.dbc,Acquisition only; scientific gates evaluated separately.,DOCE2021.dbc,04-28-23  12:00PM,FTP LIST; server timezone unspecified,2026-08-31T08:49:18.752476+00:00
DATASUS,SIM,2020,DF,,ftp://ftp.datasus.gov.br/dissemin/publicos/SIM/CID10/DORES/DODF2020.dbc,ftp://ftp.datasus.gov.br/dissemin/publicos/SIM/CID10/DORES/DODF2020.dbc,curl,2026-08-31T08:12:25.376162+00:00,DODF2020.dbc,1495400,f36dce169309c6d3c80f3b28b7e6347ceb7ff484d8181b6dd25d33d354119970,4eb1bec127222955f2ee5aa2546763edba686151259d413b312f055b46edc8ba,data/raw/phase3/SIM/DODF2020.dbc,Acquisition only; scientific gates evaluated separately.,DODF2020.dbc,03-31-22  04:19PM,FTP LIST; server timezone unspecified,2026-08-31T08:49:18.752479+00:00
DATASUS,SIM,2021,DF,,ftp://ftp.datasus.gov.br/dissemin/publicos/SIM/CID10/DORES/DODF2021.dbc,ftp://ftp.datasus.gov.br/dissemin/publicos/SIM/CID10/DORES/DODF2021.dbc,curl,2026-08-31T08:12:25.554425+00:00,DODF2021.dbc,1656454,133432bbef1fd20cc1704481a35c0170af4d52c7bb6cef2744e6c1ddb7e2de4f,4eb1bec127222955f2ee5aa2546763edba686151259d413b312f055b46edc8ba,data/raw/phase3/SIM/DODF2021.dbc,Acquisition only; scientific gates evaluated separately.,DODF2021.dbc,04-28-23  12:00PM,FTP LIST; server timezone unspecified,2026-08-31T08:49:18.752482+00:00
DATASUS,SIM,2020,ES,,ftp://ftp.datasus.gov.br/dissemin/publicos/SIM/CID10/DORES/DOES2020.dbc,ftp://ftp.datasus.gov.br/dissemin/publicos/SIM/CID10/DORES/DOES2020.dbc,curl,2026-08-31T08:12:26.480291+00:00,DOES2020.dbc,2400301,9042fcb96456225f109dcc40e5847c5351b5f2067b3d7b1fa270e3d478a9868d,4eb1bec127222955f2ee5aa2546763edba686151259d413b312f055b46edc8ba,data/raw/phase3/SIM/DOES2020.dbc,Acquisition only; scientific gates evaluated separately.,DOES2020.dbc,03-31-22  04:19PM,FTP LIST; server timezone unspecified,2026-08-31T08:49:18.752487+00:00
DATASUS,SIM,2021,ES,,ftp://ftp.datasus.gov.br/dissemin/publicos/SIM/CID10/DORES/DOES2021.dbc,ftp://ftp.datasus.gov.br/dissemin/publicos/SIM/CID10/DORES/DOES2021.dbc,curl,2026-08-31T08:12:26.597035+00:00,DOES2021.dbc,2631773,5c5b9a8c903f6cdaba197665bce7e19fb67e3d367b04d4c3a86ec4ae5f482821,4eb1bec127222955f2ee5aa2546763edba686151259d413b312f055b46edc8ba,data/raw/phase3/SIM/DOES2021.dbc,Acquisition only; scientific gates evaluated separately.,DOES2021.dbc,04-28-23  12:00PM,FTP LIST; server timezone unspecified,2026-08-31T08:49:18.752490+00:00
DATASUS,SIM,2020,GO,,ftp://ftp.datasus.gov.br/dissemin/publicos/SIM/CID10/DORES/DOGO2020.dbc,ftp://ftp.datasus.gov.br/dissemin/publicos/SIM/CID10/DORES/DOGO2020.dbc,curl,2026-08-31T08:12:27.272058+00:00,DOGO2020.dbc,4525166,d1dedf622caf6ef99740bc5c7dadf98c551260391272c2096358f67e13375dab,4eb1bec127222955f2ee5aa2546763edba686151259d413b312f055b46edc8ba,data/raw/phase3/SIM/DOGO2020.dbc,Acquisition only; scientific gates evaluated separately.,DOGO2020.dbc,03-31-22  04:19PM,FTP LIST; server timezone unspecified,2026-08-31T08:49:18.752493+00:00
DATASUS,SIM,2021,GO,,ftp://ftp.datasus.gov.br/dissemin/publicos/SIM/CID10/DORES/DOGO2021.dbc,ftp://ftp.datasus.gov.br/dissemin/publicos/SIM/CID10/DORES/DOGO2021.dbc,curl,2026-08-31T08:12:27.673209+00:00,DOGO2021.dbc,5576449,83d0bbcc30fc711a2efe96ffc54185367e21d3980da22b0a1c739c2720ad28ce,4eb1bec127222955f2ee5aa2546763edba686151259d413b312f055b46edc8ba,data/raw/phase3/SIM/DOGO2021.dbc,Acquisition only; scientific gates evaluated separately.,DOGO2021.dbc,04-28-23  12:00PM,FTP LIST; server timezone unspecified,2026-08-31T08:49:18.752496+00:00
DATASUS,SIM,2020,MA,,ftp://ftp.datasus.gov.br/dissemin/publicos/SIM/CID10/DORES/DOMA2020.dbc,ftp://ftp.datasus.gov.br/dissemin/publicos/SIM/CID10/DORES/DOMA2020.dbc,curl,2026-08-31T08:12:28.058301+00:00,DOMA2020.dbc,3504776,0c6599da41944b6b8973b26c2842a45275c7d5938741ee680d4367e1b09437ee,4eb1bec127222955f2ee5aa2546763edba686151259d413b312f055b46edc8ba,data/raw/phase3/SIM/DOMA2020.dbc,Acquisition only; scientific gates evaluated separately.,DOMA2020.dbc,03-31-22  04:19PM,FTP LIST; server timezone unspecified,2026-08-31T08:49:18.752500+00:00
DATASUS,SIM,2021,MA,,ftp://ftp.datasus.gov.br/dissemin/publicos/SIM/CID10/DORES/DOMA2021.dbc,ftp://ftp.datasus.gov.br/dissemin/publicos/SIM/CID10/DORES/DOMA2021.dbc,curl,2026-08-31T08:12:28.147894+00:00,DOMA2021.dbc,3516582,0dcd34227463633da6a8d0340292df54658d651ddfde3e25a5cc1b39866e130e,4eb1bec127222955f2ee5aa2546763edba686151259d413b312f055b46edc8ba,data/raw/phase3/SIM/DOMA2021.dbc,Acquisition only; scientific gates evaluated separately.,DOMA2021.dbc,04-28-23  12:01PM,FTP LIST; server timezone unspecified,2026-08-31T08:49:18.752503+00:00
DATASUS,SIM,2020,MG,,ftp://ftp.datasus.gov.br/dissemin/publicos/SIM/CID10/DORES/DOMG2020.dbc,ftp://ftp.datasus.gov.br/dissemin/publicos/SIM/CID10/DORES/DOMG2020.dbc,curl,2026-08-31T08:12:31.075060+00:00,DOMG2020.dbc,12696936,8bf6ff29b9a69946e9049ec1d5edae1293af8f3cf6864bbd089cc5209d445478,4eb1bec127222955f2ee5aa2546763edba686151259d413b312f055b46edc8ba,data/raw/phase3/SIM/DOMG2020.dbc,Acquisition only; scientific gates evaluated separately.,DOMG2020.dbc,03-31-22  04:19PM,FTP LIST; server timezone unspecified,2026-08-31T08:49:18.752508+00:00
DATASUS,SIM,2021,MG,,ftp://ftp.datasus.gov.br/dissemin/publicos/SIM/CID10/DORES/DOMG2021.dbc,ftp://ftp.datasus.gov.br/dissemin/publicos/SIM/CID10/DORES/DOMG2021.dbc,curl,2026-08-31T08:12:32.175696+00:00,DOMG2021.dbc,14923308,30e94704315a9ed38fac99783b6960a79faf59856ff6c369469677abda20d308,4eb1bec127222955f2ee5aa2546763edba686151259d413b312f055b46edc8ba,data/raw/phase3/SIM/DOMG2021.dbc,Acquisition only; scientific gates evaluated separately.,DOMG2021.dbc,04-28-23  12:01PM,FTP LIST; server timezone unspecified,2026-08-31T08:49:18.752511+00:00
DATASUS,SIM,2020,MS,,ftp://ftp.datasus.gov.br/dissemin/publicos/SIM/CID10/DORES/DOMS2020.dbc,ftp://ftp.datasus.gov.br/dissemin/publicos/SIM/CID10/DORES/DOMS2020.dbc,curl,2026-08-31T08:12:29.187216+00:00,DOMS2020.dbc,1584495,4a7ec66950d5a5ed84d2f43c66d0e15eb3861497803fc5c2b8e5d996d1afc306,4eb1bec127222955f2ee5aa2546763edba686151259d413b312f055b46edc8ba,data/raw/phase3/SIM/DOMS2020.dbc,Acquisition only; scientific gates evaluated separately.,DOMS2020.dbc,03-31-22  04:19PM,FTP LIST; server timezone unspecified,2026-08-31T08:49:18.752516+00:00
DATASUS,SIM,2021,MS,,ftp://ftp.datasus.gov.br/dissemin/publicos/SIM/CID10/DORES/DOMS2021.dbc,ftp://ftp.datasus.gov.br/dissemin/publicos/SIM/CID10/DORES/DOMS2021.dbc,curl,2026-08-31T08:12:29.357217+00:00,DOMS2021.dbc,1994204,7715011f9483337a6be7ee27169e510b4f3ed1d399a2511b0b5b66ae5b7157de,4eb1bec127222955f2ee5aa2546763edba686151259d413b312f055b46edc8ba,data/raw/phase3/SIM/DOMS2021.dbc,Acquisition only; scientific gates evaluated separately.,DOMS2021.dbc,04-28-23  12:02PM,FTP LIST; server timezone unspecified,2026-08-31T08:49:18.752519+00:00
DATASUS,SIM,2020,MT,,ftp://ftp.datasus.gov.br/dissemin/publicos/SIM/CID10/DORES/DOMT2020.dbc,ftp://ftp.datasus.gov.br/dissemin/publicos/SIM/CID10/DORES/DOMT2020.dbc,curl,2026-08-31T08:12:30.433402+00:00,DOMT2020.dbc,2053367,2dc7f252093e7b12315f2c80cc29d6992314c307a2e1a20fec34690fe2df699d,4eb1bec127222955f2ee5aa2546763edba686151259d413b312f055b46edc8ba,data/raw/phase3/SIM/DOMT2020.dbc,Acquisition only; scientific gates evaluated separately.,DOMT2020.dbc,03-31-22  04:19PM,FTP LIST; server timezone unspecified,2026-08-31T08:49:18.752522+00:00
DATASUS,SIM,2021,MT,,ftp://ftp.datasus.gov.br/dissemin/publicos/SIM/CID10/DORES/DOMT2021.dbc,ftp://ftp.datasus.gov.br/dissemin/publicos/SIM/CID10/DORES/DOMT2021.dbc,curl,2026-08-31T08:12:30.685814+00:00,DOMT2021.dbc,2403729,00e52d88590f693edc110b203ed4a924c8bb99a9a11da1b2abd7cc6ae5f7d430,4eb1bec127222955f2ee5aa2546763edba686151259d413b312f055b46edc8ba,data/raw/phase3/SIM/DOMT2021.dbc,Acquisition only; scientific gates evaluated separately.,DOMT2021.dbc,04-28-23  12:02PM,FTP LIST; server timezone unspecified,2026-08-31T08:49:18.752525+00:00
DATASUS,SIM,2020,PA,,ftp://ftp.datasus.gov.br/dissemin/publicos/SIM/CID10/DORES/DOPA2020.dbc,ftp://ftp.datasus.gov.br/dissemin/publicos/SIM/CID10/DORES/DOPA2020.dbc,curl,2026-08-31T08:12:32.227959+00:00,DOPA2020.dbc,4238879,da319e89a31c53ec5046e6f3152520cf1861c52893e6bf201655bccf54d80336,4eb1bec127222955f2ee5aa2546763edba686151259d413b312f055b46edc8ba,data/raw/phase3/SIM/DOPA2020.dbc,Acquisition only; scientific gates evaluated separately.,DOPA2020.dbc,04-01-22  01:41PM,FTP LIST; server timezone unspecified,2026-08-31T08:49:18.752530+00:00
DATASUS,SIM,2021,PA,,ftp://ftp.datasus.gov.br/dissemin/publicos/SIM/CID10/DORES/DOPA2021.dbc,ftp://ftp.datasus.gov.br/dissemin/publicos/SIM/CID10/DORES/DOPA2021.dbc,curl,2026-08-31T08:12:32.535448+00:00,DOPA2021.dbc,4221926,1f9cf9d7fa5877bcc325c35108be5d0e19fad1547912b2b10264e54c58ddd7f5,4eb1bec127222955f2ee5aa2546763edba686151259d413b312f055b46edc8ba,data/raw/phase3/SIM/DOPA2021.dbc,Acquisition only; scientific gates evaluated separately.,DOPA2021.dbc,04-28-23  12:02PM,FTP LIST; server timezone unspecified,2026-08-31T08:49:18.752533+00:00
DATASUS,SIM,2020,PB,,ftp://ftp.datasus.gov.br/dissemin/publicos/SIM/CID10/DORES/DOPB2020.dbc,ftp://ftp.datasus.gov.br/dissemin/publicos/SIM/CID10/DORES/DOPB2020.dbc,curl,2026-08-31T08:12:32.498355+00:00,DOPB2020.dbc,2456377,b3348b066164971d6bdc661781cca56c3bff812ed63a2bc1d663bcbb94e24437,4eb1bec127222955f2ee5aa2546763edba686151259d413b312f055b46edc8ba,data/raw/phase3/SIM/DOPB2020.dbc,Acquisition only; scientific gates evaluated separately.,DOPB2020.dbc,03-31-22  04:19PM,FTP LIST; server timezone unspecified,2026-08-31T08:49:18.752536+00:00
DATASUS,SIM,2021,PB,,ftp://ftp.datasus.gov.br/dissemin/publicos/SIM/CID10/DORES/DOPB2021.dbc,ftp://ftp.datasus.gov.br/dissemin/publicos/SIM/CID10/DORES/DOPB2021.dbc,curl,2026-08-31T08:12:33.563744+00:00,DOPB2021.dbc,2582679,b70a9f91a46628c4b506640dadd4c678dfdeda6f5008451dd1031ad52343a1ca,4eb1bec127222955f2ee5aa2546763edba686151259d413b312f055b46edc8ba,data/raw/phase3/SIM/DOPB2021.dbc,Acquisition only; scientific gates evaluated separately.,DOPB2021.dbc,04-28-23  12:02PM,FTP LIST; server timezone unspecified,2026-08-31T08:49:18.752539+00:00
DATASUS,SIM,2020,PE,,ftp://ftp.datasus.gov.br/dissemin/publicos/SIM/CID10/DORES/DOPE2020.dbc,ftp://ftp.datasus.gov.br/dissemin/publicos/SIM/CID10/DORES/DOPE2020.dbc,curl,2026-08-31T08:12:34.569800+00:00,DOPE2020.dbc,6435583,2d7981f7960d9d69b9515e6b5d0ed52b6eba643347a7b8123d007f8b4150d765,4eb1bec127222955f2ee5aa2546763edba686151259d413b312f055b46edc8ba,data/raw/phase3/SIM/DOPE2020.dbc,Acquisition only; scientific gates evaluated separately.,DOPE2020.dbc,03-31-22  04:19PM,FTP LIST; server timezone unspecified,2026-08-31T08:49:18.752543+00:00
DATASUS,SIM,2021,PE,,ftp://ftp.datasus.gov.br/dissemin/publicos/SIM/CID10/DORES/DOPE2021.dbc,ftp://ftp.datasus.gov.br/dissemin/publicos/SIM/CID10/DORES/DOPE2021.dbc,curl,2026-08-31T08:12:34.842720+00:00,DOPE2021.dbc,6600054,91bce32783958db287b36b5c6fbf9b9483d73eac88752dd04de9016effbc8be6,4eb1bec127222955f2ee5aa2546763edba686151259d413b312f055b46edc8ba,data/raw/phase3/SIM/DOPE2021.dbc,Acquisition only; scientific gates evaluated separately.,DOPE2021.dbc,04-28-23  12:02PM,FTP LIST; server timezone unspecified,2026-08-31T08:49:18.752546+00:00
DATASUS,SIM,2020,PI,,ftp://ftp.datasus.gov.br/dissemin/publicos/SIM/CID10/DORES/DOPI2020.dbc,ftp://ftp.datasus.gov.br/dissemin/publicos/SIM/CID10/DORES/DOPI2020.dbc,curl,2026-08-31T08:12:33.793987+00:00,DOPI2020.dbc,1924420,5d5a231f395bf1495e975319cdaa0b3af4fa8b37cd45a3f79dd098e032bf5975,4eb1bec127222955f2ee5aa2546763edba686151259d413b312f055b46edc8ba,data/raw/phase3/SIM/DOPI2020.dbc,Acquisition only; scientific gates evaluated separately.,DOPI2020.dbc,03-31-22  04:19PM,FTP LIST; server timezone unspecified,2026-08-31T08:49:18.752551+00:00
DATASUS,SIM,2021,PI,,ftp://ftp.datasus.gov.br/dissemin/publicos/SIM/CID10/DORES/DOPI2021.dbc,ftp://ftp.datasus.gov.br/dissemin/publicos/SIM/CID10/DORES/DOPI2021.dbc,curl,2026-08-31T08:12:34.834494+00:00,DOPI2021.dbc,2063567,a6a0b9a664af63d6be83e60084e03d3d3aef1d6f40c3f86681dd702c479a42a6,4eb1bec127222955f2ee5aa2546763edba686151259d413b312f055b46edc8ba,data/raw/phase3/SIM/DOPI2021.dbc,Acquisition only; scientific gates evaluated separately.,DOPI2021.dbc,04-28-23  12:03PM,FTP LIST; server timezone unspecified,2026-08-31T08:49:18.752554+00:00
DATASUS,SIM,2020,PR,,ftp://ftp.datasus.gov.br/dissemin/publicos/SIM/CID10/DORES/DOPR2020.dbc,ftp://ftp.datasus.gov.br/dissemin/publicos/SIM/CID10/DORES/DOPR2020.dbc,curl,2026-08-31T08:12:36.363351+00:00,DOPR2020.dbc,7195953,05484c71d32e9b49d6729f821cc629194f7e7a4e4b66185c9aeaa2698d06d886,4eb1bec127222955f2ee5aa2546763edba686151259d413b312f055b46edc8ba,data/raw/phase3/SIM/DOPR2020.dbc,Acquisition only; scientific gates evaluated separately.,DOPR2020.dbc,03-31-22  04:19PM,FTP LIST; server timezone unspecified,2026-08-31T08:49:18.752557+00:00
DATASUS,SIM,2021,PR,,ftp://ftp.datasus.gov.br/dissemin/publicos/SIM/CID10/DORES/DOPR2021.dbc,ftp://ftp.datasus.gov.br/dissemin/publicos/SIM/CID10/DORES/DOPR2021.dbc,curl,2026-08-31T08:12:37.730509+00:00,DOPR2021.dbc,9286331,c4509be9dfd337aad9089430d22d00ff1d66bfba546daded35d413497af544dc,4eb1bec127222955f2ee5aa2546763edba686151259d413b312f055b46edc8ba,data/raw/phase3/SIM/DOPR2021.dbc,Acquisition only; scientific gates evaluated separately.,DOPR2021.dbc,04-28-23  12:03PM,FTP LIST; server timezone unspecified,2026-08-31T08:49:18.752563+00:00
DATASUS,SIM,2020,RJ,,ftp://ftp.datasus.gov.br/dissemin/publicos/SIM/CID10/DORES/DORJ2020.dbc,ftp://ftp.datasus.gov.br/dissemin/publicos/SIM/CID10/DORES/DORJ2020.dbc,curl,2026-08-31T08:12:39.159781+00:00,DORJ2020.dbc,13846460,13e5b52c8e946015df3a202dde2a8eaa2d410744b168a40bf3e4a72424666b95,4eb1bec127222955f2ee5aa2546763edba686151259d413b312f055b46edc8ba,data/raw/phase3/SIM/DORJ2020.dbc,Acquisition only; scientific gates evaluated separately.,DORJ2020.dbc,03-31-22  04:19PM,FTP LIST; server timezone unspecified,2026-08-31T08:49:18.752566+00:00
DATASUS,SIM,2021,RJ,,ftp://ftp.datasus.gov.br/dissemin/publicos/SIM/CID10/DORES/DORJ2021.dbc,ftp://ftp.datasus.gov.br/dissemin/publicos/SIM/CID10/DORES/DORJ2021.dbc,curl,2026-08-31T08:12:39.316395+00:00,DORJ2021.dbc,14952529,1dea8b9aa1853e9ed22ec19590ac8af790e7298cb404ae001f0902c34abba768,4eb1bec127222955f2ee5aa2546763edba686151259d413b312f055b46edc8ba,data/raw/phase3/SIM/DORJ2021.dbc,Acquisition only; scientific gates evaluated separately.,DORJ2021.dbc,04-28-23  12:04PM,FTP LIST; server timezone unspecified,2026-08-31T08:49:18.752569+00:00
DATASUS,SIM,2020,RN,,ftp://ftp.datasus.gov.br/dissemin/publicos/SIM/CID10/DORES/DORN2020.dbc,ftp://ftp.datasus.gov.br/dissemin/publicos/SIM/CID10/DORES/DORN2020.dbc,curl,2026-08-31T08:12:37.664358+00:00,DORN2020.dbc,2038604,098024799d2bfe663d053ca62385794be35153f68cac62650dab6ea0f9f03f52,4eb1bec127222955f2ee5aa2546763edba686151259d413b312f055b46edc8ba,data/raw/phase3/SIM/DORN2020.dbc,Acquisition only; scientific gates evaluated separately.,DORN2020.dbc,03-31-22  04:19PM,FTP LIST; server timezone unspecified,2026-08-31T08:49:18.752575+00:00
DATASUS,SIM,2021,RN,,ftp://ftp.datasus.gov.br/dissemin/publicos/SIM/CID10/DORES/DORN2021.dbc,ftp://ftp.datasus.gov.br/dissemin/publicos/SIM/CID10/DORES/DORN2021.dbc,curl,2026-08-31T08:12:38.931394+00:00,DORN2021.dbc,2119418,dc6e58beb38af16fb23c181b6777f614f2200466d71bff935cfc2bd4135170c4,4eb1bec127222955f2ee5aa2546763edba686151259d413b312f055b46edc8ba,data/raw/phase3/SIM/DORN2021.dbc,Acquisition only; scientific gates evaluated separately.,DORN2021.dbc,04-28-23  12:04PM,FTP LIST; server timezone unspecified,2026-08-31T08:49:18.752578+00:00
DATASUS,SIM,2020,RO,,ftp://ftp.datasus.gov.br/dissemin/publicos/SIM/CID10/DORES/DORO2020.dbc,ftp://ftp.datasus.gov.br/dissemin/publicos/SIM/CID10/DORES/DORO2020.dbc,curl,2026-08-31T08:12:38.716518+00:00,DORO2020.dbc,870685,c0edce9f13e10258d1f8af667c22a1e472e3d02f695b194115fe01c1447eea9f,4eb1bec127222955f2ee5aa2546763edba686151259d413b312f055b46edc8ba,data/raw/phase3/SIM/DORO2020.dbc,Acquisition only; scientific gates evaluated separately.,DORO2020.dbc,03-31-22  04:19PM,FTP LIST; server timezone unspecified,2026-08-31T08:49:18.752583+00:00
DATASUS,SIM,2021,RO,,ftp://ftp.datasus.gov.br/dissemin/publicos/SIM/CID10/DORES/DORO2021.dbc,ftp://ftp.datasus.gov.br/dissemin/publicos/SIM/CID10/DORES/DORO2021.dbc,curl,2026-08-31T08:12:39.721651+00:00,DORO2021.dbc,1112051,426a930b96187aa62524ab17d56b847306887aabbb847081a60a4a85a4459ed7,4eb1bec127222955f2ee5aa2546763edba686151259d413b312f055b46edc8ba,data/raw/phase3/SIM/DORO2021.dbc,Acquisition only; scientific gates evaluated separately.,DORO2021.dbc,04-28-23  12:04PM,FTP LIST; server timezone unspecified,2026-08-31T08:49:18.752587+00:00
DATASUS,SIM,2020,RR,,ftp://ftp.datasus.gov.br/dissemin/publicos/SIM/CID10/DORES/DORR2020.dbc,ftp://ftp.datasus.gov.br/dissemin/publicos/SIM/CID10/DORES/DORR2020.dbc,curl,2026-08-31T08:12:39.750613+00:00,DORR2020.dbc,297232,b10221d1acfe210726de11bc8975cdcb4bb0b4411db2d383184f51f37b0c2b76,4eb1bec127222955f2ee5aa2546763edba686151259d413b312f055b46edc8ba,data/raw/phase3/SIM/DORR2020.dbc,Acquisition only; scientific gates evaluated separately.,DORR2020.dbc,03-31-22  04:19PM,FTP LIST; server timezone unspecified,2026-08-31T08:49:18.752590+00:00
DATASUS,SIM,2021,RR,,ftp://ftp.datasus.gov.br/dissemin/publicos/SIM/CID10/DORES/DORR2021.dbc,ftp://ftp.datasus.gov.br/dissemin/publicos/SIM/CID10/DORES/DORR2021.dbc,curl,2026-08-31T08:12:40.009739+00:00,DORR2021.dbc,355267,600b8af449468fec082e4e7ab6e852abae188cac73743c64dd470d122a41213a,4eb1bec127222955f2ee5aa2546763edba686151259d413b312f055b46edc8ba,data/raw/phase3/SIM/DORR2021.dbc,Acquisition only; scientific gates evaluated separately.,DORR2021.dbc,04-28-23  12:04PM,FTP LIST; server timezone unspecified,2026-08-31T08:49:18.752595+00:00
DATASUS,SIM,2020,RS,,ftp://ftp.datasus.gov.br/dissemin/publicos/SIM/CID10/DORES/DORS2020.dbc,ftp://ftp.datasus.gov.br/dissemin/publicos/SIM/CID10/DORES/DORS2020.dbc,curl,2026-08-31T08:12:41.878702+00:00,DORS2020.dbc,7517408,7e7018414b105dd1f18b4dfc576da6875b3c5ff1dc08617ffef0dffbcbcc8fec,4eb1bec127222955f2ee5aa2546763edba686151259d413b312f055b46edc8ba,data/raw/phase3/SIM/DORS2020.dbc,Acquisition only; scientific gates evaluated separately.,DORS2020.dbc,03-31-22  04:19PM,FTP LIST; server timezone unspecified,2026-08-31T08:49:18.752599+00:00
DATASUS,SIM,2021,RS,,ftp://ftp.datasus.gov.br/dissemin/publicos/SIM/CID10/DORES/DORS2021.dbc,ftp://ftp.datasus.gov.br/dissemin/publicos/SIM/CID10/DORES/DORS2021.dbc,curl,2026-08-31T08:12:42.605946+00:00,DORS2021.dbc,8941031,ff30f3c99045276feb88b10c2efdf77f54f70e085297c73a0c32cc97174e207a,4eb1bec127222955f2ee5aa2546763edba686151259d413b312f055b46edc8ba,data/raw/phase3/SIM/DORS2021.dbc,Acquisition only; scientific gates evaluated separately.,DORS2021.dbc,04-28-23  12:05PM,FTP LIST; server timezone unspecified,2026-08-31T08:49:18.752602+00:00
DATASUS,SIM,2020,SC,,ftp://ftp.datasus.gov.br/dissemin/publicos/SIM/CID10/DORES/DOSC2020.dbc,ftp://ftp.datasus.gov.br/dissemin/publicos/SIM/CID10/DORES/DOSC2020.dbc,curl,2026-08-31T08:12:41.379977+00:00,DOSC2020.dbc,3944167,bf97e271a2e1d592f777f9e4059d4c0af404af7573bbecc6086c43fec3a559a3,4eb1bec127222955f2ee5aa2546763edba686151259d413b312f055b46edc8ba,data/raw/phase3/SIM/DOSC2020.dbc,Acquisition only; scientific gates evaluated separately.,DOSC2020.dbc,03-31-22  04:19PM,FTP LIST; server timezone unspecified,2026-08-31T08:49:18.752606+00:00
DATASUS,SIM,2021,SC,,ftp://ftp.datasus.gov.br/dissemin/publicos/SIM/CID10/DORES/DOSC2021.dbc,ftp://ftp.datasus.gov.br/dissemin/publicos/SIM/CID10/DORES/DOSC2021.dbc,curl,2026-08-31T08:12:41.913457+00:00,DOSC2021.dbc,4838791,4a0575b2d336a5223d5fdc7d44c6a1a447d7c050cca86ed92b68aca4d7695093,4eb1bec127222955f2ee5aa2546763edba686151259d413b312f055b46edc8ba,data/raw/phase3/SIM/DOSC2021.dbc,Acquisition only; scientific gates evaluated separately.,DOSC2021.dbc,04-28-23  12:05PM,FTP LIST; server timezone unspecified,2026-08-31T08:49:18.752611+00:00
DATASUS,SIM,2020,SE,,ftp://ftp.datasus.gov.br/dissemin/publicos/SIM/CID10/DORES/DOSE2020.dbc,ftp://ftp.datasus.gov.br/dissemin/publicos/SIM/CID10/DORES/DOSE2020.dbc,curl,2026-08-31T08:12:42.430277+00:00,DOSE2020.dbc,1347734,2a94ca706567991872c6f8972862ae8c2df377e71adf2620df9fab19caa3f467,4eb1bec127222955f2ee5aa2546763edba686151259d413b312f055b46edc8ba,data/raw/phase3/SIM/DOSE2020.dbc,Acquisition only; scientific gates evaluated separately.,DOSE2020.dbc,03-31-22  04:19PM,FTP LIST; server timezone unspecified,2026-08-31T08:49:18.752614+00:00
DATASUS,SIM,2021,SE,,ftp://ftp.datasus.gov.br/dissemin/publicos/SIM/CID10/DORES/DOSE2021.dbc,ftp://ftp.datasus.gov.br/dissemin/publicos/SIM/CID10/DORES/DOSE2021.dbc,curl,2026-08-31T08:12:43.091999+00:00,DOSE2021.dbc,1408404,6edaaabc70f96682036d52e5a4788d8ff3c47ed448943d8b4790cac2edc3d997,4eb1bec127222955f2ee5aa2546763edba686151259d413b312f055b46edc8ba,data/raw/phase3/SIM/DOSE2021.dbc,Acquisition only; scientific gates evaluated separately.,DOSE2021.dbc,04-28-23  12:05PM,FTP LIST; server timezone unspecified,2026-08-31T08:49:18.752619+00:00
DATASUS,SIM,2020,SP,,ftp://ftp.datasus.gov.br/dissemin/publicos/SIM/CID10/DORES/DOSP2020.dbc,ftp://ftp.datasus.gov.br/dissemin/publicos/SIM/CID10/DORES/DOSP2020.dbc,curl,2026-08-31T08:12:49.994055+00:00,DOSP2020.dbc,28711680,efd1370948af0e2f3a54175e2bbb5ad5ba2947fd0d4b81096e1f220d69b74e0d,4eb1bec127222955f2ee5aa2546763edba686151259d413b312f055b46edc8ba,data/raw/phase3/SIM/DOSP2020.dbc,Acquisition only; scientific gates evaluated separately.,DOSP2020.dbc,03-31-22  04:19PM,FTP LIST; server timezone unspecified,2026-08-31T08:49:18.752622+00:00
DATASUS,SIM,2021,SP,,ftp://ftp.datasus.gov.br/dissemin/publicos/SIM/CID10/DORES/DOSP2021.dbc,ftp://ftp.datasus.gov.br/dissemin/publicos/SIM/CID10/DORES/DOSP2021.dbc,curl,2026-08-31T08:12:51.584451+00:00,DOSP2021.dbc,34255626,93ce405bddec508c432bc06a0f32b2f50de4ac4201bdd75aa3434ddd22782f51,4eb1bec127222955f2ee5aa2546763edba686151259d413b312f055b46edc8ba,data/raw/phase3/SIM/DOSP2021.dbc,Acquisition only; scientific gates evaluated separately.,DOSP2021.dbc,04-28-23  12:07PM,FTP LIST; server timezone unspecified,2026-08-31T08:49:18.752627+00:00
DATASUS,SIM,2020,TO,,ftp://ftp.datasus.gov.br/dissemin/publicos/SIM/CID10/DORES/DOTO2020.dbc,ftp://ftp.datasus.gov.br/dissemin/publicos/SIM/CID10/DORES/DOTO2020.dbc,curl,2026-08-31T08:12:43.529275+00:00,DOTO2020.dbc,821151,85d43aacfecdfa087f8f37ca66b794123339947524aa7ee94ee5e4a10a015cd9,4eb1bec127222955f2ee5aa2546763edba686151259d413b312f055b46edc8ba,data/raw/phase3/SIM/DOTO2020.dbc,Acquisition only; scientific gates evaluated separately.,DOTO2020.dbc,03-31-22  04:19PM,FTP LIST; server timezone unspecified,2026-08-31T08:49:18.752631+00:00
DATASUS,SIM,2021,TO,,ftp://ftp.datasus.gov.br/dissemin/publicos/SIM/CID10/DORES/DOTO2021.dbc,ftp://ftp.datasus.gov.br/dissemin/publicos/SIM/CID10/DORES/DOTO2021.dbc,curl,2026-08-31T08:12:44.078239+00:00,DOTO2021.dbc,1007775,43a4b9782adeba463337379bd5dcce346605bda928e1cc3277a9199688ce9517,4eb1bec127222955f2ee5aa2546763edba686151259d413b312f055b46edc8ba,data/raw/phase3/SIM/DOTO2021.dbc,Acquisition only; scientific gates evaluated separately.,DOTO2021.dbc,04-28-23  11:56AM,FTP LIST; server timezone unspecified,2026-08-31T08:49:18.752634+00:00
SIOPS/FNS,SIOPS,2022,,2022-B6,https://portalfns.saude.gov.br/idg_download/siops-despesas-por-fonte-subfuncao-natureza-municipais-2022-6o-bimestre/,https://portalfns.saude.gov.br/wp-content/uploads/2026/07/SIOPS-%E2%80%93-Despesas-por-Fonte-Subfuncao-Natureza-Municipais-2022-6o-Bimestre_202607211513.zip,curl,2026-08-31T08:14:35.780001+00:00,SIOPS-–-Despesas-por-Fonte-Subfuncao-Natureza-Municipais-2022-6o-Bimestre_202607211513.zip,58785404,a04d709dea5144c6afcd591fc552c0795a7268f9579c51f3717d1604ea547b1b,72cd2cc0b98342cb53ac1c250b2fea29984632d15ac454a064afe0b750b985a1,data/raw/phase3/SIOPS/SIOPS_municipal_2022_B6.zip,Acquisition only; scientific gates evaluated separately.,SIOPS-–-Despesas-por-Fonte-Subfuncao-Natureza-Municipais-2022-6o-Bimestre_202607211513.zip,"Tue, 21 Jul 2026 19:03:36 GMT",HTTP HEAD Last-Modified,2026-08-31T08:49:18.752638+00:00
SIOPS/FNS,SIOPS,2023,,2023-B6,https://portalfns.saude.gov.br/idg_download/siops-despesas-por-fonte-subfuncao-natureza-municipais-2023-6o-bimestre/,https://portalfns.saude.gov.br/wp-content/uploads/2026/07/SIOPS-%E2%80%93-Despesas-por-Fonte-Subfuncao-Natureza-Municipais-2023-6o-Bimestre_202607211519.zip,curl,2026-08-31T08:14:39.109138+00:00,SIOPS-–-Despesas-por-Fonte-Subfuncao-Natureza-Municipais-2023-6o-Bimestre_202607211519.zip,61814539,1e58744acd144eb785fc7d8eafc85a25550118929e3c67c1bac9de1d613cbf6b,72cd2cc0b98342cb53ac1c250b2fea29984632d15ac454a064afe0b750b985a1,data/raw/phase3/SIOPS/SIOPS_municipal_2023_B6.zip,Acquisition only; scientific gates evaluated separately.,SIOPS-–-Despesas-por-Fonte-Subfuncao-Natureza-Municipais-2023-6o-Bimestre_202607211519.zip,"Tue, 21 Jul 2026 19:03:12 GMT",HTTP HEAD Last-Modified,2026-08-31T08:49:18.752641+00:00
SIOPS/FNS,SIOPS,2024,,2024-B6,https://portalfns.saude.gov.br/idg_download/siops-despesas-por-fonte-subfuncao-natureza-municipais-2024-6o-bimestre/,https://portalfns.saude.gov.br/wp-content/uploads/2026/07/SIOPS-%E2%80%93-Despesas-por-Fonte-Subfuncao-Natureza-Municipais-2024-6o-Bimestre_202607211525.zip,curl,2026-08-31T08:14:39.988859+00:00,SIOPS-–-Despesas-por-Fonte-Subfuncao-Natureza-Municipais-2024-6o-Bimestre_202607211525.zip,61906337,9fa47b6b6d30f9a6e6288d707774aa4db77ab4a02cd6e25d4f5f62c61e9de739,72cd2cc0b98342cb53ac1c250b2fea29984632d15ac454a064afe0b750b985a1,data/raw/phase3/SIOPS/SIOPS_municipal_2024_B6.zip,Acquisition only; scientific gates evaluated separately.,SIOPS-–-Despesas-por-Fonte-Subfuncao-Natureza-Municipais-2024-6o-Bimestre_202607211525.zip,"Tue, 21 Jul 2026 19:02:47 GMT",HTTP HEAD Last-Modified,2026-08-31T08:49:18.752643+00:00
DATASUS,population,2020,,,ftp://ftp.datasus.gov.br/dissemin/publicos/IBGE/POPSVS/POPSBR20.zip,ftp://ftp.datasus.gov.br/dissemin/publicos/IBGE/POPSVS/POPSBR20.zip,curl,2026-08-31T08:14:31.925293+00:00,POPSBR20.zip,3373160,02d0a48edebf15d5e74d50b1fffe8ec9a9f49758d346b8eede1eb4920488b1d3,d651904e65107c01876d2c2b21a5dc91fc6a045fb8dcdef62339128e01cd1854,data/raw/phase3/population/POPSBR20.zip,Acquisition only; scientific gates evaluated separately.,POPSBR20.zip,01-07-25  11:21AM,FTP LIST; server timezone unspecified,2026-08-31T08:49:18.752647+00:00
DATASUS,population,2021,,,ftp://ftp.datasus.gov.br/dissemin/publicos/IBGE/POPSVS/POPSBR21.zip,ftp://ftp.datasus.gov.br/dissemin/publicos/IBGE/POPSVS/POPSBR21.zip,curl,2026-08-31T08:14:32.138680+00:00,POPSBR21.zip,3378457,de6142870d23386bf5f1f0cf1fb8291a5093693debdb2e8c14bdf9cf49c41b21,d651904e65107c01876d2c2b21a5dc91fc6a045fb8dcdef62339128e01cd1854,data/raw/phase3/population/POPSBR21.zip,Acquisition only; scientific gates evaluated separately.,POPSBR21.zip,01-07-25  11:21AM,FTP LIST; server timezone unspecified,2026-08-31T08:49:18.752651+00:00
DATASUS,population_documentation,2000-2024,,,ftp://ftp.datasus.gov.br/dissemin/publicos/IBGE/doc/NT-POPULACAO-RESIDENTE-2000-2024.pdf,ftp://ftp.datasus.gov.br/dissemin/publicos/IBGE/doc/NT-POPULACAO-RESIDENTE-2000-2024.pdf,curl,2026-08-31T08:15:05.174747+00:00,NT-POPULACAO-RESIDENTE-2000-2024.pdf,521092,1dcf9810f2d46d7879905c1394b9d048131df1c5e1244c05a1dca8dca94a2735,,data/raw/phase3/population_documentation/NT-POPULACAO-RESIDENTE-2000-2024.pdf,Acquisition only; scientific gates evaluated separately.,NT-POPULACAO-RESIDENTE-2000-2024.pdf,01-07-25  10:20AM,FTP LIST; server timezone unspecified,2026-08-31T08:49:18.752654+00:00
DATASUS,population_documentation,2000-2025,,,http://tabnet.datasus.gov.br/cgi/IBGE/NT-Ripsa_01_2025_Estimativas_Populacionais.PDF,http://tabnet.datasus.gov.br/cgi/IBGE/NT-Ripsa_01_2025_Estimativas_Populacionais.PDF,curl,2026-08-31T08:13:25.960158+00:00,NT-Ripsa_01_2025_Estimativas_Populacionais.pdf,1224461,0c004471affed05889a763d7df6b8c850be5c4ae6119c57accc1c97935df58ca,,data/raw/phase3/population_documentation/NT-Ripsa_01_2025_Estimativas_Populacionais.pdf,Acquisition only; scientific gates evaluated separately.,NT-Ripsa_01_2025_Estimativas_Populacionais.PDF,"Thu, 15 Jan 2026 12:28:29 GMT",HTTP HEAD Last-Modified,2026-08-31T08:49:18.752657+00:00
DATASUS,locked_recovery,2022,AP,2022,ftp://ftp.datasus.gov.br/dissemin/publicos/SIM/CID10/DORES/DOAP2022.dbc,ftp://ftp.datasus.gov.br/dissemin/publicos/SIM/CID10/DORES/DOAP2022.dbc,curl,2026-08-31,DOAP2022.dbc,309913,46af11f2a5349d1d8e7e22493be680fe8f69084f9c94e40ec980294e5e4858c7,4eb1bec127222955f2ee5aa2546763edba686151259d413b312f055b46edc8ba,data/raw/phase3/locked_recovery/DOAP2022.dbc,Hash-exact recovery of a cloud-evicted locked source; date precision only. Original locked bytes and manifest unchanged.,DOAP2022.dbc,12-21-23  04:17PM,FTP LIST; server timezone unspecified,2026-08-31T08:49:18.752660+00:00
DATASUS,locked_recovery,2022,AC,2022,ftp://ftp.datasus.gov.br/dissemin/publicos/SIM/CID10/DORES/DOAC2022.dbc,ftp://ftp.datasus.gov.br/dissemin/publicos/SIM/CID10/DORES/DOAC2022.dbc,curl,2026-08-31,DOAC2022.dbc,330408,04a015b690068baeb42e7e83165e3b9de43f2881bebdf46f0eea5ad0b9984a51,4eb1bec127222955f2ee5aa2546763edba686151259d413b312f055b46edc8ba,data/raw/phase3/locked_recovery/DOAC2022.dbc,Hash-exact recovery of a cloud-evicted locked source; date precision only. Original locked bytes and manifest unchanged.,DOAC2022.dbc,12-21-23  04:17PM,FTP LIST; server timezone unspecified,2026-08-31T08:49:18.752663+00:00
DATASUS,locked_recovery,2022,AM,2022,ftp://ftp.datasus.gov.br/dissemin/publicos/SIM/CID10/DORES/DOAM2022.dbc,ftp://ftp.datasus.gov.br/dissemin/publicos/SIM/CID10/DORES/DOAM2022.dbc,curl,2026-08-31,DOAM2022.dbc,1626717,402aa8a2351b3cd7b181e169bee786d9b76d892961111eec80c531c461fd95d0,4eb1bec127222955f2ee5aa2546763edba686151259d413b312f055b46edc8ba,data/raw/phase3/locked_recovery/DOAM2022.dbc,Hash-exact recovery of a cloud-evicted locked source; date precision only. Original locked bytes and manifest unchanged.,DOAM2022.dbc,12-21-23  04:17PM,FTP LIST; server timezone unspecified,2026-08-31T08:49:18.752667+00:00
DATASUS,locked_recovery,2022,AL,2022,ftp://ftp.datasus.gov.br/dissemin/publicos/SIM/CID10/DORES/DOAL2022.dbc,ftp://ftp.datasus.gov.br/dissemin/publicos/SIM/CID10/DORES/DOAL2022.dbc,curl,2026-08-31,DOAL2022.dbc,1846389,04a27f9a8b57378706463206dbd04c0a321229937f488ff8241795ddb8b96373,4eb1bec127222955f2ee5aa2546763edba686151259d413b312f055b46edc8ba,data/raw/phase3/locked_recovery/DOAL2022.dbc,Hash-exact recovery of a cloud-evicted locked source; date precision only. Original locked bytes and manifest unchanged.,DOAL2022.dbc,12-21-23  04:17PM,FTP LIST; server timezone unspecified,2026-08-31T08:49:18.752670+00:00
DATASUS,locked_recovery,2022,DF,2022,ftp://ftp.datasus.gov.br/dissemin/publicos/SIM/CID10/DORES/DODF2022.dbc,ftp://ftp.datasus.gov.br/dissemin/publicos/SIM/CID10/DORES/DODF2022.dbc,curl,2026-08-31,DODF2022.dbc,1280969,dfbc68a7ea414a19181dccfb947b6f6baf3343d80ff30a06eb9595be9e074305,4eb1bec127222955f2ee5aa2546763edba686151259d413b312f055b46edc8ba,data/raw/phase3/locked_recovery/DODF2022.dbc,Hash-exact recovery of a cloud-evicted locked source; date precision only. Original locked bytes and manifest unchanged.,DODF2022.dbc,12-21-23  04:19PM,FTP LIST; server timezone unspecified,2026-08-31T08:49:18.752673+00:00
DATASUS,locked_recovery,2022,ES,2022,ftp://ftp.datasus.gov.br/dissemin/publicos/SIM/CID10/DORES/DOES2022.dbc,ftp://ftp.datasus.gov.br/dissemin/publicos/SIM/CID10/DORES/DOES2022.dbc,curl,2026-08-31,DOES2022.dbc,2250665,c6bbb70387e99609e2564d0069b960e03ca8fc4984c6c628010556f6de866fae,4eb1bec127222955f2ee5aa2546763edba686151259d413b312f055b46edc8ba,data/raw/phase3/locked_recovery/DOES2022.dbc,Hash-exact recovery of a cloud-evicted locked source; date precision only. Original locked bytes and manifest unchanged.,DOES2022.dbc,12-21-23  04:19PM,FTP LIST; server timezone unspecified,2026-08-31T08:49:18.752676+00:00
DATASUS,locked_recovery,2022,CE,2022,ftp://ftp.datasus.gov.br/dissemin/publicos/SIM/CID10/DORES/DOCE2022.dbc,ftp://ftp.datasus.gov.br/dissemin/publicos/SIM/CID10/DORES/DOCE2022.dbc,curl,2026-08-31,DOCE2022.dbc,5218711,b32b4f636e1ec6b9d192b521ae8953ade00b56172f3fe6b0f4e2ee74115c49b5,4eb1bec127222955f2ee5aa2546763edba686151259d413b312f055b46edc8ba,data/raw/phase3/locked_recovery/DOCE2022.dbc,Hash-exact recovery of a cloud-evicted locked source; date precision only. Original locked bytes and manifest unchanged.,DOCE2022.dbc,12-21-23  04:19PM,FTP LIST; server timezone unspecified,2026-08-31T08:49:18.752679+00:00
DATASUS,locked_recovery,2022,BA,2022,ftp://ftp.datasus.gov.br/dissemin/publicos/SIM/CID10/DORES/DOBA2022.dbc,ftp://ftp.datasus.gov.br/dissemin/publicos/SIM/CID10/DORES/DOBA2022.dbc,curl,2026-08-31,DOBA2022.dbc,8510675,fd15f9bee578224d57d5d38a01870ea20d574a0095b00bbe673536b0a904ef8f,4eb1bec127222955f2ee5aa2546763edba686151259d413b312f055b46edc8ba,data/raw/phase3/locked_recovery/DOBA2022.dbc,Hash-exact recovery of a cloud-evicted locked source; date precision only. Original locked bytes and manifest unchanged.,DOBA2022.dbc,12-21-23  04:17PM,FTP LIST; server timezone unspecified,2026-08-31T08:49:18.752682+00:00
DATASUS,locked_recovery,2022,GO,2022,ftp://ftp.datasus.gov.br/dissemin/publicos/SIM/CID10/DORES/DOGO2022.dbc,ftp://ftp.datasus.gov.br/dissemin/publicos/SIM/CID10/DORES/DOGO2022.dbc,curl,2026-08-31,DOGO2022.dbc,4405432,53c98dcfbd72fb467316c2711680bf02f44f1211d4889461bee6ec2489af4bbc,4eb1bec127222955f2ee5aa2546763edba686151259d413b312f055b46edc8ba,data/raw/phase3/locked_recovery/DOGO2022.dbc,Hash-exact recovery of a cloud-evicted locked source; date precision only. Original locked bytes and manifest unchanged.,DOGO2022.dbc,12-21-23  04:19PM,FTP LIST; server timezone unspecified,2026-08-31T08:49:18.752685+00:00
DATASUS,locked_recovery,2022,MA,2022,ftp://ftp.datasus.gov.br/dissemin/publicos/SIM/CID10/DORES/DOMA2022.dbc,ftp://ftp.datasus.gov.br/dissemin/publicos/SIM/CID10/DORES/DOMA2022.dbc,curl,2026-08-31,DOMA2022.dbc,3202765,6f44af36318f25134d0ed9f9672377713833f9636ebbe7155b70d3b0e3625957,4eb1bec127222955f2ee5aa2546763edba686151259d413b312f055b46edc8ba,data/raw/phase3/locked_recovery/DOMA2022.dbc,Hash-exact recovery of a cloud-evicted locked source; date precision only. Original locked bytes and manifest unchanged.,DOMA2022.dbc,12-21-23  04:19PM,FTP LIST; server timezone unspecified,2026-08-31T08:49:18.752689+00:00
DATASUS,locked_recovery,2022,MS,2022,ftp://ftp.datasus.gov.br/dissemin/publicos/SIM/CID10/DORES/DOMS2022.dbc,ftp://ftp.datasus.gov.br/dissemin/publicos/SIM/CID10/DORES/DOMS2022.dbc,curl,2026-08-31,DOMS2022.dbc,1650714,85688dbfdf4e04c9eaf95d933e24a10d8392e149ecf06b80d953055f73076bb2,4eb1bec127222955f2ee5aa2546763edba686151259d413b312f055b46edc8ba,data/raw/phase3/locked_recovery/DOMS2022.dbc,Hash-exact recovery of a cloud-evicted locked source; date precision only. Original locked bytes and manifest unchanged.,DOMS2022.dbc,12-21-23  04:19PM,FTP LIST; server timezone unspecified,2026-08-31T08:49:18.752692+00:00
DATASUS,locked_recovery,2022,MT,2022,ftp://ftp.datasus.gov.br/dissemin/publicos/SIM/CID10/DORES/DOMT2022.dbc,ftp://ftp.datasus.gov.br/dissemin/publicos/SIM/CID10/DORES/DOMT2022.dbc,curl,2026-08-31,DOMT2022.dbc,1901733,2028b97346224a7ac578f322301fae5ac1a52003b1f1ae62f894222b15ca0e6a,4eb1bec127222955f2ee5aa2546763edba686151259d413b312f055b46edc8ba,data/raw/phase3/locked_recovery/DOMT2022.dbc,Hash-exact recovery of a cloud-evicted locked source; date precision only. Original locked bytes and manifest unchanged.,DOMT2022.dbc,12-21-23  04:19PM,FTP LIST; server timezone unspecified,2026-08-31T08:49:18.752695+00:00
DATASUS,locked_recovery,2022,PA,2022,ftp://ftp.datasus.gov.br/dissemin/publicos/SIM/CID10/DORES/DOPA2022.dbc,ftp://ftp.datasus.gov.br/dissemin/publicos/SIM/CID10/DORES/DOPA2022.dbc,curl,2026-08-31,DOPA2022.dbc,3749004,d82ecbc07d56748ea9b963189d7e28b7650aa7a0fcf5364fd3899e71f7fcddf2,4eb1bec127222955f2ee5aa2546763edba686151259d413b312f055b46edc8ba,data/raw/phase3/locked_recovery/DOPA2022.dbc,Hash-exact recovery of a cloud-evicted locked source; date precision only. Original locked bytes and manifest unchanged.,DOPA2022.dbc,12-21-23  04:19PM,FTP LIST; server timezone unspecified,2026-08-31T08:49:18.752697+00:00
DATASUS,locked_recovery,2022,PB,2022,ftp://ftp.datasus.gov.br/dissemin/publicos/SIM/CID10/DORES/DOPB2022.dbc,ftp://ftp.datasus.gov.br/dissemin/publicos/SIM/CID10/DORES/DOPB2022.dbc,curl,2026-08-31,DOPB2022.dbc,2466673,5055059626db01ee64e5b515f64ca01494f821a3329cc399a4251c8f0fbfccd6,4eb1bec127222955f2ee5aa2546763edba686151259d413b312f055b46edc8ba,data/raw/phase3/locked_recovery/DOPB2022.dbc,Hash-exact recovery of a cloud-evicted locked source; date precision only. Original locked bytes and manifest unchanged.,DOPB2022.dbc,12-21-23  04:19PM,FTP LIST; server timezone unspecified,2026-08-31T08:49:18.752701+00:00
DATASUS,locked_recovery,2022,MG,2022,ftp://ftp.datasus.gov.br/dissemin/publicos/SIM/CID10/DORES/DOMG2022.dbc,ftp://ftp.datasus.gov.br/dissemin/publicos/SIM/CID10/DORES/DOMG2022.dbc,curl,2026-08-31,DOMG2022.dbc,12967470,b2f6eb185b62b4b69d530ca3445a3c4fcceae1aa014824125dfba0c110a8fdfc,4eb1bec127222955f2ee5aa2546763edba686151259d413b312f055b46edc8ba,data/raw/phase3/locked_recovery/DOMG2022.dbc,Hash-exact recovery of a cloud-evicted locked source; date precision only. Original locked bytes and manifest unchanged.,DOMG2022.dbc,12-21-23  04:19PM,FTP LIST; server timezone unspecified,2026-08-31T08:49:18.752706+00:00
DATASUS,locked_recovery,2022,PI,2022,ftp://ftp.datasus.gov.br/dissemin/publicos/SIM/CID10/DORES/DOPI2022.dbc,ftp://ftp.datasus.gov.br/dissemin/publicos/SIM/CID10/DORES/DOPI2022.dbc,curl,2026-08-31,DOPI2022.dbc,1949205,b5d614215b1e18086fe72c2d0e74731923aefb39862ad1e011fc4efc2b6cb4b2,4eb1bec127222955f2ee5aa2546763edba686151259d413b312f055b46edc8ba,data/raw/phase3/locked_recovery/DOPI2022.dbc,Hash-exact recovery of a cloud-evicted locked source; date precision only. Original locked bytes and manifest unchanged.,DOPI2022.dbc,12-21-23  04:19PM,FTP LIST; server timezone unspecified,2026-08-31T08:49:18.752709+00:00
DATASUS,locked_recovery,2022,PE,2022,ftp://ftp.datasus.gov.br/dissemin/publicos/SIM/CID10/DORES/DOPE2022.dbc,ftp://ftp.datasus.gov.br/dissemin/publicos/SIM/CID10/DORES/DOPE2022.dbc,curl,2026-08-31,DOPE2022.dbc,5835167,785cf9b4076addf6f2e47f7859b7308a4d8254b3910624228f9c16ef6b0c1468,4eb1bec127222955f2ee5aa2546763edba686151259d413b312f055b46edc8ba,data/raw/phase3/locked_recovery/DOPE2022.dbc,Hash-exact recovery of a cloud-evicted locked source; date precision only. Original locked bytes and manifest unchanged.,DOPE2022.dbc,12-21-23  04:19PM,FTP LIST; server timezone unspecified,2026-08-31T08:49:18.752712+00:00
DATASUS,locked_recovery,2022,RN,2022,ftp://ftp.datasus.gov.br/dissemin/publicos/SIM/CID10/DORES/DORN2022.dbc,ftp://ftp.datasus.gov.br/dissemin/publicos/SIM/CID10/DORES/DORN2022.dbc,curl,2026-08-31,DORN2022.dbc,1945635,860d409074c3a34b65c9d3205fc39c3f36664451b9ec43698106235a582de64c,4eb1bec127222955f2ee5aa2546763edba686151259d413b312f055b46edc8ba,data/raw/phase3/locked_recovery/DORN2022.dbc,Hash-exact recovery of a cloud-evicted locked source; date precision only. Original locked bytes and manifest unchanged.,DORN2022.dbc,12-21-23  04:19PM,FTP LIST; server timezone unspecified,2026-08-31T08:49:18.752716+00:00
DATASUS,locked_recovery,2022,RO,2022,ftp://ftp.datasus.gov.br/dissemin/publicos/SIM/CID10/DORES/DORO2022.dbc,ftp://ftp.datasus.gov.br/dissemin/publicos/SIM/CID10/DORES/DORO2022.dbc,curl,2026-08-31,DORO2022.dbc,855648,502098fa10876901cfa6bb514f0d1a9fd5413faff968d9bbe413bb4ab8700ab2,4eb1bec127222955f2ee5aa2546763edba686151259d413b312f055b46edc8ba,data/raw/phase3/locked_recovery/DORO2022.dbc,Hash-exact recovery of a cloud-evicted locked source; date precision only. Original locked bytes and manifest unchanged.,DORO2022.dbc,12-21-23  04:19PM,FTP LIST; server timezone unspecified,2026-08-31T08:49:18.752719+00:00
DATASUS,locked_recovery,2022,PR,2022,ftp://ftp.datasus.gov.br/dissemin/publicos/SIM/CID10/DORES/DOPR2022.dbc,ftp://ftp.datasus.gov.br/dissemin/publicos/SIM/CID10/DORES/DOPR2022.dbc,curl,2026-08-31,DOPR2022.dbc,7612277,fddf7189051fbab254f4276272eab95704bc3e5006f634c13e0164432d6d3e4c,4eb1bec127222955f2ee5aa2546763edba686151259d413b312f055b46edc8ba,data/raw/phase3/locked_recovery/DOPR2022.dbc,Hash-exact recovery of a cloud-evicted locked source; date precision only. Original locked bytes and manifest unchanged.,DOPR2022.dbc,12-22-23  01:20PM,FTP LIST; server timezone unspecified,2026-08-31T08:49:18.752722+00:00
DATASUS,locked_recovery,2022,RR,2022,ftp://ftp.datasus.gov.br/dissemin/publicos/SIM/CID10/DORES/DORR2022.dbc,ftp://ftp.datasus.gov.br/dissemin/publicos/SIM/CID10/DORES/DORR2022.dbc,curl,2026-08-31,DORR2022.dbc,275221,6643344fe1ab587d648e5e0ea8cf7e3ef9e5b5b7021a12dcbbc54f5724d2ec65,4eb1bec127222955f2ee5aa2546763edba686151259d413b312f055b46edc8ba,data/raw/phase3/locked_recovery/DORR2022.dbc,Hash-exact recovery of a cloud-evicted locked source; date precision only. Original locked bytes and manifest unchanged.,DORR2022.dbc,12-21-23  04:19PM,FTP LIST; server timezone unspecified,2026-08-31T08:49:18.752725+00:00
DATASUS,locked_recovery,2022,SE,2022,ftp://ftp.datasus.gov.br/dissemin/publicos/SIM/CID10/DORES/DOSE2022.dbc,ftp://ftp.datasus.gov.br/dissemin/publicos/SIM/CID10/DORES/DOSE2022.dbc,curl,2026-08-31,DOSE2022.dbc,1264697,4fa8cd3667966cf957fa6387c247c7a40fa75ed9e65ed7eceae734aa36c9413c,4eb1bec127222955f2ee5aa2546763edba686151259d413b312f055b46edc8ba,data/raw/phase3/locked_recovery/DOSE2022.dbc,Hash-exact recovery of a cloud-evicted locked source; date precision only. Original locked bytes and manifest unchanged.,DOSE2022.dbc,12-21-23  04:20PM,FTP LIST; server timezone unspecified,2026-08-31T08:49:18.752728+00:00
DATASUS,locked_recovery,2022,RJ,2022,ftp://ftp.datasus.gov.br/dissemin/publicos/SIM/CID10/DORES/DORJ2022.dbc,ftp://ftp.datasus.gov.br/dissemin/publicos/SIM/CID10/DORES/DORJ2022.dbc,curl,2026-08-31,DORJ2022.dbc,11928191,13b942e57ee0cb132c96bc9179cba7c3240f77e67fe117d3ebb4eb061280efa3,4eb1bec127222955f2ee5aa2546763edba686151259d413b312f055b46edc8ba,data/raw/phase3/locked_recovery/DORJ2022.dbc,Hash-exact recovery of a cloud-evicted locked source; date precision only. Original locked bytes and manifest unchanged.,DORJ2022.dbc,12-21-23  04:19PM,FTP LIST; server timezone unspecified,2026-08-31T08:49:18.752731+00:00
DATASUS,locked_recovery,2022,RS,2022,ftp://ftp.datasus.gov.br/dissemin/publicos/SIM/CID10/DORES/DORS2022.dbc,ftp://ftp.datasus.gov.br/dissemin/publicos/SIM/CID10/DORES/DORS2022.dbc,curl,2026-08-31,DORS2022.dbc,8075017,10a9df31ba332d7645d5cb7c7500d52046574a5232296a141f13c552b328e0cb,4eb1bec127222955f2ee5aa2546763edba686151259d413b312f055b46edc8ba,data/raw/phase3/locked_recovery/DORS2022.dbc,Hash-exact recovery of a cloud-evicted locked source; date precision only. Original locked bytes and manifest unchanged.,DORS2022.dbc,12-21-23  04:20PM,FTP LIST; server timezone unspecified,2026-08-31T08:49:18.752734+00:00
DATASUS,locked_recovery,2022,TO,2022,ftp://ftp.datasus.gov.br/dissemin/publicos/SIM/CID10/DORES/DOTO2022.dbc,ftp://ftp.datasus.gov.br/dissemin/publicos/SIM/CID10/DORES/DOTO2022.dbc,curl,2026-08-31,DOTO2022.dbc,827677,76e71d061b43ab1db4882ae802154d5ba45e8467c0646b7750955c526f9b7c46,4eb1bec127222955f2ee5aa2546763edba686151259d413b312f055b46edc8ba,data/raw/phase3/locked_recovery/DOTO2022.dbc,Hash-exact recovery of a cloud-evicted locked source; date precision only. Original locked bytes and manifest unchanged.,DOTO2022.dbc,12-21-23  04:20PM,FTP LIST; server timezone unspecified,2026-08-31T08:49:18.752737+00:00
DATASUS,locked_recovery,2023,AP,2023,ftp://ftp.datasus.gov.br/dissemin/publicos/SIM/CID10/DORES/DOAP2023.dbc,ftp://ftp.datasus.gov.br/dissemin/publicos/SIM/CID10/DORES/DOAP2023.dbc,curl,2026-08-31,DOAP2023.dbc,328976,4c4971dbb5d824b02289cdba7770a9df7a534964df6d96a8573c76cf614c659a,4eb1bec127222955f2ee5aa2546763edba686151259d413b312f055b46edc8ba,data/raw/phase3/locked_recovery/DOAP2023.dbc,Hash-exact recovery of a cloud-evicted locked source; date precision only. Original locked bytes and manifest unchanged.,DOAP2023.dbc,12-19-24  11:54AM,FTP LIST; server timezone unspecified,2026-08-31T08:49:18.752740+00:00
DATASUS,locked_recovery,2022,SC,2022,ftp://ftp.datasus.gov.br/dissemin/publicos/SIM/CID10/DORES/DOSC2022.dbc,ftp://ftp.datasus.gov.br/dissemin/publicos/SIM/CID10/DORES/DOSC2022.dbc,curl,2026-08-31,DOSC2022.dbc,4214991,ccb410b0ff5f20b31910f3493510fb5e610f4297e084d88928d6ea7970f4fb75,4eb1bec127222955f2ee5aa2546763edba686151259d413b312f055b46edc8ba,data/raw/phase3/locked_recovery/DOSC2022.dbc,Hash-exact recovery of a cloud-evicted locked source; date precision only. Original locked bytes and manifest unchanged.,DOSC2022.dbc,12-21-23  04:20PM,FTP LIST; server timezone unspecified,2026-08-31T08:49:18.752743+00:00
DATASUS,locked_recovery,2023,DF,2023,ftp://ftp.datasus.gov.br/dissemin/publicos/SIM/CID10/DORES/DODF2023.dbc,ftp://ftp.datasus.gov.br/dissemin/publicos/SIM/CID10/DORES/DODF2023.dbc,curl,2026-08-31,DODF2023.dbc,1238797,0756e0cdd95c573f4683d7efbfc30ef18b68e0efa8b483721f6e0ff8d05d22f3,4eb1bec127222955f2ee5aa2546763edba686151259d413b312f055b46edc8ba,data/raw/phase3/locked_recovery/DODF2023.dbc,Hash-exact recovery of a cloud-evicted locked source; date precision only. Original locked bytes and manifest unchanged.,DODF2023.dbc,12-19-24  11:55AM,FTP LIST; server timezone unspecified,2026-08-31T08:49:18.752748+00:00
DATASUS,locked_recovery,2023,CE,2023,ftp://ftp.datasus.gov.br/dissemin/publicos/SIM/CID10/DORES/DOCE2023.dbc,ftp://ftp.datasus.gov.br/dissemin/publicos/SIM/CID10/DORES/DOCE2023.dbc,curl,2026-08-31,DOCE2023.dbc,5153239,46de0e893c9131ba00d085eb28763704e36b5e5a3146a31aa0d501a689d2e411,4eb1bec127222955f2ee5aa2546763edba686151259d413b312f055b46edc8ba,data/raw/phase3/locked_recovery/DOCE2023.dbc,Hash-exact recovery of a cloud-evicted locked source; date precision only. Original locked bytes and manifest unchanged.,DOCE2023.dbc,12-19-24  11:55AM,FTP LIST; server timezone unspecified,2026-08-31T08:49:18.752751+00:00
DATASUS,locked_recovery,2023,BA,2023,ftp://ftp.datasus.gov.br/dissemin/publicos/SIM/CID10/DORES/DOBA2023.dbc,ftp://ftp.datasus.gov.br/dissemin/publicos/SIM/CID10/DORES/DOBA2023.dbc,curl,2026-08-31,DOBA2023.dbc,8746195,8d5df8bd7813d61ef6fc38bec700a763598f437b57f064246e7460c4641e7286,4eb1bec127222955f2ee5aa2546763edba686151259d413b312f055b46edc8ba,data/raw/phase3/locked_recovery/DOBA2023.dbc,Hash-exact recovery of a cloud-evicted locked source; date precision only. Original locked bytes and manifest unchanged.,DOBA2023.dbc,12-19-24  11:54AM,FTP LIST; server timezone unspecified,2026-08-31T08:49:18.752754+00:00
DATASUS,locked_recovery,2023,ES,2023,ftp://ftp.datasus.gov.br/dissemin/publicos/SIM/CID10/DORES/DOES2023.dbc,ftp://ftp.datasus.gov.br/dissemin/publicos/SIM/CID10/DORES/DOES2023.dbc,curl,2026-08-31,DOES2023.dbc,2373068,bfc52857f2efc3e2d8aec46248fce6c9ea58ccf8fa85aad8d117bc5a31d49acd,4eb1bec127222955f2ee5aa2546763edba686151259d413b312f055b46edc8ba,data/raw/phase3/locked_recovery/DOES2023.dbc,Hash-exact recovery of a cloud-evicted locked source; date precision only. Original locked bytes and manifest unchanged.,DOES2023.dbc,12-19-24  11:55AM,FTP LIST; server timezone unspecified,2026-08-31T08:49:18.752757+00:00
DATASUS,locked_recovery,2023,GO,2023,ftp://ftp.datasus.gov.br/dissemin/publicos/SIM/CID10/DORES/DOGO2023.dbc,ftp://ftp.datasus.gov.br/dissemin/publicos/SIM/CID10/DORES/DOGO2023.dbc,curl,2026-08-31,DOGO2023.dbc,4178667,79dde91da58c0e280f04d84d33417270d9dda911542e64a8e1dd249c9930090e,4eb1bec127222955f2ee5aa2546763edba686151259d413b312f055b46edc8ba,data/raw/phase3/locked_recovery/DOGO2023.dbc,Hash-exact recovery of a cloud-evicted locked source; date precision only. Original locked bytes and manifest unchanged.,DOGO2023.dbc,12-19-24  11:55AM,FTP LIST; server timezone unspecified,2026-08-31T08:49:18.752760+00:00
DATASUS,locked_recovery,2023,MA,2023,ftp://ftp.datasus.gov.br/dissemin/publicos/SIM/CID10/DORES/DOMA2023.dbc,ftp://ftp.datasus.gov.br/dissemin/publicos/SIM/CID10/DORES/DOMA2023.dbc,curl,2026-08-31,DOMA2023.dbc,3308845,1150385e8d0897f24f1657791168a9386c709f4de4883ce36c2b23d794652000,4eb1bec127222955f2ee5aa2546763edba686151259d413b312f055b46edc8ba,data/raw/phase3/locked_recovery/DOMA2023.dbc,Hash-exact recovery of a cloud-evicted locked source; date precision only. Original locked bytes and manifest unchanged.,DOMA2023.dbc,12-19-24  11:55AM,FTP LIST; server timezone unspecified,2026-08-31T08:49:18.752763+00:00
DATASUS,locked_recovery,2023,MS,2023,ftp://ftp.datasus.gov.br/dissemin/publicos/SIM/CID10/DORES/DOMS2023.dbc,ftp://ftp.datasus.gov.br/dissemin/publicos/SIM/CID10/DORES/DOMS2023.dbc,curl,2026-08-31,DOMS2023.dbc,1642561,a4d98e948408988914be4fbdf70f6891494e13525d29685d60a8eaa68d4bb09a,4eb1bec127222955f2ee5aa2546763edba686151259d413b312f055b46edc8ba,data/raw/phase3/locked_recovery/DOMS2023.dbc,Hash-exact recovery of a cloud-evicted locked source; date precision only. Original locked bytes and manifest unchanged.,DOMS2023.dbc,12-19-24  11:56AM,FTP LIST; server timezone unspecified,2026-08-31T08:49:18.752766+00:00
DATASUS,locked_recovery,2023,MT,2023,ftp://ftp.datasus.gov.br/dissemin/publicos/SIM/CID10/DORES/DOMT2023.dbc,ftp://ftp.datasus.gov.br/dissemin/publicos/SIM/CID10/DORES/DOMT2023.dbc,curl,2026-08-31,DOMT2023.dbc,2003853,31bcd4fd9355b851bcf31afb31b21c3b48921d58adc28324c4761e2ef0f95e62,4eb1bec127222955f2ee5aa2546763edba686151259d413b312f055b46edc8ba,data/raw/phase3/locked_recovery/DOMT2023.dbc,Hash-exact recovery of a cloud-evicted locked source; date precision only. Original locked bytes and manifest unchanged.,DOMT2023.dbc,12-19-24  11:56AM,FTP LIST; server timezone unspecified,2026-08-31T08:49:18.752770+00:00
DATASUS,locked_recovery,2022,SP,2022,ftp://ftp.datasus.gov.br/dissemin/publicos/SIM/CID10/DORES/DOSP2022.dbc,ftp://ftp.datasus.gov.br/dissemin/publicos/SIM/CID10/DORES/DOSP2022.dbc,curl,2026-08-31,DOSP2022.dbc,28630082,34f6f7aef94545b88748982d0891a2b014c21dd43db8fd3b656643e0d6c17540,4eb1bec127222955f2ee5aa2546763edba686151259d413b312f055b46edc8ba,data/raw/phase3/locked_recovery/DOSP2022.dbc,Hash-exact recovery of a cloud-evicted locked source; date precision only. Original locked bytes and manifest unchanged.,DOSP2022.dbc,12-21-23  04:20PM,FTP LIST; server timezone unspecified,2026-08-31T08:49:18.752773+00:00
DATASUS,locked_recovery,2023,PB,2023,ftp://ftp.datasus.gov.br/dissemin/publicos/SIM/CID10/DORES/DOPB2023.dbc,ftp://ftp.datasus.gov.br/dissemin/publicos/SIM/CID10/DORES/DOPB2023.dbc,curl,2026-08-31,DOPB2023.dbc,2400665,73a0ad67a764ccfbd8155f58f5d190b9ee56f3b07a672493425e0fe383862545,4eb1bec127222955f2ee5aa2546763edba686151259d413b312f055b46edc8ba,data/raw/phase3/locked_recovery/DOPB2023.dbc,Hash-exact recovery of a cloud-evicted locked source; date precision only. Original locked bytes and manifest unchanged.,DOPB2023.dbc,12-19-24  11:56AM,FTP LIST; server timezone unspecified,2026-08-31T08:49:18.752776+00:00
DATASUS,locked_recovery,2023,MG,2023,ftp://ftp.datasus.gov.br/dissemin/publicos/SIM/CID10/DORES/DOMG2023.dbc,ftp://ftp.datasus.gov.br/dissemin/publicos/SIM/CID10/DORES/DOMG2023.dbc,curl,2026-08-31,DOMG2023.dbc,13059607,fb4c338c2b782054de30eb3989e5be2746db91dbd4ca4849fe4b8749f41aab89,4eb1bec127222955f2ee5aa2546763edba686151259d413b312f055b46edc8ba,data/raw/phase3/locked_recovery/DOMG2023.dbc,Hash-exact recovery of a cloud-evicted locked source; date precision only. Original locked bytes and manifest unchanged.,DOMG2023.dbc,01-21-25  01:42PM,FTP LIST; server timezone unspecified,2026-08-31T08:49:18.752779+00:00
DATASUS,locked_recovery,2023,PA,2023,ftp://ftp.datasus.gov.br/dissemin/publicos/SIM/CID10/DORES/DOPA2023.dbc,ftp://ftp.datasus.gov.br/dissemin/publicos/SIM/CID10/DORES/DOPA2023.dbc,curl,2026-08-31,DOPA2023.dbc,3751208,96af0c3be4dce9586069442b9d63bc4c1a69d6718241c2253b483bb96cca0a1e,4eb1bec127222955f2ee5aa2546763edba686151259d413b312f055b46edc8ba,data/raw/phase3/locked_recovery/DOPA2023.dbc,Hash-exact recovery of a cloud-evicted locked source; date precision only. Original locked bytes and manifest unchanged.,DOPA2023.dbc,12-26-24  12:53PM,FTP LIST; server timezone unspecified,2026-08-31T08:49:18.752782+00:00
DATASUS,locked_recovery,2023,PI,2023,ftp://ftp.datasus.gov.br/dissemin/publicos/SIM/CID10/DORES/DOPI2023.dbc,ftp://ftp.datasus.gov.br/dissemin/publicos/SIM/CID10/DORES/DOPI2023.dbc,curl,2026-08-31,DOPI2023.dbc,1933690,410d966af8e339313e08cbfdb5a7713226ad255bdce35b1a735dc219444d197d,4eb1bec127222955f2ee5aa2546763edba686151259d413b312f055b46edc8ba,data/raw/phase3/locked_recovery/DOPI2023.dbc,Hash-exact recovery of a cloud-evicted locked source; date precision only. Original locked bytes and manifest unchanged.,DOPI2023.dbc,12-19-24  11:56AM,FTP LIST; server timezone unspecified,2026-08-31T08:49:18.752785+00:00
DATASUS,locked_recovery,2023,PE,2023,ftp://ftp.datasus.gov.br/dissemin/publicos/SIM/CID10/DORES/DOPE2023.dbc,ftp://ftp.datasus.gov.br/dissemin/publicos/SIM/CID10/DORES/DOPE2023.dbc,curl,2026-08-31,DOPE2023.dbc,5779997,d5b5600d544cd82a7dfb13663b21c68ccfc004680d50c8dec72a26f97d219451,4eb1bec127222955f2ee5aa2546763edba686151259d413b312f055b46edc8ba,data/raw/phase3/locked_recovery/DOPE2023.dbc,Hash-exact recovery of a cloud-evicted locked source; date precision only. Original locked bytes and manifest unchanged.,DOPE2023.dbc,12-19-24  11:56AM,FTP LIST; server timezone unspecified,2026-08-31T08:49:18.752788+00:00
DATASUS,locked_recovery,2023,RN,2023,ftp://ftp.datasus.gov.br/dissemin/publicos/SIM/CID10/DORES/DORN2023.dbc,ftp://ftp.datasus.gov.br/dissemin/publicos/SIM/CID10/DORES/DORN2023.dbc,curl,2026-08-31,DORN2023.dbc,1916710,a744a9e73f6cbda359ff9f429cd8292ea1ca19f5f03800cdf36cd21598bb0906,4eb1bec127222955f2ee5aa2546763edba686151259d413b312f055b46edc8ba,data/raw/phase3/locked_recovery/DORN2023.dbc,Hash-exact recovery of a cloud-evicted locked source; date precision only. Original locked bytes and manifest unchanged.,DORN2023.dbc,12-19-24  11:56AM,FTP LIST; server timezone unspecified,2026-08-31T08:49:18.752792+00:00
DATASUS,locked_recovery,2023,RO,2023,ftp://ftp.datasus.gov.br/dissemin/publicos/SIM/CID10/DORES/DORO2023.dbc,ftp://ftp.datasus.gov.br/dissemin/publicos/SIM/CID10/DORES/DORO2023.dbc,curl,2026-08-31,DORO2023.dbc,878235,87b36fa745305589d15b47857202ff9422bc35ec089ded4591e10a21e39fccc1,4eb1bec127222955f2ee5aa2546763edba686151259d413b312f055b46edc8ba,data/raw/phase3/locked_recovery/DORO2023.dbc,Hash-exact recovery of a cloud-evicted locked source; date precision only. Original locked bytes and manifest unchanged.,DORO2023.dbc,12-19-24  11:56AM,FTP LIST; server timezone unspecified,2026-08-31T08:49:18.752796+00:00
DATASUS,locked_recovery,2023,PR,2023,ftp://ftp.datasus.gov.br/dissemin/publicos/SIM/CID10/DORES/DOPR2023.dbc,ftp://ftp.datasus.gov.br/dissemin/publicos/SIM/CID10/DORES/DOPR2023.dbc,curl,2026-08-31,DOPR2023.dbc,7368805,c2332170cec3ebba6acab9f918f962433c1369354f76eacafbbdc0adeacf36c1,4eb1bec127222955f2ee5aa2546763edba686151259d413b312f055b46edc8ba,data/raw/phase3/locked_recovery/DOPR2023.dbc,Hash-exact recovery of a cloud-evicted locked source; date precision only. Original locked bytes and manifest unchanged.,DOPR2023.dbc,12-19-24  03:36PM,FTP LIST; server timezone unspecified,2026-08-31T08:49:18.752798+00:00
DATASUS,locked_recovery,2023,RR,2023,ftp://ftp.datasus.gov.br/dissemin/publicos/SIM/CID10/DORES/DORR2023.dbc,ftp://ftp.datasus.gov.br/dissemin/publicos/SIM/CID10/DORES/DORR2023.dbc,curl,2026-08-31,DORR2023.dbc,288798,15b5203507161b7c35f9c69a52c955bdac133629549099b85a88e03a9a45baf0,4eb1bec127222955f2ee5aa2546763edba686151259d413b312f055b46edc8ba,data/raw/phase3/locked_recovery/DORR2023.dbc,Hash-exact recovery of a cloud-evicted locked source; date precision only. Original locked bytes and manifest unchanged.,DORR2023.dbc,12-19-24  11:56AM,FTP LIST; server timezone unspecified,2026-08-31T08:49:18.752801+00:00
DATASUS,locked_recovery,2023,RJ,2023,ftp://ftp.datasus.gov.br/dissemin/publicos/SIM/CID10/DORES/DORJ2023.dbc,ftp://ftp.datasus.gov.br/dissemin/publicos/SIM/CID10/DORES/DORJ2023.dbc,curl,2026-08-31,DORJ2023.dbc,11382859,c988dd824c5c1be7cb7d6266fb828c289a4806b069feaed1c84133069fa20d07,4eb1bec127222955f2ee5aa2546763edba686151259d413b312f055b46edc8ba,data/raw/phase3/locked_recovery/DORJ2023.dbc,Hash-exact recovery of a cloud-evicted locked source; date precision only. Original locked bytes and manifest unchanged.,DORJ2023.dbc,12-19-24  11:56AM,FTP LIST; server timezone unspecified,2026-08-31T08:49:18.752805+00:00
DATASUS,locked_recovery,2023,SE,2023,ftp://ftp.datasus.gov.br/dissemin/publicos/SIM/CID10/DORES/DOSE2023.dbc,ftp://ftp.datasus.gov.br/dissemin/publicos/SIM/CID10/DORES/DOSE2023.dbc,curl,2026-08-31,DOSE2023.dbc,1227638,97f198889b3d0143e2bd819f3dcb112a9ea62d0fb5586dd4a77c812527ffe157,4eb1bec127222955f2ee5aa2546763edba686151259d413b312f055b46edc8ba,data/raw/phase3/locked_recovery/DOSE2023.dbc,Hash-exact recovery of a cloud-evicted locked source; date precision only. Original locked bytes and manifest unchanged.,DOSE2023.dbc,12-19-24  11:56AM,FTP LIST; server timezone unspecified,2026-08-31T08:49:18.752808+00:00
DATASUS,locked_recovery,2023,SC,2023,ftp://ftp.datasus.gov.br/dissemin/publicos/SIM/CID10/DORES/DOSC2023.dbc,ftp://ftp.datasus.gov.br/dissemin/publicos/SIM/CID10/DORES/DOSC2023.dbc,curl,2026-08-31,DOSC2023.dbc,4214177,1be70f99d8f8ec656b35ab4ddeac65a0b588806fe47db6c07e398b79d0a989fa,4eb1bec127222955f2ee5aa2546763edba686151259d413b312f055b46edc8ba,data/raw/phase3/locked_recovery/DOSC2023.dbc,Hash-exact recovery of a cloud-evicted locked source; date precision only. Original locked bytes and manifest unchanged.,DOSC2023.dbc,12-19-24  11:56AM,FTP LIST; server timezone unspecified,2026-08-31T08:49:18.752811+00:00
DATASUS,locked_recovery,2023,RS,2023,ftp://ftp.datasus.gov.br/dissemin/publicos/SIM/CID10/DORES/DORS2023.dbc,ftp://ftp.datasus.gov.br/dissemin/publicos/SIM/CID10/DORES/DORS2023.dbc,curl,2026-08-31,DORS2023.dbc,7756155,3dae23288087e5fa2c17e0370311ad9cb8132b89efff1a5f36cd9b6e7801b150,4eb1bec127222955f2ee5aa2546763edba686151259d413b312f055b46edc8ba,data/raw/phase3/locked_recovery/DORS2023.dbc,Hash-exact recovery of a cloud-evicted locked source; date precision only. Original locked bytes and manifest unchanged.,DORS2023.dbc,12-19-24  11:56AM,FTP LIST; server timezone unspecified,2026-08-31T08:49:18.752814+00:00
DATASUS,locked_recovery,2023,TO,2023,ftp://ftp.datasus.gov.br/dissemin/publicos/SIM/CID10/DORES/DOTO2023.dbc,ftp://ftp.datasus.gov.br/dissemin/publicos/SIM/CID10/DORES/DOTO2023.dbc,curl,2026-08-31,DOTO2023.dbc,817587,242ccc486d8e831348747d9f19635afdea9a47f2b7b8189bcf8fc2362627409a,4eb1bec127222955f2ee5aa2546763edba686151259d413b312f055b46edc8ba,data/raw/phase3/locked_recovery/DOTO2023.dbc,Hash-exact recovery of a cloud-evicted locked source; date precision only. Original locked bytes and manifest unchanged.,DOTO2023.dbc,12-19-24  11:56AM,FTP LIST; server timezone unspecified,2026-08-31T08:49:18.752817+00:00
DATASUS,locked_recovery,2022-12,AC,2022-12,ftp://ftp.datasus.gov.br/dissemin/publicos/SIHSUS/200801_/Dados/RDAC2212.dbc,ftp://ftp.datasus.gov.br/dissemin/publicos/SIHSUS/200801_/Dados/RDAC2212.dbc,curl,2026-08-31,RDAC2212.dbc,321975,958db20e740c3e089d1bd0561e02b8a1d14c721e77ce161c37d147690cb409fd,60902ed872c4899e05a4c7f8b2daf5a1dfe7457192e488063fa3b7ef47256dc1,data/raw/phase3/locked_recovery/RDAC2212.dbc,Hash-exact recovery of a cloud-evicted locked source; date precision only. Original locked bytes and manifest unchanged.,RDAC2212.dbc,01-05-24  06:10PM,FTP LIST; server timezone unspecified,2026-08-31T08:49:18.752820+00:00
DATASUS,locked_recovery,2022-12,AP,2022-12,ftp://ftp.datasus.gov.br/dissemin/publicos/SIHSUS/200801_/Dados/RDAP2212.dbc,ftp://ftp.datasus.gov.br/dissemin/publicos/SIHSUS/200801_/Dados/RDAP2212.dbc,curl,2026-08-31,RDAP2212.dbc,273859,00353578450f93a298974d4d5634949398c91203329fd7fbb6ddb482b2f31251,60902ed872c4899e05a4c7f8b2daf5a1dfe7457192e488063fa3b7ef47256dc1,data/raw/phase3/locked_recovery/RDAP2212.dbc,Hash-exact recovery of a cloud-evicted locked source; date precision only. Original locked bytes and manifest unchanged.,RDAP2212.dbc,01-05-24  06:10PM,FTP LIST; server timezone unspecified,2026-08-31T08:49:18.752824+00:00
DATASUS,locked_recovery,2022-12,AL,2022-12,ftp://ftp.datasus.gov.br/dissemin/publicos/SIHSUS/200801_/Dados/RDAL2212.dbc,ftp://ftp.datasus.gov.br/dissemin/publicos/SIHSUS/200801_/Dados/RDAL2212.dbc,curl,2026-08-31,RDAL2212.dbc,1013645,91a530c59d28a1396043e9d4ee474168943b3656efbfa9f1ca405b62dd1957c1,60902ed872c4899e05a4c7f8b2daf5a1dfe7457192e488063fa3b7ef47256dc1,data/raw/phase3/locked_recovery/RDAL2212.dbc,Hash-exact recovery of a cloud-evicted locked source; date precision only. Original locked bytes and manifest unchanged.,RDAL2212.dbc,01-05-24  06:10PM,FTP LIST; server timezone unspecified,2026-08-31T08:49:18.752827+00:00
DATASUS,locked_recovery,2022-12,AM,2022-12,ftp://ftp.datasus.gov.br/dissemin/publicos/SIHSUS/200801_/Dados/RDAM2212.dbc,ftp://ftp.datasus.gov.br/dissemin/publicos/SIHSUS/200801_/Dados/RDAM2212.dbc,curl,2026-08-31,RDAM2212.dbc,1235284,7cbda73d70280f9e32e97585312ac9f798f68bde288faf329aa9cc0f3cd4939c,60902ed872c4899e05a4c7f8b2daf5a1dfe7457192e488063fa3b7ef47256dc1,data/raw/phase3/locked_recovery/RDAM2212.dbc,Hash-exact recovery of a cloud-evicted locked source; date precision only. Original locked bytes and manifest unchanged.,RDAM2212.dbc,01-05-24  06:10PM,FTP LIST; server timezone unspecified,2026-08-31T08:49:18.752830+00:00
DATASUS,locked_recovery,2022-12,DF,2022-12,ftp://ftp.datasus.gov.br/dissemin/publicos/SIHSUS/200801_/Dados/RDDF2212.dbc,ftp://ftp.datasus.gov.br/dissemin/publicos/SIHSUS/200801_/Dados/RDDF2212.dbc,curl,2026-08-31,RDDF2212.dbc,1311147,0bb38d176af38b2896d73d6f1621d62469e4a3ef5b0bd5b2628efdcf45c535e1,60902ed872c4899e05a4c7f8b2daf5a1dfe7457192e488063fa3b7ef47256dc1,data/raw/phase3/locked_recovery/RDDF2212.dbc,Hash-exact recovery of a cloud-evicted locked source; date precision only. Original locked bytes and manifest unchanged.,RDDF2212.dbc,01-05-24  06:10PM,FTP LIST; server timezone unspecified,2026-08-31T08:49:18.752836+00:00
DATASUS,locked_recovery,2022-12,CE,2022-12,ftp://ftp.datasus.gov.br/dissemin/publicos/SIHSUS/200801_/Dados/RDCE2212.dbc,ftp://ftp.datasus.gov.br/dissemin/publicos/SIHSUS/200801_/Dados/RDCE2212.dbc,curl,2026-08-31,RDCE2212.dbc,3254951,e04bb3faee1927ade37bb26cac705e03be2d4796759aa31a7caff8f01183cb0c,60902ed872c4899e05a4c7f8b2daf5a1dfe7457192e488063fa3b7ef47256dc1,data/raw/phase3/locked_recovery/RDCE2212.dbc,Hash-exact recovery of a cloud-evicted locked source; date precision only. Original locked bytes and manifest unchanged.,RDCE2212.dbc,01-05-24  06:10PM,FTP LIST; server timezone unspecified,2026-08-31T08:49:18.752840+00:00
DATASUS,locked_recovery,2022-12,BA,2022-12,ftp://ftp.datasus.gov.br/dissemin/publicos/SIHSUS/200801_/Dados/RDBA2212.dbc,ftp://ftp.datasus.gov.br/dissemin/publicos/SIHSUS/200801_/Dados/RDBA2212.dbc,curl,2026-08-31,RDBA2212.dbc,4970221,a3dc4854430141f4a10421f12d060bf3a416cb2b2be3364dd9cdbb5f7ec42651,60902ed872c4899e05a4c7f8b2daf5a1dfe7457192e488063fa3b7ef47256dc1,data/raw/phase3/locked_recovery/RDBA2212.dbc,Hash-exact recovery of a cloud-evicted locked source; date precision only. Original locked bytes and manifest unchanged.,RDBA2212.dbc,01-05-24  06:10PM,FTP LIST; server timezone unspecified,2026-08-31T08:49:18.752846+00:00
DATASUS,locked_recovery,2022-12,ES,2022-12,ftp://ftp.datasus.gov.br/dissemin/publicos/SIHSUS/200801_/Dados/RDES2212.dbc,ftp://ftp.datasus.gov.br/dissemin/publicos/SIHSUS/200801_/Dados/RDES2212.dbc,curl,2026-08-31,RDES2212.dbc,1602805,fff5981c43c463a418374cae81d18310f192ad4dd3f51a084f57f9d2e70dcf28,60902ed872c4899e05a4c7f8b2daf5a1dfe7457192e488063fa3b7ef47256dc1,data/raw/phase3/locked_recovery/RDES2212.dbc,Hash-exact recovery of a cloud-evicted locked source; date precision only. Original locked bytes and manifest unchanged.,RDES2212.dbc,01-05-24  06:10PM,FTP LIST; server timezone unspecified,2026-08-31T08:49:18.752850+00:00
DATASUS,locked_recovery,2022-12,GO,2022-12,ftp://ftp.datasus.gov.br/dissemin/publicos/SIHSUS/200801_/Dados/RDGO2212.dbc,ftp://ftp.datasus.gov.br/dissemin/publicos/SIHSUS/200801_/Dados/RDGO2212.dbc,curl,2026-08-31,RDGO2212.dbc,2369548,f2ffe8325d1090bacad003e48acb3f2e5e55af72f844b3ab0f16edd6d60a05da,60902ed872c4899e05a4c7f8b2daf5a1dfe7457192e488063fa3b7ef47256dc1,data/raw/phase3/locked_recovery/RDGO2212.dbc,Hash-exact recovery of a cloud-evicted locked source; date precision only. Original locked bytes and manifest unchanged.,RDGO2212.dbc,01-05-24  06:10PM,FTP LIST; server timezone unspecified,2026-08-31T08:49:18.752853+00:00
DATASUS,locked_recovery,2022-12,MA,2022-12,ftp://ftp.datasus.gov.br/dissemin/publicos/SIHSUS/200801_/Dados/RDMA2212.dbc,ftp://ftp.datasus.gov.br/dissemin/publicos/SIHSUS/200801_/Dados/RDMA2212.dbc,curl,2026-08-31,RDMA2212.dbc,2660703,2a160569e5aa85312ff4bbb0657cdd430ca60c0fa1e9b2f98641477a48a96fac,60902ed872c4899e05a4c7f8b2daf5a1dfe7457192e488063fa3b7ef47256dc1,data/raw/phase3/locked_recovery/RDMA2212.dbc,Hash-exact recovery of a cloud-evicted locked source; date precision only. Original locked bytes and manifest unchanged.,RDMA2212.dbc,01-05-24  06:10PM,FTP LIST; server timezone unspecified,2026-08-31T08:49:18.752860+00:00
DATASUS,locked_recovery,2022-12,MS,2022-12,ftp://ftp.datasus.gov.br/dissemin/publicos/SIHSUS/200801_/Dados/RDMS2212.dbc,ftp://ftp.datasus.gov.br/dissemin/publicos/SIHSUS/200801_/Dados/RDMS2212.dbc,curl,2026-08-31,RDMS2212.dbc,1198097,13f84832b232edb2150d6f68d38e67e06766ef3562e1433a32e698fdfe895ef1,60902ed872c4899e05a4c7f8b2daf5a1dfe7457192e488063fa3b7ef47256dc1,data/raw/phase3/locked_recovery/RDMS2212.dbc,Hash-exact recovery of a cloud-evicted locked source; date precision only. Original locked bytes and manifest unchanged.,RDMS2212.dbc,01-05-24  06:10PM,FTP LIST; server timezone unspecified,2026-08-31T08:49:18.752863+00:00
DATASUS,locked_recovery,2022-12,MT,2022-12,ftp://ftp.datasus.gov.br/dissemin/publicos/SIHSUS/200801_/Dados/RDMT2212.dbc,ftp://ftp.datasus.gov.br/dissemin/publicos/SIHSUS/200801_/Dados/RDMT2212.dbc,curl,2026-08-31,RDMT2212.dbc,1253247,8e8c53428a621287b299d3bfd3271bf7c8daa73486ede5a12e1b5787f948fcb5,60902ed872c4899e05a4c7f8b2daf5a1dfe7457192e488063fa3b7ef47256dc1,data/raw/phase3/locked_recovery/RDMT2212.dbc,Hash-exact recovery of a cloud-evicted locked source; date precision only. Original locked bytes and manifest unchanged.,RDMT2212.dbc,01-05-24  06:10PM,FTP LIST; server timezone unspecified,2026-08-31T08:49:18.752867+00:00
DATASUS,locked_recovery,2023,SP,2023,ftp://ftp.datasus.gov.br/dissemin/publicos/SIM/CID10/DORES/DOSP2023.dbc,ftp://ftp.datasus.gov.br/dissemin/publicos/SIM/CID10/DORES/DOSP2023.dbc,curl,2026-08-31,DOSP2023.dbc,27790415,7743903b55efa96c3da9457fdfd300e2081051a3dc01afe0685544d51cf823e2,4eb1bec127222955f2ee5aa2546763edba686151259d413b312f055b46edc8ba,data/raw/phase3/locked_recovery/DOSP2023.dbc,Hash-exact recovery of a cloud-evicted locked source; date precision only. Original locked bytes and manifest unchanged.,DOSP2023.dbc,12-19-24  11:56AM,FTP LIST; server timezone unspecified,2026-08-31T08:49:18.752871+00:00
DATASUS,locked_recovery,2022-12,MG,2022-12,ftp://ftp.datasus.gov.br/dissemin/publicos/SIHSUS/200801_/Dados/RDMG2212.dbc,ftp://ftp.datasus.gov.br/dissemin/publicos/SIHSUS/200801_/Dados/RDMG2212.dbc,curl,2026-08-31,RDMG2212.dbc,9011389,5b0d1de5b4ef4724899e0112c99680b5b3d9992bb8fe7eac7ce8a798430bdaf0,60902ed872c4899e05a4c7f8b2daf5a1dfe7457192e488063fa3b7ef47256dc1,data/raw/phase3/locked_recovery/RDMG2212.dbc,Hash-exact recovery of a cloud-evicted locked source; date precision only. Original locked bytes and manifest unchanged.,RDMG2212.dbc,01-05-24  06:10PM,FTP LIST; server timezone unspecified,2026-08-31T08:49:18.752874+00:00
DATASUS,locked_recovery,2022-12,PA,2022-12,ftp://ftp.datasus.gov.br/dissemin/publicos/SIHSUS/200801_/Dados/RDPA2212.dbc,ftp://ftp.datasus.gov.br/dissemin/publicos/SIHSUS/200801_/Dados/RDPA2212.dbc,curl,2026-08-31,RDPA2212.dbc,2804898,268d1e6c377907ba8117c788902ef9451664d2a549894f202bcc3f329f8d7603,60902ed872c4899e05a4c7f8b2daf5a1dfe7457192e488063fa3b7ef47256dc1,data/raw/phase3/locked_recovery/RDPA2212.dbc,Hash-exact recovery of a cloud-evicted locked source; date precision only. Original locked bytes and manifest unchanged.,RDPA2212.dbc,01-05-24  06:10PM,FTP LIST; server timezone unspecified,2026-08-31T08:49:18.752877+00:00
DATASUS,locked_recovery,2022-12,PB,2022-12,ftp://ftp.datasus.gov.br/dissemin/publicos/SIHSUS/200801_/Dados/RDPB2212.dbc,ftp://ftp.datasus.gov.br/dissemin/publicos/SIHSUS/200801_/Dados/RDPB2212.dbc,curl,2026-08-31,RDPB2212.dbc,1269345,f9c91f0f84b50d2bc3405aac9fd0ee3d9c3bd525a7c45a05215a374b432ea80b,60902ed872c4899e05a4c7f8b2daf5a1dfe7457192e488063fa3b7ef47256dc1,data/raw/phase3/locked_recovery/RDPB2212.dbc,Hash-exact recovery of a cloud-evicted locked source; date precision only. Original locked bytes and manifest unchanged.,RDPB2212.dbc,01-05-24  06:09PM,FTP LIST; server timezone unspecified,2026-08-31T08:49:18.752881+00:00
DATASUS,locked_recovery,2022-12,PI,2022-12,ftp://ftp.datasus.gov.br/dissemin/publicos/SIHSUS/200801_/Dados/RDPI2212.dbc,ftp://ftp.datasus.gov.br/dissemin/publicos/SIHSUS/200801_/Dados/RDPI2212.dbc,curl,2026-08-31,RDPI2212.dbc,1248798,67fd7a442a4280174788295af2c169ca6caaefff422a67530d5f233b36291f72,60902ed872c4899e05a4c7f8b2daf5a1dfe7457192e488063fa3b7ef47256dc1,data/raw/phase3/locked_recovery/RDPI2212.dbc,Hash-exact recovery of a cloud-evicted locked source; date precision only. Original locked bytes and manifest unchanged.,RDPI2212.dbc,01-05-24  06:09PM,FTP LIST; server timezone unspecified,2026-08-31T08:49:18.752884+00:00
DATASUS,locked_recovery,2022-12,PE,2022-12,ftp://ftp.datasus.gov.br/dissemin/publicos/SIHSUS/200801_/Dados/RDPE2212.dbc,ftp://ftp.datasus.gov.br/dissemin/publicos/SIHSUS/200801_/Dados/RDPE2212.dbc,curl,2026-08-31,RDPE2212.dbc,3895345,4434b95311393994555987f862434fd348c18ed8b16de89a6998d8b862f4911c,60902ed872c4899e05a4c7f8b2daf5a1dfe7457192e488063fa3b7ef47256dc1,data/raw/phase3/locked_recovery/RDPE2212.dbc,Hash-exact recovery of a cloud-evicted locked source; date precision only. Original locked bytes and manifest unchanged.,RDPE2212.dbc,01-05-24  06:09PM,FTP LIST; server timezone unspecified,2026-08-31T08:49:18.752887+00:00
DATASUS,locked_recovery,2022-12,RN,2022-12,ftp://ftp.datasus.gov.br/dissemin/publicos/SIHSUS/200801_/Dados/RDRN2212.dbc,ftp://ftp.datasus.gov.br/dissemin/publicos/SIHSUS/200801_/Dados/RDRN2212.dbc,curl,2026-08-31,RDRN2212.dbc,1088886,e3769ef381eddd7f1de29ce36b42ab185dc7df2a560f4b1cd5f1230e4d53bbd8,60902ed872c4899e05a4c7f8b2daf5a1dfe7457192e488063fa3b7ef47256dc1,data/raw/phase3/locked_recovery/RDRN2212.dbc,Hash-exact recovery of a cloud-evicted locked source; date precision only. Original locked bytes and manifest unchanged.,RDRN2212.dbc,01-05-24  06:09PM,FTP LIST; server timezone unspecified,2026-08-31T08:49:18.752891+00:00
DATASUS,locked_recovery,2022-12,PR,2022-12,ftp://ftp.datasus.gov.br/dissemin/publicos/SIHSUS/200801_/Dados/RDPR2212.dbc,ftp://ftp.datasus.gov.br/dissemin/publicos/SIHSUS/200801_/Dados/RDPR2212.dbc,curl,2026-08-31,RDPR2212.dbc,5796972,a48670f86408dc5439ef9d2caff40494e46ee0be05729742e47422908acce8fb,60902ed872c4899e05a4c7f8b2daf5a1dfe7457192e488063fa3b7ef47256dc1,data/raw/phase3/locked_recovery/RDPR2212.dbc,Hash-exact recovery of a cloud-evicted locked source; date precision only. Original locked bytes and manifest unchanged.,RDPR2212.dbc,01-05-24  06:09PM,FTP LIST; server timezone unspecified,2026-08-31T08:49:18.752896+00:00
DATASUS,locked_recovery,2022-12,RJ,2022-12,ftp://ftp.datasus.gov.br/dissemin/publicos/SIHSUS/200801_/Dados/RDRJ2212.dbc,ftp://ftp.datasus.gov.br/dissemin/publicos/SIHSUS/200801_/Dados/RDRJ2212.dbc,curl,2026-08-31,RDRJ2212.dbc,5130453,7ce4ec06cbf63a655aea24577a9c202d842fcec61c5e14fbbb5b70cf806686ad,60902ed872c4899e05a4c7f8b2daf5a1dfe7457192e488063fa3b7ef47256dc1,data/raw/phase3/locked_recovery/RDRJ2212.dbc,Hash-exact recovery of a cloud-evicted locked source; date precision only. Original locked bytes and manifest unchanged.,RDRJ2212.dbc,01-05-24  06:09PM,FTP LIST; server timezone unspecified,2026-08-31T08:49:18.752899+00:00
DATASUS,locked_recovery,2022-12,RO,2022-12,ftp://ftp.datasus.gov.br/dissemin/publicos/SIHSUS/200801_/Dados/RDRO2212.dbc,ftp://ftp.datasus.gov.br/dissemin/publicos/SIHSUS/200801_/Dados/RDRO2212.dbc,curl,2026-08-31,RDRO2212.dbc,728144,db2d7ef2b0e5efa367cca36f9d1eedc40bd16339feac65fd089f38228988be44,60902ed872c4899e05a4c7f8b2daf5a1dfe7457192e488063fa3b7ef47256dc1,data/raw/phase3/locked_recovery/RDRO2212.dbc,Hash-exact recovery of a cloud-evicted locked source; date precision only. Original locked bytes and manifest unchanged.,RDRO2212.dbc,01-05-24  06:09PM,FTP LIST; server timezone unspecified,2026-08-31T08:49:18.752903+00:00
DATASUS,locked_recovery,2022-12,RR,2022-12,ftp://ftp.datasus.gov.br/dissemin/publicos/SIHSUS/200801_/Dados/RDRR2212.dbc,ftp://ftp.datasus.gov.br/dissemin/publicos/SIHSUS/200801_/Dados/RDRR2212.dbc,curl,2026-08-31,RDRR2212.dbc,329543,4a665f136f34c2a8a4eccc317af4593a4999e624d24ccce2b359b42b6e8582e9,60902ed872c4899e05a4c7f8b2daf5a1dfe7457192e488063fa3b7ef47256dc1,data/raw/phase3/locked_recovery/RDRR2212.dbc,Hash-exact recovery of a cloud-evicted locked source; date precision only. Original locked bytes and manifest unchanged.,RDRR2212.dbc,01-05-24  06:09PM,FTP LIST; server timezone unspecified,2026-08-31T08:49:18.752906+00:00
DATASUS,locked_recovery,2022-12,SE,2022-12,ftp://ftp.datasus.gov.br/dissemin/publicos/SIHSUS/200801_/Dados/RDSE2212.dbc,ftp://ftp.datasus.gov.br/dissemin/publicos/SIHSUS/200801_/Dados/RDSE2212.dbc,curl,2026-08-31,RDSE2212.dbc,635227,a29e3dd272659f1ee1bfbcf5db9c13c6fb4920b836a519afc89a6b8aaf56e09b,60902ed872c4899e05a4c7f8b2daf5a1dfe7457192e488063fa3b7ef47256dc1,data/raw/phase3/locked_recovery/RDSE2212.dbc,Hash-exact recovery of a cloud-evicted locked source; date precision only. Original locked bytes and manifest unchanged.,RDSE2212.dbc,01-05-24  06:09PM,FTP LIST; server timezone unspecified,2026-08-31T08:49:18.752909+00:00
DATASUS,locked_recovery,2022-12,SC,2022-12,ftp://ftp.datasus.gov.br/dissemin/publicos/SIHSUS/200801_/Dados/RDSC2212.dbc,ftp://ftp.datasus.gov.br/dissemin/publicos/SIHSUS/200801_/Dados/RDSC2212.dbc,curl,2026-08-31,RDSC2212.dbc,3536382,729b8a1e1066531a409565c6de2ec13bba635d421ad0d3a34d804ad9c37ac76f,60902ed872c4899e05a4c7f8b2daf5a1dfe7457192e488063fa3b7ef47256dc1,data/raw/phase3/locked_recovery/RDSC2212.dbc,Hash-exact recovery of a cloud-evicted locked source; date precision only. Original locked bytes and manifest unchanged.,RDSC2212.dbc,01-05-24  06:09PM,FTP LIST; server timezone unspecified,2026-08-31T08:49:18.752913+00:00
DATASUS,locked_recovery,2022-12,RS,2022-12,ftp://ftp.datasus.gov.br/dissemin/publicos/SIHSUS/200801_/Dados/RDRS2212.dbc,ftp://ftp.datasus.gov.br/dissemin/publicos/SIHSUS/200801_/Dados/RDRS2212.dbc,curl,2026-08-31,RDRS2212.dbc,5182122,46df4df6bd22558adbe24b18b3bdea57e29680a3c36b6c02f6e360ac1ab8c7b3,60902ed872c4899e05a4c7f8b2daf5a1dfe7457192e488063fa3b7ef47256dc1,data/raw/phase3/locked_recovery/RDRS2212.dbc,Hash-exact recovery of a cloud-evicted locked source; date precision only. Original locked bytes and manifest unchanged.,RDRS2212.dbc,01-05-24  06:09PM,FTP LIST; server timezone unspecified,2026-08-31T08:49:18.752920+00:00
DATASUS,locked_recovery,2022-12,TO,2022-12,ftp://ftp.datasus.gov.br/dissemin/publicos/SIHSUS/200801_/Dados/RDTO2212.dbc,ftp://ftp.datasus.gov.br/dissemin/publicos/SIHSUS/200801_/Dados/RDTO2212.dbc,curl,2026-08-31,RDTO2212.dbc,585122,19c5c8ea6ac6b53a06703391e69fc17679d554abf361829cb8023b57b9d5a4a4,60902ed872c4899e05a4c7f8b2daf5a1dfe7457192e488063fa3b7ef47256dc1,data/raw/phase3/locked_recovery/RDTO2212.dbc,Hash-exact recovery of a cloud-evicted locked source; date precision only. Original locked bytes and manifest unchanged.,RDTO2212.dbc,01-05-24  06:09PM,FTP LIST; server timezone unspecified,2026-08-31T08:49:18.752924+00:00
DATASUS,locked_recovery,2023-12,AC,2023-12,ftp://ftp.datasus.gov.br/dissemin/publicos/SIHSUS/200801_/Dados/RDAC2312.dbc,ftp://ftp.datasus.gov.br/dissemin/publicos/SIHSUS/200801_/Dados/RDAC2312.dbc,curl,2026-08-31,RDAC2312.dbc,285949,134257a8f2cfa009af9ded70108aecbcd177cfccecc744195abd402ff77efd6e,60902ed872c4899e05a4c7f8b2daf5a1dfe7457192e488063fa3b7ef47256dc1,data/raw/phase3/locked_recovery/RDAC2312.dbc,Hash-exact recovery of a cloud-evicted locked source; date precision only. Original locked bytes and manifest unchanged.,RDAC2312.dbc,01-05-25  07:03PM,FTP LIST; server timezone unspecified,2026-08-31T08:49:18.752928+00:00
DATASUS,locked_recovery,2023-12,AL,2023-12,ftp://ftp.datasus.gov.br/dissemin/publicos/SIHSUS/200801_/Dados/RDAL2312.dbc,ftp://ftp.datasus.gov.br/dissemin/publicos/SIHSUS/200801_/Dados/RDAL2312.dbc,curl,2026-08-31,RDAL2312.dbc,1034875,0fe202232434db5d0696394ca601513af74a73a1a378717a3c93731d1fc10961,60902ed872c4899e05a4c7f8b2daf5a1dfe7457192e488063fa3b7ef47256dc1,data/raw/phase3/locked_recovery/RDAL2312.dbc,Hash-exact recovery of a cloud-evicted locked source; date precision only. Original locked bytes and manifest unchanged.,RDAL2312.dbc,01-05-25  07:03PM,FTP LIST; server timezone unspecified,2026-08-31T08:49:18.752932+00:00
DATASUS,locked_recovery,2023-12,AM,2023-12,ftp://ftp.datasus.gov.br/dissemin/publicos/SIHSUS/200801_/Dados/RDAM2312.dbc,ftp://ftp.datasus.gov.br/dissemin/publicos/SIHSUS/200801_/Dados/RDAM2312.dbc,curl,2026-08-31,RDAM2312.dbc,942147,4a1af36b957150426fdae5730ba21423ad975555d1f33eb355d9ccd86bfa044f,60902ed872c4899e05a4c7f8b2daf5a1dfe7457192e488063fa3b7ef47256dc1,data/raw/phase3/locked_recovery/RDAM2312.dbc,Hash-exact recovery of a cloud-evicted locked source; date precision only. Original locked bytes and manifest unchanged.,RDAM2312.dbc,01-05-25  07:03PM,FTP LIST; server timezone unspecified,2026-08-31T08:49:18.752935+00:00
DATASUS,locked_recovery,2023-12,AP,2023-12,ftp://ftp.datasus.gov.br/dissemin/publicos/SIHSUS/200801_/Dados/RDAP2312.dbc,ftp://ftp.datasus.gov.br/dissemin/publicos/SIHSUS/200801_/Dados/RDAP2312.dbc,curl,2026-08-31,RDAP2312.dbc,282096,b0c8ec665edf136f31ba3161650130047afa6d48151c483b88579194fe567f68,60902ed872c4899e05a4c7f8b2daf5a1dfe7457192e488063fa3b7ef47256dc1,data/raw/phase3/locked_recovery/RDAP2312.dbc,Hash-exact recovery of a cloud-evicted locked source; date precision only. Original locked bytes and manifest unchanged.,RDAP2312.dbc,01-05-25  07:03PM,FTP LIST; server timezone unspecified,2026-08-31T08:49:18.752938+00:00
DATASUS,locked_recovery,2023-12,DF,2023-12,ftp://ftp.datasus.gov.br/dissemin/publicos/SIHSUS/200801_/Dados/RDDF2312.dbc,ftp://ftp.datasus.gov.br/dissemin/publicos/SIHSUS/200801_/Dados/RDDF2312.dbc,curl,2026-08-31,RDDF2312.dbc,1478968,62cd2af871453303eb2202ebe8cfdbf4d7ac61b61404c882b9b5d91844572069,60902ed872c4899e05a4c7f8b2daf5a1dfe7457192e488063fa3b7ef47256dc1,data/raw/phase3/locked_recovery/RDDF2312.dbc,Hash-exact recovery of a cloud-evicted locked source; date precision only. Original locked bytes and manifest unchanged.,RDDF2312.dbc,01-05-25  07:03PM,FTP LIST; server timezone unspecified,2026-08-31T08:49:18.752942+00:00
DATASUS,locked_recovery,2023-12,CE,2023-12,ftp://ftp.datasus.gov.br/dissemin/publicos/SIHSUS/200801_/Dados/RDCE2312.dbc,ftp://ftp.datasus.gov.br/dissemin/publicos/SIHSUS/200801_/Dados/RDCE2312.dbc,curl,2026-08-31,RDCE2312.dbc,3259775,a30c535558d196c03dc12fa11eb1f1a9dddfc7b54e168f3aea4cf4b1d0828023,60902ed872c4899e05a4c7f8b2daf5a1dfe7457192e488063fa3b7ef47256dc1,data/raw/phase3/locked_recovery/RDCE2312.dbc,Hash-exact recovery of a cloud-evicted locked source; date precision only. Original locked bytes and manifest unchanged.,RDCE2312.dbc,01-05-25  07:03PM,FTP LIST; server timezone unspecified,2026-08-31T08:49:18.752946+00:00
DATASUS,locked_recovery,2023-12,BA,2023-12,ftp://ftp.datasus.gov.br/dissemin/publicos/SIHSUS/200801_/Dados/RDBA2312.dbc,ftp://ftp.datasus.gov.br/dissemin/publicos/SIHSUS/200801_/Dados/RDBA2312.dbc,curl,2026-08-31,RDBA2312.dbc,5191504,c103212b6239ac42dfaee49f608a3e51eaeb2078586e5b71321816c6aed23abf,60902ed872c4899e05a4c7f8b2daf5a1dfe7457192e488063fa3b7ef47256dc1,data/raw/phase3/locked_recovery/RDBA2312.dbc,Hash-exact recovery of a cloud-evicted locked source; date precision only. Original locked bytes and manifest unchanged.,RDBA2312.dbc,01-05-25  07:03PM,FTP LIST; server timezone unspecified,2026-08-31T08:49:18.752951+00:00
DATASUS,locked_recovery,2022-12,SP,2022-12,ftp://ftp.datasus.gov.br/dissemin/publicos/SIHSUS/200801_/Dados/RDSP2212.dbc,ftp://ftp.datasus.gov.br/dissemin/publicos/SIHSUS/200801_/Dados/RDSP2212.dbc,curl,2026-08-31,RDSP2212.dbc,16493381,dc05eda6f495d749f4e38e12f19d01488528f1276ce6d6e292b0215573fb01d2,60902ed872c4899e05a4c7f8b2daf5a1dfe7457192e488063fa3b7ef47256dc1,data/raw/phase3/locked_recovery/RDSP2212.dbc,Hash-exact recovery of a cloud-evicted locked source; date precision only. Original locked bytes and manifest unchanged.,RDSP2212.dbc,01-05-24  06:09PM,FTP LIST; server timezone unspecified,2026-08-31T08:49:18.752955+00:00
DATASUS,locked_recovery,2023-12,ES,2023-12,ftp://ftp.datasus.gov.br/dissemin/publicos/SIHSUS/200801_/Dados/RDES2312.dbc,ftp://ftp.datasus.gov.br/dissemin/publicos/SIHSUS/200801_/Dados/RDES2312.dbc,curl,2026-08-31,RDES2312.dbc,1843647,ba4ea2c6b1849c8eb9d4b24190893747a7f1640b5ad78eb97bc0299b28d248ef,60902ed872c4899e05a4c7f8b2daf5a1dfe7457192e488063fa3b7ef47256dc1,data/raw/phase3/locked_recovery/RDES2312.dbc,Hash-exact recovery of a cloud-evicted locked source; date precision only. Original locked bytes and manifest unchanged.,RDES2312.dbc,01-05-25  07:03PM,FTP LIST; server timezone unspecified,2026-08-31T08:49:18.752958+00:00
DATASUS,locked_recovery,2023-12,GO,2023-12,ftp://ftp.datasus.gov.br/dissemin/publicos/SIHSUS/200801_/Dados/RDGO2312.dbc,ftp://ftp.datasus.gov.br/dissemin/publicos/SIHSUS/200801_/Dados/RDGO2312.dbc,curl,2026-08-31,RDGO2312.dbc,2615211,61fbb71a6054620b648690d52070acdc9e9805b842c057b41905ccc1501b008b,60902ed872c4899e05a4c7f8b2daf5a1dfe7457192e488063fa3b7ef47256dc1,data/raw/phase3/locked_recovery/RDGO2312.dbc,Hash-exact recovery of a cloud-evicted locked source; date precision only. Original locked bytes and manifest unchanged.,RDGO2312.dbc,01-05-25  07:02PM,FTP LIST; server timezone unspecified,2026-08-31T08:49:18.752961+00:00
DATASUS,locked_recovery,2023-12,MA,2023-12,ftp://ftp.datasus.gov.br/dissemin/publicos/SIHSUS/200801_/Dados/RDMA2312.dbc,ftp://ftp.datasus.gov.br/dissemin/publicos/SIHSUS/200801_/Dados/RDMA2312.dbc,curl,2026-08-31,RDMA2312.dbc,2663231,442d0f23c597712b529f746c5d3282ab402c9f87756131ad94ab1c1a7b63bfcb,60902ed872c4899e05a4c7f8b2daf5a1dfe7457192e488063fa3b7ef47256dc1,data/raw/phase3/locked_recovery/RDMA2312.dbc,Hash-exact recovery of a cloud-evicted locked source; date precision only. Original locked bytes and manifest unchanged.,RDMA2312.dbc,01-05-25  07:02PM,FTP LIST; server timezone unspecified,2026-08-31T08:49:18.752965+00:00
DATASUS,locked_recovery,2023-12,MT,2023-12,ftp://ftp.datasus.gov.br/dissemin/publicos/SIHSUS/200801_/Dados/RDMT2312.dbc,ftp://ftp.datasus.gov.br/dissemin/publicos/SIHSUS/200801_/Dados/RDMT2312.dbc,curl,2026-08-31,RDMT2312.dbc,1311025,009f38d61bb2c0ba929a85cc15e984cd8730571ae15a6bf5117b172095a9cb30,60902ed872c4899e05a4c7f8b2daf5a1dfe7457192e488063fa3b7ef47256dc1,data/raw/phase3/locked_recovery/RDMT2312.dbc,Hash-exact recovery of a cloud-evicted locked source; date precision only. Original locked bytes and manifest unchanged.,RDMT2312.dbc,01-05-25  07:01PM,FTP LIST; server timezone unspecified,2026-08-31T08:49:18.752971+00:00
DATASUS,locked_recovery,2023-12,MS,2023-12,ftp://ftp.datasus.gov.br/dissemin/publicos/SIHSUS/200801_/Dados/RDMS2312.dbc,ftp://ftp.datasus.gov.br/dissemin/publicos/SIHSUS/200801_/Dados/RDMS2312.dbc,curl,2026-08-31,RDMS2312.dbc,1329116,a3d96b0c6e78b18cd9464a862d895ffb5ca1eb658f3aa25511be02b7f6a30f8c,60902ed872c4899e05a4c7f8b2daf5a1dfe7457192e488063fa3b7ef47256dc1,data/raw/phase3/locked_recovery/RDMS2312.dbc,Hash-exact recovery of a cloud-evicted locked source; date precision only. Original locked bytes and manifest unchanged.,RDMS2312.dbc,01-05-25  07:01PM,FTP LIST; server timezone unspecified,2026-08-31T08:49:18.752974+00:00
DATASUS,locked_recovery,2023-12,PA,2023-12,ftp://ftp.datasus.gov.br/dissemin/publicos/SIHSUS/200801_/Dados/RDPA2312.dbc,ftp://ftp.datasus.gov.br/dissemin/publicos/SIHSUS/200801_/Dados/RDPA2312.dbc,curl,2026-08-31,RDPA2312.dbc,3006701,0433a1c6d4ea4bc45b115d4d2d25ddffe946481f883305504935ac504bd57018,60902ed872c4899e05a4c7f8b2daf5a1dfe7457192e488063fa3b7ef47256dc1,data/raw/phase3/locked_recovery/RDPA2312.dbc,Hash-exact recovery of a cloud-evicted locked source; date precision only. Original locked bytes and manifest unchanged.,RDPA2312.dbc,01-05-25  07:01PM,FTP LIST; server timezone unspecified,2026-08-31T08:49:18.752978+00:00
DATASUS,locked_recovery,2023-12,PB,2023-12,ftp://ftp.datasus.gov.br/dissemin/publicos/SIHSUS/200801_/Dados/RDPB2312.dbc,ftp://ftp.datasus.gov.br/dissemin/publicos/SIHSUS/200801_/Dados/RDPB2312.dbc,curl,2026-08-31,RDPB2312.dbc,1395303,79d09e28b2ef148cd3d7a944e820e110f2d916817cf1431d0b8738da333e1f46,60902ed872c4899e05a4c7f8b2daf5a1dfe7457192e488063fa3b7ef47256dc1,data/raw/phase3/locked_recovery/RDPB2312.dbc,Hash-exact recovery of a cloud-evicted locked source; date precision only. Original locked bytes and manifest unchanged.,RDPB2312.dbc,01-05-25  07:01PM,FTP LIST; server timezone unspecified,2026-08-31T08:49:18.752981+00:00
DATASUS,locked_recovery,2023-12,MG,2023-12,ftp://ftp.datasus.gov.br/dissemin/publicos/SIHSUS/200801_/Dados/RDMG2312.dbc,ftp://ftp.datasus.gov.br/dissemin/publicos/SIHSUS/200801_/Dados/RDMG2312.dbc,curl,2026-08-31,RDMG2312.dbc,9290603,998f67f357b18c79d2df4092126b078ca50deb2832b4c6c75718afc33c1c7712,60902ed872c4899e05a4c7f8b2daf5a1dfe7457192e488063fa3b7ef47256dc1,data/raw/phase3/locked_recovery/RDMG2312.dbc,Hash-exact recovery of a cloud-evicted locked source; date precision only. Original locked bytes and manifest unchanged.,RDMG2312.dbc,01-05-25  07:02PM,FTP LIST; server timezone unspecified,2026-08-31T08:49:18.752984+00:00
DATASUS,locked_recovery,2023-12,PE,2023-12,ftp://ftp.datasus.gov.br/dissemin/publicos/SIHSUS/200801_/Dados/RDPE2312.dbc,ftp://ftp.datasus.gov.br/dissemin/publicos/SIHSUS/200801_/Dados/RDPE2312.dbc,curl,2026-08-31,RDPE2312.dbc,3801975,c4bebc43118a3958f1c12094bd3147c597ad1b716e7e4c1a92dc7f478dbd9c38,60902ed872c4899e05a4c7f8b2daf5a1dfe7457192e488063fa3b7ef47256dc1,data/raw/phase3/locked_recovery/RDPE2312.dbc,Hash-exact recovery of a cloud-evicted locked source; date precision only. Original locked bytes and manifest unchanged.,RDPE2312.dbc,01-05-25  07:01PM,FTP LIST; server timezone unspecified,2026-08-31T08:49:18.752988+00:00
DATASUS,locked_recovery,2023-12,PI,2023-12,ftp://ftp.datasus.gov.br/dissemin/publicos/SIHSUS/200801_/Dados/RDPI2312.dbc,ftp://ftp.datasus.gov.br/dissemin/publicos/SIHSUS/200801_/Dados/RDPI2312.dbc,curl,2026-08-31,RDPI2312.dbc,1317836,dd58bdf6e81c3f5c379c0170bc2399b91e59807ec4d8a1f7a0cfd999141fe2a9,60902ed872c4899e05a4c7f8b2daf5a1dfe7457192e488063fa3b7ef47256dc1,data/raw/phase3/locked_recovery/RDPI2312.dbc,Hash-exact recovery of a cloud-evicted locked source; date precision only. Original locked bytes and manifest unchanged.,RDPI2312.dbc,01-05-25  07:01PM,FTP LIST; server timezone unspecified,2026-08-31T08:49:18.752991+00:00
DATASUS,locked_recovery,2023-12,RO,2023-12,ftp://ftp.datasus.gov.br/dissemin/publicos/SIHSUS/200801_/Dados/RDRO2312.dbc,ftp://ftp.datasus.gov.br/dissemin/publicos/SIHSUS/200801_/Dados/RDRO2312.dbc,curl,2026-08-31,RDRO2312.dbc,657604,c76b1899b686cee00f67b64e8c3f4f4781abeead5a55dd543390ed45280c35f9,60902ed872c4899e05a4c7f8b2daf5a1dfe7457192e488063fa3b7ef47256dc1,data/raw/phase3/locked_recovery/RDRO2312.dbc,Hash-exact recovery of a cloud-evicted locked source; date precision only. Original locked bytes and manifest unchanged.,RDRO2312.dbc,01-05-25  07:00PM,FTP LIST; server timezone unspecified,2026-08-31T08:49:18.752996+00:00
DATASUS,locked_recovery,2023-12,RN,2023-12,ftp://ftp.datasus.gov.br/dissemin/publicos/SIHSUS/200801_/Dados/RDRN2312.dbc,ftp://ftp.datasus.gov.br/dissemin/publicos/SIHSUS/200801_/Dados/RDRN2312.dbc,curl,2026-08-31,RDRN2312.dbc,1277338,a649fc5f741ea2b86deccb0cfba0f89eb4a26cef6ae169305ecd35506e8f1d98,60902ed872c4899e05a4c7f8b2daf5a1dfe7457192e488063fa3b7ef47256dc1,data/raw/phase3/locked_recovery/RDRN2312.dbc,Hash-exact recovery of a cloud-evicted locked source; date precision only. Original locked bytes and manifest unchanged.,RDRN2312.dbc,01-05-25  07:00PM,FTP LIST; server timezone unspecified,2026-08-31T08:49:18.752999+00:00
DATASUS,locked_recovery,2023-12,PR,2023-12,ftp://ftp.datasus.gov.br/dissemin/publicos/SIHSUS/200801_/Dados/RDPR2312.dbc,ftp://ftp.datasus.gov.br/dissemin/publicos/SIHSUS/200801_/Dados/RDPR2312.dbc,curl,2026-08-31,RDPR2312.dbc,5975075,4c6f22f90688b6139f01e203bf74d345904508f391a95c97e7a2221759a47a3f,60902ed872c4899e05a4c7f8b2daf5a1dfe7457192e488063fa3b7ef47256dc1,data/raw/phase3/locked_recovery/RDPR2312.dbc,Hash-exact recovery of a cloud-evicted locked source; date precision only. Original locked bytes and manifest unchanged.,RDPR2312.dbc,01-05-25  07:00PM,FTP LIST; server timezone unspecified,2026-08-31T08:49:18.753003+00:00
DATASUS,locked_recovery,2023-12,RJ,2023-12,ftp://ftp.datasus.gov.br/dissemin/publicos/SIHSUS/200801_/Dados/RDRJ2312.dbc,ftp://ftp.datasus.gov.br/dissemin/publicos/SIHSUS/200801_/Dados/RDRJ2312.dbc,curl,2026-08-31,RDRJ2312.dbc,5784433,587efe1064a4cdb1fb513f9a902bca3b4be006a3e2c7c42a7c775a8913baf00d,60902ed872c4899e05a4c7f8b2daf5a1dfe7457192e488063fa3b7ef47256dc1,data/raw/phase3/locked_recovery/RDRJ2312.dbc,Hash-exact recovery of a cloud-evicted locked source; date precision only. Original locked bytes and manifest unchanged.,RDRJ2312.dbc,01-05-25  07:00PM,FTP LIST; server timezone unspecified,2026-08-31T08:49:18.753006+00:00
DATASUS,locked_recovery,2023-12,RR,2023-12,ftp://ftp.datasus.gov.br/dissemin/publicos/SIHSUS/200801_/Dados/RDRR2312.dbc,ftp://ftp.datasus.gov.br/dissemin/publicos/SIHSUS/200801_/Dados/RDRR2312.dbc,curl,2026-08-31,RDRR2312.dbc,259816,89aa6c94bf266f3952c4dee9a16f0181602c533f8d6426a7f95f6a0fd0a16e1b,60902ed872c4899e05a4c7f8b2daf5a1dfe7457192e488063fa3b7ef47256dc1,data/raw/phase3/locked_recovery/RDRR2312.dbc,Hash-exact recovery of a cloud-evicted locked source; date precision only. Original locked bytes and manifest unchanged.,RDRR2312.dbc,01-05-25  07:00PM,FTP LIST; server timezone unspecified,2026-08-31T08:49:18.753010+00:00
DATASUS,locked_recovery,2023-12,SE,2023-12,ftp://ftp.datasus.gov.br/dissemin/publicos/SIHSUS/200801_/Dados/RDSE2312.dbc,ftp://ftp.datasus.gov.br/dissemin/publicos/SIHSUS/200801_/Dados/RDSE2312.dbc,curl,2026-08-31,RDSE2312.dbc,722444,ba537979a867120924082af34b90713adec2194c0ca2b458a9617184faec0d1c,60902ed872c4899e05a4c7f8b2daf5a1dfe7457192e488063fa3b7ef47256dc1,data/raw/phase3/locked_recovery/RDSE2312.dbc,Hash-exact recovery of a cloud-evicted locked source; date precision only. Original locked bytes and manifest unchanged.,RDSE2312.dbc,01-05-25  06:59PM,FTP LIST; server timezone unspecified,2026-08-31T08:49:18.753013+00:00
DATASUS,locked_recovery,2023-12,SC,2023-12,ftp://ftp.datasus.gov.br/dissemin/publicos/SIHSUS/200801_/Dados/RDSC2312.dbc,ftp://ftp.datasus.gov.br/dissemin/publicos/SIHSUS/200801_/Dados/RDSC2312.dbc,curl,2026-08-31,RDSC2312.dbc,3564807,1758d348c6728e24374227a7419d6ced6738fd9c43eb045812ec90a951ebc6e8,60902ed872c4899e05a4c7f8b2daf5a1dfe7457192e488063fa3b7ef47256dc1,data/raw/phase3/locked_recovery/RDSC2312.dbc,Hash-exact recovery of a cloud-evicted locked source; date precision only. Original locked bytes and manifest unchanged.,RDSC2312.dbc,01-05-25  06:59PM,FTP LIST; server timezone unspecified,2026-08-31T08:49:18.753017+00:00
DATASUS,locked_recovery,2023-12,RS,2023-12,ftp://ftp.datasus.gov.br/dissemin/publicos/SIHSUS/200801_/Dados/RDRS2312.dbc,ftp://ftp.datasus.gov.br/dissemin/publicos/SIHSUS/200801_/Dados/RDRS2312.dbc,curl,2026-08-31,RDRS2312.dbc,5118483,61b98b1fc9570c82da28f23716664b0edd5d29b8b0d21175bd9fe3699b1a0b0d,60902ed872c4899e05a4c7f8b2daf5a1dfe7457192e488063fa3b7ef47256dc1,data/raw/phase3/locked_recovery/RDRS2312.dbc,Hash-exact recovery of a cloud-evicted locked source; date precision only. Original locked bytes and manifest unchanged.,RDRS2312.dbc,01-05-25  06:59PM,FTP LIST; server timezone unspecified,2026-08-31T08:49:18.753020+00:00
DATASUS,locked_recovery,2023-12,TO,2023-12,ftp://ftp.datasus.gov.br/dissemin/publicos/SIHSUS/200801_/Dados/RDTO2312.dbc,ftp://ftp.datasus.gov.br/dissemin/publicos/SIHSUS/200801_/Dados/RDTO2312.dbc,curl,2026-08-31,RDTO2312.dbc,649550,ef16727bc793f428e94510c08aac7dc7cd93fa3ca4fbc9871ac87dd2eae8b0ae,60902ed872c4899e05a4c7f8b2daf5a1dfe7457192e488063fa3b7ef47256dc1,data/raw/phase3/locked_recovery/RDTO2312.dbc,Hash-exact recovery of a cloud-evicted locked source; date precision only. Original locked bytes and manifest unchanged.,RDTO2312.dbc,01-05-25  06:58PM,FTP LIST; server timezone unspecified,2026-08-31T08:49:18.753023+00:00
DATASUS,locked_recovery,2023-12,SP,2023-12,ftp://ftp.datasus.gov.br/dissemin/publicos/SIHSUS/200801_/Dados/RDSP2312.dbc,ftp://ftp.datasus.gov.br/dissemin/publicos/SIHSUS/200801_/Dados/RDSP2312.dbc,curl,2026-08-31,RDSP2312.dbc,16963311,ad9a723ac673f5d9b1e6362c407dcbc3faf83645798e1315106ff6da01801488,60902ed872c4899e05a4c7f8b2daf5a1dfe7457192e488063fa3b7ef47256dc1,data/raw/phase3/locked_recovery/RDSP2312.dbc,Hash-exact recovery of a cloud-evicted locked source; date precision only. Original locked bytes and manifest unchanged.,RDSP2312.dbc,01-05-25  06:59PM,FTP LIST; server timezone unspecified,2026-08-31T08:49:18.753027+00:00
SIOPS/FNS,SIOPS_extracted,2022,,2022-B6,https://portalfns.saude.gov.br/idg_download/siops-despesas-por-fonte-subfuncao-natureza-municipais-2022-6o-bimestre/,https://portalfns.saude.gov.br/wp-content/uploads/2026/07/SIOPS-%E2%80%93-Despesas-por-Fonte-Subfuncao-Natureza-Municipais-2022-6o-Bimestre_202607211513.zip,curl,2026-08-31T08:14:35.780001+00:00,"SIOPS – Despesas por Fonte, Subfunção, Natureza, Municipais, 2022, 6º Bimestre_202607211513.csv",1739169065,40204adb2741af5283f57ad95f0c6df4a49c1bf293d93b49b0cce303090c2b95,72cd2cc0b98342cb53ac1c250b2fea29984632d15ac454a064afe0b750b985a1,data/raw/phase3/SIOPS/SIOPS_municipal_2022_B6.csv,Extracted CSV; parent ZIP SHA256=a04d709dea5144c6afcd591fc552c0795a7268f9579c51f3717d1604ea547b1b; UTF-8 BOM; semicolon; dot decimal.,SIOPS-–-Despesas-por-Fonte-Subfuncao-Natureza-Municipais-2022-6o-Bimestre_202607211513.zip,"Tue, 21 Jul 2026 19:03:36 GMT",HTTP HEAD Last-Modified,2026-08-31T08:49:18.753030+00:00
SIOPS/FNS,SIOPS_extracted,2023,,2023-B6,https://portalfns.saude.gov.br/idg_download/siops-despesas-por-fonte-subfuncao-natureza-municipais-2023-6o-bimestre/,https://portalfns.saude.gov.br/wp-content/uploads/2026/07/SIOPS-%E2%80%93-Despesas-por-Fonte-Subfuncao-Natureza-Municipais-2023-6o-Bimestre_202607211519.zip,curl,2026-08-31T08:14:39.109138+00:00,"SIOPS – Despesas por Fonte, Subfunção, Natureza, Municipais, 2023, 6º Bimestre_202607211519.csv",1822004490,0977b27a3b386ef65ebca95f5b6344a8fa75b8948ca358616bef2c16b2135715,72cd2cc0b98342cb53ac1c250b2fea29984632d15ac454a064afe0b750b985a1,data/raw/phase3/SIOPS/SIOPS_municipal_2023_B6.csv,Extracted CSV; parent ZIP SHA256=1e58744acd144eb785fc7d8eafc85a25550118929e3c67c1bac9de1d613cbf6b; UTF-8 BOM; semicolon; dot decimal.,SIOPS-–-Despesas-por-Fonte-Subfuncao-Natureza-Municipais-2023-6o-Bimestre_202607211519.zip,"Tue, 21 Jul 2026 19:03:12 GMT",HTTP HEAD Last-Modified,2026-08-31T08:49:18.753033+00:00
SIOPS/FNS,SIOPS_extracted,2024,,2024-B6,https://portalfns.saude.gov.br/idg_download/siops-despesas-por-fonte-subfuncao-natureza-municipais-2024-6o-bimestre/,https://portalfns.saude.gov.br/wp-content/uploads/2026/07/SIOPS-%E2%80%93-Despesas-por-Fonte-Subfuncao-Natureza-Municipais-2024-6o-Bimestre_202607211525.zip,curl,2026-08-31T08:14:39.988859+00:00,"SIOPS – Despesas por Fonte, Subfunção, Natureza, Municipais, 2024, 6º Bimestre_202607211525.csv",1832736235,14a19117ad9c894b05d60fe72e8d39926d417430658dc93b16c1c06ea4cc5d76,72cd2cc0b98342cb53ac1c250b2fea29984632d15ac454a064afe0b750b985a1,data/raw/phase3/SIOPS/SIOPS_municipal_2024_B6.csv,Extracted CSV; parent ZIP SHA256=9fa47b6b6d30f9a6e6288d707774aa4db77ab4a02cd6e25d4f5f62c61e9de739; UTF-8 BOM; semicolon; dot decimal.,SIOPS-–-Despesas-por-Fonte-Subfuncao-Natureza-Municipais-2024-6o-Bimestre_202607211525.zip,"Tue, 21 Jul 2026 19:02:47 GMT",HTTP HEAD Last-Modified,2026-08-31T08:49:18.753035+00:00
